

================================================================
== Vitis HLS Report for 'dense_latency_ap_fixed_16_6_5_3_0_ap_fixed_16_6_5_3_0_config2_s'
================================================================
* Date:           Mon Nov 10 16:36:47 2025

* Version:        2024.1 (Build 5069499 on May 21 2024)
* Project:        myproject_prj
* Solution:       solution1 (Vivado IP Flow Target)
* Product family: virtexuplus
* Target device:  xcu250-figd2104-2L-e


================================================================
== Performance Estimates
================================================================
+ Timing: 
    * Summary: 
    +--------+---------+----------+------------+
    |  Clock |  Target | Estimated| Uncertainty|
    +--------+---------+----------+------------+
    |ap_clk  |  5.00 ns|  3.636 ns|     1.35 ns|
    +--------+---------+----------+------------+

+ Latency: 
    * Summary: 
    +---------+---------+----------+----------+-----+-----+---------+
    |  Latency (cycles) |  Latency (absolute) |  Interval | Pipeline|
    |   min   |   max   |    min   |    max   | min | max |   Type  |
    +---------+---------+----------+----------+-----+-----+---------+
    |        1|        1|  5.000 ns|  5.000 ns|    1|    1|      yes|
    +---------+---------+----------+----------+-----+-----+---------+

    + Detail: 
        * Instance: 
        N/A

        * Loop: 
        N/A



================================================================
== Utilization Estimates
================================================================
* Summary: 
+---------------------+---------+-------+---------+---------+------+
|         Name        | BRAM_18K|  DSP  |    FF   |   LUT   | URAM |
+---------------------+---------+-------+---------+---------+------+
|DSP                  |        -|      -|        -|        -|     -|
|Expression           |        -|      -|        0|    24055|     -|
|FIFO                 |        -|      -|        -|        -|     -|
|Instance             |        -|    648|        0|     3240|     -|
|Memory               |        -|      -|        -|        -|     -|
|Multiplexer          |        -|      -|        -|        -|     -|
|Register             |        -|      -|     4245|        -|     -|
+---------------------+---------+-------+---------+---------+------+
|Total                |        0|    648|     4245|    27295|     0|
+---------------------+---------+-------+---------+---------+------+
|Available SLR        |     1344|   3072|   864000|   432000|   320|
+---------------------+---------+-------+---------+---------+------+
|Utilization SLR (%)  |        0|     21|       ~0|        6|     0|
+---------------------+---------+-------+---------+---------+------+
|Available            |     5376|  12288|  3456000|  1728000|  1280|
+---------------------+---------+-------+---------+---------+------+
|Utilization (%)      |        0|      5|       ~0|        1|     0|
+---------------------+---------+-------+---------+---------+------+

+ Detail: 
    * Instance: 
    +--------------------------+---------------------+---------+----+---+----+-----+
    |         Instance         |        Module       | BRAM_18K| DSP| FF| LUT| URAM|
    +--------------------------+---------------------+---------+----+---+----+-----+
    |mul_16s_10ns_26_1_1_U12   |mul_16s_10ns_26_1_1  |        0|   1|  0|   5|    0|
    |mul_16s_10ns_26_1_1_U13   |mul_16s_10ns_26_1_1  |        0|   1|  0|   5|    0|
    |mul_16s_10ns_26_1_1_U18   |mul_16s_10ns_26_1_1  |        0|   1|  0|   5|    0|
    |mul_16s_10ns_26_1_1_U27   |mul_16s_10ns_26_1_1  |        0|   1|  0|   5|    0|
    |mul_16s_10ns_26_1_1_U28   |mul_16s_10ns_26_1_1  |        0|   1|  0|   5|    0|
    |mul_16s_10ns_26_1_1_U40   |mul_16s_10ns_26_1_1  |        0|   1|  0|   5|    0|
    |mul_16s_10ns_26_1_1_U59   |mul_16s_10ns_26_1_1  |        0|   1|  0|   5|    0|
    |mul_16s_10ns_26_1_1_U60   |mul_16s_10ns_26_1_1  |        0|   1|  0|   5|    0|
    |mul_16s_10ns_26_1_1_U62   |mul_16s_10ns_26_1_1  |        0|   1|  0|   5|    0|
    |mul_16s_10ns_26_1_1_U70   |mul_16s_10ns_26_1_1  |        0|   1|  0|   5|    0|
    |mul_16s_10ns_26_1_1_U79   |mul_16s_10ns_26_1_1  |        0|   1|  0|   5|    0|
    |mul_16s_10ns_26_1_1_U85   |mul_16s_10ns_26_1_1  |        0|   1|  0|   5|    0|
    |mul_16s_10ns_26_1_1_U99   |mul_16s_10ns_26_1_1  |        0|   1|  0|   5|    0|
    |mul_16s_10ns_26_1_1_U105  |mul_16s_10ns_26_1_1  |        0|   1|  0|   5|    0|
    |mul_16s_10ns_26_1_1_U115  |mul_16s_10ns_26_1_1  |        0|   1|  0|   5|    0|
    |mul_16s_10ns_26_1_1_U118  |mul_16s_10ns_26_1_1  |        0|   1|  0|   5|    0|
    |mul_16s_10ns_26_1_1_U133  |mul_16s_10ns_26_1_1  |        0|   1|  0|   5|    0|
    |mul_16s_10ns_26_1_1_U141  |mul_16s_10ns_26_1_1  |        0|   1|  0|   5|    0|
    |mul_16s_10ns_26_1_1_U143  |mul_16s_10ns_26_1_1  |        0|   1|  0|   5|    0|
    |mul_16s_10ns_26_1_1_U151  |mul_16s_10ns_26_1_1  |        0|   1|  0|   5|    0|
    |mul_16s_10ns_26_1_1_U158  |mul_16s_10ns_26_1_1  |        0|   1|  0|   5|    0|
    |mul_16s_10ns_26_1_1_U159  |mul_16s_10ns_26_1_1  |        0|   1|  0|   5|    0|
    |mul_16s_10ns_26_1_1_U166  |mul_16s_10ns_26_1_1  |        0|   1|  0|   5|    0|
    |mul_16s_10ns_26_1_1_U171  |mul_16s_10ns_26_1_1  |        0|   1|  0|   5|    0|
    |mul_16s_10ns_26_1_1_U184  |mul_16s_10ns_26_1_1  |        0|   1|  0|   5|    0|
    |mul_16s_10ns_26_1_1_U193  |mul_16s_10ns_26_1_1  |        0|   1|  0|   5|    0|
    |mul_16s_10ns_26_1_1_U196  |mul_16s_10ns_26_1_1  |        0|   1|  0|   5|    0|
    |mul_16s_10ns_26_1_1_U199  |mul_16s_10ns_26_1_1  |        0|   1|  0|   5|    0|
    |mul_16s_10ns_26_1_1_U200  |mul_16s_10ns_26_1_1  |        0|   1|  0|   5|    0|
    |mul_16s_10ns_26_1_1_U209  |mul_16s_10ns_26_1_1  |        0|   1|  0|   5|    0|
    |mul_16s_10ns_26_1_1_U215  |mul_16s_10ns_26_1_1  |        0|   1|  0|   5|    0|
    |mul_16s_10ns_26_1_1_U248  |mul_16s_10ns_26_1_1  |        0|   1|  0|   5|    0|
    |mul_16s_10ns_26_1_1_U272  |mul_16s_10ns_26_1_1  |        0|   1|  0|   5|    0|
    |mul_16s_10ns_26_1_1_U277  |mul_16s_10ns_26_1_1  |        0|   1|  0|   5|    0|
    |mul_16s_10ns_26_1_1_U287  |mul_16s_10ns_26_1_1  |        0|   1|  0|   5|    0|
    |mul_16s_10ns_26_1_1_U290  |mul_16s_10ns_26_1_1  |        0|   1|  0|   5|    0|
    |mul_16s_10ns_26_1_1_U295  |mul_16s_10ns_26_1_1  |        0|   1|  0|   5|    0|
    |mul_16s_10ns_26_1_1_U297  |mul_16s_10ns_26_1_1  |        0|   1|  0|   5|    0|
    |mul_16s_10ns_26_1_1_U311  |mul_16s_10ns_26_1_1  |        0|   1|  0|   5|    0|
    |mul_16s_10ns_26_1_1_U314  |mul_16s_10ns_26_1_1  |        0|   1|  0|   5|    0|
    |mul_16s_10ns_26_1_1_U322  |mul_16s_10ns_26_1_1  |        0|   1|  0|   5|    0|
    |mul_16s_10ns_26_1_1_U329  |mul_16s_10ns_26_1_1  |        0|   1|  0|   5|    0|
    |mul_16s_10ns_26_1_1_U342  |mul_16s_10ns_26_1_1  |        0|   1|  0|   5|    0|
    |mul_16s_10ns_26_1_1_U348  |mul_16s_10ns_26_1_1  |        0|   1|  0|   5|    0|
    |mul_16s_10ns_26_1_1_U357  |mul_16s_10ns_26_1_1  |        0|   1|  0|   5|    0|
    |mul_16s_10ns_26_1_1_U372  |mul_16s_10ns_26_1_1  |        0|   1|  0|   5|    0|
    |mul_16s_10ns_26_1_1_U381  |mul_16s_10ns_26_1_1  |        0|   1|  0|   5|    0|
    |mul_16s_10ns_26_1_1_U386  |mul_16s_10ns_26_1_1  |        0|   1|  0|   5|    0|
    |mul_16s_10ns_26_1_1_U387  |mul_16s_10ns_26_1_1  |        0|   1|  0|   5|    0|
    |mul_16s_10ns_26_1_1_U392  |mul_16s_10ns_26_1_1  |        0|   1|  0|   5|    0|
    |mul_16s_10ns_26_1_1_U398  |mul_16s_10ns_26_1_1  |        0|   1|  0|   5|    0|
    |mul_16s_10ns_26_1_1_U400  |mul_16s_10ns_26_1_1  |        0|   1|  0|   5|    0|
    |mul_16s_10ns_26_1_1_U404  |mul_16s_10ns_26_1_1  |        0|   1|  0|   5|    0|
    |mul_16s_10ns_26_1_1_U409  |mul_16s_10ns_26_1_1  |        0|   1|  0|   5|    0|
    |mul_16s_10ns_26_1_1_U413  |mul_16s_10ns_26_1_1  |        0|   1|  0|   5|    0|
    |mul_16s_10ns_26_1_1_U416  |mul_16s_10ns_26_1_1  |        0|   1|  0|   5|    0|
    |mul_16s_10ns_26_1_1_U423  |mul_16s_10ns_26_1_1  |        0|   1|  0|   5|    0|
    |mul_16s_10ns_26_1_1_U431  |mul_16s_10ns_26_1_1  |        0|   1|  0|   5|    0|
    |mul_16s_10ns_26_1_1_U447  |mul_16s_10ns_26_1_1  |        0|   1|  0|   5|    0|
    |mul_16s_10ns_26_1_1_U457  |mul_16s_10ns_26_1_1  |        0|   1|  0|   5|    0|
    |mul_16s_10ns_26_1_1_U470  |mul_16s_10ns_26_1_1  |        0|   1|  0|   5|    0|
    |mul_16s_10ns_26_1_1_U484  |mul_16s_10ns_26_1_1  |        0|   1|  0|   5|    0|
    |mul_16s_10ns_26_1_1_U491  |mul_16s_10ns_26_1_1  |        0|   1|  0|   5|    0|
    |mul_16s_10ns_26_1_1_U492  |mul_16s_10ns_26_1_1  |        0|   1|  0|   5|    0|
    |mul_16s_10ns_26_1_1_U500  |mul_16s_10ns_26_1_1  |        0|   1|  0|   5|    0|
    |mul_16s_10ns_26_1_1_U511  |mul_16s_10ns_26_1_1  |        0|   1|  0|   5|    0|
    |mul_16s_10ns_26_1_1_U547  |mul_16s_10ns_26_1_1  |        0|   1|  0|   5|    0|
    |mul_16s_10ns_26_1_1_U557  |mul_16s_10ns_26_1_1  |        0|   1|  0|   5|    0|
    |mul_16s_10ns_26_1_1_U567  |mul_16s_10ns_26_1_1  |        0|   1|  0|   5|    0|
    |mul_16s_10ns_26_1_1_U568  |mul_16s_10ns_26_1_1  |        0|   1|  0|   5|    0|
    |mul_16s_10ns_26_1_1_U596  |mul_16s_10ns_26_1_1  |        0|   1|  0|   5|    0|
    |mul_16s_10ns_26_1_1_U601  |mul_16s_10ns_26_1_1  |        0|   1|  0|   5|    0|
    |mul_16s_10ns_26_1_1_U608  |mul_16s_10ns_26_1_1  |        0|   1|  0|   5|    0|
    |mul_16s_10ns_26_1_1_U622  |mul_16s_10ns_26_1_1  |        0|   1|  0|   5|    0|
    |mul_16s_10ns_26_1_1_U624  |mul_16s_10ns_26_1_1  |        0|   1|  0|   5|    0|
    |mul_16s_10s_26_1_1_U6     |mul_16s_10s_26_1_1   |        0|   1|  0|   5|    0|
    |mul_16s_10s_26_1_1_U7     |mul_16s_10s_26_1_1   |        0|   1|  0|   5|    0|
    |mul_16s_10s_26_1_1_U9     |mul_16s_10s_26_1_1   |        0|   1|  0|   5|    0|
    |mul_16s_10s_26_1_1_U14    |mul_16s_10s_26_1_1   |        0|   1|  0|   5|    0|
    |mul_16s_10s_26_1_1_U25    |mul_16s_10s_26_1_1   |        0|   1|  0|   5|    0|
    |mul_16s_10s_26_1_1_U36    |mul_16s_10s_26_1_1   |        0|   1|  0|   5|    0|
    |mul_16s_10s_26_1_1_U41    |mul_16s_10s_26_1_1   |        0|   1|  0|   5|    0|
    |mul_16s_10s_26_1_1_U44    |mul_16s_10s_26_1_1   |        0|   1|  0|   5|    0|
    |mul_16s_10s_26_1_1_U61    |mul_16s_10s_26_1_1   |        0|   1|  0|   5|    0|
    |mul_16s_10s_26_1_1_U69    |mul_16s_10s_26_1_1   |        0|   1|  0|   5|    0|
    |mul_16s_10s_26_1_1_U93    |mul_16s_10s_26_1_1   |        0|   1|  0|   5|    0|
    |mul_16s_10s_26_1_1_U97    |mul_16s_10s_26_1_1   |        0|   1|  0|   5|    0|
    |mul_16s_10s_26_1_1_U103   |mul_16s_10s_26_1_1   |        0|   1|  0|   5|    0|
    |mul_16s_10s_26_1_1_U107   |mul_16s_10s_26_1_1   |        0|   1|  0|   5|    0|
    |mul_16s_10s_26_1_1_U109   |mul_16s_10s_26_1_1   |        0|   1|  0|   5|    0|
    |mul_16s_10s_26_1_1_U111   |mul_16s_10s_26_1_1   |        0|   1|  0|   5|    0|
    |mul_16s_10s_26_1_1_U121   |mul_16s_10s_26_1_1   |        0|   1|  0|   5|    0|
    |mul_16s_10s_26_1_1_U123   |mul_16s_10s_26_1_1   |        0|   1|  0|   5|    0|
    |mul_16s_10s_26_1_1_U128   |mul_16s_10s_26_1_1   |        0|   1|  0|   5|    0|
    |mul_16s_10s_26_1_1_U132   |mul_16s_10s_26_1_1   |        0|   1|  0|   5|    0|
    |mul_16s_10s_26_1_1_U147   |mul_16s_10s_26_1_1   |        0|   1|  0|   5|    0|
    |mul_16s_10s_26_1_1_U157   |mul_16s_10s_26_1_1   |        0|   1|  0|   5|    0|
    |mul_16s_10s_26_1_1_U165   |mul_16s_10s_26_1_1   |        0|   1|  0|   5|    0|
    |mul_16s_10s_26_1_1_U176   |mul_16s_10s_26_1_1   |        0|   1|  0|   5|    0|
    |mul_16s_10s_26_1_1_U177   |mul_16s_10s_26_1_1   |        0|   1|  0|   5|    0|
    |mul_16s_10s_26_1_1_U195   |mul_16s_10s_26_1_1   |        0|   1|  0|   5|    0|
    |mul_16s_10s_26_1_1_U226   |mul_16s_10s_26_1_1   |        0|   1|  0|   5|    0|
    |mul_16s_10s_26_1_1_U227   |mul_16s_10s_26_1_1   |        0|   1|  0|   5|    0|
    |mul_16s_10s_26_1_1_U232   |mul_16s_10s_26_1_1   |        0|   1|  0|   5|    0|
    |mul_16s_10s_26_1_1_U239   |mul_16s_10s_26_1_1   |        0|   1|  0|   5|    0|
    |mul_16s_10s_26_1_1_U251   |mul_16s_10s_26_1_1   |        0|   1|  0|   5|    0|
    |mul_16s_10s_26_1_1_U252   |mul_16s_10s_26_1_1   |        0|   1|  0|   5|    0|
    |mul_16s_10s_26_1_1_U253   |mul_16s_10s_26_1_1   |        0|   1|  0|   5|    0|
    |mul_16s_10s_26_1_1_U263   |mul_16s_10s_26_1_1   |        0|   1|  0|   5|    0|
    |mul_16s_10s_26_1_1_U266   |mul_16s_10s_26_1_1   |        0|   1|  0|   5|    0|
    |mul_16s_10s_26_1_1_U289   |mul_16s_10s_26_1_1   |        0|   1|  0|   5|    0|
    |mul_16s_10s_26_1_1_U293   |mul_16s_10s_26_1_1   |        0|   1|  0|   5|    0|
    |mul_16s_10s_26_1_1_U306   |mul_16s_10s_26_1_1   |        0|   1|  0|   5|    0|
    |mul_16s_10s_26_1_1_U307   |mul_16s_10s_26_1_1   |        0|   1|  0|   5|    0|
    |mul_16s_10s_26_1_1_U316   |mul_16s_10s_26_1_1   |        0|   1|  0|   5|    0|
    |mul_16s_10s_26_1_1_U321   |mul_16s_10s_26_1_1   |        0|   1|  0|   5|    0|
    |mul_16s_10s_26_1_1_U326   |mul_16s_10s_26_1_1   |        0|   1|  0|   5|    0|
    |mul_16s_10s_26_1_1_U338   |mul_16s_10s_26_1_1   |        0|   1|  0|   5|    0|
    |mul_16s_10s_26_1_1_U344   |mul_16s_10s_26_1_1   |        0|   1|  0|   5|    0|
    |mul_16s_10s_26_1_1_U347   |mul_16s_10s_26_1_1   |        0|   1|  0|   5|    0|
    |mul_16s_10s_26_1_1_U352   |mul_16s_10s_26_1_1   |        0|   1|  0|   5|    0|
    |mul_16s_10s_26_1_1_U353   |mul_16s_10s_26_1_1   |        0|   1|  0|   5|    0|
    |mul_16s_10s_26_1_1_U358   |mul_16s_10s_26_1_1   |        0|   1|  0|   5|    0|
    |mul_16s_10s_26_1_1_U370   |mul_16s_10s_26_1_1   |        0|   1|  0|   5|    0|
    |mul_16s_10s_26_1_1_U373   |mul_16s_10s_26_1_1   |        0|   1|  0|   5|    0|
    |mul_16s_10s_26_1_1_U376   |mul_16s_10s_26_1_1   |        0|   1|  0|   5|    0|
    |mul_16s_10s_26_1_1_U389   |mul_16s_10s_26_1_1   |        0|   1|  0|   5|    0|
    |mul_16s_10s_26_1_1_U393   |mul_16s_10s_26_1_1   |        0|   1|  0|   5|    0|
    |mul_16s_10s_26_1_1_U394   |mul_16s_10s_26_1_1   |        0|   1|  0|   5|    0|
    |mul_16s_10s_26_1_1_U402   |mul_16s_10s_26_1_1   |        0|   1|  0|   5|    0|
    |mul_16s_10s_26_1_1_U411   |mul_16s_10s_26_1_1   |        0|   1|  0|   5|    0|
    |mul_16s_10s_26_1_1_U414   |mul_16s_10s_26_1_1   |        0|   1|  0|   5|    0|
    |mul_16s_10s_26_1_1_U421   |mul_16s_10s_26_1_1   |        0|   1|  0|   5|    0|
    |mul_16s_10s_26_1_1_U435   |mul_16s_10s_26_1_1   |        0|   1|  0|   5|    0|
    |mul_16s_10s_26_1_1_U441   |mul_16s_10s_26_1_1   |        0|   1|  0|   5|    0|
    |mul_16s_10s_26_1_1_U454   |mul_16s_10s_26_1_1   |        0|   1|  0|   5|    0|
    |mul_16s_10s_26_1_1_U462   |mul_16s_10s_26_1_1   |        0|   1|  0|   5|    0|
    |mul_16s_10s_26_1_1_U468   |mul_16s_10s_26_1_1   |        0|   1|  0|   5|    0|
    |mul_16s_10s_26_1_1_U471   |mul_16s_10s_26_1_1   |        0|   1|  0|   5|    0|
    |mul_16s_10s_26_1_1_U476   |mul_16s_10s_26_1_1   |        0|   1|  0|   5|    0|
    |mul_16s_10s_26_1_1_U477   |mul_16s_10s_26_1_1   |        0|   1|  0|   5|    0|
    |mul_16s_10s_26_1_1_U480   |mul_16s_10s_26_1_1   |        0|   1|  0|   5|    0|
    |mul_16s_10s_26_1_1_U482   |mul_16s_10s_26_1_1   |        0|   1|  0|   5|    0|
    |mul_16s_10s_26_1_1_U498   |mul_16s_10s_26_1_1   |        0|   1|  0|   5|    0|
    |mul_16s_10s_26_1_1_U502   |mul_16s_10s_26_1_1   |        0|   1|  0|   5|    0|
    |mul_16s_10s_26_1_1_U512   |mul_16s_10s_26_1_1   |        0|   1|  0|   5|    0|
    |mul_16s_10s_26_1_1_U513   |mul_16s_10s_26_1_1   |        0|   1|  0|   5|    0|
    |mul_16s_10s_26_1_1_U517   |mul_16s_10s_26_1_1   |        0|   1|  0|   5|    0|
    |mul_16s_10s_26_1_1_U521   |mul_16s_10s_26_1_1   |        0|   1|  0|   5|    0|
    |mul_16s_10s_26_1_1_U527   |mul_16s_10s_26_1_1   |        0|   1|  0|   5|    0|
    |mul_16s_10s_26_1_1_U528   |mul_16s_10s_26_1_1   |        0|   1|  0|   5|    0|
    |mul_16s_10s_26_1_1_U531   |mul_16s_10s_26_1_1   |        0|   1|  0|   5|    0|
    |mul_16s_10s_26_1_1_U532   |mul_16s_10s_26_1_1   |        0|   1|  0|   5|    0|
    |mul_16s_10s_26_1_1_U549   |mul_16s_10s_26_1_1   |        0|   1|  0|   5|    0|
    |mul_16s_10s_26_1_1_U559   |mul_16s_10s_26_1_1   |        0|   1|  0|   5|    0|
    |mul_16s_10s_26_1_1_U562   |mul_16s_10s_26_1_1   |        0|   1|  0|   5|    0|
    |mul_16s_10s_26_1_1_U564   |mul_16s_10s_26_1_1   |        0|   1|  0|   5|    0|
    |mul_16s_10s_26_1_1_U576   |mul_16s_10s_26_1_1   |        0|   1|  0|   5|    0|
    |mul_16s_10s_26_1_1_U579   |mul_16s_10s_26_1_1   |        0|   1|  0|   5|    0|
    |mul_16s_10s_26_1_1_U585   |mul_16s_10s_26_1_1   |        0|   1|  0|   5|    0|
    |mul_16s_10s_26_1_1_U592   |mul_16s_10s_26_1_1   |        0|   1|  0|   5|    0|
    |mul_16s_10s_26_1_1_U595   |mul_16s_10s_26_1_1   |        0|   1|  0|   5|    0|
    |mul_16s_10s_26_1_1_U602   |mul_16s_10s_26_1_1   |        0|   1|  0|   5|    0|
    |mul_16s_10s_26_1_1_U603   |mul_16s_10s_26_1_1   |        0|   1|  0|   5|    0|
    |mul_16s_10s_26_1_1_U607   |mul_16s_10s_26_1_1   |        0|   1|  0|   5|    0|
    |mul_16s_10s_26_1_1_U623   |mul_16s_10s_26_1_1   |        0|   1|  0|   5|    0|
    |mul_16s_10s_26_1_1_U635   |mul_16s_10s_26_1_1   |        0|   1|  0|   5|    0|
    |mul_16s_10s_26_1_1_U644   |mul_16s_10s_26_1_1   |        0|   1|  0|   5|    0|
    |mul_16s_11ns_26_1_1_U30   |mul_16s_11ns_26_1_1  |        0|   1|  0|   5|    0|
    |mul_16s_11ns_26_1_1_U34   |mul_16s_11ns_26_1_1  |        0|   1|  0|   5|    0|
    |mul_16s_11ns_26_1_1_U83   |mul_16s_11ns_26_1_1  |        0|   1|  0|   5|    0|
    |mul_16s_11ns_26_1_1_U130  |mul_16s_11ns_26_1_1  |        0|   1|  0|   5|    0|
    |mul_16s_11ns_26_1_1_U168  |mul_16s_11ns_26_1_1  |        0|   1|  0|   5|    0|
    |mul_16s_11ns_26_1_1_U223  |mul_16s_11ns_26_1_1  |        0|   1|  0|   5|    0|
    |mul_16s_11ns_26_1_1_U390  |mul_16s_11ns_26_1_1  |        0|   1|  0|   5|    0|
    |mul_16s_11ns_26_1_1_U407  |mul_16s_11ns_26_1_1  |        0|   1|  0|   5|    0|
    |mul_16s_11ns_26_1_1_U415  |mul_16s_11ns_26_1_1  |        0|   1|  0|   5|    0|
    |mul_16s_11ns_26_1_1_U509  |mul_16s_11ns_26_1_1  |        0|   1|  0|   5|    0|
    |mul_16s_11ns_26_1_1_U519  |mul_16s_11ns_26_1_1  |        0|   1|  0|   5|    0|
    |mul_16s_11ns_26_1_1_U541  |mul_16s_11ns_26_1_1  |        0|   1|  0|   5|    0|
    |mul_16s_11s_26_1_1_U78    |mul_16s_11s_26_1_1   |        0|   1|  0|   5|    0|
    |mul_16s_11s_26_1_1_U96    |mul_16s_11s_26_1_1   |        0|   1|  0|   5|    0|
    |mul_16s_11s_26_1_1_U169   |mul_16s_11s_26_1_1   |        0|   1|  0|   5|    0|
    |mul_16s_11s_26_1_1_U201   |mul_16s_11s_26_1_1   |        0|   1|  0|   5|    0|
    |mul_16s_11s_26_1_1_U212   |mul_16s_11s_26_1_1   |        0|   1|  0|   5|    0|
    |mul_16s_11s_26_1_1_U234   |mul_16s_11s_26_1_1   |        0|   1|  0|   5|    0|
    |mul_16s_11s_26_1_1_U256   |mul_16s_11s_26_1_1   |        0|   1|  0|   5|    0|
    |mul_16s_11s_26_1_1_U284   |mul_16s_11s_26_1_1   |        0|   1|  0|   5|    0|
    |mul_16s_11s_26_1_1_U309   |mul_16s_11s_26_1_1   |        0|   1|  0|   5|    0|
    |mul_16s_11s_26_1_1_U317   |mul_16s_11s_26_1_1   |        0|   1|  0|   5|    0|
    |mul_16s_11s_26_1_1_U328   |mul_16s_11s_26_1_1   |        0|   1|  0|   5|    0|
    |mul_16s_11s_26_1_1_U378   |mul_16s_11s_26_1_1   |        0|   1|  0|   5|    0|
    |mul_16s_11s_26_1_1_U388   |mul_16s_11s_26_1_1   |        0|   1|  0|   5|    0|
    |mul_16s_11s_26_1_1_U406   |mul_16s_11s_26_1_1   |        0|   1|  0|   5|    0|
    |mul_16s_11s_26_1_1_U437   |mul_16s_11s_26_1_1   |        0|   1|  0|   5|    0|
    |mul_16s_11s_26_1_1_U438   |mul_16s_11s_26_1_1   |        0|   1|  0|   5|    0|
    |mul_16s_11s_26_1_1_U475   |mul_16s_11s_26_1_1   |        0|   1|  0|   5|    0|
    |mul_16s_11s_26_1_1_U494   |mul_16s_11s_26_1_1   |        0|   1|  0|   5|    0|
    |mul_16s_11s_26_1_1_U535   |mul_16s_11s_26_1_1   |        0|   1|  0|   5|    0|
    |mul_16s_11s_26_1_1_U537   |mul_16s_11s_26_1_1   |        0|   1|  0|   5|    0|
    |mul_16s_11s_26_1_1_U542   |mul_16s_11s_26_1_1   |        0|   1|  0|   5|    0|
    |mul_16s_11s_26_1_1_U570   |mul_16s_11s_26_1_1   |        0|   1|  0|   5|    0|
    |mul_16s_11s_26_1_1_U598   |mul_16s_11s_26_1_1   |        0|   1|  0|   5|    0|
    |mul_16s_11s_26_1_1_U606   |mul_16s_11s_26_1_1   |        0|   1|  0|   5|    0|
    |mul_16s_11s_26_1_1_U621   |mul_16s_11s_26_1_1   |        0|   1|  0|   5|    0|
    |mul_16s_11s_26_1_1_U629   |mul_16s_11s_26_1_1   |        0|   1|  0|   5|    0|
    |mul_16s_11s_26_1_1_U630   |mul_16s_11s_26_1_1   |        0|   1|  0|   5|    0|
    |mul_16s_12ns_26_1_1_U538  |mul_16s_12ns_26_1_1  |        0|   1|  0|   5|    0|
    |mul_16s_12s_26_1_1_U72    |mul_16s_12s_26_1_1   |        0|   1|  0|   5|    0|
    |mul_16s_12s_26_1_1_U160   |mul_16s_12s_26_1_1   |        0|   1|  0|   5|    0|
    |mul_16s_5ns_21_1_1_U100   |mul_16s_5ns_21_1_1   |        0|   1|  0|   5|    0|
    |mul_16s_5ns_21_1_1_U190   |mul_16s_5ns_21_1_1   |        0|   1|  0|   5|    0|
    |mul_16s_5ns_21_1_1_U425   |mul_16s_5ns_21_1_1   |        0|   1|  0|   5|    0|
    |mul_16s_5ns_21_1_1_U463   |mul_16s_5ns_21_1_1   |        0|   1|  0|   5|    0|
    |mul_16s_5ns_21_1_1_U522   |mul_16s_5ns_21_1_1   |        0|   1|  0|   5|    0|
    |mul_16s_5s_21_1_1_U43     |mul_16s_5s_21_1_1    |        0|   1|  0|   5|    0|
    |mul_16s_5s_21_1_1_U203    |mul_16s_5s_21_1_1    |        0|   1|  0|   5|    0|
    |mul_16s_5s_21_1_1_U445    |mul_16s_5s_21_1_1    |        0|   1|  0|   5|    0|
    |mul_16s_5s_21_1_1_U506    |mul_16s_5s_21_1_1    |        0|   1|  0|   5|    0|
    |mul_16s_5s_21_1_1_U587    |mul_16s_5s_21_1_1    |        0|   1|  0|   5|    0|
    |mul_16s_6ns_22_1_1_U89    |mul_16s_6ns_22_1_1   |        0|   1|  0|   5|    0|
    |mul_16s_6ns_22_1_1_U120   |mul_16s_6ns_22_1_1   |        0|   1|  0|   5|    0|
    |mul_16s_6ns_22_1_1_U258   |mul_16s_6ns_22_1_1   |        0|   1|  0|   5|    0|
    |mul_16s_6ns_22_1_1_U313   |mul_16s_6ns_22_1_1   |        0|   1|  0|   5|    0|
    |mul_16s_6ns_22_1_1_U343   |mul_16s_6ns_22_1_1   |        0|   1|  0|   5|    0|
    |mul_16s_6ns_22_1_1_U350   |mul_16s_6ns_22_1_1   |        0|   1|  0|   5|    0|
    |mul_16s_6ns_22_1_1_U377   |mul_16s_6ns_22_1_1   |        0|   1|  0|   5|    0|
    |mul_16s_6ns_22_1_1_U424   |mul_16s_6ns_22_1_1   |        0|   1|  0|   5|    0|
    |mul_16s_6ns_22_1_1_U450   |mul_16s_6ns_22_1_1   |        0|   1|  0|   5|    0|
    |mul_16s_6ns_22_1_1_U495   |mul_16s_6ns_22_1_1   |        0|   1|  0|   5|    0|
    |mul_16s_6ns_22_1_1_U518   |mul_16s_6ns_22_1_1   |        0|   1|  0|   5|    0|
    |mul_16s_6ns_22_1_1_U545   |mul_16s_6ns_22_1_1   |        0|   1|  0|   5|    0|
    |mul_16s_6ns_22_1_1_U609   |mul_16s_6ns_22_1_1   |        0|   1|  0|   5|    0|
    |mul_16s_6s_22_1_1_U38     |mul_16s_6s_22_1_1    |        0|   1|  0|   5|    0|
    |mul_16s_6s_22_1_1_U106    |mul_16s_6s_22_1_1    |        0|   1|  0|   5|    0|
    |mul_16s_6s_22_1_1_U259    |mul_16s_6s_22_1_1    |        0|   1|  0|   5|    0|
    |mul_16s_6s_22_1_1_U298    |mul_16s_6s_22_1_1    |        0|   1|  0|   5|    0|
    |mul_16s_6s_22_1_1_U327    |mul_16s_6s_22_1_1    |        0|   1|  0|   5|    0|
    |mul_16s_6s_22_1_1_U364    |mul_16s_6s_22_1_1    |        0|   1|  0|   5|    0|
    |mul_16s_6s_22_1_1_U433    |mul_16s_6s_22_1_1    |        0|   1|  0|   5|    0|
    |mul_16s_6s_22_1_1_U487    |mul_16s_6s_22_1_1    |        0|   1|  0|   5|    0|
    |mul_16s_6s_22_1_1_U529    |mul_16s_6s_22_1_1    |        0|   1|  0|   5|    0|
    |mul_16s_6s_22_1_1_U530    |mul_16s_6s_22_1_1    |        0|   1|  0|   5|    0|
    |mul_16s_6s_22_1_1_U544    |mul_16s_6s_22_1_1    |        0|   1|  0|   5|    0|
    |mul_16s_6s_22_1_1_U569    |mul_16s_6s_22_1_1    |        0|   1|  0|   5|    0|
    |mul_16s_6s_22_1_1_U580    |mul_16s_6s_22_1_1    |        0|   1|  0|   5|    0|
    |mul_16s_6s_22_1_1_U627    |mul_16s_6s_22_1_1    |        0|   1|  0|   5|    0|
    |mul_16s_6s_22_1_1_U631    |mul_16s_6s_22_1_1    |        0|   1|  0|   5|    0|
    |mul_16s_6s_22_1_1_U641    |mul_16s_6s_22_1_1    |        0|   1|  0|   5|    0|
    |mul_16s_7ns_23_1_1_U49    |mul_16s_7ns_23_1_1   |        0|   1|  0|   5|    0|
    |mul_16s_7ns_23_1_1_U63    |mul_16s_7ns_23_1_1   |        0|   1|  0|   5|    0|
    |mul_16s_7ns_23_1_1_U67    |mul_16s_7ns_23_1_1   |        0|   1|  0|   5|    0|
    |mul_16s_7ns_23_1_1_U136   |mul_16s_7ns_23_1_1   |        0|   1|  0|   5|    0|
    |mul_16s_7ns_23_1_1_U185   |mul_16s_7ns_23_1_1   |        0|   1|  0|   5|    0|
    |mul_16s_7ns_23_1_1_U192   |mul_16s_7ns_23_1_1   |        0|   1|  0|   5|    0|
    |mul_16s_7ns_23_1_1_U220   |mul_16s_7ns_23_1_1   |        0|   1|  0|   5|    0|
    |mul_16s_7ns_23_1_1_U228   |mul_16s_7ns_23_1_1   |        0|   1|  0|   5|    0|
    |mul_16s_7ns_23_1_1_U275   |mul_16s_7ns_23_1_1   |        0|   1|  0|   5|    0|
    |mul_16s_7ns_23_1_1_U324   |mul_16s_7ns_23_1_1   |        0|   1|  0|   5|    0|
    |mul_16s_7ns_23_1_1_U339   |mul_16s_7ns_23_1_1   |        0|   1|  0|   5|    0|
    |mul_16s_7ns_23_1_1_U360   |mul_16s_7ns_23_1_1   |        0|   1|  0|   5|    0|
    |mul_16s_7ns_23_1_1_U375   |mul_16s_7ns_23_1_1   |        0|   1|  0|   5|    0|
    |mul_16s_7ns_23_1_1_U395   |mul_16s_7ns_23_1_1   |        0|   1|  0|   5|    0|
    |mul_16s_7ns_23_1_1_U430   |mul_16s_7ns_23_1_1   |        0|   1|  0|   5|    0|
    |mul_16s_7ns_23_1_1_U464   |mul_16s_7ns_23_1_1   |        0|   1|  0|   5|    0|
    |mul_16s_7ns_23_1_1_U478   |mul_16s_7ns_23_1_1   |        0|   1|  0|   5|    0|
    |mul_16s_7ns_23_1_1_U499   |mul_16s_7ns_23_1_1   |        0|   1|  0|   5|    0|
    |mul_16s_7ns_23_1_1_U558   |mul_16s_7ns_23_1_1   |        0|   1|  0|   5|    0|
    |mul_16s_7ns_23_1_1_U612   |mul_16s_7ns_23_1_1   |        0|   1|  0|   5|    0|
    |mul_16s_7ns_23_1_1_U616   |mul_16s_7ns_23_1_1   |        0|   1|  0|   5|    0|
    |mul_16s_7ns_23_1_1_U617   |mul_16s_7ns_23_1_1   |        0|   1|  0|   5|    0|
    |mul_16s_7s_23_1_1_U5      |mul_16s_7s_23_1_1    |        0|   1|  0|   5|    0|
    |mul_16s_7s_23_1_1_U24     |mul_16s_7s_23_1_1    |        0|   1|  0|   5|    0|
    |mul_16s_7s_23_1_1_U33     |mul_16s_7s_23_1_1    |        0|   1|  0|   5|    0|
    |mul_16s_7s_23_1_1_U47     |mul_16s_7s_23_1_1    |        0|   1|  0|   5|    0|
    |mul_16s_7s_23_1_1_U58     |mul_16s_7s_23_1_1    |        0|   1|  0|   5|    0|
    |mul_16s_7s_23_1_1_U64     |mul_16s_7s_23_1_1    |        0|   1|  0|   5|    0|
    |mul_16s_7s_23_1_1_U90     |mul_16s_7s_23_1_1    |        0|   1|  0|   5|    0|
    |mul_16s_7s_23_1_1_U153    |mul_16s_7s_23_1_1    |        0|   1|  0|   5|    0|
    |mul_16s_7s_23_1_1_U163    |mul_16s_7s_23_1_1    |        0|   1|  0|   5|    0|
    |mul_16s_7s_23_1_1_U173    |mul_16s_7s_23_1_1    |        0|   1|  0|   5|    0|
    |mul_16s_7s_23_1_1_U249    |mul_16s_7s_23_1_1    |        0|   1|  0|   5|    0|
    |mul_16s_7s_23_1_1_U257    |mul_16s_7s_23_1_1    |        0|   1|  0|   5|    0|
    |mul_16s_7s_23_1_1_U282    |mul_16s_7s_23_1_1    |        0|   1|  0|   5|    0|
    |mul_16s_7s_23_1_1_U283    |mul_16s_7s_23_1_1    |        0|   1|  0|   5|    0|
    |mul_16s_7s_23_1_1_U308    |mul_16s_7s_23_1_1    |        0|   1|  0|   5|    0|
    |mul_16s_7s_23_1_1_U323    |mul_16s_7s_23_1_1    |        0|   1|  0|   5|    0|
    |mul_16s_7s_23_1_1_U436    |mul_16s_7s_23_1_1    |        0|   1|  0|   5|    0|
    |mul_16s_7s_23_1_1_U483    |mul_16s_7s_23_1_1    |        0|   1|  0|   5|    0|
    |mul_16s_7s_23_1_1_U485    |mul_16s_7s_23_1_1    |        0|   1|  0|   5|    0|
    |mul_16s_7s_23_1_1_U486    |mul_16s_7s_23_1_1    |        0|   1|  0|   5|    0|
    |mul_16s_7s_23_1_1_U493    |mul_16s_7s_23_1_1    |        0|   1|  0|   5|    0|
    |mul_16s_7s_23_1_1_U497    |mul_16s_7s_23_1_1    |        0|   1|  0|   5|    0|
    |mul_16s_7s_23_1_1_U573    |mul_16s_7s_23_1_1    |        0|   1|  0|   5|    0|
    |mul_16s_8ns_24_1_1_U4     |mul_16s_8ns_24_1_1   |        0|   1|  0|   5|    0|
    |mul_16s_8ns_24_1_1_U15    |mul_16s_8ns_24_1_1   |        0|   1|  0|   5|    0|
    |mul_16s_8ns_24_1_1_U22    |mul_16s_8ns_24_1_1   |        0|   1|  0|   5|    0|
    |mul_16s_8ns_24_1_1_U42    |mul_16s_8ns_24_1_1   |        0|   1|  0|   5|    0|
    |mul_16s_8ns_24_1_1_U51    |mul_16s_8ns_24_1_1   |        0|   1|  0|   5|    0|
    |mul_16s_8ns_24_1_1_U53    |mul_16s_8ns_24_1_1   |        0|   1|  0|   5|    0|
    |mul_16s_8ns_24_1_1_U113   |mul_16s_8ns_24_1_1   |        0|   1|  0|   5|    0|
    |mul_16s_8ns_24_1_1_U126   |mul_16s_8ns_24_1_1   |        0|   1|  0|   5|    0|
    |mul_16s_8ns_24_1_1_U135   |mul_16s_8ns_24_1_1   |        0|   1|  0|   5|    0|
    |mul_16s_8ns_24_1_1_U138   |mul_16s_8ns_24_1_1   |        0|   1|  0|   5|    0|
    |mul_16s_8ns_24_1_1_U142   |mul_16s_8ns_24_1_1   |        0|   1|  0|   5|    0|
    |mul_16s_8ns_24_1_1_U150   |mul_16s_8ns_24_1_1   |        0|   1|  0|   5|    0|
    |mul_16s_8ns_24_1_1_U182   |mul_16s_8ns_24_1_1   |        0|   1|  0|   5|    0|
    |mul_16s_8ns_24_1_1_U198   |mul_16s_8ns_24_1_1   |        0|   1|  0|   5|    0|
    |mul_16s_8ns_24_1_1_U204   |mul_16s_8ns_24_1_1   |        0|   1|  0|   5|    0|
    |mul_16s_8ns_24_1_1_U246   |mul_16s_8ns_24_1_1   |        0|   1|  0|   5|    0|
    |mul_16s_8ns_24_1_1_U250   |mul_16s_8ns_24_1_1   |        0|   1|  0|   5|    0|
    |mul_16s_8ns_24_1_1_U254   |mul_16s_8ns_24_1_1   |        0|   1|  0|   5|    0|
    |mul_16s_8ns_24_1_1_U264   |mul_16s_8ns_24_1_1   |        0|   1|  0|   5|    0|
    |mul_16s_8ns_24_1_1_U270   |mul_16s_8ns_24_1_1   |        0|   1|  0|   5|    0|
    |mul_16s_8ns_24_1_1_U274   |mul_16s_8ns_24_1_1   |        0|   1|  0|   5|    0|
    |mul_16s_8ns_24_1_1_U280   |mul_16s_8ns_24_1_1   |        0|   1|  0|   5|    0|
    |mul_16s_8ns_24_1_1_U296   |mul_16s_8ns_24_1_1   |        0|   1|  0|   5|    0|
    |mul_16s_8ns_24_1_1_U325   |mul_16s_8ns_24_1_1   |        0|   1|  0|   5|    0|
    |mul_16s_8ns_24_1_1_U332   |mul_16s_8ns_24_1_1   |        0|   1|  0|   5|    0|
    |mul_16s_8ns_24_1_1_U355   |mul_16s_8ns_24_1_1   |        0|   1|  0|   5|    0|
    |mul_16s_8ns_24_1_1_U362   |mul_16s_8ns_24_1_1   |        0|   1|  0|   5|    0|
    |mul_16s_8ns_24_1_1_U363   |mul_16s_8ns_24_1_1   |        0|   1|  0|   5|    0|
    |mul_16s_8ns_24_1_1_U380   |mul_16s_8ns_24_1_1   |        0|   1|  0|   5|    0|
    |mul_16s_8ns_24_1_1_U397   |mul_16s_8ns_24_1_1   |        0|   1|  0|   5|    0|
    |mul_16s_8ns_24_1_1_U422   |mul_16s_8ns_24_1_1   |        0|   1|  0|   5|    0|
    |mul_16s_8ns_24_1_1_U440   |mul_16s_8ns_24_1_1   |        0|   1|  0|   5|    0|
    |mul_16s_8ns_24_1_1_U442   |mul_16s_8ns_24_1_1   |        0|   1|  0|   5|    0|
    |mul_16s_8ns_24_1_1_U444   |mul_16s_8ns_24_1_1   |        0|   1|  0|   5|    0|
    |mul_16s_8ns_24_1_1_U449   |mul_16s_8ns_24_1_1   |        0|   1|  0|   5|    0|
    |mul_16s_8ns_24_1_1_U453   |mul_16s_8ns_24_1_1   |        0|   1|  0|   5|    0|
    |mul_16s_8ns_24_1_1_U465   |mul_16s_8ns_24_1_1   |        0|   1|  0|   5|    0|
    |mul_16s_8ns_24_1_1_U472   |mul_16s_8ns_24_1_1   |        0|   1|  0|   5|    0|
    |mul_16s_8ns_24_1_1_U501   |mul_16s_8ns_24_1_1   |        0|   1|  0|   5|    0|
    |mul_16s_8ns_24_1_1_U540   |mul_16s_8ns_24_1_1   |        0|   1|  0|   5|    0|
    |mul_16s_8ns_24_1_1_U554   |mul_16s_8ns_24_1_1   |        0|   1|  0|   5|    0|
    |mul_16s_8ns_24_1_1_U555   |mul_16s_8ns_24_1_1   |        0|   1|  0|   5|    0|
    |mul_16s_8ns_24_1_1_U565   |mul_16s_8ns_24_1_1   |        0|   1|  0|   5|    0|
    |mul_16s_8ns_24_1_1_U577   |mul_16s_8ns_24_1_1   |        0|   1|  0|   5|    0|
    |mul_16s_8ns_24_1_1_U599   |mul_16s_8ns_24_1_1   |        0|   1|  0|   5|    0|
    |mul_16s_8ns_24_1_1_U610   |mul_16s_8ns_24_1_1   |        0|   1|  0|   5|    0|
    |mul_16s_8ns_24_1_1_U614   |mul_16s_8ns_24_1_1   |        0|   1|  0|   5|    0|
    |mul_16s_8ns_24_1_1_U618   |mul_16s_8ns_24_1_1   |        0|   1|  0|   5|    0|
    |mul_16s_8ns_24_1_1_U633   |mul_16s_8ns_24_1_1   |        0|   1|  0|   5|    0|
    |mul_16s_8ns_24_1_1_U636   |mul_16s_8ns_24_1_1   |        0|   1|  0|   5|    0|
    |mul_16s_8ns_24_1_1_U637   |mul_16s_8ns_24_1_1   |        0|   1|  0|   5|    0|
    |mul_16s_8ns_24_1_1_U640   |mul_16s_8ns_24_1_1   |        0|   1|  0|   5|    0|
    |mul_16s_8ns_24_1_1_U642   |mul_16s_8ns_24_1_1   |        0|   1|  0|   5|    0|
    |mul_16s_8ns_24_1_1_U647   |mul_16s_8ns_24_1_1   |        0|   1|  0|   5|    0|
    |mul_16s_8s_24_1_1_U1      |mul_16s_8s_24_1_1    |        0|   1|  0|   5|    0|
    |mul_16s_8s_24_1_1_U19     |mul_16s_8s_24_1_1    |        0|   1|  0|   5|    0|
    |mul_16s_8s_24_1_1_U20     |mul_16s_8s_24_1_1    |        0|   1|  0|   5|    0|
    |mul_16s_8s_24_1_1_U26     |mul_16s_8s_24_1_1    |        0|   1|  0|   5|    0|
    |mul_16s_8s_24_1_1_U32     |mul_16s_8s_24_1_1    |        0|   1|  0|   5|    0|
    |mul_16s_8s_24_1_1_U54     |mul_16s_8s_24_1_1    |        0|   1|  0|   5|    0|
    |mul_16s_8s_24_1_1_U73     |mul_16s_8s_24_1_1    |        0|   1|  0|   5|    0|
    |mul_16s_8s_24_1_1_U74     |mul_16s_8s_24_1_1    |        0|   1|  0|   5|    0|
    |mul_16s_8s_24_1_1_U77     |mul_16s_8s_24_1_1    |        0|   1|  0|   5|    0|
    |mul_16s_8s_24_1_1_U86     |mul_16s_8s_24_1_1    |        0|   1|  0|   5|    0|
    |mul_16s_8s_24_1_1_U87     |mul_16s_8s_24_1_1    |        0|   1|  0|   5|    0|
    |mul_16s_8s_24_1_1_U91     |mul_16s_8s_24_1_1    |        0|   1|  0|   5|    0|
    |mul_16s_8s_24_1_1_U95     |mul_16s_8s_24_1_1    |        0|   1|  0|   5|    0|
    |mul_16s_8s_24_1_1_U101    |mul_16s_8s_24_1_1    |        0|   1|  0|   5|    0|
    |mul_16s_8s_24_1_1_U139    |mul_16s_8s_24_1_1    |        0|   1|  0|   5|    0|
    |mul_16s_8s_24_1_1_U146    |mul_16s_8s_24_1_1    |        0|   1|  0|   5|    0|
    |mul_16s_8s_24_1_1_U155    |mul_16s_8s_24_1_1    |        0|   1|  0|   5|    0|
    |mul_16s_8s_24_1_1_U156    |mul_16s_8s_24_1_1    |        0|   1|  0|   5|    0|
    |mul_16s_8s_24_1_1_U162    |mul_16s_8s_24_1_1    |        0|   1|  0|   5|    0|
    |mul_16s_8s_24_1_1_U174    |mul_16s_8s_24_1_1    |        0|   1|  0|   5|    0|
    |mul_16s_8s_24_1_1_U179    |mul_16s_8s_24_1_1    |        0|   1|  0|   5|    0|
    |mul_16s_8s_24_1_1_U194    |mul_16s_8s_24_1_1    |        0|   1|  0|   5|    0|
    |mul_16s_8s_24_1_1_U205    |mul_16s_8s_24_1_1    |        0|   1|  0|   5|    0|
    |mul_16s_8s_24_1_1_U206    |mul_16s_8s_24_1_1    |        0|   1|  0|   5|    0|
    |mul_16s_8s_24_1_1_U218    |mul_16s_8s_24_1_1    |        0|   1|  0|   5|    0|
    |mul_16s_8s_24_1_1_U222    |mul_16s_8s_24_1_1    |        0|   1|  0|   5|    0|
    |mul_16s_8s_24_1_1_U231    |mul_16s_8s_24_1_1    |        0|   1|  0|   5|    0|
    |mul_16s_8s_24_1_1_U260    |mul_16s_8s_24_1_1    |        0|   1|  0|   5|    0|
    |mul_16s_8s_24_1_1_U261    |mul_16s_8s_24_1_1    |        0|   1|  0|   5|    0|
    |mul_16s_8s_24_1_1_U269    |mul_16s_8s_24_1_1    |        0|   1|  0|   5|    0|
    |mul_16s_8s_24_1_1_U273    |mul_16s_8s_24_1_1    |        0|   1|  0|   5|    0|
    |mul_16s_8s_24_1_1_U281    |mul_16s_8s_24_1_1    |        0|   1|  0|   5|    0|
    |mul_16s_8s_24_1_1_U285    |mul_16s_8s_24_1_1    |        0|   1|  0|   5|    0|
    |mul_16s_8s_24_1_1_U301    |mul_16s_8s_24_1_1    |        0|   1|  0|   5|    0|
    |mul_16s_8s_24_1_1_U303    |mul_16s_8s_24_1_1    |        0|   1|  0|   5|    0|
    |mul_16s_8s_24_1_1_U305    |mul_16s_8s_24_1_1    |        0|   1|  0|   5|    0|
    |mul_16s_8s_24_1_1_U334    |mul_16s_8s_24_1_1    |        0|   1|  0|   5|    0|
    |mul_16s_8s_24_1_1_U365    |mul_16s_8s_24_1_1    |        0|   1|  0|   5|    0|
    |mul_16s_8s_24_1_1_U366    |mul_16s_8s_24_1_1    |        0|   1|  0|   5|    0|
    |mul_16s_8s_24_1_1_U371    |mul_16s_8s_24_1_1    |        0|   1|  0|   5|    0|
    |mul_16s_8s_24_1_1_U379    |mul_16s_8s_24_1_1    |        0|   1|  0|   5|    0|
    |mul_16s_8s_24_1_1_U396    |mul_16s_8s_24_1_1    |        0|   1|  0|   5|    0|
    |mul_16s_8s_24_1_1_U399    |mul_16s_8s_24_1_1    |        0|   1|  0|   5|    0|
    |mul_16s_8s_24_1_1_U405    |mul_16s_8s_24_1_1    |        0|   1|  0|   5|    0|
    |mul_16s_8s_24_1_1_U417    |mul_16s_8s_24_1_1    |        0|   1|  0|   5|    0|
    |mul_16s_8s_24_1_1_U419    |mul_16s_8s_24_1_1    |        0|   1|  0|   5|    0|
    |mul_16s_8s_24_1_1_U420    |mul_16s_8s_24_1_1    |        0|   1|  0|   5|    0|
    |mul_16s_8s_24_1_1_U443    |mul_16s_8s_24_1_1    |        0|   1|  0|   5|    0|
    |mul_16s_8s_24_1_1_U448    |mul_16s_8s_24_1_1    |        0|   1|  0|   5|    0|
    |mul_16s_8s_24_1_1_U451    |mul_16s_8s_24_1_1    |        0|   1|  0|   5|    0|
    |mul_16s_8s_24_1_1_U452    |mul_16s_8s_24_1_1    |        0|   1|  0|   5|    0|
    |mul_16s_8s_24_1_1_U455    |mul_16s_8s_24_1_1    |        0|   1|  0|   5|    0|
    |mul_16s_8s_24_1_1_U458    |mul_16s_8s_24_1_1    |        0|   1|  0|   5|    0|
    |mul_16s_8s_24_1_1_U459    |mul_16s_8s_24_1_1    |        0|   1|  0|   5|    0|
    |mul_16s_8s_24_1_1_U460    |mul_16s_8s_24_1_1    |        0|   1|  0|   5|    0|
    |mul_16s_8s_24_1_1_U481    |mul_16s_8s_24_1_1    |        0|   1|  0|   5|    0|
    |mul_16s_8s_24_1_1_U490    |mul_16s_8s_24_1_1    |        0|   1|  0|   5|    0|
    |mul_16s_8s_24_1_1_U507    |mul_16s_8s_24_1_1    |        0|   1|  0|   5|    0|
    |mul_16s_8s_24_1_1_U516    |mul_16s_8s_24_1_1    |        0|   1|  0|   5|    0|
    |mul_16s_8s_24_1_1_U520    |mul_16s_8s_24_1_1    |        0|   1|  0|   5|    0|
    |mul_16s_8s_24_1_1_U524    |mul_16s_8s_24_1_1    |        0|   1|  0|   5|    0|
    |mul_16s_8s_24_1_1_U525    |mul_16s_8s_24_1_1    |        0|   1|  0|   5|    0|
    |mul_16s_8s_24_1_1_U536    |mul_16s_8s_24_1_1    |        0|   1|  0|   5|    0|
    |mul_16s_8s_24_1_1_U539    |mul_16s_8s_24_1_1    |        0|   1|  0|   5|    0|
    |mul_16s_8s_24_1_1_U543    |mul_16s_8s_24_1_1    |        0|   1|  0|   5|    0|
    |mul_16s_8s_24_1_1_U548    |mul_16s_8s_24_1_1    |        0|   1|  0|   5|    0|
    |mul_16s_8s_24_1_1_U574    |mul_16s_8s_24_1_1    |        0|   1|  0|   5|    0|
    |mul_16s_8s_24_1_1_U583    |mul_16s_8s_24_1_1    |        0|   1|  0|   5|    0|
    |mul_16s_8s_24_1_1_U588    |mul_16s_8s_24_1_1    |        0|   1|  0|   5|    0|
    |mul_16s_8s_24_1_1_U593    |mul_16s_8s_24_1_1    |        0|   1|  0|   5|    0|
    |mul_16s_8s_24_1_1_U597    |mul_16s_8s_24_1_1    |        0|   1|  0|   5|    0|
    |mul_16s_8s_24_1_1_U605    |mul_16s_8s_24_1_1    |        0|   1|  0|   5|    0|
    |mul_16s_8s_24_1_1_U611    |mul_16s_8s_24_1_1    |        0|   1|  0|   5|    0|
    |mul_16s_8s_24_1_1_U645    |mul_16s_8s_24_1_1    |        0|   1|  0|   5|    0|
    |mul_16s_9ns_25_1_1_U8     |mul_16s_9ns_25_1_1   |        0|   1|  0|   5|    0|
    |mul_16s_9ns_25_1_1_U23    |mul_16s_9ns_25_1_1   |        0|   1|  0|   5|    0|
    |mul_16s_9ns_25_1_1_U29    |mul_16s_9ns_25_1_1   |        0|   1|  0|   5|    0|
    |mul_16s_9ns_25_1_1_U35    |mul_16s_9ns_25_1_1   |        0|   1|  0|   5|    0|
    |mul_16s_9ns_25_1_1_U37    |mul_16s_9ns_25_1_1   |        0|   1|  0|   5|    0|
    |mul_16s_9ns_25_1_1_U39    |mul_16s_9ns_25_1_1   |        0|   1|  0|   5|    0|
    |mul_16s_9ns_25_1_1_U50    |mul_16s_9ns_25_1_1   |        0|   1|  0|   5|    0|
    |mul_16s_9ns_25_1_1_U55    |mul_16s_9ns_25_1_1   |        0|   1|  0|   5|    0|
    |mul_16s_9ns_25_1_1_U56    |mul_16s_9ns_25_1_1   |        0|   1|  0|   5|    0|
    |mul_16s_9ns_25_1_1_U57    |mul_16s_9ns_25_1_1   |        0|   1|  0|   5|    0|
    |mul_16s_9ns_25_1_1_U71    |mul_16s_9ns_25_1_1   |        0|   1|  0|   5|    0|
    |mul_16s_9ns_25_1_1_U81    |mul_16s_9ns_25_1_1   |        0|   1|  0|   5|    0|
    |mul_16s_9ns_25_1_1_U92    |mul_16s_9ns_25_1_1   |        0|   1|  0|   5|    0|
    |mul_16s_9ns_25_1_1_U94    |mul_16s_9ns_25_1_1   |        0|   1|  0|   5|    0|
    |mul_16s_9ns_25_1_1_U102   |mul_16s_9ns_25_1_1   |        0|   1|  0|   5|    0|
    |mul_16s_9ns_25_1_1_U104   |mul_16s_9ns_25_1_1   |        0|   1|  0|   5|    0|
    |mul_16s_9ns_25_1_1_U108   |mul_16s_9ns_25_1_1   |        0|   1|  0|   5|    0|
    |mul_16s_9ns_25_1_1_U112   |mul_16s_9ns_25_1_1   |        0|   1|  0|   5|    0|
    |mul_16s_9ns_25_1_1_U114   |mul_16s_9ns_25_1_1   |        0|   1|  0|   5|    0|
    |mul_16s_9ns_25_1_1_U116   |mul_16s_9ns_25_1_1   |        0|   1|  0|   5|    0|
    |mul_16s_9ns_25_1_1_U117   |mul_16s_9ns_25_1_1   |        0|   1|  0|   5|    0|
    |mul_16s_9ns_25_1_1_U122   |mul_16s_9ns_25_1_1   |        0|   1|  0|   5|    0|
    |mul_16s_9ns_25_1_1_U125   |mul_16s_9ns_25_1_1   |        0|   1|  0|   5|    0|
    |mul_16s_9ns_25_1_1_U131   |mul_16s_9ns_25_1_1   |        0|   1|  0|   5|    0|
    |mul_16s_9ns_25_1_1_U134   |mul_16s_9ns_25_1_1   |        0|   1|  0|   5|    0|
    |mul_16s_9ns_25_1_1_U145   |mul_16s_9ns_25_1_1   |        0|   1|  0|   5|    0|
    |mul_16s_9ns_25_1_1_U148   |mul_16s_9ns_25_1_1   |        0|   1|  0|   5|    0|
    |mul_16s_9ns_25_1_1_U149   |mul_16s_9ns_25_1_1   |        0|   1|  0|   5|    0|
    |mul_16s_9ns_25_1_1_U152   |mul_16s_9ns_25_1_1   |        0|   1|  0|   5|    0|
    |mul_16s_9ns_25_1_1_U161   |mul_16s_9ns_25_1_1   |        0|   1|  0|   5|    0|
    |mul_16s_9ns_25_1_1_U164   |mul_16s_9ns_25_1_1   |        0|   1|  0|   5|    0|
    |mul_16s_9ns_25_1_1_U167   |mul_16s_9ns_25_1_1   |        0|   1|  0|   5|    0|
    |mul_16s_9ns_25_1_1_U170   |mul_16s_9ns_25_1_1   |        0|   1|  0|   5|    0|
    |mul_16s_9ns_25_1_1_U181   |mul_16s_9ns_25_1_1   |        0|   1|  0|   5|    0|
    |mul_16s_9ns_25_1_1_U183   |mul_16s_9ns_25_1_1   |        0|   1|  0|   5|    0|
    |mul_16s_9ns_25_1_1_U187   |mul_16s_9ns_25_1_1   |        0|   1|  0|   5|    0|
    |mul_16s_9ns_25_1_1_U188   |mul_16s_9ns_25_1_1   |        0|   1|  0|   5|    0|
    |mul_16s_9ns_25_1_1_U197   |mul_16s_9ns_25_1_1   |        0|   1|  0|   5|    0|
    |mul_16s_9ns_25_1_1_U202   |mul_16s_9ns_25_1_1   |        0|   1|  0|   5|    0|
    |mul_16s_9ns_25_1_1_U208   |mul_16s_9ns_25_1_1   |        0|   1|  0|   5|    0|
    |mul_16s_9ns_25_1_1_U211   |mul_16s_9ns_25_1_1   |        0|   1|  0|   5|    0|
    |mul_16s_9ns_25_1_1_U213   |mul_16s_9ns_25_1_1   |        0|   1|  0|   5|    0|
    |mul_16s_9ns_25_1_1_U214   |mul_16s_9ns_25_1_1   |        0|   1|  0|   5|    0|
    |mul_16s_9ns_25_1_1_U219   |mul_16s_9ns_25_1_1   |        0|   1|  0|   5|    0|
    |mul_16s_9ns_25_1_1_U224   |mul_16s_9ns_25_1_1   |        0|   1|  0|   5|    0|
    |mul_16s_9ns_25_1_1_U225   |mul_16s_9ns_25_1_1   |        0|   1|  0|   5|    0|
    |mul_16s_9ns_25_1_1_U236   |mul_16s_9ns_25_1_1   |        0|   1|  0|   5|    0|
    |mul_16s_9ns_25_1_1_U237   |mul_16s_9ns_25_1_1   |        0|   1|  0|   5|    0|
    |mul_16s_9ns_25_1_1_U238   |mul_16s_9ns_25_1_1   |        0|   1|  0|   5|    0|
    |mul_16s_9ns_25_1_1_U243   |mul_16s_9ns_25_1_1   |        0|   1|  0|   5|    0|
    |mul_16s_9ns_25_1_1_U244   |mul_16s_9ns_25_1_1   |        0|   1|  0|   5|    0|
    |mul_16s_9ns_25_1_1_U255   |mul_16s_9ns_25_1_1   |        0|   1|  0|   5|    0|
    |mul_16s_9ns_25_1_1_U265   |mul_16s_9ns_25_1_1   |        0|   1|  0|   5|    0|
    |mul_16s_9ns_25_1_1_U267   |mul_16s_9ns_25_1_1   |        0|   1|  0|   5|    0|
    |mul_16s_9ns_25_1_1_U268   |mul_16s_9ns_25_1_1   |        0|   1|  0|   5|    0|
    |mul_16s_9ns_25_1_1_U271   |mul_16s_9ns_25_1_1   |        0|   1|  0|   5|    0|
    |mul_16s_9ns_25_1_1_U279   |mul_16s_9ns_25_1_1   |        0|   1|  0|   5|    0|
    |mul_16s_9ns_25_1_1_U292   |mul_16s_9ns_25_1_1   |        0|   1|  0|   5|    0|
    |mul_16s_9ns_25_1_1_U294   |mul_16s_9ns_25_1_1   |        0|   1|  0|   5|    0|
    |mul_16s_9ns_25_1_1_U299   |mul_16s_9ns_25_1_1   |        0|   1|  0|   5|    0|
    |mul_16s_9ns_25_1_1_U300   |mul_16s_9ns_25_1_1   |        0|   1|  0|   5|    0|
    |mul_16s_9ns_25_1_1_U304   |mul_16s_9ns_25_1_1   |        0|   1|  0|   5|    0|
    |mul_16s_9ns_25_1_1_U310   |mul_16s_9ns_25_1_1   |        0|   1|  0|   5|    0|
    |mul_16s_9ns_25_1_1_U315   |mul_16s_9ns_25_1_1   |        0|   1|  0|   5|    0|
    |mul_16s_9ns_25_1_1_U318   |mul_16s_9ns_25_1_1   |        0|   1|  0|   5|    0|
    |mul_16s_9ns_25_1_1_U330   |mul_16s_9ns_25_1_1   |        0|   1|  0|   5|    0|
    |mul_16s_9ns_25_1_1_U333   |mul_16s_9ns_25_1_1   |        0|   1|  0|   5|    0|
    |mul_16s_9ns_25_1_1_U335   |mul_16s_9ns_25_1_1   |        0|   1|  0|   5|    0|
    |mul_16s_9ns_25_1_1_U337   |mul_16s_9ns_25_1_1   |        0|   1|  0|   5|    0|
    |mul_16s_9ns_25_1_1_U349   |mul_16s_9ns_25_1_1   |        0|   1|  0|   5|    0|
    |mul_16s_9ns_25_1_1_U351   |mul_16s_9ns_25_1_1   |        0|   1|  0|   5|    0|
    |mul_16s_9ns_25_1_1_U368   |mul_16s_9ns_25_1_1   |        0|   1|  0|   5|    0|
    |mul_16s_9ns_25_1_1_U383   |mul_16s_9ns_25_1_1   |        0|   1|  0|   5|    0|
    |mul_16s_9ns_25_1_1_U384   |mul_16s_9ns_25_1_1   |        0|   1|  0|   5|    0|
    |mul_16s_9ns_25_1_1_U385   |mul_16s_9ns_25_1_1   |        0|   1|  0|   5|    0|
    |mul_16s_9ns_25_1_1_U391   |mul_16s_9ns_25_1_1   |        0|   1|  0|   5|    0|
    |mul_16s_9ns_25_1_1_U403   |mul_16s_9ns_25_1_1   |        0|   1|  0|   5|    0|
    |mul_16s_9ns_25_1_1_U408   |mul_16s_9ns_25_1_1   |        0|   1|  0|   5|    0|
    |mul_16s_9ns_25_1_1_U412   |mul_16s_9ns_25_1_1   |        0|   1|  0|   5|    0|
    |mul_16s_9ns_25_1_1_U418   |mul_16s_9ns_25_1_1   |        0|   1|  0|   5|    0|
    |mul_16s_9ns_25_1_1_U427   |mul_16s_9ns_25_1_1   |        0|   1|  0|   5|    0|
    |mul_16s_9ns_25_1_1_U428   |mul_16s_9ns_25_1_1   |        0|   1|  0|   5|    0|
    |mul_16s_9ns_25_1_1_U432   |mul_16s_9ns_25_1_1   |        0|   1|  0|   5|    0|
    |mul_16s_9ns_25_1_1_U434   |mul_16s_9ns_25_1_1   |        0|   1|  0|   5|    0|
    |mul_16s_9ns_25_1_1_U446   |mul_16s_9ns_25_1_1   |        0|   1|  0|   5|    0|
    |mul_16s_9ns_25_1_1_U456   |mul_16s_9ns_25_1_1   |        0|   1|  0|   5|    0|
    |mul_16s_9ns_25_1_1_U461   |mul_16s_9ns_25_1_1   |        0|   1|  0|   5|    0|
    |mul_16s_9ns_25_1_1_U466   |mul_16s_9ns_25_1_1   |        0|   1|  0|   5|    0|
    |mul_16s_9ns_25_1_1_U473   |mul_16s_9ns_25_1_1   |        0|   1|  0|   5|    0|
    |mul_16s_9ns_25_1_1_U474   |mul_16s_9ns_25_1_1   |        0|   1|  0|   5|    0|
    |mul_16s_9ns_25_1_1_U479   |mul_16s_9ns_25_1_1   |        0|   1|  0|   5|    0|
    |mul_16s_9ns_25_1_1_U488   |mul_16s_9ns_25_1_1   |        0|   1|  0|   5|    0|
    |mul_16s_9ns_25_1_1_U496   |mul_16s_9ns_25_1_1   |        0|   1|  0|   5|    0|
    |mul_16s_9ns_25_1_1_U505   |mul_16s_9ns_25_1_1   |        0|   1|  0|   5|    0|
    |mul_16s_9ns_25_1_1_U508   |mul_16s_9ns_25_1_1   |        0|   1|  0|   5|    0|
    |mul_16s_9ns_25_1_1_U514   |mul_16s_9ns_25_1_1   |        0|   1|  0|   5|    0|
    |mul_16s_9ns_25_1_1_U533   |mul_16s_9ns_25_1_1   |        0|   1|  0|   5|    0|
    |mul_16s_9ns_25_1_1_U534   |mul_16s_9ns_25_1_1   |        0|   1|  0|   5|    0|
    |mul_16s_9ns_25_1_1_U546   |mul_16s_9ns_25_1_1   |        0|   1|  0|   5|    0|
    |mul_16s_9ns_25_1_1_U552   |mul_16s_9ns_25_1_1   |        0|   1|  0|   5|    0|
    |mul_16s_9ns_25_1_1_U556   |mul_16s_9ns_25_1_1   |        0|   1|  0|   5|    0|
    |mul_16s_9ns_25_1_1_U571   |mul_16s_9ns_25_1_1   |        0|   1|  0|   5|    0|
    |mul_16s_9ns_25_1_1_U575   |mul_16s_9ns_25_1_1   |        0|   1|  0|   5|    0|
    |mul_16s_9ns_25_1_1_U581   |mul_16s_9ns_25_1_1   |        0|   1|  0|   5|    0|
    |mul_16s_9ns_25_1_1_U582   |mul_16s_9ns_25_1_1   |        0|   1|  0|   5|    0|
    |mul_16s_9ns_25_1_1_U590   |mul_16s_9ns_25_1_1   |        0|   1|  0|   5|    0|
    |mul_16s_9ns_25_1_1_U591   |mul_16s_9ns_25_1_1   |        0|   1|  0|   5|    0|
    |mul_16s_9ns_25_1_1_U594   |mul_16s_9ns_25_1_1   |        0|   1|  0|   5|    0|
    |mul_16s_9ns_25_1_1_U600   |mul_16s_9ns_25_1_1   |        0|   1|  0|   5|    0|
    |mul_16s_9ns_25_1_1_U613   |mul_16s_9ns_25_1_1   |        0|   1|  0|   5|    0|
    |mul_16s_9ns_25_1_1_U619   |mul_16s_9ns_25_1_1   |        0|   1|  0|   5|    0|
    |mul_16s_9ns_25_1_1_U626   |mul_16s_9ns_25_1_1   |        0|   1|  0|   5|    0|
    |mul_16s_9ns_25_1_1_U628   |mul_16s_9ns_25_1_1   |        0|   1|  0|   5|    0|
    |mul_16s_9ns_25_1_1_U638   |mul_16s_9ns_25_1_1   |        0|   1|  0|   5|    0|
    |mul_16s_9ns_25_1_1_U643   |mul_16s_9ns_25_1_1   |        0|   1|  0|   5|    0|
    |mul_16s_9ns_25_1_1_U646   |mul_16s_9ns_25_1_1   |        0|   1|  0|   5|    0|
    |mul_16s_9s_25_1_1_U2      |mul_16s_9s_25_1_1    |        0|   1|  0|   5|    0|
    |mul_16s_9s_25_1_1_U3      |mul_16s_9s_25_1_1    |        0|   1|  0|   5|    0|
    |mul_16s_9s_25_1_1_U10     |mul_16s_9s_25_1_1    |        0|   1|  0|   5|    0|
    |mul_16s_9s_25_1_1_U11     |mul_16s_9s_25_1_1    |        0|   1|  0|   5|    0|
    |mul_16s_9s_25_1_1_U16     |mul_16s_9s_25_1_1    |        0|   1|  0|   5|    0|
    |mul_16s_9s_25_1_1_U17     |mul_16s_9s_25_1_1    |        0|   1|  0|   5|    0|
    |mul_16s_9s_25_1_1_U21     |mul_16s_9s_25_1_1    |        0|   1|  0|   5|    0|
    |mul_16s_9s_25_1_1_U31     |mul_16s_9s_25_1_1    |        0|   1|  0|   5|    0|
    |mul_16s_9s_25_1_1_U45     |mul_16s_9s_25_1_1    |        0|   1|  0|   5|    0|
    |mul_16s_9s_25_1_1_U46     |mul_16s_9s_25_1_1    |        0|   1|  0|   5|    0|
    |mul_16s_9s_25_1_1_U48     |mul_16s_9s_25_1_1    |        0|   1|  0|   5|    0|
    |mul_16s_9s_25_1_1_U52     |mul_16s_9s_25_1_1    |        0|   1|  0|   5|    0|
    |mul_16s_9s_25_1_1_U65     |mul_16s_9s_25_1_1    |        0|   1|  0|   5|    0|
    |mul_16s_9s_25_1_1_U66     |mul_16s_9s_25_1_1    |        0|   1|  0|   5|    0|
    |mul_16s_9s_25_1_1_U68     |mul_16s_9s_25_1_1    |        0|   1|  0|   5|    0|
    |mul_16s_9s_25_1_1_U75     |mul_16s_9s_25_1_1    |        0|   1|  0|   5|    0|
    |mul_16s_9s_25_1_1_U76     |mul_16s_9s_25_1_1    |        0|   1|  0|   5|    0|
    |mul_16s_9s_25_1_1_U80     |mul_16s_9s_25_1_1    |        0|   1|  0|   5|    0|
    |mul_16s_9s_25_1_1_U82     |mul_16s_9s_25_1_1    |        0|   1|  0|   5|    0|
    |mul_16s_9s_25_1_1_U84     |mul_16s_9s_25_1_1    |        0|   1|  0|   5|    0|
    |mul_16s_9s_25_1_1_U88     |mul_16s_9s_25_1_1    |        0|   1|  0|   5|    0|
    |mul_16s_9s_25_1_1_U98     |mul_16s_9s_25_1_1    |        0|   1|  0|   5|    0|
    |mul_16s_9s_25_1_1_U110    |mul_16s_9s_25_1_1    |        0|   1|  0|   5|    0|
    |mul_16s_9s_25_1_1_U119    |mul_16s_9s_25_1_1    |        0|   1|  0|   5|    0|
    |mul_16s_9s_25_1_1_U124    |mul_16s_9s_25_1_1    |        0|   1|  0|   5|    0|
    |mul_16s_9s_25_1_1_U127    |mul_16s_9s_25_1_1    |        0|   1|  0|   5|    0|
    |mul_16s_9s_25_1_1_U129    |mul_16s_9s_25_1_1    |        0|   1|  0|   5|    0|
    |mul_16s_9s_25_1_1_U137    |mul_16s_9s_25_1_1    |        0|   1|  0|   5|    0|
    |mul_16s_9s_25_1_1_U140    |mul_16s_9s_25_1_1    |        0|   1|  0|   5|    0|
    |mul_16s_9s_25_1_1_U144    |mul_16s_9s_25_1_1    |        0|   1|  0|   5|    0|
    |mul_16s_9s_25_1_1_U154    |mul_16s_9s_25_1_1    |        0|   1|  0|   5|    0|
    |mul_16s_9s_25_1_1_U172    |mul_16s_9s_25_1_1    |        0|   1|  0|   5|    0|
    |mul_16s_9s_25_1_1_U175    |mul_16s_9s_25_1_1    |        0|   1|  0|   5|    0|
    |mul_16s_9s_25_1_1_U178    |mul_16s_9s_25_1_1    |        0|   1|  0|   5|    0|
    |mul_16s_9s_25_1_1_U180    |mul_16s_9s_25_1_1    |        0|   1|  0|   5|    0|
    |mul_16s_9s_25_1_1_U186    |mul_16s_9s_25_1_1    |        0|   1|  0|   5|    0|
    |mul_16s_9s_25_1_1_U189    |mul_16s_9s_25_1_1    |        0|   1|  0|   5|    0|
    |mul_16s_9s_25_1_1_U191    |mul_16s_9s_25_1_1    |        0|   1|  0|   5|    0|
    |mul_16s_9s_25_1_1_U207    |mul_16s_9s_25_1_1    |        0|   1|  0|   5|    0|
    |mul_16s_9s_25_1_1_U210    |mul_16s_9s_25_1_1    |        0|   1|  0|   5|    0|
    |mul_16s_9s_25_1_1_U216    |mul_16s_9s_25_1_1    |        0|   1|  0|   5|    0|
    |mul_16s_9s_25_1_1_U217    |mul_16s_9s_25_1_1    |        0|   1|  0|   5|    0|
    |mul_16s_9s_25_1_1_U221    |mul_16s_9s_25_1_1    |        0|   1|  0|   5|    0|
    |mul_16s_9s_25_1_1_U229    |mul_16s_9s_25_1_1    |        0|   1|  0|   5|    0|
    |mul_16s_9s_25_1_1_U230    |mul_16s_9s_25_1_1    |        0|   1|  0|   5|    0|
    |mul_16s_9s_25_1_1_U233    |mul_16s_9s_25_1_1    |        0|   1|  0|   5|    0|
    |mul_16s_9s_25_1_1_U235    |mul_16s_9s_25_1_1    |        0|   1|  0|   5|    0|
    |mul_16s_9s_25_1_1_U240    |mul_16s_9s_25_1_1    |        0|   1|  0|   5|    0|
    |mul_16s_9s_25_1_1_U241    |mul_16s_9s_25_1_1    |        0|   1|  0|   5|    0|
    |mul_16s_9s_25_1_1_U242    |mul_16s_9s_25_1_1    |        0|   1|  0|   5|    0|
    |mul_16s_9s_25_1_1_U245    |mul_16s_9s_25_1_1    |        0|   1|  0|   5|    0|
    |mul_16s_9s_25_1_1_U247    |mul_16s_9s_25_1_1    |        0|   1|  0|   5|    0|
    |mul_16s_9s_25_1_1_U262    |mul_16s_9s_25_1_1    |        0|   1|  0|   5|    0|
    |mul_16s_9s_25_1_1_U276    |mul_16s_9s_25_1_1    |        0|   1|  0|   5|    0|
    |mul_16s_9s_25_1_1_U278    |mul_16s_9s_25_1_1    |        0|   1|  0|   5|    0|
    |mul_16s_9s_25_1_1_U286    |mul_16s_9s_25_1_1    |        0|   1|  0|   5|    0|
    |mul_16s_9s_25_1_1_U288    |mul_16s_9s_25_1_1    |        0|   1|  0|   5|    0|
    |mul_16s_9s_25_1_1_U291    |mul_16s_9s_25_1_1    |        0|   1|  0|   5|    0|
    |mul_16s_9s_25_1_1_U302    |mul_16s_9s_25_1_1    |        0|   1|  0|   5|    0|
    |mul_16s_9s_25_1_1_U312    |mul_16s_9s_25_1_1    |        0|   1|  0|   5|    0|
    |mul_16s_9s_25_1_1_U319    |mul_16s_9s_25_1_1    |        0|   1|  0|   5|    0|
    |mul_16s_9s_25_1_1_U320    |mul_16s_9s_25_1_1    |        0|   1|  0|   5|    0|
    |mul_16s_9s_25_1_1_U331    |mul_16s_9s_25_1_1    |        0|   1|  0|   5|    0|
    |mul_16s_9s_25_1_1_U336    |mul_16s_9s_25_1_1    |        0|   1|  0|   5|    0|
    |mul_16s_9s_25_1_1_U340    |mul_16s_9s_25_1_1    |        0|   1|  0|   5|    0|
    |mul_16s_9s_25_1_1_U341    |mul_16s_9s_25_1_1    |        0|   1|  0|   5|    0|
    |mul_16s_9s_25_1_1_U345    |mul_16s_9s_25_1_1    |        0|   1|  0|   5|    0|
    |mul_16s_9s_25_1_1_U346    |mul_16s_9s_25_1_1    |        0|   1|  0|   5|    0|
    |mul_16s_9s_25_1_1_U354    |mul_16s_9s_25_1_1    |        0|   1|  0|   5|    0|
    |mul_16s_9s_25_1_1_U356    |mul_16s_9s_25_1_1    |        0|   1|  0|   5|    0|
    |mul_16s_9s_25_1_1_U359    |mul_16s_9s_25_1_1    |        0|   1|  0|   5|    0|
    |mul_16s_9s_25_1_1_U361    |mul_16s_9s_25_1_1    |        0|   1|  0|   5|    0|
    |mul_16s_9s_25_1_1_U367    |mul_16s_9s_25_1_1    |        0|   1|  0|   5|    0|
    |mul_16s_9s_25_1_1_U369    |mul_16s_9s_25_1_1    |        0|   1|  0|   5|    0|
    |mul_16s_9s_25_1_1_U374    |mul_16s_9s_25_1_1    |        0|   1|  0|   5|    0|
    |mul_16s_9s_25_1_1_U382    |mul_16s_9s_25_1_1    |        0|   1|  0|   5|    0|
    |mul_16s_9s_25_1_1_U401    |mul_16s_9s_25_1_1    |        0|   1|  0|   5|    0|
    |mul_16s_9s_25_1_1_U410    |mul_16s_9s_25_1_1    |        0|   1|  0|   5|    0|
    |mul_16s_9s_25_1_1_U426    |mul_16s_9s_25_1_1    |        0|   1|  0|   5|    0|
    |mul_16s_9s_25_1_1_U429    |mul_16s_9s_25_1_1    |        0|   1|  0|   5|    0|
    |mul_16s_9s_25_1_1_U439    |mul_16s_9s_25_1_1    |        0|   1|  0|   5|    0|
    |mul_16s_9s_25_1_1_U467    |mul_16s_9s_25_1_1    |        0|   1|  0|   5|    0|
    |mul_16s_9s_25_1_1_U469    |mul_16s_9s_25_1_1    |        0|   1|  0|   5|    0|
    |mul_16s_9s_25_1_1_U489    |mul_16s_9s_25_1_1    |        0|   1|  0|   5|    0|
    |mul_16s_9s_25_1_1_U503    |mul_16s_9s_25_1_1    |        0|   1|  0|   5|    0|
    |mul_16s_9s_25_1_1_U504    |mul_16s_9s_25_1_1    |        0|   1|  0|   5|    0|
    |mul_16s_9s_25_1_1_U510    |mul_16s_9s_25_1_1    |        0|   1|  0|   5|    0|
    |mul_16s_9s_25_1_1_U515    |mul_16s_9s_25_1_1    |        0|   1|  0|   5|    0|
    |mul_16s_9s_25_1_1_U523    |mul_16s_9s_25_1_1    |        0|   1|  0|   5|    0|
    |mul_16s_9s_25_1_1_U526    |mul_16s_9s_25_1_1    |        0|   1|  0|   5|    0|
    |mul_16s_9s_25_1_1_U550    |mul_16s_9s_25_1_1    |        0|   1|  0|   5|    0|
    |mul_16s_9s_25_1_1_U551    |mul_16s_9s_25_1_1    |        0|   1|  0|   5|    0|
    |mul_16s_9s_25_1_1_U553    |mul_16s_9s_25_1_1    |        0|   1|  0|   5|    0|
    |mul_16s_9s_25_1_1_U560    |mul_16s_9s_25_1_1    |        0|   1|  0|   5|    0|
    |mul_16s_9s_25_1_1_U561    |mul_16s_9s_25_1_1    |        0|   1|  0|   5|    0|
    |mul_16s_9s_25_1_1_U563    |mul_16s_9s_25_1_1    |        0|   1|  0|   5|    0|
    |mul_16s_9s_25_1_1_U566    |mul_16s_9s_25_1_1    |        0|   1|  0|   5|    0|
    |mul_16s_9s_25_1_1_U572    |mul_16s_9s_25_1_1    |        0|   1|  0|   5|    0|
    |mul_16s_9s_25_1_1_U578    |mul_16s_9s_25_1_1    |        0|   1|  0|   5|    0|
    |mul_16s_9s_25_1_1_U584    |mul_16s_9s_25_1_1    |        0|   1|  0|   5|    0|
    |mul_16s_9s_25_1_1_U586    |mul_16s_9s_25_1_1    |        0|   1|  0|   5|    0|
    |mul_16s_9s_25_1_1_U589    |mul_16s_9s_25_1_1    |        0|   1|  0|   5|    0|
    |mul_16s_9s_25_1_1_U604    |mul_16s_9s_25_1_1    |        0|   1|  0|   5|    0|
    |mul_16s_9s_25_1_1_U615    |mul_16s_9s_25_1_1    |        0|   1|  0|   5|    0|
    |mul_16s_9s_25_1_1_U620    |mul_16s_9s_25_1_1    |        0|   1|  0|   5|    0|
    |mul_16s_9s_25_1_1_U625    |mul_16s_9s_25_1_1    |        0|   1|  0|   5|    0|
    |mul_16s_9s_25_1_1_U632    |mul_16s_9s_25_1_1    |        0|   1|  0|   5|    0|
    |mul_16s_9s_25_1_1_U634    |mul_16s_9s_25_1_1    |        0|   1|  0|   5|    0|
    |mul_16s_9s_25_1_1_U639    |mul_16s_9s_25_1_1    |        0|   1|  0|   5|    0|
    |mul_16s_9s_25_1_1_U648    |mul_16s_9s_25_1_1    |        0|   1|  0|   5|    0|
    +--------------------------+---------------------+---------+----+---+----+-----+
    |Total                     |                     |        0| 648|  0|3240|    0|
    +--------------------------+---------------------+---------+----+---+----+-----+

    * DSP: 
    N/A

    * Memory: 
    N/A

    * FIFO: 
    N/A

    * Expression: 
    +-----------------------------+----------+----+---+-----+------------+------------+
    |        Variable Name        | Operation| DSP| FF| LUT | Bitwidth P0| Bitwidth P1|
    +-----------------------------+----------+----+---+-----+------------+------------+
    |add_ln42_fu_2665480_p2       |         +|   0|  0|   33|          26|          26|
    |add_ln58_2763_fu_2677365_p2  |         +|   0|  0|   16|          16|          16|
    |add_ln58_2764_fu_2677371_p2  |         +|   0|  0|   16|          16|          16|
    |add_ln58_2765_fu_2677377_p2  |         +|   0|  0|   16|          16|          16|
    |add_ln58_2766_fu_2677383_p2  |         +|   0|  0|   23|          16|          16|
    |add_ln58_2767_fu_2677389_p2  |         +|   0|  0|   16|          16|          16|
    |add_ln58_2768_fu_2682740_p2  |         +|   0|  0|   16|          16|          16|
    |add_ln58_2769_fu_2677395_p2  |         +|   0|  0|   23|          16|          16|
    |add_ln58_2770_fu_2677401_p2  |         +|   0|  0|   23|          16|          16|
    |add_ln58_2771_fu_2677407_p2  |         +|   0|  0|   16|          16|          16|
    |add_ln58_2772_fu_2677413_p2  |         +|   0|  0|   16|          15|          15|
    |add_ln58_2773_fu_2677419_p2  |         +|   0|  0|   15|           8|           8|
    |add_ln58_2774_fu_2677433_p2  |         +|   0|  0|   19|          12|          12|
    |add_ln58_2775_fu_2677443_p2  |         +|   0|  0|   16|          15|          15|
    |add_ln58_2776_fu_2677453_p2  |         +|   0|  0|   16|          16|          16|
    |add_ln58_2777_fu_2682744_p2  |         +|   0|  0|   16|          16|          16|
    |add_ln58_2778_fu_2677459_p2  |         +|   0|  0|   16|          16|          16|
    |add_ln58_2779_fu_2677465_p2  |         +|   0|  0|   22|          15|          15|
    |add_ln58_2780_fu_2677475_p2  |         +|   0|  0|   16|          16|          16|
    |add_ln58_2781_fu_2677481_p2  |         +|   0|  0|   16|          16|          16|
    |add_ln58_2782_fu_2677487_p2  |         +|   0|  0|   23|          16|          16|
    |add_ln58_2783_fu_2677493_p2  |         +|   0|  0|   16|          16|          16|
    |add_ln58_2784_fu_2682749_p2  |         +|   0|  0|   16|          16|          16|
    |add_ln58_2785_fu_2677499_p2  |         +|   0|  0|   23|          16|          16|
    |add_ln58_2786_fu_2677505_p2  |         +|   0|  0|   23|          16|          16|
    |add_ln58_2787_fu_2682753_p2  |         +|   0|  0|   16|          16|          16|
    |add_ln58_2788_fu_2677511_p2  |         +|   0|  0|   16|          16|          16|
    |add_ln58_2789_fu_2677543_p2  |         +|   0|  0|   21|          14|          14|
    |add_ln58_2790_fu_2677553_p2  |         +|   0|  0|   16|          16|          16|
    |add_ln58_2791_fu_2682757_p2  |         +|   0|  0|   16|          16|          16|
    |add_ln58_2792_fu_2682762_p2  |         +|   0|  0|   16|          16|          16|
    |add_ln58_2793_fu_2677559_p2  |         +|   0|  0|   16|          16|          16|
    |add_ln58_2794_fu_2677565_p2  |         +|   0|  0|   16|          16|          16|
    |add_ln58_2795_fu_2677571_p2  |         +|   0|  0|   21|          14|          14|
    |add_ln58_2796_fu_2677581_p2  |         +|   0|  0|   16|          16|          16|
    |add_ln58_2797_fu_2677587_p2  |         +|   0|  0|   16|          16|          16|
    |add_ln58_2798_fu_2682768_p2  |         +|   0|  0|   16|          16|          16|
    |add_ln58_2799_fu_2677593_p2  |         +|   0|  0|   17|          13|          13|
    |add_ln58_2800_fu_2677599_p2  |         +|   0|  0|   17|          13|          13|
    |add_ln58_2801_fu_2677609_p2  |         +|   0|  0|   21|          14|          14|
    |add_ln58_2802_fu_2677619_p2  |         +|   0|  0|   23|          16|           8|
    |add_ln58_2803_fu_2677625_p2  |         +|   0|  0|   16|          16|          16|
    |add_ln58_2804_fu_2677631_p2  |         +|   0|  0|   16|          16|          16|
    |add_ln58_2805_fu_2682772_p2  |         +|   0|  0|   16|          16|          16|
    |add_ln58_2806_fu_2677637_p2  |         +|   0|  0|   16|          16|          16|
    |add_ln58_2807_fu_2677643_p2  |         +|   0|  0|   18|          11|          11|
    |add_ln58_2808_fu_2677653_p2  |         +|   0|  0|   16|          16|          16|
    |add_ln58_2809_fu_2677659_p2  |         +|   0|  0|   16|          16|          16|
    |add_ln58_2810_fu_2677665_p2  |         +|   0|  0|   23|          16|          16|
    |add_ln58_2811_fu_2677671_p2  |         +|   0|  0|   16|          16|          16|
    |add_ln58_2812_fu_2682777_p2  |         +|   0|  0|   16|          16|          16|
    |add_ln58_2813_fu_2677677_p2  |         +|   0|  0|   23|          16|          16|
    |add_ln58_2814_fu_2677683_p2  |         +|   0|  0|   23|          16|          16|
    |add_ln58_2815_fu_2682781_p2  |         +|   0|  0|   16|          16|          16|
    |add_ln58_2816_fu_2677689_p2  |         +|   0|  0|   16|          16|          16|
    |add_ln58_2817_fu_2677695_p2  |         +|   0|  0|   15|           8|           8|
    |add_ln58_2818_fu_2677705_p2  |         +|   0|  0|   23|          16|          16|
    |add_ln58_2819_fu_2677711_p2  |         +|   0|  0|   16|          16|          16|
    |add_ln58_2820_fu_2682785_p2  |         +|   0|  0|   16|          16|          16|
    |add_ln58_2821_fu_2682790_p2  |         +|   0|  0|   16|          16|          16|
    |add_ln58_2822_fu_2677717_p2  |         +|   0|  0|   16|          16|          16|
    |add_ln58_2823_fu_2677723_p2  |         +|   0|  0|   22|          15|          15|
    |add_ln58_2824_fu_2677733_p2  |         +|   0|  0|   16|          16|          16|
    |add_ln58_2825_fu_2677739_p2  |         +|   0|  0|   16|          16|          16|
    |add_ln58_2826_fu_2677745_p2  |         +|   0|  0|   22|          15|          15|
    |add_ln58_2827_fu_2677755_p2  |         +|   0|  0|   16|          16|          16|
    |add_ln58_2828_fu_2682796_p2  |         +|   0|  0|   16|          16|          16|
    |add_ln58_2829_fu_2677761_p2  |         +|   0|  0|   23|          16|          16|
    |add_ln58_2830_fu_2677767_p2  |         +|   0|  0|   23|          16|          16|
    |add_ln58_2831_fu_2677773_p2  |         +|   0|  0|   16|          16|          16|
    |add_ln58_2832_fu_2677779_p2  |         +|   0|  0|   16|          16|          16|
    |add_ln58_2833_fu_2677785_p2  |         +|   0|  0|   15|           8|           7|
    |add_ln58_2834_fu_2677795_p2  |         +|   0|  0|   19|          12|          12|
    |add_ln58_2835_fu_2677805_p2  |         +|   0|  0|   16|          16|          16|
    |add_ln58_2836_fu_2677811_p2  |         +|   0|  0|   16|          16|          16|
    |add_ln58_2837_fu_2682800_p2  |         +|   0|  0|   16|          16|          16|
    |add_ln58_2838_fu_2677817_p2  |         +|   0|  0|   16|          16|          16|
    |add_ln58_2839_fu_2677823_p2  |         +|   0|  0|   23|          16|          16|
    |add_ln58_2840_fu_2677829_p2  |         +|   0|  0|   16|          16|          16|
    |add_ln58_2841_fu_2677835_p2  |         +|   0|  0|   16|          16|          16|
    |add_ln58_2842_fu_2677841_p2  |         +|   0|  0|   22|          15|          15|
    |add_ln58_2843_fu_2677851_p2  |         +|   0|  0|   16|          16|          16|
    |add_ln58_2844_fu_2682805_p2  |         +|   0|  0|   16|          16|          16|
    |add_ln58_2845_fu_2677857_p2  |         +|   0|  0|   23|          16|          16|
    |add_ln58_2846_fu_2677863_p2  |         +|   0|  0|   23|          16|          16|
    |add_ln58_2847_fu_2677869_p2  |         +|   0|  0|   16|          16|          16|
    |add_ln58_2848_fu_2677875_p2  |         +|   0|  0|   16|           9|           9|
    |add_ln58_2849_fu_2677885_p2  |         +|   0|  0|   14|           7|           7|
    |add_ln58_2850_fu_2677895_p2  |         +|   0|  0|   17|          10|          10|
    |add_ln58_2851_fu_2677905_p2  |         +|   0|  0|   16|          16|          16|
    |add_ln58_2852_fu_2682809_p2  |         +|   0|  0|   16|          16|          16|
    |add_ln58_2853_fu_2677911_p2  |         +|   0|  0|   22|          15|          15|
    |add_ln58_2854_fu_2677921_p2  |         +|   0|  0|   16|          16|          16|
    |add_ln58_2855_fu_2677927_p2  |         +|   0|  0|   16|          16|          16|
    |add_ln58_2856_fu_2677933_p2  |         +|   0|  0|   16|          16|          16|
    |add_ln58_2857_fu_2677939_p2  |         +|   0|  0|   23|          16|          16|
    |add_ln58_2858_fu_2677945_p2  |         +|   0|  0|   16|          16|          16|
    |add_ln58_2859_fu_2682814_p2  |         +|   0|  0|   16|          16|          16|
    |add_ln58_2860_fu_2677951_p2  |         +|   0|  0|   23|          16|          16|
    |add_ln58_2861_fu_2677957_p2  |         +|   0|  0|   23|          16|          16|
    |add_ln58_2862_fu_2682818_p2  |         +|   0|  0|   16|          16|          16|
    |add_ln58_2863_fu_2677963_p2  |         +|   0|  0|   16|          16|          16|
    |add_ln58_2864_fu_2677969_p2  |         +|   0|  0|   16|           9|           8|
    |add_ln58_2865_fu_2677979_p2  |         +|   0|  0|   21|          14|          14|
    |add_ln58_2866_fu_2677989_p2  |         +|   0|  0|   16|          16|          16|
    |add_ln58_2867_fu_2682822_p2  |         +|   0|  0|   16|          16|          16|
    |add_ln58_2868_fu_2682827_p2  |         +|   0|  0|   16|          16|          16|
    |add_ln58_2869_fu_2677995_p2  |         +|   0|  0|   16|          16|          16|
    |add_ln58_2870_fu_2678001_p2  |         +|   0|  0|   23|          16|          16|
    |add_ln58_2871_fu_2678007_p2  |         +|   0|  0|   16|          16|          16|
    |add_ln58_2872_fu_2678013_p2  |         +|   0|  0|   16|          16|          16|
    |add_ln58_2873_fu_2678019_p2  |         +|   0|  0|   23|          16|          16|
    |add_ln58_2874_fu_2678025_p2  |         +|   0|  0|   16|          16|          16|
    |add_ln58_2875_fu_2682833_p2  |         +|   0|  0|   16|          16|          16|
    |add_ln58_2876_fu_2678031_p2  |         +|   0|  0|   23|          16|          16|
    |add_ln58_2877_fu_2682837_p2  |         +|   0|  0|   23|          16|          16|
    |add_ln58_2878_fu_2682842_p2  |         +|   0|  0|   16|          16|          16|
    |add_ln58_2879_fu_2678037_p2  |         +|   0|  0|   16|          16|          16|
    |add_ln58_2880_fu_2678043_p2  |         +|   0|  0|   15|           8|           7|
    |add_ln58_2881_fu_2678053_p2  |         +|   0|  0|   23|          16|          16|
    |add_ln58_2882_fu_2678059_p2  |         +|   0|  0|   16|          16|          16|
    |add_ln58_2883_fu_2682847_p2  |         +|   0|  0|   16|          16|          16|
    |add_ln58_2884_fu_2682852_p2  |         +|   0|  0|   16|          16|          16|
    |add_ln58_2885_fu_2678065_p2  |         +|   0|  0|   18|          11|          11|
    |add_ln58_2886_fu_2678075_p2  |         +|   0|  0|   16|          16|          16|
    |add_ln58_2887_fu_2678081_p2  |         +|   0|  0|   16|          16|          16|
    |add_ln58_2888_fu_2678087_p2  |         +|   0|  0|   22|          15|          15|
    |add_ln58_2889_fu_2678097_p2  |         +|   0|  0|   16|          16|          16|
    |add_ln58_2890_fu_2678103_p2  |         +|   0|  0|   16|          16|          16|
    |add_ln58_2891_fu_2682858_p2  |         +|   0|  0|   16|          16|          16|
    |add_ln58_2892_fu_2678109_p2  |         +|   0|  0|   23|          16|          16|
    |add_ln58_2893_fu_2678115_p2  |         +|   0|  0|   22|          15|          15|
    |add_ln58_2894_fu_2682865_p2  |         +|   0|  0|   16|          16|          16|
    |add_ln58_2895_fu_2682870_p2  |         +|   0|  0|   16|          16|          16|
    |add_ln58_2896_fu_2678121_p2  |         +|   0|  0|   20|          13|           8|
    |add_ln58_2897_fu_2678131_p2  |         +|   0|  0|   23|          16|          16|
    |add_ln58_2898_fu_2682875_p2  |         +|   0|  0|   16|          16|          16|
    |add_ln58_2899_fu_2682880_p2  |         +|   0|  0|   16|          16|          16|
    |add_ln58_2900_fu_2682886_p2  |         +|   0|  0|   16|          16|          16|
    |add_ln58_2901_fu_2678137_p2  |         +|   0|  0|   16|          16|          16|
    |add_ln58_2902_fu_2678143_p2  |         +|   0|  0|   23|          16|          16|
    |add_ln58_2903_fu_2678149_p2  |         +|   0|  0|   16|          16|          16|
    |add_ln58_2904_fu_2678155_p2  |         +|   0|  0|   22|          15|          15|
    |add_ln58_2905_fu_2678165_p2  |         +|   0|  0|   22|          15|          15|
    |add_ln58_2906_fu_2678175_p2  |         +|   0|  0|   23|          16|          16|
    |add_ln58_2907_fu_2682892_p2  |         +|   0|  0|   16|          16|          16|
    |add_ln58_2908_fu_2678181_p2  |         +|   0|  0|   22|          15|          15|
    |add_ln58_2909_fu_2678187_p2  |         +|   0|  0|   23|          16|          16|
    |add_ln58_2910_fu_2682899_p2  |         +|   0|  0|   16|          16|          16|
    |add_ln58_2911_fu_2678193_p2  |         +|   0|  0|   16|          16|          16|
    |add_ln58_2912_fu_2678199_p2  |         +|   0|  0|   15|           8|           8|
    |add_ln58_2913_fu_2678209_p2  |         +|   0|  0|   23|          16|          16|
    |add_ln58_2914_fu_2678215_p2  |         +|   0|  0|   16|          16|          16|
    |add_ln58_2915_fu_2682904_p2  |         +|   0|  0|   16|          16|          16|
    |add_ln58_2916_fu_2682909_p2  |         +|   0|  0|   16|          16|          16|
    |add_ln58_2917_fu_2678221_p2  |         +|   0|  0|   16|          16|          16|
    |add_ln58_2918_fu_2678227_p2  |         +|   0|  0|   23|          16|          16|
    |add_ln58_2919_fu_2678233_p2  |         +|   0|  0|   16|          16|          16|
    |add_ln58_2920_fu_2678239_p2  |         +|   0|  0|   16|          16|          16|
    |add_ln58_2921_fu_2678245_p2  |         +|   0|  0|   23|          16|          16|
    |add_ln58_2922_fu_2678251_p2  |         +|   0|  0|   16|          16|          16|
    |add_ln58_2923_fu_2682915_p2  |         +|   0|  0|   16|          16|          16|
    |add_ln58_2924_fu_2678257_p2  |         +|   0|  0|   23|          16|          16|
    |add_ln58_2925_fu_2678263_p2  |         +|   0|  0|   23|          16|          16|
    |add_ln58_2926_fu_2682919_p2  |         +|   0|  0|   16|          16|          16|
    |add_ln58_2927_fu_2678269_p2  |         +|   0|  0|   16|          16|          16|
    |add_ln58_2928_fu_2678275_p2  |         +|   0|  0|   16|           9|           7|
    |add_ln58_2929_fu_2678285_p2  |         +|   0|  0|   20|          13|          13|
    |add_ln58_2930_fu_2678295_p2  |         +|   0|  0|   16|          16|          16|
    |add_ln58_2931_fu_2682923_p2  |         +|   0|  0|   16|          16|          16|
    |add_ln58_2932_fu_2682928_p2  |         +|   0|  0|   16|          16|          16|
    |add_ln58_2933_fu_2678301_p2  |         +|   0|  0|   16|          16|          16|
    |add_ln58_2934_fu_2678307_p2  |         +|   0|  0|   23|          16|          16|
    |add_ln58_2935_fu_2678313_p2  |         +|   0|  0|   16|          16|          16|
    |add_ln58_2936_fu_2678319_p2  |         +|   0|  0|   16|          16|          16|
    |add_ln58_2937_fu_2678325_p2  |         +|   0|  0|   22|          15|          15|
    |add_ln58_2938_fu_2678335_p2  |         +|   0|  0|   16|          16|          16|
    |add_ln58_2939_fu_2682934_p2  |         +|   0|  0|   16|          16|          16|
    |add_ln58_2940_fu_2678341_p2  |         +|   0|  0|   23|          16|          16|
    |add_ln58_2941_fu_2678347_p2  |         +|   0|  0|   20|          13|          13|
    |add_ln58_2942_fu_2678357_p2  |         +|   0|  0|   16|          16|          16|
    |add_ln58_2943_fu_2678363_p2  |         +|   0|  0|   16|          16|          16|
    |add_ln58_2944_fu_2678369_p2  |         +|   0|  0|   16|           9|           9|
    |add_ln58_2945_fu_2678379_p2  |         +|   0|  0|   16|          16|          16|
    |add_ln58_2946_fu_2678385_p2  |         +|   0|  0|   16|          16|          16|
    |add_ln58_2947_fu_2682938_p2  |         +|   0|  0|   16|          16|          16|
    |add_ln58_2948_fu_2678391_p2  |         +|   0|  0|   16|          16|          16|
    |add_ln58_2949_fu_2678397_p2  |         +|   0|  0|   23|          16|          16|
    |add_ln58_2950_fu_2678403_p2  |         +|   0|  0|   16|          16|          16|
    |add_ln58_2951_fu_2678409_p2  |         +|   0|  0|   16|          15|          15|
    |add_ln58_2952_fu_2678415_p2  |         +|   0|  0|   18|          11|          11|
    |add_ln58_2953_fu_2678425_p2  |         +|   0|  0|   16|          15|          15|
    |add_ln58_2954_fu_2682946_p2  |         +|   0|  0|   16|          16|          16|
    |add_ln58_2955_fu_2678431_p2  |         +|   0|  0|   23|          16|          16|
    |add_ln58_2956_fu_2678437_p2  |         +|   0|  0|   23|          16|          16|
    |add_ln58_2957_fu_2682951_p2  |         +|   0|  0|   16|          16|          16|
    |add_ln58_2958_fu_2678443_p2  |         +|   0|  0|   16|          16|          16|
    |add_ln58_2959_fu_2678449_p2  |         +|   0|  0|   16|          16|           7|
    |add_ln58_2960_fu_2678455_p2  |         +|   0|  0|   16|          16|          16|
    |add_ln58_2961_fu_2678461_p2  |         +|   0|  0|   16|          16|          16|
    |add_ln58_2962_fu_2682955_p2  |         +|   0|  0|   16|          16|          16|
    |add_ln58_2963_fu_2682960_p2  |         +|   0|  0|   16|          16|          16|
    |add_ln58_2964_fu_2678467_p2  |         +|   0|  0|   16|          16|          16|
    |add_ln58_2965_fu_2678473_p2  |         +|   0|  0|   16|          16|          16|
    |add_ln58_2966_fu_2678479_p2  |         +|   0|  0|   16|          16|          16|
    |add_ln58_2967_fu_2678485_p2  |         +|   0|  0|   23|          16|          16|
    |add_ln58_2968_fu_2678491_p2  |         +|   0|  0|   16|          16|          16|
    |add_ln58_2969_fu_2682966_p2  |         +|   0|  0|   16|          16|          16|
    |add_ln58_2970_fu_2678497_p2  |         +|   0|  0|   22|          15|          15|
    |add_ln58_2971_fu_2678507_p2  |         +|   0|  0|   23|          16|          16|
    |add_ln58_2972_fu_2678513_p2  |         +|   0|  0|   16|          16|          16|
    |add_ln58_2973_fu_2678519_p2  |         +|   0|  0|   16|          16|          16|
    |add_ln58_2974_fu_2678525_p2  |         +|   0|  0|   15|           8|           6|
    |add_ln58_2975_fu_2678535_p2  |         +|   0|  0|   16|          16|          16|
    |add_ln58_2976_fu_2678541_p2  |         +|   0|  0|   16|          16|          16|
    |add_ln58_2977_fu_2682970_p2  |         +|   0|  0|   16|          16|          16|
    |add_ln58_2978_fu_2678547_p2  |         +|   0|  0|   16|          16|          16|
    |add_ln58_2979_fu_2678553_p2  |         +|   0|  0|   23|          16|          16|
    |add_ln58_2980_fu_2678559_p2  |         +|   0|  0|   16|          16|          16|
    |add_ln58_2981_fu_2678565_p2  |         +|   0|  0|   16|          16|          16|
    |add_ln58_2982_fu_2678571_p2  |         +|   0|  0|   23|          16|          16|
    |add_ln58_2983_fu_2678577_p2  |         +|   0|  0|   16|          16|          16|
    |add_ln58_2984_fu_2682975_p2  |         +|   0|  0|   16|          16|          16|
    |add_ln58_2985_fu_2678583_p2  |         +|   0|  0|   23|          16|          16|
    |add_ln58_2986_fu_2678589_p2  |         +|   0|  0|   21|          14|          14|
    |add_ln58_2987_fu_2682982_p2  |         +|   0|  0|   16|          16|          16|
    |add_ln58_2988_fu_2682987_p2  |         +|   0|  0|   16|          16|          16|
    |add_ln58_2989_fu_2678595_p2  |         +|   0|  0|   20|          13|           9|
    |add_ln58_2990_fu_2678605_p2  |         +|   0|  0|   23|          16|          16|
    |add_ln58_2991_fu_2682991_p2  |         +|   0|  0|   16|          16|          16|
    |add_ln58_2992_fu_2682996_p2  |         +|   0|  0|   16|          16|          16|
    |add_ln58_2993_fu_2683002_p2  |         +|   0|  0|   16|          16|          16|
    |add_ln58_2994_fu_2678611_p2  |         +|   0|  0|   16|          16|          16|
    |add_ln58_2995_fu_2678617_p2  |         +|   0|  0|   19|          12|          12|
    |add_ln58_2996_fu_2678627_p2  |         +|   0|  0|   16|          16|          16|
    |add_ln58_2997_fu_2678633_p2  |         +|   0|  0|   16|          16|          16|
    |add_ln58_2998_fu_2678639_p2  |         +|   0|  0|   23|          16|          16|
    |add_ln58_2999_fu_2678645_p2  |         +|   0|  0|   16|          16|          16|
    |add_ln58_3000_fu_2683008_p2  |         +|   0|  0|   16|          16|          16|
    |add_ln58_3001_fu_2678651_p2  |         +|   0|  0|   23|          16|          16|
    |add_ln58_3002_fu_2678657_p2  |         +|   0|  0|   23|          16|          16|
    |add_ln58_3003_fu_2683012_p2  |         +|   0|  0|   16|          16|          16|
    |add_ln58_3004_fu_2678663_p2  |         +|   0|  0|   16|          16|          16|
    |add_ln58_3005_fu_2678669_p2  |         +|   0|  0|   16|           9|           8|
    |add_ln58_3006_fu_2678679_p2  |         +|   0|  0|   22|          15|          15|
    |add_ln58_3007_fu_2678689_p2  |         +|   0|  0|   16|          16|          16|
    |add_ln58_3008_fu_2683016_p2  |         +|   0|  0|   16|          16|          16|
    |add_ln58_3009_fu_2683021_p2  |         +|   0|  0|   16|          16|          16|
    |add_ln58_3010_fu_2678695_p2  |         +|   0|  0|   21|          14|          14|
    |add_ln58_3011_fu_2678705_p2  |         +|   0|  0|   16|          16|          16|
    |add_ln58_3012_fu_2678711_p2  |         +|   0|  0|   16|          16|          16|
    |add_ln58_3013_fu_2678717_p2  |         +|   0|  0|   16|          16|          16|
    |add_ln58_3014_fu_2678723_p2  |         +|   0|  0|   23|          16|          16|
    |add_ln58_3015_fu_2678729_p2  |         +|   0|  0|   16|          16|          16|
    |add_ln58_3016_fu_2683027_p2  |         +|   0|  0|   16|          16|          16|
    |add_ln58_3017_fu_2678735_p2  |         +|   0|  0|   23|          16|          16|
    |add_ln58_3018_fu_2678741_p2  |         +|   0|  0|   23|          16|          16|
    |add_ln58_3019_fu_2678747_p2  |         +|   0|  0|   16|          16|          16|
    |add_ln58_3020_fu_2678753_p2  |         +|   0|  0|   16|          16|          16|
    |add_ln58_3021_fu_2678759_p2  |         +|   0|  0|   15|           8|           8|
    |add_ln58_3022_fu_2678769_p2  |         +|   0|  0|   16|          16|          16|
    |add_ln58_3023_fu_2678775_p2  |         +|   0|  0|   16|          16|          16|
    |add_ln58_3024_fu_2683031_p2  |         +|   0|  0|   16|          16|          16|
    |add_ln58_3025_fu_2678781_p2  |         +|   0|  0|   16|          16|          16|
    |add_ln58_3026_fu_2678787_p2  |         +|   0|  0|   16|          16|          16|
    |add_ln58_3027_fu_2678793_p2  |         +|   0|  0|   16|          16|          16|
    |add_ln58_3028_fu_2678799_p2  |         +|   0|  0|   23|          16|          16|
    |add_ln58_3029_fu_2678805_p2  |         +|   0|  0|   16|          16|          16|
    |add_ln58_3030_fu_2683036_p2  |         +|   0|  0|   16|          16|          16|
    |add_ln58_3031_fu_2678811_p2  |         +|   0|  0|   20|          13|          13|
    |add_ln58_3032_fu_2678821_p2  |         +|   0|  0|   16|          15|          15|
    |add_ln58_3033_fu_2678827_p2  |         +|   0|  0|   16|          15|          15|
    |add_ln58_3034_fu_2678837_p2  |         +|   0|  0|   21|          14|          14|
    |add_ln58_3035_fu_2678847_p2  |         +|   0|  0|   21|          14|           7|
    |add_ln58_3036_fu_2678857_p2  |         +|   0|  0|   22|          15|          15|
    |add_ln58_3037_fu_2678867_p2  |         +|   0|  0|   23|          16|          16|
    |add_ln58_3038_fu_2683040_p2  |         +|   0|  0|   16|          16|          16|
    |add_ln58_3039_fu_2678873_p2  |         +|   0|  0|   22|          15|          15|
    |add_ln58_3040_fu_2678883_p2  |         +|   0|  0|   22|          15|          15|
    |add_ln58_3041_fu_2678893_p2  |         +|   0|  0|   23|          16|          16|
    |add_ln58_3042_fu_2678899_p2  |         +|   0|  0|   16|          16|          16|
    |add_ln58_3043_fu_2678905_p2  |         +|   0|  0|   23|          16|          16|
    |add_ln58_3044_fu_2678911_p2  |         +|   0|  0|   16|          16|          16|
    |add_ln58_3045_fu_2683045_p2  |         +|   0|  0|   16|          16|          16|
    |add_ln58_3046_fu_2678917_p2  |         +|   0|  0|   23|          16|          16|
    |add_ln58_3047_fu_2678923_p2  |         +|   0|  0|   23|          16|          16|
    |add_ln58_3048_fu_2678929_p2  |         +|   0|  0|   16|          16|          16|
    |add_ln58_3049_fu_2678935_p2  |         +|   0|  0|   16|          16|           7|
    |add_ln58_3050_fu_2678941_p2  |         +|   0|  0|   14|           7|           7|
    |add_ln58_3051_fu_2678951_p2  |         +|   0|  0|   16|          16|          16|
    |add_ln58_3052_fu_2678957_p2  |         +|   0|  0|   16|          16|          16|
    |add_ln58_3053_fu_2683049_p2  |         +|   0|  0|   16|          16|          16|
    |add_ln58_3054_fu_2678963_p2  |         +|   0|  0|   16|          15|          15|
    |add_ln58_3055_fu_2678969_p2  |         +|   0|  0|   16|          15|          15|
    |add_ln58_3056_fu_2678979_p2  |         +|   0|  0|   16|          15|          15|
    |add_ln58_3057_fu_2678985_p2  |         +|   0|  0|   16|           9|           9|
    |add_ln58_3058_fu_2678995_p2  |         +|   0|  0|   16|          15|          15|
    |add_ln58_3059_fu_2679005_p2  |         +|   0|  0|   16|          16|          16|
    |add_ln58_3060_fu_2679011_p2  |         +|   0|  0|   15|           8|           8|
    |add_ln58_3061_fu_2679021_p2  |         +|   0|  0|   18|           9|           9|
    |add_ln58_3062_fu_2679027_p2  |         +|   0|  0|   14|           7|           7|
    |add_ln58_3063_fu_2679037_p2  |         +|   0|  0|   14|           7|           3|
    |add_ln58_3064_fu_2679047_p2  |         +|   0|  0|   15|           8|           8|
    |add_ln58_3065_fu_2679057_p2  |         +|   0|  0|   18|           9|           9|
    |add_ln58_3066_fu_2679067_p2  |         +|   0|  0|   16|          16|          16|
    |add_ln58_3067_fu_2679073_p2  |         +|   0|  0|   16|          16|          16|
    |add_ln58_3068_fu_2679079_p2  |         +|   0|  0|   23|          16|          16|
    |add_ln58_3069_fu_2679085_p2  |         +|   0|  0|   16|          16|          16|
    |add_ln58_3070_fu_2679091_p2  |         +|   0|  0|   16|          16|          16|
    |add_ln58_3071_fu_2679097_p2  |         +|   0|  0|   23|          16|          16|
    |add_ln58_3072_fu_2679103_p2  |         +|   0|  0|   16|          16|          16|
    |add_ln58_3073_fu_2683054_p2  |         +|   0|  0|   16|          16|          16|
    |add_ln58_3074_fu_2679109_p2  |         +|   0|  0|   23|          16|          16|
    |add_ln58_3075_fu_2679115_p2  |         +|   0|  0|   23|          16|          16|
    |add_ln58_3076_fu_2679121_p2  |         +|   0|  0|   16|          16|          16|
    |add_ln58_3077_fu_2679127_p2  |         +|   0|  0|   16|          16|          16|
    |add_ln58_3078_fu_2679133_p2  |         +|   0|  0|   16|           9|           9|
    |add_ln58_3079_fu_2679143_p2  |         +|   0|  0|   22|          15|          15|
    |add_ln58_3080_fu_2679153_p2  |         +|   0|  0|   16|          16|          16|
    |add_ln58_3081_fu_2679159_p2  |         +|   0|  0|   16|          16|          16|
    |add_ln58_3082_fu_2683058_p2  |         +|   0|  0|   16|          16|          16|
    |add_ln58_3083_fu_2679165_p2  |         +|   0|  0|   16|          16|          16|
    |add_ln58_3084_fu_2679171_p2  |         +|   0|  0|   23|          16|          16|
    |add_ln58_3085_fu_2679177_p2  |         +|   0|  0|   16|          16|          16|
    |add_ln58_3086_fu_2679183_p2  |         +|   0|  0|   22|          15|          15|
    |add_ln58_3087_fu_2679193_p2  |         +|   0|  0|   22|          15|          15|
    |add_ln58_3088_fu_2679203_p2  |         +|   0|  0|   23|          16|          16|
    |add_ln58_3089_fu_2683063_p2  |         +|   0|  0|   16|          16|          16|
    |add_ln58_3090_fu_2679209_p2  |         +|   0|  0|   23|          16|          16|
    |add_ln58_3091_fu_2679215_p2  |         +|   0|  0|   23|          16|          16|
    |add_ln58_3092_fu_2679221_p2  |         +|   0|  0|   16|          16|          16|
    |add_ln58_3093_fu_2679227_p2  |         +|   0|  0|   16|          16|          16|
    |add_ln58_3094_fu_2679233_p2  |         +|   0|  0|   15|           8|           8|
    |add_ln58_3095_fu_2679243_p2  |         +|   0|  0|   16|           9|           7|
    |add_ln58_3096_fu_2679253_p2  |         +|   0|  0|   16|          16|          16|
    |add_ln58_3097_fu_2679259_p2  |         +|   0|  0|   16|          16|          16|
    |add_ln58_3098_fu_2683067_p2  |         +|   0|  0|   16|          16|          16|
    |add_ln58_3099_fu_2679265_p2  |         +|   0|  0|   16|          16|          16|
    |add_ln58_3100_fu_2679271_p2  |         +|   0|  0|   23|          16|          16|
    |add_ln58_3101_fu_2679277_p2  |         +|   0|  0|   16|          16|          16|
    |add_ln58_3102_fu_2679283_p2  |         +|   0|  0|   21|          14|          14|
    |add_ln58_3103_fu_2679293_p2  |         +|   0|  0|   22|          15|          15|
    |add_ln58_3104_fu_2679303_p2  |         +|   0|  0|   23|          16|          16|
    |add_ln58_3105_fu_2683072_p2  |         +|   0|  0|   16|          16|          16|
    |add_ln58_3106_fu_2679309_p2  |         +|   0|  0|   23|          16|          16|
    |add_ln58_3107_fu_2679315_p2  |         +|   0|  0|   22|          15|          15|
    |add_ln58_3108_fu_2683079_p2  |         +|   0|  0|   16|          16|          16|
    |add_ln58_3109_fu_2679321_p2  |         +|   0|  0|   16|          16|          16|
    |add_ln58_3110_fu_2679327_p2  |         +|   0|  0|   16|           9|           9|
    |add_ln58_3111_fu_2679337_p2  |         +|   0|  0|   23|          16|          16|
    |add_ln58_3112_fu_2679343_p2  |         +|   0|  0|   16|          16|          16|
    |add_ln58_3113_fu_2683084_p2  |         +|   0|  0|   16|          16|          16|
    |add_ln58_3114_fu_2683089_p2  |         +|   0|  0|   16|          16|          16|
    |add_ln58_3115_fu_2679349_p2  |         +|   0|  0|   16|          16|          16|
    |add_ln58_3116_fu_2679355_p2  |         +|   0|  0|   23|          16|          16|
    |add_ln58_3117_fu_2679361_p2  |         +|   0|  0|   16|          16|          16|
    |add_ln58_3118_fu_2679367_p2  |         +|   0|  0|   22|          15|          15|
    |add_ln58_3119_fu_2679377_p2  |         +|   0|  0|   16|          16|          16|
    |add_ln58_3120_fu_2679383_p2  |         +|   0|  0|   16|          16|          16|
    |add_ln58_3121_fu_2683095_p2  |         +|   0|  0|   16|          16|          16|
    |add_ln58_3122_fu_2679389_p2  |         +|   0|  0|   22|          15|          15|
    |add_ln58_3123_fu_2679399_p2  |         +|   0|  0|   23|          16|          16|
    |add_ln58_3124_fu_2679405_p2  |         +|   0|  0|   16|          16|          16|
    |add_ln58_3125_fu_2679411_p2  |         +|   0|  0|   16|          15|           9|
    |add_ln58_3126_fu_2679417_p2  |         +|   0|  0|   15|           8|           8|
    |add_ln58_3127_fu_2679427_p2  |         +|   0|  0|   16|           9|           9|
    |add_ln58_3128_fu_2679437_p2  |         +|   0|  0|   16|          15|          15|
    |add_ln58_3129_fu_2679447_p2  |         +|   0|  0|   16|          16|          16|
    |add_ln58_3130_fu_2683099_p2  |         +|   0|  0|   16|          16|          16|
    |add_ln58_3131_fu_2679453_p2  |         +|   0|  0|   16|          16|          16|
    |add_ln58_3132_fu_2679459_p2  |         +|   0|  0|   23|          16|          16|
    |add_ln58_3133_fu_2679465_p2  |         +|   0|  0|   16|          16|          16|
    |add_ln58_3134_fu_2679471_p2  |         +|   0|  0|   16|          16|          16|
    |add_ln58_3135_fu_2679477_p2  |         +|   0|  0|   21|          14|          14|
    |add_ln58_3136_fu_2679487_p2  |         +|   0|  0|   16|          16|          16|
    |add_ln58_3137_fu_2683104_p2  |         +|   0|  0|   16|          16|          16|
    |add_ln58_3138_fu_2679493_p2  |         +|   0|  0|   23|          16|          16|
    |add_ln58_3139_fu_2679499_p2  |         +|   0|  0|   23|          16|          16|
    |add_ln58_3140_fu_2683108_p2  |         +|   0|  0|   16|          16|          16|
    |add_ln58_3141_fu_2679505_p2  |         +|   0|  0|   16|          16|          16|
    |add_ln58_3142_fu_2679511_p2  |         +|   0|  0|   16|          15|           8|
    |add_ln58_3143_fu_2679517_p2  |         +|   0|  0|   16|          15|          15|
    |add_ln58_3144_fu_2679527_p2  |         +|   0|  0|   16|          16|          16|
    |add_ln58_3145_fu_2683112_p2  |         +|   0|  0|   16|          16|          16|
    |add_ln58_3146_fu_2683117_p2  |         +|   0|  0|   16|          16|          16|
    |add_ln58_3147_fu_2679533_p2  |         +|   0|  0|   15|           8|           8|
    |add_ln58_3148_fu_2679543_p2  |         +|   0|  0|   15|           8|           8|
    |add_ln58_3149_fu_2679553_p2  |         +|   0|  0|   16|           9|           9|
    |add_ln58_3150_fu_2679563_p2  |         +|   0|  0|   17|          10|          10|
    |add_ln58_3151_fu_2679573_p2  |         +|   0|  0|   15|           8|           8|
    |add_ln58_3152_fu_2679583_p2  |         +|   0|  0|   16|           9|           9|
    |add_ln58_3153_fu_2679593_p2  |         +|   0|  0|   15|           8|           7|
    |add_ln58_3154_fu_2679603_p2  |         +|   0|  0|   16|           9|           9|
    |add_ln58_3155_fu_2679613_p2  |         +|   0|  0|   17|          10|          10|
    |add_ln58_3156_fu_2679623_p2  |         +|   0|  0|   18|          11|          11|
    |add_ln58_3157_fu_2679629_p2  |         +|   0|  0|   20|          13|          13|
    |add_ln58_3158_fu_2679639_p2  |         +|   0|  0|   16|          16|          16|
    |add_ln58_3159_fu_2679645_p2  |         +|   0|  0|   16|          16|          16|
    |add_ln58_3160_fu_2679651_p2  |         +|   0|  0|   16|          16|          16|
    |add_ln58_3161_fu_2679657_p2  |         +|   0|  0|   23|          16|          16|
    |add_ln58_3162_fu_2679663_p2  |         +|   0|  0|   16|          16|          16|
    |add_ln58_3163_fu_2683126_p2  |         +|   0|  0|   16|          16|          16|
    |add_ln58_3164_fu_2679669_p2  |         +|   0|  0|   22|          15|          15|
    |add_ln58_3165_fu_2679675_p2  |         +|   0|  0|   21|          14|          14|
    |add_ln58_3166_fu_2683136_p2  |         +|   0|  0|   16|          16|          16|
    |add_ln58_3167_fu_2679681_p2  |         +|   0|  0|   16|          16|          16|
    |add_ln58_3168_fu_2679687_p2  |         +|   0|  0|   16|          16|           9|
    |add_ln58_3169_fu_2679693_p2  |         +|   0|  0|   16|          16|          16|
    |add_ln58_3170_fu_2679699_p2  |         +|   0|  0|   16|          16|          16|
    |add_ln58_3171_fu_2683142_p2  |         +|   0|  0|   16|          16|          16|
    |add_ln58_3172_fu_2683147_p2  |         +|   0|  0|   16|          16|          16|
    |add_ln58_3173_fu_2679705_p2  |         +|   0|  0|   16|          16|          16|
    |add_ln58_3174_fu_2679711_p2  |         +|   0|  0|   21|          14|          14|
    |add_ln58_3175_fu_2679721_p2  |         +|   0|  0|   16|          16|          16|
    |add_ln58_3176_fu_2679727_p2  |         +|   0|  0|   22|          15|          15|
    |add_ln58_3177_fu_2679737_p2  |         +|   0|  0|   22|          15|          15|
    |add_ln58_3178_fu_2679747_p2  |         +|   0|  0|   23|          16|          16|
    |add_ln58_3179_fu_2683153_p2  |         +|   0|  0|   16|          16|          16|
    |add_ln58_3180_fu_2679753_p2  |         +|   0|  0|   23|          16|          16|
    |add_ln58_3181_fu_2679759_p2  |         +|   0|  0|   23|          16|          16|
    |add_ln58_3182_fu_2683157_p2  |         +|   0|  0|   16|          16|          16|
    |add_ln58_3183_fu_2679765_p2  |         +|   0|  0|   21|          14|          14|
    |add_ln58_3184_fu_2679775_p2  |         +|   0|  0|   23|          16|           8|
    |add_ln58_3185_fu_2679781_p2  |         +|   0|  0|   16|          16|          16|
    |add_ln58_3186_fu_2679787_p2  |         +|   0|  0|   16|          16|          16|
    |add_ln58_3187_fu_2683161_p2  |         +|   0|  0|   16|          16|          16|
    |add_ln58_3188_fu_2683166_p2  |         +|   0|  0|   16|          16|          16|
    |add_ln58_3189_fu_2679793_p2  |         +|   0|  0|   22|          15|          15|
    |add_ln58_3190_fu_2679803_p2  |         +|   0|  0|   16|          16|          16|
    |add_ln58_3191_fu_2679809_p2  |         +|   0|  0|   16|          16|          16|
    |add_ln58_3192_fu_2679815_p2  |         +|   0|  0|   22|          15|          15|
    |add_ln58_3193_fu_2679825_p2  |         +|   0|  0|   16|          16|          16|
    |add_ln58_3194_fu_2679831_p2  |         +|   0|  0|   16|          16|          16|
    |add_ln58_3195_fu_2683172_p2  |         +|   0|  0|   16|          16|          16|
    |add_ln58_3196_fu_2679837_p2  |         +|   0|  0|   23|          16|          16|
    |add_ln58_3197_fu_2679843_p2  |         +|   0|  0|   23|          16|          16|
    |add_ln58_3198_fu_2679849_p2  |         +|   0|  0|   16|          16|          16|
    |add_ln58_3199_fu_2679855_p2  |         +|   0|  0|   17|          13|           8|
    |add_ln58_3200_fu_2679861_p2  |         +|   0|  0|   14|           7|           7|
    |add_ln58_3201_fu_2679871_p2  |         +|   0|  0|   17|          13|          13|
    |add_ln58_3202_fu_2679881_p2  |         +|   0|  0|   16|          16|          16|
    |add_ln58_3203_fu_2683176_p2  |         +|   0|  0|   16|          16|          16|
    |add_ln58_3204_fu_2679887_p2  |         +|   0|  0|   22|          15|          15|
    |add_ln58_3205_fu_2679897_p2  |         +|   0|  0|   16|          16|          16|
    |add_ln58_3206_fu_2679903_p2  |         +|   0|  0|   16|          16|          16|
    |add_ln58_3207_fu_2679909_p2  |         +|   0|  0|   16|          16|          16|
    |add_ln58_3208_fu_2679915_p2  |         +|   0|  0|   23|          16|          16|
    |add_ln58_3209_fu_2679921_p2  |         +|   0|  0|   16|          16|          16|
    |add_ln58_3210_fu_2683181_p2  |         +|   0|  0|   16|          16|          16|
    |add_ln58_3211_fu_2679927_p2  |         +|   0|  0|   23|          16|          16|
    |add_ln58_3212_fu_2679933_p2  |         +|   0|  0|   23|          16|          16|
    |add_ln58_3213_fu_2683185_p2  |         +|   0|  0|   16|          16|          16|
    |add_ln58_3214_fu_2679939_p2  |         +|   0|  0|   16|          16|          16|
    |add_ln58_3215_fu_2679945_p2  |         +|   0|  0|   23|          16|          16|
    |add_ln58_3216_fu_2679951_p2  |         +|   0|  0|   16|          16|          16|
    |add_ln58_3217_fu_2683189_p2  |         +|   0|  0|   16|          16|          16|
    |add_ln58_3218_fu_2683194_p2  |         +|   0|  0|   16|          16|          16|
    |add_ln58_3219_fu_2679957_p2  |         +|   0|  0|   16|          16|          16|
    |add_ln58_3220_fu_2679963_p2  |         +|   0|  0|   23|          16|          16|
    |add_ln58_3221_fu_2679969_p2  |         +|   0|  0|   16|          16|          16|
    |add_ln58_3222_fu_2679975_p2  |         +|   0|  0|   16|          16|          16|
    |add_ln58_3223_fu_2679981_p2  |         +|   0|  0|   23|          16|          16|
    |add_ln58_3224_fu_2679987_p2  |         +|   0|  0|   16|          16|          16|
    |add_ln58_3225_fu_2683200_p2  |         +|   0|  0|   16|          16|          16|
    |add_ln58_3226_fu_2679993_p2  |         +|   0|  0|   23|          16|          16|
    |add_ln58_3227_fu_2679999_p2  |         +|   0|  0|   22|          15|          15|
    |add_ln58_3228_fu_2683207_p2  |         +|   0|  0|   16|          16|          16|
    |add_ln58_3229_fu_2680005_p2  |         +|   0|  0|   16|          16|          16|
    |add_ln58_3230_fu_2680011_p2  |         +|   0|  0|   16|           9|           8|
    |add_ln58_3231_fu_2680021_p2  |         +|   0|  0|   22|          15|          15|
    |add_ln58_3232_fu_2680031_p2  |         +|   0|  0|   16|          16|          16|
    |add_ln58_3233_fu_2683212_p2  |         +|   0|  0|   16|          16|          16|
    |add_ln58_3234_fu_2683217_p2  |         +|   0|  0|   16|          16|          16|
    |add_ln58_3235_fu_2680037_p2  |         +|   0|  0|   16|          16|          16|
    |add_ln58_3236_fu_2680043_p2  |         +|   0|  0|   16|          16|          16|
    |add_ln58_3237_fu_2680049_p2  |         +|   0|  0|   20|          13|          13|
    |add_ln58_3238_fu_2680059_p2  |         +|   0|  0|   16|          16|          16|
    |add_ln58_3239_fu_2680065_p2  |         +|   0|  0|   16|          16|          16|
    |add_ln58_3240_fu_2683223_p2  |         +|   0|  0|   16|          16|          16|
    |add_ln58_3241_fu_2680071_p2  |         +|   0|  0|   23|          16|          16|
    |add_ln58_3242_fu_2680077_p2  |         +|   0|  0|   23|          16|          16|
    |add_ln58_3243_fu_2683227_p2  |         +|   0|  0|   16|          16|          16|
    |add_ln58_3244_fu_2680083_p2  |         +|   0|  0|   22|          15|          15|
    |add_ln58_3245_fu_2680093_p2  |         +|   0|  0|   16|          16|          16|
    |add_ln58_3246_fu_2680099_p2  |         +|   0|  0|   16|          16|          16|
    |add_ln58_3247_fu_2683231_p2  |         +|   0|  0|   16|          16|          16|
    |add_ln58_3248_fu_2683236_p2  |         +|   0|  0|   16|          16|          16|
    |add_ln58_3249_fu_2680105_p2  |         +|   0|  0|   18|          11|          11|
    |add_ln58_3250_fu_2680115_p2  |         +|   0|  0|   16|          16|          16|
    |add_ln58_3251_fu_2680121_p2  |         +|   0|  0|   16|          16|          16|
    |add_ln58_3252_fu_2680127_p2  |         +|   0|  0|   22|          15|          15|
    |add_ln58_3253_fu_2680137_p2  |         +|   0|  0|   16|          16|          16|
    |add_ln58_3254_fu_2680143_p2  |         +|   0|  0|   16|          16|          16|
    |add_ln58_3255_fu_2683242_p2  |         +|   0|  0|   16|          16|          16|
    |add_ln58_3256_fu_2680149_p2  |         +|   0|  0|   23|          16|          16|
    |add_ln58_3257_fu_2680155_p2  |         +|   0|  0|   22|          15|          15|
    |add_ln58_3258_fu_2680165_p2  |         +|   0|  0|   16|          16|          16|
    |add_ln58_3259_fu_2680171_p2  |         +|   0|  0|   16|          16|          16|
    |add_ln58_3260_fu_2680177_p2  |         +|   0|  0|   14|           7|           5|
    |add_ln58_3261_fu_2680187_p2  |         +|   0|  0|   15|           8|           8|
    |add_ln58_3262_fu_2680197_p2  |         +|   0|  0|   16|          16|          16|
    |add_ln58_3263_fu_2680203_p2  |         +|   0|  0|   16|          16|          16|
    |add_ln58_3264_fu_2683246_p2  |         +|   0|  0|   16|          16|          16|
    |add_ln58_3265_fu_2680209_p2  |         +|   0|  0|   16|          16|          16|
    |add_ln58_3266_fu_2680215_p2  |         +|   0|  0|   21|          14|          14|
    |add_ln58_3267_fu_2680225_p2  |         +|   0|  0|   16|          16|          16|
    |add_ln58_3268_fu_2680231_p2  |         +|   0|  0|   16|          16|          16|
    |add_ln58_3269_fu_2680237_p2  |         +|   0|  0|   23|          16|          16|
    |add_ln58_3270_fu_2680243_p2  |         +|   0|  0|   16|          16|          16|
    |add_ln58_3271_fu_2683251_p2  |         +|   0|  0|   16|          16|          16|
    |add_ln58_3272_fu_2680249_p2  |         +|   0|  0|   22|          15|          15|
    |add_ln58_3273_fu_2680255_p2  |         +|   0|  0|   23|          16|          16|
    |add_ln58_3274_fu_2683258_p2  |         +|   0|  0|   16|          16|          16|
    |add_ln58_3275_fu_2680261_p2  |         +|   0|  0|   20|          13|          13|
    |add_ln58_3276_fu_2680271_p2  |         +|   0|  0|   23|          16|           8|
    |add_ln58_3277_fu_2680277_p2  |         +|   0|  0|   16|          16|          16|
    |add_ln58_3278_fu_2680283_p2  |         +|   0|  0|   16|          16|          16|
    |add_ln58_3279_fu_2683263_p2  |         +|   0|  0|   16|          16|          16|
    |add_ln58_3280_fu_2683268_p2  |         +|   0|  0|   16|          16|          16|
    |add_ln58_3281_fu_2680289_p2  |         +|   0|  0|   16|          16|          16|
    |add_ln58_3282_fu_2680295_p2  |         +|   0|  0|   17|          10|          10|
    |add_ln58_3283_fu_2680305_p2  |         +|   0|  0|   16|          16|          16|
    |add_ln58_3284_fu_2680311_p2  |         +|   0|  0|   16|          16|          16|
    |add_ln58_3285_fu_2680317_p2  |         +|   0|  0|   23|          16|          16|
    |add_ln58_3286_fu_2680323_p2  |         +|   0|  0|   16|          16|          16|
    |add_ln58_3287_fu_2683274_p2  |         +|   0|  0|   16|          16|          16|
    |add_ln58_3288_fu_2680329_p2  |         +|   0|  0|   22|          15|          15|
    |add_ln58_3289_fu_2680339_p2  |         +|   0|  0|   23|          16|          16|
    |add_ln58_3290_fu_2680345_p2  |         +|   0|  0|   16|          16|          16|
    |add_ln58_3291_fu_2680351_p2  |         +|   0|  0|   18|           9|           6|
    |add_ln58_3292_fu_2680357_p2  |         +|   0|  0|   14|           7|           7|
    |add_ln58_3293_fu_2680367_p2  |         +|   0|  0|   18|           9|           9|
    |add_ln58_3294_fu_2680377_p2  |         +|   0|  0|   16|          16|          16|
    |add_ln58_3295_fu_2683278_p2  |         +|   0|  0|   16|          16|          16|
    |add_ln58_3296_fu_2680383_p2  |         +|   0|  0|   22|          15|          15|
    |add_ln58_3297_fu_2680393_p2  |         +|   0|  0|   16|          16|          16|
    |add_ln58_3298_fu_2680399_p2  |         +|   0|  0|   16|          16|          16|
    |add_ln58_3299_fu_2680405_p2  |         +|   0|  0|   16|          16|          16|
    |add_ln58_3300_fu_2680411_p2  |         +|   0|  0|   23|          16|          16|
    |add_ln58_3301_fu_2680417_p2  |         +|   0|  0|   16|          16|          16|
    |add_ln58_3302_fu_2683283_p2  |         +|   0|  0|   16|          16|          16|
    |add_ln58_3303_fu_2680423_p2  |         +|   0|  0|   23|          16|          16|
    |add_ln58_3304_fu_2680429_p2  |         +|   0|  0|   23|          16|          16|
    |add_ln58_3305_fu_2683287_p2  |         +|   0|  0|   16|          16|          16|
    |add_ln58_3306_fu_2680435_p2  |         +|   0|  0|   21|          14|          14|
    |add_ln58_3307_fu_2680445_p2  |         +|   0|  0|   19|          12|           9|
    |add_ln58_3308_fu_2680455_p2  |         +|   0|  0|   16|          16|          16|
    |add_ln58_3309_fu_2680461_p2  |         +|   0|  0|   16|          16|          16|
    |add_ln58_3310_fu_2683291_p2  |         +|   0|  0|   16|          16|          16|
    |add_ln58_3311_fu_2683296_p2  |         +|   0|  0|   16|          16|          16|
    |add_ln58_3312_fu_2680467_p2  |         +|   0|  0|   21|          14|          14|
    |add_ln58_3313_fu_2680477_p2  |         +|   0|  0|   16|          16|          16|
    |add_ln58_3314_fu_2680483_p2  |         +|   0|  0|   16|          16|          16|
    |add_ln58_3315_fu_2680489_p2  |         +|   0|  0|   16|          16|          16|
    |add_ln58_3316_fu_2680495_p2  |         +|   0|  0|   23|          16|          16|
    |add_ln58_3317_fu_2680501_p2  |         +|   0|  0|   16|          16|          16|
    |add_ln58_3318_fu_2683302_p2  |         +|   0|  0|   16|          16|          16|
    |add_ln58_3319_fu_2680507_p2  |         +|   0|  0|   23|          16|          16|
    |add_ln58_3320_fu_2680513_p2  |         +|   0|  0|   23|          16|          16|
    |add_ln58_3321_fu_2683306_p2  |         +|   0|  0|   16|          16|          16|
    |add_ln58_3322_fu_2680519_p2  |         +|   0|  0|   16|          16|          16|
    |add_ln58_3323_fu_2680525_p2  |         +|   0|  0|   23|          16|           9|
    |add_ln58_3324_fu_2680531_p2  |         +|   0|  0|   16|          16|          16|
    |add_ln58_3325_fu_2683310_p2  |         +|   0|  0|   16|          16|          16|
    |add_ln58_3326_fu_2683315_p2  |         +|   0|  0|   16|          16|          16|
    |add_ln58_3327_fu_2680537_p2  |         +|   0|  0|   16|          16|          16|
    |add_ln58_3328_fu_2680543_p2  |         +|   0|  0|   23|          16|          16|
    |add_ln58_3329_fu_2680549_p2  |         +|   0|  0|   16|          16|          16|
    |add_ln58_3330_fu_2680555_p2  |         +|   0|  0|   16|          16|          16|
    |add_ln58_3331_fu_2680561_p2  |         +|   0|  0|   22|          15|          15|
    |add_ln58_3332_fu_2680571_p2  |         +|   0|  0|   16|          16|          16|
    |add_ln58_3333_fu_2683321_p2  |         +|   0|  0|   16|          16|          16|
    |add_ln58_3334_fu_2680577_p2  |         +|   0|  0|   23|          16|          16|
    |add_ln58_3335_fu_2680583_p2  |         +|   0|  0|   23|          16|          16|
    |add_ln58_3336_fu_2683325_p2  |         +|   0|  0|   16|          16|          16|
    |add_ln58_3337_fu_2680589_p2  |         +|   0|  0|   16|          16|          16|
    |add_ln58_3338_fu_2680595_p2  |         +|   0|  0|   16|          16|           9|
    |add_ln58_3339_fu_2680601_p2  |         +|   0|  0|   16|          16|          16|
    |add_ln58_3340_fu_2680607_p2  |         +|   0|  0|   16|          16|          16|
    |add_ln58_3341_fu_2683329_p2  |         +|   0|  0|   16|          16|          16|
    |add_ln58_3342_fu_2683334_p2  |         +|   0|  0|   16|          16|          16|
    |add_ln58_3343_fu_2680613_p2  |         +|   0|  0|   20|          13|          13|
    |add_ln58_3344_fu_2680623_p2  |         +|   0|  0|   16|          16|          16|
    |add_ln58_3345_fu_2680629_p2  |         +|   0|  0|   16|          16|          16|
    |add_ln58_3346_fu_2680635_p2  |         +|   0|  0|   16|          16|          16|
    |add_ln58_3347_fu_2680641_p2  |         +|   0|  0|   23|          16|          16|
    |add_ln58_3348_fu_2680647_p2  |         +|   0|  0|   16|          16|          16|
    |add_ln58_3349_fu_2683340_p2  |         +|   0|  0|   16|          16|          16|
    |add_ln58_3350_fu_2680653_p2  |         +|   0|  0|   23|          16|          16|
    |add_ln58_3351_fu_2680659_p2  |         +|   0|  0|   23|          16|          16|
    |add_ln58_3352_fu_2683344_p2  |         +|   0|  0|   16|          16|          16|
    |add_ln58_3353_fu_2680665_p2  |         +|   0|  0|   16|          16|          16|
    |add_ln58_3354_fu_2680671_p2  |         +|   0|  0|   15|           8|           7|
    |add_ln58_3355_fu_2680681_p2  |         +|   0|  0|   19|          12|          12|
    |add_ln58_3356_fu_2680691_p2  |         +|   0|  0|   16|          16|          16|
    |add_ln58_3357_fu_2683348_p2  |         +|   0|  0|   16|          16|          16|
    |add_ln58_3358_fu_2683353_p2  |         +|   0|  0|   16|          16|          16|
    |add_ln58_3359_fu_2680697_p2  |         +|   0|  0|   16|          16|          16|
    |add_ln58_3360_fu_2680703_p2  |         +|   0|  0|   16|          16|          16|
    |add_ln58_3361_fu_2680709_p2  |         +|   0|  0|   16|           9|           9|
    |add_ln58_3362_fu_2680719_p2  |         +|   0|  0|   16|          16|          16|
    |add_ln58_3363_fu_2680725_p2  |         +|   0|  0|   16|          16|          16|
    |add_ln58_3364_fu_2683359_p2  |         +|   0|  0|   16|          16|          16|
    |add_ln58_3365_fu_2680731_p2  |         +|   0|  0|   22|          15|          15|
    |add_ln58_3366_fu_2680741_p2  |         +|   0|  0|   23|          16|          16|
    |add_ln58_3367_fu_2680747_p2  |         +|   0|  0|   16|          16|          16|
    |add_ln58_3368_fu_2680753_p2  |         +|   0|  0|   16|          16|          16|
    |add_ln58_3369_fu_2680759_p2  |         +|   0|  0|   14|           7|           4|
    |add_ln58_3370_fu_2680769_p2  |         +|   0|  0|   16|          16|          16|
    |add_ln58_3371_fu_2680775_p2  |         +|   0|  0|   16|          16|          16|
    |add_ln58_3372_fu_2683363_p2  |         +|   0|  0|   16|          16|          16|
    |add_ln58_3373_fu_2680781_p2  |         +|   0|  0|   22|          15|          15|
    |add_ln58_3374_fu_2680791_p2  |         +|   0|  0|   16|          16|          16|
    |add_ln58_3375_fu_2680797_p2  |         +|   0|  0|   16|          16|          16|
    |add_ln58_3376_fu_2680803_p2  |         +|   0|  0|   16|          16|          16|
    |add_ln58_3377_fu_2680809_p2  |         +|   0|  0|   23|          16|          16|
    |add_ln58_3378_fu_2680815_p2  |         +|   0|  0|   16|          16|          16|
    |add_ln58_3379_fu_2683368_p2  |         +|   0|  0|   16|          16|          16|
    |add_ln58_3380_fu_2680821_p2  |         +|   0|  0|   23|          16|          16|
    |add_ln58_3381_fu_2680827_p2  |         +|   0|  0|   23|          16|          16|
    |add_ln58_3382_fu_2680833_p2  |         +|   0|  0|   16|          16|          16|
    |add_ln58_3383_fu_2680839_p2  |         +|   0|  0|   16|          16|          16|
    |add_ln58_3384_fu_2680845_p2  |         +|   0|  0|   16|           9|           8|
    |add_ln58_3385_fu_2680855_p2  |         +|   0|  0|   23|          16|          16|
    |add_ln58_3386_fu_2680861_p2  |         +|   0|  0|   16|          16|          16|
    |add_ln58_3387_fu_2680867_p2  |         +|   0|  0|   16|          16|          16|
    |add_ln58_3388_fu_2683372_p2  |         +|   0|  0|   16|          16|          16|
    |add_ln58_3389_fu_2680873_p2  |         +|   0|  0|   16|          16|          16|
    |add_ln58_3390_fu_2680879_p2  |         +|   0|  0|   16|          16|          16|
    |add_ln58_3391_fu_2680885_p2  |         +|   0|  0|   18|          11|          11|
    |add_ln58_3392_fu_2680895_p2  |         +|   0|  0|   16|          15|          15|
    |add_ln58_3393_fu_2680901_p2  |         +|   0|  0|   16|          15|          15|
    |add_ln58_3394_fu_2683380_p2  |         +|   0|  0|   16|          16|          16|
    |add_ln58_3395_fu_2680907_p2  |         +|   0|  0|   23|          16|          16|
    |add_ln58_3396_fu_2680913_p2  |         +|   0|  0|   18|          11|          11|
    |add_ln58_3397_fu_2680923_p2  |         +|   0|  0|   16|          16|          16|
    |add_ln58_3398_fu_2680929_p2  |         +|   0|  0|   16|          16|          16|
    |add_ln58_3399_fu_2680935_p2  |         +|   0|  0|   15|           8|           8|
    |add_ln58_3400_fu_2680945_p2  |         +|   0|  0|   16|          16|          16|
    |add_ln58_3401_fu_2680951_p2  |         +|   0|  0|   16|          16|          16|
    |add_ln58_3402_fu_2683385_p2  |         +|   0|  0|   16|          16|          16|
    |add_ln58_3403_fu_2680957_p2  |         +|   0|  0|   16|          16|          16|
    |add_ln58_3404_fu_2680963_p2  |         +|   0|  0|   16|          16|          16|
    |add_ln58_3405_fu_2680969_p2  |         +|   0|  0|   22|          15|          15|
    |add_ln58_3406_fu_2680979_p2  |         +|   0|  0|   16|          16|          16|
    |add_ln58_3407_fu_2680985_p2  |         +|   0|  0|   16|          16|          16|
    |add_ln58_3408_fu_2683390_p2  |         +|   0|  0|   16|          16|          16|
    |add_ln58_3409_fu_2680991_p2  |         +|   0|  0|   22|          15|          15|
    |add_ln58_3410_fu_2683397_p2  |         +|   0|  0|   16|          16|          16|
    |add_ln58_3411_fu_2680997_p2  |         +|   0|  0|   16|          16|          16|
    |add_ln58_3412_fu_2681003_p2  |         +|   0|  0|   23|          16|           9|
    |add_ln58_3413_fu_2681009_p2  |         +|   0|  0|   16|          16|          16|
    |add_ln58_3414_fu_2683402_p2  |         +|   0|  0|   16|          16|          16|
    |add_ln58_3415_fu_2683407_p2  |         +|   0|  0|   16|          16|          16|
    |add_ln58_3416_fu_2681015_p2  |         +|   0|  0|   16|          16|          16|
    |add_ln58_3417_fu_2681021_p2  |         +|   0|  0|   23|          16|          16|
    |add_ln58_3418_fu_2681027_p2  |         +|   0|  0|   16|          16|          16|
    |add_ln58_3419_fu_2681033_p2  |         +|   0|  0|   22|          15|          15|
    |add_ln58_3420_fu_2681043_p2  |         +|   0|  0|   16|          16|          16|
    |add_ln58_3421_fu_2681049_p2  |         +|   0|  0|   16|          16|          16|
    |add_ln58_3422_fu_2683413_p2  |         +|   0|  0|   16|          16|          16|
    |add_ln58_3423_fu_2681055_p2  |         +|   0|  0|   22|          15|          15|
    |add_ln58_3424_fu_2681061_p2  |         +|   0|  0|   23|          16|          16|
    |add_ln58_3425_fu_2683420_p2  |         +|   0|  0|   16|          16|          16|
    |add_ln58_3426_fu_2681067_p2  |         +|   0|  0|   21|          14|          14|
    |add_ln58_3427_fu_2681077_p2  |         +|   0|  0|   16|          16|           9|
    |add_ln58_3428_fu_2681083_p2  |         +|   0|  0|   16|          16|          16|
    |add_ln58_3429_fu_2683425_p2  |         +|   0|  0|   16|          16|          16|
    |add_ln58_3430_fu_2683430_p2  |         +|   0|  0|   16|          16|          16|
    |add_ln58_3431_fu_2681089_p2  |         +|   0|  0|   16|          16|          16|
    |add_ln58_3432_fu_2681095_p2  |         +|   0|  0|   19|          12|          12|
    |add_ln58_3433_fu_2681105_p2  |         +|   0|  0|   16|          16|          16|
    |add_ln58_3434_fu_2681111_p2  |         +|   0|  0|   22|          15|          15|
    |add_ln58_3435_fu_2681121_p2  |         +|   0|  0|   16|          16|          16|
    |add_ln58_3436_fu_2681127_p2  |         +|   0|  0|   16|          16|          16|
    |add_ln58_3437_fu_2683436_p2  |         +|   0|  0|   16|          16|          16|
    |add_ln58_3438_fu_2681133_p2  |         +|   0|  0|   23|          16|          16|
    |add_ln58_3439_fu_2681139_p2  |         +|   0|  0|   23|          16|          16|
    |add_ln58_3440_fu_2681145_p2  |         +|   0|  0|   16|          16|          16|
    |add_ln58_3441_fu_2681151_p2  |         +|   0|  0|   16|           9|           9|
    |add_ln58_3442_fu_2681161_p2  |         +|   0|  0|   16|           9|           9|
    |add_ln58_3443_fu_2681171_p2  |         +|   0|  0|   18|          11|          11|
    |add_ln58_3444_fu_2681181_p2  |         +|   0|  0|   19|          12|          12|
    |add_ln58_3445_fu_2681191_p2  |         +|   0|  0|   16|          16|          16|
    |add_ln58_3446_fu_2683440_p2  |         +|   0|  0|   16|          16|          16|
    |add_ln58_3447_fu_2681197_p2  |         +|   0|  0|   16|          16|          16|
    |add_ln58_3448_fu_2681203_p2  |         +|   0|  0|   23|          16|          16|
    |add_ln58_3449_fu_2681209_p2  |         +|   0|  0|   16|          16|          16|
    |add_ln58_3450_fu_2681215_p2  |         +|   0|  0|   16|          16|          16|
    |add_ln58_3451_fu_2681221_p2  |         +|   0|  0|   23|          16|          16|
    |add_ln58_3452_fu_2681227_p2  |         +|   0|  0|   16|          16|          16|
    |add_ln58_3453_fu_2683445_p2  |         +|   0|  0|   16|          16|          16|
    |add_ln58_3454_fu_2681233_p2  |         +|   0|  0|   23|          16|          16|
    |add_ln58_3455_fu_2681239_p2  |         +|   0|  0|   23|          16|          16|
    |add_ln58_3456_fu_2683449_p2  |         +|   0|  0|   16|          16|          16|
    |add_ln58_3457_fu_2681245_p2  |         +|   0|  0|   16|          16|          16|
    |add_ln58_3458_fu_2681251_p2  |         +|   0|  0|   18|          11|           8|
    |add_ln58_3459_fu_2681261_p2  |         +|   0|  0|   23|          16|          16|
    |add_ln58_3460_fu_2681267_p2  |         +|   0|  0|   16|          16|          16|
    |add_ln58_3461_fu_2683453_p2  |         +|   0|  0|   16|          16|          16|
    |add_ln58_3462_fu_2683458_p2  |         +|   0|  0|   16|          16|          16|
    |add_ln58_3463_fu_2681273_p2  |         +|   0|  0|   16|          16|          16|
    |add_ln58_3464_fu_2681279_p2  |         +|   0|  0|   23|          16|          16|
    |add_ln58_3465_fu_2681285_p2  |         +|   0|  0|   16|          16|          16|
    |add_ln58_3466_fu_2681291_p2  |         +|   0|  0|   22|          15|          15|
    |add_ln58_3467_fu_2681301_p2  |         +|   0|  0|   16|          16|          16|
    |add_ln58_3468_fu_2681307_p2  |         +|   0|  0|   16|          16|          16|
    |add_ln58_3469_fu_2683464_p2  |         +|   0|  0|   16|          16|          16|
    |add_ln58_3470_fu_2681313_p2  |         +|   0|  0|   23|          16|          16|
    |add_ln58_3471_fu_2681319_p2  |         +|   0|  0|   23|          16|          16|
    |add_ln58_3472_fu_2681325_p2  |         +|   0|  0|   16|          16|          16|
    |add_ln58_3473_fu_2681331_p2  |         +|   0|  0|   16|          16|           8|
    |add_ln58_3474_fu_2681337_p2  |         +|   0|  0|   16|           9|           9|
    |add_ln58_3475_fu_2681347_p2  |         +|   0|  0|   16|          16|          16|
    |add_ln58_3476_fu_2681353_p2  |         +|   0|  0|   16|          16|          16|
    |add_ln58_3477_fu_2683468_p2  |         +|   0|  0|   16|          16|          16|
    |add_ln58_3478_fu_2681359_p2  |         +|   0|  0|   16|          16|          16|
    |add_ln58_3479_fu_2681365_p2  |         +|   0|  0|   23|          16|          16|
    |add_ln58_3480_fu_2681371_p2  |         +|   0|  0|   16|          16|          16|
    |add_ln58_3481_fu_2681377_p2  |         +|   0|  0|   16|          16|          16|
    |add_ln58_3482_fu_2681383_p2  |         +|   0|  0|   23|          16|          16|
    |add_ln58_3483_fu_2681389_p2  |         +|   0|  0|   16|          16|          16|
    |add_ln58_3484_fu_2683473_p2  |         +|   0|  0|   16|          16|          16|
    |add_ln58_3485_fu_2681395_p2  |         +|   0|  0|   23|          16|          16|
    |add_ln58_3486_fu_2681401_p2  |         +|   0|  0|   22|          15|          15|
    |add_ln58_3487_fu_2683480_p2  |         +|   0|  0|   16|          16|          16|
    |add_ln58_3488_fu_2681407_p2  |         +|   0|  0|   16|          16|          16|
    |add_ln58_3489_fu_2681413_p2  |         +|   0|  0|   16|          16|           8|
    |add_ln58_3490_fu_2681419_p2  |         +|   0|  0|   16|          16|          16|
    |add_ln58_3491_fu_2681425_p2  |         +|   0|  0|   16|          16|          16|
    |add_ln58_3492_fu_2683485_p2  |         +|   0|  0|   16|          16|          16|
    |add_ln58_3493_fu_2683490_p2  |         +|   0|  0|   16|          16|          16|
    |add_ln58_3494_fu_2681431_p2  |         +|   0|  0|   16|          16|          16|
    |add_ln58_3495_fu_2681437_p2  |         +|   0|  0|   23|          16|          16|
    |add_ln58_3496_fu_2681443_p2  |         +|   0|  0|   16|          16|          16|
    |add_ln58_3497_fu_2681449_p2  |         +|   0|  0|   16|          16|          16|
    |add_ln58_3498_fu_2681455_p2  |         +|   0|  0|   23|          16|          16|
    |add_ln58_3499_fu_2681461_p2  |         +|   0|  0|   16|          16|          16|
    |add_ln58_3500_fu_2683496_p2  |         +|   0|  0|   16|          16|          16|
    |add_ln58_3501_fu_2681467_p2  |         +|   0|  0|   23|          16|          16|
    |add_ln58_3502_fu_2681473_p2  |         +|   0|  0|   23|          16|          16|
    |add_ln58_3503_fu_2683500_p2  |         +|   0|  0|   16|          16|          16|
    |add_ln58_3504_fu_2683504_p2  |         +|   0|  0|   16|          16|          16|
    |add_ln58_3505_fu_2681479_p2  |         +|   0|  0|   19|          12|           8|
    |add_ln58_3506_fu_2681489_p2  |         +|   0|  0|   23|          16|          16|
    |add_ln58_3507_fu_2683510_p2  |         +|   0|  0|   16|          16|          16|
    |add_ln58_3508_fu_2683515_p2  |         +|   0|  0|   16|          16|          16|
    |add_ln58_3509_fu_2683521_p2  |         +|   0|  0|   16|          16|          16|
    |add_ln58_3510_fu_2681495_p2  |         +|   0|  0|   16|          16|          16|
    |add_ln58_3511_fu_2681501_p2  |         +|   0|  0|   23|          16|          16|
    |add_ln58_3512_fu_2681507_p2  |         +|   0|  0|   16|          16|          16|
    |add_ln58_3513_fu_2681513_p2  |         +|   0|  0|   16|          16|          16|
    |add_ln58_3514_fu_2681519_p2  |         +|   0|  0|   23|          16|          16|
    |add_ln58_3515_fu_2681525_p2  |         +|   0|  0|   16|          16|          16|
    |add_ln58_3516_fu_2683527_p2  |         +|   0|  0|   16|          16|          16|
    |add_ln58_3517_fu_2681531_p2  |         +|   0|  0|   23|          16|          16|
    |add_ln58_3518_fu_2681537_p2  |         +|   0|  0|   23|          16|          16|
    |add_ln58_3519_fu_2683531_p2  |         +|   0|  0|   16|          16|          16|
    |add_ln58_3520_fu_2681543_p2  |         +|   0|  0|   16|          16|          16|
    |add_ln58_3521_fu_2681549_p2  |         +|   0|  0|   17|          10|           9|
    |add_ln58_3522_fu_2681559_p2  |         +|   0|  0|   20|          13|          13|
    |add_ln58_3523_fu_2681569_p2  |         +|   0|  0|   16|          16|          16|
    |add_ln58_3524_fu_2683535_p2  |         +|   0|  0|   16|          16|          16|
    |add_ln58_3525_fu_2683540_p2  |         +|   0|  0|   16|          16|          16|
    |add_ln58_3526_fu_2681575_p2  |         +|   0|  0|   16|          16|          16|
    |add_ln58_3527_fu_2681581_p2  |         +|   0|  0|   23|          16|          16|
    |add_ln58_3528_fu_2681587_p2  |         +|   0|  0|   16|          16|          16|
    |add_ln58_3529_fu_2681593_p2  |         +|   0|  0|   16|          16|          16|
    |add_ln58_3530_fu_2681599_p2  |         +|   0|  0|   23|          16|          16|
    |add_ln58_3531_fu_2681605_p2  |         +|   0|  0|   16|          16|          16|
    |add_ln58_3532_fu_2683546_p2  |         +|   0|  0|   16|          16|          16|
    |add_ln58_3533_fu_2681611_p2  |         +|   0|  0|   22|          15|          15|
    |add_ln58_3534_fu_2681617_p2  |         +|   0|  0|   23|          16|          16|
    |add_ln58_3535_fu_2683553_p2  |         +|   0|  0|   16|          16|          16|
    |add_ln58_3536_fu_2681623_p2  |         +|   0|  0|   16|          16|          16|
    |add_ln58_3537_fu_2681629_p2  |         +|   0|  0|   23|          16|           9|
    |add_ln58_3538_fu_2681635_p2  |         +|   0|  0|   16|          16|          16|
    |add_ln58_3539_fu_2683558_p2  |         +|   0|  0|   16|          16|          16|
    |add_ln58_3540_fu_2683563_p2  |         +|   0|  0|   16|          16|          16|
    |add_ln58_3541_fu_2681641_p2  |         +|   0|  0|   22|          15|          15|
    |add_ln58_3542_fu_2681651_p2  |         +|   0|  0|   22|          15|          15|
    |add_ln58_3543_fu_2681661_p2  |         +|   0|  0|   23|          16|          16|
    |add_ln58_3544_fu_2681667_p2  |         +|   0|  0|   16|          16|          16|
    |add_ln58_3545_fu_2681673_p2  |         +|   0|  0|   23|          16|          16|
    |add_ln58_3546_fu_2681679_p2  |         +|   0|  0|   16|          16|          16|
    |add_ln58_3547_fu_2683569_p2  |         +|   0|  0|   16|          16|          16|
    |add_ln58_3548_fu_2681685_p2  |         +|   0|  0|   23|          16|          16|
    |add_ln58_3549_fu_2681691_p2  |         +|   0|  0|   23|          16|          16|
    |add_ln58_3550_fu_2681697_p2  |         +|   0|  0|   16|          16|          16|
    |add_ln58_3551_fu_2681703_p2  |         +|   0|  0|   16|          16|          16|
    |add_ln58_3552_fu_2681709_p2  |         +|   0|  0|   15|           8|           3|
    |add_ln58_3553_fu_2681719_p2  |         +|   0|  0|   16|           9|           9|
    |add_ln58_3554_fu_2681729_p2  |         +|   0|  0|   16|          16|          16|
    |add_ln58_3555_fu_2681735_p2  |         +|   0|  0|   16|          16|          16|
    |add_ln58_3556_fu_2683573_p2  |         +|   0|  0|   16|          16|          16|
    |add_ln58_3557_fu_2681741_p2  |         +|   0|  0|   16|          16|          16|
    |add_ln58_3558_fu_2681747_p2  |         +|   0|  0|   23|          16|          16|
    |add_ln58_3559_fu_2681753_p2  |         +|   0|  0|   16|          16|          16|
    |add_ln58_3560_fu_2681759_p2  |         +|   0|  0|   16|          16|          16|
    |add_ln58_3561_fu_2681765_p2  |         +|   0|  0|   22|          15|          15|
    |add_ln58_3562_fu_2681775_p2  |         +|   0|  0|   16|          16|          16|
    |add_ln58_3563_fu_2683578_p2  |         +|   0|  0|   16|          16|          16|
    |add_ln58_3564_fu_2681781_p2  |         +|   0|  0|   23|          16|          16|
    |add_ln58_3565_fu_2681787_p2  |         +|   0|  0|   23|          16|          16|
    |add_ln58_3566_fu_2683582_p2  |         +|   0|  0|   16|          16|          16|
    |add_ln58_3567_fu_2683586_p2  |         +|   0|  0|   16|          16|          16|
    |add_ln58_3568_fu_2681793_p2  |         +|   0|  0|   21|          14|           9|
    |add_ln58_3569_fu_2681803_p2  |         +|   0|  0|   23|          16|          16|
    |add_ln58_3570_fu_2683591_p2  |         +|   0|  0|   16|          16|          16|
    |add_ln58_3571_fu_2683596_p2  |         +|   0|  0|   16|          16|          16|
    |add_ln58_3572_fu_2683602_p2  |         +|   0|  0|   16|          16|          16|
    |add_ln58_3573_fu_2681809_p2  |         +|   0|  0|   22|          15|          15|
    |add_ln58_3574_fu_2681819_p2  |         +|   0|  0|   16|          16|          16|
    |add_ln58_3575_fu_2681825_p2  |         +|   0|  0|   16|          16|          16|
    |add_ln58_3576_fu_2681831_p2  |         +|   0|  0|   16|          16|          16|
    |add_ln58_3577_fu_2681837_p2  |         +|   0|  0|   23|          16|          16|
    |add_ln58_3578_fu_2681843_p2  |         +|   0|  0|   16|          16|          16|
    |add_ln58_3579_fu_2683608_p2  |         +|   0|  0|   16|          16|          16|
    |add_ln58_3580_fu_2681849_p2  |         +|   0|  0|   23|          16|          16|
    |add_ln58_3581_fu_2681855_p2  |         +|   0|  0|   23|          16|          16|
    |add_ln58_3582_fu_2683612_p2  |         +|   0|  0|   16|          16|          16|
    |add_ln58_3583_fu_2681861_p2  |         +|   0|  0|   16|          16|          16|
    |add_ln58_3584_fu_2681867_p2  |         +|   0|  0|   16|          16|           9|
    |add_ln58_3585_fu_2681873_p2  |         +|   0|  0|   16|          16|          16|
    |add_ln58_3586_fu_2681879_p2  |         +|   0|  0|   16|          16|          16|
    |add_ln58_3587_fu_2683616_p2  |         +|   0|  0|   16|          16|          16|
    |add_ln58_3588_fu_2683621_p2  |         +|   0|  0|   16|          16|          16|
    |add_ln58_3589_fu_2681885_p2  |         +|   0|  0|   16|          16|          16|
    |add_ln58_3590_fu_2681891_p2  |         +|   0|  0|   23|          16|          16|
    |add_ln58_3591_fu_2681897_p2  |         +|   0|  0|   16|          16|          16|
    |add_ln58_3592_fu_2681903_p2  |         +|   0|  0|   16|          16|          16|
    |add_ln58_3593_fu_2681909_p2  |         +|   0|  0|   23|          16|          16|
    |add_ln58_3594_fu_2681915_p2  |         +|   0|  0|   16|          16|          16|
    |add_ln58_3595_fu_2683627_p2  |         +|   0|  0|   16|          16|          16|
    |add_ln58_3596_fu_2681921_p2  |         +|   0|  0|   23|          16|          16|
    |add_ln58_3597_fu_2681927_p2  |         +|   0|  0|   23|          16|          16|
    |add_ln58_3598_fu_2683631_p2  |         +|   0|  0|   16|          16|          16|
    |add_ln58_3599_fu_2681933_p2  |         +|   0|  0|   16|          16|          16|
    |add_ln58_3600_fu_2681939_p2  |         +|   0|  0|   20|          13|           9|
    |add_ln58_3601_fu_2681949_p2  |         +|   0|  0|   23|          16|          16|
    |add_ln58_3602_fu_2681955_p2  |         +|   0|  0|   16|          16|          16|
    |add_ln58_3603_fu_2683635_p2  |         +|   0|  0|   16|          16|          16|
    |add_ln58_3604_fu_2683640_p2  |         +|   0|  0|   16|          16|          16|
    |add_ln58_3605_fu_2681961_p2  |         +|   0|  0|   16|          16|          16|
    |add_ln58_3606_fu_2681967_p2  |         +|   0|  0|   22|          15|          15|
    |add_ln58_3607_fu_2681977_p2  |         +|   0|  0|   16|          16|          16|
    |add_ln58_3608_fu_2681983_p2  |         +|   0|  0|   16|          16|          16|
    |add_ln58_3609_fu_2681989_p2  |         +|   0|  0|   21|          14|          14|
    |add_ln58_3610_fu_2681999_p2  |         +|   0|  0|   16|          16|          16|
    |add_ln58_3611_fu_2683646_p2  |         +|   0|  0|   16|          16|          16|
    |add_ln58_3612_fu_2682005_p2  |         +|   0|  0|   23|          16|          16|
    |add_ln58_3613_fu_2682011_p2  |         +|   0|  0|   23|          16|          16|
    |add_ln58_3614_fu_2682017_p2  |         +|   0|  0|   16|          16|          16|
    |add_ln58_3615_fu_2682023_p2  |         +|   0|  0|   16|          16|          16|
    |add_ln58_3616_fu_2682029_p2  |         +|   0|  0|   15|           8|           7|
    |add_ln58_3617_fu_2682039_p2  |         +|   0|  0|   16|          16|          16|
    |add_ln58_3618_fu_2682045_p2  |         +|   0|  0|   16|          16|          16|
    |add_ln58_3619_fu_2683650_p2  |         +|   0|  0|   16|          16|          16|
    |add_ln58_3620_fu_2682051_p2  |         +|   0|  0|   16|          16|          16|
    |add_ln58_3621_fu_2682057_p2  |         +|   0|  0|   23|          16|          16|
    |add_ln58_3622_fu_2682063_p2  |         +|   0|  0|   16|          16|          16|
    |add_ln58_3623_fu_2682069_p2  |         +|   0|  0|   16|          16|          16|
    |add_ln58_3624_fu_2682075_p2  |         +|   0|  0|   23|          16|          16|
    |add_ln58_3625_fu_2682081_p2  |         +|   0|  0|   16|          16|          16|
    |add_ln58_3626_fu_2683655_p2  |         +|   0|  0|   16|          16|          16|
    |add_ln58_3627_fu_2682087_p2  |         +|   0|  0|   23|          16|          16|
    |add_ln58_3628_fu_2682093_p2  |         +|   0|  0|   23|          16|          16|
    |add_ln58_3629_fu_2682099_p2  |         +|   0|  0|   16|          16|          16|
    |add_ln58_3630_fu_2682105_p2  |         +|   0|  0|   16|          16|          16|
    |add_ln58_3631_fu_2682111_p2  |         +|   0|  0|   17|          10|           6|
    |add_ln58_3632_fu_2682121_p2  |         +|   0|  0|   16|          16|          16|
    |add_ln58_3633_fu_2682127_p2  |         +|   0|  0|   16|          16|          16|
    |add_ln58_3634_fu_2683659_p2  |         +|   0|  0|   16|          16|          16|
    |add_ln58_3635_fu_2682133_p2  |         +|   0|  0|   16|          16|          16|
    |add_ln58_3636_fu_2682139_p2  |         +|   0|  0|   23|          16|          16|
    |add_ln58_3637_fu_2682145_p2  |         +|   0|  0|   16|          16|          16|
    |add_ln58_3638_fu_2682151_p2  |         +|   0|  0|   16|          15|          15|
    |add_ln58_3639_fu_2682157_p2  |         +|   0|  0|   20|          13|          13|
    |add_ln58_3640_fu_2682167_p2  |         +|   0|  0|   16|          15|          15|
    |add_ln58_3641_fu_2683667_p2  |         +|   0|  0|   16|          16|          16|
    |add_ln58_3642_fu_2682173_p2  |         +|   0|  0|   23|          16|          16|
    |add_ln58_3643_fu_2682179_p2  |         +|   0|  0|   23|          16|          16|
    |add_ln58_3644_fu_2683672_p2  |         +|   0|  0|   16|          16|          16|
    |add_ln58_3645_fu_2682185_p2  |         +|   0|  0|   16|          16|          16|
    |add_ln58_3646_fu_2682191_p2  |         +|   0|  0|   23|          16|           8|
    |add_ln58_3647_fu_2682197_p2  |         +|   0|  0|   16|          16|          16|
    |add_ln58_3648_fu_2683676_p2  |         +|   0|  0|   16|          16|          16|
    |add_ln58_3649_fu_2683681_p2  |         +|   0|  0|   16|          16|          16|
    |add_ln58_3650_fu_2682203_p2  |         +|   0|  0|   22|          15|          15|
    |add_ln58_3651_fu_2682213_p2  |         +|   0|  0|   16|          16|          16|
    |add_ln58_3652_fu_2682219_p2  |         +|   0|  0|   16|          16|          16|
    |add_ln58_3653_fu_2682225_p2  |         +|   0|  0|   16|          16|          16|
    |add_ln58_3654_fu_2682231_p2  |         +|   0|  0|   22|          15|          15|
    |add_ln58_3655_fu_2682241_p2  |         +|   0|  0|   16|          16|          16|
    |add_ln58_3656_fu_2683687_p2  |         +|   0|  0|   16|          16|          16|
    |add_ln58_3657_fu_2682247_p2  |         +|   0|  0|   23|          16|          16|
    |add_ln58_3658_fu_2682253_p2  |         +|   0|  0|   23|          16|          16|
    |add_ln58_3659_fu_2682259_p2  |         +|   0|  0|   16|          16|          16|
    |add_ln58_3660_fu_2682265_p2  |         +|   0|  0|   16|          16|          16|
    |add_ln58_3661_fu_2682271_p2  |         +|   0|  0|   16|           9|           5|
    |add_ln58_3662_fu_2682281_p2  |         +|   0|  0|   19|          12|          12|
    |add_ln58_3663_fu_2682291_p2  |         +|   0|  0|   16|          16|          16|
    |add_ln58_3664_fu_2682297_p2  |         +|   0|  0|   16|          16|          16|
    |add_ln58_3665_fu_2683691_p2  |         +|   0|  0|   16|          16|          16|
    |add_ln58_3666_fu_2682303_p2  |         +|   0|  0|   17|          10|          10|
    |add_ln58_3667_fu_2682313_p2  |         +|   0|  0|   20|          13|          13|
    |add_ln58_3668_fu_2682319_p2  |         +|   0|  0|   17|          10|          10|
    |add_ln58_3669_fu_2682329_p2  |         +|   0|  0|   16|          16|          16|
    |add_ln58_3670_fu_2682335_p2  |         +|   0|  0|   16|          16|          16|
    |add_ln58_3671_fu_2683699_p2  |         +|   0|  0|   16|          16|          16|
    |add_ln58_3672_fu_2682341_p2  |         +|   0|  0|   22|          15|          15|
    |add_ln58_3673_fu_2682351_p2  |         +|   0|  0|   23|          16|          16|
    |add_ln58_3674_fu_2682357_p2  |         +|   0|  0|   16|          16|          16|
    |add_ln58_3675_fu_2682363_p2  |         +|   0|  0|   16|           9|           8|
    |add_ln58_3676_fu_2682373_p2  |         +|   0|  0|   15|           8|           8|
    |add_ln58_3677_fu_2682383_p2  |         +|   0|  0|   17|          10|          10|
    |add_ln58_3678_fu_2682393_p2  |         +|   0|  0|   16|          16|          16|
    |add_ln58_3679_fu_2683704_p2  |         +|   0|  0|   16|          16|          16|
    |add_ln58_3680_fu_2682399_p2  |         +|   0|  0|   16|          16|          16|
    |add_ln58_3681_fu_2682405_p2  |         +|   0|  0|   23|          16|          16|
    |add_ln58_3682_fu_2682411_p2  |         +|   0|  0|   16|          16|          16|
    |add_ln58_3683_fu_2682417_p2  |         +|   0|  0|   22|          15|          15|
    |add_ln58_3684_fu_2682427_p2  |         +|   0|  0|   16|          16|          16|
    |add_ln58_3685_fu_2682433_p2  |         +|   0|  0|   16|          16|          16|
    |add_ln58_3686_fu_2683709_p2  |         +|   0|  0|   16|          16|          16|
    |add_ln58_3687_fu_2682439_p2  |         +|   0|  0|   22|          15|          15|
    |add_ln58_3688_fu_2682445_p2  |         +|   0|  0|   23|          16|          16|
    |add_ln58_3689_fu_2683716_p2  |         +|   0|  0|   16|          16|          16|
    |add_ln58_3690_fu_2682451_p2  |         +|   0|  0|   22|          15|          15|
    |add_ln58_3691_fu_2682461_p2  |         +|   0|  0|   23|          16|           7|
    |add_ln58_3692_fu_2682467_p2  |         +|   0|  0|   16|          16|          16|
    |add_ln58_3693_fu_2682473_p2  |         +|   0|  0|   16|          16|          16|
    |add_ln58_3694_fu_2683721_p2  |         +|   0|  0|   16|          16|          16|
    |add_ln58_3695_fu_2683726_p2  |         +|   0|  0|   16|          16|          16|
    |add_ln58_3696_fu_2682479_p2  |         +|   0|  0|   18|          11|          11|
    |add_ln58_3697_fu_2682489_p2  |         +|   0|  0|   16|          16|          16|
    |add_ln58_3698_fu_2682495_p2  |         +|   0|  0|   16|          16|          16|
    |add_ln58_3699_fu_2682501_p2  |         +|   0|  0|   16|          16|          16|
    |add_ln58_3700_fu_2682507_p2  |         +|   0|  0|   23|          16|          16|
    |add_ln58_3701_fu_2682513_p2  |         +|   0|  0|   16|          16|          16|
    |add_ln58_3702_fu_2683732_p2  |         +|   0|  0|   16|          16|          16|
    |add_ln58_3703_fu_2682519_p2  |         +|   0|  0|   23|          16|          16|
    |add_ln58_3704_fu_2682525_p2  |         +|   0|  0|   23|          16|          16|
    |add_ln58_3705_fu_2683736_p2  |         +|   0|  0|   16|          16|          16|
    |add_ln58_3706_fu_2682531_p2  |         +|   0|  0|   16|          16|          16|
    |add_ln58_3707_fu_2682537_p2  |         +|   0|  0|   21|          14|           7|
    |add_ln58_3708_fu_2682547_p2  |         +|   0|  0|   23|          16|          16|
    |add_ln58_3709_fu_2682553_p2  |         +|   0|  0|   16|          16|          16|
    |add_ln58_3710_fu_2683740_p2  |         +|   0|  0|   16|          16|          16|
    |add_ln58_3711_fu_2683745_p2  |         +|   0|  0|   16|          16|          16|
    |add_ln58_3712_fu_2682559_p2  |         +|   0|  0|   16|          16|          16|
    |add_ln58_3713_fu_2682565_p2  |         +|   0|  0|   23|          16|          16|
    |add_ln58_3714_fu_2682571_p2  |         +|   0|  0|   16|          16|          16|
    |add_ln58_3715_fu_2682577_p2  |         +|   0|  0|   16|          16|          16|
    |add_ln58_3716_fu_2682583_p2  |         +|   0|  0|   23|          16|          16|
    |add_ln58_3717_fu_2682589_p2  |         +|   0|  0|   16|          16|          16|
    |add_ln58_3718_fu_2683751_p2  |         +|   0|  0|   16|          16|          16|
    |add_ln58_3719_fu_2682595_p2  |         +|   0|  0|   22|          15|          15|
    |add_ln58_3720_fu_2682605_p2  |         +|   0|  0|   23|          16|          16|
    |add_ln58_3721_fu_2682611_p2  |         +|   0|  0|   16|          16|          16|
    |add_ln58_3722_fu_2682617_p2  |         +|   0|  0|   16|          16|          16|
    |add_ln58_3723_fu_2682623_p2  |         +|   0|  0|   17|          10|           8|
    |add_ln58_3724_fu_2682633_p2  |         +|   0|  0|   16|          16|          16|
    |add_ln58_3725_fu_2682639_p2  |         +|   0|  0|   16|          16|          16|
    |add_ln58_3726_fu_2683755_p2  |         +|   0|  0|   16|          16|          16|
    |add_ln58_3727_fu_2682645_p2  |         +|   0|  0|   16|          16|          16|
    |add_ln58_3728_fu_2682651_p2  |         +|   0|  0|   23|          16|          16|
    |add_ln58_3729_fu_2682657_p2  |         +|   0|  0|   16|          16|          16|
    |add_ln58_3730_fu_2682663_p2  |         +|   0|  0|   16|          16|          16|
    |add_ln58_3731_fu_2682669_p2  |         +|   0|  0|   22|          15|          15|
    |add_ln58_3732_fu_2682679_p2  |         +|   0|  0|   16|          16|          16|
    |add_ln58_3733_fu_2683760_p2  |         +|   0|  0|   16|          16|          16|
    |add_ln58_3734_fu_2682685_p2  |         +|   0|  0|   23|          16|          16|
    |add_ln58_3735_fu_2682691_p2  |         +|   0|  0|   22|          15|          15|
    |add_ln58_3736_fu_2683767_p2  |         +|   0|  0|   16|          16|          16|
    |add_ln58_3737_fu_2682697_p2  |         +|   0|  0|   16|          16|          16|
    |add_ln58_3738_fu_2682703_p2  |         +|   0|  0|   21|          14|           9|
    |add_ln58_3739_fu_2682713_p2  |         +|   0|  0|   23|          16|          16|
    |add_ln58_3740_fu_2682719_p2  |         +|   0|  0|   16|          16|          16|
    |add_ln58_3741_fu_2683772_p2  |         +|   0|  0|   16|          16|          16|
    |add_ln58_3742_fu_2683777_p2  |         +|   0|  0|   16|          16|          16|
    |add_ln58_fu_2677355_p2       |         +|   0|  0|   21|          14|          14|
    |add_ln73_122_fu_2661745_p2   |         +|   0|  0|   30|          23|          23|
    |add_ln73_123_fu_2661941_p2   |         +|   0|  0|   30|          23|          23|
    |add_ln73_124_fu_2662336_p2   |         +|   0|  0|   33|          26|          26|
    |add_ln73_125_fu_2662438_p2   |         +|   0|  0|   27|          20|          20|
    |add_ln73_126_fu_2662644_p2   |         +|   0|  0|   31|          24|          24|
    |add_ln73_127_fu_2663657_p2   |         +|   0|  0|   29|          22|          22|
    |add_ln73_128_fu_2663695_p2   |         +|   0|  0|   31|          24|          24|
    |add_ln73_129_fu_2664402_p2   |         +|   0|  0|   28|          21|          21|
    |add_ln73_130_fu_2664774_p2   |         +|   0|  0|   31|          24|          24|
    |add_ln73_131_fu_2665338_p2   |         +|   0|  0|   31|          24|          24|
    |add_ln73_132_fu_2665740_p2   |         +|   0|  0|   29|          22|          22|
    |add_ln73_133_fu_2665876_p2   |         +|   0|  0|   32|          25|          25|
    |add_ln73_134_fu_2666118_p2   |         +|   0|  0|   28|          21|          21|
    |add_ln73_135_fu_2666720_p2   |         +|   0|  0|   31|          24|          24|
    |add_ln73_136_fu_2666792_p2   |         +|   0|  0|   29|          22|          22|
    |add_ln73_137_fu_2666948_p2   |         +|   0|  0|   30|          23|          23|
    |add_ln73_138_fu_2667622_p2   |         +|   0|  0|   27|          20|          20|
    |add_ln73_139_fu_2668286_p2   |         +|   0|  0|   27|          20|          20|
    |add_ln73_140_fu_2668900_p2   |         +|   0|  0|   29|          22|          22|
    |add_ln73_141_fu_2669098_p2   |         +|   0|  0|   28|          21|          21|
    |add_ln73_142_fu_2669136_p2   |         +|   0|  0|   31|          24|          24|
    |add_ln73_143_fu_2669176_p2   |         +|   0|  0|   30|          23|          23|
    |add_ln73_144_fu_2670060_p2   |         +|   0|  0|   32|          25|          25|
    |add_ln73_145_fu_2670858_p2   |         +|   0|  0|   30|          23|          23|
    |add_ln73_146_fu_2671997_p2   |         +|   0|  0|   28|          21|          21|
    |add_ln73_147_fu_2672119_p2   |         +|   0|  0|   33|          26|          26|
    |add_ln73_148_fu_2672147_p2   |         +|   0|  0|   31|          24|          24|
    |add_ln73_149_fu_2672247_p2   |         +|   0|  0|   29|          22|          22|
    |add_ln73_150_fu_2672267_p2   |         +|   0|  0|   32|          25|          25|
    |add_ln73_151_fu_2672291_p2   |         +|   0|  0|   32|          25|          25|
    |add_ln73_152_fu_2673689_p2   |         +|   0|  0|   33|          26|          26|
    |add_ln73_153_fu_2673891_p2   |         +|   0|  0|   31|          24|          24|
    |add_ln73_154_fu_2674450_p2   |         +|   0|  0|   28|          21|          21|
    |add_ln73_155_fu_2674826_p2   |         +|   0|  0|   30|          23|          23|
    |add_ln73_156_fu_2675741_p2   |         +|   0|  0|   30|          23|          23|
    |add_ln73_157_fu_2676415_p2   |         +|   0|  0|   28|          21|          21|
    |add_ln73_fu_2661285_p2       |         +|   0|  0|   27|          20|          20|
    |sub_ln42_1_fu_2675511_p2     |         -|   0|  0|   26|          26|          26|
    |sub_ln42_2_fu_2675689_p2     |         -|   0|  0|   33|          26|          26|
    |sub_ln42_3_fu_2676837_p2     |         -|   0|  0|   26|           1|          26|
    |sub_ln42_4_fu_2676847_p2     |         -|   0|  0|   26|          26|          26|
    |sub_ln42_fu_2675493_p2       |         -|   0|  0|   26|           1|          26|
    |sub_ln73_100_fu_2674784_p2   |         -|   0|  0|   24|           1|          17|
    |sub_ln73_101_fu_2675771_p2   |         -|   0|  0|   24|           1|          17|
    |sub_ln73_102_fu_2676553_p2   |         -|   0|  0|   24|           1|          17|
    |sub_ln73_719_fu_2661159_p2   |         -|   0|  0|   30|          23|          23|
    |sub_ln73_720_fu_2661201_p2   |         -|   0|  0|   25|           1|          18|
    |sub_ln73_721_fu_2661415_p2   |         -|   0|  0|   30|          23|          23|
    |sub_ln73_722_fu_2661591_p2   |         -|   0|  0|   27|          20|          20|
    |sub_ln73_723_fu_2661869_p2   |         -|   0|  0|   22|           1|          22|
    |sub_ln73_724_fu_2661879_p2   |         -|   0|  0|   22|          22|          22|
    |sub_ln73_725_fu_2661989_p2   |         -|   0|  0|   20|           1|          20|
    |sub_ln73_726_fu_2661995_p2   |         -|   0|  0|   20|          20|          20|
    |sub_ln73_727_fu_2662238_p2   |         -|   0|  0|   26|          19|          19|
    |sub_ln73_728_fu_2662364_p2   |         -|   0|  0|   28|          21|          21|
    |sub_ln73_729_fu_2662396_p2   |         -|   0|  0|   25|           1|          18|
    |sub_ln73_730_fu_2662520_p2   |         -|   0|  0|   26|          19|          19|
    |sub_ln73_731_fu_2662602_p2   |         -|   0|  0|   27|          20|          20|
    |sub_ln73_732_fu_2662680_p2   |         -|   0|  0|   31|          24|          24|
    |sub_ln73_733_fu_2662714_p2   |         -|   0|  0|   27|          20|          20|
    |sub_ln73_734_fu_2662888_p2   |         -|   0|  0|   31|          24|          24|
    |sub_ln73_735_fu_2662998_p2   |         -|   0|  0|   27|           1|          20|
    |sub_ln73_736_fu_2663189_p2   |         -|   0|  0|   20|           1|          20|
    |sub_ln73_737_fu_2663195_p2   |         -|   0|  0|   20|          20|          20|
    |sub_ln73_738_fu_2663381_p2   |         -|   0|  0|   25|           1|          18|
    |sub_ln73_739_fu_2663423_p2   |         -|   0|  0|   26|          19|          19|
    |sub_ln73_740_fu_2663515_p2   |         -|   0|  0|   30|          23|          23|
    |sub_ln73_741_fu_2663601_p2   |         -|   0|  0|   26|           1|          19|
    |sub_ln73_742_fu_2663769_p2   |         -|   0|  0|   27|          20|          20|
    |sub_ln73_743_fu_2663817_p2   |         -|   0|  0|   26|          19|          19|
    |sub_ln73_744_fu_2663887_p2   |         -|   0|  0|   23|           1|          23|
    |sub_ln73_745_fu_2663897_p2   |         -|   0|  0|   23|          23|          23|
    |sub_ln73_746_fu_2664140_p2   |         -|   0|  0|   20|           1|          20|
    |sub_ln73_747_fu_2664146_p2   |         -|   0|  0|   20|          20|          20|
    |sub_ln73_748_fu_2664190_p2   |         -|   0|  0|   30|          23|          23|
    |sub_ln73_749_fu_2664214_p2   |         -|   0|  0|   26|          19|          19|
    |sub_ln73_750_fu_2664340_p2   |         -|   0|  0|   25|           1|          18|
    |sub_ln73_751_fu_2664554_p2   |         -|   0|  0|   23|           1|          23|
    |sub_ln73_752_fu_2664564_p2   |         -|   0|  0|   23|          23|          23|
    |sub_ln73_753_fu_2664640_p2   |         -|   0|  0|   30|          23|          23|
    |sub_ln73_754_fu_2664938_p2   |         -|   0|  0|   32|          25|          25|
    |sub_ln73_755_fu_2664980_p2   |         -|   0|  0|   29|          22|          22|
    |sub_ln73_756_fu_2665148_p2   |         -|   0|  0|   25|           1|          18|
    |sub_ln73_757_fu_2665192_p2   |         -|   0|  0|   28|           1|          21|
    |sub_ln73_758_fu_2665202_p2   |         -|   0|  0|   28|          21|          21|
    |sub_ln73_759_fu_2665222_p2   |         -|   0|  0|   28|          21|          21|
    |sub_ln73_760_fu_2665598_p2   |         -|   0|  0|   29|          22|          22|
    |sub_ln73_761_fu_2665696_p2   |         -|   0|  0|   32|          25|          25|
    |sub_ln73_762_fu_2665764_p2   |         -|   0|  0|   27|          20|          20|
    |sub_ln73_763_fu_2665974_p2   |         -|   0|  0|   27|          20|          20|
    |sub_ln73_764_fu_2666284_p2   |         -|   0|  0|   26|          19|          19|
    |sub_ln73_765_fu_2666346_p2   |         -|   0|  0|   20|           1|          20|
    |sub_ln73_766_fu_2666352_p2   |         -|   0|  0|   20|          20|          20|
    |sub_ln73_767_fu_2666388_p2   |         -|   0|  0|   28|          21|          21|
    |sub_ln73_768_fu_2666448_p2   |         -|   0|  0|   23|           1|          23|
    |sub_ln73_769_fu_2666454_p2   |         -|   0|  0|   23|          23|          23|
    |sub_ln73_770_fu_2666492_p2   |         -|   0|  0|   29|          22|          22|
    |sub_ln73_771_fu_2666556_p2   |         -|   0|  0|   32|          25|          25|
    |sub_ln73_772_fu_2666616_p2   |         -|   0|  0|   31|          24|          24|
    |sub_ln73_773_fu_2666668_p2   |         -|   0|  0|   33|           1|          26|
    |sub_ln73_774_fu_2666678_p2   |         -|   0|  0|   33|          26|          26|
    |sub_ln73_775_fu_2666758_p2   |         -|   0|  0|   33|          26|          26|
    |sub_ln73_776_fu_2666830_p2   |         -|   0|  0|   31|          24|          24|
    |sub_ln73_777_fu_2666882_p2   |         -|   0|  0|   29|          22|          22|
    |sub_ln73_778_fu_2667190_p2   |         -|   0|  0|   32|          25|          25|
    |sub_ln73_779_fu_2667222_p2   |         -|   0|  0|   20|           1|          20|
    |sub_ln73_780_fu_2667228_p2   |         -|   0|  0|   20|          20|          20|
    |sub_ln73_781_fu_2667374_p2   |         -|   0|  0|   26|          19|          19|
    |sub_ln73_782_fu_2667424_p2   |         -|   0|  0|   24|           1|          24|
    |sub_ln73_783_fu_2667442_p2   |         -|   0|  0|   24|          24|          24|
    |sub_ln73_784_fu_2667828_p2   |         -|   0|  0|   27|           1|          20|
    |sub_ln73_785_fu_2668016_p2   |         -|   0|  0|   21|           1|          21|
    |sub_ln73_786_fu_2668022_p2   |         -|   0|  0|   21|          21|          21|
    |sub_ln73_787_fu_2668074_p2   |         -|   0|  0|   25|           1|          18|
    |sub_ln73_788_fu_2668120_p2   |         -|   0|  0|   25|           1|          25|
    |sub_ln73_789_fu_2668126_p2   |         -|   0|  0|   25|          25|          25|
    |sub_ln73_790_fu_2668356_p2   |         -|   0|  0|   26|           1|          19|
    |sub_ln73_791_fu_2668402_p2   |         -|   0|  0|   31|           1|          24|
    |sub_ln73_792_fu_2668514_p2   |         -|   0|  0|   24|           1|          24|
    |sub_ln73_793_fu_2668532_p2   |         -|   0|  0|   24|          24|          24|
    |sub_ln73_794_fu_2668564_p2   |         -|   0|  0|   25|           1|          18|
    |sub_ln73_795_fu_2668610_p2   |         -|   0|  0|   27|          20|          20|
    |sub_ln73_796_fu_2668656_p2   |         -|   0|  0|   23|           1|          23|
    |sub_ln73_797_fu_2668666_p2   |         -|   0|  0|   23|          23|          23|
    |sub_ln73_798_fu_2668726_p2   |         -|   0|  0|   26|           1|          26|
    |sub_ln73_799_fu_2668744_p2   |         -|   0|  0|   26|          26|          26|
    |sub_ln73_800_fu_2668778_p2   |         -|   0|  0|   25|           1|          25|
    |sub_ln73_801_fu_2668788_p2   |         -|   0|  0|   25|          25|          25|
    |sub_ln73_802_fu_2668818_p2   |         -|   0|  0|   20|           1|          20|
    |sub_ln73_803_fu_2668824_p2   |         -|   0|  0|   20|          20|          20|
    |sub_ln73_804_fu_2668952_p2   |         -|   0|  0|   30|          23|          23|
    |sub_ln73_805_fu_2669074_p2   |         -|   0|  0|   29|          22|          22|
    |sub_ln73_806_fu_2669214_p2   |         -|   0|  0|   29|          22|          22|
    |sub_ln73_807_fu_2669292_p2   |         -|   0|  0|   21|           1|          21|
    |sub_ln73_808_fu_2669302_p2   |         -|   0|  0|   21|          21|          21|
    |sub_ln73_809_fu_2669508_p2   |         -|   0|  0|   26|          19|          19|
    |sub_ln73_810_fu_2669580_p2   |         -|   0|  0|   26|          19|          19|
    |sub_ln73_811_fu_2669612_p2   |         -|   0|  0|   31|           1|          24|
    |sub_ln73_812_fu_2669630_p2   |         -|   0|  0|   31|          24|          24|
    |sub_ln73_813_fu_2669686_p2   |         -|   0|  0|   25|           1|          18|
    |sub_ln73_814_fu_2669710_p2   |         -|   0|  0|   20|           1|          20|
    |sub_ln73_815_fu_2669716_p2   |         -|   0|  0|   20|          20|          20|
    |sub_ln73_816_fu_2669926_p2   |         -|   0|  0|   31|          24|          24|
    |sub_ln73_817_fu_2670092_p2   |         -|   0|  0|   21|           1|          21|
    |sub_ln73_818_fu_2670098_p2   |         -|   0|  0|   21|          21|          21|
    |sub_ln73_819_fu_2670246_p2   |         -|   0|  0|   27|           1|          20|
    |sub_ln73_820_fu_2670550_p2   |         -|   0|  0|   28|          21|          21|
    |sub_ln73_821_fu_2670678_p2   |         -|   0|  0|   22|           1|          22|
    |sub_ln73_822_fu_2670684_p2   |         -|   0|  0|   22|          22|          22|
    |sub_ln73_823_fu_2670716_p2   |         -|   0|  0|   32|          25|          25|
    |sub_ln73_824_fu_2670774_p2   |         -|   0|  0|   27|          20|          20|
    |sub_ln73_825_fu_2670806_p2   |         -|   0|  0|   25|           1|          25|
    |sub_ln73_826_fu_2670812_p2   |         -|   0|  0|   25|          25|          25|
    |sub_ln73_827_fu_2670896_p2   |         -|   0|  0|   25|           1|          18|
    |sub_ln73_828_fu_2670976_p2   |         -|   0|  0|   29|           1|          22|
    |sub_ln73_829_fu_2671068_p2   |         -|   0|  0|   29|          22|          22|
    |sub_ln73_830_fu_2671144_p2   |         -|   0|  0|   26|          19|          19|
    |sub_ln73_831_fu_2671238_p2   |         -|   0|  0|   20|           1|          20|
    |sub_ln73_832_fu_2671244_p2   |         -|   0|  0|   20|          20|          20|
    |sub_ln73_833_fu_2671282_p2   |         -|   0|  0|   26|           1|          26|
    |sub_ln73_834_fu_2671292_p2   |         -|   0|  0|   26|          26|          26|
    |sub_ln73_835_fu_2671575_p2   |         -|   0|  0|   31|          24|          24|
    |sub_ln73_836_fu_2671663_p2   |         -|   0|  0|   24|           1|          24|
    |sub_ln73_837_fu_2671681_p2   |         -|   0|  0|   24|          24|          24|
    |sub_ln73_838_fu_2671719_p2   |         -|   0|  0|   26|          19|          19|
    |sub_ln73_839_fu_2671935_p2   |         -|   0|  0|   26|           1|          26|
    |sub_ln73_840_fu_2671941_p2   |         -|   0|  0|   26|          26|          26|
    |sub_ln73_841_fu_2672043_p2   |         -|   0|  0|   31|          24|          24|
    |sub_ln73_842_fu_2672175_p2   |         -|   0|  0|   25|           1|          25|
    |sub_ln73_843_fu_2672181_p2   |         -|   0|  0|   25|          25|          25|
    |sub_ln73_844_fu_2672315_p2   |         -|   0|  0|   27|          20|          20|
    |sub_ln73_845_fu_2672347_p2   |         -|   0|  0|   32|          25|          25|
    |sub_ln73_846_fu_2672632_p2   |         -|   0|  0|   32|           1|          25|
    |sub_ln73_847_fu_2672678_p2   |         -|   0|  0|   26|          19|          19|
    |sub_ln73_848_fu_2672718_p2   |         -|   0|  0|   30|          23|          23|
    |sub_ln73_849_fu_2672776_p2   |         -|   0|  0|   21|           1|          21|
    |sub_ln73_850_fu_2672794_p2   |         -|   0|  0|   21|          21|          21|
    |sub_ln73_851_fu_2672926_p2   |         -|   0|  0|   27|          20|          20|
    |sub_ln73_852_fu_2672964_p2   |         -|   0|  0|   30|          23|          23|
    |sub_ln73_853_fu_2673100_p2   |         -|   0|  0|   27|           1|          20|
    |sub_ln73_854_fu_2673146_p2   |         -|   0|  0|   28|          21|          21|
    |sub_ln73_855_fu_2673170_p2   |         -|   0|  0|   25|           1|          18|
    |sub_ln73_856_fu_2673190_p2   |         -|   0|  0|   26|          19|          19|
    |sub_ln73_857_fu_2673290_p2   |         -|   0|  0|   26|           1|          26|
    |sub_ln73_858_fu_2673300_p2   |         -|   0|  0|   26|          26|          26|
    |sub_ln73_859_fu_2673348_p2   |         -|   0|  0|   24|           1|          24|
    |sub_ln73_860_fu_2673354_p2   |         -|   0|  0|   24|          24|          24|
    |sub_ln73_861_fu_2673623_p2   |         -|   0|  0|   32|          25|          25|
    |sub_ln73_862_fu_2673721_p2   |         -|   0|  0|   29|          22|          22|
    |sub_ln73_863_fu_2673853_p2   |         -|   0|  0|   32|          25|          25|
    |sub_ln73_864_fu_2673965_p2   |         -|   0|  0|   27|          20|          20|
    |sub_ln73_865_fu_2673985_p2   |         -|   0|  0|   32|          25|          25|
    |sub_ln73_866_fu_2674037_p2   |         -|   0|  0|   20|           1|          20|
    |sub_ln73_867_fu_2674043_p2   |         -|   0|  0|   20|          20|          20|
    |sub_ln73_868_fu_2674143_p2   |         -|   0|  0|   26|          19|          19|
    |sub_ln73_869_fu_2674181_p2   |         -|   0|  0|   25|           1|          18|
    |sub_ln73_870_fu_2674558_p2   |         -|   0|  0|   26|           1|          19|
    |sub_ln73_871_fu_2674604_p2   |         -|   0|  0|   30|          23|          23|
    |sub_ln73_872_fu_2674640_p2   |         -|   0|  0|   29|          22|          22|
    |sub_ln73_873_fu_2674684_p2   |         -|   0|  0|   31|          24|          24|
    |sub_ln73_874_fu_2674892_p2   |         -|   0|  0|   25|           1|          18|
    |sub_ln73_875_fu_2674976_p2   |         -|   0|  0|   31|          24|          24|
    |sub_ln73_876_fu_2675000_p2   |         -|   0|  0|   27|          20|          20|
    |sub_ln73_877_fu_2675078_p2   |         -|   0|  0|   28|          21|          21|
    |sub_ln73_878_fu_2675158_p2   |         -|   0|  0|   32|          25|          25|
    |sub_ln73_879_fu_2675192_p2   |         -|   0|  0|   31|          24|          24|
    |sub_ln73_880_fu_2675244_p2   |         -|   0|  0|   28|          21|          21|
    |sub_ln73_881_fu_2675320_p2   |         -|   0|  0|   25|           1|          25|
    |sub_ln73_882_fu_2675330_p2   |         -|   0|  0|   25|          25|          25|
    |sub_ln73_883_fu_2675563_p2   |         -|   0|  0|   26|          19|          19|
    |sub_ln73_884_fu_2675643_p2   |         -|   0|  0|   25|           1|          18|
    |sub_ln73_885_fu_2675917_p2   |         -|   0|  0|   32|          25|          25|
    |sub_ln73_886_fu_2676333_p2   |         -|   0|  0|   28|           1|          21|
    |sub_ln73_887_fu_2676439_p2   |         -|   0|  0|   25|           1|          18|
    |sub_ln73_888_fu_2676637_p2   |         -|   0|  0|   24|           1|          24|
    |sub_ln73_889_fu_2676643_p2   |         -|   0|  0|   24|          24|          24|
    |sub_ln73_88_fu_2662112_p2    |         -|   0|  0|   24|           1|          17|
    |sub_ln73_890_fu_2676699_p2   |         -|   0|  0|   31|          24|          24|
    |sub_ln73_891_fu_2676749_p2   |         -|   0|  0|   32|          25|          25|
    |sub_ln73_892_fu_2676933_p2   |         -|   0|  0|   28|           1|          21|
    |sub_ln73_893_fu_2676939_p2   |         -|   0|  0|   28|          21|          21|
    |sub_ln73_894_fu_2676963_p2   |         -|   0|  0|   22|           1|          22|
    |sub_ln73_895_fu_2676981_p2   |         -|   0|  0|   22|          22|          22|
    |sub_ln73_896_fu_2677005_p2   |         -|   0|  0|   25|           1|          25|
    |sub_ln73_897_fu_2677015_p2   |         -|   0|  0|   25|          25|          25|
    |sub_ln73_898_fu_2677059_p2   |         -|   0|  0|   27|           1|          20|
    |sub_ln73_899_fu_2677117_p2   |         -|   0|  0|   28|          21|          21|
    |sub_ln73_89_fu_2663467_p2    |         -|   0|  0|   24|           1|          17|
    |sub_ln73_900_fu_2677211_p2   |         -|   0|  0|   29|          22|          22|
    |sub_ln73_901_fu_2677245_p2   |         -|   0|  0|   26|          19|          19|
    |sub_ln73_902_fu_2677321_p2   |         -|   0|  0|   30|          23|          23|
    |sub_ln73_90_fu_2664708_p2    |         -|   0|  0|   24|           1|          17|
    |sub_ln73_91_fu_2665716_p2    |         -|   0|  0|   24|           1|          17|
    |sub_ln73_92_fu_2666224_p2    |         -|   0|  0|   24|           1|          17|
    |sub_ln73_93_fu_2667588_p2    |         -|   0|  0|   24|           1|          17|
    |sub_ln73_94_fu_2669234_p2    |         -|   0|  0|   24|           1|          17|
    |sub_ln73_95_fu_2669838_p2    |         -|   0|  0|   24|           1|          17|
    |sub_ln73_96_fu_2670464_p2    |         -|   0|  0|   24|           1|          17|
    |sub_ln73_97_fu_2671781_p2    |         -|   0|  0|   24|           1|          17|
    |sub_ln73_98_fu_2672866_p2    |         -|   0|  0|   24|           1|          17|
    |sub_ln73_99_fu_2673803_p2    |         -|   0|  0|   24|           1|          17|
    |sub_ln73_fu_2661449_p2       |         -|   0|  0|   24|           1|          17|
    |ap_enable_pp0                |       xor|   0|  0|    2|           1|           2|
    |xor_ln58_fu_2677525_p2       |       xor|   0|  0|    2|           1|           2|
    +-----------------------------+----------+----+---+-----+------------+------------+
    |Total                        |          |   0|  0|24055|       18629|       20028|
    +-----------------------------+----------+----+---+-----+------------+------------+

    * Multiplexer: 
    N/A

    * Register: 
    +---------------------------+----+----+-----+-----------+
    |            Name           | FF | LUT| Bits| Const Bits|
    +---------------------------+----+----+-----+-----------+
    |add_ln58_2764_reg_2684217  |  16|   0|   16|          0|
    |add_ln58_2767_reg_2684222  |  16|   0|   16|          0|
    |add_ln58_2776_reg_2684227  |  16|   0|   16|          0|
    |add_ln58_2780_reg_2684232  |  16|   0|   16|          0|
    |add_ln58_2783_reg_2684237  |  16|   0|   16|          0|
    |add_ln58_2785_reg_2684242  |  16|   0|   16|          0|
    |add_ln58_2786_reg_2684247  |  16|   0|   16|          0|
    |add_ln58_2790_reg_2684252  |  16|   0|   16|          0|
    |add_ln58_2794_reg_2684257  |  16|   0|   16|          0|
    |add_ln58_2797_reg_2684262  |  16|   0|   16|          0|
    |add_ln58_2804_reg_2684267  |  16|   0|   16|          0|
    |add_ln58_2808_reg_2684272  |  16|   0|   16|          0|
    |add_ln58_2811_reg_2684277  |  16|   0|   16|          0|
    |add_ln58_2813_reg_2684282  |  16|   0|   16|          0|
    |add_ln58_2814_reg_2684287  |  16|   0|   16|          0|
    |add_ln58_2819_reg_2684292  |  16|   0|   16|          0|
    |add_ln58_2824_reg_2684297  |  16|   0|   16|          0|
    |add_ln58_2827_reg_2684302  |  16|   0|   16|          0|
    |add_ln58_2836_reg_2684307  |  16|   0|   16|          0|
    |add_ln58_2840_reg_2684312  |  16|   0|   16|          0|
    |add_ln58_2843_reg_2684317  |  16|   0|   16|          0|
    |add_ln58_2851_reg_2684322  |  16|   0|   16|          0|
    |add_ln58_2855_reg_2684327  |  16|   0|   16|          0|
    |add_ln58_2858_reg_2684332  |  16|   0|   16|          0|
    |add_ln58_2860_reg_2684337  |  16|   0|   16|          0|
    |add_ln58_2861_reg_2684342  |  16|   0|   16|          0|
    |add_ln58_2866_reg_2684347  |  16|   0|   16|          0|
    |add_ln58_2871_reg_2684352  |  16|   0|   16|          0|
    |add_ln58_2874_reg_2684357  |  16|   0|   16|          0|
    |add_ln58_2876_reg_2684362  |  16|   0|   16|          0|
    |add_ln58_2882_reg_2684367  |  16|   0|   16|          0|
    |add_ln58_2887_reg_2684372  |  16|   0|   16|          0|
    |add_ln58_2890_reg_2684377  |  16|   0|   16|          0|
    |add_ln58_2892_reg_2684382  |  16|   0|   16|          0|
    |add_ln58_2893_reg_2684387  |  15|   0|   15|          0|
    |add_ln58_2897_reg_2684392  |  16|   0|   16|          0|
    |add_ln58_2903_reg_2684397  |  16|   0|   16|          0|
    |add_ln58_2906_reg_2684402  |  16|   0|   16|          0|
    |add_ln58_2908_reg_2684407  |  15|   0|   15|          0|
    |add_ln58_2909_reg_2684412  |  16|   0|   16|          0|
    |add_ln58_2914_reg_2684417  |  16|   0|   16|          0|
    |add_ln58_2919_reg_2684422  |  16|   0|   16|          0|
    |add_ln58_2922_reg_2684427  |  16|   0|   16|          0|
    |add_ln58_2924_reg_2684432  |  16|   0|   16|          0|
    |add_ln58_2925_reg_2684437  |  16|   0|   16|          0|
    |add_ln58_2930_reg_2684442  |  16|   0|   16|          0|
    |add_ln58_2935_reg_2684447  |  16|   0|   16|          0|
    |add_ln58_2938_reg_2684452  |  16|   0|   16|          0|
    |add_ln58_2946_reg_2684457  |  16|   0|   16|          0|
    |add_ln58_2950_reg_2684462  |  16|   0|   16|          0|
    |add_ln58_2953_reg_2684467  |  15|   0|   15|          0|
    |add_ln58_2955_reg_2684472  |  16|   0|   16|          0|
    |add_ln58_2956_reg_2684477  |  16|   0|   16|          0|
    |add_ln58_2961_reg_2684482  |  16|   0|   16|          0|
    |add_ln58_2965_reg_2684487  |  16|   0|   16|          0|
    |add_ln58_2968_reg_2684492  |  16|   0|   16|          0|
    |add_ln58_2976_reg_2684497  |  16|   0|   16|          0|
    |add_ln58_2980_reg_2684502  |  16|   0|   16|          0|
    |add_ln58_2983_reg_2684507  |  16|   0|   16|          0|
    |add_ln58_2985_reg_2684512  |  16|   0|   16|          0|
    |add_ln58_2986_reg_2684517  |  14|   0|   14|          0|
    |add_ln58_2990_reg_2684522  |  16|   0|   16|          0|
    |add_ln58_2996_reg_2684527  |  16|   0|   16|          0|
    |add_ln58_2999_reg_2684532  |  16|   0|   16|          0|
    |add_ln58_3001_reg_2684537  |  16|   0|   16|          0|
    |add_ln58_3002_reg_2684542  |  16|   0|   16|          0|
    |add_ln58_3007_reg_2684547  |  16|   0|   16|          0|
    |add_ln58_3012_reg_2684552  |  16|   0|   16|          0|
    |add_ln58_3015_reg_2684557  |  16|   0|   16|          0|
    |add_ln58_3023_reg_2684562  |  16|   0|   16|          0|
    |add_ln58_3026_reg_2684567  |  16|   0|   16|          0|
    |add_ln58_3029_reg_2684572  |  16|   0|   16|          0|
    |add_ln58_3037_reg_2684577  |  16|   0|   16|          0|
    |add_ln58_3041_reg_2684582  |  16|   0|   16|          0|
    |add_ln58_3044_reg_2684587  |  16|   0|   16|          0|
    |add_ln58_3052_reg_2684592  |  16|   0|   16|          0|
    |add_ln58_3066_reg_2684597  |  16|   0|   16|          0|
    |add_ln58_3069_reg_2684602  |  16|   0|   16|          0|
    |add_ln58_3072_reg_2684607  |  16|   0|   16|          0|
    |add_ln58_3081_reg_2684612  |  16|   0|   16|          0|
    |add_ln58_3085_reg_2684617  |  16|   0|   16|          0|
    |add_ln58_3088_reg_2684622  |  16|   0|   16|          0|
    |add_ln58_3097_reg_2684627  |  16|   0|   16|          0|
    |add_ln58_3101_reg_2684632  |  16|   0|   16|          0|
    |add_ln58_3104_reg_2684637  |  16|   0|   16|          0|
    |add_ln58_3106_reg_2684642  |  16|   0|   16|          0|
    |add_ln58_3107_reg_2684647  |  15|   0|   15|          0|
    |add_ln58_3112_reg_2684652  |  16|   0|   16|          0|
    |add_ln58_3117_reg_2684657  |  16|   0|   16|          0|
    |add_ln58_3120_reg_2684662  |  16|   0|   16|          0|
    |add_ln58_3129_reg_2684667  |  16|   0|   16|          0|
    |add_ln58_3133_reg_2684672  |  16|   0|   16|          0|
    |add_ln58_3136_reg_2684677  |  16|   0|   16|          0|
    |add_ln58_3138_reg_2684682  |  16|   0|   16|          0|
    |add_ln58_3139_reg_2684687  |  16|   0|   16|          0|
    |add_ln58_3144_reg_2684692  |  16|   0|   16|          0|
    |add_ln58_3156_reg_2684697  |  11|   0|   11|          0|
    |add_ln58_3159_reg_2684702  |  16|   0|   16|          0|
    |add_ln58_3162_reg_2684707  |  16|   0|   16|          0|
    |add_ln58_3164_reg_2684712  |  15|   0|   15|          0|
    |add_ln58_3165_reg_2684717  |  14|   0|   14|          0|
    |add_ln58_3170_reg_2684722  |  16|   0|   16|          0|
    |add_ln58_3175_reg_2684727  |  16|   0|   16|          0|
    |add_ln58_3178_reg_2684732  |  16|   0|   16|          0|
    |add_ln58_3180_reg_2684737  |  16|   0|   16|          0|
    |add_ln58_3181_reg_2684742  |  16|   0|   16|          0|
    |add_ln58_3186_reg_2684747  |  16|   0|   16|          0|
    |add_ln58_3191_reg_2684752  |  16|   0|   16|          0|
    |add_ln58_3194_reg_2684757  |  16|   0|   16|          0|
    |add_ln58_3202_reg_2684762  |  16|   0|   16|          0|
    |add_ln58_3206_reg_2684767  |  16|   0|   16|          0|
    |add_ln58_3209_reg_2684772  |  16|   0|   16|          0|
    |add_ln58_3211_reg_2684777  |  16|   0|   16|          0|
    |add_ln58_3212_reg_2684782  |  16|   0|   16|          0|
    |add_ln58_3216_reg_2684787  |  16|   0|   16|          0|
    |add_ln58_3221_reg_2684792  |  16|   0|   16|          0|
    |add_ln58_3224_reg_2684797  |  16|   0|   16|          0|
    |add_ln58_3226_reg_2684802  |  16|   0|   16|          0|
    |add_ln58_3227_reg_2684807  |  15|   0|   15|          0|
    |add_ln58_3232_reg_2684812  |  16|   0|   16|          0|
    |add_ln58_3236_reg_2684817  |  16|   0|   16|          0|
    |add_ln58_3239_reg_2684822  |  16|   0|   16|          0|
    |add_ln58_3241_reg_2684827  |  16|   0|   16|          0|
    |add_ln58_3242_reg_2684832  |  16|   0|   16|          0|
    |add_ln58_3246_reg_2684837  |  16|   0|   16|          0|
    |add_ln58_3251_reg_2684842  |  16|   0|   16|          0|
    |add_ln58_3254_reg_2684847  |  16|   0|   16|          0|
    |add_ln58_3263_reg_2684852  |  16|   0|   16|          0|
    |add_ln58_3267_reg_2684857  |  16|   0|   16|          0|
    |add_ln58_3270_reg_2684862  |  16|   0|   16|          0|
    |add_ln58_3272_reg_2684867  |  15|   0|   15|          0|
    |add_ln58_3273_reg_2684872  |  16|   0|   16|          0|
    |add_ln58_3278_reg_2684877  |  16|   0|   16|          0|
    |add_ln58_3283_reg_2684882  |  16|   0|   16|          0|
    |add_ln58_3286_reg_2684887  |  16|   0|   16|          0|
    |add_ln58_3294_reg_2684892  |  16|   0|   16|          0|
    |add_ln58_3298_reg_2684897  |  16|   0|   16|          0|
    |add_ln58_3301_reg_2684902  |  16|   0|   16|          0|
    |add_ln58_3303_reg_2684907  |  16|   0|   16|          0|
    |add_ln58_3304_reg_2684912  |  16|   0|   16|          0|
    |add_ln58_3309_reg_2684917  |  16|   0|   16|          0|
    |add_ln58_3314_reg_2684922  |  16|   0|   16|          0|
    |add_ln58_3317_reg_2684927  |  16|   0|   16|          0|
    |add_ln58_3319_reg_2684932  |  16|   0|   16|          0|
    |add_ln58_3320_reg_2684937  |  16|   0|   16|          0|
    |add_ln58_3324_reg_2684942  |  16|   0|   16|          0|
    |add_ln58_3329_reg_2684947  |  16|   0|   16|          0|
    |add_ln58_3332_reg_2684952  |  16|   0|   16|          0|
    |add_ln58_3334_reg_2684957  |  16|   0|   16|          0|
    |add_ln58_3335_reg_2684962  |  16|   0|   16|          0|
    |add_ln58_3340_reg_2684967  |  16|   0|   16|          0|
    |add_ln58_3345_reg_2684972  |  16|   0|   16|          0|
    |add_ln58_3348_reg_2684977  |  16|   0|   16|          0|
    |add_ln58_3350_reg_2684982  |  16|   0|   16|          0|
    |add_ln58_3351_reg_2684987  |  16|   0|   16|          0|
    |add_ln58_3356_reg_2684992  |  16|   0|   16|          0|
    |add_ln58_3360_reg_2684997  |  16|   0|   16|          0|
    |add_ln58_3363_reg_2685002  |  16|   0|   16|          0|
    |add_ln58_3371_reg_2685007  |  16|   0|   16|          0|
    |add_ln58_3375_reg_2685012  |  16|   0|   16|          0|
    |add_ln58_3378_reg_2685017  |  16|   0|   16|          0|
    |add_ln58_3387_reg_2685022  |  16|   0|   16|          0|
    |add_ln58_3390_reg_2685027  |  16|   0|   16|          0|
    |add_ln58_3393_reg_2685032  |  15|   0|   15|          0|
    |add_ln58_3401_reg_2685037  |  16|   0|   16|          0|
    |add_ln58_3404_reg_2685042  |  16|   0|   16|          0|
    |add_ln58_3407_reg_2685047  |  16|   0|   16|          0|
    |add_ln58_3409_reg_2685052  |  15|   0|   15|          0|
    |add_ln58_3413_reg_2685057  |  16|   0|   16|          0|
    |add_ln58_3418_reg_2685062  |  16|   0|   16|          0|
    |add_ln58_3421_reg_2685067  |  16|   0|   16|          0|
    |add_ln58_3423_reg_2685072  |  15|   0|   15|          0|
    |add_ln58_3424_reg_2685077  |  16|   0|   16|          0|
    |add_ln58_3428_reg_2685082  |  16|   0|   16|          0|
    |add_ln58_3433_reg_2685087  |  16|   0|   16|          0|
    |add_ln58_3436_reg_2685092  |  16|   0|   16|          0|
    |add_ln58_3445_reg_2685097  |  16|   0|   16|          0|
    |add_ln58_3449_reg_2685102  |  16|   0|   16|          0|
    |add_ln58_3452_reg_2685107  |  16|   0|   16|          0|
    |add_ln58_3454_reg_2685112  |  16|   0|   16|          0|
    |add_ln58_3455_reg_2685117  |  16|   0|   16|          0|
    |add_ln58_3460_reg_2685122  |  16|   0|   16|          0|
    |add_ln58_3465_reg_2685127  |  16|   0|   16|          0|
    |add_ln58_3468_reg_2685132  |  16|   0|   16|          0|
    |add_ln58_3476_reg_2685137  |  16|   0|   16|          0|
    |add_ln58_3480_reg_2685142  |  16|   0|   16|          0|
    |add_ln58_3483_reg_2685147  |  16|   0|   16|          0|
    |add_ln58_3485_reg_2685152  |  16|   0|   16|          0|
    |add_ln58_3486_reg_2685157  |  15|   0|   15|          0|
    |add_ln58_3491_reg_2685162  |  16|   0|   16|          0|
    |add_ln58_3496_reg_2685167  |  16|   0|   16|          0|
    |add_ln58_3499_reg_2685172  |  16|   0|   16|          0|
    |add_ln58_3501_reg_2685177  |  16|   0|   16|          0|
    |add_ln58_3502_reg_2685182  |  16|   0|   16|          0|
    |add_ln58_3506_reg_2685187  |  16|   0|   16|          0|
    |add_ln58_3512_reg_2685192  |  16|   0|   16|          0|
    |add_ln58_3515_reg_2685197  |  16|   0|   16|          0|
    |add_ln58_3517_reg_2685202  |  16|   0|   16|          0|
    |add_ln58_3518_reg_2685207  |  16|   0|   16|          0|
    |add_ln58_3523_reg_2685212  |  16|   0|   16|          0|
    |add_ln58_3528_reg_2685217  |  16|   0|   16|          0|
    |add_ln58_3531_reg_2685222  |  16|   0|   16|          0|
    |add_ln58_3533_reg_2685227  |  15|   0|   15|          0|
    |add_ln58_3534_reg_2685232  |  16|   0|   16|          0|
    |add_ln58_3538_reg_2685237  |  16|   0|   16|          0|
    |add_ln58_3543_reg_2685242  |  16|   0|   16|          0|
    |add_ln58_3546_reg_2685247  |  16|   0|   16|          0|
    |add_ln58_3555_reg_2685252  |  16|   0|   16|          0|
    |add_ln58_3559_reg_2685257  |  16|   0|   16|          0|
    |add_ln58_3562_reg_2685262  |  16|   0|   16|          0|
    |add_ln58_3564_reg_2685267  |  16|   0|   16|          0|
    |add_ln58_3565_reg_2685272  |  16|   0|   16|          0|
    |add_ln58_3569_reg_2685277  |  16|   0|   16|          0|
    |add_ln58_3575_reg_2685282  |  16|   0|   16|          0|
    |add_ln58_3578_reg_2685287  |  16|   0|   16|          0|
    |add_ln58_3580_reg_2685292  |  16|   0|   16|          0|
    |add_ln58_3581_reg_2685297  |  16|   0|   16|          0|
    |add_ln58_3586_reg_2685302  |  16|   0|   16|          0|
    |add_ln58_3591_reg_2685307  |  16|   0|   16|          0|
    |add_ln58_3594_reg_2685312  |  16|   0|   16|          0|
    |add_ln58_3596_reg_2685317  |  16|   0|   16|          0|
    |add_ln58_3597_reg_2685322  |  16|   0|   16|          0|
    |add_ln58_3602_reg_2685327  |  16|   0|   16|          0|
    |add_ln58_3607_reg_2685332  |  16|   0|   16|          0|
    |add_ln58_3610_reg_2685337  |  16|   0|   16|          0|
    |add_ln58_3618_reg_2685342  |  16|   0|   16|          0|
    |add_ln58_3622_reg_2685347  |  16|   0|   16|          0|
    |add_ln58_3625_reg_2685352  |  16|   0|   16|          0|
    |add_ln58_3633_reg_2685357  |  16|   0|   16|          0|
    |add_ln58_3637_reg_2685362  |  16|   0|   16|          0|
    |add_ln58_3640_reg_2685367  |  15|   0|   15|          0|
    |add_ln58_3642_reg_2685372  |  16|   0|   16|          0|
    |add_ln58_3643_reg_2685377  |  16|   0|   16|          0|
    |add_ln58_3647_reg_2685382  |  16|   0|   16|          0|
    |add_ln58_3652_reg_2685387  |  16|   0|   16|          0|
    |add_ln58_3655_reg_2685392  |  16|   0|   16|          0|
    |add_ln58_3664_reg_2685397  |  16|   0|   16|          0|
    |add_ln58_3667_reg_2685402  |  13|   0|   13|          0|
    |add_ln58_3670_reg_2685407  |  16|   0|   16|          0|
    |add_ln58_3678_reg_2685412  |  16|   0|   16|          0|
    |add_ln58_3682_reg_2685417  |  16|   0|   16|          0|
    |add_ln58_3685_reg_2685422  |  16|   0|   16|          0|
    |add_ln58_3687_reg_2685427  |  15|   0|   15|          0|
    |add_ln58_3688_reg_2685432  |  16|   0|   16|          0|
    |add_ln58_3693_reg_2685437  |  16|   0|   16|          0|
    |add_ln58_3698_reg_2685442  |  16|   0|   16|          0|
    |add_ln58_3701_reg_2685447  |  16|   0|   16|          0|
    |add_ln58_3703_reg_2685452  |  16|   0|   16|          0|
    |add_ln58_3704_reg_2685457  |  16|   0|   16|          0|
    |add_ln58_3709_reg_2685462  |  16|   0|   16|          0|
    |add_ln58_3714_reg_2685467  |  16|   0|   16|          0|
    |add_ln58_3717_reg_2685472  |  16|   0|   16|          0|
    |add_ln58_3725_reg_2685477  |  16|   0|   16|          0|
    |add_ln58_3729_reg_2685482  |  16|   0|   16|          0|
    |add_ln58_3732_reg_2685487  |  16|   0|   16|          0|
    |add_ln58_3734_reg_2685492  |  16|   0|   16|          0|
    |add_ln58_3735_reg_2685497  |  15|   0|   15|          0|
    |add_ln58_3740_reg_2685502  |  16|   0|   16|          0|
    |ap_CS_fsm                  |   1|   0|    1|          0|
    |ap_enable_reg_pp0_iter1    |   1|   0|    1|          0|
    |mult_2889_reg_2684166      |  16|   0|   16|          0|
    |mult_2971_reg_2684171      |   9|   0|    9|          0|
    |mult_3022_reg_2684176      |  16|   0|   16|          0|
    |mult_3023_reg_2684182      |  16|   0|   16|          0|
    |mult_3055_reg_2684187      |  15|   0|   15|          0|
    |mult_3059_reg_2684192      |  16|   0|   16|          0|
    |mult_3074_reg_2684197      |   9|   0|    9|          0|
    |mult_3079_reg_2684202      |  16|   0|   16|          0|
    |mult_3102_reg_2684207      |  14|   0|   14|          0|
    |mult_3106_reg_2684212      |  15|   0|   15|          0|
    +---------------------------+----+----+-----+-----------+
    |Total                      |4245|   0| 4245|          0|
    +---------------------------+----+----+-----+-----------+



================================================================
== Interface
================================================================
* Summary: 
+--------------+-----+-----+------------+----------------------------------------------------------------------------+--------------+
|   RTL Ports  | Dir | Bits|  Protocol  |                                Source Object                               |    C Type    |
+--------------+-----+-----+------------+----------------------------------------------------------------------------+--------------+
|ap_clk        |   in|    1|  ap_ctrl_hs|  dense_latency<ap_fixed<16, 6, 5, 3, 0>, ap_fixed<16, 6, 5, 3, 0>, config2>|  return value|
|ap_rst        |   in|    1|  ap_ctrl_hs|  dense_latency<ap_fixed<16, 6, 5, 3, 0>, ap_fixed<16, 6, 5, 3, 0>, config2>|  return value|
|ap_start      |   in|    1|  ap_ctrl_hs|  dense_latency<ap_fixed<16, 6, 5, 3, 0>, ap_fixed<16, 6, 5, 3, 0>, config2>|  return value|
|ap_done       |  out|    1|  ap_ctrl_hs|  dense_latency<ap_fixed<16, 6, 5, 3, 0>, ap_fixed<16, 6, 5, 3, 0>, config2>|  return value|
|ap_idle       |  out|    1|  ap_ctrl_hs|  dense_latency<ap_fixed<16, 6, 5, 3, 0>, ap_fixed<16, 6, 5, 3, 0>, config2>|  return value|
|ap_ready      |  out|    1|  ap_ctrl_hs|  dense_latency<ap_fixed<16, 6, 5, 3, 0>, ap_fixed<16, 6, 5, 3, 0>, config2>|  return value|
|ap_ce         |   in|    1|  ap_ctrl_hs|  dense_latency<ap_fixed<16, 6, 5, 3, 0>, ap_fixed<16, 6, 5, 3, 0>, config2>|  return value|
|ap_return_0   |  out|   16|  ap_ctrl_hs|  dense_latency<ap_fixed<16, 6, 5, 3, 0>, ap_fixed<16, 6, 5, 3, 0>, config2>|  return value|
|ap_return_1   |  out|   16|  ap_ctrl_hs|  dense_latency<ap_fixed<16, 6, 5, 3, 0>, ap_fixed<16, 6, 5, 3, 0>, config2>|  return value|
|ap_return_2   |  out|   16|  ap_ctrl_hs|  dense_latency<ap_fixed<16, 6, 5, 3, 0>, ap_fixed<16, 6, 5, 3, 0>, config2>|  return value|
|ap_return_3   |  out|   16|  ap_ctrl_hs|  dense_latency<ap_fixed<16, 6, 5, 3, 0>, ap_fixed<16, 6, 5, 3, 0>, config2>|  return value|
|ap_return_4   |  out|   16|  ap_ctrl_hs|  dense_latency<ap_fixed<16, 6, 5, 3, 0>, ap_fixed<16, 6, 5, 3, 0>, config2>|  return value|
|ap_return_5   |  out|   16|  ap_ctrl_hs|  dense_latency<ap_fixed<16, 6, 5, 3, 0>, ap_fixed<16, 6, 5, 3, 0>, config2>|  return value|
|ap_return_6   |  out|   16|  ap_ctrl_hs|  dense_latency<ap_fixed<16, 6, 5, 3, 0>, ap_fixed<16, 6, 5, 3, 0>, config2>|  return value|
|ap_return_7   |  out|   16|  ap_ctrl_hs|  dense_latency<ap_fixed<16, 6, 5, 3, 0>, ap_fixed<16, 6, 5, 3, 0>, config2>|  return value|
|ap_return_8   |  out|   16|  ap_ctrl_hs|  dense_latency<ap_fixed<16, 6, 5, 3, 0>, ap_fixed<16, 6, 5, 3, 0>, config2>|  return value|
|ap_return_9   |  out|   16|  ap_ctrl_hs|  dense_latency<ap_fixed<16, 6, 5, 3, 0>, ap_fixed<16, 6, 5, 3, 0>, config2>|  return value|
|ap_return_10  |  out|   16|  ap_ctrl_hs|  dense_latency<ap_fixed<16, 6, 5, 3, 0>, ap_fixed<16, 6, 5, 3, 0>, config2>|  return value|
|ap_return_11  |  out|   16|  ap_ctrl_hs|  dense_latency<ap_fixed<16, 6, 5, 3, 0>, ap_fixed<16, 6, 5, 3, 0>, config2>|  return value|
|ap_return_12  |  out|   16|  ap_ctrl_hs|  dense_latency<ap_fixed<16, 6, 5, 3, 0>, ap_fixed<16, 6, 5, 3, 0>, config2>|  return value|
|ap_return_13  |  out|   16|  ap_ctrl_hs|  dense_latency<ap_fixed<16, 6, 5, 3, 0>, ap_fixed<16, 6, 5, 3, 0>, config2>|  return value|
|ap_return_14  |  out|   16|  ap_ctrl_hs|  dense_latency<ap_fixed<16, 6, 5, 3, 0>, ap_fixed<16, 6, 5, 3, 0>, config2>|  return value|
|ap_return_15  |  out|   16|  ap_ctrl_hs|  dense_latency<ap_fixed<16, 6, 5, 3, 0>, ap_fixed<16, 6, 5, 3, 0>, config2>|  return value|
|ap_return_16  |  out|   16|  ap_ctrl_hs|  dense_latency<ap_fixed<16, 6, 5, 3, 0>, ap_fixed<16, 6, 5, 3, 0>, config2>|  return value|
|ap_return_17  |  out|   16|  ap_ctrl_hs|  dense_latency<ap_fixed<16, 6, 5, 3, 0>, ap_fixed<16, 6, 5, 3, 0>, config2>|  return value|
|ap_return_18  |  out|   16|  ap_ctrl_hs|  dense_latency<ap_fixed<16, 6, 5, 3, 0>, ap_fixed<16, 6, 5, 3, 0>, config2>|  return value|
|ap_return_19  |  out|   16|  ap_ctrl_hs|  dense_latency<ap_fixed<16, 6, 5, 3, 0>, ap_fixed<16, 6, 5, 3, 0>, config2>|  return value|
|ap_return_20  |  out|   16|  ap_ctrl_hs|  dense_latency<ap_fixed<16, 6, 5, 3, 0>, ap_fixed<16, 6, 5, 3, 0>, config2>|  return value|
|ap_return_21  |  out|   16|  ap_ctrl_hs|  dense_latency<ap_fixed<16, 6, 5, 3, 0>, ap_fixed<16, 6, 5, 3, 0>, config2>|  return value|
|ap_return_22  |  out|   16|  ap_ctrl_hs|  dense_latency<ap_fixed<16, 6, 5, 3, 0>, ap_fixed<16, 6, 5, 3, 0>, config2>|  return value|
|ap_return_23  |  out|   16|  ap_ctrl_hs|  dense_latency<ap_fixed<16, 6, 5, 3, 0>, ap_fixed<16, 6, 5, 3, 0>, config2>|  return value|
|ap_return_24  |  out|   16|  ap_ctrl_hs|  dense_latency<ap_fixed<16, 6, 5, 3, 0>, ap_fixed<16, 6, 5, 3, 0>, config2>|  return value|
|ap_return_25  |  out|   16|  ap_ctrl_hs|  dense_latency<ap_fixed<16, 6, 5, 3, 0>, ap_fixed<16, 6, 5, 3, 0>, config2>|  return value|
|ap_return_26  |  out|   16|  ap_ctrl_hs|  dense_latency<ap_fixed<16, 6, 5, 3, 0>, ap_fixed<16, 6, 5, 3, 0>, config2>|  return value|
|ap_return_27  |  out|   16|  ap_ctrl_hs|  dense_latency<ap_fixed<16, 6, 5, 3, 0>, ap_fixed<16, 6, 5, 3, 0>, config2>|  return value|
|ap_return_28  |  out|   16|  ap_ctrl_hs|  dense_latency<ap_fixed<16, 6, 5, 3, 0>, ap_fixed<16, 6, 5, 3, 0>, config2>|  return value|
|ap_return_29  |  out|   16|  ap_ctrl_hs|  dense_latency<ap_fixed<16, 6, 5, 3, 0>, ap_fixed<16, 6, 5, 3, 0>, config2>|  return value|
|ap_return_30  |  out|   16|  ap_ctrl_hs|  dense_latency<ap_fixed<16, 6, 5, 3, 0>, ap_fixed<16, 6, 5, 3, 0>, config2>|  return value|
|ap_return_31  |  out|   16|  ap_ctrl_hs|  dense_latency<ap_fixed<16, 6, 5, 3, 0>, ap_fixed<16, 6, 5, 3, 0>, config2>|  return value|
|ap_return_32  |  out|   16|  ap_ctrl_hs|  dense_latency<ap_fixed<16, 6, 5, 3, 0>, ap_fixed<16, 6, 5, 3, 0>, config2>|  return value|
|ap_return_33  |  out|   16|  ap_ctrl_hs|  dense_latency<ap_fixed<16, 6, 5, 3, 0>, ap_fixed<16, 6, 5, 3, 0>, config2>|  return value|
|ap_return_34  |  out|   16|  ap_ctrl_hs|  dense_latency<ap_fixed<16, 6, 5, 3, 0>, ap_fixed<16, 6, 5, 3, 0>, config2>|  return value|
|ap_return_35  |  out|   16|  ap_ctrl_hs|  dense_latency<ap_fixed<16, 6, 5, 3, 0>, ap_fixed<16, 6, 5, 3, 0>, config2>|  return value|
|ap_return_36  |  out|   16|  ap_ctrl_hs|  dense_latency<ap_fixed<16, 6, 5, 3, 0>, ap_fixed<16, 6, 5, 3, 0>, config2>|  return value|
|ap_return_37  |  out|   16|  ap_ctrl_hs|  dense_latency<ap_fixed<16, 6, 5, 3, 0>, ap_fixed<16, 6, 5, 3, 0>, config2>|  return value|
|ap_return_38  |  out|   16|  ap_ctrl_hs|  dense_latency<ap_fixed<16, 6, 5, 3, 0>, ap_fixed<16, 6, 5, 3, 0>, config2>|  return value|
|ap_return_39  |  out|   16|  ap_ctrl_hs|  dense_latency<ap_fixed<16, 6, 5, 3, 0>, ap_fixed<16, 6, 5, 3, 0>, config2>|  return value|
|ap_return_40  |  out|   16|  ap_ctrl_hs|  dense_latency<ap_fixed<16, 6, 5, 3, 0>, ap_fixed<16, 6, 5, 3, 0>, config2>|  return value|
|ap_return_41  |  out|   16|  ap_ctrl_hs|  dense_latency<ap_fixed<16, 6, 5, 3, 0>, ap_fixed<16, 6, 5, 3, 0>, config2>|  return value|
|ap_return_42  |  out|   16|  ap_ctrl_hs|  dense_latency<ap_fixed<16, 6, 5, 3, 0>, ap_fixed<16, 6, 5, 3, 0>, config2>|  return value|
|ap_return_43  |  out|   16|  ap_ctrl_hs|  dense_latency<ap_fixed<16, 6, 5, 3, 0>, ap_fixed<16, 6, 5, 3, 0>, config2>|  return value|
|ap_return_44  |  out|   16|  ap_ctrl_hs|  dense_latency<ap_fixed<16, 6, 5, 3, 0>, ap_fixed<16, 6, 5, 3, 0>, config2>|  return value|
|ap_return_45  |  out|   16|  ap_ctrl_hs|  dense_latency<ap_fixed<16, 6, 5, 3, 0>, ap_fixed<16, 6, 5, 3, 0>, config2>|  return value|
|ap_return_46  |  out|   16|  ap_ctrl_hs|  dense_latency<ap_fixed<16, 6, 5, 3, 0>, ap_fixed<16, 6, 5, 3, 0>, config2>|  return value|
|ap_return_47  |  out|   16|  ap_ctrl_hs|  dense_latency<ap_fixed<16, 6, 5, 3, 0>, ap_fixed<16, 6, 5, 3, 0>, config2>|  return value|
|ap_return_48  |  out|   16|  ap_ctrl_hs|  dense_latency<ap_fixed<16, 6, 5, 3, 0>, ap_fixed<16, 6, 5, 3, 0>, config2>|  return value|
|ap_return_49  |  out|   16|  ap_ctrl_hs|  dense_latency<ap_fixed<16, 6, 5, 3, 0>, ap_fixed<16, 6, 5, 3, 0>, config2>|  return value|
|ap_return_50  |  out|   16|  ap_ctrl_hs|  dense_latency<ap_fixed<16, 6, 5, 3, 0>, ap_fixed<16, 6, 5, 3, 0>, config2>|  return value|
|ap_return_51  |  out|   16|  ap_ctrl_hs|  dense_latency<ap_fixed<16, 6, 5, 3, 0>, ap_fixed<16, 6, 5, 3, 0>, config2>|  return value|
|ap_return_52  |  out|   16|  ap_ctrl_hs|  dense_latency<ap_fixed<16, 6, 5, 3, 0>, ap_fixed<16, 6, 5, 3, 0>, config2>|  return value|
|ap_return_53  |  out|   16|  ap_ctrl_hs|  dense_latency<ap_fixed<16, 6, 5, 3, 0>, ap_fixed<16, 6, 5, 3, 0>, config2>|  return value|
|ap_return_54  |  out|   16|  ap_ctrl_hs|  dense_latency<ap_fixed<16, 6, 5, 3, 0>, ap_fixed<16, 6, 5, 3, 0>, config2>|  return value|
|ap_return_55  |  out|   16|  ap_ctrl_hs|  dense_latency<ap_fixed<16, 6, 5, 3, 0>, ap_fixed<16, 6, 5, 3, 0>, config2>|  return value|
|ap_return_56  |  out|   16|  ap_ctrl_hs|  dense_latency<ap_fixed<16, 6, 5, 3, 0>, ap_fixed<16, 6, 5, 3, 0>, config2>|  return value|
|ap_return_57  |  out|   16|  ap_ctrl_hs|  dense_latency<ap_fixed<16, 6, 5, 3, 0>, ap_fixed<16, 6, 5, 3, 0>, config2>|  return value|
|ap_return_58  |  out|   16|  ap_ctrl_hs|  dense_latency<ap_fixed<16, 6, 5, 3, 0>, ap_fixed<16, 6, 5, 3, 0>, config2>|  return value|
|ap_return_59  |  out|   16|  ap_ctrl_hs|  dense_latency<ap_fixed<16, 6, 5, 3, 0>, ap_fixed<16, 6, 5, 3, 0>, config2>|  return value|
|ap_return_60  |  out|   16|  ap_ctrl_hs|  dense_latency<ap_fixed<16, 6, 5, 3, 0>, ap_fixed<16, 6, 5, 3, 0>, config2>|  return value|
|ap_return_61  |  out|   16|  ap_ctrl_hs|  dense_latency<ap_fixed<16, 6, 5, 3, 0>, ap_fixed<16, 6, 5, 3, 0>, config2>|  return value|
|ap_return_62  |  out|   16|  ap_ctrl_hs|  dense_latency<ap_fixed<16, 6, 5, 3, 0>, ap_fixed<16, 6, 5, 3, 0>, config2>|  return value|
|ap_return_63  |  out|   16|  ap_ctrl_hs|  dense_latency<ap_fixed<16, 6, 5, 3, 0>, ap_fixed<16, 6, 5, 3, 0>, config2>|  return value|
|data_val      |   in|  256|     ap_none|                                                                    data_val|        scalar|
+--------------+-----+-----+------------+----------------------------------------------------------------------------+--------------+

