

================================================================
== Vitis HLS Report for 'dense_latency_ap_ufixed_6_0_4_0_0_ap_fixed_19_8_5_3_0_config5_s'
================================================================
* Date:           Mon Nov 10 15:41:35 2025

* Version:        2024.1 (Build 5069499 on May 21 2024)
* Project:        myproject_prj
* Solution:       solution1 (Vivado IP Flow Target)
* Product family: virtexuplus
* Target device:  xcu250-figd2104-2L-e


================================================================
== Performance Estimates
================================================================
+ Timing: 
    * Summary: 
    +--------+---------+----------+------------+
    |  Clock |  Target | Estimated| Uncertainty|
    +--------+---------+----------+------------+
    |ap_clk  |  5.00 ns|  3.648 ns|     1.35 ns|
    +--------+---------+----------+------------+

+ Latency: 
    * Summary: 
    +---------+---------+----------+----------+-----+-----+---------+
    |  Latency (cycles) |  Latency (absolute) |  Interval | Pipeline|
    |   min   |   max   |    min   |    max   | min | max |   Type  |
    +---------+---------+----------+----------+-----+-----+---------+
    |        1|        1|  5.000 ns|  5.000 ns|    1|    1|      yes|
    +---------+---------+----------+----------+-----+-----+---------+

    + Detail: 
        * Instance: 
        N/A

        * Loop: 
        N/A

============================================================
+ Verbose Summary: Synthesis Manager
============================================================
InlineROM: 1
ExposeGlobal: 0
============================================================
+ Verbose Summary: CDFG Model
============================================================
IsTopModel: 0
ResetActiveHigh: 1
IsCombinational: 0
IsDatapathOnly: 0
HasWiredReturn: 1
HasMFsm: 2
HasVarLatency: 0
IsPipeline: 1
IsRtlPipelined: 1
IsInstanceOverlapped: 0
IsDontTouch: 0
HasImplIP: 0
IsGatedGlobalClock: 0

+ Individual pipeline summary: 
  * Pipeline-0: initiation interval (II) = 1, depth = 2


============================================================
+ Verbose Summary: Schedule
============================================================
* Number of FSM states : 2
* Pipeline : 1
  Pipeline-0 : II = 1, D = 2, States = { 1 2 }
* Dataflow Pipeline: 0

* FSM state transitions: 
1 --> 2 
2 --> 

* FSM state operations: 

State 1 <SV = 0> <Delay = 3.64>
ST_1 : Operation 3 [1/1] (0.00ns)   --->   "%data_63_val_read = read i6 @_ssdm_op_Read.ap_auto.i6, i6 %data_63_val" [firmware/nnet_utils/nnet_mult.h:70->firmware/nnet_utils/nnet_dense_latency.h:42]   --->   Operation 3 'read' 'data_63_val_read' <Predicate = true> <Delay = 0.00>
ST_1 : Operation 4 [1/1] (0.00ns)   --->   "%data_62_val_read = read i6 @_ssdm_op_Read.ap_auto.i6, i6 %data_62_val" [firmware/nnet_utils/nnet_mult.h:70->firmware/nnet_utils/nnet_dense_latency.h:42]   --->   Operation 4 'read' 'data_62_val_read' <Predicate = true> <Delay = 0.00>
ST_1 : Operation 5 [1/1] (0.00ns)   --->   "%data_61_val_read = read i6 @_ssdm_op_Read.ap_auto.i6, i6 %data_61_val" [firmware/nnet_utils/nnet_mult.h:70->firmware/nnet_utils/nnet_dense_latency.h:42]   --->   Operation 5 'read' 'data_61_val_read' <Predicate = true> <Delay = 0.00>
ST_1 : Operation 6 [1/1] (0.00ns)   --->   "%data_60_val_read = read i6 @_ssdm_op_Read.ap_auto.i6, i6 %data_60_val" [firmware/nnet_utils/nnet_mult.h:70->firmware/nnet_utils/nnet_dense_latency.h:42]   --->   Operation 6 'read' 'data_60_val_read' <Predicate = true> <Delay = 0.00>
ST_1 : Operation 7 [1/1] (0.00ns)   --->   "%data_59_val_read = read i6 @_ssdm_op_Read.ap_auto.i6, i6 %data_59_val" [firmware/nnet_utils/nnet_mult.h:70->firmware/nnet_utils/nnet_dense_latency.h:42]   --->   Operation 7 'read' 'data_59_val_read' <Predicate = true> <Delay = 0.00>
ST_1 : Operation 8 [1/1] (0.00ns)   --->   "%data_58_val_read = read i6 @_ssdm_op_Read.ap_auto.i6, i6 %data_58_val" [firmware/nnet_utils/nnet_mult.h:70->firmware/nnet_utils/nnet_dense_latency.h:42]   --->   Operation 8 'read' 'data_58_val_read' <Predicate = true> <Delay = 0.00>
ST_1 : Operation 9 [1/1] (0.00ns)   --->   "%data_57_val_read = read i6 @_ssdm_op_Read.ap_auto.i6, i6 %data_57_val" [firmware/nnet_utils/nnet_mult.h:70->firmware/nnet_utils/nnet_dense_latency.h:42]   --->   Operation 9 'read' 'data_57_val_read' <Predicate = true> <Delay = 0.00>
ST_1 : Operation 10 [1/1] (0.00ns)   --->   "%data_56_val_read = read i6 @_ssdm_op_Read.ap_auto.i6, i6 %data_56_val" [firmware/nnet_utils/nnet_mult.h:70->firmware/nnet_utils/nnet_dense_latency.h:42]   --->   Operation 10 'read' 'data_56_val_read' <Predicate = true> <Delay = 0.00>
ST_1 : Operation 11 [1/1] (0.00ns)   --->   "%data_55_val_read = read i6 @_ssdm_op_Read.ap_auto.i6, i6 %data_55_val" [firmware/nnet_utils/nnet_mult.h:70->firmware/nnet_utils/nnet_dense_latency.h:42]   --->   Operation 11 'read' 'data_55_val_read' <Predicate = true> <Delay = 0.00>
ST_1 : Operation 12 [1/1] (0.00ns)   --->   "%data_54_val_read = read i6 @_ssdm_op_Read.ap_auto.i6, i6 %data_54_val" [firmware/nnet_utils/nnet_mult.h:70->firmware/nnet_utils/nnet_dense_latency.h:42]   --->   Operation 12 'read' 'data_54_val_read' <Predicate = true> <Delay = 0.00>
ST_1 : Operation 13 [1/1] (0.00ns)   --->   "%data_53_val_read = read i6 @_ssdm_op_Read.ap_auto.i6, i6 %data_53_val" [firmware/nnet_utils/nnet_mult.h:70->firmware/nnet_utils/nnet_dense_latency.h:42]   --->   Operation 13 'read' 'data_53_val_read' <Predicate = true> <Delay = 0.00>
ST_1 : Operation 14 [1/1] (0.00ns)   --->   "%data_52_val_read = read i6 @_ssdm_op_Read.ap_auto.i6, i6 %data_52_val" [firmware/nnet_utils/nnet_mult.h:70->firmware/nnet_utils/nnet_dense_latency.h:42]   --->   Operation 14 'read' 'data_52_val_read' <Predicate = true> <Delay = 0.00>
ST_1 : Operation 15 [1/1] (0.00ns)   --->   "%data_51_val_read = read i6 @_ssdm_op_Read.ap_auto.i6, i6 %data_51_val" [firmware/nnet_utils/nnet_mult.h:70->firmware/nnet_utils/nnet_dense_latency.h:42]   --->   Operation 15 'read' 'data_51_val_read' <Predicate = true> <Delay = 0.00>
ST_1 : Operation 16 [1/1] (0.00ns)   --->   "%data_50_val_read = read i6 @_ssdm_op_Read.ap_auto.i6, i6 %data_50_val" [firmware/nnet_utils/nnet_mult.h:70->firmware/nnet_utils/nnet_dense_latency.h:42]   --->   Operation 16 'read' 'data_50_val_read' <Predicate = true> <Delay = 0.00>
ST_1 : Operation 17 [1/1] (0.00ns)   --->   "%data_49_val_read = read i6 @_ssdm_op_Read.ap_auto.i6, i6 %data_49_val" [firmware/nnet_utils/nnet_mult.h:70->firmware/nnet_utils/nnet_dense_latency.h:42]   --->   Operation 17 'read' 'data_49_val_read' <Predicate = true> <Delay = 0.00>
ST_1 : Operation 18 [1/1] (0.00ns)   --->   "%data_48_val_read = read i6 @_ssdm_op_Read.ap_auto.i6, i6 %data_48_val" [firmware/nnet_utils/nnet_mult.h:70->firmware/nnet_utils/nnet_dense_latency.h:42]   --->   Operation 18 'read' 'data_48_val_read' <Predicate = true> <Delay = 0.00>
ST_1 : Operation 19 [1/1] (0.00ns)   --->   "%data_47_val_read = read i6 @_ssdm_op_Read.ap_auto.i6, i6 %data_47_val" [firmware/nnet_utils/nnet_mult.h:70->firmware/nnet_utils/nnet_dense_latency.h:42]   --->   Operation 19 'read' 'data_47_val_read' <Predicate = true> <Delay = 0.00>
ST_1 : Operation 20 [1/1] (0.00ns)   --->   "%data_46_val_read = read i6 @_ssdm_op_Read.ap_auto.i6, i6 %data_46_val" [firmware/nnet_utils/nnet_mult.h:70->firmware/nnet_utils/nnet_dense_latency.h:42]   --->   Operation 20 'read' 'data_46_val_read' <Predicate = true> <Delay = 0.00>
ST_1 : Operation 21 [1/1] (0.00ns)   --->   "%data_45_val_read = read i6 @_ssdm_op_Read.ap_auto.i6, i6 %data_45_val" [firmware/nnet_utils/nnet_mult.h:70->firmware/nnet_utils/nnet_dense_latency.h:42]   --->   Operation 21 'read' 'data_45_val_read' <Predicate = true> <Delay = 0.00>
ST_1 : Operation 22 [1/1] (0.00ns)   --->   "%data_44_val_read = read i6 @_ssdm_op_Read.ap_auto.i6, i6 %data_44_val" [firmware/nnet_utils/nnet_mult.h:70->firmware/nnet_utils/nnet_dense_latency.h:42]   --->   Operation 22 'read' 'data_44_val_read' <Predicate = true> <Delay = 0.00>
ST_1 : Operation 23 [1/1] (0.00ns)   --->   "%data_43_val_read = read i6 @_ssdm_op_Read.ap_auto.i6, i6 %data_43_val" [firmware/nnet_utils/nnet_mult.h:70->firmware/nnet_utils/nnet_dense_latency.h:42]   --->   Operation 23 'read' 'data_43_val_read' <Predicate = true> <Delay = 0.00>
ST_1 : Operation 24 [1/1] (0.00ns)   --->   "%data_42_val_read = read i6 @_ssdm_op_Read.ap_auto.i6, i6 %data_42_val" [firmware/nnet_utils/nnet_mult.h:70->firmware/nnet_utils/nnet_dense_latency.h:42]   --->   Operation 24 'read' 'data_42_val_read' <Predicate = true> <Delay = 0.00>
ST_1 : Operation 25 [1/1] (0.00ns)   --->   "%data_41_val_read = read i6 @_ssdm_op_Read.ap_auto.i6, i6 %data_41_val" [firmware/nnet_utils/nnet_mult.h:70->firmware/nnet_utils/nnet_dense_latency.h:42]   --->   Operation 25 'read' 'data_41_val_read' <Predicate = true> <Delay = 0.00>
ST_1 : Operation 26 [1/1] (0.00ns)   --->   "%data_40_val_read = read i6 @_ssdm_op_Read.ap_auto.i6, i6 %data_40_val" [firmware/nnet_utils/nnet_mult.h:70->firmware/nnet_utils/nnet_dense_latency.h:42]   --->   Operation 26 'read' 'data_40_val_read' <Predicate = true> <Delay = 0.00>
ST_1 : Operation 27 [1/1] (0.00ns)   --->   "%data_39_val_read = read i6 @_ssdm_op_Read.ap_auto.i6, i6 %data_39_val" [firmware/nnet_utils/nnet_mult.h:70->firmware/nnet_utils/nnet_dense_latency.h:42]   --->   Operation 27 'read' 'data_39_val_read' <Predicate = true> <Delay = 0.00>
ST_1 : Operation 28 [1/1] (0.00ns)   --->   "%data_38_val_read = read i6 @_ssdm_op_Read.ap_auto.i6, i6 %data_38_val" [firmware/nnet_utils/nnet_mult.h:70->firmware/nnet_utils/nnet_dense_latency.h:42]   --->   Operation 28 'read' 'data_38_val_read' <Predicate = true> <Delay = 0.00>
ST_1 : Operation 29 [1/1] (0.00ns)   --->   "%data_37_val_read = read i6 @_ssdm_op_Read.ap_auto.i6, i6 %data_37_val" [firmware/nnet_utils/nnet_mult.h:70->firmware/nnet_utils/nnet_dense_latency.h:42]   --->   Operation 29 'read' 'data_37_val_read' <Predicate = true> <Delay = 0.00>
ST_1 : Operation 30 [1/1] (0.00ns)   --->   "%data_36_val_read = read i6 @_ssdm_op_Read.ap_auto.i6, i6 %data_36_val" [firmware/nnet_utils/nnet_mult.h:70->firmware/nnet_utils/nnet_dense_latency.h:42]   --->   Operation 30 'read' 'data_36_val_read' <Predicate = true> <Delay = 0.00>
ST_1 : Operation 31 [1/1] (0.00ns)   --->   "%data_35_val_read = read i6 @_ssdm_op_Read.ap_auto.i6, i6 %data_35_val" [firmware/nnet_utils/nnet_mult.h:70->firmware/nnet_utils/nnet_dense_latency.h:42]   --->   Operation 31 'read' 'data_35_val_read' <Predicate = true> <Delay = 0.00>
ST_1 : Operation 32 [1/1] (0.00ns)   --->   "%data_34_val_read = read i6 @_ssdm_op_Read.ap_auto.i6, i6 %data_34_val" [firmware/nnet_utils/nnet_mult.h:70->firmware/nnet_utils/nnet_dense_latency.h:42]   --->   Operation 32 'read' 'data_34_val_read' <Predicate = true> <Delay = 0.00>
ST_1 : Operation 33 [1/1] (0.00ns)   --->   "%data_33_val_read = read i6 @_ssdm_op_Read.ap_auto.i6, i6 %data_33_val" [firmware/nnet_utils/nnet_mult.h:70->firmware/nnet_utils/nnet_dense_latency.h:42]   --->   Operation 33 'read' 'data_33_val_read' <Predicate = true> <Delay = 0.00>
ST_1 : Operation 34 [1/1] (0.00ns)   --->   "%data_32_val_read = read i6 @_ssdm_op_Read.ap_auto.i6, i6 %data_32_val" [firmware/nnet_utils/nnet_mult.h:70->firmware/nnet_utils/nnet_dense_latency.h:42]   --->   Operation 34 'read' 'data_32_val_read' <Predicate = true> <Delay = 0.00>
ST_1 : Operation 35 [1/1] (0.00ns)   --->   "%data_31_val_read = read i6 @_ssdm_op_Read.ap_auto.i6, i6 %data_31_val" [firmware/nnet_utils/nnet_mult.h:70->firmware/nnet_utils/nnet_dense_latency.h:42]   --->   Operation 35 'read' 'data_31_val_read' <Predicate = true> <Delay = 0.00>
ST_1 : Operation 36 [1/1] (0.00ns)   --->   "%data_30_val_read = read i6 @_ssdm_op_Read.ap_auto.i6, i6 %data_30_val" [firmware/nnet_utils/nnet_mult.h:70->firmware/nnet_utils/nnet_dense_latency.h:42]   --->   Operation 36 'read' 'data_30_val_read' <Predicate = true> <Delay = 0.00>
ST_1 : Operation 37 [1/1] (0.00ns)   --->   "%data_29_val_read = read i6 @_ssdm_op_Read.ap_auto.i6, i6 %data_29_val" [firmware/nnet_utils/nnet_mult.h:70->firmware/nnet_utils/nnet_dense_latency.h:42]   --->   Operation 37 'read' 'data_29_val_read' <Predicate = true> <Delay = 0.00>
ST_1 : Operation 38 [1/1] (0.00ns)   --->   "%data_28_val_read = read i6 @_ssdm_op_Read.ap_auto.i6, i6 %data_28_val" [firmware/nnet_utils/nnet_mult.h:70->firmware/nnet_utils/nnet_dense_latency.h:42]   --->   Operation 38 'read' 'data_28_val_read' <Predicate = true> <Delay = 0.00>
ST_1 : Operation 39 [1/1] (0.00ns)   --->   "%data_27_val_read = read i6 @_ssdm_op_Read.ap_auto.i6, i6 %data_27_val" [firmware/nnet_utils/nnet_mult.h:70->firmware/nnet_utils/nnet_dense_latency.h:42]   --->   Operation 39 'read' 'data_27_val_read' <Predicate = true> <Delay = 0.00>
ST_1 : Operation 40 [1/1] (0.00ns)   --->   "%data_26_val_read = read i6 @_ssdm_op_Read.ap_auto.i6, i6 %data_26_val" [firmware/nnet_utils/nnet_mult.h:70->firmware/nnet_utils/nnet_dense_latency.h:42]   --->   Operation 40 'read' 'data_26_val_read' <Predicate = true> <Delay = 0.00>
ST_1 : Operation 41 [1/1] (0.00ns)   --->   "%data_25_val_read = read i6 @_ssdm_op_Read.ap_auto.i6, i6 %data_25_val" [firmware/nnet_utils/nnet_mult.h:70->firmware/nnet_utils/nnet_dense_latency.h:42]   --->   Operation 41 'read' 'data_25_val_read' <Predicate = true> <Delay = 0.00>
ST_1 : Operation 42 [1/1] (0.00ns)   --->   "%data_24_val_read = read i6 @_ssdm_op_Read.ap_auto.i6, i6 %data_24_val" [firmware/nnet_utils/nnet_mult.h:70->firmware/nnet_utils/nnet_dense_latency.h:42]   --->   Operation 42 'read' 'data_24_val_read' <Predicate = true> <Delay = 0.00>
ST_1 : Operation 43 [1/1] (0.00ns)   --->   "%data_23_val_read = read i6 @_ssdm_op_Read.ap_auto.i6, i6 %data_23_val" [firmware/nnet_utils/nnet_mult.h:70->firmware/nnet_utils/nnet_dense_latency.h:42]   --->   Operation 43 'read' 'data_23_val_read' <Predicate = true> <Delay = 0.00>
ST_1 : Operation 44 [1/1] (0.00ns)   --->   "%data_22_val_read = read i6 @_ssdm_op_Read.ap_auto.i6, i6 %data_22_val" [firmware/nnet_utils/nnet_mult.h:70->firmware/nnet_utils/nnet_dense_latency.h:42]   --->   Operation 44 'read' 'data_22_val_read' <Predicate = true> <Delay = 0.00>
ST_1 : Operation 45 [1/1] (0.00ns)   --->   "%data_21_val_read = read i6 @_ssdm_op_Read.ap_auto.i6, i6 %data_21_val" [firmware/nnet_utils/nnet_mult.h:70->firmware/nnet_utils/nnet_dense_latency.h:42]   --->   Operation 45 'read' 'data_21_val_read' <Predicate = true> <Delay = 0.00>
ST_1 : Operation 46 [1/1] (0.00ns)   --->   "%data_20_val_read = read i6 @_ssdm_op_Read.ap_auto.i6, i6 %data_20_val" [firmware/nnet_utils/nnet_mult.h:70->firmware/nnet_utils/nnet_dense_latency.h:42]   --->   Operation 46 'read' 'data_20_val_read' <Predicate = true> <Delay = 0.00>
ST_1 : Operation 47 [1/1] (0.00ns)   --->   "%data_19_val_read = read i6 @_ssdm_op_Read.ap_auto.i6, i6 %data_19_val" [firmware/nnet_utils/nnet_mult.h:70->firmware/nnet_utils/nnet_dense_latency.h:42]   --->   Operation 47 'read' 'data_19_val_read' <Predicate = true> <Delay = 0.00>
ST_1 : Operation 48 [1/1] (0.00ns)   --->   "%data_18_val_read = read i6 @_ssdm_op_Read.ap_auto.i6, i6 %data_18_val" [firmware/nnet_utils/nnet_mult.h:70->firmware/nnet_utils/nnet_dense_latency.h:42]   --->   Operation 48 'read' 'data_18_val_read' <Predicate = true> <Delay = 0.00>
ST_1 : Operation 49 [1/1] (0.00ns)   --->   "%data_17_val_read = read i6 @_ssdm_op_Read.ap_auto.i6, i6 %data_17_val" [firmware/nnet_utils/nnet_mult.h:70->firmware/nnet_utils/nnet_dense_latency.h:42]   --->   Operation 49 'read' 'data_17_val_read' <Predicate = true> <Delay = 0.00>
ST_1 : Operation 50 [1/1] (0.00ns)   --->   "%data_16_val_read = read i6 @_ssdm_op_Read.ap_auto.i6, i6 %data_16_val" [firmware/nnet_utils/nnet_mult.h:70->firmware/nnet_utils/nnet_dense_latency.h:42]   --->   Operation 50 'read' 'data_16_val_read' <Predicate = true> <Delay = 0.00>
ST_1 : Operation 51 [1/1] (0.00ns)   --->   "%data_15_val_read = read i6 @_ssdm_op_Read.ap_auto.i6, i6 %data_15_val" [firmware/nnet_utils/nnet_mult.h:70->firmware/nnet_utils/nnet_dense_latency.h:42]   --->   Operation 51 'read' 'data_15_val_read' <Predicate = true> <Delay = 0.00>
ST_1 : Operation 52 [1/1] (0.00ns)   --->   "%data_14_val_read = read i6 @_ssdm_op_Read.ap_auto.i6, i6 %data_14_val" [firmware/nnet_utils/nnet_mult.h:70->firmware/nnet_utils/nnet_dense_latency.h:42]   --->   Operation 52 'read' 'data_14_val_read' <Predicate = true> <Delay = 0.00>
ST_1 : Operation 53 [1/1] (0.00ns)   --->   "%data_13_val_read = read i6 @_ssdm_op_Read.ap_auto.i6, i6 %data_13_val" [firmware/nnet_utils/nnet_mult.h:70->firmware/nnet_utils/nnet_dense_latency.h:42]   --->   Operation 53 'read' 'data_13_val_read' <Predicate = true> <Delay = 0.00>
ST_1 : Operation 54 [1/1] (0.00ns)   --->   "%data_12_val_read = read i6 @_ssdm_op_Read.ap_auto.i6, i6 %data_12_val" [firmware/nnet_utils/nnet_mult.h:70->firmware/nnet_utils/nnet_dense_latency.h:42]   --->   Operation 54 'read' 'data_12_val_read' <Predicate = true> <Delay = 0.00>
ST_1 : Operation 55 [1/1] (0.00ns)   --->   "%data_11_val_read = read i6 @_ssdm_op_Read.ap_auto.i6, i6 %data_11_val" [firmware/nnet_utils/nnet_mult.h:70->firmware/nnet_utils/nnet_dense_latency.h:42]   --->   Operation 55 'read' 'data_11_val_read' <Predicate = true> <Delay = 0.00>
ST_1 : Operation 56 [1/1] (0.00ns)   --->   "%data_10_val_read = read i6 @_ssdm_op_Read.ap_auto.i6, i6 %data_10_val" [firmware/nnet_utils/nnet_mult.h:70->firmware/nnet_utils/nnet_dense_latency.h:42]   --->   Operation 56 'read' 'data_10_val_read' <Predicate = true> <Delay = 0.00>
ST_1 : Operation 57 [1/1] (0.00ns)   --->   "%data_9_val_read = read i6 @_ssdm_op_Read.ap_auto.i6, i6 %data_9_val" [firmware/nnet_utils/nnet_mult.h:70->firmware/nnet_utils/nnet_dense_latency.h:42]   --->   Operation 57 'read' 'data_9_val_read' <Predicate = true> <Delay = 0.00>
ST_1 : Operation 58 [1/1] (0.00ns)   --->   "%data_8_val_read = read i6 @_ssdm_op_Read.ap_auto.i6, i6 %data_8_val" [firmware/nnet_utils/nnet_mult.h:70->firmware/nnet_utils/nnet_dense_latency.h:42]   --->   Operation 58 'read' 'data_8_val_read' <Predicate = true> <Delay = 0.00>
ST_1 : Operation 59 [1/1] (0.00ns)   --->   "%data_7_val_read = read i6 @_ssdm_op_Read.ap_auto.i6, i6 %data_7_val" [firmware/nnet_utils/nnet_mult.h:70->firmware/nnet_utils/nnet_dense_latency.h:42]   --->   Operation 59 'read' 'data_7_val_read' <Predicate = true> <Delay = 0.00>
ST_1 : Operation 60 [1/1] (0.00ns)   --->   "%data_6_val_read = read i6 @_ssdm_op_Read.ap_auto.i6, i6 %data_6_val" [firmware/nnet_utils/nnet_mult.h:70->firmware/nnet_utils/nnet_dense_latency.h:42]   --->   Operation 60 'read' 'data_6_val_read' <Predicate = true> <Delay = 0.00>
ST_1 : Operation 61 [1/1] (0.00ns)   --->   "%data_5_val_read = read i6 @_ssdm_op_Read.ap_auto.i6, i6 %data_5_val" [firmware/nnet_utils/nnet_mult.h:70->firmware/nnet_utils/nnet_dense_latency.h:42]   --->   Operation 61 'read' 'data_5_val_read' <Predicate = true> <Delay = 0.00>
ST_1 : Operation 62 [1/1] (0.00ns)   --->   "%data_4_val_read = read i6 @_ssdm_op_Read.ap_auto.i6, i6 %data_4_val" [firmware/nnet_utils/nnet_mult.h:70->firmware/nnet_utils/nnet_dense_latency.h:42]   --->   Operation 62 'read' 'data_4_val_read' <Predicate = true> <Delay = 0.00>
ST_1 : Operation 63 [1/1] (0.00ns)   --->   "%data_3_val_read = read i6 @_ssdm_op_Read.ap_auto.i6, i6 %data_3_val" [firmware/nnet_utils/nnet_mult.h:70->firmware/nnet_utils/nnet_dense_latency.h:42]   --->   Operation 63 'read' 'data_3_val_read' <Predicate = true> <Delay = 0.00>
ST_1 : Operation 64 [1/1] (0.00ns)   --->   "%data_2_val_read = read i6 @_ssdm_op_Read.ap_auto.i6, i6 %data_2_val" [firmware/nnet_utils/nnet_mult.h:70->firmware/nnet_utils/nnet_dense_latency.h:42]   --->   Operation 64 'read' 'data_2_val_read' <Predicate = true> <Delay = 0.00>
ST_1 : Operation 65 [1/1] (0.00ns)   --->   "%data_1_val_read = read i6 @_ssdm_op_Read.ap_auto.i6, i6 %data_1_val" [firmware/nnet_utils/nnet_mult.h:70->firmware/nnet_utils/nnet_dense_latency.h:42]   --->   Operation 65 'read' 'data_1_val_read' <Predicate = true> <Delay = 0.00>
ST_1 : Operation 66 [1/1] (0.00ns)   --->   "%data_0_val_read = read i6 @_ssdm_op_Read.ap_auto.i6, i6 %data_0_val" [firmware/nnet_utils/nnet_mult.h:70->firmware/nnet_utils/nnet_dense_latency.h:42]   --->   Operation 66 'read' 'data_0_val_read' <Predicate = true> <Delay = 0.00>
ST_1 : Operation 67 [1/1] (0.00ns)   --->   "%zext_ln73 = zext i6 %data_0_val_read" [firmware/nnet_utils/nnet_mult.h:73->firmware/nnet_utils/nnet_dense_latency.h:42]   --->   Operation 67 'zext' 'zext_ln73' <Predicate = true> <Delay = 0.00>
ST_1 : Operation 68 [1/1] (0.00ns)   --->   "%zext_ln73_1 = zext i6 %data_0_val_read" [firmware/nnet_utils/nnet_mult.h:73->firmware/nnet_utils/nnet_dense_latency.h:42]   --->   Operation 68 'zext' 'zext_ln73_1' <Predicate = true> <Delay = 0.00>
ST_1 : Operation 69 [1/1] (0.00ns)   --->   "%zext_ln73_2 = zext i6 %data_0_val_read" [firmware/nnet_utils/nnet_mult.h:73->firmware/nnet_utils/nnet_dense_latency.h:42]   --->   Operation 69 'zext' 'zext_ln73_2' <Predicate = true> <Delay = 0.00>
ST_1 : Operation 70 [1/1] (0.00ns)   --->   "%mult = bitconcatenate i9 @_ssdm_op_BitConcatenate.i9.i6.i3, i6 %data_0_val_read, i3 0" [firmware/nnet_utils/nnet_mult.h:73->firmware/nnet_utils/nnet_dense_latency.h:42]   --->   Operation 70 'bitconcatenate' 'mult' <Predicate = true> <Delay = 0.00>
ST_1 : Operation 71 [1/1] (0.00ns)   --->   "%tmp = bitconcatenate i7 @_ssdm_op_BitConcatenate.i7.i6.i1, i6 %data_0_val_read, i1 0" [firmware/nnet_utils/nnet_mult.h:73->firmware/nnet_utils/nnet_dense_latency.h:42]   --->   Operation 71 'bitconcatenate' 'tmp' <Predicate = true> <Delay = 0.00>
ST_1 : Operation 72 [1/1] (0.00ns)   --->   "%zext_ln73_3 = zext i7 %tmp" [firmware/nnet_utils/nnet_mult.h:73->firmware/nnet_utils/nnet_dense_latency.h:42]   --->   Operation 72 'zext' 'zext_ln73_3' <Predicate = true> <Delay = 0.00>
ST_1 : Operation 73 [1/1] (0.71ns)   --->   "%sub_ln73 = sub i9 %mult, i9 %zext_ln73_3" [firmware/nnet_utils/nnet_mult.h:73->firmware/nnet_utils/nnet_dense_latency.h:42]   --->   Operation 73 'sub' 'sub_ln73' <Predicate = true> <Delay = 0.71> <CoreInst = "Adder">   --->   Core 1 'Adder' <Latency = 0> <II = 1> <Delay = 0.71> <FuncUnit> <Opcode : 'add' 'sub'> <InPorts = 2> <OutPorts = 1>
ST_1 : Operation 74 [1/1] (0.00ns)   --->   "%zext_ln17 = zext i9 %mult" [firmware/nnet_utils/nnet_dense_latency.h:17]   --->   Operation 74 'zext' 'zext_ln17' <Predicate = true> <Delay = 0.00>
ST_1 : Operation 75 [1/1] (0.00ns)   --->   "%tmp_731 = bitconcatenate i10 @_ssdm_op_BitConcatenate.i10.i6.i4, i6 %data_0_val_read, i4 0" [firmware/nnet_utils/nnet_mult.h:73->firmware/nnet_utils/nnet_dense_latency.h:42]   --->   Operation 75 'bitconcatenate' 'tmp_731' <Predicate = true> <Delay = 0.00>
ST_1 : Operation 76 [1/1] (0.00ns)   --->   "%zext_ln73_4 = zext i10 %tmp_731" [firmware/nnet_utils/nnet_mult.h:73->firmware/nnet_utils/nnet_dense_latency.h:42]   --->   Operation 76 'zext' 'zext_ln73_4' <Predicate = true> <Delay = 0.00>
ST_1 : Operation 77 [1/1] (0.00ns)   --->   "%tmp_732 = bitconcatenate i8 @_ssdm_op_BitConcatenate.i8.i6.i2, i6 %data_0_val_read, i2 0" [firmware/nnet_utils/nnet_mult.h:73->firmware/nnet_utils/nnet_dense_latency.h:42]   --->   Operation 77 'bitconcatenate' 'tmp_732' <Predicate = true> <Delay = 0.00>
ST_1 : Operation 78 [1/1] (0.00ns)   --->   "%zext_ln73_5 = zext i8 %tmp_732" [firmware/nnet_utils/nnet_mult.h:73->firmware/nnet_utils/nnet_dense_latency.h:42]   --->   Operation 78 'zext' 'zext_ln73_5' <Predicate = true> <Delay = 0.00>
ST_1 : Operation 79 [1/1] (0.00ns) (grouped into TernaryAdder)   --->   "%mult_1 = sub i11 %zext_ln73_5, i11 %zext_ln73_4" [firmware/nnet_utils/nnet_mult.h:73->firmware/nnet_utils/nnet_dense_latency.h:42]   --->   Operation 79 'sub' 'mult_1' <Predicate = true> <Delay = 0.00> <CoreInst = "TAddSub">   --->   Core 10 'TAddSub' <Latency = 0> <II = 1> <Delay = 0.34> <IPBlock> <Opcode : '' 'add' 'sub'> <InPorts = 3> <OutPorts = 1> <Sync> <CReg>
ST_1 : Operation 80 [1/1] (0.00ns)   --->   "%zext_ln73_12 = zext i8 %tmp_732" [firmware/nnet_utils/nnet_mult.h:73->firmware/nnet_utils/nnet_dense_latency.h:42]   --->   Operation 80 'zext' 'zext_ln73_12' <Predicate = true> <Delay = 0.00>
ST_1 : Operation 81 [1/1] (0.70ns)   --->   "%add_ln73 = add i9 %zext_ln73_12, i9 %zext_ln73_2" [firmware/nnet_utils/nnet_mult.h:73->firmware/nnet_utils/nnet_dense_latency.h:42]   --->   Operation 81 'add' 'add_ln73' <Predicate = true> <Delay = 0.70> <CoreInst = "Adder">   --->   Core 1 'Adder' <Latency = 0> <II = 1> <Delay = 0.70> <FuncUnit> <Opcode : 'add' 'sub'> <InPorts = 2> <OutPorts = 1>
ST_1 : Operation 82 [1/1] (0.71ns)   --->   "%sub_ln73_2 = sub i9 %mult, i9 %zext_ln73_2" [firmware/nnet_utils/nnet_mult.h:73->firmware/nnet_utils/nnet_dense_latency.h:42]   --->   Operation 82 'sub' 'sub_ln73_2' <Predicate = true> <Delay = 0.71> <CoreInst = "Adder">   --->   Core 1 'Adder' <Latency = 0> <II = 1> <Delay = 0.71> <FuncUnit> <Opcode : 'add' 'sub'> <InPorts = 2> <OutPorts = 1>
ST_1 : Operation 83 [1/1] (0.00ns)   --->   "%zext_ln73_20 = zext i8 %tmp_732" [firmware/nnet_utils/nnet_mult.h:73->firmware/nnet_utils/nnet_dense_latency.h:42]   --->   Operation 83 'zext' 'zext_ln73_20' <Predicate = true> <Delay = 0.00>
ST_1 : Operation 84 [1/1] (0.00ns) (grouped into TernaryAdder)   --->   "%sub_ln73_3 = sub i10 0, i10 %zext_ln73_20" [firmware/nnet_utils/nnet_mult.h:73->firmware/nnet_utils/nnet_dense_latency.h:42]   --->   Operation 84 'sub' 'sub_ln73_3' <Predicate = true> <Delay = 0.00> <CoreInst = "TAddSub">   --->   Core 10 'TAddSub' <Latency = 0> <II = 1> <Delay = 0.34> <IPBlock> <Opcode : '' 'add' 'sub'> <InPorts = 3> <OutPorts = 1> <Sync> <CReg>
ST_1 : Operation 85 [1/1] (0.81ns) (root node of TernaryAdder)   --->   "%mult_2 = sub i10 %sub_ln73_3, i10 %zext_ln73_1" [firmware/nnet_utils/nnet_mult.h:73->firmware/nnet_utils/nnet_dense_latency.h:42]   --->   Operation 85 'sub' 'mult_2' <Predicate = true> <Delay = 0.81> <CoreInst = "TAddSub">   --->   Core 10 'TAddSub' <Latency = 0> <II = 1> <Delay = 0.34> <IPBlock> <Opcode : '' 'add' 'sub'> <InPorts = 3> <OutPorts = 1> <Sync> <CReg>
ST_1 : Operation 86 [1/1] (0.00ns)   --->   "%sext_ln17 = sext i10 %mult_2" [firmware/nnet_utils/nnet_dense_latency.h:17]   --->   Operation 86 'sext' 'sext_ln17' <Predicate = true> <Delay = 0.00>
ST_1 : Operation 87 [1/1] (0.70ns)   --->   "%mult_3 = sub i9 %zext_ln73_2, i9 %zext_ln73_12" [firmware/nnet_utils/nnet_mult.h:73->firmware/nnet_utils/nnet_dense_latency.h:42]   --->   Operation 87 'sub' 'mult_3' <Predicate = true> <Delay = 0.70> <CoreInst = "Adder">   --->   Core 1 'Adder' <Latency = 0> <II = 1> <Delay = 0.70> <FuncUnit> <Opcode : 'add' 'sub'> <InPorts = 2> <OutPorts = 1>
ST_1 : Operation 88 [1/1] (0.00ns)   --->   "%sext_ln17_1 = sext i9 %mult_3" [firmware/nnet_utils/nnet_dense_latency.h:17]   --->   Operation 88 'sext' 'sext_ln17_1' <Predicate = true> <Delay = 0.00>
ST_1 : Operation 89 [1/1] (0.71ns)   --->   "%mult_4 = sub i10 0, i10 %zext_ln17" [firmware/nnet_utils/nnet_mult.h:73->firmware/nnet_utils/nnet_dense_latency.h:42]   --->   Operation 89 'sub' 'mult_4' <Predicate = true> <Delay = 0.71> <CoreInst = "Adder">   --->   Core 1 'Adder' <Latency = 0> <II = 1> <Delay = 0.71> <FuncUnit> <Opcode : 'add' 'sub'> <InPorts = 2> <OutPorts = 1>
ST_1 : Operation 90 [1/1] (0.00ns)   --->   "%sext_ln17_2 = sext i10 %mult_4" [firmware/nnet_utils/nnet_dense_latency.h:17]   --->   Operation 90 'sext' 'sext_ln17_2' <Predicate = true> <Delay = 0.00>
ST_1 : Operation 91 [1/1] (0.00ns)   --->   "%zext_ln73_22 = zext i7 %tmp" [firmware/nnet_utils/nnet_mult.h:73->firmware/nnet_utils/nnet_dense_latency.h:42]   --->   Operation 91 'zext' 'zext_ln73_22' <Predicate = true> <Delay = 0.00>
ST_1 : Operation 92 [1/1] (0.70ns)   --->   "%mult_5 = sub i8 0, i8 %zext_ln73_22" [firmware/nnet_utils/nnet_mult.h:73->firmware/nnet_utils/nnet_dense_latency.h:42]   --->   Operation 92 'sub' 'mult_5' <Predicate = true> <Delay = 0.70> <CoreInst = "Adder">   --->   Core 1 'Adder' <Latency = 0> <II = 1> <Delay = 0.70> <FuncUnit> <Opcode : 'add' 'sub'> <InPorts = 2> <OutPorts = 1>
ST_1 : Operation 93 [1/1] (0.00ns)   --->   "%sext_ln17_3 = sext i8 %mult_5" [firmware/nnet_utils/nnet_dense_latency.h:17]   --->   Operation 93 'sext' 'sext_ln17_3' <Predicate = true> <Delay = 0.00>
ST_1 : Operation 94 [1/1] (0.00ns)   --->   "%zext_ln73_6 = zext i6 %data_1_val_read" [firmware/nnet_utils/nnet_mult.h:73->firmware/nnet_utils/nnet_dense_latency.h:42]   --->   Operation 94 'zext' 'zext_ln73_6' <Predicate = true> <Delay = 0.00>
ST_1 : Operation 95 [1/1] (1.23ns)   --->   "%mul_ln73 = mul i10 %zext_ln73_6, i10 13" [firmware/nnet_utils/nnet_mult.h:73->firmware/nnet_utils/nnet_dense_latency.h:42]   --->   Operation 95 'mul' 'mul_ln73' <Predicate = true> <Delay = 1.23> <CoreInst = "Multiplier">   --->   Core 3 'Multiplier' <Latency = 0> <II = 1> <Delay = 1.23> <FuncUnit> <Opcode : 'mul'> <InPorts = 2> <OutPorts = 1>
ST_1 : Operation 96 [1/1] (0.00ns)   --->   "%mult_6 = bitconcatenate i8 @_ssdm_op_BitConcatenate.i8.i6.i2, i6 %data_1_val_read, i2 0" [firmware/nnet_utils/nnet_mult.h:73->firmware/nnet_utils/nnet_dense_latency.h:42]   --->   Operation 96 'bitconcatenate' 'mult_6' <Predicate = true> <Delay = 0.00>
ST_1 : Operation 97 [1/1] (0.00ns)   --->   "%zext_ln17_1 = zext i8 %mult_6" [firmware/nnet_utils/nnet_dense_latency.h:17]   --->   Operation 97 'zext' 'zext_ln17_1' <Predicate = true> <Delay = 0.00>
ST_1 : Operation 98 [1/1] (0.70ns)   --->   "%mult_7 = sub i9 0, i9 %zext_ln17_1" [firmware/nnet_utils/nnet_mult.h:73->firmware/nnet_utils/nnet_dense_latency.h:42]   --->   Operation 98 'sub' 'mult_7' <Predicate = true> <Delay = 0.70> <CoreInst = "Adder">   --->   Core 1 'Adder' <Latency = 0> <II = 1> <Delay = 0.70> <FuncUnit> <Opcode : 'add' 'sub'> <InPorts = 2> <OutPorts = 1>
ST_1 : Operation 99 [1/1] (0.00ns)   --->   "%sext_ln17_4 = sext i9 %mult_7" [firmware/nnet_utils/nnet_dense_latency.h:17]   --->   Operation 99 'sext' 'sext_ln17_4' <Predicate = true> <Delay = 0.00>
ST_1 : Operation 100 [1/1] (0.00ns)   --->   "%mult_8 = bitconcatenate i7 @_ssdm_op_BitConcatenate.i7.i6.i1, i6 %data_1_val_read, i1 0" [firmware/nnet_utils/nnet_mult.h:73->firmware/nnet_utils/nnet_dense_latency.h:42]   --->   Operation 100 'bitconcatenate' 'mult_8' <Predicate = true> <Delay = 0.00>
ST_1 : Operation 101 [1/1] (0.00ns)   --->   "%zext_ln17_2 = zext i7 %mult_8" [firmware/nnet_utils/nnet_dense_latency.h:17]   --->   Operation 101 'zext' 'zext_ln17_2' <Predicate = true> <Delay = 0.00>
ST_1 : Operation 102 [1/1] (0.00ns)   --->   "%tmp_733 = bitconcatenate i9 @_ssdm_op_BitConcatenate.i9.i6.i3, i6 %data_1_val_read, i3 0" [firmware/nnet_utils/nnet_mult.h:73->firmware/nnet_utils/nnet_dense_latency.h:42]   --->   Operation 102 'bitconcatenate' 'tmp_733' <Predicate = true> <Delay = 0.00>
ST_1 : Operation 103 [1/1] (0.00ns)   --->   "%zext_ln73_39 = zext i9 %tmp_733" [firmware/nnet_utils/nnet_mult.h:73->firmware/nnet_utils/nnet_dense_latency.h:42]   --->   Operation 103 'zext' 'zext_ln73_39' <Predicate = true> <Delay = 0.00>
ST_1 : Operation 104 [1/1] (0.71ns)   --->   "%sub_ln73_9 = sub i11 0, i11 %zext_ln73_39" [firmware/nnet_utils/nnet_mult.h:73->firmware/nnet_utils/nnet_dense_latency.h:42]   --->   Operation 104 'sub' 'sub_ln73_9' <Predicate = true> <Delay = 0.71> <CoreInst = "Adder">   --->   Core 1 'Adder' <Latency = 0> <II = 1> <Delay = 0.71> <FuncUnit> <Opcode : 'add' 'sub'> <InPorts = 2> <OutPorts = 1>
ST_1 : Operation 105 [1/1] (0.00ns)   --->   "%zext_ln73_40 = zext i7 %mult_8" [firmware/nnet_utils/nnet_mult.h:73->firmware/nnet_utils/nnet_dense_latency.h:42]   --->   Operation 105 'zext' 'zext_ln73_40' <Predicate = true> <Delay = 0.00>
ST_1 : Operation 106 [1/1] (0.00ns) (grouped into TernaryAdder)   --->   "%mult_9 = sub i11 %sub_ln73_9, i11 %zext_ln73_40" [firmware/nnet_utils/nnet_mult.h:73->firmware/nnet_utils/nnet_dense_latency.h:42]   --->   Operation 106 'sub' 'mult_9' <Predicate = true> <Delay = 0.00> <CoreInst = "TAddSub">   --->   Core 10 'TAddSub' <Latency = 0> <II = 1> <Delay = 0.34> <IPBlock> <Opcode : '' 'add' 'sub'> <InPorts = 3> <OutPorts = 1> <Sync> <CReg>
ST_1 : Operation 107 [1/1] (0.00ns)   --->   "%zext_ln73_41 = zext i9 %tmp_733" [firmware/nnet_utils/nnet_mult.h:73->firmware/nnet_utils/nnet_dense_latency.h:42]   --->   Operation 107 'zext' 'zext_ln73_41' <Predicate = true> <Delay = 0.00>
ST_1 : Operation 108 [1/1] (0.71ns)   --->   "%mult_10 = sub i10 %zext_ln73_6, i10 %zext_ln73_41" [firmware/nnet_utils/nnet_mult.h:73->firmware/nnet_utils/nnet_dense_latency.h:42]   --->   Operation 108 'sub' 'mult_10' <Predicate = true> <Delay = 0.71> <CoreInst = "Adder">   --->   Core 1 'Adder' <Latency = 0> <II = 1> <Delay = 0.71> <FuncUnit> <Opcode : 'add' 'sub'> <InPorts = 2> <OutPorts = 1>
ST_1 : Operation 109 [1/1] (0.00ns)   --->   "%sext_ln17_5 = sext i10 %mult_10" [firmware/nnet_utils/nnet_dense_latency.h:17]   --->   Operation 109 'sext' 'sext_ln17_5' <Predicate = true> <Delay = 0.00>
ST_1 : Operation 110 [1/1] (0.00ns)   --->   "%zext_ln73_56 = zext i8 %mult_6" [firmware/nnet_utils/nnet_mult.h:73->firmware/nnet_utils/nnet_dense_latency.h:42]   --->   Operation 110 'zext' 'zext_ln73_56' <Predicate = true> <Delay = 0.00>
ST_1 : Operation 111 [1/1] (0.00ns) (grouped into TernaryAdder)   --->   "%sub_ln73_12 = sub i10 0, i10 %zext_ln73_56" [firmware/nnet_utils/nnet_mult.h:73->firmware/nnet_utils/nnet_dense_latency.h:42]   --->   Operation 111 'sub' 'sub_ln73_12' <Predicate = true> <Delay = 0.00> <CoreInst = "TAddSub">   --->   Core 10 'TAddSub' <Latency = 0> <II = 1> <Delay = 0.34> <IPBlock> <Opcode : '' 'add' 'sub'> <InPorts = 3> <OutPorts = 1> <Sync> <CReg>
ST_1 : Operation 112 [1/1] (0.81ns) (root node of TernaryAdder)   --->   "%mult_11 = sub i10 %sub_ln73_12, i10 %zext_ln73_6" [firmware/nnet_utils/nnet_mult.h:73->firmware/nnet_utils/nnet_dense_latency.h:42]   --->   Operation 112 'sub' 'mult_11' <Predicate = true> <Delay = 0.81> <CoreInst = "TAddSub">   --->   Core 10 'TAddSub' <Latency = 0> <II = 1> <Delay = 0.34> <IPBlock> <Opcode : '' 'add' 'sub'> <InPorts = 3> <OutPorts = 1> <Sync> <CReg>
ST_1 : Operation 113 [1/1] (0.00ns)   --->   "%sext_ln17_6 = sext i10 %mult_11" [firmware/nnet_utils/nnet_dense_latency.h:17]   --->   Operation 113 'sext' 'sext_ln17_6' <Predicate = true> <Delay = 0.00>
ST_1 : Operation 114 [1/1] (0.00ns)   --->   "%zext_ln73_7 = zext i6 %data_2_val_read" [firmware/nnet_utils/nnet_mult.h:73->firmware/nnet_utils/nnet_dense_latency.h:42]   --->   Operation 114 'zext' 'zext_ln73_7' <Predicate = true> <Delay = 0.00>
ST_1 : Operation 115 [1/1] (0.00ns)   --->   "%zext_ln73_8 = zext i6 %data_2_val_read" [firmware/nnet_utils/nnet_mult.h:73->firmware/nnet_utils/nnet_dense_latency.h:42]   --->   Operation 115 'zext' 'zext_ln73_8' <Predicate = true> <Delay = 0.00>
ST_1 : Operation 116 [1/1] (0.00ns)   --->   "%zext_ln73_9 = zext i6 %data_2_val_read" [firmware/nnet_utils/nnet_mult.h:73->firmware/nnet_utils/nnet_dense_latency.h:42]   --->   Operation 116 'zext' 'zext_ln73_9' <Predicate = true> <Delay = 0.00>
ST_1 : Operation 117 [1/1] (0.00ns)   --->   "%zext_ln73_10 = zext i6 %data_2_val_read" [firmware/nnet_utils/nnet_mult.h:73->firmware/nnet_utils/nnet_dense_latency.h:42]   --->   Operation 117 'zext' 'zext_ln73_10' <Predicate = true> <Delay = 0.00>
ST_1 : Operation 118 [1/1] (0.00ns)   --->   "%tmp_734 = bitconcatenate i8 @_ssdm_op_BitConcatenate.i8.i6.i2, i6 %data_2_val_read, i2 0" [firmware/nnet_utils/nnet_mult.h:73->firmware/nnet_utils/nnet_dense_latency.h:42]   --->   Operation 118 'bitconcatenate' 'tmp_734' <Predicate = true> <Delay = 0.00>
ST_1 : Operation 119 [1/1] (0.00ns)   --->   "%zext_ln73_69 = zext i8 %tmp_734" [firmware/nnet_utils/nnet_mult.h:73->firmware/nnet_utils/nnet_dense_latency.h:42]   --->   Operation 119 'zext' 'zext_ln73_69' <Predicate = true> <Delay = 0.00>
ST_1 : Operation 120 [1/1] (0.00ns) (grouped into TernaryAdder)   --->   "%sub_ln73_14 = sub i10 0, i10 %zext_ln73_69" [firmware/nnet_utils/nnet_mult.h:73->firmware/nnet_utils/nnet_dense_latency.h:42]   --->   Operation 120 'sub' 'sub_ln73_14' <Predicate = true> <Delay = 0.00> <CoreInst = "TAddSub">   --->   Core 10 'TAddSub' <Latency = 0> <II = 1> <Delay = 0.34> <IPBlock> <Opcode : '' 'add' 'sub'> <InPorts = 3> <OutPorts = 1> <Sync> <CReg>
ST_1 : Operation 121 [1/1] (0.81ns) (root node of TernaryAdder)   --->   "%mult_12 = sub i10 %sub_ln73_14, i10 %zext_ln73_10" [firmware/nnet_utils/nnet_mult.h:73->firmware/nnet_utils/nnet_dense_latency.h:42]   --->   Operation 121 'sub' 'mult_12' <Predicate = true> <Delay = 0.81> <CoreInst = "TAddSub">   --->   Core 10 'TAddSub' <Latency = 0> <II = 1> <Delay = 0.34> <IPBlock> <Opcode : '' 'add' 'sub'> <InPorts = 3> <OutPorts = 1> <Sync> <CReg>
ST_1 : Operation 122 [1/1] (0.00ns)   --->   "%sext_ln17_7 = sext i10 %mult_12" [firmware/nnet_utils/nnet_dense_latency.h:17]   --->   Operation 122 'sext' 'sext_ln17_7' <Predicate = true> <Delay = 0.00>
ST_1 : Operation 123 [1/1] (0.00ns)   --->   "%mult_13 = bitconcatenate i7 @_ssdm_op_BitConcatenate.i7.i6.i1, i6 %data_2_val_read, i1 0" [firmware/nnet_utils/nnet_mult.h:73->firmware/nnet_utils/nnet_dense_latency.h:42]   --->   Operation 123 'bitconcatenate' 'mult_13' <Predicate = true> <Delay = 0.00>
ST_1 : Operation 124 [1/1] (0.00ns)   --->   "%zext_ln17_3 = zext i7 %mult_13" [firmware/nnet_utils/nnet_dense_latency.h:17]   --->   Operation 124 'zext' 'zext_ln17_3' <Predicate = true> <Delay = 0.00>
ST_1 : Operation 125 [1/1] (0.00ns)   --->   "%mult_15 = bitconcatenate i9 @_ssdm_op_BitConcatenate.i9.i6.i3, i6 %data_2_val_read, i3 0" [firmware/nnet_utils/nnet_mult.h:73->firmware/nnet_utils/nnet_dense_latency.h:42]   --->   Operation 125 'bitconcatenate' 'mult_15' <Predicate = true> <Delay = 0.00>
ST_1 : Operation 126 [1/1] (0.71ns)   --->   "%sub_ln73_16 = sub i9 %mult_15, i9 %zext_ln73_8" [firmware/nnet_utils/nnet_mult.h:73->firmware/nnet_utils/nnet_dense_latency.h:42]   --->   Operation 126 'sub' 'sub_ln73_16' <Predicate = true> <Delay = 0.71> <CoreInst = "Adder">   --->   Core 1 'Adder' <Latency = 0> <II = 1> <Delay = 0.71> <FuncUnit> <Opcode : 'add' 'sub'> <InPorts = 2> <OutPorts = 1>
ST_1 : Operation 127 [1/1] (0.70ns)   --->   "%sub_ln73_17 = sub i8 %tmp_734, i8 %zext_ln73_7" [firmware/nnet_utils/nnet_mult.h:73->firmware/nnet_utils/nnet_dense_latency.h:42]   --->   Operation 127 'sub' 'sub_ln73_17' <Predicate = true> <Delay = 0.70> <CoreInst = "Adder">   --->   Core 1 'Adder' <Latency = 0> <II = 1> <Delay = 0.70> <FuncUnit> <Opcode : 'add' 'sub'> <InPorts = 2> <OutPorts = 1>
ST_1 : Operation 128 [1/1] (0.00ns)   --->   "%zext_ln73_73 = zext i8 %tmp_734" [firmware/nnet_utils/nnet_mult.h:73->firmware/nnet_utils/nnet_dense_latency.h:42]   --->   Operation 128 'zext' 'zext_ln73_73' <Predicate = true> <Delay = 0.00>
ST_1 : Operation 129 [1/1] (0.70ns)   --->   "%mult_14 = sub i9 %zext_ln73_8, i9 %zext_ln73_73" [firmware/nnet_utils/nnet_mult.h:73->firmware/nnet_utils/nnet_dense_latency.h:42]   --->   Operation 129 'sub' 'mult_14' <Predicate = true> <Delay = 0.70> <CoreInst = "Adder">   --->   Core 1 'Adder' <Latency = 0> <II = 1> <Delay = 0.70> <FuncUnit> <Opcode : 'add' 'sub'> <InPorts = 2> <OutPorts = 1>
ST_1 : Operation 130 [1/1] (0.00ns)   --->   "%sext_ln17_8 = sext i9 %mult_14" [firmware/nnet_utils/nnet_dense_latency.h:17]   --->   Operation 130 'sext' 'sext_ln17_8' <Predicate = true> <Delay = 0.00>
ST_1 : Operation 131 [1/1] (0.00ns)   --->   "%zext_ln17_4 = zext i9 %mult_15" [firmware/nnet_utils/nnet_dense_latency.h:17]   --->   Operation 131 'zext' 'zext_ln17_4' <Predicate = true> <Delay = 0.00>
ST_1 : Operation 132 [1/1] (0.70ns)   --->   "%mult_16 = sub i7 0, i7 %zext_ln73_9" [firmware/nnet_utils/nnet_mult.h:73->firmware/nnet_utils/nnet_dense_latency.h:42]   --->   Operation 132 'sub' 'mult_16' <Predicate = true> <Delay = 0.70> <CoreInst = "Adder">   --->   Core 1 'Adder' <Latency = 0> <II = 1> <Delay = 0.70> <FuncUnit> <Opcode : 'add' 'sub'> <InPorts = 2> <OutPorts = 1>
ST_1 : Operation 133 [1/1] (0.00ns)   --->   "%sext_ln17_9 = sext i7 %mult_16" [firmware/nnet_utils/nnet_dense_latency.h:17]   --->   Operation 133 'sext' 'sext_ln17_9' <Predicate = true> <Delay = 0.00>
ST_1 : Operation 134 [1/1] (0.00ns)   --->   "%sext_ln17_10 = sext i7 %mult_16" [firmware/nnet_utils/nnet_dense_latency.h:17]   --->   Operation 134 'sext' 'sext_ln17_10' <Predicate = true> <Delay = 0.00>
ST_1 : Operation 135 [1/1] (0.00ns)   --->   "%zext_ln73_74 = zext i7 %mult_13" [firmware/nnet_utils/nnet_mult.h:73->firmware/nnet_utils/nnet_dense_latency.h:42]   --->   Operation 135 'zext' 'zext_ln73_74' <Predicate = true> <Delay = 0.00>
ST_1 : Operation 136 [1/1] (0.00ns) (grouped into TernaryAdder)   --->   "%add_ln73_1 = add i10 %zext_ln17_4, i10 %zext_ln73_74" [firmware/nnet_utils/nnet_mult.h:73->firmware/nnet_utils/nnet_dense_latency.h:42]   --->   Operation 136 'add' 'add_ln73_1' <Predicate = true> <Delay = 0.00> <CoreInst = "TAddSub">   --->   Core 10 'TAddSub' <Latency = 0> <II = 1> <Delay = 0.34> <IPBlock> <Opcode : '' 'add' 'sub'> <InPorts = 3> <OutPorts = 1> <Sync> <CReg>
ST_1 : Operation 137 [1/1] (0.71ns)   --->   "%mult_17 = sub i10 %zext_ln73_74, i10 %zext_ln17_4" [firmware/nnet_utils/nnet_mult.h:73->firmware/nnet_utils/nnet_dense_latency.h:42]   --->   Operation 137 'sub' 'mult_17' <Predicate = true> <Delay = 0.71> <CoreInst = "Adder">   --->   Core 1 'Adder' <Latency = 0> <II = 1> <Delay = 0.71> <FuncUnit> <Opcode : 'add' 'sub'> <InPorts = 2> <OutPorts = 1>
ST_1 : Operation 138 [1/1] (0.00ns)   --->   "%sext_ln17_11 = sext i10 %mult_17" [firmware/nnet_utils/nnet_dense_latency.h:17]   --->   Operation 138 'sext' 'sext_ln17_11' <Predicate = true> <Delay = 0.00>
ST_1 : Operation 139 [1/1] (0.00ns)   --->   "%zext_ln73_11 = zext i6 %data_3_val_read" [firmware/nnet_utils/nnet_mult.h:73->firmware/nnet_utils/nnet_dense_latency.h:42]   --->   Operation 139 'zext' 'zext_ln73_11' <Predicate = true> <Delay = 0.00>
ST_1 : Operation 140 [1/1] (0.00ns)   --->   "%zext_ln73_13 = zext i6 %data_3_val_read" [firmware/nnet_utils/nnet_mult.h:73->firmware/nnet_utils/nnet_dense_latency.h:42]   --->   Operation 140 'zext' 'zext_ln73_13' <Predicate = true> <Delay = 0.00>
ST_1 : Operation 141 [1/1] (0.00ns)   --->   "%zext_ln73_14 = zext i6 %data_3_val_read" [firmware/nnet_utils/nnet_mult.h:73->firmware/nnet_utils/nnet_dense_latency.h:42]   --->   Operation 141 'zext' 'zext_ln73_14' <Predicate = true> <Delay = 0.00>
ST_1 : Operation 142 [1/1] (0.00ns)   --->   "%zext_ln73_15 = zext i6 %data_3_val_read" [firmware/nnet_utils/nnet_mult.h:73->firmware/nnet_utils/nnet_dense_latency.h:42]   --->   Operation 142 'zext' 'zext_ln73_15' <Predicate = true> <Delay = 0.00>
ST_1 : Operation 143 [1/1] (0.00ns)   --->   "%tmp_735 = bitconcatenate i9 @_ssdm_op_BitConcatenate.i9.i6.i3, i6 %data_3_val_read, i3 0" [firmware/nnet_utils/nnet_mult.h:73->firmware/nnet_utils/nnet_dense_latency.h:42]   --->   Operation 143 'bitconcatenate' 'tmp_735' <Predicate = true> <Delay = 0.00>
ST_1 : Operation 144 [1/1] (0.00ns)   --->   "%zext_ln73_77 = zext i9 %tmp_735" [firmware/nnet_utils/nnet_mult.h:73->firmware/nnet_utils/nnet_dense_latency.h:42]   --->   Operation 144 'zext' 'zext_ln73_77' <Predicate = true> <Delay = 0.00>
ST_1 : Operation 145 [1/1] (0.71ns)   --->   "%mult_18 = sub i10 %zext_ln73_15, i10 %zext_ln73_77" [firmware/nnet_utils/nnet_mult.h:73->firmware/nnet_utils/nnet_dense_latency.h:42]   --->   Operation 145 'sub' 'mult_18' <Predicate = true> <Delay = 0.71> <CoreInst = "Adder">   --->   Core 1 'Adder' <Latency = 0> <II = 1> <Delay = 0.71> <FuncUnit> <Opcode : 'add' 'sub'> <InPorts = 2> <OutPorts = 1>
ST_1 : Operation 146 [1/1] (0.00ns)   --->   "%sext_ln17_12 = sext i10 %mult_18" [firmware/nnet_utils/nnet_dense_latency.h:17]   --->   Operation 146 'sext' 'sext_ln17_12' <Predicate = true> <Delay = 0.00>
ST_1 : Operation 147 [1/1] (0.70ns)   --->   "%mult_19 = sub i7 0, i7 %zext_ln73_14" [firmware/nnet_utils/nnet_mult.h:73->firmware/nnet_utils/nnet_dense_latency.h:42]   --->   Operation 147 'sub' 'mult_19' <Predicate = true> <Delay = 0.70> <CoreInst = "Adder">   --->   Core 1 'Adder' <Latency = 0> <II = 1> <Delay = 0.70> <FuncUnit> <Opcode : 'add' 'sub'> <InPorts = 2> <OutPorts = 1>
ST_1 : Operation 148 [1/1] (0.00ns)   --->   "%sext_ln17_13 = sext i7 %mult_19" [firmware/nnet_utils/nnet_dense_latency.h:17]   --->   Operation 148 'sext' 'sext_ln17_13' <Predicate = true> <Delay = 0.00>
ST_1 : Operation 149 [1/1] (0.00ns)   --->   "%tmp_736 = bitconcatenate i7 @_ssdm_op_BitConcatenate.i7.i6.i1, i6 %data_3_val_read, i1 0" [firmware/nnet_utils/nnet_mult.h:73->firmware/nnet_utils/nnet_dense_latency.h:42]   --->   Operation 149 'bitconcatenate' 'tmp_736' <Predicate = true> <Delay = 0.00>
ST_1 : Operation 150 [1/1] (0.00ns)   --->   "%zext_ln73_96 = zext i7 %tmp_736" [firmware/nnet_utils/nnet_mult.h:73->firmware/nnet_utils/nnet_dense_latency.h:42]   --->   Operation 150 'zext' 'zext_ln73_96' <Predicate = true> <Delay = 0.00>
ST_1 : Operation 151 [1/1] (0.70ns)   --->   "%mult_20 = sub i8 0, i8 %zext_ln73_96" [firmware/nnet_utils/nnet_mult.h:73->firmware/nnet_utils/nnet_dense_latency.h:42]   --->   Operation 151 'sub' 'mult_20' <Predicate = true> <Delay = 0.70> <CoreInst = "Adder">   --->   Core 1 'Adder' <Latency = 0> <II = 1> <Delay = 0.70> <FuncUnit> <Opcode : 'add' 'sub'> <InPorts = 2> <OutPorts = 1>
ST_1 : Operation 152 [1/1] (0.00ns)   --->   "%sext_ln17_14 = sext i8 %mult_20" [firmware/nnet_utils/nnet_dense_latency.h:17]   --->   Operation 152 'sext' 'sext_ln17_14' <Predicate = true> <Delay = 0.00>
ST_1 : Operation 153 [1/1] (0.00ns)   --->   "%sext_ln17_15 = sext i8 %mult_20" [firmware/nnet_utils/nnet_dense_latency.h:17]   --->   Operation 153 'sext' 'sext_ln17_15' <Predicate = true> <Delay = 0.00>
ST_1 : Operation 154 [1/1] (0.00ns)   --->   "%mult_23 = bitconcatenate i8 @_ssdm_op_BitConcatenate.i8.i6.i2, i6 %data_3_val_read, i2 0" [firmware/nnet_utils/nnet_mult.h:73->firmware/nnet_utils/nnet_dense_latency.h:42]   --->   Operation 154 'bitconcatenate' 'mult_23' <Predicate = true> <Delay = 0.00>
ST_1 : Operation 155 [1/1] (0.00ns)   --->   "%zext_ln73_97 = zext i8 %mult_23" [firmware/nnet_utils/nnet_mult.h:73->firmware/nnet_utils/nnet_dense_latency.h:42]   --->   Operation 155 'zext' 'zext_ln73_97' <Predicate = true> <Delay = 0.00>
ST_1 : Operation 156 [1/1] (0.70ns)   --->   "%mult_21 = sub i9 0, i9 %zext_ln73_97" [firmware/nnet_utils/nnet_mult.h:73->firmware/nnet_utils/nnet_dense_latency.h:42]   --->   Operation 156 'sub' 'mult_21' <Predicate = true> <Delay = 0.70> <CoreInst = "Adder">   --->   Core 1 'Adder' <Latency = 0> <II = 1> <Delay = 0.70> <FuncUnit> <Opcode : 'add' 'sub'> <InPorts = 2> <OutPorts = 1>
ST_1 : Operation 157 [1/1] (0.00ns)   --->   "%sext_ln17_16 = sext i9 %mult_21" [firmware/nnet_utils/nnet_dense_latency.h:17]   --->   Operation 157 'sext' 'sext_ln17_16' <Predicate = true> <Delay = 0.00>
ST_1 : Operation 158 [1/1] (0.00ns)   --->   "%zext_ln73_100 = zext i7 %tmp_736" [firmware/nnet_utils/nnet_mult.h:73->firmware/nnet_utils/nnet_dense_latency.h:42]   --->   Operation 158 'zext' 'zext_ln73_100' <Predicate = true> <Delay = 0.00>
ST_1 : Operation 159 [1/1] (0.71ns)   --->   "%sub_ln73_25 = sub i9 %tmp_735, i9 %zext_ln73_100" [firmware/nnet_utils/nnet_mult.h:73->firmware/nnet_utils/nnet_dense_latency.h:42]   --->   Operation 159 'sub' 'sub_ln73_25' <Predicate = true> <Delay = 0.71> <CoreInst = "Adder">   --->   Core 1 'Adder' <Latency = 0> <II = 1> <Delay = 0.71> <FuncUnit> <Opcode : 'add' 'sub'> <InPorts = 2> <OutPorts = 1>
ST_1 : Operation 160 [1/1] (0.00ns)   --->   "%tmp_738 = bitconcatenate i10 @_ssdm_op_BitConcatenate.i10.i6.i4, i6 %data_3_val_read, i4 0" [firmware/nnet_utils/nnet_mult.h:73->firmware/nnet_utils/nnet_dense_latency.h:42]   --->   Operation 160 'bitconcatenate' 'tmp_738' <Predicate = true> <Delay = 0.00>
ST_1 : Operation 161 [1/1] (0.00ns)   --->   "%zext_ln73_127 = zext i10 %tmp_738" [firmware/nnet_utils/nnet_mult.h:73->firmware/nnet_utils/nnet_dense_latency.h:42]   --->   Operation 161 'zext' 'zext_ln73_127' <Predicate = true> <Delay = 0.00>
ST_1 : Operation 162 [1/1] (0.00ns) (grouped into TernaryAdder)   --->   "%mult_22 = sub i11 %zext_ln73_11, i11 %zext_ln73_127" [firmware/nnet_utils/nnet_mult.h:73->firmware/nnet_utils/nnet_dense_latency.h:42]   --->   Operation 162 'sub' 'mult_22' <Predicate = true> <Delay = 0.00> <CoreInst = "TAddSub">   --->   Core 10 'TAddSub' <Latency = 0> <II = 1> <Delay = 0.34> <IPBlock> <Opcode : '' 'add' 'sub'> <InPorts = 3> <OutPorts = 1> <Sync> <CReg>
ST_1 : Operation 163 [1/1] (0.00ns)   --->   "%zext_ln17_5 = zext i8 %mult_23" [firmware/nnet_utils/nnet_dense_latency.h:17]   --->   Operation 163 'zext' 'zext_ln17_5' <Predicate = true> <Delay = 0.00>
ST_1 : Operation 164 [1/1] (0.00ns) (grouped into TernaryAdder)   --->   "%sub_ln73_27 = sub i10 0, i10 %zext_ln17_5" [firmware/nnet_utils/nnet_mult.h:73->firmware/nnet_utils/nnet_dense_latency.h:42]   --->   Operation 164 'sub' 'sub_ln73_27' <Predicate = true> <Delay = 0.00> <CoreInst = "TAddSub">   --->   Core 10 'TAddSub' <Latency = 0> <II = 1> <Delay = 0.34> <IPBlock> <Opcode : '' 'add' 'sub'> <InPorts = 3> <OutPorts = 1> <Sync> <CReg>
ST_1 : Operation 165 [1/1] (0.81ns) (root node of TernaryAdder)   --->   "%mult_24 = sub i10 %sub_ln73_27, i10 %zext_ln73_15" [firmware/nnet_utils/nnet_mult.h:73->firmware/nnet_utils/nnet_dense_latency.h:42]   --->   Operation 165 'sub' 'mult_24' <Predicate = true> <Delay = 0.81> <CoreInst = "TAddSub">   --->   Core 10 'TAddSub' <Latency = 0> <II = 1> <Delay = 0.34> <IPBlock> <Opcode : '' 'add' 'sub'> <InPorts = 3> <OutPorts = 1> <Sync> <CReg>
ST_1 : Operation 166 [1/1] (0.00ns)   --->   "%sext_ln17_17 = sext i10 %mult_24" [firmware/nnet_utils/nnet_dense_latency.h:17]   --->   Operation 166 'sext' 'sext_ln17_17' <Predicate = true> <Delay = 0.00>
ST_1 : Operation 167 [1/1] (0.00ns)   --->   "%zext_ln73_128 = zext i7 %tmp_736" [firmware/nnet_utils/nnet_mult.h:73->firmware/nnet_utils/nnet_dense_latency.h:42]   --->   Operation 167 'zext' 'zext_ln73_128' <Predicate = true> <Delay = 0.00>
ST_1 : Operation 168 [1/1] (0.00ns) (grouped into TernaryAdder)   --->   "%add_ln73_2 = add i11 %zext_ln73_127, i11 %zext_ln73_128" [firmware/nnet_utils/nnet_mult.h:73->firmware/nnet_utils/nnet_dense_latency.h:42]   --->   Operation 168 'add' 'add_ln73_2' <Predicate = true> <Delay = 0.00> <CoreInst = "TAddSub">   --->   Core 10 'TAddSub' <Latency = 0> <II = 1> <Delay = 0.34> <IPBlock> <Opcode : '' 'add' 'sub'> <InPorts = 3> <OutPorts = 1> <Sync> <CReg>
ST_1 : Operation 169 [1/1] (0.00ns)   --->   "%zext_ln73_132 = zext i9 %tmp_735" [firmware/nnet_utils/nnet_mult.h:73->firmware/nnet_utils/nnet_dense_latency.h:42]   --->   Operation 169 'zext' 'zext_ln73_132' <Predicate = true> <Delay = 0.00>
ST_1 : Operation 170 [1/1] (0.00ns) (grouped into TernaryAdder)   --->   "%sub_ln73_29 = sub i11 0, i11 %zext_ln73_132" [firmware/nnet_utils/nnet_mult.h:73->firmware/nnet_utils/nnet_dense_latency.h:42]   --->   Operation 170 'sub' 'sub_ln73_29' <Predicate = true> <Delay = 0.00> <CoreInst = "TAddSub">   --->   Core 10 'TAddSub' <Latency = 0> <II = 1> <Delay = 0.34> <IPBlock> <Opcode : '' 'add' 'sub'> <InPorts = 3> <OutPorts = 1> <Sync> <CReg>
ST_1 : Operation 171 [1/1] (0.79ns) (root node of TernaryAdder)   --->   "%mult_25 = sub i11 %sub_ln73_29, i11 %zext_ln73_128" [firmware/nnet_utils/nnet_mult.h:73->firmware/nnet_utils/nnet_dense_latency.h:42]   --->   Operation 171 'sub' 'mult_25' <Predicate = true> <Delay = 0.79> <CoreInst = "TAddSub">   --->   Core 10 'TAddSub' <Latency = 0> <II = 1> <Delay = 0.34> <IPBlock> <Opcode : '' 'add' 'sub'> <InPorts = 3> <OutPorts = 1> <Sync> <CReg>
ST_1 : Operation 172 [1/1] (0.00ns)   --->   "%sext_ln17_18 = sext i11 %mult_25" [firmware/nnet_utils/nnet_dense_latency.h:17]   --->   Operation 172 'sext' 'sext_ln17_18' <Predicate = true> <Delay = 0.00>
ST_1 : Operation 173 [1/1] (0.70ns)   --->   "%sub_ln73_31 = sub i8 %mult_23, i8 %zext_ln73_13" [firmware/nnet_utils/nnet_mult.h:73->firmware/nnet_utils/nnet_dense_latency.h:42]   --->   Operation 173 'sub' 'sub_ln73_31' <Predicate = true> <Delay = 0.70> <CoreInst = "Adder">   --->   Core 1 'Adder' <Latency = 0> <II = 1> <Delay = 0.70> <FuncUnit> <Opcode : 'add' 'sub'> <InPorts = 2> <OutPorts = 1>
ST_1 : Operation 174 [1/1] (0.00ns)   --->   "%zext_ln73_16 = zext i6 %data_4_val_read" [firmware/nnet_utils/nnet_mult.h:73->firmware/nnet_utils/nnet_dense_latency.h:42]   --->   Operation 174 'zext' 'zext_ln73_16' <Predicate = true> <Delay = 0.00>
ST_1 : Operation 175 [1/1] (0.00ns)   --->   "%zext_ln73_17 = zext i6 %data_4_val_read" [firmware/nnet_utils/nnet_mult.h:73->firmware/nnet_utils/nnet_dense_latency.h:42]   --->   Operation 175 'zext' 'zext_ln73_17' <Predicate = true> <Delay = 0.00>
ST_1 : Operation 176 [1/1] (0.00ns)   --->   "%zext_ln73_18 = zext i6 %data_4_val_read" [firmware/nnet_utils/nnet_mult.h:73->firmware/nnet_utils/nnet_dense_latency.h:42]   --->   Operation 176 'zext' 'zext_ln73_18' <Predicate = true> <Delay = 0.00>
ST_1 : Operation 177 [1/1] (0.00ns)   --->   "%zext_ln73_19 = zext i6 %data_4_val_read" [firmware/nnet_utils/nnet_mult.h:73->firmware/nnet_utils/nnet_dense_latency.h:42]   --->   Operation 177 'zext' 'zext_ln73_19' <Predicate = true> <Delay = 0.00>
ST_1 : Operation 178 [1/1] (0.00ns)   --->   "%mult_26 = bitconcatenate i8 @_ssdm_op_BitConcatenate.i8.i6.i2, i6 %data_4_val_read, i2 0" [firmware/nnet_utils/nnet_mult.h:73->firmware/nnet_utils/nnet_dense_latency.h:42]   --->   Operation 178 'bitconcatenate' 'mult_26' <Predicate = true> <Delay = 0.00>
ST_1 : Operation 179 [1/1] (0.00ns)   --->   "%zext_ln17_6 = zext i8 %mult_26" [firmware/nnet_utils/nnet_dense_latency.h:17]   --->   Operation 179 'zext' 'zext_ln17_6' <Predicate = true> <Delay = 0.00>
ST_1 : Operation 180 [1/1] (0.00ns)   --->   "%zext_ln17_7 = zext i8 %mult_26" [firmware/nnet_utils/nnet_dense_latency.h:17]   --->   Operation 180 'zext' 'zext_ln17_7' <Predicate = true> <Delay = 0.00>
ST_1 : Operation 181 [1/1] (0.70ns)   --->   "%sub_ln73_32 = sub i8 %mult_26, i8 %zext_ln73_19" [firmware/nnet_utils/nnet_mult.h:73->firmware/nnet_utils/nnet_dense_latency.h:42]   --->   Operation 181 'sub' 'sub_ln73_32' <Predicate = true> <Delay = 0.70> <CoreInst = "Adder">   --->   Core 1 'Adder' <Latency = 0> <II = 1> <Delay = 0.70> <FuncUnit> <Opcode : 'add' 'sub'> <InPorts = 2> <OutPorts = 1>
ST_1 : Operation 182 [1/1] (0.00ns)   --->   "%mult_27 = bitconcatenate i7 @_ssdm_op_BitConcatenate.i7.i6.i1, i6 %data_4_val_read, i1 0" [firmware/nnet_utils/nnet_mult.h:73->firmware/nnet_utils/nnet_dense_latency.h:42]   --->   Operation 182 'bitconcatenate' 'mult_27' <Predicate = true> <Delay = 0.00>
ST_1 : Operation 183 [1/1] (0.00ns)   --->   "%zext_ln17_8 = zext i7 %mult_27" [firmware/nnet_utils/nnet_dense_latency.h:17]   --->   Operation 183 'zext' 'zext_ln17_8' <Predicate = true> <Delay = 0.00>
ST_1 : Operation 184 [1/1] (0.70ns)   --->   "%mult_28 = sub i7 0, i7 %zext_ln73_18" [firmware/nnet_utils/nnet_mult.h:73->firmware/nnet_utils/nnet_dense_latency.h:42]   --->   Operation 184 'sub' 'mult_28' <Predicate = true> <Delay = 0.70> <CoreInst = "Adder">   --->   Core 1 'Adder' <Latency = 0> <II = 1> <Delay = 0.70> <FuncUnit> <Opcode : 'add' 'sub'> <InPorts = 2> <OutPorts = 1>
ST_1 : Operation 185 [1/1] (0.00ns)   --->   "%sext_ln17_19 = sext i7 %mult_28" [firmware/nnet_utils/nnet_dense_latency.h:17]   --->   Operation 185 'sext' 'sext_ln17_19' <Predicate = true> <Delay = 0.00>
ST_1 : Operation 186 [1/1] (0.70ns)   --->   "%add_ln73_3 = add i9 %zext_ln17_7, i9 %zext_ln73_17" [firmware/nnet_utils/nnet_mult.h:73->firmware/nnet_utils/nnet_dense_latency.h:42]   --->   Operation 186 'add' 'add_ln73_3' <Predicate = true> <Delay = 0.70> <CoreInst = "Adder">   --->   Core 1 'Adder' <Latency = 0> <II = 1> <Delay = 0.70> <FuncUnit> <Opcode : 'add' 'sub'> <InPorts = 2> <OutPorts = 1>
ST_1 : Operation 187 [1/1] (0.70ns)   --->   "%mult_29 = sub i9 0, i9 %zext_ln17_7" [firmware/nnet_utils/nnet_mult.h:73->firmware/nnet_utils/nnet_dense_latency.h:42]   --->   Operation 187 'sub' 'mult_29' <Predicate = true> <Delay = 0.70> <CoreInst = "Adder">   --->   Core 1 'Adder' <Latency = 0> <II = 1> <Delay = 0.70> <FuncUnit> <Opcode : 'add' 'sub'> <InPorts = 2> <OutPorts = 1>
ST_1 : Operation 188 [1/1] (0.00ns)   --->   "%sext_ln17_20 = sext i9 %mult_29" [firmware/nnet_utils/nnet_dense_latency.h:17]   --->   Operation 188 'sext' 'sext_ln17_20' <Predicate = true> <Delay = 0.00>
ST_1 : Operation 189 [1/1] (0.00ns)   --->   "%zext_ln73_135 = zext i8 %mult_26" [firmware/nnet_utils/nnet_mult.h:73->firmware/nnet_utils/nnet_dense_latency.h:42]   --->   Operation 189 'zext' 'zext_ln73_135' <Predicate = true> <Delay = 0.00>
ST_1 : Operation 190 [1/1] (0.00ns) (grouped into TernaryAdder)   --->   "%sub_ln73_35 = sub i10 0, i10 %zext_ln73_135" [firmware/nnet_utils/nnet_mult.h:73->firmware/nnet_utils/nnet_dense_latency.h:42]   --->   Operation 190 'sub' 'sub_ln73_35' <Predicate = true> <Delay = 0.00> <CoreInst = "TAddSub">   --->   Core 10 'TAddSub' <Latency = 0> <II = 1> <Delay = 0.34> <IPBlock> <Opcode : '' 'add' 'sub'> <InPorts = 3> <OutPorts = 1> <Sync> <CReg>
ST_1 : Operation 191 [1/1] (0.81ns) (root node of TernaryAdder)   --->   "%mult_30 = sub i10 %sub_ln73_35, i10 %zext_ln73_16" [firmware/nnet_utils/nnet_mult.h:73->firmware/nnet_utils/nnet_dense_latency.h:42]   --->   Operation 191 'sub' 'mult_30' <Predicate = true> <Delay = 0.81> <CoreInst = "TAddSub">   --->   Core 10 'TAddSub' <Latency = 0> <II = 1> <Delay = 0.34> <IPBlock> <Opcode : '' 'add' 'sub'> <InPorts = 3> <OutPorts = 1> <Sync> <CReg>
ST_1 : Operation 192 [1/1] (0.00ns)   --->   "%sext_ln17_21 = sext i10 %mult_30" [firmware/nnet_utils/nnet_dense_latency.h:17]   --->   Operation 192 'sext' 'sext_ln17_21' <Predicate = true> <Delay = 0.00>
ST_1 : Operation 193 [1/1] (0.00ns)   --->   "%zext_ln73_21 = zext i6 %data_5_val_read" [firmware/nnet_utils/nnet_mult.h:73->firmware/nnet_utils/nnet_dense_latency.h:42]   --->   Operation 193 'zext' 'zext_ln73_21' <Predicate = true> <Delay = 0.00>
ST_1 : Operation 194 [1/1] (0.00ns)   --->   "%mult_31 = bitconcatenate i7 @_ssdm_op_BitConcatenate.i7.i6.i1, i6 %data_5_val_read, i1 0" [firmware/nnet_utils/nnet_mult.h:73->firmware/nnet_utils/nnet_dense_latency.h:42]   --->   Operation 194 'bitconcatenate' 'mult_31' <Predicate = true> <Delay = 0.00>
ST_1 : Operation 195 [1/1] (0.00ns)   --->   "%zext_ln17_9 = zext i7 %mult_31" [firmware/nnet_utils/nnet_dense_latency.h:17]   --->   Operation 195 'zext' 'zext_ln17_9' <Predicate = true> <Delay = 0.00>
ST_1 : Operation 196 [1/1] (0.00ns)   --->   "%tmp_739 = bitconcatenate i8 @_ssdm_op_BitConcatenate.i8.i6.i2, i6 %data_5_val_read, i2 0" [firmware/nnet_utils/nnet_mult.h:73->firmware/nnet_utils/nnet_dense_latency.h:42]   --->   Operation 196 'bitconcatenate' 'tmp_739' <Predicate = true> <Delay = 0.00>
ST_1 : Operation 197 [1/1] (0.00ns)   --->   "%zext_ln73_151 = zext i8 %tmp_739" [firmware/nnet_utils/nnet_mult.h:73->firmware/nnet_utils/nnet_dense_latency.h:42]   --->   Operation 197 'zext' 'zext_ln73_151' <Predicate = true> <Delay = 0.00>
ST_1 : Operation 198 [1/1] (0.70ns)   --->   "%mult_32 = sub i9 0, i9 %zext_ln73_151" [firmware/nnet_utils/nnet_mult.h:73->firmware/nnet_utils/nnet_dense_latency.h:42]   --->   Operation 198 'sub' 'mult_32' <Predicate = true> <Delay = 0.70> <CoreInst = "Adder">   --->   Core 1 'Adder' <Latency = 0> <II = 1> <Delay = 0.70> <FuncUnit> <Opcode : 'add' 'sub'> <InPorts = 2> <OutPorts = 1>
ST_1 : Operation 199 [1/1] (0.00ns)   --->   "%sext_ln17_22 = sext i9 %mult_32" [firmware/nnet_utils/nnet_dense_latency.h:17]   --->   Operation 199 'sext' 'sext_ln17_22' <Predicate = true> <Delay = 0.00>
ST_1 : Operation 200 [1/1] (0.70ns)   --->   "%mult_33 = sub i7 0, i7 %zext_ln73_21" [firmware/nnet_utils/nnet_mult.h:73->firmware/nnet_utils/nnet_dense_latency.h:42]   --->   Operation 200 'sub' 'mult_33' <Predicate = true> <Delay = 0.70> <CoreInst = "Adder">   --->   Core 1 'Adder' <Latency = 0> <II = 1> <Delay = 0.70> <FuncUnit> <Opcode : 'add' 'sub'> <InPorts = 2> <OutPorts = 1>
ST_1 : Operation 201 [1/1] (0.00ns)   --->   "%sext_ln17_23 = sext i7 %mult_33" [firmware/nnet_utils/nnet_dense_latency.h:17]   --->   Operation 201 'sext' 'sext_ln17_23' <Predicate = true> <Delay = 0.00>
ST_1 : Operation 202 [1/1] (0.00ns)   --->   "%p_shl = bitconcatenate i9 @_ssdm_op_BitConcatenate.i9.i6.i3, i6 %data_5_val_read, i3 0" [firmware/nnet_utils/nnet_mult.h:73->firmware/nnet_utils/nnet_dense_latency.h:42]   --->   Operation 202 'bitconcatenate' 'p_shl' <Predicate = true> <Delay = 0.00>
ST_1 : Operation 203 [1/1] (0.71ns)   --->   "%sub_ln73_39 = sub i9 %p_shl, i9 %zext_ln17_9" [firmware/nnet_utils/nnet_mult.h:73->firmware/nnet_utils/nnet_dense_latency.h:42]   --->   Operation 203 'sub' 'sub_ln73_39' <Predicate = true> <Delay = 0.71> <CoreInst = "Adder">   --->   Core 1 'Adder' <Latency = 0> <II = 1> <Delay = 0.71> <FuncUnit> <Opcode : 'add' 'sub'> <InPorts = 2> <OutPorts = 1>
ST_1 : Operation 204 [1/1] (0.00ns)   --->   "%zext_ln73_23 = zext i6 %data_6_val_read" [firmware/nnet_utils/nnet_mult.h:73->firmware/nnet_utils/nnet_dense_latency.h:42]   --->   Operation 204 'zext' 'zext_ln73_23' <Predicate = true> <Delay = 0.00>
ST_1 : Operation 205 [1/1] (0.00ns)   --->   "%zext_ln73_24 = zext i6 %data_6_val_read" [firmware/nnet_utils/nnet_mult.h:73->firmware/nnet_utils/nnet_dense_latency.h:42]   --->   Operation 205 'zext' 'zext_ln73_24' <Predicate = true> <Delay = 0.00>
ST_1 : Operation 206 [1/1] (0.00ns)   --->   "%zext_ln73_25 = zext i6 %data_6_val_read" [firmware/nnet_utils/nnet_mult.h:73->firmware/nnet_utils/nnet_dense_latency.h:42]   --->   Operation 206 'zext' 'zext_ln73_25' <Predicate = true> <Delay = 0.00>
ST_1 : Operation 207 [1/1] (0.00ns)   --->   "%zext_ln73_26 = zext i6 %data_6_val_read" [firmware/nnet_utils/nnet_mult.h:73->firmware/nnet_utils/nnet_dense_latency.h:42]   --->   Operation 207 'zext' 'zext_ln73_26' <Predicate = true> <Delay = 0.00>
ST_1 : Operation 208 [1/1] (0.00ns)   --->   "%mult_34 = bitconcatenate i7 @_ssdm_op_BitConcatenate.i7.i6.i1, i6 %data_6_val_read, i1 0" [firmware/nnet_utils/nnet_mult.h:73->firmware/nnet_utils/nnet_dense_latency.h:42]   --->   Operation 208 'bitconcatenate' 'mult_34' <Predicate = true> <Delay = 0.00>
ST_1 : Operation 209 [1/1] (0.00ns)   --->   "%zext_ln17_10 = zext i7 %mult_34" [firmware/nnet_utils/nnet_dense_latency.h:17]   --->   Operation 209 'zext' 'zext_ln17_10' <Predicate = true> <Delay = 0.00>
ST_1 : Operation 210 [1/1] (0.00ns)   --->   "%zext_ln17_11 = zext i7 %mult_34" [firmware/nnet_utils/nnet_dense_latency.h:17]   --->   Operation 210 'zext' 'zext_ln17_11' <Predicate = true> <Delay = 0.00>
ST_1 : Operation 211 [1/1] (0.00ns)   --->   "%mult_35 = bitconcatenate i8 @_ssdm_op_BitConcatenate.i8.i6.i2, i6 %data_6_val_read, i2 0" [firmware/nnet_utils/nnet_mult.h:73->firmware/nnet_utils/nnet_dense_latency.h:42]   --->   Operation 211 'bitconcatenate' 'mult_35' <Predicate = true> <Delay = 0.00>
ST_1 : Operation 212 [1/1] (0.00ns)   --->   "%zext_ln17_12 = zext i8 %mult_35" [firmware/nnet_utils/nnet_dense_latency.h:17]   --->   Operation 212 'zext' 'zext_ln17_12' <Predicate = true> <Delay = 0.00>
ST_1 : Operation 213 [1/1] (0.70ns)   --->   "%mult_36 = sub i7 0, i7 %zext_ln73_26" [firmware/nnet_utils/nnet_mult.h:73->firmware/nnet_utils/nnet_dense_latency.h:42]   --->   Operation 213 'sub' 'mult_36' <Predicate = true> <Delay = 0.70> <CoreInst = "Adder">   --->   Core 1 'Adder' <Latency = 0> <II = 1> <Delay = 0.70> <FuncUnit> <Opcode : 'add' 'sub'> <InPorts = 2> <OutPorts = 1>
ST_1 : Operation 214 [1/1] (0.00ns)   --->   "%sext_ln17_24 = sext i7 %mult_36" [firmware/nnet_utils/nnet_dense_latency.h:17]   --->   Operation 214 'sext' 'sext_ln17_24' <Predicate = true> <Delay = 0.00>
ST_1 : Operation 215 [1/1] (0.70ns)   --->   "%sub_ln73_41 = sub i8 %mult_35, i8 %zext_ln73_25" [firmware/nnet_utils/nnet_mult.h:73->firmware/nnet_utils/nnet_dense_latency.h:42]   --->   Operation 215 'sub' 'sub_ln73_41' <Predicate = true> <Delay = 0.70> <CoreInst = "Adder">   --->   Core 1 'Adder' <Latency = 0> <II = 1> <Delay = 0.70> <FuncUnit> <Opcode : 'add' 'sub'> <InPorts = 2> <OutPorts = 1>
ST_1 : Operation 216 [1/1] (0.00ns)   --->   "%zext_ln73_154 = zext i7 %mult_34" [firmware/nnet_utils/nnet_mult.h:73->firmware/nnet_utils/nnet_dense_latency.h:42]   --->   Operation 216 'zext' 'zext_ln73_154' <Predicate = true> <Delay = 0.00>
ST_1 : Operation 217 [1/1] (0.70ns)   --->   "%mult_37 = sub i8 0, i8 %zext_ln73_154" [firmware/nnet_utils/nnet_mult.h:73->firmware/nnet_utils/nnet_dense_latency.h:42]   --->   Operation 217 'sub' 'mult_37' <Predicate = true> <Delay = 0.70> <CoreInst = "Adder">   --->   Core 1 'Adder' <Latency = 0> <II = 1> <Delay = 0.70> <FuncUnit> <Opcode : 'add' 'sub'> <InPorts = 2> <OutPorts = 1>
ST_1 : Operation 218 [1/1] (0.00ns)   --->   "%sext_ln17_25 = sext i8 %mult_37" [firmware/nnet_utils/nnet_dense_latency.h:17]   --->   Operation 218 'sext' 'sext_ln17_25' <Predicate = true> <Delay = 0.00>
ST_1 : Operation 219 [1/1] (1.23ns)   --->   "%mult_38 = mul i11 %zext_ln73_24, i11 2037" [firmware/nnet_utils/nnet_mult.h:73->firmware/nnet_utils/nnet_dense_latency.h:42]   --->   Operation 219 'mul' 'mult_38' <Predicate = true> <Delay = 1.23> <CoreInst = "Multiplier">   --->   Core 3 'Multiplier' <Latency = 0> <II = 1> <Delay = 1.23> <FuncUnit> <Opcode : 'mul'> <InPorts = 2> <OutPorts = 1>
ST_1 : Operation 220 [1/1] (0.00ns)   --->   "%sext_ln17_26 = sext i11 %mult_38" [firmware/nnet_utils/nnet_dense_latency.h:17]   --->   Operation 220 'sext' 'sext_ln17_26' <Predicate = true> <Delay = 0.00>
ST_1 : Operation 221 [1/1] (0.00ns)   --->   "%zext_ln73_160 = zext i8 %mult_35" [firmware/nnet_utils/nnet_mult.h:73->firmware/nnet_utils/nnet_dense_latency.h:42]   --->   Operation 221 'zext' 'zext_ln73_160' <Predicate = true> <Delay = 0.00>
ST_1 : Operation 222 [1/1] (0.00ns) (grouped into TernaryAdder)   --->   "%sub_ln73_43 = sub i10 0, i10 %zext_ln73_160" [firmware/nnet_utils/nnet_mult.h:73->firmware/nnet_utils/nnet_dense_latency.h:42]   --->   Operation 222 'sub' 'sub_ln73_43' <Predicate = true> <Delay = 0.00> <CoreInst = "TAddSub">   --->   Core 10 'TAddSub' <Latency = 0> <II = 1> <Delay = 0.34> <IPBlock> <Opcode : '' 'add' 'sub'> <InPorts = 3> <OutPorts = 1> <Sync> <CReg>
ST_1 : Operation 223 [1/1] (0.81ns) (root node of TernaryAdder)   --->   "%mult_39 = sub i10 %sub_ln73_43, i10 %zext_ln73_23" [firmware/nnet_utils/nnet_mult.h:73->firmware/nnet_utils/nnet_dense_latency.h:42]   --->   Operation 223 'sub' 'mult_39' <Predicate = true> <Delay = 0.81> <CoreInst = "TAddSub">   --->   Core 10 'TAddSub' <Latency = 0> <II = 1> <Delay = 0.34> <IPBlock> <Opcode : '' 'add' 'sub'> <InPorts = 3> <OutPorts = 1> <Sync> <CReg>
ST_1 : Operation 224 [1/1] (0.00ns)   --->   "%sext_ln17_27 = sext i10 %mult_39" [firmware/nnet_utils/nnet_dense_latency.h:17]   --->   Operation 224 'sext' 'sext_ln17_27' <Predicate = true> <Delay = 0.00>
ST_1 : Operation 225 [1/1] (0.00ns)   --->   "%zext_ln73_165 = zext i8 %mult_35" [firmware/nnet_utils/nnet_mult.h:73->firmware/nnet_utils/nnet_dense_latency.h:42]   --->   Operation 225 'zext' 'zext_ln73_165' <Predicate = true> <Delay = 0.00>
ST_1 : Operation 226 [1/1] (0.70ns)   --->   "%mult_40 = sub i9 0, i9 %zext_ln73_165" [firmware/nnet_utils/nnet_mult.h:73->firmware/nnet_utils/nnet_dense_latency.h:42]   --->   Operation 226 'sub' 'mult_40' <Predicate = true> <Delay = 0.70> <CoreInst = "Adder">   --->   Core 1 'Adder' <Latency = 0> <II = 1> <Delay = 0.70> <FuncUnit> <Opcode : 'add' 'sub'> <InPorts = 2> <OutPorts = 1>
ST_1 : Operation 227 [1/1] (0.00ns)   --->   "%sext_ln17_28 = sext i9 %mult_40" [firmware/nnet_utils/nnet_dense_latency.h:17]   --->   Operation 227 'sext' 'sext_ln17_28' <Predicate = true> <Delay = 0.00>
ST_1 : Operation 228 [1/1] (0.00ns)   --->   "%tmp_740 = bitconcatenate i9 @_ssdm_op_BitConcatenate.i9.i6.i3, i6 %data_6_val_read, i3 0" [firmware/nnet_utils/nnet_mult.h:73->firmware/nnet_utils/nnet_dense_latency.h:42]   --->   Operation 228 'bitconcatenate' 'tmp_740' <Predicate = true> <Delay = 0.00>
ST_1 : Operation 229 [1/1] (0.00ns)   --->   "%zext_ln73_169 = zext i9 %tmp_740" [firmware/nnet_utils/nnet_mult.h:73->firmware/nnet_utils/nnet_dense_latency.h:42]   --->   Operation 229 'zext' 'zext_ln73_169' <Predicate = true> <Delay = 0.00>
ST_1 : Operation 230 [1/1] (0.00ns)   --->   "%zext_ln73_172 = zext i7 %mult_34" [firmware/nnet_utils/nnet_mult.h:73->firmware/nnet_utils/nnet_dense_latency.h:42]   --->   Operation 230 'zext' 'zext_ln73_172' <Predicate = true> <Delay = 0.00>
ST_1 : Operation 231 [1/1] (0.71ns)   --->   "%mult_41 = sub i10 %zext_ln73_172, i10 %zext_ln73_169" [firmware/nnet_utils/nnet_mult.h:73->firmware/nnet_utils/nnet_dense_latency.h:42]   --->   Operation 231 'sub' 'mult_41' <Predicate = true> <Delay = 0.71> <CoreInst = "Adder">   --->   Core 1 'Adder' <Latency = 0> <II = 1> <Delay = 0.71> <FuncUnit> <Opcode : 'add' 'sub'> <InPorts = 2> <OutPorts = 1>
ST_1 : Operation 232 [1/1] (0.00ns)   --->   "%sext_ln17_29 = sext i10 %mult_41" [firmware/nnet_utils/nnet_dense_latency.h:17]   --->   Operation 232 'sext' 'sext_ln17_29' <Predicate = true> <Delay = 0.00>
ST_1 : Operation 233 [1/1] (0.00ns)   --->   "%zext_ln73_27 = zext i6 %data_7_val_read" [firmware/nnet_utils/nnet_mult.h:73->firmware/nnet_utils/nnet_dense_latency.h:42]   --->   Operation 233 'zext' 'zext_ln73_27' <Predicate = true> <Delay = 0.00>
ST_1 : Operation 234 [1/1] (0.00ns)   --->   "%zext_ln73_28 = zext i6 %data_7_val_read" [firmware/nnet_utils/nnet_mult.h:73->firmware/nnet_utils/nnet_dense_latency.h:42]   --->   Operation 234 'zext' 'zext_ln73_28' <Predicate = true> <Delay = 0.00>
ST_1 : Operation 235 [1/1] (0.00ns)   --->   "%p_shl1 = bitconcatenate i9 @_ssdm_op_BitConcatenate.i9.i6.i3, i6 %data_7_val_read, i3 0" [firmware/nnet_utils/nnet_mult.h:73->firmware/nnet_utils/nnet_dense_latency.h:42]   --->   Operation 235 'bitconcatenate' 'p_shl1' <Predicate = true> <Delay = 0.00>
ST_1 : Operation 236 [1/1] (0.00ns)   --->   "%mult_43 = bitconcatenate i7 @_ssdm_op_BitConcatenate.i7.i6.i1, i6 %data_7_val_read, i1 0" [firmware/nnet_utils/nnet_mult.h:73->firmware/nnet_utils/nnet_dense_latency.h:42]   --->   Operation 236 'bitconcatenate' 'mult_43' <Predicate = true> <Delay = 0.00>
ST_1 : Operation 237 [1/1] (0.00ns)   --->   "%zext_ln73_178 = zext i7 %mult_43" [firmware/nnet_utils/nnet_mult.h:73->firmware/nnet_utils/nnet_dense_latency.h:42]   --->   Operation 237 'zext' 'zext_ln73_178' <Predicate = true> <Delay = 0.00>
ST_1 : Operation 238 [1/1] (0.00ns) (grouped into TernaryAdder)   --->   "%sub_ln73_47 = sub i9 %p_shl1, i9 %zext_ln73_178" [firmware/nnet_utils/nnet_mult.h:73->firmware/nnet_utils/nnet_dense_latency.h:42]   --->   Operation 238 'sub' 'sub_ln73_47' <Predicate = true> <Delay = 0.00> <CoreInst = "TAddSub">   --->   Core 10 'TAddSub' <Latency = 0> <II = 1> <Delay = 0.34> <IPBlock> <Opcode : '' 'add' 'sub'> <InPorts = 3> <OutPorts = 1> <Sync> <CReg>
ST_1 : Operation 239 [1/1] (0.00ns)   --->   "%zext_ln73_188 = zext i9 %p_shl1" [firmware/nnet_utils/nnet_mult.h:73->firmware/nnet_utils/nnet_dense_latency.h:42]   --->   Operation 239 'zext' 'zext_ln73_188' <Predicate = true> <Delay = 0.00>
ST_1 : Operation 240 [1/1] (0.71ns)   --->   "%mult_42 = sub i10 %zext_ln73_27, i10 %zext_ln73_188" [firmware/nnet_utils/nnet_mult.h:73->firmware/nnet_utils/nnet_dense_latency.h:42]   --->   Operation 240 'sub' 'mult_42' <Predicate = true> <Delay = 0.71> <CoreInst = "Adder">   --->   Core 1 'Adder' <Latency = 0> <II = 1> <Delay = 0.71> <FuncUnit> <Opcode : 'add' 'sub'> <InPorts = 2> <OutPorts = 1>
ST_1 : Operation 241 [1/1] (0.00ns)   --->   "%sext_ln17_30 = sext i10 %mult_42" [firmware/nnet_utils/nnet_dense_latency.h:17]   --->   Operation 241 'sext' 'sext_ln17_30' <Predicate = true> <Delay = 0.00>
ST_1 : Operation 242 [1/1] (0.00ns)   --->   "%zext_ln17_13 = zext i7 %mult_43" [firmware/nnet_utils/nnet_dense_latency.h:17]   --->   Operation 242 'zext' 'zext_ln17_13' <Predicate = true> <Delay = 0.00>
ST_1 : Operation 243 [1/1] (0.00ns) (grouped into TernaryAdder)   --->   "%mult_44 = sub i10 %zext_ln17_13, i10 %zext_ln73_188" [firmware/nnet_utils/nnet_mult.h:73->firmware/nnet_utils/nnet_dense_latency.h:42]   --->   Operation 243 'sub' 'mult_44' <Predicate = true> <Delay = 0.00> <CoreInst = "TAddSub">   --->   Core 10 'TAddSub' <Latency = 0> <II = 1> <Delay = 0.34> <IPBlock> <Opcode : '' 'add' 'sub'> <InPorts = 3> <OutPorts = 1> <Sync> <CReg>
ST_1 : Operation 244 [1/1] (0.71ns)   --->   "%sub_ln73_50 = sub i9 %p_shl1, i9 %zext_ln73_28" [firmware/nnet_utils/nnet_mult.h:73->firmware/nnet_utils/nnet_dense_latency.h:42]   --->   Operation 244 'sub' 'sub_ln73_50' <Predicate = true> <Delay = 0.71> <CoreInst = "Adder">   --->   Core 1 'Adder' <Latency = 0> <II = 1> <Delay = 0.71> <FuncUnit> <Opcode : 'add' 'sub'> <InPorts = 2> <OutPorts = 1>
ST_1 : Operation 245 [1/1] (0.00ns)   --->   "%zext_ln73_29 = zext i6 %data_8_val_read" [firmware/nnet_utils/nnet_mult.h:73->firmware/nnet_utils/nnet_dense_latency.h:42]   --->   Operation 245 'zext' 'zext_ln73_29' <Predicate = true> <Delay = 0.00>
ST_1 : Operation 246 [1/1] (0.00ns)   --->   "%zext_ln73_30 = zext i6 %data_8_val_read" [firmware/nnet_utils/nnet_mult.h:73->firmware/nnet_utils/nnet_dense_latency.h:42]   --->   Operation 246 'zext' 'zext_ln73_30' <Predicate = true> <Delay = 0.00>
ST_1 : Operation 247 [1/1] (1.23ns)   --->   "%mult_45 = mul i11 %zext_ln73_30, i11 2035" [firmware/nnet_utils/nnet_mult.h:73->firmware/nnet_utils/nnet_dense_latency.h:42]   --->   Operation 247 'mul' 'mult_45' <Predicate = true> <Delay = 1.23> <CoreInst = "Multiplier">   --->   Core 3 'Multiplier' <Latency = 0> <II = 1> <Delay = 1.23> <FuncUnit> <Opcode : 'mul'> <InPorts = 2> <OutPorts = 1>
ST_1 : Operation 248 [1/1] (0.00ns)   --->   "%p_shl2 = bitconcatenate i10 @_ssdm_op_BitConcatenate.i10.i6.i4, i6 %data_8_val_read, i4 0" [firmware/nnet_utils/nnet_mult.h:73->firmware/nnet_utils/nnet_dense_latency.h:42]   --->   Operation 248 'bitconcatenate' 'p_shl2' <Predicate = true> <Delay = 0.00>
ST_1 : Operation 249 [1/1] (0.72ns)   --->   "%sub_ln73_51 = sub i10 %p_shl2, i10 %zext_ln73_29" [firmware/nnet_utils/nnet_mult.h:73->firmware/nnet_utils/nnet_dense_latency.h:42]   --->   Operation 249 'sub' 'sub_ln73_51' <Predicate = true> <Delay = 0.72> <CoreInst = "Adder">   --->   Core 1 'Adder' <Latency = 0> <II = 1> <Delay = 0.72> <FuncUnit> <Opcode : 'add' 'sub'> <InPorts = 2> <OutPorts = 1>
ST_1 : Operation 250 [1/1] (0.00ns)   --->   "%mult_46 = bitconcatenate i7 @_ssdm_op_BitConcatenate.i7.i6.i1, i6 %data_8_val_read, i1 0" [firmware/nnet_utils/nnet_mult.h:73->firmware/nnet_utils/nnet_dense_latency.h:42]   --->   Operation 250 'bitconcatenate' 'mult_46' <Predicate = true> <Delay = 0.00>
ST_1 : Operation 251 [1/1] (0.00ns)   --->   "%zext_ln17_14 = zext i7 %mult_46" [firmware/nnet_utils/nnet_dense_latency.h:17]   --->   Operation 251 'zext' 'zext_ln17_14' <Predicate = true> <Delay = 0.00>
ST_1 : Operation 252 [1/1] (0.00ns)   --->   "%mult_47 = bitconcatenate i8 @_ssdm_op_BitConcatenate.i8.i6.i2, i6 %data_8_val_read, i2 0" [firmware/nnet_utils/nnet_mult.h:73->firmware/nnet_utils/nnet_dense_latency.h:42]   --->   Operation 252 'bitconcatenate' 'mult_47' <Predicate = true> <Delay = 0.00>
ST_1 : Operation 253 [1/1] (0.00ns)   --->   "%zext_ln17_15 = zext i8 %mult_47" [firmware/nnet_utils/nnet_dense_latency.h:17]   --->   Operation 253 'zext' 'zext_ln17_15' <Predicate = true> <Delay = 0.00>
ST_1 : Operation 254 [1/1] (0.00ns)   --->   "%zext_ln73_202 = zext i8 %mult_47" [firmware/nnet_utils/nnet_mult.h:73->firmware/nnet_utils/nnet_dense_latency.h:42]   --->   Operation 254 'zext' 'zext_ln73_202' <Predicate = true> <Delay = 0.00>
ST_1 : Operation 255 [1/1] (0.00ns) (grouped into TernaryAdder)   --->   "%sub_ln73_52 = sub i10 0, i10 %zext_ln73_202" [firmware/nnet_utils/nnet_mult.h:73->firmware/nnet_utils/nnet_dense_latency.h:42]   --->   Operation 255 'sub' 'sub_ln73_52' <Predicate = true> <Delay = 0.00> <CoreInst = "TAddSub">   --->   Core 10 'TAddSub' <Latency = 0> <II = 1> <Delay = 0.34> <IPBlock> <Opcode : '' 'add' 'sub'> <InPorts = 3> <OutPorts = 1> <Sync> <CReg>
ST_1 : Operation 256 [1/1] (0.81ns) (root node of TernaryAdder)   --->   "%mult_48 = sub i10 %sub_ln73_52, i10 %zext_ln73_29" [firmware/nnet_utils/nnet_mult.h:73->firmware/nnet_utils/nnet_dense_latency.h:42]   --->   Operation 256 'sub' 'mult_48' <Predicate = true> <Delay = 0.81> <CoreInst = "TAddSub">   --->   Core 10 'TAddSub' <Latency = 0> <II = 1> <Delay = 0.34> <IPBlock> <Opcode : '' 'add' 'sub'> <InPorts = 3> <OutPorts = 1> <Sync> <CReg>
ST_1 : Operation 257 [1/1] (0.00ns)   --->   "%sext_ln17_31 = sext i10 %mult_48" [firmware/nnet_utils/nnet_dense_latency.h:17]   --->   Operation 257 'sext' 'sext_ln17_31' <Predicate = true> <Delay = 0.00>
ST_1 : Operation 258 [1/1] (0.00ns)   --->   "%zext_ln73_31 = zext i6 %data_9_val_read" [firmware/nnet_utils/nnet_mult.h:73->firmware/nnet_utils/nnet_dense_latency.h:42]   --->   Operation 258 'zext' 'zext_ln73_31' <Predicate = true> <Delay = 0.00>
ST_1 : Operation 259 [1/1] (0.00ns)   --->   "%zext_ln73_32 = zext i6 %data_9_val_read" [firmware/nnet_utils/nnet_mult.h:73->firmware/nnet_utils/nnet_dense_latency.h:42]   --->   Operation 259 'zext' 'zext_ln73_32' <Predicate = true> <Delay = 0.00>
ST_1 : Operation 260 [1/1] (0.00ns)   --->   "%zext_ln73_33 = zext i6 %data_9_val_read" [firmware/nnet_utils/nnet_mult.h:73->firmware/nnet_utils/nnet_dense_latency.h:42]   --->   Operation 260 'zext' 'zext_ln73_33' <Predicate = true> <Delay = 0.00>
ST_1 : Operation 261 [1/1] (0.00ns)   --->   "%zext_ln73_34 = zext i6 %data_9_val_read" [firmware/nnet_utils/nnet_mult.h:73->firmware/nnet_utils/nnet_dense_latency.h:42]   --->   Operation 261 'zext' 'zext_ln73_34' <Predicate = true> <Delay = 0.00>
ST_1 : Operation 262 [1/1] (0.00ns)   --->   "%zext_ln73_35 = zext i6 %data_9_val_read" [firmware/nnet_utils/nnet_mult.h:73->firmware/nnet_utils/nnet_dense_latency.h:42]   --->   Operation 262 'zext' 'zext_ln73_35' <Predicate = true> <Delay = 0.00>
ST_1 : Operation 263 [1/1] (0.00ns)   --->   "%mult_49 = bitconcatenate i9 @_ssdm_op_BitConcatenate.i9.i6.i3, i6 %data_9_val_read, i3 0" [firmware/nnet_utils/nnet_mult.h:73->firmware/nnet_utils/nnet_dense_latency.h:42]   --->   Operation 263 'bitconcatenate' 'mult_49' <Predicate = true> <Delay = 0.00>
ST_1 : Operation 264 [1/1] (0.00ns)   --->   "%zext_ln17_16 = zext i9 %mult_49" [firmware/nnet_utils/nnet_dense_latency.h:17]   --->   Operation 264 'zext' 'zext_ln17_16' <Predicate = true> <Delay = 0.00>
ST_1 : Operation 265 [1/1] (0.00ns)   --->   "%mult_50 = bitconcatenate i7 @_ssdm_op_BitConcatenate.i7.i6.i1, i6 %data_9_val_read, i1 0" [firmware/nnet_utils/nnet_mult.h:73->firmware/nnet_utils/nnet_dense_latency.h:42]   --->   Operation 265 'bitconcatenate' 'mult_50' <Predicate = true> <Delay = 0.00>
ST_1 : Operation 266 [1/1] (0.00ns)   --->   "%zext_ln17_17 = zext i7 %mult_50" [firmware/nnet_utils/nnet_dense_latency.h:17]   --->   Operation 266 'zext' 'zext_ln17_17' <Predicate = true> <Delay = 0.00>
ST_1 : Operation 267 [1/1] (0.00ns)   --->   "%mult_56 = bitconcatenate i8 @_ssdm_op_BitConcatenate.i8.i6.i2, i6 %data_9_val_read, i2 0" [firmware/nnet_utils/nnet_mult.h:73->firmware/nnet_utils/nnet_dense_latency.h:42]   --->   Operation 267 'bitconcatenate' 'mult_56' <Predicate = true> <Delay = 0.00>
ST_1 : Operation 268 [1/1] (0.00ns)   --->   "%zext_ln73_203 = zext i8 %mult_56" [firmware/nnet_utils/nnet_mult.h:73->firmware/nnet_utils/nnet_dense_latency.h:42]   --->   Operation 268 'zext' 'zext_ln73_203' <Predicate = true> <Delay = 0.00>
ST_1 : Operation 269 [1/1] (0.70ns)   --->   "%mult_51 = sub i9 0, i9 %zext_ln73_203" [firmware/nnet_utils/nnet_mult.h:73->firmware/nnet_utils/nnet_dense_latency.h:42]   --->   Operation 269 'sub' 'mult_51' <Predicate = true> <Delay = 0.70> <CoreInst = "Adder">   --->   Core 1 'Adder' <Latency = 0> <II = 1> <Delay = 0.70> <FuncUnit> <Opcode : 'add' 'sub'> <InPorts = 2> <OutPorts = 1>
ST_1 : Operation 270 [1/1] (0.00ns)   --->   "%sext_ln17_32 = sext i9 %mult_51" [firmware/nnet_utils/nnet_dense_latency.h:17]   --->   Operation 270 'sext' 'sext_ln17_32' <Predicate = true> <Delay = 0.00>
ST_1 : Operation 271 [1/1] (0.70ns)   --->   "%mult_52 = sub i7 0, i7 %zext_ln73_34" [firmware/nnet_utils/nnet_mult.h:73->firmware/nnet_utils/nnet_dense_latency.h:42]   --->   Operation 271 'sub' 'mult_52' <Predicate = true> <Delay = 0.70> <CoreInst = "Adder">   --->   Core 1 'Adder' <Latency = 0> <II = 1> <Delay = 0.70> <FuncUnit> <Opcode : 'add' 'sub'> <InPorts = 2> <OutPorts = 1>
ST_1 : Operation 272 [1/1] (0.00ns)   --->   "%sext_ln17_33 = sext i7 %mult_52" [firmware/nnet_utils/nnet_dense_latency.h:17]   --->   Operation 272 'sext' 'sext_ln17_33' <Predicate = true> <Delay = 0.00>
ST_1 : Operation 273 [1/1] (0.00ns)   --->   "%sext_ln17_34 = sext i7 %mult_52" [firmware/nnet_utils/nnet_dense_latency.h:17]   --->   Operation 273 'sext' 'sext_ln17_34' <Predicate = true> <Delay = 0.00>
ST_1 : Operation 274 [1/1] (0.00ns)   --->   "%tmp_743 = bitconcatenate i10 @_ssdm_op_BitConcatenate.i10.i6.i4, i6 %data_9_val_read, i4 0" [firmware/nnet_utils/nnet_mult.h:73->firmware/nnet_utils/nnet_dense_latency.h:42]   --->   Operation 274 'bitconcatenate' 'tmp_743' <Predicate = true> <Delay = 0.00>
ST_1 : Operation 275 [1/1] (0.00ns)   --->   "%zext_ln73_211 = zext i10 %tmp_743" [firmware/nnet_utils/nnet_mult.h:73->firmware/nnet_utils/nnet_dense_latency.h:42]   --->   Operation 275 'zext' 'zext_ln73_211' <Predicate = true> <Delay = 0.00>
ST_1 : Operation 276 [1/1] (0.00ns) (grouped into TernaryAdder)   --->   "%add_ln73_4 = add i11 %zext_ln73_211, i11 %zext_ln73_33" [firmware/nnet_utils/nnet_mult.h:73->firmware/nnet_utils/nnet_dense_latency.h:42]   --->   Operation 276 'add' 'add_ln73_4' <Predicate = true> <Delay = 0.00> <CoreInst = "TAddSub">   --->   Core 10 'TAddSub' <Latency = 0> <II = 1> <Delay = 0.34> <IPBlock> <Opcode : '' 'add' 'sub'> <InPorts = 3> <OutPorts = 1> <Sync> <CReg>
ST_1 : Operation 277 [1/1] (0.00ns)   --->   "%zext_ln73_221 = zext i9 %mult_49" [firmware/nnet_utils/nnet_mult.h:73->firmware/nnet_utils/nnet_dense_latency.h:42]   --->   Operation 277 'zext' 'zext_ln73_221' <Predicate = true> <Delay = 0.00>
ST_1 : Operation 278 [1/1] (0.71ns)   --->   "%mult_53 = sub i10 %zext_ln73_32, i10 %zext_ln73_221" [firmware/nnet_utils/nnet_mult.h:73->firmware/nnet_utils/nnet_dense_latency.h:42]   --->   Operation 278 'sub' 'mult_53' <Predicate = true> <Delay = 0.71> <CoreInst = "Adder">   --->   Core 1 'Adder' <Latency = 0> <II = 1> <Delay = 0.71> <FuncUnit> <Opcode : 'add' 'sub'> <InPorts = 2> <OutPorts = 1>
ST_1 : Operation 279 [1/1] (0.00ns)   --->   "%sext_ln17_35 = sext i10 %mult_53" [firmware/nnet_utils/nnet_dense_latency.h:17]   --->   Operation 279 'sext' 'sext_ln17_35' <Predicate = true> <Delay = 0.00>
ST_1 : Operation 280 [1/1] (0.70ns)   --->   "%sub_ln73_57 = sub i8 %mult_56, i8 %zext_ln73_31" [firmware/nnet_utils/nnet_mult.h:73->firmware/nnet_utils/nnet_dense_latency.h:42]   --->   Operation 280 'sub' 'sub_ln73_57' <Predicate = true> <Delay = 0.70> <CoreInst = "Adder">   --->   Core 1 'Adder' <Latency = 0> <II = 1> <Delay = 0.70> <FuncUnit> <Opcode : 'add' 'sub'> <InPorts = 2> <OutPorts = 1>
ST_1 : Operation 281 [1/1] (0.00ns) (grouped into TernaryAdder)   --->   "%mult_54 = sub i9 %zext_ln73_35, i9 %zext_ln73_203" [firmware/nnet_utils/nnet_mult.h:73->firmware/nnet_utils/nnet_dense_latency.h:42]   --->   Operation 281 'sub' 'mult_54' <Predicate = true> <Delay = 0.00> <CoreInst = "TAddSub">   --->   Core 10 'TAddSub' <Latency = 0> <II = 1> <Delay = 0.34> <IPBlock> <Opcode : '' 'add' 'sub'> <InPorts = 3> <OutPorts = 1> <Sync> <CReg>
ST_1 : Operation 282 [1/1] (0.70ns)   --->   "%add_ln73_5 = add i9 %zext_ln73_203, i9 %zext_ln73_35" [firmware/nnet_utils/nnet_mult.h:73->firmware/nnet_utils/nnet_dense_latency.h:42]   --->   Operation 282 'add' 'add_ln73_5' <Predicate = true> <Delay = 0.70> <CoreInst = "Adder">   --->   Core 1 'Adder' <Latency = 0> <II = 1> <Delay = 0.70> <FuncUnit> <Opcode : 'add' 'sub'> <InPorts = 2> <OutPorts = 1>
ST_1 : Operation 283 [1/1] (0.71ns)   --->   "%mult_55 = sub i10 0, i10 %zext_ln73_221" [firmware/nnet_utils/nnet_mult.h:73->firmware/nnet_utils/nnet_dense_latency.h:42]   --->   Operation 283 'sub' 'mult_55' <Predicate = true> <Delay = 0.71> <CoreInst = "Adder">   --->   Core 1 'Adder' <Latency = 0> <II = 1> <Delay = 0.71> <FuncUnit> <Opcode : 'add' 'sub'> <InPorts = 2> <OutPorts = 1>
ST_1 : Operation 284 [1/1] (0.00ns)   --->   "%sext_ln17_36 = sext i10 %mult_55" [firmware/nnet_utils/nnet_dense_latency.h:17]   --->   Operation 284 'sext' 'sext_ln17_36' <Predicate = true> <Delay = 0.00>
ST_1 : Operation 285 [1/1] (1.23ns)   --->   "%mult_57 = mul i11 %zext_ln73_33, i11 2037" [firmware/nnet_utils/nnet_mult.h:73->firmware/nnet_utils/nnet_dense_latency.h:42]   --->   Operation 285 'mul' 'mult_57' <Predicate = true> <Delay = 1.23> <CoreInst = "Multiplier">   --->   Core 3 'Multiplier' <Latency = 0> <II = 1> <Delay = 1.23> <FuncUnit> <Opcode : 'mul'> <InPorts = 2> <OutPorts = 1>
ST_1 : Operation 286 [1/1] (0.00ns)   --->   "%zext_ln73_36 = zext i6 %data_10_val_read" [firmware/nnet_utils/nnet_mult.h:73->firmware/nnet_utils/nnet_dense_latency.h:42]   --->   Operation 286 'zext' 'zext_ln73_36' <Predicate = true> <Delay = 0.00>
ST_1 : Operation 287 [1/1] (0.00ns)   --->   "%zext_ln73_37 = zext i6 %data_10_val_read" [firmware/nnet_utils/nnet_mult.h:73->firmware/nnet_utils/nnet_dense_latency.h:42]   --->   Operation 287 'zext' 'zext_ln73_37' <Predicate = true> <Delay = 0.00>
ST_1 : Operation 288 [1/1] (0.00ns)   --->   "%zext_ln73_38 = zext i6 %data_10_val_read" [firmware/nnet_utils/nnet_mult.h:73->firmware/nnet_utils/nnet_dense_latency.h:42]   --->   Operation 288 'zext' 'zext_ln73_38' <Predicate = true> <Delay = 0.00>
ST_1 : Operation 289 [1/1] (0.00ns)   --->   "%mult_58 = bitconcatenate i9 @_ssdm_op_BitConcatenate.i9.i6.i3, i6 %data_10_val_read, i3 0" [firmware/nnet_utils/nnet_mult.h:73->firmware/nnet_utils/nnet_dense_latency.h:42]   --->   Operation 289 'bitconcatenate' 'mult_58' <Predicate = true> <Delay = 0.00>
ST_1 : Operation 290 [1/1] (0.71ns)   --->   "%sub_ln73_60 = sub i9 %mult_58, i9 %zext_ln73_38" [firmware/nnet_utils/nnet_mult.h:73->firmware/nnet_utils/nnet_dense_latency.h:42]   --->   Operation 290 'sub' 'sub_ln73_60' <Predicate = true> <Delay = 0.71> <CoreInst = "Adder">   --->   Core 1 'Adder' <Latency = 0> <II = 1> <Delay = 0.71> <FuncUnit> <Opcode : 'add' 'sub'> <InPorts = 2> <OutPorts = 1>
ST_1 : Operation 291 [1/1] (0.00ns)   --->   "%p_shl4 = bitconcatenate i8 @_ssdm_op_BitConcatenate.i8.i6.i2, i6 %data_10_val_read, i2 0" [firmware/nnet_utils/nnet_mult.h:73->firmware/nnet_utils/nnet_dense_latency.h:42]   --->   Operation 291 'bitconcatenate' 'p_shl4' <Predicate = true> <Delay = 0.00>
ST_1 : Operation 292 [1/1] (0.70ns)   --->   "%sub_ln73_61 = sub i8 %p_shl4, i8 %zext_ln73_37" [firmware/nnet_utils/nnet_mult.h:73->firmware/nnet_utils/nnet_dense_latency.h:42]   --->   Operation 292 'sub' 'sub_ln73_61' <Predicate = true> <Delay = 0.70> <CoreInst = "Adder">   --->   Core 1 'Adder' <Latency = 0> <II = 1> <Delay = 0.70> <FuncUnit> <Opcode : 'add' 'sub'> <InPorts = 2> <OutPorts = 1>
ST_1 : Operation 293 [1/1] (0.00ns)   --->   "%zext_ln17_18 = zext i9 %mult_58" [firmware/nnet_utils/nnet_dense_latency.h:17]   --->   Operation 293 'zext' 'zext_ln17_18' <Predicate = true> <Delay = 0.00>
ST_1 : Operation 294 [1/1] (0.00ns)   --->   "%zext_ln73_225 = zext i9 %mult_58" [firmware/nnet_utils/nnet_mult.h:73->firmware/nnet_utils/nnet_dense_latency.h:42]   --->   Operation 294 'zext' 'zext_ln73_225' <Predicate = true> <Delay = 0.00>
ST_1 : Operation 295 [1/1] (0.00ns)   --->   "%tmp_744 = bitconcatenate i7 @_ssdm_op_BitConcatenate.i7.i6.i1, i6 %data_10_val_read, i1 0" [firmware/nnet_utils/nnet_mult.h:73->firmware/nnet_utils/nnet_dense_latency.h:42]   --->   Operation 295 'bitconcatenate' 'tmp_744' <Predicate = true> <Delay = 0.00>
ST_1 : Operation 296 [1/1] (0.00ns)   --->   "%zext_ln73_230 = zext i7 %tmp_744" [firmware/nnet_utils/nnet_mult.h:73->firmware/nnet_utils/nnet_dense_latency.h:42]   --->   Operation 296 'zext' 'zext_ln73_230' <Predicate = true> <Delay = 0.00>
ST_1 : Operation 297 [1/1] (0.00ns) (grouped into TernaryAdder)   --->   "%add_ln73_6 = add i10 %zext_ln73_225, i10 %zext_ln73_230" [firmware/nnet_utils/nnet_mult.h:73->firmware/nnet_utils/nnet_dense_latency.h:42]   --->   Operation 297 'add' 'add_ln73_6' <Predicate = true> <Delay = 0.00> <CoreInst = "TAddSub">   --->   Core 10 'TAddSub' <Latency = 0> <II = 1> <Delay = 0.34> <IPBlock> <Opcode : '' 'add' 'sub'> <InPorts = 3> <OutPorts = 1> <Sync> <CReg>
ST_1 : Operation 298 [1/1] (0.00ns)   --->   "%zext_ln73_241 = zext i8 %p_shl4" [firmware/nnet_utils/nnet_mult.h:73->firmware/nnet_utils/nnet_dense_latency.h:42]   --->   Operation 298 'zext' 'zext_ln73_241' <Predicate = true> <Delay = 0.00>
ST_1 : Operation 299 [1/1] (0.00ns) (grouped into TernaryAdder)   --->   "%add_ln73_7 = add i9 %zext_ln73_241, i9 %zext_ln73_38" [firmware/nnet_utils/nnet_mult.h:73->firmware/nnet_utils/nnet_dense_latency.h:42]   --->   Operation 299 'add' 'add_ln73_7' <Predicate = true> <Delay = 0.00> <CoreInst = "TAddSub">   --->   Core 10 'TAddSub' <Latency = 0> <II = 1> <Delay = 0.34> <IPBlock> <Opcode : '' 'add' 'sub'> <InPorts = 3> <OutPorts = 1> <Sync> <CReg>
ST_1 : Operation 300 [1/1] (0.00ns)   --->   "%zext_ln73_249 = zext i8 %p_shl4" [firmware/nnet_utils/nnet_mult.h:73->firmware/nnet_utils/nnet_dense_latency.h:42]   --->   Operation 300 'zext' 'zext_ln73_249' <Predicate = true> <Delay = 0.00>
ST_1 : Operation 301 [1/1] (0.70ns)   --->   "%sub_ln73_62 = sub i10 0, i10 %zext_ln73_249" [firmware/nnet_utils/nnet_mult.h:73->firmware/nnet_utils/nnet_dense_latency.h:42]   --->   Operation 301 'sub' 'sub_ln73_62' <Predicate = true> <Delay = 0.70> <CoreInst = "Adder">   --->   Core 1 'Adder' <Latency = 0> <II = 1> <Delay = 0.70> <FuncUnit> <Opcode : 'add' 'sub'> <InPorts = 2> <OutPorts = 1>
ST_1 : Operation 302 [1/1] (0.00ns) (grouped into TernaryAdder)   --->   "%mult_59 = sub i10 %sub_ln73_62, i10 %zext_ln73_36" [firmware/nnet_utils/nnet_mult.h:73->firmware/nnet_utils/nnet_dense_latency.h:42]   --->   Operation 302 'sub' 'mult_59' <Predicate = true> <Delay = 0.00> <CoreInst = "TAddSub">   --->   Core 10 'TAddSub' <Latency = 0> <II = 1> <Delay = 0.34> <IPBlock> <Opcode : '' 'add' 'sub'> <InPorts = 3> <OutPorts = 1> <Sync> <CReg>
ST_1 : Operation 303 [1/1] (0.70ns)   --->   "%mult_60 = sub i9 0, i9 %zext_ln73_241" [firmware/nnet_utils/nnet_mult.h:73->firmware/nnet_utils/nnet_dense_latency.h:42]   --->   Operation 303 'sub' 'mult_60' <Predicate = true> <Delay = 0.70> <CoreInst = "Adder">   --->   Core 1 'Adder' <Latency = 0> <II = 1> <Delay = 0.70> <FuncUnit> <Opcode : 'add' 'sub'> <InPorts = 2> <OutPorts = 1>
ST_1 : Operation 304 [1/1] (0.00ns)   --->   "%sext_ln17_37 = sext i9 %mult_60" [firmware/nnet_utils/nnet_dense_latency.h:17]   --->   Operation 304 'sext' 'sext_ln17_37' <Predicate = true> <Delay = 0.00>
ST_1 : Operation 305 [1/1] (0.00ns)   --->   "%zext_ln73_42 = zext i6 %data_11_val_read" [firmware/nnet_utils/nnet_mult.h:73->firmware/nnet_utils/nnet_dense_latency.h:42]   --->   Operation 305 'zext' 'zext_ln73_42' <Predicate = true> <Delay = 0.00>
ST_1 : Operation 306 [1/1] (0.00ns)   --->   "%zext_ln73_43 = zext i6 %data_11_val_read" [firmware/nnet_utils/nnet_mult.h:73->firmware/nnet_utils/nnet_dense_latency.h:42]   --->   Operation 306 'zext' 'zext_ln73_43' <Predicate = true> <Delay = 0.00>
ST_1 : Operation 307 [1/1] (0.00ns)   --->   "%zext_ln73_44 = zext i6 %data_11_val_read" [firmware/nnet_utils/nnet_mult.h:73->firmware/nnet_utils/nnet_dense_latency.h:42]   --->   Operation 307 'zext' 'zext_ln73_44' <Predicate = true> <Delay = 0.00>
ST_1 : Operation 308 [1/1] (0.00ns)   --->   "%zext_ln73_45 = zext i6 %data_11_val_read" [firmware/nnet_utils/nnet_mult.h:73->firmware/nnet_utils/nnet_dense_latency.h:42]   --->   Operation 308 'zext' 'zext_ln73_45' <Predicate = true> <Delay = 0.00>
ST_1 : Operation 309 [1/1] (0.00ns)   --->   "%tmp_745 = bitconcatenate i10 @_ssdm_op_BitConcatenate.i10.i6.i4, i6 %data_11_val_read, i4 0" [firmware/nnet_utils/nnet_mult.h:73->firmware/nnet_utils/nnet_dense_latency.h:42]   --->   Operation 309 'bitconcatenate' 'tmp_745' <Predicate = true> <Delay = 0.00>
ST_1 : Operation 310 [1/1] (0.00ns)   --->   "%zext_ln73_250 = zext i10 %tmp_745" [firmware/nnet_utils/nnet_mult.h:73->firmware/nnet_utils/nnet_dense_latency.h:42]   --->   Operation 310 'zext' 'zext_ln73_250' <Predicate = true> <Delay = 0.00>
ST_1 : Operation 311 [1/1] (0.00ns)   --->   "%tmp_746 = bitconcatenate i8 @_ssdm_op_BitConcatenate.i8.i6.i2, i6 %data_11_val_read, i2 0" [firmware/nnet_utils/nnet_mult.h:73->firmware/nnet_utils/nnet_dense_latency.h:42]   --->   Operation 311 'bitconcatenate' 'tmp_746' <Predicate = true> <Delay = 0.00>
ST_1 : Operation 312 [1/1] (0.00ns)   --->   "%zext_ln73_251 = zext i8 %tmp_746" [firmware/nnet_utils/nnet_mult.h:73->firmware/nnet_utils/nnet_dense_latency.h:42]   --->   Operation 312 'zext' 'zext_ln73_251' <Predicate = true> <Delay = 0.00>
ST_1 : Operation 313 [1/1] (0.00ns) (grouped into TernaryAdder)   --->   "%mult_61 = sub i11 %zext_ln73_251, i11 %zext_ln73_250" [firmware/nnet_utils/nnet_mult.h:73->firmware/nnet_utils/nnet_dense_latency.h:42]   --->   Operation 313 'sub' 'mult_61' <Predicate = true> <Delay = 0.00> <CoreInst = "TAddSub">   --->   Core 10 'TAddSub' <Latency = 0> <II = 1> <Delay = 0.34> <IPBlock> <Opcode : '' 'add' 'sub'> <InPorts = 3> <OutPorts = 1> <Sync> <CReg>
ST_1 : Operation 314 [1/1] (1.23ns)   --->   "%mul_ln73_4 = mul i10 %zext_ln73_44, i10 13" [firmware/nnet_utils/nnet_mult.h:73->firmware/nnet_utils/nnet_dense_latency.h:42]   --->   Operation 314 'mul' 'mul_ln73_4' <Predicate = true> <Delay = 1.23> <CoreInst = "Multiplier">   --->   Core 3 'Multiplier' <Latency = 0> <II = 1> <Delay = 1.23> <FuncUnit> <Opcode : 'mul'> <InPorts = 2> <OutPorts = 1>
ST_1 : Operation 315 [1/1] (0.00ns)   --->   "%mult_63 = bitconcatenate i7 @_ssdm_op_BitConcatenate.i7.i6.i1, i6 %data_11_val_read, i1 0" [firmware/nnet_utils/nnet_mult.h:73->firmware/nnet_utils/nnet_dense_latency.h:42]   --->   Operation 315 'bitconcatenate' 'mult_63' <Predicate = true> <Delay = 0.00>
ST_1 : Operation 316 [1/1] (0.00ns)   --->   "%zext_ln73_252 = zext i7 %mult_63" [firmware/nnet_utils/nnet_mult.h:73->firmware/nnet_utils/nnet_dense_latency.h:42]   --->   Operation 316 'zext' 'zext_ln73_252' <Predicate = true> <Delay = 0.00>
ST_1 : Operation 317 [1/1] (0.70ns)   --->   "%mult_62 = sub i8 0, i8 %zext_ln73_252" [firmware/nnet_utils/nnet_mult.h:73->firmware/nnet_utils/nnet_dense_latency.h:42]   --->   Operation 317 'sub' 'mult_62' <Predicate = true> <Delay = 0.70> <CoreInst = "Adder">   --->   Core 1 'Adder' <Latency = 0> <II = 1> <Delay = 0.70> <FuncUnit> <Opcode : 'add' 'sub'> <InPorts = 2> <OutPorts = 1>
ST_1 : Operation 318 [1/1] (0.00ns)   --->   "%sext_ln17_38 = sext i8 %mult_62" [firmware/nnet_utils/nnet_dense_latency.h:17]   --->   Operation 318 'sext' 'sext_ln17_38' <Predicate = true> <Delay = 0.00>
ST_1 : Operation 319 [1/1] (0.70ns)   --->   "%sub_ln73_67 = sub i8 %tmp_746, i8 %zext_ln73_43" [firmware/nnet_utils/nnet_mult.h:73->firmware/nnet_utils/nnet_dense_latency.h:42]   --->   Operation 319 'sub' 'sub_ln73_67' <Predicate = true> <Delay = 0.70> <CoreInst = "Adder">   --->   Core 1 'Adder' <Latency = 0> <II = 1> <Delay = 0.70> <FuncUnit> <Opcode : 'add' 'sub'> <InPorts = 2> <OutPorts = 1>
ST_1 : Operation 320 [1/1] (0.00ns)   --->   "%zext_ln17_19 = zext i7 %mult_63" [firmware/nnet_utils/nnet_dense_latency.h:17]   --->   Operation 320 'zext' 'zext_ln17_19' <Predicate = true> <Delay = 0.00>
ST_1 : Operation 321 [1/1] (0.00ns)   --->   "%zext_ln17_20 = zext i7 %mult_63" [firmware/nnet_utils/nnet_dense_latency.h:17]   --->   Operation 321 'zext' 'zext_ln17_20' <Predicate = true> <Delay = 0.00>
ST_1 : Operation 322 [1/1] (0.00ns)   --->   "%tmp_748 = bitconcatenate i9 @_ssdm_op_BitConcatenate.i9.i6.i3, i6 %data_11_val_read, i3 0" [firmware/nnet_utils/nnet_mult.h:73->firmware/nnet_utils/nnet_dense_latency.h:42]   --->   Operation 322 'bitconcatenate' 'tmp_748' <Predicate = true> <Delay = 0.00>
ST_1 : Operation 323 [1/1] (0.00ns)   --->   "%zext_ln73_253 = zext i9 %tmp_748" [firmware/nnet_utils/nnet_mult.h:73->firmware/nnet_utils/nnet_dense_latency.h:42]   --->   Operation 323 'zext' 'zext_ln73_253' <Predicate = true> <Delay = 0.00>
ST_1 : Operation 324 [1/1] (0.71ns)   --->   "%mult_64 = sub i10 %zext_ln17_20, i10 %zext_ln73_253" [firmware/nnet_utils/nnet_mult.h:73->firmware/nnet_utils/nnet_dense_latency.h:42]   --->   Operation 324 'sub' 'mult_64' <Predicate = true> <Delay = 0.71> <CoreInst = "Adder">   --->   Core 1 'Adder' <Latency = 0> <II = 1> <Delay = 0.71> <FuncUnit> <Opcode : 'add' 'sub'> <InPorts = 2> <OutPorts = 1>
ST_1 : Operation 325 [1/1] (0.00ns)   --->   "%sext_ln17_39 = sext i10 %mult_64" [firmware/nnet_utils/nnet_dense_latency.h:17]   --->   Operation 325 'sext' 'sext_ln17_39' <Predicate = true> <Delay = 0.00>
ST_1 : Operation 326 [1/1] (0.70ns)   --->   "%mult_65 = sub i7 0, i7 %zext_ln73_42" [firmware/nnet_utils/nnet_mult.h:73->firmware/nnet_utils/nnet_dense_latency.h:42]   --->   Operation 326 'sub' 'mult_65' <Predicate = true> <Delay = 0.70> <CoreInst = "Adder">   --->   Core 1 'Adder' <Latency = 0> <II = 1> <Delay = 0.70> <FuncUnit> <Opcode : 'add' 'sub'> <InPorts = 2> <OutPorts = 1>
ST_1 : Operation 327 [1/1] (0.00ns)   --->   "%sext_ln17_40 = sext i7 %mult_65" [firmware/nnet_utils/nnet_dense_latency.h:17]   --->   Operation 327 'sext' 'sext_ln17_40' <Predicate = true> <Delay = 0.00>
ST_1 : Operation 328 [1/1] (0.00ns)   --->   "%sext_ln17_41 = sext i7 %mult_65" [firmware/nnet_utils/nnet_dense_latency.h:17]   --->   Operation 328 'sext' 'sext_ln17_41' <Predicate = true> <Delay = 0.00>
ST_1 : Operation 329 [1/1] (0.00ns)   --->   "%sext_ln17_42 = sext i7 %mult_65" [firmware/nnet_utils/nnet_dense_latency.h:17]   --->   Operation 329 'sext' 'sext_ln17_42' <Predicate = true> <Delay = 0.00>
ST_1 : Operation 330 [1/1] (0.00ns)   --->   "%sext_ln17_43 = sext i7 %mult_65" [firmware/nnet_utils/nnet_dense_latency.h:17]   --->   Operation 330 'sext' 'sext_ln17_43' <Predicate = true> <Delay = 0.00>
ST_1 : Operation 331 [1/1] (0.00ns)   --->   "%zext_ln73_254 = zext i8 %tmp_746" [firmware/nnet_utils/nnet_mult.h:73->firmware/nnet_utils/nnet_dense_latency.h:42]   --->   Operation 331 'zext' 'zext_ln73_254' <Predicate = true> <Delay = 0.00>
ST_1 : Operation 332 [1/1] (0.70ns)   --->   "%mult_66 = sub i9 0, i9 %zext_ln73_254" [firmware/nnet_utils/nnet_mult.h:73->firmware/nnet_utils/nnet_dense_latency.h:42]   --->   Operation 332 'sub' 'mult_66' <Predicate = true> <Delay = 0.70> <CoreInst = "Adder">   --->   Core 1 'Adder' <Latency = 0> <II = 1> <Delay = 0.70> <FuncUnit> <Opcode : 'add' 'sub'> <InPorts = 2> <OutPorts = 1>
ST_1 : Operation 333 [1/1] (0.00ns)   --->   "%sext_ln17_44 = sext i9 %mult_66" [firmware/nnet_utils/nnet_dense_latency.h:17]   --->   Operation 333 'sext' 'sext_ln17_44' <Predicate = true> <Delay = 0.00>
ST_1 : Operation 334 [1/1] (0.00ns)   --->   "%zext_ln73_255 = zext i9 %tmp_748" [firmware/nnet_utils/nnet_mult.h:73->firmware/nnet_utils/nnet_dense_latency.h:42]   --->   Operation 334 'zext' 'zext_ln73_255' <Predicate = true> <Delay = 0.00>
ST_1 : Operation 335 [1/1] (0.00ns) (grouped into TernaryAdder)   --->   "%sub_ln73_71 = sub i11 0, i11 %zext_ln73_255" [firmware/nnet_utils/nnet_mult.h:73->firmware/nnet_utils/nnet_dense_latency.h:42]   --->   Operation 335 'sub' 'sub_ln73_71' <Predicate = true> <Delay = 0.00> <CoreInst = "TAddSub">   --->   Core 10 'TAddSub' <Latency = 0> <II = 1> <Delay = 0.34> <IPBlock> <Opcode : '' 'add' 'sub'> <InPorts = 3> <OutPorts = 1> <Sync> <CReg>
ST_1 : Operation 336 [1/1] (0.79ns) (root node of TernaryAdder)   --->   "%mult_67 = sub i11 %sub_ln73_71, i11 %zext_ln73_45" [firmware/nnet_utils/nnet_mult.h:73->firmware/nnet_utils/nnet_dense_latency.h:42]   --->   Operation 336 'sub' 'mult_67' <Predicate = true> <Delay = 0.79> <CoreInst = "TAddSub">   --->   Core 10 'TAddSub' <Latency = 0> <II = 1> <Delay = 0.34> <IPBlock> <Opcode : '' 'add' 'sub'> <InPorts = 3> <OutPorts = 1> <Sync> <CReg>
ST_1 : Operation 337 [1/1] (0.00ns)   --->   "%sext_ln17_45 = sext i11 %mult_67" [firmware/nnet_utils/nnet_dense_latency.h:17]   --->   Operation 337 'sext' 'sext_ln17_45' <Predicate = true> <Delay = 0.00>
ST_1 : Operation 338 [1/1] (0.00ns)   --->   "%zext_ln73_46 = zext i6 %data_12_val_read" [firmware/nnet_utils/nnet_mult.h:73->firmware/nnet_utils/nnet_dense_latency.h:42]   --->   Operation 338 'zext' 'zext_ln73_46' <Predicate = true> <Delay = 0.00>
ST_1 : Operation 339 [1/1] (0.00ns)   --->   "%zext_ln73_47 = zext i6 %data_12_val_read" [firmware/nnet_utils/nnet_mult.h:73->firmware/nnet_utils/nnet_dense_latency.h:42]   --->   Operation 339 'zext' 'zext_ln73_47' <Predicate = true> <Delay = 0.00>
ST_1 : Operation 340 [1/1] (0.00ns)   --->   "%zext_ln73_48 = zext i6 %data_12_val_read" [firmware/nnet_utils/nnet_mult.h:73->firmware/nnet_utils/nnet_dense_latency.h:42]   --->   Operation 340 'zext' 'zext_ln73_48' <Predicate = true> <Delay = 0.00>
ST_1 : Operation 341 [1/1] (0.00ns)   --->   "%zext_ln73_49 = zext i6 %data_12_val_read" [firmware/nnet_utils/nnet_mult.h:73->firmware/nnet_utils/nnet_dense_latency.h:42]   --->   Operation 341 'zext' 'zext_ln73_49' <Predicate = true> <Delay = 0.00>
ST_1 : Operation 342 [1/1] (0.00ns)   --->   "%mult_68 = bitconcatenate i7 @_ssdm_op_BitConcatenate.i7.i6.i1, i6 %data_12_val_read, i1 0" [firmware/nnet_utils/nnet_mult.h:73->firmware/nnet_utils/nnet_dense_latency.h:42]   --->   Operation 342 'bitconcatenate' 'mult_68' <Predicate = true> <Delay = 0.00>
ST_1 : Operation 343 [1/1] (0.00ns)   --->   "%zext_ln17_21 = zext i7 %mult_68" [firmware/nnet_utils/nnet_dense_latency.h:17]   --->   Operation 343 'zext' 'zext_ln17_21' <Predicate = true> <Delay = 0.00>
ST_1 : Operation 344 [1/1] (0.00ns)   --->   "%zext_ln17_22 = zext i7 %mult_68" [firmware/nnet_utils/nnet_dense_latency.h:17]   --->   Operation 344 'zext' 'zext_ln17_22' <Predicate = true> <Delay = 0.00>
ST_1 : Operation 345 [1/1] (0.70ns)   --->   "%mult_69 = sub i7 0, i7 %zext_ln73_49" [firmware/nnet_utils/nnet_mult.h:73->firmware/nnet_utils/nnet_dense_latency.h:42]   --->   Operation 345 'sub' 'mult_69' <Predicate = true> <Delay = 0.70> <CoreInst = "Adder">   --->   Core 1 'Adder' <Latency = 0> <II = 1> <Delay = 0.70> <FuncUnit> <Opcode : 'add' 'sub'> <InPorts = 2> <OutPorts = 1>
ST_1 : Operation 346 [1/1] (0.00ns)   --->   "%sext_ln17_46 = sext i7 %mult_69" [firmware/nnet_utils/nnet_dense_latency.h:17]   --->   Operation 346 'sext' 'sext_ln17_46' <Predicate = true> <Delay = 0.00>
ST_1 : Operation 347 [1/1] (0.00ns)   --->   "%mult_71 = bitconcatenate i8 @_ssdm_op_BitConcatenate.i8.i6.i2, i6 %data_12_val_read, i2 0" [firmware/nnet_utils/nnet_mult.h:73->firmware/nnet_utils/nnet_dense_latency.h:42]   --->   Operation 347 'bitconcatenate' 'mult_71' <Predicate = true> <Delay = 0.00>
ST_1 : Operation 348 [1/1] (0.00ns)   --->   "%zext_ln73_256 = zext i8 %mult_71" [firmware/nnet_utils/nnet_mult.h:73->firmware/nnet_utils/nnet_dense_latency.h:42]   --->   Operation 348 'zext' 'zext_ln73_256' <Predicate = true> <Delay = 0.00>
ST_1 : Operation 349 [1/1] (0.70ns)   --->   "%add_ln73_8 = add i9 %zext_ln73_256, i9 %zext_ln73_48" [firmware/nnet_utils/nnet_mult.h:73->firmware/nnet_utils/nnet_dense_latency.h:42]   --->   Operation 349 'add' 'add_ln73_8' <Predicate = true> <Delay = 0.70> <CoreInst = "Adder">   --->   Core 1 'Adder' <Latency = 0> <II = 1> <Delay = 0.70> <FuncUnit> <Opcode : 'add' 'sub'> <InPorts = 2> <OutPorts = 1>
ST_1 : Operation 350 [1/1] (0.00ns)   --->   "%zext_ln73_257 = zext i7 %mult_68" [firmware/nnet_utils/nnet_mult.h:73->firmware/nnet_utils/nnet_dense_latency.h:42]   --->   Operation 350 'zext' 'zext_ln73_257' <Predicate = true> <Delay = 0.00>
ST_1 : Operation 351 [1/1] (0.70ns)   --->   "%mult_70 = sub i8 0, i8 %zext_ln73_257" [firmware/nnet_utils/nnet_mult.h:73->firmware/nnet_utils/nnet_dense_latency.h:42]   --->   Operation 351 'sub' 'mult_70' <Predicate = true> <Delay = 0.70> <CoreInst = "Adder">   --->   Core 1 'Adder' <Latency = 0> <II = 1> <Delay = 0.70> <FuncUnit> <Opcode : 'add' 'sub'> <InPorts = 2> <OutPorts = 1>
ST_1 : Operation 352 [1/1] (0.00ns)   --->   "%sext_ln17_47 = sext i8 %mult_70" [firmware/nnet_utils/nnet_dense_latency.h:17]   --->   Operation 352 'sext' 'sext_ln17_47' <Predicate = true> <Delay = 0.00>
ST_1 : Operation 353 [1/1] (0.00ns)   --->   "%zext_ln17_23 = zext i8 %mult_71" [firmware/nnet_utils/nnet_dense_latency.h:17]   --->   Operation 353 'zext' 'zext_ln17_23' <Predicate = true> <Delay = 0.00>
ST_1 : Operation 354 [1/1] (0.00ns)   --->   "%tmp_750 = bitconcatenate i9 @_ssdm_op_BitConcatenate.i9.i6.i3, i6 %data_12_val_read, i3 0" [firmware/nnet_utils/nnet_mult.h:73->firmware/nnet_utils/nnet_dense_latency.h:42]   --->   Operation 354 'bitconcatenate' 'tmp_750' <Predicate = true> <Delay = 0.00>
ST_1 : Operation 355 [1/1] (0.00ns)   --->   "%zext_ln73_258 = zext i9 %tmp_750" [firmware/nnet_utils/nnet_mult.h:73->firmware/nnet_utils/nnet_dense_latency.h:42]   --->   Operation 355 'zext' 'zext_ln73_258' <Predicate = true> <Delay = 0.00>
ST_1 : Operation 356 [1/1] (0.71ns)   --->   "%add_ln73_9 = add i10 %zext_ln73_258, i10 %zext_ln73_46" [firmware/nnet_utils/nnet_mult.h:73->firmware/nnet_utils/nnet_dense_latency.h:42]   --->   Operation 356 'add' 'add_ln73_9' <Predicate = true> <Delay = 0.71> <CoreInst = "Adder">   --->   Core 1 'Adder' <Latency = 0> <II = 1> <Delay = 0.71> <FuncUnit> <Opcode : 'add' 'sub'> <InPorts = 2> <OutPorts = 1>
ST_1 : Operation 357 [1/1] (0.70ns)   --->   "%sub_ln73_75 = sub i8 %mult_71, i8 %zext_ln73_47" [firmware/nnet_utils/nnet_mult.h:73->firmware/nnet_utils/nnet_dense_latency.h:42]   --->   Operation 357 'sub' 'sub_ln73_75' <Predicate = true> <Delay = 0.70> <CoreInst = "Adder">   --->   Core 1 'Adder' <Latency = 0> <II = 1> <Delay = 0.70> <FuncUnit> <Opcode : 'add' 'sub'> <InPorts = 2> <OutPorts = 1>
ST_1 : Operation 358 [1/1] (0.00ns)   --->   "%zext_ln73_50 = zext i6 %data_13_val_read" [firmware/nnet_utils/nnet_mult.h:73->firmware/nnet_utils/nnet_dense_latency.h:42]   --->   Operation 358 'zext' 'zext_ln73_50' <Predicate = true> <Delay = 0.00>
ST_1 : Operation 359 [1/1] (0.00ns)   --->   "%zext_ln73_51 = zext i6 %data_13_val_read" [firmware/nnet_utils/nnet_mult.h:73->firmware/nnet_utils/nnet_dense_latency.h:42]   --->   Operation 359 'zext' 'zext_ln73_51' <Predicate = true> <Delay = 0.00>
ST_1 : Operation 360 [1/1] (0.00ns)   --->   "%zext_ln73_52 = zext i6 %data_13_val_read" [firmware/nnet_utils/nnet_mult.h:73->firmware/nnet_utils/nnet_dense_latency.h:42]   --->   Operation 360 'zext' 'zext_ln73_52' <Predicate = true> <Delay = 0.00>
ST_1 : Operation 361 [1/1] (0.00ns)   --->   "%tmp_751 = bitconcatenate i9 @_ssdm_op_BitConcatenate.i9.i6.i3, i6 %data_13_val_read, i3 0" [firmware/nnet_utils/nnet_mult.h:73->firmware/nnet_utils/nnet_dense_latency.h:42]   --->   Operation 361 'bitconcatenate' 'tmp_751' <Predicate = true> <Delay = 0.00>
ST_1 : Operation 362 [1/1] (0.00ns)   --->   "%zext_ln73_259 = zext i9 %tmp_751" [firmware/nnet_utils/nnet_mult.h:73->firmware/nnet_utils/nnet_dense_latency.h:42]   --->   Operation 362 'zext' 'zext_ln73_259' <Predicate = true> <Delay = 0.00>
ST_1 : Operation 363 [1/1] (0.00ns)   --->   "%mult_73 = bitconcatenate i7 @_ssdm_op_BitConcatenate.i7.i6.i1, i6 %data_13_val_read, i1 0" [firmware/nnet_utils/nnet_mult.h:73->firmware/nnet_utils/nnet_dense_latency.h:42]   --->   Operation 363 'bitconcatenate' 'mult_73' <Predicate = true> <Delay = 0.00>
ST_1 : Operation 364 [1/1] (0.00ns)   --->   "%zext_ln73_260 = zext i7 %mult_73" [firmware/nnet_utils/nnet_mult.h:73->firmware/nnet_utils/nnet_dense_latency.h:42]   --->   Operation 364 'zext' 'zext_ln73_260' <Predicate = true> <Delay = 0.00>
ST_1 : Operation 365 [1/1] (0.71ns)   --->   "%add_ln73_10 = add i10 %zext_ln73_259, i10 %zext_ln73_260" [firmware/nnet_utils/nnet_mult.h:73->firmware/nnet_utils/nnet_dense_latency.h:42]   --->   Operation 365 'add' 'add_ln73_10' <Predicate = true> <Delay = 0.71> <CoreInst = "Adder">   --->   Core 1 'Adder' <Latency = 0> <II = 1> <Delay = 0.71> <FuncUnit> <Opcode : 'add' 'sub'> <InPorts = 2> <OutPorts = 1>
ST_1 : Operation 366 [1/1] (1.23ns)   --->   "%mul_ln73_5 = mul i10 %zext_ln73_52, i10 11" [firmware/nnet_utils/nnet_mult.h:73->firmware/nnet_utils/nnet_dense_latency.h:42]   --->   Operation 366 'mul' 'mul_ln73_5' <Predicate = true> <Delay = 1.23> <CoreInst = "Multiplier">   --->   Core 3 'Multiplier' <Latency = 0> <II = 1> <Delay = 1.23> <FuncUnit> <Opcode : 'mul'> <InPorts = 2> <OutPorts = 1>
ST_1 : Operation 367 [1/1] (0.00ns)   --->   "%tmp_753 = bitconcatenate i8 @_ssdm_op_BitConcatenate.i8.i6.i2, i6 %data_13_val_read, i2 0" [firmware/nnet_utils/nnet_mult.h:73->firmware/nnet_utils/nnet_dense_latency.h:42]   --->   Operation 367 'bitconcatenate' 'tmp_753' <Predicate = true> <Delay = 0.00>
ST_1 : Operation 368 [1/1] (0.00ns)   --->   "%zext_ln73_261 = zext i8 %tmp_753" [firmware/nnet_utils/nnet_mult.h:73->firmware/nnet_utils/nnet_dense_latency.h:42]   --->   Operation 368 'zext' 'zext_ln73_261' <Predicate = true> <Delay = 0.00>
ST_1 : Operation 369 [1/1] (0.70ns)   --->   "%mult_72 = sub i9 %zext_ln73_51, i9 %zext_ln73_261" [firmware/nnet_utils/nnet_mult.h:73->firmware/nnet_utils/nnet_dense_latency.h:42]   --->   Operation 369 'sub' 'mult_72' <Predicate = true> <Delay = 0.70> <CoreInst = "Adder">   --->   Core 1 'Adder' <Latency = 0> <II = 1> <Delay = 0.70> <FuncUnit> <Opcode : 'add' 'sub'> <InPorts = 2> <OutPorts = 1>
ST_1 : Operation 370 [1/1] (0.00ns)   --->   "%sext_ln17_48 = sext i9 %mult_72" [firmware/nnet_utils/nnet_dense_latency.h:17]   --->   Operation 370 'sext' 'sext_ln17_48' <Predicate = true> <Delay = 0.00>
ST_1 : Operation 371 [1/1] (0.00ns)   --->   "%zext_ln17_24 = zext i7 %mult_73" [firmware/nnet_utils/nnet_dense_latency.h:17]   --->   Operation 371 'zext' 'zext_ln17_24' <Predicate = true> <Delay = 0.00>
ST_1 : Operation 372 [1/1] (0.00ns)   --->   "%zext_ln73_262 = zext i8 %tmp_753" [firmware/nnet_utils/nnet_mult.h:73->firmware/nnet_utils/nnet_dense_latency.h:42]   --->   Operation 372 'zext' 'zext_ln73_262' <Predicate = true> <Delay = 0.00>
ST_1 : Operation 373 [1/1] (0.00ns) (grouped into TernaryAdder)   --->   "%sub_ln73_77 = sub i10 0, i10 %zext_ln73_262" [firmware/nnet_utils/nnet_mult.h:73->firmware/nnet_utils/nnet_dense_latency.h:42]   --->   Operation 373 'sub' 'sub_ln73_77' <Predicate = true> <Delay = 0.00> <CoreInst = "TAddSub">   --->   Core 10 'TAddSub' <Latency = 0> <II = 1> <Delay = 0.34> <IPBlock> <Opcode : '' 'add' 'sub'> <InPorts = 3> <OutPorts = 1> <Sync> <CReg>
ST_1 : Operation 374 [1/1] (0.81ns) (root node of TernaryAdder)   --->   "%mult_74 = sub i10 %sub_ln73_77, i10 %zext_ln73_52" [firmware/nnet_utils/nnet_mult.h:73->firmware/nnet_utils/nnet_dense_latency.h:42]   --->   Operation 374 'sub' 'mult_74' <Predicate = true> <Delay = 0.81> <CoreInst = "TAddSub">   --->   Core 10 'TAddSub' <Latency = 0> <II = 1> <Delay = 0.34> <IPBlock> <Opcode : '' 'add' 'sub'> <InPorts = 3> <OutPorts = 1> <Sync> <CReg>
ST_1 : Operation 375 [1/1] (0.00ns)   --->   "%sext_ln17_49 = sext i10 %mult_74" [firmware/nnet_utils/nnet_dense_latency.h:17]   --->   Operation 375 'sext' 'sext_ln17_49' <Predicate = true> <Delay = 0.00>
ST_1 : Operation 376 [1/1] (0.71ns)   --->   "%mult_75 = sub i10 0, i10 %zext_ln73_259" [firmware/nnet_utils/nnet_mult.h:73->firmware/nnet_utils/nnet_dense_latency.h:42]   --->   Operation 376 'sub' 'mult_75' <Predicate = true> <Delay = 0.71> <CoreInst = "Adder">   --->   Core 1 'Adder' <Latency = 0> <II = 1> <Delay = 0.71> <FuncUnit> <Opcode : 'add' 'sub'> <InPorts = 2> <OutPorts = 1>
ST_1 : Operation 377 [1/1] (0.00ns)   --->   "%sext_ln17_50 = sext i10 %mult_75" [firmware/nnet_utils/nnet_dense_latency.h:17]   --->   Operation 377 'sext' 'sext_ln17_50' <Predicate = true> <Delay = 0.00>
ST_1 : Operation 378 [1/1] (0.00ns)   --->   "%sext_ln17_51 = sext i10 %mult_75" [firmware/nnet_utils/nnet_dense_latency.h:17]   --->   Operation 378 'sext' 'sext_ln17_51' <Predicate = true> <Delay = 0.00>
ST_1 : Operation 379 [1/1] (0.00ns)   --->   "%zext_ln73_53 = zext i6 %data_14_val_read" [firmware/nnet_utils/nnet_mult.h:73->firmware/nnet_utils/nnet_dense_latency.h:42]   --->   Operation 379 'zext' 'zext_ln73_53' <Predicate = true> <Delay = 0.00>
ST_1 : Operation 380 [1/1] (0.00ns)   --->   "%zext_ln73_54 = zext i6 %data_14_val_read" [firmware/nnet_utils/nnet_mult.h:73->firmware/nnet_utils/nnet_dense_latency.h:42]   --->   Operation 380 'zext' 'zext_ln73_54' <Predicate = true> <Delay = 0.00>
ST_1 : Operation 381 [1/1] (0.00ns)   --->   "%zext_ln73_55 = zext i6 %data_14_val_read" [firmware/nnet_utils/nnet_mult.h:73->firmware/nnet_utils/nnet_dense_latency.h:42]   --->   Operation 381 'zext' 'zext_ln73_55' <Predicate = true> <Delay = 0.00>
ST_1 : Operation 382 [1/1] (0.00ns)   --->   "%mult_76 = bitconcatenate i8 @_ssdm_op_BitConcatenate.i8.i6.i2, i6 %data_14_val_read, i2 0" [firmware/nnet_utils/nnet_mult.h:73->firmware/nnet_utils/nnet_dense_latency.h:42]   --->   Operation 382 'bitconcatenate' 'mult_76' <Predicate = true> <Delay = 0.00>
ST_1 : Operation 383 [1/1] (0.00ns)   --->   "%zext_ln17_25 = zext i8 %mult_76" [firmware/nnet_utils/nnet_dense_latency.h:17]   --->   Operation 383 'zext' 'zext_ln17_25' <Predicate = true> <Delay = 0.00>
ST_1 : Operation 384 [1/1] (0.00ns)   --->   "%tmp_754 = bitconcatenate i9 @_ssdm_op_BitConcatenate.i9.i6.i3, i6 %data_14_val_read, i3 0" [firmware/nnet_utils/nnet_mult.h:73->firmware/nnet_utils/nnet_dense_latency.h:42]   --->   Operation 384 'bitconcatenate' 'tmp_754' <Predicate = true> <Delay = 0.00>
ST_1 : Operation 385 [1/1] (0.00ns)   --->   "%zext_ln73_263 = zext i9 %tmp_754" [firmware/nnet_utils/nnet_mult.h:73->firmware/nnet_utils/nnet_dense_latency.h:42]   --->   Operation 385 'zext' 'zext_ln73_263' <Predicate = true> <Delay = 0.00>
ST_1 : Operation 386 [1/1] (0.00ns) (grouped into TernaryAdder)   --->   "%add_ln73_11 = add i10 %zext_ln73_263, i10 %zext_ln73_55" [firmware/nnet_utils/nnet_mult.h:73->firmware/nnet_utils/nnet_dense_latency.h:42]   --->   Operation 386 'add' 'add_ln73_11' <Predicate = true> <Delay = 0.00> <CoreInst = "TAddSub">   --->   Core 10 'TAddSub' <Latency = 0> <II = 1> <Delay = 0.34> <IPBlock> <Opcode : '' 'add' 'sub'> <InPorts = 3> <OutPorts = 1> <Sync> <CReg>
ST_1 : Operation 387 [1/1] (0.00ns)   --->   "%mult_78 = bitconcatenate i7 @_ssdm_op_BitConcatenate.i7.i6.i1, i6 %data_14_val_read, i1 0" [firmware/nnet_utils/nnet_mult.h:73->firmware/nnet_utils/nnet_dense_latency.h:42]   --->   Operation 387 'bitconcatenate' 'mult_78' <Predicate = true> <Delay = 0.00>
ST_1 : Operation 388 [1/1] (0.00ns)   --->   "%zext_ln73_264 = zext i7 %mult_78" [firmware/nnet_utils/nnet_mult.h:73->firmware/nnet_utils/nnet_dense_latency.h:42]   --->   Operation 388 'zext' 'zext_ln73_264' <Predicate = true> <Delay = 0.00>
ST_1 : Operation 389 [1/1] (0.70ns)   --->   "%mult_77 = sub i8 0, i8 %zext_ln73_264" [firmware/nnet_utils/nnet_mult.h:73->firmware/nnet_utils/nnet_dense_latency.h:42]   --->   Operation 389 'sub' 'mult_77' <Predicate = true> <Delay = 0.70> <CoreInst = "Adder">   --->   Core 1 'Adder' <Latency = 0> <II = 1> <Delay = 0.70> <FuncUnit> <Opcode : 'add' 'sub'> <InPorts = 2> <OutPorts = 1>
ST_1 : Operation 390 [1/1] (0.00ns)   --->   "%sext_ln17_52 = sext i8 %mult_77" [firmware/nnet_utils/nnet_dense_latency.h:17]   --->   Operation 390 'sext' 'sext_ln17_52' <Predicate = true> <Delay = 0.00>
ST_1 : Operation 391 [1/1] (0.00ns)   --->   "%zext_ln73_265 = zext i8 %mult_76" [firmware/nnet_utils/nnet_mult.h:73->firmware/nnet_utils/nnet_dense_latency.h:42]   --->   Operation 391 'zext' 'zext_ln73_265' <Predicate = true> <Delay = 0.00>
ST_1 : Operation 392 [1/1] (0.00ns) (grouped into TernaryAdder)   --->   "%add_ln73_12 = add i9 %zext_ln73_265, i9 %zext_ln73_54" [firmware/nnet_utils/nnet_mult.h:73->firmware/nnet_utils/nnet_dense_latency.h:42]   --->   Operation 392 'add' 'add_ln73_12' <Predicate = true> <Delay = 0.00> <CoreInst = "TAddSub">   --->   Core 10 'TAddSub' <Latency = 0> <II = 1> <Delay = 0.34> <IPBlock> <Opcode : '' 'add' 'sub'> <InPorts = 3> <OutPorts = 1> <Sync> <CReg>
ST_1 : Operation 393 [1/1] (0.00ns)   --->   "%zext_ln17_26 = zext i7 %mult_78" [firmware/nnet_utils/nnet_dense_latency.h:17]   --->   Operation 393 'zext' 'zext_ln17_26' <Predicate = true> <Delay = 0.00>
ST_1 : Operation 394 [1/1] (0.70ns)   --->   "%mult_79 = sub i7 0, i7 %zext_ln73_53" [firmware/nnet_utils/nnet_mult.h:73->firmware/nnet_utils/nnet_dense_latency.h:42]   --->   Operation 394 'sub' 'mult_79' <Predicate = true> <Delay = 0.70> <CoreInst = "Adder">   --->   Core 1 'Adder' <Latency = 0> <II = 1> <Delay = 0.70> <FuncUnit> <Opcode : 'add' 'sub'> <InPorts = 2> <OutPorts = 1>
ST_1 : Operation 395 [1/1] (0.00ns)   --->   "%sext_ln17_53 = sext i7 %mult_79" [firmware/nnet_utils/nnet_dense_latency.h:17]   --->   Operation 395 'sext' 'sext_ln17_53' <Predicate = true> <Delay = 0.00>
ST_1 : Operation 396 [1/1] (0.00ns)   --->   "%zext_ln73_57 = zext i6 %data_15_val_read" [firmware/nnet_utils/nnet_mult.h:73->firmware/nnet_utils/nnet_dense_latency.h:42]   --->   Operation 396 'zext' 'zext_ln73_57' <Predicate = true> <Delay = 0.00>
ST_1 : Operation 397 [1/1] (0.00ns)   --->   "%zext_ln73_58 = zext i6 %data_15_val_read" [firmware/nnet_utils/nnet_mult.h:73->firmware/nnet_utils/nnet_dense_latency.h:42]   --->   Operation 397 'zext' 'zext_ln73_58' <Predicate = true> <Delay = 0.00>
ST_1 : Operation 398 [1/1] (0.00ns)   --->   "%zext_ln73_59 = zext i6 %data_15_val_read" [firmware/nnet_utils/nnet_mult.h:73->firmware/nnet_utils/nnet_dense_latency.h:42]   --->   Operation 398 'zext' 'zext_ln73_59' <Predicate = true> <Delay = 0.00>
ST_1 : Operation 399 [1/1] (0.00ns)   --->   "%zext_ln73_61 = zext i6 %data_15_val_read" [firmware/nnet_utils/nnet_mult.h:73->firmware/nnet_utils/nnet_dense_latency.h:42]   --->   Operation 399 'zext' 'zext_ln73_61' <Predicate = true> <Delay = 0.00>
ST_1 : Operation 400 [1/1] (0.00ns)   --->   "%tmp_756 = bitconcatenate i9 @_ssdm_op_BitConcatenate.i9.i6.i3, i6 %data_15_val_read, i3 0" [firmware/nnet_utils/nnet_mult.h:73->firmware/nnet_utils/nnet_dense_latency.h:42]   --->   Operation 400 'bitconcatenate' 'tmp_756' <Predicate = true> <Delay = 0.00>
ST_1 : Operation 401 [1/1] (0.00ns)   --->   "%zext_ln73_266 = zext i9 %tmp_756" [firmware/nnet_utils/nnet_mult.h:73->firmware/nnet_utils/nnet_dense_latency.h:42]   --->   Operation 401 'zext' 'zext_ln73_266' <Predicate = true> <Delay = 0.00>
ST_1 : Operation 402 [1/1] (0.00ns) (grouped into TernaryAdder)   --->   "%add_ln73_13 = add i10 %zext_ln73_266, i10 %zext_ln73_61" [firmware/nnet_utils/nnet_mult.h:73->firmware/nnet_utils/nnet_dense_latency.h:42]   --->   Operation 402 'add' 'add_ln73_13' <Predicate = true> <Delay = 0.00> <CoreInst = "TAddSub">   --->   Core 10 'TAddSub' <Latency = 0> <II = 1> <Delay = 0.34> <IPBlock> <Opcode : '' 'add' 'sub'> <InPorts = 3> <OutPorts = 1> <Sync> <CReg>
ST_1 : Operation 403 [1/1] (0.00ns)   --->   "%mult_80 = bitconcatenate i7 @_ssdm_op_BitConcatenate.i7.i6.i1, i6 %data_15_val_read, i1 0" [firmware/nnet_utils/nnet_mult.h:73->firmware/nnet_utils/nnet_dense_latency.h:42]   --->   Operation 403 'bitconcatenate' 'mult_80' <Predicate = true> <Delay = 0.00>
ST_1 : Operation 404 [1/1] (0.00ns)   --->   "%zext_ln17_27 = zext i7 %mult_80" [firmware/nnet_utils/nnet_dense_latency.h:17]   --->   Operation 404 'zext' 'zext_ln17_27' <Predicate = true> <Delay = 0.00>
ST_1 : Operation 405 [1/1] (0.00ns)   --->   "%p_shl5 = bitconcatenate i8 @_ssdm_op_BitConcatenate.i8.i6.i2, i6 %data_15_val_read, i2 0" [firmware/nnet_utils/nnet_mult.h:73->firmware/nnet_utils/nnet_dense_latency.h:42]   --->   Operation 405 'bitconcatenate' 'p_shl5' <Predicate = true> <Delay = 0.00>
ST_1 : Operation 406 [1/1] (0.70ns)   --->   "%sub_ln73_82 = sub i8 %p_shl5, i8 %zext_ln73_58" [firmware/nnet_utils/nnet_mult.h:73->firmware/nnet_utils/nnet_dense_latency.h:42]   --->   Operation 406 'sub' 'sub_ln73_82' <Predicate = true> <Delay = 0.70> <CoreInst = "Adder">   --->   Core 1 'Adder' <Latency = 0> <II = 1> <Delay = 0.70> <FuncUnit> <Opcode : 'add' 'sub'> <InPorts = 2> <OutPorts = 1>
ST_1 : Operation 407 [1/1] (0.00ns)   --->   "%zext_ln73_267 = zext i8 %p_shl5" [firmware/nnet_utils/nnet_mult.h:73->firmware/nnet_utils/nnet_dense_latency.h:42]   --->   Operation 407 'zext' 'zext_ln73_267' <Predicate = true> <Delay = 0.00>
ST_1 : Operation 408 [1/1] (0.70ns)   --->   "%add_ln73_14 = add i9 %zext_ln73_267, i9 %zext_ln73_57" [firmware/nnet_utils/nnet_mult.h:73->firmware/nnet_utils/nnet_dense_latency.h:42]   --->   Operation 408 'add' 'add_ln73_14' <Predicate = true> <Delay = 0.70> <CoreInst = "Adder">   --->   Core 1 'Adder' <Latency = 0> <II = 1> <Delay = 0.70> <FuncUnit> <Opcode : 'add' 'sub'> <InPorts = 2> <OutPorts = 1>
ST_1 : Operation 409 [1/1] (0.00ns)   --->   "%zext_ln73_268 = zext i7 %mult_80" [firmware/nnet_utils/nnet_mult.h:73->firmware/nnet_utils/nnet_dense_latency.h:42]   --->   Operation 409 'zext' 'zext_ln73_268' <Predicate = true> <Delay = 0.00>
ST_1 : Operation 410 [1/1] (0.71ns)   --->   "%mult_81 = sub i10 %zext_ln73_268, i10 %zext_ln73_266" [firmware/nnet_utils/nnet_mult.h:73->firmware/nnet_utils/nnet_dense_latency.h:42]   --->   Operation 410 'sub' 'mult_81' <Predicate = true> <Delay = 0.71> <CoreInst = "Adder">   --->   Core 1 'Adder' <Latency = 0> <II = 1> <Delay = 0.71> <FuncUnit> <Opcode : 'add' 'sub'> <InPorts = 2> <OutPorts = 1>
ST_1 : Operation 411 [1/1] (0.00ns)   --->   "%sext_ln17_54 = sext i10 %mult_81" [firmware/nnet_utils/nnet_dense_latency.h:17]   --->   Operation 411 'sext' 'sext_ln17_54' <Predicate = true> <Delay = 0.00>
ST_1 : Operation 412 [1/1] (0.70ns)   --->   "%mult_82 = sub i7 0, i7 %zext_ln73_59" [firmware/nnet_utils/nnet_mult.h:73->firmware/nnet_utils/nnet_dense_latency.h:42]   --->   Operation 412 'sub' 'mult_82' <Predicate = true> <Delay = 0.70> <CoreInst = "Adder">   --->   Core 1 'Adder' <Latency = 0> <II = 1> <Delay = 0.70> <FuncUnit> <Opcode : 'add' 'sub'> <InPorts = 2> <OutPorts = 1>
ST_1 : Operation 413 [1/1] (0.00ns)   --->   "%sext_ln17_55 = sext i7 %mult_82" [firmware/nnet_utils/nnet_dense_latency.h:17]   --->   Operation 413 'sext' 'sext_ln17_55' <Predicate = true> <Delay = 0.00>
ST_1 : Operation 414 [1/1] (0.00ns)   --->   "%sext_ln17_56 = sext i7 %mult_82" [firmware/nnet_utils/nnet_dense_latency.h:17]   --->   Operation 414 'sext' 'sext_ln17_56' <Predicate = true> <Delay = 0.00>
ST_1 : Operation 415 [1/1] (0.00ns)   --->   "%p_shl6 = bitconcatenate i10 @_ssdm_op_BitConcatenate.i10.i6.i4, i6 %data_15_val_read, i4 0" [firmware/nnet_utils/nnet_mult.h:73->firmware/nnet_utils/nnet_dense_latency.h:42]   --->   Operation 415 'bitconcatenate' 'p_shl6' <Predicate = true> <Delay = 0.00>
ST_1 : Operation 416 [1/1] (0.72ns)   --->   "%sub_ln73_85 = sub i10 %p_shl6, i10 %zext_ln73_268" [firmware/nnet_utils/nnet_mult.h:73->firmware/nnet_utils/nnet_dense_latency.h:42]   --->   Operation 416 'sub' 'sub_ln73_85' <Predicate = true> <Delay = 0.72> <CoreInst = "Adder">   --->   Core 1 'Adder' <Latency = 0> <II = 1> <Delay = 0.72> <FuncUnit> <Opcode : 'add' 'sub'> <InPorts = 2> <OutPorts = 1>
ST_1 : Operation 417 [1/1] (0.00ns)   --->   "%zext_ln73_62 = zext i6 %data_16_val_read" [firmware/nnet_utils/nnet_mult.h:73->firmware/nnet_utils/nnet_dense_latency.h:42]   --->   Operation 417 'zext' 'zext_ln73_62' <Predicate = true> <Delay = 0.00>
ST_1 : Operation 418 [1/1] (0.00ns)   --->   "%zext_ln73_63 = zext i6 %data_16_val_read" [firmware/nnet_utils/nnet_mult.h:73->firmware/nnet_utils/nnet_dense_latency.h:42]   --->   Operation 418 'zext' 'zext_ln73_63' <Predicate = true> <Delay = 0.00>
ST_1 : Operation 419 [1/1] (0.00ns)   --->   "%zext_ln73_64 = zext i6 %data_16_val_read" [firmware/nnet_utils/nnet_mult.h:73->firmware/nnet_utils/nnet_dense_latency.h:42]   --->   Operation 419 'zext' 'zext_ln73_64' <Predicate = true> <Delay = 0.00>
ST_1 : Operation 420 [1/1] (0.00ns)   --->   "%zext_ln73_65 = zext i6 %data_16_val_read" [firmware/nnet_utils/nnet_mult.h:73->firmware/nnet_utils/nnet_dense_latency.h:42]   --->   Operation 420 'zext' 'zext_ln73_65' <Predicate = true> <Delay = 0.00>
ST_1 : Operation 421 [1/1] (0.70ns)   --->   "%mult_83 = sub i7 0, i7 %zext_ln73_65" [firmware/nnet_utils/nnet_mult.h:73->firmware/nnet_utils/nnet_dense_latency.h:42]   --->   Operation 421 'sub' 'mult_83' <Predicate = true> <Delay = 0.70> <CoreInst = "Adder">   --->   Core 1 'Adder' <Latency = 0> <II = 1> <Delay = 0.70> <FuncUnit> <Opcode : 'add' 'sub'> <InPorts = 2> <OutPorts = 1>
ST_1 : Operation 422 [1/1] (0.00ns)   --->   "%sext_ln17_57 = sext i7 %mult_83" [firmware/nnet_utils/nnet_dense_latency.h:17]   --->   Operation 422 'sext' 'sext_ln17_57' <Predicate = true> <Delay = 0.00>
ST_1 : Operation 423 [1/1] (0.00ns)   --->   "%sext_ln17_58 = sext i7 %mult_83" [firmware/nnet_utils/nnet_dense_latency.h:17]   --->   Operation 423 'sext' 'sext_ln17_58' <Predicate = true> <Delay = 0.00>
ST_1 : Operation 424 [1/1] (0.00ns)   --->   "%p_shl7 = bitconcatenate i8 @_ssdm_op_BitConcatenate.i8.i6.i2, i6 %data_16_val_read, i2 0" [firmware/nnet_utils/nnet_mult.h:73->firmware/nnet_utils/nnet_dense_latency.h:42]   --->   Operation 424 'bitconcatenate' 'p_shl7' <Predicate = true> <Delay = 0.00>
ST_1 : Operation 425 [1/1] (0.70ns)   --->   "%sub_ln73_87 = sub i8 %p_shl7, i8 %zext_ln73_64" [firmware/nnet_utils/nnet_mult.h:73->firmware/nnet_utils/nnet_dense_latency.h:42]   --->   Operation 425 'sub' 'sub_ln73_87' <Predicate = true> <Delay = 0.70> <CoreInst = "Adder">   --->   Core 1 'Adder' <Latency = 0> <II = 1> <Delay = 0.70> <FuncUnit> <Opcode : 'add' 'sub'> <InPorts = 2> <OutPorts = 1>
ST_1 : Operation 426 [1/1] (0.00ns)   --->   "%tmp_757 = bitconcatenate i9 @_ssdm_op_BitConcatenate.i9.i6.i3, i6 %data_16_val_read, i3 0" [firmware/nnet_utils/nnet_mult.h:73->firmware/nnet_utils/nnet_dense_latency.h:42]   --->   Operation 426 'bitconcatenate' 'tmp_757' <Predicate = true> <Delay = 0.00>
ST_1 : Operation 427 [1/1] (0.00ns)   --->   "%zext_ln73_269 = zext i9 %tmp_757" [firmware/nnet_utils/nnet_mult.h:73->firmware/nnet_utils/nnet_dense_latency.h:42]   --->   Operation 427 'zext' 'zext_ln73_269' <Predicate = true> <Delay = 0.00>
ST_1 : Operation 428 [1/1] (0.71ns)   --->   "%mult_84 = sub i10 %zext_ln73_63, i10 %zext_ln73_269" [firmware/nnet_utils/nnet_mult.h:73->firmware/nnet_utils/nnet_dense_latency.h:42]   --->   Operation 428 'sub' 'mult_84' <Predicate = true> <Delay = 0.71> <CoreInst = "Adder">   --->   Core 1 'Adder' <Latency = 0> <II = 1> <Delay = 0.71> <FuncUnit> <Opcode : 'add' 'sub'> <InPorts = 2> <OutPorts = 1>
ST_1 : Operation 429 [1/1] (0.00ns)   --->   "%sext_ln17_59 = sext i10 %mult_84" [firmware/nnet_utils/nnet_dense_latency.h:17]   --->   Operation 429 'sext' 'sext_ln17_59' <Predicate = true> <Delay = 0.00>
ST_1 : Operation 430 [1/1] (0.00ns)   --->   "%mult_87 = bitconcatenate i7 @_ssdm_op_BitConcatenate.i7.i6.i1, i6 %data_16_val_read, i1 0" [firmware/nnet_utils/nnet_mult.h:73->firmware/nnet_utils/nnet_dense_latency.h:42]   --->   Operation 430 'bitconcatenate' 'mult_87' <Predicate = true> <Delay = 0.00>
ST_1 : Operation 431 [1/1] (0.00ns)   --->   "%zext_ln73_270 = zext i7 %mult_87" [firmware/nnet_utils/nnet_mult.h:73->firmware/nnet_utils/nnet_dense_latency.h:42]   --->   Operation 431 'zext' 'zext_ln73_270' <Predicate = true> <Delay = 0.00>
ST_1 : Operation 432 [1/1] (0.70ns)   --->   "%mult_85 = sub i8 0, i8 %zext_ln73_270" [firmware/nnet_utils/nnet_mult.h:73->firmware/nnet_utils/nnet_dense_latency.h:42]   --->   Operation 432 'sub' 'mult_85' <Predicate = true> <Delay = 0.70> <CoreInst = "Adder">   --->   Core 1 'Adder' <Latency = 0> <II = 1> <Delay = 0.70> <FuncUnit> <Opcode : 'add' 'sub'> <InPorts = 2> <OutPorts = 1>
ST_1 : Operation 433 [1/1] (0.00ns)   --->   "%sext_ln17_60 = sext i8 %mult_85" [firmware/nnet_utils/nnet_dense_latency.h:17]   --->   Operation 433 'sext' 'sext_ln17_60' <Predicate = true> <Delay = 0.00>
ST_1 : Operation 434 [1/1] (0.00ns)   --->   "%zext_ln73_271 = zext i8 %p_shl7" [firmware/nnet_utils/nnet_mult.h:73->firmware/nnet_utils/nnet_dense_latency.h:42]   --->   Operation 434 'zext' 'zext_ln73_271' <Predicate = true> <Delay = 0.00>
ST_1 : Operation 435 [1/1] (0.70ns)   --->   "%add_ln73_15 = add i9 %zext_ln73_271, i9 %zext_ln73_62" [firmware/nnet_utils/nnet_mult.h:73->firmware/nnet_utils/nnet_dense_latency.h:42]   --->   Operation 435 'add' 'add_ln73_15' <Predicate = true> <Delay = 0.70> <CoreInst = "Adder">   --->   Core 1 'Adder' <Latency = 0> <II = 1> <Delay = 0.70> <FuncUnit> <Opcode : 'add' 'sub'> <InPorts = 2> <OutPorts = 1>
ST_1 : Operation 436 [1/1] (0.00ns)   --->   "%zext_ln73_272 = zext i8 %p_shl7" [firmware/nnet_utils/nnet_mult.h:73->firmware/nnet_utils/nnet_dense_latency.h:42]   --->   Operation 436 'zext' 'zext_ln73_272' <Predicate = true> <Delay = 0.00>
ST_1 : Operation 437 [1/1] (0.70ns)   --->   "%sub_ln73_90 = sub i10 0, i10 %zext_ln73_272" [firmware/nnet_utils/nnet_mult.h:73->firmware/nnet_utils/nnet_dense_latency.h:42]   --->   Operation 437 'sub' 'sub_ln73_90' <Predicate = true> <Delay = 0.70> <CoreInst = "Adder">   --->   Core 1 'Adder' <Latency = 0> <II = 1> <Delay = 0.70> <FuncUnit> <Opcode : 'add' 'sub'> <InPorts = 2> <OutPorts = 1>
ST_1 : Operation 438 [1/1] (0.00ns) (grouped into TernaryAdder)   --->   "%mult_86 = sub i10 %sub_ln73_90, i10 %zext_ln73_63" [firmware/nnet_utils/nnet_mult.h:73->firmware/nnet_utils/nnet_dense_latency.h:42]   --->   Operation 438 'sub' 'mult_86' <Predicate = true> <Delay = 0.00> <CoreInst = "TAddSub">   --->   Core 10 'TAddSub' <Latency = 0> <II = 1> <Delay = 0.34> <IPBlock> <Opcode : '' 'add' 'sub'> <InPorts = 3> <OutPorts = 1> <Sync> <CReg>
ST_1 : Operation 439 [1/1] (0.00ns)   --->   "%zext_ln17_28 = zext i7 %mult_87" [firmware/nnet_utils/nnet_dense_latency.h:17]   --->   Operation 439 'zext' 'zext_ln17_28' <Predicate = true> <Delay = 0.00>
ST_1 : Operation 440 [1/1] (0.70ns)   --->   "%mult_88 = sub i9 0, i9 %zext_ln73_271" [firmware/nnet_utils/nnet_mult.h:73->firmware/nnet_utils/nnet_dense_latency.h:42]   --->   Operation 440 'sub' 'mult_88' <Predicate = true> <Delay = 0.70> <CoreInst = "Adder">   --->   Core 1 'Adder' <Latency = 0> <II = 1> <Delay = 0.70> <FuncUnit> <Opcode : 'add' 'sub'> <InPorts = 2> <OutPorts = 1>
ST_1 : Operation 441 [1/1] (0.00ns)   --->   "%sext_ln17_61 = sext i9 %mult_88" [firmware/nnet_utils/nnet_dense_latency.h:17]   --->   Operation 441 'sext' 'sext_ln17_61' <Predicate = true> <Delay = 0.00>
ST_1 : Operation 442 [1/1] (0.00ns)   --->   "%sext_ln17_62 = sext i9 %mult_88" [firmware/nnet_utils/nnet_dense_latency.h:17]   --->   Operation 442 'sext' 'sext_ln17_62' <Predicate = true> <Delay = 0.00>
ST_1 : Operation 443 [1/1] (0.00ns)   --->   "%zext_ln73_66 = zext i6 %data_17_val_read" [firmware/nnet_utils/nnet_mult.h:73->firmware/nnet_utils/nnet_dense_latency.h:42]   --->   Operation 443 'zext' 'zext_ln73_66' <Predicate = true> <Delay = 0.00>
ST_1 : Operation 444 [1/1] (0.00ns)   --->   "%zext_ln73_67 = zext i6 %data_17_val_read" [firmware/nnet_utils/nnet_mult.h:73->firmware/nnet_utils/nnet_dense_latency.h:42]   --->   Operation 444 'zext' 'zext_ln73_67' <Predicate = true> <Delay = 0.00>
ST_1 : Operation 445 [1/1] (0.00ns)   --->   "%mult_89 = bitconcatenate i7 @_ssdm_op_BitConcatenate.i7.i6.i1, i6 %data_17_val_read, i1 0" [firmware/nnet_utils/nnet_mult.h:73->firmware/nnet_utils/nnet_dense_latency.h:42]   --->   Operation 445 'bitconcatenate' 'mult_89' <Predicate = true> <Delay = 0.00>
ST_1 : Operation 446 [1/1] (0.00ns)   --->   "%zext_ln17_29 = zext i7 %mult_89" [firmware/nnet_utils/nnet_dense_latency.h:17]   --->   Operation 446 'zext' 'zext_ln17_29' <Predicate = true> <Delay = 0.00>
ST_1 : Operation 447 [1/1] (0.00ns)   --->   "%zext_ln17_30 = zext i7 %mult_89" [firmware/nnet_utils/nnet_dense_latency.h:17]   --->   Operation 447 'zext' 'zext_ln17_30' <Predicate = true> <Delay = 0.00>
ST_1 : Operation 448 [1/1] (0.00ns)   --->   "%zext_ln17_31 = zext i7 %mult_89" [firmware/nnet_utils/nnet_dense_latency.h:17]   --->   Operation 448 'zext' 'zext_ln17_31' <Predicate = true> <Delay = 0.00>
ST_1 : Operation 449 [1/1] (0.00ns)   --->   "%mult_90 = bitconcatenate i8 @_ssdm_op_BitConcatenate.i8.i6.i2, i6 %data_17_val_read, i2 0" [firmware/nnet_utils/nnet_mult.h:73->firmware/nnet_utils/nnet_dense_latency.h:42]   --->   Operation 449 'bitconcatenate' 'mult_90' <Predicate = true> <Delay = 0.00>
ST_1 : Operation 450 [1/1] (0.00ns)   --->   "%zext_ln73_273 = zext i8 %mult_90" [firmware/nnet_utils/nnet_mult.h:73->firmware/nnet_utils/nnet_dense_latency.h:42]   --->   Operation 450 'zext' 'zext_ln73_273' <Predicate = true> <Delay = 0.00>
ST_1 : Operation 451 [1/1] (0.00ns) (grouped into TernaryAdder)   --->   "%add_ln73_16 = add i9 %zext_ln73_273, i9 %zext_ln73_66" [firmware/nnet_utils/nnet_mult.h:73->firmware/nnet_utils/nnet_dense_latency.h:42]   --->   Operation 451 'add' 'add_ln73_16' <Predicate = true> <Delay = 0.00> <CoreInst = "TAddSub">   --->   Core 10 'TAddSub' <Latency = 0> <II = 1> <Delay = 0.34> <IPBlock> <Opcode : '' 'add' 'sub'> <InPorts = 3> <OutPorts = 1> <Sync> <CReg>
ST_1 : Operation 452 [1/1] (0.00ns)   --->   "%zext_ln17_32 = zext i8 %mult_90" [firmware/nnet_utils/nnet_dense_latency.h:17]   --->   Operation 452 'zext' 'zext_ln17_32' <Predicate = true> <Delay = 0.00>
ST_1 : Operation 453 [1/1] (0.70ns)   --->   "%mult_91 = sub i7 0, i7 %zext_ln73_67" [firmware/nnet_utils/nnet_mult.h:73->firmware/nnet_utils/nnet_dense_latency.h:42]   --->   Operation 453 'sub' 'mult_91' <Predicate = true> <Delay = 0.70> <CoreInst = "Adder">   --->   Core 1 'Adder' <Latency = 0> <II = 1> <Delay = 0.70> <FuncUnit> <Opcode : 'add' 'sub'> <InPorts = 2> <OutPorts = 1>
ST_1 : Operation 454 [1/1] (0.00ns)   --->   "%sext_ln17_63 = sext i7 %mult_91" [firmware/nnet_utils/nnet_dense_latency.h:17]   --->   Operation 454 'sext' 'sext_ln17_63' <Predicate = true> <Delay = 0.00>
ST_1 : Operation 455 [1/1] (0.00ns)   --->   "%zext_ln73_68 = zext i6 %data_18_val_read" [firmware/nnet_utils/nnet_mult.h:73->firmware/nnet_utils/nnet_dense_latency.h:42]   --->   Operation 455 'zext' 'zext_ln73_68' <Predicate = true> <Delay = 0.00>
ST_1 : Operation 456 [1/1] (0.00ns)   --->   "%zext_ln73_70 = zext i6 %data_18_val_read" [firmware/nnet_utils/nnet_mult.h:73->firmware/nnet_utils/nnet_dense_latency.h:42]   --->   Operation 456 'zext' 'zext_ln73_70' <Predicate = true> <Delay = 0.00>
ST_1 : Operation 457 [1/1] (0.00ns)   --->   "%zext_ln73_71 = zext i6 %data_18_val_read" [firmware/nnet_utils/nnet_mult.h:73->firmware/nnet_utils/nnet_dense_latency.h:42]   --->   Operation 457 'zext' 'zext_ln73_71' <Predicate = true> <Delay = 0.00>
ST_1 : Operation 458 [1/1] (0.00ns)   --->   "%p_shl8 = bitconcatenate i9 @_ssdm_op_BitConcatenate.i9.i6.i3, i6 %data_18_val_read, i3 0" [firmware/nnet_utils/nnet_mult.h:73->firmware/nnet_utils/nnet_dense_latency.h:42]   --->   Operation 458 'bitconcatenate' 'p_shl8' <Predicate = true> <Delay = 0.00>
ST_1 : Operation 459 [1/1] (0.71ns)   --->   "%sub_ln73_94 = sub i9 %p_shl8, i9 %zext_ln73_71" [firmware/nnet_utils/nnet_mult.h:73->firmware/nnet_utils/nnet_dense_latency.h:42]   --->   Operation 459 'sub' 'sub_ln73_94' <Predicate = true> <Delay = 0.71> <CoreInst = "Adder">   --->   Core 1 'Adder' <Latency = 0> <II = 1> <Delay = 0.71> <FuncUnit> <Opcode : 'add' 'sub'> <InPorts = 2> <OutPorts = 1>
ST_1 : Operation 460 [1/1] (0.00ns)   --->   "%tmp_760 = bitconcatenate i8 @_ssdm_op_BitConcatenate.i8.i6.i2, i6 %data_18_val_read, i2 0" [firmware/nnet_utils/nnet_mult.h:73->firmware/nnet_utils/nnet_dense_latency.h:42]   --->   Operation 460 'bitconcatenate' 'tmp_760' <Predicate = true> <Delay = 0.00>
ST_1 : Operation 461 [1/1] (0.00ns)   --->   "%zext_ln73_274 = zext i8 %tmp_760" [firmware/nnet_utils/nnet_mult.h:73->firmware/nnet_utils/nnet_dense_latency.h:42]   --->   Operation 461 'zext' 'zext_ln73_274' <Predicate = true> <Delay = 0.00>
ST_1 : Operation 462 [1/1] (0.70ns)   --->   "%mult_92 = sub i9 %zext_ln73_71, i9 %zext_ln73_274" [firmware/nnet_utils/nnet_mult.h:73->firmware/nnet_utils/nnet_dense_latency.h:42]   --->   Operation 462 'sub' 'mult_92' <Predicate = true> <Delay = 0.70> <CoreInst = "Adder">   --->   Core 1 'Adder' <Latency = 0> <II = 1> <Delay = 0.70> <FuncUnit> <Opcode : 'add' 'sub'> <InPorts = 2> <OutPorts = 1>
ST_1 : Operation 463 [1/1] (0.00ns)   --->   "%sext_ln17_64 = sext i9 %mult_92" [firmware/nnet_utils/nnet_dense_latency.h:17]   --->   Operation 463 'sext' 'sext_ln17_64' <Predicate = true> <Delay = 0.00>
ST_1 : Operation 464 [1/1] (0.00ns)   --->   "%mult_93 = bitconcatenate i7 @_ssdm_op_BitConcatenate.i7.i6.i1, i6 %data_18_val_read, i1 0" [firmware/nnet_utils/nnet_mult.h:73->firmware/nnet_utils/nnet_dense_latency.h:42]   --->   Operation 464 'bitconcatenate' 'mult_93' <Predicate = true> <Delay = 0.00>
ST_1 : Operation 465 [1/1] (0.00ns)   --->   "%zext_ln17_33 = zext i7 %mult_93" [firmware/nnet_utils/nnet_dense_latency.h:17]   --->   Operation 465 'zext' 'zext_ln17_33' <Predicate = true> <Delay = 0.00>
ST_1 : Operation 466 [1/1] (0.00ns)   --->   "%zext_ln17_34 = zext i7 %mult_93" [firmware/nnet_utils/nnet_dense_latency.h:17]   --->   Operation 466 'zext' 'zext_ln17_34' <Predicate = true> <Delay = 0.00>
ST_1 : Operation 467 [1/1] (0.00ns)   --->   "%zext_ln73_275 = zext i9 %p_shl8" [firmware/nnet_utils/nnet_mult.h:73->firmware/nnet_utils/nnet_dense_latency.h:42]   --->   Operation 467 'zext' 'zext_ln73_275' <Predicate = true> <Delay = 0.00>
ST_1 : Operation 468 [1/1] (0.71ns)   --->   "%mult_94 = sub i10 %zext_ln17_34, i10 %zext_ln73_275" [firmware/nnet_utils/nnet_mult.h:73->firmware/nnet_utils/nnet_dense_latency.h:42]   --->   Operation 468 'sub' 'mult_94' <Predicate = true> <Delay = 0.71> <CoreInst = "Adder">   --->   Core 1 'Adder' <Latency = 0> <II = 1> <Delay = 0.71> <FuncUnit> <Opcode : 'add' 'sub'> <InPorts = 2> <OutPorts = 1>
ST_1 : Operation 469 [1/1] (0.00ns)   --->   "%sext_ln17_65 = sext i10 %mult_94" [firmware/nnet_utils/nnet_dense_latency.h:17]   --->   Operation 469 'sext' 'sext_ln17_65' <Predicate = true> <Delay = 0.00>
ST_1 : Operation 470 [1/1] (0.70ns)   --->   "%sub_ln73_97 = sub i8 %tmp_760, i8 %zext_ln73_68" [firmware/nnet_utils/nnet_mult.h:73->firmware/nnet_utils/nnet_dense_latency.h:42]   --->   Operation 470 'sub' 'sub_ln73_97' <Predicate = true> <Delay = 0.70> <CoreInst = "Adder">   --->   Core 1 'Adder' <Latency = 0> <II = 1> <Delay = 0.70> <FuncUnit> <Opcode : 'add' 'sub'> <InPorts = 2> <OutPorts = 1>
ST_1 : Operation 471 [1/1] (0.00ns)   --->   "%zext_ln73_72 = zext i6 %data_19_val_read" [firmware/nnet_utils/nnet_mult.h:73->firmware/nnet_utils/nnet_dense_latency.h:42]   --->   Operation 471 'zext' 'zext_ln73_72' <Predicate = true> <Delay = 0.00>
ST_1 : Operation 472 [1/1] (0.00ns)   --->   "%tmp_761 = bitconcatenate i7 @_ssdm_op_BitConcatenate.i7.i6.i1, i6 %data_19_val_read, i1 0" [firmware/nnet_utils/nnet_mult.h:73->firmware/nnet_utils/nnet_dense_latency.h:42]   --->   Operation 472 'bitconcatenate' 'tmp_761' <Predicate = true> <Delay = 0.00>
ST_1 : Operation 473 [1/1] (0.00ns)   --->   "%zext_ln73_276 = zext i7 %tmp_761" [firmware/nnet_utils/nnet_mult.h:73->firmware/nnet_utils/nnet_dense_latency.h:42]   --->   Operation 473 'zext' 'zext_ln73_276' <Predicate = true> <Delay = 0.00>
ST_1 : Operation 474 [1/1] (0.70ns)   --->   "%mult_95 = sub i8 0, i8 %zext_ln73_276" [firmware/nnet_utils/nnet_mult.h:73->firmware/nnet_utils/nnet_dense_latency.h:42]   --->   Operation 474 'sub' 'mult_95' <Predicate = true> <Delay = 0.70> <CoreInst = "Adder">   --->   Core 1 'Adder' <Latency = 0> <II = 1> <Delay = 0.70> <FuncUnit> <Opcode : 'add' 'sub'> <InPorts = 2> <OutPorts = 1>
ST_1 : Operation 475 [1/1] (0.00ns)   --->   "%sext_ln17_66 = sext i8 %mult_95" [firmware/nnet_utils/nnet_dense_latency.h:17]   --->   Operation 475 'sext' 'sext_ln17_66' <Predicate = true> <Delay = 0.00>
ST_1 : Operation 476 [1/1] (0.00ns)   --->   "%mult_96 = bitconcatenate i8 @_ssdm_op_BitConcatenate.i8.i6.i2, i6 %data_19_val_read, i2 0" [firmware/nnet_utils/nnet_mult.h:73->firmware/nnet_utils/nnet_dense_latency.h:42]   --->   Operation 476 'bitconcatenate' 'mult_96' <Predicate = true> <Delay = 0.00>
ST_1 : Operation 477 [1/1] (0.00ns)   --->   "%zext_ln73_277 = zext i8 %mult_96" [firmware/nnet_utils/nnet_mult.h:73->firmware/nnet_utils/nnet_dense_latency.h:42]   --->   Operation 477 'zext' 'zext_ln73_277' <Predicate = true> <Delay = 0.00>
ST_1 : Operation 478 [1/1] (0.70ns)   --->   "%add_ln73_17 = add i9 %zext_ln73_277, i9 %zext_ln73_72" [firmware/nnet_utils/nnet_mult.h:73->firmware/nnet_utils/nnet_dense_latency.h:42]   --->   Operation 478 'add' 'add_ln73_17' <Predicate = true> <Delay = 0.70> <CoreInst = "Adder">   --->   Core 1 'Adder' <Latency = 0> <II = 1> <Delay = 0.70> <FuncUnit> <Opcode : 'add' 'sub'> <InPorts = 2> <OutPorts = 1>
ST_1 : Operation 479 [1/1] (0.00ns)   --->   "%zext_ln17_35 = zext i8 %mult_96" [firmware/nnet_utils/nnet_dense_latency.h:17]   --->   Operation 479 'zext' 'zext_ln17_35' <Predicate = true> <Delay = 0.00>
ST_1 : Operation 480 [1/1] (0.00ns)   --->   "%zext_ln73_75 = zext i6 %data_20_val_read" [firmware/nnet_utils/nnet_mult.h:73->firmware/nnet_utils/nnet_dense_latency.h:42]   --->   Operation 480 'zext' 'zext_ln73_75' <Predicate = true> <Delay = 0.00>
ST_1 : Operation 481 [1/1] (0.00ns)   --->   "%zext_ln73_76 = zext i6 %data_20_val_read" [firmware/nnet_utils/nnet_mult.h:73->firmware/nnet_utils/nnet_dense_latency.h:42]   --->   Operation 481 'zext' 'zext_ln73_76' <Predicate = true> <Delay = 0.00>
ST_1 : Operation 482 [1/1] (0.00ns)   --->   "%zext_ln73_78 = zext i6 %data_20_val_read" [firmware/nnet_utils/nnet_mult.h:73->firmware/nnet_utils/nnet_dense_latency.h:42]   --->   Operation 482 'zext' 'zext_ln73_78' <Predicate = true> <Delay = 0.00>
ST_1 : Operation 483 [1/1] (0.00ns)   --->   "%tmp_763 = bitconcatenate i10 @_ssdm_op_BitConcatenate.i10.i6.i4, i6 %data_20_val_read, i4 0" [firmware/nnet_utils/nnet_mult.h:73->firmware/nnet_utils/nnet_dense_latency.h:42]   --->   Operation 483 'bitconcatenate' 'tmp_763' <Predicate = true> <Delay = 0.00>
ST_1 : Operation 484 [1/1] (0.00ns)   --->   "%zext_ln73_278 = zext i10 %tmp_763" [firmware/nnet_utils/nnet_mult.h:73->firmware/nnet_utils/nnet_dense_latency.h:42]   --->   Operation 484 'zext' 'zext_ln73_278' <Predicate = true> <Delay = 0.00>
ST_1 : Operation 485 [1/1] (0.00ns)   --->   "%tmp_764 = bitconcatenate i8 @_ssdm_op_BitConcatenate.i8.i6.i2, i6 %data_20_val_read, i2 0" [firmware/nnet_utils/nnet_mult.h:73->firmware/nnet_utils/nnet_dense_latency.h:42]   --->   Operation 485 'bitconcatenate' 'tmp_764' <Predicate = true> <Delay = 0.00>
ST_1 : Operation 486 [1/1] (0.00ns)   --->   "%zext_ln73_279 = zext i8 %tmp_764" [firmware/nnet_utils/nnet_mult.h:73->firmware/nnet_utils/nnet_dense_latency.h:42]   --->   Operation 486 'zext' 'zext_ln73_279' <Predicate = true> <Delay = 0.00>
ST_1 : Operation 487 [1/1] (0.72ns)   --->   "%mult_97 = sub i11 %zext_ln73_279, i11 %zext_ln73_278" [firmware/nnet_utils/nnet_mult.h:73->firmware/nnet_utils/nnet_dense_latency.h:42]   --->   Operation 487 'sub' 'mult_97' <Predicate = true> <Delay = 0.72> <CoreInst = "Adder">   --->   Core 1 'Adder' <Latency = 0> <II = 1> <Delay = 0.72> <FuncUnit> <Opcode : 'add' 'sub'> <InPorts = 2> <OutPorts = 1>
ST_1 : Operation 488 [1/1] (0.00ns)   --->   "%sext_ln17_67 = sext i11 %mult_97" [firmware/nnet_utils/nnet_dense_latency.h:17]   --->   Operation 488 'sext' 'sext_ln17_67' <Predicate = true> <Delay = 0.00>
ST_1 : Operation 489 [1/1] (0.00ns)   --->   "%mult_99 = bitconcatenate i7 @_ssdm_op_BitConcatenate.i7.i6.i1, i6 %data_20_val_read, i1 0" [firmware/nnet_utils/nnet_mult.h:73->firmware/nnet_utils/nnet_dense_latency.h:42]   --->   Operation 489 'bitconcatenate' 'mult_99' <Predicate = true> <Delay = 0.00>
ST_1 : Operation 490 [1/1] (0.00ns)   --->   "%zext_ln73_280 = zext i7 %mult_99" [firmware/nnet_utils/nnet_mult.h:73->firmware/nnet_utils/nnet_dense_latency.h:42]   --->   Operation 490 'zext' 'zext_ln73_280' <Predicate = true> <Delay = 0.00>
ST_1 : Operation 491 [1/1] (0.70ns)   --->   "%mult_98 = sub i8 0, i8 %zext_ln73_280" [firmware/nnet_utils/nnet_mult.h:73->firmware/nnet_utils/nnet_dense_latency.h:42]   --->   Operation 491 'sub' 'mult_98' <Predicate = true> <Delay = 0.70> <CoreInst = "Adder">   --->   Core 1 'Adder' <Latency = 0> <II = 1> <Delay = 0.70> <FuncUnit> <Opcode : 'add' 'sub'> <InPorts = 2> <OutPorts = 1>
ST_1 : Operation 492 [1/1] (0.00ns)   --->   "%sext_ln17_68 = sext i8 %mult_98" [firmware/nnet_utils/nnet_dense_latency.h:17]   --->   Operation 492 'sext' 'sext_ln17_68' <Predicate = true> <Delay = 0.00>
ST_1 : Operation 493 [1/1] (0.00ns)   --->   "%sext_ln17_69 = sext i8 %mult_98" [firmware/nnet_utils/nnet_dense_latency.h:17]   --->   Operation 493 'sext' 'sext_ln17_69' <Predicate = true> <Delay = 0.00>
ST_1 : Operation 494 [1/1] (0.00ns)   --->   "%tmp_766 = bitconcatenate i9 @_ssdm_op_BitConcatenate.i9.i6.i3, i6 %data_20_val_read, i3 0" [firmware/nnet_utils/nnet_mult.h:73->firmware/nnet_utils/nnet_dense_latency.h:42]   --->   Operation 494 'bitconcatenate' 'tmp_766' <Predicate = true> <Delay = 0.00>
ST_1 : Operation 495 [1/1] (0.00ns)   --->   "%zext_ln73_281 = zext i9 %tmp_766" [firmware/nnet_utils/nnet_mult.h:73->firmware/nnet_utils/nnet_dense_latency.h:42]   --->   Operation 495 'zext' 'zext_ln73_281' <Predicate = true> <Delay = 0.00>
ST_1 : Operation 496 [1/1] (0.00ns)   --->   "%zext_ln73_282 = zext i7 %mult_99" [firmware/nnet_utils/nnet_mult.h:73->firmware/nnet_utils/nnet_dense_latency.h:42]   --->   Operation 496 'zext' 'zext_ln73_282' <Predicate = true> <Delay = 0.00>
ST_1 : Operation 497 [1/1] (0.71ns)   --->   "%add_ln73_18 = add i10 %zext_ln73_281, i10 %zext_ln73_282" [firmware/nnet_utils/nnet_mult.h:73->firmware/nnet_utils/nnet_dense_latency.h:42]   --->   Operation 497 'add' 'add_ln73_18' <Predicate = true> <Delay = 0.71> <CoreInst = "Adder">   --->   Core 1 'Adder' <Latency = 0> <II = 1> <Delay = 0.71> <FuncUnit> <Opcode : 'add' 'sub'> <InPorts = 2> <OutPorts = 1>
ST_1 : Operation 498 [1/1] (0.00ns)   --->   "%zext_ln73_283 = zext i7 %mult_99" [firmware/nnet_utils/nnet_mult.h:73->firmware/nnet_utils/nnet_dense_latency.h:42]   --->   Operation 498 'zext' 'zext_ln73_283' <Predicate = true> <Delay = 0.00>
ST_1 : Operation 499 [1/1] (0.72ns)   --->   "%mult_100 = sub i11 %zext_ln73_283, i11 %zext_ln73_278" [firmware/nnet_utils/nnet_mult.h:73->firmware/nnet_utils/nnet_dense_latency.h:42]   --->   Operation 499 'sub' 'mult_100' <Predicate = true> <Delay = 0.72> <CoreInst = "Adder">   --->   Core 1 'Adder' <Latency = 0> <II = 1> <Delay = 0.72> <FuncUnit> <Opcode : 'add' 'sub'> <InPorts = 2> <OutPorts = 1>
ST_1 : Operation 500 [1/1] (0.00ns)   --->   "%sext_ln17_70 = sext i11 %mult_100" [firmware/nnet_utils/nnet_dense_latency.h:17]   --->   Operation 500 'sext' 'sext_ln17_70' <Predicate = true> <Delay = 0.00>
ST_1 : Operation 501 [1/1] (0.00ns)   --->   "%zext_ln73_284 = zext i8 %tmp_764" [firmware/nnet_utils/nnet_mult.h:73->firmware/nnet_utils/nnet_dense_latency.h:42]   --->   Operation 501 'zext' 'zext_ln73_284' <Predicate = true> <Delay = 0.00>
ST_1 : Operation 502 [1/1] (0.70ns)   --->   "%mult_101 = sub i9 0, i9 %zext_ln73_284" [firmware/nnet_utils/nnet_mult.h:73->firmware/nnet_utils/nnet_dense_latency.h:42]   --->   Operation 502 'sub' 'mult_101' <Predicate = true> <Delay = 0.70> <CoreInst = "Adder">   --->   Core 1 'Adder' <Latency = 0> <II = 1> <Delay = 0.70> <FuncUnit> <Opcode : 'add' 'sub'> <InPorts = 2> <OutPorts = 1>
ST_1 : Operation 503 [1/1] (0.00ns)   --->   "%sext_ln17_71 = sext i9 %mult_101" [firmware/nnet_utils/nnet_dense_latency.h:17]   --->   Operation 503 'sext' 'sext_ln17_71' <Predicate = true> <Delay = 0.00>
ST_1 : Operation 504 [1/1] (0.72ns)   --->   "%sub_ln73_103 = sub i10 %tmp_763, i10 %zext_ln73_75" [firmware/nnet_utils/nnet_mult.h:73->firmware/nnet_utils/nnet_dense_latency.h:42]   --->   Operation 504 'sub' 'sub_ln73_103' <Predicate = true> <Delay = 0.72> <CoreInst = "Adder">   --->   Core 1 'Adder' <Latency = 0> <II = 1> <Delay = 0.72> <FuncUnit> <Opcode : 'add' 'sub'> <InPorts = 2> <OutPorts = 1>
ST_1 : Operation 505 [1/1] (0.00ns) (grouped into TernaryAdder)   --->   "%add_ln73_19 = add i10 %zext_ln73_281, i10 %zext_ln73_75" [firmware/nnet_utils/nnet_mult.h:73->firmware/nnet_utils/nnet_dense_latency.h:42]   --->   Operation 505 'add' 'add_ln73_19' <Predicate = true> <Delay = 0.00> <CoreInst = "TAddSub">   --->   Core 10 'TAddSub' <Latency = 0> <II = 1> <Delay = 0.34> <IPBlock> <Opcode : '' 'add' 'sub'> <InPorts = 3> <OutPorts = 1> <Sync> <CReg>
ST_1 : Operation 506 [1/1] (0.70ns)   --->   "%mult_102 = sub i7 0, i7 %zext_ln73_76" [firmware/nnet_utils/nnet_mult.h:73->firmware/nnet_utils/nnet_dense_latency.h:42]   --->   Operation 506 'sub' 'mult_102' <Predicate = true> <Delay = 0.70> <CoreInst = "Adder">   --->   Core 1 'Adder' <Latency = 0> <II = 1> <Delay = 0.70> <FuncUnit> <Opcode : 'add' 'sub'> <InPorts = 2> <OutPorts = 1>
ST_1 : Operation 507 [1/1] (0.00ns)   --->   "%sext_ln17_72 = sext i7 %mult_102" [firmware/nnet_utils/nnet_dense_latency.h:17]   --->   Operation 507 'sext' 'sext_ln17_72' <Predicate = true> <Delay = 0.00>
ST_1 : Operation 508 [1/1] (0.71ns)   --->   "%mult_103 = sub i10 %zext_ln73_282, i10 %zext_ln73_281" [firmware/nnet_utils/nnet_mult.h:73->firmware/nnet_utils/nnet_dense_latency.h:42]   --->   Operation 508 'sub' 'mult_103' <Predicate = true> <Delay = 0.71> <CoreInst = "Adder">   --->   Core 1 'Adder' <Latency = 0> <II = 1> <Delay = 0.71> <FuncUnit> <Opcode : 'add' 'sub'> <InPorts = 2> <OutPorts = 1>
ST_1 : Operation 509 [1/1] (0.00ns)   --->   "%sext_ln17_73 = sext i10 %mult_103" [firmware/nnet_utils/nnet_dense_latency.h:17]   --->   Operation 509 'sext' 'sext_ln17_73' <Predicate = true> <Delay = 0.00>
ST_1 : Operation 510 [1/1] (1.23ns)   --->   "%mul_ln73_6 = mul i10 %zext_ln73_75, i10 11" [firmware/nnet_utils/nnet_mult.h:73->firmware/nnet_utils/nnet_dense_latency.h:42]   --->   Operation 510 'mul' 'mul_ln73_6' <Predicate = true> <Delay = 1.23> <CoreInst = "Multiplier">   --->   Core 3 'Multiplier' <Latency = 0> <II = 1> <Delay = 1.23> <FuncUnit> <Opcode : 'mul'> <InPorts = 2> <OutPorts = 1>
ST_1 : Operation 511 [1/1] (0.00ns)   --->   "%zext_ln73_285 = zext i8 %tmp_764" [firmware/nnet_utils/nnet_mult.h:73->firmware/nnet_utils/nnet_dense_latency.h:42]   --->   Operation 511 'zext' 'zext_ln73_285' <Predicate = true> <Delay = 0.00>
ST_1 : Operation 512 [1/1] (0.70ns)   --->   "%sub_ln73_106 = sub i10 0, i10 %zext_ln73_285" [firmware/nnet_utils/nnet_mult.h:73->firmware/nnet_utils/nnet_dense_latency.h:42]   --->   Operation 512 'sub' 'sub_ln73_106' <Predicate = true> <Delay = 0.70> <CoreInst = "Adder">   --->   Core 1 'Adder' <Latency = 0> <II = 1> <Delay = 0.70> <FuncUnit> <Opcode : 'add' 'sub'> <InPorts = 2> <OutPorts = 1>
ST_1 : Operation 513 [1/1] (0.00ns) (grouped into TernaryAdder)   --->   "%mult_104 = sub i10 %sub_ln73_106, i10 %zext_ln73_75" [firmware/nnet_utils/nnet_mult.h:73->firmware/nnet_utils/nnet_dense_latency.h:42]   --->   Operation 513 'sub' 'mult_104' <Predicate = true> <Delay = 0.00> <CoreInst = "TAddSub">   --->   Core 10 'TAddSub' <Latency = 0> <II = 1> <Delay = 0.34> <IPBlock> <Opcode : '' 'add' 'sub'> <InPorts = 3> <OutPorts = 1> <Sync> <CReg>
ST_1 : Operation 514 [1/1] (1.23ns)   --->   "%mul_ln73_7 = mul i11 %zext_ln73_78, i11 26" [firmware/nnet_utils/nnet_mult.h:73->firmware/nnet_utils/nnet_dense_latency.h:42]   --->   Operation 514 'mul' 'mul_ln73_7' <Predicate = true> <Delay = 1.23> <CoreInst = "Multiplier">   --->   Core 3 'Multiplier' <Latency = 0> <II = 1> <Delay = 1.23> <FuncUnit> <Opcode : 'mul'> <InPorts = 2> <OutPorts = 1>
ST_1 : Operation 515 [1/1] (0.00ns)   --->   "%zext_ln73_79 = zext i6 %data_21_val_read" [firmware/nnet_utils/nnet_mult.h:73->firmware/nnet_utils/nnet_dense_latency.h:42]   --->   Operation 515 'zext' 'zext_ln73_79' <Predicate = true> <Delay = 0.00>
ST_1 : Operation 516 [1/1] (0.00ns)   --->   "%zext_ln73_80 = zext i6 %data_21_val_read" [firmware/nnet_utils/nnet_mult.h:73->firmware/nnet_utils/nnet_dense_latency.h:42]   --->   Operation 516 'zext' 'zext_ln73_80' <Predicate = true> <Delay = 0.00>
ST_1 : Operation 517 [1/1] (0.00ns)   --->   "%zext_ln73_81 = zext i6 %data_21_val_read" [firmware/nnet_utils/nnet_mult.h:73->firmware/nnet_utils/nnet_dense_latency.h:42]   --->   Operation 517 'zext' 'zext_ln73_81' <Predicate = true> <Delay = 0.00>
ST_1 : Operation 518 [1/1] (0.00ns)   --->   "%zext_ln73_82 = zext i6 %data_21_val_read" [firmware/nnet_utils/nnet_mult.h:73->firmware/nnet_utils/nnet_dense_latency.h:42]   --->   Operation 518 'zext' 'zext_ln73_82' <Predicate = true> <Delay = 0.00>
ST_1 : Operation 519 [1/1] (0.00ns)   --->   "%p_shl9 = bitconcatenate i8 @_ssdm_op_BitConcatenate.i8.i6.i2, i6 %data_21_val_read, i2 0" [firmware/nnet_utils/nnet_mult.h:73->firmware/nnet_utils/nnet_dense_latency.h:42]   --->   Operation 519 'bitconcatenate' 'p_shl9' <Predicate = true> <Delay = 0.00>
ST_1 : Operation 520 [1/1] (0.70ns)   --->   "%sub_ln73_108 = sub i8 %p_shl9, i8 %zext_ln73_82" [firmware/nnet_utils/nnet_mult.h:73->firmware/nnet_utils/nnet_dense_latency.h:42]   --->   Operation 520 'sub' 'sub_ln73_108' <Predicate = true> <Delay = 0.70> <CoreInst = "Adder">   --->   Core 1 'Adder' <Latency = 0> <II = 1> <Delay = 0.70> <FuncUnit> <Opcode : 'add' 'sub'> <InPorts = 2> <OutPorts = 1>
ST_1 : Operation 521 [1/1] (0.00ns)   --->   "%zext_ln73_286 = zext i8 %p_shl9" [firmware/nnet_utils/nnet_mult.h:73->firmware/nnet_utils/nnet_dense_latency.h:42]   --->   Operation 521 'zext' 'zext_ln73_286' <Predicate = true> <Delay = 0.00>
ST_1 : Operation 522 [1/1] (0.70ns)   --->   "%mult_105 = sub i9 %zext_ln73_81, i9 %zext_ln73_286" [firmware/nnet_utils/nnet_mult.h:73->firmware/nnet_utils/nnet_dense_latency.h:42]   --->   Operation 522 'sub' 'mult_105' <Predicate = true> <Delay = 0.70> <CoreInst = "Adder">   --->   Core 1 'Adder' <Latency = 0> <II = 1> <Delay = 0.70> <FuncUnit> <Opcode : 'add' 'sub'> <InPorts = 2> <OutPorts = 1>
ST_1 : Operation 523 [1/1] (0.00ns)   --->   "%sext_ln17_74 = sext i9 %mult_105" [firmware/nnet_utils/nnet_dense_latency.h:17]   --->   Operation 523 'sext' 'sext_ln17_74' <Predicate = true> <Delay = 0.00>
ST_1 : Operation 524 [1/1] (0.00ns)   --->   "%p_shl10 = bitconcatenate i9 @_ssdm_op_BitConcatenate.i9.i6.i3, i6 %data_21_val_read, i3 0" [firmware/nnet_utils/nnet_mult.h:73->firmware/nnet_utils/nnet_dense_latency.h:42]   --->   Operation 524 'bitconcatenate' 'p_shl10' <Predicate = true> <Delay = 0.00>
ST_1 : Operation 525 [1/1] (0.00ns)   --->   "%mult_106 = bitconcatenate i7 @_ssdm_op_BitConcatenate.i7.i6.i1, i6 %data_21_val_read, i1 0" [firmware/nnet_utils/nnet_mult.h:73->firmware/nnet_utils/nnet_dense_latency.h:42]   --->   Operation 525 'bitconcatenate' 'mult_106' <Predicate = true> <Delay = 0.00>
ST_1 : Operation 526 [1/1] (0.00ns)   --->   "%zext_ln73_287 = zext i7 %mult_106" [firmware/nnet_utils/nnet_mult.h:73->firmware/nnet_utils/nnet_dense_latency.h:42]   --->   Operation 526 'zext' 'zext_ln73_287' <Predicate = true> <Delay = 0.00>
ST_1 : Operation 527 [1/1] (0.71ns)   --->   "%sub_ln73_110 = sub i9 %p_shl10, i9 %zext_ln73_287" [firmware/nnet_utils/nnet_mult.h:73->firmware/nnet_utils/nnet_dense_latency.h:42]   --->   Operation 527 'sub' 'sub_ln73_110' <Predicate = true> <Delay = 0.71> <CoreInst = "Adder">   --->   Core 1 'Adder' <Latency = 0> <II = 1> <Delay = 0.71> <FuncUnit> <Opcode : 'add' 'sub'> <InPorts = 2> <OutPorts = 1>
ST_1 : Operation 528 [1/1] (0.71ns)   --->   "%sub_ln73_111 = sub i9 %p_shl10, i9 %zext_ln73_81" [firmware/nnet_utils/nnet_mult.h:73->firmware/nnet_utils/nnet_dense_latency.h:42]   --->   Operation 528 'sub' 'sub_ln73_111' <Predicate = true> <Delay = 0.71> <CoreInst = "Adder">   --->   Core 1 'Adder' <Latency = 0> <II = 1> <Delay = 0.71> <FuncUnit> <Opcode : 'add' 'sub'> <InPorts = 2> <OutPorts = 1>
ST_1 : Operation 529 [1/1] (0.00ns)   --->   "%zext_ln17_36 = zext i7 %mult_106" [firmware/nnet_utils/nnet_dense_latency.h:17]   --->   Operation 529 'zext' 'zext_ln17_36' <Predicate = true> <Delay = 0.00>
ST_1 : Operation 530 [1/1] (0.00ns)   --->   "%zext_ln73_288 = zext i9 %p_shl10" [firmware/nnet_utils/nnet_mult.h:73->firmware/nnet_utils/nnet_dense_latency.h:42]   --->   Operation 530 'zext' 'zext_ln73_288' <Predicate = true> <Delay = 0.00>
ST_1 : Operation 531 [1/1] (0.71ns)   --->   "%add_ln73_20 = add i10 %zext_ln73_288, i10 %zext_ln73_79" [firmware/nnet_utils/nnet_mult.h:73->firmware/nnet_utils/nnet_dense_latency.h:42]   --->   Operation 531 'add' 'add_ln73_20' <Predicate = true> <Delay = 0.71> <CoreInst = "Adder">   --->   Core 1 'Adder' <Latency = 0> <II = 1> <Delay = 0.71> <FuncUnit> <Opcode : 'add' 'sub'> <InPorts = 2> <OutPorts = 1>
ST_1 : Operation 532 [1/1] (0.00ns)   --->   "%zext_ln73_83 = zext i6 %data_22_val_read" [firmware/nnet_utils/nnet_mult.h:73->firmware/nnet_utils/nnet_dense_latency.h:42]   --->   Operation 532 'zext' 'zext_ln73_83' <Predicate = true> <Delay = 0.00>
ST_1 : Operation 533 [1/1] (0.00ns)   --->   "%zext_ln73_84 = zext i6 %data_22_val_read" [firmware/nnet_utils/nnet_mult.h:73->firmware/nnet_utils/nnet_dense_latency.h:42]   --->   Operation 533 'zext' 'zext_ln73_84' <Predicate = true> <Delay = 0.00>
ST_1 : Operation 534 [1/1] (0.00ns)   --->   "%zext_ln73_85 = zext i6 %data_22_val_read" [firmware/nnet_utils/nnet_mult.h:73->firmware/nnet_utils/nnet_dense_latency.h:42]   --->   Operation 534 'zext' 'zext_ln73_85' <Predicate = true> <Delay = 0.00>
ST_1 : Operation 535 [1/1] (0.00ns)   --->   "%zext_ln73_86 = zext i6 %data_22_val_read" [firmware/nnet_utils/nnet_mult.h:73->firmware/nnet_utils/nnet_dense_latency.h:42]   --->   Operation 535 'zext' 'zext_ln73_86' <Predicate = true> <Delay = 0.00>
ST_1 : Operation 536 [1/1] (0.00ns)   --->   "%mult_108 = bitconcatenate i8 @_ssdm_op_BitConcatenate.i8.i6.i2, i6 %data_22_val_read, i2 0" [firmware/nnet_utils/nnet_mult.h:73->firmware/nnet_utils/nnet_dense_latency.h:42]   --->   Operation 536 'bitconcatenate' 'mult_108' <Predicate = true> <Delay = 0.00>
ST_1 : Operation 537 [1/1] (0.00ns)   --->   "%zext_ln73_289 = zext i8 %mult_108" [firmware/nnet_utils/nnet_mult.h:73->firmware/nnet_utils/nnet_dense_latency.h:42]   --->   Operation 537 'zext' 'zext_ln73_289' <Predicate = true> <Delay = 0.00>
ST_1 : Operation 538 [1/1] (0.00ns) (grouped into TernaryAdder)   --->   "%sub_ln73_112 = sub i10 0, i10 %zext_ln73_289" [firmware/nnet_utils/nnet_mult.h:73->firmware/nnet_utils/nnet_dense_latency.h:42]   --->   Operation 538 'sub' 'sub_ln73_112' <Predicate = true> <Delay = 0.00> <CoreInst = "TAddSub">   --->   Core 10 'TAddSub' <Latency = 0> <II = 1> <Delay = 0.34> <IPBlock> <Opcode : '' 'add' 'sub'> <InPorts = 3> <OutPorts = 1> <Sync> <CReg>
ST_1 : Operation 539 [1/1] (0.81ns) (root node of TernaryAdder)   --->   "%mult_107 = sub i10 %sub_ln73_112, i10 %zext_ln73_86" [firmware/nnet_utils/nnet_mult.h:73->firmware/nnet_utils/nnet_dense_latency.h:42]   --->   Operation 539 'sub' 'mult_107' <Predicate = true> <Delay = 0.81> <CoreInst = "TAddSub">   --->   Core 10 'TAddSub' <Latency = 0> <II = 1> <Delay = 0.34> <IPBlock> <Opcode : '' 'add' 'sub'> <InPorts = 3> <OutPorts = 1> <Sync> <CReg>
ST_1 : Operation 540 [1/1] (0.00ns)   --->   "%sext_ln17_75 = sext i10 %mult_107" [firmware/nnet_utils/nnet_dense_latency.h:17]   --->   Operation 540 'sext' 'sext_ln17_75' <Predicate = true> <Delay = 0.00>
ST_1 : Operation 541 [1/1] (0.00ns)   --->   "%zext_ln73_290 = zext i8 %mult_108" [firmware/nnet_utils/nnet_mult.h:73->firmware/nnet_utils/nnet_dense_latency.h:42]   --->   Operation 541 'zext' 'zext_ln73_290' <Predicate = true> <Delay = 0.00>
ST_1 : Operation 542 [1/1] (0.70ns)   --->   "%mult_109 = sub i9 %zext_ln73_84, i9 %zext_ln73_290" [firmware/nnet_utils/nnet_mult.h:73->firmware/nnet_utils/nnet_dense_latency.h:42]   --->   Operation 542 'sub' 'mult_109' <Predicate = true> <Delay = 0.70> <CoreInst = "Adder">   --->   Core 1 'Adder' <Latency = 0> <II = 1> <Delay = 0.70> <FuncUnit> <Opcode : 'add' 'sub'> <InPorts = 2> <OutPorts = 1>
ST_1 : Operation 543 [1/1] (0.00ns)   --->   "%sext_ln17_76 = sext i9 %mult_109" [firmware/nnet_utils/nnet_dense_latency.h:17]   --->   Operation 543 'sext' 'sext_ln17_76' <Predicate = true> <Delay = 0.00>
ST_1 : Operation 544 [1/1] (0.00ns)   --->   "%tmp_769 = bitconcatenate i10 @_ssdm_op_BitConcatenate.i10.i6.i4, i6 %data_22_val_read, i4 0" [firmware/nnet_utils/nnet_mult.h:73->firmware/nnet_utils/nnet_dense_latency.h:42]   --->   Operation 544 'bitconcatenate' 'tmp_769' <Predicate = true> <Delay = 0.00>
ST_1 : Operation 545 [1/1] (0.00ns)   --->   "%zext_ln73_291 = zext i10 %tmp_769" [firmware/nnet_utils/nnet_mult.h:73->firmware/nnet_utils/nnet_dense_latency.h:42]   --->   Operation 545 'zext' 'zext_ln73_291' <Predicate = true> <Delay = 0.00>
ST_1 : Operation 546 [1/1] (0.72ns)   --->   "%mult_110 = sub i11 %zext_ln73_83, i11 %zext_ln73_291" [firmware/nnet_utils/nnet_mult.h:73->firmware/nnet_utils/nnet_dense_latency.h:42]   --->   Operation 546 'sub' 'mult_110' <Predicate = true> <Delay = 0.72> <CoreInst = "Adder">   --->   Core 1 'Adder' <Latency = 0> <II = 1> <Delay = 0.72> <FuncUnit> <Opcode : 'add' 'sub'> <InPorts = 2> <OutPorts = 1>
ST_1 : Operation 547 [1/1] (0.00ns)   --->   "%sext_ln17_77 = sext i11 %mult_110" [firmware/nnet_utils/nnet_dense_latency.h:17]   --->   Operation 547 'sext' 'sext_ln17_77' <Predicate = true> <Delay = 0.00>
ST_1 : Operation 548 [1/1] (0.70ns)   --->   "%sub_ln73_116 = sub i8 %mult_108, i8 %zext_ln73_85" [firmware/nnet_utils/nnet_mult.h:73->firmware/nnet_utils/nnet_dense_latency.h:42]   --->   Operation 548 'sub' 'sub_ln73_116' <Predicate = true> <Delay = 0.70> <CoreInst = "Adder">   --->   Core 1 'Adder' <Latency = 0> <II = 1> <Delay = 0.70> <FuncUnit> <Opcode : 'add' 'sub'> <InPorts = 2> <OutPorts = 1>
ST_1 : Operation 549 [1/1] (0.00ns)   --->   "%mult_111 = bitconcatenate i9 @_ssdm_op_BitConcatenate.i9.i6.i3, i6 %data_22_val_read, i3 0" [firmware/nnet_utils/nnet_mult.h:73->firmware/nnet_utils/nnet_dense_latency.h:42]   --->   Operation 549 'bitconcatenate' 'mult_111' <Predicate = true> <Delay = 0.00>
ST_1 : Operation 550 [1/1] (0.00ns)   --->   "%zext_ln17_37 = zext i9 %mult_111" [firmware/nnet_utils/nnet_dense_latency.h:17]   --->   Operation 550 'zext' 'zext_ln17_37' <Predicate = true> <Delay = 0.00>
ST_1 : Operation 551 [1/1] (0.00ns)   --->   "%zext_ln73_87 = zext i6 %data_23_val_read" [firmware/nnet_utils/nnet_mult.h:73->firmware/nnet_utils/nnet_dense_latency.h:42]   --->   Operation 551 'zext' 'zext_ln73_87' <Predicate = true> <Delay = 0.00>
ST_1 : Operation 552 [1/1] (0.00ns)   --->   "%zext_ln73_88 = zext i6 %data_23_val_read" [firmware/nnet_utils/nnet_mult.h:73->firmware/nnet_utils/nnet_dense_latency.h:42]   --->   Operation 552 'zext' 'zext_ln73_88' <Predicate = true> <Delay = 0.00>
ST_1 : Operation 553 [1/1] (0.00ns)   --->   "%zext_ln73_89 = zext i6 %data_23_val_read" [firmware/nnet_utils/nnet_mult.h:73->firmware/nnet_utils/nnet_dense_latency.h:42]   --->   Operation 553 'zext' 'zext_ln73_89' <Predicate = true> <Delay = 0.00>
ST_1 : Operation 554 [1/1] (0.00ns)   --->   "%mult_117 = bitconcatenate i8 @_ssdm_op_BitConcatenate.i8.i6.i2, i6 %data_23_val_read, i2 0" [firmware/nnet_utils/nnet_mult.h:73->firmware/nnet_utils/nnet_dense_latency.h:42]   --->   Operation 554 'bitconcatenate' 'mult_117' <Predicate = true> <Delay = 0.00>
ST_1 : Operation 555 [1/1] (0.00ns)   --->   "%zext_ln73_292 = zext i8 %mult_117" [firmware/nnet_utils/nnet_mult.h:73->firmware/nnet_utils/nnet_dense_latency.h:42]   --->   Operation 555 'zext' 'zext_ln73_292' <Predicate = true> <Delay = 0.00>
ST_1 : Operation 556 [1/1] (0.70ns)   --->   "%mult_112 = sub i9 0, i9 %zext_ln73_292" [firmware/nnet_utils/nnet_mult.h:73->firmware/nnet_utils/nnet_dense_latency.h:42]   --->   Operation 556 'sub' 'mult_112' <Predicate = true> <Delay = 0.70> <CoreInst = "Adder">   --->   Core 1 'Adder' <Latency = 0> <II = 1> <Delay = 0.70> <FuncUnit> <Opcode : 'add' 'sub'> <InPorts = 2> <OutPorts = 1>
ST_1 : Operation 557 [1/1] (0.00ns)   --->   "%sext_ln17_78 = sext i9 %mult_112" [firmware/nnet_utils/nnet_dense_latency.h:17]   --->   Operation 557 'sext' 'sext_ln17_78' <Predicate = true> <Delay = 0.00>
ST_1 : Operation 558 [1/1] (0.00ns)   --->   "%tmp_771 = bitconcatenate i9 @_ssdm_op_BitConcatenate.i9.i6.i3, i6 %data_23_val_read, i3 0" [firmware/nnet_utils/nnet_mult.h:73->firmware/nnet_utils/nnet_dense_latency.h:42]   --->   Operation 558 'bitconcatenate' 'tmp_771' <Predicate = true> <Delay = 0.00>
ST_1 : Operation 559 [1/1] (0.00ns)   --->   "%zext_ln73_293 = zext i9 %tmp_771" [firmware/nnet_utils/nnet_mult.h:73->firmware/nnet_utils/nnet_dense_latency.h:42]   --->   Operation 559 'zext' 'zext_ln73_293' <Predicate = true> <Delay = 0.00>
ST_1 : Operation 560 [1/1] (0.71ns)   --->   "%mult_113 = sub i10 %zext_ln73_88, i10 %zext_ln73_293" [firmware/nnet_utils/nnet_mult.h:73->firmware/nnet_utils/nnet_dense_latency.h:42]   --->   Operation 560 'sub' 'mult_113' <Predicate = true> <Delay = 0.71> <CoreInst = "Adder">   --->   Core 1 'Adder' <Latency = 0> <II = 1> <Delay = 0.71> <FuncUnit> <Opcode : 'add' 'sub'> <InPorts = 2> <OutPorts = 1>
ST_1 : Operation 561 [1/1] (0.00ns)   --->   "%sext_ln17_79 = sext i10 %mult_113" [firmware/nnet_utils/nnet_dense_latency.h:17]   --->   Operation 561 'sext' 'sext_ln17_79' <Predicate = true> <Delay = 0.00>
ST_1 : Operation 562 [1/1] (0.70ns)   --->   "%mult_114 = sub i9 %zext_ln73_89, i9 %zext_ln73_292" [firmware/nnet_utils/nnet_mult.h:73->firmware/nnet_utils/nnet_dense_latency.h:42]   --->   Operation 562 'sub' 'mult_114' <Predicate = true> <Delay = 0.70> <CoreInst = "Adder">   --->   Core 1 'Adder' <Latency = 0> <II = 1> <Delay = 0.70> <FuncUnit> <Opcode : 'add' 'sub'> <InPorts = 2> <OutPorts = 1>
ST_1 : Operation 563 [1/1] (0.00ns)   --->   "%sext_ln17_80 = sext i9 %mult_114" [firmware/nnet_utils/nnet_dense_latency.h:17]   --->   Operation 563 'sext' 'sext_ln17_80' <Predicate = true> <Delay = 0.00>
ST_1 : Operation 564 [1/1] (0.70ns)   --->   "%sub_ln73_120 = sub i8 %mult_117, i8 %zext_ln73_87" [firmware/nnet_utils/nnet_mult.h:73->firmware/nnet_utils/nnet_dense_latency.h:42]   --->   Operation 564 'sub' 'sub_ln73_120' <Predicate = true> <Delay = 0.70> <CoreInst = "Adder">   --->   Core 1 'Adder' <Latency = 0> <II = 1> <Delay = 0.70> <FuncUnit> <Opcode : 'add' 'sub'> <InPorts = 2> <OutPorts = 1>
ST_1 : Operation 565 [1/1] (0.00ns)   --->   "%zext_ln73_294 = zext i8 %mult_117" [firmware/nnet_utils/nnet_mult.h:73->firmware/nnet_utils/nnet_dense_latency.h:42]   --->   Operation 565 'zext' 'zext_ln73_294' <Predicate = true> <Delay = 0.00>
ST_1 : Operation 566 [1/1] (0.00ns) (grouped into TernaryAdder)   --->   "%sub_ln73_121 = sub i10 0, i10 %zext_ln73_294" [firmware/nnet_utils/nnet_mult.h:73->firmware/nnet_utils/nnet_dense_latency.h:42]   --->   Operation 566 'sub' 'sub_ln73_121' <Predicate = true> <Delay = 0.00> <CoreInst = "TAddSub">   --->   Core 10 'TAddSub' <Latency = 0> <II = 1> <Delay = 0.34> <IPBlock> <Opcode : '' 'add' 'sub'> <InPorts = 3> <OutPorts = 1> <Sync> <CReg>
ST_1 : Operation 567 [1/1] (0.81ns) (root node of TernaryAdder)   --->   "%mult_115 = sub i10 %sub_ln73_121, i10 %zext_ln73_88" [firmware/nnet_utils/nnet_mult.h:73->firmware/nnet_utils/nnet_dense_latency.h:42]   --->   Operation 567 'sub' 'mult_115' <Predicate = true> <Delay = 0.81> <CoreInst = "TAddSub">   --->   Core 10 'TAddSub' <Latency = 0> <II = 1> <Delay = 0.34> <IPBlock> <Opcode : '' 'add' 'sub'> <InPorts = 3> <OutPorts = 1> <Sync> <CReg>
ST_1 : Operation 568 [1/1] (0.00ns)   --->   "%sext_ln17_81 = sext i10 %mult_115" [firmware/nnet_utils/nnet_dense_latency.h:17]   --->   Operation 568 'sext' 'sext_ln17_81' <Predicate = true> <Delay = 0.00>
ST_1 : Operation 569 [1/1] (0.00ns)   --->   "%tmp_772 = bitconcatenate i7 @_ssdm_op_BitConcatenate.i7.i6.i1, i6 %data_23_val_read, i1 0" [firmware/nnet_utils/nnet_mult.h:73->firmware/nnet_utils/nnet_dense_latency.h:42]   --->   Operation 569 'bitconcatenate' 'tmp_772' <Predicate = true> <Delay = 0.00>
ST_1 : Operation 570 [1/1] (0.00ns)   --->   "%zext_ln73_295 = zext i7 %tmp_772" [firmware/nnet_utils/nnet_mult.h:73->firmware/nnet_utils/nnet_dense_latency.h:42]   --->   Operation 570 'zext' 'zext_ln73_295' <Predicate = true> <Delay = 0.00>
ST_1 : Operation 571 [1/1] (0.70ns)   --->   "%mult_116 = sub i8 0, i8 %zext_ln73_295" [firmware/nnet_utils/nnet_mult.h:73->firmware/nnet_utils/nnet_dense_latency.h:42]   --->   Operation 571 'sub' 'mult_116' <Predicate = true> <Delay = 0.70> <CoreInst = "Adder">   --->   Core 1 'Adder' <Latency = 0> <II = 1> <Delay = 0.70> <FuncUnit> <Opcode : 'add' 'sub'> <InPorts = 2> <OutPorts = 1>
ST_1 : Operation 572 [1/1] (0.00ns)   --->   "%sext_ln17_82 = sext i8 %mult_116" [firmware/nnet_utils/nnet_dense_latency.h:17]   --->   Operation 572 'sext' 'sext_ln17_82' <Predicate = true> <Delay = 0.00>
ST_1 : Operation 573 [1/1] (0.70ns)   --->   "%add_ln73_21 = add i9 %zext_ln73_292, i9 %zext_ln73_89" [firmware/nnet_utils/nnet_mult.h:73->firmware/nnet_utils/nnet_dense_latency.h:42]   --->   Operation 573 'add' 'add_ln73_21' <Predicate = true> <Delay = 0.70> <CoreInst = "Adder">   --->   Core 1 'Adder' <Latency = 0> <II = 1> <Delay = 0.70> <FuncUnit> <Opcode : 'add' 'sub'> <InPorts = 2> <OutPorts = 1>
ST_1 : Operation 574 [1/1] (0.00ns)   --->   "%p_shl11 = bitconcatenate i10 @_ssdm_op_BitConcatenate.i10.i6.i4, i6 %data_23_val_read, i4 0" [firmware/nnet_utils/nnet_mult.h:73->firmware/nnet_utils/nnet_dense_latency.h:42]   --->   Operation 574 'bitconcatenate' 'p_shl11' <Predicate = true> <Delay = 0.00>
ST_1 : Operation 575 [1/1] (0.72ns)   --->   "%sub_ln73_124 = sub i10 %p_shl11, i10 %zext_ln73_294" [firmware/nnet_utils/nnet_mult.h:73->firmware/nnet_utils/nnet_dense_latency.h:42]   --->   Operation 575 'sub' 'sub_ln73_124' <Predicate = true> <Delay = 0.72> <CoreInst = "Adder">   --->   Core 1 'Adder' <Latency = 0> <II = 1> <Delay = 0.72> <FuncUnit> <Opcode : 'add' 'sub'> <InPorts = 2> <OutPorts = 1>
ST_1 : Operation 576 [1/1] (0.00ns)   --->   "%zext_ln73_90 = zext i6 %data_24_val_read" [firmware/nnet_utils/nnet_mult.h:73->firmware/nnet_utils/nnet_dense_latency.h:42]   --->   Operation 576 'zext' 'zext_ln73_90' <Predicate = true> <Delay = 0.00>
ST_1 : Operation 577 [1/1] (0.00ns)   --->   "%zext_ln73_91 = zext i6 %data_24_val_read" [firmware/nnet_utils/nnet_mult.h:73->firmware/nnet_utils/nnet_dense_latency.h:42]   --->   Operation 577 'zext' 'zext_ln73_91' <Predicate = true> <Delay = 0.00>
ST_1 : Operation 578 [1/1] (0.00ns)   --->   "%zext_ln73_92 = zext i6 %data_24_val_read" [firmware/nnet_utils/nnet_mult.h:73->firmware/nnet_utils/nnet_dense_latency.h:42]   --->   Operation 578 'zext' 'zext_ln73_92' <Predicate = true> <Delay = 0.00>
ST_1 : Operation 579 [1/1] (0.00ns)   --->   "%zext_ln73_93 = zext i6 %data_24_val_read" [firmware/nnet_utils/nnet_mult.h:73->firmware/nnet_utils/nnet_dense_latency.h:42]   --->   Operation 579 'zext' 'zext_ln73_93' <Predicate = true> <Delay = 0.00>
ST_1 : Operation 580 [1/1] (0.00ns)   --->   "%mult_120 = bitconcatenate i8 @_ssdm_op_BitConcatenate.i8.i6.i2, i6 %data_24_val_read, i2 0" [firmware/nnet_utils/nnet_mult.h:73->firmware/nnet_utils/nnet_dense_latency.h:42]   --->   Operation 580 'bitconcatenate' 'mult_120' <Predicate = true> <Delay = 0.00>
ST_1 : Operation 581 [1/1] (0.00ns)   --->   "%zext_ln73_296 = zext i8 %mult_120" [firmware/nnet_utils/nnet_mult.h:73->firmware/nnet_utils/nnet_dense_latency.h:42]   --->   Operation 581 'zext' 'zext_ln73_296' <Predicate = true> <Delay = 0.00>
ST_1 : Operation 582 [1/1] (0.70ns)   --->   "%mult_118 = sub i9 0, i9 %zext_ln73_296" [firmware/nnet_utils/nnet_mult.h:73->firmware/nnet_utils/nnet_dense_latency.h:42]   --->   Operation 582 'sub' 'mult_118' <Predicate = true> <Delay = 0.70> <CoreInst = "Adder">   --->   Core 1 'Adder' <Latency = 0> <II = 1> <Delay = 0.70> <FuncUnit> <Opcode : 'add' 'sub'> <InPorts = 2> <OutPorts = 1>
ST_1 : Operation 583 [1/1] (0.00ns)   --->   "%sext_ln17_83 = sext i9 %mult_118" [firmware/nnet_utils/nnet_dense_latency.h:17]   --->   Operation 583 'sext' 'sext_ln17_83' <Predicate = true> <Delay = 0.00>
ST_1 : Operation 584 [1/1] (0.70ns)   --->   "%add_ln73_22 = add i9 %zext_ln73_296, i9 %zext_ln73_93" [firmware/nnet_utils/nnet_mult.h:73->firmware/nnet_utils/nnet_dense_latency.h:42]   --->   Operation 584 'add' 'add_ln73_22' <Predicate = true> <Delay = 0.70> <CoreInst = "Adder">   --->   Core 1 'Adder' <Latency = 0> <II = 1> <Delay = 0.70> <FuncUnit> <Opcode : 'add' 'sub'> <InPorts = 2> <OutPorts = 1>
ST_1 : Operation 585 [1/1] (0.00ns)   --->   "%p_shl12 = bitconcatenate i9 @_ssdm_op_BitConcatenate.i9.i6.i3, i6 %data_24_val_read, i3 0" [firmware/nnet_utils/nnet_mult.h:73->firmware/nnet_utils/nnet_dense_latency.h:42]   --->   Operation 585 'bitconcatenate' 'p_shl12' <Predicate = true> <Delay = 0.00>
ST_1 : Operation 586 [1/1] (0.00ns)   --->   "%tmp_774 = bitconcatenate i7 @_ssdm_op_BitConcatenate.i7.i6.i1, i6 %data_24_val_read, i1 0" [firmware/nnet_utils/nnet_mult.h:73->firmware/nnet_utils/nnet_dense_latency.h:42]   --->   Operation 586 'bitconcatenate' 'tmp_774' <Predicate = true> <Delay = 0.00>
ST_1 : Operation 587 [1/1] (0.00ns)   --->   "%zext_ln73_297 = zext i7 %tmp_774" [firmware/nnet_utils/nnet_mult.h:73->firmware/nnet_utils/nnet_dense_latency.h:42]   --->   Operation 587 'zext' 'zext_ln73_297' <Predicate = true> <Delay = 0.00>
ST_1 : Operation 588 [1/1] (0.71ns)   --->   "%sub_ln73_126 = sub i9 %p_shl12, i9 %zext_ln73_297" [firmware/nnet_utils/nnet_mult.h:73->firmware/nnet_utils/nnet_dense_latency.h:42]   --->   Operation 588 'sub' 'sub_ln73_126' <Predicate = true> <Delay = 0.71> <CoreInst = "Adder">   --->   Core 1 'Adder' <Latency = 0> <II = 1> <Delay = 0.71> <FuncUnit> <Opcode : 'add' 'sub'> <InPorts = 2> <OutPorts = 1>
ST_1 : Operation 589 [1/1] (0.00ns)   --->   "%zext_ln73_298 = zext i8 %mult_120" [firmware/nnet_utils/nnet_mult.h:73->firmware/nnet_utils/nnet_dense_latency.h:42]   --->   Operation 589 'zext' 'zext_ln73_298' <Predicate = true> <Delay = 0.00>
ST_1 : Operation 590 [1/1] (0.00ns) (grouped into TernaryAdder)   --->   "%sub_ln73_127 = sub i10 0, i10 %zext_ln73_298" [firmware/nnet_utils/nnet_mult.h:73->firmware/nnet_utils/nnet_dense_latency.h:42]   --->   Operation 590 'sub' 'sub_ln73_127' <Predicate = true> <Delay = 0.00> <CoreInst = "TAddSub">   --->   Core 10 'TAddSub' <Latency = 0> <II = 1> <Delay = 0.34> <IPBlock> <Opcode : '' 'add' 'sub'> <InPorts = 3> <OutPorts = 1> <Sync> <CReg>
ST_1 : Operation 591 [1/1] (0.81ns) (root node of TernaryAdder)   --->   "%mult_119 = sub i10 %sub_ln73_127, i10 %zext_ln73_92" [firmware/nnet_utils/nnet_mult.h:73->firmware/nnet_utils/nnet_dense_latency.h:42]   --->   Operation 591 'sub' 'mult_119' <Predicate = true> <Delay = 0.81> <CoreInst = "TAddSub">   --->   Core 10 'TAddSub' <Latency = 0> <II = 1> <Delay = 0.34> <IPBlock> <Opcode : '' 'add' 'sub'> <InPorts = 3> <OutPorts = 1> <Sync> <CReg>
ST_1 : Operation 592 [1/1] (0.00ns)   --->   "%sext_ln17_84 = sext i10 %mult_119" [firmware/nnet_utils/nnet_dense_latency.h:17]   --->   Operation 592 'sext' 'sext_ln17_84' <Predicate = true> <Delay = 0.00>
ST_1 : Operation 593 [1/1] (0.00ns)   --->   "%zext_ln73_299 = zext i9 %p_shl12" [firmware/nnet_utils/nnet_mult.h:73->firmware/nnet_utils/nnet_dense_latency.h:42]   --->   Operation 593 'zext' 'zext_ln73_299' <Predicate = true> <Delay = 0.00>
ST_1 : Operation 594 [1/1] (0.00ns)   --->   "%zext_ln73_300 = zext i7 %tmp_774" [firmware/nnet_utils/nnet_mult.h:73->firmware/nnet_utils/nnet_dense_latency.h:42]   --->   Operation 594 'zext' 'zext_ln73_300' <Predicate = true> <Delay = 0.00>
ST_1 : Operation 595 [1/1] (0.71ns)   --->   "%add_ln73_23 = add i10 %zext_ln73_299, i10 %zext_ln73_300" [firmware/nnet_utils/nnet_mult.h:73->firmware/nnet_utils/nnet_dense_latency.h:42]   --->   Operation 595 'add' 'add_ln73_23' <Predicate = true> <Delay = 0.71> <CoreInst = "Adder">   --->   Core 1 'Adder' <Latency = 0> <II = 1> <Delay = 0.71> <FuncUnit> <Opcode : 'add' 'sub'> <InPorts = 2> <OutPorts = 1>
ST_1 : Operation 596 [1/1] (0.70ns)   --->   "%mult_121 = sub i7 0, i7 %zext_ln73_90" [firmware/nnet_utils/nnet_mult.h:73->firmware/nnet_utils/nnet_dense_latency.h:42]   --->   Operation 596 'sub' 'mult_121' <Predicate = true> <Delay = 0.70> <CoreInst = "Adder">   --->   Core 1 'Adder' <Latency = 0> <II = 1> <Delay = 0.70> <FuncUnit> <Opcode : 'add' 'sub'> <InPorts = 2> <OutPorts = 1>
ST_1 : Operation 597 [1/1] (0.00ns)   --->   "%sext_ln17_85 = sext i7 %mult_121" [firmware/nnet_utils/nnet_dense_latency.h:17]   --->   Operation 597 'sext' 'sext_ln17_85' <Predicate = true> <Delay = 0.00>
ST_1 : Operation 598 [1/1] (0.00ns)   --->   "%zext_ln73_94 = zext i6 %data_25_val_read" [firmware/nnet_utils/nnet_mult.h:73->firmware/nnet_utils/nnet_dense_latency.h:42]   --->   Operation 598 'zext' 'zext_ln73_94' <Predicate = true> <Delay = 0.00>
ST_1 : Operation 599 [1/1] (0.00ns)   --->   "%zext_ln73_95 = zext i6 %data_25_val_read" [firmware/nnet_utils/nnet_mult.h:73->firmware/nnet_utils/nnet_dense_latency.h:42]   --->   Operation 599 'zext' 'zext_ln73_95' <Predicate = true> <Delay = 0.00>
ST_1 : Operation 600 [1/1] (0.00ns)   --->   "%tmp_775 = bitconcatenate i10 @_ssdm_op_BitConcatenate.i10.i6.i4, i6 %data_25_val_read, i4 0" [firmware/nnet_utils/nnet_mult.h:73->firmware/nnet_utils/nnet_dense_latency.h:42]   --->   Operation 600 'bitconcatenate' 'tmp_775' <Predicate = true> <Delay = 0.00>
ST_1 : Operation 601 [1/1] (0.00ns)   --->   "%zext_ln73_301 = zext i10 %tmp_775" [firmware/nnet_utils/nnet_mult.h:73->firmware/nnet_utils/nnet_dense_latency.h:42]   --->   Operation 601 'zext' 'zext_ln73_301' <Predicate = true> <Delay = 0.00>
ST_1 : Operation 602 [1/1] (0.00ns)   --->   "%mult_126 = bitconcatenate i7 @_ssdm_op_BitConcatenate.i7.i6.i1, i6 %data_25_val_read, i1 0" [firmware/nnet_utils/nnet_mult.h:73->firmware/nnet_utils/nnet_dense_latency.h:42]   --->   Operation 602 'bitconcatenate' 'mult_126' <Predicate = true> <Delay = 0.00>
ST_1 : Operation 603 [1/1] (0.00ns)   --->   "%zext_ln73_302 = zext i7 %mult_126" [firmware/nnet_utils/nnet_mult.h:73->firmware/nnet_utils/nnet_dense_latency.h:42]   --->   Operation 603 'zext' 'zext_ln73_302' <Predicate = true> <Delay = 0.00>
ST_1 : Operation 604 [1/1] (0.72ns)   --->   "%mult_122 = sub i11 %zext_ln73_302, i11 %zext_ln73_301" [firmware/nnet_utils/nnet_mult.h:73->firmware/nnet_utils/nnet_dense_latency.h:42]   --->   Operation 604 'sub' 'mult_122' <Predicate = true> <Delay = 0.72> <CoreInst = "Adder">   --->   Core 1 'Adder' <Latency = 0> <II = 1> <Delay = 0.72> <FuncUnit> <Opcode : 'add' 'sub'> <InPorts = 2> <OutPorts = 1>
ST_1 : Operation 605 [1/1] (0.00ns)   --->   "%sext_ln17_86 = sext i11 %mult_122" [firmware/nnet_utils/nnet_dense_latency.h:17]   --->   Operation 605 'sext' 'sext_ln17_86' <Predicate = true> <Delay = 0.00>
ST_1 : Operation 606 [1/1] (0.00ns)   --->   "%zext_ln73_303 = zext i7 %mult_126" [firmware/nnet_utils/nnet_mult.h:73->firmware/nnet_utils/nnet_dense_latency.h:42]   --->   Operation 606 'zext' 'zext_ln73_303' <Predicate = true> <Delay = 0.00>
ST_1 : Operation 607 [1/1] (0.70ns)   --->   "%mult_123 = sub i8 0, i8 %zext_ln73_303" [firmware/nnet_utils/nnet_mult.h:73->firmware/nnet_utils/nnet_dense_latency.h:42]   --->   Operation 607 'sub' 'mult_123' <Predicate = true> <Delay = 0.70> <CoreInst = "Adder">   --->   Core 1 'Adder' <Latency = 0> <II = 1> <Delay = 0.70> <FuncUnit> <Opcode : 'add' 'sub'> <InPorts = 2> <OutPorts = 1>
ST_1 : Operation 608 [1/1] (0.00ns)   --->   "%sext_ln17_87 = sext i8 %mult_123" [firmware/nnet_utils/nnet_dense_latency.h:17]   --->   Operation 608 'sext' 'sext_ln17_87' <Predicate = true> <Delay = 0.00>
ST_1 : Operation 609 [1/1] (0.00ns)   --->   "%tmp_777 = bitconcatenate i9 @_ssdm_op_BitConcatenate.i9.i6.i3, i6 %data_25_val_read, i3 0" [firmware/nnet_utils/nnet_mult.h:73->firmware/nnet_utils/nnet_dense_latency.h:42]   --->   Operation 609 'bitconcatenate' 'tmp_777' <Predicate = true> <Delay = 0.00>
ST_1 : Operation 610 [1/1] (0.00ns)   --->   "%zext_ln73_304 = zext i9 %tmp_777" [firmware/nnet_utils/nnet_mult.h:73->firmware/nnet_utils/nnet_dense_latency.h:42]   --->   Operation 610 'zext' 'zext_ln73_304' <Predicate = true> <Delay = 0.00>
ST_1 : Operation 611 [1/1] (0.00ns)   --->   "%zext_ln73_305 = zext i7 %mult_126" [firmware/nnet_utils/nnet_mult.h:73->firmware/nnet_utils/nnet_dense_latency.h:42]   --->   Operation 611 'zext' 'zext_ln73_305' <Predicate = true> <Delay = 0.00>
ST_1 : Operation 612 [1/1] (0.00ns) (grouped into TernaryAdder)   --->   "%mult_124 = sub i10 %zext_ln73_305, i10 %zext_ln73_304" [firmware/nnet_utils/nnet_mult.h:73->firmware/nnet_utils/nnet_dense_latency.h:42]   --->   Operation 612 'sub' 'mult_124' <Predicate = true> <Delay = 0.00> <CoreInst = "TAddSub">   --->   Core 10 'TAddSub' <Latency = 0> <II = 1> <Delay = 0.34> <IPBlock> <Opcode : '' 'add' 'sub'> <InPorts = 3> <OutPorts = 1> <Sync> <CReg>
ST_1 : Operation 613 [1/1] (0.00ns) (grouped into TernaryAdder)   --->   "%mult_125 = sub i10 %zext_ln73_95, i10 %zext_ln73_304" [firmware/nnet_utils/nnet_mult.h:73->firmware/nnet_utils/nnet_dense_latency.h:42]   --->   Operation 613 'sub' 'mult_125' <Predicate = true> <Delay = 0.00> <CoreInst = "TAddSub">   --->   Core 10 'TAddSub' <Latency = 0> <II = 1> <Delay = 0.34> <IPBlock> <Opcode : '' 'add' 'sub'> <InPorts = 3> <OutPorts = 1> <Sync> <CReg>
ST_1 : Operation 614 [1/1] (0.00ns)   --->   "%zext_ln17_38 = zext i7 %mult_126" [firmware/nnet_utils/nnet_dense_latency.h:17]   --->   Operation 614 'zext' 'zext_ln17_38' <Predicate = true> <Delay = 0.00>
ST_1 : Operation 615 [1/1] (0.70ns)   --->   "%mult_127 = sub i7 0, i7 %zext_ln73_94" [firmware/nnet_utils/nnet_mult.h:73->firmware/nnet_utils/nnet_dense_latency.h:42]   --->   Operation 615 'sub' 'mult_127' <Predicate = true> <Delay = 0.70> <CoreInst = "Adder">   --->   Core 1 'Adder' <Latency = 0> <II = 1> <Delay = 0.70> <FuncUnit> <Opcode : 'add' 'sub'> <InPorts = 2> <OutPorts = 1>
ST_1 : Operation 616 [1/1] (0.00ns)   --->   "%sext_ln17_88 = sext i7 %mult_127" [firmware/nnet_utils/nnet_dense_latency.h:17]   --->   Operation 616 'sext' 'sext_ln17_88' <Predicate = true> <Delay = 0.00>
ST_1 : Operation 617 [1/1] (0.00ns)   --->   "%zext_ln73_98 = zext i6 %data_26_val_read" [firmware/nnet_utils/nnet_mult.h:73->firmware/nnet_utils/nnet_dense_latency.h:42]   --->   Operation 617 'zext' 'zext_ln73_98' <Predicate = true> <Delay = 0.00>
ST_1 : Operation 618 [1/1] (0.00ns)   --->   "%zext_ln73_99 = zext i6 %data_26_val_read" [firmware/nnet_utils/nnet_mult.h:73->firmware/nnet_utils/nnet_dense_latency.h:42]   --->   Operation 618 'zext' 'zext_ln73_99' <Predicate = true> <Delay = 0.00>
ST_1 : Operation 619 [1/1] (0.00ns)   --->   "%mult_131 = bitconcatenate i7 @_ssdm_op_BitConcatenate.i7.i6.i1, i6 %data_26_val_read, i1 0" [firmware/nnet_utils/nnet_mult.h:73->firmware/nnet_utils/nnet_dense_latency.h:42]   --->   Operation 619 'bitconcatenate' 'mult_131' <Predicate = true> <Delay = 0.00>
ST_1 : Operation 620 [1/1] (0.00ns)   --->   "%zext_ln73_306 = zext i7 %mult_131" [firmware/nnet_utils/nnet_mult.h:73->firmware/nnet_utils/nnet_dense_latency.h:42]   --->   Operation 620 'zext' 'zext_ln73_306' <Predicate = true> <Delay = 0.00>
ST_1 : Operation 621 [1/1] (0.70ns)   --->   "%mult_128 = sub i8 0, i8 %zext_ln73_306" [firmware/nnet_utils/nnet_mult.h:73->firmware/nnet_utils/nnet_dense_latency.h:42]   --->   Operation 621 'sub' 'mult_128' <Predicate = true> <Delay = 0.70> <CoreInst = "Adder">   --->   Core 1 'Adder' <Latency = 0> <II = 1> <Delay = 0.70> <FuncUnit> <Opcode : 'add' 'sub'> <InPorts = 2> <OutPorts = 1>
ST_1 : Operation 622 [1/1] (0.00ns)   --->   "%sext_ln17_89 = sext i8 %mult_128" [firmware/nnet_utils/nnet_dense_latency.h:17]   --->   Operation 622 'sext' 'sext_ln17_89' <Predicate = true> <Delay = 0.00>
ST_1 : Operation 623 [1/1] (0.00ns)   --->   "%sext_ln17_90 = sext i8 %mult_128" [firmware/nnet_utils/nnet_dense_latency.h:17]   --->   Operation 623 'sext' 'sext_ln17_90' <Predicate = true> <Delay = 0.00>
ST_1 : Operation 624 [1/1] (0.00ns)   --->   "%mult_130 = bitconcatenate i8 @_ssdm_op_BitConcatenate.i8.i6.i2, i6 %data_26_val_read, i2 0" [firmware/nnet_utils/nnet_mult.h:73->firmware/nnet_utils/nnet_dense_latency.h:42]   --->   Operation 624 'bitconcatenate' 'mult_130' <Predicate = true> <Delay = 0.00>
ST_1 : Operation 625 [1/1] (0.00ns)   --->   "%zext_ln73_307 = zext i8 %mult_130" [firmware/nnet_utils/nnet_mult.h:73->firmware/nnet_utils/nnet_dense_latency.h:42]   --->   Operation 625 'zext' 'zext_ln73_307' <Predicate = true> <Delay = 0.00>
ST_1 : Operation 626 [1/1] (0.70ns)   --->   "%mult_129 = sub i9 %zext_ln73_99, i9 %zext_ln73_307" [firmware/nnet_utils/nnet_mult.h:73->firmware/nnet_utils/nnet_dense_latency.h:42]   --->   Operation 626 'sub' 'mult_129' <Predicate = true> <Delay = 0.70> <CoreInst = "Adder">   --->   Core 1 'Adder' <Latency = 0> <II = 1> <Delay = 0.70> <FuncUnit> <Opcode : 'add' 'sub'> <InPorts = 2> <OutPorts = 1>
ST_1 : Operation 627 [1/1] (0.00ns)   --->   "%sext_ln17_91 = sext i9 %mult_129" [firmware/nnet_utils/nnet_dense_latency.h:17]   --->   Operation 627 'sext' 'sext_ln17_91' <Predicate = true> <Delay = 0.00>
ST_1 : Operation 628 [1/1] (0.00ns)   --->   "%p_shl13 = bitconcatenate i9 @_ssdm_op_BitConcatenate.i9.i6.i3, i6 %data_26_val_read, i3 0" [firmware/nnet_utils/nnet_mult.h:73->firmware/nnet_utils/nnet_dense_latency.h:42]   --->   Operation 628 'bitconcatenate' 'p_shl13' <Predicate = true> <Delay = 0.00>
ST_1 : Operation 629 [1/1] (0.00ns)   --->   "%zext_ln73_308 = zext i7 %mult_131" [firmware/nnet_utils/nnet_mult.h:73->firmware/nnet_utils/nnet_dense_latency.h:42]   --->   Operation 629 'zext' 'zext_ln73_308' <Predicate = true> <Delay = 0.00>
ST_1 : Operation 630 [1/1] (0.71ns)   --->   "%sub_ln73_137 = sub i9 %p_shl13, i9 %zext_ln73_308" [firmware/nnet_utils/nnet_mult.h:73->firmware/nnet_utils/nnet_dense_latency.h:42]   --->   Operation 630 'sub' 'sub_ln73_137' <Predicate = true> <Delay = 0.71> <CoreInst = "Adder">   --->   Core 1 'Adder' <Latency = 0> <II = 1> <Delay = 0.71> <FuncUnit> <Opcode : 'add' 'sub'> <InPorts = 2> <OutPorts = 1>
ST_1 : Operation 631 [1/1] (0.00ns)   --->   "%zext_ln17_39 = zext i7 %mult_131" [firmware/nnet_utils/nnet_dense_latency.h:17]   --->   Operation 631 'zext' 'zext_ln17_39' <Predicate = true> <Delay = 0.00>
ST_1 : Operation 632 [1/1] (0.00ns)   --->   "%zext_ln73_101 = zext i6 %data_27_val_read" [firmware/nnet_utils/nnet_mult.h:73->firmware/nnet_utils/nnet_dense_latency.h:42]   --->   Operation 632 'zext' 'zext_ln73_101' <Predicate = true> <Delay = 0.00>
ST_1 : Operation 633 [1/1] (0.00ns)   --->   "%zext_ln73_102 = zext i6 %data_27_val_read" [firmware/nnet_utils/nnet_mult.h:73->firmware/nnet_utils/nnet_dense_latency.h:42]   --->   Operation 633 'zext' 'zext_ln73_102' <Predicate = true> <Delay = 0.00>
ST_1 : Operation 634 [1/1] (0.00ns)   --->   "%zext_ln73_103 = zext i6 %data_27_val_read" [firmware/nnet_utils/nnet_mult.h:73->firmware/nnet_utils/nnet_dense_latency.h:42]   --->   Operation 634 'zext' 'zext_ln73_103' <Predicate = true> <Delay = 0.00>
ST_1 : Operation 635 [1/1] (0.00ns)   --->   "%zext_ln73_104 = zext i6 %data_27_val_read" [firmware/nnet_utils/nnet_mult.h:73->firmware/nnet_utils/nnet_dense_latency.h:42]   --->   Operation 635 'zext' 'zext_ln73_104' <Predicate = true> <Delay = 0.00>
ST_1 : Operation 636 [1/1] (0.00ns)   --->   "%zext_ln73_105 = zext i6 %data_27_val_read" [firmware/nnet_utils/nnet_mult.h:73->firmware/nnet_utils/nnet_dense_latency.h:42]   --->   Operation 636 'zext' 'zext_ln73_105' <Predicate = true> <Delay = 0.00>
ST_1 : Operation 637 [1/1] (0.00ns)   --->   "%mult_132 = bitconcatenate i8 @_ssdm_op_BitConcatenate.i8.i6.i2, i6 %data_27_val_read, i2 0" [firmware/nnet_utils/nnet_mult.h:73->firmware/nnet_utils/nnet_dense_latency.h:42]   --->   Operation 637 'bitconcatenate' 'mult_132' <Predicate = true> <Delay = 0.00>
ST_1 : Operation 638 [1/1] (0.00ns)   --->   "%zext_ln17_40 = zext i8 %mult_132" [firmware/nnet_utils/nnet_dense_latency.h:17]   --->   Operation 638 'zext' 'zext_ln17_40' <Predicate = true> <Delay = 0.00>
ST_1 : Operation 639 [1/1] (0.00ns)   --->   "%tmp_780 = bitconcatenate i10 @_ssdm_op_BitConcatenate.i10.i6.i4, i6 %data_27_val_read, i4 0" [firmware/nnet_utils/nnet_mult.h:73->firmware/nnet_utils/nnet_dense_latency.h:42]   --->   Operation 639 'bitconcatenate' 'tmp_780' <Predicate = true> <Delay = 0.00>
ST_1 : Operation 640 [1/1] (0.00ns)   --->   "%zext_ln73_309 = zext i10 %tmp_780" [firmware/nnet_utils/nnet_mult.h:73->firmware/nnet_utils/nnet_dense_latency.h:42]   --->   Operation 640 'zext' 'zext_ln73_309' <Predicate = true> <Delay = 0.00>
ST_1 : Operation 641 [1/1] (0.72ns)   --->   "%mult_133 = sub i11 %zext_ln73_104, i11 %zext_ln73_309" [firmware/nnet_utils/nnet_mult.h:73->firmware/nnet_utils/nnet_dense_latency.h:42]   --->   Operation 641 'sub' 'mult_133' <Predicate = true> <Delay = 0.72> <CoreInst = "Adder">   --->   Core 1 'Adder' <Latency = 0> <II = 1> <Delay = 0.72> <FuncUnit> <Opcode : 'add' 'sub'> <InPorts = 2> <OutPorts = 1>
ST_1 : Operation 642 [1/1] (0.00ns)   --->   "%sext_ln17_92 = sext i11 %mult_133" [firmware/nnet_utils/nnet_dense_latency.h:17]   --->   Operation 642 'sext' 'sext_ln17_92' <Predicate = true> <Delay = 0.00>
ST_1 : Operation 643 [1/1] (0.00ns)   --->   "%zext_ln73_310 = zext i8 %mult_132" [firmware/nnet_utils/nnet_mult.h:73->firmware/nnet_utils/nnet_dense_latency.h:42]   --->   Operation 643 'zext' 'zext_ln73_310' <Predicate = true> <Delay = 0.00>
ST_1 : Operation 644 [1/1] (0.70ns)   --->   "%mult_134 = sub i9 %zext_ln73_103, i9 %zext_ln73_310" [firmware/nnet_utils/nnet_mult.h:73->firmware/nnet_utils/nnet_dense_latency.h:42]   --->   Operation 644 'sub' 'mult_134' <Predicate = true> <Delay = 0.70> <CoreInst = "Adder">   --->   Core 1 'Adder' <Latency = 0> <II = 1> <Delay = 0.70> <FuncUnit> <Opcode : 'add' 'sub'> <InPorts = 2> <OutPorts = 1>
ST_1 : Operation 645 [1/1] (0.00ns)   --->   "%sext_ln17_93 = sext i9 %mult_134" [firmware/nnet_utils/nnet_dense_latency.h:17]   --->   Operation 645 'sext' 'sext_ln17_93' <Predicate = true> <Delay = 0.00>
ST_1 : Operation 646 [1/1] (0.00ns)   --->   "%p_shl14 = bitconcatenate i9 @_ssdm_op_BitConcatenate.i9.i6.i3, i6 %data_27_val_read, i3 0" [firmware/nnet_utils/nnet_mult.h:73->firmware/nnet_utils/nnet_dense_latency.h:42]   --->   Operation 646 'bitconcatenate' 'p_shl14' <Predicate = true> <Delay = 0.00>
ST_1 : Operation 647 [1/1] (0.00ns)   --->   "%mult_137 = bitconcatenate i7 @_ssdm_op_BitConcatenate.i7.i6.i1, i6 %data_27_val_read, i1 0" [firmware/nnet_utils/nnet_mult.h:73->firmware/nnet_utils/nnet_dense_latency.h:42]   --->   Operation 647 'bitconcatenate' 'mult_137' <Predicate = true> <Delay = 0.00>
ST_1 : Operation 648 [1/1] (0.00ns)   --->   "%zext_ln73_311 = zext i7 %mult_137" [firmware/nnet_utils/nnet_mult.h:73->firmware/nnet_utils/nnet_dense_latency.h:42]   --->   Operation 648 'zext' 'zext_ln73_311' <Predicate = true> <Delay = 0.00>
ST_1 : Operation 649 [1/1] (0.71ns)   --->   "%sub_ln73_140 = sub i9 %p_shl14, i9 %zext_ln73_311" [firmware/nnet_utils/nnet_mult.h:73->firmware/nnet_utils/nnet_dense_latency.h:42]   --->   Operation 649 'sub' 'sub_ln73_140' <Predicate = true> <Delay = 0.71> <CoreInst = "Adder">   --->   Core 1 'Adder' <Latency = 0> <II = 1> <Delay = 0.71> <FuncUnit> <Opcode : 'add' 'sub'> <InPorts = 2> <OutPorts = 1>
ST_1 : Operation 650 [1/1] (1.23ns)   --->   "%mul_ln73_8 = mul i10 %zext_ln73_102, i10 11" [firmware/nnet_utils/nnet_mult.h:73->firmware/nnet_utils/nnet_dense_latency.h:42]   --->   Operation 650 'mul' 'mul_ln73_8' <Predicate = true> <Delay = 1.23> <CoreInst = "Multiplier">   --->   Core 3 'Multiplier' <Latency = 0> <II = 1> <Delay = 1.23> <FuncUnit> <Opcode : 'mul'> <InPorts = 2> <OutPorts = 1>
ST_1 : Operation 651 [1/1] (0.00ns)   --->   "%zext_ln73_312 = zext i9 %p_shl14" [firmware/nnet_utils/nnet_mult.h:73->firmware/nnet_utils/nnet_dense_latency.h:42]   --->   Operation 651 'zext' 'zext_ln73_312' <Predicate = true> <Delay = 0.00>
ST_1 : Operation 652 [1/1] (0.71ns)   --->   "%sub_ln73_141 = sub i11 0, i11 %zext_ln73_312" [firmware/nnet_utils/nnet_mult.h:73->firmware/nnet_utils/nnet_dense_latency.h:42]   --->   Operation 652 'sub' 'sub_ln73_141' <Predicate = true> <Delay = 0.71> <CoreInst = "Adder">   --->   Core 1 'Adder' <Latency = 0> <II = 1> <Delay = 0.71> <FuncUnit> <Opcode : 'add' 'sub'> <InPorts = 2> <OutPorts = 1>
ST_1 : Operation 653 [1/1] (0.00ns) (grouped into TernaryAdder)   --->   "%mult_135 = sub i11 %sub_ln73_141, i11 %zext_ln73_104" [firmware/nnet_utils/nnet_mult.h:73->firmware/nnet_utils/nnet_dense_latency.h:42]   --->   Operation 653 'sub' 'mult_135' <Predicate = true> <Delay = 0.00> <CoreInst = "TAddSub">   --->   Core 10 'TAddSub' <Latency = 0> <II = 1> <Delay = 0.34> <IPBlock> <Opcode : '' 'add' 'sub'> <InPorts = 3> <OutPorts = 1> <Sync> <CReg>
ST_1 : Operation 654 [1/1] (0.71ns)   --->   "%sub_ln73_143 = sub i9 %p_shl14, i9 %zext_ln73_103" [firmware/nnet_utils/nnet_mult.h:73->firmware/nnet_utils/nnet_dense_latency.h:42]   --->   Operation 654 'sub' 'sub_ln73_143' <Predicate = true> <Delay = 0.71> <CoreInst = "Adder">   --->   Core 1 'Adder' <Latency = 0> <II = 1> <Delay = 0.71> <FuncUnit> <Opcode : 'add' 'sub'> <InPorts = 2> <OutPorts = 1>
ST_1 : Operation 655 [1/1] (0.70ns)   --->   "%mult_136 = sub i7 0, i7 %zext_ln73_101" [firmware/nnet_utils/nnet_mult.h:73->firmware/nnet_utils/nnet_dense_latency.h:42]   --->   Operation 655 'sub' 'mult_136' <Predicate = true> <Delay = 0.70> <CoreInst = "Adder">   --->   Core 1 'Adder' <Latency = 0> <II = 1> <Delay = 0.70> <FuncUnit> <Opcode : 'add' 'sub'> <InPorts = 2> <OutPorts = 1>
ST_1 : Operation 656 [1/1] (0.00ns)   --->   "%sext_ln17_94 = sext i7 %mult_136" [firmware/nnet_utils/nnet_dense_latency.h:17]   --->   Operation 656 'sext' 'sext_ln17_94' <Predicate = true> <Delay = 0.00>
ST_1 : Operation 657 [1/1] (0.00ns)   --->   "%sext_ln17_95 = sext i7 %mult_136" [firmware/nnet_utils/nnet_dense_latency.h:17]   --->   Operation 657 'sext' 'sext_ln17_95' <Predicate = true> <Delay = 0.00>
ST_1 : Operation 658 [1/1] (0.00ns)   --->   "%zext_ln17_41 = zext i7 %mult_137" [firmware/nnet_utils/nnet_dense_latency.h:17]   --->   Operation 658 'zext' 'zext_ln17_41' <Predicate = true> <Delay = 0.00>
ST_1 : Operation 659 [1/1] (0.00ns)   --->   "%zext_ln73_313 = zext i9 %p_shl14" [firmware/nnet_utils/nnet_mult.h:73->firmware/nnet_utils/nnet_dense_latency.h:42]   --->   Operation 659 'zext' 'zext_ln73_313' <Predicate = true> <Delay = 0.00>
ST_1 : Operation 660 [1/1] (0.71ns)   --->   "%add_ln73_24 = add i10 %zext_ln73_313, i10 %zext_ln73_102" [firmware/nnet_utils/nnet_mult.h:73->firmware/nnet_utils/nnet_dense_latency.h:42]   --->   Operation 660 'add' 'add_ln73_24' <Predicate = true> <Delay = 0.71> <CoreInst = "Adder">   --->   Core 1 'Adder' <Latency = 0> <II = 1> <Delay = 0.71> <FuncUnit> <Opcode : 'add' 'sub'> <InPorts = 2> <OutPorts = 1>
ST_1 : Operation 661 [1/1] (0.00ns)   --->   "%zext_ln73_314 = zext i8 %mult_132" [firmware/nnet_utils/nnet_mult.h:73->firmware/nnet_utils/nnet_dense_latency.h:42]   --->   Operation 661 'zext' 'zext_ln73_314' <Predicate = true> <Delay = 0.00>
ST_1 : Operation 662 [1/1] (0.70ns)   --->   "%sub_ln73_145 = sub i10 0, i10 %zext_ln73_314" [firmware/nnet_utils/nnet_mult.h:73->firmware/nnet_utils/nnet_dense_latency.h:42]   --->   Operation 662 'sub' 'sub_ln73_145' <Predicate = true> <Delay = 0.70> <CoreInst = "Adder">   --->   Core 1 'Adder' <Latency = 0> <II = 1> <Delay = 0.70> <FuncUnit> <Opcode : 'add' 'sub'> <InPorts = 2> <OutPorts = 1>
ST_1 : Operation 663 [1/1] (0.00ns) (grouped into TernaryAdder)   --->   "%mult_138 = sub i10 %sub_ln73_145, i10 %zext_ln73_102" [firmware/nnet_utils/nnet_mult.h:73->firmware/nnet_utils/nnet_dense_latency.h:42]   --->   Operation 663 'sub' 'mult_138' <Predicate = true> <Delay = 0.00> <CoreInst = "TAddSub">   --->   Core 10 'TAddSub' <Latency = 0> <II = 1> <Delay = 0.34> <IPBlock> <Opcode : '' 'add' 'sub'> <InPorts = 3> <OutPorts = 1> <Sync> <CReg>
ST_1 : Operation 664 [1/1] (0.70ns)   --->   "%sub_ln73_147 = sub i8 %mult_132, i8 %zext_ln73_105" [firmware/nnet_utils/nnet_mult.h:73->firmware/nnet_utils/nnet_dense_latency.h:42]   --->   Operation 664 'sub' 'sub_ln73_147' <Predicate = true> <Delay = 0.70> <CoreInst = "Adder">   --->   Core 1 'Adder' <Latency = 0> <II = 1> <Delay = 0.70> <FuncUnit> <Opcode : 'add' 'sub'> <InPorts = 2> <OutPorts = 1>
ST_1 : Operation 665 [1/1] (1.23ns)   --->   "%mult_139 = mul i11 %zext_ln73_104, i11 2037" [firmware/nnet_utils/nnet_mult.h:73->firmware/nnet_utils/nnet_dense_latency.h:42]   --->   Operation 665 'mul' 'mult_139' <Predicate = true> <Delay = 1.23> <CoreInst = "Multiplier">   --->   Core 3 'Multiplier' <Latency = 0> <II = 1> <Delay = 1.23> <FuncUnit> <Opcode : 'mul'> <InPorts = 2> <OutPorts = 1>
ST_1 : Operation 666 [1/1] (0.72ns)   --->   "%sub_ln73_148 = sub i10 %tmp_780, i10 %zext_ln73_102" [firmware/nnet_utils/nnet_mult.h:73->firmware/nnet_utils/nnet_dense_latency.h:42]   --->   Operation 666 'sub' 'sub_ln73_148' <Predicate = true> <Delay = 0.72> <CoreInst = "Adder">   --->   Core 1 'Adder' <Latency = 0> <II = 1> <Delay = 0.72> <FuncUnit> <Opcode : 'add' 'sub'> <InPorts = 2> <OutPorts = 1>
ST_1 : Operation 667 [1/1] (0.00ns)   --->   "%zext_ln73_106 = zext i6 %data_28_val_read" [firmware/nnet_utils/nnet_mult.h:73->firmware/nnet_utils/nnet_dense_latency.h:42]   --->   Operation 667 'zext' 'zext_ln73_106' <Predicate = true> <Delay = 0.00>
ST_1 : Operation 668 [1/1] (0.00ns)   --->   "%zext_ln73_107 = zext i6 %data_28_val_read" [firmware/nnet_utils/nnet_mult.h:73->firmware/nnet_utils/nnet_dense_latency.h:42]   --->   Operation 668 'zext' 'zext_ln73_107' <Predicate = true> <Delay = 0.00>
ST_1 : Operation 669 [1/1] (0.00ns)   --->   "%zext_ln73_108 = zext i6 %data_28_val_read" [firmware/nnet_utils/nnet_mult.h:73->firmware/nnet_utils/nnet_dense_latency.h:42]   --->   Operation 669 'zext' 'zext_ln73_108' <Predicate = true> <Delay = 0.00>
ST_1 : Operation 670 [1/1] (0.00ns)   --->   "%zext_ln73_109 = zext i6 %data_28_val_read" [firmware/nnet_utils/nnet_mult.h:73->firmware/nnet_utils/nnet_dense_latency.h:42]   --->   Operation 670 'zext' 'zext_ln73_109' <Predicate = true> <Delay = 0.00>
ST_1 : Operation 671 [1/1] (0.00ns)   --->   "%mult_141 = bitconcatenate i8 @_ssdm_op_BitConcatenate.i8.i6.i2, i6 %data_28_val_read, i2 0" [firmware/nnet_utils/nnet_mult.h:73->firmware/nnet_utils/nnet_dense_latency.h:42]   --->   Operation 671 'bitconcatenate' 'mult_141' <Predicate = true> <Delay = 0.00>
ST_1 : Operation 672 [1/1] (0.70ns)   --->   "%sub_ln73_149 = sub i8 %mult_141, i8 %zext_ln73_109" [firmware/nnet_utils/nnet_mult.h:73->firmware/nnet_utils/nnet_dense_latency.h:42]   --->   Operation 672 'sub' 'sub_ln73_149' <Predicate = true> <Delay = 0.70> <CoreInst = "Adder">   --->   Core 1 'Adder' <Latency = 0> <II = 1> <Delay = 0.70> <FuncUnit> <Opcode : 'add' 'sub'> <InPorts = 2> <OutPorts = 1>
ST_1 : Operation 673 [1/1] (0.70ns)   --->   "%mult_140 = sub i7 0, i7 %zext_ln73_108" [firmware/nnet_utils/nnet_mult.h:73->firmware/nnet_utils/nnet_dense_latency.h:42]   --->   Operation 673 'sub' 'mult_140' <Predicate = true> <Delay = 0.70> <CoreInst = "Adder">   --->   Core 1 'Adder' <Latency = 0> <II = 1> <Delay = 0.70> <FuncUnit> <Opcode : 'add' 'sub'> <InPorts = 2> <OutPorts = 1>
ST_1 : Operation 674 [1/1] (0.00ns)   --->   "%sext_ln17_96 = sext i7 %mult_140" [firmware/nnet_utils/nnet_dense_latency.h:17]   --->   Operation 674 'sext' 'sext_ln17_96' <Predicate = true> <Delay = 0.00>
ST_1 : Operation 675 [1/1] (0.00ns)   --->   "%sext_ln17_97 = sext i7 %mult_140" [firmware/nnet_utils/nnet_dense_latency.h:17]   --->   Operation 675 'sext' 'sext_ln17_97' <Predicate = true> <Delay = 0.00>
ST_1 : Operation 676 [1/1] (1.23ns)   --->   "%mul_ln73_10 = mul i10 %zext_ln73_107, i10 13" [firmware/nnet_utils/nnet_mult.h:73->firmware/nnet_utils/nnet_dense_latency.h:42]   --->   Operation 676 'mul' 'mul_ln73_10' <Predicate = true> <Delay = 1.23> <CoreInst = "Multiplier">   --->   Core 3 'Multiplier' <Latency = 0> <II = 1> <Delay = 1.23> <FuncUnit> <Opcode : 'mul'> <InPorts = 2> <OutPorts = 1>
ST_1 : Operation 677 [1/1] (0.00ns)   --->   "%zext_ln17_42 = zext i8 %mult_141" [firmware/nnet_utils/nnet_dense_latency.h:17]   --->   Operation 677 'zext' 'zext_ln17_42' <Predicate = true> <Delay = 0.00>
ST_1 : Operation 678 [1/1] (0.00ns)   --->   "%tmp_782 = bitconcatenate i9 @_ssdm_op_BitConcatenate.i9.i6.i3, i6 %data_28_val_read, i3 0" [firmware/nnet_utils/nnet_mult.h:73->firmware/nnet_utils/nnet_dense_latency.h:42]   --->   Operation 678 'bitconcatenate' 'tmp_782' <Predicate = true> <Delay = 0.00>
ST_1 : Operation 679 [1/1] (0.00ns)   --->   "%zext_ln73_315 = zext i9 %tmp_782" [firmware/nnet_utils/nnet_mult.h:73->firmware/nnet_utils/nnet_dense_latency.h:42]   --->   Operation 679 'zext' 'zext_ln73_315' <Predicate = true> <Delay = 0.00>
ST_1 : Operation 680 [1/1] (0.00ns) (grouped into TernaryAdder)   --->   "%sub_ln73_151 = sub i11 0, i11 %zext_ln73_315" [firmware/nnet_utils/nnet_mult.h:73->firmware/nnet_utils/nnet_dense_latency.h:42]   --->   Operation 680 'sub' 'sub_ln73_151' <Predicate = true> <Delay = 0.00> <CoreInst = "TAddSub">   --->   Core 10 'TAddSub' <Latency = 0> <II = 1> <Delay = 0.34> <IPBlock> <Opcode : '' 'add' 'sub'> <InPorts = 3> <OutPorts = 1> <Sync> <CReg>
ST_1 : Operation 681 [1/1] (0.79ns) (root node of TernaryAdder)   --->   "%mult_142 = sub i11 %sub_ln73_151, i11 %zext_ln73_106" [firmware/nnet_utils/nnet_mult.h:73->firmware/nnet_utils/nnet_dense_latency.h:42]   --->   Operation 681 'sub' 'mult_142' <Predicate = true> <Delay = 0.79> <CoreInst = "TAddSub">   --->   Core 10 'TAddSub' <Latency = 0> <II = 1> <Delay = 0.34> <IPBlock> <Opcode : '' 'add' 'sub'> <InPorts = 3> <OutPorts = 1> <Sync> <CReg>
ST_1 : Operation 682 [1/1] (0.00ns)   --->   "%sext_ln17_98 = sext i11 %mult_142" [firmware/nnet_utils/nnet_dense_latency.h:17]   --->   Operation 682 'sext' 'sext_ln17_98' <Predicate = true> <Delay = 0.00>
ST_1 : Operation 683 [1/1] (0.00ns)   --->   "%zext_ln73_316 = zext i9 %tmp_782" [firmware/nnet_utils/nnet_mult.h:73->firmware/nnet_utils/nnet_dense_latency.h:42]   --->   Operation 683 'zext' 'zext_ln73_316' <Predicate = true> <Delay = 0.00>
ST_1 : Operation 684 [1/1] (0.00ns)   --->   "%tmp_783 = bitconcatenate i7 @_ssdm_op_BitConcatenate.i7.i6.i1, i6 %data_28_val_read, i1 0" [firmware/nnet_utils/nnet_mult.h:73->firmware/nnet_utils/nnet_dense_latency.h:42]   --->   Operation 684 'bitconcatenate' 'tmp_783' <Predicate = true> <Delay = 0.00>
ST_1 : Operation 685 [1/1] (0.00ns)   --->   "%zext_ln73_317 = zext i7 %tmp_783" [firmware/nnet_utils/nnet_mult.h:73->firmware/nnet_utils/nnet_dense_latency.h:42]   --->   Operation 685 'zext' 'zext_ln73_317' <Predicate = true> <Delay = 0.00>
ST_1 : Operation 686 [1/1] (0.71ns)   --->   "%mult_143 = sub i10 %zext_ln73_317, i10 %zext_ln73_316" [firmware/nnet_utils/nnet_mult.h:73->firmware/nnet_utils/nnet_dense_latency.h:42]   --->   Operation 686 'sub' 'mult_143' <Predicate = true> <Delay = 0.71> <CoreInst = "Adder">   --->   Core 1 'Adder' <Latency = 0> <II = 1> <Delay = 0.71> <FuncUnit> <Opcode : 'add' 'sub'> <InPorts = 2> <OutPorts = 1>
ST_1 : Operation 687 [1/1] (0.00ns)   --->   "%sext_ln17_99 = sext i10 %mult_143" [firmware/nnet_utils/nnet_dense_latency.h:17]   --->   Operation 687 'sext' 'sext_ln17_99' <Predicate = true> <Delay = 0.00>
ST_1 : Operation 688 [1/1] (0.00ns)   --->   "%zext_ln73_318 = zext i8 %mult_141" [firmware/nnet_utils/nnet_mult.h:73->firmware/nnet_utils/nnet_dense_latency.h:42]   --->   Operation 688 'zext' 'zext_ln73_318' <Predicate = true> <Delay = 0.00>
ST_1 : Operation 689 [1/1] (0.00ns) (grouped into TernaryAdder)   --->   "%sub_ln73_154 = sub i10 0, i10 %zext_ln73_318" [firmware/nnet_utils/nnet_mult.h:73->firmware/nnet_utils/nnet_dense_latency.h:42]   --->   Operation 689 'sub' 'sub_ln73_154' <Predicate = true> <Delay = 0.00> <CoreInst = "TAddSub">   --->   Core 10 'TAddSub' <Latency = 0> <II = 1> <Delay = 0.34> <IPBlock> <Opcode : '' 'add' 'sub'> <InPorts = 3> <OutPorts = 1> <Sync> <CReg>
ST_1 : Operation 690 [1/1] (0.81ns) (root node of TernaryAdder)   --->   "%mult_144 = sub i10 %sub_ln73_154, i10 %zext_ln73_107" [firmware/nnet_utils/nnet_mult.h:73->firmware/nnet_utils/nnet_dense_latency.h:42]   --->   Operation 690 'sub' 'mult_144' <Predicate = true> <Delay = 0.81> <CoreInst = "TAddSub">   --->   Core 10 'TAddSub' <Latency = 0> <II = 1> <Delay = 0.34> <IPBlock> <Opcode : '' 'add' 'sub'> <InPorts = 3> <OutPorts = 1> <Sync> <CReg>
ST_1 : Operation 691 [1/1] (0.00ns)   --->   "%sext_ln17_100 = sext i10 %mult_144" [firmware/nnet_utils/nnet_dense_latency.h:17]   --->   Operation 691 'sext' 'sext_ln17_100' <Predicate = true> <Delay = 0.00>
ST_1 : Operation 692 [1/1] (0.00ns)   --->   "%zext_ln73_110 = zext i6 %data_29_val_read" [firmware/nnet_utils/nnet_mult.h:73->firmware/nnet_utils/nnet_dense_latency.h:42]   --->   Operation 692 'zext' 'zext_ln73_110' <Predicate = true> <Delay = 0.00>
ST_1 : Operation 693 [1/1] (0.00ns)   --->   "%zext_ln73_111 = zext i6 %data_29_val_read" [firmware/nnet_utils/nnet_mult.h:73->firmware/nnet_utils/nnet_dense_latency.h:42]   --->   Operation 693 'zext' 'zext_ln73_111' <Predicate = true> <Delay = 0.00>
ST_1 : Operation 694 [1/1] (0.00ns)   --->   "%zext_ln73_112 = zext i6 %data_29_val_read" [firmware/nnet_utils/nnet_mult.h:73->firmware/nnet_utils/nnet_dense_latency.h:42]   --->   Operation 694 'zext' 'zext_ln73_112' <Predicate = true> <Delay = 0.00>
ST_1 : Operation 695 [1/1] (0.00ns)   --->   "%tmp_784 = bitconcatenate i9 @_ssdm_op_BitConcatenate.i9.i6.i3, i6 %data_29_val_read, i3 0" [firmware/nnet_utils/nnet_mult.h:73->firmware/nnet_utils/nnet_dense_latency.h:42]   --->   Operation 695 'bitconcatenate' 'tmp_784' <Predicate = true> <Delay = 0.00>
ST_1 : Operation 696 [1/1] (0.00ns)   --->   "%zext_ln73_319 = zext i9 %tmp_784" [firmware/nnet_utils/nnet_mult.h:73->firmware/nnet_utils/nnet_dense_latency.h:42]   --->   Operation 696 'zext' 'zext_ln73_319' <Predicate = true> <Delay = 0.00>
ST_1 : Operation 697 [1/1] (0.71ns)   --->   "%mult_145 = sub i10 %zext_ln73_112, i10 %zext_ln73_319" [firmware/nnet_utils/nnet_mult.h:73->firmware/nnet_utils/nnet_dense_latency.h:42]   --->   Operation 697 'sub' 'mult_145' <Predicate = true> <Delay = 0.71> <CoreInst = "Adder">   --->   Core 1 'Adder' <Latency = 0> <II = 1> <Delay = 0.71> <FuncUnit> <Opcode : 'add' 'sub'> <InPorts = 2> <OutPorts = 1>
ST_1 : Operation 698 [1/1] (0.00ns)   --->   "%sext_ln17_101 = sext i10 %mult_145" [firmware/nnet_utils/nnet_dense_latency.h:17]   --->   Operation 698 'sext' 'sext_ln17_101' <Predicate = true> <Delay = 0.00>
ST_1 : Operation 699 [1/1] (0.00ns)   --->   "%mult_146 = bitconcatenate i7 @_ssdm_op_BitConcatenate.i7.i6.i1, i6 %data_29_val_read, i1 0" [firmware/nnet_utils/nnet_mult.h:73->firmware/nnet_utils/nnet_dense_latency.h:42]   --->   Operation 699 'bitconcatenate' 'mult_146' <Predicate = true> <Delay = 0.00>
ST_1 : Operation 700 [1/1] (0.00ns)   --->   "%zext_ln17_43 = zext i7 %mult_146" [firmware/nnet_utils/nnet_dense_latency.h:17]   --->   Operation 700 'zext' 'zext_ln17_43' <Predicate = true> <Delay = 0.00>
ST_1 : Operation 701 [1/1] (0.00ns)   --->   "%zext_ln73_320 = zext i9 %tmp_784" [firmware/nnet_utils/nnet_mult.h:73->firmware/nnet_utils/nnet_dense_latency.h:42]   --->   Operation 701 'zext' 'zext_ln73_320' <Predicate = true> <Delay = 0.00>
ST_1 : Operation 702 [1/1] (0.71ns)   --->   "%sub_ln73_157 = sub i11 0, i11 %zext_ln73_320" [firmware/nnet_utils/nnet_mult.h:73->firmware/nnet_utils/nnet_dense_latency.h:42]   --->   Operation 702 'sub' 'sub_ln73_157' <Predicate = true> <Delay = 0.71> <CoreInst = "Adder">   --->   Core 1 'Adder' <Latency = 0> <II = 1> <Delay = 0.71> <FuncUnit> <Opcode : 'add' 'sub'> <InPorts = 2> <OutPorts = 1>
ST_1 : Operation 703 [1/1] (0.00ns) (grouped into TernaryAdder)   --->   "%mult_147 = sub i11 %sub_ln73_157, i11 %zext_ln73_110" [firmware/nnet_utils/nnet_mult.h:73->firmware/nnet_utils/nnet_dense_latency.h:42]   --->   Operation 703 'sub' 'mult_147' <Predicate = true> <Delay = 0.00> <CoreInst = "TAddSub">   --->   Core 10 'TAddSub' <Latency = 0> <II = 1> <Delay = 0.34> <IPBlock> <Opcode : '' 'add' 'sub'> <InPorts = 3> <OutPorts = 1> <Sync> <CReg>
ST_1 : Operation 704 [1/1] (0.00ns)   --->   "%tmp_785 = bitconcatenate i8 @_ssdm_op_BitConcatenate.i8.i6.i2, i6 %data_29_val_read, i2 0" [firmware/nnet_utils/nnet_mult.h:73->firmware/nnet_utils/nnet_dense_latency.h:42]   --->   Operation 704 'bitconcatenate' 'tmp_785' <Predicate = true> <Delay = 0.00>
ST_1 : Operation 705 [1/1] (0.00ns)   --->   "%zext_ln73_321 = zext i8 %tmp_785" [firmware/nnet_utils/nnet_mult.h:73->firmware/nnet_utils/nnet_dense_latency.h:42]   --->   Operation 705 'zext' 'zext_ln73_321' <Predicate = true> <Delay = 0.00>
ST_1 : Operation 706 [1/1] (0.00ns) (grouped into TernaryAdder)   --->   "%sub_ln73_159 = sub i10 0, i10 %zext_ln73_321" [firmware/nnet_utils/nnet_mult.h:73->firmware/nnet_utils/nnet_dense_latency.h:42]   --->   Operation 706 'sub' 'sub_ln73_159' <Predicate = true> <Delay = 0.00> <CoreInst = "TAddSub">   --->   Core 10 'TAddSub' <Latency = 0> <II = 1> <Delay = 0.34> <IPBlock> <Opcode : '' 'add' 'sub'> <InPorts = 3> <OutPorts = 1> <Sync> <CReg>
ST_1 : Operation 707 [1/1] (0.81ns) (root node of TernaryAdder)   --->   "%mult_148 = sub i10 %sub_ln73_159, i10 %zext_ln73_112" [firmware/nnet_utils/nnet_mult.h:73->firmware/nnet_utils/nnet_dense_latency.h:42]   --->   Operation 707 'sub' 'mult_148' <Predicate = true> <Delay = 0.81> <CoreInst = "TAddSub">   --->   Core 10 'TAddSub' <Latency = 0> <II = 1> <Delay = 0.34> <IPBlock> <Opcode : '' 'add' 'sub'> <InPorts = 3> <OutPorts = 1> <Sync> <CReg>
ST_1 : Operation 708 [1/1] (0.00ns)   --->   "%sext_ln17_102 = sext i10 %mult_148" [firmware/nnet_utils/nnet_dense_latency.h:17]   --->   Operation 708 'sext' 'sext_ln17_102' <Predicate = true> <Delay = 0.00>
ST_1 : Operation 709 [1/1] (0.71ns)   --->   "%add_ln73_25 = add i10 %zext_ln73_319, i10 %zext_ln17_43" [firmware/nnet_utils/nnet_mult.h:73->firmware/nnet_utils/nnet_dense_latency.h:42]   --->   Operation 709 'add' 'add_ln73_25' <Predicate = true> <Delay = 0.71> <CoreInst = "Adder">   --->   Core 1 'Adder' <Latency = 0> <II = 1> <Delay = 0.71> <FuncUnit> <Opcode : 'add' 'sub'> <InPorts = 2> <OutPorts = 1>
ST_1 : Operation 710 [1/1] (0.00ns)   --->   "%zext_ln73_113 = zext i6 %data_30_val_read" [firmware/nnet_utils/nnet_mult.h:73->firmware/nnet_utils/nnet_dense_latency.h:42]   --->   Operation 710 'zext' 'zext_ln73_113' <Predicate = true> <Delay = 0.00>
ST_1 : Operation 711 [1/1] (0.00ns)   --->   "%zext_ln73_114 = zext i6 %data_30_val_read" [firmware/nnet_utils/nnet_mult.h:73->firmware/nnet_utils/nnet_dense_latency.h:42]   --->   Operation 711 'zext' 'zext_ln73_114' <Predicate = true> <Delay = 0.00>
ST_1 : Operation 712 [1/1] (0.00ns)   --->   "%zext_ln73_115 = zext i6 %data_30_val_read" [firmware/nnet_utils/nnet_mult.h:73->firmware/nnet_utils/nnet_dense_latency.h:42]   --->   Operation 712 'zext' 'zext_ln73_115' <Predicate = true> <Delay = 0.00>
ST_1 : Operation 713 [1/1] (0.00ns)   --->   "%zext_ln73_116 = zext i6 %data_30_val_read" [firmware/nnet_utils/nnet_mult.h:73->firmware/nnet_utils/nnet_dense_latency.h:42]   --->   Operation 713 'zext' 'zext_ln73_116' <Predicate = true> <Delay = 0.00>
ST_1 : Operation 714 [1/1] (0.00ns)   --->   "%zext_ln73_117 = zext i6 %data_30_val_read" [firmware/nnet_utils/nnet_mult.h:73->firmware/nnet_utils/nnet_dense_latency.h:42]   --->   Operation 714 'zext' 'zext_ln73_117' <Predicate = true> <Delay = 0.00>
ST_1 : Operation 715 [1/1] (0.00ns)   --->   "%mult_149 = bitconcatenate i9 @_ssdm_op_BitConcatenate.i9.i6.i3, i6 %data_30_val_read, i3 0" [firmware/nnet_utils/nnet_mult.h:73->firmware/nnet_utils/nnet_dense_latency.h:42]   --->   Operation 715 'bitconcatenate' 'mult_149' <Predicate = true> <Delay = 0.00>
ST_1 : Operation 716 [1/1] (0.00ns)   --->   "%zext_ln17_44 = zext i9 %mult_149" [firmware/nnet_utils/nnet_dense_latency.h:17]   --->   Operation 716 'zext' 'zext_ln17_44' <Predicate = true> <Delay = 0.00>
ST_1 : Operation 717 [1/1] (0.00ns)   --->   "%mult_150 = bitconcatenate i8 @_ssdm_op_BitConcatenate.i8.i6.i2, i6 %data_30_val_read, i2 0" [firmware/nnet_utils/nnet_mult.h:73->firmware/nnet_utils/nnet_dense_latency.h:42]   --->   Operation 717 'bitconcatenate' 'mult_150' <Predicate = true> <Delay = 0.00>
ST_1 : Operation 718 [1/1] (0.00ns)   --->   "%zext_ln17_45 = zext i8 %mult_150" [firmware/nnet_utils/nnet_dense_latency.h:17]   --->   Operation 718 'zext' 'zext_ln17_45' <Predicate = true> <Delay = 0.00>
ST_1 : Operation 719 [1/1] (0.00ns)   --->   "%zext_ln17_46 = zext i8 %mult_150" [firmware/nnet_utils/nnet_dense_latency.h:17]   --->   Operation 719 'zext' 'zext_ln17_46' <Predicate = true> <Delay = 0.00>
ST_1 : Operation 720 [1/1] (0.00ns)   --->   "%zext_ln73_322 = zext i9 %mult_149" [firmware/nnet_utils/nnet_mult.h:73->firmware/nnet_utils/nnet_dense_latency.h:42]   --->   Operation 720 'zext' 'zext_ln73_322' <Predicate = true> <Delay = 0.00>
ST_1 : Operation 721 [1/1] (0.71ns)   --->   "%mult_151 = sub i10 %zext_ln73_115, i10 %zext_ln73_322" [firmware/nnet_utils/nnet_mult.h:73->firmware/nnet_utils/nnet_dense_latency.h:42]   --->   Operation 721 'sub' 'mult_151' <Predicate = true> <Delay = 0.71> <CoreInst = "Adder">   --->   Core 1 'Adder' <Latency = 0> <II = 1> <Delay = 0.71> <FuncUnit> <Opcode : 'add' 'sub'> <InPorts = 2> <OutPorts = 1>
ST_1 : Operation 722 [1/1] (0.00ns)   --->   "%sext_ln17_103 = sext i10 %mult_151" [firmware/nnet_utils/nnet_dense_latency.h:17]   --->   Operation 722 'sext' 'sext_ln17_103' <Predicate = true> <Delay = 0.00>
ST_1 : Operation 723 [1/1] (1.23ns)   --->   "%mul_ln73_11 = mul i10 %zext_ln73_115, i10 13" [firmware/nnet_utils/nnet_mult.h:73->firmware/nnet_utils/nnet_dense_latency.h:42]   --->   Operation 723 'mul' 'mul_ln73_11' <Predicate = true> <Delay = 1.23> <CoreInst = "Multiplier">   --->   Core 3 'Multiplier' <Latency = 0> <II = 1> <Delay = 1.23> <FuncUnit> <Opcode : 'mul'> <InPorts = 2> <OutPorts = 1>
ST_1 : Operation 724 [1/1] (0.71ns)   --->   "%mult_152 = sub i10 0, i10 %zext_ln73_322" [firmware/nnet_utils/nnet_mult.h:73->firmware/nnet_utils/nnet_dense_latency.h:42]   --->   Operation 724 'sub' 'mult_152' <Predicate = true> <Delay = 0.71> <CoreInst = "Adder">   --->   Core 1 'Adder' <Latency = 0> <II = 1> <Delay = 0.71> <FuncUnit> <Opcode : 'add' 'sub'> <InPorts = 2> <OutPorts = 1>
ST_1 : Operation 725 [1/1] (0.00ns)   --->   "%sext_ln17_104 = sext i10 %mult_152" [firmware/nnet_utils/nnet_dense_latency.h:17]   --->   Operation 725 'sext' 'sext_ln17_104' <Predicate = true> <Delay = 0.00>
ST_1 : Operation 726 [1/1] (0.00ns) (grouped into TernaryAdder)   --->   "%add_ln73_26 = add i9 %zext_ln17_45, i9 %zext_ln73_117" [firmware/nnet_utils/nnet_mult.h:73->firmware/nnet_utils/nnet_dense_latency.h:42]   --->   Operation 726 'add' 'add_ln73_26' <Predicate = true> <Delay = 0.00> <CoreInst = "TAddSub">   --->   Core 10 'TAddSub' <Latency = 0> <II = 1> <Delay = 0.34> <IPBlock> <Opcode : '' 'add' 'sub'> <InPorts = 3> <OutPorts = 1> <Sync> <CReg>
ST_1 : Operation 727 [1/1] (1.23ns)   --->   "%mult_153 = mul i11 %zext_ln73_114, i11 2037" [firmware/nnet_utils/nnet_mult.h:73->firmware/nnet_utils/nnet_dense_latency.h:42]   --->   Operation 727 'mul' 'mult_153' <Predicate = true> <Delay = 1.23> <CoreInst = "Multiplier">   --->   Core 3 'Multiplier' <Latency = 0> <II = 1> <Delay = 1.23> <FuncUnit> <Opcode : 'mul'> <InPorts = 2> <OutPorts = 1>
ST_1 : Operation 728 [1/1] (0.00ns)   --->   "%sext_ln17_105 = sext i11 %mult_153" [firmware/nnet_utils/nnet_dense_latency.h:17]   --->   Operation 728 'sext' 'sext_ln17_105' <Predicate = true> <Delay = 0.00>
ST_1 : Operation 729 [1/1] (0.00ns)   --->   "%zext_ln73_118 = zext i6 %data_31_val_read" [firmware/nnet_utils/nnet_mult.h:73->firmware/nnet_utils/nnet_dense_latency.h:42]   --->   Operation 729 'zext' 'zext_ln73_118' <Predicate = true> <Delay = 0.00>
ST_1 : Operation 730 [1/1] (0.00ns)   --->   "%zext_ln73_119 = zext i6 %data_31_val_read" [firmware/nnet_utils/nnet_mult.h:73->firmware/nnet_utils/nnet_dense_latency.h:42]   --->   Operation 730 'zext' 'zext_ln73_119' <Predicate = true> <Delay = 0.00>
ST_1 : Operation 731 [1/1] (0.00ns)   --->   "%zext_ln73_120 = zext i6 %data_31_val_read" [firmware/nnet_utils/nnet_mult.h:73->firmware/nnet_utils/nnet_dense_latency.h:42]   --->   Operation 731 'zext' 'zext_ln73_120' <Predicate = true> <Delay = 0.00>
ST_1 : Operation 732 [1/1] (0.00ns)   --->   "%tmp_786 = bitconcatenate i8 @_ssdm_op_BitConcatenate.i8.i6.i2, i6 %data_31_val_read, i2 0" [firmware/nnet_utils/nnet_mult.h:73->firmware/nnet_utils/nnet_dense_latency.h:42]   --->   Operation 732 'bitconcatenate' 'tmp_786' <Predicate = true> <Delay = 0.00>
ST_1 : Operation 733 [1/1] (0.00ns)   --->   "%zext_ln73_323 = zext i8 %tmp_786" [firmware/nnet_utils/nnet_mult.h:73->firmware/nnet_utils/nnet_dense_latency.h:42]   --->   Operation 733 'zext' 'zext_ln73_323' <Predicate = true> <Delay = 0.00>
ST_1 : Operation 734 [1/1] (0.70ns)   --->   "%add_ln73_27 = add i9 %zext_ln73_323, i9 %zext_ln73_120" [firmware/nnet_utils/nnet_mult.h:73->firmware/nnet_utils/nnet_dense_latency.h:42]   --->   Operation 734 'add' 'add_ln73_27' <Predicate = true> <Delay = 0.70> <CoreInst = "Adder">   --->   Core 1 'Adder' <Latency = 0> <II = 1> <Delay = 0.70> <FuncUnit> <Opcode : 'add' 'sub'> <InPorts = 2> <OutPorts = 1>
ST_1 : Operation 735 [1/1] (0.00ns)   --->   "%tmp_787 = bitconcatenate i9 @_ssdm_op_BitConcatenate.i9.i6.i3, i6 %data_31_val_read, i3 0" [firmware/nnet_utils/nnet_mult.h:73->firmware/nnet_utils/nnet_dense_latency.h:42]   --->   Operation 735 'bitconcatenate' 'tmp_787' <Predicate = true> <Delay = 0.00>
ST_1 : Operation 736 [1/1] (0.00ns)   --->   "%zext_ln73_324 = zext i9 %tmp_787" [firmware/nnet_utils/nnet_mult.h:73->firmware/nnet_utils/nnet_dense_latency.h:42]   --->   Operation 736 'zext' 'zext_ln73_324' <Predicate = true> <Delay = 0.00>
ST_1 : Operation 737 [1/1] (0.00ns)   --->   "%mult_156 = bitconcatenate i7 @_ssdm_op_BitConcatenate.i7.i6.i1, i6 %data_31_val_read, i1 0" [firmware/nnet_utils/nnet_mult.h:73->firmware/nnet_utils/nnet_dense_latency.h:42]   --->   Operation 737 'bitconcatenate' 'mult_156' <Predicate = true> <Delay = 0.00>
ST_1 : Operation 738 [1/1] (0.00ns)   --->   "%zext_ln73_325 = zext i7 %mult_156" [firmware/nnet_utils/nnet_mult.h:73->firmware/nnet_utils/nnet_dense_latency.h:42]   --->   Operation 738 'zext' 'zext_ln73_325' <Predicate = true> <Delay = 0.00>
ST_1 : Operation 739 [1/1] (0.00ns) (grouped into TernaryAdder)   --->   "%mult_154 = sub i10 %zext_ln73_325, i10 %zext_ln73_324" [firmware/nnet_utils/nnet_mult.h:73->firmware/nnet_utils/nnet_dense_latency.h:42]   --->   Operation 739 'sub' 'mult_154' <Predicate = true> <Delay = 0.00> <CoreInst = "TAddSub">   --->   Core 10 'TAddSub' <Latency = 0> <II = 1> <Delay = 0.34> <IPBlock> <Opcode : '' 'add' 'sub'> <InPorts = 3> <OutPorts = 1> <Sync> <CReg>
ST_1 : Operation 740 [1/1] (0.71ns)   --->   "%add_ln73_28 = add i10 %zext_ln73_324, i10 %zext_ln73_119" [firmware/nnet_utils/nnet_mult.h:73->firmware/nnet_utils/nnet_dense_latency.h:42]   --->   Operation 740 'add' 'add_ln73_28' <Predicate = true> <Delay = 0.71> <CoreInst = "Adder">   --->   Core 1 'Adder' <Latency = 0> <II = 1> <Delay = 0.71> <FuncUnit> <Opcode : 'add' 'sub'> <InPorts = 2> <OutPorts = 1>
ST_1 : Operation 741 [1/1] (0.70ns)   --->   "%mult_155 = sub i9 %zext_ln73_120, i9 %zext_ln73_323" [firmware/nnet_utils/nnet_mult.h:73->firmware/nnet_utils/nnet_dense_latency.h:42]   --->   Operation 741 'sub' 'mult_155' <Predicate = true> <Delay = 0.70> <CoreInst = "Adder">   --->   Core 1 'Adder' <Latency = 0> <II = 1> <Delay = 0.70> <FuncUnit> <Opcode : 'add' 'sub'> <InPorts = 2> <OutPorts = 1>
ST_1 : Operation 742 [1/1] (0.00ns)   --->   "%sext_ln17_106 = sext i9 %mult_155" [firmware/nnet_utils/nnet_dense_latency.h:17]   --->   Operation 742 'sext' 'sext_ln17_106' <Predicate = true> <Delay = 0.00>
ST_1 : Operation 743 [1/1] (0.00ns)   --->   "%zext_ln17_47 = zext i7 %mult_156" [firmware/nnet_utils/nnet_dense_latency.h:17]   --->   Operation 743 'zext' 'zext_ln17_47' <Predicate = true> <Delay = 0.00>
ST_1 : Operation 744 [1/1] (0.00ns)   --->   "%zext_ln73_121 = zext i6 %data_32_val_read" [firmware/nnet_utils/nnet_mult.h:73->firmware/nnet_utils/nnet_dense_latency.h:42]   --->   Operation 744 'zext' 'zext_ln73_121' <Predicate = true> <Delay = 0.00>
ST_1 : Operation 745 [1/1] (0.00ns)   --->   "%zext_ln73_122 = zext i6 %data_32_val_read" [firmware/nnet_utils/nnet_mult.h:73->firmware/nnet_utils/nnet_dense_latency.h:42]   --->   Operation 745 'zext' 'zext_ln73_122' <Predicate = true> <Delay = 0.00>
ST_1 : Operation 746 [1/1] (0.00ns)   --->   "%mult_159 = bitconcatenate i9 @_ssdm_op_BitConcatenate.i9.i6.i3, i6 %data_32_val_read, i3 0" [firmware/nnet_utils/nnet_mult.h:73->firmware/nnet_utils/nnet_dense_latency.h:42]   --->   Operation 746 'bitconcatenate' 'mult_159' <Predicate = true> <Delay = 0.00>
ST_1 : Operation 747 [1/1] (0.00ns)   --->   "%zext_ln73_326 = zext i9 %mult_159" [firmware/nnet_utils/nnet_mult.h:73->firmware/nnet_utils/nnet_dense_latency.h:42]   --->   Operation 747 'zext' 'zext_ln73_326' <Predicate = true> <Delay = 0.00>
ST_1 : Operation 748 [1/1] (0.00ns)   --->   "%tmp_790 = bitconcatenate i7 @_ssdm_op_BitConcatenate.i7.i6.i1, i6 %data_32_val_read, i1 0" [firmware/nnet_utils/nnet_mult.h:73->firmware/nnet_utils/nnet_dense_latency.h:42]   --->   Operation 748 'bitconcatenate' 'tmp_790' <Predicate = true> <Delay = 0.00>
ST_1 : Operation 749 [1/1] (0.00ns)   --->   "%zext_ln73_327 = zext i7 %tmp_790" [firmware/nnet_utils/nnet_mult.h:73->firmware/nnet_utils/nnet_dense_latency.h:42]   --->   Operation 749 'zext' 'zext_ln73_327' <Predicate = true> <Delay = 0.00>
ST_1 : Operation 750 [1/1] (0.71ns)   --->   "%add_ln73_29 = add i10 %zext_ln73_326, i10 %zext_ln73_327" [firmware/nnet_utils/nnet_mult.h:73->firmware/nnet_utils/nnet_dense_latency.h:42]   --->   Operation 750 'add' 'add_ln73_29' <Predicate = true> <Delay = 0.71> <CoreInst = "Adder">   --->   Core 1 'Adder' <Latency = 0> <II = 1> <Delay = 0.71> <FuncUnit> <Opcode : 'add' 'sub'> <InPorts = 2> <OutPorts = 1>
ST_1 : Operation 751 [1/1] (0.00ns)   --->   "%mult_157 = bitconcatenate i8 @_ssdm_op_BitConcatenate.i8.i6.i2, i6 %data_32_val_read, i2 0" [firmware/nnet_utils/nnet_mult.h:73->firmware/nnet_utils/nnet_dense_latency.h:42]   --->   Operation 751 'bitconcatenate' 'mult_157' <Predicate = true> <Delay = 0.00>
ST_1 : Operation 752 [1/1] (0.00ns)   --->   "%zext_ln73_328 = zext i8 %mult_157" [firmware/nnet_utils/nnet_mult.h:73->firmware/nnet_utils/nnet_dense_latency.h:42]   --->   Operation 752 'zext' 'zext_ln73_328' <Predicate = true> <Delay = 0.00>
ST_1 : Operation 753 [1/1] (0.70ns)   --->   "%add_ln73_30 = add i9 %zext_ln73_328, i9 %zext_ln73_121" [firmware/nnet_utils/nnet_mult.h:73->firmware/nnet_utils/nnet_dense_latency.h:42]   --->   Operation 753 'add' 'add_ln73_30' <Predicate = true> <Delay = 0.70> <CoreInst = "Adder">   --->   Core 1 'Adder' <Latency = 0> <II = 1> <Delay = 0.70> <FuncUnit> <Opcode : 'add' 'sub'> <InPorts = 2> <OutPorts = 1>
ST_1 : Operation 754 [1/1] (0.00ns)   --->   "%zext_ln73_329 = zext i7 %tmp_790" [firmware/nnet_utils/nnet_mult.h:73->firmware/nnet_utils/nnet_dense_latency.h:42]   --->   Operation 754 'zext' 'zext_ln73_329' <Predicate = true> <Delay = 0.00>
ST_1 : Operation 755 [1/1] (0.71ns)   --->   "%sub_ln73_165 = sub i9 %mult_159, i9 %zext_ln73_329" [firmware/nnet_utils/nnet_mult.h:73->firmware/nnet_utils/nnet_dense_latency.h:42]   --->   Operation 755 'sub' 'sub_ln73_165' <Predicate = true> <Delay = 0.71> <CoreInst = "Adder">   --->   Core 1 'Adder' <Latency = 0> <II = 1> <Delay = 0.71> <FuncUnit> <Opcode : 'add' 'sub'> <InPorts = 2> <OutPorts = 1>
ST_1 : Operation 756 [1/1] (0.00ns)   --->   "%zext_ln17_48 = zext i8 %mult_157" [firmware/nnet_utils/nnet_dense_latency.h:17]   --->   Operation 756 'zext' 'zext_ln17_48' <Predicate = true> <Delay = 0.00>
ST_1 : Operation 757 [1/1] (0.70ns)   --->   "%mult_158 = sub i9 %zext_ln73_121, i9 %zext_ln73_328" [firmware/nnet_utils/nnet_mult.h:73->firmware/nnet_utils/nnet_dense_latency.h:42]   --->   Operation 757 'sub' 'mult_158' <Predicate = true> <Delay = 0.70> <CoreInst = "Adder">   --->   Core 1 'Adder' <Latency = 0> <II = 1> <Delay = 0.70> <FuncUnit> <Opcode : 'add' 'sub'> <InPorts = 2> <OutPorts = 1>
ST_1 : Operation 758 [1/1] (0.00ns)   --->   "%sext_ln17_107 = sext i9 %mult_158" [firmware/nnet_utils/nnet_dense_latency.h:17]   --->   Operation 758 'sext' 'sext_ln17_107' <Predicate = true> <Delay = 0.00>
ST_1 : Operation 759 [1/1] (0.71ns)   --->   "%sub_ln73_167 = sub i9 %mult_159, i9 %zext_ln73_121" [firmware/nnet_utils/nnet_mult.h:73->firmware/nnet_utils/nnet_dense_latency.h:42]   --->   Operation 759 'sub' 'sub_ln73_167' <Predicate = true> <Delay = 0.71> <CoreInst = "Adder">   --->   Core 1 'Adder' <Latency = 0> <II = 1> <Delay = 0.71> <FuncUnit> <Opcode : 'add' 'sub'> <InPorts = 2> <OutPorts = 1>
ST_1 : Operation 760 [1/1] (0.71ns)   --->   "%mult_160 = sub i10 %zext_ln73_122, i10 %zext_ln73_326" [firmware/nnet_utils/nnet_mult.h:73->firmware/nnet_utils/nnet_dense_latency.h:42]   --->   Operation 760 'sub' 'mult_160' <Predicate = true> <Delay = 0.71> <CoreInst = "Adder">   --->   Core 1 'Adder' <Latency = 0> <II = 1> <Delay = 0.71> <FuncUnit> <Opcode : 'add' 'sub'> <InPorts = 2> <OutPorts = 1>
ST_1 : Operation 761 [1/1] (0.00ns)   --->   "%sext_ln17_108 = sext i10 %mult_160" [firmware/nnet_utils/nnet_dense_latency.h:17]   --->   Operation 761 'sext' 'sext_ln17_108' <Predicate = true> <Delay = 0.00>
ST_1 : Operation 762 [1/1] (0.00ns)   --->   "%sext_ln17_109 = sext i10 %mult_160" [firmware/nnet_utils/nnet_dense_latency.h:17]   --->   Operation 762 'sext' 'sext_ln17_109' <Predicate = true> <Delay = 0.00>
ST_1 : Operation 763 [1/1] (0.00ns) (grouped into TernaryAdder)   --->   "%mult_161 = sub i10 %zext_ln73_327, i10 %zext_ln73_326" [firmware/nnet_utils/nnet_mult.h:73->firmware/nnet_utils/nnet_dense_latency.h:42]   --->   Operation 763 'sub' 'mult_161' <Predicate = true> <Delay = 0.00> <CoreInst = "TAddSub">   --->   Core 10 'TAddSub' <Latency = 0> <II = 1> <Delay = 0.34> <IPBlock> <Opcode : '' 'add' 'sub'> <InPorts = 3> <OutPorts = 1> <Sync> <CReg>
ST_1 : Operation 764 [1/1] (0.00ns)   --->   "%zext_ln73_123 = zext i6 %data_33_val_read" [firmware/nnet_utils/nnet_mult.h:73->firmware/nnet_utils/nnet_dense_latency.h:42]   --->   Operation 764 'zext' 'zext_ln73_123' <Predicate = true> <Delay = 0.00>
ST_1 : Operation 765 [1/1] (0.00ns)   --->   "%zext_ln73_124 = zext i6 %data_33_val_read" [firmware/nnet_utils/nnet_mult.h:73->firmware/nnet_utils/nnet_dense_latency.h:42]   --->   Operation 765 'zext' 'zext_ln73_124' <Predicate = true> <Delay = 0.00>
ST_1 : Operation 766 [1/1] (0.00ns)   --->   "%zext_ln73_125 = zext i6 %data_33_val_read" [firmware/nnet_utils/nnet_mult.h:73->firmware/nnet_utils/nnet_dense_latency.h:42]   --->   Operation 766 'zext' 'zext_ln73_125' <Predicate = true> <Delay = 0.00>
ST_1 : Operation 767 [1/1] (0.00ns)   --->   "%zext_ln73_126 = zext i6 %data_33_val_read" [firmware/nnet_utils/nnet_mult.h:73->firmware/nnet_utils/nnet_dense_latency.h:42]   --->   Operation 767 'zext' 'zext_ln73_126' <Predicate = true> <Delay = 0.00>
ST_1 : Operation 768 [1/1] (0.00ns)   --->   "%tmp_792 = bitconcatenate i9 @_ssdm_op_BitConcatenate.i9.i6.i3, i6 %data_33_val_read, i3 0" [firmware/nnet_utils/nnet_mult.h:73->firmware/nnet_utils/nnet_dense_latency.h:42]   --->   Operation 768 'bitconcatenate' 'tmp_792' <Predicate = true> <Delay = 0.00>
ST_1 : Operation 769 [1/1] (0.00ns)   --->   "%zext_ln73_330 = zext i9 %tmp_792" [firmware/nnet_utils/nnet_mult.h:73->firmware/nnet_utils/nnet_dense_latency.h:42]   --->   Operation 769 'zext' 'zext_ln73_330' <Predicate = true> <Delay = 0.00>
ST_1 : Operation 770 [1/1] (0.71ns)   --->   "%mult_162 = sub i10 %zext_ln73_126, i10 %zext_ln73_330" [firmware/nnet_utils/nnet_mult.h:73->firmware/nnet_utils/nnet_dense_latency.h:42]   --->   Operation 770 'sub' 'mult_162' <Predicate = true> <Delay = 0.71> <CoreInst = "Adder">   --->   Core 1 'Adder' <Latency = 0> <II = 1> <Delay = 0.71> <FuncUnit> <Opcode : 'add' 'sub'> <InPorts = 2> <OutPorts = 1>
ST_1 : Operation 771 [1/1] (0.00ns)   --->   "%sext_ln17_110 = sext i10 %mult_162" [firmware/nnet_utils/nnet_dense_latency.h:17]   --->   Operation 771 'sext' 'sext_ln17_110' <Predicate = true> <Delay = 0.00>
ST_1 : Operation 772 [1/1] (0.00ns)   --->   "%mult_163 = bitconcatenate i8 @_ssdm_op_BitConcatenate.i8.i6.i2, i6 %data_33_val_read, i2 0" [firmware/nnet_utils/nnet_mult.h:73->firmware/nnet_utils/nnet_dense_latency.h:42]   --->   Operation 772 'bitconcatenate' 'mult_163' <Predicate = true> <Delay = 0.00>
ST_1 : Operation 773 [1/1] (0.00ns)   --->   "%zext_ln17_49 = zext i8 %mult_163" [firmware/nnet_utils/nnet_dense_latency.h:17]   --->   Operation 773 'zext' 'zext_ln17_49' <Predicate = true> <Delay = 0.00>
ST_1 : Operation 774 [1/1] (0.00ns)   --->   "%zext_ln17_50 = zext i8 %mult_163" [firmware/nnet_utils/nnet_dense_latency.h:17]   --->   Operation 774 'zext' 'zext_ln17_50' <Predicate = true> <Delay = 0.00>
ST_1 : Operation 775 [1/1] (0.70ns)   --->   "%sub_ln73_171 = sub i8 %mult_163, i8 %zext_ln73_125" [firmware/nnet_utils/nnet_mult.h:73->firmware/nnet_utils/nnet_dense_latency.h:42]   --->   Operation 775 'sub' 'sub_ln73_171' <Predicate = true> <Delay = 0.70> <CoreInst = "Adder">   --->   Core 1 'Adder' <Latency = 0> <II = 1> <Delay = 0.70> <FuncUnit> <Opcode : 'add' 'sub'> <InPorts = 2> <OutPorts = 1>
ST_1 : Operation 776 [1/1] (0.00ns)   --->   "%mult_164 = bitconcatenate i7 @_ssdm_op_BitConcatenate.i7.i6.i1, i6 %data_33_val_read, i1 0" [firmware/nnet_utils/nnet_mult.h:73->firmware/nnet_utils/nnet_dense_latency.h:42]   --->   Operation 776 'bitconcatenate' 'mult_164' <Predicate = true> <Delay = 0.00>
ST_1 : Operation 777 [1/1] (0.00ns)   --->   "%zext_ln17_51 = zext i7 %mult_164" [firmware/nnet_utils/nnet_dense_latency.h:17]   --->   Operation 777 'zext' 'zext_ln17_51' <Predicate = true> <Delay = 0.00>
ST_1 : Operation 778 [1/1] (0.71ns)   --->   "%sub_ln73_172 = sub i9 %tmp_792, i9 %zext_ln73_123" [firmware/nnet_utils/nnet_mult.h:73->firmware/nnet_utils/nnet_dense_latency.h:42]   --->   Operation 778 'sub' 'sub_ln73_172' <Predicate = true> <Delay = 0.71> <CoreInst = "Adder">   --->   Core 1 'Adder' <Latency = 0> <II = 1> <Delay = 0.71> <FuncUnit> <Opcode : 'add' 'sub'> <InPorts = 2> <OutPorts = 1>
ST_1 : Operation 779 [1/1] (0.00ns) (grouped into TernaryAdder)   --->   "%sub_ln73_173 = sub i10 0, i10 %zext_ln17_49" [firmware/nnet_utils/nnet_mult.h:73->firmware/nnet_utils/nnet_dense_latency.h:42]   --->   Operation 779 'sub' 'sub_ln73_173' <Predicate = true> <Delay = 0.00> <CoreInst = "TAddSub">   --->   Core 10 'TAddSub' <Latency = 0> <II = 1> <Delay = 0.34> <IPBlock> <Opcode : '' 'add' 'sub'> <InPorts = 3> <OutPorts = 1> <Sync> <CReg>
ST_1 : Operation 780 [1/1] (0.81ns) (root node of TernaryAdder)   --->   "%mult_165 = sub i10 %sub_ln73_173, i10 %zext_ln73_126" [firmware/nnet_utils/nnet_mult.h:73->firmware/nnet_utils/nnet_dense_latency.h:42]   --->   Operation 780 'sub' 'mult_165' <Predicate = true> <Delay = 0.81> <CoreInst = "TAddSub">   --->   Core 10 'TAddSub' <Latency = 0> <II = 1> <Delay = 0.34> <IPBlock> <Opcode : '' 'add' 'sub'> <InPorts = 3> <OutPorts = 1> <Sync> <CReg>
ST_1 : Operation 781 [1/1] (0.00ns)   --->   "%sext_ln17_111 = sext i10 %mult_165" [firmware/nnet_utils/nnet_dense_latency.h:17]   --->   Operation 781 'sext' 'sext_ln17_111' <Predicate = true> <Delay = 0.00>
ST_1 : Operation 782 [1/1] (0.70ns)   --->   "%mult_166 = sub i9 %zext_ln73_123, i9 %zext_ln17_50" [firmware/nnet_utils/nnet_mult.h:73->firmware/nnet_utils/nnet_dense_latency.h:42]   --->   Operation 782 'sub' 'mult_166' <Predicate = true> <Delay = 0.70> <CoreInst = "Adder">   --->   Core 1 'Adder' <Latency = 0> <II = 1> <Delay = 0.70> <FuncUnit> <Opcode : 'add' 'sub'> <InPorts = 2> <OutPorts = 1>
ST_1 : Operation 783 [1/1] (0.00ns)   --->   "%sext_ln17_112 = sext i9 %mult_166" [firmware/nnet_utils/nnet_dense_latency.h:17]   --->   Operation 783 'sext' 'sext_ln17_112' <Predicate = true> <Delay = 0.00>
ST_1 : Operation 784 [1/1] (0.70ns)   --->   "%add_ln73_31 = add i9 %zext_ln17_50, i9 %zext_ln73_123" [firmware/nnet_utils/nnet_mult.h:73->firmware/nnet_utils/nnet_dense_latency.h:42]   --->   Operation 784 'add' 'add_ln73_31' <Predicate = true> <Delay = 0.70> <CoreInst = "Adder">   --->   Core 1 'Adder' <Latency = 0> <II = 1> <Delay = 0.70> <FuncUnit> <Opcode : 'add' 'sub'> <InPorts = 2> <OutPorts = 1>
ST_1 : Operation 785 [1/1] (0.00ns)   --->   "%zext_ln73_331 = zext i7 %mult_164" [firmware/nnet_utils/nnet_mult.h:73->firmware/nnet_utils/nnet_dense_latency.h:42]   --->   Operation 785 'zext' 'zext_ln73_331' <Predicate = true> <Delay = 0.00>
ST_1 : Operation 786 [1/1] (0.71ns)   --->   "%add_ln73_32 = add i10 %zext_ln73_330, i10 %zext_ln73_331" [firmware/nnet_utils/nnet_mult.h:73->firmware/nnet_utils/nnet_dense_latency.h:42]   --->   Operation 786 'add' 'add_ln73_32' <Predicate = true> <Delay = 0.71> <CoreInst = "Adder">   --->   Core 1 'Adder' <Latency = 0> <II = 1> <Delay = 0.71> <FuncUnit> <Opcode : 'add' 'sub'> <InPorts = 2> <OutPorts = 1>
ST_1 : Operation 787 [1/1] (0.00ns)   --->   "%zext_ln73_129 = zext i6 %data_34_val_read" [firmware/nnet_utils/nnet_mult.h:73->firmware/nnet_utils/nnet_dense_latency.h:42]   --->   Operation 787 'zext' 'zext_ln73_129' <Predicate = true> <Delay = 0.00>
ST_1 : Operation 788 [1/1] (0.00ns)   --->   "%zext_ln73_130 = zext i6 %data_34_val_read" [firmware/nnet_utils/nnet_mult.h:73->firmware/nnet_utils/nnet_dense_latency.h:42]   --->   Operation 788 'zext' 'zext_ln73_130' <Predicate = true> <Delay = 0.00>
ST_1 : Operation 789 [1/1] (0.00ns)   --->   "%tmp_793 = bitconcatenate i8 @_ssdm_op_BitConcatenate.i8.i6.i2, i6 %data_34_val_read, i2 0" [firmware/nnet_utils/nnet_mult.h:73->firmware/nnet_utils/nnet_dense_latency.h:42]   --->   Operation 789 'bitconcatenate' 'tmp_793' <Predicate = true> <Delay = 0.00>
ST_1 : Operation 790 [1/1] (0.00ns)   --->   "%zext_ln73_332 = zext i8 %tmp_793" [firmware/nnet_utils/nnet_mult.h:73->firmware/nnet_utils/nnet_dense_latency.h:42]   --->   Operation 790 'zext' 'zext_ln73_332' <Predicate = true> <Delay = 0.00>
ST_1 : Operation 791 [1/1] (0.70ns)   --->   "%add_ln73_33 = add i9 %zext_ln73_332, i9 %zext_ln73_130" [firmware/nnet_utils/nnet_mult.h:73->firmware/nnet_utils/nnet_dense_latency.h:42]   --->   Operation 791 'add' 'add_ln73_33' <Predicate = true> <Delay = 0.70> <CoreInst = "Adder">   --->   Core 1 'Adder' <Latency = 0> <II = 1> <Delay = 0.70> <FuncUnit> <Opcode : 'add' 'sub'> <InPorts = 2> <OutPorts = 1>
ST_1 : Operation 792 [1/1] (0.70ns)   --->   "%mult_167 = sub i7 0, i7 %zext_ln73_129" [firmware/nnet_utils/nnet_mult.h:73->firmware/nnet_utils/nnet_dense_latency.h:42]   --->   Operation 792 'sub' 'mult_167' <Predicate = true> <Delay = 0.70> <CoreInst = "Adder">   --->   Core 1 'Adder' <Latency = 0> <II = 1> <Delay = 0.70> <FuncUnit> <Opcode : 'add' 'sub'> <InPorts = 2> <OutPorts = 1>
ST_1 : Operation 793 [1/1] (0.00ns)   --->   "%sext_ln17_113 = sext i7 %mult_167" [firmware/nnet_utils/nnet_dense_latency.h:17]   --->   Operation 793 'sext' 'sext_ln17_113' <Predicate = true> <Delay = 0.00>
ST_1 : Operation 794 [1/1] (0.00ns)   --->   "%sext_ln17_114 = sext i7 %mult_167" [firmware/nnet_utils/nnet_dense_latency.h:17]   --->   Operation 794 'sext' 'sext_ln17_114' <Predicate = true> <Delay = 0.00>
ST_1 : Operation 795 [1/1] (0.00ns)   --->   "%tmp_794 = bitconcatenate i9 @_ssdm_op_BitConcatenate.i9.i6.i3, i6 %data_34_val_read, i3 0" [firmware/nnet_utils/nnet_mult.h:73->firmware/nnet_utils/nnet_dense_latency.h:42]   --->   Operation 795 'bitconcatenate' 'tmp_794' <Predicate = true> <Delay = 0.00>
ST_1 : Operation 796 [1/1] (0.00ns)   --->   "%zext_ln73_333 = zext i9 %tmp_794" [firmware/nnet_utils/nnet_mult.h:73->firmware/nnet_utils/nnet_dense_latency.h:42]   --->   Operation 796 'zext' 'zext_ln73_333' <Predicate = true> <Delay = 0.00>
ST_1 : Operation 797 [1/1] (0.71ns)   --->   "%mult_168 = sub i10 0, i10 %zext_ln73_333" [firmware/nnet_utils/nnet_mult.h:73->firmware/nnet_utils/nnet_dense_latency.h:42]   --->   Operation 797 'sub' 'mult_168' <Predicate = true> <Delay = 0.71> <CoreInst = "Adder">   --->   Core 1 'Adder' <Latency = 0> <II = 1> <Delay = 0.71> <FuncUnit> <Opcode : 'add' 'sub'> <InPorts = 2> <OutPorts = 1>
ST_1 : Operation 798 [1/1] (0.00ns)   --->   "%sext_ln17_115 = sext i10 %mult_168" [firmware/nnet_utils/nnet_dense_latency.h:17]   --->   Operation 798 'sext' 'sext_ln17_115' <Predicate = true> <Delay = 0.00>
ST_1 : Operation 799 [1/1] (0.00ns)   --->   "%tmp_795 = bitconcatenate i10 @_ssdm_op_BitConcatenate.i10.i6.i4, i6 %data_34_val_read, i4 0" [firmware/nnet_utils/nnet_mult.h:73->firmware/nnet_utils/nnet_dense_latency.h:42]   --->   Operation 799 'bitconcatenate' 'tmp_795' <Predicate = true> <Delay = 0.00>
ST_1 : Operation 800 [1/1] (0.00ns)   --->   "%zext_ln73_334 = zext i10 %tmp_795" [firmware/nnet_utils/nnet_mult.h:73->firmware/nnet_utils/nnet_dense_latency.h:42]   --->   Operation 800 'zext' 'zext_ln73_334' <Predicate = true> <Delay = 0.00>
ST_1 : Operation 801 [1/1] (0.72ns)   --->   "%mult_169 = sub i11 0, i11 %zext_ln73_334" [firmware/nnet_utils/nnet_mult.h:73->firmware/nnet_utils/nnet_dense_latency.h:42]   --->   Operation 801 'sub' 'mult_169' <Predicate = true> <Delay = 0.72> <CoreInst = "Adder">   --->   Core 1 'Adder' <Latency = 0> <II = 1> <Delay = 0.72> <FuncUnit> <Opcode : 'add' 'sub'> <InPorts = 2> <OutPorts = 1>
ST_1 : Operation 802 [1/1] (0.00ns)   --->   "%sext_ln17_116 = sext i11 %mult_169" [firmware/nnet_utils/nnet_dense_latency.h:17]   --->   Operation 802 'sext' 'sext_ln17_116' <Predicate = true> <Delay = 0.00>
ST_1 : Operation 803 [1/1] (0.00ns)   --->   "%zext_ln73_131 = zext i6 %data_35_val_read" [firmware/nnet_utils/nnet_mult.h:73->firmware/nnet_utils/nnet_dense_latency.h:42]   --->   Operation 803 'zext' 'zext_ln73_131' <Predicate = true> <Delay = 0.00>
ST_1 : Operation 804 [1/1] (0.00ns)   --->   "%zext_ln73_133 = zext i6 %data_35_val_read" [firmware/nnet_utils/nnet_mult.h:73->firmware/nnet_utils/nnet_dense_latency.h:42]   --->   Operation 804 'zext' 'zext_ln73_133' <Predicate = true> <Delay = 0.00>
ST_1 : Operation 805 [1/1] (0.00ns)   --->   "%zext_ln73_134 = zext i6 %data_35_val_read" [firmware/nnet_utils/nnet_mult.h:73->firmware/nnet_utils/nnet_dense_latency.h:42]   --->   Operation 805 'zext' 'zext_ln73_134' <Predicate = true> <Delay = 0.00>
ST_1 : Operation 806 [1/1] (0.00ns)   --->   "%mult_170 = bitconcatenate i7 @_ssdm_op_BitConcatenate.i7.i6.i1, i6 %data_35_val_read, i1 0" [firmware/nnet_utils/nnet_mult.h:73->firmware/nnet_utils/nnet_dense_latency.h:42]   --->   Operation 806 'bitconcatenate' 'mult_170' <Predicate = true> <Delay = 0.00>
ST_1 : Operation 807 [1/1] (0.00ns)   --->   "%zext_ln17_52 = zext i7 %mult_170" [firmware/nnet_utils/nnet_dense_latency.h:17]   --->   Operation 807 'zext' 'zext_ln17_52' <Predicate = true> <Delay = 0.00>
ST_1 : Operation 808 [1/1] (1.23ns)   --->   "%mul_ln73_13 = mul i11 %zext_ln73_133, i11 27" [firmware/nnet_utils/nnet_mult.h:73->firmware/nnet_utils/nnet_dense_latency.h:42]   --->   Operation 808 'mul' 'mul_ln73_13' <Predicate = true> <Delay = 1.23> <CoreInst = "Multiplier">   --->   Core 3 'Multiplier' <Latency = 0> <II = 1> <Delay = 1.23> <FuncUnit> <Opcode : 'mul'> <InPorts = 2> <OutPorts = 1>
ST_1 : Operation 809 [1/1] (0.00ns)   --->   "%mult_174 = bitconcatenate i9 @_ssdm_op_BitConcatenate.i9.i6.i3, i6 %data_35_val_read, i3 0" [firmware/nnet_utils/nnet_mult.h:73->firmware/nnet_utils/nnet_dense_latency.h:42]   --->   Operation 809 'bitconcatenate' 'mult_174' <Predicate = true> <Delay = 0.00>
ST_1 : Operation 810 [1/1] (0.00ns)   --->   "%zext_ln73_335 = zext i9 %mult_174" [firmware/nnet_utils/nnet_mult.h:73->firmware/nnet_utils/nnet_dense_latency.h:42]   --->   Operation 810 'zext' 'zext_ln73_335' <Predicate = true> <Delay = 0.00>
ST_1 : Operation 811 [1/1] (0.00ns)   --->   "%zext_ln73_336 = zext i7 %mult_170" [firmware/nnet_utils/nnet_mult.h:73->firmware/nnet_utils/nnet_dense_latency.h:42]   --->   Operation 811 'zext' 'zext_ln73_336' <Predicate = true> <Delay = 0.00>
ST_1 : Operation 812 [1/1] (0.71ns)   --->   "%mult_171 = sub i10 %zext_ln73_336, i10 %zext_ln73_335" [firmware/nnet_utils/nnet_mult.h:73->firmware/nnet_utils/nnet_dense_latency.h:42]   --->   Operation 812 'sub' 'mult_171' <Predicate = true> <Delay = 0.71> <CoreInst = "Adder">   --->   Core 1 'Adder' <Latency = 0> <II = 1> <Delay = 0.71> <FuncUnit> <Opcode : 'add' 'sub'> <InPorts = 2> <OutPorts = 1>
ST_1 : Operation 813 [1/1] (0.00ns)   --->   "%sext_ln17_117 = sext i10 %mult_171" [firmware/nnet_utils/nnet_dense_latency.h:17]   --->   Operation 813 'sext' 'sext_ln17_117' <Predicate = true> <Delay = 0.00>
ST_1 : Operation 814 [1/1] (0.00ns)   --->   "%tmp_797 = bitconcatenate i8 @_ssdm_op_BitConcatenate.i8.i6.i2, i6 %data_35_val_read, i2 0" [firmware/nnet_utils/nnet_mult.h:73->firmware/nnet_utils/nnet_dense_latency.h:42]   --->   Operation 814 'bitconcatenate' 'tmp_797' <Predicate = true> <Delay = 0.00>
ST_1 : Operation 815 [1/1] (0.00ns)   --->   "%zext_ln73_337 = zext i8 %tmp_797" [firmware/nnet_utils/nnet_mult.h:73->firmware/nnet_utils/nnet_dense_latency.h:42]   --->   Operation 815 'zext' 'zext_ln73_337' <Predicate = true> <Delay = 0.00>
ST_1 : Operation 816 [1/1] (0.70ns)   --->   "%mult_172 = sub i9 %zext_ln73_131, i9 %zext_ln73_337" [firmware/nnet_utils/nnet_mult.h:73->firmware/nnet_utils/nnet_dense_latency.h:42]   --->   Operation 816 'sub' 'mult_172' <Predicate = true> <Delay = 0.70> <CoreInst = "Adder">   --->   Core 1 'Adder' <Latency = 0> <II = 1> <Delay = 0.70> <FuncUnit> <Opcode : 'add' 'sub'> <InPorts = 2> <OutPorts = 1>
ST_1 : Operation 817 [1/1] (0.00ns)   --->   "%sext_ln17_118 = sext i9 %mult_172" [firmware/nnet_utils/nnet_dense_latency.h:17]   --->   Operation 817 'sext' 'sext_ln17_118' <Predicate = true> <Delay = 0.00>
ST_1 : Operation 818 [1/1] (0.70ns)   --->   "%add_ln73_34 = add i9 %zext_ln73_337, i9 %zext_ln73_131" [firmware/nnet_utils/nnet_mult.h:73->firmware/nnet_utils/nnet_dense_latency.h:42]   --->   Operation 818 'add' 'add_ln73_34' <Predicate = true> <Delay = 0.70> <CoreInst = "Adder">   --->   Core 1 'Adder' <Latency = 0> <II = 1> <Delay = 0.70> <FuncUnit> <Opcode : 'add' 'sub'> <InPorts = 2> <OutPorts = 1>
ST_1 : Operation 819 [1/1] (0.70ns)   --->   "%mult_173 = sub i7 0, i7 %zext_ln73_134" [firmware/nnet_utils/nnet_mult.h:73->firmware/nnet_utils/nnet_dense_latency.h:42]   --->   Operation 819 'sub' 'mult_173' <Predicate = true> <Delay = 0.70> <CoreInst = "Adder">   --->   Core 1 'Adder' <Latency = 0> <II = 1> <Delay = 0.70> <FuncUnit> <Opcode : 'add' 'sub'> <InPorts = 2> <OutPorts = 1>
ST_1 : Operation 820 [1/1] (0.00ns)   --->   "%sext_ln17_119 = sext i7 %mult_173" [firmware/nnet_utils/nnet_dense_latency.h:17]   --->   Operation 820 'sext' 'sext_ln17_119' <Predicate = true> <Delay = 0.00>
ST_1 : Operation 821 [1/1] (0.71ns)   --->   "%sub_ln73_182 = sub i9 %mult_174, i9 %zext_ln17_52" [firmware/nnet_utils/nnet_mult.h:73->firmware/nnet_utils/nnet_dense_latency.h:42]   --->   Operation 821 'sub' 'sub_ln73_182' <Predicate = true> <Delay = 0.71> <CoreInst = "Adder">   --->   Core 1 'Adder' <Latency = 0> <II = 1> <Delay = 0.71> <FuncUnit> <Opcode : 'add' 'sub'> <InPorts = 2> <OutPorts = 1>
ST_1 : Operation 822 [1/1] (0.00ns)   --->   "%zext_ln73_136 = zext i6 %data_36_val_read" [firmware/nnet_utils/nnet_mult.h:73->firmware/nnet_utils/nnet_dense_latency.h:42]   --->   Operation 822 'zext' 'zext_ln73_136' <Predicate = true> <Delay = 0.00>
ST_1 : Operation 823 [1/1] (0.00ns)   --->   "%zext_ln73_137 = zext i6 %data_36_val_read" [firmware/nnet_utils/nnet_mult.h:73->firmware/nnet_utils/nnet_dense_latency.h:42]   --->   Operation 823 'zext' 'zext_ln73_137' <Predicate = true> <Delay = 0.00>
ST_1 : Operation 824 [1/1] (0.00ns)   --->   "%zext_ln73_138 = zext i6 %data_36_val_read" [firmware/nnet_utils/nnet_mult.h:73->firmware/nnet_utils/nnet_dense_latency.h:42]   --->   Operation 824 'zext' 'zext_ln73_138' <Predicate = true> <Delay = 0.00>
ST_1 : Operation 825 [1/1] (0.00ns)   --->   "%zext_ln73_139 = zext i6 %data_36_val_read" [firmware/nnet_utils/nnet_mult.h:73->firmware/nnet_utils/nnet_dense_latency.h:42]   --->   Operation 825 'zext' 'zext_ln73_139' <Predicate = true> <Delay = 0.00>
ST_1 : Operation 826 [1/1] (0.00ns)   --->   "%mult_177 = bitconcatenate i9 @_ssdm_op_BitConcatenate.i9.i6.i3, i6 %data_36_val_read, i3 0" [firmware/nnet_utils/nnet_mult.h:73->firmware/nnet_utils/nnet_dense_latency.h:42]   --->   Operation 826 'bitconcatenate' 'mult_177' <Predicate = true> <Delay = 0.00>
ST_1 : Operation 827 [1/1] (0.00ns)   --->   "%zext_ln73_338 = zext i9 %mult_177" [firmware/nnet_utils/nnet_mult.h:73->firmware/nnet_utils/nnet_dense_latency.h:42]   --->   Operation 827 'zext' 'zext_ln73_338' <Predicate = true> <Delay = 0.00>
ST_1 : Operation 828 [1/1] (0.00ns)   --->   "%mult_179 = bitconcatenate i7 @_ssdm_op_BitConcatenate.i7.i6.i1, i6 %data_36_val_read, i1 0" [firmware/nnet_utils/nnet_mult.h:73->firmware/nnet_utils/nnet_dense_latency.h:42]   --->   Operation 828 'bitconcatenate' 'mult_179' <Predicate = true> <Delay = 0.00>
ST_1 : Operation 829 [1/1] (0.00ns)   --->   "%zext_ln73_339 = zext i7 %mult_179" [firmware/nnet_utils/nnet_mult.h:73->firmware/nnet_utils/nnet_dense_latency.h:42]   --->   Operation 829 'zext' 'zext_ln73_339' <Predicate = true> <Delay = 0.00>
ST_1 : Operation 830 [1/1] (0.71ns)   --->   "%add_ln73_35 = add i10 %zext_ln73_338, i10 %zext_ln73_339" [firmware/nnet_utils/nnet_mult.h:73->firmware/nnet_utils/nnet_dense_latency.h:42]   --->   Operation 830 'add' 'add_ln73_35' <Predicate = true> <Delay = 0.71> <CoreInst = "Adder">   --->   Core 1 'Adder' <Latency = 0> <II = 1> <Delay = 0.71> <FuncUnit> <Opcode : 'add' 'sub'> <InPorts = 2> <OutPorts = 1>
ST_1 : Operation 831 [1/1] (0.00ns)   --->   "%mult_180 = bitconcatenate i8 @_ssdm_op_BitConcatenate.i8.i6.i2, i6 %data_36_val_read, i2 0" [firmware/nnet_utils/nnet_mult.h:73->firmware/nnet_utils/nnet_dense_latency.h:42]   --->   Operation 831 'bitconcatenate' 'mult_180' <Predicate = true> <Delay = 0.00>
ST_1 : Operation 832 [1/1] (0.70ns)   --->   "%sub_ln73_183 = sub i8 %mult_180, i8 %zext_ln73_138" [firmware/nnet_utils/nnet_mult.h:73->firmware/nnet_utils/nnet_dense_latency.h:42]   --->   Operation 832 'sub' 'sub_ln73_183' <Predicate = true> <Delay = 0.70> <CoreInst = "Adder">   --->   Core 1 'Adder' <Latency = 0> <II = 1> <Delay = 0.70> <FuncUnit> <Opcode : 'add' 'sub'> <InPorts = 2> <OutPorts = 1>
ST_1 : Operation 833 [1/1] (0.70ns)   --->   "%mult_175 = sub i7 0, i7 %zext_ln73_137" [firmware/nnet_utils/nnet_mult.h:73->firmware/nnet_utils/nnet_dense_latency.h:42]   --->   Operation 833 'sub' 'mult_175' <Predicate = true> <Delay = 0.70> <CoreInst = "Adder">   --->   Core 1 'Adder' <Latency = 0> <II = 1> <Delay = 0.70> <FuncUnit> <Opcode : 'add' 'sub'> <InPorts = 2> <OutPorts = 1>
ST_1 : Operation 834 [1/1] (0.00ns)   --->   "%sext_ln17_120 = sext i7 %mult_175" [firmware/nnet_utils/nnet_dense_latency.h:17]   --->   Operation 834 'sext' 'sext_ln17_120' <Predicate = true> <Delay = 0.00>
ST_1 : Operation 835 [1/1] (1.23ns)   --->   "%mul_ln73_14 = mul i10 %zext_ln73_139, i10 13" [firmware/nnet_utils/nnet_mult.h:73->firmware/nnet_utils/nnet_dense_latency.h:42]   --->   Operation 835 'mul' 'mul_ln73_14' <Predicate = true> <Delay = 1.23> <CoreInst = "Multiplier">   --->   Core 3 'Multiplier' <Latency = 0> <II = 1> <Delay = 1.23> <FuncUnit> <Opcode : 'mul'> <InPorts = 2> <OutPorts = 1>
ST_1 : Operation 836 [1/1] (0.00ns)   --->   "%zext_ln73_340 = zext i8 %mult_180" [firmware/nnet_utils/nnet_mult.h:73->firmware/nnet_utils/nnet_dense_latency.h:42]   --->   Operation 836 'zext' 'zext_ln73_340' <Predicate = true> <Delay = 0.00>
ST_1 : Operation 837 [1/1] (0.00ns) (grouped into TernaryAdder)   --->   "%mult_176 = sub i9 %zext_ln73_136, i9 %zext_ln73_340" [firmware/nnet_utils/nnet_mult.h:73->firmware/nnet_utils/nnet_dense_latency.h:42]   --->   Operation 837 'sub' 'mult_176' <Predicate = true> <Delay = 0.00> <CoreInst = "TAddSub">   --->   Core 10 'TAddSub' <Latency = 0> <II = 1> <Delay = 0.34> <IPBlock> <Opcode : '' 'add' 'sub'> <InPorts = 3> <OutPorts = 1> <Sync> <CReg>
ST_1 : Operation 838 [1/1] (0.00ns)   --->   "%zext_ln73_341 = zext i7 %mult_179" [firmware/nnet_utils/nnet_mult.h:73->firmware/nnet_utils/nnet_dense_latency.h:42]   --->   Operation 838 'zext' 'zext_ln73_341' <Predicate = true> <Delay = 0.00>
ST_1 : Operation 839 [1/1] (0.00ns) (grouped into TernaryAdder)   --->   "%sub_ln73_186 = sub i9 %mult_177, i9 %zext_ln73_341" [firmware/nnet_utils/nnet_mult.h:73->firmware/nnet_utils/nnet_dense_latency.h:42]   --->   Operation 839 'sub' 'sub_ln73_186' <Predicate = true> <Delay = 0.00> <CoreInst = "TAddSub">   --->   Core 10 'TAddSub' <Latency = 0> <II = 1> <Delay = 0.34> <IPBlock> <Opcode : '' 'add' 'sub'> <InPorts = 3> <OutPorts = 1> <Sync> <CReg>
ST_1 : Operation 840 [1/1] (0.70ns)   --->   "%mult_178 = sub i9 0, i9 %zext_ln73_340" [firmware/nnet_utils/nnet_mult.h:73->firmware/nnet_utils/nnet_dense_latency.h:42]   --->   Operation 840 'sub' 'mult_178' <Predicate = true> <Delay = 0.70> <CoreInst = "Adder">   --->   Core 1 'Adder' <Latency = 0> <II = 1> <Delay = 0.70> <FuncUnit> <Opcode : 'add' 'sub'> <InPorts = 2> <OutPorts = 1>
ST_1 : Operation 841 [1/1] (0.00ns)   --->   "%sext_ln17_121 = sext i9 %mult_178" [firmware/nnet_utils/nnet_dense_latency.h:17]   --->   Operation 841 'sext' 'sext_ln17_121' <Predicate = true> <Delay = 0.00>
ST_1 : Operation 842 [1/1] (0.00ns)   --->   "%zext_ln17_53 = zext i7 %mult_179" [firmware/nnet_utils/nnet_dense_latency.h:17]   --->   Operation 842 'zext' 'zext_ln17_53' <Predicate = true> <Delay = 0.00>
ST_1 : Operation 843 [1/1] (0.00ns)   --->   "%zext_ln17_54 = zext i8 %mult_180" [firmware/nnet_utils/nnet_dense_latency.h:17]   --->   Operation 843 'zext' 'zext_ln17_54' <Predicate = true> <Delay = 0.00>
ST_1 : Operation 844 [1/1] (0.70ns)   --->   "%add_ln73_36 = add i9 %zext_ln73_340, i9 %zext_ln73_136" [firmware/nnet_utils/nnet_mult.h:73->firmware/nnet_utils/nnet_dense_latency.h:42]   --->   Operation 844 'add' 'add_ln73_36' <Predicate = true> <Delay = 0.70> <CoreInst = "Adder">   --->   Core 1 'Adder' <Latency = 0> <II = 1> <Delay = 0.70> <FuncUnit> <Opcode : 'add' 'sub'> <InPorts = 2> <OutPorts = 1>
ST_1 : Operation 845 [1/1] (0.00ns)   --->   "%tmp_800 = bitconcatenate i10 @_ssdm_op_BitConcatenate.i10.i6.i4, i6 %data_36_val_read, i4 0" [firmware/nnet_utils/nnet_mult.h:73->firmware/nnet_utils/nnet_dense_latency.h:42]   --->   Operation 845 'bitconcatenate' 'tmp_800' <Predicate = true> <Delay = 0.00>
ST_1 : Operation 846 [1/1] (0.00ns)   --->   "%zext_ln73_342 = zext i10 %tmp_800" [firmware/nnet_utils/nnet_mult.h:73->firmware/nnet_utils/nnet_dense_latency.h:42]   --->   Operation 846 'zext' 'zext_ln73_342' <Predicate = true> <Delay = 0.00>
ST_1 : Operation 847 [1/1] (0.72ns)   --->   "%mult_181 = sub i11 0, i11 %zext_ln73_342" [firmware/nnet_utils/nnet_mult.h:73->firmware/nnet_utils/nnet_dense_latency.h:42]   --->   Operation 847 'sub' 'mult_181' <Predicate = true> <Delay = 0.72> <CoreInst = "Adder">   --->   Core 1 'Adder' <Latency = 0> <II = 1> <Delay = 0.72> <FuncUnit> <Opcode : 'add' 'sub'> <InPorts = 2> <OutPorts = 1>
ST_1 : Operation 848 [1/1] (0.00ns)   --->   "%sext_ln17_122 = sext i11 %mult_181" [firmware/nnet_utils/nnet_dense_latency.h:17]   --->   Operation 848 'sext' 'sext_ln17_122' <Predicate = true> <Delay = 0.00>
ST_1 : Operation 849 [1/1] (0.00ns)   --->   "%zext_ln73_140 = zext i6 %data_37_val_read" [firmware/nnet_utils/nnet_mult.h:73->firmware/nnet_utils/nnet_dense_latency.h:42]   --->   Operation 849 'zext' 'zext_ln73_140' <Predicate = true> <Delay = 0.00>
ST_1 : Operation 850 [1/1] (0.00ns)   --->   "%zext_ln73_141 = zext i6 %data_37_val_read" [firmware/nnet_utils/nnet_mult.h:73->firmware/nnet_utils/nnet_dense_latency.h:42]   --->   Operation 850 'zext' 'zext_ln73_141' <Predicate = true> <Delay = 0.00>
ST_1 : Operation 851 [1/1] (0.00ns)   --->   "%zext_ln73_142 = zext i6 %data_37_val_read" [firmware/nnet_utils/nnet_mult.h:73->firmware/nnet_utils/nnet_dense_latency.h:42]   --->   Operation 851 'zext' 'zext_ln73_142' <Predicate = true> <Delay = 0.00>
ST_1 : Operation 852 [1/1] (0.00ns)   --->   "%zext_ln73_143 = zext i6 %data_37_val_read" [firmware/nnet_utils/nnet_mult.h:73->firmware/nnet_utils/nnet_dense_latency.h:42]   --->   Operation 852 'zext' 'zext_ln73_143' <Predicate = true> <Delay = 0.00>
ST_1 : Operation 853 [1/1] (0.00ns)   --->   "%zext_ln73_144 = zext i6 %data_37_val_read" [firmware/nnet_utils/nnet_mult.h:73->firmware/nnet_utils/nnet_dense_latency.h:42]   --->   Operation 853 'zext' 'zext_ln73_144' <Predicate = true> <Delay = 0.00>
ST_1 : Operation 854 [1/1] (1.23ns)   --->   "%mul_ln73_15 = mul i11 %zext_ln73_144, i11 25" [firmware/nnet_utils/nnet_mult.h:73->firmware/nnet_utils/nnet_dense_latency.h:42]   --->   Operation 854 'mul' 'mul_ln73_15' <Predicate = true> <Delay = 1.23> <CoreInst = "Multiplier">   --->   Core 3 'Multiplier' <Latency = 0> <II = 1> <Delay = 1.23> <FuncUnit> <Opcode : 'mul'> <InPorts = 2> <OutPorts = 1>
ST_1 : Operation 855 [1/1] (0.00ns)   --->   "%mult_183 = bitconcatenate i7 @_ssdm_op_BitConcatenate.i7.i6.i1, i6 %data_37_val_read, i1 0" [firmware/nnet_utils/nnet_mult.h:73->firmware/nnet_utils/nnet_dense_latency.h:42]   --->   Operation 855 'bitconcatenate' 'mult_183' <Predicate = true> <Delay = 0.00>
ST_1 : Operation 856 [1/1] (0.00ns)   --->   "%zext_ln73_343 = zext i7 %mult_183" [firmware/nnet_utils/nnet_mult.h:73->firmware/nnet_utils/nnet_dense_latency.h:42]   --->   Operation 856 'zext' 'zext_ln73_343' <Predicate = true> <Delay = 0.00>
ST_1 : Operation 857 [1/1] (0.70ns)   --->   "%mult_182 = sub i8 0, i8 %zext_ln73_343" [firmware/nnet_utils/nnet_mult.h:73->firmware/nnet_utils/nnet_dense_latency.h:42]   --->   Operation 857 'sub' 'mult_182' <Predicate = true> <Delay = 0.70> <CoreInst = "Adder">   --->   Core 1 'Adder' <Latency = 0> <II = 1> <Delay = 0.70> <FuncUnit> <Opcode : 'add' 'sub'> <InPorts = 2> <OutPorts = 1>
ST_1 : Operation 858 [1/1] (0.00ns)   --->   "%sext_ln17_123 = sext i8 %mult_182" [firmware/nnet_utils/nnet_dense_latency.h:17]   --->   Operation 858 'sext' 'sext_ln17_123' <Predicate = true> <Delay = 0.00>
ST_1 : Operation 859 [1/1] (0.00ns)   --->   "%zext_ln17_55 = zext i7 %mult_183" [firmware/nnet_utils/nnet_dense_latency.h:17]   --->   Operation 859 'zext' 'zext_ln17_55' <Predicate = true> <Delay = 0.00>
ST_1 : Operation 860 [1/1] (0.70ns)   --->   "%mult_184 = sub i7 0, i7 %zext_ln73_142" [firmware/nnet_utils/nnet_mult.h:73->firmware/nnet_utils/nnet_dense_latency.h:42]   --->   Operation 860 'sub' 'mult_184' <Predicate = true> <Delay = 0.70> <CoreInst = "Adder">   --->   Core 1 'Adder' <Latency = 0> <II = 1> <Delay = 0.70> <FuncUnit> <Opcode : 'add' 'sub'> <InPorts = 2> <OutPorts = 1>
ST_1 : Operation 861 [1/1] (0.00ns)   --->   "%sext_ln17_124 = sext i7 %mult_184" [firmware/nnet_utils/nnet_dense_latency.h:17]   --->   Operation 861 'sext' 'sext_ln17_124' <Predicate = true> <Delay = 0.00>
ST_1 : Operation 862 [1/1] (0.00ns)   --->   "%sext_ln17_125 = sext i7 %mult_184" [firmware/nnet_utils/nnet_dense_latency.h:17]   --->   Operation 862 'sext' 'sext_ln17_125' <Predicate = true> <Delay = 0.00>
ST_1 : Operation 863 [1/1] (0.00ns)   --->   "%tmp_802 = bitconcatenate i10 @_ssdm_op_BitConcatenate.i10.i6.i4, i6 %data_37_val_read, i4 0" [firmware/nnet_utils/nnet_mult.h:73->firmware/nnet_utils/nnet_dense_latency.h:42]   --->   Operation 863 'bitconcatenate' 'tmp_802' <Predicate = true> <Delay = 0.00>
ST_1 : Operation 864 [1/1] (0.00ns)   --->   "%zext_ln73_344 = zext i10 %tmp_802" [firmware/nnet_utils/nnet_mult.h:73->firmware/nnet_utils/nnet_dense_latency.h:42]   --->   Operation 864 'zext' 'zext_ln73_344' <Predicate = true> <Delay = 0.00>
ST_1 : Operation 865 [1/1] (0.72ns)   --->   "%add_ln73_37 = add i11 %zext_ln73_344, i11 %zext_ln73_144" [firmware/nnet_utils/nnet_mult.h:73->firmware/nnet_utils/nnet_dense_latency.h:42]   --->   Operation 865 'add' 'add_ln73_37' <Predicate = true> <Delay = 0.72> <CoreInst = "Adder">   --->   Core 1 'Adder' <Latency = 0> <II = 1> <Delay = 0.72> <FuncUnit> <Opcode : 'add' 'sub'> <InPorts = 2> <OutPorts = 1>
ST_1 : Operation 866 [1/1] (0.00ns)   --->   "%tmp_803 = bitconcatenate i8 @_ssdm_op_BitConcatenate.i8.i6.i2, i6 %data_37_val_read, i2 0" [firmware/nnet_utils/nnet_mult.h:73->firmware/nnet_utils/nnet_dense_latency.h:42]   --->   Operation 866 'bitconcatenate' 'tmp_803' <Predicate = true> <Delay = 0.00>
ST_1 : Operation 867 [1/1] (0.00ns)   --->   "%zext_ln73_345 = zext i8 %tmp_803" [firmware/nnet_utils/nnet_mult.h:73->firmware/nnet_utils/nnet_dense_latency.h:42]   --->   Operation 867 'zext' 'zext_ln73_345' <Predicate = true> <Delay = 0.00>
ST_1 : Operation 868 [1/1] (0.70ns)   --->   "%add_ln73_38 = add i9 %zext_ln73_345, i9 %zext_ln73_141" [firmware/nnet_utils/nnet_mult.h:73->firmware/nnet_utils/nnet_dense_latency.h:42]   --->   Operation 868 'add' 'add_ln73_38' <Predicate = true> <Delay = 0.70> <CoreInst = "Adder">   --->   Core 1 'Adder' <Latency = 0> <II = 1> <Delay = 0.70> <FuncUnit> <Opcode : 'add' 'sub'> <InPorts = 2> <OutPorts = 1>
ST_1 : Operation 869 [1/1] (0.00ns)   --->   "%mult_185 = bitconcatenate i9 @_ssdm_op_BitConcatenate.i9.i6.i3, i6 %data_37_val_read, i3 0" [firmware/nnet_utils/nnet_mult.h:73->firmware/nnet_utils/nnet_dense_latency.h:42]   --->   Operation 869 'bitconcatenate' 'mult_185' <Predicate = true> <Delay = 0.00>
ST_1 : Operation 870 [1/1] (0.00ns)   --->   "%zext_ln17_56 = zext i9 %mult_185" [firmware/nnet_utils/nnet_dense_latency.h:17]   --->   Operation 870 'zext' 'zext_ln17_56' <Predicate = true> <Delay = 0.00>
ST_1 : Operation 871 [1/1] (0.71ns)   --->   "%sub_ln73_191 = sub i11 0, i11 %zext_ln17_56" [firmware/nnet_utils/nnet_mult.h:73->firmware/nnet_utils/nnet_dense_latency.h:42]   --->   Operation 871 'sub' 'sub_ln73_191' <Predicate = true> <Delay = 0.71> <CoreInst = "Adder">   --->   Core 1 'Adder' <Latency = 0> <II = 1> <Delay = 0.71> <FuncUnit> <Opcode : 'add' 'sub'> <InPorts = 2> <OutPorts = 1>
ST_1 : Operation 872 [1/1] (0.00ns) (grouped into TernaryAdder)   --->   "%mult_186 = sub i11 %sub_ln73_191, i11 %zext_ln73_144" [firmware/nnet_utils/nnet_mult.h:73->firmware/nnet_utils/nnet_dense_latency.h:42]   --->   Operation 872 'sub' 'mult_186' <Predicate = true> <Delay = 0.00> <CoreInst = "TAddSub">   --->   Core 10 'TAddSub' <Latency = 0> <II = 1> <Delay = 0.34> <IPBlock> <Opcode : '' 'add' 'sub'> <InPorts = 3> <OutPorts = 1> <Sync> <CReg>
ST_1 : Operation 873 [1/1] (0.70ns)   --->   "%mult_187 = sub i9 %zext_ln73_141, i9 %zext_ln73_345" [firmware/nnet_utils/nnet_mult.h:73->firmware/nnet_utils/nnet_dense_latency.h:42]   --->   Operation 873 'sub' 'mult_187' <Predicate = true> <Delay = 0.70> <CoreInst = "Adder">   --->   Core 1 'Adder' <Latency = 0> <II = 1> <Delay = 0.70> <FuncUnit> <Opcode : 'add' 'sub'> <InPorts = 2> <OutPorts = 1>
ST_1 : Operation 874 [1/1] (0.00ns)   --->   "%sext_ln17_126 = sext i9 %mult_187" [firmware/nnet_utils/nnet_dense_latency.h:17]   --->   Operation 874 'sext' 'sext_ln17_126' <Predicate = true> <Delay = 0.00>
ST_1 : Operation 875 [1/1] (0.00ns)   --->   "%sext_ln17_127 = sext i9 %mult_187" [firmware/nnet_utils/nnet_dense_latency.h:17]   --->   Operation 875 'sext' 'sext_ln17_127' <Predicate = true> <Delay = 0.00>
ST_1 : Operation 876 [1/1] (0.00ns)   --->   "%zext_ln73_346 = zext i9 %mult_185" [firmware/nnet_utils/nnet_mult.h:73->firmware/nnet_utils/nnet_dense_latency.h:42]   --->   Operation 876 'zext' 'zext_ln73_346' <Predicate = true> <Delay = 0.00>
ST_1 : Operation 877 [1/1] (0.71ns)   --->   "%mult_188 = sub i10 %zext_ln73_140, i10 %zext_ln73_346" [firmware/nnet_utils/nnet_mult.h:73->firmware/nnet_utils/nnet_dense_latency.h:42]   --->   Operation 877 'sub' 'mult_188' <Predicate = true> <Delay = 0.71> <CoreInst = "Adder">   --->   Core 1 'Adder' <Latency = 0> <II = 1> <Delay = 0.71> <FuncUnit> <Opcode : 'add' 'sub'> <InPorts = 2> <OutPorts = 1>
ST_1 : Operation 878 [1/1] (0.00ns)   --->   "%sext_ln17_128 = sext i10 %mult_188" [firmware/nnet_utils/nnet_dense_latency.h:17]   --->   Operation 878 'sext' 'sext_ln17_128' <Predicate = true> <Delay = 0.00>
ST_1 : Operation 879 [1/1] (0.00ns)   --->   "%zext_ln73_145 = zext i6 %data_38_val_read" [firmware/nnet_utils/nnet_mult.h:73->firmware/nnet_utils/nnet_dense_latency.h:42]   --->   Operation 879 'zext' 'zext_ln73_145' <Predicate = true> <Delay = 0.00>
ST_1 : Operation 880 [1/1] (0.00ns)   --->   "%zext_ln73_146 = zext i6 %data_38_val_read" [firmware/nnet_utils/nnet_mult.h:73->firmware/nnet_utils/nnet_dense_latency.h:42]   --->   Operation 880 'zext' 'zext_ln73_146' <Predicate = true> <Delay = 0.00>
ST_1 : Operation 881 [1/1] (0.00ns)   --->   "%zext_ln73_147 = zext i6 %data_38_val_read" [firmware/nnet_utils/nnet_mult.h:73->firmware/nnet_utils/nnet_dense_latency.h:42]   --->   Operation 881 'zext' 'zext_ln73_147' <Predicate = true> <Delay = 0.00>
ST_1 : Operation 882 [1/1] (0.00ns)   --->   "%zext_ln73_148 = zext i6 %data_38_val_read" [firmware/nnet_utils/nnet_mult.h:73->firmware/nnet_utils/nnet_dense_latency.h:42]   --->   Operation 882 'zext' 'zext_ln73_148' <Predicate = true> <Delay = 0.00>
ST_1 : Operation 883 [1/1] (0.00ns)   --->   "%p_shl17 = bitconcatenate i10 @_ssdm_op_BitConcatenate.i10.i6.i4, i6 %data_38_val_read, i4 0" [firmware/nnet_utils/nnet_mult.h:73->firmware/nnet_utils/nnet_dense_latency.h:42]   --->   Operation 883 'bitconcatenate' 'p_shl17' <Predicate = true> <Delay = 0.00>
ST_1 : Operation 884 [1/1] (0.00ns)   --->   "%tmp_804 = bitconcatenate i8 @_ssdm_op_BitConcatenate.i8.i6.i2, i6 %data_38_val_read, i2 0" [firmware/nnet_utils/nnet_mult.h:73->firmware/nnet_utils/nnet_dense_latency.h:42]   --->   Operation 884 'bitconcatenate' 'tmp_804' <Predicate = true> <Delay = 0.00>
ST_1 : Operation 885 [1/1] (0.00ns)   --->   "%zext_ln73_347 = zext i8 %tmp_804" [firmware/nnet_utils/nnet_mult.h:73->firmware/nnet_utils/nnet_dense_latency.h:42]   --->   Operation 885 'zext' 'zext_ln73_347' <Predicate = true> <Delay = 0.00>
ST_1 : Operation 886 [1/1] (0.72ns)   --->   "%sub_ln73_195 = sub i10 %p_shl17, i10 %zext_ln73_347" [firmware/nnet_utils/nnet_mult.h:73->firmware/nnet_utils/nnet_dense_latency.h:42]   --->   Operation 886 'sub' 'sub_ln73_195' <Predicate = true> <Delay = 0.72> <CoreInst = "Adder">   --->   Core 1 'Adder' <Latency = 0> <II = 1> <Delay = 0.72> <FuncUnit> <Opcode : 'add' 'sub'> <InPorts = 2> <OutPorts = 1>
ST_1 : Operation 887 [1/1] (0.00ns)   --->   "%mult_189 = bitconcatenate i7 @_ssdm_op_BitConcatenate.i7.i6.i1, i6 %data_38_val_read, i1 0" [firmware/nnet_utils/nnet_mult.h:73->firmware/nnet_utils/nnet_dense_latency.h:42]   --->   Operation 887 'bitconcatenate' 'mult_189' <Predicate = true> <Delay = 0.00>
ST_1 : Operation 888 [1/1] (0.00ns)   --->   "%zext_ln17_57 = zext i7 %mult_189" [firmware/nnet_utils/nnet_dense_latency.h:17]   --->   Operation 888 'zext' 'zext_ln17_57' <Predicate = true> <Delay = 0.00>
ST_1 : Operation 889 [1/1] (0.00ns)   --->   "%zext_ln17_58 = zext i7 %mult_189" [firmware/nnet_utils/nnet_dense_latency.h:17]   --->   Operation 889 'zext' 'zext_ln17_58' <Predicate = true> <Delay = 0.00>
ST_1 : Operation 890 [1/1] (0.00ns)   --->   "%zext_ln73_348 = zext i7 %mult_189" [firmware/nnet_utils/nnet_mult.h:73->firmware/nnet_utils/nnet_dense_latency.h:42]   --->   Operation 890 'zext' 'zext_ln73_348' <Predicate = true> <Delay = 0.00>
ST_1 : Operation 891 [1/1] (0.70ns)   --->   "%mult_190 = sub i8 0, i8 %zext_ln73_348" [firmware/nnet_utils/nnet_mult.h:73->firmware/nnet_utils/nnet_dense_latency.h:42]   --->   Operation 891 'sub' 'mult_190' <Predicate = true> <Delay = 0.70> <CoreInst = "Adder">   --->   Core 1 'Adder' <Latency = 0> <II = 1> <Delay = 0.70> <FuncUnit> <Opcode : 'add' 'sub'> <InPorts = 2> <OutPorts = 1>
ST_1 : Operation 892 [1/1] (0.00ns)   --->   "%sext_ln17_129 = sext i8 %mult_190" [firmware/nnet_utils/nnet_dense_latency.h:17]   --->   Operation 892 'sext' 'sext_ln17_129' <Predicate = true> <Delay = 0.00>
ST_1 : Operation 893 [1/1] (0.72ns)   --->   "%sub_ln73_197 = sub i10 %p_shl17, i10 %zext_ln17_58" [firmware/nnet_utils/nnet_mult.h:73->firmware/nnet_utils/nnet_dense_latency.h:42]   --->   Operation 893 'sub' 'sub_ln73_197' <Predicate = true> <Delay = 0.72> <CoreInst = "Adder">   --->   Core 1 'Adder' <Latency = 0> <II = 1> <Delay = 0.72> <FuncUnit> <Opcode : 'add' 'sub'> <InPorts = 2> <OutPorts = 1>
ST_1 : Operation 894 [1/1] (0.00ns) (grouped into TernaryAdder)   --->   "%sub_ln73_198 = sub i10 0, i10 %zext_ln73_347" [firmware/nnet_utils/nnet_mult.h:73->firmware/nnet_utils/nnet_dense_latency.h:42]   --->   Operation 894 'sub' 'sub_ln73_198' <Predicate = true> <Delay = 0.00> <CoreInst = "TAddSub">   --->   Core 10 'TAddSub' <Latency = 0> <II = 1> <Delay = 0.34> <IPBlock> <Opcode : '' 'add' 'sub'> <InPorts = 3> <OutPorts = 1> <Sync> <CReg>
ST_1 : Operation 895 [1/1] (0.81ns) (root node of TernaryAdder)   --->   "%mult_191 = sub i10 %sub_ln73_198, i10 %zext_ln73_148" [firmware/nnet_utils/nnet_mult.h:73->firmware/nnet_utils/nnet_dense_latency.h:42]   --->   Operation 895 'sub' 'mult_191' <Predicate = true> <Delay = 0.81> <CoreInst = "TAddSub">   --->   Core 10 'TAddSub' <Latency = 0> <II = 1> <Delay = 0.34> <IPBlock> <Opcode : '' 'add' 'sub'> <InPorts = 3> <OutPorts = 1> <Sync> <CReg>
ST_1 : Operation 896 [1/1] (0.00ns)   --->   "%sext_ln17_130 = sext i10 %mult_191" [firmware/nnet_utils/nnet_dense_latency.h:17]   --->   Operation 896 'sext' 'sext_ln17_130' <Predicate = true> <Delay = 0.00>
ST_1 : Operation 897 [1/1] (0.70ns)   --->   "%mult_192 = sub i7 0, i7 %zext_ln73_147" [firmware/nnet_utils/nnet_mult.h:73->firmware/nnet_utils/nnet_dense_latency.h:42]   --->   Operation 897 'sub' 'mult_192' <Predicate = true> <Delay = 0.70> <CoreInst = "Adder">   --->   Core 1 'Adder' <Latency = 0> <II = 1> <Delay = 0.70> <FuncUnit> <Opcode : 'add' 'sub'> <InPorts = 2> <OutPorts = 1>
ST_1 : Operation 898 [1/1] (0.00ns)   --->   "%sext_ln17_131 = sext i7 %mult_192" [firmware/nnet_utils/nnet_dense_latency.h:17]   --->   Operation 898 'sext' 'sext_ln17_131' <Predicate = true> <Delay = 0.00>
ST_1 : Operation 899 [1/1] (0.70ns)   --->   "%sub_ln73_201 = sub i8 %tmp_804, i8 %zext_ln73_146" [firmware/nnet_utils/nnet_mult.h:73->firmware/nnet_utils/nnet_dense_latency.h:42]   --->   Operation 899 'sub' 'sub_ln73_201' <Predicate = true> <Delay = 0.70> <CoreInst = "Adder">   --->   Core 1 'Adder' <Latency = 0> <II = 1> <Delay = 0.70> <FuncUnit> <Opcode : 'add' 'sub'> <InPorts = 2> <OutPorts = 1>
ST_1 : Operation 900 [1/1] (0.00ns)   --->   "%tmp_805 = bitconcatenate i9 @_ssdm_op_BitConcatenate.i9.i6.i3, i6 %data_38_val_read, i3 0" [firmware/nnet_utils/nnet_mult.h:73->firmware/nnet_utils/nnet_dense_latency.h:42]   --->   Operation 900 'bitconcatenate' 'tmp_805' <Predicate = true> <Delay = 0.00>
ST_1 : Operation 901 [1/1] (0.00ns)   --->   "%zext_ln73_349 = zext i9 %tmp_805" [firmware/nnet_utils/nnet_mult.h:73->firmware/nnet_utils/nnet_dense_latency.h:42]   --->   Operation 901 'zext' 'zext_ln73_349' <Predicate = true> <Delay = 0.00>
ST_1 : Operation 902 [1/1] (0.71ns)   --->   "%sub_ln73_202 = sub i11 0, i11 %zext_ln73_349" [firmware/nnet_utils/nnet_mult.h:73->firmware/nnet_utils/nnet_dense_latency.h:42]   --->   Operation 902 'sub' 'sub_ln73_202' <Predicate = true> <Delay = 0.71> <CoreInst = "Adder">   --->   Core 1 'Adder' <Latency = 0> <II = 1> <Delay = 0.71> <FuncUnit> <Opcode : 'add' 'sub'> <InPorts = 2> <OutPorts = 1>
ST_1 : Operation 903 [1/1] (0.00ns) (grouped into TernaryAdder)   --->   "%mult_193 = sub i11 %sub_ln73_202, i11 %zext_ln73_145" [firmware/nnet_utils/nnet_mult.h:73->firmware/nnet_utils/nnet_dense_latency.h:42]   --->   Operation 903 'sub' 'mult_193' <Predicate = true> <Delay = 0.00> <CoreInst = "TAddSub">   --->   Core 10 'TAddSub' <Latency = 0> <II = 1> <Delay = 0.34> <IPBlock> <Opcode : '' 'add' 'sub'> <InPorts = 3> <OutPorts = 1> <Sync> <CReg>
ST_1 : Operation 904 [1/1] (0.00ns)   --->   "%zext_ln73_350 = zext i10 %p_shl17" [firmware/nnet_utils/nnet_mult.h:73->firmware/nnet_utils/nnet_dense_latency.h:42]   --->   Operation 904 'zext' 'zext_ln73_350' <Predicate = true> <Delay = 0.00>
ST_1 : Operation 905 [1/1] (0.72ns)   --->   "%mult_194 = sub i11 %zext_ln73_145, i11 %zext_ln73_350" [firmware/nnet_utils/nnet_mult.h:73->firmware/nnet_utils/nnet_dense_latency.h:42]   --->   Operation 905 'sub' 'mult_194' <Predicate = true> <Delay = 0.72> <CoreInst = "Adder">   --->   Core 1 'Adder' <Latency = 0> <II = 1> <Delay = 0.72> <FuncUnit> <Opcode : 'add' 'sub'> <InPorts = 2> <OutPorts = 1>
ST_1 : Operation 906 [1/1] (0.00ns)   --->   "%sext_ln17_132 = sext i11 %mult_194" [firmware/nnet_utils/nnet_dense_latency.h:17]   --->   Operation 906 'sext' 'sext_ln17_132' <Predicate = true> <Delay = 0.00>
ST_1 : Operation 907 [1/1] (0.00ns)   --->   "%zext_ln73_149 = zext i6 %data_39_val_read" [firmware/nnet_utils/nnet_mult.h:73->firmware/nnet_utils/nnet_dense_latency.h:42]   --->   Operation 907 'zext' 'zext_ln73_149' <Predicate = true> <Delay = 0.00>
ST_1 : Operation 908 [1/1] (0.00ns)   --->   "%zext_ln73_150 = zext i6 %data_39_val_read" [firmware/nnet_utils/nnet_mult.h:73->firmware/nnet_utils/nnet_dense_latency.h:42]   --->   Operation 908 'zext' 'zext_ln73_150' <Predicate = true> <Delay = 0.00>
ST_1 : Operation 909 [1/1] (0.00ns)   --->   "%zext_ln73_152 = zext i6 %data_39_val_read" [firmware/nnet_utils/nnet_mult.h:73->firmware/nnet_utils/nnet_dense_latency.h:42]   --->   Operation 909 'zext' 'zext_ln73_152' <Predicate = true> <Delay = 0.00>
ST_1 : Operation 910 [1/1] (0.00ns)   --->   "%mult_195 = bitconcatenate i7 @_ssdm_op_BitConcatenate.i7.i6.i1, i6 %data_39_val_read, i1 0" [firmware/nnet_utils/nnet_mult.h:73->firmware/nnet_utils/nnet_dense_latency.h:42]   --->   Operation 910 'bitconcatenate' 'mult_195' <Predicate = true> <Delay = 0.00>
ST_1 : Operation 911 [1/1] (0.00ns)   --->   "%zext_ln17_59 = zext i7 %mult_195" [firmware/nnet_utils/nnet_dense_latency.h:17]   --->   Operation 911 'zext' 'zext_ln17_59' <Predicate = true> <Delay = 0.00>
ST_1 : Operation 912 [1/1] (0.00ns)   --->   "%zext_ln17_60 = zext i7 %mult_195" [firmware/nnet_utils/nnet_dense_latency.h:17]   --->   Operation 912 'zext' 'zext_ln17_60' <Predicate = true> <Delay = 0.00>
ST_1 : Operation 913 [1/1] (0.00ns)   --->   "%zext_ln73_351 = zext i7 %mult_195" [firmware/nnet_utils/nnet_mult.h:73->firmware/nnet_utils/nnet_dense_latency.h:42]   --->   Operation 913 'zext' 'zext_ln73_351' <Predicate = true> <Delay = 0.00>
ST_1 : Operation 914 [1/1] (0.70ns)   --->   "%mult_196 = sub i8 0, i8 %zext_ln73_351" [firmware/nnet_utils/nnet_mult.h:73->firmware/nnet_utils/nnet_dense_latency.h:42]   --->   Operation 914 'sub' 'mult_196' <Predicate = true> <Delay = 0.70> <CoreInst = "Adder">   --->   Core 1 'Adder' <Latency = 0> <II = 1> <Delay = 0.70> <FuncUnit> <Opcode : 'add' 'sub'> <InPorts = 2> <OutPorts = 1>
ST_1 : Operation 915 [1/1] (0.00ns)   --->   "%sext_ln17_133 = sext i8 %mult_196" [firmware/nnet_utils/nnet_dense_latency.h:17]   --->   Operation 915 'sext' 'sext_ln17_133' <Predicate = true> <Delay = 0.00>
ST_1 : Operation 916 [1/1] (0.00ns)   --->   "%tmp_806 = bitconcatenate i9 @_ssdm_op_BitConcatenate.i9.i6.i3, i6 %data_39_val_read, i3 0" [firmware/nnet_utils/nnet_mult.h:73->firmware/nnet_utils/nnet_dense_latency.h:42]   --->   Operation 916 'bitconcatenate' 'tmp_806' <Predicate = true> <Delay = 0.00>
ST_1 : Operation 917 [1/1] (0.00ns)   --->   "%zext_ln73_352 = zext i9 %tmp_806" [firmware/nnet_utils/nnet_mult.h:73->firmware/nnet_utils/nnet_dense_latency.h:42]   --->   Operation 917 'zext' 'zext_ln73_352' <Predicate = true> <Delay = 0.00>
ST_1 : Operation 918 [1/1] (0.71ns)   --->   "%mult_197 = sub i10 %zext_ln73_150, i10 %zext_ln73_352" [firmware/nnet_utils/nnet_mult.h:73->firmware/nnet_utils/nnet_dense_latency.h:42]   --->   Operation 918 'sub' 'mult_197' <Predicate = true> <Delay = 0.71> <CoreInst = "Adder">   --->   Core 1 'Adder' <Latency = 0> <II = 1> <Delay = 0.71> <FuncUnit> <Opcode : 'add' 'sub'> <InPorts = 2> <OutPorts = 1>
ST_1 : Operation 919 [1/1] (0.00ns)   --->   "%sext_ln17_134 = sext i10 %mult_197" [firmware/nnet_utils/nnet_dense_latency.h:17]   --->   Operation 919 'sext' 'sext_ln17_134' <Predicate = true> <Delay = 0.00>
ST_1 : Operation 920 [1/1] (1.23ns)   --->   "%mult_198 = mul i11 %zext_ln73_149, i11 2037" [firmware/nnet_utils/nnet_mult.h:73->firmware/nnet_utils/nnet_dense_latency.h:42]   --->   Operation 920 'mul' 'mult_198' <Predicate = true> <Delay = 1.23> <CoreInst = "Multiplier">   --->   Core 3 'Multiplier' <Latency = 0> <II = 1> <Delay = 1.23> <FuncUnit> <Opcode : 'mul'> <InPorts = 2> <OutPorts = 1>
ST_1 : Operation 921 [1/1] (0.70ns)   --->   "%mult_199 = sub i7 0, i7 %zext_ln73_152" [firmware/nnet_utils/nnet_mult.h:73->firmware/nnet_utils/nnet_dense_latency.h:42]   --->   Operation 921 'sub' 'mult_199' <Predicate = true> <Delay = 0.70> <CoreInst = "Adder">   --->   Core 1 'Adder' <Latency = 0> <II = 1> <Delay = 0.70> <FuncUnit> <Opcode : 'add' 'sub'> <InPorts = 2> <OutPorts = 1>
ST_1 : Operation 922 [1/1] (0.00ns)   --->   "%sext_ln17_135 = sext i7 %mult_199" [firmware/nnet_utils/nnet_dense_latency.h:17]   --->   Operation 922 'sext' 'sext_ln17_135' <Predicate = true> <Delay = 0.00>
ST_1 : Operation 923 [1/1] (0.00ns)   --->   "%zext_ln73_153 = zext i6 %data_40_val_read" [firmware/nnet_utils/nnet_mult.h:73->firmware/nnet_utils/nnet_dense_latency.h:42]   --->   Operation 923 'zext' 'zext_ln73_153' <Predicate = true> <Delay = 0.00>
ST_1 : Operation 924 [1/1] (0.00ns)   --->   "%zext_ln73_155 = zext i6 %data_40_val_read" [firmware/nnet_utils/nnet_mult.h:73->firmware/nnet_utils/nnet_dense_latency.h:42]   --->   Operation 924 'zext' 'zext_ln73_155' <Predicate = true> <Delay = 0.00>
ST_1 : Operation 925 [1/1] (0.00ns)   --->   "%zext_ln73_156 = zext i6 %data_40_val_read" [firmware/nnet_utils/nnet_mult.h:73->firmware/nnet_utils/nnet_dense_latency.h:42]   --->   Operation 925 'zext' 'zext_ln73_156' <Predicate = true> <Delay = 0.00>
ST_1 : Operation 926 [1/1] (0.00ns)   --->   "%zext_ln73_157 = zext i6 %data_40_val_read" [firmware/nnet_utils/nnet_mult.h:73->firmware/nnet_utils/nnet_dense_latency.h:42]   --->   Operation 926 'zext' 'zext_ln73_157' <Predicate = true> <Delay = 0.00>
ST_1 : Operation 927 [1/1] (0.00ns)   --->   "%p_shl18 = bitconcatenate i9 @_ssdm_op_BitConcatenate.i9.i6.i3, i6 %data_40_val_read, i3 0" [firmware/nnet_utils/nnet_mult.h:73->firmware/nnet_utils/nnet_dense_latency.h:42]   --->   Operation 927 'bitconcatenate' 'p_shl18' <Predicate = true> <Delay = 0.00>
ST_1 : Operation 928 [1/1] (0.71ns)   --->   "%sub_ln73_208 = sub i9 %p_shl18, i9 %zext_ln73_157" [firmware/nnet_utils/nnet_mult.h:73->firmware/nnet_utils/nnet_dense_latency.h:42]   --->   Operation 928 'sub' 'sub_ln73_208' <Predicate = true> <Delay = 0.71> <CoreInst = "Adder">   --->   Core 1 'Adder' <Latency = 0> <II = 1> <Delay = 0.71> <FuncUnit> <Opcode : 'add' 'sub'> <InPorts = 2> <OutPorts = 1>
ST_1 : Operation 929 [1/1] (0.00ns)   --->   "%zext_ln73_353 = zext i9 %p_shl18" [firmware/nnet_utils/nnet_mult.h:73->firmware/nnet_utils/nnet_dense_latency.h:42]   --->   Operation 929 'zext' 'zext_ln73_353' <Predicate = true> <Delay = 0.00>
ST_1 : Operation 930 [1/1] (0.71ns)   --->   "%sub_ln73_209 = sub i11 0, i11 %zext_ln73_353" [firmware/nnet_utils/nnet_mult.h:73->firmware/nnet_utils/nnet_dense_latency.h:42]   --->   Operation 930 'sub' 'sub_ln73_209' <Predicate = true> <Delay = 0.71> <CoreInst = "Adder">   --->   Core 1 'Adder' <Latency = 0> <II = 1> <Delay = 0.71> <FuncUnit> <Opcode : 'add' 'sub'> <InPorts = 2> <OutPorts = 1>
ST_1 : Operation 931 [1/1] (0.00ns) (grouped into TernaryAdder)   --->   "%mult_200 = sub i11 %sub_ln73_209, i11 %zext_ln73_156" [firmware/nnet_utils/nnet_mult.h:73->firmware/nnet_utils/nnet_dense_latency.h:42]   --->   Operation 931 'sub' 'mult_200' <Predicate = true> <Delay = 0.00> <CoreInst = "TAddSub">   --->   Core 10 'TAddSub' <Latency = 0> <II = 1> <Delay = 0.34> <IPBlock> <Opcode : '' 'add' 'sub'> <InPorts = 3> <OutPorts = 1> <Sync> <CReg>
ST_1 : Operation 932 [1/1] (0.00ns)   --->   "%tmp_807 = bitconcatenate i8 @_ssdm_op_BitConcatenate.i8.i6.i2, i6 %data_40_val_read, i2 0" [firmware/nnet_utils/nnet_mult.h:73->firmware/nnet_utils/nnet_dense_latency.h:42]   --->   Operation 932 'bitconcatenate' 'tmp_807' <Predicate = true> <Delay = 0.00>
ST_1 : Operation 933 [1/1] (0.00ns)   --->   "%zext_ln73_354 = zext i8 %tmp_807" [firmware/nnet_utils/nnet_mult.h:73->firmware/nnet_utils/nnet_dense_latency.h:42]   --->   Operation 933 'zext' 'zext_ln73_354' <Predicate = true> <Delay = 0.00>
ST_1 : Operation 934 [1/1] (0.00ns) (grouped into TernaryAdder)   --->   "%sub_ln73_211 = sub i10 0, i10 %zext_ln73_354" [firmware/nnet_utils/nnet_mult.h:73->firmware/nnet_utils/nnet_dense_latency.h:42]   --->   Operation 934 'sub' 'sub_ln73_211' <Predicate = true> <Delay = 0.00> <CoreInst = "TAddSub">   --->   Core 10 'TAddSub' <Latency = 0> <II = 1> <Delay = 0.34> <IPBlock> <Opcode : '' 'add' 'sub'> <InPorts = 3> <OutPorts = 1> <Sync> <CReg>
ST_1 : Operation 935 [1/1] (0.81ns) (root node of TernaryAdder)   --->   "%mult_201 = sub i10 %sub_ln73_211, i10 %zext_ln73_155" [firmware/nnet_utils/nnet_mult.h:73->firmware/nnet_utils/nnet_dense_latency.h:42]   --->   Operation 935 'sub' 'mult_201' <Predicate = true> <Delay = 0.81> <CoreInst = "TAddSub">   --->   Core 10 'TAddSub' <Latency = 0> <II = 1> <Delay = 0.34> <IPBlock> <Opcode : '' 'add' 'sub'> <InPorts = 3> <OutPorts = 1> <Sync> <CReg>
ST_1 : Operation 936 [1/1] (0.00ns)   --->   "%sext_ln17_136 = sext i10 %mult_201" [firmware/nnet_utils/nnet_dense_latency.h:17]   --->   Operation 936 'sext' 'sext_ln17_136' <Predicate = true> <Delay = 0.00>
ST_1 : Operation 937 [1/1] (0.00ns)   --->   "%zext_ln73_355 = zext i8 %tmp_807" [firmware/nnet_utils/nnet_mult.h:73->firmware/nnet_utils/nnet_dense_latency.h:42]   --->   Operation 937 'zext' 'zext_ln73_355' <Predicate = true> <Delay = 0.00>
ST_1 : Operation 938 [1/1] (0.00ns) (grouped into TernaryAdder)   --->   "%add_ln73_39 = add i9 %zext_ln73_355, i9 %zext_ln73_157" [firmware/nnet_utils/nnet_mult.h:73->firmware/nnet_utils/nnet_dense_latency.h:42]   --->   Operation 938 'add' 'add_ln73_39' <Predicate = true> <Delay = 0.00> <CoreInst = "TAddSub">   --->   Core 10 'TAddSub' <Latency = 0> <II = 1> <Delay = 0.34> <IPBlock> <Opcode : '' 'add' 'sub'> <InPorts = 3> <OutPorts = 1> <Sync> <CReg>
ST_1 : Operation 939 [1/1] (0.00ns)   --->   "%zext_ln73_356 = zext i9 %p_shl18" [firmware/nnet_utils/nnet_mult.h:73->firmware/nnet_utils/nnet_dense_latency.h:42]   --->   Operation 939 'zext' 'zext_ln73_356' <Predicate = true> <Delay = 0.00>
ST_1 : Operation 940 [1/1] (0.71ns)   --->   "%mult_202 = sub i10 0, i10 %zext_ln73_356" [firmware/nnet_utils/nnet_mult.h:73->firmware/nnet_utils/nnet_dense_latency.h:42]   --->   Operation 940 'sub' 'mult_202' <Predicate = true> <Delay = 0.71> <CoreInst = "Adder">   --->   Core 1 'Adder' <Latency = 0> <II = 1> <Delay = 0.71> <FuncUnit> <Opcode : 'add' 'sub'> <InPorts = 2> <OutPorts = 1>
ST_1 : Operation 941 [1/1] (0.00ns)   --->   "%sext_ln17_137 = sext i10 %mult_202" [firmware/nnet_utils/nnet_dense_latency.h:17]   --->   Operation 941 'sext' 'sext_ln17_137' <Predicate = true> <Delay = 0.00>
ST_1 : Operation 942 [1/1] (0.00ns)   --->   "%tmp_808 = bitconcatenate i7 @_ssdm_op_BitConcatenate.i7.i6.i1, i6 %data_40_val_read, i1 0" [firmware/nnet_utils/nnet_mult.h:73->firmware/nnet_utils/nnet_dense_latency.h:42]   --->   Operation 942 'bitconcatenate' 'tmp_808' <Predicate = true> <Delay = 0.00>
ST_1 : Operation 943 [1/1] (0.00ns)   --->   "%zext_ln73_357 = zext i7 %tmp_808" [firmware/nnet_utils/nnet_mult.h:73->firmware/nnet_utils/nnet_dense_latency.h:42]   --->   Operation 943 'zext' 'zext_ln73_357' <Predicate = true> <Delay = 0.00>
ST_1 : Operation 944 [1/1] (0.70ns)   --->   "%mult_203 = sub i8 0, i8 %zext_ln73_357" [firmware/nnet_utils/nnet_mult.h:73->firmware/nnet_utils/nnet_dense_latency.h:42]   --->   Operation 944 'sub' 'mult_203' <Predicate = true> <Delay = 0.70> <CoreInst = "Adder">   --->   Core 1 'Adder' <Latency = 0> <II = 1> <Delay = 0.70> <FuncUnit> <Opcode : 'add' 'sub'> <InPorts = 2> <OutPorts = 1>
ST_1 : Operation 945 [1/1] (0.00ns)   --->   "%sext_ln17_138 = sext i8 %mult_203" [firmware/nnet_utils/nnet_dense_latency.h:17]   --->   Operation 945 'sext' 'sext_ln17_138' <Predicate = true> <Delay = 0.00>
ST_1 : Operation 946 [1/1] (0.00ns)   --->   "%tmp_809 = bitconcatenate i10 @_ssdm_op_BitConcatenate.i10.i6.i4, i6 %data_40_val_read, i4 0" [firmware/nnet_utils/nnet_mult.h:73->firmware/nnet_utils/nnet_dense_latency.h:42]   --->   Operation 946 'bitconcatenate' 'tmp_809' <Predicate = true> <Delay = 0.00>
ST_1 : Operation 947 [1/1] (0.00ns)   --->   "%zext_ln73_358 = zext i10 %tmp_809" [firmware/nnet_utils/nnet_mult.h:73->firmware/nnet_utils/nnet_dense_latency.h:42]   --->   Operation 947 'zext' 'zext_ln73_358' <Predicate = true> <Delay = 0.00>
ST_1 : Operation 948 [1/1] (0.72ns)   --->   "%mult_204 = sub i11 0, i11 %zext_ln73_358" [firmware/nnet_utils/nnet_mult.h:73->firmware/nnet_utils/nnet_dense_latency.h:42]   --->   Operation 948 'sub' 'mult_204' <Predicate = true> <Delay = 0.72> <CoreInst = "Adder">   --->   Core 1 'Adder' <Latency = 0> <II = 1> <Delay = 0.72> <FuncUnit> <Opcode : 'add' 'sub'> <InPorts = 2> <OutPorts = 1>
ST_1 : Operation 949 [1/1] (0.00ns)   --->   "%sext_ln17_139 = sext i11 %mult_204" [firmware/nnet_utils/nnet_dense_latency.h:17]   --->   Operation 949 'sext' 'sext_ln17_139' <Predicate = true> <Delay = 0.00>
ST_1 : Operation 950 [1/1] (0.70ns)   --->   "%mult_205 = sub i7 0, i7 %zext_ln73_153" [firmware/nnet_utils/nnet_mult.h:73->firmware/nnet_utils/nnet_dense_latency.h:42]   --->   Operation 950 'sub' 'mult_205' <Predicate = true> <Delay = 0.70> <CoreInst = "Adder">   --->   Core 1 'Adder' <Latency = 0> <II = 1> <Delay = 0.70> <FuncUnit> <Opcode : 'add' 'sub'> <InPorts = 2> <OutPorts = 1>
ST_1 : Operation 951 [1/1] (0.00ns)   --->   "%sext_ln17_140 = sext i7 %mult_205" [firmware/nnet_utils/nnet_dense_latency.h:17]   --->   Operation 951 'sext' 'sext_ln17_140' <Predicate = true> <Delay = 0.00>
ST_1 : Operation 952 [1/1] (0.00ns)   --->   "%zext_ln73_359 = zext i7 %tmp_808" [firmware/nnet_utils/nnet_mult.h:73->firmware/nnet_utils/nnet_dense_latency.h:42]   --->   Operation 952 'zext' 'zext_ln73_359' <Predicate = true> <Delay = 0.00>
ST_1 : Operation 953 [1/1] (0.71ns)   --->   "%add_ln73_40 = add i10 %zext_ln73_356, i10 %zext_ln73_359" [firmware/nnet_utils/nnet_mult.h:73->firmware/nnet_utils/nnet_dense_latency.h:42]   --->   Operation 953 'add' 'add_ln73_40' <Predicate = true> <Delay = 0.71> <CoreInst = "Adder">   --->   Core 1 'Adder' <Latency = 0> <II = 1> <Delay = 0.71> <FuncUnit> <Opcode : 'add' 'sub'> <InPorts = 2> <OutPorts = 1>
ST_1 : Operation 954 [1/1] (0.00ns)   --->   "%zext_ln73_360 = zext i10 %tmp_809" [firmware/nnet_utils/nnet_mult.h:73->firmware/nnet_utils/nnet_dense_latency.h:42]   --->   Operation 954 'zext' 'zext_ln73_360' <Predicate = true> <Delay = 0.00>
ST_1 : Operation 955 [1/1] (0.72ns)   --->   "%sub_ln73_217 = sub i12 0, i12 %zext_ln73_360" [firmware/nnet_utils/nnet_mult.h:73->firmware/nnet_utils/nnet_dense_latency.h:42]   --->   Operation 955 'sub' 'sub_ln73_217' <Predicate = true> <Delay = 0.72> <CoreInst = "Adder">   --->   Core 1 'Adder' <Latency = 0> <II = 1> <Delay = 0.72> <FuncUnit> <Opcode : 'add' 'sub'> <InPorts = 2> <OutPorts = 1>
ST_1 : Operation 956 [1/1] (0.00ns)   --->   "%zext_ln73_361 = zext i7 %tmp_808" [firmware/nnet_utils/nnet_mult.h:73->firmware/nnet_utils/nnet_dense_latency.h:42]   --->   Operation 956 'zext' 'zext_ln73_361' <Predicate = true> <Delay = 0.00>
ST_1 : Operation 957 [1/1] (0.00ns) (grouped into TernaryAdder)   --->   "%mult_206 = sub i12 %sub_ln73_217, i12 %zext_ln73_361" [firmware/nnet_utils/nnet_mult.h:73->firmware/nnet_utils/nnet_dense_latency.h:42]   --->   Operation 957 'sub' 'mult_206' <Predicate = true> <Delay = 0.00> <CoreInst = "TAddSub">   --->   Core 10 'TAddSub' <Latency = 0> <II = 1> <Delay = 0.34> <IPBlock> <Opcode : '' 'add' 'sub'> <InPorts = 3> <OutPorts = 1> <Sync> <CReg>
ST_1 : Operation 958 [1/1] (0.00ns)   --->   "%zext_ln73_362 = zext i7 %tmp_808" [firmware/nnet_utils/nnet_mult.h:73->firmware/nnet_utils/nnet_dense_latency.h:42]   --->   Operation 958 'zext' 'zext_ln73_362' <Predicate = true> <Delay = 0.00>
ST_1 : Operation 959 [1/1] (0.71ns)   --->   "%sub_ln73_219 = sub i9 %p_shl18, i9 %zext_ln73_362" [firmware/nnet_utils/nnet_mult.h:73->firmware/nnet_utils/nnet_dense_latency.h:42]   --->   Operation 959 'sub' 'sub_ln73_219' <Predicate = true> <Delay = 0.71> <CoreInst = "Adder">   --->   Core 1 'Adder' <Latency = 0> <II = 1> <Delay = 0.71> <FuncUnit> <Opcode : 'add' 'sub'> <InPorts = 2> <OutPorts = 1>
ST_1 : Operation 960 [1/1] (0.00ns)   --->   "%zext_ln73_158 = zext i6 %data_41_val_read" [firmware/nnet_utils/nnet_mult.h:73->firmware/nnet_utils/nnet_dense_latency.h:42]   --->   Operation 960 'zext' 'zext_ln73_158' <Predicate = true> <Delay = 0.00>
ST_1 : Operation 961 [1/1] (0.00ns)   --->   "%zext_ln73_159 = zext i6 %data_41_val_read" [firmware/nnet_utils/nnet_mult.h:73->firmware/nnet_utils/nnet_dense_latency.h:42]   --->   Operation 961 'zext' 'zext_ln73_159' <Predicate = true> <Delay = 0.00>
ST_1 : Operation 962 [1/1] (0.00ns)   --->   "%zext_ln73_161 = zext i6 %data_41_val_read" [firmware/nnet_utils/nnet_mult.h:73->firmware/nnet_utils/nnet_dense_latency.h:42]   --->   Operation 962 'zext' 'zext_ln73_161' <Predicate = true> <Delay = 0.00>
ST_1 : Operation 963 [1/1] (0.00ns)   --->   "%tmp_810 = bitconcatenate i10 @_ssdm_op_BitConcatenate.i10.i6.i4, i6 %data_41_val_read, i4 0" [firmware/nnet_utils/nnet_mult.h:73->firmware/nnet_utils/nnet_dense_latency.h:42]   --->   Operation 963 'bitconcatenate' 'tmp_810' <Predicate = true> <Delay = 0.00>
ST_1 : Operation 964 [1/1] (0.00ns)   --->   "%zext_ln73_363 = zext i10 %tmp_810" [firmware/nnet_utils/nnet_mult.h:73->firmware/nnet_utils/nnet_dense_latency.h:42]   --->   Operation 964 'zext' 'zext_ln73_363' <Predicate = true> <Delay = 0.00>
ST_1 : Operation 965 [1/1] (0.72ns)   --->   "%add_ln73_41 = add i11 %zext_ln73_363, i11 %zext_ln73_161" [firmware/nnet_utils/nnet_mult.h:73->firmware/nnet_utils/nnet_dense_latency.h:42]   --->   Operation 965 'add' 'add_ln73_41' <Predicate = true> <Delay = 0.72> <CoreInst = "Adder">   --->   Core 1 'Adder' <Latency = 0> <II = 1> <Delay = 0.72> <FuncUnit> <Opcode : 'add' 'sub'> <InPorts = 2> <OutPorts = 1>
ST_1 : Operation 966 [1/1] (0.00ns)   --->   "%mult_209 = bitconcatenate i9 @_ssdm_op_BitConcatenate.i9.i6.i3, i6 %data_41_val_read, i3 0" [firmware/nnet_utils/nnet_mult.h:73->firmware/nnet_utils/nnet_dense_latency.h:42]   --->   Operation 966 'bitconcatenate' 'mult_209' <Predicate = true> <Delay = 0.00>
ST_1 : Operation 967 [1/1] (0.00ns)   --->   "%tmp_811 = bitconcatenate i7 @_ssdm_op_BitConcatenate.i7.i6.i1, i6 %data_41_val_read, i1 0" [firmware/nnet_utils/nnet_mult.h:73->firmware/nnet_utils/nnet_dense_latency.h:42]   --->   Operation 967 'bitconcatenate' 'tmp_811' <Predicate = true> <Delay = 0.00>
ST_1 : Operation 968 [1/1] (0.00ns)   --->   "%zext_ln73_364 = zext i7 %tmp_811" [firmware/nnet_utils/nnet_mult.h:73->firmware/nnet_utils/nnet_dense_latency.h:42]   --->   Operation 968 'zext' 'zext_ln73_364' <Predicate = true> <Delay = 0.00>
ST_1 : Operation 969 [1/1] (0.71ns)   --->   "%sub_ln73_220 = sub i9 %mult_209, i9 %zext_ln73_364" [firmware/nnet_utils/nnet_mult.h:73->firmware/nnet_utils/nnet_dense_latency.h:42]   --->   Operation 969 'sub' 'sub_ln73_220' <Predicate = true> <Delay = 0.71> <CoreInst = "Adder">   --->   Core 1 'Adder' <Latency = 0> <II = 1> <Delay = 0.71> <FuncUnit> <Opcode : 'add' 'sub'> <InPorts = 2> <OutPorts = 1>
ST_1 : Operation 970 [1/1] (0.00ns)   --->   "%zext_ln73_365 = zext i9 %mult_209" [firmware/nnet_utils/nnet_mult.h:73->firmware/nnet_utils/nnet_dense_latency.h:42]   --->   Operation 970 'zext' 'zext_ln73_365' <Predicate = true> <Delay = 0.00>
ST_1 : Operation 971 [1/1] (0.71ns)   --->   "%sub_ln73_221 = sub i11 0, i11 %zext_ln73_365" [firmware/nnet_utils/nnet_mult.h:73->firmware/nnet_utils/nnet_dense_latency.h:42]   --->   Operation 971 'sub' 'sub_ln73_221' <Predicate = true> <Delay = 0.71> <CoreInst = "Adder">   --->   Core 1 'Adder' <Latency = 0> <II = 1> <Delay = 0.71> <FuncUnit> <Opcode : 'add' 'sub'> <InPorts = 2> <OutPorts = 1>
ST_1 : Operation 972 [1/1] (0.00ns) (grouped into TernaryAdder)   --->   "%mult_207 = sub i11 %sub_ln73_221, i11 %zext_ln73_161" [firmware/nnet_utils/nnet_mult.h:73->firmware/nnet_utils/nnet_dense_latency.h:42]   --->   Operation 972 'sub' 'mult_207' <Predicate = true> <Delay = 0.00> <CoreInst = "TAddSub">   --->   Core 10 'TAddSub' <Latency = 0> <II = 1> <Delay = 0.34> <IPBlock> <Opcode : '' 'add' 'sub'> <InPorts = 3> <OutPorts = 1> <Sync> <CReg>
ST_1 : Operation 973 [1/1] (1.23ns)   --->   "%mul_ln73_17 = mul i10 %zext_ln73_159, i10 13" [firmware/nnet_utils/nnet_mult.h:73->firmware/nnet_utils/nnet_dense_latency.h:42]   --->   Operation 973 'mul' 'mul_ln73_17' <Predicate = true> <Delay = 1.23> <CoreInst = "Multiplier">   --->   Core 3 'Multiplier' <Latency = 0> <II = 1> <Delay = 1.23> <FuncUnit> <Opcode : 'mul'> <InPorts = 2> <OutPorts = 1>
ST_1 : Operation 974 [1/1] (0.00ns)   --->   "%tmp_812 = bitconcatenate i8 @_ssdm_op_BitConcatenate.i8.i6.i2, i6 %data_41_val_read, i2 0" [firmware/nnet_utils/nnet_mult.h:73->firmware/nnet_utils/nnet_dense_latency.h:42]   --->   Operation 974 'bitconcatenate' 'tmp_812' <Predicate = true> <Delay = 0.00>
ST_1 : Operation 975 [1/1] (0.00ns)   --->   "%zext_ln73_366 = zext i8 %tmp_812" [firmware/nnet_utils/nnet_mult.h:73->firmware/nnet_utils/nnet_dense_latency.h:42]   --->   Operation 975 'zext' 'zext_ln73_366' <Predicate = true> <Delay = 0.00>
ST_1 : Operation 976 [1/1] (0.00ns) (grouped into TernaryAdder)   --->   "%sub_ln73_223 = sub i10 0, i10 %zext_ln73_366" [firmware/nnet_utils/nnet_mult.h:73->firmware/nnet_utils/nnet_dense_latency.h:42]   --->   Operation 976 'sub' 'sub_ln73_223' <Predicate = true> <Delay = 0.00> <CoreInst = "TAddSub">   --->   Core 10 'TAddSub' <Latency = 0> <II = 1> <Delay = 0.34> <IPBlock> <Opcode : '' 'add' 'sub'> <InPorts = 3> <OutPorts = 1> <Sync> <CReg>
ST_1 : Operation 977 [1/1] (0.81ns) (root node of TernaryAdder)   --->   "%mult_208 = sub i10 %sub_ln73_223, i10 %zext_ln73_159" [firmware/nnet_utils/nnet_mult.h:73->firmware/nnet_utils/nnet_dense_latency.h:42]   --->   Operation 977 'sub' 'mult_208' <Predicate = true> <Delay = 0.81> <CoreInst = "TAddSub">   --->   Core 10 'TAddSub' <Latency = 0> <II = 1> <Delay = 0.34> <IPBlock> <Opcode : '' 'add' 'sub'> <InPorts = 3> <OutPorts = 1> <Sync> <CReg>
ST_1 : Operation 978 [1/1] (0.00ns)   --->   "%sext_ln17_141 = sext i10 %mult_208" [firmware/nnet_utils/nnet_dense_latency.h:17]   --->   Operation 978 'sext' 'sext_ln17_141' <Predicate = true> <Delay = 0.00>
ST_1 : Operation 979 [1/1] (0.70ns)   --->   "%sub_ln73_225 = sub i8 %tmp_812, i8 %zext_ln73_158" [firmware/nnet_utils/nnet_mult.h:73->firmware/nnet_utils/nnet_dense_latency.h:42]   --->   Operation 979 'sub' 'sub_ln73_225' <Predicate = true> <Delay = 0.70> <CoreInst = "Adder">   --->   Core 1 'Adder' <Latency = 0> <II = 1> <Delay = 0.70> <FuncUnit> <Opcode : 'add' 'sub'> <InPorts = 2> <OutPorts = 1>
ST_1 : Operation 980 [1/1] (0.00ns)   --->   "%zext_ln17_61 = zext i9 %mult_209" [firmware/nnet_utils/nnet_dense_latency.h:17]   --->   Operation 980 'zext' 'zext_ln17_61' <Predicate = true> <Delay = 0.00>
ST_1 : Operation 981 [1/1] (0.00ns)   --->   "%zext_ln73_367 = zext i10 %tmp_810" [firmware/nnet_utils/nnet_mult.h:73->firmware/nnet_utils/nnet_dense_latency.h:42]   --->   Operation 981 'zext' 'zext_ln73_367' <Predicate = true> <Delay = 0.00>
ST_1 : Operation 982 [1/1] (0.72ns)   --->   "%sub_ln73_226 = sub i12 0, i12 %zext_ln73_367" [firmware/nnet_utils/nnet_mult.h:73->firmware/nnet_utils/nnet_dense_latency.h:42]   --->   Operation 982 'sub' 'sub_ln73_226' <Predicate = true> <Delay = 0.72> <CoreInst = "Adder">   --->   Core 1 'Adder' <Latency = 0> <II = 1> <Delay = 0.72> <FuncUnit> <Opcode : 'add' 'sub'> <InPorts = 2> <OutPorts = 1>
ST_1 : Operation 983 [1/1] (0.00ns)   --->   "%zext_ln73_368 = zext i7 %tmp_811" [firmware/nnet_utils/nnet_mult.h:73->firmware/nnet_utils/nnet_dense_latency.h:42]   --->   Operation 983 'zext' 'zext_ln73_368' <Predicate = true> <Delay = 0.00>
ST_1 : Operation 984 [1/1] (0.00ns) (grouped into TernaryAdder)   --->   "%mult_210 = sub i12 %sub_ln73_226, i12 %zext_ln73_368" [firmware/nnet_utils/nnet_mult.h:73->firmware/nnet_utils/nnet_dense_latency.h:42]   --->   Operation 984 'sub' 'mult_210' <Predicate = true> <Delay = 0.00> <CoreInst = "TAddSub">   --->   Core 10 'TAddSub' <Latency = 0> <II = 1> <Delay = 0.34> <IPBlock> <Opcode : '' 'add' 'sub'> <InPorts = 3> <OutPorts = 1> <Sync> <CReg>
ST_1 : Operation 985 [1/1] (0.00ns)   --->   "%zext_ln73_162 = zext i6 %data_42_val_read" [firmware/nnet_utils/nnet_mult.h:73->firmware/nnet_utils/nnet_dense_latency.h:42]   --->   Operation 985 'zext' 'zext_ln73_162' <Predicate = true> <Delay = 0.00>
ST_1 : Operation 986 [1/1] (0.00ns)   --->   "%zext_ln73_163 = zext i6 %data_42_val_read" [firmware/nnet_utils/nnet_mult.h:73->firmware/nnet_utils/nnet_dense_latency.h:42]   --->   Operation 986 'zext' 'zext_ln73_163' <Predicate = true> <Delay = 0.00>
ST_1 : Operation 987 [1/1] (0.00ns)   --->   "%zext_ln73_164 = zext i6 %data_42_val_read" [firmware/nnet_utils/nnet_mult.h:73->firmware/nnet_utils/nnet_dense_latency.h:42]   --->   Operation 987 'zext' 'zext_ln73_164' <Predicate = true> <Delay = 0.00>
ST_1 : Operation 988 [1/1] (0.00ns)   --->   "%zext_ln73_166 = zext i6 %data_42_val_read" [firmware/nnet_utils/nnet_mult.h:73->firmware/nnet_utils/nnet_dense_latency.h:42]   --->   Operation 988 'zext' 'zext_ln73_166' <Predicate = true> <Delay = 0.00>
ST_1 : Operation 989 [1/1] (0.00ns)   --->   "%p_shl20 = bitconcatenate i9 @_ssdm_op_BitConcatenate.i9.i6.i3, i6 %data_42_val_read, i3 0" [firmware/nnet_utils/nnet_mult.h:73->firmware/nnet_utils/nnet_dense_latency.h:42]   --->   Operation 989 'bitconcatenate' 'p_shl20' <Predicate = true> <Delay = 0.00>
ST_1 : Operation 990 [1/1] (0.71ns)   --->   "%sub_ln73_228 = sub i9 %p_shl20, i9 %zext_ln73_166" [firmware/nnet_utils/nnet_mult.h:73->firmware/nnet_utils/nnet_dense_latency.h:42]   --->   Operation 990 'sub' 'sub_ln73_228' <Predicate = true> <Delay = 0.71> <CoreInst = "Adder">   --->   Core 1 'Adder' <Latency = 0> <II = 1> <Delay = 0.71> <FuncUnit> <Opcode : 'add' 'sub'> <InPorts = 2> <OutPorts = 1>
ST_1 : Operation 991 [1/1] (0.00ns)   --->   "%tmp_813 = bitconcatenate i10 @_ssdm_op_BitConcatenate.i10.i6.i4, i6 %data_42_val_read, i4 0" [firmware/nnet_utils/nnet_mult.h:73->firmware/nnet_utils/nnet_dense_latency.h:42]   --->   Operation 991 'bitconcatenate' 'tmp_813' <Predicate = true> <Delay = 0.00>
ST_1 : Operation 992 [1/1] (0.00ns)   --->   "%zext_ln73_369 = zext i10 %tmp_813" [firmware/nnet_utils/nnet_mult.h:73->firmware/nnet_utils/nnet_dense_latency.h:42]   --->   Operation 992 'zext' 'zext_ln73_369' <Predicate = true> <Delay = 0.00>
ST_1 : Operation 993 [1/1] (0.00ns)   --->   "%mult_216 = bitconcatenate i8 @_ssdm_op_BitConcatenate.i8.i6.i2, i6 %data_42_val_read, i2 0" [firmware/nnet_utils/nnet_mult.h:73->firmware/nnet_utils/nnet_dense_latency.h:42]   --->   Operation 993 'bitconcatenate' 'mult_216' <Predicate = true> <Delay = 0.00>
ST_1 : Operation 994 [1/1] (0.00ns)   --->   "%zext_ln73_370 = zext i8 %mult_216" [firmware/nnet_utils/nnet_mult.h:73->firmware/nnet_utils/nnet_dense_latency.h:42]   --->   Operation 994 'zext' 'zext_ln73_370' <Predicate = true> <Delay = 0.00>
ST_1 : Operation 995 [1/1] (0.00ns) (grouped into TernaryAdder)   --->   "%mult_211 = sub i11 %zext_ln73_370, i11 %zext_ln73_369" [firmware/nnet_utils/nnet_mult.h:73->firmware/nnet_utils/nnet_dense_latency.h:42]   --->   Operation 995 'sub' 'mult_211' <Predicate = true> <Delay = 0.00> <CoreInst = "TAddSub">   --->   Core 10 'TAddSub' <Latency = 0> <II = 1> <Delay = 0.34> <IPBlock> <Opcode : '' 'add' 'sub'> <InPorts = 3> <OutPorts = 1> <Sync> <CReg>
ST_1 : Operation 996 [1/1] (0.00ns)   --->   "%p_shl21 = bitconcatenate i11 @_ssdm_op_BitConcatenate.i11.i6.i5, i6 %data_42_val_read, i5 0" [firmware/nnet_utils/nnet_mult.h:73->firmware/nnet_utils/nnet_dense_latency.h:42]   --->   Operation 996 'bitconcatenate' 'p_shl21' <Predicate = true> <Delay = 0.00>
ST_1 : Operation 997 [1/1] (0.00ns)   --->   "%zext_ln73_371 = zext i9 %p_shl20" [firmware/nnet_utils/nnet_mult.h:73->firmware/nnet_utils/nnet_dense_latency.h:42]   --->   Operation 997 'zext' 'zext_ln73_371' <Predicate = true> <Delay = 0.00>
ST_1 : Operation 998 [1/1] (0.73ns)   --->   "%sub_ln73_230 = sub i11 %p_shl21, i11 %zext_ln73_371" [firmware/nnet_utils/nnet_mult.h:73->firmware/nnet_utils/nnet_dense_latency.h:42]   --->   Operation 998 'sub' 'sub_ln73_230' <Predicate = true> <Delay = 0.73> <CoreInst = "Adder">   --->   Core 1 'Adder' <Latency = 0> <II = 1> <Delay = 0.73> <FuncUnit> <Opcode : 'add' 'sub'> <InPorts = 2> <OutPorts = 1>
ST_1 : Operation 999 [1/1] (0.00ns)   --->   "%zext_ln73_372 = zext i8 %mult_216" [firmware/nnet_utils/nnet_mult.h:73->firmware/nnet_utils/nnet_dense_latency.h:42]   --->   Operation 999 'zext' 'zext_ln73_372' <Predicate = true> <Delay = 0.00>
ST_1 : Operation 1000 [1/1] (0.70ns)   --->   "%add_ln73_42 = add i9 %zext_ln73_372, i9 %zext_ln73_166" [firmware/nnet_utils/nnet_mult.h:73->firmware/nnet_utils/nnet_dense_latency.h:42]   --->   Operation 1000 'add' 'add_ln73_42' <Predicate = true> <Delay = 0.70> <CoreInst = "Adder">   --->   Core 1 'Adder' <Latency = 0> <II = 1> <Delay = 0.70> <FuncUnit> <Opcode : 'add' 'sub'> <InPorts = 2> <OutPorts = 1>
ST_1 : Operation 1001 [1/1] (0.70ns)   --->   "%mult_212 = sub i9 0, i9 %zext_ln73_372" [firmware/nnet_utils/nnet_mult.h:73->firmware/nnet_utils/nnet_dense_latency.h:42]   --->   Operation 1001 'sub' 'mult_212' <Predicate = true> <Delay = 0.70> <CoreInst = "Adder">   --->   Core 1 'Adder' <Latency = 0> <II = 1> <Delay = 0.70> <FuncUnit> <Opcode : 'add' 'sub'> <InPorts = 2> <OutPorts = 1>
ST_1 : Operation 1002 [1/1] (0.00ns)   --->   "%sext_ln17_142 = sext i9 %mult_212" [firmware/nnet_utils/nnet_dense_latency.h:17]   --->   Operation 1002 'sext' 'sext_ln17_142' <Predicate = true> <Delay = 0.00>
ST_1 : Operation 1003 [1/1] (0.70ns)   --->   "%sub_ln73_232 = sub i8 %mult_216, i8 %zext_ln73_164" [firmware/nnet_utils/nnet_mult.h:73->firmware/nnet_utils/nnet_dense_latency.h:42]   --->   Operation 1003 'sub' 'sub_ln73_232' <Predicate = true> <Delay = 0.70> <CoreInst = "Adder">   --->   Core 1 'Adder' <Latency = 0> <II = 1> <Delay = 0.70> <FuncUnit> <Opcode : 'add' 'sub'> <InPorts = 2> <OutPorts = 1>
ST_1 : Operation 1004 [1/1] (0.00ns)   --->   "%mult_213 = bitconcatenate i7 @_ssdm_op_BitConcatenate.i7.i6.i1, i6 %data_42_val_read, i1 0" [firmware/nnet_utils/nnet_mult.h:73->firmware/nnet_utils/nnet_dense_latency.h:42]   --->   Operation 1004 'bitconcatenate' 'mult_213' <Predicate = true> <Delay = 0.00>
ST_1 : Operation 1005 [1/1] (0.00ns)   --->   "%zext_ln73_373 = zext i7 %mult_213" [firmware/nnet_utils/nnet_mult.h:73->firmware/nnet_utils/nnet_dense_latency.h:42]   --->   Operation 1005 'zext' 'zext_ln73_373' <Predicate = true> <Delay = 0.00>
ST_1 : Operation 1006 [1/1] (0.71ns)   --->   "%sub_ln73_233 = sub i9 %p_shl20, i9 %zext_ln73_373" [firmware/nnet_utils/nnet_mult.h:73->firmware/nnet_utils/nnet_dense_latency.h:42]   --->   Operation 1006 'sub' 'sub_ln73_233' <Predicate = true> <Delay = 0.71> <CoreInst = "Adder">   --->   Core 1 'Adder' <Latency = 0> <II = 1> <Delay = 0.71> <FuncUnit> <Opcode : 'add' 'sub'> <InPorts = 2> <OutPorts = 1>
ST_1 : Operation 1007 [1/1] (0.00ns)   --->   "%zext_ln17_62 = zext i7 %mult_213" [firmware/nnet_utils/nnet_dense_latency.h:17]   --->   Operation 1007 'zext' 'zext_ln17_62' <Predicate = true> <Delay = 0.00>
ST_1 : Operation 1008 [1/1] (0.70ns)   --->   "%mult_214 = sub i9 %zext_ln73_166, i9 %zext_ln73_372" [firmware/nnet_utils/nnet_mult.h:73->firmware/nnet_utils/nnet_dense_latency.h:42]   --->   Operation 1008 'sub' 'mult_214' <Predicate = true> <Delay = 0.70> <CoreInst = "Adder">   --->   Core 1 'Adder' <Latency = 0> <II = 1> <Delay = 0.70> <FuncUnit> <Opcode : 'add' 'sub'> <InPorts = 2> <OutPorts = 1>
ST_1 : Operation 1009 [1/1] (0.00ns)   --->   "%sext_ln17_143 = sext i9 %mult_214" [firmware/nnet_utils/nnet_dense_latency.h:17]   --->   Operation 1009 'sext' 'sext_ln17_143' <Predicate = true> <Delay = 0.00>
ST_1 : Operation 1010 [1/1] (0.00ns)   --->   "%zext_ln73_374 = zext i8 %mult_216" [firmware/nnet_utils/nnet_mult.h:73->firmware/nnet_utils/nnet_dense_latency.h:42]   --->   Operation 1010 'zext' 'zext_ln73_374' <Predicate = true> <Delay = 0.00>
ST_1 : Operation 1011 [1/1] (0.70ns)   --->   "%sub_ln73_235 = sub i10 0, i10 %zext_ln73_374" [firmware/nnet_utils/nnet_mult.h:73->firmware/nnet_utils/nnet_dense_latency.h:42]   --->   Operation 1011 'sub' 'sub_ln73_235' <Predicate = true> <Delay = 0.70> <CoreInst = "Adder">   --->   Core 1 'Adder' <Latency = 0> <II = 1> <Delay = 0.70> <FuncUnit> <Opcode : 'add' 'sub'> <InPorts = 2> <OutPorts = 1>
ST_1 : Operation 1012 [1/1] (0.00ns) (grouped into TernaryAdder)   --->   "%mult_215 = sub i10 %sub_ln73_235, i10 %zext_ln73_162" [firmware/nnet_utils/nnet_mult.h:73->firmware/nnet_utils/nnet_dense_latency.h:42]   --->   Operation 1012 'sub' 'mult_215' <Predicate = true> <Delay = 0.00> <CoreInst = "TAddSub">   --->   Core 10 'TAddSub' <Latency = 0> <II = 1> <Delay = 0.34> <IPBlock> <Opcode : '' 'add' 'sub'> <InPorts = 3> <OutPorts = 1> <Sync> <CReg>
ST_1 : Operation 1013 [1/1] (0.00ns)   --->   "%zext_ln73_375 = zext i7 %mult_213" [firmware/nnet_utils/nnet_mult.h:73->firmware/nnet_utils/nnet_dense_latency.h:42]   --->   Operation 1013 'zext' 'zext_ln73_375' <Predicate = true> <Delay = 0.00>
ST_1 : Operation 1014 [1/1] (0.72ns)   --->   "%sub_ln73_237 = sub i10 %tmp_813, i10 %zext_ln73_375" [firmware/nnet_utils/nnet_mult.h:73->firmware/nnet_utils/nnet_dense_latency.h:42]   --->   Operation 1014 'sub' 'sub_ln73_237' <Predicate = true> <Delay = 0.72> <CoreInst = "Adder">   --->   Core 1 'Adder' <Latency = 0> <II = 1> <Delay = 0.72> <FuncUnit> <Opcode : 'add' 'sub'> <InPorts = 2> <OutPorts = 1>
ST_1 : Operation 1015 [1/1] (0.00ns)   --->   "%zext_ln73_167 = zext i6 %data_43_val_read" [firmware/nnet_utils/nnet_mult.h:73->firmware/nnet_utils/nnet_dense_latency.h:42]   --->   Operation 1015 'zext' 'zext_ln73_167' <Predicate = true> <Delay = 0.00>
ST_1 : Operation 1016 [1/1] (0.00ns)   --->   "%zext_ln73_168 = zext i6 %data_43_val_read" [firmware/nnet_utils/nnet_mult.h:73->firmware/nnet_utils/nnet_dense_latency.h:42]   --->   Operation 1016 'zext' 'zext_ln73_168' <Predicate = true> <Delay = 0.00>
ST_1 : Operation 1017 [1/1] (0.00ns)   --->   "%zext_ln73_170 = zext i6 %data_43_val_read" [firmware/nnet_utils/nnet_mult.h:73->firmware/nnet_utils/nnet_dense_latency.h:42]   --->   Operation 1017 'zext' 'zext_ln73_170' <Predicate = true> <Delay = 0.00>
ST_1 : Operation 1018 [1/1] (0.00ns)   --->   "%mult_222 = bitconcatenate i8 @_ssdm_op_BitConcatenate.i8.i6.i2, i6 %data_43_val_read, i2 0" [firmware/nnet_utils/nnet_mult.h:73->firmware/nnet_utils/nnet_dense_latency.h:42]   --->   Operation 1018 'bitconcatenate' 'mult_222' <Predicate = true> <Delay = 0.00>
ST_1 : Operation 1019 [1/1] (0.00ns)   --->   "%zext_ln73_376 = zext i8 %mult_222" [firmware/nnet_utils/nnet_mult.h:73->firmware/nnet_utils/nnet_dense_latency.h:42]   --->   Operation 1019 'zext' 'zext_ln73_376' <Predicate = true> <Delay = 0.00>
ST_1 : Operation 1020 [1/1] (0.70ns)   --->   "%mult_217 = sub i9 %zext_ln73_170, i9 %zext_ln73_376" [firmware/nnet_utils/nnet_mult.h:73->firmware/nnet_utils/nnet_dense_latency.h:42]   --->   Operation 1020 'sub' 'mult_217' <Predicate = true> <Delay = 0.70> <CoreInst = "Adder">   --->   Core 1 'Adder' <Latency = 0> <II = 1> <Delay = 0.70> <FuncUnit> <Opcode : 'add' 'sub'> <InPorts = 2> <OutPorts = 1>
ST_1 : Operation 1021 [1/1] (0.00ns)   --->   "%sext_ln17_144 = sext i9 %mult_217" [firmware/nnet_utils/nnet_dense_latency.h:17]   --->   Operation 1021 'sext' 'sext_ln17_144' <Predicate = true> <Delay = 0.00>
ST_1 : Operation 1022 [1/1] (0.00ns)   --->   "%tmp_817 = bitconcatenate i9 @_ssdm_op_BitConcatenate.i9.i6.i3, i6 %data_43_val_read, i3 0" [firmware/nnet_utils/nnet_mult.h:73->firmware/nnet_utils/nnet_dense_latency.h:42]   --->   Operation 1022 'bitconcatenate' 'tmp_817' <Predicate = true> <Delay = 0.00>
ST_1 : Operation 1023 [1/1] (0.00ns)   --->   "%zext_ln73_377 = zext i9 %tmp_817" [firmware/nnet_utils/nnet_mult.h:73->firmware/nnet_utils/nnet_dense_latency.h:42]   --->   Operation 1023 'zext' 'zext_ln73_377' <Predicate = true> <Delay = 0.00>
ST_1 : Operation 1024 [1/1] (0.00ns)   --->   "%tmp_818 = bitconcatenate i7 @_ssdm_op_BitConcatenate.i7.i6.i1, i6 %data_43_val_read, i1 0" [firmware/nnet_utils/nnet_mult.h:73->firmware/nnet_utils/nnet_dense_latency.h:42]   --->   Operation 1024 'bitconcatenate' 'tmp_818' <Predicate = true> <Delay = 0.00>
ST_1 : Operation 1025 [1/1] (0.00ns)   --->   "%zext_ln73_378 = zext i7 %tmp_818" [firmware/nnet_utils/nnet_mult.h:73->firmware/nnet_utils/nnet_dense_latency.h:42]   --->   Operation 1025 'zext' 'zext_ln73_378' <Predicate = true> <Delay = 0.00>
ST_1 : Operation 1026 [1/1] (0.71ns)   --->   "%mult_218 = sub i10 %zext_ln73_378, i10 %zext_ln73_377" [firmware/nnet_utils/nnet_mult.h:73->firmware/nnet_utils/nnet_dense_latency.h:42]   --->   Operation 1026 'sub' 'mult_218' <Predicate = true> <Delay = 0.71> <CoreInst = "Adder">   --->   Core 1 'Adder' <Latency = 0> <II = 1> <Delay = 0.71> <FuncUnit> <Opcode : 'add' 'sub'> <InPorts = 2> <OutPorts = 1>
ST_1 : Operation 1027 [1/1] (0.00ns)   --->   "%sext_ln17_145 = sext i10 %mult_218" [firmware/nnet_utils/nnet_dense_latency.h:17]   --->   Operation 1027 'sext' 'sext_ln17_145' <Predicate = true> <Delay = 0.00>
ST_1 : Operation 1028 [1/1] (0.00ns)   --->   "%zext_ln73_379 = zext i9 %tmp_817" [firmware/nnet_utils/nnet_mult.h:73->firmware/nnet_utils/nnet_dense_latency.h:42]   --->   Operation 1028 'zext' 'zext_ln73_379' <Predicate = true> <Delay = 0.00>
ST_1 : Operation 1029 [1/1] (0.71ns)   --->   "%sub_ln73_240 = sub i11 0, i11 %zext_ln73_379" [firmware/nnet_utils/nnet_mult.h:73->firmware/nnet_utils/nnet_dense_latency.h:42]   --->   Operation 1029 'sub' 'sub_ln73_240' <Predicate = true> <Delay = 0.71> <CoreInst = "Adder">   --->   Core 1 'Adder' <Latency = 0> <II = 1> <Delay = 0.71> <FuncUnit> <Opcode : 'add' 'sub'> <InPorts = 2> <OutPorts = 1>
ST_1 : Operation 1030 [1/1] (0.00ns) (grouped into TernaryAdder)   --->   "%mult_219 = sub i11 %sub_ln73_240, i11 %zext_ln73_168" [firmware/nnet_utils/nnet_mult.h:73->firmware/nnet_utils/nnet_dense_latency.h:42]   --->   Operation 1030 'sub' 'mult_219' <Predicate = true> <Delay = 0.00> <CoreInst = "TAddSub">   --->   Core 10 'TAddSub' <Latency = 0> <II = 1> <Delay = 0.34> <IPBlock> <Opcode : '' 'add' 'sub'> <InPorts = 3> <OutPorts = 1> <Sync> <CReg>
ST_1 : Operation 1031 [1/1] (0.70ns)   --->   "%mult_220 = sub i9 0, i9 %zext_ln73_376" [firmware/nnet_utils/nnet_mult.h:73->firmware/nnet_utils/nnet_dense_latency.h:42]   --->   Operation 1031 'sub' 'mult_220' <Predicate = true> <Delay = 0.70> <CoreInst = "Adder">   --->   Core 1 'Adder' <Latency = 0> <II = 1> <Delay = 0.70> <FuncUnit> <Opcode : 'add' 'sub'> <InPorts = 2> <OutPorts = 1>
ST_1 : Operation 1032 [1/1] (0.00ns)   --->   "%sext_ln17_146 = sext i9 %mult_220" [firmware/nnet_utils/nnet_dense_latency.h:17]   --->   Operation 1032 'sext' 'sext_ln17_146' <Predicate = true> <Delay = 0.00>
ST_1 : Operation 1033 [1/1] (0.00ns)   --->   "%sext_ln17_147 = sext i9 %mult_220" [firmware/nnet_utils/nnet_dense_latency.h:17]   --->   Operation 1033 'sext' 'sext_ln17_147' <Predicate = true> <Delay = 0.00>
ST_1 : Operation 1034 [1/1] (0.70ns)   --->   "%mult_221 = sub i7 0, i7 %zext_ln73_167" [firmware/nnet_utils/nnet_mult.h:73->firmware/nnet_utils/nnet_dense_latency.h:42]   --->   Operation 1034 'sub' 'mult_221' <Predicate = true> <Delay = 0.70> <CoreInst = "Adder">   --->   Core 1 'Adder' <Latency = 0> <II = 1> <Delay = 0.70> <FuncUnit> <Opcode : 'add' 'sub'> <InPorts = 2> <OutPorts = 1>
ST_1 : Operation 1035 [1/1] (0.00ns)   --->   "%sext_ln17_148 = sext i7 %mult_221" [firmware/nnet_utils/nnet_dense_latency.h:17]   --->   Operation 1035 'sext' 'sext_ln17_148' <Predicate = true> <Delay = 0.00>
ST_1 : Operation 1036 [1/1] (0.71ns)   --->   "%sub_ln73_244 = sub i9 %tmp_817, i9 %zext_ln73_170" [firmware/nnet_utils/nnet_mult.h:73->firmware/nnet_utils/nnet_dense_latency.h:42]   --->   Operation 1036 'sub' 'sub_ln73_244' <Predicate = true> <Delay = 0.71> <CoreInst = "Adder">   --->   Core 1 'Adder' <Latency = 0> <II = 1> <Delay = 0.71> <FuncUnit> <Opcode : 'add' 'sub'> <InPorts = 2> <OutPorts = 1>
ST_1 : Operation 1037 [1/1] (0.00ns)   --->   "%zext_ln17_63 = zext i8 %mult_222" [firmware/nnet_utils/nnet_dense_latency.h:17]   --->   Operation 1037 'zext' 'zext_ln17_63' <Predicate = true> <Delay = 0.00>
ST_1 : Operation 1038 [1/1] (0.00ns)   --->   "%zext_ln73_171 = zext i6 %data_44_val_read" [firmware/nnet_utils/nnet_mult.h:73->firmware/nnet_utils/nnet_dense_latency.h:42]   --->   Operation 1038 'zext' 'zext_ln73_171' <Predicate = true> <Delay = 0.00>
ST_1 : Operation 1039 [1/1] (0.00ns)   --->   "%zext_ln73_173 = zext i6 %data_44_val_read" [firmware/nnet_utils/nnet_mult.h:73->firmware/nnet_utils/nnet_dense_latency.h:42]   --->   Operation 1039 'zext' 'zext_ln73_173' <Predicate = true> <Delay = 0.00>
ST_1 : Operation 1040 [1/1] (0.00ns)   --->   "%tmp_819 = bitconcatenate i8 @_ssdm_op_BitConcatenate.i8.i6.i2, i6 %data_44_val_read, i2 0" [firmware/nnet_utils/nnet_mult.h:73->firmware/nnet_utils/nnet_dense_latency.h:42]   --->   Operation 1040 'bitconcatenate' 'tmp_819' <Predicate = true> <Delay = 0.00>
ST_1 : Operation 1041 [1/1] (0.00ns)   --->   "%zext_ln73_380 = zext i8 %tmp_819" [firmware/nnet_utils/nnet_mult.h:73->firmware/nnet_utils/nnet_dense_latency.h:42]   --->   Operation 1041 'zext' 'zext_ln73_380' <Predicate = true> <Delay = 0.00>
ST_1 : Operation 1042 [1/1] (0.00ns) (grouped into TernaryAdder)   --->   "%sub_ln73_245 = sub i10 0, i10 %zext_ln73_380" [firmware/nnet_utils/nnet_mult.h:73->firmware/nnet_utils/nnet_dense_latency.h:42]   --->   Operation 1042 'sub' 'sub_ln73_245' <Predicate = true> <Delay = 0.00> <CoreInst = "TAddSub">   --->   Core 10 'TAddSub' <Latency = 0> <II = 1> <Delay = 0.34> <IPBlock> <Opcode : '' 'add' 'sub'> <InPorts = 3> <OutPorts = 1> <Sync> <CReg>
ST_1 : Operation 1043 [1/1] (0.81ns) (root node of TernaryAdder)   --->   "%mult_223 = sub i10 %sub_ln73_245, i10 %zext_ln73_173" [firmware/nnet_utils/nnet_mult.h:73->firmware/nnet_utils/nnet_dense_latency.h:42]   --->   Operation 1043 'sub' 'mult_223' <Predicate = true> <Delay = 0.81> <CoreInst = "TAddSub">   --->   Core 10 'TAddSub' <Latency = 0> <II = 1> <Delay = 0.34> <IPBlock> <Opcode : '' 'add' 'sub'> <InPorts = 3> <OutPorts = 1> <Sync> <CReg>
ST_1 : Operation 1044 [1/1] (0.00ns)   --->   "%sext_ln17_149 = sext i10 %mult_223" [firmware/nnet_utils/nnet_dense_latency.h:17]   --->   Operation 1044 'sext' 'sext_ln17_149' <Predicate = true> <Delay = 0.00>
ST_1 : Operation 1045 [1/1] (0.00ns)   --->   "%p_shl22 = bitconcatenate i10 @_ssdm_op_BitConcatenate.i10.i6.i4, i6 %data_44_val_read, i4 0" [firmware/nnet_utils/nnet_mult.h:73->firmware/nnet_utils/nnet_dense_latency.h:42]   --->   Operation 1045 'bitconcatenate' 'p_shl22' <Predicate = true> <Delay = 0.00>
ST_1 : Operation 1046 [1/1] (0.00ns)   --->   "%tmp_820 = bitconcatenate i7 @_ssdm_op_BitConcatenate.i7.i6.i1, i6 %data_44_val_read, i1 0" [firmware/nnet_utils/nnet_mult.h:73->firmware/nnet_utils/nnet_dense_latency.h:42]   --->   Operation 1046 'bitconcatenate' 'tmp_820' <Predicate = true> <Delay = 0.00>
ST_1 : Operation 1047 [1/1] (0.00ns)   --->   "%zext_ln73_381 = zext i7 %tmp_820" [firmware/nnet_utils/nnet_mult.h:73->firmware/nnet_utils/nnet_dense_latency.h:42]   --->   Operation 1047 'zext' 'zext_ln73_381' <Predicate = true> <Delay = 0.00>
ST_1 : Operation 1048 [1/1] (0.00ns) (grouped into TernaryAdder)   --->   "%sub_ln73_247 = sub i10 %p_shl22, i10 %zext_ln73_381" [firmware/nnet_utils/nnet_mult.h:73->firmware/nnet_utils/nnet_dense_latency.h:42]   --->   Operation 1048 'sub' 'sub_ln73_247' <Predicate = true> <Delay = 0.00> <CoreInst = "TAddSub">   --->   Core 10 'TAddSub' <Latency = 0> <II = 1> <Delay = 0.34> <IPBlock> <Opcode : '' 'add' 'sub'> <InPorts = 3> <OutPorts = 1> <Sync> <CReg>
ST_1 : Operation 1049 [1/1] (0.00ns)   --->   "%zext_ln73_382 = zext i10 %p_shl22" [firmware/nnet_utils/nnet_mult.h:73->firmware/nnet_utils/nnet_dense_latency.h:42]   --->   Operation 1049 'zext' 'zext_ln73_382' <Predicate = true> <Delay = 0.00>
ST_1 : Operation 1050 [1/1] (0.00ns)   --->   "%zext_ln73_383 = zext i8 %tmp_819" [firmware/nnet_utils/nnet_mult.h:73->firmware/nnet_utils/nnet_dense_latency.h:42]   --->   Operation 1050 'zext' 'zext_ln73_383' <Predicate = true> <Delay = 0.00>
ST_1 : Operation 1051 [1/1] (0.72ns)   --->   "%add_ln73_43 = add i11 %zext_ln73_382, i11 %zext_ln73_383" [firmware/nnet_utils/nnet_mult.h:73->firmware/nnet_utils/nnet_dense_latency.h:42]   --->   Operation 1051 'add' 'add_ln73_43' <Predicate = true> <Delay = 0.72> <CoreInst = "Adder">   --->   Core 1 'Adder' <Latency = 0> <II = 1> <Delay = 0.72> <FuncUnit> <Opcode : 'add' 'sub'> <InPorts = 2> <OutPorts = 1>
ST_1 : Operation 1052 [1/1] (0.70ns)   --->   "%mult_224 = sub i7 0, i7 %zext_ln73_171" [firmware/nnet_utils/nnet_mult.h:73->firmware/nnet_utils/nnet_dense_latency.h:42]   --->   Operation 1052 'sub' 'mult_224' <Predicate = true> <Delay = 0.70> <CoreInst = "Adder">   --->   Core 1 'Adder' <Latency = 0> <II = 1> <Delay = 0.70> <FuncUnit> <Opcode : 'add' 'sub'> <InPorts = 2> <OutPorts = 1>
ST_1 : Operation 1053 [1/1] (0.00ns)   --->   "%sext_ln17_150 = sext i7 %mult_224" [firmware/nnet_utils/nnet_dense_latency.h:17]   --->   Operation 1053 'sext' 'sext_ln17_150' <Predicate = true> <Delay = 0.00>
ST_1 : Operation 1054 [1/1] (0.00ns)   --->   "%zext_ln73_174 = zext i6 %data_45_val_read" [firmware/nnet_utils/nnet_mult.h:73->firmware/nnet_utils/nnet_dense_latency.h:42]   --->   Operation 1054 'zext' 'zext_ln73_174' <Predicate = true> <Delay = 0.00>
ST_1 : Operation 1055 [1/1] (0.00ns)   --->   "%zext_ln73_175 = zext i6 %data_45_val_read" [firmware/nnet_utils/nnet_mult.h:73->firmware/nnet_utils/nnet_dense_latency.h:42]   --->   Operation 1055 'zext' 'zext_ln73_175' <Predicate = true> <Delay = 0.00>
ST_1 : Operation 1056 [1/1] (0.00ns)   --->   "%zext_ln73_176 = zext i6 %data_45_val_read" [firmware/nnet_utils/nnet_mult.h:73->firmware/nnet_utils/nnet_dense_latency.h:42]   --->   Operation 1056 'zext' 'zext_ln73_176' <Predicate = true> <Delay = 0.00>
ST_1 : Operation 1057 [1/1] (0.00ns)   --->   "%zext_ln73_177 = zext i6 %data_45_val_read" [firmware/nnet_utils/nnet_mult.h:73->firmware/nnet_utils/nnet_dense_latency.h:42]   --->   Operation 1057 'zext' 'zext_ln73_177' <Predicate = true> <Delay = 0.00>
ST_1 : Operation 1058 [1/1] (0.70ns)   --->   "%mult_225 = sub i7 0, i7 %zext_ln73_177" [firmware/nnet_utils/nnet_mult.h:73->firmware/nnet_utils/nnet_dense_latency.h:42]   --->   Operation 1058 'sub' 'mult_225' <Predicate = true> <Delay = 0.70> <CoreInst = "Adder">   --->   Core 1 'Adder' <Latency = 0> <II = 1> <Delay = 0.70> <FuncUnit> <Opcode : 'add' 'sub'> <InPorts = 2> <OutPorts = 1>
ST_1 : Operation 1059 [1/1] (0.00ns)   --->   "%sext_ln17_151 = sext i7 %mult_225" [firmware/nnet_utils/nnet_dense_latency.h:17]   --->   Operation 1059 'sext' 'sext_ln17_151' <Predicate = true> <Delay = 0.00>
ST_1 : Operation 1060 [1/1] (0.00ns)   --->   "%sext_ln17_152 = sext i7 %mult_225" [firmware/nnet_utils/nnet_dense_latency.h:17]   --->   Operation 1060 'sext' 'sext_ln17_152' <Predicate = true> <Delay = 0.00>
ST_1 : Operation 1061 [1/1] (0.00ns)   --->   "%p_shl23 = bitconcatenate i10 @_ssdm_op_BitConcatenate.i10.i6.i4, i6 %data_45_val_read, i4 0" [firmware/nnet_utils/nnet_mult.h:73->firmware/nnet_utils/nnet_dense_latency.h:42]   --->   Operation 1061 'bitconcatenate' 'p_shl23' <Predicate = true> <Delay = 0.00>
ST_1 : Operation 1062 [1/1] (0.00ns)   --->   "%mult_227 = bitconcatenate i7 @_ssdm_op_BitConcatenate.i7.i6.i1, i6 %data_45_val_read, i1 0" [firmware/nnet_utils/nnet_mult.h:73->firmware/nnet_utils/nnet_dense_latency.h:42]   --->   Operation 1062 'bitconcatenate' 'mult_227' <Predicate = true> <Delay = 0.00>
ST_1 : Operation 1063 [1/1] (0.00ns)   --->   "%zext_ln73_384 = zext i7 %mult_227" [firmware/nnet_utils/nnet_mult.h:73->firmware/nnet_utils/nnet_dense_latency.h:42]   --->   Operation 1063 'zext' 'zext_ln73_384' <Predicate = true> <Delay = 0.00>
ST_1 : Operation 1064 [1/1] (0.72ns)   --->   "%sub_ln73_250 = sub i10 %p_shl23, i10 %zext_ln73_384" [firmware/nnet_utils/nnet_mult.h:73->firmware/nnet_utils/nnet_dense_latency.h:42]   --->   Operation 1064 'sub' 'sub_ln73_250' <Predicate = true> <Delay = 0.72> <CoreInst = "Adder">   --->   Core 1 'Adder' <Latency = 0> <II = 1> <Delay = 0.72> <FuncUnit> <Opcode : 'add' 'sub'> <InPorts = 2> <OutPorts = 1>
ST_1 : Operation 1065 [1/1] (0.00ns)   --->   "%zext_ln73_385 = zext i7 %mult_227" [firmware/nnet_utils/nnet_mult.h:73->firmware/nnet_utils/nnet_dense_latency.h:42]   --->   Operation 1065 'zext' 'zext_ln73_385' <Predicate = true> <Delay = 0.00>
ST_1 : Operation 1066 [1/1] (0.70ns)   --->   "%mult_226 = sub i8 0, i8 %zext_ln73_385" [firmware/nnet_utils/nnet_mult.h:73->firmware/nnet_utils/nnet_dense_latency.h:42]   --->   Operation 1066 'sub' 'mult_226' <Predicate = true> <Delay = 0.70> <CoreInst = "Adder">   --->   Core 1 'Adder' <Latency = 0> <II = 1> <Delay = 0.70> <FuncUnit> <Opcode : 'add' 'sub'> <InPorts = 2> <OutPorts = 1>
ST_1 : Operation 1067 [1/1] (0.00ns)   --->   "%sext_ln17_153 = sext i8 %mult_226" [firmware/nnet_utils/nnet_dense_latency.h:17]   --->   Operation 1067 'sext' 'sext_ln17_153' <Predicate = true> <Delay = 0.00>
ST_1 : Operation 1068 [1/1] (0.00ns)   --->   "%tmp_822 = bitconcatenate i9 @_ssdm_op_BitConcatenate.i9.i6.i3, i6 %data_45_val_read, i3 0" [firmware/nnet_utils/nnet_mult.h:73->firmware/nnet_utils/nnet_dense_latency.h:42]   --->   Operation 1068 'bitconcatenate' 'tmp_822' <Predicate = true> <Delay = 0.00>
ST_1 : Operation 1069 [1/1] (0.00ns)   --->   "%zext_ln73_386 = zext i9 %tmp_822" [firmware/nnet_utils/nnet_mult.h:73->firmware/nnet_utils/nnet_dense_latency.h:42]   --->   Operation 1069 'zext' 'zext_ln73_386' <Predicate = true> <Delay = 0.00>
ST_1 : Operation 1070 [1/1] (0.71ns)   --->   "%add_ln73_44 = add i10 %zext_ln73_386, i10 %zext_ln73_384" [firmware/nnet_utils/nnet_mult.h:73->firmware/nnet_utils/nnet_dense_latency.h:42]   --->   Operation 1070 'add' 'add_ln73_44' <Predicate = true> <Delay = 0.71> <CoreInst = "Adder">   --->   Core 1 'Adder' <Latency = 0> <II = 1> <Delay = 0.71> <FuncUnit> <Opcode : 'add' 'sub'> <InPorts = 2> <OutPorts = 1>
ST_1 : Operation 1071 [1/1] (0.00ns)   --->   "%zext_ln73_387 = zext i10 %p_shl23" [firmware/nnet_utils/nnet_mult.h:73->firmware/nnet_utils/nnet_dense_latency.h:42]   --->   Operation 1071 'zext' 'zext_ln73_387' <Predicate = true> <Delay = 0.00>
ST_1 : Operation 1072 [1/1] (0.00ns) (grouped into TernaryAdder)   --->   "%add_ln73_45 = add i11 %zext_ln73_387, i11 %zext_ln73_174" [firmware/nnet_utils/nnet_mult.h:73->firmware/nnet_utils/nnet_dense_latency.h:42]   --->   Operation 1072 'add' 'add_ln73_45' <Predicate = true> <Delay = 0.00> <CoreInst = "TAddSub">   --->   Core 10 'TAddSub' <Latency = 0> <II = 1> <Delay = 0.34> <IPBlock> <Opcode : '' 'add' 'sub'> <InPorts = 3> <OutPorts = 1> <Sync> <CReg>
ST_1 : Operation 1073 [1/1] (0.00ns)   --->   "%p_shl24 = bitconcatenate i8 @_ssdm_op_BitConcatenate.i8.i6.i2, i6 %data_45_val_read, i2 0" [firmware/nnet_utils/nnet_mult.h:73->firmware/nnet_utils/nnet_dense_latency.h:42]   --->   Operation 1073 'bitconcatenate' 'p_shl24' <Predicate = true> <Delay = 0.00>
ST_1 : Operation 1074 [1/1] (0.70ns)   --->   "%sub_ln73_252 = sub i8 %p_shl24, i8 %zext_ln73_175" [firmware/nnet_utils/nnet_mult.h:73->firmware/nnet_utils/nnet_dense_latency.h:42]   --->   Operation 1074 'sub' 'sub_ln73_252' <Predicate = true> <Delay = 0.70> <CoreInst = "Adder">   --->   Core 1 'Adder' <Latency = 0> <II = 1> <Delay = 0.70> <FuncUnit> <Opcode : 'add' 'sub'> <InPorts = 2> <OutPorts = 1>
ST_1 : Operation 1075 [1/1] (0.00ns) (grouped into TernaryAdder)   --->   "%add_ln73_46 = add i10 %zext_ln73_386, i10 %zext_ln73_176" [firmware/nnet_utils/nnet_mult.h:73->firmware/nnet_utils/nnet_dense_latency.h:42]   --->   Operation 1075 'add' 'add_ln73_46' <Predicate = true> <Delay = 0.00> <CoreInst = "TAddSub">   --->   Core 10 'TAddSub' <Latency = 0> <II = 1> <Delay = 0.34> <IPBlock> <Opcode : '' 'add' 'sub'> <InPorts = 3> <OutPorts = 1> <Sync> <CReg>
ST_1 : Operation 1076 [1/1] (0.00ns)   --->   "%zext_ln73_388 = zext i8 %p_shl24" [firmware/nnet_utils/nnet_mult.h:73->firmware/nnet_utils/nnet_dense_latency.h:42]   --->   Operation 1076 'zext' 'zext_ln73_388' <Predicate = true> <Delay = 0.00>
ST_1 : Operation 1077 [1/1] (0.00ns) (grouped into TernaryAdder)   --->   "%add_ln73_47 = add i11 %zext_ln73_387, i11 %zext_ln73_388" [firmware/nnet_utils/nnet_mult.h:73->firmware/nnet_utils/nnet_dense_latency.h:42]   --->   Operation 1077 'add' 'add_ln73_47' <Predicate = true> <Delay = 0.00> <CoreInst = "TAddSub">   --->   Core 10 'TAddSub' <Latency = 0> <II = 1> <Delay = 0.34> <IPBlock> <Opcode : '' 'add' 'sub'> <InPorts = 3> <OutPorts = 1> <Sync> <CReg>
ST_1 : Operation 1078 [1/1] (1.23ns)   --->   "%mul_ln73_18 = mul i10 %zext_ln73_176, i10 13" [firmware/nnet_utils/nnet_mult.h:73->firmware/nnet_utils/nnet_dense_latency.h:42]   --->   Operation 1078 'mul' 'mul_ln73_18' <Predicate = true> <Delay = 1.23> <CoreInst = "Multiplier">   --->   Core 3 'Multiplier' <Latency = 0> <II = 1> <Delay = 1.23> <FuncUnit> <Opcode : 'mul'> <InPorts = 2> <OutPorts = 1>
ST_1 : Operation 1079 [1/1] (0.00ns)   --->   "%zext_ln73_179 = zext i6 %data_46_val_read" [firmware/nnet_utils/nnet_mult.h:73->firmware/nnet_utils/nnet_dense_latency.h:42]   --->   Operation 1079 'zext' 'zext_ln73_179' <Predicate = true> <Delay = 0.00>
ST_1 : Operation 1080 [1/1] (0.00ns)   --->   "%zext_ln73_180 = zext i6 %data_46_val_read" [firmware/nnet_utils/nnet_mult.h:73->firmware/nnet_utils/nnet_dense_latency.h:42]   --->   Operation 1080 'zext' 'zext_ln73_180' <Predicate = true> <Delay = 0.00>
ST_1 : Operation 1081 [1/1] (0.00ns)   --->   "%zext_ln73_181 = zext i6 %data_46_val_read" [firmware/nnet_utils/nnet_mult.h:73->firmware/nnet_utils/nnet_dense_latency.h:42]   --->   Operation 1081 'zext' 'zext_ln73_181' <Predicate = true> <Delay = 0.00>
ST_1 : Operation 1082 [1/1] (0.00ns)   --->   "%p_shl25 = bitconcatenate i10 @_ssdm_op_BitConcatenate.i10.i6.i4, i6 %data_46_val_read, i4 0" [firmware/nnet_utils/nnet_mult.h:73->firmware/nnet_utils/nnet_dense_latency.h:42]   --->   Operation 1082 'bitconcatenate' 'p_shl25' <Predicate = true> <Delay = 0.00>
ST_1 : Operation 1083 [1/1] (0.00ns)   --->   "%mult_229 = bitconcatenate i8 @_ssdm_op_BitConcatenate.i8.i6.i2, i6 %data_46_val_read, i2 0" [firmware/nnet_utils/nnet_mult.h:73->firmware/nnet_utils/nnet_dense_latency.h:42]   --->   Operation 1083 'bitconcatenate' 'mult_229' <Predicate = true> <Delay = 0.00>
ST_1 : Operation 1084 [1/1] (0.00ns)   --->   "%zext_ln73_389 = zext i8 %mult_229" [firmware/nnet_utils/nnet_mult.h:73->firmware/nnet_utils/nnet_dense_latency.h:42]   --->   Operation 1084 'zext' 'zext_ln73_389' <Predicate = true> <Delay = 0.00>
ST_1 : Operation 1085 [1/1] (0.72ns)   --->   "%sub_ln73_253 = sub i10 %p_shl25, i10 %zext_ln73_389" [firmware/nnet_utils/nnet_mult.h:73->firmware/nnet_utils/nnet_dense_latency.h:42]   --->   Operation 1085 'sub' 'sub_ln73_253' <Predicate = true> <Delay = 0.72> <CoreInst = "Adder">   --->   Core 1 'Adder' <Latency = 0> <II = 1> <Delay = 0.72> <FuncUnit> <Opcode : 'add' 'sub'> <InPorts = 2> <OutPorts = 1>
ST_1 : Operation 1086 [1/1] (0.00ns) (grouped into TernaryAdder)   --->   "%sub_ln73_254 = sub i10 0, i10 %zext_ln73_389" [firmware/nnet_utils/nnet_mult.h:73->firmware/nnet_utils/nnet_dense_latency.h:42]   --->   Operation 1086 'sub' 'sub_ln73_254' <Predicate = true> <Delay = 0.00> <CoreInst = "TAddSub">   --->   Core 10 'TAddSub' <Latency = 0> <II = 1> <Delay = 0.34> <IPBlock> <Opcode : '' 'add' 'sub'> <InPorts = 3> <OutPorts = 1> <Sync> <CReg>
ST_1 : Operation 1087 [1/1] (0.81ns) (root node of TernaryAdder)   --->   "%mult_228 = sub i10 %sub_ln73_254, i10 %zext_ln73_181" [firmware/nnet_utils/nnet_mult.h:73->firmware/nnet_utils/nnet_dense_latency.h:42]   --->   Operation 1087 'sub' 'mult_228' <Predicate = true> <Delay = 0.81> <CoreInst = "TAddSub">   --->   Core 10 'TAddSub' <Latency = 0> <II = 1> <Delay = 0.34> <IPBlock> <Opcode : '' 'add' 'sub'> <InPorts = 3> <OutPorts = 1> <Sync> <CReg>
ST_1 : Operation 1088 [1/1] (0.00ns)   --->   "%sext_ln17_154 = sext i10 %mult_228" [firmware/nnet_utils/nnet_dense_latency.h:17]   --->   Operation 1088 'sext' 'sext_ln17_154' <Predicate = true> <Delay = 0.00>
ST_1 : Operation 1089 [1/1] (0.00ns)   --->   "%mult_233 = bitconcatenate i7 @_ssdm_op_BitConcatenate.i7.i6.i1, i6 %data_46_val_read, i1 0" [firmware/nnet_utils/nnet_mult.h:73->firmware/nnet_utils/nnet_dense_latency.h:42]   --->   Operation 1089 'bitconcatenate' 'mult_233' <Predicate = true> <Delay = 0.00>
ST_1 : Operation 1090 [1/1] (0.00ns)   --->   "%zext_ln73_390 = zext i7 %mult_233" [firmware/nnet_utils/nnet_mult.h:73->firmware/nnet_utils/nnet_dense_latency.h:42]   --->   Operation 1090 'zext' 'zext_ln73_390' <Predicate = true> <Delay = 0.00>
ST_1 : Operation 1091 [1/1] (0.72ns)   --->   "%sub_ln73_256 = sub i10 %p_shl25, i10 %zext_ln73_390" [firmware/nnet_utils/nnet_mult.h:73->firmware/nnet_utils/nnet_dense_latency.h:42]   --->   Operation 1091 'sub' 'sub_ln73_256' <Predicate = true> <Delay = 0.72> <CoreInst = "Adder">   --->   Core 1 'Adder' <Latency = 0> <II = 1> <Delay = 0.72> <FuncUnit> <Opcode : 'add' 'sub'> <InPorts = 2> <OutPorts = 1>
ST_1 : Operation 1092 [1/1] (0.70ns)   --->   "%mult_230 = sub i7 0, i7 %zext_ln73_179" [firmware/nnet_utils/nnet_mult.h:73->firmware/nnet_utils/nnet_dense_latency.h:42]   --->   Operation 1092 'sub' 'mult_230' <Predicate = true> <Delay = 0.70> <CoreInst = "Adder">   --->   Core 1 'Adder' <Latency = 0> <II = 1> <Delay = 0.70> <FuncUnit> <Opcode : 'add' 'sub'> <InPorts = 2> <OutPorts = 1>
ST_1 : Operation 1093 [1/1] (0.00ns)   --->   "%sext_ln17_155 = sext i7 %mult_230" [firmware/nnet_utils/nnet_dense_latency.h:17]   --->   Operation 1093 'sext' 'sext_ln17_155' <Predicate = true> <Delay = 0.00>
ST_1 : Operation 1094 [1/1] (0.00ns)   --->   "%tmp_825 = bitconcatenate i9 @_ssdm_op_BitConcatenate.i9.i6.i3, i6 %data_46_val_read, i3 0" [firmware/nnet_utils/nnet_mult.h:73->firmware/nnet_utils/nnet_dense_latency.h:42]   --->   Operation 1094 'bitconcatenate' 'tmp_825' <Predicate = true> <Delay = 0.00>
ST_1 : Operation 1095 [1/1] (0.00ns)   --->   "%zext_ln73_391 = zext i9 %tmp_825" [firmware/nnet_utils/nnet_mult.h:73->firmware/nnet_utils/nnet_dense_latency.h:42]   --->   Operation 1095 'zext' 'zext_ln73_391' <Predicate = true> <Delay = 0.00>
ST_1 : Operation 1096 [1/1] (0.71ns)   --->   "%mult_231 = sub i10 %zext_ln73_390, i10 %zext_ln73_391" [firmware/nnet_utils/nnet_mult.h:73->firmware/nnet_utils/nnet_dense_latency.h:42]   --->   Operation 1096 'sub' 'mult_231' <Predicate = true> <Delay = 0.71> <CoreInst = "Adder">   --->   Core 1 'Adder' <Latency = 0> <II = 1> <Delay = 0.71> <FuncUnit> <Opcode : 'add' 'sub'> <InPorts = 2> <OutPorts = 1>
ST_1 : Operation 1097 [1/1] (0.00ns)   --->   "%sext_ln17_156 = sext i10 %mult_231" [firmware/nnet_utils/nnet_dense_latency.h:17]   --->   Operation 1097 'sext' 'sext_ln17_156' <Predicate = true> <Delay = 0.00>
ST_1 : Operation 1098 [1/1] (0.71ns)   --->   "%mult_232 = sub i10 %zext_ln73_181, i10 %zext_ln73_391" [firmware/nnet_utils/nnet_mult.h:73->firmware/nnet_utils/nnet_dense_latency.h:42]   --->   Operation 1098 'sub' 'mult_232' <Predicate = true> <Delay = 0.71> <CoreInst = "Adder">   --->   Core 1 'Adder' <Latency = 0> <II = 1> <Delay = 0.71> <FuncUnit> <Opcode : 'add' 'sub'> <InPorts = 2> <OutPorts = 1>
ST_1 : Operation 1099 [1/1] (0.00ns)   --->   "%sext_ln17_157 = sext i10 %mult_232" [firmware/nnet_utils/nnet_dense_latency.h:17]   --->   Operation 1099 'sext' 'sext_ln17_157' <Predicate = true> <Delay = 0.00>
ST_1 : Operation 1100 [1/1] (0.00ns)   --->   "%zext_ln73_392 = zext i7 %mult_233" [firmware/nnet_utils/nnet_mult.h:73->firmware/nnet_utils/nnet_dense_latency.h:42]   --->   Operation 1100 'zext' 'zext_ln73_392' <Predicate = true> <Delay = 0.00>
ST_1 : Operation 1101 [1/1] (0.71ns)   --->   "%sub_ln73_260 = sub i9 %tmp_825, i9 %zext_ln73_392" [firmware/nnet_utils/nnet_mult.h:73->firmware/nnet_utils/nnet_dense_latency.h:42]   --->   Operation 1101 'sub' 'sub_ln73_260' <Predicate = true> <Delay = 0.71> <CoreInst = "Adder">   --->   Core 1 'Adder' <Latency = 0> <II = 1> <Delay = 0.71> <FuncUnit> <Opcode : 'add' 'sub'> <InPorts = 2> <OutPorts = 1>
ST_1 : Operation 1102 [1/1] (0.70ns)   --->   "%sub_ln73_261 = sub i8 %mult_229, i8 %zext_ln73_180" [firmware/nnet_utils/nnet_mult.h:73->firmware/nnet_utils/nnet_dense_latency.h:42]   --->   Operation 1102 'sub' 'sub_ln73_261' <Predicate = true> <Delay = 0.70> <CoreInst = "Adder">   --->   Core 1 'Adder' <Latency = 0> <II = 1> <Delay = 0.70> <FuncUnit> <Opcode : 'add' 'sub'> <InPorts = 2> <OutPorts = 1>
ST_1 : Operation 1103 [1/1] (0.00ns)   --->   "%zext_ln17_64 = zext i7 %mult_233" [firmware/nnet_utils/nnet_dense_latency.h:17]   --->   Operation 1103 'zext' 'zext_ln17_64' <Predicate = true> <Delay = 0.00>
ST_1 : Operation 1104 [1/1] (0.00ns)   --->   "%zext_ln73_182 = zext i6 %data_47_val_read" [firmware/nnet_utils/nnet_mult.h:73->firmware/nnet_utils/nnet_dense_latency.h:42]   --->   Operation 1104 'zext' 'zext_ln73_182' <Predicate = true> <Delay = 0.00>
ST_1 : Operation 1105 [1/1] (0.00ns)   --->   "%zext_ln73_183 = zext i6 %data_47_val_read" [firmware/nnet_utils/nnet_mult.h:73->firmware/nnet_utils/nnet_dense_latency.h:42]   --->   Operation 1105 'zext' 'zext_ln73_183' <Predicate = true> <Delay = 0.00>
ST_1 : Operation 1106 [1/1] (0.00ns)   --->   "%zext_ln73_184 = zext i6 %data_47_val_read" [firmware/nnet_utils/nnet_mult.h:73->firmware/nnet_utils/nnet_dense_latency.h:42]   --->   Operation 1106 'zext' 'zext_ln73_184' <Predicate = true> <Delay = 0.00>
ST_1 : Operation 1107 [1/1] (0.00ns)   --->   "%zext_ln73_185 = zext i6 %data_47_val_read" [firmware/nnet_utils/nnet_mult.h:73->firmware/nnet_utils/nnet_dense_latency.h:42]   --->   Operation 1107 'zext' 'zext_ln73_185' <Predicate = true> <Delay = 0.00>
ST_1 : Operation 1108 [1/1] (0.00ns)   --->   "%zext_ln73_186 = zext i6 %data_47_val_read" [firmware/nnet_utils/nnet_mult.h:73->firmware/nnet_utils/nnet_dense_latency.h:42]   --->   Operation 1108 'zext' 'zext_ln73_186' <Predicate = true> <Delay = 0.00>
ST_1 : Operation 1109 [1/1] (0.00ns)   --->   "%tmp_826 = bitconcatenate i9 @_ssdm_op_BitConcatenate.i9.i6.i3, i6 %data_47_val_read, i3 0" [firmware/nnet_utils/nnet_mult.h:73->firmware/nnet_utils/nnet_dense_latency.h:42]   --->   Operation 1109 'bitconcatenate' 'tmp_826' <Predicate = true> <Delay = 0.00>
ST_1 : Operation 1110 [1/1] (0.00ns)   --->   "%zext_ln73_393 = zext i9 %tmp_826" [firmware/nnet_utils/nnet_mult.h:73->firmware/nnet_utils/nnet_dense_latency.h:42]   --->   Operation 1110 'zext' 'zext_ln73_393' <Predicate = true> <Delay = 0.00>
ST_1 : Operation 1111 [1/1] (0.71ns)   --->   "%mult_234 = sub i10 %zext_ln73_186, i10 %zext_ln73_393" [firmware/nnet_utils/nnet_mult.h:73->firmware/nnet_utils/nnet_dense_latency.h:42]   --->   Operation 1111 'sub' 'mult_234' <Predicate = true> <Delay = 0.71> <CoreInst = "Adder">   --->   Core 1 'Adder' <Latency = 0> <II = 1> <Delay = 0.71> <FuncUnit> <Opcode : 'add' 'sub'> <InPorts = 2> <OutPorts = 1>
ST_1 : Operation 1112 [1/1] (0.00ns)   --->   "%sext_ln17_158 = sext i10 %mult_234" [firmware/nnet_utils/nnet_dense_latency.h:17]   --->   Operation 1112 'sext' 'sext_ln17_158' <Predicate = true> <Delay = 0.00>
ST_1 : Operation 1113 [1/1] (0.00ns)   --->   "%mult_235 = bitconcatenate i8 @_ssdm_op_BitConcatenate.i8.i6.i2, i6 %data_47_val_read, i2 0" [firmware/nnet_utils/nnet_mult.h:73->firmware/nnet_utils/nnet_dense_latency.h:42]   --->   Operation 1113 'bitconcatenate' 'mult_235' <Predicate = true> <Delay = 0.00>
ST_1 : Operation 1114 [1/1] (0.00ns)   --->   "%zext_ln17_65 = zext i8 %mult_235" [firmware/nnet_utils/nnet_dense_latency.h:17]   --->   Operation 1114 'zext' 'zext_ln17_65' <Predicate = true> <Delay = 0.00>
ST_1 : Operation 1115 [1/1] (0.00ns)   --->   "%zext_ln17_66 = zext i8 %mult_235" [firmware/nnet_utils/nnet_dense_latency.h:17]   --->   Operation 1115 'zext' 'zext_ln17_66' <Predicate = true> <Delay = 0.00>
ST_1 : Operation 1116 [1/1] (0.00ns)   --->   "%zext_ln73_394 = zext i8 %mult_235" [firmware/nnet_utils/nnet_mult.h:73->firmware/nnet_utils/nnet_dense_latency.h:42]   --->   Operation 1116 'zext' 'zext_ln73_394' <Predicate = true> <Delay = 0.00>
ST_1 : Operation 1117 [1/1] (0.70ns)   --->   "%add_ln73_48 = add i9 %zext_ln73_394, i9 %zext_ln73_184" [firmware/nnet_utils/nnet_mult.h:73->firmware/nnet_utils/nnet_dense_latency.h:42]   --->   Operation 1117 'add' 'add_ln73_48' <Predicate = true> <Delay = 0.70> <CoreInst = "Adder">   --->   Core 1 'Adder' <Latency = 0> <II = 1> <Delay = 0.70> <FuncUnit> <Opcode : 'add' 'sub'> <InPorts = 2> <OutPorts = 1>
ST_1 : Operation 1118 [1/1] (0.70ns)   --->   "%sub_ln73_263 = sub i8 %mult_235, i8 %zext_ln73_185" [firmware/nnet_utils/nnet_mult.h:73->firmware/nnet_utils/nnet_dense_latency.h:42]   --->   Operation 1118 'sub' 'sub_ln73_263' <Predicate = true> <Delay = 0.70> <CoreInst = "Adder">   --->   Core 1 'Adder' <Latency = 0> <II = 1> <Delay = 0.70> <FuncUnit> <Opcode : 'add' 'sub'> <InPorts = 2> <OutPorts = 1>
ST_1 : Operation 1119 [1/1] (0.71ns)   --->   "%sub_ln73_264 = sub i9 %tmp_826, i9 %zext_ln73_184" [firmware/nnet_utils/nnet_mult.h:73->firmware/nnet_utils/nnet_dense_latency.h:42]   --->   Operation 1119 'sub' 'sub_ln73_264' <Predicate = true> <Delay = 0.71> <CoreInst = "Adder">   --->   Core 1 'Adder' <Latency = 0> <II = 1> <Delay = 0.71> <FuncUnit> <Opcode : 'add' 'sub'> <InPorts = 2> <OutPorts = 1>
ST_1 : Operation 1120 [1/1] (1.23ns)   --->   "%mult_236 = mul i11 %zext_ln73_183, i11 2037" [firmware/nnet_utils/nnet_mult.h:73->firmware/nnet_utils/nnet_dense_latency.h:42]   --->   Operation 1120 'mul' 'mult_236' <Predicate = true> <Delay = 1.23> <CoreInst = "Multiplier">   --->   Core 3 'Multiplier' <Latency = 0> <II = 1> <Delay = 1.23> <FuncUnit> <Opcode : 'mul'> <InPorts = 2> <OutPorts = 1>
ST_1 : Operation 1121 [1/1] (0.70ns)   --->   "%mult_237 = sub i7 0, i7 %zext_ln73_182" [firmware/nnet_utils/nnet_mult.h:73->firmware/nnet_utils/nnet_dense_latency.h:42]   --->   Operation 1121 'sub' 'mult_237' <Predicate = true> <Delay = 0.70> <CoreInst = "Adder">   --->   Core 1 'Adder' <Latency = 0> <II = 1> <Delay = 0.70> <FuncUnit> <Opcode : 'add' 'sub'> <InPorts = 2> <OutPorts = 1>
ST_1 : Operation 1122 [1/1] (0.00ns)   --->   "%sext_ln17_159 = sext i7 %mult_237" [firmware/nnet_utils/nnet_dense_latency.h:17]   --->   Operation 1122 'sext' 'sext_ln17_159' <Predicate = true> <Delay = 0.00>
ST_1 : Operation 1123 [1/1] (0.70ns)   --->   "%mult_238 = sub i9 0, i9 %zext_ln73_394" [firmware/nnet_utils/nnet_mult.h:73->firmware/nnet_utils/nnet_dense_latency.h:42]   --->   Operation 1123 'sub' 'mult_238' <Predicate = true> <Delay = 0.70> <CoreInst = "Adder">   --->   Core 1 'Adder' <Latency = 0> <II = 1> <Delay = 0.70> <FuncUnit> <Opcode : 'add' 'sub'> <InPorts = 2> <OutPorts = 1>
ST_1 : Operation 1124 [1/1] (0.00ns)   --->   "%sext_ln17_160 = sext i9 %mult_238" [firmware/nnet_utils/nnet_dense_latency.h:17]   --->   Operation 1124 'sext' 'sext_ln17_160' <Predicate = true> <Delay = 0.00>
ST_1 : Operation 1125 [1/1] (0.00ns)   --->   "%tmp_827 = bitconcatenate i7 @_ssdm_op_BitConcatenate.i7.i6.i1, i6 %data_47_val_read, i1 0" [firmware/nnet_utils/nnet_mult.h:73->firmware/nnet_utils/nnet_dense_latency.h:42]   --->   Operation 1125 'bitconcatenate' 'tmp_827' <Predicate = true> <Delay = 0.00>
ST_1 : Operation 1126 [1/1] (0.00ns)   --->   "%zext_ln73_395 = zext i7 %tmp_827" [firmware/nnet_utils/nnet_mult.h:73->firmware/nnet_utils/nnet_dense_latency.h:42]   --->   Operation 1126 'zext' 'zext_ln73_395' <Predicate = true> <Delay = 0.00>
ST_1 : Operation 1127 [1/1] (0.70ns)   --->   "%mult_239 = sub i8 0, i8 %zext_ln73_395" [firmware/nnet_utils/nnet_mult.h:73->firmware/nnet_utils/nnet_dense_latency.h:42]   --->   Operation 1127 'sub' 'mult_239' <Predicate = true> <Delay = 0.70> <CoreInst = "Adder">   --->   Core 1 'Adder' <Latency = 0> <II = 1> <Delay = 0.70> <FuncUnit> <Opcode : 'add' 'sub'> <InPorts = 2> <OutPorts = 1>
ST_1 : Operation 1128 [1/1] (0.00ns)   --->   "%sext_ln17_161 = sext i8 %mult_239" [firmware/nnet_utils/nnet_dense_latency.h:17]   --->   Operation 1128 'sext' 'sext_ln17_161' <Predicate = true> <Delay = 0.00>
ST_1 : Operation 1129 [1/1] (0.00ns)   --->   "%sext_ln17_162 = sext i8 %mult_239" [firmware/nnet_utils/nnet_dense_latency.h:17]   --->   Operation 1129 'sext' 'sext_ln17_162' <Predicate = true> <Delay = 0.00>
ST_1 : Operation 1130 [1/1] (0.00ns)   --->   "%zext_ln73_187 = zext i6 %data_48_val_read" [firmware/nnet_utils/nnet_mult.h:73->firmware/nnet_utils/nnet_dense_latency.h:42]   --->   Operation 1130 'zext' 'zext_ln73_187' <Predicate = true> <Delay = 0.00>
ST_1 : Operation 1131 [1/1] (0.00ns)   --->   "%zext_ln73_189 = zext i6 %data_48_val_read" [firmware/nnet_utils/nnet_mult.h:73->firmware/nnet_utils/nnet_dense_latency.h:42]   --->   Operation 1131 'zext' 'zext_ln73_189' <Predicate = true> <Delay = 0.00>
ST_1 : Operation 1132 [1/1] (0.00ns)   --->   "%zext_ln73_190 = zext i6 %data_48_val_read" [firmware/nnet_utils/nnet_mult.h:73->firmware/nnet_utils/nnet_dense_latency.h:42]   --->   Operation 1132 'zext' 'zext_ln73_190' <Predicate = true> <Delay = 0.00>
ST_1 : Operation 1133 [1/1] (0.00ns)   --->   "%p_shl26 = bitconcatenate i9 @_ssdm_op_BitConcatenate.i9.i6.i3, i6 %data_48_val_read, i3 0" [firmware/nnet_utils/nnet_mult.h:73->firmware/nnet_utils/nnet_dense_latency.h:42]   --->   Operation 1133 'bitconcatenate' 'p_shl26' <Predicate = true> <Delay = 0.00>
ST_1 : Operation 1134 [1/1] (0.71ns)   --->   "%sub_ln73_268 = sub i9 %p_shl26, i9 %zext_ln73_190" [firmware/nnet_utils/nnet_mult.h:73->firmware/nnet_utils/nnet_dense_latency.h:42]   --->   Operation 1134 'sub' 'sub_ln73_268' <Predicate = true> <Delay = 0.71> <CoreInst = "Adder">   --->   Core 1 'Adder' <Latency = 0> <II = 1> <Delay = 0.71> <FuncUnit> <Opcode : 'add' 'sub'> <InPorts = 2> <OutPorts = 1>
ST_1 : Operation 1135 [1/1] (0.00ns)   --->   "%tmp_828 = bitconcatenate i8 @_ssdm_op_BitConcatenate.i8.i6.i2, i6 %data_48_val_read, i2 0" [firmware/nnet_utils/nnet_mult.h:73->firmware/nnet_utils/nnet_dense_latency.h:42]   --->   Operation 1135 'bitconcatenate' 'tmp_828' <Predicate = true> <Delay = 0.00>
ST_1 : Operation 1136 [1/1] (0.00ns)   --->   "%zext_ln73_396 = zext i8 %tmp_828" [firmware/nnet_utils/nnet_mult.h:73->firmware/nnet_utils/nnet_dense_latency.h:42]   --->   Operation 1136 'zext' 'zext_ln73_396' <Predicate = true> <Delay = 0.00>
ST_1 : Operation 1137 [1/1] (0.70ns)   --->   "%mult_240 = sub i9 %zext_ln73_190, i9 %zext_ln73_396" [firmware/nnet_utils/nnet_mult.h:73->firmware/nnet_utils/nnet_dense_latency.h:42]   --->   Operation 1137 'sub' 'mult_240' <Predicate = true> <Delay = 0.70> <CoreInst = "Adder">   --->   Core 1 'Adder' <Latency = 0> <II = 1> <Delay = 0.70> <FuncUnit> <Opcode : 'add' 'sub'> <InPorts = 2> <OutPorts = 1>
ST_1 : Operation 1138 [1/1] (0.00ns)   --->   "%sext_ln17_163 = sext i9 %mult_240" [firmware/nnet_utils/nnet_dense_latency.h:17]   --->   Operation 1138 'sext' 'sext_ln17_163' <Predicate = true> <Delay = 0.00>
ST_1 : Operation 1139 [1/1] (0.00ns)   --->   "%zext_ln73_397 = zext i8 %tmp_828" [firmware/nnet_utils/nnet_mult.h:73->firmware/nnet_utils/nnet_dense_latency.h:42]   --->   Operation 1139 'zext' 'zext_ln73_397' <Predicate = true> <Delay = 0.00>
ST_1 : Operation 1140 [1/1] (0.00ns) (grouped into TernaryAdder)   --->   "%sub_ln73_270 = sub i10 0, i10 %zext_ln73_397" [firmware/nnet_utils/nnet_mult.h:73->firmware/nnet_utils/nnet_dense_latency.h:42]   --->   Operation 1140 'sub' 'sub_ln73_270' <Predicate = true> <Delay = 0.00> <CoreInst = "TAddSub">   --->   Core 10 'TAddSub' <Latency = 0> <II = 1> <Delay = 0.34> <IPBlock> <Opcode : '' 'add' 'sub'> <InPorts = 3> <OutPorts = 1> <Sync> <CReg>
ST_1 : Operation 1141 [1/1] (0.81ns) (root node of TernaryAdder)   --->   "%mult_241 = sub i10 %sub_ln73_270, i10 %zext_ln73_189" [firmware/nnet_utils/nnet_mult.h:73->firmware/nnet_utils/nnet_dense_latency.h:42]   --->   Operation 1141 'sub' 'mult_241' <Predicate = true> <Delay = 0.81> <CoreInst = "TAddSub">   --->   Core 10 'TAddSub' <Latency = 0> <II = 1> <Delay = 0.34> <IPBlock> <Opcode : '' 'add' 'sub'> <InPorts = 3> <OutPorts = 1> <Sync> <CReg>
ST_1 : Operation 1142 [1/1] (0.70ns)   --->   "%add_ln73_49 = add i9 %zext_ln73_396, i9 %zext_ln73_190" [firmware/nnet_utils/nnet_mult.h:73->firmware/nnet_utils/nnet_dense_latency.h:42]   --->   Operation 1142 'add' 'add_ln73_49' <Predicate = true> <Delay = 0.70> <CoreInst = "Adder">   --->   Core 1 'Adder' <Latency = 0> <II = 1> <Delay = 0.70> <FuncUnit> <Opcode : 'add' 'sub'> <InPorts = 2> <OutPorts = 1>
ST_1 : Operation 1143 [1/1] (0.00ns)   --->   "%tmp_829 = bitconcatenate i7 @_ssdm_op_BitConcatenate.i7.i6.i1, i6 %data_48_val_read, i1 0" [firmware/nnet_utils/nnet_mult.h:73->firmware/nnet_utils/nnet_dense_latency.h:42]   --->   Operation 1143 'bitconcatenate' 'tmp_829' <Predicate = true> <Delay = 0.00>
ST_1 : Operation 1144 [1/1] (0.00ns)   --->   "%zext_ln73_398 = zext i7 %tmp_829" [firmware/nnet_utils/nnet_mult.h:73->firmware/nnet_utils/nnet_dense_latency.h:42]   --->   Operation 1144 'zext' 'zext_ln73_398' <Predicate = true> <Delay = 0.00>
ST_1 : Operation 1145 [1/1] (0.70ns)   --->   "%mult_242 = sub i8 0, i8 %zext_ln73_398" [firmware/nnet_utils/nnet_mult.h:73->firmware/nnet_utils/nnet_dense_latency.h:42]   --->   Operation 1145 'sub' 'mult_242' <Predicate = true> <Delay = 0.70> <CoreInst = "Adder">   --->   Core 1 'Adder' <Latency = 0> <II = 1> <Delay = 0.70> <FuncUnit> <Opcode : 'add' 'sub'> <InPorts = 2> <OutPorts = 1>
ST_1 : Operation 1146 [1/1] (0.00ns)   --->   "%sext_ln17_164 = sext i8 %mult_242" [firmware/nnet_utils/nnet_dense_latency.h:17]   --->   Operation 1146 'sext' 'sext_ln17_164' <Predicate = true> <Delay = 0.00>
ST_1 : Operation 1147 [1/1] (0.70ns)   --->   "%mult_243 = sub i7 0, i7 %zext_ln73_187" [firmware/nnet_utils/nnet_mult.h:73->firmware/nnet_utils/nnet_dense_latency.h:42]   --->   Operation 1147 'sub' 'mult_243' <Predicate = true> <Delay = 0.70> <CoreInst = "Adder">   --->   Core 1 'Adder' <Latency = 0> <II = 1> <Delay = 0.70> <FuncUnit> <Opcode : 'add' 'sub'> <InPorts = 2> <OutPorts = 1>
ST_1 : Operation 1148 [1/1] (0.00ns)   --->   "%sext_ln17_165 = sext i7 %mult_243" [firmware/nnet_utils/nnet_dense_latency.h:17]   --->   Operation 1148 'sext' 'sext_ln17_165' <Predicate = true> <Delay = 0.00>
ST_1 : Operation 1149 [1/1] (0.70ns)   --->   "%mult_244 = sub i9 0, i9 %zext_ln73_396" [firmware/nnet_utils/nnet_mult.h:73->firmware/nnet_utils/nnet_dense_latency.h:42]   --->   Operation 1149 'sub' 'mult_244' <Predicate = true> <Delay = 0.70> <CoreInst = "Adder">   --->   Core 1 'Adder' <Latency = 0> <II = 1> <Delay = 0.70> <FuncUnit> <Opcode : 'add' 'sub'> <InPorts = 2> <OutPorts = 1>
ST_1 : Operation 1150 [1/1] (0.00ns)   --->   "%sext_ln17_166 = sext i9 %mult_244" [firmware/nnet_utils/nnet_dense_latency.h:17]   --->   Operation 1150 'sext' 'sext_ln17_166' <Predicate = true> <Delay = 0.00>
ST_1 : Operation 1151 [1/1] (0.00ns)   --->   "%zext_ln73_399 = zext i9 %p_shl26" [firmware/nnet_utils/nnet_mult.h:73->firmware/nnet_utils/nnet_dense_latency.h:42]   --->   Operation 1151 'zext' 'zext_ln73_399' <Predicate = true> <Delay = 0.00>
ST_1 : Operation 1152 [1/1] (0.00ns)   --->   "%zext_ln73_400 = zext i7 %tmp_829" [firmware/nnet_utils/nnet_mult.h:73->firmware/nnet_utils/nnet_dense_latency.h:42]   --->   Operation 1152 'zext' 'zext_ln73_400' <Predicate = true> <Delay = 0.00>
ST_1 : Operation 1153 [1/1] (0.71ns)   --->   "%mult_245 = sub i10 %zext_ln73_400, i10 %zext_ln73_399" [firmware/nnet_utils/nnet_mult.h:73->firmware/nnet_utils/nnet_dense_latency.h:42]   --->   Operation 1153 'sub' 'mult_245' <Predicate = true> <Delay = 0.71> <CoreInst = "Adder">   --->   Core 1 'Adder' <Latency = 0> <II = 1> <Delay = 0.71> <FuncUnit> <Opcode : 'add' 'sub'> <InPorts = 2> <OutPorts = 1>
ST_1 : Operation 1154 [1/1] (0.00ns)   --->   "%sext_ln17_167 = sext i10 %mult_245" [firmware/nnet_utils/nnet_dense_latency.h:17]   --->   Operation 1154 'sext' 'sext_ln17_167' <Predicate = true> <Delay = 0.00>
ST_1 : Operation 1155 [1/1] (0.00ns)   --->   "%zext_ln73_191 = zext i6 %data_49_val_read" [firmware/nnet_utils/nnet_mult.h:73->firmware/nnet_utils/nnet_dense_latency.h:42]   --->   Operation 1155 'zext' 'zext_ln73_191' <Predicate = true> <Delay = 0.00>
ST_1 : Operation 1156 [1/1] (0.00ns)   --->   "%zext_ln73_192 = zext i6 %data_49_val_read" [firmware/nnet_utils/nnet_mult.h:73->firmware/nnet_utils/nnet_dense_latency.h:42]   --->   Operation 1156 'zext' 'zext_ln73_192' <Predicate = true> <Delay = 0.00>
ST_1 : Operation 1157 [1/1] (0.00ns)   --->   "%zext_ln73_193 = zext i6 %data_49_val_read" [firmware/nnet_utils/nnet_mult.h:73->firmware/nnet_utils/nnet_dense_latency.h:42]   --->   Operation 1157 'zext' 'zext_ln73_193' <Predicate = true> <Delay = 0.00>
ST_1 : Operation 1158 [1/1] (0.00ns)   --->   "%zext_ln73_194 = zext i6 %data_49_val_read" [firmware/nnet_utils/nnet_mult.h:73->firmware/nnet_utils/nnet_dense_latency.h:42]   --->   Operation 1158 'zext' 'zext_ln73_194' <Predicate = true> <Delay = 0.00>
ST_1 : Operation 1159 [1/1] (0.00ns)   --->   "%mult_249 = bitconcatenate i8 @_ssdm_op_BitConcatenate.i8.i6.i2, i6 %data_49_val_read, i2 0" [firmware/nnet_utils/nnet_mult.h:73->firmware/nnet_utils/nnet_dense_latency.h:42]   --->   Operation 1159 'bitconcatenate' 'mult_249' <Predicate = true> <Delay = 0.00>
ST_1 : Operation 1160 [1/1] (0.00ns)   --->   "%zext_ln73_401 = zext i8 %mult_249" [firmware/nnet_utils/nnet_mult.h:73->firmware/nnet_utils/nnet_dense_latency.h:42]   --->   Operation 1160 'zext' 'zext_ln73_401' <Predicate = true> <Delay = 0.00>
ST_1 : Operation 1161 [1/1] (0.70ns)   --->   "%sub_ln73_276 = sub i10 0, i10 %zext_ln73_401" [firmware/nnet_utils/nnet_mult.h:73->firmware/nnet_utils/nnet_dense_latency.h:42]   --->   Operation 1161 'sub' 'sub_ln73_276' <Predicate = true> <Delay = 0.70> <CoreInst = "Adder">   --->   Core 1 'Adder' <Latency = 0> <II = 1> <Delay = 0.70> <FuncUnit> <Opcode : 'add' 'sub'> <InPorts = 2> <OutPorts = 1>
ST_1 : Operation 1162 [1/1] (0.00ns) (grouped into TernaryAdder)   --->   "%mult_246 = sub i10 %sub_ln73_276, i10 %zext_ln73_194" [firmware/nnet_utils/nnet_mult.h:73->firmware/nnet_utils/nnet_dense_latency.h:42]   --->   Operation 1162 'sub' 'mult_246' <Predicate = true> <Delay = 0.00> <CoreInst = "TAddSub">   --->   Core 10 'TAddSub' <Latency = 0> <II = 1> <Delay = 0.34> <IPBlock> <Opcode : '' 'add' 'sub'> <InPorts = 3> <OutPorts = 1> <Sync> <CReg>
ST_1 : Operation 1163 [1/1] (0.00ns)   --->   "%mult_250 = bitconcatenate i7 @_ssdm_op_BitConcatenate.i7.i6.i1, i6 %data_49_val_read, i1 0" [firmware/nnet_utils/nnet_mult.h:73->firmware/nnet_utils/nnet_dense_latency.h:42]   --->   Operation 1163 'bitconcatenate' 'mult_250' <Predicate = true> <Delay = 0.00>
ST_1 : Operation 1164 [1/1] (0.00ns)   --->   "%zext_ln73_402 = zext i7 %mult_250" [firmware/nnet_utils/nnet_mult.h:73->firmware/nnet_utils/nnet_dense_latency.h:42]   --->   Operation 1164 'zext' 'zext_ln73_402' <Predicate = true> <Delay = 0.00>
ST_1 : Operation 1165 [1/1] (0.70ns)   --->   "%mult_247 = sub i8 0, i8 %zext_ln73_402" [firmware/nnet_utils/nnet_mult.h:73->firmware/nnet_utils/nnet_dense_latency.h:42]   --->   Operation 1165 'sub' 'mult_247' <Predicate = true> <Delay = 0.70> <CoreInst = "Adder">   --->   Core 1 'Adder' <Latency = 0> <II = 1> <Delay = 0.70> <FuncUnit> <Opcode : 'add' 'sub'> <InPorts = 2> <OutPorts = 1>
ST_1 : Operation 1166 [1/1] (0.00ns)   --->   "%sext_ln17_168 = sext i8 %mult_247" [firmware/nnet_utils/nnet_dense_latency.h:17]   --->   Operation 1166 'sext' 'sext_ln17_168' <Predicate = true> <Delay = 0.00>
ST_1 : Operation 1167 [1/1] (0.70ns)   --->   "%sub_ln73_279 = sub i8 %mult_249, i8 %zext_ln73_193" [firmware/nnet_utils/nnet_mult.h:73->firmware/nnet_utils/nnet_dense_latency.h:42]   --->   Operation 1167 'sub' 'sub_ln73_279' <Predicate = true> <Delay = 0.70> <CoreInst = "Adder">   --->   Core 1 'Adder' <Latency = 0> <II = 1> <Delay = 0.70> <FuncUnit> <Opcode : 'add' 'sub'> <InPorts = 2> <OutPorts = 1>
ST_1 : Operation 1168 [1/1] (0.00ns)   --->   "%tmp_832 = bitconcatenate i9 @_ssdm_op_BitConcatenate.i9.i6.i3, i6 %data_49_val_read, i3 0" [firmware/nnet_utils/nnet_mult.h:73->firmware/nnet_utils/nnet_dense_latency.h:42]   --->   Operation 1168 'bitconcatenate' 'tmp_832' <Predicate = true> <Delay = 0.00>
ST_1 : Operation 1169 [1/1] (0.00ns)   --->   "%zext_ln73_403 = zext i9 %tmp_832" [firmware/nnet_utils/nnet_mult.h:73->firmware/nnet_utils/nnet_dense_latency.h:42]   --->   Operation 1169 'zext' 'zext_ln73_403' <Predicate = true> <Delay = 0.00>
ST_1 : Operation 1170 [1/1] (0.71ns)   --->   "%mult_248 = sub i10 %zext_ln73_194, i10 %zext_ln73_403" [firmware/nnet_utils/nnet_mult.h:73->firmware/nnet_utils/nnet_dense_latency.h:42]   --->   Operation 1170 'sub' 'mult_248' <Predicate = true> <Delay = 0.71> <CoreInst = "Adder">   --->   Core 1 'Adder' <Latency = 0> <II = 1> <Delay = 0.71> <FuncUnit> <Opcode : 'add' 'sub'> <InPorts = 2> <OutPorts = 1>
ST_1 : Operation 1171 [1/1] (0.00ns)   --->   "%sext_ln17_169 = sext i10 %mult_248" [firmware/nnet_utils/nnet_dense_latency.h:17]   --->   Operation 1171 'sext' 'sext_ln17_169' <Predicate = true> <Delay = 0.00>
ST_1 : Operation 1172 [1/1] (0.00ns)   --->   "%zext_ln17_67 = zext i7 %mult_250" [firmware/nnet_utils/nnet_dense_latency.h:17]   --->   Operation 1172 'zext' 'zext_ln17_67' <Predicate = true> <Delay = 0.00>
ST_1 : Operation 1173 [1/1] (0.00ns)   --->   "%zext_ln73_404 = zext i8 %mult_249" [firmware/nnet_utils/nnet_mult.h:73->firmware/nnet_utils/nnet_dense_latency.h:42]   --->   Operation 1173 'zext' 'zext_ln73_404' <Predicate = true> <Delay = 0.00>
ST_1 : Operation 1174 [1/1] (0.70ns)   --->   "%add_ln73_50 = add i9 %zext_ln73_404, i9 %zext_ln73_191" [firmware/nnet_utils/nnet_mult.h:73->firmware/nnet_utils/nnet_dense_latency.h:42]   --->   Operation 1174 'add' 'add_ln73_50' <Predicate = true> <Delay = 0.70> <CoreInst = "Adder">   --->   Core 1 'Adder' <Latency = 0> <II = 1> <Delay = 0.70> <FuncUnit> <Opcode : 'add' 'sub'> <InPorts = 2> <OutPorts = 1>
ST_1 : Operation 1175 [1/1] (0.00ns)   --->   "%zext_ln73_195 = zext i6 %data_50_val_read" [firmware/nnet_utils/nnet_mult.h:73->firmware/nnet_utils/nnet_dense_latency.h:42]   --->   Operation 1175 'zext' 'zext_ln73_195' <Predicate = true> <Delay = 0.00>
ST_1 : Operation 1176 [1/1] (0.00ns)   --->   "%zext_ln73_196 = zext i6 %data_50_val_read" [firmware/nnet_utils/nnet_mult.h:73->firmware/nnet_utils/nnet_dense_latency.h:42]   --->   Operation 1176 'zext' 'zext_ln73_196' <Predicate = true> <Delay = 0.00>
ST_1 : Operation 1177 [1/1] (0.00ns)   --->   "%zext_ln73_197 = zext i6 %data_50_val_read" [firmware/nnet_utils/nnet_mult.h:73->firmware/nnet_utils/nnet_dense_latency.h:42]   --->   Operation 1177 'zext' 'zext_ln73_197' <Predicate = true> <Delay = 0.00>
ST_1 : Operation 1178 [1/1] (0.00ns)   --->   "%zext_ln73_198 = zext i6 %data_50_val_read" [firmware/nnet_utils/nnet_mult.h:73->firmware/nnet_utils/nnet_dense_latency.h:42]   --->   Operation 1178 'zext' 'zext_ln73_198' <Predicate = true> <Delay = 0.00>
ST_1 : Operation 1179 [1/1] (0.00ns)   --->   "%tmp_833 = bitconcatenate i8 @_ssdm_op_BitConcatenate.i8.i6.i2, i6 %data_50_val_read, i2 0" [firmware/nnet_utils/nnet_mult.h:73->firmware/nnet_utils/nnet_dense_latency.h:42]   --->   Operation 1179 'bitconcatenate' 'tmp_833' <Predicate = true> <Delay = 0.00>
ST_1 : Operation 1180 [1/1] (0.00ns)   --->   "%zext_ln73_405 = zext i8 %tmp_833" [firmware/nnet_utils/nnet_mult.h:73->firmware/nnet_utils/nnet_dense_latency.h:42]   --->   Operation 1180 'zext' 'zext_ln73_405' <Predicate = true> <Delay = 0.00>
ST_1 : Operation 1181 [1/1] (0.70ns)   --->   "%add_ln73_51 = add i9 %zext_ln73_405, i9 %zext_ln73_198" [firmware/nnet_utils/nnet_mult.h:73->firmware/nnet_utils/nnet_dense_latency.h:42]   --->   Operation 1181 'add' 'add_ln73_51' <Predicate = true> <Delay = 0.70> <CoreInst = "Adder">   --->   Core 1 'Adder' <Latency = 0> <II = 1> <Delay = 0.70> <FuncUnit> <Opcode : 'add' 'sub'> <InPorts = 2> <OutPorts = 1>
ST_1 : Operation 1182 [1/1] (0.00ns)   --->   "%tmp_834 = bitconcatenate i9 @_ssdm_op_BitConcatenate.i9.i6.i3, i6 %data_50_val_read, i3 0" [firmware/nnet_utils/nnet_mult.h:73->firmware/nnet_utils/nnet_dense_latency.h:42]   --->   Operation 1182 'bitconcatenate' 'tmp_834' <Predicate = true> <Delay = 0.00>
ST_1 : Operation 1183 [1/1] (0.00ns)   --->   "%zext_ln73_406 = zext i9 %tmp_834" [firmware/nnet_utils/nnet_mult.h:73->firmware/nnet_utils/nnet_dense_latency.h:42]   --->   Operation 1183 'zext' 'zext_ln73_406' <Predicate = true> <Delay = 0.00>
ST_1 : Operation 1184 [1/1] (0.00ns)   --->   "%mult_254 = bitconcatenate i7 @_ssdm_op_BitConcatenate.i7.i6.i1, i6 %data_50_val_read, i1 0" [firmware/nnet_utils/nnet_mult.h:73->firmware/nnet_utils/nnet_dense_latency.h:42]   --->   Operation 1184 'bitconcatenate' 'mult_254' <Predicate = true> <Delay = 0.00>
ST_1 : Operation 1185 [1/1] (0.00ns)   --->   "%zext_ln73_407 = zext i7 %mult_254" [firmware/nnet_utils/nnet_mult.h:73->firmware/nnet_utils/nnet_dense_latency.h:42]   --->   Operation 1185 'zext' 'zext_ln73_407' <Predicate = true> <Delay = 0.00>
ST_1 : Operation 1186 [1/1] (0.00ns) (grouped into TernaryAdder)   --->   "%mult_251 = sub i10 %zext_ln73_407, i10 %zext_ln73_406" [firmware/nnet_utils/nnet_mult.h:73->firmware/nnet_utils/nnet_dense_latency.h:42]   --->   Operation 1186 'sub' 'mult_251' <Predicate = true> <Delay = 0.00> <CoreInst = "TAddSub">   --->   Core 10 'TAddSub' <Latency = 0> <II = 1> <Delay = 0.34> <IPBlock> <Opcode : '' 'add' 'sub'> <InPorts = 3> <OutPorts = 1> <Sync> <CReg>
ST_1 : Operation 1187 [1/1] (0.00ns)   --->   "%zext_ln73_408 = zext i8 %tmp_833" [firmware/nnet_utils/nnet_mult.h:73->firmware/nnet_utils/nnet_dense_latency.h:42]   --->   Operation 1187 'zext' 'zext_ln73_408' <Predicate = true> <Delay = 0.00>
ST_1 : Operation 1188 [1/1] (0.00ns) (grouped into TernaryAdder)   --->   "%sub_ln73_282 = sub i10 0, i10 %zext_ln73_408" [firmware/nnet_utils/nnet_mult.h:73->firmware/nnet_utils/nnet_dense_latency.h:42]   --->   Operation 1188 'sub' 'sub_ln73_282' <Predicate = true> <Delay = 0.00> <CoreInst = "TAddSub">   --->   Core 10 'TAddSub' <Latency = 0> <II = 1> <Delay = 0.34> <IPBlock> <Opcode : '' 'add' 'sub'> <InPorts = 3> <OutPorts = 1> <Sync> <CReg>
ST_1 : Operation 1189 [1/1] (0.81ns) (root node of TernaryAdder)   --->   "%mult_252 = sub i10 %sub_ln73_282, i10 %zext_ln73_197" [firmware/nnet_utils/nnet_mult.h:73->firmware/nnet_utils/nnet_dense_latency.h:42]   --->   Operation 1189 'sub' 'mult_252' <Predicate = true> <Delay = 0.81> <CoreInst = "TAddSub">   --->   Core 10 'TAddSub' <Latency = 0> <II = 1> <Delay = 0.34> <IPBlock> <Opcode : '' 'add' 'sub'> <InPorts = 3> <OutPorts = 1> <Sync> <CReg>
ST_1 : Operation 1190 [1/1] (0.00ns)   --->   "%sext_ln17_170 = sext i10 %mult_252" [firmware/nnet_utils/nnet_dense_latency.h:17]   --->   Operation 1190 'sext' 'sext_ln17_170' <Predicate = true> <Delay = 0.00>
ST_1 : Operation 1191 [1/1] (0.71ns)   --->   "%add_ln73_52 = add i10 %zext_ln73_406, i10 %zext_ln73_197" [firmware/nnet_utils/nnet_mult.h:73->firmware/nnet_utils/nnet_dense_latency.h:42]   --->   Operation 1191 'add' 'add_ln73_52' <Predicate = true> <Delay = 0.71> <CoreInst = "Adder">   --->   Core 1 'Adder' <Latency = 0> <II = 1> <Delay = 0.71> <FuncUnit> <Opcode : 'add' 'sub'> <InPorts = 2> <OutPorts = 1>
ST_1 : Operation 1192 [1/1] (0.70ns)   --->   "%mult_253 = sub i9 %zext_ln73_198, i9 %zext_ln73_405" [firmware/nnet_utils/nnet_mult.h:73->firmware/nnet_utils/nnet_dense_latency.h:42]   --->   Operation 1192 'sub' 'mult_253' <Predicate = true> <Delay = 0.70> <CoreInst = "Adder">   --->   Core 1 'Adder' <Latency = 0> <II = 1> <Delay = 0.70> <FuncUnit> <Opcode : 'add' 'sub'> <InPorts = 2> <OutPorts = 1>
ST_1 : Operation 1193 [1/1] (0.00ns)   --->   "%sext_ln17_171 = sext i9 %mult_253" [firmware/nnet_utils/nnet_dense_latency.h:17]   --->   Operation 1193 'sext' 'sext_ln17_171' <Predicate = true> <Delay = 0.00>
ST_1 : Operation 1194 [1/1] (0.71ns)   --->   "%sub_ln73_285 = sub i9 %tmp_834, i9 %zext_ln73_198" [firmware/nnet_utils/nnet_mult.h:73->firmware/nnet_utils/nnet_dense_latency.h:42]   --->   Operation 1194 'sub' 'sub_ln73_285' <Predicate = true> <Delay = 0.71> <CoreInst = "Adder">   --->   Core 1 'Adder' <Latency = 0> <II = 1> <Delay = 0.71> <FuncUnit> <Opcode : 'add' 'sub'> <InPorts = 2> <OutPorts = 1>
ST_1 : Operation 1195 [1/1] (0.00ns)   --->   "%zext_ln17_68 = zext i7 %mult_254" [firmware/nnet_utils/nnet_dense_latency.h:17]   --->   Operation 1195 'zext' 'zext_ln17_68' <Predicate = true> <Delay = 0.00>
ST_1 : Operation 1196 [1/1] (0.70ns)   --->   "%sub_ln73_286 = sub i8 %tmp_833, i8 %zext_ln73_195" [firmware/nnet_utils/nnet_mult.h:73->firmware/nnet_utils/nnet_dense_latency.h:42]   --->   Operation 1196 'sub' 'sub_ln73_286' <Predicate = true> <Delay = 0.70> <CoreInst = "Adder">   --->   Core 1 'Adder' <Latency = 0> <II = 1> <Delay = 0.70> <FuncUnit> <Opcode : 'add' 'sub'> <InPorts = 2> <OutPorts = 1>
ST_1 : Operation 1197 [1/1] (0.00ns)   --->   "%zext_ln73_409 = zext i7 %mult_254" [firmware/nnet_utils/nnet_mult.h:73->firmware/nnet_utils/nnet_dense_latency.h:42]   --->   Operation 1197 'zext' 'zext_ln73_409' <Predicate = true> <Delay = 0.00>
ST_1 : Operation 1198 [1/1] (0.71ns)   --->   "%sub_ln73_287 = sub i9 %tmp_834, i9 %zext_ln73_409" [firmware/nnet_utils/nnet_mult.h:73->firmware/nnet_utils/nnet_dense_latency.h:42]   --->   Operation 1198 'sub' 'sub_ln73_287' <Predicate = true> <Delay = 0.71> <CoreInst = "Adder">   --->   Core 1 'Adder' <Latency = 0> <II = 1> <Delay = 0.71> <FuncUnit> <Opcode : 'add' 'sub'> <InPorts = 2> <OutPorts = 1>
ST_1 : Operation 1199 [1/1] (0.00ns)   --->   "%zext_ln73_199 = zext i6 %data_51_val_read" [firmware/nnet_utils/nnet_mult.h:73->firmware/nnet_utils/nnet_dense_latency.h:42]   --->   Operation 1199 'zext' 'zext_ln73_199' <Predicate = true> <Delay = 0.00>
ST_1 : Operation 1200 [1/1] (0.00ns)   --->   "%zext_ln73_200 = zext i6 %data_51_val_read" [firmware/nnet_utils/nnet_mult.h:73->firmware/nnet_utils/nnet_dense_latency.h:42]   --->   Operation 1200 'zext' 'zext_ln73_200' <Predicate = true> <Delay = 0.00>
ST_1 : Operation 1201 [1/1] (0.00ns)   --->   "%zext_ln73_201 = zext i6 %data_51_val_read" [firmware/nnet_utils/nnet_mult.h:73->firmware/nnet_utils/nnet_dense_latency.h:42]   --->   Operation 1201 'zext' 'zext_ln73_201' <Predicate = true> <Delay = 0.00>
ST_1 : Operation 1202 [1/1] (0.00ns)   --->   "%tmp_836 = bitconcatenate i8 @_ssdm_op_BitConcatenate.i8.i6.i2, i6 %data_51_val_read, i2 0" [firmware/nnet_utils/nnet_mult.h:73->firmware/nnet_utils/nnet_dense_latency.h:42]   --->   Operation 1202 'bitconcatenate' 'tmp_836' <Predicate = true> <Delay = 0.00>
ST_1 : Operation 1203 [1/1] (0.00ns)   --->   "%zext_ln73_410 = zext i8 %tmp_836" [firmware/nnet_utils/nnet_mult.h:73->firmware/nnet_utils/nnet_dense_latency.h:42]   --->   Operation 1203 'zext' 'zext_ln73_410' <Predicate = true> <Delay = 0.00>
ST_1 : Operation 1204 [1/1] (0.70ns)   --->   "%add_ln73_53 = add i9 %zext_ln73_410, i9 %zext_ln73_201" [firmware/nnet_utils/nnet_mult.h:73->firmware/nnet_utils/nnet_dense_latency.h:42]   --->   Operation 1204 'add' 'add_ln73_53' <Predicate = true> <Delay = 0.70> <CoreInst = "Adder">   --->   Core 1 'Adder' <Latency = 0> <II = 1> <Delay = 0.70> <FuncUnit> <Opcode : 'add' 'sub'> <InPorts = 2> <OutPorts = 1>
ST_1 : Operation 1205 [1/1] (0.00ns)   --->   "%mult_255 = bitconcatenate i7 @_ssdm_op_BitConcatenate.i7.i6.i1, i6 %data_51_val_read, i1 0" [firmware/nnet_utils/nnet_mult.h:73->firmware/nnet_utils/nnet_dense_latency.h:42]   --->   Operation 1205 'bitconcatenate' 'mult_255' <Predicate = true> <Delay = 0.00>
ST_1 : Operation 1206 [1/1] (0.00ns)   --->   "%zext_ln17_69 = zext i7 %mult_255" [firmware/nnet_utils/nnet_dense_latency.h:17]   --->   Operation 1206 'zext' 'zext_ln17_69' <Predicate = true> <Delay = 0.00>
ST_1 : Operation 1207 [1/1] (0.00ns)   --->   "%zext_ln73_411 = zext i8 %tmp_836" [firmware/nnet_utils/nnet_mult.h:73->firmware/nnet_utils/nnet_dense_latency.h:42]   --->   Operation 1207 'zext' 'zext_ln73_411' <Predicate = true> <Delay = 0.00>
ST_1 : Operation 1208 [1/1] (0.00ns) (grouped into TernaryAdder)   --->   "%sub_ln73_288 = sub i10 0, i10 %zext_ln73_411" [firmware/nnet_utils/nnet_mult.h:73->firmware/nnet_utils/nnet_dense_latency.h:42]   --->   Operation 1208 'sub' 'sub_ln73_288' <Predicate = true> <Delay = 0.00> <CoreInst = "TAddSub">   --->   Core 10 'TAddSub' <Latency = 0> <II = 1> <Delay = 0.34> <IPBlock> <Opcode : '' 'add' 'sub'> <InPorts = 3> <OutPorts = 1> <Sync> <CReg>
ST_1 : Operation 1209 [1/1] (0.81ns) (root node of TernaryAdder)   --->   "%mult_256 = sub i10 %sub_ln73_288, i10 %zext_ln73_199" [firmware/nnet_utils/nnet_mult.h:73->firmware/nnet_utils/nnet_dense_latency.h:42]   --->   Operation 1209 'sub' 'mult_256' <Predicate = true> <Delay = 0.81> <CoreInst = "TAddSub">   --->   Core 10 'TAddSub' <Latency = 0> <II = 1> <Delay = 0.34> <IPBlock> <Opcode : '' 'add' 'sub'> <InPorts = 3> <OutPorts = 1> <Sync> <CReg>
ST_1 : Operation 1210 [1/1] (0.00ns)   --->   "%sext_ln17_172 = sext i10 %mult_256" [firmware/nnet_utils/nnet_dense_latency.h:17]   --->   Operation 1210 'sext' 'sext_ln17_172' <Predicate = true> <Delay = 0.00>
ST_1 : Operation 1211 [1/1] (0.70ns)   --->   "%mult_257 = sub i7 0, i7 %zext_ln73_200" [firmware/nnet_utils/nnet_mult.h:73->firmware/nnet_utils/nnet_dense_latency.h:42]   --->   Operation 1211 'sub' 'mult_257' <Predicate = true> <Delay = 0.70> <CoreInst = "Adder">   --->   Core 1 'Adder' <Latency = 0> <II = 1> <Delay = 0.70> <FuncUnit> <Opcode : 'add' 'sub'> <InPorts = 2> <OutPorts = 1>
ST_1 : Operation 1212 [1/1] (0.00ns)   --->   "%sext_ln17_173 = sext i7 %mult_257" [firmware/nnet_utils/nnet_dense_latency.h:17]   --->   Operation 1212 'sext' 'sext_ln17_173' <Predicate = true> <Delay = 0.00>
ST_1 : Operation 1213 [1/1] (0.00ns)   --->   "%zext_ln73_204 = zext i6 %data_52_val_read" [firmware/nnet_utils/nnet_mult.h:73->firmware/nnet_utils/nnet_dense_latency.h:42]   --->   Operation 1213 'zext' 'zext_ln73_204' <Predicate = true> <Delay = 0.00>
ST_1 : Operation 1214 [1/1] (0.00ns)   --->   "%mult_259 = bitconcatenate i8 @_ssdm_op_BitConcatenate.i8.i6.i2, i6 %data_52_val_read, i2 0" [firmware/nnet_utils/nnet_mult.h:73->firmware/nnet_utils/nnet_dense_latency.h:42]   --->   Operation 1214 'bitconcatenate' 'mult_259' <Predicate = true> <Delay = 0.00>
ST_1 : Operation 1215 [1/1] (0.70ns)   --->   "%sub_ln73_291 = sub i8 %mult_259, i8 %zext_ln73_204" [firmware/nnet_utils/nnet_mult.h:73->firmware/nnet_utils/nnet_dense_latency.h:42]   --->   Operation 1215 'sub' 'sub_ln73_291' <Predicate = true> <Delay = 0.70> <CoreInst = "Adder">   --->   Core 1 'Adder' <Latency = 0> <II = 1> <Delay = 0.70> <FuncUnit> <Opcode : 'add' 'sub'> <InPorts = 2> <OutPorts = 1>
ST_1 : Operation 1216 [1/1] (0.00ns)   --->   "%zext_ln73_412 = zext i8 %mult_259" [firmware/nnet_utils/nnet_mult.h:73->firmware/nnet_utils/nnet_dense_latency.h:42]   --->   Operation 1216 'zext' 'zext_ln73_412' <Predicate = true> <Delay = 0.00>
ST_1 : Operation 1217 [1/1] (0.70ns)   --->   "%mult_258 = sub i9 0, i9 %zext_ln73_412" [firmware/nnet_utils/nnet_mult.h:73->firmware/nnet_utils/nnet_dense_latency.h:42]   --->   Operation 1217 'sub' 'mult_258' <Predicate = true> <Delay = 0.70> <CoreInst = "Adder">   --->   Core 1 'Adder' <Latency = 0> <II = 1> <Delay = 0.70> <FuncUnit> <Opcode : 'add' 'sub'> <InPorts = 2> <OutPorts = 1>
ST_1 : Operation 1218 [1/1] (0.00ns)   --->   "%sext_ln17_174 = sext i9 %mult_258" [firmware/nnet_utils/nnet_dense_latency.h:17]   --->   Operation 1218 'sext' 'sext_ln17_174' <Predicate = true> <Delay = 0.00>
ST_1 : Operation 1219 [1/1] (0.00ns)   --->   "%zext_ln17_70 = zext i8 %mult_259" [firmware/nnet_utils/nnet_dense_latency.h:17]   --->   Operation 1219 'zext' 'zext_ln17_70' <Predicate = true> <Delay = 0.00>
ST_1 : Operation 1220 [1/1] (0.00ns)   --->   "%p_shl28 = bitconcatenate i10 @_ssdm_op_BitConcatenate.i10.i6.i4, i6 %data_52_val_read, i4 0" [firmware/nnet_utils/nnet_mult.h:73->firmware/nnet_utils/nnet_dense_latency.h:42]   --->   Operation 1220 'bitconcatenate' 'p_shl28' <Predicate = true> <Delay = 0.00>
ST_1 : Operation 1221 [1/1] (0.72ns)   --->   "%sub_ln73_293 = sub i10 %p_shl28, i10 %zext_ln17_70" [firmware/nnet_utils/nnet_mult.h:73->firmware/nnet_utils/nnet_dense_latency.h:42]   --->   Operation 1221 'sub' 'sub_ln73_293' <Predicate = true> <Delay = 0.72> <CoreInst = "Adder">   --->   Core 1 'Adder' <Latency = 0> <II = 1> <Delay = 0.72> <FuncUnit> <Opcode : 'add' 'sub'> <InPorts = 2> <OutPorts = 1>
ST_1 : Operation 1222 [1/1] (0.00ns)   --->   "%zext_ln73_205 = zext i6 %data_53_val_read" [firmware/nnet_utils/nnet_mult.h:73->firmware/nnet_utils/nnet_dense_latency.h:42]   --->   Operation 1222 'zext' 'zext_ln73_205' <Predicate = true> <Delay = 0.00>
ST_1 : Operation 1223 [1/1] (0.00ns)   --->   "%zext_ln73_206 = zext i6 %data_53_val_read" [firmware/nnet_utils/nnet_mult.h:73->firmware/nnet_utils/nnet_dense_latency.h:42]   --->   Operation 1223 'zext' 'zext_ln73_206' <Predicate = true> <Delay = 0.00>
ST_1 : Operation 1224 [1/1] (0.00ns)   --->   "%zext_ln73_207 = zext i6 %data_53_val_read" [firmware/nnet_utils/nnet_mult.h:73->firmware/nnet_utils/nnet_dense_latency.h:42]   --->   Operation 1224 'zext' 'zext_ln73_207' <Predicate = true> <Delay = 0.00>
ST_1 : Operation 1225 [1/1] (0.00ns)   --->   "%zext_ln73_208 = zext i6 %data_53_val_read" [firmware/nnet_utils/nnet_mult.h:73->firmware/nnet_utils/nnet_dense_latency.h:42]   --->   Operation 1225 'zext' 'zext_ln73_208' <Predicate = true> <Delay = 0.00>
ST_1 : Operation 1226 [1/1] (0.00ns)   --->   "%mult_261 = bitconcatenate i8 @_ssdm_op_BitConcatenate.i8.i6.i2, i6 %data_53_val_read, i2 0" [firmware/nnet_utils/nnet_mult.h:73->firmware/nnet_utils/nnet_dense_latency.h:42]   --->   Operation 1226 'bitconcatenate' 'mult_261' <Predicate = true> <Delay = 0.00>
ST_1 : Operation 1227 [1/1] (0.70ns)   --->   "%sub_ln73_294 = sub i8 %mult_261, i8 %zext_ln73_208" [firmware/nnet_utils/nnet_mult.h:73->firmware/nnet_utils/nnet_dense_latency.h:42]   --->   Operation 1227 'sub' 'sub_ln73_294' <Predicate = true> <Delay = 0.70> <CoreInst = "Adder">   --->   Core 1 'Adder' <Latency = 0> <II = 1> <Delay = 0.70> <FuncUnit> <Opcode : 'add' 'sub'> <InPorts = 2> <OutPorts = 1>
ST_1 : Operation 1228 [1/1] (0.00ns)   --->   "%mult_260 = bitconcatenate i7 @_ssdm_op_BitConcatenate.i7.i6.i1, i6 %data_53_val_read, i1 0" [firmware/nnet_utils/nnet_mult.h:73->firmware/nnet_utils/nnet_dense_latency.h:42]   --->   Operation 1228 'bitconcatenate' 'mult_260' <Predicate = true> <Delay = 0.00>
ST_1 : Operation 1229 [1/1] (0.00ns)   --->   "%zext_ln17_71 = zext i7 %mult_260" [firmware/nnet_utils/nnet_dense_latency.h:17]   --->   Operation 1229 'zext' 'zext_ln17_71' <Predicate = true> <Delay = 0.00>
ST_1 : Operation 1230 [1/1] (0.00ns)   --->   "%zext_ln17_72 = zext i8 %mult_261" [firmware/nnet_utils/nnet_dense_latency.h:17]   --->   Operation 1230 'zext' 'zext_ln17_72' <Predicate = true> <Delay = 0.00>
ST_1 : Operation 1231 [1/1] (0.00ns)   --->   "%p_shl30 = bitconcatenate i10 @_ssdm_op_BitConcatenate.i10.i6.i4, i6 %data_53_val_read, i4 0" [firmware/nnet_utils/nnet_mult.h:73->firmware/nnet_utils/nnet_dense_latency.h:42]   --->   Operation 1231 'bitconcatenate' 'p_shl30' <Predicate = true> <Delay = 0.00>
ST_1 : Operation 1232 [1/1] (0.72ns)   --->   "%sub_ln73_295 = sub i10 %p_shl30, i10 %zext_ln73_206" [firmware/nnet_utils/nnet_mult.h:73->firmware/nnet_utils/nnet_dense_latency.h:42]   --->   Operation 1232 'sub' 'sub_ln73_295' <Predicate = true> <Delay = 0.72> <CoreInst = "Adder">   --->   Core 1 'Adder' <Latency = 0> <II = 1> <Delay = 0.72> <FuncUnit> <Opcode : 'add' 'sub'> <InPorts = 2> <OutPorts = 1>
ST_1 : Operation 1233 [1/1] (0.00ns)   --->   "%zext_ln73_413 = zext i8 %mult_261" [firmware/nnet_utils/nnet_mult.h:73->firmware/nnet_utils/nnet_dense_latency.h:42]   --->   Operation 1233 'zext' 'zext_ln73_413' <Predicate = true> <Delay = 0.00>
ST_1 : Operation 1234 [1/1] (0.70ns)   --->   "%mult_262 = sub i9 %zext_ln73_205, i9 %zext_ln73_413" [firmware/nnet_utils/nnet_mult.h:73->firmware/nnet_utils/nnet_dense_latency.h:42]   --->   Operation 1234 'sub' 'mult_262' <Predicate = true> <Delay = 0.70> <CoreInst = "Adder">   --->   Core 1 'Adder' <Latency = 0> <II = 1> <Delay = 0.70> <FuncUnit> <Opcode : 'add' 'sub'> <InPorts = 2> <OutPorts = 1>
ST_1 : Operation 1235 [1/1] (0.00ns)   --->   "%sext_ln17_175 = sext i9 %mult_262" [firmware/nnet_utils/nnet_dense_latency.h:17]   --->   Operation 1235 'sext' 'sext_ln17_175' <Predicate = true> <Delay = 0.00>
ST_1 : Operation 1236 [1/1] (0.00ns)   --->   "%zext_ln73_414 = zext i7 %mult_260" [firmware/nnet_utils/nnet_mult.h:73->firmware/nnet_utils/nnet_dense_latency.h:42]   --->   Operation 1236 'zext' 'zext_ln73_414' <Predicate = true> <Delay = 0.00>
ST_1 : Operation 1237 [1/1] (0.70ns)   --->   "%mult_263 = sub i8 0, i8 %zext_ln73_414" [firmware/nnet_utils/nnet_mult.h:73->firmware/nnet_utils/nnet_dense_latency.h:42]   --->   Operation 1237 'sub' 'mult_263' <Predicate = true> <Delay = 0.70> <CoreInst = "Adder">   --->   Core 1 'Adder' <Latency = 0> <II = 1> <Delay = 0.70> <FuncUnit> <Opcode : 'add' 'sub'> <InPorts = 2> <OutPorts = 1>
ST_1 : Operation 1238 [1/1] (0.00ns)   --->   "%sext_ln17_176 = sext i8 %mult_263" [firmware/nnet_utils/nnet_dense_latency.h:17]   --->   Operation 1238 'sext' 'sext_ln17_176' <Predicate = true> <Delay = 0.00>
ST_1 : Operation 1239 [1/1] (0.70ns)   --->   "%mult_264 = sub i9 0, i9 %zext_ln73_413" [firmware/nnet_utils/nnet_mult.h:73->firmware/nnet_utils/nnet_dense_latency.h:42]   --->   Operation 1239 'sub' 'mult_264' <Predicate = true> <Delay = 0.70> <CoreInst = "Adder">   --->   Core 1 'Adder' <Latency = 0> <II = 1> <Delay = 0.70> <FuncUnit> <Opcode : 'add' 'sub'> <InPorts = 2> <OutPorts = 1>
ST_1 : Operation 1240 [1/1] (0.00ns)   --->   "%sext_ln17_177 = sext i9 %mult_264" [firmware/nnet_utils/nnet_dense_latency.h:17]   --->   Operation 1240 'sext' 'sext_ln17_177' <Predicate = true> <Delay = 0.00>
ST_1 : Operation 1241 [1/1] (0.00ns)   --->   "%zext_ln73_209 = zext i6 %data_54_val_read" [firmware/nnet_utils/nnet_mult.h:73->firmware/nnet_utils/nnet_dense_latency.h:42]   --->   Operation 1241 'zext' 'zext_ln73_209' <Predicate = true> <Delay = 0.00>
ST_1 : Operation 1242 [1/1] (0.00ns)   --->   "%zext_ln73_210 = zext i6 %data_54_val_read" [firmware/nnet_utils/nnet_mult.h:73->firmware/nnet_utils/nnet_dense_latency.h:42]   --->   Operation 1242 'zext' 'zext_ln73_210' <Predicate = true> <Delay = 0.00>
ST_1 : Operation 1243 [1/1] (0.00ns)   --->   "%zext_ln73_212 = zext i6 %data_54_val_read" [firmware/nnet_utils/nnet_mult.h:73->firmware/nnet_utils/nnet_dense_latency.h:42]   --->   Operation 1243 'zext' 'zext_ln73_212' <Predicate = true> <Delay = 0.00>
ST_1 : Operation 1244 [1/1] (0.00ns)   --->   "%zext_ln73_213 = zext i6 %data_54_val_read" [firmware/nnet_utils/nnet_mult.h:73->firmware/nnet_utils/nnet_dense_latency.h:42]   --->   Operation 1244 'zext' 'zext_ln73_213' <Predicate = true> <Delay = 0.00>
ST_1 : Operation 1245 [1/1] (0.00ns)   --->   "%mult_265 = bitconcatenate i9 @_ssdm_op_BitConcatenate.i9.i6.i3, i6 %data_54_val_read, i3 0" [firmware/nnet_utils/nnet_mult.h:73->firmware/nnet_utils/nnet_dense_latency.h:42]   --->   Operation 1245 'bitconcatenate' 'mult_265' <Predicate = true> <Delay = 0.00>
ST_1 : Operation 1246 [1/1] (0.00ns)   --->   "%zext_ln17_73 = zext i9 %mult_265" [firmware/nnet_utils/nnet_dense_latency.h:17]   --->   Operation 1246 'zext' 'zext_ln17_73' <Predicate = true> <Delay = 0.00>
ST_1 : Operation 1247 [1/1] (0.00ns)   --->   "%mult_271 = bitconcatenate i8 @_ssdm_op_BitConcatenate.i8.i6.i2, i6 %data_54_val_read, i2 0" [firmware/nnet_utils/nnet_mult.h:73->firmware/nnet_utils/nnet_dense_latency.h:42]   --->   Operation 1247 'bitconcatenate' 'mult_271' <Predicate = true> <Delay = 0.00>
ST_1 : Operation 1248 [1/1] (0.70ns)   --->   "%sub_ln73_299 = sub i8 %mult_271, i8 %zext_ln73_212" [firmware/nnet_utils/nnet_mult.h:73->firmware/nnet_utils/nnet_dense_latency.h:42]   --->   Operation 1248 'sub' 'sub_ln73_299' <Predicate = true> <Delay = 0.70> <CoreInst = "Adder">   --->   Core 1 'Adder' <Latency = 0> <II = 1> <Delay = 0.70> <FuncUnit> <Opcode : 'add' 'sub'> <InPorts = 2> <OutPorts = 1>
ST_1 : Operation 1249 [1/1] (0.71ns)   --->   "%sub_ln73_300 = sub i11 0, i11 %zext_ln17_73" [firmware/nnet_utils/nnet_mult.h:73->firmware/nnet_utils/nnet_dense_latency.h:42]   --->   Operation 1249 'sub' 'sub_ln73_300' <Predicate = true> <Delay = 0.71> <CoreInst = "Adder">   --->   Core 1 'Adder' <Latency = 0> <II = 1> <Delay = 0.71> <FuncUnit> <Opcode : 'add' 'sub'> <InPorts = 2> <OutPorts = 1>
ST_1 : Operation 1250 [1/1] (0.00ns)   --->   "%tmp_837 = bitconcatenate i7 @_ssdm_op_BitConcatenate.i7.i6.i1, i6 %data_54_val_read, i1 0" [firmware/nnet_utils/nnet_mult.h:73->firmware/nnet_utils/nnet_dense_latency.h:42]   --->   Operation 1250 'bitconcatenate' 'tmp_837' <Predicate = true> <Delay = 0.00>
ST_1 : Operation 1251 [1/1] (0.00ns)   --->   "%zext_ln73_415 = zext i7 %tmp_837" [firmware/nnet_utils/nnet_mult.h:73->firmware/nnet_utils/nnet_dense_latency.h:42]   --->   Operation 1251 'zext' 'zext_ln73_415' <Predicate = true> <Delay = 0.00>
ST_1 : Operation 1252 [1/1] (0.00ns) (grouped into TernaryAdder)   --->   "%mult_266 = sub i11 %sub_ln73_300, i11 %zext_ln73_415" [firmware/nnet_utils/nnet_mult.h:73->firmware/nnet_utils/nnet_dense_latency.h:42]   --->   Operation 1252 'sub' 'mult_266' <Predicate = true> <Delay = 0.00> <CoreInst = "TAddSub">   --->   Core 10 'TAddSub' <Latency = 0> <II = 1> <Delay = 0.34> <IPBlock> <Opcode : '' 'add' 'sub'> <InPorts = 3> <OutPorts = 1> <Sync> <CReg>
ST_1 : Operation 1253 [1/1] (0.70ns)   --->   "%mult_267 = sub i7 0, i7 %zext_ln73_210" [firmware/nnet_utils/nnet_mult.h:73->firmware/nnet_utils/nnet_dense_latency.h:42]   --->   Operation 1253 'sub' 'mult_267' <Predicate = true> <Delay = 0.70> <CoreInst = "Adder">   --->   Core 1 'Adder' <Latency = 0> <II = 1> <Delay = 0.70> <FuncUnit> <Opcode : 'add' 'sub'> <InPorts = 2> <OutPorts = 1>
ST_1 : Operation 1254 [1/1] (0.00ns)   --->   "%sext_ln17_178 = sext i7 %mult_267" [firmware/nnet_utils/nnet_dense_latency.h:17]   --->   Operation 1254 'sext' 'sext_ln17_178' <Predicate = true> <Delay = 0.00>
ST_1 : Operation 1255 [1/1] (0.00ns)   --->   "%p_shl32 = bitconcatenate i10 @_ssdm_op_BitConcatenate.i10.i6.i4, i6 %data_54_val_read, i4 0" [firmware/nnet_utils/nnet_mult.h:73->firmware/nnet_utils/nnet_dense_latency.h:42]   --->   Operation 1255 'bitconcatenate' 'p_shl32' <Predicate = true> <Delay = 0.00>
ST_1 : Operation 1256 [1/1] (0.00ns)   --->   "%zext_ln73_416 = zext i8 %mult_271" [firmware/nnet_utils/nnet_mult.h:73->firmware/nnet_utils/nnet_dense_latency.h:42]   --->   Operation 1256 'zext' 'zext_ln73_416' <Predicate = true> <Delay = 0.00>
ST_1 : Operation 1257 [1/1] (0.00ns) (grouped into TernaryAdder)   --->   "%sub_ln73_303 = sub i10 %p_shl32, i10 %zext_ln73_416" [firmware/nnet_utils/nnet_mult.h:73->firmware/nnet_utils/nnet_dense_latency.h:42]   --->   Operation 1257 'sub' 'sub_ln73_303' <Predicate = true> <Delay = 0.00> <CoreInst = "TAddSub">   --->   Core 10 'TAddSub' <Latency = 0> <II = 1> <Delay = 0.34> <IPBlock> <Opcode : '' 'add' 'sub'> <InPorts = 3> <OutPorts = 1> <Sync> <CReg>
ST_1 : Operation 1258 [1/1] (0.00ns)   --->   "%zext_ln73_417 = zext i7 %tmp_837" [firmware/nnet_utils/nnet_mult.h:73->firmware/nnet_utils/nnet_dense_latency.h:42]   --->   Operation 1258 'zext' 'zext_ln73_417' <Predicate = true> <Delay = 0.00>
ST_1 : Operation 1259 [1/1] (0.70ns)   --->   "%mult_268 = sub i8 0, i8 %zext_ln73_417" [firmware/nnet_utils/nnet_mult.h:73->firmware/nnet_utils/nnet_dense_latency.h:42]   --->   Operation 1259 'sub' 'mult_268' <Predicate = true> <Delay = 0.70> <CoreInst = "Adder">   --->   Core 1 'Adder' <Latency = 0> <II = 1> <Delay = 0.70> <FuncUnit> <Opcode : 'add' 'sub'> <InPorts = 2> <OutPorts = 1>
ST_1 : Operation 1260 [1/1] (0.00ns)   --->   "%sext_ln17_179 = sext i8 %mult_268" [firmware/nnet_utils/nnet_dense_latency.h:17]   --->   Operation 1260 'sext' 'sext_ln17_179' <Predicate = true> <Delay = 0.00>
ST_1 : Operation 1261 [1/1] (0.00ns)   --->   "%zext_ln73_418 = zext i8 %mult_271" [firmware/nnet_utils/nnet_mult.h:73->firmware/nnet_utils/nnet_dense_latency.h:42]   --->   Operation 1261 'zext' 'zext_ln73_418' <Predicate = true> <Delay = 0.00>
ST_1 : Operation 1262 [1/1] (0.70ns)   --->   "%add_ln73_54 = add i9 %zext_ln73_418, i9 %zext_ln73_213" [firmware/nnet_utils/nnet_mult.h:73->firmware/nnet_utils/nnet_dense_latency.h:42]   --->   Operation 1262 'add' 'add_ln73_54' <Predicate = true> <Delay = 0.70> <CoreInst = "Adder">   --->   Core 1 'Adder' <Latency = 0> <II = 1> <Delay = 0.70> <FuncUnit> <Opcode : 'add' 'sub'> <InPorts = 2> <OutPorts = 1>
ST_1 : Operation 1263 [1/1] (0.00ns)   --->   "%zext_ln73_419 = zext i7 %tmp_837" [firmware/nnet_utils/nnet_mult.h:73->firmware/nnet_utils/nnet_dense_latency.h:42]   --->   Operation 1263 'zext' 'zext_ln73_419' <Predicate = true> <Delay = 0.00>
ST_1 : Operation 1264 [1/1] (0.71ns)   --->   "%sub_ln73_305 = sub i9 %mult_265, i9 %zext_ln73_419" [firmware/nnet_utils/nnet_mult.h:73->firmware/nnet_utils/nnet_dense_latency.h:42]   --->   Operation 1264 'sub' 'sub_ln73_305' <Predicate = true> <Delay = 0.71> <CoreInst = "Adder">   --->   Core 1 'Adder' <Latency = 0> <II = 1> <Delay = 0.71> <FuncUnit> <Opcode : 'add' 'sub'> <InPorts = 2> <OutPorts = 1>
ST_1 : Operation 1265 [1/1] (0.00ns)   --->   "%zext_ln73_420 = zext i9 %mult_265" [firmware/nnet_utils/nnet_mult.h:73->firmware/nnet_utils/nnet_dense_latency.h:42]   --->   Operation 1265 'zext' 'zext_ln73_420' <Predicate = true> <Delay = 0.00>
ST_1 : Operation 1266 [1/1] (0.00ns)   --->   "%zext_ln73_421 = zext i7 %tmp_837" [firmware/nnet_utils/nnet_mult.h:73->firmware/nnet_utils/nnet_dense_latency.h:42]   --->   Operation 1266 'zext' 'zext_ln73_421' <Predicate = true> <Delay = 0.00>
ST_1 : Operation 1267 [1/1] (0.71ns)   --->   "%mult_269 = sub i10 %zext_ln73_421, i10 %zext_ln73_420" [firmware/nnet_utils/nnet_mult.h:73->firmware/nnet_utils/nnet_dense_latency.h:42]   --->   Operation 1267 'sub' 'mult_269' <Predicate = true> <Delay = 0.71> <CoreInst = "Adder">   --->   Core 1 'Adder' <Latency = 0> <II = 1> <Delay = 0.71> <FuncUnit> <Opcode : 'add' 'sub'> <InPorts = 2> <OutPorts = 1>
ST_1 : Operation 1268 [1/1] (0.00ns)   --->   "%sext_ln17_180 = sext i10 %mult_269" [firmware/nnet_utils/nnet_dense_latency.h:17]   --->   Operation 1268 'sext' 'sext_ln17_180' <Predicate = true> <Delay = 0.00>
ST_1 : Operation 1269 [1/1] (0.00ns) (grouped into TernaryAdder)   --->   "%sub_ln73_307 = sub i10 0, i10 %zext_ln73_416" [firmware/nnet_utils/nnet_mult.h:73->firmware/nnet_utils/nnet_dense_latency.h:42]   --->   Operation 1269 'sub' 'sub_ln73_307' <Predicate = true> <Delay = 0.00> <CoreInst = "TAddSub">   --->   Core 10 'TAddSub' <Latency = 0> <II = 1> <Delay = 0.34> <IPBlock> <Opcode : '' 'add' 'sub'> <InPorts = 3> <OutPorts = 1> <Sync> <CReg>
ST_1 : Operation 1270 [1/1] (0.81ns) (root node of TernaryAdder)   --->   "%mult_270 = sub i10 %sub_ln73_307, i10 %zext_ln73_209" [firmware/nnet_utils/nnet_mult.h:73->firmware/nnet_utils/nnet_dense_latency.h:42]   --->   Operation 1270 'sub' 'mult_270' <Predicate = true> <Delay = 0.81> <CoreInst = "TAddSub">   --->   Core 10 'TAddSub' <Latency = 0> <II = 1> <Delay = 0.34> <IPBlock> <Opcode : '' 'add' 'sub'> <InPorts = 3> <OutPorts = 1> <Sync> <CReg>
ST_1 : Operation 1271 [1/1] (0.00ns)   --->   "%sext_ln17_181 = sext i10 %mult_270" [firmware/nnet_utils/nnet_dense_latency.h:17]   --->   Operation 1271 'sext' 'sext_ln17_181' <Predicate = true> <Delay = 0.00>
ST_1 : Operation 1272 [1/1] (0.00ns)   --->   "%zext_ln17_74 = zext i8 %mult_271" [firmware/nnet_utils/nnet_dense_latency.h:17]   --->   Operation 1272 'zext' 'zext_ln17_74' <Predicate = true> <Delay = 0.00>
ST_1 : Operation 1273 [1/1] (0.72ns)   --->   "%sub_ln73_309 = sub i10 %p_shl32, i10 %zext_ln73_209" [firmware/nnet_utils/nnet_mult.h:73->firmware/nnet_utils/nnet_dense_latency.h:42]   --->   Operation 1273 'sub' 'sub_ln73_309' <Predicate = true> <Delay = 0.72> <CoreInst = "Adder">   --->   Core 1 'Adder' <Latency = 0> <II = 1> <Delay = 0.72> <FuncUnit> <Opcode : 'add' 'sub'> <InPorts = 2> <OutPorts = 1>
ST_1 : Operation 1274 [1/1] (0.71ns)   --->   "%sub_ln73_310 = sub i9 %mult_265, i9 %zext_ln73_213" [firmware/nnet_utils/nnet_mult.h:73->firmware/nnet_utils/nnet_dense_latency.h:42]   --->   Operation 1274 'sub' 'sub_ln73_310' <Predicate = true> <Delay = 0.71> <CoreInst = "Adder">   --->   Core 1 'Adder' <Latency = 0> <II = 1> <Delay = 0.71> <FuncUnit> <Opcode : 'add' 'sub'> <InPorts = 2> <OutPorts = 1>
ST_1 : Operation 1275 [1/1] (0.00ns)   --->   "%zext_ln73_214 = zext i6 %data_55_val_read" [firmware/nnet_utils/nnet_mult.h:73->firmware/nnet_utils/nnet_dense_latency.h:42]   --->   Operation 1275 'zext' 'zext_ln73_214' <Predicate = true> <Delay = 0.00>
ST_1 : Operation 1276 [1/1] (0.00ns)   --->   "%zext_ln73_215 = zext i6 %data_55_val_read" [firmware/nnet_utils/nnet_mult.h:73->firmware/nnet_utils/nnet_dense_latency.h:42]   --->   Operation 1276 'zext' 'zext_ln73_215' <Predicate = true> <Delay = 0.00>
ST_1 : Operation 1277 [1/1] (0.00ns)   --->   "%zext_ln73_216 = zext i6 %data_55_val_read" [firmware/nnet_utils/nnet_mult.h:73->firmware/nnet_utils/nnet_dense_latency.h:42]   --->   Operation 1277 'zext' 'zext_ln73_216' <Predicate = true> <Delay = 0.00>
ST_1 : Operation 1278 [1/1] (0.00ns)   --->   "%zext_ln73_217 = zext i6 %data_55_val_read" [firmware/nnet_utils/nnet_mult.h:73->firmware/nnet_utils/nnet_dense_latency.h:42]   --->   Operation 1278 'zext' 'zext_ln73_217' <Predicate = true> <Delay = 0.00>
ST_1 : Operation 1279 [1/1] (0.00ns)   --->   "%tmp_838 = bitconcatenate i10 @_ssdm_op_BitConcatenate.i10.i6.i4, i6 %data_55_val_read, i4 0" [firmware/nnet_utils/nnet_mult.h:73->firmware/nnet_utils/nnet_dense_latency.h:42]   --->   Operation 1279 'bitconcatenate' 'tmp_838' <Predicate = true> <Delay = 0.00>
ST_1 : Operation 1280 [1/1] (0.00ns)   --->   "%zext_ln73_422 = zext i10 %tmp_838" [firmware/nnet_utils/nnet_mult.h:73->firmware/nnet_utils/nnet_dense_latency.h:42]   --->   Operation 1280 'zext' 'zext_ln73_422' <Predicate = true> <Delay = 0.00>
ST_1 : Operation 1281 [1/1] (0.00ns)   --->   "%mult_281 = bitconcatenate i7 @_ssdm_op_BitConcatenate.i7.i6.i1, i6 %data_55_val_read, i1 0" [firmware/nnet_utils/nnet_mult.h:73->firmware/nnet_utils/nnet_dense_latency.h:42]   --->   Operation 1281 'bitconcatenate' 'mult_281' <Predicate = true> <Delay = 0.00>
ST_1 : Operation 1282 [1/1] (0.00ns)   --->   "%zext_ln73_423 = zext i7 %mult_281" [firmware/nnet_utils/nnet_mult.h:73->firmware/nnet_utils/nnet_dense_latency.h:42]   --->   Operation 1282 'zext' 'zext_ln73_423' <Predicate = true> <Delay = 0.00>
ST_1 : Operation 1283 [1/1] (0.72ns)   --->   "%mult_272 = sub i11 %zext_ln73_423, i11 %zext_ln73_422" [firmware/nnet_utils/nnet_mult.h:73->firmware/nnet_utils/nnet_dense_latency.h:42]   --->   Operation 1283 'sub' 'mult_272' <Predicate = true> <Delay = 0.72> <CoreInst = "Adder">   --->   Core 1 'Adder' <Latency = 0> <II = 1> <Delay = 0.72> <FuncUnit> <Opcode : 'add' 'sub'> <InPorts = 2> <OutPorts = 1>
ST_1 : Operation 1284 [1/1] (0.00ns)   --->   "%sext_ln17_182 = sext i11 %mult_272" [firmware/nnet_utils/nnet_dense_latency.h:17]   --->   Operation 1284 'sext' 'sext_ln17_182' <Predicate = true> <Delay = 0.00>
ST_1 : Operation 1285 [1/1] (0.00ns)   --->   "%tmp_840 = bitconcatenate i8 @_ssdm_op_BitConcatenate.i8.i6.i2, i6 %data_55_val_read, i2 0" [firmware/nnet_utils/nnet_mult.h:73->firmware/nnet_utils/nnet_dense_latency.h:42]   --->   Operation 1285 'bitconcatenate' 'tmp_840' <Predicate = true> <Delay = 0.00>
ST_1 : Operation 1286 [1/1] (0.00ns)   --->   "%zext_ln73_424 = zext i8 %tmp_840" [firmware/nnet_utils/nnet_mult.h:73->firmware/nnet_utils/nnet_dense_latency.h:42]   --->   Operation 1286 'zext' 'zext_ln73_424' <Predicate = true> <Delay = 0.00>
ST_1 : Operation 1287 [1/1] (0.00ns) (grouped into TernaryAdder)   --->   "%sub_ln73_312 = sub i10 0, i10 %zext_ln73_424" [firmware/nnet_utils/nnet_mult.h:73->firmware/nnet_utils/nnet_dense_latency.h:42]   --->   Operation 1287 'sub' 'sub_ln73_312' <Predicate = true> <Delay = 0.00> <CoreInst = "TAddSub">   --->   Core 10 'TAddSub' <Latency = 0> <II = 1> <Delay = 0.34> <IPBlock> <Opcode : '' 'add' 'sub'> <InPorts = 3> <OutPorts = 1> <Sync> <CReg>
ST_1 : Operation 1288 [1/1] (0.81ns) (root node of TernaryAdder)   --->   "%mult_273 = sub i10 %sub_ln73_312, i10 %zext_ln73_216" [firmware/nnet_utils/nnet_mult.h:73->firmware/nnet_utils/nnet_dense_latency.h:42]   --->   Operation 1288 'sub' 'mult_273' <Predicate = true> <Delay = 0.81> <CoreInst = "TAddSub">   --->   Core 10 'TAddSub' <Latency = 0> <II = 1> <Delay = 0.34> <IPBlock> <Opcode : '' 'add' 'sub'> <InPorts = 3> <OutPorts = 1> <Sync> <CReg>
ST_1 : Operation 1289 [1/1] (0.00ns)   --->   "%sext_ln17_183 = sext i10 %mult_273" [firmware/nnet_utils/nnet_dense_latency.h:17]   --->   Operation 1289 'sext' 'sext_ln17_183' <Predicate = true> <Delay = 0.00>
ST_1 : Operation 1290 [1/1] (0.70ns)   --->   "%mult_274 = sub i7 0, i7 %zext_ln73_215" [firmware/nnet_utils/nnet_mult.h:73->firmware/nnet_utils/nnet_dense_latency.h:42]   --->   Operation 1290 'sub' 'mult_274' <Predicate = true> <Delay = 0.70> <CoreInst = "Adder">   --->   Core 1 'Adder' <Latency = 0> <II = 1> <Delay = 0.70> <FuncUnit> <Opcode : 'add' 'sub'> <InPorts = 2> <OutPorts = 1>
ST_1 : Operation 1291 [1/1] (0.00ns)   --->   "%sext_ln17_184 = sext i7 %mult_274" [firmware/nnet_utils/nnet_dense_latency.h:17]   --->   Operation 1291 'sext' 'sext_ln17_184' <Predicate = true> <Delay = 0.00>
ST_1 : Operation 1292 [1/1] (0.00ns)   --->   "%tmp_841 = bitconcatenate i9 @_ssdm_op_BitConcatenate.i9.i6.i3, i6 %data_55_val_read, i3 0" [firmware/nnet_utils/nnet_mult.h:73->firmware/nnet_utils/nnet_dense_latency.h:42]   --->   Operation 1292 'bitconcatenate' 'tmp_841' <Predicate = true> <Delay = 0.00>
ST_1 : Operation 1293 [1/1] (0.00ns)   --->   "%zext_ln73_425 = zext i9 %tmp_841" [firmware/nnet_utils/nnet_mult.h:73->firmware/nnet_utils/nnet_dense_latency.h:42]   --->   Operation 1293 'zext' 'zext_ln73_425' <Predicate = true> <Delay = 0.00>
ST_1 : Operation 1294 [1/1] (0.00ns)   --->   "%zext_ln73_426 = zext i7 %mult_281" [firmware/nnet_utils/nnet_mult.h:73->firmware/nnet_utils/nnet_dense_latency.h:42]   --->   Operation 1294 'zext' 'zext_ln73_426' <Predicate = true> <Delay = 0.00>
ST_1 : Operation 1295 [1/1] (0.71ns)   --->   "%mult_275 = sub i10 %zext_ln73_426, i10 %zext_ln73_425" [firmware/nnet_utils/nnet_mult.h:73->firmware/nnet_utils/nnet_dense_latency.h:42]   --->   Operation 1295 'sub' 'mult_275' <Predicate = true> <Delay = 0.71> <CoreInst = "Adder">   --->   Core 1 'Adder' <Latency = 0> <II = 1> <Delay = 0.71> <FuncUnit> <Opcode : 'add' 'sub'> <InPorts = 2> <OutPorts = 1>
ST_1 : Operation 1296 [1/1] (0.00ns)   --->   "%sext_ln17_185 = sext i10 %mult_275" [firmware/nnet_utils/nnet_dense_latency.h:17]   --->   Operation 1296 'sext' 'sext_ln17_185' <Predicate = true> <Delay = 0.00>
ST_1 : Operation 1297 [1/1] (1.23ns)   --->   "%mult_276 = mul i11 %zext_ln73_217, i11 2037" [firmware/nnet_utils/nnet_mult.h:73->firmware/nnet_utils/nnet_dense_latency.h:42]   --->   Operation 1297 'mul' 'mult_276' <Predicate = true> <Delay = 1.23> <CoreInst = "Multiplier">   --->   Core 3 'Multiplier' <Latency = 0> <II = 1> <Delay = 1.23> <FuncUnit> <Opcode : 'mul'> <InPorts = 2> <OutPorts = 1>
ST_1 : Operation 1298 [1/1] (0.00ns)   --->   "%sext_ln17_186 = sext i11 %mult_276" [firmware/nnet_utils/nnet_dense_latency.h:17]   --->   Operation 1298 'sext' 'sext_ln17_186' <Predicate = true> <Delay = 0.00>
ST_1 : Operation 1299 [1/1] (0.71ns)   --->   "%mult_277 = sub i10 0, i10 %zext_ln73_425" [firmware/nnet_utils/nnet_mult.h:73->firmware/nnet_utils/nnet_dense_latency.h:42]   --->   Operation 1299 'sub' 'mult_277' <Predicate = true> <Delay = 0.71> <CoreInst = "Adder">   --->   Core 1 'Adder' <Latency = 0> <II = 1> <Delay = 0.71> <FuncUnit> <Opcode : 'add' 'sub'> <InPorts = 2> <OutPorts = 1>
ST_1 : Operation 1300 [1/1] (0.00ns)   --->   "%sext_ln17_187 = sext i10 %mult_277" [firmware/nnet_utils/nnet_dense_latency.h:17]   --->   Operation 1300 'sext' 'sext_ln17_187' <Predicate = true> <Delay = 0.00>
ST_1 : Operation 1301 [1/1] (0.00ns)   --->   "%zext_ln73_427 = zext i8 %tmp_840" [firmware/nnet_utils/nnet_mult.h:73->firmware/nnet_utils/nnet_dense_latency.h:42]   --->   Operation 1301 'zext' 'zext_ln73_427' <Predicate = true> <Delay = 0.00>
ST_1 : Operation 1302 [1/1] (0.70ns)   --->   "%mult_278 = sub i9 %zext_ln73_214, i9 %zext_ln73_427" [firmware/nnet_utils/nnet_mult.h:73->firmware/nnet_utils/nnet_dense_latency.h:42]   --->   Operation 1302 'sub' 'mult_278' <Predicate = true> <Delay = 0.70> <CoreInst = "Adder">   --->   Core 1 'Adder' <Latency = 0> <II = 1> <Delay = 0.70> <FuncUnit> <Opcode : 'add' 'sub'> <InPorts = 2> <OutPorts = 1>
ST_1 : Operation 1303 [1/1] (0.00ns)   --->   "%sext_ln17_188 = sext i9 %mult_278" [firmware/nnet_utils/nnet_dense_latency.h:17]   --->   Operation 1303 'sext' 'sext_ln17_188' <Predicate = true> <Delay = 0.00>
ST_1 : Operation 1304 [1/1] (0.70ns)   --->   "%mult_279 = sub i9 0, i9 %zext_ln73_427" [firmware/nnet_utils/nnet_mult.h:73->firmware/nnet_utils/nnet_dense_latency.h:42]   --->   Operation 1304 'sub' 'mult_279' <Predicate = true> <Delay = 0.70> <CoreInst = "Adder">   --->   Core 1 'Adder' <Latency = 0> <II = 1> <Delay = 0.70> <FuncUnit> <Opcode : 'add' 'sub'> <InPorts = 2> <OutPorts = 1>
ST_1 : Operation 1305 [1/1] (0.00ns)   --->   "%sext_ln17_189 = sext i9 %mult_279" [firmware/nnet_utils/nnet_dense_latency.h:17]   --->   Operation 1305 'sext' 'sext_ln17_189' <Predicate = true> <Delay = 0.00>
ST_1 : Operation 1306 [1/1] (0.00ns)   --->   "%zext_ln73_428 = zext i8 %tmp_840" [firmware/nnet_utils/nnet_mult.h:73->firmware/nnet_utils/nnet_dense_latency.h:42]   --->   Operation 1306 'zext' 'zext_ln73_428' <Predicate = true> <Delay = 0.00>
ST_1 : Operation 1307 [1/1] (0.72ns)   --->   "%mult_280 = sub i11 %zext_ln73_428, i11 %zext_ln73_422" [firmware/nnet_utils/nnet_mult.h:73->firmware/nnet_utils/nnet_dense_latency.h:42]   --->   Operation 1307 'sub' 'mult_280' <Predicate = true> <Delay = 0.72> <CoreInst = "Adder">   --->   Core 1 'Adder' <Latency = 0> <II = 1> <Delay = 0.72> <FuncUnit> <Opcode : 'add' 'sub'> <InPorts = 2> <OutPorts = 1>
ST_1 : Operation 1308 [1/1] (0.00ns)   --->   "%sext_ln17_190 = sext i11 %mult_280" [firmware/nnet_utils/nnet_dense_latency.h:17]   --->   Operation 1308 'sext' 'sext_ln17_190' <Predicate = true> <Delay = 0.00>
ST_1 : Operation 1309 [1/1] (0.00ns)   --->   "%zext_ln17_75 = zext i7 %mult_281" [firmware/nnet_utils/nnet_dense_latency.h:17]   --->   Operation 1309 'zext' 'zext_ln17_75' <Predicate = true> <Delay = 0.00>
ST_1 : Operation 1310 [1/1] (1.23ns)   --->   "%mul_ln73_21 = mul i10 %zext_ln73_216, i10 11" [firmware/nnet_utils/nnet_mult.h:73->firmware/nnet_utils/nnet_dense_latency.h:42]   --->   Operation 1310 'mul' 'mul_ln73_21' <Predicate = true> <Delay = 1.23> <CoreInst = "Multiplier">   --->   Core 3 'Multiplier' <Latency = 0> <II = 1> <Delay = 1.23> <FuncUnit> <Opcode : 'mul'> <InPorts = 2> <OutPorts = 1>
ST_1 : Operation 1311 [1/1] (0.00ns)   --->   "%zext_ln73_218 = zext i6 %data_56_val_read" [firmware/nnet_utils/nnet_mult.h:73->firmware/nnet_utils/nnet_dense_latency.h:42]   --->   Operation 1311 'zext' 'zext_ln73_218' <Predicate = true> <Delay = 0.00>
ST_1 : Operation 1312 [1/1] (0.00ns)   --->   "%zext_ln73_219 = zext i6 %data_56_val_read" [firmware/nnet_utils/nnet_mult.h:73->firmware/nnet_utils/nnet_dense_latency.h:42]   --->   Operation 1312 'zext' 'zext_ln73_219' <Predicate = true> <Delay = 0.00>
ST_1 : Operation 1313 [1/1] (0.00ns)   --->   "%zext_ln73_220 = zext i6 %data_56_val_read" [firmware/nnet_utils/nnet_mult.h:73->firmware/nnet_utils/nnet_dense_latency.h:42]   --->   Operation 1313 'zext' 'zext_ln73_220' <Predicate = true> <Delay = 0.00>
ST_1 : Operation 1314 [1/1] (0.00ns)   --->   "%tmp_842 = bitconcatenate i9 @_ssdm_op_BitConcatenate.i9.i6.i3, i6 %data_56_val_read, i3 0" [firmware/nnet_utils/nnet_mult.h:73->firmware/nnet_utils/nnet_dense_latency.h:42]   --->   Operation 1314 'bitconcatenate' 'tmp_842' <Predicate = true> <Delay = 0.00>
ST_1 : Operation 1315 [1/1] (0.00ns)   --->   "%zext_ln73_429 = zext i9 %tmp_842" [firmware/nnet_utils/nnet_mult.h:73->firmware/nnet_utils/nnet_dense_latency.h:42]   --->   Operation 1315 'zext' 'zext_ln73_429' <Predicate = true> <Delay = 0.00>
ST_1 : Operation 1316 [1/1] (0.00ns)   --->   "%tmp_843 = bitconcatenate i7 @_ssdm_op_BitConcatenate.i7.i6.i1, i6 %data_56_val_read, i1 0" [firmware/nnet_utils/nnet_mult.h:73->firmware/nnet_utils/nnet_dense_latency.h:42]   --->   Operation 1316 'bitconcatenate' 'tmp_843' <Predicate = true> <Delay = 0.00>
ST_1 : Operation 1317 [1/1] (0.00ns)   --->   "%zext_ln73_430 = zext i7 %tmp_843" [firmware/nnet_utils/nnet_mult.h:73->firmware/nnet_utils/nnet_dense_latency.h:42]   --->   Operation 1317 'zext' 'zext_ln73_430' <Predicate = true> <Delay = 0.00>
ST_1 : Operation 1318 [1/1] (0.71ns)   --->   "%add_ln73_55 = add i10 %zext_ln73_429, i10 %zext_ln73_430" [firmware/nnet_utils/nnet_mult.h:73->firmware/nnet_utils/nnet_dense_latency.h:42]   --->   Operation 1318 'add' 'add_ln73_55' <Predicate = true> <Delay = 0.71> <CoreInst = "Adder">   --->   Core 1 'Adder' <Latency = 0> <II = 1> <Delay = 0.71> <FuncUnit> <Opcode : 'add' 'sub'> <InPorts = 2> <OutPorts = 1>
ST_1 : Operation 1319 [1/1] (0.71ns)   --->   "%sub_ln73_320 = sub i9 %tmp_842, i9 %zext_ln73_219" [firmware/nnet_utils/nnet_mult.h:73->firmware/nnet_utils/nnet_dense_latency.h:42]   --->   Operation 1319 'sub' 'sub_ln73_320' <Predicate = true> <Delay = 0.71> <CoreInst = "Adder">   --->   Core 1 'Adder' <Latency = 0> <II = 1> <Delay = 0.71> <FuncUnit> <Opcode : 'add' 'sub'> <InPorts = 2> <OutPorts = 1>
ST_1 : Operation 1320 [1/1] (0.71ns)   --->   "%mult_282 = sub i10 0, i10 %zext_ln73_429" [firmware/nnet_utils/nnet_mult.h:73->firmware/nnet_utils/nnet_dense_latency.h:42]   --->   Operation 1320 'sub' 'mult_282' <Predicate = true> <Delay = 0.71> <CoreInst = "Adder">   --->   Core 1 'Adder' <Latency = 0> <II = 1> <Delay = 0.71> <FuncUnit> <Opcode : 'add' 'sub'> <InPorts = 2> <OutPorts = 1>
ST_1 : Operation 1321 [1/1] (0.00ns)   --->   "%sext_ln17_191 = sext i10 %mult_282" [firmware/nnet_utils/nnet_dense_latency.h:17]   --->   Operation 1321 'sext' 'sext_ln17_191' <Predicate = true> <Delay = 0.00>
ST_1 : Operation 1322 [1/1] (1.23ns)   --->   "%mul_ln73_22 = mul i10 %zext_ln73_220, i10 11" [firmware/nnet_utils/nnet_mult.h:73->firmware/nnet_utils/nnet_dense_latency.h:42]   --->   Operation 1322 'mul' 'mul_ln73_22' <Predicate = true> <Delay = 1.23> <CoreInst = "Multiplier">   --->   Core 3 'Multiplier' <Latency = 0> <II = 1> <Delay = 1.23> <FuncUnit> <Opcode : 'mul'> <InPorts = 2> <OutPorts = 1>
ST_1 : Operation 1323 [1/1] (0.00ns)   --->   "%zext_ln73_431 = zext i9 %tmp_842" [firmware/nnet_utils/nnet_mult.h:73->firmware/nnet_utils/nnet_dense_latency.h:42]   --->   Operation 1323 'zext' 'zext_ln73_431' <Predicate = true> <Delay = 0.00>
ST_1 : Operation 1324 [1/1] (0.71ns)   --->   "%sub_ln73_322 = sub i11 0, i11 %zext_ln73_431" [firmware/nnet_utils/nnet_mult.h:73->firmware/nnet_utils/nnet_dense_latency.h:42]   --->   Operation 1324 'sub' 'sub_ln73_322' <Predicate = true> <Delay = 0.71> <CoreInst = "Adder">   --->   Core 1 'Adder' <Latency = 0> <II = 1> <Delay = 0.71> <FuncUnit> <Opcode : 'add' 'sub'> <InPorts = 2> <OutPorts = 1>
ST_1 : Operation 1325 [1/1] (0.00ns) (grouped into TernaryAdder)   --->   "%mult_283 = sub i11 %sub_ln73_322, i11 %zext_ln73_218" [firmware/nnet_utils/nnet_mult.h:73->firmware/nnet_utils/nnet_dense_latency.h:42]   --->   Operation 1325 'sub' 'mult_283' <Predicate = true> <Delay = 0.00> <CoreInst = "TAddSub">   --->   Core 10 'TAddSub' <Latency = 0> <II = 1> <Delay = 0.34> <IPBlock> <Opcode : '' 'add' 'sub'> <InPorts = 3> <OutPorts = 1> <Sync> <CReg>
ST_1 : Operation 1326 [1/1] (0.71ns)   --->   "%mult_284 = sub i10 %zext_ln73_430, i10 %zext_ln73_429" [firmware/nnet_utils/nnet_mult.h:73->firmware/nnet_utils/nnet_dense_latency.h:42]   --->   Operation 1326 'sub' 'mult_284' <Predicate = true> <Delay = 0.71> <CoreInst = "Adder">   --->   Core 1 'Adder' <Latency = 0> <II = 1> <Delay = 0.71> <FuncUnit> <Opcode : 'add' 'sub'> <InPorts = 2> <OutPorts = 1>
ST_1 : Operation 1327 [1/1] (0.00ns)   --->   "%sext_ln17_192 = sext i10 %mult_284" [firmware/nnet_utils/nnet_dense_latency.h:17]   --->   Operation 1327 'sext' 'sext_ln17_192' <Predicate = true> <Delay = 0.00>
ST_1 : Operation 1328 [1/1] (0.00ns)   --->   "%mult_285 = bitconcatenate i8 @_ssdm_op_BitConcatenate.i8.i6.i2, i6 %data_56_val_read, i2 0" [firmware/nnet_utils/nnet_mult.h:73->firmware/nnet_utils/nnet_dense_latency.h:42]   --->   Operation 1328 'bitconcatenate' 'mult_285' <Predicate = true> <Delay = 0.00>
ST_1 : Operation 1329 [1/1] (0.00ns)   --->   "%zext_ln17_76 = zext i8 %mult_285" [firmware/nnet_utils/nnet_dense_latency.h:17]   --->   Operation 1329 'zext' 'zext_ln17_76' <Predicate = true> <Delay = 0.00>
ST_1 : Operation 1330 [1/1] (0.00ns)   --->   "%zext_ln73_222 = zext i6 %data_57_val_read" [firmware/nnet_utils/nnet_mult.h:73->firmware/nnet_utils/nnet_dense_latency.h:42]   --->   Operation 1330 'zext' 'zext_ln73_222' <Predicate = true> <Delay = 0.00>
ST_1 : Operation 1331 [1/1] (0.00ns)   --->   "%zext_ln73_223 = zext i6 %data_57_val_read" [firmware/nnet_utils/nnet_mult.h:73->firmware/nnet_utils/nnet_dense_latency.h:42]   --->   Operation 1331 'zext' 'zext_ln73_223' <Predicate = true> <Delay = 0.00>
ST_1 : Operation 1332 [1/1] (0.00ns)   --->   "%zext_ln73_224 = zext i6 %data_57_val_read" [firmware/nnet_utils/nnet_mult.h:73->firmware/nnet_utils/nnet_dense_latency.h:42]   --->   Operation 1332 'zext' 'zext_ln73_224' <Predicate = true> <Delay = 0.00>
ST_1 : Operation 1333 [1/1] (0.70ns)   --->   "%mult_286 = sub i7 0, i7 %zext_ln73_224" [firmware/nnet_utils/nnet_mult.h:73->firmware/nnet_utils/nnet_dense_latency.h:42]   --->   Operation 1333 'sub' 'mult_286' <Predicate = true> <Delay = 0.70> <CoreInst = "Adder">   --->   Core 1 'Adder' <Latency = 0> <II = 1> <Delay = 0.70> <FuncUnit> <Opcode : 'add' 'sub'> <InPorts = 2> <OutPorts = 1>
ST_1 : Operation 1334 [1/1] (0.00ns)   --->   "%sext_ln17_193 = sext i7 %mult_286" [firmware/nnet_utils/nnet_dense_latency.h:17]   --->   Operation 1334 'sext' 'sext_ln17_193' <Predicate = true> <Delay = 0.00>
ST_1 : Operation 1335 [1/1] (0.00ns)   --->   "%mult_289 = bitconcatenate i8 @_ssdm_op_BitConcatenate.i8.i6.i2, i6 %data_57_val_read, i2 0" [firmware/nnet_utils/nnet_mult.h:73->firmware/nnet_utils/nnet_dense_latency.h:42]   --->   Operation 1335 'bitconcatenate' 'mult_289' <Predicate = true> <Delay = 0.00>
ST_1 : Operation 1336 [1/1] (0.00ns)   --->   "%zext_ln73_432 = zext i8 %mult_289" [firmware/nnet_utils/nnet_mult.h:73->firmware/nnet_utils/nnet_dense_latency.h:42]   --->   Operation 1336 'zext' 'zext_ln73_432' <Predicate = true> <Delay = 0.00>
ST_1 : Operation 1337 [1/1] (0.70ns)   --->   "%add_ln73_56 = add i9 %zext_ln73_432, i9 %zext_ln73_223" [firmware/nnet_utils/nnet_mult.h:73->firmware/nnet_utils/nnet_dense_latency.h:42]   --->   Operation 1337 'add' 'add_ln73_56' <Predicate = true> <Delay = 0.70> <CoreInst = "Adder">   --->   Core 1 'Adder' <Latency = 0> <II = 1> <Delay = 0.70> <FuncUnit> <Opcode : 'add' 'sub'> <InPorts = 2> <OutPorts = 1>
ST_1 : Operation 1338 [1/1] (0.70ns)   --->   "%mult_287 = sub i9 0, i9 %zext_ln73_432" [firmware/nnet_utils/nnet_mult.h:73->firmware/nnet_utils/nnet_dense_latency.h:42]   --->   Operation 1338 'sub' 'mult_287' <Predicate = true> <Delay = 0.70> <CoreInst = "Adder">   --->   Core 1 'Adder' <Latency = 0> <II = 1> <Delay = 0.70> <FuncUnit> <Opcode : 'add' 'sub'> <InPorts = 2> <OutPorts = 1>
ST_1 : Operation 1339 [1/1] (0.00ns)   --->   "%sext_ln17_194 = sext i9 %mult_287" [firmware/nnet_utils/nnet_dense_latency.h:17]   --->   Operation 1339 'sext' 'sext_ln17_194' <Predicate = true> <Delay = 0.00>
ST_1 : Operation 1340 [1/1] (0.00ns)   --->   "%tmp_845 = bitconcatenate i7 @_ssdm_op_BitConcatenate.i7.i6.i1, i6 %data_57_val_read, i1 0" [firmware/nnet_utils/nnet_mult.h:73->firmware/nnet_utils/nnet_dense_latency.h:42]   --->   Operation 1340 'bitconcatenate' 'tmp_845' <Predicate = true> <Delay = 0.00>
ST_1 : Operation 1341 [1/1] (0.00ns)   --->   "%zext_ln73_433 = zext i7 %tmp_845" [firmware/nnet_utils/nnet_mult.h:73->firmware/nnet_utils/nnet_dense_latency.h:42]   --->   Operation 1341 'zext' 'zext_ln73_433' <Predicate = true> <Delay = 0.00>
ST_1 : Operation 1342 [1/1] (0.70ns)   --->   "%mult_288 = sub i8 0, i8 %zext_ln73_433" [firmware/nnet_utils/nnet_mult.h:73->firmware/nnet_utils/nnet_dense_latency.h:42]   --->   Operation 1342 'sub' 'mult_288' <Predicate = true> <Delay = 0.70> <CoreInst = "Adder">   --->   Core 1 'Adder' <Latency = 0> <II = 1> <Delay = 0.70> <FuncUnit> <Opcode : 'add' 'sub'> <InPorts = 2> <OutPorts = 1>
ST_1 : Operation 1343 [1/1] (0.00ns)   --->   "%sext_ln17_195 = sext i8 %mult_288" [firmware/nnet_utils/nnet_dense_latency.h:17]   --->   Operation 1343 'sext' 'sext_ln17_195' <Predicate = true> <Delay = 0.00>
ST_1 : Operation 1344 [1/1] (0.00ns)   --->   "%sext_ln17_196 = sext i8 %mult_288" [firmware/nnet_utils/nnet_dense_latency.h:17]   --->   Operation 1344 'sext' 'sext_ln17_196' <Predicate = true> <Delay = 0.00>
ST_1 : Operation 1345 [1/1] (0.00ns)   --->   "%zext_ln17_77 = zext i8 %mult_289" [firmware/nnet_utils/nnet_dense_latency.h:17]   --->   Operation 1345 'zext' 'zext_ln17_77' <Predicate = true> <Delay = 0.00>
ST_1 : Operation 1346 [1/1] (0.70ns)   --->   "%sub_ln73_328 = sub i8 %mult_289, i8 %zext_ln73_222" [firmware/nnet_utils/nnet_mult.h:73->firmware/nnet_utils/nnet_dense_latency.h:42]   --->   Operation 1346 'sub' 'sub_ln73_328' <Predicate = true> <Delay = 0.70> <CoreInst = "Adder">   --->   Core 1 'Adder' <Latency = 0> <II = 1> <Delay = 0.70> <FuncUnit> <Opcode : 'add' 'sub'> <InPorts = 2> <OutPorts = 1>
ST_1 : Operation 1347 [1/1] (0.00ns)   --->   "%tmp_846 = bitconcatenate i9 @_ssdm_op_BitConcatenate.i9.i6.i3, i6 %data_57_val_read, i3 0" [firmware/nnet_utils/nnet_mult.h:73->firmware/nnet_utils/nnet_dense_latency.h:42]   --->   Operation 1347 'bitconcatenate' 'tmp_846' <Predicate = true> <Delay = 0.00>
ST_1 : Operation 1348 [1/1] (0.00ns)   --->   "%zext_ln73_434 = zext i9 %tmp_846" [firmware/nnet_utils/nnet_mult.h:73->firmware/nnet_utils/nnet_dense_latency.h:42]   --->   Operation 1348 'zext' 'zext_ln73_434' <Predicate = true> <Delay = 0.00>
ST_1 : Operation 1349 [1/1] (0.00ns)   --->   "%zext_ln73_435 = zext i7 %tmp_845" [firmware/nnet_utils/nnet_mult.h:73->firmware/nnet_utils/nnet_dense_latency.h:42]   --->   Operation 1349 'zext' 'zext_ln73_435' <Predicate = true> <Delay = 0.00>
ST_1 : Operation 1350 [1/1] (0.00ns) (grouped into TernaryAdder)   --->   "%mult_290 = sub i10 %zext_ln73_435, i10 %zext_ln73_434" [firmware/nnet_utils/nnet_mult.h:73->firmware/nnet_utils/nnet_dense_latency.h:42]   --->   Operation 1350 'sub' 'mult_290' <Predicate = true> <Delay = 0.00> <CoreInst = "TAddSub">   --->   Core 10 'TAddSub' <Latency = 0> <II = 1> <Delay = 0.34> <IPBlock> <Opcode : '' 'add' 'sub'> <InPorts = 3> <OutPorts = 1> <Sync> <CReg>
ST_1 : Operation 1351 [1/1] (0.00ns)   --->   "%zext_ln73_226 = zext i6 %data_58_val_read" [firmware/nnet_utils/nnet_mult.h:73->firmware/nnet_utils/nnet_dense_latency.h:42]   --->   Operation 1351 'zext' 'zext_ln73_226' <Predicate = true> <Delay = 0.00>
ST_1 : Operation 1352 [1/1] (0.00ns)   --->   "%zext_ln73_227 = zext i6 %data_58_val_read" [firmware/nnet_utils/nnet_mult.h:73->firmware/nnet_utils/nnet_dense_latency.h:42]   --->   Operation 1352 'zext' 'zext_ln73_227' <Predicate = true> <Delay = 0.00>
ST_1 : Operation 1353 [1/1] (0.00ns)   --->   "%zext_ln73_228 = zext i6 %data_58_val_read" [firmware/nnet_utils/nnet_mult.h:73->firmware/nnet_utils/nnet_dense_latency.h:42]   --->   Operation 1353 'zext' 'zext_ln73_228' <Predicate = true> <Delay = 0.00>
ST_1 : Operation 1354 [1/1] (0.70ns)   --->   "%mult_291 = sub i7 0, i7 %zext_ln73_228" [firmware/nnet_utils/nnet_mult.h:73->firmware/nnet_utils/nnet_dense_latency.h:42]   --->   Operation 1354 'sub' 'mult_291' <Predicate = true> <Delay = 0.70> <CoreInst = "Adder">   --->   Core 1 'Adder' <Latency = 0> <II = 1> <Delay = 0.70> <FuncUnit> <Opcode : 'add' 'sub'> <InPorts = 2> <OutPorts = 1>
ST_1 : Operation 1355 [1/1] (0.00ns)   --->   "%sext_ln17_197 = sext i7 %mult_291" [firmware/nnet_utils/nnet_dense_latency.h:17]   --->   Operation 1355 'sext' 'sext_ln17_197' <Predicate = true> <Delay = 0.00>
ST_1 : Operation 1356 [1/1] (0.00ns)   --->   "%sext_ln17_198 = sext i7 %mult_291" [firmware/nnet_utils/nnet_dense_latency.h:17]   --->   Operation 1356 'sext' 'sext_ln17_198' <Predicate = true> <Delay = 0.00>
ST_1 : Operation 1357 [1/1] (0.00ns)   --->   "%sext_ln17_199 = sext i7 %mult_291" [firmware/nnet_utils/nnet_dense_latency.h:17]   --->   Operation 1357 'sext' 'sext_ln17_199' <Predicate = true> <Delay = 0.00>
ST_1 : Operation 1358 [1/1] (0.00ns)   --->   "%p_shl33 = bitconcatenate i9 @_ssdm_op_BitConcatenate.i9.i6.i3, i6 %data_58_val_read, i3 0" [firmware/nnet_utils/nnet_mult.h:73->firmware/nnet_utils/nnet_dense_latency.h:42]   --->   Operation 1358 'bitconcatenate' 'p_shl33' <Predicate = true> <Delay = 0.00>
ST_1 : Operation 1359 [1/1] (0.71ns)   --->   "%sub_ln73_331 = sub i9 %p_shl33, i9 %zext_ln73_227" [firmware/nnet_utils/nnet_mult.h:73->firmware/nnet_utils/nnet_dense_latency.h:42]   --->   Operation 1359 'sub' 'sub_ln73_331' <Predicate = true> <Delay = 0.71> <CoreInst = "Adder">   --->   Core 1 'Adder' <Latency = 0> <II = 1> <Delay = 0.71> <FuncUnit> <Opcode : 'add' 'sub'> <InPorts = 2> <OutPorts = 1>
ST_1 : Operation 1360 [1/1] (0.00ns)   --->   "%mult_292 = bitconcatenate i7 @_ssdm_op_BitConcatenate.i7.i6.i1, i6 %data_58_val_read, i1 0" [firmware/nnet_utils/nnet_mult.h:73->firmware/nnet_utils/nnet_dense_latency.h:42]   --->   Operation 1360 'bitconcatenate' 'mult_292' <Predicate = true> <Delay = 0.00>
ST_1 : Operation 1361 [1/1] (0.00ns)   --->   "%zext_ln17_78 = zext i7 %mult_292" [firmware/nnet_utils/nnet_dense_latency.h:17]   --->   Operation 1361 'zext' 'zext_ln17_78' <Predicate = true> <Delay = 0.00>
ST_1 : Operation 1362 [1/1] (0.00ns)   --->   "%zext_ln73_436 = zext i9 %p_shl33" [firmware/nnet_utils/nnet_mult.h:73->firmware/nnet_utils/nnet_dense_latency.h:42]   --->   Operation 1362 'zext' 'zext_ln73_436' <Predicate = true> <Delay = 0.00>
ST_1 : Operation 1363 [1/1] (0.71ns)   --->   "%mult_293 = sub i10 0, i10 %zext_ln73_436" [firmware/nnet_utils/nnet_mult.h:73->firmware/nnet_utils/nnet_dense_latency.h:42]   --->   Operation 1363 'sub' 'mult_293' <Predicate = true> <Delay = 0.71> <CoreInst = "Adder">   --->   Core 1 'Adder' <Latency = 0> <II = 1> <Delay = 0.71> <FuncUnit> <Opcode : 'add' 'sub'> <InPorts = 2> <OutPorts = 1>
ST_1 : Operation 1364 [1/1] (0.00ns)   --->   "%sext_ln17_200 = sext i10 %mult_293" [firmware/nnet_utils/nnet_dense_latency.h:17]   --->   Operation 1364 'sext' 'sext_ln17_200' <Predicate = true> <Delay = 0.00>
ST_1 : Operation 1365 [1/1] (1.23ns)   --->   "%mul_ln73_23 = mul i10 %zext_ln73_226, i10 11" [firmware/nnet_utils/nnet_mult.h:73->firmware/nnet_utils/nnet_dense_latency.h:42]   --->   Operation 1365 'mul' 'mul_ln73_23' <Predicate = true> <Delay = 1.23> <CoreInst = "Multiplier">   --->   Core 3 'Multiplier' <Latency = 0> <II = 1> <Delay = 1.23> <FuncUnit> <Opcode : 'mul'> <InPorts = 2> <OutPorts = 1>
ST_1 : Operation 1366 [1/1] (0.00ns)   --->   "%mult_296 = bitconcatenate i8 @_ssdm_op_BitConcatenate.i8.i6.i2, i6 %data_58_val_read, i2 0" [firmware/nnet_utils/nnet_mult.h:73->firmware/nnet_utils/nnet_dense_latency.h:42]   --->   Operation 1366 'bitconcatenate' 'mult_296' <Predicate = true> <Delay = 0.00>
ST_1 : Operation 1367 [1/1] (0.00ns)   --->   "%zext_ln73_437 = zext i8 %mult_296" [firmware/nnet_utils/nnet_mult.h:73->firmware/nnet_utils/nnet_dense_latency.h:42]   --->   Operation 1367 'zext' 'zext_ln73_437' <Predicate = true> <Delay = 0.00>
ST_1 : Operation 1368 [1/1] (0.70ns)   --->   "%mult_294 = sub i9 0, i9 %zext_ln73_437" [firmware/nnet_utils/nnet_mult.h:73->firmware/nnet_utils/nnet_dense_latency.h:42]   --->   Operation 1368 'sub' 'mult_294' <Predicate = true> <Delay = 0.70> <CoreInst = "Adder">   --->   Core 1 'Adder' <Latency = 0> <II = 1> <Delay = 0.70> <FuncUnit> <Opcode : 'add' 'sub'> <InPorts = 2> <OutPorts = 1>
ST_1 : Operation 1369 [1/1] (0.00ns)   --->   "%sext_ln17_201 = sext i9 %mult_294" [firmware/nnet_utils/nnet_dense_latency.h:17]   --->   Operation 1369 'sext' 'sext_ln17_201' <Predicate = true> <Delay = 0.00>
ST_1 : Operation 1370 [1/1] (0.00ns)   --->   "%zext_ln73_438 = zext i7 %mult_292" [firmware/nnet_utils/nnet_mult.h:73->firmware/nnet_utils/nnet_dense_latency.h:42]   --->   Operation 1370 'zext' 'zext_ln73_438' <Predicate = true> <Delay = 0.00>
ST_1 : Operation 1371 [1/1] (0.70ns)   --->   "%mult_295 = sub i8 0, i8 %zext_ln73_438" [firmware/nnet_utils/nnet_mult.h:73->firmware/nnet_utils/nnet_dense_latency.h:42]   --->   Operation 1371 'sub' 'mult_295' <Predicate = true> <Delay = 0.70> <CoreInst = "Adder">   --->   Core 1 'Adder' <Latency = 0> <II = 1> <Delay = 0.70> <FuncUnit> <Opcode : 'add' 'sub'> <InPorts = 2> <OutPorts = 1>
ST_1 : Operation 1372 [1/1] (0.00ns)   --->   "%sext_ln17_202 = sext i8 %mult_295" [firmware/nnet_utils/nnet_dense_latency.h:17]   --->   Operation 1372 'sext' 'sext_ln17_202' <Predicate = true> <Delay = 0.00>
ST_1 : Operation 1373 [1/1] (0.00ns)   --->   "%zext_ln73_229 = zext i6 %data_59_val_read" [firmware/nnet_utils/nnet_mult.h:73->firmware/nnet_utils/nnet_dense_latency.h:42]   --->   Operation 1373 'zext' 'zext_ln73_229' <Predicate = true> <Delay = 0.00>
ST_1 : Operation 1374 [1/1] (0.00ns)   --->   "%zext_ln73_231 = zext i6 %data_59_val_read" [firmware/nnet_utils/nnet_mult.h:73->firmware/nnet_utils/nnet_dense_latency.h:42]   --->   Operation 1374 'zext' 'zext_ln73_231' <Predicate = true> <Delay = 0.00>
ST_1 : Operation 1375 [1/1] (0.00ns)   --->   "%tmp_848 = bitconcatenate i9 @_ssdm_op_BitConcatenate.i9.i6.i3, i6 %data_59_val_read, i3 0" [firmware/nnet_utils/nnet_mult.h:73->firmware/nnet_utils/nnet_dense_latency.h:42]   --->   Operation 1375 'bitconcatenate' 'tmp_848' <Predicate = true> <Delay = 0.00>
ST_1 : Operation 1376 [1/1] (0.00ns)   --->   "%zext_ln73_439 = zext i9 %tmp_848" [firmware/nnet_utils/nnet_mult.h:73->firmware/nnet_utils/nnet_dense_latency.h:42]   --->   Operation 1376 'zext' 'zext_ln73_439' <Predicate = true> <Delay = 0.00>
ST_1 : Operation 1377 [1/1] (0.00ns)   --->   "%mult_298 = bitconcatenate i7 @_ssdm_op_BitConcatenate.i7.i6.i1, i6 %data_59_val_read, i1 0" [firmware/nnet_utils/nnet_mult.h:73->firmware/nnet_utils/nnet_dense_latency.h:42]   --->   Operation 1377 'bitconcatenate' 'mult_298' <Predicate = true> <Delay = 0.00>
ST_1 : Operation 1378 [1/1] (0.00ns)   --->   "%zext_ln73_440 = zext i7 %mult_298" [firmware/nnet_utils/nnet_mult.h:73->firmware/nnet_utils/nnet_dense_latency.h:42]   --->   Operation 1378 'zext' 'zext_ln73_440' <Predicate = true> <Delay = 0.00>
ST_1 : Operation 1379 [1/1] (0.71ns)   --->   "%mult_297 = sub i10 %zext_ln73_440, i10 %zext_ln73_439" [firmware/nnet_utils/nnet_mult.h:73->firmware/nnet_utils/nnet_dense_latency.h:42]   --->   Operation 1379 'sub' 'mult_297' <Predicate = true> <Delay = 0.71> <CoreInst = "Adder">   --->   Core 1 'Adder' <Latency = 0> <II = 1> <Delay = 0.71> <FuncUnit> <Opcode : 'add' 'sub'> <InPorts = 2> <OutPorts = 1>
ST_1 : Operation 1380 [1/1] (0.00ns)   --->   "%sext_ln17_203 = sext i10 %mult_297" [firmware/nnet_utils/nnet_dense_latency.h:17]   --->   Operation 1380 'sext' 'sext_ln17_203' <Predicate = true> <Delay = 0.00>
ST_1 : Operation 1381 [1/1] (0.00ns)   --->   "%sext_ln17_204 = sext i10 %mult_297" [firmware/nnet_utils/nnet_dense_latency.h:17]   --->   Operation 1381 'sext' 'sext_ln17_204' <Predicate = true> <Delay = 0.00>
ST_1 : Operation 1382 [1/1] (0.00ns)   --->   "%zext_ln17_79 = zext i7 %mult_298" [firmware/nnet_utils/nnet_dense_latency.h:17]   --->   Operation 1382 'zext' 'zext_ln17_79' <Predicate = true> <Delay = 0.00>
ST_1 : Operation 1383 [1/1] (0.00ns)   --->   "%zext_ln73_441 = zext i9 %tmp_848" [firmware/nnet_utils/nnet_mult.h:73->firmware/nnet_utils/nnet_dense_latency.h:42]   --->   Operation 1383 'zext' 'zext_ln73_441' <Predicate = true> <Delay = 0.00>
ST_1 : Operation 1384 [1/1] (0.71ns)   --->   "%sub_ln73_336 = sub i11 0, i11 %zext_ln73_441" [firmware/nnet_utils/nnet_mult.h:73->firmware/nnet_utils/nnet_dense_latency.h:42]   --->   Operation 1384 'sub' 'sub_ln73_336' <Predicate = true> <Delay = 0.71> <CoreInst = "Adder">   --->   Core 1 'Adder' <Latency = 0> <II = 1> <Delay = 0.71> <FuncUnit> <Opcode : 'add' 'sub'> <InPorts = 2> <OutPorts = 1>
ST_1 : Operation 1385 [1/1] (0.00ns)   --->   "%zext_ln73_442 = zext i7 %mult_298" [firmware/nnet_utils/nnet_mult.h:73->firmware/nnet_utils/nnet_dense_latency.h:42]   --->   Operation 1385 'zext' 'zext_ln73_442' <Predicate = true> <Delay = 0.00>
ST_1 : Operation 1386 [1/1] (0.00ns) (grouped into TernaryAdder)   --->   "%mult_299 = sub i11 %sub_ln73_336, i11 %zext_ln73_442" [firmware/nnet_utils/nnet_mult.h:73->firmware/nnet_utils/nnet_dense_latency.h:42]   --->   Operation 1386 'sub' 'mult_299' <Predicate = true> <Delay = 0.00> <CoreInst = "TAddSub">   --->   Core 10 'TAddSub' <Latency = 0> <II = 1> <Delay = 0.34> <IPBlock> <Opcode : '' 'add' 'sub'> <InPorts = 3> <OutPorts = 1> <Sync> <CReg>
ST_1 : Operation 1387 [1/1] (0.71ns)   --->   "%mult_300 = sub i10 %zext_ln73_231, i10 %zext_ln73_439" [firmware/nnet_utils/nnet_mult.h:73->firmware/nnet_utils/nnet_dense_latency.h:42]   --->   Operation 1387 'sub' 'mult_300' <Predicate = true> <Delay = 0.71> <CoreInst = "Adder">   --->   Core 1 'Adder' <Latency = 0> <II = 1> <Delay = 0.71> <FuncUnit> <Opcode : 'add' 'sub'> <InPorts = 2> <OutPorts = 1>
ST_1 : Operation 1388 [1/1] (0.00ns)   --->   "%sext_ln17_205 = sext i10 %mult_300" [firmware/nnet_utils/nnet_dense_latency.h:17]   --->   Operation 1388 'sext' 'sext_ln17_205' <Predicate = true> <Delay = 0.00>
ST_1 : Operation 1389 [1/1] (0.00ns)   --->   "%zext_ln73_443 = zext i7 %mult_298" [firmware/nnet_utils/nnet_mult.h:73->firmware/nnet_utils/nnet_dense_latency.h:42]   --->   Operation 1389 'zext' 'zext_ln73_443' <Predicate = true> <Delay = 0.00>
ST_1 : Operation 1390 [1/1] (0.70ns)   --->   "%mult_301 = sub i8 0, i8 %zext_ln73_443" [firmware/nnet_utils/nnet_mult.h:73->firmware/nnet_utils/nnet_dense_latency.h:42]   --->   Operation 1390 'sub' 'mult_301' <Predicate = true> <Delay = 0.70> <CoreInst = "Adder">   --->   Core 1 'Adder' <Latency = 0> <II = 1> <Delay = 0.70> <FuncUnit> <Opcode : 'add' 'sub'> <InPorts = 2> <OutPorts = 1>
ST_1 : Operation 1391 [1/1] (0.00ns)   --->   "%sext_ln17_206 = sext i8 %mult_301" [firmware/nnet_utils/nnet_dense_latency.h:17]   --->   Operation 1391 'sext' 'sext_ln17_206' <Predicate = true> <Delay = 0.00>
ST_1 : Operation 1392 [1/1] (0.00ns)   --->   "%sext_ln17_207 = sext i8 %mult_301" [firmware/nnet_utils/nnet_dense_latency.h:17]   --->   Operation 1392 'sext' 'sext_ln17_207' <Predicate = true> <Delay = 0.00>
ST_1 : Operation 1393 [1/1] (0.00ns)   --->   "%p_shl34 = bitconcatenate i8 @_ssdm_op_BitConcatenate.i8.i6.i2, i6 %data_59_val_read, i2 0" [firmware/nnet_utils/nnet_mult.h:73->firmware/nnet_utils/nnet_dense_latency.h:42]   --->   Operation 1393 'bitconcatenate' 'p_shl34' <Predicate = true> <Delay = 0.00>
ST_1 : Operation 1394 [1/1] (0.70ns)   --->   "%sub_ln73_340 = sub i8 %p_shl34, i8 %zext_ln73_229" [firmware/nnet_utils/nnet_mult.h:73->firmware/nnet_utils/nnet_dense_latency.h:42]   --->   Operation 1394 'sub' 'sub_ln73_340' <Predicate = true> <Delay = 0.70> <CoreInst = "Adder">   --->   Core 1 'Adder' <Latency = 0> <II = 1> <Delay = 0.70> <FuncUnit> <Opcode : 'add' 'sub'> <InPorts = 2> <OutPorts = 1>
ST_1 : Operation 1395 [1/1] (1.23ns)   --->   "%mul_ln73_24 = mul i10 %zext_ln73_231, i10 13" [firmware/nnet_utils/nnet_mult.h:73->firmware/nnet_utils/nnet_dense_latency.h:42]   --->   Operation 1395 'mul' 'mul_ln73_24' <Predicate = true> <Delay = 1.23> <CoreInst = "Multiplier">   --->   Core 3 'Multiplier' <Latency = 0> <II = 1> <Delay = 1.23> <FuncUnit> <Opcode : 'mul'> <InPorts = 2> <OutPorts = 1>
ST_1 : Operation 1396 [1/1] (0.00ns)   --->   "%zext_ln73_60 = zext i6 %data_60_val_read" [firmware/nnet_utils/nnet_mult.h:73->firmware/nnet_utils/nnet_dense_latency.h:42]   --->   Operation 1396 'zext' 'zext_ln73_60' <Predicate = true> <Delay = 0.00>
ST_1 : Operation 1397 [1/1] (0.00ns)   --->   "%zext_ln73_232 = zext i6 %data_60_val_read" [firmware/nnet_utils/nnet_mult.h:73->firmware/nnet_utils/nnet_dense_latency.h:42]   --->   Operation 1397 'zext' 'zext_ln73_232' <Predicate = true> <Delay = 0.00>
ST_1 : Operation 1398 [1/1] (0.00ns)   --->   "%zext_ln73_233 = zext i6 %data_60_val_read" [firmware/nnet_utils/nnet_mult.h:73->firmware/nnet_utils/nnet_dense_latency.h:42]   --->   Operation 1398 'zext' 'zext_ln73_233' <Predicate = true> <Delay = 0.00>
ST_1 : Operation 1399 [1/1] (0.00ns)   --->   "%zext_ln73_234 = zext i6 %data_60_val_read" [firmware/nnet_utils/nnet_mult.h:73->firmware/nnet_utils/nnet_dense_latency.h:42]   --->   Operation 1399 'zext' 'zext_ln73_234' <Predicate = true> <Delay = 0.00>
ST_1 : Operation 1400 [1/1] (0.00ns)   --->   "%zext_ln73_235 = zext i6 %data_60_val_read" [firmware/nnet_utils/nnet_mult.h:73->firmware/nnet_utils/nnet_dense_latency.h:42]   --->   Operation 1400 'zext' 'zext_ln73_235' <Predicate = true> <Delay = 0.00>
ST_1 : Operation 1401 [1/1] (0.00ns)   --->   "%zext_ln73_236 = zext i6 %data_60_val_read" [firmware/nnet_utils/nnet_mult.h:73->firmware/nnet_utils/nnet_dense_latency.h:42]   --->   Operation 1401 'zext' 'zext_ln73_236' <Predicate = true> <Delay = 0.00>
ST_1 : Operation 1402 [1/1] (0.00ns)   --->   "%mult_304 = bitconcatenate i9 @_ssdm_op_BitConcatenate.i9.i6.i3, i6 %data_60_val_read, i3 0" [firmware/nnet_utils/nnet_mult.h:73->firmware/nnet_utils/nnet_dense_latency.h:42]   --->   Operation 1402 'bitconcatenate' 'mult_304' <Predicate = true> <Delay = 0.00>
ST_1 : Operation 1403 [1/1] (0.71ns)   --->   "%sub_ln73_341 = sub i9 %mult_304, i9 %zext_ln73_236" [firmware/nnet_utils/nnet_mult.h:73->firmware/nnet_utils/nnet_dense_latency.h:42]   --->   Operation 1403 'sub' 'sub_ln73_341' <Predicate = true> <Delay = 0.71> <CoreInst = "Adder">   --->   Core 1 'Adder' <Latency = 0> <II = 1> <Delay = 0.71> <FuncUnit> <Opcode : 'add' 'sub'> <InPorts = 2> <OutPorts = 1>
ST_1 : Operation 1404 [1/1] (1.23ns)   --->   "%mul_ln73_25 = mul i10 %zext_ln73_235, i10 11" [firmware/nnet_utils/nnet_mult.h:73->firmware/nnet_utils/nnet_dense_latency.h:42]   --->   Operation 1404 'mul' 'mul_ln73_25' <Predicate = true> <Delay = 1.23> <CoreInst = "Multiplier">   --->   Core 3 'Multiplier' <Latency = 0> <II = 1> <Delay = 1.23> <FuncUnit> <Opcode : 'mul'> <InPorts = 2> <OutPorts = 1>
ST_1 : Operation 1405 [1/1] (0.00ns)   --->   "%mult_308 = bitconcatenate i8 @_ssdm_op_BitConcatenate.i8.i6.i2, i6 %data_60_val_read, i2 0" [firmware/nnet_utils/nnet_mult.h:73->firmware/nnet_utils/nnet_dense_latency.h:42]   --->   Operation 1405 'bitconcatenate' 'mult_308' <Predicate = true> <Delay = 0.00>
ST_1 : Operation 1406 [1/1] (0.70ns)   --->   "%sub_ln73_342 = sub i8 %mult_308, i8 %zext_ln73_234" [firmware/nnet_utils/nnet_mult.h:73->firmware/nnet_utils/nnet_dense_latency.h:42]   --->   Operation 1406 'sub' 'sub_ln73_342' <Predicate = true> <Delay = 0.70> <CoreInst = "Adder">   --->   Core 1 'Adder' <Latency = 0> <II = 1> <Delay = 0.70> <FuncUnit> <Opcode : 'add' 'sub'> <InPorts = 2> <OutPorts = 1>
ST_1 : Operation 1407 [1/1] (0.00ns)   --->   "%zext_ln73_444 = zext i9 %mult_304" [firmware/nnet_utils/nnet_mult.h:73->firmware/nnet_utils/nnet_dense_latency.h:42]   --->   Operation 1407 'zext' 'zext_ln73_444' <Predicate = true> <Delay = 0.00>
ST_1 : Operation 1408 [1/1] (0.71ns)   --->   "%mult_302 = sub i10 %zext_ln73_235, i10 %zext_ln73_444" [firmware/nnet_utils/nnet_mult.h:73->firmware/nnet_utils/nnet_dense_latency.h:42]   --->   Operation 1408 'sub' 'mult_302' <Predicate = true> <Delay = 0.71> <CoreInst = "Adder">   --->   Core 1 'Adder' <Latency = 0> <II = 1> <Delay = 0.71> <FuncUnit> <Opcode : 'add' 'sub'> <InPorts = 2> <OutPorts = 1>
ST_1 : Operation 1409 [1/1] (0.00ns)   --->   "%sext_ln17_208 = sext i10 %mult_302" [firmware/nnet_utils/nnet_dense_latency.h:17]   --->   Operation 1409 'sext' 'sext_ln17_208' <Predicate = true> <Delay = 0.00>
ST_1 : Operation 1410 [1/1] (0.00ns)   --->   "%zext_ln73_445 = zext i8 %mult_308" [firmware/nnet_utils/nnet_mult.h:73->firmware/nnet_utils/nnet_dense_latency.h:42]   --->   Operation 1410 'zext' 'zext_ln73_445' <Predicate = true> <Delay = 0.00>
ST_1 : Operation 1411 [1/1] (0.70ns)   --->   "%add_ln73_57 = add i9 %zext_ln73_445, i9 %zext_ln73_236" [firmware/nnet_utils/nnet_mult.h:73->firmware/nnet_utils/nnet_dense_latency.h:42]   --->   Operation 1411 'add' 'add_ln73_57' <Predicate = true> <Delay = 0.70> <CoreInst = "Adder">   --->   Core 1 'Adder' <Latency = 0> <II = 1> <Delay = 0.70> <FuncUnit> <Opcode : 'add' 'sub'> <InPorts = 2> <OutPorts = 1>
ST_1 : Operation 1412 [1/1] (0.00ns)   --->   "%tmp_850 = bitconcatenate i10 @_ssdm_op_BitConcatenate.i10.i6.i4, i6 %data_60_val_read, i4 0" [firmware/nnet_utils/nnet_mult.h:73->firmware/nnet_utils/nnet_dense_latency.h:42]   --->   Operation 1412 'bitconcatenate' 'tmp_850' <Predicate = true> <Delay = 0.00>
ST_1 : Operation 1413 [1/1] (0.00ns)   --->   "%zext_ln73_446 = zext i10 %tmp_850" [firmware/nnet_utils/nnet_mult.h:73->firmware/nnet_utils/nnet_dense_latency.h:42]   --->   Operation 1413 'zext' 'zext_ln73_446' <Predicate = true> <Delay = 0.00>
ST_1 : Operation 1414 [1/1] (0.72ns)   --->   "%sub_ln73_344 = sub i12 0, i12 %zext_ln73_446" [firmware/nnet_utils/nnet_mult.h:73->firmware/nnet_utils/nnet_dense_latency.h:42]   --->   Operation 1414 'sub' 'sub_ln73_344' <Predicate = true> <Delay = 0.72> <CoreInst = "Adder">   --->   Core 1 'Adder' <Latency = 0> <II = 1> <Delay = 0.72> <FuncUnit> <Opcode : 'add' 'sub'> <InPorts = 2> <OutPorts = 1>
ST_1 : Operation 1415 [1/1] (0.00ns) (grouped into TernaryAdder)   --->   "%mult_303 = sub i12 %sub_ln73_344, i12 %zext_ln73_60" [firmware/nnet_utils/nnet_mult.h:73->firmware/nnet_utils/nnet_dense_latency.h:42]   --->   Operation 1415 'sub' 'mult_303' <Predicate = true> <Delay = 0.00> <CoreInst = "TAddSub">   --->   Core 10 'TAddSub' <Latency = 0> <II = 1> <Delay = 0.34> <IPBlock> <Opcode : '' 'add' 'sub'> <InPorts = 3> <OutPorts = 1> <Sync> <CReg>
ST_1 : Operation 1416 [1/1] (1.23ns)   --->   "%mult_305 = mul i11 %zext_ln73_233, i11 2037" [firmware/nnet_utils/nnet_mult.h:73->firmware/nnet_utils/nnet_dense_latency.h:42]   --->   Operation 1416 'mul' 'mult_305' <Predicate = true> <Delay = 1.23> <CoreInst = "Multiplier">   --->   Core 3 'Multiplier' <Latency = 0> <II = 1> <Delay = 1.23> <FuncUnit> <Opcode : 'mul'> <InPorts = 2> <OutPorts = 1>
ST_1 : Operation 1417 [1/1] (0.00ns)   --->   "%tmp_851 = bitconcatenate i7 @_ssdm_op_BitConcatenate.i7.i6.i1, i6 %data_60_val_read, i1 0" [firmware/nnet_utils/nnet_mult.h:73->firmware/nnet_utils/nnet_dense_latency.h:42]   --->   Operation 1417 'bitconcatenate' 'tmp_851' <Predicate = true> <Delay = 0.00>
ST_1 : Operation 1418 [1/1] (0.00ns)   --->   "%zext_ln73_447 = zext i7 %tmp_851" [firmware/nnet_utils/nnet_mult.h:73->firmware/nnet_utils/nnet_dense_latency.h:42]   --->   Operation 1418 'zext' 'zext_ln73_447' <Predicate = true> <Delay = 0.00>
ST_1 : Operation 1419 [1/1] (0.70ns)   --->   "%mult_306 = sub i8 0, i8 %zext_ln73_447" [firmware/nnet_utils/nnet_mult.h:73->firmware/nnet_utils/nnet_dense_latency.h:42]   --->   Operation 1419 'sub' 'mult_306' <Predicate = true> <Delay = 0.70> <CoreInst = "Adder">   --->   Core 1 'Adder' <Latency = 0> <II = 1> <Delay = 0.70> <FuncUnit> <Opcode : 'add' 'sub'> <InPorts = 2> <OutPorts = 1>
ST_1 : Operation 1420 [1/1] (0.00ns)   --->   "%sext_ln17_209 = sext i8 %mult_306" [firmware/nnet_utils/nnet_dense_latency.h:17]   --->   Operation 1420 'sext' 'sext_ln17_209' <Predicate = true> <Delay = 0.00>
ST_1 : Operation 1421 [1/1] (0.70ns)   --->   "%mult_307 = sub i7 0, i7 %zext_ln73_232" [firmware/nnet_utils/nnet_mult.h:73->firmware/nnet_utils/nnet_dense_latency.h:42]   --->   Operation 1421 'sub' 'mult_307' <Predicate = true> <Delay = 0.70> <CoreInst = "Adder">   --->   Core 1 'Adder' <Latency = 0> <II = 1> <Delay = 0.70> <FuncUnit> <Opcode : 'add' 'sub'> <InPorts = 2> <OutPorts = 1>
ST_1 : Operation 1422 [1/1] (0.00ns)   --->   "%sext_ln17_210 = sext i7 %mult_307" [firmware/nnet_utils/nnet_dense_latency.h:17]   --->   Operation 1422 'sext' 'sext_ln17_210' <Predicate = true> <Delay = 0.00>
ST_1 : Operation 1423 [1/1] (0.00ns)   --->   "%zext_ln73_237 = zext i6 %data_61_val_read" [firmware/nnet_utils/nnet_mult.h:73->firmware/nnet_utils/nnet_dense_latency.h:42]   --->   Operation 1423 'zext' 'zext_ln73_237' <Predicate = true> <Delay = 0.00>
ST_1 : Operation 1424 [1/1] (0.00ns)   --->   "%zext_ln73_238 = zext i6 %data_61_val_read" [firmware/nnet_utils/nnet_mult.h:73->firmware/nnet_utils/nnet_dense_latency.h:42]   --->   Operation 1424 'zext' 'zext_ln73_238' <Predicate = true> <Delay = 0.00>
ST_1 : Operation 1425 [1/1] (0.00ns)   --->   "%zext_ln73_239 = zext i6 %data_61_val_read" [firmware/nnet_utils/nnet_mult.h:73->firmware/nnet_utils/nnet_dense_latency.h:42]   --->   Operation 1425 'zext' 'zext_ln73_239' <Predicate = true> <Delay = 0.00>
ST_1 : Operation 1426 [1/1] (0.00ns)   --->   "%zext_ln73_240 = zext i6 %data_61_val_read" [firmware/nnet_utils/nnet_mult.h:73->firmware/nnet_utils/nnet_dense_latency.h:42]   --->   Operation 1426 'zext' 'zext_ln73_240' <Predicate = true> <Delay = 0.00>
ST_1 : Operation 1427 [1/1] (0.00ns)   --->   "%tmp_852 = bitconcatenate i9 @_ssdm_op_BitConcatenate.i9.i6.i3, i6 %data_61_val_read, i3 0" [firmware/nnet_utils/nnet_mult.h:73->firmware/nnet_utils/nnet_dense_latency.h:42]   --->   Operation 1427 'bitconcatenate' 'tmp_852' <Predicate = true> <Delay = 0.00>
ST_1 : Operation 1428 [1/1] (0.00ns)   --->   "%zext_ln73_448 = zext i9 %tmp_852" [firmware/nnet_utils/nnet_mult.h:73->firmware/nnet_utils/nnet_dense_latency.h:42]   --->   Operation 1428 'zext' 'zext_ln73_448' <Predicate = true> <Delay = 0.00>
ST_1 : Operation 1429 [1/1] (0.00ns) (grouped into TernaryAdder)   --->   "%mult_309 = sub i10 %zext_ln73_240, i10 %zext_ln73_448" [firmware/nnet_utils/nnet_mult.h:73->firmware/nnet_utils/nnet_dense_latency.h:42]   --->   Operation 1429 'sub' 'mult_309' <Predicate = true> <Delay = 0.00> <CoreInst = "TAddSub">   --->   Core 10 'TAddSub' <Latency = 0> <II = 1> <Delay = 0.34> <IPBlock> <Opcode : '' 'add' 'sub'> <InPorts = 3> <OutPorts = 1> <Sync> <CReg>
ST_1 : Operation 1430 [1/1] (0.00ns)   --->   "%mult_312 = bitconcatenate i8 @_ssdm_op_BitConcatenate.i8.i6.i2, i6 %data_61_val_read, i2 0" [firmware/nnet_utils/nnet_mult.h:73->firmware/nnet_utils/nnet_dense_latency.h:42]   --->   Operation 1430 'bitconcatenate' 'mult_312' <Predicate = true> <Delay = 0.00>
ST_1 : Operation 1431 [1/1] (0.70ns)   --->   "%sub_ln73_349 = sub i8 %mult_312, i8 %zext_ln73_239" [firmware/nnet_utils/nnet_mult.h:73->firmware/nnet_utils/nnet_dense_latency.h:42]   --->   Operation 1431 'sub' 'sub_ln73_349' <Predicate = true> <Delay = 0.70> <CoreInst = "Adder">   --->   Core 1 'Adder' <Latency = 0> <II = 1> <Delay = 0.70> <FuncUnit> <Opcode : 'add' 'sub'> <InPorts = 2> <OutPorts = 1>
ST_1 : Operation 1432 [1/1] (0.70ns)   --->   "%mult_310 = sub i7 0, i7 %zext_ln73_238" [firmware/nnet_utils/nnet_mult.h:73->firmware/nnet_utils/nnet_dense_latency.h:42]   --->   Operation 1432 'sub' 'mult_310' <Predicate = true> <Delay = 0.70> <CoreInst = "Adder">   --->   Core 1 'Adder' <Latency = 0> <II = 1> <Delay = 0.70> <FuncUnit> <Opcode : 'add' 'sub'> <InPorts = 2> <OutPorts = 1>
ST_1 : Operation 1433 [1/1] (0.00ns)   --->   "%sext_ln17_211 = sext i7 %mult_310" [firmware/nnet_utils/nnet_dense_latency.h:17]   --->   Operation 1433 'sext' 'sext_ln17_211' <Predicate = true> <Delay = 0.00>
ST_1 : Operation 1434 [1/1] (0.00ns)   --->   "%sext_ln17_212 = sext i7 %mult_310" [firmware/nnet_utils/nnet_dense_latency.h:17]   --->   Operation 1434 'sext' 'sext_ln17_212' <Predicate = true> <Delay = 0.00>
ST_1 : Operation 1435 [1/1] (0.00ns)   --->   "%mult_314 = bitconcatenate i7 @_ssdm_op_BitConcatenate.i7.i6.i1, i6 %data_61_val_read, i1 0" [firmware/nnet_utils/nnet_mult.h:73->firmware/nnet_utils/nnet_dense_latency.h:42]   --->   Operation 1435 'bitconcatenate' 'mult_314' <Predicate = true> <Delay = 0.00>
ST_1 : Operation 1436 [1/1] (0.00ns)   --->   "%zext_ln73_449 = zext i7 %mult_314" [firmware/nnet_utils/nnet_mult.h:73->firmware/nnet_utils/nnet_dense_latency.h:42]   --->   Operation 1436 'zext' 'zext_ln73_449' <Predicate = true> <Delay = 0.00>
ST_1 : Operation 1437 [1/1] (0.70ns)   --->   "%mult_311 = sub i8 0, i8 %zext_ln73_449" [firmware/nnet_utils/nnet_mult.h:73->firmware/nnet_utils/nnet_dense_latency.h:42]   --->   Operation 1437 'sub' 'mult_311' <Predicate = true> <Delay = 0.70> <CoreInst = "Adder">   --->   Core 1 'Adder' <Latency = 0> <II = 1> <Delay = 0.70> <FuncUnit> <Opcode : 'add' 'sub'> <InPorts = 2> <OutPorts = 1>
ST_1 : Operation 1438 [1/1] (0.00ns)   --->   "%sext_ln17_213 = sext i8 %mult_311" [firmware/nnet_utils/nnet_dense_latency.h:17]   --->   Operation 1438 'sext' 'sext_ln17_213' <Predicate = true> <Delay = 0.00>
ST_1 : Operation 1439 [1/1] (0.71ns)   --->   "%add_ln73_58 = add i10 %zext_ln73_448, i10 %zext_ln73_240" [firmware/nnet_utils/nnet_mult.h:73->firmware/nnet_utils/nnet_dense_latency.h:42]   --->   Operation 1439 'add' 'add_ln73_58' <Predicate = true> <Delay = 0.71> <CoreInst = "Adder">   --->   Core 1 'Adder' <Latency = 0> <II = 1> <Delay = 0.71> <FuncUnit> <Opcode : 'add' 'sub'> <InPorts = 2> <OutPorts = 1>
ST_1 : Operation 1440 [1/1] (0.00ns)   --->   "%zext_ln17_80 = zext i8 %mult_312" [firmware/nnet_utils/nnet_dense_latency.h:17]   --->   Operation 1440 'zext' 'zext_ln17_80' <Predicate = true> <Delay = 0.00>
ST_1 : Operation 1441 [1/1] (0.70ns)   --->   "%mult_313 = sub i9 %zext_ln73_237, i9 %zext_ln17_80" [firmware/nnet_utils/nnet_mult.h:73->firmware/nnet_utils/nnet_dense_latency.h:42]   --->   Operation 1441 'sub' 'mult_313' <Predicate = true> <Delay = 0.70> <CoreInst = "Adder">   --->   Core 1 'Adder' <Latency = 0> <II = 1> <Delay = 0.70> <FuncUnit> <Opcode : 'add' 'sub'> <InPorts = 2> <OutPorts = 1>
ST_1 : Operation 1442 [1/1] (0.00ns)   --->   "%sext_ln17_214 = sext i9 %mult_313" [firmware/nnet_utils/nnet_dense_latency.h:17]   --->   Operation 1442 'sext' 'sext_ln17_214' <Predicate = true> <Delay = 0.00>
ST_1 : Operation 1443 [1/1] (0.00ns)   --->   "%zext_ln17_81 = zext i7 %mult_314" [firmware/nnet_utils/nnet_dense_latency.h:17]   --->   Operation 1443 'zext' 'zext_ln17_81' <Predicate = true> <Delay = 0.00>
ST_1 : Operation 1444 [1/1] (0.00ns)   --->   "%zext_ln73_242 = zext i6 %data_62_val_read" [firmware/nnet_utils/nnet_mult.h:73->firmware/nnet_utils/nnet_dense_latency.h:42]   --->   Operation 1444 'zext' 'zext_ln73_242' <Predicate = true> <Delay = 0.00>
ST_1 : Operation 1445 [1/1] (0.00ns)   --->   "%zext_ln73_243 = zext i6 %data_62_val_read" [firmware/nnet_utils/nnet_mult.h:73->firmware/nnet_utils/nnet_dense_latency.h:42]   --->   Operation 1445 'zext' 'zext_ln73_243' <Predicate = true> <Delay = 0.00>
ST_1 : Operation 1446 [1/1] (0.00ns)   --->   "%zext_ln73_244 = zext i6 %data_62_val_read" [firmware/nnet_utils/nnet_mult.h:73->firmware/nnet_utils/nnet_dense_latency.h:42]   --->   Operation 1446 'zext' 'zext_ln73_244' <Predicate = true> <Delay = 0.00>
ST_1 : Operation 1447 [1/1] (0.00ns)   --->   "%zext_ln73_245 = zext i6 %data_62_val_read" [firmware/nnet_utils/nnet_mult.h:73->firmware/nnet_utils/nnet_dense_latency.h:42]   --->   Operation 1447 'zext' 'zext_ln73_245' <Predicate = true> <Delay = 0.00>
ST_1 : Operation 1448 [1/1] (0.00ns)   --->   "%p_shl38 = bitconcatenate i8 @_ssdm_op_BitConcatenate.i8.i6.i2, i6 %data_62_val_read, i2 0" [firmware/nnet_utils/nnet_mult.h:73->firmware/nnet_utils/nnet_dense_latency.h:42]   --->   Operation 1448 'bitconcatenate' 'p_shl38' <Predicate = true> <Delay = 0.00>
ST_1 : Operation 1449 [1/1] (0.70ns)   --->   "%sub_ln73_353 = sub i8 %p_shl38, i8 %zext_ln73_245" [firmware/nnet_utils/nnet_mult.h:73->firmware/nnet_utils/nnet_dense_latency.h:42]   --->   Operation 1449 'sub' 'sub_ln73_353' <Predicate = true> <Delay = 0.70> <CoreInst = "Adder">   --->   Core 1 'Adder' <Latency = 0> <II = 1> <Delay = 0.70> <FuncUnit> <Opcode : 'add' 'sub'> <InPorts = 2> <OutPorts = 1>
ST_1 : Operation 1450 [1/1] (0.00ns)   --->   "%mult_318 = bitconcatenate i7 @_ssdm_op_BitConcatenate.i7.i6.i1, i6 %data_62_val_read, i1 0" [firmware/nnet_utils/nnet_mult.h:73->firmware/nnet_utils/nnet_dense_latency.h:42]   --->   Operation 1450 'bitconcatenate' 'mult_318' <Predicate = true> <Delay = 0.00>
ST_1 : Operation 1451 [1/1] (0.00ns)   --->   "%zext_ln73_450 = zext i7 %mult_318" [firmware/nnet_utils/nnet_mult.h:73->firmware/nnet_utils/nnet_dense_latency.h:42]   --->   Operation 1451 'zext' 'zext_ln73_450' <Predicate = true> <Delay = 0.00>
ST_1 : Operation 1452 [1/1] (0.70ns)   --->   "%mult_315 = sub i8 0, i8 %zext_ln73_450" [firmware/nnet_utils/nnet_mult.h:73->firmware/nnet_utils/nnet_dense_latency.h:42]   --->   Operation 1452 'sub' 'mult_315' <Predicate = true> <Delay = 0.70> <CoreInst = "Adder">   --->   Core 1 'Adder' <Latency = 0> <II = 1> <Delay = 0.70> <FuncUnit> <Opcode : 'add' 'sub'> <InPorts = 2> <OutPorts = 1>
ST_1 : Operation 1453 [1/1] (0.00ns)   --->   "%sext_ln17_215 = sext i8 %mult_315" [firmware/nnet_utils/nnet_dense_latency.h:17]   --->   Operation 1453 'sext' 'sext_ln17_215' <Predicate = true> <Delay = 0.00>
ST_1 : Operation 1454 [1/1] (0.00ns)   --->   "%sext_ln17_216 = sext i8 %mult_315" [firmware/nnet_utils/nnet_dense_latency.h:17]   --->   Operation 1454 'sext' 'sext_ln17_216' <Predicate = true> <Delay = 0.00>
ST_1 : Operation 1455 [1/1] (0.00ns)   --->   "%tmp_855 = bitconcatenate i10 @_ssdm_op_BitConcatenate.i10.i6.i4, i6 %data_62_val_read, i4 0" [firmware/nnet_utils/nnet_mult.h:73->firmware/nnet_utils/nnet_dense_latency.h:42]   --->   Operation 1455 'bitconcatenate' 'tmp_855' <Predicate = true> <Delay = 0.00>
ST_1 : Operation 1456 [1/1] (0.00ns)   --->   "%zext_ln73_451 = zext i10 %tmp_855" [firmware/nnet_utils/nnet_mult.h:73->firmware/nnet_utils/nnet_dense_latency.h:42]   --->   Operation 1456 'zext' 'zext_ln73_451' <Predicate = true> <Delay = 0.00>
ST_1 : Operation 1457 [1/1] (0.72ns)   --->   "%add_ln73_59 = add i11 %zext_ln73_451, i11 %zext_ln73_244" [firmware/nnet_utils/nnet_mult.h:73->firmware/nnet_utils/nnet_dense_latency.h:42]   --->   Operation 1457 'add' 'add_ln73_59' <Predicate = true> <Delay = 0.72> <CoreInst = "Adder">   --->   Core 1 'Adder' <Latency = 0> <II = 1> <Delay = 0.72> <FuncUnit> <Opcode : 'add' 'sub'> <InPorts = 2> <OutPorts = 1>
ST_1 : Operation 1458 [1/1] (0.00ns)   --->   "%zext_ln73_452 = zext i8 %p_shl38" [firmware/nnet_utils/nnet_mult.h:73->firmware/nnet_utils/nnet_dense_latency.h:42]   --->   Operation 1458 'zext' 'zext_ln73_452' <Predicate = true> <Delay = 0.00>
ST_1 : Operation 1459 [1/1] (0.00ns) (grouped into TernaryAdder)   --->   "%mult_316 = sub i9 %zext_ln73_243, i9 %zext_ln73_452" [firmware/nnet_utils/nnet_mult.h:73->firmware/nnet_utils/nnet_dense_latency.h:42]   --->   Operation 1459 'sub' 'mult_316' <Predicate = true> <Delay = 0.00> <CoreInst = "TAddSub">   --->   Core 10 'TAddSub' <Latency = 0> <II = 1> <Delay = 0.34> <IPBlock> <Opcode : '' 'add' 'sub'> <InPorts = 3> <OutPorts = 1> <Sync> <CReg>
ST_1 : Operation 1460 [1/1] (0.70ns)   --->   "%add_ln73_60 = add i9 %zext_ln73_452, i9 %zext_ln73_243" [firmware/nnet_utils/nnet_mult.h:73->firmware/nnet_utils/nnet_dense_latency.h:42]   --->   Operation 1460 'add' 'add_ln73_60' <Predicate = true> <Delay = 0.70> <CoreInst = "Adder">   --->   Core 1 'Adder' <Latency = 0> <II = 1> <Delay = 0.70> <FuncUnit> <Opcode : 'add' 'sub'> <InPorts = 2> <OutPorts = 1>
ST_1 : Operation 1461 [1/1] (0.00ns)   --->   "%tmp_856 = bitconcatenate i9 @_ssdm_op_BitConcatenate.i9.i6.i3, i6 %data_62_val_read, i3 0" [firmware/nnet_utils/nnet_mult.h:73->firmware/nnet_utils/nnet_dense_latency.h:42]   --->   Operation 1461 'bitconcatenate' 'tmp_856' <Predicate = true> <Delay = 0.00>
ST_1 : Operation 1462 [1/1] (0.00ns)   --->   "%zext_ln73_453 = zext i9 %tmp_856" [firmware/nnet_utils/nnet_mult.h:73->firmware/nnet_utils/nnet_dense_latency.h:42]   --->   Operation 1462 'zext' 'zext_ln73_453' <Predicate = true> <Delay = 0.00>
ST_1 : Operation 1463 [1/1] (0.00ns) (grouped into TernaryAdder)   --->   "%sub_ln73_356 = sub i11 0, i11 %zext_ln73_453" [firmware/nnet_utils/nnet_mult.h:73->firmware/nnet_utils/nnet_dense_latency.h:42]   --->   Operation 1463 'sub' 'sub_ln73_356' <Predicate = true> <Delay = 0.00> <CoreInst = "TAddSub">   --->   Core 10 'TAddSub' <Latency = 0> <II = 1> <Delay = 0.34> <IPBlock> <Opcode : '' 'add' 'sub'> <InPorts = 3> <OutPorts = 1> <Sync> <CReg>
ST_1 : Operation 1464 [1/1] (0.00ns)   --->   "%zext_ln73_454 = zext i7 %mult_318" [firmware/nnet_utils/nnet_mult.h:73->firmware/nnet_utils/nnet_dense_latency.h:42]   --->   Operation 1464 'zext' 'zext_ln73_454' <Predicate = true> <Delay = 0.00>
ST_1 : Operation 1465 [1/1] (0.79ns) (root node of TernaryAdder)   --->   "%mult_317 = sub i11 %sub_ln73_356, i11 %zext_ln73_454" [firmware/nnet_utils/nnet_mult.h:73->firmware/nnet_utils/nnet_dense_latency.h:42]   --->   Operation 1465 'sub' 'mult_317' <Predicate = true> <Delay = 0.79> <CoreInst = "TAddSub">   --->   Core 10 'TAddSub' <Latency = 0> <II = 1> <Delay = 0.34> <IPBlock> <Opcode : '' 'add' 'sub'> <InPorts = 3> <OutPorts = 1> <Sync> <CReg>
ST_1 : Operation 1466 [1/1] (0.00ns) (grouped into LUT with out node add_ln58_587)   --->   "%zext_ln17_82 = zext i7 %mult_318" [firmware/nnet_utils/nnet_dense_latency.h:17]   --->   Operation 1466 'zext' 'zext_ln17_82' <Predicate = true> <Delay = 0.00>
ST_1 : Operation 1467 [1/1] (0.70ns)   --->   "%mult_319 = sub i7 0, i7 %zext_ln73_242" [firmware/nnet_utils/nnet_mult.h:73->firmware/nnet_utils/nnet_dense_latency.h:42]   --->   Operation 1467 'sub' 'mult_319' <Predicate = true> <Delay = 0.70> <CoreInst = "Adder">   --->   Core 1 'Adder' <Latency = 0> <II = 1> <Delay = 0.70> <FuncUnit> <Opcode : 'add' 'sub'> <InPorts = 2> <OutPorts = 1>
ST_1 : Operation 1468 [1/1] (0.00ns)   --->   "%sext_ln17_217 = sext i7 %mult_319" [firmware/nnet_utils/nnet_dense_latency.h:17]   --->   Operation 1468 'sext' 'sext_ln17_217' <Predicate = true> <Delay = 0.00>
ST_1 : Operation 1469 [1/1] (0.00ns)   --->   "%zext_ln73_455 = zext i9 %tmp_856" [firmware/nnet_utils/nnet_mult.h:73->firmware/nnet_utils/nnet_dense_latency.h:42]   --->   Operation 1469 'zext' 'zext_ln73_455' <Predicate = true> <Delay = 0.00>
ST_1 : Operation 1470 [1/1] (0.71ns)   --->   "%mult_320 = sub i10 0, i10 %zext_ln73_455" [firmware/nnet_utils/nnet_mult.h:73->firmware/nnet_utils/nnet_dense_latency.h:42]   --->   Operation 1470 'sub' 'mult_320' <Predicate = true> <Delay = 0.71> <CoreInst = "Adder">   --->   Core 1 'Adder' <Latency = 0> <II = 1> <Delay = 0.71> <FuncUnit> <Opcode : 'add' 'sub'> <InPorts = 2> <OutPorts = 1>
ST_1 : Operation 1471 [1/1] (0.00ns)   --->   "%sext_ln17_218 = sext i10 %mult_320" [firmware/nnet_utils/nnet_dense_latency.h:17]   --->   Operation 1471 'sext' 'sext_ln17_218' <Predicate = true> <Delay = 0.00>
ST_1 : Operation 1472 [1/1] (0.00ns)   --->   "%zext_ln73_246 = zext i6 %data_63_val_read" [firmware/nnet_utils/nnet_mult.h:73->firmware/nnet_utils/nnet_dense_latency.h:42]   --->   Operation 1472 'zext' 'zext_ln73_246' <Predicate = true> <Delay = 0.00>
ST_1 : Operation 1473 [1/1] (0.00ns)   --->   "%zext_ln73_247 = zext i6 %data_63_val_read" [firmware/nnet_utils/nnet_mult.h:73->firmware/nnet_utils/nnet_dense_latency.h:42]   --->   Operation 1473 'zext' 'zext_ln73_247' <Predicate = true> <Delay = 0.00>
ST_1 : Operation 1474 [1/1] (0.00ns)   --->   "%zext_ln73_248 = zext i6 %data_63_val_read" [firmware/nnet_utils/nnet_mult.h:73->firmware/nnet_utils/nnet_dense_latency.h:42]   --->   Operation 1474 'zext' 'zext_ln73_248' <Predicate = true> <Delay = 0.00>
ST_1 : Operation 1475 [1/1] (0.00ns)   --->   "%mult_322 = bitconcatenate i8 @_ssdm_op_BitConcatenate.i8.i6.i2, i6 %data_63_val_read, i2 0" [firmware/nnet_utils/nnet_mult.h:73->firmware/nnet_utils/nnet_dense_latency.h:42]   --->   Operation 1475 'bitconcatenate' 'mult_322' <Predicate = true> <Delay = 0.00>
ST_1 : Operation 1476 [1/1] (0.70ns)   --->   "%sub_ln73_360 = sub i8 %mult_322, i8 %zext_ln73_248" [firmware/nnet_utils/nnet_mult.h:73->firmware/nnet_utils/nnet_dense_latency.h:42]   --->   Operation 1476 'sub' 'sub_ln73_360' <Predicate = true> <Delay = 0.70> <CoreInst = "Adder">   --->   Core 1 'Adder' <Latency = 0> <II = 1> <Delay = 0.70> <FuncUnit> <Opcode : 'add' 'sub'> <InPorts = 2> <OutPorts = 1>
ST_1 : Operation 1477 [1/1] (0.70ns)   --->   "%mult_321 = sub i7 0, i7 %zext_ln73_247" [firmware/nnet_utils/nnet_mult.h:73->firmware/nnet_utils/nnet_dense_latency.h:42]   --->   Operation 1477 'sub' 'mult_321' <Predicate = true> <Delay = 0.70> <CoreInst = "Adder">   --->   Core 1 'Adder' <Latency = 0> <II = 1> <Delay = 0.70> <FuncUnit> <Opcode : 'add' 'sub'> <InPorts = 2> <OutPorts = 1>
ST_1 : Operation 1478 [1/1] (0.00ns)   --->   "%sext_ln17_219 = sext i7 %mult_321" [firmware/nnet_utils/nnet_dense_latency.h:17]   --->   Operation 1478 'sext' 'sext_ln17_219' <Predicate = true> <Delay = 0.00>
ST_1 : Operation 1479 [1/1] (0.00ns)   --->   "%sext_ln17_220 = sext i7 %mult_321" [firmware/nnet_utils/nnet_dense_latency.h:17]   --->   Operation 1479 'sext' 'sext_ln17_220' <Predicate = true> <Delay = 0.00>
ST_1 : Operation 1480 [1/1] (0.00ns)   --->   "%sext_ln17_221 = sext i7 %mult_321" [firmware/nnet_utils/nnet_dense_latency.h:17]   --->   Operation 1480 'sext' 'sext_ln17_221' <Predicate = true> <Delay = 0.00>
ST_1 : Operation 1481 [1/1] (0.00ns)   --->   "%zext_ln17_83 = zext i8 %mult_322" [firmware/nnet_utils/nnet_dense_latency.h:17]   --->   Operation 1481 'zext' 'zext_ln17_83' <Predicate = true> <Delay = 0.00>
ST_1 : Operation 1482 [1/1] (0.00ns)   --->   "%zext_ln73_456 = zext i8 %mult_322" [firmware/nnet_utils/nnet_mult.h:73->firmware/nnet_utils/nnet_dense_latency.h:42]   --->   Operation 1482 'zext' 'zext_ln73_456' <Predicate = true> <Delay = 0.00>
ST_1 : Operation 1483 [1/1] (0.00ns) (grouped into TernaryAdder)   --->   "%add_ln73_61 = add i9 %zext_ln73_456, i9 %zext_ln73_246" [firmware/nnet_utils/nnet_mult.h:73->firmware/nnet_utils/nnet_dense_latency.h:42]   --->   Operation 1483 'add' 'add_ln73_61' <Predicate = true> <Delay = 0.00> <CoreInst = "TAddSub">   --->   Core 10 'TAddSub' <Latency = 0> <II = 1> <Delay = 0.34> <IPBlock> <Opcode : '' 'add' 'sub'> <InPorts = 3> <OutPorts = 1> <Sync> <CReg>
ST_1 : Operation 1484 [1/1] (0.70ns)   --->   "%mult_323 = sub i9 %zext_ln73_246, i9 %zext_ln73_456" [firmware/nnet_utils/nnet_mult.h:73->firmware/nnet_utils/nnet_dense_latency.h:42]   --->   Operation 1484 'sub' 'mult_323' <Predicate = true> <Delay = 0.70> <CoreInst = "Adder">   --->   Core 1 'Adder' <Latency = 0> <II = 1> <Delay = 0.70> <FuncUnit> <Opcode : 'add' 'sub'> <InPorts = 2> <OutPorts = 1>
ST_1 : Operation 1485 [1/1] (0.00ns)   --->   "%sext_ln17_222 = sext i9 %mult_323" [firmware/nnet_utils/nnet_dense_latency.h:17]   --->   Operation 1485 'sext' 'sext_ln17_222' <Predicate = true> <Delay = 0.00>
ST_1 : Operation 1486 [1/1] (0.00ns)   --->   "%zext_ln58 = zext i9 %sub_ln73" [firmware/nnet_utils/nnet_dense_latency.h:58]   --->   Operation 1486 'zext' 'zext_ln58' <Predicate = true> <Delay = 0.00>
ST_1 : Operation 1487 [1/1] (0.00ns)   --->   "%zext_ln58_1 = zext i9 %add_ln73" [firmware/nnet_utils/nnet_dense_latency.h:58]   --->   Operation 1487 'zext' 'zext_ln58_1' <Predicate = true> <Delay = 0.00>
ST_1 : Operation 1488 [1/1] (0.00ns)   --->   "%zext_ln58_2 = zext i9 %add_ln73" [firmware/nnet_utils/nnet_dense_latency.h:58]   --->   Operation 1488 'zext' 'zext_ln58_2' <Predicate = true> <Delay = 0.00>
ST_1 : Operation 1489 [1/1] (0.00ns)   --->   "%zext_ln58_3 = zext i9 %sub_ln73_2" [firmware/nnet_utils/nnet_dense_latency.h:58]   --->   Operation 1489 'zext' 'zext_ln58_3' <Predicate = true> <Delay = 0.00>
ST_1 : Operation 1490 [1/1] (0.00ns)   --->   "%zext_ln58_5_cast = bitconcatenate i9 @_ssdm_op_BitConcatenate.i9.i1.i8, i1 1, i8 %zext_ln73" [firmware/nnet_utils/nnet_dense_latency.h:58]   --->   Operation 1490 'bitconcatenate' 'zext_ln58_5_cast' <Predicate = true> <Delay = 0.00>
ST_1 : Operation 1491 [1/1] (0.00ns)   --->   "%zext_ln58_4 = zext i9 %zext_ln58_5_cast" [firmware/nnet_utils/nnet_dense_latency.h:58]   --->   Operation 1491 'zext' 'zext_ln58_4' <Predicate = true> <Delay = 0.00>
ST_1 : Operation 1492 [1/1] (0.71ns)   --->   "%sub_ln58 = sub i9 320, i9 %zext_ln73_2" [firmware/nnet_utils/nnet_dense_latency.h:58]   --->   Operation 1492 'sub' 'sub_ln58' <Predicate = true> <Delay = 0.71> <CoreInst = "Adder">   --->   Core 1 'Adder' <Latency = 0> <II = 1> <Delay = 0.71> <FuncUnit> <Opcode : 'add' 'sub'> <InPorts = 2> <OutPorts = 1>
ST_1 : Operation 1493 [1/1] (0.00ns)   --->   "%sext_ln58 = sext i9 %sub_ln58" [firmware/nnet_utils/nnet_dense_latency.h:58]   --->   Operation 1493 'sext' 'sext_ln58' <Predicate = true> <Delay = 0.00>
ST_1 : Operation 1494 [1/1] (0.00ns)   --->   "%zext_ln58_5 = zext i6 %data_0_val_read" [firmware/nnet_utils/nnet_dense_latency.h:58]   --->   Operation 1494 'zext' 'zext_ln58_5' <Predicate = true> <Delay = 0.00>
ST_1 : Operation 1495 [1/1] (0.00ns)   --->   "%zext_ln58_7_cast = bitconcatenate i8 @_ssdm_op_BitConcatenate.i8.i1.i7, i1 1, i7 %zext_ln58_5" [firmware/nnet_utils/nnet_dense_latency.h:58]   --->   Operation 1495 'bitconcatenate' 'zext_ln58_7_cast' <Predicate = true> <Delay = 0.00>
ST_1 : Operation 1496 [1/1] (0.00ns)   --->   "%zext_ln58_6 = zext i8 %zext_ln58_7_cast" [firmware/nnet_utils/nnet_dense_latency.h:58]   --->   Operation 1496 'zext' 'zext_ln58_6' <Predicate = true> <Delay = 0.00>
ST_1 : Operation 1497 [1/1] (0.00ns)   --->   "%zext_ln58_7 = zext i10 %mul_ln73" [firmware/nnet_utils/nnet_dense_latency.h:58]   --->   Operation 1497 'zext' 'zext_ln58_7' <Predicate = true> <Delay = 0.00>
ST_1 : Operation 1498 [1/1] (0.00ns)   --->   "%zext_ln58_9_cast = bitconcatenate i10 @_ssdm_op_BitConcatenate.i10.i3.i6.i1, i3 5, i6 %data_1_val_read, i1 0" [firmware/nnet_utils/nnet_dense_latency.h:58]   --->   Operation 1498 'bitconcatenate' 'zext_ln58_9_cast' <Predicate = true> <Delay = 0.00>
ST_1 : Operation 1499 [1/1] (0.00ns)   --->   "%zext_ln58_8 = zext i10 %zext_ln58_9_cast" [firmware/nnet_utils/nnet_dense_latency.h:58]   --->   Operation 1499 'zext' 'zext_ln58_8' <Predicate = true> <Delay = 0.00>
ST_1 : Operation 1500 [1/1] (0.00ns)   --->   "%zext_ln58_9 = zext i9 %sub_ln73_16" [firmware/nnet_utils/nnet_dense_latency.h:58]   --->   Operation 1500 'zext' 'zext_ln58_9' <Predicate = true> <Delay = 0.00>
ST_1 : Operation 1501 [1/1] (0.00ns)   --->   "%zext_ln58_10 = zext i8 %sub_ln73_17" [firmware/nnet_utils/nnet_dense_latency.h:58]   --->   Operation 1501 'zext' 'zext_ln58_10' <Predicate = true> <Delay = 0.00>
ST_1 : Operation 1502 [1/1] (0.00ns)   --->   "%zext_ln58_13_cast = bitconcatenate i8 @_ssdm_op_BitConcatenate.i8.i1.i7, i1 1, i7 %zext_ln73_9" [firmware/nnet_utils/nnet_dense_latency.h:58]   --->   Operation 1502 'bitconcatenate' 'zext_ln58_13_cast' <Predicate = true> <Delay = 0.00>
ST_1 : Operation 1503 [1/1] (0.00ns)   --->   "%zext_ln58_11 = zext i8 %zext_ln58_13_cast" [firmware/nnet_utils/nnet_dense_latency.h:58]   --->   Operation 1503 'zext' 'zext_ln58_11' <Predicate = true> <Delay = 0.00>
ST_1 : Operation 1504 [1/1] (0.00ns)   --->   "%zext_ln58_14_cast = bitconcatenate i7 @_ssdm_op_BitConcatenate.i7.i1.i6, i1 1, i6 %data_2_val_read" [firmware/nnet_utils/nnet_dense_latency.h:58]   --->   Operation 1504 'bitconcatenate' 'zext_ln58_14_cast' <Predicate = true> <Delay = 0.00>
ST_1 : Operation 1505 [1/1] (0.00ns)   --->   "%zext_ln58_12 = zext i7 %zext_ln58_14_cast" [firmware/nnet_utils/nnet_dense_latency.h:58]   --->   Operation 1505 'zext' 'zext_ln58_12' <Predicate = true> <Delay = 0.00>
ST_1 : Operation 1506 [1/1] (0.00ns)   --->   "%or_ln58_5 = bitconcatenate i7 @_ssdm_op_BitConcatenate.i7.i1.i6, i1 1, i6 %data_3_val_read" [firmware/nnet_utils/nnet_dense_latency.h:58]   --->   Operation 1506 'bitconcatenate' 'or_ln58_5' <Predicate = true> <Delay = 0.00>
ST_1 : Operation 1507 [1/1] (0.00ns)   --->   "%sext_ln58_1 = sext i7 %or_ln58_5" [firmware/nnet_utils/nnet_dense_latency.h:58]   --->   Operation 1507 'sext' 'sext_ln58_1' <Predicate = true> <Delay = 0.00>
ST_1 : Operation 1508 [1/1] (0.00ns)   --->   "%zext_ln58_13 = zext i8 %sext_ln58_1" [firmware/nnet_utils/nnet_dense_latency.h:58]   --->   Operation 1508 'zext' 'zext_ln58_13' <Predicate = true> <Delay = 0.00>
ST_1 : Operation 1509 [1/1] (0.00ns)   --->   "%zext_ln58_14 = zext i9 %sub_ln73_25" [firmware/nnet_utils/nnet_dense_latency.h:58]   --->   Operation 1509 'zext' 'zext_ln58_14' <Predicate = true> <Delay = 0.00>
ST_1 : Operation 1510 [1/1] (0.00ns)   --->   "%zext_ln58_15 = zext i8 %sub_ln73_31" [firmware/nnet_utils/nnet_dense_latency.h:58]   --->   Operation 1510 'zext' 'zext_ln58_15' <Predicate = true> <Delay = 0.00>
ST_1 : Operation 1511 [1/1] (0.00ns)   --->   "%zext_ln58_16 = zext i8 %sub_ln73_32" [firmware/nnet_utils/nnet_dense_latency.h:58]   --->   Operation 1511 'zext' 'zext_ln58_16' <Predicate = true> <Delay = 0.00>
ST_1 : Operation 1512 [1/1] (0.00ns)   --->   "%zext_ln58_17 = zext i9 %add_ln73_3" [firmware/nnet_utils/nnet_dense_latency.h:58]   --->   Operation 1512 'zext' 'zext_ln58_17' <Predicate = true> <Delay = 0.00>
ST_1 : Operation 1513 [1/1] (0.00ns)   --->   "%zext_ln58_18 = zext i6 %data_5_val_read" [firmware/nnet_utils/nnet_dense_latency.h:58]   --->   Operation 1513 'zext' 'zext_ln58_18' <Predicate = true> <Delay = 0.00>
ST_1 : Operation 1514 [1/1] (0.00ns)   --->   "%zext_ln58_19 = zext i9 %sub_ln73_39" [firmware/nnet_utils/nnet_dense_latency.h:58]   --->   Operation 1514 'zext' 'zext_ln58_19' <Predicate = true> <Delay = 0.00>
ST_1 : Operation 1515 [1/1] (0.00ns)   --->   "%zext_ln58_20 = zext i8 %sub_ln73_41" [firmware/nnet_utils/nnet_dense_latency.h:58]   --->   Operation 1515 'zext' 'zext_ln58_20' <Predicate = true> <Delay = 0.00>
ST_1 : Operation 1516 [1/1] (0.00ns)   --->   "%zext_ln58_21 = zext i9 %sub_ln73_50" [firmware/nnet_utils/nnet_dense_latency.h:58]   --->   Operation 1516 'zext' 'zext_ln58_21' <Predicate = true> <Delay = 0.00>
ST_1 : Operation 1517 [1/1] (0.00ns)   --->   "%zext_ln58_22 = zext i10 %sub_ln73_51" [firmware/nnet_utils/nnet_dense_latency.h:58]   --->   Operation 1517 'zext' 'zext_ln58_22' <Predicate = true> <Delay = 0.00>
ST_1 : Operation 1518 [1/1] (0.00ns)   --->   "%zext_ln58_23 = zext i8 %sub_ln73_57" [firmware/nnet_utils/nnet_dense_latency.h:58]   --->   Operation 1518 'zext' 'zext_ln58_23' <Predicate = true> <Delay = 0.00>
ST_1 : Operation 1519 [1/1] (0.00ns)   --->   "%zext_ln58_24 = zext i9 %add_ln73_5" [firmware/nnet_utils/nnet_dense_latency.h:58]   --->   Operation 1519 'zext' 'zext_ln58_24' <Predicate = true> <Delay = 0.00>
ST_1 : Operation 1520 [1/1] (0.00ns)   --->   "%zext_ln58_25 = zext i9 %sub_ln73_60" [firmware/nnet_utils/nnet_dense_latency.h:58]   --->   Operation 1520 'zext' 'zext_ln58_25' <Predicate = true> <Delay = 0.00>
ST_1 : Operation 1521 [1/1] (0.00ns)   --->   "%zext_ln58_26 = zext i6 %data_10_val_read" [firmware/nnet_utils/nnet_dense_latency.h:58]   --->   Operation 1521 'zext' 'zext_ln58_26' <Predicate = true> <Delay = 0.00>
ST_1 : Operation 1522 [1/1] (0.00ns)   --->   "%zext_ln58_27 = zext i8 %sub_ln73_61" [firmware/nnet_utils/nnet_dense_latency.h:58]   --->   Operation 1522 'zext' 'zext_ln58_27' <Predicate = true> <Delay = 0.00>
ST_1 : Operation 1523 [1/1] (0.00ns)   --->   "%zext_ln58_28 = zext i8 %sub_ln73_67" [firmware/nnet_utils/nnet_dense_latency.h:58]   --->   Operation 1523 'zext' 'zext_ln58_28' <Predicate = true> <Delay = 0.00>
ST_1 : Operation 1524 [1/1] (0.00ns)   --->   "%zext_ln58_29 = zext i9 %add_ln73_8" [firmware/nnet_utils/nnet_dense_latency.h:58]   --->   Operation 1524 'zext' 'zext_ln58_29' <Predicate = true> <Delay = 0.00>
ST_1 : Operation 1525 [1/1] (0.00ns)   --->   "%zext_ln58_30 = zext i8 %sub_ln73_75" [firmware/nnet_utils/nnet_dense_latency.h:58]   --->   Operation 1525 'zext' 'zext_ln58_30' <Predicate = true> <Delay = 0.00>
ST_1 : Operation 1526 [1/1] (0.00ns)   --->   "%zext_ln58_31 = zext i10 %add_ln73_10" [firmware/nnet_utils/nnet_dense_latency.h:58]   --->   Operation 1526 'zext' 'zext_ln58_31' <Predicate = true> <Delay = 0.00>
ST_1 : Operation 1527 [1/1] (0.00ns)   --->   "%zext_ln58_32 = zext i10 %mul_ln73_5" [firmware/nnet_utils/nnet_dense_latency.h:58]   --->   Operation 1527 'zext' 'zext_ln58_32' <Predicate = true> <Delay = 0.00>
ST_1 : Operation 1528 [1/1] (0.00ns)   --->   "%zext_ln58_33 = zext i8 %sub_ln73_82" [firmware/nnet_utils/nnet_dense_latency.h:58]   --->   Operation 1528 'zext' 'zext_ln58_33' <Predicate = true> <Delay = 0.00>
ST_1 : Operation 1529 [1/1] (0.00ns)   --->   "%zext_ln58_34 = zext i8 %sub_ln73_82" [firmware/nnet_utils/nnet_dense_latency.h:58]   --->   Operation 1529 'zext' 'zext_ln58_34' <Predicate = true> <Delay = 0.00>
ST_1 : Operation 1530 [1/1] (0.00ns)   --->   "%zext_ln58_35 = zext i9 %add_ln73_14" [firmware/nnet_utils/nnet_dense_latency.h:58]   --->   Operation 1530 'zext' 'zext_ln58_35' <Predicate = true> <Delay = 0.00>
ST_1 : Operation 1531 [1/1] (0.00ns)   --->   "%zext_ln58_36 = zext i10 %sub_ln73_85" [firmware/nnet_utils/nnet_dense_latency.h:58]   --->   Operation 1531 'zext' 'zext_ln58_36' <Predicate = true> <Delay = 0.00>
ST_1 : Operation 1532 [1/1] (0.00ns)   --->   "%zext_ln58_37 = zext i8 %sub_ln73_87" [firmware/nnet_utils/nnet_dense_latency.h:58]   --->   Operation 1532 'zext' 'zext_ln58_37' <Predicate = true> <Delay = 0.00>
ST_1 : Operation 1533 [1/1] (0.00ns)   --->   "%zext_ln58_38 = zext i9 %add_ln73_15" [firmware/nnet_utils/nnet_dense_latency.h:58]   --->   Operation 1533 'zext' 'zext_ln58_38' <Predicate = true> <Delay = 0.00>
ST_1 : Operation 1534 [1/1] (0.00ns)   --->   "%zext_ln58_39 = zext i9 %sub_ln73_94" [firmware/nnet_utils/nnet_dense_latency.h:58]   --->   Operation 1534 'zext' 'zext_ln58_39' <Predicate = true> <Delay = 0.00>
ST_1 : Operation 1535 [1/1] (0.00ns)   --->   "%zext_ln58_40 = zext i8 %sub_ln73_97" [firmware/nnet_utils/nnet_dense_latency.h:58]   --->   Operation 1535 'zext' 'zext_ln58_40' <Predicate = true> <Delay = 0.00>
ST_1 : Operation 1536 [1/1] (0.00ns)   --->   "%zext_ln58_41 = zext i6 %data_19_val_read" [firmware/nnet_utils/nnet_dense_latency.h:58]   --->   Operation 1536 'zext' 'zext_ln58_41' <Predicate = true> <Delay = 0.00>
ST_1 : Operation 1537 [1/1] (0.00ns)   --->   "%zext_ln58_42 = zext i9 %add_ln73_17" [firmware/nnet_utils/nnet_dense_latency.h:58]   --->   Operation 1537 'zext' 'zext_ln58_42' <Predicate = true> <Delay = 0.00>
ST_1 : Operation 1538 [1/1] (0.00ns)   --->   "%zext_ln58_43 = zext i9 %add_ln73_17" [firmware/nnet_utils/nnet_dense_latency.h:58]   --->   Operation 1538 'zext' 'zext_ln58_43' <Predicate = true> <Delay = 0.00>
ST_1 : Operation 1539 [1/1] (0.00ns)   --->   "%zext_ln58_44 = zext i10 %add_ln73_18" [firmware/nnet_utils/nnet_dense_latency.h:58]   --->   Operation 1539 'zext' 'zext_ln58_44' <Predicate = true> <Delay = 0.00>
ST_1 : Operation 1540 [1/1] (0.00ns)   --->   "%zext_ln58_45 = zext i10 %sub_ln73_103" [firmware/nnet_utils/nnet_dense_latency.h:58]   --->   Operation 1540 'zext' 'zext_ln58_45' <Predicate = true> <Delay = 0.00>
ST_1 : Operation 1541 [1/1] (0.00ns)   --->   "%zext_ln58_46 = zext i8 %sub_ln73_108" [firmware/nnet_utils/nnet_dense_latency.h:58]   --->   Operation 1541 'zext' 'zext_ln58_46' <Predicate = true> <Delay = 0.00>
ST_1 : Operation 1542 [1/1] (0.00ns)   --->   "%zext_ln58_47 = zext i8 %sub_ln73_108" [firmware/nnet_utils/nnet_dense_latency.h:58]   --->   Operation 1542 'zext' 'zext_ln58_47' <Predicate = true> <Delay = 0.00>
ST_1 : Operation 1543 [1/1] (0.00ns)   --->   "%zext_ln58_48 = zext i9 %sub_ln73_110" [firmware/nnet_utils/nnet_dense_latency.h:58]   --->   Operation 1543 'zext' 'zext_ln58_48' <Predicate = true> <Delay = 0.00>
ST_1 : Operation 1544 [1/1] (0.00ns)   --->   "%zext_ln58_49 = zext i9 %sub_ln73_111" [firmware/nnet_utils/nnet_dense_latency.h:58]   --->   Operation 1544 'zext' 'zext_ln58_49' <Predicate = true> <Delay = 0.00>
ST_1 : Operation 1545 [1/1] (0.00ns)   --->   "%zext_ln58_50 = zext i10 %add_ln73_20" [firmware/nnet_utils/nnet_dense_latency.h:58]   --->   Operation 1545 'zext' 'zext_ln58_50' <Predicate = true> <Delay = 0.00>
ST_1 : Operation 1546 [1/1] (0.00ns)   --->   "%zext_ln58_51 = zext i8 %sub_ln73_116" [firmware/nnet_utils/nnet_dense_latency.h:58]   --->   Operation 1546 'zext' 'zext_ln58_51' <Predicate = true> <Delay = 0.00>
ST_1 : Operation 1547 [1/1] (0.00ns)   --->   "%zext_ln58_52 = zext i6 %data_22_val_read" [firmware/nnet_utils/nnet_dense_latency.h:58]   --->   Operation 1547 'zext' 'zext_ln58_52' <Predicate = true> <Delay = 0.00>
ST_1 : Operation 1548 [1/1] (0.00ns)   --->   "%zext_ln58_53 = zext i8 %sub_ln73_120" [firmware/nnet_utils/nnet_dense_latency.h:58]   --->   Operation 1548 'zext' 'zext_ln58_53' <Predicate = true> <Delay = 0.00>
ST_1 : Operation 1549 [1/1] (0.00ns)   --->   "%zext_ln58_54 = zext i9 %add_ln73_21" [firmware/nnet_utils/nnet_dense_latency.h:58]   --->   Operation 1549 'zext' 'zext_ln58_54' <Predicate = true> <Delay = 0.00>
ST_1 : Operation 1550 [1/1] (0.00ns)   --->   "%zext_ln58_55 = zext i10 %sub_ln73_124" [firmware/nnet_utils/nnet_dense_latency.h:58]   --->   Operation 1550 'zext' 'zext_ln58_55' <Predicate = true> <Delay = 0.00>
ST_1 : Operation 1551 [1/1] (0.00ns)   --->   "%zext_ln58_56 = zext i9 %add_ln73_22" [firmware/nnet_utils/nnet_dense_latency.h:58]   --->   Operation 1551 'zext' 'zext_ln58_56' <Predicate = true> <Delay = 0.00>
ST_1 : Operation 1552 [1/1] (0.00ns)   --->   "%zext_ln58_57 = zext i9 %sub_ln73_126" [firmware/nnet_utils/nnet_dense_latency.h:58]   --->   Operation 1552 'zext' 'zext_ln58_57' <Predicate = true> <Delay = 0.00>
ST_1 : Operation 1553 [1/1] (0.00ns)   --->   "%zext_ln58_58 = zext i10 %add_ln73_23" [firmware/nnet_utils/nnet_dense_latency.h:58]   --->   Operation 1553 'zext' 'zext_ln58_58' <Predicate = true> <Delay = 0.00>
ST_1 : Operation 1554 [1/1] (0.00ns)   --->   "%zext_ln58_59 = zext i9 %sub_ln73_137" [firmware/nnet_utils/nnet_dense_latency.h:58]   --->   Operation 1554 'zext' 'zext_ln58_59' <Predicate = true> <Delay = 0.00>
ST_1 : Operation 1555 [1/1] (0.00ns)   --->   "%zext_ln58_60 = zext i9 %sub_ln73_140" [firmware/nnet_utils/nnet_dense_latency.h:58]   --->   Operation 1555 'zext' 'zext_ln58_60' <Predicate = true> <Delay = 0.00>
ST_1 : Operation 1556 [1/1] (0.00ns)   --->   "%zext_ln58_61 = zext i9 %sub_ln73_143" [firmware/nnet_utils/nnet_dense_latency.h:58]   --->   Operation 1556 'zext' 'zext_ln58_61' <Predicate = true> <Delay = 0.00>
ST_1 : Operation 1557 [1/1] (0.00ns)   --->   "%zext_ln58_62 = zext i8 %sub_ln73_147" [firmware/nnet_utils/nnet_dense_latency.h:58]   --->   Operation 1557 'zext' 'zext_ln58_62' <Predicate = true> <Delay = 0.00>
ST_1 : Operation 1558 [1/1] (0.00ns)   --->   "%zext_ln58_63 = zext i10 %sub_ln73_148" [firmware/nnet_utils/nnet_dense_latency.h:58]   --->   Operation 1558 'zext' 'zext_ln58_63' <Predicate = true> <Delay = 0.00>
ST_1 : Operation 1559 [1/1] (0.00ns)   --->   "%zext_ln58_64 = zext i8 %sub_ln73_149" [firmware/nnet_utils/nnet_dense_latency.h:58]   --->   Operation 1559 'zext' 'zext_ln58_64' <Predicate = true> <Delay = 0.00>
ST_1 : Operation 1560 [1/1] (0.00ns)   --->   "%zext_ln58_65 = zext i10 %mul_ln73_10" [firmware/nnet_utils/nnet_dense_latency.h:58]   --->   Operation 1560 'zext' 'zext_ln58_65' <Predicate = true> <Delay = 0.00>
ST_1 : Operation 1561 [1/1] (0.00ns)   --->   "%zext_ln58_66 = zext i10 %add_ln73_25" [firmware/nnet_utils/nnet_dense_latency.h:58]   --->   Operation 1561 'zext' 'zext_ln58_66' <Predicate = true> <Delay = 0.00>
ST_1 : Operation 1562 [1/1] (0.00ns)   --->   "%zext_ln58_67 = zext i9 %add_ln73_27" [firmware/nnet_utils/nnet_dense_latency.h:58]   --->   Operation 1562 'zext' 'zext_ln58_67' <Predicate = true> <Delay = 0.00>
ST_1 : Operation 1563 [1/1] (0.00ns)   --->   "%zext_ln58_68 = zext i10 %add_ln73_28" [firmware/nnet_utils/nnet_dense_latency.h:58]   --->   Operation 1563 'zext' 'zext_ln58_68' <Predicate = true> <Delay = 0.00>
ST_1 : Operation 1564 [1/1] (0.00ns)   --->   "%zext_ln58_69 = zext i10 %add_ln73_29" [firmware/nnet_utils/nnet_dense_latency.h:58]   --->   Operation 1564 'zext' 'zext_ln58_69' <Predicate = true> <Delay = 0.00>
ST_1 : Operation 1565 [1/1] (0.00ns)   --->   "%zext_ln58_70 = zext i9 %add_ln73_30" [firmware/nnet_utils/nnet_dense_latency.h:58]   --->   Operation 1565 'zext' 'zext_ln58_70' <Predicate = true> <Delay = 0.00>
ST_1 : Operation 1566 [1/1] (0.00ns)   --->   "%zext_ln58_71 = zext i6 %data_32_val_read" [firmware/nnet_utils/nnet_dense_latency.h:58]   --->   Operation 1566 'zext' 'zext_ln58_71' <Predicate = true> <Delay = 0.00>
ST_1 : Operation 1567 [1/1] (0.00ns)   --->   "%zext_ln58_72 = zext i9 %sub_ln73_165" [firmware/nnet_utils/nnet_dense_latency.h:58]   --->   Operation 1567 'zext' 'zext_ln58_72' <Predicate = true> <Delay = 0.00>
ST_1 : Operation 1568 [1/1] (0.00ns)   --->   "%zext_ln58_73 = zext i9 %sub_ln73_167" [firmware/nnet_utils/nnet_dense_latency.h:58]   --->   Operation 1568 'zext' 'zext_ln58_73' <Predicate = true> <Delay = 0.00>
ST_1 : Operation 1569 [1/1] (0.00ns)   --->   "%zext_ln58_74 = zext i8 %sub_ln73_171" [firmware/nnet_utils/nnet_dense_latency.h:58]   --->   Operation 1569 'zext' 'zext_ln58_74' <Predicate = true> <Delay = 0.00>
ST_1 : Operation 1570 [1/1] (0.00ns)   --->   "%zext_ln58_75 = zext i9 %sub_ln73_172" [firmware/nnet_utils/nnet_dense_latency.h:58]   --->   Operation 1570 'zext' 'zext_ln58_75' <Predicate = true> <Delay = 0.00>
ST_1 : Operation 1571 [1/1] (0.00ns)   --->   "%zext_ln58_76 = zext i9 %add_ln73_31" [firmware/nnet_utils/nnet_dense_latency.h:58]   --->   Operation 1571 'zext' 'zext_ln58_76' <Predicate = true> <Delay = 0.00>
ST_1 : Operation 1572 [1/1] (0.00ns)   --->   "%zext_ln58_77 = zext i10 %add_ln73_32" [firmware/nnet_utils/nnet_dense_latency.h:58]   --->   Operation 1572 'zext' 'zext_ln58_77' <Predicate = true> <Delay = 0.00>
ST_1 : Operation 1573 [1/1] (0.00ns)   --->   "%zext_ln58_78 = zext i9 %add_ln73_33" [firmware/nnet_utils/nnet_dense_latency.h:58]   --->   Operation 1573 'zext' 'zext_ln58_78' <Predicate = true> <Delay = 0.00>
ST_1 : Operation 1574 [1/1] (0.00ns)   --->   "%zext_ln58_79 = zext i6 %data_34_val_read" [firmware/nnet_utils/nnet_dense_latency.h:58]   --->   Operation 1574 'zext' 'zext_ln58_79' <Predicate = true> <Delay = 0.00>
ST_1 : Operation 1575 [1/1] (0.00ns)   --->   "%zext_ln58_80 = zext i9 %add_ln73_34" [firmware/nnet_utils/nnet_dense_latency.h:58]   --->   Operation 1575 'zext' 'zext_ln58_80' <Predicate = true> <Delay = 0.00>
ST_1 : Operation 1576 [1/1] (0.00ns)   --->   "%zext_ln58_81 = zext i9 %sub_ln73_182" [firmware/nnet_utils/nnet_dense_latency.h:58]   --->   Operation 1576 'zext' 'zext_ln58_81' <Predicate = true> <Delay = 0.00>
ST_1 : Operation 1577 [1/1] (0.00ns)   --->   "%zext_ln58_82 = zext i10 %add_ln73_35" [firmware/nnet_utils/nnet_dense_latency.h:58]   --->   Operation 1577 'zext' 'zext_ln58_82' <Predicate = true> <Delay = 0.00>
ST_1 : Operation 1578 [1/1] (0.00ns)   --->   "%zext_ln58_83 = zext i8 %sub_ln73_183" [firmware/nnet_utils/nnet_dense_latency.h:58]   --->   Operation 1578 'zext' 'zext_ln58_83' <Predicate = true> <Delay = 0.00>
ST_1 : Operation 1579 [1/1] (0.00ns)   --->   "%zext_ln58_84 = zext i8 %sub_ln73_183" [firmware/nnet_utils/nnet_dense_latency.h:58]   --->   Operation 1579 'zext' 'zext_ln58_84' <Predicate = true> <Delay = 0.00>
ST_1 : Operation 1580 [1/1] (0.00ns)   --->   "%zext_ln58_85 = zext i10 %mul_ln73_14" [firmware/nnet_utils/nnet_dense_latency.h:58]   --->   Operation 1580 'zext' 'zext_ln58_85' <Predicate = true> <Delay = 0.00>
ST_1 : Operation 1581 [1/1] (0.00ns)   --->   "%zext_ln58_86 = zext i9 %add_ln73_36" [firmware/nnet_utils/nnet_dense_latency.h:58]   --->   Operation 1581 'zext' 'zext_ln58_86' <Predicate = true> <Delay = 0.00>
ST_1 : Operation 1582 [1/1] (0.00ns)   --->   "%zext_ln58_87 = zext i11 %add_ln73_37" [firmware/nnet_utils/nnet_dense_latency.h:58]   --->   Operation 1582 'zext' 'zext_ln58_87' <Predicate = true> <Delay = 0.00>
ST_1 : Operation 1583 [1/1] (0.00ns)   --->   "%zext_ln58_88 = zext i9 %add_ln73_38" [firmware/nnet_utils/nnet_dense_latency.h:58]   --->   Operation 1583 'zext' 'zext_ln58_88' <Predicate = true> <Delay = 0.00>
ST_1 : Operation 1584 [1/1] (0.00ns)   --->   "%zext_ln58_89 = zext i10 %sub_ln73_195" [firmware/nnet_utils/nnet_dense_latency.h:58]   --->   Operation 1584 'zext' 'zext_ln58_89' <Predicate = true> <Delay = 0.00>
ST_1 : Operation 1585 [1/1] (0.00ns)   --->   "%zext_ln58_90 = zext i10 %sub_ln73_197" [firmware/nnet_utils/nnet_dense_latency.h:58]   --->   Operation 1585 'zext' 'zext_ln58_90' <Predicate = true> <Delay = 0.00>
ST_1 : Operation 1586 [1/1] (0.00ns)   --->   "%zext_ln58_91 = zext i8 %sub_ln73_201" [firmware/nnet_utils/nnet_dense_latency.h:58]   --->   Operation 1586 'zext' 'zext_ln58_91' <Predicate = true> <Delay = 0.00>
ST_1 : Operation 1587 [1/1] (0.00ns)   --->   "%zext_ln58_92 = zext i9 %sub_ln73_208" [firmware/nnet_utils/nnet_dense_latency.h:58]   --->   Operation 1587 'zext' 'zext_ln58_92' <Predicate = true> <Delay = 0.00>
ST_1 : Operation 1588 [1/1] (0.00ns)   --->   "%zext_ln58_93 = zext i10 %add_ln73_40" [firmware/nnet_utils/nnet_dense_latency.h:58]   --->   Operation 1588 'zext' 'zext_ln58_93' <Predicate = true> <Delay = 0.00>
ST_1 : Operation 1589 [1/1] (0.00ns)   --->   "%zext_ln58_94 = zext i9 %sub_ln73_219" [firmware/nnet_utils/nnet_dense_latency.h:58]   --->   Operation 1589 'zext' 'zext_ln58_94' <Predicate = true> <Delay = 0.00>
ST_1 : Operation 1590 [1/1] (0.00ns)   --->   "%zext_ln58_95 = zext i9 %sub_ln73_220" [firmware/nnet_utils/nnet_dense_latency.h:58]   --->   Operation 1590 'zext' 'zext_ln58_95' <Predicate = true> <Delay = 0.00>
ST_1 : Operation 1591 [1/1] (0.00ns)   --->   "%zext_ln58_96 = zext i9 %sub_ln73_220" [firmware/nnet_utils/nnet_dense_latency.h:58]   --->   Operation 1591 'zext' 'zext_ln58_96' <Predicate = true> <Delay = 0.00>
ST_1 : Operation 1592 [1/1] (0.00ns)   --->   "%zext_ln58_97 = zext i10 %mul_ln73_17" [firmware/nnet_utils/nnet_dense_latency.h:58]   --->   Operation 1592 'zext' 'zext_ln58_97' <Predicate = true> <Delay = 0.00>
ST_1 : Operation 1593 [1/1] (0.00ns)   --->   "%zext_ln58_98 = zext i8 %sub_ln73_225" [firmware/nnet_utils/nnet_dense_latency.h:58]   --->   Operation 1593 'zext' 'zext_ln58_98' <Predicate = true> <Delay = 0.00>
ST_1 : Operation 1594 [1/1] (0.00ns)   --->   "%zext_ln58_99 = zext i9 %sub_ln73_228" [firmware/nnet_utils/nnet_dense_latency.h:58]   --->   Operation 1594 'zext' 'zext_ln58_99' <Predicate = true> <Delay = 0.00>
ST_1 : Operation 1595 [1/1] (0.00ns)   --->   "%zext_ln58_100 = zext i11 %sub_ln73_230" [firmware/nnet_utils/nnet_dense_latency.h:58]   --->   Operation 1595 'zext' 'zext_ln58_100' <Predicate = true> <Delay = 0.00>
ST_1 : Operation 1596 [1/1] (0.00ns)   --->   "%zext_ln58_101 = zext i9 %add_ln73_42" [firmware/nnet_utils/nnet_dense_latency.h:58]   --->   Operation 1596 'zext' 'zext_ln58_101' <Predicate = true> <Delay = 0.00>
ST_1 : Operation 1597 [1/1] (0.00ns)   --->   "%zext_ln58_102 = zext i9 %sub_ln73_233" [firmware/nnet_utils/nnet_dense_latency.h:58]   --->   Operation 1597 'zext' 'zext_ln58_102' <Predicate = true> <Delay = 0.00>
ST_1 : Operation 1598 [1/1] (0.00ns)   --->   "%zext_ln58_103 = zext i10 %sub_ln73_237" [firmware/nnet_utils/nnet_dense_latency.h:58]   --->   Operation 1598 'zext' 'zext_ln58_103' <Predicate = true> <Delay = 0.00>
ST_1 : Operation 1599 [1/1] (0.00ns)   --->   "%zext_ln58_104 = zext i9 %sub_ln73_244" [firmware/nnet_utils/nnet_dense_latency.h:58]   --->   Operation 1599 'zext' 'zext_ln58_104' <Predicate = true> <Delay = 0.00>
ST_1 : Operation 1600 [1/1] (0.00ns)   --->   "%zext_ln58_105 = zext i11 %add_ln73_43" [firmware/nnet_utils/nnet_dense_latency.h:58]   --->   Operation 1600 'zext' 'zext_ln58_105' <Predicate = true> <Delay = 0.00>
ST_1 : Operation 1601 [1/1] (0.00ns)   --->   "%zext_ln58_106 = zext i10 %sub_ln73_250" [firmware/nnet_utils/nnet_dense_latency.h:58]   --->   Operation 1601 'zext' 'zext_ln58_106' <Predicate = true> <Delay = 0.00>
ST_1 : Operation 1602 [1/1] (0.00ns)   --->   "%zext_ln58_107 = zext i10 %add_ln73_44" [firmware/nnet_utils/nnet_dense_latency.h:58]   --->   Operation 1602 'zext' 'zext_ln58_107' <Predicate = true> <Delay = 0.00>
ST_1 : Operation 1603 [1/1] (0.00ns)   --->   "%zext_ln58_108 = zext i8 %sub_ln73_252" [firmware/nnet_utils/nnet_dense_latency.h:58]   --->   Operation 1603 'zext' 'zext_ln58_108' <Predicate = true> <Delay = 0.00>
ST_1 : Operation 1604 [1/1] (0.00ns)   --->   "%zext_ln58_109 = zext i10 %mul_ln73_18" [firmware/nnet_utils/nnet_dense_latency.h:58]   --->   Operation 1604 'zext' 'zext_ln58_109' <Predicate = true> <Delay = 0.00>
ST_1 : Operation 1605 [1/1] (0.00ns)   --->   "%zext_ln58_110 = zext i10 %sub_ln73_253" [firmware/nnet_utils/nnet_dense_latency.h:58]   --->   Operation 1605 'zext' 'zext_ln58_110' <Predicate = true> <Delay = 0.00>
ST_1 : Operation 1606 [1/1] (0.00ns)   --->   "%zext_ln58_111 = zext i10 %sub_ln73_256" [firmware/nnet_utils/nnet_dense_latency.h:58]   --->   Operation 1606 'zext' 'zext_ln58_111' <Predicate = true> <Delay = 0.00>
ST_1 : Operation 1607 [1/1] (0.71ns)   --->   "%add_ln58 = add i10 %sext_ln17_155, i10 %zext_ln58_88" [firmware/nnet_utils/nnet_dense_latency.h:58]   --->   Operation 1607 'add' 'add_ln58' <Predicate = true> <Delay = 0.71> <CoreInst = "Adder">   --->   Core 1 'Adder' <Latency = 0> <II = 1> <Delay = 0.71> <FuncUnit> <Opcode : 'add' 'sub'> <InPorts = 2> <OutPorts = 1>
ST_1 : Operation 1608 [1/1] (0.00ns)   --->   "%sext_ln58_2 = sext i10 %add_ln58" [firmware/nnet_utils/nnet_dense_latency.h:58]   --->   Operation 1608 'sext' 'sext_ln58_2' <Predicate = true> <Delay = 0.00>
ST_1 : Operation 1609 [1/1] (0.00ns)   --->   "%zext_ln58_114_cast = bitconcatenate i9 @_ssdm_op_BitConcatenate.i9.i1.i8, i1 1, i8 %sub_ln73_232" [firmware/nnet_utils/nnet_dense_latency.h:58]   --->   Operation 1609 'bitconcatenate' 'zext_ln58_114_cast' <Predicate = true> <Delay = 0.00>
ST_1 : Operation 1610 [1/1] (0.00ns)   --->   "%zext_ln58_112 = zext i9 %zext_ln58_114_cast" [firmware/nnet_utils/nnet_dense_latency.h:58]   --->   Operation 1610 'zext' 'zext_ln58_112' <Predicate = true> <Delay = 0.00>
ST_1 : Operation 1611 [1/1] (0.72ns)   --->   "%add_ln58_1 = add i11 %zext_ln58_112, i11 %sext_ln58_2" [firmware/nnet_utils/nnet_dense_latency.h:58]   --->   Operation 1611 'add' 'add_ln58_1' <Predicate = true> <Delay = 0.72> <CoreInst = "Adder">   --->   Core 1 'Adder' <Latency = 0> <II = 1> <Delay = 0.72> <FuncUnit> <Opcode : 'add' 'sub'> <InPorts = 2> <OutPorts = 1>
ST_1 : Operation 1612 [1/1] (0.00ns)   --->   "%zext_ln58_113 = zext i9 %sub_ln73_260" [firmware/nnet_utils/nnet_dense_latency.h:58]   --->   Operation 1612 'zext' 'zext_ln58_113' <Predicate = true> <Delay = 0.00>
ST_1 : Operation 1613 [1/1] (0.00ns)   --->   "%zext_ln58_114 = zext i8 %sub_ln73_261" [firmware/nnet_utils/nnet_dense_latency.h:58]   --->   Operation 1613 'zext' 'zext_ln58_114' <Predicate = true> <Delay = 0.00>
ST_1 : Operation 1614 [1/1] (0.00ns)   --->   "%zext_ln58_115 = zext i9 %add_ln73_48" [firmware/nnet_utils/nnet_dense_latency.h:58]   --->   Operation 1614 'zext' 'zext_ln58_115' <Predicate = true> <Delay = 0.00>
ST_1 : Operation 1615 [1/1] (0.00ns)   --->   "%zext_ln58_116 = zext i9 %add_ln73_48" [firmware/nnet_utils/nnet_dense_latency.h:58]   --->   Operation 1615 'zext' 'zext_ln58_116' <Predicate = true> <Delay = 0.00>
ST_1 : Operation 1616 [1/1] (0.00ns)   --->   "%zext_ln58_117 = zext i8 %sub_ln73_263" [firmware/nnet_utils/nnet_dense_latency.h:58]   --->   Operation 1616 'zext' 'zext_ln58_117' <Predicate = true> <Delay = 0.00>
ST_1 : Operation 1617 [1/1] (0.00ns)   --->   "%zext_ln58_118 = zext i8 %sub_ln73_263" [firmware/nnet_utils/nnet_dense_latency.h:58]   --->   Operation 1617 'zext' 'zext_ln58_118' <Predicate = true> <Delay = 0.00>
ST_1 : Operation 1618 [1/1] (0.00ns)   --->   "%zext_ln58_119 = zext i9 %sub_ln73_264" [firmware/nnet_utils/nnet_dense_latency.h:58]   --->   Operation 1618 'zext' 'zext_ln58_119' <Predicate = true> <Delay = 0.00>
ST_1 : Operation 1619 [1/1] (0.00ns)   --->   "%zext_ln58_120 = zext i9 %sub_ln73_264" [firmware/nnet_utils/nnet_dense_latency.h:58]   --->   Operation 1619 'zext' 'zext_ln58_120' <Predicate = true> <Delay = 0.00>
ST_1 : Operation 1620 [1/1] (0.00ns)   --->   "%zext_ln58_121 = zext i9 %sub_ln73_268" [firmware/nnet_utils/nnet_dense_latency.h:58]   --->   Operation 1620 'zext' 'zext_ln58_121' <Predicate = true> <Delay = 0.00>
ST_1 : Operation 1621 [1/1] (0.00ns)   --->   "%zext_ln58_122 = zext i9 %add_ln73_49" [firmware/nnet_utils/nnet_dense_latency.h:58]   --->   Operation 1621 'zext' 'zext_ln58_122' <Predicate = true> <Delay = 0.00>
ST_1 : Operation 1622 [1/1] (0.00ns)   --->   "%zext_ln58_123 = zext i8 %sub_ln73_279" [firmware/nnet_utils/nnet_dense_latency.h:58]   --->   Operation 1622 'zext' 'zext_ln58_123' <Predicate = true> <Delay = 0.00>
ST_1 : Operation 1623 [1/1] (0.00ns)   --->   "%zext_ln58_124 = zext i9 %add_ln73_50" [firmware/nnet_utils/nnet_dense_latency.h:58]   --->   Operation 1623 'zext' 'zext_ln58_124' <Predicate = true> <Delay = 0.00>
ST_1 : Operation 1624 [1/1] (0.00ns)   --->   "%zext_ln58_125 = zext i9 %add_ln73_51" [firmware/nnet_utils/nnet_dense_latency.h:58]   --->   Operation 1624 'zext' 'zext_ln58_125' <Predicate = true> <Delay = 0.00>
ST_1 : Operation 1625 [1/1] (0.00ns)   --->   "%zext_ln58_126 = zext i10 %add_ln73_52" [firmware/nnet_utils/nnet_dense_latency.h:58]   --->   Operation 1625 'zext' 'zext_ln58_126' <Predicate = true> <Delay = 0.00>
ST_1 : Operation 1626 [1/1] (0.00ns)   --->   "%zext_ln58_127 = zext i9 %sub_ln73_285" [firmware/nnet_utils/nnet_dense_latency.h:58]   --->   Operation 1626 'zext' 'zext_ln58_127' <Predicate = true> <Delay = 0.00>
ST_1 : Operation 1627 [1/1] (0.00ns)   --->   "%zext_ln58_128 = zext i8 %sub_ln73_286" [firmware/nnet_utils/nnet_dense_latency.h:58]   --->   Operation 1627 'zext' 'zext_ln58_128' <Predicate = true> <Delay = 0.00>
ST_1 : Operation 1628 [1/1] (0.00ns)   --->   "%zext_ln58_129 = zext i9 %sub_ln73_287" [firmware/nnet_utils/nnet_dense_latency.h:58]   --->   Operation 1628 'zext' 'zext_ln58_129' <Predicate = true> <Delay = 0.00>
ST_1 : Operation 1629 [1/1] (0.00ns)   --->   "%zext_ln58_130 = zext i9 %add_ln73_53" [firmware/nnet_utils/nnet_dense_latency.h:58]   --->   Operation 1629 'zext' 'zext_ln58_130' <Predicate = true> <Delay = 0.00>
ST_1 : Operation 1630 [1/1] (0.00ns)   --->   "%zext_ln58_131 = zext i8 %sub_ln73_291" [firmware/nnet_utils/nnet_dense_latency.h:58]   --->   Operation 1630 'zext' 'zext_ln58_131' <Predicate = true> <Delay = 0.00>
ST_1 : Operation 1631 [1/1] (0.00ns)   --->   "%zext_ln58_132 = zext i10 %sub_ln73_293" [firmware/nnet_utils/nnet_dense_latency.h:58]   --->   Operation 1631 'zext' 'zext_ln58_132' <Predicate = true> <Delay = 0.00>
ST_1 : Operation 1632 [1/1] (0.00ns)   --->   "%zext_ln58_133 = zext i8 %sub_ln73_294" [firmware/nnet_utils/nnet_dense_latency.h:58]   --->   Operation 1632 'zext' 'zext_ln58_133' <Predicate = true> <Delay = 0.00>
ST_1 : Operation 1633 [1/1] (0.00ns)   --->   "%zext_ln58_134 = zext i10 %sub_ln73_295" [firmware/nnet_utils/nnet_dense_latency.h:58]   --->   Operation 1633 'zext' 'zext_ln58_134' <Predicate = true> <Delay = 0.00>
ST_1 : Operation 1634 [1/1] (0.00ns)   --->   "%zext_ln58_135 = zext i8 %sub_ln73_299" [firmware/nnet_utils/nnet_dense_latency.h:58]   --->   Operation 1634 'zext' 'zext_ln58_135' <Predicate = true> <Delay = 0.00>
ST_1 : Operation 1635 [1/1] (0.00ns)   --->   "%zext_ln58_136 = zext i9 %add_ln73_54" [firmware/nnet_utils/nnet_dense_latency.h:58]   --->   Operation 1635 'zext' 'zext_ln58_136' <Predicate = true> <Delay = 0.00>
ST_1 : Operation 1636 [1/1] (0.00ns)   --->   "%zext_ln58_137 = zext i9 %sub_ln73_305" [firmware/nnet_utils/nnet_dense_latency.h:58]   --->   Operation 1636 'zext' 'zext_ln58_137' <Predicate = true> <Delay = 0.00>
ST_1 : Operation 1637 [1/1] (0.00ns)   --->   "%zext_ln58_138 = zext i10 %sub_ln73_309" [firmware/nnet_utils/nnet_dense_latency.h:58]   --->   Operation 1637 'zext' 'zext_ln58_138' <Predicate = true> <Delay = 0.00>
ST_1 : Operation 1638 [1/1] (0.00ns)   --->   "%zext_ln58_139 = zext i9 %sub_ln73_310" [firmware/nnet_utils/nnet_dense_latency.h:58]   --->   Operation 1638 'zext' 'zext_ln58_139' <Predicate = true> <Delay = 0.00>
ST_1 : Operation 1639 [1/1] (0.00ns)   --->   "%zext_ln58_140 = zext i10 %mul_ln73_21" [firmware/nnet_utils/nnet_dense_latency.h:58]   --->   Operation 1639 'zext' 'zext_ln58_140' <Predicate = true> <Delay = 0.00>
ST_1 : Operation 1640 [1/1] (0.00ns)   --->   "%zext_ln58_141 = zext i10 %add_ln73_55" [firmware/nnet_utils/nnet_dense_latency.h:58]   --->   Operation 1640 'zext' 'zext_ln58_141' <Predicate = true> <Delay = 0.00>
ST_1 : Operation 1641 [1/1] (0.81ns) (root node of TernaryAdder)   --->   "%add_ln58_2 = add i9 %sub_ln73_47, i9 %zext_ln17_22" [firmware/nnet_utils/nnet_dense_latency.h:58]   --->   Operation 1641 'add' 'add_ln58_2' <Predicate = true> <Delay = 0.81> <CoreInst = "TAddSub">   --->   Core 10 'TAddSub' <Latency = 0> <II = 1> <Delay = 0.34> <IPBlock> <Opcode : '' 'add' 'sub'> <InPorts = 3> <OutPorts = 1> <Sync> <CReg>
ST_1 : Operation 1642 [1/1] (0.00ns)   --->   "%zext_ln58_142 = zext i9 %add_ln58_2" [firmware/nnet_utils/nnet_dense_latency.h:58]   --->   Operation 1642 'zext' 'zext_ln58_142' <Predicate = true> <Delay = 0.00>
ST_1 : Operation 1643 [1/1] (0.71ns)   --->   "%add_ln58_3 = add i10 %zext_ln58_142, i10 %zext_ln58_13" [firmware/nnet_utils/nnet_dense_latency.h:58]   --->   Operation 1643 'add' 'add_ln58_3' <Predicate = true> <Delay = 0.71> <CoreInst = "Adder">   --->   Core 1 'Adder' <Latency = 0> <II = 1> <Delay = 0.71> <FuncUnit> <Opcode : 'add' 'sub'> <InPorts = 2> <OutPorts = 1>
ST_1 : Operation 1644 [1/1] (0.00ns)   --->   "%zext_ln58_143 = zext i10 %add_ln58_3" [firmware/nnet_utils/nnet_dense_latency.h:58]   --->   Operation 1644 'zext' 'zext_ln58_143' <Predicate = true> <Delay = 0.00>
ST_1 : Operation 1645 [1/1] (0.71ns)   --->   "%add_ln58_4 = add i10 %zext_ln17_31, i10 %zext_ln58_39" [firmware/nnet_utils/nnet_dense_latency.h:58]   --->   Operation 1645 'add' 'add_ln58_4' <Predicate = true> <Delay = 0.71> <CoreInst = "Adder">   --->   Core 1 'Adder' <Latency = 0> <II = 1> <Delay = 0.71> <FuncUnit> <Opcode : 'add' 'sub'> <InPorts = 2> <OutPorts = 1>
ST_1 : Operation 1646 [1/1] (0.00ns)   --->   "%zext_ln58_144 = zext i10 %add_ln58_4" [firmware/nnet_utils/nnet_dense_latency.h:58]   --->   Operation 1646 'zext' 'zext_ln58_144' <Predicate = true> <Delay = 0.00>
ST_1 : Operation 1647 [1/1] (0.73ns)   --->   "%add_ln58_5 = add i11 %zext_ln17_40, i11 %mul_ln73_15" [firmware/nnet_utils/nnet_dense_latency.h:58]   --->   Operation 1647 'add' 'add_ln58_5' <Predicate = true> <Delay = 0.73> <CoreInst = "Adder">   --->   Core 1 'Adder' <Latency = 0> <II = 1> <Delay = 0.73> <FuncUnit> <Opcode : 'add' 'sub'> <InPorts = 2> <OutPorts = 1>
ST_1 : Operation 1648 [1/1] (0.00ns)   --->   "%zext_ln58_145 = zext i11 %add_ln58_5" [firmware/nnet_utils/nnet_dense_latency.h:58]   --->   Operation 1648 'zext' 'zext_ln58_145' <Predicate = true> <Delay = 0.00>
ST_1 : Operation 1649 [1/1] (0.00ns) (grouped into TernaryAdder)   --->   "%add_ln58_6 = add i12 %zext_ln58_145, i12 %zext_ln58_144" [firmware/nnet_utils/nnet_dense_latency.h:58]   --->   Operation 1649 'add' 'add_ln58_6' <Predicate = true> <Delay = 0.00> <CoreInst = "TAddSub">   --->   Core 10 'TAddSub' <Latency = 0> <II = 1> <Delay = 0.34> <IPBlock> <Opcode : '' 'add' 'sub'> <InPorts = 3> <OutPorts = 1> <Sync> <CReg>
ST_1 : Operation 1650 [1/1] (0.75ns) (root node of TernaryAdder)   --->   "%add_ln58_7 = add i12 %add_ln58_6, i12 %zext_ln58_143" [firmware/nnet_utils/nnet_dense_latency.h:58]   --->   Operation 1650 'add' 'add_ln58_7' <Predicate = true> <Delay = 0.75> <CoreInst = "TAddSub">   --->   Core 10 'TAddSub' <Latency = 0> <II = 1> <Delay = 0.34> <IPBlock> <Opcode : '' 'add' 'sub'> <InPorts = 3> <OutPorts = 1> <Sync> <CReg>
ST_1 : Operation 1651 [1/1] (0.00ns)   --->   "%zext_ln58_146 = zext i12 %add_ln58_7" [firmware/nnet_utils/nnet_dense_latency.h:58]   --->   Operation 1651 'zext' 'zext_ln58_146' <Predicate = true> <Delay = 0.00>
ST_1 : Operation 1652 [1/1] (0.72ns)   --->   "%add_ln58_8 = add i11 %zext_ln17_73, i11 %zext_ln58_141" [firmware/nnet_utils/nnet_dense_latency.h:58]   --->   Operation 1652 'add' 'add_ln58_8' <Predicate = true> <Delay = 0.72> <CoreInst = "Adder">   --->   Core 1 'Adder' <Latency = 0> <II = 1> <Delay = 0.72> <FuncUnit> <Opcode : 'add' 'sub'> <InPorts = 2> <OutPorts = 1>
ST_1 : Operation 1653 [1/1] (0.00ns) (grouped into TernaryAdder)   --->   "%add_ln58_9 = add i11 %add_ln58_8, i11 %zext_ln58_99" [firmware/nnet_utils/nnet_dense_latency.h:58]   --->   Operation 1653 'add' 'add_ln58_9' <Predicate = true> <Delay = 0.00> <CoreInst = "TAddSub">   --->   Core 10 'TAddSub' <Latency = 0> <II = 1> <Delay = 0.34> <IPBlock> <Opcode : '' 'add' 'sub'> <InPorts = 3> <OutPorts = 1> <Sync> <CReg>
ST_1 : Operation 1654 [1/1] (0.70ns)   --->   "%add_ln58_10 = add i7 %zext_ln73_18, i7 %zext_ln58_41" [firmware/nnet_utils/nnet_dense_latency.h:58]   --->   Operation 1654 'add' 'add_ln58_10' <Predicate = true> <Delay = 0.70> <CoreInst = "Adder">   --->   Core 1 'Adder' <Latency = 0> <II = 1> <Delay = 0.70> <FuncUnit> <Opcode : 'add' 'sub'> <InPorts = 2> <OutPorts = 1>
ST_1 : Operation 1655 [1/1] (0.00ns)   --->   "%zext_ln58_147 = zext i7 %add_ln58_10" [firmware/nnet_utils/nnet_dense_latency.h:58]   --->   Operation 1655 'zext' 'zext_ln58_147' <Predicate = true> <Delay = 0.00>
ST_1 : Operation 1656 [1/1] (0.70ns)   --->   "%add_ln58_11 = add i7 %zext_ln73_111, i7 %zext_ln73_153" [firmware/nnet_utils/nnet_dense_latency.h:58]   --->   Operation 1656 'add' 'add_ln58_11' <Predicate = true> <Delay = 0.70> <CoreInst = "Adder">   --->   Core 1 'Adder' <Latency = 0> <II = 1> <Delay = 0.70> <FuncUnit> <Opcode : 'add' 'sub'> <InPorts = 2> <OutPorts = 1>
ST_1 : Operation 1657 [1/1] (0.00ns)   --->   "%zext_ln58_148 = zext i7 %add_ln58_11" [firmware/nnet_utils/nnet_dense_latency.h:58]   --->   Operation 1657 'zext' 'zext_ln58_148' <Predicate = true> <Delay = 0.00>
ST_1 : Operation 1658 [1/1] (0.70ns)   --->   "%add_ln58_12 = add i8 %zext_ln58_148, i8 %zext_ln58_147" [firmware/nnet_utils/nnet_dense_latency.h:58]   --->   Operation 1658 'add' 'add_ln58_12' <Predicate = true> <Delay = 0.70> <CoreInst = "Adder">   --->   Core 1 'Adder' <Latency = 0> <II = 1> <Delay = 0.70> <FuncUnit> <Opcode : 'add' 'sub'> <InPorts = 2> <OutPorts = 1>
ST_1 : Operation 1659 [1/1] (0.00ns)   --->   "%zext_ln58_149 = zext i8 %add_ln58_12" [firmware/nnet_utils/nnet_dense_latency.h:58]   --->   Operation 1659 'zext' 'zext_ln58_149' <Predicate = true> <Delay = 0.00>
ST_1 : Operation 1660 [1/1] (0.77ns) (root node of TernaryAdder)   --->   "%add_ln58_13 = add i11 %zext_ln58_149, i11 %add_ln58_9" [firmware/nnet_utils/nnet_dense_latency.h:58]   --->   Operation 1660 'add' 'add_ln58_13' <Predicate = true> <Delay = 0.77> <CoreInst = "TAddSub">   --->   Core 10 'TAddSub' <Latency = 0> <II = 1> <Delay = 0.34> <IPBlock> <Opcode : '' 'add' 'sub'> <InPorts = 3> <OutPorts = 1> <Sync> <CReg>
ST_1 : Operation 1661 [1/1] (0.00ns)   --->   "%zext_ln58_150 = zext i11 %add_ln58_13" [firmware/nnet_utils/nnet_dense_latency.h:58]   --->   Operation 1661 'zext' 'zext_ln58_150' <Predicate = true> <Delay = 0.00>
ST_1 : Operation 1662 [1/1] (0.74ns)   --->   "%add_ln58_14 = add i13 %zext_ln58_150, i13 %zext_ln58_146" [firmware/nnet_utils/nnet_dense_latency.h:58]   --->   Operation 1662 'add' 'add_ln58_14' <Predicate = true> <Delay = 0.74> <CoreInst = "Adder">   --->   Core 1 'Adder' <Latency = 0> <II = 1> <Delay = 0.74> <FuncUnit> <Opcode : 'add' 'sub'> <InPorts = 2> <OutPorts = 1>
ST_1 : Operation 1663 [1/1] (0.00ns)   --->   "%zext_ln58_152 = zext i9 %sub_ln73_320" [firmware/nnet_utils/nnet_dense_latency.h:58]   --->   Operation 1663 'zext' 'zext_ln58_152' <Predicate = true> <Delay = 0.00>
ST_1 : Operation 1664 [1/1] (0.00ns)   --->   "%zext_ln58_153 = zext i9 %add_ln73_56" [firmware/nnet_utils/nnet_dense_latency.h:58]   --->   Operation 1664 'zext' 'zext_ln58_153' <Predicate = true> <Delay = 0.00>
ST_1 : Operation 1665 [1/1] (0.00ns)   --->   "%zext_ln58_154 = zext i8 %sub_ln73_328" [firmware/nnet_utils/nnet_dense_latency.h:58]   --->   Operation 1665 'zext' 'zext_ln58_154' <Predicate = true> <Delay = 0.00>
ST_1 : Operation 1666 [1/1] (0.00ns)   --->   "%zext_ln58_155 = zext i9 %sub_ln73_331" [firmware/nnet_utils/nnet_dense_latency.h:58]   --->   Operation 1666 'zext' 'zext_ln58_155' <Predicate = true> <Delay = 0.00>
ST_1 : Operation 1667 [1/1] (0.00ns)   --->   "%zext_ln58_156 = zext i8 %sub_ln73_340" [firmware/nnet_utils/nnet_dense_latency.h:58]   --->   Operation 1667 'zext' 'zext_ln58_156' <Predicate = true> <Delay = 0.00>
ST_1 : Operation 1668 [1/1] (0.79ns) (root node of TernaryAdder)   --->   "%add_ln58_15 = add i10 %sext_ln17_43, i10 %mult_125" [firmware/nnet_utils/nnet_dense_latency.h:58]   --->   Operation 1668 'add' 'add_ln58_15' <Predicate = true> <Delay = 0.79> <CoreInst = "TAddSub">   --->   Core 10 'TAddSub' <Latency = 0> <II = 1> <Delay = 0.34> <IPBlock> <Opcode : '' 'add' 'sub'> <InPorts = 3> <OutPorts = 1> <Sync> <CReg>
ST_1 : Operation 1669 [1/1] (0.00ns)   --->   "%sext_ln58_4 = sext i10 %add_ln58_15" [firmware/nnet_utils/nnet_dense_latency.h:58]   --->   Operation 1669 'sext' 'sext_ln58_4' <Predicate = true> <Delay = 0.00>
ST_1 : Operation 1670 [1/1] (0.73ns)   --->   "%add_ln58_16 = add i12 %sext_ln58_4, i12 %sext_ln17_18" [firmware/nnet_utils/nnet_dense_latency.h:58]   --->   Operation 1670 'add' 'add_ln58_16' <Predicate = true> <Delay = 0.73> <CoreInst = "Adder">   --->   Core 1 'Adder' <Latency = 0> <II = 1> <Delay = 0.73> <FuncUnit> <Opcode : 'add' 'sub'> <InPorts = 2> <OutPorts = 1>
ST_1 : Operation 1671 [1/1] (0.00ns)   --->   "%sext_ln58_5 = sext i12 %add_ln58_16" [firmware/nnet_utils/nnet_dense_latency.h:58]   --->   Operation 1671 'sext' 'sext_ln58_5' <Predicate = true> <Delay = 0.00>
ST_1 : Operation 1672 [1/1] (0.75ns) (root node of TernaryAdder)   --->   "%add_ln58_17 = add i12 %mult_206, i12 %sext_ln17_190" [firmware/nnet_utils/nnet_dense_latency.h:58]   --->   Operation 1672 'add' 'add_ln58_17' <Predicate = true> <Delay = 0.75> <CoreInst = "TAddSub">   --->   Core 10 'TAddSub' <Latency = 0> <II = 1> <Delay = 0.34> <IPBlock> <Opcode : '' 'add' 'sub'> <InPorts = 3> <OutPorts = 1> <Sync> <CReg>
ST_1 : Operation 1673 [1/1] (0.00ns)   --->   "%sext_ln58_6 = sext i12 %add_ln58_17" [firmware/nnet_utils/nnet_dense_latency.h:58]   --->   Operation 1673 'sext' 'sext_ln58_6' <Predicate = true> <Delay = 0.00>
ST_1 : Operation 1674 [1/1] (0.72ns)   --->   "%add_ln58_18 = add i10 %mult_297, i10 %zext_ln17_26" [firmware/nnet_utils/nnet_dense_latency.h:58]   --->   Operation 1674 'add' 'add_ln58_18' <Predicate = true> <Delay = 0.72> <CoreInst = "Adder">   --->   Core 1 'Adder' <Latency = 0> <II = 1> <Delay = 0.72> <FuncUnit> <Opcode : 'add' 'sub'> <InPorts = 2> <OutPorts = 1>
ST_1 : Operation 1675 [1/1] (0.00ns)   --->   "%sext_ln58_7 = sext i10 %add_ln58_18" [firmware/nnet_utils/nnet_dense_latency.h:58]   --->   Operation 1675 'sext' 'sext_ln58_7' <Predicate = true> <Delay = 0.00>
ST_1 : Operation 1676 [1/1] (0.74ns)   --->   "%add_ln58_19 = add i13 %sext_ln58_7, i13 %sext_ln58_6" [firmware/nnet_utils/nnet_dense_latency.h:58]   --->   Operation 1676 'add' 'add_ln58_19' <Predicate = true> <Delay = 0.74> <CoreInst = "Adder">   --->   Core 1 'Adder' <Latency = 0> <II = 1> <Delay = 0.74> <FuncUnit> <Opcode : 'add' 'sub'> <InPorts = 2> <OutPorts = 1>
ST_1 : Operation 1677 [1/1] (0.00ns) (grouped into TernaryAdder)   --->   "%add_ln58_20 = add i13 %add_ln58_19, i13 %sext_ln58_5" [firmware/nnet_utils/nnet_dense_latency.h:58]   --->   Operation 1677 'add' 'add_ln58_20' <Predicate = true> <Delay = 0.00> <CoreInst = "TAddSub">   --->   Core 10 'TAddSub' <Latency = 0> <II = 1> <Delay = 0.34> <IPBlock> <Opcode : '' 'add' 'sub'> <InPorts = 3> <OutPorts = 1> <Sync> <CReg>
ST_1 : Operation 1678 [1/1] (0.70ns)   --->   "%add_ln58_21 = add i8 %zext_ln17_41, i8 %zext_ln17_53" [firmware/nnet_utils/nnet_dense_latency.h:58]   --->   Operation 1678 'add' 'add_ln58_21' <Predicate = true> <Delay = 0.70> <CoreInst = "Adder">   --->   Core 1 'Adder' <Latency = 0> <II = 1> <Delay = 0.70> <FuncUnit> <Opcode : 'add' 'sub'> <InPorts = 2> <OutPorts = 1>
ST_1 : Operation 1679 [1/1] (0.00ns)   --->   "%zext_ln58_157 = zext i8 %add_ln58_21" [firmware/nnet_utils/nnet_dense_latency.h:58]   --->   Operation 1679 'zext' 'zext_ln58_157' <Predicate = true> <Delay = 0.00>
ST_1 : Operation 1680 [1/1] (0.71ns)   --->   "%add_ln58_22 = add i10 %zext_ln58_157, i10 %zext_ln58_35" [firmware/nnet_utils/nnet_dense_latency.h:58]   --->   Operation 1680 'add' 'add_ln58_22' <Predicate = true> <Delay = 0.71> <CoreInst = "Adder">   --->   Core 1 'Adder' <Latency = 0> <II = 1> <Delay = 0.71> <FuncUnit> <Opcode : 'add' 'sub'> <InPorts = 2> <OutPorts = 1>
ST_1 : Operation 1681 [1/1] (0.00ns)   --->   "%zext_ln58_158 = zext i10 %add_ln58_22" [firmware/nnet_utils/nnet_dense_latency.h:58]   --->   Operation 1681 'zext' 'zext_ln58_158' <Predicate = true> <Delay = 0.00>
ST_1 : Operation 1682 [1/1] (0.77ns) (root node of TernaryAdder)   --->   "%add_ln58_23 = add i11 %add_ln73_47, i11 %zext_ln17_74" [firmware/nnet_utils/nnet_dense_latency.h:58]   --->   Operation 1682 'add' 'add_ln58_23' <Predicate = true> <Delay = 0.77> <CoreInst = "TAddSub">   --->   Core 10 'TAddSub' <Latency = 0> <II = 1> <Delay = 0.34> <IPBlock> <Opcode : '' 'add' 'sub'> <InPorts = 3> <OutPorts = 1> <Sync> <CReg>
ST_1 : Operation 1683 [1/1] (0.00ns)   --->   "%zext_ln58_159 = zext i11 %add_ln58_23" [firmware/nnet_utils/nnet_dense_latency.h:58]   --->   Operation 1683 'zext' 'zext_ln58_159' <Predicate = true> <Delay = 0.00>
ST_1 : Operation 1684 [1/1] (0.00ns)   --->   "%or_ln58_7 = bitconcatenate i9 @_ssdm_op_BitConcatenate.i9.i1.i8, i1 1, i8 %zext_ln73_143" [firmware/nnet_utils/nnet_dense_latency.h:58]   --->   Operation 1684 'bitconcatenate' 'or_ln58_7' <Predicate = true> <Delay = 0.00>
ST_1 : Operation 1685 [1/1] (0.00ns)   --->   "%sext_ln58_8 = sext i9 %or_ln58_7" [firmware/nnet_utils/nnet_dense_latency.h:58]   --->   Operation 1685 'sext' 'sext_ln58_8' <Predicate = true> <Delay = 0.00>
ST_1 : Operation 1686 [1/1] (0.00ns)   --->   "%zext_ln58_160 = zext i10 %sext_ln58_8" [firmware/nnet_utils/nnet_dense_latency.h:58]   --->   Operation 1686 'zext' 'zext_ln58_160' <Predicate = true> <Delay = 0.00>
ST_1 : Operation 1687 [1/1] (0.00ns) (grouped into TernaryAdder)   --->   "%add_ln58_24 = add i12 %zext_ln58_160, i12 %zext_ln58_159" [firmware/nnet_utils/nnet_dense_latency.h:58]   --->   Operation 1687 'add' 'add_ln58_24' <Predicate = true> <Delay = 0.00> <CoreInst = "TAddSub">   --->   Core 10 'TAddSub' <Latency = 0> <II = 1> <Delay = 0.34> <IPBlock> <Opcode : '' 'add' 'sub'> <InPorts = 3> <OutPorts = 1> <Sync> <CReg>
ST_1 : Operation 1688 [1/1] (0.75ns) (root node of TernaryAdder)   --->   "%add_ln58_25 = add i12 %add_ln58_24, i12 %zext_ln58_158" [firmware/nnet_utils/nnet_dense_latency.h:58]   --->   Operation 1688 'add' 'add_ln58_25' <Predicate = true> <Delay = 0.75> <CoreInst = "TAddSub">   --->   Core 10 'TAddSub' <Latency = 0> <II = 1> <Delay = 0.34> <IPBlock> <Opcode : '' 'add' 'sub'> <InPorts = 3> <OutPorts = 1> <Sync> <CReg>
ST_1 : Operation 1689 [1/1] (0.00ns)   --->   "%zext_ln58_161 = zext i12 %add_ln58_25" [firmware/nnet_utils/nnet_dense_latency.h:58]   --->   Operation 1689 'zext' 'zext_ln58_161' <Predicate = true> <Delay = 0.00>
ST_1 : Operation 1690 [1/1] (0.73ns) (root node of TernaryAdder)   --->   "%add_ln58_26 = add i13 %zext_ln58_161, i13 %add_ln58_20" [firmware/nnet_utils/nnet_dense_latency.h:58]   --->   Operation 1690 'add' 'add_ln58_26' <Predicate = true> <Delay = 0.73> <CoreInst = "TAddSub">   --->   Core 10 'TAddSub' <Latency = 0> <II = 1> <Delay = 0.34> <IPBlock> <Opcode : '' 'add' 'sub'> <InPorts = 3> <OutPorts = 1> <Sync> <CReg>
ST_1 : Operation 1691 [1/1] (0.00ns)   --->   "%zext_ln58_162 = zext i10 %mul_ln73_24" [firmware/nnet_utils/nnet_dense_latency.h:58]   --->   Operation 1691 'zext' 'zext_ln58_162' <Predicate = true> <Delay = 0.00>
ST_1 : Operation 1692 [1/1] (0.00ns)   --->   "%zext_ln58_163 = zext i9 %sub_ln73_341" [firmware/nnet_utils/nnet_dense_latency.h:58]   --->   Operation 1692 'zext' 'zext_ln58_163' <Predicate = true> <Delay = 0.00>
ST_1 : Operation 1693 [1/1] (0.00ns)   --->   "%zext_ln58_164 = zext i10 %mul_ln73_25" [firmware/nnet_utils/nnet_dense_latency.h:58]   --->   Operation 1693 'zext' 'zext_ln58_164' <Predicate = true> <Delay = 0.00>
ST_1 : Operation 1694 [1/1] (0.71ns)   --->   "%add_ln58_27 = add i10 %sext_ln17_93, i10 %sext_ln17_123" [firmware/nnet_utils/nnet_dense_latency.h:58]   --->   Operation 1694 'add' 'add_ln58_27' <Predicate = true> <Delay = 0.71> <CoreInst = "Adder">   --->   Core 1 'Adder' <Latency = 0> <II = 1> <Delay = 0.71> <FuncUnit> <Opcode : 'add' 'sub'> <InPorts = 2> <OutPorts = 1>
ST_1 : Operation 1695 [1/1] (0.00ns)   --->   "%sext_ln58_10 = sext i10 %add_ln58_27" [firmware/nnet_utils/nnet_dense_latency.h:58]   --->   Operation 1695 'sext' 'sext_ln58_10' <Predicate = true> <Delay = 0.00>
ST_1 : Operation 1696 [1/1] (0.77ns) (root node of TernaryAdder)   --->   "%add_ln58_28 = add i11 %mult_211, i11 %sext_ln17_152" [firmware/nnet_utils/nnet_dense_latency.h:58]   --->   Operation 1696 'add' 'add_ln58_28' <Predicate = true> <Delay = 0.77> <CoreInst = "TAddSub">   --->   Core 10 'TAddSub' <Latency = 0> <II = 1> <Delay = 0.34> <IPBlock> <Opcode : '' 'add' 'sub'> <InPorts = 3> <OutPorts = 1> <Sync> <CReg>
ST_1 : Operation 1697 [1/1] (0.00ns)   --->   "%sext_ln58_11 = sext i11 %add_ln58_28" [firmware/nnet_utils/nnet_dense_latency.h:58]   --->   Operation 1697 'sext' 'sext_ln58_11' <Predicate = true> <Delay = 0.00>
ST_1 : Operation 1698 [1/1] (0.00ns) (grouped into TernaryAdder)   --->   "%add_ln58_29 = add i12 %sext_ln58_11, i12 %sext_ln58_10" [firmware/nnet_utils/nnet_dense_latency.h:58]   --->   Operation 1698 'add' 'add_ln58_29' <Predicate = true> <Delay = 0.00> <CoreInst = "TAddSub">   --->   Core 10 'TAddSub' <Latency = 0> <II = 1> <Delay = 0.34> <IPBlock> <Opcode : '' 'add' 'sub'> <InPorts = 3> <OutPorts = 1> <Sync> <CReg>
ST_1 : Operation 1699 [1/1] (0.77ns) (root node of TernaryAdder)   --->   "%add_ln58_30 = add i11 %mult_266, i11 %zext_ln17_3" [firmware/nnet_utils/nnet_dense_latency.h:58]   --->   Operation 1699 'add' 'add_ln58_30' <Predicate = true> <Delay = 0.77> <CoreInst = "TAddSub">   --->   Core 10 'TAddSub' <Latency = 0> <II = 1> <Delay = 0.34> <IPBlock> <Opcode : '' 'add' 'sub'> <InPorts = 3> <OutPorts = 1> <Sync> <CReg>
ST_1 : Operation 1700 [1/1] (0.00ns)   --->   "%sext_ln58_12 = sext i11 %add_ln58_30" [firmware/nnet_utils/nnet_dense_latency.h:58]   --->   Operation 1700 'sext' 'sext_ln58_12' <Predicate = true> <Delay = 0.00>
ST_1 : Operation 1701 [1/1] (0.72ns)   --->   "%add_ln58_31 = add i10 %zext_ln17_17, i10 %mul_ln73_4" [firmware/nnet_utils/nnet_dense_latency.h:58]   --->   Operation 1701 'add' 'add_ln58_31' <Predicate = true> <Delay = 0.72> <CoreInst = "Adder">   --->   Core 1 'Adder' <Latency = 0> <II = 1> <Delay = 0.72> <FuncUnit> <Opcode : 'add' 'sub'> <InPorts = 2> <OutPorts = 1>
ST_1 : Operation 1702 [1/1] (0.00ns)   --->   "%zext_ln58_165 = zext i10 %add_ln58_31" [firmware/nnet_utils/nnet_dense_latency.h:58]   --->   Operation 1702 'zext' 'zext_ln58_165' <Predicate = true> <Delay = 0.00>
ST_1 : Operation 1703 [1/1] (0.73ns)   --->   "%add_ln58_32 = add i12 %zext_ln58_165, i12 %sext_ln58_12" [firmware/nnet_utils/nnet_dense_latency.h:58]   --->   Operation 1703 'add' 'add_ln58_32' <Predicate = true> <Delay = 0.73> <CoreInst = "Adder">   --->   Core 1 'Adder' <Latency = 0> <II = 1> <Delay = 0.73> <FuncUnit> <Opcode : 'add' 'sub'> <InPorts = 2> <OutPorts = 1>
ST_1 : Operation 1704 [1/1] (0.75ns) (root node of TernaryAdder)   --->   "%add_ln58_33 = add i12 %add_ln58_32, i12 %add_ln58_29" [firmware/nnet_utils/nnet_dense_latency.h:58]   --->   Operation 1704 'add' 'add_ln58_33' <Predicate = true> <Delay = 0.75> <CoreInst = "TAddSub">   --->   Core 10 'TAddSub' <Latency = 0> <II = 1> <Delay = 0.34> <IPBlock> <Opcode : '' 'add' 'sub'> <InPorts = 3> <OutPorts = 1> <Sync> <CReg>
ST_1 : Operation 1705 [1/1] (0.71ns)   --->   "%add_ln58_34 = add i10 %zext_ln17_46, i10 %zext_ln58_70" [firmware/nnet_utils/nnet_dense_latency.h:58]   --->   Operation 1705 'add' 'add_ln58_34' <Predicate = true> <Delay = 0.71> <CoreInst = "Adder">   --->   Core 1 'Adder' <Latency = 0> <II = 1> <Delay = 0.71> <FuncUnit> <Opcode : 'add' 'sub'> <InPorts = 2> <OutPorts = 1>
ST_1 : Operation 1706 [1/1] (0.00ns)   --->   "%zext_ln58_166 = zext i10 %add_ln58_34" [firmware/nnet_utils/nnet_dense_latency.h:58]   --->   Operation 1706 'zext' 'zext_ln58_166' <Predicate = true> <Delay = 0.00>
ST_1 : Operation 1707 [1/1] (0.71ns)   --->   "%add_ln58_35 = add i10 %zext_ln17_58, i10 %zext_ln58_92" [firmware/nnet_utils/nnet_dense_latency.h:58]   --->   Operation 1707 'add' 'add_ln58_35' <Predicate = true> <Delay = 0.71> <CoreInst = "Adder">   --->   Core 1 'Adder' <Latency = 0> <II = 1> <Delay = 0.71> <FuncUnit> <Opcode : 'add' 'sub'> <InPorts = 2> <OutPorts = 1>
ST_1 : Operation 1708 [1/1] (0.00ns)   --->   "%zext_ln58_167 = zext i10 %add_ln58_35" [firmware/nnet_utils/nnet_dense_latency.h:58]   --->   Operation 1708 'zext' 'zext_ln58_167' <Predicate = true> <Delay = 0.00>
ST_1 : Operation 1709 [1/1] (0.72ns)   --->   "%add_ln58_36 = add i11 %zext_ln58_167, i11 %zext_ln58_166" [firmware/nnet_utils/nnet_dense_latency.h:58]   --->   Operation 1709 'add' 'add_ln58_36' <Predicate = true> <Delay = 0.72> <CoreInst = "Adder">   --->   Core 1 'Adder' <Latency = 0> <II = 1> <Delay = 0.72> <FuncUnit> <Opcode : 'add' 'sub'> <InPorts = 2> <OutPorts = 1>
ST_1 : Operation 1710 [1/1] (0.00ns)   --->   "%zext_ln58_168 = zext i11 %add_ln58_36" [firmware/nnet_utils/nnet_dense_latency.h:58]   --->   Operation 1710 'zext' 'zext_ln58_168' <Predicate = true> <Delay = 0.00>
ST_1 : Operation 1711 [1/1] (0.72ns)   --->   "%add_ln58_37 = add i11 %zext_ln58_96, i11 %zext_ln58_110" [firmware/nnet_utils/nnet_dense_latency.h:58]   --->   Operation 1711 'add' 'add_ln58_37' <Predicate = true> <Delay = 0.72> <CoreInst = "Adder">   --->   Core 1 'Adder' <Latency = 0> <II = 1> <Delay = 0.72> <FuncUnit> <Opcode : 'add' 'sub'> <InPorts = 2> <OutPorts = 1>
ST_1 : Operation 1712 [1/1] (0.00ns)   --->   "%zext_ln58_169 = zext i11 %add_ln58_37" [firmware/nnet_utils/nnet_dense_latency.h:58]   --->   Operation 1712 'zext' 'zext_ln58_169' <Predicate = true> <Delay = 0.00>
ST_1 : Operation 1713 [1/1] (0.00ns)   --->   "%or_ln58_8 = bitconcatenate i7 @_ssdm_op_BitConcatenate.i7.i1.i6, i1 1, i6 %data_59_val_read" [firmware/nnet_utils/nnet_dense_latency.h:58]   --->   Operation 1713 'bitconcatenate' 'or_ln58_8' <Predicate = true> <Delay = 0.00>
ST_1 : Operation 1714 [1/1] (0.00ns)   --->   "%sext_ln58_14 = sext i7 %or_ln58_8" [firmware/nnet_utils/nnet_dense_latency.h:58]   --->   Operation 1714 'sext' 'sext_ln58_14' <Predicate = true> <Delay = 0.00>
ST_1 : Operation 1715 [1/1] (0.00ns)   --->   "%zext_ln58_170 = zext i9 %sext_ln58_14" [firmware/nnet_utils/nnet_dense_latency.h:58]   --->   Operation 1715 'zext' 'zext_ln58_170' <Predicate = true> <Delay = 0.00>
ST_1 : Operation 1716 [1/1] (0.72ns)   --->   "%add_ln58_38 = add i11 %zext_ln58_170, i11 %zext_ln58_164" [firmware/nnet_utils/nnet_dense_latency.h:58]   --->   Operation 1716 'add' 'add_ln58_38' <Predicate = true> <Delay = 0.72> <CoreInst = "Adder">   --->   Core 1 'Adder' <Latency = 0> <II = 1> <Delay = 0.72> <FuncUnit> <Opcode : 'add' 'sub'> <InPorts = 2> <OutPorts = 1>
ST_1 : Operation 1717 [1/1] (0.00ns)   --->   "%zext_ln58_171 = zext i11 %add_ln58_38" [firmware/nnet_utils/nnet_dense_latency.h:58]   --->   Operation 1717 'zext' 'zext_ln58_171' <Predicate = true> <Delay = 0.00>
ST_1 : Operation 1718 [1/1] (0.00ns) (grouped into TernaryAdder)   --->   "%add_ln58_39 = add i12 %zext_ln58_171, i12 %zext_ln58_169" [firmware/nnet_utils/nnet_dense_latency.h:58]   --->   Operation 1718 'add' 'add_ln58_39' <Predicate = true> <Delay = 0.00> <CoreInst = "TAddSub">   --->   Core 10 'TAddSub' <Latency = 0> <II = 1> <Delay = 0.34> <IPBlock> <Opcode : '' 'add' 'sub'> <InPorts = 3> <OutPorts = 1> <Sync> <CReg>
ST_1 : Operation 1719 [1/1] (0.75ns) (root node of TernaryAdder)   --->   "%add_ln58_40 = add i12 %add_ln58_39, i12 %zext_ln58_168" [firmware/nnet_utils/nnet_dense_latency.h:58]   --->   Operation 1719 'add' 'add_ln58_40' <Predicate = true> <Delay = 0.75> <CoreInst = "TAddSub">   --->   Core 10 'TAddSub' <Latency = 0> <II = 1> <Delay = 0.34> <IPBlock> <Opcode : '' 'add' 'sub'> <InPorts = 3> <OutPorts = 1> <Sync> <CReg>
ST_1 : Operation 1720 [1/1] (0.00ns)   --->   "%zext_ln58_173 = zext i8 %sub_ln73_342" [firmware/nnet_utils/nnet_dense_latency.h:58]   --->   Operation 1720 'zext' 'zext_ln58_173' <Predicate = true> <Delay = 0.00>
ST_1 : Operation 1721 [1/1] (0.71ns)   --->   "%add_ln58_42 = add i10 %sext_ln17_15, i10 %sext_ln17_32" [firmware/nnet_utils/nnet_dense_latency.h:58]   --->   Operation 1721 'add' 'add_ln58_42' <Predicate = true> <Delay = 0.71> <CoreInst = "Adder">   --->   Core 1 'Adder' <Latency = 0> <II = 1> <Delay = 0.71> <FuncUnit> <Opcode : 'add' 'sub'> <InPorts = 2> <OutPorts = 1>
ST_1 : Operation 1722 [1/1] (0.00ns)   --->   "%sext_ln58_16 = sext i10 %add_ln58_42" [firmware/nnet_utils/nnet_dense_latency.h:58]   --->   Operation 1722 'sext' 'sext_ln58_16' <Predicate = true> <Delay = 0.00>
ST_1 : Operation 1723 [1/1] (0.00ns) (grouped into TernaryAdder)   --->   "%add_ln58_43 = add i11 %sext_ln58_16, i11 %sext_ln17_8" [firmware/nnet_utils/nnet_dense_latency.h:58]   --->   Operation 1723 'add' 'add_ln58_43' <Predicate = true> <Delay = 0.00> <CoreInst = "TAddSub">   --->   Core 10 'TAddSub' <Latency = 0> <II = 1> <Delay = 0.34> <IPBlock> <Opcode : '' 'add' 'sub'> <InPorts = 3> <OutPorts = 1> <Sync> <CReg>
ST_1 : Operation 1724 [1/1] (0.70ns)   --->   "%add_ln58_44 = add i9 %sext_ln17_120, i9 %sext_ln17_129" [firmware/nnet_utils/nnet_dense_latency.h:58]   --->   Operation 1724 'add' 'add_ln58_44' <Predicate = true> <Delay = 0.70> <CoreInst = "Adder">   --->   Core 1 'Adder' <Latency = 0> <II = 1> <Delay = 0.70> <FuncUnit> <Opcode : 'add' 'sub'> <InPorts = 2> <OutPorts = 1>
ST_1 : Operation 1725 [1/1] (0.00ns)   --->   "%sext_ln58_17 = sext i9 %add_ln58_44" [firmware/nnet_utils/nnet_dense_latency.h:58]   --->   Operation 1725 'sext' 'sext_ln58_17' <Predicate = true> <Delay = 0.00>
ST_1 : Operation 1726 [1/1] (0.71ns)   --->   "%add_ln58_45 = add i10 %sext_ln58_17, i10 %sext_ln17_38" [firmware/nnet_utils/nnet_dense_latency.h:58]   --->   Operation 1726 'add' 'add_ln58_45' <Predicate = true> <Delay = 0.71> <CoreInst = "Adder">   --->   Core 1 'Adder' <Latency = 0> <II = 1> <Delay = 0.71> <FuncUnit> <Opcode : 'add' 'sub'> <InPorts = 2> <OutPorts = 1>
ST_1 : Operation 1727 [1/1] (0.00ns)   --->   "%sext_ln58_18 = sext i10 %add_ln58_45" [firmware/nnet_utils/nnet_dense_latency.h:58]   --->   Operation 1727 'sext' 'sext_ln58_18' <Predicate = true> <Delay = 0.00>
ST_1 : Operation 1728 [1/1] (0.77ns) (root node of TernaryAdder)   --->   "%add_ln58_46 = add i11 %sext_ln58_18, i11 %add_ln58_43" [firmware/nnet_utils/nnet_dense_latency.h:58]   --->   Operation 1728 'add' 'add_ln58_46' <Predicate = true> <Delay = 0.77> <CoreInst = "TAddSub">   --->   Core 10 'TAddSub' <Latency = 0> <II = 1> <Delay = 0.34> <IPBlock> <Opcode : '' 'add' 'sub'> <InPorts = 3> <OutPorts = 1> <Sync> <CReg>
ST_1 : Operation 1729 [1/1] (0.00ns)   --->   "%sext_ln58_19 = sext i11 %add_ln58_46" [firmware/nnet_utils/nnet_dense_latency.h:58]   --->   Operation 1729 'sext' 'sext_ln58_19' <Predicate = true> <Delay = 0.00>
ST_1 : Operation 1730 [1/1] (0.77ns) (root node of TernaryAdder)   --->   "%add_ln58_47 = add i11 %mult_207, i11 %sext_ln17_154" [firmware/nnet_utils/nnet_dense_latency.h:58]   --->   Operation 1730 'add' 'add_ln58_47' <Predicate = true> <Delay = 0.77> <CoreInst = "TAddSub">   --->   Core 10 'TAddSub' <Latency = 0> <II = 1> <Delay = 0.34> <IPBlock> <Opcode : '' 'add' 'sub'> <InPorts = 3> <OutPorts = 1> <Sync> <CReg>
ST_1 : Operation 1731 [1/1] (0.00ns)   --->   "%sext_ln58_20 = sext i11 %add_ln58_47" [firmware/nnet_utils/nnet_dense_latency.h:58]   --->   Operation 1731 'sext' 'sext_ln58_20' <Predicate = true> <Delay = 0.00>
ST_1 : Operation 1732 [1/1] (0.73ns)   --->   "%add_ln58_48 = add i12 %sext_ln58_20, i12 %sext_ln17_137" [firmware/nnet_utils/nnet_dense_latency.h:58]   --->   Operation 1732 'add' 'add_ln58_48' <Predicate = true> <Delay = 0.73> <CoreInst = "Adder">   --->   Core 1 'Adder' <Latency = 0> <II = 1> <Delay = 0.73> <FuncUnit> <Opcode : 'add' 'sub'> <InPorts = 2> <OutPorts = 1>
ST_1 : Operation 1733 [1/1] (0.00ns)   --->   "%sext_ln58_21 = sext i12 %add_ln58_48" [firmware/nnet_utils/nnet_dense_latency.h:58]   --->   Operation 1733 'sext' 'sext_ln58_21' <Predicate = true> <Delay = 0.00>
ST_1 : Operation 1734 [1/1] (0.77ns) (root node of TernaryAdder)   --->   "%add_ln58_49 = add i11 %sext_ln17_184, i11 %mult_299" [firmware/nnet_utils/nnet_dense_latency.h:58]   --->   Operation 1734 'add' 'add_ln58_49' <Predicate = true> <Delay = 0.77> <CoreInst = "TAddSub">   --->   Core 10 'TAddSub' <Latency = 0> <II = 1> <Delay = 0.34> <IPBlock> <Opcode : '' 'add' 'sub'> <InPorts = 3> <OutPorts = 1> <Sync> <CReg>
ST_1 : Operation 1735 [1/1] (0.00ns)   --->   "%sext_ln58_22 = sext i11 %add_ln58_49" [firmware/nnet_utils/nnet_dense_latency.h:58]   --->   Operation 1735 'sext' 'sext_ln58_22' <Predicate = true> <Delay = 0.00>
ST_1 : Operation 1736 [1/1] (0.72ns)   --->   "%add_ln58_50 = add i10 %mult_302, i10 %zext_ln58_2" [firmware/nnet_utils/nnet_dense_latency.h:58]   --->   Operation 1736 'add' 'add_ln58_50' <Predicate = true> <Delay = 0.72> <CoreInst = "Adder">   --->   Core 1 'Adder' <Latency = 0> <II = 1> <Delay = 0.72> <FuncUnit> <Opcode : 'add' 'sub'> <InPorts = 2> <OutPorts = 1>
ST_1 : Operation 1737 [1/1] (0.00ns)   --->   "%sext_ln58_23 = sext i10 %add_ln58_50" [firmware/nnet_utils/nnet_dense_latency.h:58]   --->   Operation 1737 'sext' 'sext_ln58_23' <Predicate = true> <Delay = 0.00>
ST_1 : Operation 1738 [1/1] (0.73ns)   --->   "%add_ln58_51 = add i12 %sext_ln58_23, i12 %sext_ln58_22" [firmware/nnet_utils/nnet_dense_latency.h:58]   --->   Operation 1738 'add' 'add_ln58_51' <Predicate = true> <Delay = 0.73> <CoreInst = "Adder">   --->   Core 1 'Adder' <Latency = 0> <II = 1> <Delay = 0.73> <FuncUnit> <Opcode : 'add' 'sub'> <InPorts = 2> <OutPorts = 1>
ST_1 : Operation 1739 [1/1] (0.00ns)   --->   "%sext_ln58_24 = sext i12 %add_ln58_51" [firmware/nnet_utils/nnet_dense_latency.h:58]   --->   Operation 1739 'sext' 'sext_ln58_24' <Predicate = true> <Delay = 0.00>
ST_1 : Operation 1740 [1/1] (0.00ns) (grouped into TernaryAdder)   --->   "%add_ln58_52 = add i13 %sext_ln58_24, i13 %sext_ln58_21" [firmware/nnet_utils/nnet_dense_latency.h:58]   --->   Operation 1740 'add' 'add_ln58_52' <Predicate = true> <Delay = 0.00> <CoreInst = "TAddSub">   --->   Core 10 'TAddSub' <Latency = 0> <II = 1> <Delay = 0.34> <IPBlock> <Opcode : '' 'add' 'sub'> <InPorts = 3> <OutPorts = 1> <Sync> <CReg>
ST_1 : Operation 1741 [1/1] (0.73ns) (root node of TernaryAdder)   --->   "%add_ln58_53 = add i13 %add_ln58_52, i13 %sext_ln58_19" [firmware/nnet_utils/nnet_dense_latency.h:58]   --->   Operation 1741 'add' 'add_ln58_53' <Predicate = true> <Delay = 0.73> <CoreInst = "TAddSub">   --->   Core 10 'TAddSub' <Latency = 0> <II = 1> <Delay = 0.34> <IPBlock> <Opcode : '' 'add' 'sub'> <InPorts = 3> <OutPorts = 1> <Sync> <CReg>
ST_1 : Operation 1742 [1/1] (0.72ns)   --->   "%add_ln58_54 = add i10 %add_ln73_18, i10 %zext_ln73_289" [firmware/nnet_utils/nnet_dense_latency.h:58]   --->   Operation 1742 'add' 'add_ln58_54' <Predicate = true> <Delay = 0.72> <CoreInst = "Adder">   --->   Core 1 'Adder' <Latency = 0> <II = 1> <Delay = 0.72> <FuncUnit> <Opcode : 'add' 'sub'> <InPorts = 2> <OutPorts = 1>
ST_1 : Operation 1743 [1/1] (0.00ns)   --->   "%zext_ln58_174 = zext i10 %add_ln58_54" [firmware/nnet_utils/nnet_dense_latency.h:58]   --->   Operation 1743 'zext' 'zext_ln58_174' <Predicate = true> <Delay = 0.00>
ST_1 : Operation 1744 [1/1] (0.72ns)   --->   "%add_ln58_55 = add i11 %zext_ln58_174, i11 %zext_ln17_32" [firmware/nnet_utils/nnet_dense_latency.h:58]   --->   Operation 1744 'add' 'add_ln58_55' <Predicate = true> <Delay = 0.72> <CoreInst = "Adder">   --->   Core 1 'Adder' <Latency = 0> <II = 1> <Delay = 0.72> <FuncUnit> <Opcode : 'add' 'sub'> <InPorts = 2> <OutPorts = 1>
ST_1 : Operation 1745 [1/1] (0.72ns)   --->   "%add_ln58_56 = add i10 %zext_ln58_56, i10 %mul_ln73_8" [firmware/nnet_utils/nnet_dense_latency.h:58]   --->   Operation 1745 'add' 'add_ln58_56' <Predicate = true> <Delay = 0.72> <CoreInst = "Adder">   --->   Core 1 'Adder' <Latency = 0> <II = 1> <Delay = 0.72> <FuncUnit> <Opcode : 'add' 'sub'> <InPorts = 2> <OutPorts = 1>
ST_1 : Operation 1746 [1/1] (0.00ns)   --->   "%zext_ln58_176 = zext i10 %add_ln58_56" [firmware/nnet_utils/nnet_dense_latency.h:58]   --->   Operation 1746 'zext' 'zext_ln58_176' <Predicate = true> <Delay = 0.00>
ST_1 : Operation 1747 [1/1] (0.00ns) (grouped into TernaryAdder)   --->   "%add_ln58_57 = add i12 %zext_ln58_87, i12 %zext_ln58_100" [firmware/nnet_utils/nnet_dense_latency.h:58]   --->   Operation 1747 'add' 'add_ln58_57' <Predicate = true> <Delay = 0.00> <CoreInst = "TAddSub">   --->   Core 10 'TAddSub' <Latency = 0> <II = 1> <Delay = 0.34> <IPBlock> <Opcode : '' 'add' 'sub'> <InPorts = 3> <OutPorts = 1> <Sync> <CReg>
ST_1 : Operation 1748 [1/1] (0.75ns) (root node of TernaryAdder)   --->   "%add_ln58_58 = add i12 %add_ln58_57, i12 %zext_ln58_176" [firmware/nnet_utils/nnet_dense_latency.h:58]   --->   Operation 1748 'add' 'add_ln58_58' <Predicate = true> <Delay = 0.75> <CoreInst = "TAddSub">   --->   Core 10 'TAddSub' <Latency = 0> <II = 1> <Delay = 0.34> <IPBlock> <Opcode : '' 'add' 'sub'> <InPorts = 3> <OutPorts = 1> <Sync> <CReg>
ST_1 : Operation 1749 [1/1] (0.79ns) (root node of TernaryAdder)   --->   "%add_ln58_60 = add i10 %zext_ln58_118, i10 %sub_ln73_303" [firmware/nnet_utils/nnet_dense_latency.h:58]   --->   Operation 1749 'add' 'add_ln58_60' <Predicate = true> <Delay = 0.79> <CoreInst = "TAddSub">   --->   Core 10 'TAddSub' <Latency = 0> <II = 1> <Delay = 0.34> <IPBlock> <Opcode : '' 'add' 'sub'> <InPorts = 3> <OutPorts = 1> <Sync> <CReg>
ST_1 : Operation 1750 [1/1] (0.00ns)   --->   "%zext_ln58_178 = zext i10 %add_ln58_60" [firmware/nnet_utils/nnet_dense_latency.h:58]   --->   Operation 1750 'zext' 'zext_ln58_178' <Predicate = true> <Delay = 0.00>
ST_1 : Operation 1751 [1/1] (0.72ns)   --->   "%add_ln58_61 = add i11 %zext_ln58_178, i11 %zext_ln58_107" [firmware/nnet_utils/nnet_dense_latency.h:58]   --->   Operation 1751 'add' 'add_ln58_61' <Predicate = true> <Delay = 0.72> <CoreInst = "Adder">   --->   Core 1 'Adder' <Latency = 0> <II = 1> <Delay = 0.72> <FuncUnit> <Opcode : 'add' 'sub'> <InPorts = 2> <OutPorts = 1>
ST_1 : Operation 1752 [1/1] (0.00ns)   --->   "%zext_ln58_179 = zext i11 %add_ln58_61" [firmware/nnet_utils/nnet_dense_latency.h:58]   --->   Operation 1752 'zext' 'zext_ln58_179' <Predicate = true> <Delay = 0.00>
ST_1 : Operation 1753 [1/1] (0.00ns)   --->   "%zext_ln58_184_cast = bitconcatenate i9 @_ssdm_op_BitConcatenate.i9.i1.i8, i1 1, i8 %zext_ln73_438" [firmware/nnet_utils/nnet_dense_latency.h:58]   --->   Operation 1753 'bitconcatenate' 'zext_ln58_184_cast' <Predicate = true> <Delay = 0.00>
ST_1 : Operation 1754 [1/1] (0.00ns)   --->   "%zext_ln58_180 = zext i9 %zext_ln58_184_cast" [firmware/nnet_utils/nnet_dense_latency.h:58]   --->   Operation 1754 'zext' 'zext_ln58_180' <Predicate = true> <Delay = 0.00>
ST_1 : Operation 1755 [1/1] (0.70ns)   --->   "%add_ln58_62 = add i7 %zext_ln73_21, i7 %zext_ln73_65" [firmware/nnet_utils/nnet_dense_latency.h:58]   --->   Operation 1755 'add' 'add_ln58_62' <Predicate = true> <Delay = 0.70> <CoreInst = "Adder">   --->   Core 1 'Adder' <Latency = 0> <II = 1> <Delay = 0.70> <FuncUnit> <Opcode : 'add' 'sub'> <InPorts = 2> <OutPorts = 1>
ST_1 : Operation 1756 [1/1] (0.00ns)   --->   "%zext_ln58_181 = zext i7 %add_ln58_62" [firmware/nnet_utils/nnet_dense_latency.h:58]   --->   Operation 1756 'zext' 'zext_ln58_181' <Predicate = true> <Delay = 0.00>
ST_1 : Operation 1757 [1/1] (0.71ns)   --->   "%add_ln58_63 = add i10 %zext_ln58_181, i10 %zext_ln58_180" [firmware/nnet_utils/nnet_dense_latency.h:58]   --->   Operation 1757 'add' 'add_ln58_63' <Predicate = true> <Delay = 0.71> <CoreInst = "Adder">   --->   Core 1 'Adder' <Latency = 0> <II = 1> <Delay = 0.71> <FuncUnit> <Opcode : 'add' 'sub'> <InPorts = 2> <OutPorts = 1>
ST_1 : Operation 1758 [1/1] (0.00ns)   --->   "%zext_ln58_182 = zext i10 %add_ln58_63" [firmware/nnet_utils/nnet_dense_latency.h:58]   --->   Operation 1758 'zext' 'zext_ln58_182' <Predicate = true> <Delay = 0.00>
ST_1 : Operation 1759 [1/1] (0.73ns)   --->   "%add_ln58_64 = add i12 %zext_ln58_182, i12 %zext_ln58_179" [firmware/nnet_utils/nnet_dense_latency.h:58]   --->   Operation 1759 'add' 'add_ln58_64' <Predicate = true> <Delay = 0.73> <CoreInst = "Adder">   --->   Core 1 'Adder' <Latency = 0> <II = 1> <Delay = 0.73> <FuncUnit> <Opcode : 'add' 'sub'> <InPorts = 2> <OutPorts = 1>
ST_1 : Operation 1760 [1/1] (0.70ns)   --->   "%add_ln58_67 = add i9 %zext_ln58_11, i9 %sext_ln17_58" [firmware/nnet_utils/nnet_dense_latency.h:58]   --->   Operation 1760 'add' 'add_ln58_67' <Predicate = true> <Delay = 0.70> <CoreInst = "Adder">   --->   Core 1 'Adder' <Latency = 0> <II = 1> <Delay = 0.70> <FuncUnit> <Opcode : 'add' 'sub'> <InPorts = 2> <OutPorts = 1>
ST_1 : Operation 1761 [1/1] (0.00ns)   --->   "%sext_ln58_27 = sext i9 %add_ln58_67" [firmware/nnet_utils/nnet_dense_latency.h:58]   --->   Operation 1761 'sext' 'sext_ln58_27' <Predicate = true> <Delay = 0.00>
ST_1 : Operation 1762 [1/1] (0.77ns) (root node of TernaryAdder)   --->   "%add_ln58_68 = add i11 %sext_ln17_95, i11 %mult_186" [firmware/nnet_utils/nnet_dense_latency.h:58]   --->   Operation 1762 'add' 'add_ln58_68' <Predicate = true> <Delay = 0.77> <CoreInst = "TAddSub">   --->   Core 10 'TAddSub' <Latency = 0> <II = 1> <Delay = 0.34> <IPBlock> <Opcode : '' 'add' 'sub'> <InPorts = 3> <OutPorts = 1> <Sync> <CReg>
ST_1 : Operation 1763 [1/1] (0.00ns) (grouped into TernaryAdder)   --->   "%add_ln58_69 = add i11 %add_ln58_68, i11 %sext_ln17_71" [firmware/nnet_utils/nnet_dense_latency.h:58]   --->   Operation 1763 'add' 'add_ln58_69' <Predicate = true> <Delay = 0.00> <CoreInst = "TAddSub">   --->   Core 10 'TAddSub' <Latency = 0> <II = 1> <Delay = 0.34> <IPBlock> <Opcode : '' 'add' 'sub'> <InPorts = 3> <OutPorts = 1> <Sync> <CReg>
ST_1 : Operation 1764 [1/1] (0.77ns) (root node of TernaryAdder)   --->   "%add_ln58_70 = add i11 %add_ln58_69, i11 %sext_ln58_27" [firmware/nnet_utils/nnet_dense_latency.h:58]   --->   Operation 1764 'add' 'add_ln58_70' <Predicate = true> <Delay = 0.77> <CoreInst = "TAddSub">   --->   Core 10 'TAddSub' <Latency = 0> <II = 1> <Delay = 0.34> <IPBlock> <Opcode : '' 'add' 'sub'> <InPorts = 3> <OutPorts = 1> <Sync> <CReg>
ST_1 : Operation 1765 [1/1] (0.00ns)   --->   "%sext_ln58_28 = sext i11 %add_ln58_70" [firmware/nnet_utils/nnet_dense_latency.h:58]   --->   Operation 1765 'sext' 'sext_ln58_28' <Predicate = true> <Delay = 0.00>
ST_1 : Operation 1766 [1/1] (0.70ns)   --->   "%add_ln58_71 = add i9 %zext_ln17_7, i9 %zext_ln58_23" [firmware/nnet_utils/nnet_dense_latency.h:58]   --->   Operation 1766 'add' 'add_ln58_71' <Predicate = true> <Delay = 0.70> <CoreInst = "Adder">   --->   Core 1 'Adder' <Latency = 0> <II = 1> <Delay = 0.70> <FuncUnit> <Opcode : 'add' 'sub'> <InPorts = 2> <OutPorts = 1>
ST_1 : Operation 1767 [1/1] (0.00ns)   --->   "%zext_ln58_185 = zext i9 %add_ln58_71" [firmware/nnet_utils/nnet_dense_latency.h:58]   --->   Operation 1767 'zext' 'zext_ln58_185' <Predicate = true> <Delay = 0.00>
ST_1 : Operation 1768 [1/1] (0.71ns)   --->   "%add_ln58_72 = add i10 %zext_ln73_444, i10 %zext_ln73_44" [firmware/nnet_utils/nnet_dense_latency.h:58]   --->   Operation 1768 'add' 'add_ln58_72' <Predicate = true> <Delay = 0.71> <CoreInst = "Adder">   --->   Core 1 'Adder' <Latency = 0> <II = 1> <Delay = 0.71> <FuncUnit> <Opcode : 'add' 'sub'> <InPorts = 2> <OutPorts = 1>
ST_1 : Operation 1769 [1/1] (0.00ns)   --->   "%zext_ln58_186 = zext i10 %add_ln58_72" [firmware/nnet_utils/nnet_dense_latency.h:58]   --->   Operation 1769 'zext' 'zext_ln58_186' <Predicate = true> <Delay = 0.00>
ST_1 : Operation 1770 [1/1] (0.00ns) (grouped into TernaryAdder)   --->   "%add_ln58_73 = add i11 %zext_ln58_186, i11 %zext_ln17_18" [firmware/nnet_utils/nnet_dense_latency.h:58]   --->   Operation 1770 'add' 'add_ln58_73' <Predicate = true> <Delay = 0.00> <CoreInst = "TAddSub">   --->   Core 10 'TAddSub' <Latency = 0> <II = 1> <Delay = 0.34> <IPBlock> <Opcode : '' 'add' 'sub'> <InPorts = 3> <OutPorts = 1> <Sync> <CReg>
ST_1 : Operation 1771 [1/1] (0.77ns) (root node of TernaryAdder)   --->   "%add_ln58_74 = add i11 %add_ln58_73, i11 %zext_ln58_185" [firmware/nnet_utils/nnet_dense_latency.h:58]   --->   Operation 1771 'add' 'add_ln58_74' <Predicate = true> <Delay = 0.77> <CoreInst = "TAddSub">   --->   Core 10 'TAddSub' <Latency = 0> <II = 1> <Delay = 0.34> <IPBlock> <Opcode : '' 'add' 'sub'> <InPorts = 3> <OutPorts = 1> <Sync> <CReg>
ST_1 : Operation 1772 [1/1] (0.00ns)   --->   "%zext_ln58_187 = zext i11 %add_ln58_74" [firmware/nnet_utils/nnet_dense_latency.h:58]   --->   Operation 1772 'zext' 'zext_ln58_187' <Predicate = true> <Delay = 0.00>
ST_1 : Operation 1773 [1/1] (0.73ns)   --->   "%add_ln58_75 = add i12 %zext_ln58_187, i12 %sext_ln58_28" [firmware/nnet_utils/nnet_dense_latency.h:58]   --->   Operation 1773 'add' 'add_ln58_75' <Predicate = true> <Delay = 0.73> <CoreInst = "Adder">   --->   Core 1 'Adder' <Latency = 0> <II = 1> <Delay = 0.73> <FuncUnit> <Opcode : 'add' 'sub'> <InPorts = 2> <OutPorts = 1>
ST_1 : Operation 1774 [1/1] (0.72ns)   --->   "%add_ln58_76 = add i11 %sext_ln17_5, i11 %sext_ln17_28" [firmware/nnet_utils/nnet_dense_latency.h:58]   --->   Operation 1774 'add' 'add_ln58_76' <Predicate = true> <Delay = 0.72> <CoreInst = "Adder">   --->   Core 1 'Adder' <Latency = 0> <II = 1> <Delay = 0.72> <FuncUnit> <Opcode : 'add' 'sub'> <InPorts = 2> <OutPorts = 1>
ST_1 : Operation 1775 [1/1] (0.00ns)   --->   "%sext_ln58_30 = sext i11 %add_ln58_76" [firmware/nnet_utils/nnet_dense_latency.h:58]   --->   Operation 1775 'sext' 'sext_ln58_30' <Predicate = true> <Delay = 0.00>
ST_1 : Operation 1776 [1/1] (0.73ns)   --->   "%add_ln58_77 = add i12 %sext_ln58_30, i12 %sext_ln17_2" [firmware/nnet_utils/nnet_dense_latency.h:58]   --->   Operation 1776 'add' 'add_ln58_77' <Predicate = true> <Delay = 0.73> <CoreInst = "Adder">   --->   Core 1 'Adder' <Latency = 0> <II = 1> <Delay = 0.73> <FuncUnit> <Opcode : 'add' 'sub'> <InPorts = 2> <OutPorts = 1>
ST_1 : Operation 1777 [1/1] (0.00ns)   --->   "%sext_ln58_31 = sext i12 %add_ln58_77" [firmware/nnet_utils/nnet_dense_latency.h:58]   --->   Operation 1777 'sext' 'sext_ln58_31' <Predicate = true> <Delay = 0.00>
ST_1 : Operation 1778 [1/1] (0.72ns)   --->   "%add_ln58_78 = add i11 %sext_ln17_36, i11 %sext_ln17_37" [firmware/nnet_utils/nnet_dense_latency.h:58]   --->   Operation 1778 'add' 'add_ln58_78' <Predicate = true> <Delay = 0.72> <CoreInst = "Adder">   --->   Core 1 'Adder' <Latency = 0> <II = 1> <Delay = 0.72> <FuncUnit> <Opcode : 'add' 'sub'> <InPorts = 2> <OutPorts = 1>
ST_1 : Operation 1779 [1/1] (0.00ns)   --->   "%sext_ln58_32 = sext i11 %add_ln58_78" [firmware/nnet_utils/nnet_dense_latency.h:58]   --->   Operation 1779 'sext' 'sext_ln58_32' <Predicate = true> <Delay = 0.00>
ST_1 : Operation 1780 [1/1] (0.00ns) (grouped into TernaryAdder)   --->   "%add_ln58_79 = add i12 %sext_ln17_45, i12 %sext_ln17_51" [firmware/nnet_utils/nnet_dense_latency.h:58]   --->   Operation 1780 'add' 'add_ln58_79' <Predicate = true> <Delay = 0.00> <CoreInst = "TAddSub">   --->   Core 10 'TAddSub' <Latency = 0> <II = 1> <Delay = 0.34> <IPBlock> <Opcode : '' 'add' 'sub'> <InPorts = 3> <OutPorts = 1> <Sync> <CReg>
ST_1 : Operation 1781 [1/1] (0.75ns) (root node of TernaryAdder)   --->   "%add_ln58_80 = add i12 %add_ln58_79, i12 %sext_ln58_32" [firmware/nnet_utils/nnet_dense_latency.h:58]   --->   Operation 1781 'add' 'add_ln58_80' <Predicate = true> <Delay = 0.75> <CoreInst = "TAddSub">   --->   Core 10 'TAddSub' <Latency = 0> <II = 1> <Delay = 0.34> <IPBlock> <Opcode : '' 'add' 'sub'> <InPorts = 3> <OutPorts = 1> <Sync> <CReg>
ST_1 : Operation 1782 [1/1] (0.00ns)   --->   "%sext_ln58_33 = sext i12 %add_ln58_80" [firmware/nnet_utils/nnet_dense_latency.h:58]   --->   Operation 1782 'sext' 'sext_ln58_33' <Predicate = true> <Delay = 0.00>
ST_1 : Operation 1783 [1/1] (0.74ns)   --->   "%add_ln58_81 = add i13 %sext_ln58_33, i13 %sext_ln58_31" [firmware/nnet_utils/nnet_dense_latency.h:58]   --->   Operation 1783 'add' 'add_ln58_81' <Predicate = true> <Delay = 0.74> <CoreInst = "Adder">   --->   Core 1 'Adder' <Latency = 0> <II = 1> <Delay = 0.74> <FuncUnit> <Opcode : 'add' 'sub'> <InPorts = 2> <OutPorts = 1>
ST_1 : Operation 1784 [1/1] (0.70ns)   --->   "%add_ln58_82 = add i7 %zext_ln73_80, i7 %zext_ln73_113" [firmware/nnet_utils/nnet_dense_latency.h:58]   --->   Operation 1784 'add' 'add_ln58_82' <Predicate = true> <Delay = 0.70> <CoreInst = "Adder">   --->   Core 1 'Adder' <Latency = 0> <II = 1> <Delay = 0.70> <FuncUnit> <Opcode : 'add' 'sub'> <InPorts = 2> <OutPorts = 1>
ST_1 : Operation 1785 [1/1] (0.00ns)   --->   "%zext_ln58_188 = zext i7 %add_ln58_82" [firmware/nnet_utils/nnet_dense_latency.h:58]   --->   Operation 1785 'zext' 'zext_ln58_188' <Predicate = true> <Delay = 0.00>
ST_1 : Operation 1786 [1/1] (0.70ns)   --->   "%sub_ln58_1 = sub i8 0, i8 %zext_ln58_188" [firmware/nnet_utils/nnet_dense_latency.h:58]   --->   Operation 1786 'sub' 'sub_ln58_1' <Predicate = true> <Delay = 0.70> <CoreInst = "Adder">   --->   Core 1 'Adder' <Latency = 0> <II = 1> <Delay = 0.70> <FuncUnit> <Opcode : 'add' 'sub'> <InPorts = 2> <OutPorts = 1>
ST_1 : Operation 1787 [1/1] (0.00ns)   --->   "%sext_ln58_35 = sext i8 %sub_ln58_1" [firmware/nnet_utils/nnet_dense_latency.h:58]   --->   Operation 1787 'sext' 'sext_ln58_35' <Predicate = true> <Delay = 0.00>
ST_1 : Operation 1788 [1/1] (0.79ns) (root node of TernaryAdder)   --->   "%add_ln58_83 = add i10 %mult_161, i10 %sext_ln17_119" [firmware/nnet_utils/nnet_dense_latency.h:58]   --->   Operation 1788 'add' 'add_ln58_83' <Predicate = true> <Delay = 0.79> <CoreInst = "TAddSub">   --->   Core 10 'TAddSub' <Latency = 0> <II = 1> <Delay = 0.34> <IPBlock> <Opcode : '' 'add' 'sub'> <InPorts = 3> <OutPorts = 1> <Sync> <CReg>
ST_1 : Operation 1789 [1/1] (0.00ns)   --->   "%sext_ln58_36 = sext i10 %add_ln58_83" [firmware/nnet_utils/nnet_dense_latency.h:58]   --->   Operation 1789 'sext' 'sext_ln58_36' <Predicate = true> <Delay = 0.00>
ST_1 : Operation 1790 [1/1] (0.72ns)   --->   "%add_ln58_84 = add i11 %sext_ln58_36, i11 %sext_ln58_35" [firmware/nnet_utils/nnet_dense_latency.h:58]   --->   Operation 1790 'add' 'add_ln58_84' <Predicate = true> <Delay = 0.72> <CoreInst = "Adder">   --->   Core 1 'Adder' <Latency = 0> <II = 1> <Delay = 0.72> <FuncUnit> <Opcode : 'add' 'sub'> <InPorts = 2> <OutPorts = 1>
ST_1 : Operation 1791 [1/1] (0.00ns)   --->   "%sext_ln58_37 = sext i11 %add_ln58_84" [firmware/nnet_utils/nnet_dense_latency.h:58]   --->   Operation 1791 'sext' 'sext_ln58_37' <Predicate = true> <Delay = 0.00>
ST_1 : Operation 1792 [1/1] (0.77ns) (root node of TernaryAdder)   --->   "%add_ln58_85 = add i11 %mult_193, i11 %sext_ln17_176" [firmware/nnet_utils/nnet_dense_latency.h:58]   --->   Operation 1792 'add' 'add_ln58_85' <Predicate = true> <Delay = 0.77> <CoreInst = "TAddSub">   --->   Core 10 'TAddSub' <Latency = 0> <II = 1> <Delay = 0.34> <IPBlock> <Opcode : '' 'add' 'sub'> <InPorts = 3> <OutPorts = 1> <Sync> <CReg>
ST_1 : Operation 1793 [1/1] (0.00ns)   --->   "%sext_ln58_38 = sext i11 %add_ln58_85" [firmware/nnet_utils/nnet_dense_latency.h:58]   --->   Operation 1793 'sext' 'sext_ln58_38' <Predicate = true> <Delay = 0.00>
ST_1 : Operation 1794 [1/1] (0.72ns)   --->   "%add_ln58_86 = add i10 %mult_302, i10 %zext_ln17_14" [firmware/nnet_utils/nnet_dense_latency.h:58]   --->   Operation 1794 'add' 'add_ln58_86' <Predicate = true> <Delay = 0.72> <CoreInst = "Adder">   --->   Core 1 'Adder' <Latency = 0> <II = 1> <Delay = 0.72> <FuncUnit> <Opcode : 'add' 'sub'> <InPorts = 2> <OutPorts = 1>
ST_1 : Operation 1795 [1/1] (0.00ns)   --->   "%sext_ln58_39 = sext i10 %add_ln58_86" [firmware/nnet_utils/nnet_dense_latency.h:58]   --->   Operation 1795 'sext' 'sext_ln58_39' <Predicate = true> <Delay = 0.00>
ST_1 : Operation 1796 [1/1] (0.00ns) (grouped into TernaryAdder)   --->   "%add_ln58_87 = add i12 %sext_ln58_39, i12 %sext_ln58_38" [firmware/nnet_utils/nnet_dense_latency.h:58]   --->   Operation 1796 'add' 'add_ln58_87' <Predicate = true> <Delay = 0.00> <CoreInst = "TAddSub">   --->   Core 10 'TAddSub' <Latency = 0> <II = 1> <Delay = 0.34> <IPBlock> <Opcode : '' 'add' 'sub'> <InPorts = 3> <OutPorts = 1> <Sync> <CReg>
ST_1 : Operation 1797 [1/1] (0.75ns) (root node of TernaryAdder)   --->   "%add_ln58_88 = add i12 %add_ln58_87, i12 %sext_ln58_37" [firmware/nnet_utils/nnet_dense_latency.h:58]   --->   Operation 1797 'add' 'add_ln58_88' <Predicate = true> <Delay = 0.75> <CoreInst = "TAddSub">   --->   Core 10 'TAddSub' <Latency = 0> <II = 1> <Delay = 0.34> <IPBlock> <Opcode : '' 'add' 'sub'> <InPorts = 3> <OutPorts = 1> <Sync> <CReg>
ST_1 : Operation 1798 [1/1] (0.72ns)   --->   "%add_ln58_90 = add i10 %zext_ln17_34, i10 %mul_ln73_6" [firmware/nnet_utils/nnet_dense_latency.h:58]   --->   Operation 1798 'add' 'add_ln58_90' <Predicate = true> <Delay = 0.72> <CoreInst = "Adder">   --->   Core 1 'Adder' <Latency = 0> <II = 1> <Delay = 0.72> <FuncUnit> <Opcode : 'add' 'sub'> <InPorts = 2> <OutPorts = 1>
ST_1 : Operation 1799 [1/1] (0.00ns)   --->   "%zext_ln58_189 = zext i10 %add_ln58_90" [firmware/nnet_utils/nnet_dense_latency.h:58]   --->   Operation 1799 'zext' 'zext_ln58_189' <Predicate = true> <Delay = 0.00>
ST_1 : Operation 1800 [1/1] (0.71ns)   --->   "%add_ln58_91 = add i9 %zext_ln17_38, i9 %sub_ln73_140" [firmware/nnet_utils/nnet_dense_latency.h:58]   --->   Operation 1800 'add' 'add_ln58_91' <Predicate = true> <Delay = 0.71> <CoreInst = "Adder">   --->   Core 1 'Adder' <Latency = 0> <II = 1> <Delay = 0.71> <FuncUnit> <Opcode : 'add' 'sub'> <InPorts = 2> <OutPorts = 1>
ST_1 : Operation 1801 [1/1] (0.00ns)   --->   "%zext_ln58_190 = zext i9 %add_ln58_91" [firmware/nnet_utils/nnet_dense_latency.h:58]   --->   Operation 1801 'zext' 'zext_ln58_190' <Predicate = true> <Delay = 0.00>
ST_1 : Operation 1802 [1/1] (0.72ns)   --->   "%add_ln58_92 = add i11 %zext_ln58_190, i11 %zext_ln58_189" [firmware/nnet_utils/nnet_dense_latency.h:58]   --->   Operation 1802 'add' 'add_ln58_92' <Predicate = true> <Delay = 0.72> <CoreInst = "Adder">   --->   Core 1 'Adder' <Latency = 0> <II = 1> <Delay = 0.72> <FuncUnit> <Opcode : 'add' 'sub'> <InPorts = 2> <OutPorts = 1>
ST_1 : Operation 1803 [1/1] (0.00ns)   --->   "%zext_ln58_191 = zext i11 %add_ln58_92" [firmware/nnet_utils/nnet_dense_latency.h:58]   --->   Operation 1803 'zext' 'zext_ln58_191' <Predicate = true> <Delay = 0.00>
ST_1 : Operation 1804 [1/1] (0.71ns)   --->   "%add_ln58_93 = add i10 %zext_ln17_54, i10 %zext_ln58_88" [firmware/nnet_utils/nnet_dense_latency.h:58]   --->   Operation 1804 'add' 'add_ln58_93' <Predicate = true> <Delay = 0.71> <CoreInst = "Adder">   --->   Core 1 'Adder' <Latency = 0> <II = 1> <Delay = 0.71> <FuncUnit> <Opcode : 'add' 'sub'> <InPorts = 2> <OutPorts = 1>
ST_1 : Operation 1805 [1/1] (0.00ns)   --->   "%zext_ln58_192 = zext i10 %add_ln58_93" [firmware/nnet_utils/nnet_dense_latency.h:58]   --->   Operation 1805 'zext' 'zext_ln58_192' <Predicate = true> <Delay = 0.00>
ST_1 : Operation 1806 [1/1] (0.73ns)   --->   "%add_ln58_94 = add i12 %zext_ln58_103, i12 %zext_ln58_105" [firmware/nnet_utils/nnet_dense_latency.h:58]   --->   Operation 1806 'add' 'add_ln58_94' <Predicate = true> <Delay = 0.73> <CoreInst = "Adder">   --->   Core 1 'Adder' <Latency = 0> <II = 1> <Delay = 0.73> <FuncUnit> <Opcode : 'add' 'sub'> <InPorts = 2> <OutPorts = 1>
ST_1 : Operation 1807 [1/1] (0.00ns) (grouped into TernaryAdder)   --->   "%add_ln58_95 = add i12 %add_ln58_94, i12 %zext_ln58_192" [firmware/nnet_utils/nnet_dense_latency.h:58]   --->   Operation 1807 'add' 'add_ln58_95' <Predicate = true> <Delay = 0.00> <CoreInst = "TAddSub">   --->   Core 10 'TAddSub' <Latency = 0> <II = 1> <Delay = 0.34> <IPBlock> <Opcode : '' 'add' 'sub'> <InPorts = 3> <OutPorts = 1> <Sync> <CReg>
ST_1 : Operation 1808 [1/1] (0.75ns) (root node of TernaryAdder)   --->   "%add_ln58_96 = add i12 %add_ln58_95, i12 %zext_ln58_191" [firmware/nnet_utils/nnet_dense_latency.h:58]   --->   Operation 1808 'add' 'add_ln58_96' <Predicate = true> <Delay = 0.75> <CoreInst = "TAddSub">   --->   Core 10 'TAddSub' <Latency = 0> <II = 1> <Delay = 0.34> <IPBlock> <Opcode : '' 'add' 'sub'> <InPorts = 3> <OutPorts = 1> <Sync> <CReg>
ST_1 : Operation 1809 [1/1] (0.72ns)   --->   "%add_ln58_97 = add i11 %zext_ln58_109, i11 %zext_ln58_116" [firmware/nnet_utils/nnet_dense_latency.h:58]   --->   Operation 1809 'add' 'add_ln58_97' <Predicate = true> <Delay = 0.72> <CoreInst = "Adder">   --->   Core 1 'Adder' <Latency = 0> <II = 1> <Delay = 0.72> <FuncUnit> <Opcode : 'add' 'sub'> <InPorts = 2> <OutPorts = 1>
ST_1 : Operation 1810 [1/1] (0.00ns)   --->   "%zext_ln58_194 = zext i11 %add_ln58_97" [firmware/nnet_utils/nnet_dense_latency.h:58]   --->   Operation 1810 'zext' 'zext_ln58_194' <Predicate = true> <Delay = 0.00>
ST_1 : Operation 1811 [1/1] (0.72ns)   --->   "%add_ln58_98 = add i11 %zext_ln17_67, i11 %zext_ln58_138" [firmware/nnet_utils/nnet_dense_latency.h:58]   --->   Operation 1811 'add' 'add_ln58_98' <Predicate = true> <Delay = 0.72> <CoreInst = "Adder">   --->   Core 1 'Adder' <Latency = 0> <II = 1> <Delay = 0.72> <FuncUnit> <Opcode : 'add' 'sub'> <InPorts = 2> <OutPorts = 1>
ST_1 : Operation 1812 [1/1] (0.00ns)   --->   "%zext_ln58_195 = zext i11 %add_ln58_98" [firmware/nnet_utils/nnet_dense_latency.h:58]   --->   Operation 1812 'zext' 'zext_ln58_195' <Predicate = true> <Delay = 0.00>
ST_1 : Operation 1813 [1/1] (0.00ns) (grouped into TernaryAdder)   --->   "%add_ln58_99 = add i12 %zext_ln58_195, i12 %zext_ln58_194" [firmware/nnet_utils/nnet_dense_latency.h:58]   --->   Operation 1813 'add' 'add_ln58_99' <Predicate = true> <Delay = 0.00> <CoreInst = "TAddSub">   --->   Core 10 'TAddSub' <Latency = 0> <II = 1> <Delay = 0.34> <IPBlock> <Opcode : '' 'add' 'sub'> <InPorts = 3> <OutPorts = 1> <Sync> <CReg>
ST_1 : Operation 1814 [1/1] (0.00ns) (grouped into TernaryAdder)   --->   "%add_ln58_100 = add i9 %zext_ln17_75, i9 %zext_ln58_154" [firmware/nnet_utils/nnet_dense_latency.h:58]   --->   Operation 1814 'add' 'add_ln58_100' <Predicate = true> <Delay = 0.00> <CoreInst = "TAddSub">   --->   Core 10 'TAddSub' <Latency = 0> <II = 1> <Delay = 0.34> <IPBlock> <Opcode : '' 'add' 'sub'> <InPorts = 3> <OutPorts = 1> <Sync> <CReg>
ST_1 : Operation 1815 [1/1] (0.00ns)   --->   "%zext_ln58_200_cast = bitconcatenate i7 @_ssdm_op_BitConcatenate.i7.i1.i6, i1 1, i6 %data_56_val_read" [firmware/nnet_utils/nnet_dense_latency.h:58]   --->   Operation 1815 'bitconcatenate' 'zext_ln58_200_cast' <Predicate = true> <Delay = 0.00>
ST_1 : Operation 1816 [1/1] (0.00ns)   --->   "%zext_ln58_196 = zext i7 %zext_ln58_200_cast" [firmware/nnet_utils/nnet_dense_latency.h:58]   --->   Operation 1816 'zext' 'zext_ln58_196' <Predicate = true> <Delay = 0.00>
ST_1 : Operation 1817 [1/1] (0.81ns) (root node of TernaryAdder)   --->   "%add_ln58_101 = add i9 %zext_ln58_196, i9 %add_ln58_100" [firmware/nnet_utils/nnet_dense_latency.h:58]   --->   Operation 1817 'add' 'add_ln58_101' <Predicate = true> <Delay = 0.81> <CoreInst = "TAddSub">   --->   Core 10 'TAddSub' <Latency = 0> <II = 1> <Delay = 0.34> <IPBlock> <Opcode : '' 'add' 'sub'> <InPorts = 3> <OutPorts = 1> <Sync> <CReg>
ST_1 : Operation 1818 [1/1] (0.00ns)   --->   "%zext_ln58_197 = zext i9 %add_ln58_101" [firmware/nnet_utils/nnet_dense_latency.h:58]   --->   Operation 1818 'zext' 'zext_ln58_197' <Predicate = true> <Delay = 0.00>
ST_1 : Operation 1819 [1/1] (0.75ns) (root node of TernaryAdder)   --->   "%add_ln58_102 = add i12 %zext_ln58_197, i12 %add_ln58_99" [firmware/nnet_utils/nnet_dense_latency.h:58]   --->   Operation 1819 'add' 'add_ln58_102' <Predicate = true> <Delay = 0.75> <CoreInst = "TAddSub">   --->   Core 10 'TAddSub' <Latency = 0> <II = 1> <Delay = 0.34> <IPBlock> <Opcode : '' 'add' 'sub'> <InPorts = 3> <OutPorts = 1> <Sync> <CReg>
ST_1 : Operation 1820 [1/1] (0.00ns)   --->   "%zext_ln58_200 = zext i8 %sub_ln73_349" [firmware/nnet_utils/nnet_dense_latency.h:58]   --->   Operation 1820 'zext' 'zext_ln58_200' <Predicate = true> <Delay = 0.00>
ST_1 : Operation 1821 [1/1] (0.70ns)   --->   "%add_ln58_105 = add i9 %sext_ln17_24, i9 %sext_ln17_60" [firmware/nnet_utils/nnet_dense_latency.h:58]   --->   Operation 1821 'add' 'add_ln58_105' <Predicate = true> <Delay = 0.70> <CoreInst = "Adder">   --->   Core 1 'Adder' <Latency = 0> <II = 1> <Delay = 0.70> <FuncUnit> <Opcode : 'add' 'sub'> <InPorts = 2> <OutPorts = 1>
ST_1 : Operation 1822 [1/1] (0.00ns)   --->   "%sext_ln58_42 = sext i9 %add_ln58_105" [firmware/nnet_utils/nnet_dense_latency.h:58]   --->   Operation 1822 'sext' 'sext_ln58_42' <Predicate = true> <Delay = 0.00>
ST_1 : Operation 1823 [1/1] (0.00ns) (grouped into TernaryAdder)   --->   "%add_ln58_106 = add i10 %sext_ln17_125, i10 %sext_ln17_142" [firmware/nnet_utils/nnet_dense_latency.h:58]   --->   Operation 1823 'add' 'add_ln58_106' <Predicate = true> <Delay = 0.00> <CoreInst = "TAddSub">   --->   Core 10 'TAddSub' <Latency = 0> <II = 1> <Delay = 0.34> <IPBlock> <Opcode : '' 'add' 'sub'> <InPorts = 3> <OutPorts = 1> <Sync> <CReg>
ST_1 : Operation 1824 [1/1] (0.79ns) (root node of TernaryAdder)   --->   "%add_ln58_107 = add i10 %add_ln58_106, i10 %sext_ln58_42" [firmware/nnet_utils/nnet_dense_latency.h:58]   --->   Operation 1824 'add' 'add_ln58_107' <Predicate = true> <Delay = 0.79> <CoreInst = "TAddSub">   --->   Core 10 'TAddSub' <Latency = 0> <II = 1> <Delay = 0.34> <IPBlock> <Opcode : '' 'add' 'sub'> <InPorts = 3> <OutPorts = 1> <Sync> <CReg>
ST_1 : Operation 1825 [1/1] (0.00ns)   --->   "%sext_ln58_43 = sext i10 %add_ln58_107" [firmware/nnet_utils/nnet_dense_latency.h:58]   --->   Operation 1825 'sext' 'sext_ln58_43' <Predicate = true> <Delay = 0.00>
ST_1 : Operation 1826 [1/1] (0.00ns) (grouped into TernaryAdder)   --->   "%add_ln58_108 = add i10 %mult_241, i10 %sext_ln17_178" [firmware/nnet_utils/nnet_dense_latency.h:58]   --->   Operation 1826 'add' 'add_ln58_108' <Predicate = true> <Delay = 0.00> <CoreInst = "TAddSub">   --->   Core 10 'TAddSub' <Latency = 0> <II = 1> <Delay = 0.34> <IPBlock> <Opcode : '' 'add' 'sub'> <InPorts = 3> <OutPorts = 1> <Sync> <CReg>
ST_1 : Operation 1827 [1/1] (0.70ns)   --->   "%add_ln58_109 = add i8 %sext_ln17_199, i8 %sext_ln17_212" [firmware/nnet_utils/nnet_dense_latency.h:58]   --->   Operation 1827 'add' 'add_ln58_109' <Predicate = true> <Delay = 0.70> <CoreInst = "Adder">   --->   Core 1 'Adder' <Latency = 0> <II = 1> <Delay = 0.70> <FuncUnit> <Opcode : 'add' 'sub'> <InPorts = 2> <OutPorts = 1>
ST_1 : Operation 1828 [1/1] (0.00ns)   --->   "%sext_ln58_44 = sext i8 %add_ln58_109" [firmware/nnet_utils/nnet_dense_latency.h:58]   --->   Operation 1828 'sext' 'sext_ln58_44' <Predicate = true> <Delay = 0.00>
ST_1 : Operation 1829 [1/1] (0.79ns) (root node of TernaryAdder)   --->   "%add_ln58_110 = add i10 %sext_ln58_44, i10 %add_ln58_108" [firmware/nnet_utils/nnet_dense_latency.h:58]   --->   Operation 1829 'add' 'add_ln58_110' <Predicate = true> <Delay = 0.79> <CoreInst = "TAddSub">   --->   Core 10 'TAddSub' <Latency = 0> <II = 1> <Delay = 0.34> <IPBlock> <Opcode : '' 'add' 'sub'> <InPorts = 3> <OutPorts = 1> <Sync> <CReg>
ST_1 : Operation 1830 [1/1] (0.00ns)   --->   "%sext_ln58_45 = sext i10 %add_ln58_110" [firmware/nnet_utils/nnet_dense_latency.h:58]   --->   Operation 1830 'sext' 'sext_ln58_45' <Predicate = true> <Delay = 0.00>
ST_1 : Operation 1831 [1/1] (0.72ns)   --->   "%add_ln58_111 = add i11 %sext_ln58_45, i11 %sext_ln58_43" [firmware/nnet_utils/nnet_dense_latency.h:58]   --->   Operation 1831 'add' 'add_ln58_111' <Predicate = true> <Delay = 0.72> <CoreInst = "Adder">   --->   Core 1 'Adder' <Latency = 0> <II = 1> <Delay = 0.72> <FuncUnit> <Opcode : 'add' 'sub'> <InPorts = 2> <OutPorts = 1>
ST_1 : Operation 1832 [1/1] (0.71ns)   --->   "%add_ln58_112 = add i10 %zext_ln17_4, i10 %zext_ln58_14" [firmware/nnet_utils/nnet_dense_latency.h:58]   --->   Operation 1832 'add' 'add_ln58_112' <Predicate = true> <Delay = 0.71> <CoreInst = "Adder">   --->   Core 1 'Adder' <Latency = 0> <II = 1> <Delay = 0.71> <FuncUnit> <Opcode : 'add' 'sub'> <InPorts = 2> <OutPorts = 1>
ST_1 : Operation 1833 [1/1] (0.00ns)   --->   "%zext_ln58_201 = zext i10 %add_ln58_112" [firmware/nnet_utils/nnet_dense_latency.h:58]   --->   Operation 1833 'zext' 'zext_ln58_201' <Predicate = true> <Delay = 0.00>
ST_1 : Operation 1834 [1/1] (0.79ns) (root node of TernaryAdder)   --->   "%add_ln58_113 = add i10 %zext_ln17_20, i10 %add_ln73_11" [firmware/nnet_utils/nnet_dense_latency.h:58]   --->   Operation 1834 'add' 'add_ln58_113' <Predicate = true> <Delay = 0.79> <CoreInst = "TAddSub">   --->   Core 10 'TAddSub' <Latency = 0> <II = 1> <Delay = 0.34> <IPBlock> <Opcode : '' 'add' 'sub'> <InPorts = 3> <OutPorts = 1> <Sync> <CReg>
ST_1 : Operation 1835 [1/1] (0.00ns)   --->   "%zext_ln58_202 = zext i10 %add_ln58_113" [firmware/nnet_utils/nnet_dense_latency.h:58]   --->   Operation 1835 'zext' 'zext_ln58_202' <Predicate = true> <Delay = 0.00>
ST_1 : Operation 1836 [1/1] (0.72ns)   --->   "%add_ln58_114 = add i11 %zext_ln58_202, i11 %zext_ln58_201" [firmware/nnet_utils/nnet_dense_latency.h:58]   --->   Operation 1836 'add' 'add_ln58_114' <Predicate = true> <Delay = 0.72> <CoreInst = "Adder">   --->   Core 1 'Adder' <Latency = 0> <II = 1> <Delay = 0.72> <FuncUnit> <Opcode : 'add' 'sub'> <InPorts = 2> <OutPorts = 1>
ST_1 : Operation 1837 [1/1] (0.00ns)   --->   "%zext_ln58_203 = zext i11 %add_ln58_114" [firmware/nnet_utils/nnet_dense_latency.h:58]   --->   Operation 1837 'zext' 'zext_ln58_203' <Predicate = true> <Delay = 0.00>
ST_1 : Operation 1838 [1/1] (0.71ns)   --->   "%add_ln58_115 = add i10 %zext_ln58_48, i10 %zext_ln73_389" [firmware/nnet_utils/nnet_dense_latency.h:58]   --->   Operation 1838 'add' 'add_ln58_115' <Predicate = true> <Delay = 0.71> <CoreInst = "Adder">   --->   Core 1 'Adder' <Latency = 0> <II = 1> <Delay = 0.71> <FuncUnit> <Opcode : 'add' 'sub'> <InPorts = 2> <OutPorts = 1>
ST_1 : Operation 1839 [1/1] (0.00ns)   --->   "%zext_ln58_204 = zext i10 %add_ln58_115" [firmware/nnet_utils/nnet_dense_latency.h:58]   --->   Operation 1839 'zext' 'zext_ln58_204' <Predicate = true> <Delay = 0.00>
ST_1 : Operation 1840 [1/1] (0.00ns)   --->   "%or_ln58_s = bitconcatenate i9 @_ssdm_op_BitConcatenate.i9.i1.i8, i1 1, i8 %zext_ln73_138" [firmware/nnet_utils/nnet_dense_latency.h:58]   --->   Operation 1840 'bitconcatenate' 'or_ln58_s' <Predicate = true> <Delay = 0.00>
ST_1 : Operation 1841 [1/1] (0.00ns)   --->   "%sext_ln58_47 = sext i9 %or_ln58_s" [firmware/nnet_utils/nnet_dense_latency.h:58]   --->   Operation 1841 'sext' 'sext_ln58_47' <Predicate = true> <Delay = 0.00>
ST_1 : Operation 1842 [1/1] (0.00ns)   --->   "%zext_ln58_205 = zext i10 %sext_ln58_47" [firmware/nnet_utils/nnet_dense_latency.h:58]   --->   Operation 1842 'zext' 'zext_ln58_205' <Predicate = true> <Delay = 0.00>
ST_1 : Operation 1843 [1/1] (0.00ns) (grouped into TernaryAdder)   --->   "%add_ln58_116 = add i11 %zext_ln58_205, i11 %zext_ln17_68" [firmware/nnet_utils/nnet_dense_latency.h:58]   --->   Operation 1843 'add' 'add_ln58_116' <Predicate = true> <Delay = 0.00> <CoreInst = "TAddSub">   --->   Core 10 'TAddSub' <Latency = 0> <II = 1> <Delay = 0.34> <IPBlock> <Opcode : '' 'add' 'sub'> <InPorts = 3> <OutPorts = 1> <Sync> <CReg>
ST_1 : Operation 1844 [1/1] (0.77ns) (root node of TernaryAdder)   --->   "%add_ln58_117 = add i11 %add_ln58_116, i11 %zext_ln58_204" [firmware/nnet_utils/nnet_dense_latency.h:58]   --->   Operation 1844 'add' 'add_ln58_117' <Predicate = true> <Delay = 0.77> <CoreInst = "TAddSub">   --->   Core 10 'TAddSub' <Latency = 0> <II = 1> <Delay = 0.34> <IPBlock> <Opcode : '' 'add' 'sub'> <InPorts = 3> <OutPorts = 1> <Sync> <CReg>
ST_1 : Operation 1845 [1/1] (0.00ns)   --->   "%zext_ln58_206 = zext i11 %add_ln58_117" [firmware/nnet_utils/nnet_dense_latency.h:58]   --->   Operation 1845 'zext' 'zext_ln58_206' <Predicate = true> <Delay = 0.00>
ST_1 : Operation 1846 [1/1] (0.73ns)   --->   "%add_ln58_118 = add i12 %zext_ln58_206, i12 %zext_ln58_203" [firmware/nnet_utils/nnet_dense_latency.h:58]   --->   Operation 1846 'add' 'add_ln58_118' <Predicate = true> <Delay = 0.73> <CoreInst = "Adder">   --->   Core 1 'Adder' <Latency = 0> <II = 1> <Delay = 0.73> <FuncUnit> <Opcode : 'add' 'sub'> <InPorts = 2> <OutPorts = 1>
ST_1 : Operation 1847 [1/1] (0.79ns) (root node of TernaryAdder)   --->   "%add_ln58_120 = add i10 %sext_ln17_1, i10 %mult_59" [firmware/nnet_utils/nnet_dense_latency.h:58]   --->   Operation 1847 'add' 'add_ln58_120' <Predicate = true> <Delay = 0.79> <CoreInst = "TAddSub">   --->   Core 10 'TAddSub' <Latency = 0> <II = 1> <Delay = 0.34> <IPBlock> <Opcode : '' 'add' 'sub'> <InPorts = 3> <OutPorts = 1> <Sync> <CReg>
ST_1 : Operation 1848 [1/1] (0.00ns)   --->   "%sext_ln58_49 = sext i10 %add_ln58_120" [firmware/nnet_utils/nnet_dense_latency.h:58]   --->   Operation 1848 'sext' 'sext_ln58_49' <Predicate = true> <Delay = 0.00>
ST_1 : Operation 1849 [1/1] (0.72ns)   --->   "%add_ln58_121 = add i11 %sext_ln58_49, i11 %sext_ln17_20" [firmware/nnet_utils/nnet_dense_latency.h:58]   --->   Operation 1849 'add' 'add_ln58_121' <Predicate = true> <Delay = 0.72> <CoreInst = "Adder">   --->   Core 1 'Adder' <Latency = 0> <II = 1> <Delay = 0.72> <FuncUnit> <Opcode : 'add' 'sub'> <InPorts = 2> <OutPorts = 1>
ST_1 : Operation 1850 [1/1] (0.72ns)   --->   "%add_ln58_122 = add i11 %sext_ln17_44, i11 %sext_ln17_100" [firmware/nnet_utils/nnet_dense_latency.h:58]   --->   Operation 1850 'add' 'add_ln58_122' <Predicate = true> <Delay = 0.72> <CoreInst = "Adder">   --->   Core 1 'Adder' <Latency = 0> <II = 1> <Delay = 0.72> <FuncUnit> <Opcode : 'add' 'sub'> <InPorts = 2> <OutPorts = 1>
ST_1 : Operation 1851 [1/1] (0.00ns)   --->   "%sext_ln58_51 = sext i11 %add_ln58_122" [firmware/nnet_utils/nnet_dense_latency.h:58]   --->   Operation 1851 'sext' 'sext_ln58_51' <Predicate = true> <Delay = 0.00>
ST_1 : Operation 1852 [1/1] (0.72ns)   --->   "%add_ln58_123 = add i11 %sext_ln17_128, i11 %sext_ln17_162" [firmware/nnet_utils/nnet_dense_latency.h:58]   --->   Operation 1852 'add' 'add_ln58_123' <Predicate = true> <Delay = 0.72> <CoreInst = "Adder">   --->   Core 1 'Adder' <Latency = 0> <II = 1> <Delay = 0.72> <FuncUnit> <Opcode : 'add' 'sub'> <InPorts = 2> <OutPorts = 1>
ST_1 : Operation 1853 [1/1] (0.00ns)   --->   "%sext_ln58_52 = sext i11 %add_ln58_123" [firmware/nnet_utils/nnet_dense_latency.h:58]   --->   Operation 1853 'sext' 'sext_ln58_52' <Predicate = true> <Delay = 0.00>
ST_1 : Operation 1854 [1/1] (0.73ns)   --->   "%add_ln58_124 = add i12 %sext_ln58_52, i12 %sext_ln58_51" [firmware/nnet_utils/nnet_dense_latency.h:58]   --->   Operation 1854 'add' 'add_ln58_124' <Predicate = true> <Delay = 0.73> <CoreInst = "Adder">   --->   Core 1 'Adder' <Latency = 0> <II = 1> <Delay = 0.73> <FuncUnit> <Opcode : 'add' 'sub'> <InPorts = 2> <OutPorts = 1>
ST_1 : Operation 1855 [1/1] (0.00ns) (grouped into TernaryAdder)   --->   "%add_ln58_126 = add i11 %sext_ln17_210, i11 %zext_ln58_50" [firmware/nnet_utils/nnet_dense_latency.h:58]   --->   Operation 1855 'add' 'add_ln58_126' <Predicate = true> <Delay = 0.00> <CoreInst = "TAddSub">   --->   Core 10 'TAddSub' <Latency = 0> <II = 1> <Delay = 0.34> <IPBlock> <Opcode : '' 'add' 'sub'> <InPorts = 3> <OutPorts = 1> <Sync> <CReg>
ST_1 : Operation 1856 [1/1] (0.77ns) (root node of TernaryAdder)   --->   "%add_ln58_127 = add i11 %add_ln58_126, i11 %sext_ln17_165" [firmware/nnet_utils/nnet_dense_latency.h:58]   --->   Operation 1856 'add' 'add_ln58_127' <Predicate = true> <Delay = 0.77> <CoreInst = "TAddSub">   --->   Core 10 'TAddSub' <Latency = 0> <II = 1> <Delay = 0.34> <IPBlock> <Opcode : '' 'add' 'sub'> <InPorts = 3> <OutPorts = 1> <Sync> <CReg>
ST_1 : Operation 1857 [1/1] (0.00ns)   --->   "%sext_ln58_53 = sext i11 %add_ln58_127" [firmware/nnet_utils/nnet_dense_latency.h:58]   --->   Operation 1857 'sext' 'sext_ln58_53' <Predicate = true> <Delay = 0.00>
ST_1 : Operation 1858 [1/1] (0.00ns) (grouped into TernaryAdder)   --->   "%add_ln58_128 = add i10 %zext_ln58_51, i10 %zext_ln58_59" [firmware/nnet_utils/nnet_dense_latency.h:58]   --->   Operation 1858 'add' 'add_ln58_128' <Predicate = true> <Delay = 0.00> <CoreInst = "TAddSub">   --->   Core 10 'TAddSub' <Latency = 0> <II = 1> <Delay = 0.34> <IPBlock> <Opcode : '' 'add' 'sub'> <InPorts = 3> <OutPorts = 1> <Sync> <CReg>
ST_1 : Operation 1859 [1/1] (0.70ns)   --->   "%add_ln58_129 = add i9 %zext_ln58_62, i9 %zext_ln17_50" [firmware/nnet_utils/nnet_dense_latency.h:58]   --->   Operation 1859 'add' 'add_ln58_129' <Predicate = true> <Delay = 0.70> <CoreInst = "Adder">   --->   Core 1 'Adder' <Latency = 0> <II = 1> <Delay = 0.70> <FuncUnit> <Opcode : 'add' 'sub'> <InPorts = 2> <OutPorts = 1>
ST_1 : Operation 1860 [1/1] (0.00ns)   --->   "%zext_ln58_208 = zext i9 %add_ln58_129" [firmware/nnet_utils/nnet_dense_latency.h:58]   --->   Operation 1860 'zext' 'zext_ln58_208' <Predicate = true> <Delay = 0.00>
ST_1 : Operation 1861 [1/1] (0.79ns) (root node of TernaryAdder)   --->   "%add_ln58_130 = add i10 %zext_ln58_208, i10 %add_ln58_128" [firmware/nnet_utils/nnet_dense_latency.h:58]   --->   Operation 1861 'add' 'add_ln58_130' <Predicate = true> <Delay = 0.79> <CoreInst = "TAddSub">   --->   Core 10 'TAddSub' <Latency = 0> <II = 1> <Delay = 0.34> <IPBlock> <Opcode : '' 'add' 'sub'> <InPorts = 3> <OutPorts = 1> <Sync> <CReg>
ST_1 : Operation 1862 [1/1] (0.00ns)   --->   "%zext_ln58_209 = zext i10 %add_ln58_130" [firmware/nnet_utils/nnet_dense_latency.h:58]   --->   Operation 1862 'zext' 'zext_ln58_209' <Predicate = true> <Delay = 0.00>
ST_1 : Operation 1863 [1/1] (0.73ns)   --->   "%add_ln58_131 = add i12 %zext_ln58_209, i12 %sext_ln58_53" [firmware/nnet_utils/nnet_dense_latency.h:58]   --->   Operation 1863 'add' 'add_ln58_131' <Predicate = true> <Delay = 0.73> <CoreInst = "Adder">   --->   Core 1 'Adder' <Latency = 0> <II = 1> <Delay = 0.73> <FuncUnit> <Opcode : 'add' 'sub'> <InPorts = 2> <OutPorts = 1>
ST_1 : Operation 1864 [1/1] (0.00ns) (grouped into TernaryAdder)   --->   "%add_ln58_133 = add i10 %zext_ln58_84, i10 %zext_ln58_95" [firmware/nnet_utils/nnet_dense_latency.h:58]   --->   Operation 1864 'add' 'add_ln58_133' <Predicate = true> <Delay = 0.00> <CoreInst = "TAddSub">   --->   Core 10 'TAddSub' <Latency = 0> <II = 1> <Delay = 0.34> <IPBlock> <Opcode : '' 'add' 'sub'> <InPorts = 3> <OutPorts = 1> <Sync> <CReg>
ST_1 : Operation 1865 [1/1] (0.79ns) (root node of TernaryAdder)   --->   "%add_ln58_134 = add i10 %add_ln58_133, i10 %zext_ln58_80" [firmware/nnet_utils/nnet_dense_latency.h:58]   --->   Operation 1865 'add' 'add_ln58_134' <Predicate = true> <Delay = 0.79> <CoreInst = "TAddSub">   --->   Core 10 'TAddSub' <Latency = 0> <II = 1> <Delay = 0.34> <IPBlock> <Opcode : '' 'add' 'sub'> <InPorts = 3> <OutPorts = 1> <Sync> <CReg>
ST_1 : Operation 1866 [1/1] (0.00ns)   --->   "%zext_ln58_210 = zext i10 %add_ln58_134" [firmware/nnet_utils/nnet_dense_latency.h:58]   --->   Operation 1866 'zext' 'zext_ln58_210' <Predicate = true> <Delay = 0.00>
ST_1 : Operation 1867 [1/1] (0.71ns)   --->   "%add_ln58_135 = add i10 %zext_ln58_104, i10 %zext_ln58_114" [firmware/nnet_utils/nnet_dense_latency.h:58]   --->   Operation 1867 'add' 'add_ln58_135' <Predicate = true> <Delay = 0.71> <CoreInst = "Adder">   --->   Core 1 'Adder' <Latency = 0> <II = 1> <Delay = 0.71> <FuncUnit> <Opcode : 'add' 'sub'> <InPorts = 2> <OutPorts = 1>
ST_1 : Operation 1868 [1/1] (0.00ns)   --->   "%zext_ln58_211 = zext i10 %add_ln58_135" [firmware/nnet_utils/nnet_dense_latency.h:58]   --->   Operation 1868 'zext' 'zext_ln58_211' <Predicate = true> <Delay = 0.00>
ST_1 : Operation 1869 [1/1] (0.71ns)   --->   "%add_ln58_136 = add i10 %zext_ln73_401, i10 %zext_ln58_129" [firmware/nnet_utils/nnet_dense_latency.h:58]   --->   Operation 1869 'add' 'add_ln58_136' <Predicate = true> <Delay = 0.71> <CoreInst = "Adder">   --->   Core 1 'Adder' <Latency = 0> <II = 1> <Delay = 0.71> <FuncUnit> <Opcode : 'add' 'sub'> <InPorts = 2> <OutPorts = 1>
ST_1 : Operation 1870 [1/1] (0.00ns)   --->   "%zext_ln58_212 = zext i10 %add_ln58_136" [firmware/nnet_utils/nnet_dense_latency.h:58]   --->   Operation 1870 'zext' 'zext_ln58_212' <Predicate = true> <Delay = 0.00>
ST_1 : Operation 1871 [1/1] (0.72ns)   --->   "%add_ln58_137 = add i11 %zext_ln58_212, i11 %zext_ln58_211" [firmware/nnet_utils/nnet_dense_latency.h:58]   --->   Operation 1871 'add' 'add_ln58_137' <Predicate = true> <Delay = 0.72> <CoreInst = "Adder">   --->   Core 1 'Adder' <Latency = 0> <II = 1> <Delay = 0.72> <FuncUnit> <Opcode : 'add' 'sub'> <InPorts = 2> <OutPorts = 1>
ST_1 : Operation 1872 [1/1] (0.00ns)   --->   "%zext_ln58_213 = zext i11 %add_ln58_137" [firmware/nnet_utils/nnet_dense_latency.h:58]   --->   Operation 1872 'zext' 'zext_ln58_213' <Predicate = true> <Delay = 0.00>
ST_1 : Operation 1873 [1/1] (0.00ns) (grouped into TernaryAdder)   --->   "%add_ln58_138 = add i12 %zext_ln58_213, i12 %zext_ln58_210" [firmware/nnet_utils/nnet_dense_latency.h:58]   --->   Operation 1873 'add' 'add_ln58_138' <Predicate = true> <Delay = 0.00> <CoreInst = "TAddSub">   --->   Core 10 'TAddSub' <Latency = 0> <II = 1> <Delay = 0.34> <IPBlock> <Opcode : '' 'add' 'sub'> <InPorts = 3> <OutPorts = 1> <Sync> <CReg>
ST_1 : Operation 1874 [1/1] (0.00ns) (grouped into TernaryAdder)   --->   "%add_ln58_139 = add i10 %add_ln73_58, i10 %zext_ln73_55" [firmware/nnet_utils/nnet_dense_latency.h:58]   --->   Operation 1874 'add' 'add_ln58_139' <Predicate = true> <Delay = 0.00> <CoreInst = "TAddSub">   --->   Core 10 'TAddSub' <Latency = 0> <II = 1> <Delay = 0.34> <IPBlock> <Opcode : '' 'add' 'sub'> <InPorts = 3> <OutPorts = 1> <Sync> <CReg>
ST_1 : Operation 1875 [1/1] (0.79ns) (root node of TernaryAdder)   --->   "%add_ln58_140 = add i10 %add_ln58_139, i10 %zext_ln17_70" [firmware/nnet_utils/nnet_dense_latency.h:58]   --->   Operation 1875 'add' 'add_ln58_140' <Predicate = true> <Delay = 0.79> <CoreInst = "TAddSub">   --->   Core 10 'TAddSub' <Latency = 0> <II = 1> <Delay = 0.34> <IPBlock> <Opcode : '' 'add' 'sub'> <InPorts = 3> <OutPorts = 1> <Sync> <CReg>
ST_1 : Operation 1876 [1/1] (0.00ns)   --->   "%zext_ln58_214 = zext i10 %add_ln58_140" [firmware/nnet_utils/nnet_dense_latency.h:58]   --->   Operation 1876 'zext' 'zext_ln58_214' <Predicate = true> <Delay = 0.00>
ST_1 : Operation 1877 [1/1] (0.70ns)   --->   "%add_ln58_141 = add i7 %zext_ln73_67, i7 %zext_ln73_76" [firmware/nnet_utils/nnet_dense_latency.h:58]   --->   Operation 1877 'add' 'add_ln58_141' <Predicate = true> <Delay = 0.70> <CoreInst = "Adder">   --->   Core 1 'Adder' <Latency = 0> <II = 1> <Delay = 0.70> <FuncUnit> <Opcode : 'add' 'sub'> <InPorts = 2> <OutPorts = 1>
ST_1 : Operation 1878 [1/1] (0.00ns)   --->   "%zext_ln58_215 = zext i7 %add_ln58_141" [firmware/nnet_utils/nnet_dense_latency.h:58]   --->   Operation 1878 'zext' 'zext_ln58_215' <Predicate = true> <Delay = 0.00>
ST_1 : Operation 1879 [1/1] (0.70ns)   --->   "%add_ln58_142 = add i7 %zext_ln73_113, i7 %zext_ln73_118" [firmware/nnet_utils/nnet_dense_latency.h:58]   --->   Operation 1879 'add' 'add_ln58_142' <Predicate = true> <Delay = 0.70> <CoreInst = "Adder">   --->   Core 1 'Adder' <Latency = 0> <II = 1> <Delay = 0.70> <FuncUnit> <Opcode : 'add' 'sub'> <InPorts = 2> <OutPorts = 1>
ST_1 : Operation 1880 [1/1] (0.00ns)   --->   "%zext_ln58_216 = zext i7 %add_ln58_142" [firmware/nnet_utils/nnet_dense_latency.h:58]   --->   Operation 1880 'zext' 'zext_ln58_216' <Predicate = true> <Delay = 0.00>
ST_1 : Operation 1881 [1/1] (0.70ns)   --->   "%add_ln58_143 = add i8 %zext_ln58_216, i8 %zext_ln58_215" [firmware/nnet_utils/nnet_dense_latency.h:58]   --->   Operation 1881 'add' 'add_ln58_143' <Predicate = true> <Delay = 0.70> <CoreInst = "Adder">   --->   Core 1 'Adder' <Latency = 0> <II = 1> <Delay = 0.70> <FuncUnit> <Opcode : 'add' 'sub'> <InPorts = 2> <OutPorts = 1>
ST_1 : Operation 1882 [1/1] (0.00ns)   --->   "%zext_ln58_217 = zext i8 %add_ln58_143" [firmware/nnet_utils/nnet_dense_latency.h:58]   --->   Operation 1882 'zext' 'zext_ln58_217' <Predicate = true> <Delay = 0.00>
ST_1 : Operation 1883 [1/1] (0.72ns)   --->   "%add_ln58_144 = add i11 %zext_ln58_217, i11 %zext_ln58_214" [firmware/nnet_utils/nnet_dense_latency.h:58]   --->   Operation 1883 'add' 'add_ln58_144' <Predicate = true> <Delay = 0.72> <CoreInst = "Adder">   --->   Core 1 'Adder' <Latency = 0> <II = 1> <Delay = 0.72> <FuncUnit> <Opcode : 'add' 'sub'> <InPorts = 2> <OutPorts = 1>
ST_1 : Operation 1884 [1/1] (0.00ns)   --->   "%zext_ln58_218 = zext i11 %add_ln58_144" [firmware/nnet_utils/nnet_dense_latency.h:58]   --->   Operation 1884 'zext' 'zext_ln58_218' <Predicate = true> <Delay = 0.00>
ST_1 : Operation 1885 [1/1] (0.75ns) (root node of TernaryAdder)   --->   "%add_ln58_145 = add i12 %zext_ln58_218, i12 %add_ln58_138" [firmware/nnet_utils/nnet_dense_latency.h:58]   --->   Operation 1885 'add' 'add_ln58_145' <Predicate = true> <Delay = 0.75> <CoreInst = "TAddSub">   --->   Core 10 'TAddSub' <Latency = 0> <II = 1> <Delay = 0.34> <IPBlock> <Opcode : '' 'add' 'sub'> <InPorts = 3> <OutPorts = 1> <Sync> <CReg>
ST_1 : Operation 1886 [1/1] (0.00ns)   --->   "%zext_ln58_220 = zext i8 %sub_ln73_353" [firmware/nnet_utils/nnet_dense_latency.h:58]   --->   Operation 1886 'zext' 'zext_ln58_220' <Predicate = true> <Delay = 0.00>
ST_1 : Operation 1887 [1/1] (0.00ns)   --->   "%zext_ln58_221 = zext i8 %sub_ln73_353" [firmware/nnet_utils/nnet_dense_latency.h:58]   --->   Operation 1887 'zext' 'zext_ln58_221' <Predicate = true> <Delay = 0.00>
ST_1 : Operation 1888 [1/1] (0.72ns)   --->   "%add_ln58_147 = add i11 %sext_ln17, i11 %sext_ln17_16" [firmware/nnet_utils/nnet_dense_latency.h:58]   --->   Operation 1888 'add' 'add_ln58_147' <Predicate = true> <Delay = 0.72> <CoreInst = "Adder">   --->   Core 1 'Adder' <Latency = 0> <II = 1> <Delay = 0.72> <FuncUnit> <Opcode : 'add' 'sub'> <InPorts = 2> <OutPorts = 1>
ST_1 : Operation 1889 [1/1] (0.00ns)   --->   "%sext_ln58_56 = sext i11 %add_ln58_147" [firmware/nnet_utils/nnet_dense_latency.h:58]   --->   Operation 1889 'sext' 'sext_ln58_56' <Predicate = true> <Delay = 0.00>
ST_1 : Operation 1890 [1/1] (0.00ns) (grouped into TernaryAdder)   --->   "%add_ln58_148 = add i12 %sext_ln17_59, i12 %sext_ln17_70" [firmware/nnet_utils/nnet_dense_latency.h:58]   --->   Operation 1890 'add' 'add_ln58_148' <Predicate = true> <Delay = 0.00> <CoreInst = "TAddSub">   --->   Core 10 'TAddSub' <Latency = 0> <II = 1> <Delay = 0.34> <IPBlock> <Opcode : '' 'add' 'sub'> <InPorts = 3> <OutPorts = 1> <Sync> <CReg>
ST_1 : Operation 1891 [1/1] (0.75ns) (root node of TernaryAdder)   --->   "%add_ln58_149 = add i12 %add_ln58_148, i12 %sext_ln17_30" [firmware/nnet_utils/nnet_dense_latency.h:58]   --->   Operation 1891 'add' 'add_ln58_149' <Predicate = true> <Delay = 0.75> <CoreInst = "TAddSub">   --->   Core 10 'TAddSub' <Latency = 0> <II = 1> <Delay = 0.34> <IPBlock> <Opcode : '' 'add' 'sub'> <InPorts = 3> <OutPorts = 1> <Sync> <CReg>
ST_1 : Operation 1892 [1/1] (0.00ns)   --->   "%sext_ln58_57 = sext i12 %add_ln58_149" [firmware/nnet_utils/nnet_dense_latency.h:58]   --->   Operation 1892 'sext' 'sext_ln58_57' <Predicate = true> <Delay = 0.00>
ST_1 : Operation 1893 [1/1] (0.00ns) (grouped into TernaryAdder)   --->   "%add_ln58_150 = add i13 %sext_ln58_57, i13 %sext_ln58_56" [firmware/nnet_utils/nnet_dense_latency.h:58]   --->   Operation 1893 'add' 'add_ln58_150' <Predicate = true> <Delay = 0.00> <CoreInst = "TAddSub">   --->   Core 10 'TAddSub' <Latency = 0> <II = 1> <Delay = 0.34> <IPBlock> <Opcode : '' 'add' 'sub'> <InPorts = 3> <OutPorts = 1> <Sync> <CReg>
ST_1 : Operation 1894 [1/1] (0.77ns) (root node of TernaryAdder)   --->   "%add_ln58_151 = add i11 %sext_ln17_84, i11 %mult_135" [firmware/nnet_utils/nnet_dense_latency.h:58]   --->   Operation 1894 'add' 'add_ln58_151' <Predicate = true> <Delay = 0.77> <CoreInst = "TAddSub">   --->   Core 10 'TAddSub' <Latency = 0> <II = 1> <Delay = 0.34> <IPBlock> <Opcode : '' 'add' 'sub'> <InPorts = 3> <OutPorts = 1> <Sync> <CReg>
ST_1 : Operation 1895 [1/1] (0.00ns)   --->   "%sext_ln58_58 = sext i11 %add_ln58_151" [firmware/nnet_utils/nnet_dense_latency.h:58]   --->   Operation 1895 'sext' 'sext_ln58_58' <Predicate = true> <Delay = 0.00>
ST_1 : Operation 1896 [1/1] (0.70ns)   --->   "%add_ln58_152 = add i9 %sext_ln17_133, i9 %sext_ln17_153" [firmware/nnet_utils/nnet_dense_latency.h:58]   --->   Operation 1896 'add' 'add_ln58_152' <Predicate = true> <Delay = 0.70> <CoreInst = "Adder">   --->   Core 1 'Adder' <Latency = 0> <II = 1> <Delay = 0.70> <FuncUnit> <Opcode : 'add' 'sub'> <InPorts = 2> <OutPorts = 1>
ST_1 : Operation 1897 [1/1] (0.00ns)   --->   "%sext_ln58_59 = sext i9 %add_ln58_152" [firmware/nnet_utils/nnet_dense_latency.h:58]   --->   Operation 1897 'sext' 'sext_ln58_59' <Predicate = true> <Delay = 0.00>
ST_1 : Operation 1898 [1/1] (0.71ns)   --->   "%add_ln58_153 = add i10 %sext_ln58_59, i10 %sext_ln17_97" [firmware/nnet_utils/nnet_dense_latency.h:58]   --->   Operation 1898 'add' 'add_ln58_153' <Predicate = true> <Delay = 0.71> <CoreInst = "Adder">   --->   Core 1 'Adder' <Latency = 0> <II = 1> <Delay = 0.71> <FuncUnit> <Opcode : 'add' 'sub'> <InPorts = 2> <OutPorts = 1>
ST_1 : Operation 1899 [1/1] (0.00ns)   --->   "%sext_ln58_60 = sext i10 %add_ln58_153" [firmware/nnet_utils/nnet_dense_latency.h:58]   --->   Operation 1899 'sext' 'sext_ln58_60' <Predicate = true> <Delay = 0.00>
ST_1 : Operation 1900 [1/1] (0.73ns)   --->   "%add_ln58_154 = add i12 %sext_ln58_60, i12 %sext_ln58_58" [firmware/nnet_utils/nnet_dense_latency.h:58]   --->   Operation 1900 'add' 'add_ln58_154' <Predicate = true> <Delay = 0.73> <CoreInst = "Adder">   --->   Core 1 'Adder' <Latency = 0> <II = 1> <Delay = 0.73> <FuncUnit> <Opcode : 'add' 'sub'> <InPorts = 2> <OutPorts = 1>
ST_1 : Operation 1901 [1/1] (0.00ns)   --->   "%sext_ln58_61 = sext i12 %add_ln58_154" [firmware/nnet_utils/nnet_dense_latency.h:58]   --->   Operation 1901 'sext' 'sext_ln58_61' <Predicate = true> <Delay = 0.00>
ST_1 : Operation 1902 [1/1] (0.73ns) (root node of TernaryAdder)   --->   "%add_ln58_155 = add i13 %sext_ln58_61, i13 %add_ln58_150" [firmware/nnet_utils/nnet_dense_latency.h:58]   --->   Operation 1902 'add' 'add_ln58_155' <Predicate = true> <Delay = 0.73> <CoreInst = "TAddSub">   --->   Core 10 'TAddSub' <Latency = 0> <II = 1> <Delay = 0.34> <IPBlock> <Opcode : '' 'add' 'sub'> <InPorts = 3> <OutPorts = 1> <Sync> <CReg>
ST_1 : Operation 1903 [1/1] (0.73ns)   --->   "%add_ln58_156 = add i11 %mult_236, i11 %sext_ln17_163" [firmware/nnet_utils/nnet_dense_latency.h:58]   --->   Operation 1903 'add' 'add_ln58_156' <Predicate = true> <Delay = 0.73> <CoreInst = "Adder">   --->   Core 1 'Adder' <Latency = 0> <II = 1> <Delay = 0.73> <FuncUnit> <Opcode : 'add' 'sub'> <InPorts = 2> <OutPorts = 1>
ST_1 : Operation 1904 [1/1] (0.00ns)   --->   "%sext_ln58_63 = sext i11 %add_ln58_156" [firmware/nnet_utils/nnet_dense_latency.h:58]   --->   Operation 1904 'sext' 'sext_ln58_63' <Predicate = true> <Delay = 0.00>
ST_1 : Operation 1905 [1/1] (0.00ns) (grouped into TernaryAdder)   --->   "%add_ln58_157 = add i11 %sext_ln17_194, i11 %sext_ln17_200" [firmware/nnet_utils/nnet_dense_latency.h:58]   --->   Operation 1905 'add' 'add_ln58_157' <Predicate = true> <Delay = 0.00> <CoreInst = "TAddSub">   --->   Core 10 'TAddSub' <Latency = 0> <II = 1> <Delay = 0.34> <IPBlock> <Opcode : '' 'add' 'sub'> <InPorts = 3> <OutPorts = 1> <Sync> <CReg>
ST_1 : Operation 1906 [1/1] (0.77ns) (root node of TernaryAdder)   --->   "%add_ln58_158 = add i11 %add_ln58_157, i11 %sext_ln17_179" [firmware/nnet_utils/nnet_dense_latency.h:58]   --->   Operation 1906 'add' 'add_ln58_158' <Predicate = true> <Delay = 0.77> <CoreInst = "TAddSub">   --->   Core 10 'TAddSub' <Latency = 0> <II = 1> <Delay = 0.34> <IPBlock> <Opcode : '' 'add' 'sub'> <InPorts = 3> <OutPorts = 1> <Sync> <CReg>
ST_1 : Operation 1907 [1/1] (0.00ns)   --->   "%sext_ln58_64 = sext i11 %add_ln58_158" [firmware/nnet_utils/nnet_dense_latency.h:58]   --->   Operation 1907 'sext' 'sext_ln58_64' <Predicate = true> <Delay = 0.00>
ST_1 : Operation 1908 [1/1] (0.00ns) (grouped into TernaryAdder)   --->   "%add_ln58_159 = add i12 %sext_ln58_64, i12 %sext_ln58_63" [firmware/nnet_utils/nnet_dense_latency.h:58]   --->   Operation 1908 'add' 'add_ln58_159' <Predicate = true> <Delay = 0.00> <CoreInst = "TAddSub">   --->   Core 10 'TAddSub' <Latency = 0> <II = 1> <Delay = 0.34> <IPBlock> <Opcode : '' 'add' 'sub'> <InPorts = 3> <OutPorts = 1> <Sync> <CReg>
ST_1 : Operation 1909 [1/1] (0.70ns)   --->   "%add_ln58_160 = add i9 %zext_ln17_1, i9 %zext_ln17_9" [firmware/nnet_utils/nnet_dense_latency.h:58]   --->   Operation 1909 'add' 'add_ln58_160' <Predicate = true> <Delay = 0.70> <CoreInst = "Adder">   --->   Core 1 'Adder' <Latency = 0> <II = 1> <Delay = 0.70> <FuncUnit> <Opcode : 'add' 'sub'> <InPorts = 2> <OutPorts = 1>
ST_1 : Operation 1910 [1/1] (0.00ns)   --->   "%zext_ln58_222 = zext i9 %add_ln58_160" [firmware/nnet_utils/nnet_dense_latency.h:58]   --->   Operation 1910 'zext' 'zext_ln58_222' <Predicate = true> <Delay = 0.00>
ST_1 : Operation 1911 [1/1] (0.77ns) (root node of TernaryAdder)   --->   "%add_ln58_161 = add i11 %add_ln73_4, i11 %zext_ln17_21" [firmware/nnet_utils/nnet_dense_latency.h:58]   --->   Operation 1911 'add' 'add_ln58_161' <Predicate = true> <Delay = 0.77> <CoreInst = "TAddSub">   --->   Core 10 'TAddSub' <Latency = 0> <II = 1> <Delay = 0.34> <IPBlock> <Opcode : '' 'add' 'sub'> <InPorts = 3> <OutPorts = 1> <Sync> <CReg>
ST_1 : Operation 1912 [1/1] (0.00ns) (grouped into TernaryAdder)   --->   "%add_ln58_162 = add i11 %add_ln58_161, i11 %zext_ln17_12" [firmware/nnet_utils/nnet_dense_latency.h:58]   --->   Operation 1912 'add' 'add_ln58_162' <Predicate = true> <Delay = 0.00> <CoreInst = "TAddSub">   --->   Core 10 'TAddSub' <Latency = 0> <II = 1> <Delay = 0.34> <IPBlock> <Opcode : '' 'add' 'sub'> <InPorts = 3> <OutPorts = 1> <Sync> <CReg>
ST_1 : Operation 1913 [1/1] (0.77ns) (root node of TernaryAdder)   --->   "%add_ln58_163 = add i11 %add_ln58_162, i11 %zext_ln58_222" [firmware/nnet_utils/nnet_dense_latency.h:58]   --->   Operation 1913 'add' 'add_ln58_163' <Predicate = true> <Delay = 0.77> <CoreInst = "TAddSub">   --->   Core 10 'TAddSub' <Latency = 0> <II = 1> <Delay = 0.34> <IPBlock> <Opcode : '' 'add' 'sub'> <InPorts = 3> <OutPorts = 1> <Sync> <CReg>
ST_1 : Operation 1914 [1/1] (0.00ns)   --->   "%zext_ln58_223 = zext i11 %add_ln58_163" [firmware/nnet_utils/nnet_dense_latency.h:58]   --->   Operation 1914 'zext' 'zext_ln58_223' <Predicate = true> <Delay = 0.00>
ST_1 : Operation 1915 [1/1] (0.75ns) (root node of TernaryAdder)   --->   "%add_ln58_164 = add i12 %zext_ln58_223, i12 %add_ln58_159" [firmware/nnet_utils/nnet_dense_latency.h:58]   --->   Operation 1915 'add' 'add_ln58_164' <Predicate = true> <Delay = 0.75> <CoreInst = "TAddSub">   --->   Core 10 'TAddSub' <Latency = 0> <II = 1> <Delay = 0.34> <IPBlock> <Opcode : '' 'add' 'sub'> <InPorts = 3> <OutPorts = 1> <Sync> <CReg>
ST_1 : Operation 1916 [1/1] (0.00ns) (grouped into TernaryAdder)   --->   "%add_ln58_166 = add i11 %zext_ln58_32, i11 %zext_ln17_44" [firmware/nnet_utils/nnet_dense_latency.h:58]   --->   Operation 1916 'add' 'add_ln58_166' <Predicate = true> <Delay = 0.00> <CoreInst = "TAddSub">   --->   Core 10 'TAddSub' <Latency = 0> <II = 1> <Delay = 0.34> <IPBlock> <Opcode : '' 'add' 'sub'> <InPorts = 3> <OutPorts = 1> <Sync> <CReg>
ST_1 : Operation 1917 [1/1] (0.70ns)   --->   "%add_ln58_167 = add i9 %zext_ln73_328, i9 %zext_ln58_74" [firmware/nnet_utils/nnet_dense_latency.h:58]   --->   Operation 1917 'add' 'add_ln58_167' <Predicate = true> <Delay = 0.70> <CoreInst = "Adder">   --->   Core 1 'Adder' <Latency = 0> <II = 1> <Delay = 0.70> <FuncUnit> <Opcode : 'add' 'sub'> <InPorts = 2> <OutPorts = 1>
ST_1 : Operation 1918 [1/1] (0.00ns)   --->   "%zext_ln58_224 = zext i9 %add_ln58_167" [firmware/nnet_utils/nnet_dense_latency.h:58]   --->   Operation 1918 'zext' 'zext_ln58_224' <Predicate = true> <Delay = 0.00>
ST_1 : Operation 1919 [1/1] (0.71ns)   --->   "%add_ln58_168 = add i10 %zext_ln58_224, i10 %zext_ln58_67" [firmware/nnet_utils/nnet_dense_latency.h:58]   --->   Operation 1919 'add' 'add_ln58_168' <Predicate = true> <Delay = 0.71> <CoreInst = "Adder">   --->   Core 1 'Adder' <Latency = 0> <II = 1> <Delay = 0.71> <FuncUnit> <Opcode : 'add' 'sub'> <InPorts = 2> <OutPorts = 1>
ST_1 : Operation 1920 [1/1] (0.00ns)   --->   "%zext_ln58_225 = zext i10 %add_ln58_168" [firmware/nnet_utils/nnet_dense_latency.h:58]   --->   Operation 1920 'zext' 'zext_ln58_225' <Predicate = true> <Delay = 0.00>
ST_1 : Operation 1921 [1/1] (0.77ns) (root node of TernaryAdder)   --->   "%add_ln58_169 = add i11 %zext_ln58_225, i11 %add_ln58_166" [firmware/nnet_utils/nnet_dense_latency.h:58]   --->   Operation 1921 'add' 'add_ln58_169' <Predicate = true> <Delay = 0.77> <CoreInst = "TAddSub">   --->   Core 10 'TAddSub' <Latency = 0> <II = 1> <Delay = 0.34> <IPBlock> <Opcode : '' 'add' 'sub'> <InPorts = 3> <OutPorts = 1> <Sync> <CReg>
ST_1 : Operation 1922 [1/1] (0.00ns)   --->   "%zext_ln58_226 = zext i11 %add_ln58_169" [firmware/nnet_utils/nnet_dense_latency.h:58]   --->   Operation 1922 'zext' 'zext_ln58_226' <Predicate = true> <Delay = 0.00>
ST_1 : Operation 1923 [1/1] (0.72ns)   --->   "%add_ln58_170 = add i11 %zext_ln58_82, i11 %zext_ln58_90" [firmware/nnet_utils/nnet_dense_latency.h:58]   --->   Operation 1923 'add' 'add_ln58_170' <Predicate = true> <Delay = 0.72> <CoreInst = "Adder">   --->   Core 1 'Adder' <Latency = 0> <II = 1> <Delay = 0.72> <FuncUnit> <Opcode : 'add' 'sub'> <InPorts = 2> <OutPorts = 1>
ST_1 : Operation 1924 [1/1] (0.00ns)   --->   "%zext_ln58_227 = zext i11 %add_ln58_170" [firmware/nnet_utils/nnet_dense_latency.h:58]   --->   Operation 1924 'zext' 'zext_ln58_227' <Predicate = true> <Delay = 0.00>
ST_1 : Operation 1925 [1/1] (0.71ns)   --->   "%add_ln58_171 = add i10 %zext_ln58_101, i10 %zext_ln58_127" [firmware/nnet_utils/nnet_dense_latency.h:58]   --->   Operation 1925 'add' 'add_ln58_171' <Predicate = true> <Delay = 0.71> <CoreInst = "Adder">   --->   Core 1 'Adder' <Latency = 0> <II = 1> <Delay = 0.71> <FuncUnit> <Opcode : 'add' 'sub'> <InPorts = 2> <OutPorts = 1>
ST_1 : Operation 1926 [1/1] (0.00ns)   --->   "%zext_ln58_228 = zext i10 %add_ln58_171" [firmware/nnet_utils/nnet_dense_latency.h:58]   --->   Operation 1926 'zext' 'zext_ln58_228' <Predicate = true> <Delay = 0.00>
ST_1 : Operation 1927 [1/1] (0.72ns)   --->   "%add_ln58_172 = add i11 %zext_ln58_228, i11 %zext_ln58_97" [firmware/nnet_utils/nnet_dense_latency.h:58]   --->   Operation 1927 'add' 'add_ln58_172' <Predicate = true> <Delay = 0.72> <CoreInst = "Adder">   --->   Core 1 'Adder' <Latency = 0> <II = 1> <Delay = 0.72> <FuncUnit> <Opcode : 'add' 'sub'> <InPorts = 2> <OutPorts = 1>
ST_1 : Operation 1928 [1/1] (0.00ns)   --->   "%zext_ln58_229 = zext i11 %add_ln58_172" [firmware/nnet_utils/nnet_dense_latency.h:58]   --->   Operation 1928 'zext' 'zext_ln58_229' <Predicate = true> <Delay = 0.00>
ST_1 : Operation 1929 [1/1] (0.73ns)   --->   "%add_ln58_173 = add i12 %zext_ln58_229, i12 %zext_ln58_227" [firmware/nnet_utils/nnet_dense_latency.h:58]   --->   Operation 1929 'add' 'add_ln58_173' <Predicate = true> <Delay = 0.73> <CoreInst = "Adder">   --->   Core 1 'Adder' <Latency = 0> <II = 1> <Delay = 0.73> <FuncUnit> <Opcode : 'add' 'sub'> <InPorts = 2> <OutPorts = 1>
ST_1 : Operation 1930 [1/1] (0.00ns)   --->   "%zext_ln58_230 = zext i12 %add_ln58_173" [firmware/nnet_utils/nnet_dense_latency.h:58]   --->   Operation 1930 'zext' 'zext_ln58_230' <Predicate = true> <Delay = 0.00>
ST_1 : Operation 1931 [1/1] (0.74ns)   --->   "%add_ln58_174 = add i13 %zext_ln58_230, i13 %zext_ln58_226" [firmware/nnet_utils/nnet_dense_latency.h:58]   --->   Operation 1931 'add' 'add_ln58_174' <Predicate = true> <Delay = 0.74> <CoreInst = "Adder">   --->   Core 1 'Adder' <Latency = 0> <II = 1> <Delay = 0.74> <FuncUnit> <Opcode : 'add' 'sub'> <InPorts = 2> <OutPorts = 1>
ST_1 : Operation 1932 [1/1] (0.71ns)   --->   "%add_ln58_175 = add i9 %zext_ln58_131, i9 %add_ln73_57" [firmware/nnet_utils/nnet_dense_latency.h:58]   --->   Operation 1932 'add' 'add_ln58_175' <Predicate = true> <Delay = 0.71> <CoreInst = "Adder">   --->   Core 1 'Adder' <Latency = 0> <II = 1> <Delay = 0.71> <FuncUnit> <Opcode : 'add' 'sub'> <InPorts = 2> <OutPorts = 1>
ST_1 : Operation 1933 [1/1] (0.00ns)   --->   "%zext_ln58_232 = zext i9 %add_ln58_175" [firmware/nnet_utils/nnet_dense_latency.h:58]   --->   Operation 1933 'zext' 'zext_ln58_232' <Predicate = true> <Delay = 0.00>
ST_1 : Operation 1934 [1/1] (0.00ns)   --->   "%or_ln58_1 = bitconcatenate i9 @_ssdm_op_BitConcatenate.i9.i1.i8, i1 1, i8 %sub_ln73_353" [firmware/nnet_utils/nnet_dense_latency.h:58]   --->   Operation 1934 'bitconcatenate' 'or_ln58_1' <Predicate = true> <Delay = 0.00>
ST_1 : Operation 1935 [1/1] (0.00ns)   --->   "%sext_ln58_67 = sext i9 %or_ln58_1" [firmware/nnet_utils/nnet_dense_latency.h:58]   --->   Operation 1935 'sext' 'sext_ln58_67' <Predicate = true> <Delay = 0.00>
ST_1 : Operation 1936 [1/1] (0.71ns)   --->   "%add_ln58_176 = add i10 %sext_ln58_67, i10 %zext_ln58_200" [firmware/nnet_utils/nnet_dense_latency.h:58]   --->   Operation 1936 'add' 'add_ln58_176' <Predicate = true> <Delay = 0.71> <CoreInst = "Adder">   --->   Core 1 'Adder' <Latency = 0> <II = 1> <Delay = 0.71> <FuncUnit> <Opcode : 'add' 'sub'> <InPorts = 2> <OutPorts = 1>
ST_1 : Operation 1937 [1/1] (0.00ns)   --->   "%sext_ln58_68 = sext i10 %add_ln58_176" [firmware/nnet_utils/nnet_dense_latency.h:58]   --->   Operation 1937 'sext' 'sext_ln58_68' <Predicate = true> <Delay = 0.00>
ST_1 : Operation 1938 [1/1] (0.72ns)   --->   "%add_ln58_177 = add i11 %sext_ln58_68, i11 %zext_ln58_232" [firmware/nnet_utils/nnet_dense_latency.h:58]   --->   Operation 1938 'add' 'add_ln58_177' <Predicate = true> <Delay = 0.72> <CoreInst = "Adder">   --->   Core 1 'Adder' <Latency = 0> <II = 1> <Delay = 0.72> <FuncUnit> <Opcode : 'add' 'sub'> <InPorts = 2> <OutPorts = 1>
ST_1 : Operation 1939 [1/1] (0.00ns)   --->   "%sext_ln58_69 = sext i11 %add_ln58_177" [firmware/nnet_utils/nnet_dense_latency.h:58]   --->   Operation 1939 'sext' 'sext_ln58_69' <Predicate = true> <Delay = 0.00>
ST_1 : Operation 1940 [1/1] (0.70ns)   --->   "%add_ln58_178 = add i7 %zext_ln73_18, i7 %zext_ln73_70" [firmware/nnet_utils/nnet_dense_latency.h:58]   --->   Operation 1940 'add' 'add_ln58_178' <Predicate = true> <Delay = 0.70> <CoreInst = "Adder">   --->   Core 1 'Adder' <Latency = 0> <II = 1> <Delay = 0.70> <FuncUnit> <Opcode : 'add' 'sub'> <InPorts = 2> <OutPorts = 1>
ST_1 : Operation 1941 [1/1] (0.00ns)   --->   "%zext_ln58_233 = zext i7 %add_ln58_178" [firmware/nnet_utils/nnet_dense_latency.h:58]   --->   Operation 1941 'zext' 'zext_ln58_233' <Predicate = true> <Delay = 0.00>
ST_1 : Operation 1942 [1/1] (0.70ns)   --->   "%add_ln58_179 = add i7 %zext_ln73_129, i7 %zext_ln73_142" [firmware/nnet_utils/nnet_dense_latency.h:58]   --->   Operation 1942 'add' 'add_ln58_179' <Predicate = true> <Delay = 0.70> <CoreInst = "Adder">   --->   Core 1 'Adder' <Latency = 0> <II = 1> <Delay = 0.70> <FuncUnit> <Opcode : 'add' 'sub'> <InPorts = 2> <OutPorts = 1>
ST_1 : Operation 1943 [1/1] (0.00ns)   --->   "%zext_ln58_234 = zext i7 %add_ln58_179" [firmware/nnet_utils/nnet_dense_latency.h:58]   --->   Operation 1943 'zext' 'zext_ln58_234' <Predicate = true> <Delay = 0.00>
ST_1 : Operation 1944 [1/1] (0.70ns)   --->   "%add_ln58_180 = add i8 %zext_ln58_234, i8 %zext_ln73_82" [firmware/nnet_utils/nnet_dense_latency.h:58]   --->   Operation 1944 'add' 'add_ln58_180' <Predicate = true> <Delay = 0.70> <CoreInst = "Adder">   --->   Core 1 'Adder' <Latency = 0> <II = 1> <Delay = 0.70> <FuncUnit> <Opcode : 'add' 'sub'> <InPorts = 2> <OutPorts = 1>
ST_1 : Operation 1945 [1/1] (0.00ns)   --->   "%zext_ln58_235 = zext i8 %add_ln58_180" [firmware/nnet_utils/nnet_dense_latency.h:58]   --->   Operation 1945 'zext' 'zext_ln58_235' <Predicate = true> <Delay = 0.00>
ST_1 : Operation 1946 [1/1] (0.70ns)   --->   "%add_ln58_181 = add i9 %zext_ln58_235, i9 %zext_ln58_233" [firmware/nnet_utils/nnet_dense_latency.h:58]   --->   Operation 1946 'add' 'add_ln58_181' <Predicate = true> <Delay = 0.70> <CoreInst = "Adder">   --->   Core 1 'Adder' <Latency = 0> <II = 1> <Delay = 0.70> <FuncUnit> <Opcode : 'add' 'sub'> <InPorts = 2> <OutPorts = 1>
ST_1 : Operation 1947 [1/1] (0.00ns)   --->   "%zext_ln58_236 = zext i9 %add_ln58_181" [firmware/nnet_utils/nnet_dense_latency.h:58]   --->   Operation 1947 'zext' 'zext_ln58_236' <Predicate = true> <Delay = 0.00>
ST_1 : Operation 1948 [1/1] (0.73ns)   --->   "%add_ln58_182 = add i12 %zext_ln58_236, i12 %sext_ln58_69" [firmware/nnet_utils/nnet_dense_latency.h:58]   --->   Operation 1948 'add' 'add_ln58_182' <Predicate = true> <Delay = 0.73> <CoreInst = "Adder">   --->   Core 1 'Adder' <Latency = 0> <II = 1> <Delay = 0.73> <FuncUnit> <Opcode : 'add' 'sub'> <InPorts = 2> <OutPorts = 1>
ST_1 : Operation 1949 [1/1] (0.00ns)   --->   "%zext_ln58_237 = zext i11 %add_ln73_59" [firmware/nnet_utils/nnet_dense_latency.h:58]   --->   Operation 1949 'zext' 'zext_ln58_237' <Predicate = true> <Delay = 0.00>
ST_1 : Operation 1950 [1/1] (0.77ns) (root node of TernaryAdder)   --->   "%add_ln58_185 = add i11 %mult_22, i11 %sext_ln17_42" [firmware/nnet_utils/nnet_dense_latency.h:58]   --->   Operation 1950 'add' 'add_ln58_185' <Predicate = true> <Delay = 0.77> <CoreInst = "TAddSub">   --->   Core 10 'TAddSub' <Latency = 0> <II = 1> <Delay = 0.34> <IPBlock> <Opcode : '' 'add' 'sub'> <InPorts = 3> <OutPorts = 1> <Sync> <CReg>
ST_1 : Operation 1951 [1/1] (0.00ns)   --->   "%sext_ln58_73 = sext i11 %add_ln58_185" [firmware/nnet_utils/nnet_dense_latency.h:58]   --->   Operation 1951 'sext' 'sext_ln58_73' <Predicate = true> <Delay = 0.00>
ST_1 : Operation 1952 [1/1] (0.00ns) (grouped into TernaryAdder)   --->   "%add_ln58_186 = add i12 %sext_ln17_86, i12 %sext_ln17_101" [firmware/nnet_utils/nnet_dense_latency.h:58]   --->   Operation 1952 'add' 'add_ln58_186' <Predicate = true> <Delay = 0.00> <CoreInst = "TAddSub">   --->   Core 10 'TAddSub' <Latency = 0> <II = 1> <Delay = 0.34> <IPBlock> <Opcode : '' 'add' 'sub'> <InPorts = 3> <OutPorts = 1> <Sync> <CReg>
ST_1 : Operation 1953 [1/1] (0.75ns) (root node of TernaryAdder)   --->   "%add_ln58_187 = add i12 %add_ln58_186, i12 %sext_ln17_79" [firmware/nnet_utils/nnet_dense_latency.h:58]   --->   Operation 1953 'add' 'add_ln58_187' <Predicate = true> <Delay = 0.75> <CoreInst = "TAddSub">   --->   Core 10 'TAddSub' <Latency = 0> <II = 1> <Delay = 0.34> <IPBlock> <Opcode : '' 'add' 'sub'> <InPorts = 3> <OutPorts = 1> <Sync> <CReg>
ST_1 : Operation 1954 [1/1] (0.00ns)   --->   "%sext_ln58_74 = sext i12 %add_ln58_187" [firmware/nnet_utils/nnet_dense_latency.h:58]   --->   Operation 1954 'sext' 'sext_ln58_74' <Predicate = true> <Delay = 0.00>
ST_1 : Operation 1955 [1/1] (0.74ns)   --->   "%add_ln58_188 = add i13 %sext_ln58_74, i13 %sext_ln58_73" [firmware/nnet_utils/nnet_dense_latency.h:58]   --->   Operation 1955 'add' 'add_ln58_188' <Predicate = true> <Delay = 0.74> <CoreInst = "Adder">   --->   Core 1 'Adder' <Latency = 0> <II = 1> <Delay = 0.74> <FuncUnit> <Opcode : 'add' 'sub'> <InPorts = 2> <OutPorts = 1>
ST_1 : Operation 1956 [1/1] (0.00ns) (grouped into TernaryAdder)   --->   "%add_ln58_189 = add i12 %sext_ln17_139, i12 %sext_ln17_187" [firmware/nnet_utils/nnet_dense_latency.h:58]   --->   Operation 1956 'add' 'add_ln58_189' <Predicate = true> <Delay = 0.00> <CoreInst = "TAddSub">   --->   Core 10 'TAddSub' <Latency = 0> <II = 1> <Delay = 0.34> <IPBlock> <Opcode : '' 'add' 'sub'> <InPorts = 3> <OutPorts = 1> <Sync> <CReg>
ST_1 : Operation 1957 [1/1] (0.71ns)   --->   "%add_ln58_190 = add i9 %zext_ln58_20, i9 %add_ln73_14" [firmware/nnet_utils/nnet_dense_latency.h:58]   --->   Operation 1957 'add' 'add_ln58_190' <Predicate = true> <Delay = 0.71> <CoreInst = "Adder">   --->   Core 1 'Adder' <Latency = 0> <II = 1> <Delay = 0.71> <FuncUnit> <Opcode : 'add' 'sub'> <InPorts = 2> <OutPorts = 1>
ST_1 : Operation 1958 [1/1] (0.00ns)   --->   "%zext_ln58_238 = zext i9 %add_ln58_190" [firmware/nnet_utils/nnet_dense_latency.h:58]   --->   Operation 1958 'zext' 'zext_ln58_238' <Predicate = true> <Delay = 0.00>
ST_1 : Operation 1959 [1/1] (0.72ns)   --->   "%add_ln58_191 = add i10 %zext_ln58_238, i10 %mult_300" [firmware/nnet_utils/nnet_dense_latency.h:58]   --->   Operation 1959 'add' 'add_ln58_191' <Predicate = true> <Delay = 0.72> <CoreInst = "Adder">   --->   Core 1 'Adder' <Latency = 0> <II = 1> <Delay = 0.72> <FuncUnit> <Opcode : 'add' 'sub'> <InPorts = 2> <OutPorts = 1>
ST_1 : Operation 1960 [1/1] (0.00ns)   --->   "%sext_ln58_76 = sext i10 %add_ln58_191" [firmware/nnet_utils/nnet_dense_latency.h:58]   --->   Operation 1960 'sext' 'sext_ln58_76' <Predicate = true> <Delay = 0.00>
ST_1 : Operation 1961 [1/1] (0.75ns) (root node of TernaryAdder)   --->   "%add_ln58_192 = add i12 %sext_ln58_76, i12 %add_ln58_189" [firmware/nnet_utils/nnet_dense_latency.h:58]   --->   Operation 1961 'add' 'add_ln58_192' <Predicate = true> <Delay = 0.75> <CoreInst = "TAddSub">   --->   Core 10 'TAddSub' <Latency = 0> <II = 1> <Delay = 0.34> <IPBlock> <Opcode : '' 'add' 'sub'> <InPorts = 3> <OutPorts = 1> <Sync> <CReg>
ST_1 : Operation 1962 [1/1] (0.71ns)   --->   "%add_ln58_194 = add i9 %zext_ln73_311, i9 %add_ln73_27" [firmware/nnet_utils/nnet_dense_latency.h:58]   --->   Operation 1962 'add' 'add_ln58_194' <Predicate = true> <Delay = 0.71> <CoreInst = "Adder">   --->   Core 1 'Adder' <Latency = 0> <II = 1> <Delay = 0.71> <FuncUnit> <Opcode : 'add' 'sub'> <InPorts = 2> <OutPorts = 1>
ST_1 : Operation 1963 [1/1] (0.00ns)   --->   "%zext_ln58_239 = zext i9 %add_ln58_194" [firmware/nnet_utils/nnet_dense_latency.h:58]   --->   Operation 1963 'zext' 'zext_ln58_239' <Predicate = true> <Delay = 0.00>
ST_1 : Operation 1964 [1/1] (0.77ns) (root node of TernaryAdder)   --->   "%add_ln58_195 = add i11 %zext_ln58_85, i11 %add_ln73_45" [firmware/nnet_utils/nnet_dense_latency.h:58]   --->   Operation 1964 'add' 'add_ln58_195' <Predicate = true> <Delay = 0.77> <CoreInst = "TAddSub">   --->   Core 10 'TAddSub' <Latency = 0> <II = 1> <Delay = 0.34> <IPBlock> <Opcode : '' 'add' 'sub'> <InPorts = 3> <OutPorts = 1> <Sync> <CReg>
ST_1 : Operation 1965 [1/1] (0.00ns)   --->   "%zext_ln58_240 = zext i11 %add_ln58_195" [firmware/nnet_utils/nnet_dense_latency.h:58]   --->   Operation 1965 'zext' 'zext_ln58_240' <Predicate = true> <Delay = 0.00>
ST_1 : Operation 1966 [1/1] (0.00ns) (grouped into TernaryAdder)   --->   "%add_ln58_196 = add i12 %zext_ln58_240, i12 %zext_ln17_48" [firmware/nnet_utils/nnet_dense_latency.h:58]   --->   Operation 1966 'add' 'add_ln58_196' <Predicate = true> <Delay = 0.00> <CoreInst = "TAddSub">   --->   Core 10 'TAddSub' <Latency = 0> <II = 1> <Delay = 0.34> <IPBlock> <Opcode : '' 'add' 'sub'> <InPorts = 3> <OutPorts = 1> <Sync> <CReg>
ST_1 : Operation 1967 [1/1] (0.75ns) (root node of TernaryAdder)   --->   "%add_ln58_197 = add i12 %add_ln58_196, i12 %zext_ln58_239" [firmware/nnet_utils/nnet_dense_latency.h:58]   --->   Operation 1967 'add' 'add_ln58_197' <Predicate = true> <Delay = 0.75> <CoreInst = "TAddSub">   --->   Core 10 'TAddSub' <Latency = 0> <II = 1> <Delay = 0.34> <IPBlock> <Opcode : '' 'add' 'sub'> <InPorts = 3> <OutPorts = 1> <Sync> <CReg>
ST_1 : Operation 1968 [1/1] (0.00ns)   --->   "%zext_ln58_241 = zext i12 %add_ln58_197" [firmware/nnet_utils/nnet_dense_latency.h:58]   --->   Operation 1968 'zext' 'zext_ln58_241' <Predicate = true> <Delay = 0.00>
ST_1 : Operation 1969 [1/1] (0.72ns)   --->   "%add_ln58_198 = add i10 %add_ln73_52, i10 %zext_ln58_136" [firmware/nnet_utils/nnet_dense_latency.h:58]   --->   Operation 1969 'add' 'add_ln58_198' <Predicate = true> <Delay = 0.72> <CoreInst = "Adder">   --->   Core 1 'Adder' <Latency = 0> <II = 1> <Delay = 0.72> <FuncUnit> <Opcode : 'add' 'sub'> <InPorts = 2> <OutPorts = 1>
ST_1 : Operation 1970 [1/1] (0.00ns)   --->   "%zext_ln58_242 = zext i10 %add_ln58_198" [firmware/nnet_utils/nnet_dense_latency.h:58]   --->   Operation 1970 'zext' 'zext_ln58_242' <Predicate = true> <Delay = 0.00>
ST_1 : Operation 1971 [1/1] (0.00ns)   --->   "%zext_ln58_249_cast = bitconcatenate i10 @_ssdm_op_BitConcatenate.i10.i3.i7, i3 5, i7 %zext_ln73_65" [firmware/nnet_utils/nnet_dense_latency.h:58]   --->   Operation 1971 'bitconcatenate' 'zext_ln58_249_cast' <Predicate = true> <Delay = 0.00>
ST_1 : Operation 1972 [1/1] (0.00ns)   --->   "%zext_ln58_243 = zext i10 %zext_ln58_249_cast" [firmware/nnet_utils/nnet_dense_latency.h:58]   --->   Operation 1972 'zext' 'zext_ln58_243' <Predicate = true> <Delay = 0.00>
ST_1 : Operation 1973 [1/1] (0.00ns) (grouped into TernaryAdder)   --->   "%add_ln58_199 = add i12 %zext_ln58_243, i12 %zext_ln58_237" [firmware/nnet_utils/nnet_dense_latency.h:58]   --->   Operation 1973 'add' 'add_ln58_199' <Predicate = true> <Delay = 0.00> <CoreInst = "TAddSub">   --->   Core 10 'TAddSub' <Latency = 0> <II = 1> <Delay = 0.34> <IPBlock> <Opcode : '' 'add' 'sub'> <InPorts = 3> <OutPorts = 1> <Sync> <CReg>
ST_1 : Operation 1974 [1/1] (0.75ns) (root node of TernaryAdder)   --->   "%add_ln58_200 = add i12 %add_ln58_199, i12 %zext_ln58_242" [firmware/nnet_utils/nnet_dense_latency.h:58]   --->   Operation 1974 'add' 'add_ln58_200' <Predicate = true> <Delay = 0.75> <CoreInst = "TAddSub">   --->   Core 10 'TAddSub' <Latency = 0> <II = 1> <Delay = 0.34> <IPBlock> <Opcode : '' 'add' 'sub'> <InPorts = 3> <OutPorts = 1> <Sync> <CReg>
ST_1 : Operation 1975 [1/1] (0.00ns)   --->   "%zext_ln58_244 = zext i12 %add_ln58_200" [firmware/nnet_utils/nnet_dense_latency.h:58]   --->   Operation 1975 'zext' 'zext_ln58_244' <Predicate = true> <Delay = 0.00>
ST_1 : Operation 1976 [1/1] (0.74ns)   --->   "%add_ln58_201 = add i13 %zext_ln58_244, i13 %zext_ln58_241" [firmware/nnet_utils/nnet_dense_latency.h:58]   --->   Operation 1976 'add' 'add_ln58_201' <Predicate = true> <Delay = 0.74> <CoreInst = "Adder">   --->   Core 1 'Adder' <Latency = 0> <II = 1> <Delay = 0.74> <FuncUnit> <Opcode : 'add' 'sub'> <InPorts = 2> <OutPorts = 1>
ST_1 : Operation 1977 [1/1] (0.71ns)   --->   "%add_ln58_203 = add i10 %sext_ln17_47, i10 %sext_ln17_48" [firmware/nnet_utils/nnet_dense_latency.h:58]   --->   Operation 1977 'add' 'add_ln58_203' <Predicate = true> <Delay = 0.71> <CoreInst = "Adder">   --->   Core 1 'Adder' <Latency = 0> <II = 1> <Delay = 0.71> <FuncUnit> <Opcode : 'add' 'sub'> <InPorts = 2> <OutPorts = 1>
ST_1 : Operation 1978 [1/1] (0.00ns)   --->   "%sext_ln58_79 = sext i10 %add_ln58_203" [firmware/nnet_utils/nnet_dense_latency.h:58]   --->   Operation 1978 'sext' 'sext_ln58_79' <Predicate = true> <Delay = 0.00>
ST_1 : Operation 1979 [1/1] (0.71ns)   --->   "%add_ln58_204 = add i9 %sext_ln17_63, i9 %mult_109" [firmware/nnet_utils/nnet_dense_latency.h:58]   --->   Operation 1979 'add' 'add_ln58_204' <Predicate = true> <Delay = 0.71> <CoreInst = "Adder">   --->   Core 1 'Adder' <Latency = 0> <II = 1> <Delay = 0.71> <FuncUnit> <Opcode : 'add' 'sub'> <InPorts = 2> <OutPorts = 1>
ST_1 : Operation 1980 [1/1] (0.00ns)   --->   "%sext_ln58_80 = sext i9 %add_ln58_204" [firmware/nnet_utils/nnet_dense_latency.h:58]   --->   Operation 1980 'sext' 'sext_ln58_80' <Predicate = true> <Delay = 0.00>
ST_1 : Operation 1981 [1/1] (0.00ns) (grouped into TernaryAdder)   --->   "%add_ln58_205 = add i11 %sext_ln58_80, i11 %sext_ln17_54" [firmware/nnet_utils/nnet_dense_latency.h:58]   --->   Operation 1981 'add' 'add_ln58_205' <Predicate = true> <Delay = 0.00> <CoreInst = "TAddSub">   --->   Core 10 'TAddSub' <Latency = 0> <II = 1> <Delay = 0.34> <IPBlock> <Opcode : '' 'add' 'sub'> <InPorts = 3> <OutPorts = 1> <Sync> <CReg>
ST_1 : Operation 1982 [1/1] (0.77ns) (root node of TernaryAdder)   --->   "%add_ln58_206 = add i11 %add_ln58_205, i11 %sext_ln58_79" [firmware/nnet_utils/nnet_dense_latency.h:58]   --->   Operation 1982 'add' 'add_ln58_206' <Predicate = true> <Delay = 0.77> <CoreInst = "TAddSub">   --->   Core 10 'TAddSub' <Latency = 0> <II = 1> <Delay = 0.34> <IPBlock> <Opcode : '' 'add' 'sub'> <InPorts = 3> <OutPorts = 1> <Sync> <CReg>
ST_1 : Operation 1983 [1/1] (0.00ns)   --->   "%sext_ln58_81 = sext i11 %add_ln58_206" [firmware/nnet_utils/nnet_dense_latency.h:58]   --->   Operation 1983 'sext' 'sext_ln58_81' <Predicate = true> <Delay = 0.00>
ST_1 : Operation 1984 [1/1] (0.00ns) (grouped into TernaryAdder)   --->   "%add_ln58_207 = add i11 %sext_ln17_103, i11 %sext_ln17_107" [firmware/nnet_utils/nnet_dense_latency.h:58]   --->   Operation 1984 'add' 'add_ln58_207' <Predicate = true> <Delay = 0.00> <CoreInst = "TAddSub">   --->   Core 10 'TAddSub' <Latency = 0> <II = 1> <Delay = 0.34> <IPBlock> <Opcode : '' 'add' 'sub'> <InPorts = 3> <OutPorts = 1> <Sync> <CReg>
ST_1 : Operation 1985 [1/1] (0.00ns) (grouped into TernaryAdder)   --->   "%add_ln58_208 = add i9 %sext_ln17_159, i9 %sext_ln17_216" [firmware/nnet_utils/nnet_dense_latency.h:58]   --->   Operation 1985 'add' 'add_ln58_208' <Predicate = true> <Delay = 0.00> <CoreInst = "TAddSub">   --->   Core 10 'TAddSub' <Latency = 0> <II = 1> <Delay = 0.34> <IPBlock> <Opcode : '' 'add' 'sub'> <InPorts = 3> <OutPorts = 1> <Sync> <CReg>
ST_1 : Operation 1986 [1/1] (0.81ns) (root node of TernaryAdder)   --->   "%add_ln58_209 = add i9 %add_ln58_208, i9 %sext_ln17_131" [firmware/nnet_utils/nnet_dense_latency.h:58]   --->   Operation 1986 'add' 'add_ln58_209' <Predicate = true> <Delay = 0.81> <CoreInst = "TAddSub">   --->   Core 10 'TAddSub' <Latency = 0> <II = 1> <Delay = 0.34> <IPBlock> <Opcode : '' 'add' 'sub'> <InPorts = 3> <OutPorts = 1> <Sync> <CReg>
ST_1 : Operation 1987 [1/1] (0.00ns)   --->   "%sext_ln58_82 = sext i9 %add_ln58_209" [firmware/nnet_utils/nnet_dense_latency.h:58]   --->   Operation 1987 'sext' 'sext_ln58_82' <Predicate = true> <Delay = 0.00>
ST_1 : Operation 1988 [1/1] (0.77ns) (root node of TernaryAdder)   --->   "%add_ln58_210 = add i11 %sext_ln58_82, i11 %add_ln58_207" [firmware/nnet_utils/nnet_dense_latency.h:58]   --->   Operation 1988 'add' 'add_ln58_210' <Predicate = true> <Delay = 0.77> <CoreInst = "TAddSub">   --->   Core 10 'TAddSub' <Latency = 0> <II = 1> <Delay = 0.34> <IPBlock> <Opcode : '' 'add' 'sub'> <InPorts = 3> <OutPorts = 1> <Sync> <CReg>
ST_1 : Operation 1989 [1/1] (0.00ns)   --->   "%sext_ln58_83 = sext i11 %add_ln58_210" [firmware/nnet_utils/nnet_dense_latency.h:58]   --->   Operation 1989 'sext' 'sext_ln58_83' <Predicate = true> <Delay = 0.00>
ST_1 : Operation 1990 [1/1] (0.73ns)   --->   "%add_ln58_211 = add i12 %sext_ln58_83, i12 %sext_ln58_81" [firmware/nnet_utils/nnet_dense_latency.h:58]   --->   Operation 1990 'add' 'add_ln58_211' <Predicate = true> <Delay = 0.73> <CoreInst = "Adder">   --->   Core 1 'Adder' <Latency = 0> <II = 1> <Delay = 0.73> <FuncUnit> <Opcode : 'add' 'sub'> <InPorts = 2> <OutPorts = 1>
ST_1 : Operation 1991 [1/1] (0.79ns) (root node of TernaryAdder)   --->   "%add_ln58_212 = add i10 %add_ln73_6, i10 %sext_ln58" [firmware/nnet_utils/nnet_dense_latency.h:58]   --->   Operation 1991 'add' 'add_ln58_212' <Predicate = true> <Delay = 0.79> <CoreInst = "TAddSub">   --->   Core 10 'TAddSub' <Latency = 0> <II = 1> <Delay = 0.34> <IPBlock> <Opcode : '' 'add' 'sub'> <InPorts = 3> <OutPorts = 1> <Sync> <CReg>
ST_1 : Operation 1992 [1/1] (0.00ns)   --->   "%sext_ln58_85 = sext i10 %add_ln58_212" [firmware/nnet_utils/nnet_dense_latency.h:58]   --->   Operation 1992 'sext' 'sext_ln58_85' <Predicate = true> <Delay = 0.00>
ST_1 : Operation 1993 [1/1] (0.00ns) (grouped into TernaryAdder)   --->   "%add_ln58_213 = add i11 %zext_ln58_45, i11 %zext_ln58_57" [firmware/nnet_utils/nnet_dense_latency.h:58]   --->   Operation 1993 'add' 'add_ln58_213' <Predicate = true> <Delay = 0.00> <CoreInst = "TAddSub">   --->   Core 10 'TAddSub' <Latency = 0> <II = 1> <Delay = 0.34> <IPBlock> <Opcode : '' 'add' 'sub'> <InPorts = 3> <OutPorts = 1> <Sync> <CReg>
ST_1 : Operation 1994 [1/1] (0.77ns) (root node of TernaryAdder)   --->   "%add_ln58_214 = add i11 %add_ln58_213, i11 %zext_ln58_38" [firmware/nnet_utils/nnet_dense_latency.h:58]   --->   Operation 1994 'add' 'add_ln58_214' <Predicate = true> <Delay = 0.77> <CoreInst = "TAddSub">   --->   Core 10 'TAddSub' <Latency = 0> <II = 1> <Delay = 0.34> <IPBlock> <Opcode : '' 'add' 'sub'> <InPorts = 3> <OutPorts = 1> <Sync> <CReg>
ST_1 : Operation 1995 [1/1] (0.00ns)   --->   "%zext_ln58_246 = zext i11 %add_ln58_214" [firmware/nnet_utils/nnet_dense_latency.h:58]   --->   Operation 1995 'zext' 'zext_ln58_246' <Predicate = true> <Delay = 0.00>
ST_1 : Operation 1996 [1/1] (0.73ns)   --->   "%add_ln58_215 = add i13 %zext_ln58_246, i13 %sext_ln58_85" [firmware/nnet_utils/nnet_dense_latency.h:58]   --->   Operation 1996 'add' 'add_ln58_215' <Predicate = true> <Delay = 0.73> <CoreInst = "Adder">   --->   Core 1 'Adder' <Latency = 0> <II = 1> <Delay = 0.73> <FuncUnit> <Opcode : 'add' 'sub'> <InPorts = 2> <OutPorts = 1>
ST_1 : Operation 1997 [1/1] (0.70ns)   --->   "%add_ln58_216 = add i9 %zext_ln17_42, i9 %zext_ln17_51" [firmware/nnet_utils/nnet_dense_latency.h:58]   --->   Operation 1997 'add' 'add_ln58_216' <Predicate = true> <Delay = 0.70> <CoreInst = "Adder">   --->   Core 1 'Adder' <Latency = 0> <II = 1> <Delay = 0.70> <FuncUnit> <Opcode : 'add' 'sub'> <InPorts = 2> <OutPorts = 1>
ST_1 : Operation 1998 [1/1] (0.00ns)   --->   "%zext_ln58_247 = zext i9 %add_ln58_216" [firmware/nnet_utils/nnet_dense_latency.h:58]   --->   Operation 1998 'zext' 'zext_ln58_247' <Predicate = true> <Delay = 0.00>
ST_1 : Operation 1999 [1/1] (0.00ns) (grouped into TernaryAdder)   --->   "%add_ln58_217 = add i10 %zext_ln58_122, i10 %zext_ln58_130" [firmware/nnet_utils/nnet_dense_latency.h:58]   --->   Operation 1999 'add' 'add_ln58_217' <Predicate = true> <Delay = 0.00> <CoreInst = "TAddSub">   --->   Core 10 'TAddSub' <Latency = 0> <II = 1> <Delay = 0.34> <IPBlock> <Opcode : '' 'add' 'sub'> <InPorts = 3> <OutPorts = 1> <Sync> <CReg>
ST_1 : Operation 2000 [1/1] (0.79ns) (root node of TernaryAdder)   --->   "%add_ln58_218 = add i10 %add_ln58_217, i10 %zext_ln58_78" [firmware/nnet_utils/nnet_dense_latency.h:58]   --->   Operation 2000 'add' 'add_ln58_218' <Predicate = true> <Delay = 0.79> <CoreInst = "TAddSub">   --->   Core 10 'TAddSub' <Latency = 0> <II = 1> <Delay = 0.34> <IPBlock> <Opcode : '' 'add' 'sub'> <InPorts = 3> <OutPorts = 1> <Sync> <CReg>
ST_1 : Operation 2001 [1/1] (0.00ns)   --->   "%zext_ln58_248 = zext i10 %add_ln58_218" [firmware/nnet_utils/nnet_dense_latency.h:58]   --->   Operation 2001 'zext' 'zext_ln58_248' <Predicate = true> <Delay = 0.00>
ST_1 : Operation 2002 [1/1] (0.72ns)   --->   "%add_ln58_219 = add i11 %zext_ln58_248, i11 %zext_ln58_247" [firmware/nnet_utils/nnet_dense_latency.h:58]   --->   Operation 2002 'add' 'add_ln58_219' <Predicate = true> <Delay = 0.72> <CoreInst = "Adder">   --->   Core 1 'Adder' <Latency = 0> <II = 1> <Delay = 0.72> <FuncUnit> <Opcode : 'add' 'sub'> <InPorts = 2> <OutPorts = 1>
ST_1 : Operation 2003 [1/1] (0.70ns)   --->   "%add_ln58_222 = add i9 %sext_ln17_10, i9 %sext_ln17_25" [firmware/nnet_utils/nnet_dense_latency.h:58]   --->   Operation 2003 'add' 'add_ln58_222' <Predicate = true> <Delay = 0.70> <CoreInst = "Adder">   --->   Core 1 'Adder' <Latency = 0> <II = 1> <Delay = 0.70> <FuncUnit> <Opcode : 'add' 'sub'> <InPorts = 2> <OutPorts = 1>
ST_1 : Operation 2004 [1/1] (0.00ns)   --->   "%sext_ln58_87 = sext i9 %add_ln58_222" [firmware/nnet_utils/nnet_dense_latency.h:58]   --->   Operation 2004 'sext' 'sext_ln58_87' <Predicate = true> <Delay = 0.00>
ST_1 : Operation 2005 [1/1] (0.81ns) (root node of TernaryAdder)   --->   "%add_ln58_223 = add i9 %mult_54, i9 %sext_ln17_41" [firmware/nnet_utils/nnet_dense_latency.h:58]   --->   Operation 2005 'add' 'add_ln58_223' <Predicate = true> <Delay = 0.81> <CoreInst = "TAddSub">   --->   Core 10 'TAddSub' <Latency = 0> <II = 1> <Delay = 0.34> <IPBlock> <Opcode : '' 'add' 'sub'> <InPorts = 3> <OutPorts = 1> <Sync> <CReg>
ST_1 : Operation 2006 [1/1] (0.00ns)   --->   "%sext_ln58_88 = sext i9 %add_ln58_223" [firmware/nnet_utils/nnet_dense_latency.h:58]   --->   Operation 2006 'sext' 'sext_ln58_88' <Predicate = true> <Delay = 0.00>
ST_1 : Operation 2007 [1/1] (0.71ns)   --->   "%add_ln58_224 = add i10 %sext_ln58_88, i10 %sext_ln58_87" [firmware/nnet_utils/nnet_dense_latency.h:58]   --->   Operation 2007 'add' 'add_ln58_224' <Predicate = true> <Delay = 0.71> <CoreInst = "Adder">   --->   Core 1 'Adder' <Latency = 0> <II = 1> <Delay = 0.71> <FuncUnit> <Opcode : 'add' 'sub'> <InPorts = 2> <OutPorts = 1>
ST_1 : Operation 2008 [1/1] (0.00ns)   --->   "%sext_ln58_89 = sext i10 %add_ln58_224" [firmware/nnet_utils/nnet_dense_latency.h:58]   --->   Operation 2008 'sext' 'sext_ln58_89' <Predicate = true> <Delay = 0.00>
ST_1 : Operation 2009 [1/1] (0.79ns) (root node of TernaryAdder)   --->   "%add_ln58_225 = add i10 %sext_ln17_56, i10 %mult_86" [firmware/nnet_utils/nnet_dense_latency.h:58]   --->   Operation 2009 'add' 'add_ln58_225' <Predicate = true> <Delay = 0.79> <CoreInst = "TAddSub">   --->   Core 10 'TAddSub' <Latency = 0> <II = 1> <Delay = 0.34> <IPBlock> <Opcode : '' 'add' 'sub'> <InPorts = 3> <OutPorts = 1> <Sync> <CReg>
ST_1 : Operation 2010 [1/1] (0.00ns)   --->   "%sext_ln58_90 = sext i10 %add_ln58_225" [firmware/nnet_utils/nnet_dense_latency.h:58]   --->   Operation 2010 'sext' 'sext_ln58_90' <Predicate = true> <Delay = 0.00>
ST_1 : Operation 2011 [1/1] (0.73ns)   --->   "%add_ln58_226 = add i12 %sext_ln17_77, i12 %sext_ln17_80" [firmware/nnet_utils/nnet_dense_latency.h:58]   --->   Operation 2011 'add' 'add_ln58_226' <Predicate = true> <Delay = 0.73> <CoreInst = "Adder">   --->   Core 1 'Adder' <Latency = 0> <II = 1> <Delay = 0.73> <FuncUnit> <Opcode : 'add' 'sub'> <InPorts = 2> <OutPorts = 1>
ST_1 : Operation 2012 [1/1] (0.00ns) (grouped into TernaryAdder)   --->   "%add_ln58_227 = add i12 %add_ln58_226, i12 %sext_ln58_90" [firmware/nnet_utils/nnet_dense_latency.h:58]   --->   Operation 2012 'add' 'add_ln58_227' <Predicate = true> <Delay = 0.00> <CoreInst = "TAddSub">   --->   Core 10 'TAddSub' <Latency = 0> <II = 1> <Delay = 0.34> <IPBlock> <Opcode : '' 'add' 'sub'> <InPorts = 3> <OutPorts = 1> <Sync> <CReg>
ST_1 : Operation 2013 [1/1] (0.75ns) (root node of TernaryAdder)   --->   "%add_ln58_228 = add i12 %add_ln58_227, i12 %sext_ln58_89" [firmware/nnet_utils/nnet_dense_latency.h:58]   --->   Operation 2013 'add' 'add_ln58_228' <Predicate = true> <Delay = 0.75> <CoreInst = "TAddSub">   --->   Core 10 'TAddSub' <Latency = 0> <II = 1> <Delay = 0.34> <IPBlock> <Opcode : '' 'add' 'sub'> <InPorts = 3> <OutPorts = 1> <Sync> <CReg>
ST_1 : Operation 2014 [1/1] (0.79ns) (root node of TernaryAdder)   --->   "%add_ln58_229 = add i10 %mult_154, i10 %sext_ln17_114" [firmware/nnet_utils/nnet_dense_latency.h:58]   --->   Operation 2014 'add' 'add_ln58_229' <Predicate = true> <Delay = 0.79> <CoreInst = "TAddSub">   --->   Core 10 'TAddSub' <Latency = 0> <II = 1> <Delay = 0.34> <IPBlock> <Opcode : '' 'add' 'sub'> <InPorts = 3> <OutPorts = 1> <Sync> <CReg>
ST_1 : Operation 2015 [1/1] (0.00ns)   --->   "%sext_ln58_92 = sext i10 %add_ln58_229" [firmware/nnet_utils/nnet_dense_latency.h:58]   --->   Operation 2015 'sext' 'sext_ln58_92' <Predicate = true> <Delay = 0.00>
ST_1 : Operation 2016 [1/1] (0.81ns) (root node of TernaryAdder)   --->   "%add_ln58_230 = add i9 %mult_176, i9 %sext_ln17_131" [firmware/nnet_utils/nnet_dense_latency.h:58]   --->   Operation 2016 'add' 'add_ln58_230' <Predicate = true> <Delay = 0.81> <CoreInst = "TAddSub">   --->   Core 10 'TAddSub' <Latency = 0> <II = 1> <Delay = 0.34> <IPBlock> <Opcode : '' 'add' 'sub'> <InPorts = 3> <OutPorts = 1> <Sync> <CReg>
ST_1 : Operation 2017 [1/1] (0.00ns)   --->   "%sext_ln58_93 = sext i9 %add_ln58_230" [firmware/nnet_utils/nnet_dense_latency.h:58]   --->   Operation 2017 'sext' 'sext_ln58_93' <Predicate = true> <Delay = 0.00>
ST_1 : Operation 2018 [1/1] (0.72ns)   --->   "%add_ln58_231 = add i11 %sext_ln58_93, i11 %sext_ln58_92" [firmware/nnet_utils/nnet_dense_latency.h:58]   --->   Operation 2018 'add' 'add_ln58_231' <Predicate = true> <Delay = 0.72> <CoreInst = "Adder">   --->   Core 1 'Adder' <Latency = 0> <II = 1> <Delay = 0.72> <FuncUnit> <Opcode : 'add' 'sub'> <InPorts = 2> <OutPorts = 1>
ST_1 : Operation 2019 [1/1] (0.00ns)   --->   "%sext_ln58_94 = sext i11 %add_ln58_231" [firmware/nnet_utils/nnet_dense_latency.h:58]   --->   Operation 2019 'sext' 'sext_ln58_94' <Predicate = true> <Delay = 0.00>
ST_1 : Operation 2020 [1/1] (0.72ns)   --->   "%add_ln58_232 = add i11 %sext_ln17_134, i11 %sext_ln17_147" [firmware/nnet_utils/nnet_dense_latency.h:58]   --->   Operation 2020 'add' 'add_ln58_232' <Predicate = true> <Delay = 0.72> <CoreInst = "Adder">   --->   Core 1 'Adder' <Latency = 0> <II = 1> <Delay = 0.72> <FuncUnit> <Opcode : 'add' 'sub'> <InPorts = 2> <OutPorts = 1>
ST_1 : Operation 2021 [1/1] (0.00ns)   --->   "%sext_ln58_95 = sext i11 %add_ln58_232" [firmware/nnet_utils/nnet_dense_latency.h:58]   --->   Operation 2021 'sext' 'sext_ln58_95' <Predicate = true> <Delay = 0.00>
ST_1 : Operation 2022 [1/1] (0.73ns)   --->   "%add_ln58_233 = add i11 %mult_305, i11 %sext_ln17_213" [firmware/nnet_utils/nnet_dense_latency.h:58]   --->   Operation 2022 'add' 'add_ln58_233' <Predicate = true> <Delay = 0.73> <CoreInst = "Adder">   --->   Core 1 'Adder' <Latency = 0> <II = 1> <Delay = 0.73> <FuncUnit> <Opcode : 'add' 'sub'> <InPorts = 2> <OutPorts = 1>
ST_1 : Operation 2023 [1/1] (0.00ns)   --->   "%sext_ln58_96 = sext i11 %add_ln58_233" [firmware/nnet_utils/nnet_dense_latency.h:58]   --->   Operation 2023 'sext' 'sext_ln58_96' <Predicate = true> <Delay = 0.00>
ST_1 : Operation 2024 [1/1] (0.00ns) (grouped into TernaryAdder)   --->   "%add_ln58_234 = add i12 %sext_ln58_96, i12 %sext_ln17_157" [firmware/nnet_utils/nnet_dense_latency.h:58]   --->   Operation 2024 'add' 'add_ln58_234' <Predicate = true> <Delay = 0.00> <CoreInst = "TAddSub">   --->   Core 10 'TAddSub' <Latency = 0> <II = 1> <Delay = 0.34> <IPBlock> <Opcode : '' 'add' 'sub'> <InPorts = 3> <OutPorts = 1> <Sync> <CReg>
ST_1 : Operation 2025 [1/1] (0.75ns) (root node of TernaryAdder)   --->   "%add_ln58_235 = add i12 %add_ln58_234, i12 %sext_ln58_95" [firmware/nnet_utils/nnet_dense_latency.h:58]   --->   Operation 2025 'add' 'add_ln58_235' <Predicate = true> <Delay = 0.75> <CoreInst = "TAddSub">   --->   Core 10 'TAddSub' <Latency = 0> <II = 1> <Delay = 0.34> <IPBlock> <Opcode : '' 'add' 'sub'> <InPorts = 3> <OutPorts = 1> <Sync> <CReg>
ST_1 : Operation 2026 [1/1] (0.00ns)   --->   "%sext_ln58_97 = sext i12 %add_ln58_235" [firmware/nnet_utils/nnet_dense_latency.h:58]   --->   Operation 2026 'sext' 'sext_ln58_97' <Predicate = true> <Delay = 0.00>
ST_1 : Operation 2027 [1/1] (0.74ns)   --->   "%add_ln58_236 = add i13 %sext_ln58_97, i13 %sext_ln58_94" [firmware/nnet_utils/nnet_dense_latency.h:58]   --->   Operation 2027 'add' 'add_ln58_236' <Predicate = true> <Delay = 0.74> <CoreInst = "Adder">   --->   Core 1 'Adder' <Latency = 0> <II = 1> <Delay = 0.74> <FuncUnit> <Opcode : 'add' 'sub'> <InPorts = 2> <OutPorts = 1>
ST_1 : Operation 2028 [1/1] (0.81ns) (root node of TernaryAdder)   --->   "%add_ln58_238 = add i9 %zext_ln17_2, i9 %add_ln73_7" [firmware/nnet_utils/nnet_dense_latency.h:58]   --->   Operation 2028 'add' 'add_ln58_238' <Predicate = true> <Delay = 0.81> <CoreInst = "TAddSub">   --->   Core 10 'TAddSub' <Latency = 0> <II = 1> <Delay = 0.34> <IPBlock> <Opcode : '' 'add' 'sub'> <InPorts = 3> <OutPorts = 1> <Sync> <CReg>
ST_1 : Operation 2029 [1/1] (0.00ns)   --->   "%zext_ln58_250 = zext i9 %add_ln58_238" [firmware/nnet_utils/nnet_dense_latency.h:58]   --->   Operation 2029 'zext' 'zext_ln58_250' <Predicate = true> <Delay = 0.00>
ST_1 : Operation 2030 [1/1] (0.79ns) (root node of TernaryAdder)   --->   "%add_ln58_239 = add i10 %add_ln73_19, i10 %zext_ln58_49" [firmware/nnet_utils/nnet_dense_latency.h:58]   --->   Operation 2030 'add' 'add_ln58_239' <Predicate = true> <Delay = 0.79> <CoreInst = "TAddSub">   --->   Core 10 'TAddSub' <Latency = 0> <II = 1> <Delay = 0.34> <IPBlock> <Opcode : '' 'add' 'sub'> <InPorts = 3> <OutPorts = 1> <Sync> <CReg>
ST_1 : Operation 2031 [1/1] (0.00ns)   --->   "%zext_ln58_251 = zext i10 %add_ln58_239" [firmware/nnet_utils/nnet_dense_latency.h:58]   --->   Operation 2031 'zext' 'zext_ln58_251' <Predicate = true> <Delay = 0.00>
ST_1 : Operation 2032 [1/1] (0.72ns)   --->   "%add_ln58_240 = add i11 %zext_ln58_251, i11 %zext_ln58_250" [firmware/nnet_utils/nnet_dense_latency.h:58]   --->   Operation 2032 'add' 'add_ln58_240' <Predicate = true> <Delay = 0.72> <CoreInst = "Adder">   --->   Core 1 'Adder' <Latency = 0> <II = 1> <Delay = 0.72> <FuncUnit> <Opcode : 'add' 'sub'> <InPorts = 2> <OutPorts = 1>
ST_1 : Operation 2033 [1/1] (0.00ns)   --->   "%zext_ln58_252 = zext i11 %add_ln58_240" [firmware/nnet_utils/nnet_dense_latency.h:58]   --->   Operation 2033 'zext' 'zext_ln58_252' <Predicate = true> <Delay = 0.00>
ST_1 : Operation 2034 [1/1] (0.72ns)   --->   "%add_ln58_241 = add i11 %zext_ln58_58, i11 %zext_ln58_75" [firmware/nnet_utils/nnet_dense_latency.h:58]   --->   Operation 2034 'add' 'add_ln58_241' <Predicate = true> <Delay = 0.72> <CoreInst = "Adder">   --->   Core 1 'Adder' <Latency = 0> <II = 1> <Delay = 0.72> <FuncUnit> <Opcode : 'add' 'sub'> <InPorts = 2> <OutPorts = 1>
ST_1 : Operation 2035 [1/1] (0.00ns)   --->   "%zext_ln58_253 = zext i11 %add_ln58_241" [firmware/nnet_utils/nnet_dense_latency.h:58]   --->   Operation 2035 'zext' 'zext_ln58_253' <Predicate = true> <Delay = 0.00>
ST_1 : Operation 2036 [1/1] (0.70ns)   --->   "%add_ln58_242 = add i8 %zext_ln73_343, i8 %zext_ln17_62" [firmware/nnet_utils/nnet_dense_latency.h:58]   --->   Operation 2036 'add' 'add_ln58_242' <Predicate = true> <Delay = 0.70> <CoreInst = "Adder">   --->   Core 1 'Adder' <Latency = 0> <II = 1> <Delay = 0.70> <FuncUnit> <Opcode : 'add' 'sub'> <InPorts = 2> <OutPorts = 1>
ST_1 : Operation 2037 [1/1] (0.00ns)   --->   "%zext_ln58_254 = zext i8 %add_ln58_242" [firmware/nnet_utils/nnet_dense_latency.h:58]   --->   Operation 2037 'zext' 'zext_ln58_254' <Predicate = true> <Delay = 0.00>
ST_1 : Operation 2038 [1/1] (0.73ns)   --->   "%add_ln58_243 = add i11 %zext_ln58_254, i11 %mul_ln73_13" [firmware/nnet_utils/nnet_dense_latency.h:58]   --->   Operation 2038 'add' 'add_ln58_243' <Predicate = true> <Delay = 0.73> <CoreInst = "Adder">   --->   Core 1 'Adder' <Latency = 0> <II = 1> <Delay = 0.73> <FuncUnit> <Opcode : 'add' 'sub'> <InPorts = 2> <OutPorts = 1>
ST_1 : Operation 2039 [1/1] (0.00ns)   --->   "%zext_ln58_255 = zext i11 %add_ln58_243" [firmware/nnet_utils/nnet_dense_latency.h:58]   --->   Operation 2039 'zext' 'zext_ln58_255' <Predicate = true> <Delay = 0.00>
ST_1 : Operation 2040 [1/1] (0.73ns)   --->   "%add_ln58_244 = add i12 %zext_ln58_255, i12 %zext_ln58_253" [firmware/nnet_utils/nnet_dense_latency.h:58]   --->   Operation 2040 'add' 'add_ln58_244' <Predicate = true> <Delay = 0.73> <CoreInst = "Adder">   --->   Core 1 'Adder' <Latency = 0> <II = 1> <Delay = 0.73> <FuncUnit> <Opcode : 'add' 'sub'> <InPorts = 2> <OutPorts = 1>
ST_1 : Operation 2041 [1/1] (0.00ns)   --->   "%zext_ln58_256 = zext i12 %add_ln58_244" [firmware/nnet_utils/nnet_dense_latency.h:58]   --->   Operation 2041 'zext' 'zext_ln58_256' <Predicate = true> <Delay = 0.00>
ST_1 : Operation 2042 [1/1] (0.74ns)   --->   "%add_ln58_245 = add i13 %zext_ln58_256, i13 %zext_ln58_252" [firmware/nnet_utils/nnet_dense_latency.h:58]   --->   Operation 2042 'add' 'add_ln58_245' <Predicate = true> <Delay = 0.74> <CoreInst = "Adder">   --->   Core 1 'Adder' <Latency = 0> <II = 1> <Delay = 0.74> <FuncUnit> <Opcode : 'add' 'sub'> <InPorts = 2> <OutPorts = 1>
ST_1 : Operation 2043 [1/1] (0.70ns)   --->   "%add_ln58_246 = add i9 %zext_ln58_117, i9 %zext_ln17_69" [firmware/nnet_utils/nnet_dense_latency.h:58]   --->   Operation 2043 'add' 'add_ln58_246' <Predicate = true> <Delay = 0.70> <CoreInst = "Adder">   --->   Core 1 'Adder' <Latency = 0> <II = 1> <Delay = 0.70> <FuncUnit> <Opcode : 'add' 'sub'> <InPorts = 2> <OutPorts = 1>
ST_1 : Operation 2044 [1/1] (0.00ns)   --->   "%zext_ln58_258 = zext i9 %add_ln58_246" [firmware/nnet_utils/nnet_dense_latency.h:58]   --->   Operation 2044 'zext' 'zext_ln58_258' <Predicate = true> <Delay = 0.00>
ST_1 : Operation 2045 [1/1] (0.00ns) (grouped into TernaryAdder)   --->   "%add_ln58_247 = add i11 %zext_ln58_134, i11 %zext_ln58_137" [firmware/nnet_utils/nnet_dense_latency.h:58]   --->   Operation 2045 'add' 'add_ln58_247' <Predicate = true> <Delay = 0.00> <CoreInst = "TAddSub">   --->   Core 10 'TAddSub' <Latency = 0> <II = 1> <Delay = 0.34> <IPBlock> <Opcode : '' 'add' 'sub'> <InPorts = 3> <OutPorts = 1> <Sync> <CReg>
ST_1 : Operation 2046 [1/1] (0.77ns) (root node of TernaryAdder)   --->   "%add_ln58_248 = add i11 %add_ln58_247, i11 %zext_ln58_258" [firmware/nnet_utils/nnet_dense_latency.h:58]   --->   Operation 2046 'add' 'add_ln58_248' <Predicate = true> <Delay = 0.77> <CoreInst = "TAddSub">   --->   Core 10 'TAddSub' <Latency = 0> <II = 1> <Delay = 0.34> <IPBlock> <Opcode : '' 'add' 'sub'> <InPorts = 3> <OutPorts = 1> <Sync> <CReg>
ST_1 : Operation 2047 [1/1] (0.00ns)   --->   "%zext_ln58_259 = zext i11 %add_ln58_248" [firmware/nnet_utils/nnet_dense_latency.h:58]   --->   Operation 2047 'zext' 'zext_ln58_259' <Predicate = true> <Delay = 0.00>
ST_1 : Operation 2048 [1/1] (0.72ns)   --->   "%add_ln58_249 = add i10 %mul_ln73_23, i10 704" [firmware/nnet_utils/nnet_dense_latency.h:58]   --->   Operation 2048 'add' 'add_ln58_249' <Predicate = true> <Delay = 0.72> <CoreInst = "Adder">   --->   Core 1 'Adder' <Latency = 0> <II = 1> <Delay = 0.72> <FuncUnit> <Opcode : 'add' 'sub'> <InPorts = 2> <OutPorts = 1>
ST_1 : Operation 2049 [1/1] (0.00ns)   --->   "%sext_ln58_99 = sext i10 %add_ln58_249" [firmware/nnet_utils/nnet_dense_latency.h:58]   --->   Operation 2049 'sext' 'sext_ln58_99' <Predicate = true> <Delay = 0.00>
ST_1 : Operation 2050 [1/1] (0.70ns)   --->   "%add_ln58_250 = add i7 %zext_ln73_177, i7 %zext_ln73_242" [firmware/nnet_utils/nnet_dense_latency.h:58]   --->   Operation 2050 'add' 'add_ln58_250' <Predicate = true> <Delay = 0.70> <CoreInst = "Adder">   --->   Core 1 'Adder' <Latency = 0> <II = 1> <Delay = 0.70> <FuncUnit> <Opcode : 'add' 'sub'> <InPorts = 2> <OutPorts = 1>
ST_1 : Operation 2051 [1/1] (0.00ns)   --->   "%zext_ln58_260 = zext i7 %add_ln58_250" [firmware/nnet_utils/nnet_dense_latency.h:58]   --->   Operation 2051 'zext' 'zext_ln58_260' <Predicate = true> <Delay = 0.00>
ST_1 : Operation 2052 [1/1] (0.70ns)   --->   "%add_ln58_251 = add i8 %zext_ln58_260, i8 %zext_ln58_18" [firmware/nnet_utils/nnet_dense_latency.h:58]   --->   Operation 2052 'add' 'add_ln58_251' <Predicate = true> <Delay = 0.70> <CoreInst = "Adder">   --->   Core 1 'Adder' <Latency = 0> <II = 1> <Delay = 0.70> <FuncUnit> <Opcode : 'add' 'sub'> <InPorts = 2> <OutPorts = 1>
ST_1 : Operation 2053 [1/1] (0.00ns)   --->   "%zext_ln58_261 = zext i8 %add_ln58_251" [firmware/nnet_utils/nnet_dense_latency.h:58]   --->   Operation 2053 'zext' 'zext_ln58_261' <Predicate = true> <Delay = 0.00>
ST_1 : Operation 2054 [1/1] (0.72ns)   --->   "%add_ln58_252 = add i11 %zext_ln58_261, i11 %sext_ln58_99" [firmware/nnet_utils/nnet_dense_latency.h:58]   --->   Operation 2054 'add' 'add_ln58_252' <Predicate = true> <Delay = 0.72> <CoreInst = "Adder">   --->   Core 1 'Adder' <Latency = 0> <II = 1> <Delay = 0.72> <FuncUnit> <Opcode : 'add' 'sub'> <InPorts = 2> <OutPorts = 1>
ST_1 : Operation 2055 [1/1] (0.00ns)   --->   "%sext_ln58_100 = sext i11 %add_ln58_252" [firmware/nnet_utils/nnet_dense_latency.h:58]   --->   Operation 2055 'sext' 'sext_ln58_100' <Predicate = true> <Delay = 0.00>
ST_1 : Operation 2056 [1/1] (0.73ns)   --->   "%add_ln58_253 = add i13 %sext_ln58_100, i13 %zext_ln58_259" [firmware/nnet_utils/nnet_dense_latency.h:58]   --->   Operation 2056 'add' 'add_ln58_253' <Predicate = true> <Delay = 0.73> <CoreInst = "Adder">   --->   Core 1 'Adder' <Latency = 0> <II = 1> <Delay = 0.73> <FuncUnit> <Opcode : 'add' 'sub'> <InPorts = 2> <OutPorts = 1>
ST_1 : Operation 2057 [1/1] (0.71ns)   --->   "%add_ln58_256 = add i10 %sext_ln17_19, i10 %sext_ln17_22" [firmware/nnet_utils/nnet_dense_latency.h:58]   --->   Operation 2057 'add' 'add_ln58_256' <Predicate = true> <Delay = 0.71> <CoreInst = "Adder">   --->   Core 1 'Adder' <Latency = 0> <II = 1> <Delay = 0.71> <FuncUnit> <Opcode : 'add' 'sub'> <InPorts = 2> <OutPorts = 1>
ST_1 : Operation 2058 [1/1] (0.00ns)   --->   "%sext_ln58_103 = sext i10 %add_ln58_256" [firmware/nnet_utils/nnet_dense_latency.h:58]   --->   Operation 2058 'sext' 'sext_ln58_103' <Predicate = true> <Delay = 0.00>
ST_1 : Operation 2059 [1/1] (0.77ns) (root node of TernaryAdder)   --->   "%add_ln58_257 = add i11 %sext_ln58_103, i11 %mult_9" [firmware/nnet_utils/nnet_dense_latency.h:58]   --->   Operation 2059 'add' 'add_ln58_257' <Predicate = true> <Delay = 0.77> <CoreInst = "TAddSub">   --->   Core 10 'TAddSub' <Latency = 0> <II = 1> <Delay = 0.34> <IPBlock> <Opcode : '' 'add' 'sub'> <InPorts = 3> <OutPorts = 1> <Sync> <CReg>
ST_1 : Operation 2060 [1/1] (0.00ns)   --->   "%sext_ln58_104 = sext i11 %add_ln58_257" [firmware/nnet_utils/nnet_dense_latency.h:58]   --->   Operation 2060 'sext' 'sext_ln58_104' <Predicate = true> <Delay = 0.00>
ST_1 : Operation 2061 [1/1] (0.73ns)   --->   "%add_ln58_258 = add i11 %mult_45, i11 %sext_ln17_34" [firmware/nnet_utils/nnet_dense_latency.h:58]   --->   Operation 2061 'add' 'add_ln58_258' <Predicate = true> <Delay = 0.73> <CoreInst = "Adder">   --->   Core 1 'Adder' <Latency = 0> <II = 1> <Delay = 0.73> <FuncUnit> <Opcode : 'add' 'sub'> <InPorts = 2> <OutPorts = 1>
ST_1 : Operation 2062 [1/1] (0.00ns)   --->   "%sext_ln58_105 = sext i11 %add_ln58_258" [firmware/nnet_utils/nnet_dense_latency.h:58]   --->   Operation 2062 'sext' 'sext_ln58_105' <Predicate = true> <Delay = 0.00>
ST_1 : Operation 2063 [1/1] (0.73ns)   --->   "%add_ln58_259 = add i12 %sext_ln58_105, i12 %sext_ln17_26" [firmware/nnet_utils/nnet_dense_latency.h:58]   --->   Operation 2063 'add' 'add_ln58_259' <Predicate = true> <Delay = 0.73> <CoreInst = "Adder">   --->   Core 1 'Adder' <Latency = 0> <II = 1> <Delay = 0.73> <FuncUnit> <Opcode : 'add' 'sub'> <InPorts = 2> <OutPorts = 1>
ST_1 : Operation 2064 [1/1] (0.00ns)   --->   "%sext_ln58_106 = sext i12 %add_ln58_259" [firmware/nnet_utils/nnet_dense_latency.h:58]   --->   Operation 2064 'sext' 'sext_ln58_106' <Predicate = true> <Delay = 0.00>
ST_1 : Operation 2065 [1/1] (0.00ns) (grouped into TernaryAdder)   --->   "%add_ln58_260 = add i13 %sext_ln58_106, i13 %sext_ln58_104" [firmware/nnet_utils/nnet_dense_latency.h:58]   --->   Operation 2065 'add' 'add_ln58_260' <Predicate = true> <Delay = 0.00> <CoreInst = "TAddSub">   --->   Core 10 'TAddSub' <Latency = 0> <II = 1> <Delay = 0.34> <IPBlock> <Opcode : '' 'add' 'sub'> <InPorts = 3> <OutPorts = 1> <Sync> <CReg>
ST_1 : Operation 2066 [1/1] (0.72ns)   --->   "%add_ln58_261 = add i10 %mult_84, i10 %sext_ln17_72" [firmware/nnet_utils/nnet_dense_latency.h:58]   --->   Operation 2066 'add' 'add_ln58_261' <Predicate = true> <Delay = 0.72> <CoreInst = "Adder">   --->   Core 1 'Adder' <Latency = 0> <II = 1> <Delay = 0.72> <FuncUnit> <Opcode : 'add' 'sub'> <InPorts = 2> <OutPorts = 1>
ST_1 : Operation 2067 [1/1] (0.00ns)   --->   "%sext_ln58_107 = sext i10 %add_ln58_261" [firmware/nnet_utils/nnet_dense_latency.h:58]   --->   Operation 2067 'sext' 'sext_ln58_107' <Predicate = true> <Delay = 0.00>
ST_1 : Operation 2068 [1/1] (0.00ns) (grouped into TernaryAdder)   --->   "%add_ln58_262 = add i11 %sext_ln58_107, i11 %sext_ln17_52" [firmware/nnet_utils/nnet_dense_latency.h:58]   --->   Operation 2068 'add' 'add_ln58_262' <Predicate = true> <Delay = 0.00> <CoreInst = "TAddSub">   --->   Core 10 'TAddSub' <Latency = 0> <II = 1> <Delay = 0.34> <IPBlock> <Opcode : '' 'add' 'sub'> <InPorts = 3> <OutPorts = 1> <Sync> <CReg>
ST_1 : Operation 2069 [1/1] (0.00ns) (grouped into TernaryAdder)   --->   "%add_ln58_263 = add i10 %sext_ln17_87, i10 %sext_ln17_91" [firmware/nnet_utils/nnet_dense_latency.h:58]   --->   Operation 2069 'add' 'add_ln58_263' <Predicate = true> <Delay = 0.00> <CoreInst = "TAddSub">   --->   Core 10 'TAddSub' <Latency = 0> <II = 1> <Delay = 0.34> <IPBlock> <Opcode : '' 'add' 'sub'> <InPorts = 3> <OutPorts = 1> <Sync> <CReg>
ST_1 : Operation 2070 [1/1] (0.79ns) (root node of TernaryAdder)   --->   "%add_ln58_264 = add i10 %add_ln58_263, i10 %sext_ln17_85" [firmware/nnet_utils/nnet_dense_latency.h:58]   --->   Operation 2070 'add' 'add_ln58_264' <Predicate = true> <Delay = 0.79> <CoreInst = "TAddSub">   --->   Core 10 'TAddSub' <Latency = 0> <II = 1> <Delay = 0.34> <IPBlock> <Opcode : '' 'add' 'sub'> <InPorts = 3> <OutPorts = 1> <Sync> <CReg>
ST_1 : Operation 2071 [1/1] (0.00ns)   --->   "%sext_ln58_108 = sext i10 %add_ln58_264" [firmware/nnet_utils/nnet_dense_latency.h:58]   --->   Operation 2071 'sext' 'sext_ln58_108' <Predicate = true> <Delay = 0.00>
ST_1 : Operation 2072 [1/1] (0.77ns) (root node of TernaryAdder)   --->   "%add_ln58_265 = add i11 %sext_ln58_108, i11 %add_ln58_262" [firmware/nnet_utils/nnet_dense_latency.h:58]   --->   Operation 2072 'add' 'add_ln58_265' <Predicate = true> <Delay = 0.77> <CoreInst = "TAddSub">   --->   Core 10 'TAddSub' <Latency = 0> <II = 1> <Delay = 0.34> <IPBlock> <Opcode : '' 'add' 'sub'> <InPorts = 3> <OutPorts = 1> <Sync> <CReg>
ST_1 : Operation 2073 [1/1] (0.00ns)   --->   "%sext_ln58_109 = sext i11 %add_ln58_265" [firmware/nnet_utils/nnet_dense_latency.h:58]   --->   Operation 2073 'sext' 'sext_ln58_109' <Predicate = true> <Delay = 0.00>
ST_1 : Operation 2074 [1/1] (0.73ns) (root node of TernaryAdder)   --->   "%add_ln58_266 = add i13 %sext_ln58_109, i13 %add_ln58_260" [firmware/nnet_utils/nnet_dense_latency.h:58]   --->   Operation 2074 'add' 'add_ln58_266' <Predicate = true> <Delay = 0.73> <CoreInst = "TAddSub">   --->   Core 10 'TAddSub' <Latency = 0> <II = 1> <Delay = 0.34> <IPBlock> <Opcode : '' 'add' 'sub'> <InPorts = 3> <OutPorts = 1> <Sync> <CReg>
ST_1 : Operation 2075 [1/1] (0.72ns)   --->   "%add_ln58_267 = add i11 %sext_ln17_111, i11 %sext_ln17_115" [firmware/nnet_utils/nnet_dense_latency.h:58]   --->   Operation 2075 'add' 'add_ln58_267' <Predicate = true> <Delay = 0.72> <CoreInst = "Adder">   --->   Core 1 'Adder' <Latency = 0> <II = 1> <Delay = 0.72> <FuncUnit> <Opcode : 'add' 'sub'> <InPorts = 2> <OutPorts = 1>
ST_1 : Operation 2076 [1/1] (0.00ns)   --->   "%sext_ln58_111 = sext i11 %add_ln58_267" [firmware/nnet_utils/nnet_dense_latency.h:58]   --->   Operation 2076 'sext' 'sext_ln58_111' <Predicate = true> <Delay = 0.00>
ST_1 : Operation 2077 [1/1] (0.73ns)   --->   "%add_ln58_268 = add i12 %sext_ln58_111, i12 %sext_ln17_98" [firmware/nnet_utils/nnet_dense_latency.h:58]   --->   Operation 2077 'add' 'add_ln58_268' <Predicate = true> <Delay = 0.73> <CoreInst = "Adder">   --->   Core 1 'Adder' <Latency = 0> <II = 1> <Delay = 0.73> <FuncUnit> <Opcode : 'add' 'sub'> <InPorts = 2> <OutPorts = 1>
ST_1 : Operation 2078 [1/1] (0.00ns)   --->   "%sext_ln58_112 = sext i12 %add_ln58_268" [firmware/nnet_utils/nnet_dense_latency.h:58]   --->   Operation 2078 'sext' 'sext_ln58_112' <Predicate = true> <Delay = 0.00>
ST_1 : Operation 2079 [1/1] (0.73ns)   --->   "%add_ln58_269 = add i11 %mult_198, i11 %sext_ln17_141" [firmware/nnet_utils/nnet_dense_latency.h:58]   --->   Operation 2079 'add' 'add_ln58_269' <Predicate = true> <Delay = 0.73> <CoreInst = "Adder">   --->   Core 1 'Adder' <Latency = 0> <II = 1> <Delay = 0.73> <FuncUnit> <Opcode : 'add' 'sub'> <InPorts = 2> <OutPorts = 1>
ST_1 : Operation 2080 [1/1] (0.00ns)   --->   "%sext_ln58_113 = sext i11 %add_ln58_269" [firmware/nnet_utils/nnet_dense_latency.h:58]   --->   Operation 2080 'sext' 'sext_ln58_113' <Predicate = true> <Delay = 0.00>
ST_1 : Operation 2081 [1/1] (0.73ns)   --->   "%add_ln58_270 = add i12 %sext_ln58_113, i12 %sext_ln17_117" [firmware/nnet_utils/nnet_dense_latency.h:58]   --->   Operation 2081 'add' 'add_ln58_270' <Predicate = true> <Delay = 0.73> <CoreInst = "Adder">   --->   Core 1 'Adder' <Latency = 0> <II = 1> <Delay = 0.73> <FuncUnit> <Opcode : 'add' 'sub'> <InPorts = 2> <OutPorts = 1>
ST_1 : Operation 2082 [1/1] (0.00ns)   --->   "%sext_ln58_114 = sext i12 %add_ln58_270" [firmware/nnet_utils/nnet_dense_latency.h:58]   --->   Operation 2082 'sext' 'sext_ln58_114' <Predicate = true> <Delay = 0.00>
ST_1 : Operation 2083 [1/1] (0.74ns)   --->   "%add_ln58_271 = add i13 %sext_ln58_114, i13 %sext_ln58_112" [firmware/nnet_utils/nnet_dense_latency.h:58]   --->   Operation 2083 'add' 'add_ln58_271' <Predicate = true> <Delay = 0.74> <CoreInst = "Adder">   --->   Core 1 'Adder' <Latency = 0> <II = 1> <Delay = 0.74> <FuncUnit> <Opcode : 'add' 'sub'> <InPorts = 2> <OutPorts = 1>
ST_1 : Operation 2084 [1/1] (0.71ns)   --->   "%add_ln58_272 = add i10 %sext_ln17_164, i10 %sext_ln17_174" [firmware/nnet_utils/nnet_dense_latency.h:58]   --->   Operation 2084 'add' 'add_ln58_272' <Predicate = true> <Delay = 0.71> <CoreInst = "Adder">   --->   Core 1 'Adder' <Latency = 0> <II = 1> <Delay = 0.71> <FuncUnit> <Opcode : 'add' 'sub'> <InPorts = 2> <OutPorts = 1>
ST_1 : Operation 2085 [1/1] (0.00ns)   --->   "%sext_ln58_116 = sext i10 %add_ln58_272" [firmware/nnet_utils/nnet_dense_latency.h:58]   --->   Operation 2085 'sext' 'sext_ln58_116' <Predicate = true> <Delay = 0.00>
ST_1 : Operation 2086 [1/1] (0.72ns)   --->   "%add_ln58_273 = add i11 %sext_ln58_116, i11 %sext_ln17_149" [firmware/nnet_utils/nnet_dense_latency.h:58]   --->   Operation 2086 'add' 'add_ln58_273' <Predicate = true> <Delay = 0.72> <CoreInst = "Adder">   --->   Core 1 'Adder' <Latency = 0> <II = 1> <Delay = 0.72> <FuncUnit> <Opcode : 'add' 'sub'> <InPorts = 2> <OutPorts = 1>
ST_1 : Operation 2087 [1/1] (0.00ns)   --->   "%sext_ln58_117 = sext i11 %add_ln58_273" [firmware/nnet_utils/nnet_dense_latency.h:58]   --->   Operation 2087 'sext' 'sext_ln58_117' <Predicate = true> <Delay = 0.00>
ST_1 : Operation 2088 [1/1] (0.71ns)   --->   "%add_ln58_274 = add i10 %sext_ln17_175, i10 %sext_ln17_188" [firmware/nnet_utils/nnet_dense_latency.h:58]   --->   Operation 2088 'add' 'add_ln58_274' <Predicate = true> <Delay = 0.71> <CoreInst = "Adder">   --->   Core 1 'Adder' <Latency = 0> <II = 1> <Delay = 0.71> <FuncUnit> <Opcode : 'add' 'sub'> <InPorts = 2> <OutPorts = 1>
ST_1 : Operation 2089 [1/1] (0.00ns)   --->   "%sext_ln58_118 = sext i10 %add_ln58_274" [firmware/nnet_utils/nnet_dense_latency.h:58]   --->   Operation 2089 'sext' 'sext_ln58_118' <Predicate = true> <Delay = 0.00>
ST_1 : Operation 2090 [1/1] (0.71ns)   --->   "%add_ln58_275 = add i10 %sext_ln17_196, i10 %sext_ln17_201" [firmware/nnet_utils/nnet_dense_latency.h:58]   --->   Operation 2090 'add' 'add_ln58_275' <Predicate = true> <Delay = 0.71> <CoreInst = "Adder">   --->   Core 1 'Adder' <Latency = 0> <II = 1> <Delay = 0.71> <FuncUnit> <Opcode : 'add' 'sub'> <InPorts = 2> <OutPorts = 1>
ST_1 : Operation 2091 [1/1] (0.00ns)   --->   "%sext_ln58_119 = sext i10 %add_ln58_275" [firmware/nnet_utils/nnet_dense_latency.h:58]   --->   Operation 2091 'sext' 'sext_ln58_119' <Predicate = true> <Delay = 0.00>
ST_1 : Operation 2092 [1/1] (0.72ns)   --->   "%add_ln58_276 = add i11 %sext_ln58_119, i11 %sext_ln58_118" [firmware/nnet_utils/nnet_dense_latency.h:58]   --->   Operation 2092 'add' 'add_ln58_276' <Predicate = true> <Delay = 0.72> <CoreInst = "Adder">   --->   Core 1 'Adder' <Latency = 0> <II = 1> <Delay = 0.72> <FuncUnit> <Opcode : 'add' 'sub'> <InPorts = 2> <OutPorts = 1>
ST_1 : Operation 2093 [1/1] (0.00ns)   --->   "%sext_ln58_120 = sext i11 %add_ln58_276" [firmware/nnet_utils/nnet_dense_latency.h:58]   --->   Operation 2093 'sext' 'sext_ln58_120' <Predicate = true> <Delay = 0.00>
ST_1 : Operation 2094 [1/1] (0.73ns)   --->   "%add_ln58_277 = add i12 %sext_ln58_120, i12 %sext_ln58_117" [firmware/nnet_utils/nnet_dense_latency.h:58]   --->   Operation 2094 'add' 'add_ln58_277' <Predicate = true> <Delay = 0.73> <CoreInst = "Adder">   --->   Core 1 'Adder' <Latency = 0> <II = 1> <Delay = 0.73> <FuncUnit> <Opcode : 'add' 'sub'> <InPorts = 2> <OutPorts = 1>
ST_1 : Operation 2095 [1/1] (0.81ns) (root node of TernaryAdder)   --->   "%add_ln58_280 = add i9 %sext_ln17_211, i9 %mult_316" [firmware/nnet_utils/nnet_dense_latency.h:58]   --->   Operation 2095 'add' 'add_ln58_280' <Predicate = true> <Delay = 0.81> <CoreInst = "TAddSub">   --->   Core 10 'TAddSub' <Latency = 0> <II = 1> <Delay = 0.34> <IPBlock> <Opcode : '' 'add' 'sub'> <InPorts = 3> <OutPorts = 1> <Sync> <CReg>
ST_1 : Operation 2096 [1/1] (0.00ns)   --->   "%sext_ln58_122 = sext i9 %add_ln58_280" [firmware/nnet_utils/nnet_dense_latency.h:58]   --->   Operation 2096 'sext' 'sext_ln58_122' <Predicate = true> <Delay = 0.00>
ST_1 : Operation 2097 [1/1] (0.71ns)   --->   "%add_ln58_281 = add i10 %sext_ln58_122, i10 %sext_ln17_209" [firmware/nnet_utils/nnet_dense_latency.h:58]   --->   Operation 2097 'add' 'add_ln58_281' <Predicate = true> <Delay = 0.71> <CoreInst = "Adder">   --->   Core 1 'Adder' <Latency = 0> <II = 1> <Delay = 0.71> <FuncUnit> <Opcode : 'add' 'sub'> <InPorts = 2> <OutPorts = 1>
ST_1 : Operation 2098 [1/1] (0.00ns)   --->   "%sext_ln58_123 = sext i10 %add_ln58_281" [firmware/nnet_utils/nnet_dense_latency.h:58]   --->   Operation 2098 'sext' 'sext_ln58_123' <Predicate = true> <Delay = 0.00>
ST_1 : Operation 2099 [1/1] (0.79ns) (root node of TernaryAdder)   --->   "%add_ln58_282 = add i10 %add_ln73_1, i10 %zext_ln17_5" [firmware/nnet_utils/nnet_dense_latency.h:58]   --->   Operation 2099 'add' 'add_ln58_282' <Predicate = true> <Delay = 0.79> <CoreInst = "TAddSub">   --->   Core 10 'TAddSub' <Latency = 0> <II = 1> <Delay = 0.34> <IPBlock> <Opcode : '' 'add' 'sub'> <InPorts = 3> <OutPorts = 1> <Sync> <CReg>
ST_1 : Operation 2100 [1/1] (0.00ns)   --->   "%zext_ln58_262 = zext i10 %add_ln58_282" [firmware/nnet_utils/nnet_dense_latency.h:58]   --->   Operation 2100 'zext' 'zext_ln58_262' <Predicate = true> <Delay = 0.00>
ST_1 : Operation 2101 [1/1] (0.72ns)   --->   "%add_ln58_283 = add i11 %zext_ln58_262, i11 %zext_ln58_1" [firmware/nnet_utils/nnet_dense_latency.h:58]   --->   Operation 2101 'add' 'add_ln58_283' <Predicate = true> <Delay = 0.72> <CoreInst = "Adder">   --->   Core 1 'Adder' <Latency = 0> <II = 1> <Delay = 0.72> <FuncUnit> <Opcode : 'add' 'sub'> <InPorts = 2> <OutPorts = 1>
ST_1 : Operation 2102 [1/1] (0.00ns)   --->   "%zext_ln58_263 = zext i11 %add_ln58_283" [firmware/nnet_utils/nnet_dense_latency.h:58]   --->   Operation 2102 'zext' 'zext_ln58_263' <Predicate = true> <Delay = 0.00>
ST_1 : Operation 2103 [1/1] (0.73ns)   --->   "%add_ln58_284 = add i12 %zext_ln58_263, i12 %sext_ln58_123" [firmware/nnet_utils/nnet_dense_latency.h:58]   --->   Operation 2103 'add' 'add_ln58_284' <Predicate = true> <Delay = 0.73> <CoreInst = "Adder">   --->   Core 1 'Adder' <Latency = 0> <II = 1> <Delay = 0.73> <FuncUnit> <Opcode : 'add' 'sub'> <InPorts = 2> <OutPorts = 1>
ST_1 : Operation 2104 [1/1] (0.00ns) (grouped into TernaryAdder)   --->   "%add_ln58_285 = add i10 %add_ln73_9, i10 %zext_ln58_34" [firmware/nnet_utils/nnet_dense_latency.h:58]   --->   Operation 2104 'add' 'add_ln58_285' <Predicate = true> <Delay = 0.00> <CoreInst = "TAddSub">   --->   Core 10 'TAddSub' <Latency = 0> <II = 1> <Delay = 0.34> <IPBlock> <Opcode : '' 'add' 'sub'> <InPorts = 3> <OutPorts = 1> <Sync> <CReg>
ST_1 : Operation 2105 [1/1] (0.79ns) (root node of TernaryAdder)   --->   "%add_ln58_286 = add i10 %add_ln58_285, i10 %zext_ln17_13" [firmware/nnet_utils/nnet_dense_latency.h:58]   --->   Operation 2105 'add' 'add_ln58_286' <Predicate = true> <Delay = 0.79> <CoreInst = "TAddSub">   --->   Core 10 'TAddSub' <Latency = 0> <II = 1> <Delay = 0.34> <IPBlock> <Opcode : '' 'add' 'sub'> <InPorts = 3> <OutPorts = 1> <Sync> <CReg>
ST_1 : Operation 2106 [1/1] (0.00ns)   --->   "%zext_ln58_264 = zext i10 %add_ln58_286" [firmware/nnet_utils/nnet_dense_latency.h:58]   --->   Operation 2106 'zext' 'zext_ln58_264' <Predicate = true> <Delay = 0.00>
ST_1 : Operation 2107 [1/1] (0.70ns)   --->   "%add_ln58_287 = add i9 %zext_ln17_33, i9 %zext_ln58_53" [firmware/nnet_utils/nnet_dense_latency.h:58]   --->   Operation 2107 'add' 'add_ln58_287' <Predicate = true> <Delay = 0.70> <CoreInst = "Adder">   --->   Core 1 'Adder' <Latency = 0> <II = 1> <Delay = 0.70> <FuncUnit> <Opcode : 'add' 'sub'> <InPorts = 2> <OutPorts = 1>
ST_1 : Operation 2108 [1/1] (0.00ns)   --->   "%zext_ln58_265 = zext i9 %add_ln58_287" [firmware/nnet_utils/nnet_dense_latency.h:58]   --->   Operation 2108 'zext' 'zext_ln58_265' <Predicate = true> <Delay = 0.00>
ST_1 : Operation 2109 [1/1] (0.00ns) (grouped into TernaryAdder)   --->   "%add_ln58_288 = add i10 %add_ln73_24, i10 %zext_ln17_43" [firmware/nnet_utils/nnet_dense_latency.h:58]   --->   Operation 2109 'add' 'add_ln58_288' <Predicate = true> <Delay = 0.00> <CoreInst = "TAddSub">   --->   Core 10 'TAddSub' <Latency = 0> <II = 1> <Delay = 0.34> <IPBlock> <Opcode : '' 'add' 'sub'> <InPorts = 3> <OutPorts = 1> <Sync> <CReg>
ST_1 : Operation 2110 [1/1] (0.79ns) (root node of TernaryAdder)   --->   "%add_ln58_289 = add i10 %add_ln58_288, i10 %zext_ln58_265" [firmware/nnet_utils/nnet_dense_latency.h:58]   --->   Operation 2110 'add' 'add_ln58_289' <Predicate = true> <Delay = 0.79> <CoreInst = "TAddSub">   --->   Core 10 'TAddSub' <Latency = 0> <II = 1> <Delay = 0.34> <IPBlock> <Opcode : '' 'add' 'sub'> <InPorts = 3> <OutPorts = 1> <Sync> <CReg>
ST_1 : Operation 2111 [1/1] (0.00ns)   --->   "%zext_ln58_266 = zext i10 %add_ln58_289" [firmware/nnet_utils/nnet_dense_latency.h:58]   --->   Operation 2111 'zext' 'zext_ln58_266' <Predicate = true> <Delay = 0.00>
ST_1 : Operation 2112 [1/1] (0.72ns)   --->   "%add_ln58_290 = add i11 %zext_ln58_266, i11 %zext_ln58_264" [firmware/nnet_utils/nnet_dense_latency.h:58]   --->   Operation 2112 'add' 'add_ln58_290' <Predicate = true> <Delay = 0.72> <CoreInst = "Adder">   --->   Core 1 'Adder' <Latency = 0> <II = 1> <Delay = 0.72> <FuncUnit> <Opcode : 'add' 'sub'> <InPorts = 2> <OutPorts = 1>
ST_1 : Operation 2113 [1/1] (0.71ns)   --->   "%add_ln58_292 = add i10 %zext_ln73_326, i10 %zext_ln58_91" [firmware/nnet_utils/nnet_dense_latency.h:58]   --->   Operation 2113 'add' 'add_ln58_292' <Predicate = true> <Delay = 0.71> <CoreInst = "Adder">   --->   Core 1 'Adder' <Latency = 0> <II = 1> <Delay = 0.71> <FuncUnit> <Opcode : 'add' 'sub'> <InPorts = 2> <OutPorts = 1>
ST_1 : Operation 2114 [1/1] (0.00ns)   --->   "%zext_ln58_268 = zext i10 %add_ln58_292" [firmware/nnet_utils/nnet_dense_latency.h:58]   --->   Operation 2114 'zext' 'zext_ln58_268' <Predicate = true> <Delay = 0.00>
ST_1 : Operation 2115 [1/1] (0.72ns)   --->   "%add_ln58_293 = add i11 %zext_ln58_268, i11 %zext_ln58_68" [firmware/nnet_utils/nnet_dense_latency.h:58]   --->   Operation 2115 'add' 'add_ln58_293' <Predicate = true> <Delay = 0.72> <CoreInst = "Adder">   --->   Core 1 'Adder' <Latency = 0> <II = 1> <Delay = 0.72> <FuncUnit> <Opcode : 'add' 'sub'> <InPorts = 2> <OutPorts = 1>
ST_1 : Operation 2116 [1/1] (0.00ns)   --->   "%zext_ln58_269 = zext i11 %add_ln58_293" [firmware/nnet_utils/nnet_dense_latency.h:58]   --->   Operation 2116 'zext' 'zext_ln58_269' <Predicate = true> <Delay = 0.00>
ST_1 : Operation 2117 [1/1] (0.72ns)   --->   "%add_ln58_294 = add i10 %zext_ln58_123, i10 %mul_ln73_22" [firmware/nnet_utils/nnet_dense_latency.h:58]   --->   Operation 2117 'add' 'add_ln58_294' <Predicate = true> <Delay = 0.72> <CoreInst = "Adder">   --->   Core 1 'Adder' <Latency = 0> <II = 1> <Delay = 0.72> <FuncUnit> <Opcode : 'add' 'sub'> <InPorts = 2> <OutPorts = 1>
ST_1 : Operation 2118 [1/1] (0.00ns)   --->   "%zext_ln58_270 = zext i10 %add_ln58_294" [firmware/nnet_utils/nnet_dense_latency.h:58]   --->   Operation 2118 'zext' 'zext_ln58_270' <Predicate = true> <Delay = 0.00>
ST_1 : Operation 2119 [1/1] (0.72ns)   --->   "%add_ln58_295 = add i11 %zext_ln58_270, i11 %zext_ln58_108" [firmware/nnet_utils/nnet_dense_latency.h:58]   --->   Operation 2119 'add' 'add_ln58_295' <Predicate = true> <Delay = 0.72> <CoreInst = "Adder">   --->   Core 1 'Adder' <Latency = 0> <II = 1> <Delay = 0.72> <FuncUnit> <Opcode : 'add' 'sub'> <InPorts = 2> <OutPorts = 1>
ST_1 : Operation 2120 [1/1] (0.00ns)   --->   "%zext_ln58_271 = zext i11 %add_ln58_295" [firmware/nnet_utils/nnet_dense_latency.h:58]   --->   Operation 2120 'zext' 'zext_ln58_271' <Predicate = true> <Delay = 0.00>
ST_1 : Operation 2121 [1/1] (0.00ns) (grouped into TernaryAdder)   --->   "%add_ln58_296 = add i12 %zext_ln58_271, i12 %zext_ln58_269" [firmware/nnet_utils/nnet_dense_latency.h:58]   --->   Operation 2121 'add' 'add_ln58_296' <Predicate = true> <Delay = 0.00> <CoreInst = "TAddSub">   --->   Core 10 'TAddSub' <Latency = 0> <II = 1> <Delay = 0.34> <IPBlock> <Opcode : '' 'add' 'sub'> <InPorts = 3> <OutPorts = 1> <Sync> <CReg>
ST_1 : Operation 2122 [1/1] (0.00ns)   --->   "%or_ln58_2 = bitconcatenate i7 @_ssdm_op_BitConcatenate.i7.i1.i6, i1 1, i6 %data_13_val_read" [firmware/nnet_utils/nnet_dense_latency.h:58]   --->   Operation 2122 'bitconcatenate' 'or_ln58_2' <Predicate = true> <Delay = 0.00>
ST_1 : Operation 2123 [1/1] (0.00ns)   --->   "%sext_ln58_126 = sext i7 %or_ln58_2" [firmware/nnet_utils/nnet_dense_latency.h:58]   --->   Operation 2123 'sext' 'sext_ln58_126' <Predicate = true> <Delay = 0.00>
ST_1 : Operation 2124 [1/1] (0.00ns)   --->   "%zext_ln58_272 = zext i8 %sext_ln58_126" [firmware/nnet_utils/nnet_dense_latency.h:58]   --->   Operation 2124 'zext' 'zext_ln58_272' <Predicate = true> <Delay = 0.00>
ST_1 : Operation 2125 [1/1] (0.70ns)   --->   "%add_ln58_297 = add i9 %zext_ln58_272, i9 %zext_ln17_79" [firmware/nnet_utils/nnet_dense_latency.h:58]   --->   Operation 2125 'add' 'add_ln58_297' <Predicate = true> <Delay = 0.70> <CoreInst = "Adder">   --->   Core 1 'Adder' <Latency = 0> <II = 1> <Delay = 0.70> <FuncUnit> <Opcode : 'add' 'sub'> <InPorts = 2> <OutPorts = 1>
ST_1 : Operation 2126 [1/1] (0.00ns)   --->   "%zext_ln58_273 = zext i9 %add_ln58_297" [firmware/nnet_utils/nnet_dense_latency.h:58]   --->   Operation 2126 'zext' 'zext_ln58_273' <Predicate = true> <Delay = 0.00>
ST_1 : Operation 2127 [1/1] (0.70ns)   --->   "%add_ln58_298 = add i7 %zext_ln58_41, i7 %zext_ln73_80" [firmware/nnet_utils/nnet_dense_latency.h:58]   --->   Operation 2127 'add' 'add_ln58_298' <Predicate = true> <Delay = 0.70> <CoreInst = "Adder">   --->   Core 1 'Adder' <Latency = 0> <II = 1> <Delay = 0.70> <FuncUnit> <Opcode : 'add' 'sub'> <InPorts = 2> <OutPorts = 1>
ST_1 : Operation 2128 [1/1] (0.00ns)   --->   "%zext_ln58_274 = zext i7 %add_ln58_298" [firmware/nnet_utils/nnet_dense_latency.h:58]   --->   Operation 2128 'zext' 'zext_ln58_274' <Predicate = true> <Delay = 0.00>
ST_1 : Operation 2129 [1/1] (0.70ns)   --->   "%add_ln58_299 = add i7 %zext_ln73_137, i7 %zext_ln73_153" [firmware/nnet_utils/nnet_dense_latency.h:58]   --->   Operation 2129 'add' 'add_ln58_299' <Predicate = true> <Delay = 0.70> <CoreInst = "Adder">   --->   Core 1 'Adder' <Latency = 0> <II = 1> <Delay = 0.70> <FuncUnit> <Opcode : 'add' 'sub'> <InPorts = 2> <OutPorts = 1>
ST_1 : Operation 2130 [1/1] (0.00ns)   --->   "%zext_ln58_275 = zext i7 %add_ln58_299" [firmware/nnet_utils/nnet_dense_latency.h:58]   --->   Operation 2130 'zext' 'zext_ln58_275' <Predicate = true> <Delay = 0.00>
ST_1 : Operation 2131 [1/1] (0.70ns)   --->   "%add_ln58_300 = add i8 %zext_ln58_275, i8 %zext_ln58_274" [firmware/nnet_utils/nnet_dense_latency.h:58]   --->   Operation 2131 'add' 'add_ln58_300' <Predicate = true> <Delay = 0.70> <CoreInst = "Adder">   --->   Core 1 'Adder' <Latency = 0> <II = 1> <Delay = 0.70> <FuncUnit> <Opcode : 'add' 'sub'> <InPorts = 2> <OutPorts = 1>
ST_1 : Operation 2132 [1/1] (0.00ns)   --->   "%zext_ln58_276 = zext i8 %add_ln58_300" [firmware/nnet_utils/nnet_dense_latency.h:58]   --->   Operation 2132 'zext' 'zext_ln58_276' <Predicate = true> <Delay = 0.00>
ST_1 : Operation 2133 [1/1] (0.71ns)   --->   "%add_ln58_301 = add i10 %zext_ln58_276, i10 %zext_ln58_273" [firmware/nnet_utils/nnet_dense_latency.h:58]   --->   Operation 2133 'add' 'add_ln58_301' <Predicate = true> <Delay = 0.71> <CoreInst = "Adder">   --->   Core 1 'Adder' <Latency = 0> <II = 1> <Delay = 0.71> <FuncUnit> <Opcode : 'add' 'sub'> <InPorts = 2> <OutPorts = 1>
ST_1 : Operation 2134 [1/1] (0.00ns)   --->   "%zext_ln58_277 = zext i10 %add_ln58_301" [firmware/nnet_utils/nnet_dense_latency.h:58]   --->   Operation 2134 'zext' 'zext_ln58_277' <Predicate = true> <Delay = 0.00>
ST_1 : Operation 2135 [1/1] (0.75ns) (root node of TernaryAdder)   --->   "%add_ln58_302 = add i12 %zext_ln58_277, i12 %add_ln58_296" [firmware/nnet_utils/nnet_dense_latency.h:58]   --->   Operation 2135 'add' 'add_ln58_302' <Predicate = true> <Delay = 0.75> <CoreInst = "TAddSub">   --->   Core 10 'TAddSub' <Latency = 0> <II = 1> <Delay = 0.34> <IPBlock> <Opcode : '' 'add' 'sub'> <InPorts = 3> <OutPorts = 1> <Sync> <CReg>
ST_1 : Operation 2136 [1/1] (0.00ns)   --->   "%zext_ln58_279 = zext i9 %add_ln73_60" [firmware/nnet_utils/nnet_dense_latency.h:58]   --->   Operation 2136 'zext' 'zext_ln58_279' <Predicate = true> <Delay = 0.00>
ST_1 : Operation 2137 [1/1] (0.72ns)   --->   "%add_ln58_305 = add i11 %sext_ln17_27, i11 %sext_ln17_49" [firmware/nnet_utils/nnet_dense_latency.h:58]   --->   Operation 2137 'add' 'add_ln58_305' <Predicate = true> <Delay = 0.72> <CoreInst = "Adder">   --->   Core 1 'Adder' <Latency = 0> <II = 1> <Delay = 0.72> <FuncUnit> <Opcode : 'add' 'sub'> <InPorts = 2> <OutPorts = 1>
ST_1 : Operation 2138 [1/1] (0.00ns)   --->   "%sext_ln58_128 = sext i11 %add_ln58_305" [firmware/nnet_utils/nnet_dense_latency.h:58]   --->   Operation 2138 'sext' 'sext_ln58_128' <Predicate = true> <Delay = 0.00>
ST_1 : Operation 2139 [1/1] (0.00ns) (grouped into TernaryAdder)   --->   "%add_ln58_306 = add i11 %sext_ln17_104, i11 %sext_ln17_109" [firmware/nnet_utils/nnet_dense_latency.h:58]   --->   Operation 2139 'add' 'add_ln58_306' <Predicate = true> <Delay = 0.00> <CoreInst = "TAddSub">   --->   Core 10 'TAddSub' <Latency = 0> <II = 1> <Delay = 0.34> <IPBlock> <Opcode : '' 'add' 'sub'> <InPorts = 3> <OutPorts = 1> <Sync> <CReg>
ST_1 : Operation 2140 [1/1] (0.77ns) (root node of TernaryAdder)   --->   "%add_ln58_307 = add i11 %add_ln58_306, i11 %sext_ln17_55" [firmware/nnet_utils/nnet_dense_latency.h:58]   --->   Operation 2140 'add' 'add_ln58_307' <Predicate = true> <Delay = 0.77> <CoreInst = "TAddSub">   --->   Core 10 'TAddSub' <Latency = 0> <II = 1> <Delay = 0.34> <IPBlock> <Opcode : '' 'add' 'sub'> <InPorts = 3> <OutPorts = 1> <Sync> <CReg>
ST_1 : Operation 2141 [1/1] (0.00ns)   --->   "%sext_ln58_129 = sext i11 %add_ln58_307" [firmware/nnet_utils/nnet_dense_latency.h:58]   --->   Operation 2141 'sext' 'sext_ln58_129' <Predicate = true> <Delay = 0.00>
ST_1 : Operation 2142 [1/1] (0.73ns)   --->   "%add_ln58_308 = add i12 %sext_ln58_129, i12 %sext_ln58_128" [firmware/nnet_utils/nnet_dense_latency.h:58]   --->   Operation 2142 'add' 'add_ln58_308' <Predicate = true> <Delay = 0.73> <CoreInst = "Adder">   --->   Core 1 'Adder' <Latency = 0> <II = 1> <Delay = 0.73> <FuncUnit> <Opcode : 'add' 'sub'> <InPorts = 2> <OutPorts = 1>
ST_1 : Operation 2143 [1/1] (0.00ns)   --->   "%sext_ln58_130 = sext i12 %add_ln58_308" [firmware/nnet_utils/nnet_dense_latency.h:58]   --->   Operation 2143 'sext' 'sext_ln58_130' <Predicate = true> <Delay = 0.00>
ST_1 : Operation 2144 [1/1] (0.71ns)   --->   "%add_ln58_309 = add i10 %sext_ln17_118, i10 %sext_ln17_121" [firmware/nnet_utils/nnet_dense_latency.h:58]   --->   Operation 2144 'add' 'add_ln58_309' <Predicate = true> <Delay = 0.71> <CoreInst = "Adder">   --->   Core 1 'Adder' <Latency = 0> <II = 1> <Delay = 0.71> <FuncUnit> <Opcode : 'add' 'sub'> <InPorts = 2> <OutPorts = 1>
ST_1 : Operation 2145 [1/1] (0.00ns)   --->   "%sext_ln58_131 = sext i10 %add_ln58_309" [firmware/nnet_utils/nnet_dense_latency.h:58]   --->   Operation 2145 'sext' 'sext_ln58_131' <Predicate = true> <Delay = 0.00>
ST_1 : Operation 2146 [1/1] (0.00ns) (grouped into TernaryAdder)   --->   "%add_ln58_310 = add i11 %sext_ln17_181, i11 %mult_317" [firmware/nnet_utils/nnet_dense_latency.h:58]   --->   Operation 2146 'add' 'add_ln58_310' <Predicate = true> <Delay = 0.00> <CoreInst = "TAddSub">   --->   Core 10 'TAddSub' <Latency = 0> <II = 1> <Delay = 0.34> <IPBlock> <Opcode : '' 'add' 'sub'> <InPorts = 3> <OutPorts = 1> <Sync> <CReg>
ST_1 : Operation 2147 [1/1] (0.77ns) (root node of TernaryAdder)   --->   "%add_ln58_311 = add i11 %add_ln58_310, i11 %sext_ln17_135" [firmware/nnet_utils/nnet_dense_latency.h:58]   --->   Operation 2147 'add' 'add_ln58_311' <Predicate = true> <Delay = 0.77> <CoreInst = "TAddSub">   --->   Core 10 'TAddSub' <Latency = 0> <II = 1> <Delay = 0.34> <IPBlock> <Opcode : '' 'add' 'sub'> <InPorts = 3> <OutPorts = 1> <Sync> <CReg>
ST_1 : Operation 2148 [1/1] (0.00ns)   --->   "%sext_ln58_132 = sext i11 %add_ln58_311" [firmware/nnet_utils/nnet_dense_latency.h:58]   --->   Operation 2148 'sext' 'sext_ln58_132' <Predicate = true> <Delay = 0.00>
ST_1 : Operation 2149 [1/1] (0.73ns)   --->   "%add_ln58_312 = add i12 %sext_ln58_132, i12 %sext_ln58_131" [firmware/nnet_utils/nnet_dense_latency.h:58]   --->   Operation 2149 'add' 'add_ln58_312' <Predicate = true> <Delay = 0.73> <CoreInst = "Adder">   --->   Core 1 'Adder' <Latency = 0> <II = 1> <Delay = 0.73> <FuncUnit> <Opcode : 'add' 'sub'> <InPorts = 2> <OutPorts = 1>
ST_1 : Operation 2150 [1/1] (0.00ns)   --->   "%sext_ln58_133 = sext i12 %add_ln58_312" [firmware/nnet_utils/nnet_dense_latency.h:58]   --->   Operation 2150 'sext' 'sext_ln58_133' <Predicate = true> <Delay = 0.00>
ST_1 : Operation 2151 [1/1] (0.00ns) (grouped into TernaryAdder)   --->   "%add_ln58_313 = add i13 %sext_ln58_133, i13 %sext_ln58_130" [firmware/nnet_utils/nnet_dense_latency.h:58]   --->   Operation 2151 'add' 'add_ln58_313' <Predicate = true> <Delay = 0.00> <CoreInst = "TAddSub">   --->   Core 10 'TAddSub' <Latency = 0> <II = 1> <Delay = 0.34> <IPBlock> <Opcode : '' 'add' 'sub'> <InPorts = 3> <OutPorts = 1> <Sync> <CReg>
ST_1 : Operation 2152 [1/1] (0.77ns) (root node of TernaryAdder)   --->   "%add_ln58_314 = add i11 %add_ln73_2, i11 %zext_ln58_43" [firmware/nnet_utils/nnet_dense_latency.h:58]   --->   Operation 2152 'add' 'add_ln58_314' <Predicate = true> <Delay = 0.77> <CoreInst = "TAddSub">   --->   Core 10 'TAddSub' <Latency = 0> <II = 1> <Delay = 0.34> <IPBlock> <Opcode : '' 'add' 'sub'> <InPorts = 3> <OutPorts = 1> <Sync> <CReg>
ST_1 : Operation 2153 [1/1] (0.00ns)   --->   "%zext_ln58_280 = zext i11 %add_ln58_314" [firmware/nnet_utils/nnet_dense_latency.h:58]   --->   Operation 2153 'zext' 'zext_ln58_280' <Predicate = true> <Delay = 0.00>
ST_1 : Operation 2154 [1/1] (0.00ns) (grouped into TernaryAdder)   --->   "%add_ln58_315 = add i11 %zext_ln58_93, i11 %zext_ln58_120" [firmware/nnet_utils/nnet_dense_latency.h:58]   --->   Operation 2154 'add' 'add_ln58_315' <Predicate = true> <Delay = 0.00> <CoreInst = "TAddSub">   --->   Core 10 'TAddSub' <Latency = 0> <II = 1> <Delay = 0.34> <IPBlock> <Opcode : '' 'add' 'sub'> <InPorts = 3> <OutPorts = 1> <Sync> <CReg>
ST_1 : Operation 2155 [1/1] (0.77ns) (root node of TernaryAdder)   --->   "%add_ln58_316 = add i11 %add_ln58_315, i11 %zext_ln58_54" [firmware/nnet_utils/nnet_dense_latency.h:58]   --->   Operation 2155 'add' 'add_ln58_316' <Predicate = true> <Delay = 0.77> <CoreInst = "TAddSub">   --->   Core 10 'TAddSub' <Latency = 0> <II = 1> <Delay = 0.34> <IPBlock> <Opcode : '' 'add' 'sub'> <InPorts = 3> <OutPorts = 1> <Sync> <CReg>
ST_1 : Operation 2156 [1/1] (0.00ns)   --->   "%zext_ln58_281 = zext i11 %add_ln58_316" [firmware/nnet_utils/nnet_dense_latency.h:58]   --->   Operation 2156 'zext' 'zext_ln58_281' <Predicate = true> <Delay = 0.00>
ST_1 : Operation 2157 [1/1] (0.00ns) (grouped into TernaryAdder)   --->   "%add_ln58_317 = add i12 %zext_ln58_281, i12 %zext_ln58_280" [firmware/nnet_utils/nnet_dense_latency.h:58]   --->   Operation 2157 'add' 'add_ln58_317' <Predicate = true> <Delay = 0.00> <CoreInst = "TAddSub">   --->   Core 10 'TAddSub' <Latency = 0> <II = 1> <Delay = 0.34> <IPBlock> <Opcode : '' 'add' 'sub'> <InPorts = 3> <OutPorts = 1> <Sync> <CReg>
ST_1 : Operation 2158 [1/1] (0.71ns)   --->   "%add_ln58_318 = add i9 %zext_ln58_156, i9 192" [firmware/nnet_utils/nnet_dense_latency.h:58]   --->   Operation 2158 'add' 'add_ln58_318' <Predicate = true> <Delay = 0.71> <CoreInst = "Adder">   --->   Core 1 'Adder' <Latency = 0> <II = 1> <Delay = 0.71> <FuncUnit> <Opcode : 'add' 'sub'> <InPorts = 2> <OutPorts = 1>
ST_1 : Operation 2159 [1/1] (0.00ns)   --->   "%zext_ln58_282 = zext i9 %add_ln58_318" [firmware/nnet_utils/nnet_dense_latency.h:58]   --->   Operation 2159 'zext' 'zext_ln58_282' <Predicate = true> <Delay = 0.00>
ST_1 : Operation 2160 [1/1] (0.70ns)   --->   "%add_ln58_319 = add i7 %zext_ln73_111, i7 %zext_ln73_224" [firmware/nnet_utils/nnet_dense_latency.h:58]   --->   Operation 2160 'add' 'add_ln58_319' <Predicate = true> <Delay = 0.70> <CoreInst = "Adder">   --->   Core 1 'Adder' <Latency = 0> <II = 1> <Delay = 0.70> <FuncUnit> <Opcode : 'add' 'sub'> <InPorts = 2> <OutPorts = 1>
ST_1 : Operation 2161 [1/1] (0.00ns)   --->   "%zext_ln58_283 = zext i7 %add_ln58_319" [firmware/nnet_utils/nnet_dense_latency.h:58]   --->   Operation 2161 'zext' 'zext_ln58_283' <Predicate = true> <Delay = 0.00>
ST_1 : Operation 2162 [1/1] (0.70ns)   --->   "%add_ln58_320 = add i8 %zext_ln58_283, i8 %zext_ln73_105" [firmware/nnet_utils/nnet_dense_latency.h:58]   --->   Operation 2162 'add' 'add_ln58_320' <Predicate = true> <Delay = 0.70> <CoreInst = "Adder">   --->   Core 1 'Adder' <Latency = 0> <II = 1> <Delay = 0.70> <FuncUnit> <Opcode : 'add' 'sub'> <InPorts = 2> <OutPorts = 1>
ST_1 : Operation 2163 [1/1] (0.00ns)   --->   "%zext_ln58_284 = zext i8 %add_ln58_320" [firmware/nnet_utils/nnet_dense_latency.h:58]   --->   Operation 2163 'zext' 'zext_ln58_284' <Predicate = true> <Delay = 0.00>
ST_1 : Operation 2164 [1/1] (0.71ns)   --->   "%add_ln58_321 = add i10 %zext_ln58_284, i10 %zext_ln58_282" [firmware/nnet_utils/nnet_dense_latency.h:58]   --->   Operation 2164 'add' 'add_ln58_321' <Predicate = true> <Delay = 0.71> <CoreInst = "Adder">   --->   Core 1 'Adder' <Latency = 0> <II = 1> <Delay = 0.71> <FuncUnit> <Opcode : 'add' 'sub'> <InPorts = 2> <OutPorts = 1>
ST_1 : Operation 2165 [1/1] (0.00ns)   --->   "%zext_ln58_285 = zext i10 %add_ln58_321" [firmware/nnet_utils/nnet_dense_latency.h:58]   --->   Operation 2165 'zext' 'zext_ln58_285' <Predicate = true> <Delay = 0.00>
ST_1 : Operation 2166 [1/1] (0.75ns) (root node of TernaryAdder)   --->   "%add_ln58_322 = add i12 %zext_ln58_285, i12 %add_ln58_317" [firmware/nnet_utils/nnet_dense_latency.h:58]   --->   Operation 2166 'add' 'add_ln58_322' <Predicate = true> <Delay = 0.75> <CoreInst = "TAddSub">   --->   Core 10 'TAddSub' <Latency = 0> <II = 1> <Delay = 0.34> <IPBlock> <Opcode : '' 'add' 'sub'> <InPorts = 3> <OutPorts = 1> <Sync> <CReg>
ST_1 : Operation 2167 [1/1] (0.00ns)   --->   "%zext_ln58_286 = zext i12 %add_ln58_322" [firmware/nnet_utils/nnet_dense_latency.h:58]   --->   Operation 2167 'zext' 'zext_ln58_286' <Predicate = true> <Delay = 0.00>
ST_1 : Operation 2168 [1/1] (0.73ns) (root node of TernaryAdder)   --->   "%add_ln58_323 = add i13 %zext_ln58_286, i13 %add_ln58_313" [firmware/nnet_utils/nnet_dense_latency.h:58]   --->   Operation 2168 'add' 'add_ln58_323' <Predicate = true> <Delay = 0.73> <CoreInst = "TAddSub">   --->   Core 10 'TAddSub' <Latency = 0> <II = 1> <Delay = 0.34> <IPBlock> <Opcode : '' 'add' 'sub'> <InPorts = 3> <OutPorts = 1> <Sync> <CReg>
ST_1 : Operation 2169 [1/1] (0.00ns) (grouped into TernaryAdder)   --->   "%add_ln58_324 = add i10 %sext_ln17_15, i10 %sext_ln17_62" [firmware/nnet_utils/nnet_dense_latency.h:58]   --->   Operation 2169 'add' 'add_ln58_324' <Predicate = true> <Delay = 0.00> <CoreInst = "TAddSub">   --->   Core 10 'TAddSub' <Latency = 0> <II = 1> <Delay = 0.34> <IPBlock> <Opcode : '' 'add' 'sub'> <InPorts = 3> <OutPorts = 1> <Sync> <CReg>
ST_1 : Operation 2170 [1/1] (0.79ns) (root node of TernaryAdder)   --->   "%add_ln58_325 = add i10 %add_ln58_324, i10 %zext_ln58_12" [firmware/nnet_utils/nnet_dense_latency.h:58]   --->   Operation 2170 'add' 'add_ln58_325' <Predicate = true> <Delay = 0.79> <CoreInst = "TAddSub">   --->   Core 10 'TAddSub' <Latency = 0> <II = 1> <Delay = 0.34> <IPBlock> <Opcode : '' 'add' 'sub'> <InPorts = 3> <OutPorts = 1> <Sync> <CReg>
ST_1 : Operation 2171 [1/1] (0.79ns) (root node of TernaryAdder)   --->   "%add_ln58_326 = add i10 %mult_104, i10 %sext_ln17_112" [firmware/nnet_utils/nnet_dense_latency.h:58]   --->   Operation 2171 'add' 'add_ln58_326' <Predicate = true> <Delay = 0.79> <CoreInst = "TAddSub">   --->   Core 10 'TAddSub' <Latency = 0> <II = 1> <Delay = 0.34> <IPBlock> <Opcode : '' 'add' 'sub'> <InPorts = 3> <OutPorts = 1> <Sync> <CReg>
ST_1 : Operation 2172 [1/1] (0.00ns)   --->   "%sext_ln58_136 = sext i10 %add_ln58_326" [firmware/nnet_utils/nnet_dense_latency.h:58]   --->   Operation 2172 'sext' 'sext_ln58_136' <Predicate = true> <Delay = 0.00>
ST_1 : Operation 2173 [1/1] (0.71ns)   --->   "%add_ln58_327 = add i10 %sext_ln17_166, i10 %sext_ln17_173" [firmware/nnet_utils/nnet_dense_latency.h:58]   --->   Operation 2173 'add' 'add_ln58_327' <Predicate = true> <Delay = 0.71> <CoreInst = "Adder">   --->   Core 1 'Adder' <Latency = 0> <II = 1> <Delay = 0.71> <FuncUnit> <Opcode : 'add' 'sub'> <InPorts = 2> <OutPorts = 1>
ST_1 : Operation 2174 [1/1] (0.00ns)   --->   "%sext_ln58_137 = sext i10 %add_ln58_327" [firmware/nnet_utils/nnet_dense_latency.h:58]   --->   Operation 2174 'sext' 'sext_ln58_137' <Predicate = true> <Delay = 0.00>
ST_1 : Operation 2175 [1/1] (0.72ns)   --->   "%add_ln58_328 = add i11 %sext_ln58_137, i11 %sext_ln58_136" [firmware/nnet_utils/nnet_dense_latency.h:58]   --->   Operation 2175 'add' 'add_ln58_328' <Predicate = true> <Delay = 0.72> <CoreInst = "Adder">   --->   Core 1 'Adder' <Latency = 0> <II = 1> <Delay = 0.72> <FuncUnit> <Opcode : 'add' 'sub'> <InPorts = 2> <OutPorts = 1>
ST_1 : Operation 2176 [1/1] (0.79ns) (root node of TernaryAdder)   --->   "%add_ln58_330 = add i10 %mult_290, i10 %sext_ln17_202" [firmware/nnet_utils/nnet_dense_latency.h:58]   --->   Operation 2176 'add' 'add_ln58_330' <Predicate = true> <Delay = 0.79> <CoreInst = "TAddSub">   --->   Core 10 'TAddSub' <Latency = 0> <II = 1> <Delay = 0.34> <IPBlock> <Opcode : '' 'add' 'sub'> <InPorts = 3> <OutPorts = 1> <Sync> <CReg>
ST_1 : Operation 2177 [1/1] (0.00ns)   --->   "%sext_ln58_139 = sext i10 %add_ln58_330" [firmware/nnet_utils/nnet_dense_latency.h:58]   --->   Operation 2177 'sext' 'sext_ln58_139' <Predicate = true> <Delay = 0.00>
ST_1 : Operation 2178 [1/1] (0.00ns) (grouped into TernaryAdder)   --->   "%add_ln58_331 = add i11 %sext_ln58_139, i11 %sext_ln17_177" [firmware/nnet_utils/nnet_dense_latency.h:58]   --->   Operation 2178 'add' 'add_ln58_331' <Predicate = true> <Delay = 0.00> <CoreInst = "TAddSub">   --->   Core 10 'TAddSub' <Latency = 0> <II = 1> <Delay = 0.34> <IPBlock> <Opcode : '' 'add' 'sub'> <InPorts = 3> <OutPorts = 1> <Sync> <CReg>
ST_1 : Operation 2179 [1/1] (0.70ns)   --->   "%add_ln58_332 = add i9 %sext_ln17_217, i9 %zext_ln73_203" [firmware/nnet_utils/nnet_dense_latency.h:58]   --->   Operation 2179 'add' 'add_ln58_332' <Predicate = true> <Delay = 0.70> <CoreInst = "Adder">   --->   Core 1 'Adder' <Latency = 0> <II = 1> <Delay = 0.70> <FuncUnit> <Opcode : 'add' 'sub'> <InPorts = 2> <OutPorts = 1>
ST_1 : Operation 2180 [1/1] (0.00ns)   --->   "%sext_ln58_140 = sext i9 %add_ln58_332" [firmware/nnet_utils/nnet_dense_latency.h:58]   --->   Operation 2180 'sext' 'sext_ln58_140' <Predicate = true> <Delay = 0.00>
ST_1 : Operation 2181 [1/1] (0.70ns)   --->   "%add_ln58_333 = add i9 %zext_ln17_27, i9 %zext_ln73_273" [firmware/nnet_utils/nnet_dense_latency.h:58]   --->   Operation 2181 'add' 'add_ln58_333' <Predicate = true> <Delay = 0.70> <CoreInst = "Adder">   --->   Core 1 'Adder' <Latency = 0> <II = 1> <Delay = 0.70> <FuncUnit> <Opcode : 'add' 'sub'> <InPorts = 2> <OutPorts = 1>
ST_1 : Operation 2182 [1/1] (0.00ns)   --->   "%zext_ln58_287 = zext i9 %add_ln58_333" [firmware/nnet_utils/nnet_dense_latency.h:58]   --->   Operation 2182 'zext' 'zext_ln58_287' <Predicate = true> <Delay = 0.00>
ST_1 : Operation 2183 [1/1] (0.71ns)   --->   "%add_ln58_334 = add i11 %zext_ln58_287, i11 %sext_ln58_140" [firmware/nnet_utils/nnet_dense_latency.h:58]   --->   Operation 2183 'add' 'add_ln58_334' <Predicate = true> <Delay = 0.71> <CoreInst = "Adder">   --->   Core 1 'Adder' <Latency = 0> <II = 1> <Delay = 0.71> <FuncUnit> <Opcode : 'add' 'sub'> <InPorts = 2> <OutPorts = 1>
ST_1 : Operation 2184 [1/1] (0.77ns) (root node of TernaryAdder)   --->   "%add_ln58_335 = add i11 %add_ln58_334, i11 %add_ln58_331" [firmware/nnet_utils/nnet_dense_latency.h:58]   --->   Operation 2184 'add' 'add_ln58_335' <Predicate = true> <Delay = 0.77> <CoreInst = "TAddSub">   --->   Core 10 'TAddSub' <Latency = 0> <II = 1> <Delay = 0.34> <IPBlock> <Opcode : '' 'add' 'sub'> <InPorts = 3> <OutPorts = 1> <Sync> <CReg>
ST_1 : Operation 2185 [1/1] (0.00ns) (grouped into TernaryAdder)   --->   "%add_ln58_337 = add i11 %zext_ln58_50, i11 %zext_ln17_37" [firmware/nnet_utils/nnet_dense_latency.h:58]   --->   Operation 2185 'add' 'add_ln58_337' <Predicate = true> <Delay = 0.00> <CoreInst = "TAddSub">   --->   Core 10 'TAddSub' <Latency = 0> <II = 1> <Delay = 0.34> <IPBlock> <Opcode : '' 'add' 'sub'> <InPorts = 3> <OutPorts = 1> <Sync> <CReg>
ST_1 : Operation 2186 [1/1] (0.77ns) (root node of TernaryAdder)   --->   "%add_ln58_338 = add i11 %add_ln58_337, i11 %zext_ln58_40" [firmware/nnet_utils/nnet_dense_latency.h:58]   --->   Operation 2186 'add' 'add_ln58_338' <Predicate = true> <Delay = 0.77> <CoreInst = "TAddSub">   --->   Core 10 'TAddSub' <Latency = 0> <II = 1> <Delay = 0.34> <IPBlock> <Opcode : '' 'add' 'sub'> <InPorts = 3> <OutPorts = 1> <Sync> <CReg>
ST_1 : Operation 2187 [1/1] (0.00ns)   --->   "%zext_ln58_288 = zext i11 %add_ln58_338" [firmware/nnet_utils/nnet_dense_latency.h:58]   --->   Operation 2187 'zext' 'zext_ln58_288' <Predicate = true> <Delay = 0.00>
ST_1 : Operation 2188 [1/1] (0.70ns)   --->   "%add_ln58_339 = add i9 %zext_ln73_292, i9 %zext_ln73_307" [firmware/nnet_utils/nnet_dense_latency.h:58]   --->   Operation 2188 'add' 'add_ln58_339' <Predicate = true> <Delay = 0.70> <CoreInst = "Adder">   --->   Core 1 'Adder' <Latency = 0> <II = 1> <Delay = 0.70> <FuncUnit> <Opcode : 'add' 'sub'> <InPorts = 2> <OutPorts = 1>
ST_1 : Operation 2189 [1/1] (0.00ns)   --->   "%zext_ln58_289 = zext i9 %add_ln58_339" [firmware/nnet_utils/nnet_dense_latency.h:58]   --->   Operation 2189 'zext' 'zext_ln58_289' <Predicate = true> <Delay = 0.00>
ST_1 : Operation 2190 [1/1] (0.81ns) (root node of TernaryAdder)   --->   "%add_ln58_340 = add i9 %zext_ln73_311, i9 %add_ln73_26" [firmware/nnet_utils/nnet_dense_latency.h:58]   --->   Operation 2190 'add' 'add_ln58_340' <Predicate = true> <Delay = 0.81> <CoreInst = "TAddSub">   --->   Core 10 'TAddSub' <Latency = 0> <II = 1> <Delay = 0.34> <IPBlock> <Opcode : '' 'add' 'sub'> <InPorts = 3> <OutPorts = 1> <Sync> <CReg>
ST_1 : Operation 2191 [1/1] (0.00ns)   --->   "%zext_ln58_290 = zext i9 %add_ln58_340" [firmware/nnet_utils/nnet_dense_latency.h:58]   --->   Operation 2191 'zext' 'zext_ln58_290' <Predicate = true> <Delay = 0.00>
ST_1 : Operation 2192 [1/1] (0.71ns)   --->   "%add_ln58_341 = add i10 %zext_ln58_290, i10 %zext_ln58_289" [firmware/nnet_utils/nnet_dense_latency.h:58]   --->   Operation 2192 'add' 'add_ln58_341' <Predicate = true> <Delay = 0.71> <CoreInst = "Adder">   --->   Core 1 'Adder' <Latency = 0> <II = 1> <Delay = 0.71> <FuncUnit> <Opcode : 'add' 'sub'> <InPorts = 2> <OutPorts = 1>
ST_1 : Operation 2193 [1/1] (0.00ns)   --->   "%zext_ln58_291 = zext i10 %add_ln58_341" [firmware/nnet_utils/nnet_dense_latency.h:58]   --->   Operation 2193 'zext' 'zext_ln58_291' <Predicate = true> <Delay = 0.00>
ST_1 : Operation 2194 [1/1] (0.73ns)   --->   "%add_ln58_342 = add i12 %zext_ln58_291, i12 %zext_ln58_288" [firmware/nnet_utils/nnet_dense_latency.h:58]   --->   Operation 2194 'add' 'add_ln58_342' <Predicate = true> <Delay = 0.73> <CoreInst = "Adder">   --->   Core 1 'Adder' <Latency = 0> <II = 1> <Delay = 0.73> <FuncUnit> <Opcode : 'add' 'sub'> <InPorts = 2> <OutPorts = 1>
ST_1 : Operation 2195 [1/1] (0.00ns)   --->   "%zext_ln58_292 = zext i12 %add_ln58_342" [firmware/nnet_utils/nnet_dense_latency.h:58]   --->   Operation 2195 'zext' 'zext_ln58_292' <Predicate = true> <Delay = 0.00>
ST_1 : Operation 2196 [1/1] (0.70ns)   --->   "%add_ln58_343 = add i9 %zext_ln17_47, i9 %zext_ln58_98" [firmware/nnet_utils/nnet_dense_latency.h:58]   --->   Operation 2196 'add' 'add_ln58_343' <Predicate = true> <Delay = 0.70> <CoreInst = "Adder">   --->   Core 1 'Adder' <Latency = 0> <II = 1> <Delay = 0.70> <FuncUnit> <Opcode : 'add' 'sub'> <InPorts = 2> <OutPorts = 1>
ST_1 : Operation 2197 [1/1] (0.00ns)   --->   "%zext_ln58_293 = zext i9 %add_ln58_343" [firmware/nnet_utils/nnet_dense_latency.h:58]   --->   Operation 2197 'zext' 'zext_ln58_293' <Predicate = true> <Delay = 0.00>
ST_1 : Operation 2198 [1/1] (0.72ns)   --->   "%add_ln58_344 = add i11 %zext_ln58_132, i11 %zext_ln58_152" [firmware/nnet_utils/nnet_dense_latency.h:58]   --->   Operation 2198 'add' 'add_ln58_344' <Predicate = true> <Delay = 0.72> <CoreInst = "Adder">   --->   Core 1 'Adder' <Latency = 0> <II = 1> <Delay = 0.72> <FuncUnit> <Opcode : 'add' 'sub'> <InPorts = 2> <OutPorts = 1>
ST_1 : Operation 2199 [1/1] (0.00ns) (grouped into TernaryAdder)   --->   "%add_ln58_345 = add i11 %add_ln58_344, i11 %zext_ln58_293" [firmware/nnet_utils/nnet_dense_latency.h:58]   --->   Operation 2199 'add' 'add_ln58_345' <Predicate = true> <Delay = 0.00> <CoreInst = "TAddSub">   --->   Core 10 'TAddSub' <Latency = 0> <II = 1> <Delay = 0.34> <IPBlock> <Opcode : '' 'add' 'sub'> <InPorts = 3> <OutPorts = 1> <Sync> <CReg>
ST_1 : Operation 2200 [1/1] (0.00ns) (grouped into TernaryAdder)   --->   "%add_ln58_346 = add i9 %zext_ln17_80, i9 %zext_ln73_48" [firmware/nnet_utils/nnet_dense_latency.h:58]   --->   Operation 2200 'add' 'add_ln58_346' <Predicate = true> <Delay = 0.00> <CoreInst = "TAddSub">   --->   Core 10 'TAddSub' <Latency = 0> <II = 1> <Delay = 0.34> <IPBlock> <Opcode : '' 'add' 'sub'> <InPorts = 3> <OutPorts = 1> <Sync> <CReg>
ST_1 : Operation 2201 [1/1] (0.70ns)   --->   "%add_ln58_347 = add i7 %zext_ln73_137, i7 %zext_ln73_142" [firmware/nnet_utils/nnet_dense_latency.h:58]   --->   Operation 2201 'add' 'add_ln58_347' <Predicate = true> <Delay = 0.70> <CoreInst = "Adder">   --->   Core 1 'Adder' <Latency = 0> <II = 1> <Delay = 0.70> <FuncUnit> <Opcode : 'add' 'sub'> <InPorts = 2> <OutPorts = 1>
ST_1 : Operation 2202 [1/1] (0.00ns)   --->   "%zext_ln58_294 = zext i7 %add_ln58_347" [firmware/nnet_utils/nnet_dense_latency.h:58]   --->   Operation 2202 'zext' 'zext_ln58_294' <Predicate = true> <Delay = 0.00>
ST_1 : Operation 2203 [1/1] (0.81ns) (root node of TernaryAdder)   --->   "%add_ln58_348 = add i9 %zext_ln58_294, i9 %add_ln58_346" [firmware/nnet_utils/nnet_dense_latency.h:58]   --->   Operation 2203 'add' 'add_ln58_348' <Predicate = true> <Delay = 0.81> <CoreInst = "TAddSub">   --->   Core 10 'TAddSub' <Latency = 0> <II = 1> <Delay = 0.34> <IPBlock> <Opcode : '' 'add' 'sub'> <InPorts = 3> <OutPorts = 1> <Sync> <CReg>
ST_1 : Operation 2204 [1/1] (0.00ns)   --->   "%zext_ln58_295 = zext i9 %add_ln58_348" [firmware/nnet_utils/nnet_dense_latency.h:58]   --->   Operation 2204 'zext' 'zext_ln58_295' <Predicate = true> <Delay = 0.00>
ST_1 : Operation 2205 [1/1] (0.77ns) (root node of TernaryAdder)   --->   "%add_ln58_349 = add i11 %zext_ln58_295, i11 %add_ln58_345" [firmware/nnet_utils/nnet_dense_latency.h:58]   --->   Operation 2205 'add' 'add_ln58_349' <Predicate = true> <Delay = 0.77> <CoreInst = "TAddSub">   --->   Core 10 'TAddSub' <Latency = 0> <II = 1> <Delay = 0.34> <IPBlock> <Opcode : '' 'add' 'sub'> <InPorts = 3> <OutPorts = 1> <Sync> <CReg>
ST_1 : Operation 2206 [1/1] (0.00ns)   --->   "%zext_ln58_296 = zext i11 %add_ln58_349" [firmware/nnet_utils/nnet_dense_latency.h:58]   --->   Operation 2206 'zext' 'zext_ln58_296' <Predicate = true> <Delay = 0.00>
ST_1 : Operation 2207 [1/1] (0.74ns)   --->   "%add_ln58_350 = add i13 %zext_ln58_296, i13 %zext_ln58_292" [firmware/nnet_utils/nnet_dense_latency.h:58]   --->   Operation 2207 'add' 'add_ln58_350' <Predicate = true> <Delay = 0.74> <CoreInst = "Adder">   --->   Core 1 'Adder' <Latency = 0> <II = 1> <Delay = 0.74> <FuncUnit> <Opcode : 'add' 'sub'> <InPorts = 2> <OutPorts = 1>
ST_1 : Operation 2208 [1/1] (0.00ns)   --->   "%zext_ln58_298 = zext i8 %sub_ln73_360" [firmware/nnet_utils/nnet_dense_latency.h:58]   --->   Operation 2208 'zext' 'zext_ln58_298' <Predicate = true> <Delay = 0.00>
ST_1 : Operation 2209 [1/1] (0.00ns)   --->   "%zext_ln58_299 = zext i8 %sub_ln73_360" [firmware/nnet_utils/nnet_dense_latency.h:58]   --->   Operation 2209 'zext' 'zext_ln58_299' <Predicate = true> <Delay = 0.00>
ST_1 : Operation 2210 [1/1] (0.72ns)   --->   "%add_ln58_352 = add i11 %sext_ln17_7, i11 %sext_ln17_12" [firmware/nnet_utils/nnet_dense_latency.h:58]   --->   Operation 2210 'add' 'add_ln58_352' <Predicate = true> <Delay = 0.72> <CoreInst = "Adder">   --->   Core 1 'Adder' <Latency = 0> <II = 1> <Delay = 0.72> <FuncUnit> <Opcode : 'add' 'sub'> <InPorts = 2> <OutPorts = 1>
ST_1 : Operation 2211 [1/1] (0.00ns)   --->   "%sext_ln58_144 = sext i11 %add_ln58_352" [firmware/nnet_utils/nnet_dense_latency.h:58]   --->   Operation 2211 'sext' 'sext_ln58_144' <Predicate = true> <Delay = 0.00>
ST_1 : Operation 2212 [1/1] (0.70ns)   --->   "%add_ln58_353 = add i8 %sext_ln17_46, i8 %sext_ln17_57" [firmware/nnet_utils/nnet_dense_latency.h:58]   --->   Operation 2212 'add' 'add_ln58_353' <Predicate = true> <Delay = 0.70> <CoreInst = "Adder">   --->   Core 1 'Adder' <Latency = 0> <II = 1> <Delay = 0.70> <FuncUnit> <Opcode : 'add' 'sub'> <InPorts = 2> <OutPorts = 1>
ST_1 : Operation 2213 [1/1] (0.00ns)   --->   "%sext_ln58_145 = sext i8 %add_ln58_353" [firmware/nnet_utils/nnet_dense_latency.h:58]   --->   Operation 2213 'sext' 'sext_ln58_145' <Predicate = true> <Delay = 0.00>
ST_1 : Operation 2214 [1/1] (0.77ns) (root node of TernaryAdder)   --->   "%add_ln58_354 = add i11 %sext_ln58_145, i11 %mult_61" [firmware/nnet_utils/nnet_dense_latency.h:58]   --->   Operation 2214 'add' 'add_ln58_354' <Predicate = true> <Delay = 0.77> <CoreInst = "TAddSub">   --->   Core 10 'TAddSub' <Latency = 0> <II = 1> <Delay = 0.34> <IPBlock> <Opcode : '' 'add' 'sub'> <InPorts = 3> <OutPorts = 1> <Sync> <CReg>
ST_1 : Operation 2215 [1/1] (0.00ns)   --->   "%sext_ln58_146 = sext i11 %add_ln58_354" [firmware/nnet_utils/nnet_dense_latency.h:58]   --->   Operation 2215 'sext' 'sext_ln58_146' <Predicate = true> <Delay = 0.00>
ST_1 : Operation 2216 [1/1] (0.73ns)   --->   "%add_ln58_355 = add i12 %sext_ln58_146, i12 %sext_ln58_144" [firmware/nnet_utils/nnet_dense_latency.h:58]   --->   Operation 2216 'add' 'add_ln58_355' <Predicate = true> <Delay = 0.73> <CoreInst = "Adder">   --->   Core 1 'Adder' <Latency = 0> <II = 1> <Delay = 0.73> <FuncUnit> <Opcode : 'add' 'sub'> <InPorts = 2> <OutPorts = 1>
ST_1 : Operation 2217 [1/1] (0.73ns)   --->   "%add_ln58_356 = add i11 %sext_ln17_66, i11 %mult_97" [firmware/nnet_utils/nnet_dense_latency.h:58]   --->   Operation 2217 'add' 'add_ln58_356' <Predicate = true> <Delay = 0.73> <CoreInst = "Adder">   --->   Core 1 'Adder' <Latency = 0> <II = 1> <Delay = 0.73> <FuncUnit> <Opcode : 'add' 'sub'> <InPorts = 2> <OutPorts = 1>
ST_1 : Operation 2218 [1/1] (0.00ns)   --->   "%sext_ln58_148 = sext i11 %add_ln58_356" [firmware/nnet_utils/nnet_dense_latency.h:58]   --->   Operation 2218 'sext' 'sext_ln58_148' <Predicate = true> <Delay = 0.00>
ST_1 : Operation 2219 [1/1] (0.71ns)   --->   "%add_ln58_357 = add i10 %sext_ln17_78, i10 %sext_ln17_83" [firmware/nnet_utils/nnet_dense_latency.h:58]   --->   Operation 2219 'add' 'add_ln58_357' <Predicate = true> <Delay = 0.71> <CoreInst = "Adder">   --->   Core 1 'Adder' <Latency = 0> <II = 1> <Delay = 0.71> <FuncUnit> <Opcode : 'add' 'sub'> <InPorts = 2> <OutPorts = 1>
ST_1 : Operation 2220 [1/1] (0.00ns)   --->   "%sext_ln58_149 = sext i10 %add_ln58_357" [firmware/nnet_utils/nnet_dense_latency.h:58]   --->   Operation 2220 'sext' 'sext_ln58_149' <Predicate = true> <Delay = 0.00>
ST_1 : Operation 2221 [1/1] (0.72ns)   --->   "%add_ln58_358 = add i11 %sext_ln58_149, i11 %sext_ln17_75" [firmware/nnet_utils/nnet_dense_latency.h:58]   --->   Operation 2221 'add' 'add_ln58_358' <Predicate = true> <Delay = 0.72> <CoreInst = "Adder">   --->   Core 1 'Adder' <Latency = 0> <II = 1> <Delay = 0.72> <FuncUnit> <Opcode : 'add' 'sub'> <InPorts = 2> <OutPorts = 1>
ST_1 : Operation 2222 [1/1] (0.00ns)   --->   "%sext_ln58_150 = sext i11 %add_ln58_358" [firmware/nnet_utils/nnet_dense_latency.h:58]   --->   Operation 2222 'sext' 'sext_ln58_150' <Predicate = true> <Delay = 0.00>
ST_1 : Operation 2223 [1/1] (0.73ns)   --->   "%add_ln58_359 = add i12 %sext_ln58_150, i12 %sext_ln58_148" [firmware/nnet_utils/nnet_dense_latency.h:58]   --->   Operation 2223 'add' 'add_ln58_359' <Predicate = true> <Delay = 0.73> <CoreInst = "Adder">   --->   Core 1 'Adder' <Latency = 0> <II = 1> <Delay = 0.73> <FuncUnit> <Opcode : 'add' 'sub'> <InPorts = 2> <OutPorts = 1>
ST_1 : Operation 2224 [1/1] (0.00ns) (grouped into TernaryAdder)   --->   "%add_ln58_361 = add i12 %sext_ln17_90, i12 %sext_ln17_92" [firmware/nnet_utils/nnet_dense_latency.h:58]   --->   Operation 2224 'add' 'add_ln58_361' <Predicate = true> <Delay = 0.00> <CoreInst = "TAddSub">   --->   Core 10 'TAddSub' <Latency = 0> <II = 1> <Delay = 0.34> <IPBlock> <Opcode : '' 'add' 'sub'> <InPorts = 3> <OutPorts = 1> <Sync> <CReg>
ST_1 : Operation 2225 [1/1] (0.79ns) (root node of TernaryAdder)   --->   "%add_ln58_362 = add i10 %mult_246, i10 %sext_ln17_193" [firmware/nnet_utils/nnet_dense_latency.h:58]   --->   Operation 2225 'add' 'add_ln58_362' <Predicate = true> <Delay = 0.79> <CoreInst = "TAddSub">   --->   Core 10 'TAddSub' <Latency = 0> <II = 1> <Delay = 0.34> <IPBlock> <Opcode : '' 'add' 'sub'> <InPorts = 3> <OutPorts = 1> <Sync> <CReg>
ST_1 : Operation 2226 [1/1] (0.00ns)   --->   "%sext_ln58_153 = sext i10 %add_ln58_362" [firmware/nnet_utils/nnet_dense_latency.h:58]   --->   Operation 2226 'sext' 'sext_ln58_153' <Predicate = true> <Delay = 0.00>
ST_1 : Operation 2227 [1/1] (0.72ns)   --->   "%add_ln58_363 = add i11 %sext_ln58_153, i11 %sext_ln17_158" [firmware/nnet_utils/nnet_dense_latency.h:58]   --->   Operation 2227 'add' 'add_ln58_363' <Predicate = true> <Delay = 0.72> <CoreInst = "Adder">   --->   Core 1 'Adder' <Latency = 0> <II = 1> <Delay = 0.72> <FuncUnit> <Opcode : 'add' 'sub'> <InPorts = 2> <OutPorts = 1>
ST_1 : Operation 2228 [1/1] (0.00ns)   --->   "%sext_ln58_154 = sext i11 %add_ln58_363" [firmware/nnet_utils/nnet_dense_latency.h:58]   --->   Operation 2228 'sext' 'sext_ln58_154' <Predicate = true> <Delay = 0.00>
ST_1 : Operation 2229 [1/1] (0.75ns) (root node of TernaryAdder)   --->   "%add_ln58_364 = add i12 %sext_ln58_154, i12 %add_ln58_361" [firmware/nnet_utils/nnet_dense_latency.h:58]   --->   Operation 2229 'add' 'add_ln58_364' <Predicate = true> <Delay = 0.75> <CoreInst = "TAddSub">   --->   Core 10 'TAddSub' <Latency = 0> <II = 1> <Delay = 0.34> <IPBlock> <Opcode : '' 'add' 'sub'> <InPorts = 3> <OutPorts = 1> <Sync> <CReg>
ST_1 : Operation 2230 [1/1] (0.72ns)   --->   "%add_ln58_365 = add i11 %zext_ln58_7, i11 %zext_ln17_6" [firmware/nnet_utils/nnet_dense_latency.h:58]   --->   Operation 2230 'add' 'add_ln58_365' <Predicate = true> <Delay = 0.72> <CoreInst = "Adder">   --->   Core 1 'Adder' <Latency = 0> <II = 1> <Delay = 0.72> <FuncUnit> <Opcode : 'add' 'sub'> <InPorts = 2> <OutPorts = 1>
ST_1 : Operation 2231 [1/1] (0.00ns)   --->   "%zext_ln58_300 = zext i11 %add_ln58_365" [firmware/nnet_utils/nnet_dense_latency.h:58]   --->   Operation 2231 'zext' 'zext_ln58_300' <Predicate = true> <Delay = 0.00>
ST_1 : Operation 2232 [1/1] (0.73ns)   --->   "%add_ln58_366 = add i12 %zext_ln58_300, i12 %sext_ln17_198" [firmware/nnet_utils/nnet_dense_latency.h:58]   --->   Operation 2232 'add' 'add_ln58_366' <Predicate = true> <Delay = 0.73> <CoreInst = "Adder">   --->   Core 1 'Adder' <Latency = 0> <II = 1> <Delay = 0.73> <FuncUnit> <Opcode : 'add' 'sub'> <InPorts = 2> <OutPorts = 1>
ST_1 : Operation 2233 [1/1] (0.00ns) (grouped into TernaryAdder)   --->   "%add_ln58_367 = add i11 %zext_ln17_16, i11 %zext_ln58_31" [firmware/nnet_utils/nnet_dense_latency.h:58]   --->   Operation 2233 'add' 'add_ln58_367' <Predicate = true> <Delay = 0.00> <CoreInst = "TAddSub">   --->   Core 10 'TAddSub' <Latency = 0> <II = 1> <Delay = 0.34> <IPBlock> <Opcode : '' 'add' 'sub'> <InPorts = 3> <OutPorts = 1> <Sync> <CReg>
ST_1 : Operation 2234 [1/1] (0.77ns) (root node of TernaryAdder)   --->   "%add_ln58_368 = add i11 %add_ln58_367, i11 %zext_ln17_11" [firmware/nnet_utils/nnet_dense_latency.h:58]   --->   Operation 2234 'add' 'add_ln58_368' <Predicate = true> <Delay = 0.77> <CoreInst = "TAddSub">   --->   Core 10 'TAddSub' <Latency = 0> <II = 1> <Delay = 0.34> <IPBlock> <Opcode : '' 'add' 'sub'> <InPorts = 3> <OutPorts = 1> <Sync> <CReg>
ST_1 : Operation 2235 [1/1] (0.79ns) (root node of TernaryAdder)   --->   "%add_ln58_372 = add i10 %zext_ln17_25, i10 %add_ln73_13" [firmware/nnet_utils/nnet_dense_latency.h:58]   --->   Operation 2235 'add' 'add_ln58_372' <Predicate = true> <Delay = 0.79> <CoreInst = "TAddSub">   --->   Core 10 'TAddSub' <Latency = 0> <II = 1> <Delay = 0.34> <IPBlock> <Opcode : '' 'add' 'sub'> <InPorts = 3> <OutPorts = 1> <Sync> <CReg>
ST_1 : Operation 2236 [1/1] (0.00ns)   --->   "%zext_ln58_302 = zext i10 %add_ln58_372" [firmware/nnet_utils/nnet_dense_latency.h:58]   --->   Operation 2236 'zext' 'zext_ln58_302' <Predicate = true> <Delay = 0.00>
ST_1 : Operation 2237 [1/1] (0.00ns) (grouped into TernaryAdder)   --->   "%add_ln58_373 = add i11 %zext_ln17_44, i11 %zext_ln58_69" [firmware/nnet_utils/nnet_dense_latency.h:58]   --->   Operation 2237 'add' 'add_ln58_373' <Predicate = true> <Delay = 0.00> <CoreInst = "TAddSub">   --->   Core 10 'TAddSub' <Latency = 0> <II = 1> <Delay = 0.34> <IPBlock> <Opcode : '' 'add' 'sub'> <InPorts = 3> <OutPorts = 1> <Sync> <CReg>
ST_1 : Operation 2238 [1/1] (0.77ns) (root node of TernaryAdder)   --->   "%add_ln58_374 = add i11 %add_ln58_373, i11 %zext_ln58_47" [firmware/nnet_utils/nnet_dense_latency.h:58]   --->   Operation 2238 'add' 'add_ln58_374' <Predicate = true> <Delay = 0.77> <CoreInst = "TAddSub">   --->   Core 10 'TAddSub' <Latency = 0> <II = 1> <Delay = 0.34> <IPBlock> <Opcode : '' 'add' 'sub'> <InPorts = 3> <OutPorts = 1> <Sync> <CReg>
ST_1 : Operation 2239 [1/1] (0.00ns)   --->   "%zext_ln58_303 = zext i11 %add_ln58_374" [firmware/nnet_utils/nnet_dense_latency.h:58]   --->   Operation 2239 'zext' 'zext_ln58_303' <Predicate = true> <Delay = 0.00>
ST_1 : Operation 2240 [1/1] (0.73ns)   --->   "%add_ln58_375 = add i12 %zext_ln58_303, i12 %zext_ln58_302" [firmware/nnet_utils/nnet_dense_latency.h:58]   --->   Operation 2240 'add' 'add_ln58_375' <Predicate = true> <Delay = 0.73> <CoreInst = "Adder">   --->   Core 1 'Adder' <Latency = 0> <II = 1> <Delay = 0.73> <FuncUnit> <Opcode : 'add' 'sub'> <InPorts = 2> <OutPorts = 1>
ST_1 : Operation 2241 [1/1] (0.00ns)   --->   "%zext_ln58_304 = zext i12 %add_ln58_375" [firmware/nnet_utils/nnet_dense_latency.h:58]   --->   Operation 2241 'zext' 'zext_ln58_304' <Predicate = true> <Delay = 0.00>
ST_1 : Operation 2242 [1/1] (0.72ns)   --->   "%add_ln58_376 = add i11 %zext_ln58_82, i11 %zext_ln58_89" [firmware/nnet_utils/nnet_dense_latency.h:58]   --->   Operation 2242 'add' 'add_ln58_376' <Predicate = true> <Delay = 0.72> <CoreInst = "Adder">   --->   Core 1 'Adder' <Latency = 0> <II = 1> <Delay = 0.72> <FuncUnit> <Opcode : 'add' 'sub'> <InPorts = 2> <OutPorts = 1>
ST_1 : Operation 2243 [1/1] (0.00ns)   --->   "%zext_ln58_305 = zext i11 %add_ln58_376" [firmware/nnet_utils/nnet_dense_latency.h:58]   --->   Operation 2243 'zext' 'zext_ln58_305' <Predicate = true> <Delay = 0.00>
ST_1 : Operation 2244 [1/1] (0.00ns) (grouped into TernaryAdder)   --->   "%add_ln58_377 = add i11 %add_ln73_41, i11 %zext_ln58_125" [firmware/nnet_utils/nnet_dense_latency.h:58]   --->   Operation 2244 'add' 'add_ln58_377' <Predicate = true> <Delay = 0.00> <CoreInst = "TAddSub">   --->   Core 10 'TAddSub' <Latency = 0> <II = 1> <Delay = 0.34> <IPBlock> <Opcode : '' 'add' 'sub'> <InPorts = 3> <OutPorts = 1> <Sync> <CReg>
ST_1 : Operation 2245 [1/1] (0.77ns) (root node of TernaryAdder)   --->   "%add_ln58_378 = add i11 %add_ln58_377, i11 %zext_ln17_60" [firmware/nnet_utils/nnet_dense_latency.h:58]   --->   Operation 2245 'add' 'add_ln58_378' <Predicate = true> <Delay = 0.77> <CoreInst = "TAddSub">   --->   Core 10 'TAddSub' <Latency = 0> <II = 1> <Delay = 0.34> <IPBlock> <Opcode : '' 'add' 'sub'> <InPorts = 3> <OutPorts = 1> <Sync> <CReg>
ST_1 : Operation 2246 [1/1] (0.00ns)   --->   "%zext_ln58_306 = zext i11 %add_ln58_378" [firmware/nnet_utils/nnet_dense_latency.h:58]   --->   Operation 2246 'zext' 'zext_ln58_306' <Predicate = true> <Delay = 0.00>
ST_1 : Operation 2247 [1/1] (0.73ns)   --->   "%add_ln58_379 = add i12 %zext_ln58_306, i12 %zext_ln58_305" [firmware/nnet_utils/nnet_dense_latency.h:58]   --->   Operation 2247 'add' 'add_ln58_379' <Predicate = true> <Delay = 0.73> <CoreInst = "Adder">   --->   Core 1 'Adder' <Latency = 0> <II = 1> <Delay = 0.73> <FuncUnit> <Opcode : 'add' 'sub'> <InPorts = 2> <OutPorts = 1>
ST_1 : Operation 2248 [1/1] (0.00ns)   --->   "%zext_ln58_307 = zext i12 %add_ln58_379" [firmware/nnet_utils/nnet_dense_latency.h:58]   --->   Operation 2248 'zext' 'zext_ln58_307' <Predicate = true> <Delay = 0.00>
ST_1 : Operation 2249 [1/1] (0.74ns)   --->   "%add_ln58_380 = add i13 %zext_ln58_307, i13 %zext_ln58_304" [firmware/nnet_utils/nnet_dense_latency.h:58]   --->   Operation 2249 'add' 'add_ln58_380' <Predicate = true> <Delay = 0.74> <CoreInst = "Adder">   --->   Core 1 'Adder' <Latency = 0> <II = 1> <Delay = 0.74> <FuncUnit> <Opcode : 'add' 'sub'> <InPorts = 2> <OutPorts = 1>
ST_1 : Operation 2250 [1/1] (0.71ns)   --->   "%add_ln58_381 = add i9 %add_ln73_53, i9 %zext_ln58_133" [firmware/nnet_utils/nnet_dense_latency.h:58]   --->   Operation 2250 'add' 'add_ln58_381' <Predicate = true> <Delay = 0.71> <CoreInst = "Adder">   --->   Core 1 'Adder' <Latency = 0> <II = 1> <Delay = 0.71> <FuncUnit> <Opcode : 'add' 'sub'> <InPorts = 2> <OutPorts = 1>
ST_1 : Operation 2251 [1/1] (0.00ns)   --->   "%zext_ln58_309 = zext i9 %add_ln58_381" [firmware/nnet_utils/nnet_dense_latency.h:58]   --->   Operation 2251 'zext' 'zext_ln58_309' <Predicate = true> <Delay = 0.00>
ST_1 : Operation 2252 [1/1] (0.00ns) (grouped into TernaryAdder)   --->   "%add_ln58_382 = add i10 %zext_ln58_163, i10 %zext_ln58_220" [firmware/nnet_utils/nnet_dense_latency.h:58]   --->   Operation 2252 'add' 'add_ln58_382' <Predicate = true> <Delay = 0.00> <CoreInst = "TAddSub">   --->   Core 10 'TAddSub' <Latency = 0> <II = 1> <Delay = 0.34> <IPBlock> <Opcode : '' 'add' 'sub'> <InPorts = 3> <OutPorts = 1> <Sync> <CReg>
ST_1 : Operation 2253 [1/1] (0.79ns) (root node of TernaryAdder)   --->   "%add_ln58_383 = add i10 %add_ln58_382, i10 %zext_ln58_135" [firmware/nnet_utils/nnet_dense_latency.h:58]   --->   Operation 2253 'add' 'add_ln58_383' <Predicate = true> <Delay = 0.79> <CoreInst = "TAddSub">   --->   Core 10 'TAddSub' <Latency = 0> <II = 1> <Delay = 0.34> <IPBlock> <Opcode : '' 'add' 'sub'> <InPorts = 3> <OutPorts = 1> <Sync> <CReg>
ST_1 : Operation 2254 [1/1] (0.00ns)   --->   "%zext_ln58_310 = zext i10 %add_ln58_383" [firmware/nnet_utils/nnet_dense_latency.h:58]   --->   Operation 2254 'zext' 'zext_ln58_310' <Predicate = true> <Delay = 0.00>
ST_1 : Operation 2255 [1/1] (0.72ns)   --->   "%add_ln58_384 = add i11 %zext_ln58_310, i11 %zext_ln58_309" [firmware/nnet_utils/nnet_dense_latency.h:58]   --->   Operation 2255 'add' 'add_ln58_384' <Predicate = true> <Delay = 0.72> <CoreInst = "Adder">   --->   Core 1 'Adder' <Latency = 0> <II = 1> <Delay = 0.72> <FuncUnit> <Opcode : 'add' 'sub'> <InPorts = 2> <OutPorts = 1>
ST_1 : Operation 2256 [1/1] (0.00ns)   --->   "%zext_ln58_311 = zext i11 %add_ln58_384" [firmware/nnet_utils/nnet_dense_latency.h:58]   --->   Operation 2256 'zext' 'zext_ln58_311' <Predicate = true> <Delay = 0.00>
ST_1 : Operation 2257 [1/1] (0.00ns)   --->   "%zext_ln58_312 = zext i6 %data_8_val_read" [firmware/nnet_utils/nnet_dense_latency.h:58]   --->   Operation 2257 'zext' 'zext_ln58_312' <Predicate = true> <Delay = 0.00>
ST_1 : Operation 2258 [1/1] (0.00ns)   --->   "%or_ln58_3 = bitconcatenate i9 @_ssdm_op_BitConcatenate.i9.i1.i8, i1 1, i8 %zext_ln58_312" [firmware/nnet_utils/nnet_dense_latency.h:58]   --->   Operation 2258 'bitconcatenate' 'or_ln58_3' <Predicate = true> <Delay = 0.00>
ST_1 : Operation 2259 [1/1] (0.00ns)   --->   "%sext_ln58_159 = sext i9 %or_ln58_3" [firmware/nnet_utils/nnet_dense_latency.h:58]   --->   Operation 2259 'sext' 'sext_ln58_159' <Predicate = true> <Delay = 0.00>
ST_1 : Operation 2260 [1/1] (0.71ns)   --->   "%add_ln58_385 = add i10 %sext_ln58_159, i10 %zext_ln58_299" [firmware/nnet_utils/nnet_dense_latency.h:58]   --->   Operation 2260 'add' 'add_ln58_385' <Predicate = true> <Delay = 0.71> <CoreInst = "Adder">   --->   Core 1 'Adder' <Latency = 0> <II = 1> <Delay = 0.71> <FuncUnit> <Opcode : 'add' 'sub'> <InPorts = 2> <OutPorts = 1>
ST_1 : Operation 2261 [1/1] (0.00ns)   --->   "%sext_ln58_160 = sext i10 %add_ln58_385" [firmware/nnet_utils/nnet_dense_latency.h:58]   --->   Operation 2261 'sext' 'sext_ln58_160' <Predicate = true> <Delay = 0.00>
ST_1 : Operation 2262 [1/1] (0.70ns)   --->   "%add_ln58_386 = add i7 %zext_ln73_163, i7 %zext_ln73_238" [firmware/nnet_utils/nnet_dense_latency.h:58]   --->   Operation 2262 'add' 'add_ln58_386' <Predicate = true> <Delay = 0.70> <CoreInst = "Adder">   --->   Core 1 'Adder' <Latency = 0> <II = 1> <Delay = 0.70> <FuncUnit> <Opcode : 'add' 'sub'> <InPorts = 2> <OutPorts = 1>
ST_1 : Operation 2263 [1/1] (0.00ns)   --->   "%zext_ln58_313 = zext i7 %add_ln58_386" [firmware/nnet_utils/nnet_dense_latency.h:58]   --->   Operation 2263 'zext' 'zext_ln58_313' <Predicate = true> <Delay = 0.00>
ST_1 : Operation 2264 [1/1] (0.70ns)   --->   "%add_ln58_387 = add i8 %zext_ln58_313, i8 %zext_ln73_143" [firmware/nnet_utils/nnet_dense_latency.h:58]   --->   Operation 2264 'add' 'add_ln58_387' <Predicate = true> <Delay = 0.70> <CoreInst = "Adder">   --->   Core 1 'Adder' <Latency = 0> <II = 1> <Delay = 0.70> <FuncUnit> <Opcode : 'add' 'sub'> <InPorts = 2> <OutPorts = 1>
ST_1 : Operation 2265 [1/1] (0.00ns)   --->   "%zext_ln58_314 = zext i8 %add_ln58_387" [firmware/nnet_utils/nnet_dense_latency.h:58]   --->   Operation 2265 'zext' 'zext_ln58_314' <Predicate = true> <Delay = 0.00>
ST_1 : Operation 2266 [1/1] (0.72ns)   --->   "%add_ln58_388 = add i11 %zext_ln58_314, i11 %sext_ln58_160" [firmware/nnet_utils/nnet_dense_latency.h:58]   --->   Operation 2266 'add' 'add_ln58_388' <Predicate = true> <Delay = 0.72> <CoreInst = "Adder">   --->   Core 1 'Adder' <Latency = 0> <II = 1> <Delay = 0.72> <FuncUnit> <Opcode : 'add' 'sub'> <InPorts = 2> <OutPorts = 1>
ST_1 : Operation 2267 [1/1] (0.00ns)   --->   "%sext_ln58_161 = sext i11 %add_ln58_388" [firmware/nnet_utils/nnet_dense_latency.h:58]   --->   Operation 2267 'sext' 'sext_ln58_161' <Predicate = true> <Delay = 0.00>
ST_1 : Operation 2268 [1/1] (0.73ns)   --->   "%add_ln58_389 = add i13 %sext_ln58_161, i13 %zext_ln58_311" [firmware/nnet_utils/nnet_dense_latency.h:58]   --->   Operation 2268 'add' 'add_ln58_389' <Predicate = true> <Delay = 0.73> <CoreInst = "Adder">   --->   Core 1 'Adder' <Latency = 0> <II = 1> <Delay = 0.73> <FuncUnit> <Opcode : 'add' 'sub'> <InPorts = 2> <OutPorts = 1>
ST_1 : Operation 2269 [1/1] (0.70ns)   --->   "%add_ln58_392 = add i9 %sext_ln17_13, i9 %sext_ln17_89" [firmware/nnet_utils/nnet_dense_latency.h:58]   --->   Operation 2269 'add' 'add_ln58_392' <Predicate = true> <Delay = 0.70> <CoreInst = "Adder">   --->   Core 1 'Adder' <Latency = 0> <II = 1> <Delay = 0.70> <FuncUnit> <Opcode : 'add' 'sub'> <InPorts = 2> <OutPorts = 1>
ST_1 : Operation 2270 [1/1] (0.00ns)   --->   "%sext_ln58_164 = sext i9 %add_ln58_392" [firmware/nnet_utils/nnet_dense_latency.h:58]   --->   Operation 2270 'sext' 'sext_ln58_164' <Predicate = true> <Delay = 0.00>
ST_1 : Operation 2271 [1/1] (0.77ns) (root node of TernaryAdder)   --->   "%add_ln58_393 = add i11 %sext_ln17_110, i11 %mult_200" [firmware/nnet_utils/nnet_dense_latency.h:58]   --->   Operation 2271 'add' 'add_ln58_393' <Predicate = true> <Delay = 0.77> <CoreInst = "TAddSub">   --->   Core 10 'TAddSub' <Latency = 0> <II = 1> <Delay = 0.34> <IPBlock> <Opcode : '' 'add' 'sub'> <InPorts = 3> <OutPorts = 1> <Sync> <CReg>
ST_1 : Operation 2272 [1/1] (0.00ns)   --->   "%sext_ln58_165 = sext i11 %add_ln58_393" [firmware/nnet_utils/nnet_dense_latency.h:58]   --->   Operation 2272 'sext' 'sext_ln58_165' <Predicate = true> <Delay = 0.00>
ST_1 : Operation 2273 [1/1] (0.73ns)   --->   "%add_ln58_394 = add i12 %sext_ln58_165, i12 %sext_ln58_164" [firmware/nnet_utils/nnet_dense_latency.h:58]   --->   Operation 2273 'add' 'add_ln58_394' <Predicate = true> <Delay = 0.73> <CoreInst = "Adder">   --->   Core 1 'Adder' <Latency = 0> <II = 1> <Delay = 0.73> <FuncUnit> <Opcode : 'add' 'sub'> <InPorts = 2> <OutPorts = 1>
ST_1 : Operation 2274 [1/1] (0.00ns)   --->   "%sext_ln58_166 = sext i12 %add_ln58_394" [firmware/nnet_utils/nnet_dense_latency.h:58]   --->   Operation 2274 'sext' 'sext_ln58_166' <Predicate = true> <Delay = 0.00>
ST_1 : Operation 2275 [1/1] (0.72ns)   --->   "%add_ln58_395 = add i10 %sext_ln17_144, i10 %mult_228" [firmware/nnet_utils/nnet_dense_latency.h:58]   --->   Operation 2275 'add' 'add_ln58_395' <Predicate = true> <Delay = 0.72> <CoreInst = "Adder">   --->   Core 1 'Adder' <Latency = 0> <II = 1> <Delay = 0.72> <FuncUnit> <Opcode : 'add' 'sub'> <InPorts = 2> <OutPorts = 1>
ST_1 : Operation 2276 [1/1] (0.00ns)   --->   "%sext_ln58_167 = sext i10 %add_ln58_395" [firmware/nnet_utils/nnet_dense_latency.h:58]   --->   Operation 2276 'sext' 'sext_ln58_167' <Predicate = true> <Delay = 0.00>
ST_1 : Operation 2277 [1/1] (0.79ns) (root node of TernaryAdder)   --->   "%add_ln58_396 = add i10 %mult_251, i10 %sext_ln17_178" [firmware/nnet_utils/nnet_dense_latency.h:58]   --->   Operation 2277 'add' 'add_ln58_396' <Predicate = true> <Delay = 0.79> <CoreInst = "TAddSub">   --->   Core 10 'TAddSub' <Latency = 0> <II = 1> <Delay = 0.34> <IPBlock> <Opcode : '' 'add' 'sub'> <InPorts = 3> <OutPorts = 1> <Sync> <CReg>
ST_1 : Operation 2278 [1/1] (0.00ns)   --->   "%sext_ln58_168 = sext i10 %add_ln58_396" [firmware/nnet_utils/nnet_dense_latency.h:58]   --->   Operation 2278 'sext' 'sext_ln58_168' <Predicate = true> <Delay = 0.00>
ST_1 : Operation 2279 [1/1] (0.72ns)   --->   "%add_ln58_397 = add i11 %sext_ln58_168, i11 %sext_ln58_167" [firmware/nnet_utils/nnet_dense_latency.h:58]   --->   Operation 2279 'add' 'add_ln58_397' <Predicate = true> <Delay = 0.72> <CoreInst = "Adder">   --->   Core 1 'Adder' <Latency = 0> <II = 1> <Delay = 0.72> <FuncUnit> <Opcode : 'add' 'sub'> <InPorts = 2> <OutPorts = 1>
ST_1 : Operation 2280 [1/1] (0.00ns)   --->   "%sext_ln58_169 = sext i11 %add_ln58_397" [firmware/nnet_utils/nnet_dense_latency.h:58]   --->   Operation 2280 'sext' 'sext_ln58_169' <Predicate = true> <Delay = 0.00>
ST_1 : Operation 2281 [1/1] (0.00ns) (grouped into TernaryAdder)   --->   "%add_ln58_398 = add i13 %sext_ln58_169, i13 %sext_ln58_166" [firmware/nnet_utils/nnet_dense_latency.h:58]   --->   Operation 2281 'add' 'add_ln58_398' <Predicate = true> <Delay = 0.00> <CoreInst = "TAddSub">   --->   Core 10 'TAddSub' <Latency = 0> <II = 1> <Delay = 0.34> <IPBlock> <Opcode : '' 'add' 'sub'> <InPorts = 3> <OutPorts = 1> <Sync> <CReg>
ST_1 : Operation 2282 [1/1] (0.73ns)   --->   "%add_ln58_399 = add i12 %sext_ln17_182, i12 %sext_ln17_204" [firmware/nnet_utils/nnet_dense_latency.h:58]   --->   Operation 2282 'add' 'add_ln58_399' <Predicate = true> <Delay = 0.73> <CoreInst = "Adder">   --->   Core 1 'Adder' <Latency = 0> <II = 1> <Delay = 0.73> <FuncUnit> <Opcode : 'add' 'sub'> <InPorts = 2> <OutPorts = 1>
ST_1 : Operation 2283 [1/1] (0.71ns)   --->   "%add_ln58_400 = add i10 %sext_ln17_215, i10 %zext_ln58" [firmware/nnet_utils/nnet_dense_latency.h:58]   --->   Operation 2283 'add' 'add_ln58_400' <Predicate = true> <Delay = 0.71> <CoreInst = "Adder">   --->   Core 1 'Adder' <Latency = 0> <II = 1> <Delay = 0.71> <FuncUnit> <Opcode : 'add' 'sub'> <InPorts = 2> <OutPorts = 1>
ST_1 : Operation 2284 [1/1] (0.00ns)   --->   "%sext_ln58_170 = sext i10 %add_ln58_400" [firmware/nnet_utils/nnet_dense_latency.h:58]   --->   Operation 2284 'sext' 'sext_ln58_170' <Predicate = true> <Delay = 0.00>
ST_1 : Operation 2285 [1/1] (0.00ns) (grouped into TernaryAdder)   --->   "%add_ln58_401 = add i12 %sext_ln58_170, i12 %add_ln58_399" [firmware/nnet_utils/nnet_dense_latency.h:58]   --->   Operation 2285 'add' 'add_ln58_401' <Predicate = true> <Delay = 0.00> <CoreInst = "TAddSub">   --->   Core 10 'TAddSub' <Latency = 0> <II = 1> <Delay = 0.34> <IPBlock> <Opcode : '' 'add' 'sub'> <InPorts = 3> <OutPorts = 1> <Sync> <CReg>
ST_1 : Operation 2286 [1/1] (0.71ns)   --->   "%add_ln58_402 = add i10 %zext_ln58_9, i10 %zext_ln58_16" [firmware/nnet_utils/nnet_dense_latency.h:58]   --->   Operation 2286 'add' 'add_ln58_402' <Predicate = true> <Delay = 0.71> <CoreInst = "Adder">   --->   Core 1 'Adder' <Latency = 0> <II = 1> <Delay = 0.71> <FuncUnit> <Opcode : 'add' 'sub'> <InPorts = 2> <OutPorts = 1>
ST_1 : Operation 2287 [1/1] (0.00ns)   --->   "%zext_ln58_315 = zext i10 %add_ln58_402" [firmware/nnet_utils/nnet_dense_latency.h:58]   --->   Operation 2287 'zext' 'zext_ln58_315' <Predicate = true> <Delay = 0.00>
ST_1 : Operation 2288 [1/1] (0.71ns)   --->   "%add_ln58_403 = add i10 %zext_ln58_25, i10 %zext_ln58_29" [firmware/nnet_utils/nnet_dense_latency.h:58]   --->   Operation 2288 'add' 'add_ln58_403' <Predicate = true> <Delay = 0.71> <CoreInst = "Adder">   --->   Core 1 'Adder' <Latency = 0> <II = 1> <Delay = 0.71> <FuncUnit> <Opcode : 'add' 'sub'> <InPorts = 2> <OutPorts = 1>
ST_1 : Operation 2289 [1/1] (0.00ns)   --->   "%zext_ln58_316 = zext i10 %add_ln58_403" [firmware/nnet_utils/nnet_dense_latency.h:58]   --->   Operation 2289 'zext' 'zext_ln58_316' <Predicate = true> <Delay = 0.00>
ST_1 : Operation 2290 [1/1] (0.72ns)   --->   "%add_ln58_404 = add i11 %zext_ln58_316, i11 %zext_ln58_315" [firmware/nnet_utils/nnet_dense_latency.h:58]   --->   Operation 2290 'add' 'add_ln58_404' <Predicate = true> <Delay = 0.72> <CoreInst = "Adder">   --->   Core 1 'Adder' <Latency = 0> <II = 1> <Delay = 0.72> <FuncUnit> <Opcode : 'add' 'sub'> <InPorts = 2> <OutPorts = 1>
ST_1 : Operation 2291 [1/1] (0.00ns)   --->   "%zext_ln58_317 = zext i11 %add_ln58_404" [firmware/nnet_utils/nnet_dense_latency.h:58]   --->   Operation 2291 'zext' 'zext_ln58_317' <Predicate = true> <Delay = 0.00>
ST_1 : Operation 2292 [1/1] (0.75ns) (root node of TernaryAdder)   --->   "%add_ln58_405 = add i12 %zext_ln58_317, i12 %add_ln58_401" [firmware/nnet_utils/nnet_dense_latency.h:58]   --->   Operation 2292 'add' 'add_ln58_405' <Predicate = true> <Delay = 0.75> <CoreInst = "TAddSub">   --->   Core 10 'TAddSub' <Latency = 0> <II = 1> <Delay = 0.34> <IPBlock> <Opcode : '' 'add' 'sub'> <InPorts = 3> <OutPorts = 1> <Sync> <CReg>
ST_1 : Operation 2293 [1/1] (0.00ns)   --->   "%sext_ln58_171 = sext i12 %add_ln58_405" [firmware/nnet_utils/nnet_dense_latency.h:58]   --->   Operation 2293 'sext' 'sext_ln58_171' <Predicate = true> <Delay = 0.00>
ST_1 : Operation 2294 [1/1] (0.73ns) (root node of TernaryAdder)   --->   "%add_ln58_406 = add i13 %sext_ln58_171, i13 %add_ln58_398" [firmware/nnet_utils/nnet_dense_latency.h:58]   --->   Operation 2294 'add' 'add_ln58_406' <Predicate = true> <Delay = 0.73> <CoreInst = "TAddSub">   --->   Core 10 'TAddSub' <Latency = 0> <II = 1> <Delay = 0.34> <IPBlock> <Opcode : '' 'add' 'sub'> <InPorts = 3> <OutPorts = 1> <Sync> <CReg>
ST_1 : Operation 2295 [1/1] (0.81ns) (root node of TernaryAdder)   --->   "%add_ln58_407 = add i9 %zext_ln17_27, i9 %add_ln73_16" [firmware/nnet_utils/nnet_dense_latency.h:58]   --->   Operation 2295 'add' 'add_ln58_407' <Predicate = true> <Delay = 0.81> <CoreInst = "TAddSub">   --->   Core 10 'TAddSub' <Latency = 0> <II = 1> <Delay = 0.34> <IPBlock> <Opcode : '' 'add' 'sub'> <InPorts = 3> <OutPorts = 1> <Sync> <CReg>
ST_1 : Operation 2296 [1/1] (0.00ns)   --->   "%zext_ln58_318 = zext i9 %add_ln58_407" [firmware/nnet_utils/nnet_dense_latency.h:58]   --->   Operation 2296 'zext' 'zext_ln58_318' <Predicate = true> <Delay = 0.00>
ST_1 : Operation 2297 [1/1] (0.71ns)   --->   "%add_ln58_408 = add i10 %zext_ln58_42, i10 %zext_ln58_60" [firmware/nnet_utils/nnet_dense_latency.h:58]   --->   Operation 2297 'add' 'add_ln58_408' <Predicate = true> <Delay = 0.71> <CoreInst = "Adder">   --->   Core 1 'Adder' <Latency = 0> <II = 1> <Delay = 0.71> <FuncUnit> <Opcode : 'add' 'sub'> <InPorts = 2> <OutPorts = 1>
ST_1 : Operation 2298 [1/1] (0.00ns)   --->   "%zext_ln58_319 = zext i10 %add_ln58_408" [firmware/nnet_utils/nnet_dense_latency.h:58]   --->   Operation 2298 'zext' 'zext_ln58_319' <Predicate = true> <Delay = 0.00>
ST_1 : Operation 2299 [1/1] (0.00ns) (grouped into TernaryAdder)   --->   "%add_ln58_409 = add i11 %zext_ln58_319, i11 %zext_ln58_318" [firmware/nnet_utils/nnet_dense_latency.h:58]   --->   Operation 2299 'add' 'add_ln58_409' <Predicate = true> <Delay = 0.00> <CoreInst = "TAddSub">   --->   Core 10 'TAddSub' <Latency = 0> <II = 1> <Delay = 0.34> <IPBlock> <Opcode : '' 'add' 'sub'> <InPorts = 3> <OutPorts = 1> <Sync> <CReg>
ST_1 : Operation 2300 [1/1] (0.71ns)   --->   "%add_ln58_410 = add i9 %add_ln73_33, i9 %zext_ln17_52" [firmware/nnet_utils/nnet_dense_latency.h:58]   --->   Operation 2300 'add' 'add_ln58_410' <Predicate = true> <Delay = 0.71> <CoreInst = "Adder">   --->   Core 1 'Adder' <Latency = 0> <II = 1> <Delay = 0.71> <FuncUnit> <Opcode : 'add' 'sub'> <InPorts = 2> <OutPorts = 1>
ST_1 : Operation 2301 [1/1] (0.00ns)   --->   "%zext_ln58_320 = zext i9 %add_ln58_410" [firmware/nnet_utils/nnet_dense_latency.h:58]   --->   Operation 2301 'zext' 'zext_ln58_320' <Predicate = true> <Delay = 0.00>
ST_1 : Operation 2302 [1/1] (0.70ns)   --->   "%add_ln58_411 = add i9 %zext_ln58_83, i9 %zext_ln17_55" [firmware/nnet_utils/nnet_dense_latency.h:58]   --->   Operation 2302 'add' 'add_ln58_411' <Predicate = true> <Delay = 0.70> <CoreInst = "Adder">   --->   Core 1 'Adder' <Latency = 0> <II = 1> <Delay = 0.70> <FuncUnit> <Opcode : 'add' 'sub'> <InPorts = 2> <OutPorts = 1>
ST_1 : Operation 2303 [1/1] (0.00ns)   --->   "%zext_ln58_321 = zext i9 %add_ln58_411" [firmware/nnet_utils/nnet_dense_latency.h:58]   --->   Operation 2303 'zext' 'zext_ln58_321' <Predicate = true> <Delay = 0.00>
ST_1 : Operation 2304 [1/1] (0.71ns)   --->   "%add_ln58_412 = add i10 %zext_ln58_321, i10 %zext_ln58_320" [firmware/nnet_utils/nnet_dense_latency.h:58]   --->   Operation 2304 'add' 'add_ln58_412' <Predicate = true> <Delay = 0.71> <CoreInst = "Adder">   --->   Core 1 'Adder' <Latency = 0> <II = 1> <Delay = 0.71> <FuncUnit> <Opcode : 'add' 'sub'> <InPorts = 2> <OutPorts = 1>
ST_1 : Operation 2305 [1/1] (0.00ns)   --->   "%zext_ln58_322 = zext i10 %add_ln58_412" [firmware/nnet_utils/nnet_dense_latency.h:58]   --->   Operation 2305 'zext' 'zext_ln58_322' <Predicate = true> <Delay = 0.00>
ST_1 : Operation 2306 [1/1] (0.77ns) (root node of TernaryAdder)   --->   "%add_ln58_413 = add i11 %zext_ln58_322, i11 %add_ln58_409" [firmware/nnet_utils/nnet_dense_latency.h:58]   --->   Operation 2306 'add' 'add_ln58_413' <Predicate = true> <Delay = 0.77> <CoreInst = "TAddSub">   --->   Core 10 'TAddSub' <Latency = 0> <II = 1> <Delay = 0.34> <IPBlock> <Opcode : '' 'add' 'sub'> <InPorts = 3> <OutPorts = 1> <Sync> <CReg>
ST_1 : Operation 2307 [1/1] (0.00ns) (grouped into TernaryAdder)   --->   "%add_ln58_414 = add i11 %zext_ln58_106, i11 %zext_ln17_66" [firmware/nnet_utils/nnet_dense_latency.h:58]   --->   Operation 2307 'add' 'add_ln58_414' <Predicate = true> <Delay = 0.00> <CoreInst = "TAddSub">   --->   Core 10 'TAddSub' <Latency = 0> <II = 1> <Delay = 0.34> <IPBlock> <Opcode : '' 'add' 'sub'> <InPorts = 3> <OutPorts = 1> <Sync> <CReg>
ST_1 : Operation 2308 [1/1] (0.70ns)   --->   "%add_ln58_415 = add i9 %zext_ln58_131, i9 %zext_ln17_71" [firmware/nnet_utils/nnet_dense_latency.h:58]   --->   Operation 2308 'add' 'add_ln58_415' <Predicate = true> <Delay = 0.70> <CoreInst = "Adder">   --->   Core 1 'Adder' <Latency = 0> <II = 1> <Delay = 0.70> <FuncUnit> <Opcode : 'add' 'sub'> <InPorts = 2> <OutPorts = 1>
ST_1 : Operation 2309 [1/1] (0.00ns)   --->   "%zext_ln58_324 = zext i9 %add_ln58_415" [firmware/nnet_utils/nnet_dense_latency.h:58]   --->   Operation 2309 'zext' 'zext_ln58_324' <Predicate = true> <Delay = 0.00>
ST_1 : Operation 2310 [1/1] (0.77ns) (root node of TernaryAdder)   --->   "%add_ln58_416 = add i11 %zext_ln58_324, i11 %add_ln58_414" [firmware/nnet_utils/nnet_dense_latency.h:58]   --->   Operation 2310 'add' 'add_ln58_416' <Predicate = true> <Delay = 0.77> <CoreInst = "TAddSub">   --->   Core 10 'TAddSub' <Latency = 0> <II = 1> <Delay = 0.34> <IPBlock> <Opcode : '' 'add' 'sub'> <InPorts = 3> <OutPorts = 1> <Sync> <CReg>
ST_1 : Operation 2311 [1/1] (0.00ns)   --->   "%zext_ln58_325 = zext i11 %add_ln58_416" [firmware/nnet_utils/nnet_dense_latency.h:58]   --->   Operation 2311 'zext' 'zext_ln58_325' <Predicate = true> <Delay = 0.00>
ST_1 : Operation 2312 [1/1] (0.00ns) (grouped into TernaryAdder)   --->   "%add_ln58_417 = add i11 %zext_ln58_152, i11 640" [firmware/nnet_utils/nnet_dense_latency.h:58]   --->   Operation 2312 'add' 'add_ln58_417' <Predicate = true> <Delay = 0.00> <CoreInst = "TAddSub">   --->   Core 10 'TAddSub' <Latency = 0> <II = 1> <Delay = 0.34> <IPBlock> <Opcode : '' 'add' 'sub'> <InPorts = 3> <OutPorts = 1> <Sync> <CReg>
ST_1 : Operation 2313 [1/1] (0.70ns)   --->   "%add_ln58_418 = add i7 %zext_ln58_71, i7 %zext_ln73_247" [firmware/nnet_utils/nnet_dense_latency.h:58]   --->   Operation 2313 'add' 'add_ln58_418' <Predicate = true> <Delay = 0.70> <CoreInst = "Adder">   --->   Core 1 'Adder' <Latency = 0> <II = 1> <Delay = 0.70> <FuncUnit> <Opcode : 'add' 'sub'> <InPorts = 2> <OutPorts = 1>
ST_1 : Operation 2314 [1/1] (0.00ns)   --->   "%zext_ln58_326 = zext i7 %add_ln58_418" [firmware/nnet_utils/nnet_dense_latency.h:58]   --->   Operation 2314 'zext' 'zext_ln58_326' <Predicate = true> <Delay = 0.00>
ST_1 : Operation 2315 [1/1] (0.77ns) (root node of TernaryAdder)   --->   "%add_ln58_419 = add i11 %zext_ln58_326, i11 %add_ln58_417" [firmware/nnet_utils/nnet_dense_latency.h:58]   --->   Operation 2315 'add' 'add_ln58_419' <Predicate = true> <Delay = 0.77> <CoreInst = "TAddSub">   --->   Core 10 'TAddSub' <Latency = 0> <II = 1> <Delay = 0.34> <IPBlock> <Opcode : '' 'add' 'sub'> <InPorts = 3> <OutPorts = 1> <Sync> <CReg>
ST_1 : Operation 2316 [1/1] (0.00ns)   --->   "%zext_ln58_327 = zext i11 %add_ln58_419" [firmware/nnet_utils/nnet_dense_latency.h:58]   --->   Operation 2316 'zext' 'zext_ln58_327' <Predicate = true> <Delay = 0.00>
ST_1 : Operation 2317 [1/1] (0.73ns)   --->   "%add_ln58_420 = add i12 %zext_ln58_327, i12 %zext_ln58_325" [firmware/nnet_utils/nnet_dense_latency.h:58]   --->   Operation 2317 'add' 'add_ln58_420' <Predicate = true> <Delay = 0.73> <CoreInst = "Adder">   --->   Core 1 'Adder' <Latency = 0> <II = 1> <Delay = 0.73> <FuncUnit> <Opcode : 'add' 'sub'> <InPorts = 2> <OutPorts = 1>
ST_1 : Operation 2318 [1/1] (0.70ns)   --->   "%add_ln58_423 = add i9 %sext_ln17_14, i9 %sext_ln17_69" [firmware/nnet_utils/nnet_dense_latency.h:58]   --->   Operation 2318 'add' 'add_ln58_423' <Predicate = true> <Delay = 0.70> <CoreInst = "Adder">   --->   Core 1 'Adder' <Latency = 0> <II = 1> <Delay = 0.70> <FuncUnit> <Opcode : 'add' 'sub'> <InPorts = 2> <OutPorts = 1>
ST_1 : Operation 2319 [1/1] (0.00ns)   --->   "%sext_ln58_174 = sext i9 %add_ln58_423" [firmware/nnet_utils/nnet_dense_latency.h:58]   --->   Operation 2319 'sext' 'sext_ln58_174' <Predicate = true> <Delay = 0.00>
ST_1 : Operation 2320 [1/1] (0.00ns) (grouped into TernaryAdder)   --->   "%add_ln58_424 = add i11 %sext_ln17_136, i11 %sext_ln17_145" [firmware/nnet_utils/nnet_dense_latency.h:58]   --->   Operation 2320 'add' 'add_ln58_424' <Predicate = true> <Delay = 0.00> <CoreInst = "TAddSub">   --->   Core 10 'TAddSub' <Latency = 0> <II = 1> <Delay = 0.34> <IPBlock> <Opcode : '' 'add' 'sub'> <InPorts = 3> <OutPorts = 1> <Sync> <CReg>
ST_1 : Operation 2321 [1/1] (0.77ns) (root node of TernaryAdder)   --->   "%add_ln58_425 = add i11 %add_ln58_424, i11 %sext_ln58_174" [firmware/nnet_utils/nnet_dense_latency.h:58]   --->   Operation 2321 'add' 'add_ln58_425' <Predicate = true> <Delay = 0.77> <CoreInst = "TAddSub">   --->   Core 10 'TAddSub' <Latency = 0> <II = 1> <Delay = 0.34> <IPBlock> <Opcode : '' 'add' 'sub'> <InPorts = 3> <OutPorts = 1> <Sync> <CReg>
ST_1 : Operation 2322 [1/1] (0.00ns)   --->   "%sext_ln58_175 = sext i11 %add_ln58_425" [firmware/nnet_utils/nnet_dense_latency.h:58]   --->   Operation 2322 'sext' 'sext_ln58_175' <Predicate = true> <Delay = 0.00>
ST_1 : Operation 2323 [1/1] (0.00ns) (grouped into TernaryAdder)   --->   "%add_ln58_426 = add i11 %sext_ln17_170, i11 %sext_ln17_183" [firmware/nnet_utils/nnet_dense_latency.h:58]   --->   Operation 2323 'add' 'add_ln58_426' <Predicate = true> <Delay = 0.00> <CoreInst = "TAddSub">   --->   Core 10 'TAddSub' <Latency = 0> <II = 1> <Delay = 0.34> <IPBlock> <Opcode : '' 'add' 'sub'> <InPorts = 3> <OutPorts = 1> <Sync> <CReg>
ST_1 : Operation 2324 [1/1] (0.70ns)   --->   "%add_ln58_427 = add i9 %zext_ln17_10, i9 %zext_ln58_33" [firmware/nnet_utils/nnet_dense_latency.h:58]   --->   Operation 2324 'add' 'add_ln58_427' <Predicate = true> <Delay = 0.70> <CoreInst = "Adder">   --->   Core 1 'Adder' <Latency = 0> <II = 1> <Delay = 0.70> <FuncUnit> <Opcode : 'add' 'sub'> <InPorts = 2> <OutPorts = 1>
ST_1 : Operation 2325 [1/1] (0.00ns)   --->   "%zext_ln58_330 = zext i9 %add_ln58_427" [firmware/nnet_utils/nnet_dense_latency.h:58]   --->   Operation 2325 'zext' 'zext_ln58_330' <Predicate = true> <Delay = 0.00>
ST_1 : Operation 2326 [1/1] (0.71ns)   --->   "%add_ln58_428 = add i10 %zext_ln58_330, i10 %zext_ln17" [firmware/nnet_utils/nnet_dense_latency.h:58]   --->   Operation 2326 'add' 'add_ln58_428' <Predicate = true> <Delay = 0.71> <CoreInst = "Adder">   --->   Core 1 'Adder' <Latency = 0> <II = 1> <Delay = 0.71> <FuncUnit> <Opcode : 'add' 'sub'> <InPorts = 2> <OutPorts = 1>
ST_1 : Operation 2327 [1/1] (0.00ns)   --->   "%zext_ln58_331 = zext i10 %add_ln58_428" [firmware/nnet_utils/nnet_dense_latency.h:58]   --->   Operation 2327 'zext' 'zext_ln58_331' <Predicate = true> <Delay = 0.00>
ST_1 : Operation 2328 [1/1] (0.77ns) (root node of TernaryAdder)   --->   "%add_ln58_429 = add i11 %zext_ln58_331, i11 %add_ln58_426" [firmware/nnet_utils/nnet_dense_latency.h:58]   --->   Operation 2328 'add' 'add_ln58_429' <Predicate = true> <Delay = 0.77> <CoreInst = "TAddSub">   --->   Core 10 'TAddSub' <Latency = 0> <II = 1> <Delay = 0.34> <IPBlock> <Opcode : '' 'add' 'sub'> <InPorts = 3> <OutPorts = 1> <Sync> <CReg>
ST_1 : Operation 2329 [1/1] (0.00ns)   --->   "%sext_ln58_176 = sext i11 %add_ln58_429" [firmware/nnet_utils/nnet_dense_latency.h:58]   --->   Operation 2329 'sext' 'sext_ln58_176' <Predicate = true> <Delay = 0.00>
ST_1 : Operation 2330 [1/1] (0.73ns)   --->   "%add_ln58_430 = add i12 %sext_ln58_176, i12 %sext_ln58_175" [firmware/nnet_utils/nnet_dense_latency.h:58]   --->   Operation 2330 'add' 'add_ln58_430' <Predicate = true> <Delay = 0.73> <CoreInst = "Adder">   --->   Core 1 'Adder' <Latency = 0> <II = 1> <Delay = 0.73> <FuncUnit> <Opcode : 'add' 'sub'> <InPorts = 2> <OutPorts = 1>
ST_1 : Operation 2331 [1/1] (0.70ns)   --->   "%add_ln58_431 = add i9 %zext_ln58_64, i9 %zext_ln17_45" [firmware/nnet_utils/nnet_dense_latency.h:58]   --->   Operation 2331 'add' 'add_ln58_431' <Predicate = true> <Delay = 0.70> <CoreInst = "Adder">   --->   Core 1 'Adder' <Latency = 0> <II = 1> <Delay = 0.70> <FuncUnit> <Opcode : 'add' 'sub'> <InPorts = 2> <OutPorts = 1>
ST_1 : Operation 2332 [1/1] (0.00ns)   --->   "%zext_ln58_332 = zext i9 %add_ln58_431" [firmware/nnet_utils/nnet_dense_latency.h:58]   --->   Operation 2332 'zext' 'zext_ln58_332' <Predicate = true> <Delay = 0.00>
ST_1 : Operation 2333 [1/1] (0.71ns)   --->   "%add_ln58_432 = add i10 %zext_ln58_115, i10 %zext_ln58_155" [firmware/nnet_utils/nnet_dense_latency.h:58]   --->   Operation 2333 'add' 'add_ln58_432' <Predicate = true> <Delay = 0.71> <CoreInst = "Adder">   --->   Core 1 'Adder' <Latency = 0> <II = 1> <Delay = 0.71> <FuncUnit> <Opcode : 'add' 'sub'> <InPorts = 2> <OutPorts = 1>
ST_1 : Operation 2334 [1/1] (0.00ns)   --->   "%zext_ln58_333 = zext i10 %add_ln58_432" [firmware/nnet_utils/nnet_dense_latency.h:58]   --->   Operation 2334 'zext' 'zext_ln58_333' <Predicate = true> <Delay = 0.00>
ST_1 : Operation 2335 [1/1] (0.00ns) (grouped into TernaryAdder)   --->   "%add_ln58_433 = add i11 %zext_ln58_333, i11 %zext_ln58_72" [firmware/nnet_utils/nnet_dense_latency.h:58]   --->   Operation 2335 'add' 'add_ln58_433' <Predicate = true> <Delay = 0.00> <CoreInst = "TAddSub">   --->   Core 10 'TAddSub' <Latency = 0> <II = 1> <Delay = 0.34> <IPBlock> <Opcode : '' 'add' 'sub'> <InPorts = 3> <OutPorts = 1> <Sync> <CReg>
ST_1 : Operation 2336 [1/1] (0.77ns) (root node of TernaryAdder)   --->   "%add_ln58_434 = add i11 %add_ln58_433, i11 %zext_ln58_332" [firmware/nnet_utils/nnet_dense_latency.h:58]   --->   Operation 2336 'add' 'add_ln58_434' <Predicate = true> <Delay = 0.77> <CoreInst = "TAddSub">   --->   Core 10 'TAddSub' <Latency = 0> <II = 1> <Delay = 0.34> <IPBlock> <Opcode : '' 'add' 'sub'> <InPorts = 3> <OutPorts = 1> <Sync> <CReg>
ST_1 : Operation 2337 [1/1] (0.00ns)   --->   "%zext_ln58_334 = zext i11 %add_ln58_434" [firmware/nnet_utils/nnet_dense_latency.h:58]   --->   Operation 2337 'zext' 'zext_ln58_334' <Predicate = true> <Delay = 0.00>
ST_1 : Operation 2338 [1/1] (0.70ns)   --->   "%add_ln58_435 = add i9 %zext_ln58_221, i9 %zext_ln58_298" [firmware/nnet_utils/nnet_dense_latency.h:58]   --->   Operation 2338 'add' 'add_ln58_435' <Predicate = true> <Delay = 0.70> <CoreInst = "Adder">   --->   Core 1 'Adder' <Latency = 0> <II = 1> <Delay = 0.70> <FuncUnit> <Opcode : 'add' 'sub'> <InPorts = 2> <OutPorts = 1>
ST_1 : Operation 2339 [1/1] (0.00ns)   --->   "%zext_ln58_335 = zext i9 %add_ln58_435" [firmware/nnet_utils/nnet_dense_latency.h:58]   --->   Operation 2339 'zext' 'zext_ln58_335' <Predicate = true> <Delay = 0.00>
ST_1 : Operation 2340 [1/1] (0.70ns)   --->   "%add_ln58_436 = add i7 %zext_ln58_26, i7 %zext_ln73_129" [firmware/nnet_utils/nnet_dense_latency.h:58]   --->   Operation 2340 'add' 'add_ln58_436' <Predicate = true> <Delay = 0.70> <CoreInst = "Adder">   --->   Core 1 'Adder' <Latency = 0> <II = 1> <Delay = 0.70> <FuncUnit> <Opcode : 'add' 'sub'> <InPorts = 2> <OutPorts = 1>
ST_1 : Operation 2341 [1/1] (0.00ns)   --->   "%zext_ln58_336 = zext i7 %add_ln58_436" [firmware/nnet_utils/nnet_dense_latency.h:58]   --->   Operation 2341 'zext' 'zext_ln58_336' <Predicate = true> <Delay = 0.00>
ST_1 : Operation 2342 [1/1] (0.00ns)   --->   "%zext_ln58_343_cast = bitconcatenate i9 @_ssdm_op_BitConcatenate.i9.i1.i8, i1 1, i8 %zext_ln58_336" [firmware/nnet_utils/nnet_dense_latency.h:58]   --->   Operation 2342 'bitconcatenate' 'zext_ln58_343_cast' <Predicate = true> <Delay = 0.00>
ST_1 : Operation 2343 [1/1] (0.00ns)   --->   "%zext_ln58_337 = zext i9 %zext_ln58_343_cast" [firmware/nnet_utils/nnet_dense_latency.h:58]   --->   Operation 2343 'zext' 'zext_ln58_337' <Predicate = true> <Delay = 0.00>
ST_1 : Operation 2344 [1/1] (0.71ns)   --->   "%add_ln58_437 = add i10 %zext_ln58_337, i10 %zext_ln58_335" [firmware/nnet_utils/nnet_dense_latency.h:58]   --->   Operation 2344 'add' 'add_ln58_437' <Predicate = true> <Delay = 0.71> <CoreInst = "Adder">   --->   Core 1 'Adder' <Latency = 0> <II = 1> <Delay = 0.71> <FuncUnit> <Opcode : 'add' 'sub'> <InPorts = 2> <OutPorts = 1>
ST_1 : Operation 2345 [1/1] (0.00ns)   --->   "%zext_ln58_338 = zext i10 %add_ln58_437" [firmware/nnet_utils/nnet_dense_latency.h:58]   --->   Operation 2345 'zext' 'zext_ln58_338' <Predicate = true> <Delay = 0.00>
ST_1 : Operation 2346 [1/1] (0.73ns)   --->   "%add_ln58_438 = add i12 %zext_ln58_338, i12 %zext_ln58_334" [firmware/nnet_utils/nnet_dense_latency.h:58]   --->   Operation 2346 'add' 'add_ln58_438' <Predicate = true> <Delay = 0.73> <CoreInst = "Adder">   --->   Core 1 'Adder' <Latency = 0> <II = 1> <Delay = 0.73> <FuncUnit> <Opcode : 'add' 'sub'> <InPorts = 2> <OutPorts = 1>
ST_1 : Operation 2347 [1/1] (0.77ns) (root node of TernaryAdder)   --->   "%add_ln58_440 = add i11 %mult_1, i11 %sext_ln17_96" [firmware/nnet_utils/nnet_dense_latency.h:58]   --->   Operation 2347 'add' 'add_ln58_440' <Predicate = true> <Delay = 0.77> <CoreInst = "TAddSub">   --->   Core 10 'TAddSub' <Latency = 0> <II = 1> <Delay = 0.34> <IPBlock> <Opcode : '' 'add' 'sub'> <InPorts = 3> <OutPorts = 1> <Sync> <CReg>
ST_1 : Operation 2348 [1/1] (0.00ns) (grouped into TernaryAdder)   --->   "%add_ln58_441 = add i9 %sext_ln17_153, i9 %sext_ln17_221" [firmware/nnet_utils/nnet_dense_latency.h:58]   --->   Operation 2348 'add' 'add_ln58_441' <Predicate = true> <Delay = 0.00> <CoreInst = "TAddSub">   --->   Core 10 'TAddSub' <Latency = 0> <II = 1> <Delay = 0.34> <IPBlock> <Opcode : '' 'add' 'sub'> <InPorts = 3> <OutPorts = 1> <Sync> <CReg>
ST_1 : Operation 2349 [1/1] (0.81ns) (root node of TernaryAdder)   --->   "%add_ln58_442 = add i9 %add_ln58_441, i9 %sext_ln17_124" [firmware/nnet_utils/nnet_dense_latency.h:58]   --->   Operation 2349 'add' 'add_ln58_442' <Predicate = true> <Delay = 0.81> <CoreInst = "TAddSub">   --->   Core 10 'TAddSub' <Latency = 0> <II = 1> <Delay = 0.34> <IPBlock> <Opcode : '' 'add' 'sub'> <InPorts = 3> <OutPorts = 1> <Sync> <CReg>
ST_1 : Operation 2350 [1/1] (0.70ns)   --->   "%add_ln58_444 = add i8 %zext_ln17_8, i8 %zext_ln73_280" [firmware/nnet_utils/nnet_dense_latency.h:58]   --->   Operation 2350 'add' 'add_ln58_444' <Predicate = true> <Delay = 0.70> <CoreInst = "Adder">   --->   Core 1 'Adder' <Latency = 0> <II = 1> <Delay = 0.70> <FuncUnit> <Opcode : 'add' 'sub'> <InPorts = 2> <OutPorts = 1>
ST_1 : Operation 2351 [1/1] (0.00ns)   --->   "%zext_ln58_340 = zext i8 %add_ln58_444" [firmware/nnet_utils/nnet_dense_latency.h:58]   --->   Operation 2351 'zext' 'zext_ln58_340' <Predicate = true> <Delay = 0.00>
ST_1 : Operation 2352 [1/1] (0.70ns)   --->   "%add_ln58_445 = add i9 %zext_ln58_340, i9 %zext_ln58_10" [firmware/nnet_utils/nnet_dense_latency.h:58]   --->   Operation 2352 'add' 'add_ln58_445' <Predicate = true> <Delay = 0.70> <CoreInst = "Adder">   --->   Core 1 'Adder' <Latency = 0> <II = 1> <Delay = 0.70> <FuncUnit> <Opcode : 'add' 'sub'> <InPorts = 2> <OutPorts = 1>
ST_1 : Operation 2353 [1/1] (0.00ns)   --->   "%zext_ln58_341 = zext i9 %add_ln58_445" [firmware/nnet_utils/nnet_dense_latency.h:58]   --->   Operation 2353 'zext' 'zext_ln58_341' <Predicate = true> <Delay = 0.00>
ST_1 : Operation 2354 [1/1] (0.81ns) (root node of TernaryAdder)   --->   "%add_ln58_446 = add i9 %zext_ln58_83, i9 %add_ln73_39" [firmware/nnet_utils/nnet_dense_latency.h:58]   --->   Operation 2354 'add' 'add_ln58_446' <Predicate = true> <Delay = 0.81> <CoreInst = "TAddSub">   --->   Core 10 'TAddSub' <Latency = 0> <II = 1> <Delay = 0.34> <IPBlock> <Opcode : '' 'add' 'sub'> <InPorts = 3> <OutPorts = 1> <Sync> <CReg>
ST_1 : Operation 2355 [1/1] (0.00ns)   --->   "%zext_ln58_342 = zext i9 %add_ln58_446" [firmware/nnet_utils/nnet_dense_latency.h:58]   --->   Operation 2355 'zext' 'zext_ln58_342' <Predicate = true> <Delay = 0.00>
ST_1 : Operation 2356 [1/1] (0.71ns)   --->   "%add_ln58_447 = add i10 %zext_ln58_342, i10 %zext_ln17_49" [firmware/nnet_utils/nnet_dense_latency.h:58]   --->   Operation 2356 'add' 'add_ln58_447' <Predicate = true> <Delay = 0.71> <CoreInst = "Adder">   --->   Core 1 'Adder' <Latency = 0> <II = 1> <Delay = 0.71> <FuncUnit> <Opcode : 'add' 'sub'> <InPorts = 2> <OutPorts = 1>
ST_1 : Operation 2357 [1/1] (0.00ns)   --->   "%zext_ln58_343 = zext i10 %add_ln58_447" [firmware/nnet_utils/nnet_dense_latency.h:58]   --->   Operation 2357 'zext' 'zext_ln58_343' <Predicate = true> <Delay = 0.00>
ST_1 : Operation 2358 [1/1] (0.72ns)   --->   "%add_ln58_448 = add i11 %zext_ln58_343, i11 %zext_ln58_341" [firmware/nnet_utils/nnet_dense_latency.h:58]   --->   Operation 2358 'add' 'add_ln58_448' <Predicate = true> <Delay = 0.72> <CoreInst = "Adder">   --->   Core 1 'Adder' <Latency = 0> <II = 1> <Delay = 0.72> <FuncUnit> <Opcode : 'add' 'sub'> <InPorts = 2> <OutPorts = 1>
ST_1 : Operation 2359 [1/1] (0.00ns) (grouped into TernaryAdder)   --->   "%add_ln58_450 = add i11 %zext_ln58_111, i11 %zext_ln58_126" [firmware/nnet_utils/nnet_dense_latency.h:58]   --->   Operation 2359 'add' 'add_ln58_450' <Predicate = true> <Delay = 0.00> <CoreInst = "TAddSub">   --->   Core 10 'TAddSub' <Latency = 0> <II = 1> <Delay = 0.34> <IPBlock> <Opcode : '' 'add' 'sub'> <InPorts = 3> <OutPorts = 1> <Sync> <CReg>
ST_1 : Operation 2360 [1/1] (0.00ns) (grouped into TernaryAdder)   --->   "%add_ln58_451 = add i9 %zext_ln17_79, i9 %zext_ln58_173" [firmware/nnet_utils/nnet_dense_latency.h:58]   --->   Operation 2360 'add' 'add_ln58_451' <Predicate = true> <Delay = 0.00> <CoreInst = "TAddSub">   --->   Core 10 'TAddSub' <Latency = 0> <II = 1> <Delay = 0.34> <IPBlock> <Opcode : '' 'add' 'sub'> <InPorts = 3> <OutPorts = 1> <Sync> <CReg>
ST_1 : Operation 2361 [1/1] (0.81ns) (root node of TernaryAdder)   --->   "%add_ln58_452 = add i9 %add_ln58_451, i9 %zext_ln17_71" [firmware/nnet_utils/nnet_dense_latency.h:58]   --->   Operation 2361 'add' 'add_ln58_452' <Predicate = true> <Delay = 0.81> <CoreInst = "TAddSub">   --->   Core 10 'TAddSub' <Latency = 0> <II = 1> <Delay = 0.34> <IPBlock> <Opcode : '' 'add' 'sub'> <InPorts = 3> <OutPorts = 1> <Sync> <CReg>
ST_1 : Operation 2362 [1/1] (0.00ns)   --->   "%zext_ln58_345 = zext i9 %add_ln58_452" [firmware/nnet_utils/nnet_dense_latency.h:58]   --->   Operation 2362 'zext' 'zext_ln58_345' <Predicate = true> <Delay = 0.00>
ST_1 : Operation 2363 [1/1] (0.77ns) (root node of TernaryAdder)   --->   "%add_ln58_453 = add i11 %zext_ln58_345, i11 %add_ln58_450" [firmware/nnet_utils/nnet_dense_latency.h:58]   --->   Operation 2363 'add' 'add_ln58_453' <Predicate = true> <Delay = 0.77> <CoreInst = "TAddSub">   --->   Core 10 'TAddSub' <Latency = 0> <II = 1> <Delay = 0.34> <IPBlock> <Opcode : '' 'add' 'sub'> <InPorts = 3> <OutPorts = 1> <Sync> <CReg>
ST_1 : Operation 2364 [1/1] (0.00ns)   --->   "%zext_ln58_346 = zext i11 %add_ln58_453" [firmware/nnet_utils/nnet_dense_latency.h:58]   --->   Operation 2364 'zext' 'zext_ln58_346' <Predicate = true> <Delay = 0.00>
ST_1 : Operation 2365 [1/1] (0.70ns)   --->   "%add_ln58_454 = add i7 %zext_ln73_34, i7 %zext_ln73_49" [firmware/nnet_utils/nnet_dense_latency.h:58]   --->   Operation 2365 'add' 'add_ln58_454' <Predicate = true> <Delay = 0.70> <CoreInst = "Adder">   --->   Core 1 'Adder' <Latency = 0> <II = 1> <Delay = 0.70> <FuncUnit> <Opcode : 'add' 'sub'> <InPorts = 2> <OutPorts = 1>
ST_1 : Operation 2366 [1/1] (0.00ns)   --->   "%zext_ln58_347 = zext i7 %add_ln58_454" [firmware/nnet_utils/nnet_dense_latency.h:58]   --->   Operation 2366 'zext' 'zext_ln58_347' <Predicate = true> <Delay = 0.00>
ST_1 : Operation 2367 [1/1] (0.00ns) (grouped into TernaryAdder)   --->   "%add_ln58_455 = add i9 %zext_ln58_347, i9 192" [firmware/nnet_utils/nnet_dense_latency.h:58]   --->   Operation 2367 'add' 'add_ln58_455' <Predicate = true> <Delay = 0.00> <CoreInst = "TAddSub">   --->   Core 10 'TAddSub' <Latency = 0> <II = 1> <Delay = 0.34> <IPBlock> <Opcode : '' 'add' 'sub'> <InPorts = 3> <OutPorts = 1> <Sync> <CReg>
ST_1 : Operation 2368 [1/1] (0.70ns)   --->   "%add_ln58_456 = add i7 %zext_ln73_113, i7 %zext_ln73_167" [firmware/nnet_utils/nnet_dense_latency.h:58]   --->   Operation 2368 'add' 'add_ln58_456' <Predicate = true> <Delay = 0.70> <CoreInst = "Adder">   --->   Core 1 'Adder' <Latency = 0> <II = 1> <Delay = 0.70> <FuncUnit> <Opcode : 'add' 'sub'> <InPorts = 2> <OutPorts = 1>
ST_1 : Operation 2369 [1/1] (0.00ns)   --->   "%zext_ln58_348 = zext i7 %add_ln58_456" [firmware/nnet_utils/nnet_dense_latency.h:58]   --->   Operation 2369 'zext' 'zext_ln58_348' <Predicate = true> <Delay = 0.00>
ST_1 : Operation 2370 [1/1] (0.70ns)   --->   "%add_ln58_457 = add i8 %zext_ln58_348, i8 %zext_ln73_91" [firmware/nnet_utils/nnet_dense_latency.h:58]   --->   Operation 2370 'add' 'add_ln58_457' <Predicate = true> <Delay = 0.70> <CoreInst = "Adder">   --->   Core 1 'Adder' <Latency = 0> <II = 1> <Delay = 0.70> <FuncUnit> <Opcode : 'add' 'sub'> <InPorts = 2> <OutPorts = 1>
ST_1 : Operation 2371 [1/1] (0.00ns)   --->   "%zext_ln58_349 = zext i8 %add_ln58_457" [firmware/nnet_utils/nnet_dense_latency.h:58]   --->   Operation 2371 'zext' 'zext_ln58_349' <Predicate = true> <Delay = 0.00>
ST_1 : Operation 2372 [1/1] (0.81ns) (root node of TernaryAdder)   --->   "%add_ln58_458 = add i9 %zext_ln58_349, i9 %add_ln58_455" [firmware/nnet_utils/nnet_dense_latency.h:58]   --->   Operation 2372 'add' 'add_ln58_458' <Predicate = true> <Delay = 0.81> <CoreInst = "TAddSub">   --->   Core 10 'TAddSub' <Latency = 0> <II = 1> <Delay = 0.34> <IPBlock> <Opcode : '' 'add' 'sub'> <InPorts = 3> <OutPorts = 1> <Sync> <CReg>
ST_1 : Operation 2373 [1/1] (0.00ns)   --->   "%zext_ln58_350 = zext i9 %add_ln58_458" [firmware/nnet_utils/nnet_dense_latency.h:58]   --->   Operation 2373 'zext' 'zext_ln58_350' <Predicate = true> <Delay = 0.00>
ST_1 : Operation 2374 [1/1] (0.73ns)   --->   "%add_ln58_459 = add i12 %zext_ln58_350, i12 %zext_ln58_346" [firmware/nnet_utils/nnet_dense_latency.h:58]   --->   Operation 2374 'add' 'add_ln58_459' <Predicate = true> <Delay = 0.73> <CoreInst = "Adder">   --->   Core 1 'Adder' <Latency = 0> <II = 1> <Delay = 0.73> <FuncUnit> <Opcode : 'add' 'sub'> <InPorts = 2> <OutPorts = 1>
ST_1 : Operation 2375 [1/1] (0.00ns) (grouped into TernaryAdder)   --->   "%add_ln58_461 = add i10 %sext_ln17_47, i10 %sext_ln17_64" [firmware/nnet_utils/nnet_dense_latency.h:58]   --->   Operation 2375 'add' 'add_ln58_461' <Predicate = true> <Delay = 0.00> <CoreInst = "TAddSub">   --->   Core 10 'TAddSub' <Latency = 0> <II = 1> <Delay = 0.34> <IPBlock> <Opcode : '' 'add' 'sub'> <InPorts = 3> <OutPorts = 1> <Sync> <CReg>
ST_1 : Operation 2376 [1/1] (0.79ns) (root node of TernaryAdder)   --->   "%add_ln58_462 = add i10 %add_ln58_461, i10 %sext_ln17_33" [firmware/nnet_utils/nnet_dense_latency.h:58]   --->   Operation 2376 'add' 'add_ln58_462' <Predicate = true> <Delay = 0.79> <CoreInst = "TAddSub">   --->   Core 10 'TAddSub' <Latency = 0> <II = 1> <Delay = 0.34> <IPBlock> <Opcode : '' 'add' 'sub'> <InPorts = 3> <OutPorts = 1> <Sync> <CReg>
ST_1 : Operation 2377 [1/1] (0.00ns)   --->   "%sext_ln58_183 = sext i10 %add_ln58_462" [firmware/nnet_utils/nnet_dense_latency.h:58]   --->   Operation 2377 'sext' 'sext_ln58_183' <Predicate = true> <Delay = 0.00>
ST_1 : Operation 2378 [1/1] (0.72ns)   --->   "%add_ln58_463 = add i10 %sext_ln17_74, i10 %mult_107" [firmware/nnet_utils/nnet_dense_latency.h:58]   --->   Operation 2378 'add' 'add_ln58_463' <Predicate = true> <Delay = 0.72> <CoreInst = "Adder">   --->   Core 1 'Adder' <Latency = 0> <II = 1> <Delay = 0.72> <FuncUnit> <Opcode : 'add' 'sub'> <InPorts = 2> <OutPorts = 1>
ST_1 : Operation 2379 [1/1] (0.00ns)   --->   "%sext_ln58_184 = sext i10 %add_ln58_463" [firmware/nnet_utils/nnet_dense_latency.h:58]   --->   Operation 2379 'sext' 'sext_ln58_184' <Predicate = true> <Delay = 0.00>
ST_1 : Operation 2380 [1/1] (0.70ns)   --->   "%add_ln58_464 = add i7 %zext_ln73_98, i7 %zext_ln73_124" [firmware/nnet_utils/nnet_dense_latency.h:58]   --->   Operation 2380 'add' 'add_ln58_464' <Predicate = true> <Delay = 0.70> <CoreInst = "Adder">   --->   Core 1 'Adder' <Latency = 0> <II = 1> <Delay = 0.70> <FuncUnit> <Opcode : 'add' 'sub'> <InPorts = 2> <OutPorts = 1>
ST_1 : Operation 2381 [1/1] (0.00ns)   --->   "%zext_ln58_352 = zext i7 %add_ln58_464" [firmware/nnet_utils/nnet_dense_latency.h:58]   --->   Operation 2381 'zext' 'zext_ln58_352' <Predicate = true> <Delay = 0.00>
ST_1 : Operation 2382 [1/1] (0.70ns)   --->   "%sub_ln58_2 = sub i8 0, i8 %zext_ln58_352" [firmware/nnet_utils/nnet_dense_latency.h:58]   --->   Operation 2382 'sub' 'sub_ln58_2' <Predicate = true> <Delay = 0.70> <CoreInst = "Adder">   --->   Core 1 'Adder' <Latency = 0> <II = 1> <Delay = 0.70> <FuncUnit> <Opcode : 'add' 'sub'> <InPorts = 2> <OutPorts = 1>
ST_1 : Operation 2383 [1/1] (0.00ns)   --->   "%sext_ln58_185 = sext i8 %sub_ln58_2" [firmware/nnet_utils/nnet_dense_latency.h:58]   --->   Operation 2383 'sext' 'sext_ln58_185' <Predicate = true> <Delay = 0.00>
ST_1 : Operation 2384 [1/1] (0.00ns) (grouped into TernaryAdder)   --->   "%add_ln58_465 = add i11 %sext_ln58_185, i11 %sext_ln58_184" [firmware/nnet_utils/nnet_dense_latency.h:58]   --->   Operation 2384 'add' 'add_ln58_465' <Predicate = true> <Delay = 0.00> <CoreInst = "TAddSub">   --->   Core 10 'TAddSub' <Latency = 0> <II = 1> <Delay = 0.34> <IPBlock> <Opcode : '' 'add' 'sub'> <InPorts = 3> <OutPorts = 1> <Sync> <CReg>
ST_1 : Operation 2385 [1/1] (0.77ns) (root node of TernaryAdder)   --->   "%add_ln58_466 = add i11 %add_ln58_465, i11 %sext_ln58_183" [firmware/nnet_utils/nnet_dense_latency.h:58]   --->   Operation 2385 'add' 'add_ln58_466' <Predicate = true> <Delay = 0.77> <CoreInst = "TAddSub">   --->   Core 10 'TAddSub' <Latency = 0> <II = 1> <Delay = 0.34> <IPBlock> <Opcode : '' 'add' 'sub'> <InPorts = 3> <OutPorts = 1> <Sync> <CReg>
ST_1 : Operation 2386 [1/1] (0.00ns)   --->   "%sext_ln58_186 = sext i11 %add_ln58_466" [firmware/nnet_utils/nnet_dense_latency.h:58]   --->   Operation 2386 'sext' 'sext_ln58_186' <Predicate = true> <Delay = 0.00>
ST_1 : Operation 2387 [1/1] (0.77ns) (root node of TernaryAdder)   --->   "%add_ln58_467 = add i11 %mult_219, i11 %sext_ln17_168" [firmware/nnet_utils/nnet_dense_latency.h:58]   --->   Operation 2387 'add' 'add_ln58_467' <Predicate = true> <Delay = 0.77> <CoreInst = "TAddSub">   --->   Core 10 'TAddSub' <Latency = 0> <II = 1> <Delay = 0.34> <IPBlock> <Opcode : '' 'add' 'sub'> <InPorts = 3> <OutPorts = 1> <Sync> <CReg>
ST_1 : Operation 2388 [1/1] (0.00ns)   --->   "%sext_ln58_187 = sext i11 %add_ln58_467" [firmware/nnet_utils/nnet_dense_latency.h:58]   --->   Operation 2388 'sext' 'sext_ln58_187' <Predicate = true> <Delay = 0.00>
ST_1 : Operation 2389 [1/1] (0.72ns)   --->   "%add_ln58_468 = add i11 %sext_ln17_171, i11 %sext_ln17_185" [firmware/nnet_utils/nnet_dense_latency.h:58]   --->   Operation 2389 'add' 'add_ln58_468' <Predicate = true> <Delay = 0.72> <CoreInst = "Adder">   --->   Core 1 'Adder' <Latency = 0> <II = 1> <Delay = 0.72> <FuncUnit> <Opcode : 'add' 'sub'> <InPorts = 2> <OutPorts = 1>
ST_1 : Operation 2390 [1/1] (0.00ns)   --->   "%sext_ln58_188 = sext i11 %add_ln58_468" [firmware/nnet_utils/nnet_dense_latency.h:58]   --->   Operation 2390 'sext' 'sext_ln58_188' <Predicate = true> <Delay = 0.00>
ST_1 : Operation 2391 [1/1] (0.73ns)   --->   "%add_ln58_469 = add i12 %sext_ln58_188, i12 %sext_ln58_187" [firmware/nnet_utils/nnet_dense_latency.h:58]   --->   Operation 2391 'add' 'add_ln58_469' <Predicate = true> <Delay = 0.73> <CoreInst = "Adder">   --->   Core 1 'Adder' <Latency = 0> <II = 1> <Delay = 0.73> <FuncUnit> <Opcode : 'add' 'sub'> <InPorts = 2> <OutPorts = 1>
ST_1 : Operation 2392 [1/1] (0.00ns)   --->   "%sext_ln58_189 = sext i12 %add_ln58_469" [firmware/nnet_utils/nnet_dense_latency.h:58]   --->   Operation 2392 'sext' 'sext_ln58_189' <Predicate = true> <Delay = 0.00>
ST_1 : Operation 2393 [1/1] (0.72ns)   --->   "%add_ln58_470 = add i11 %sext_ln17_191, i11 %sext_ln17_203" [firmware/nnet_utils/nnet_dense_latency.h:58]   --->   Operation 2393 'add' 'add_ln58_470' <Predicate = true> <Delay = 0.72> <CoreInst = "Adder">   --->   Core 1 'Adder' <Latency = 0> <II = 1> <Delay = 0.72> <FuncUnit> <Opcode : 'add' 'sub'> <InPorts = 2> <OutPorts = 1>
ST_1 : Operation 2394 [1/1] (0.00ns)   --->   "%sext_ln58_190 = sext i11 %add_ln58_470" [firmware/nnet_utils/nnet_dense_latency.h:58]   --->   Operation 2394 'sext' 'sext_ln58_190' <Predicate = true> <Delay = 0.00>
ST_1 : Operation 2395 [1/1] (0.79ns) (root node of TernaryAdder)   --->   "%add_ln58_471 = add i10 %mult_309, i10 %zext_ln58_3" [firmware/nnet_utils/nnet_dense_latency.h:58]   --->   Operation 2395 'add' 'add_ln58_471' <Predicate = true> <Delay = 0.79> <CoreInst = "TAddSub">   --->   Core 10 'TAddSub' <Latency = 0> <II = 1> <Delay = 0.34> <IPBlock> <Opcode : '' 'add' 'sub'> <InPorts = 3> <OutPorts = 1> <Sync> <CReg>
ST_1 : Operation 2396 [1/1] (0.00ns)   --->   "%sext_ln58_191 = sext i10 %add_ln58_471" [firmware/nnet_utils/nnet_dense_latency.h:58]   --->   Operation 2396 'sext' 'sext_ln58_191' <Predicate = true> <Delay = 0.00>
ST_1 : Operation 2397 [1/1] (0.73ns)   --->   "%add_ln58_472 = add i12 %sext_ln58_191, i12 %sext_ln58_190" [firmware/nnet_utils/nnet_dense_latency.h:58]   --->   Operation 2397 'add' 'add_ln58_472' <Predicate = true> <Delay = 0.73> <CoreInst = "Adder">   --->   Core 1 'Adder' <Latency = 0> <II = 1> <Delay = 0.73> <FuncUnit> <Opcode : 'add' 'sub'> <InPorts = 2> <OutPorts = 1>
ST_1 : Operation 2398 [1/1] (0.00ns)   --->   "%sext_ln58_192 = sext i12 %add_ln58_472" [firmware/nnet_utils/nnet_dense_latency.h:58]   --->   Operation 2398 'sext' 'sext_ln58_192' <Predicate = true> <Delay = 0.00>
ST_1 : Operation 2399 [1/1] (0.00ns) (grouped into TernaryAdder)   --->   "%add_ln58_473 = add i13 %sext_ln58_192, i13 %sext_ln58_189" [firmware/nnet_utils/nnet_dense_latency.h:58]   --->   Operation 2399 'add' 'add_ln58_473' <Predicate = true> <Delay = 0.00> <CoreInst = "TAddSub">   --->   Core 10 'TAddSub' <Latency = 0> <II = 1> <Delay = 0.34> <IPBlock> <Opcode : '' 'add' 'sub'> <InPorts = 3> <OutPorts = 1> <Sync> <CReg>
ST_1 : Operation 2400 [1/1] (0.73ns) (root node of TernaryAdder)   --->   "%add_ln58_474 = add i13 %add_ln58_473, i13 %sext_ln58_186" [firmware/nnet_utils/nnet_dense_latency.h:58]   --->   Operation 2400 'add' 'add_ln58_474' <Predicate = true> <Delay = 0.73> <CoreInst = "TAddSub">   --->   Core 10 'TAddSub' <Latency = 0> <II = 1> <Delay = 0.34> <IPBlock> <Opcode : '' 'add' 'sub'> <InPorts = 3> <OutPorts = 1> <Sync> <CReg>
ST_1 : Operation 2401 [1/1] (0.70ns)   --->   "%add_ln58_475 = add i9 %zext_ln58_28, i9 %zext_ln58_37" [firmware/nnet_utils/nnet_dense_latency.h:58]   --->   Operation 2401 'add' 'add_ln58_475' <Predicate = true> <Delay = 0.70> <CoreInst = "Adder">   --->   Core 1 'Adder' <Latency = 0> <II = 1> <Delay = 0.70> <FuncUnit> <Opcode : 'add' 'sub'> <InPorts = 2> <OutPorts = 1>
ST_1 : Operation 2402 [1/1] (0.00ns)   --->   "%zext_ln58_353 = zext i9 %add_ln58_475" [firmware/nnet_utils/nnet_dense_latency.h:58]   --->   Operation 2402 'zext' 'zext_ln58_353' <Predicate = true> <Delay = 0.00>
ST_1 : Operation 2403 [1/1] (0.71ns)   --->   "%add_ln58_476 = add i10 %zext_ln58_353, i10 %zext_ln58_27" [firmware/nnet_utils/nnet_dense_latency.h:58]   --->   Operation 2403 'add' 'add_ln58_476' <Predicate = true> <Delay = 0.71> <CoreInst = "Adder">   --->   Core 1 'Adder' <Latency = 0> <II = 1> <Delay = 0.71> <FuncUnit> <Opcode : 'add' 'sub'> <InPorts = 2> <OutPorts = 1>
ST_1 : Operation 2404 [1/1] (0.00ns)   --->   "%zext_ln58_354 = zext i10 %add_ln58_476" [firmware/nnet_utils/nnet_dense_latency.h:58]   --->   Operation 2404 'zext' 'zext_ln58_354' <Predicate = true> <Delay = 0.00>
ST_1 : Operation 2405 [1/1] (0.00ns) (grouped into TernaryAdder)   --->   "%add_ln58_477 = add i11 %zext_ln58_57, i11 %zext_ln58_65" [firmware/nnet_utils/nnet_dense_latency.h:58]   --->   Operation 2405 'add' 'add_ln58_477' <Predicate = true> <Delay = 0.00> <CoreInst = "TAddSub">   --->   Core 10 'TAddSub' <Latency = 0> <II = 1> <Delay = 0.34> <IPBlock> <Opcode : '' 'add' 'sub'> <InPorts = 3> <OutPorts = 1> <Sync> <CReg>
ST_1 : Operation 2406 [1/1] (0.70ns)   --->   "%add_ln58_478 = add i9 %zext_ln73_328, i9 %zext_ln58_83" [firmware/nnet_utils/nnet_dense_latency.h:58]   --->   Operation 2406 'add' 'add_ln58_478' <Predicate = true> <Delay = 0.70> <CoreInst = "Adder">   --->   Core 1 'Adder' <Latency = 0> <II = 1> <Delay = 0.70> <FuncUnit> <Opcode : 'add' 'sub'> <InPorts = 2> <OutPorts = 1>
ST_1 : Operation 2407 [1/1] (0.00ns)   --->   "%zext_ln58_355 = zext i9 %add_ln58_478" [firmware/nnet_utils/nnet_dense_latency.h:58]   --->   Operation 2407 'zext' 'zext_ln58_355' <Predicate = true> <Delay = 0.00>
ST_1 : Operation 2408 [1/1] (0.77ns) (root node of TernaryAdder)   --->   "%add_ln58_479 = add i11 %zext_ln58_355, i11 %add_ln58_477" [firmware/nnet_utils/nnet_dense_latency.h:58]   --->   Operation 2408 'add' 'add_ln58_479' <Predicate = true> <Delay = 0.77> <CoreInst = "TAddSub">   --->   Core 10 'TAddSub' <Latency = 0> <II = 1> <Delay = 0.34> <IPBlock> <Opcode : '' 'add' 'sub'> <InPorts = 3> <OutPorts = 1> <Sync> <CReg>
ST_1 : Operation 2409 [1/1] (0.00ns)   --->   "%zext_ln58_356 = zext i11 %add_ln58_479" [firmware/nnet_utils/nnet_dense_latency.h:58]   --->   Operation 2409 'zext' 'zext_ln58_356' <Predicate = true> <Delay = 0.00>
ST_1 : Operation 2410 [1/1] (0.73ns)   --->   "%add_ln58_480 = add i12 %zext_ln58_356, i12 %zext_ln58_354" [firmware/nnet_utils/nnet_dense_latency.h:58]   --->   Operation 2410 'add' 'add_ln58_480' <Predicate = true> <Delay = 0.73> <CoreInst = "Adder">   --->   Core 1 'Adder' <Latency = 0> <II = 1> <Delay = 0.73> <FuncUnit> <Opcode : 'add' 'sub'> <InPorts = 2> <OutPorts = 1>
ST_1 : Operation 2411 [1/1] (0.71ns)   --->   "%add_ln58_481 = add i10 %zext_ln58_119, i10 %zext_ln58_121" [firmware/nnet_utils/nnet_dense_latency.h:58]   --->   Operation 2411 'add' 'add_ln58_481' <Predicate = true> <Delay = 0.71> <CoreInst = "Adder">   --->   Core 1 'Adder' <Latency = 0> <II = 1> <Delay = 0.71> <FuncUnit> <Opcode : 'add' 'sub'> <InPorts = 2> <OutPorts = 1>
ST_1 : Operation 2412 [1/1] (0.00ns)   --->   "%zext_ln58_358 = zext i10 %add_ln58_481" [firmware/nnet_utils/nnet_dense_latency.h:58]   --->   Operation 2412 'zext' 'zext_ln58_358' <Predicate = true> <Delay = 0.00>
ST_1 : Operation 2413 [1/1] (0.71ns)   --->   "%add_ln58_482 = add i10 %zext_ln17_72, i10 %zext_ln58_153" [firmware/nnet_utils/nnet_dense_latency.h:58]   --->   Operation 2413 'add' 'add_ln58_482' <Predicate = true> <Delay = 0.71> <CoreInst = "Adder">   --->   Core 1 'Adder' <Latency = 0> <II = 1> <Delay = 0.71> <FuncUnit> <Opcode : 'add' 'sub'> <InPorts = 2> <OutPorts = 1>
ST_1 : Operation 2414 [1/1] (0.00ns)   --->   "%zext_ln58_359 = zext i10 %add_ln58_482" [firmware/nnet_utils/nnet_dense_latency.h:58]   --->   Operation 2414 'zext' 'zext_ln58_359' <Predicate = true> <Delay = 0.00>
ST_1 : Operation 2415 [1/1] (0.72ns)   --->   "%add_ln58_483 = add i11 %zext_ln58_359, i11 %zext_ln58_358" [firmware/nnet_utils/nnet_dense_latency.h:58]   --->   Operation 2415 'add' 'add_ln58_483' <Predicate = true> <Delay = 0.72> <CoreInst = "Adder">   --->   Core 1 'Adder' <Latency = 0> <II = 1> <Delay = 0.72> <FuncUnit> <Opcode : 'add' 'sub'> <InPorts = 2> <OutPorts = 1>
ST_1 : Operation 2416 [1/1] (0.00ns)   --->   "%zext_ln58_360 = zext i11 %add_ln58_483" [firmware/nnet_utils/nnet_dense_latency.h:58]   --->   Operation 2416 'zext' 'zext_ln58_360' <Predicate = true> <Delay = 0.00>
ST_1 : Operation 2417 [1/1] (0.00ns) (grouped into TernaryAdder)   --->   "%add_ln58_484 = add i10 %zext_ln17_83, i10 448" [firmware/nnet_utils/nnet_dense_latency.h:58]   --->   Operation 2417 'add' 'add_ln58_484' <Predicate = true> <Delay = 0.00> <CoreInst = "TAddSub">   --->   Core 10 'TAddSub' <Latency = 0> <II = 1> <Delay = 0.34> <IPBlock> <Opcode : '' 'add' 'sub'> <InPorts = 3> <OutPorts = 1> <Sync> <CReg>
ST_1 : Operation 2418 [1/1] (0.70ns)   --->   "%add_ln58_485 = add i7 %zext_ln73_129, i7 %zext_ln73_163" [firmware/nnet_utils/nnet_dense_latency.h:58]   --->   Operation 2418 'add' 'add_ln58_485' <Predicate = true> <Delay = 0.70> <CoreInst = "Adder">   --->   Core 1 'Adder' <Latency = 0> <II = 1> <Delay = 0.70> <FuncUnit> <Opcode : 'add' 'sub'> <InPorts = 2> <OutPorts = 1>
ST_1 : Operation 2419 [1/1] (0.00ns)   --->   "%zext_ln58_361 = zext i7 %add_ln58_485" [firmware/nnet_utils/nnet_dense_latency.h:58]   --->   Operation 2419 'zext' 'zext_ln58_361' <Predicate = true> <Delay = 0.00>
ST_1 : Operation 2420 [1/1] (0.79ns) (root node of TernaryAdder)   --->   "%add_ln58_486 = add i10 %zext_ln58_361, i10 %add_ln58_484" [firmware/nnet_utils/nnet_dense_latency.h:58]   --->   Operation 2420 'add' 'add_ln58_486' <Predicate = true> <Delay = 0.79> <CoreInst = "TAddSub">   --->   Core 10 'TAddSub' <Latency = 0> <II = 1> <Delay = 0.34> <IPBlock> <Opcode : '' 'add' 'sub'> <InPorts = 3> <OutPorts = 1> <Sync> <CReg>
ST_1 : Operation 2421 [1/1] (0.00ns)   --->   "%zext_ln58_362 = zext i10 %add_ln58_486" [firmware/nnet_utils/nnet_dense_latency.h:58]   --->   Operation 2421 'zext' 'zext_ln58_362' <Predicate = true> <Delay = 0.00>
ST_1 : Operation 2422 [1/1] (0.73ns)   --->   "%add_ln58_487 = add i12 %zext_ln58_362, i12 %zext_ln58_360" [firmware/nnet_utils/nnet_dense_latency.h:58]   --->   Operation 2422 'add' 'add_ln58_487' <Predicate = true> <Delay = 0.73> <CoreInst = "Adder">   --->   Core 1 'Adder' <Latency = 0> <II = 1> <Delay = 0.73> <FuncUnit> <Opcode : 'add' 'sub'> <InPorts = 2> <OutPorts = 1>
ST_1 : Operation 2423 [1/1] (0.00ns) (grouped into TernaryAdder)   --->   "%add_ln58_490 = add i10 %sext_ln17_4, i10 %sext_ln17_9" [firmware/nnet_utils/nnet_dense_latency.h:58]   --->   Operation 2423 'add' 'add_ln58_490' <Predicate = true> <Delay = 0.00> <CoreInst = "TAddSub">   --->   Core 10 'TAddSub' <Latency = 0> <II = 1> <Delay = 0.34> <IPBlock> <Opcode : '' 'add' 'sub'> <InPorts = 3> <OutPorts = 1> <Sync> <CReg>
ST_1 : Operation 2424 [1/1] (0.79ns) (root node of TernaryAdder)   --->   "%add_ln58_491 = add i10 %add_ln58_490, i10 %zext_ln58_4" [firmware/nnet_utils/nnet_dense_latency.h:58]   --->   Operation 2424 'add' 'add_ln58_491' <Predicate = true> <Delay = 0.79> <CoreInst = "TAddSub">   --->   Core 10 'TAddSub' <Latency = 0> <II = 1> <Delay = 0.34> <IPBlock> <Opcode : '' 'add' 'sub'> <InPorts = 3> <OutPorts = 1> <Sync> <CReg>
ST_1 : Operation 2425 [1/1] (0.00ns)   --->   "%sext_ln58_195 = sext i10 %add_ln58_491" [firmware/nnet_utils/nnet_dense_latency.h:58]   --->   Operation 2425 'sext' 'sext_ln58_195' <Predicate = true> <Delay = 0.00>
ST_1 : Operation 2426 [1/1] (0.72ns)   --->   "%add_ln58_492 = add i11 %sext_ln17_39, i11 %sext_ln17_130" [firmware/nnet_utils/nnet_dense_latency.h:58]   --->   Operation 2426 'add' 'add_ln58_492' <Predicate = true> <Delay = 0.72> <CoreInst = "Adder">   --->   Core 1 'Adder' <Latency = 0> <II = 1> <Delay = 0.72> <FuncUnit> <Opcode : 'add' 'sub'> <InPorts = 2> <OutPorts = 1>
ST_1 : Operation 2427 [1/1] (0.00ns)   --->   "%sext_ln58_196 = sext i11 %add_ln58_492" [firmware/nnet_utils/nnet_dense_latency.h:58]   --->   Operation 2427 'sext' 'sext_ln58_196' <Predicate = true> <Delay = 0.00>
ST_1 : Operation 2428 [1/1] (0.00ns) (grouped into TernaryAdder)   --->   "%add_ln58_493 = add i12 %sext_ln58_196, i12 %sext_ln17_35" [firmware/nnet_utils/nnet_dense_latency.h:58]   --->   Operation 2428 'add' 'add_ln58_493' <Predicate = true> <Delay = 0.00> <CoreInst = "TAddSub">   --->   Core 10 'TAddSub' <Latency = 0> <II = 1> <Delay = 0.34> <IPBlock> <Opcode : '' 'add' 'sub'> <InPorts = 3> <OutPorts = 1> <Sync> <CReg>
ST_1 : Operation 2429 [1/1] (0.75ns) (root node of TernaryAdder)   --->   "%add_ln58_494 = add i12 %add_ln58_493, i12 %sext_ln58_195" [firmware/nnet_utils/nnet_dense_latency.h:58]   --->   Operation 2429 'add' 'add_ln58_494' <Predicate = true> <Delay = 0.75> <CoreInst = "TAddSub">   --->   Core 10 'TAddSub' <Latency = 0> <II = 1> <Delay = 0.34> <IPBlock> <Opcode : '' 'add' 'sub'> <InPorts = 3> <OutPorts = 1> <Sync> <CReg>
ST_1 : Operation 2430 [1/1] (0.00ns) (grouped into TernaryAdder)   --->   "%add_ln58_495 = add i11 %sext_ln17_141, i11 %sext_ln17_156" [firmware/nnet_utils/nnet_dense_latency.h:58]   --->   Operation 2430 'add' 'add_ln58_495' <Predicate = true> <Delay = 0.00> <CoreInst = "TAddSub">   --->   Core 10 'TAddSub' <Latency = 0> <II = 1> <Delay = 0.34> <IPBlock> <Opcode : '' 'add' 'sub'> <InPorts = 3> <OutPorts = 1> <Sync> <CReg>
ST_1 : Operation 2431 [1/1] (0.77ns) (root node of TernaryAdder)   --->   "%add_ln58_496 = add i11 %add_ln58_495, i11 %sext_ln17_138" [firmware/nnet_utils/nnet_dense_latency.h:58]   --->   Operation 2431 'add' 'add_ln58_496' <Predicate = true> <Delay = 0.77> <CoreInst = "TAddSub">   --->   Core 10 'TAddSub' <Latency = 0> <II = 1> <Delay = 0.34> <IPBlock> <Opcode : '' 'add' 'sub'> <InPorts = 3> <OutPorts = 1> <Sync> <CReg>
ST_1 : Operation 2432 [1/1] (0.00ns)   --->   "%sext_ln58_198 = sext i11 %add_ln58_496" [firmware/nnet_utils/nnet_dense_latency.h:58]   --->   Operation 2432 'sext' 'sext_ln58_198' <Predicate = true> <Delay = 0.00>
ST_1 : Operation 2433 [1/1] (0.73ns)   --->   "%add_ln58_497 = add i12 %sext_ln17_186, i12 %sext_ln17_205" [firmware/nnet_utils/nnet_dense_latency.h:58]   --->   Operation 2433 'add' 'add_ln58_497' <Predicate = true> <Delay = 0.73> <CoreInst = "Adder">   --->   Core 1 'Adder' <Latency = 0> <II = 1> <Delay = 0.73> <FuncUnit> <Opcode : 'add' 'sub'> <InPorts = 2> <OutPorts = 1>
ST_1 : Operation 2434 [1/1] (0.00ns)   --->   "%sext_ln58_199 = sext i12 %add_ln58_497" [firmware/nnet_utils/nnet_dense_latency.h:58]   --->   Operation 2434 'sext' 'sext_ln58_199' <Predicate = true> <Delay = 0.00>
ST_1 : Operation 2435 [1/1] (0.75ns) (root node of TernaryAdder)   --->   "%add_ln58_498 = add i12 %mult_303, i12 %sext_ln17_220" [firmware/nnet_utils/nnet_dense_latency.h:58]   --->   Operation 2435 'add' 'add_ln58_498' <Predicate = true> <Delay = 0.75> <CoreInst = "TAddSub">   --->   Core 10 'TAddSub' <Latency = 0> <II = 1> <Delay = 0.34> <IPBlock> <Opcode : '' 'add' 'sub'> <InPorts = 3> <OutPorts = 1> <Sync> <CReg>
ST_1 : Operation 2436 [1/1] (0.00ns)   --->   "%sext_ln58_200 = sext i12 %add_ln58_498" [firmware/nnet_utils/nnet_dense_latency.h:58]   --->   Operation 2436 'sext' 'sext_ln58_200' <Predicate = true> <Delay = 0.00>
ST_1 : Operation 2437 [1/1] (0.00ns) (grouped into TernaryAdder)   --->   "%add_ln58_499 = add i13 %sext_ln58_200, i13 %sext_ln58_199" [firmware/nnet_utils/nnet_dense_latency.h:58]   --->   Operation 2437 'add' 'add_ln58_499' <Predicate = true> <Delay = 0.00> <CoreInst = "TAddSub">   --->   Core 10 'TAddSub' <Latency = 0> <II = 1> <Delay = 0.34> <IPBlock> <Opcode : '' 'add' 'sub'> <InPorts = 3> <OutPorts = 1> <Sync> <CReg>
ST_1 : Operation 2438 [1/1] (0.73ns) (root node of TernaryAdder)   --->   "%add_ln58_500 = add i13 %add_ln58_499, i13 %sext_ln58_198" [firmware/nnet_utils/nnet_dense_latency.h:58]   --->   Operation 2438 'add' 'add_ln58_500' <Predicate = true> <Delay = 0.73> <CoreInst = "TAddSub">   --->   Core 10 'TAddSub' <Latency = 0> <II = 1> <Delay = 0.34> <IPBlock> <Opcode : '' 'add' 'sub'> <InPorts = 3> <OutPorts = 1> <Sync> <CReg>
ST_1 : Operation 2439 [1/1] (0.70ns)   --->   "%add_ln58_502 = add i9 %zext_ln58_37, i9 %zext_ln17_30" [firmware/nnet_utils/nnet_dense_latency.h:58]   --->   Operation 2439 'add' 'add_ln58_502' <Predicate = true> <Delay = 0.70> <CoreInst = "Adder">   --->   Core 1 'Adder' <Latency = 0> <II = 1> <Delay = 0.70> <FuncUnit> <Opcode : 'add' 'sub'> <InPorts = 2> <OutPorts = 1>
ST_1 : Operation 2440 [1/1] (0.00ns)   --->   "%zext_ln58_365 = zext i9 %add_ln58_502" [firmware/nnet_utils/nnet_dense_latency.h:58]   --->   Operation 2440 'zext' 'zext_ln58_365' <Predicate = true> <Delay = 0.00>
ST_1 : Operation 2441 [1/1] (0.71ns)   --->   "%add_ln58_503 = add i10 %zext_ln58_365, i10 %zext_ln17_23" [firmware/nnet_utils/nnet_dense_latency.h:58]   --->   Operation 2441 'add' 'add_ln58_503' <Predicate = true> <Delay = 0.71> <CoreInst = "Adder">   --->   Core 1 'Adder' <Latency = 0> <II = 1> <Delay = 0.71> <FuncUnit> <Opcode : 'add' 'sub'> <InPorts = 2> <OutPorts = 1>
ST_1 : Operation 2442 [1/1] (0.00ns)   --->   "%zext_ln58_366 = zext i10 %add_ln58_503" [firmware/nnet_utils/nnet_dense_latency.h:58]   --->   Operation 2442 'zext' 'zext_ln58_366' <Predicate = true> <Delay = 0.00>
ST_1 : Operation 2443 [1/1] (0.71ns)   --->   "%add_ln58_504 = add i10 %zext_ln73_298, i10 %zext_ln58_61" [firmware/nnet_utils/nnet_dense_latency.h:58]   --->   Operation 2443 'add' 'add_ln58_504' <Predicate = true> <Delay = 0.71> <CoreInst = "Adder">   --->   Core 1 'Adder' <Latency = 0> <II = 1> <Delay = 0.71> <FuncUnit> <Opcode : 'add' 'sub'> <InPorts = 2> <OutPorts = 1>
ST_1 : Operation 2444 [1/1] (0.00ns)   --->   "%zext_ln58_367 = zext i10 %add_ln58_504" [firmware/nnet_utils/nnet_dense_latency.h:58]   --->   Operation 2444 'zext' 'zext_ln58_367' <Predicate = true> <Delay = 0.00>
ST_1 : Operation 2445 [1/1] (0.00ns) (grouped into TernaryAdder)   --->   "%add_ln58_505 = add i11 %zext_ln58_367, i11 %zext_ln58_44" [firmware/nnet_utils/nnet_dense_latency.h:58]   --->   Operation 2445 'add' 'add_ln58_505' <Predicate = true> <Delay = 0.00> <CoreInst = "TAddSub">   --->   Core 10 'TAddSub' <Latency = 0> <II = 1> <Delay = 0.34> <IPBlock> <Opcode : '' 'add' 'sub'> <InPorts = 3> <OutPorts = 1> <Sync> <CReg>
ST_1 : Operation 2446 [1/1] (0.77ns) (root node of TernaryAdder)   --->   "%add_ln58_506 = add i11 %add_ln58_505, i11 %zext_ln58_366" [firmware/nnet_utils/nnet_dense_latency.h:58]   --->   Operation 2446 'add' 'add_ln58_506' <Predicate = true> <Delay = 0.77> <CoreInst = "TAddSub">   --->   Core 10 'TAddSub' <Latency = 0> <II = 1> <Delay = 0.34> <IPBlock> <Opcode : '' 'add' 'sub'> <InPorts = 3> <OutPorts = 1> <Sync> <CReg>
ST_1 : Operation 2447 [1/1] (0.00ns)   --->   "%zext_ln58_368 = zext i11 %add_ln58_506" [firmware/nnet_utils/nnet_dense_latency.h:58]   --->   Operation 2447 'zext' 'zext_ln58_368' <Predicate = true> <Delay = 0.00>
ST_1 : Operation 2448 [1/1] (0.00ns) (grouped into TernaryAdder)   --->   "%add_ln58_507 = add i11 %zext_ln58_102, i11 %zext_ln58_106" [firmware/nnet_utils/nnet_dense_latency.h:58]   --->   Operation 2448 'add' 'add_ln58_507' <Predicate = true> <Delay = 0.00> <CoreInst = "TAddSub">   --->   Core 10 'TAddSub' <Latency = 0> <II = 1> <Delay = 0.34> <IPBlock> <Opcode : '' 'add' 'sub'> <InPorts = 3> <OutPorts = 1> <Sync> <CReg>
ST_1 : Operation 2449 [1/1] (0.77ns) (root node of TernaryAdder)   --->   "%add_ln58_508 = add i11 %add_ln58_507, i11 %zext_ln17_56" [firmware/nnet_utils/nnet_dense_latency.h:58]   --->   Operation 2449 'add' 'add_ln58_508' <Predicate = true> <Delay = 0.77> <CoreInst = "TAddSub">   --->   Core 10 'TAddSub' <Latency = 0> <II = 1> <Delay = 0.34> <IPBlock> <Opcode : '' 'add' 'sub'> <InPorts = 3> <OutPorts = 1> <Sync> <CReg>
ST_1 : Operation 2450 [1/1] (0.00ns)   --->   "%zext_ln58_369 = zext i11 %add_ln58_508" [firmware/nnet_utils/nnet_dense_latency.h:58]   --->   Operation 2450 'zext' 'zext_ln58_369' <Predicate = true> <Delay = 0.00>
ST_1 : Operation 2451 [1/1] (0.71ns)   --->   "%add_ln58_509 = add i10 %zext_ln17_65, i10 %zext_ln58_136" [firmware/nnet_utils/nnet_dense_latency.h:58]   --->   Operation 2451 'add' 'add_ln58_509' <Predicate = true> <Delay = 0.71> <CoreInst = "Adder">   --->   Core 1 'Adder' <Latency = 0> <II = 1> <Delay = 0.71> <FuncUnit> <Opcode : 'add' 'sub'> <InPorts = 2> <OutPorts = 1>
ST_1 : Operation 2452 [1/1] (0.00ns)   --->   "%zext_ln58_370 = zext i10 %add_ln58_509" [firmware/nnet_utils/nnet_dense_latency.h:58]   --->   Operation 2452 'zext' 'zext_ln58_370' <Predicate = true> <Delay = 0.00>
ST_1 : Operation 2453 [1/1] (0.71ns)   --->   "%add_ln58_510 = add i10 %zext_ln58_153, i10 %zext_ln58_155" [firmware/nnet_utils/nnet_dense_latency.h:58]   --->   Operation 2453 'add' 'add_ln58_510' <Predicate = true> <Delay = 0.71> <CoreInst = "Adder">   --->   Core 1 'Adder' <Latency = 0> <II = 1> <Delay = 0.71> <FuncUnit> <Opcode : 'add' 'sub'> <InPorts = 2> <OutPorts = 1>
ST_1 : Operation 2454 [1/1] (0.00ns)   --->   "%zext_ln58_371 = zext i10 %add_ln58_510" [firmware/nnet_utils/nnet_dense_latency.h:58]   --->   Operation 2454 'zext' 'zext_ln58_371' <Predicate = true> <Delay = 0.00>
ST_1 : Operation 2455 [1/1] (0.72ns)   --->   "%add_ln58_511 = add i11 %zext_ln58_371, i11 %zext_ln58_370" [firmware/nnet_utils/nnet_dense_latency.h:58]   --->   Operation 2455 'add' 'add_ln58_511' <Predicate = true> <Delay = 0.72> <CoreInst = "Adder">   --->   Core 1 'Adder' <Latency = 0> <II = 1> <Delay = 0.72> <FuncUnit> <Opcode : 'add' 'sub'> <InPorts = 2> <OutPorts = 1>
ST_1 : Operation 2456 [1/1] (0.00ns)   --->   "%zext_ln58_372 = zext i11 %add_ln58_511" [firmware/nnet_utils/nnet_dense_latency.h:58]   --->   Operation 2456 'zext' 'zext_ln58_372' <Predicate = true> <Delay = 0.00>
ST_1 : Operation 2457 [1/1] (0.73ns)   --->   "%add_ln58_512 = add i12 %zext_ln58_372, i12 %zext_ln58_369" [firmware/nnet_utils/nnet_dense_latency.h:58]   --->   Operation 2457 'add' 'add_ln58_512' <Predicate = true> <Delay = 0.73> <CoreInst = "Adder">   --->   Core 1 'Adder' <Latency = 0> <II = 1> <Delay = 0.73> <FuncUnit> <Opcode : 'add' 'sub'> <InPorts = 2> <OutPorts = 1>
ST_1 : Operation 2458 [1/1] (0.00ns)   --->   "%zext_ln58_373 = zext i12 %add_ln58_512" [firmware/nnet_utils/nnet_dense_latency.h:58]   --->   Operation 2458 'zext' 'zext_ln58_373' <Predicate = true> <Delay = 0.00>
ST_1 : Operation 2459 [1/1] (0.74ns)   --->   "%add_ln58_513 = add i13 %zext_ln58_373, i13 %zext_ln58_368" [firmware/nnet_utils/nnet_dense_latency.h:58]   --->   Operation 2459 'add' 'add_ln58_513' <Predicate = true> <Delay = 0.74> <CoreInst = "Adder">   --->   Core 1 'Adder' <Latency = 0> <II = 1> <Delay = 0.74> <FuncUnit> <Opcode : 'add' 'sub'> <InPorts = 2> <OutPorts = 1>
ST_1 : Operation 2460 [1/1] (0.72ns)   --->   "%add_ln58_515 = add i11 %sext_ln17_11, i11 %sext_ln17_17" [firmware/nnet_utils/nnet_dense_latency.h:58]   --->   Operation 2460 'add' 'add_ln58_515' <Predicate = true> <Delay = 0.72> <CoreInst = "Adder">   --->   Core 1 'Adder' <Latency = 0> <II = 1> <Delay = 0.72> <FuncUnit> <Opcode : 'add' 'sub'> <InPorts = 2> <OutPorts = 1>
ST_1 : Operation 2461 [1/1] (0.00ns)   --->   "%sext_ln58_203 = sext i11 %add_ln58_515" [firmware/nnet_utils/nnet_dense_latency.h:58]   --->   Operation 2461 'sext' 'sext_ln58_203' <Predicate = true> <Delay = 0.00>
ST_1 : Operation 2462 [1/1] (0.00ns) (grouped into TernaryAdder)   --->   "%add_ln58_516 = add i12 %sext_ln17_67, i12 %sext_ln17_81" [firmware/nnet_utils/nnet_dense_latency.h:58]   --->   Operation 2462 'add' 'add_ln58_516' <Predicate = true> <Delay = 0.00> <CoreInst = "TAddSub">   --->   Core 10 'TAddSub' <Latency = 0> <II = 1> <Delay = 0.34> <IPBlock> <Opcode : '' 'add' 'sub'> <InPorts = 3> <OutPorts = 1> <Sync> <CReg>
ST_1 : Operation 2463 [1/1] (0.75ns) (root node of TernaryAdder)   --->   "%add_ln58_517 = add i12 %add_ln58_516, i12 %sext_ln17_65" [firmware/nnet_utils/nnet_dense_latency.h:58]   --->   Operation 2463 'add' 'add_ln58_517' <Predicate = true> <Delay = 0.75> <CoreInst = "TAddSub">   --->   Core 10 'TAddSub' <Latency = 0> <II = 1> <Delay = 0.34> <IPBlock> <Opcode : '' 'add' 'sub'> <InPorts = 3> <OutPorts = 1> <Sync> <CReg>
ST_1 : Operation 2464 [1/1] (0.00ns)   --->   "%sext_ln58_204 = sext i12 %add_ln58_517" [firmware/nnet_utils/nnet_dense_latency.h:58]   --->   Operation 2464 'sext' 'sext_ln58_204' <Predicate = true> <Delay = 0.00>
ST_1 : Operation 2465 [1/1] (0.00ns) (grouped into TernaryAdder)   --->   "%add_ln58_518 = add i13 %sext_ln58_204, i13 %sext_ln58_203" [firmware/nnet_utils/nnet_dense_latency.h:58]   --->   Operation 2465 'add' 'add_ln58_518' <Predicate = true> <Delay = 0.00> <CoreInst = "TAddSub">   --->   Core 10 'TAddSub' <Latency = 0> <II = 1> <Delay = 0.34> <IPBlock> <Opcode : '' 'add' 'sub'> <InPorts = 3> <OutPorts = 1> <Sync> <CReg>
ST_1 : Operation 2466 [1/1] (0.79ns) (root node of TernaryAdder)   --->   "%add_ln58_519 = add i10 %sext_ln17_87, i10 %mult_138" [firmware/nnet_utils/nnet_dense_latency.h:58]   --->   Operation 2466 'add' 'add_ln58_519' <Predicate = true> <Delay = 0.79> <CoreInst = "TAddSub">   --->   Core 10 'TAddSub' <Latency = 0> <II = 1> <Delay = 0.34> <IPBlock> <Opcode : '' 'add' 'sub'> <InPorts = 3> <OutPorts = 1> <Sync> <CReg>
ST_1 : Operation 2467 [1/1] (0.00ns)   --->   "%sext_ln58_205 = sext i10 %add_ln58_519" [firmware/nnet_utils/nnet_dense_latency.h:58]   --->   Operation 2467 'sext' 'sext_ln58_205' <Predicate = true> <Delay = 0.00>
ST_1 : Operation 2468 [1/1] (0.71ns)   --->   "%add_ln58_520 = add i10 %sext_ln17_127, i10 %sext_ln17_143" [firmware/nnet_utils/nnet_dense_latency.h:58]   --->   Operation 2468 'add' 'add_ln58_520' <Predicate = true> <Delay = 0.71> <CoreInst = "Adder">   --->   Core 1 'Adder' <Latency = 0> <II = 1> <Delay = 0.71> <FuncUnit> <Opcode : 'add' 'sub'> <InPorts = 2> <OutPorts = 1>
ST_1 : Operation 2469 [1/1] (0.00ns)   --->   "%sext_ln58_206 = sext i10 %add_ln58_520" [firmware/nnet_utils/nnet_dense_latency.h:58]   --->   Operation 2469 'sext' 'sext_ln58_206' <Predicate = true> <Delay = 0.00>
ST_1 : Operation 2470 [1/1] (0.00ns) (grouped into TernaryAdder)   --->   "%add_ln58_521 = add i11 %sext_ln58_206, i11 %sext_ln17_106" [firmware/nnet_utils/nnet_dense_latency.h:58]   --->   Operation 2470 'add' 'add_ln58_521' <Predicate = true> <Delay = 0.00> <CoreInst = "TAddSub">   --->   Core 10 'TAddSub' <Latency = 0> <II = 1> <Delay = 0.34> <IPBlock> <Opcode : '' 'add' 'sub'> <InPorts = 3> <OutPorts = 1> <Sync> <CReg>
ST_1 : Operation 2471 [1/1] (0.77ns) (root node of TernaryAdder)   --->   "%add_ln58_522 = add i11 %add_ln58_521, i11 %sext_ln58_205" [firmware/nnet_utils/nnet_dense_latency.h:58]   --->   Operation 2471 'add' 'add_ln58_522' <Predicate = true> <Delay = 0.77> <CoreInst = "TAddSub">   --->   Core 10 'TAddSub' <Latency = 0> <II = 1> <Delay = 0.34> <IPBlock> <Opcode : '' 'add' 'sub'> <InPorts = 3> <OutPorts = 1> <Sync> <CReg>
ST_1 : Operation 2472 [1/1] (0.00ns)   --->   "%sext_ln58_207 = sext i11 %add_ln58_522" [firmware/nnet_utils/nnet_dense_latency.h:58]   --->   Operation 2472 'sext' 'sext_ln58_207' <Predicate = true> <Delay = 0.00>
ST_1 : Operation 2473 [1/1] (0.73ns) (root node of TernaryAdder)   --->   "%add_ln58_523 = add i13 %sext_ln58_207, i13 %add_ln58_518" [firmware/nnet_utils/nnet_dense_latency.h:58]   --->   Operation 2473 'add' 'add_ln58_523' <Predicate = true> <Delay = 0.73> <CoreInst = "TAddSub">   --->   Core 10 'TAddSub' <Latency = 0> <II = 1> <Delay = 0.34> <IPBlock> <Opcode : '' 'add' 'sub'> <InPorts = 3> <OutPorts = 1> <Sync> <CReg>
ST_1 : Operation 2474 [1/1] (0.71ns)   --->   "%add_ln58_524 = add i10 %sext_ln17_146, i10 %sext_ln17_160" [firmware/nnet_utils/nnet_dense_latency.h:58]   --->   Operation 2474 'add' 'add_ln58_524' <Predicate = true> <Delay = 0.71> <CoreInst = "Adder">   --->   Core 1 'Adder' <Latency = 0> <II = 1> <Delay = 0.71> <FuncUnit> <Opcode : 'add' 'sub'> <InPorts = 2> <OutPorts = 1>
ST_1 : Operation 2475 [1/1] (0.00ns)   --->   "%sext_ln58_209 = sext i10 %add_ln58_524" [firmware/nnet_utils/nnet_dense_latency.h:58]   --->   Operation 2475 'sext' 'sext_ln58_209' <Predicate = true> <Delay = 0.00>
ST_1 : Operation 2476 [1/1] (0.77ns) (root node of TernaryAdder)   --->   "%add_ln58_525 = add i11 %sext_ln17_189, i11 %mult_283" [firmware/nnet_utils/nnet_dense_latency.h:58]   --->   Operation 2476 'add' 'add_ln58_525' <Predicate = true> <Delay = 0.77> <CoreInst = "TAddSub">   --->   Core 10 'TAddSub' <Latency = 0> <II = 1> <Delay = 0.34> <IPBlock> <Opcode : '' 'add' 'sub'> <InPorts = 3> <OutPorts = 1> <Sync> <CReg>
ST_1 : Operation 2477 [1/1] (0.00ns)   --->   "%sext_ln58_210 = sext i11 %add_ln58_525" [firmware/nnet_utils/nnet_dense_latency.h:58]   --->   Operation 2477 'sext' 'sext_ln58_210' <Predicate = true> <Delay = 0.00>
ST_1 : Operation 2478 [1/1] (0.73ns)   --->   "%add_ln58_526 = add i12 %sext_ln58_210, i12 %sext_ln17_169" [firmware/nnet_utils/nnet_dense_latency.h:58]   --->   Operation 2478 'add' 'add_ln58_526' <Predicate = true> <Delay = 0.73> <CoreInst = "Adder">   --->   Core 1 'Adder' <Latency = 0> <II = 1> <Delay = 0.73> <FuncUnit> <Opcode : 'add' 'sub'> <InPorts = 2> <OutPorts = 1>
ST_1 : Operation 2479 [1/1] (0.00ns) (grouped into TernaryAdder)   --->   "%add_ln58_527 = add i12 %add_ln58_526, i12 %sext_ln58_209" [firmware/nnet_utils/nnet_dense_latency.h:58]   --->   Operation 2479 'add' 'add_ln58_527' <Predicate = true> <Delay = 0.00> <CoreInst = "TAddSub">   --->   Core 10 'TAddSub' <Latency = 0> <II = 1> <Delay = 0.34> <IPBlock> <Opcode : '' 'add' 'sub'> <InPorts = 3> <OutPorts = 1> <Sync> <CReg>
ST_1 : Operation 2480 [1/1] (0.71ns)   --->   "%add_ln58_528 = add i9 %zext_ln17_2, i9 %add_ln73_3" [firmware/nnet_utils/nnet_dense_latency.h:58]   --->   Operation 2480 'add' 'add_ln58_528' <Predicate = true> <Delay = 0.71> <CoreInst = "Adder">   --->   Core 1 'Adder' <Latency = 0> <II = 1> <Delay = 0.71> <FuncUnit> <Opcode : 'add' 'sub'> <InPorts = 2> <OutPorts = 1>
ST_1 : Operation 2481 [1/1] (0.00ns)   --->   "%zext_ln58_375 = zext i9 %add_ln58_528" [firmware/nnet_utils/nnet_dense_latency.h:58]   --->   Operation 2481 'zext' 'zext_ln58_375' <Predicate = true> <Delay = 0.00>
ST_1 : Operation 2482 [1/1] (0.71ns)   --->   "%add_ln58_529 = add i9 %add_ln73_5, i9 %zext_ln17_19" [firmware/nnet_utils/nnet_dense_latency.h:58]   --->   Operation 2482 'add' 'add_ln58_529' <Predicate = true> <Delay = 0.71> <CoreInst = "Adder">   --->   Core 1 'Adder' <Latency = 0> <II = 1> <Delay = 0.71> <FuncUnit> <Opcode : 'add' 'sub'> <InPorts = 2> <OutPorts = 1>
ST_1 : Operation 2483 [1/1] (0.00ns)   --->   "%zext_ln58_376 = zext i9 %add_ln58_529" [firmware/nnet_utils/nnet_dense_latency.h:58]   --->   Operation 2483 'zext' 'zext_ln58_376' <Predicate = true> <Delay = 0.00>
ST_1 : Operation 2484 [1/1] (0.00ns) (grouped into TernaryAdder)   --->   "%add_ln58_530 = add i11 %zext_ln58_376, i11 %zext_ln58_22" [firmware/nnet_utils/nnet_dense_latency.h:58]   --->   Operation 2484 'add' 'add_ln58_530' <Predicate = true> <Delay = 0.00> <CoreInst = "TAddSub">   --->   Core 10 'TAddSub' <Latency = 0> <II = 1> <Delay = 0.34> <IPBlock> <Opcode : '' 'add' 'sub'> <InPorts = 3> <OutPorts = 1> <Sync> <CReg>
ST_1 : Operation 2485 [1/1] (0.77ns) (root node of TernaryAdder)   --->   "%add_ln58_531 = add i11 %add_ln58_530, i11 %zext_ln58_375" [firmware/nnet_utils/nnet_dense_latency.h:58]   --->   Operation 2485 'add' 'add_ln58_531' <Predicate = true> <Delay = 0.77> <CoreInst = "TAddSub">   --->   Core 10 'TAddSub' <Latency = 0> <II = 1> <Delay = 0.34> <IPBlock> <Opcode : '' 'add' 'sub'> <InPorts = 3> <OutPorts = 1> <Sync> <CReg>
ST_1 : Operation 2486 [1/1] (0.00ns)   --->   "%zext_ln58_377 = zext i11 %add_ln58_531" [firmware/nnet_utils/nnet_dense_latency.h:58]   --->   Operation 2486 'zext' 'zext_ln58_377' <Predicate = true> <Delay = 0.00>
ST_1 : Operation 2487 [1/1] (0.75ns) (root node of TernaryAdder)   --->   "%add_ln58_532 = add i12 %zext_ln58_377, i12 %add_ln58_527" [firmware/nnet_utils/nnet_dense_latency.h:58]   --->   Operation 2487 'add' 'add_ln58_532' <Predicate = true> <Delay = 0.75> <CoreInst = "TAddSub">   --->   Core 10 'TAddSub' <Latency = 0> <II = 1> <Delay = 0.34> <IPBlock> <Opcode : '' 'add' 'sub'> <InPorts = 3> <OutPorts = 1> <Sync> <CReg>
ST_1 : Operation 2488 [1/1] (0.81ns) (root node of TernaryAdder)   --->   "%add_ln58_534 = add i9 %zext_ln17_24, i9 %add_ln73_12" [firmware/nnet_utils/nnet_dense_latency.h:58]   --->   Operation 2488 'add' 'add_ln58_534' <Predicate = true> <Delay = 0.81> <CoreInst = "TAddSub">   --->   Core 10 'TAddSub' <Latency = 0> <II = 1> <Delay = 0.34> <IPBlock> <Opcode : '' 'add' 'sub'> <InPorts = 3> <OutPorts = 1> <Sync> <CReg>
ST_1 : Operation 2489 [1/1] (0.00ns)   --->   "%zext_ln58_378 = zext i9 %add_ln58_534" [firmware/nnet_utils/nnet_dense_latency.h:58]   --->   Operation 2489 'zext' 'zext_ln58_378' <Predicate = true> <Delay = 0.00>
ST_1 : Operation 2490 [1/1] (0.81ns) (root node of TernaryAdder)   --->   "%add_ln58_535 = add i9 %sub_ln73_186, i9 %zext_ln17_57" [firmware/nnet_utils/nnet_dense_latency.h:58]   --->   Operation 2490 'add' 'add_ln58_535' <Predicate = true> <Delay = 0.81> <CoreInst = "TAddSub">   --->   Core 10 'TAddSub' <Latency = 0> <II = 1> <Delay = 0.34> <IPBlock> <Opcode : '' 'add' 'sub'> <InPorts = 3> <OutPorts = 1> <Sync> <CReg>
ST_1 : Operation 2491 [1/1] (0.00ns)   --->   "%zext_ln58_379 = zext i9 %add_ln58_535" [firmware/nnet_utils/nnet_dense_latency.h:58]   --->   Operation 2491 'zext' 'zext_ln58_379' <Predicate = true> <Delay = 0.00>
ST_1 : Operation 2492 [1/1] (0.71ns)   --->   "%add_ln58_536 = add i10 %zext_ln58_379, i10 %zext_ln17_36" [firmware/nnet_utils/nnet_dense_latency.h:58]   --->   Operation 2492 'add' 'add_ln58_536' <Predicate = true> <Delay = 0.71> <CoreInst = "Adder">   --->   Core 1 'Adder' <Latency = 0> <II = 1> <Delay = 0.71> <FuncUnit> <Opcode : 'add' 'sub'> <InPorts = 2> <OutPorts = 1>
ST_1 : Operation 2493 [1/1] (0.00ns)   --->   "%zext_ln58_380 = zext i10 %add_ln58_536" [firmware/nnet_utils/nnet_dense_latency.h:58]   --->   Operation 2493 'zext' 'zext_ln58_380' <Predicate = true> <Delay = 0.00>
ST_1 : Operation 2494 [1/1] (0.72ns)   --->   "%add_ln58_537 = add i11 %zext_ln58_380, i11 %zext_ln58_378" [firmware/nnet_utils/nnet_dense_latency.h:58]   --->   Operation 2494 'add' 'add_ln58_537' <Predicate = true> <Delay = 0.72> <CoreInst = "Adder">   --->   Core 1 'Adder' <Latency = 0> <II = 1> <Delay = 0.72> <FuncUnit> <Opcode : 'add' 'sub'> <InPorts = 2> <OutPorts = 1>
ST_1 : Operation 2495 [1/1] (0.00ns)   --->   "%zext_ln58_381 = zext i11 %add_ln58_537" [firmware/nnet_utils/nnet_dense_latency.h:58]   --->   Operation 2495 'zext' 'zext_ln58_381' <Predicate = true> <Delay = 0.00>
ST_1 : Operation 2496 [1/1] (0.79ns) (root node of TernaryAdder)   --->   "%add_ln58_538 = add i10 %zext_ln17_59, i10 %sub_ln73_247" [firmware/nnet_utils/nnet_dense_latency.h:58]   --->   Operation 2496 'add' 'add_ln58_538' <Predicate = true> <Delay = 0.79> <CoreInst = "TAddSub">   --->   Core 10 'TAddSub' <Latency = 0> <II = 1> <Delay = 0.34> <IPBlock> <Opcode : '' 'add' 'sub'> <InPorts = 3> <OutPorts = 1> <Sync> <CReg>
ST_1 : Operation 2497 [1/1] (0.00ns)   --->   "%zext_ln58_382 = zext i10 %add_ln58_538" [firmware/nnet_utils/nnet_dense_latency.h:58]   --->   Operation 2497 'zext' 'zext_ln58_382' <Predicate = true> <Delay = 0.00>
ST_1 : Operation 2498 [1/1] (0.00ns) (grouped into TernaryAdder)   --->   "%add_ln58_539 = add i10 %zext_ln58_122, i10 %zext_ln17_77" [firmware/nnet_utils/nnet_dense_latency.h:58]   --->   Operation 2498 'add' 'add_ln58_539' <Predicate = true> <Delay = 0.00> <CoreInst = "TAddSub">   --->   Core 10 'TAddSub' <Latency = 0> <II = 1> <Delay = 0.34> <IPBlock> <Opcode : '' 'add' 'sub'> <InPorts = 3> <OutPorts = 1> <Sync> <CReg>
ST_1 : Operation 2499 [1/1] (0.79ns) (root node of TernaryAdder)   --->   "%add_ln58_540 = add i10 %add_ln58_539, i10 %zext_ln58_113" [firmware/nnet_utils/nnet_dense_latency.h:58]   --->   Operation 2499 'add' 'add_ln58_540' <Predicate = true> <Delay = 0.79> <CoreInst = "TAddSub">   --->   Core 10 'TAddSub' <Latency = 0> <II = 1> <Delay = 0.34> <IPBlock> <Opcode : '' 'add' 'sub'> <InPorts = 3> <OutPorts = 1> <Sync> <CReg>
ST_1 : Operation 2500 [1/1] (0.00ns)   --->   "%zext_ln58_383 = zext i10 %add_ln58_540" [firmware/nnet_utils/nnet_dense_latency.h:58]   --->   Operation 2500 'zext' 'zext_ln58_383' <Predicate = true> <Delay = 0.00>
ST_1 : Operation 2501 [1/1] (0.72ns)   --->   "%add_ln58_541 = add i11 %zext_ln58_383, i11 %zext_ln58_382" [firmware/nnet_utils/nnet_dense_latency.h:58]   --->   Operation 2501 'add' 'add_ln58_541' <Predicate = true> <Delay = 0.72> <CoreInst = "Adder">   --->   Core 1 'Adder' <Latency = 0> <II = 1> <Delay = 0.72> <FuncUnit> <Opcode : 'add' 'sub'> <InPorts = 2> <OutPorts = 1>
ST_1 : Operation 2502 [1/1] (0.00ns)   --->   "%zext_ln58_384 = zext i11 %add_ln58_541" [firmware/nnet_utils/nnet_dense_latency.h:58]   --->   Operation 2502 'zext' 'zext_ln58_384' <Predicate = true> <Delay = 0.00>
ST_1 : Operation 2503 [1/1] (0.73ns)   --->   "%add_ln58_542 = add i12 %zext_ln58_384, i12 %zext_ln58_381" [firmware/nnet_utils/nnet_dense_latency.h:58]   --->   Operation 2503 'add' 'add_ln58_542' <Predicate = true> <Delay = 0.73> <CoreInst = "Adder">   --->   Core 1 'Adder' <Latency = 0> <II = 1> <Delay = 0.73> <FuncUnit> <Opcode : 'add' 'sub'> <InPorts = 2> <OutPorts = 1>
ST_1 : Operation 2504 [1/1] (0.71ns)   --->   "%add_ln58_543 = add i9 %zext_ln17_78, i9 %add_ln73_57" [firmware/nnet_utils/nnet_dense_latency.h:58]   --->   Operation 2504 'add' 'add_ln58_543' <Predicate = true> <Delay = 0.71> <CoreInst = "Adder">   --->   Core 1 'Adder' <Latency = 0> <II = 1> <Delay = 0.71> <FuncUnit> <Opcode : 'add' 'sub'> <InPorts = 2> <OutPorts = 1>
ST_1 : Operation 2505 [1/1] (0.00ns)   --->   "%zext_ln58_386 = zext i9 %add_ln58_543" [firmware/nnet_utils/nnet_dense_latency.h:58]   --->   Operation 2505 'zext' 'zext_ln58_386' <Predicate = true> <Delay = 0.00>
ST_1 : Operation 2506 [1/1] (0.00ns) (grouped into TernaryAdder)   --->   "%add_ln58_544 = add i10 %zext_ln17_83, i10 320" [firmware/nnet_utils/nnet_dense_latency.h:58]   --->   Operation 2506 'add' 'add_ln58_544' <Predicate = true> <Delay = 0.00> <CoreInst = "TAddSub">   --->   Core 10 'TAddSub' <Latency = 0> <II = 1> <Delay = 0.34> <IPBlock> <Opcode : '' 'add' 'sub'> <InPorts = 3> <OutPorts = 1> <Sync> <CReg>
ST_1 : Operation 2507 [1/1] (0.79ns) (root node of TernaryAdder)   --->   "%add_ln58_545 = add i10 %add_ln58_544, i10 %zext_ln58_279" [firmware/nnet_utils/nnet_dense_latency.h:58]   --->   Operation 2507 'add' 'add_ln58_545' <Predicate = true> <Delay = 0.79> <CoreInst = "TAddSub">   --->   Core 10 'TAddSub' <Latency = 0> <II = 1> <Delay = 0.34> <IPBlock> <Opcode : '' 'add' 'sub'> <InPorts = 3> <OutPorts = 1> <Sync> <CReg>
ST_1 : Operation 2508 [1/1] (0.00ns)   --->   "%zext_ln58_387 = zext i10 %add_ln58_545" [firmware/nnet_utils/nnet_dense_latency.h:58]   --->   Operation 2508 'zext' 'zext_ln58_387' <Predicate = true> <Delay = 0.00>
ST_1 : Operation 2509 [1/1] (0.00ns) (grouped into TernaryAdder)   --->   "%add_ln58_546 = add i11 %zext_ln58_387, i11 %zext_ln58_386" [firmware/nnet_utils/nnet_dense_latency.h:58]   --->   Operation 2509 'add' 'add_ln58_546' <Predicate = true> <Delay = 0.00> <CoreInst = "TAddSub">   --->   Core 10 'TAddSub' <Latency = 0> <II = 1> <Delay = 0.34> <IPBlock> <Opcode : '' 'add' 'sub'> <InPorts = 3> <OutPorts = 1> <Sync> <CReg>
ST_1 : Operation 2510 [1/1] (0.70ns)   --->   "%add_ln58_547 = add i7 %zext_ln73_65, i7 %zext_ln58_71" [firmware/nnet_utils/nnet_dense_latency.h:58]   --->   Operation 2510 'add' 'add_ln58_547' <Predicate = true> <Delay = 0.70> <CoreInst = "Adder">   --->   Core 1 'Adder' <Latency = 0> <II = 1> <Delay = 0.70> <FuncUnit> <Opcode : 'add' 'sub'> <InPorts = 2> <OutPorts = 1>
ST_1 : Operation 2511 [1/1] (0.00ns)   --->   "%zext_ln58_388 = zext i7 %add_ln58_547" [firmware/nnet_utils/nnet_dense_latency.h:58]   --->   Operation 2511 'zext' 'zext_ln58_388' <Predicate = true> <Delay = 0.00>
ST_1 : Operation 2512 [1/1] (0.70ns)   --->   "%add_ln58_548 = add i7 %zext_ln73_200, i7 %zext_ln73_207" [firmware/nnet_utils/nnet_dense_latency.h:58]   --->   Operation 2512 'add' 'add_ln58_548' <Predicate = true> <Delay = 0.70> <CoreInst = "Adder">   --->   Core 1 'Adder' <Latency = 0> <II = 1> <Delay = 0.70> <FuncUnit> <Opcode : 'add' 'sub'> <InPorts = 2> <OutPorts = 1>
ST_1 : Operation 2513 [1/1] (0.00ns)   --->   "%zext_ln58_389 = zext i7 %add_ln58_548" [firmware/nnet_utils/nnet_dense_latency.h:58]   --->   Operation 2513 'zext' 'zext_ln58_389' <Predicate = true> <Delay = 0.00>
ST_1 : Operation 2514 [1/1] (0.70ns)   --->   "%add_ln58_549 = add i8 %zext_ln58_389, i8 %zext_ln58_79" [firmware/nnet_utils/nnet_dense_latency.h:58]   --->   Operation 2514 'add' 'add_ln58_549' <Predicate = true> <Delay = 0.70> <CoreInst = "Adder">   --->   Core 1 'Adder' <Latency = 0> <II = 1> <Delay = 0.70> <FuncUnit> <Opcode : 'add' 'sub'> <InPorts = 2> <OutPorts = 1>
ST_1 : Operation 2515 [1/1] (0.00ns)   --->   "%zext_ln58_390 = zext i8 %add_ln58_549" [firmware/nnet_utils/nnet_dense_latency.h:58]   --->   Operation 2515 'zext' 'zext_ln58_390' <Predicate = true> <Delay = 0.00>
ST_1 : Operation 2516 [1/1] (0.70ns)   --->   "%add_ln58_550 = add i9 %zext_ln58_390, i9 %zext_ln58_388" [firmware/nnet_utils/nnet_dense_latency.h:58]   --->   Operation 2516 'add' 'add_ln58_550' <Predicate = true> <Delay = 0.70> <CoreInst = "Adder">   --->   Core 1 'Adder' <Latency = 0> <II = 1> <Delay = 0.70> <FuncUnit> <Opcode : 'add' 'sub'> <InPorts = 2> <OutPorts = 1>
ST_1 : Operation 2517 [1/1] (0.00ns)   --->   "%zext_ln58_391 = zext i9 %add_ln58_550" [firmware/nnet_utils/nnet_dense_latency.h:58]   --->   Operation 2517 'zext' 'zext_ln58_391' <Predicate = true> <Delay = 0.00>
ST_1 : Operation 2518 [1/1] (0.77ns) (root node of TernaryAdder)   --->   "%add_ln58_551 = add i11 %zext_ln58_391, i11 %add_ln58_546" [firmware/nnet_utils/nnet_dense_latency.h:58]   --->   Operation 2518 'add' 'add_ln58_551' <Predicate = true> <Delay = 0.77> <CoreInst = "TAddSub">   --->   Core 10 'TAddSub' <Latency = 0> <II = 1> <Delay = 0.34> <IPBlock> <Opcode : '' 'add' 'sub'> <InPorts = 3> <OutPorts = 1> <Sync> <CReg>
ST_1 : Operation 2519 [1/1] (0.00ns) (grouped into TernaryAdder)   --->   "%add_ln58_554 = add i11 %zext_ln58_8, i11 %sext_ln17_16" [firmware/nnet_utils/nnet_dense_latency.h:58]   --->   Operation 2519 'add' 'add_ln58_554' <Predicate = true> <Delay = 0.00> <CoreInst = "TAddSub">   --->   Core 10 'TAddSub' <Latency = 0> <II = 1> <Delay = 0.34> <IPBlock> <Opcode : '' 'add' 'sub'> <InPorts = 3> <OutPorts = 1> <Sync> <CReg>
ST_1 : Operation 2520 [1/1] (0.70ns)   --->   "%add_ln58_555 = add i9 %sext_ln17_23, i9 %sext_ln17_82" [firmware/nnet_utils/nnet_dense_latency.h:58]   --->   Operation 2520 'add' 'add_ln58_555' <Predicate = true> <Delay = 0.70> <CoreInst = "Adder">   --->   Core 1 'Adder' <Latency = 0> <II = 1> <Delay = 0.70> <FuncUnit> <Opcode : 'add' 'sub'> <InPorts = 2> <OutPorts = 1>
ST_1 : Operation 2521 [1/1] (0.00ns)   --->   "%sext_ln58_213 = sext i9 %add_ln58_555" [firmware/nnet_utils/nnet_dense_latency.h:58]   --->   Operation 2521 'sext' 'sext_ln58_213' <Predicate = true> <Delay = 0.00>
ST_1 : Operation 2522 [1/1] (0.77ns) (root node of TernaryAdder)   --->   "%add_ln58_556 = add i11 %sext_ln58_213, i11 %add_ln58_554" [firmware/nnet_utils/nnet_dense_latency.h:58]   --->   Operation 2522 'add' 'add_ln58_556' <Predicate = true> <Delay = 0.77> <CoreInst = "TAddSub">   --->   Core 10 'TAddSub' <Latency = 0> <II = 1> <Delay = 0.34> <IPBlock> <Opcode : '' 'add' 'sub'> <InPorts = 3> <OutPorts = 1> <Sync> <CReg>
ST_1 : Operation 2523 [1/1] (0.00ns)   --->   "%sext_ln58_214 = sext i11 %add_ln58_556" [firmware/nnet_utils/nnet_dense_latency.h:58]   --->   Operation 2523 'sext' 'sext_ln58_214' <Predicate = true> <Delay = 0.00>
ST_1 : Operation 2524 [1/1] (0.79ns) (root node of TernaryAdder)   --->   "%add_ln58_557 = add i10 %mult_124, i10 %sext_ln17_94" [firmware/nnet_utils/nnet_dense_latency.h:58]   --->   Operation 2524 'add' 'add_ln58_557' <Predicate = true> <Delay = 0.79> <CoreInst = "TAddSub">   --->   Core 10 'TAddSub' <Latency = 0> <II = 1> <Delay = 0.34> <IPBlock> <Opcode : '' 'add' 'sub'> <InPorts = 3> <OutPorts = 1> <Sync> <CReg>
ST_1 : Operation 2525 [1/1] (0.00ns)   --->   "%sext_ln58_215 = sext i10 %add_ln58_557" [firmware/nnet_utils/nnet_dense_latency.h:58]   --->   Operation 2525 'sext' 'sext_ln58_215' <Predicate = true> <Delay = 0.00>
ST_1 : Operation 2526 [1/1] (0.77ns) (root node of TernaryAdder)   --->   "%add_ln58_558 = add i11 %sext_ln17_99, i11 %mult_147" [firmware/nnet_utils/nnet_dense_latency.h:58]   --->   Operation 2526 'add' 'add_ln58_558' <Predicate = true> <Delay = 0.77> <CoreInst = "TAddSub">   --->   Core 10 'TAddSub' <Latency = 0> <II = 1> <Delay = 0.34> <IPBlock> <Opcode : '' 'add' 'sub'> <InPorts = 3> <OutPorts = 1> <Sync> <CReg>
ST_1 : Operation 2527 [1/1] (0.00ns)   --->   "%sext_ln58_216 = sext i11 %add_ln58_558" [firmware/nnet_utils/nnet_dense_latency.h:58]   --->   Operation 2527 'sext' 'sext_ln58_216' <Predicate = true> <Delay = 0.00>
ST_1 : Operation 2528 [1/1] (0.00ns) (grouped into TernaryAdder)   --->   "%add_ln58_559 = add i12 %sext_ln58_216, i12 %sext_ln58_215" [firmware/nnet_utils/nnet_dense_latency.h:58]   --->   Operation 2528 'add' 'add_ln58_559' <Predicate = true> <Delay = 0.00> <CoreInst = "TAddSub">   --->   Core 10 'TAddSub' <Latency = 0> <II = 1> <Delay = 0.34> <IPBlock> <Opcode : '' 'add' 'sub'> <InPorts = 3> <OutPorts = 1> <Sync> <CReg>
ST_1 : Operation 2529 [1/1] (0.75ns) (root node of TernaryAdder)   --->   "%add_ln58_560 = add i12 %add_ln58_559, i12 %sext_ln58_214" [firmware/nnet_utils/nnet_dense_latency.h:58]   --->   Operation 2529 'add' 'add_ln58_560' <Predicate = true> <Delay = 0.75> <CoreInst = "TAddSub">   --->   Core 10 'TAddSub' <Latency = 0> <II = 1> <Delay = 0.34> <IPBlock> <Opcode : '' 'add' 'sub'> <InPorts = 3> <OutPorts = 1> <Sync> <CReg>
ST_1 : Operation 2530 [1/1] (0.71ns)   --->   "%add_ln58_561 = add i9 %mult_166, i9 %sext_ln17_140" [firmware/nnet_utils/nnet_dense_latency.h:58]   --->   Operation 2530 'add' 'add_ln58_561' <Predicate = true> <Delay = 0.71> <CoreInst = "Adder">   --->   Core 1 'Adder' <Latency = 0> <II = 1> <Delay = 0.71> <FuncUnit> <Opcode : 'add' 'sub'> <InPorts = 2> <OutPorts = 1>
ST_1 : Operation 2531 [1/1] (0.00ns)   --->   "%sext_ln58_218 = sext i9 %add_ln58_561" [firmware/nnet_utils/nnet_dense_latency.h:58]   --->   Operation 2531 'sext' 'sext_ln58_218' <Predicate = true> <Delay = 0.00>
ST_1 : Operation 2532 [1/1] (0.79ns) (root node of TernaryAdder)   --->   "%add_ln58_562 = add i10 %mult_215, i10 %sext_ln17_148" [firmware/nnet_utils/nnet_dense_latency.h:58]   --->   Operation 2532 'add' 'add_ln58_562' <Predicate = true> <Delay = 0.79> <CoreInst = "TAddSub">   --->   Core 10 'TAddSub' <Latency = 0> <II = 1> <Delay = 0.34> <IPBlock> <Opcode : '' 'add' 'sub'> <InPorts = 3> <OutPorts = 1> <Sync> <CReg>
ST_1 : Operation 2533 [1/1] (0.00ns)   --->   "%sext_ln58_219 = sext i10 %add_ln58_562" [firmware/nnet_utils/nnet_dense_latency.h:58]   --->   Operation 2533 'sext' 'sext_ln58_219' <Predicate = true> <Delay = 0.00>
ST_1 : Operation 2534 [1/1] (0.72ns)   --->   "%add_ln58_563 = add i11 %sext_ln58_219, i11 %sext_ln58_218" [firmware/nnet_utils/nnet_dense_latency.h:58]   --->   Operation 2534 'add' 'add_ln58_563' <Predicate = true> <Delay = 0.72> <CoreInst = "Adder">   --->   Core 1 'Adder' <Latency = 0> <II = 1> <Delay = 0.72> <FuncUnit> <Opcode : 'add' 'sub'> <InPorts = 2> <OutPorts = 1>
ST_1 : Operation 2535 [1/1] (0.00ns)   --->   "%sext_ln58_220 = sext i11 %add_ln58_563" [firmware/nnet_utils/nnet_dense_latency.h:58]   --->   Operation 2535 'sext' 'sext_ln58_220' <Predicate = true> <Delay = 0.00>
ST_1 : Operation 2536 [1/1] (0.70ns)   --->   "%add_ln58_564 = add i7 %zext_ln73_182, i7 %zext_ln73_192" [firmware/nnet_utils/nnet_dense_latency.h:58]   --->   Operation 2536 'add' 'add_ln58_564' <Predicate = true> <Delay = 0.70> <CoreInst = "Adder">   --->   Core 1 'Adder' <Latency = 0> <II = 1> <Delay = 0.70> <FuncUnit> <Opcode : 'add' 'sub'> <InPorts = 2> <OutPorts = 1>
ST_1 : Operation 2537 [1/1] (0.00ns)   --->   "%zext_ln58_394 = zext i7 %add_ln58_564" [firmware/nnet_utils/nnet_dense_latency.h:58]   --->   Operation 2537 'zext' 'zext_ln58_394' <Predicate = true> <Delay = 0.00>
ST_1 : Operation 2538 [1/1] (0.70ns)   --->   "%sub_ln58_3 = sub i8 0, i8 %zext_ln58_394" [firmware/nnet_utils/nnet_dense_latency.h:58]   --->   Operation 2538 'sub' 'sub_ln58_3' <Predicate = true> <Delay = 0.70> <CoreInst = "Adder">   --->   Core 1 'Adder' <Latency = 0> <II = 1> <Delay = 0.70> <FuncUnit> <Opcode : 'add' 'sub'> <InPorts = 2> <OutPorts = 1>
ST_1 : Operation 2539 [1/1] (0.00ns)   --->   "%sext_ln58_221 = sext i8 %sub_ln58_3" [firmware/nnet_utils/nnet_dense_latency.h:58]   --->   Operation 2539 'sext' 'sext_ln58_221' <Predicate = true> <Delay = 0.00>
ST_1 : Operation 2540 [1/1] (0.00ns) (grouped into TernaryAdder)   --->   "%add_ln58_565 = add i11 %sext_ln17_172, i11 %sext_ln17_180" [firmware/nnet_utils/nnet_dense_latency.h:58]   --->   Operation 2540 'add' 'add_ln58_565' <Predicate = true> <Delay = 0.00> <CoreInst = "TAddSub">   --->   Core 10 'TAddSub' <Latency = 0> <II = 1> <Delay = 0.34> <IPBlock> <Opcode : '' 'add' 'sub'> <InPorts = 3> <OutPorts = 1> <Sync> <CReg>
ST_1 : Operation 2541 [1/1] (0.77ns) (root node of TernaryAdder)   --->   "%add_ln58_566 = add i11 %add_ln58_565, i11 %sext_ln58_221" [firmware/nnet_utils/nnet_dense_latency.h:58]   --->   Operation 2541 'add' 'add_ln58_566' <Predicate = true> <Delay = 0.77> <CoreInst = "TAddSub">   --->   Core 10 'TAddSub' <Latency = 0> <II = 1> <Delay = 0.34> <IPBlock> <Opcode : '' 'add' 'sub'> <InPorts = 3> <OutPorts = 1> <Sync> <CReg>
ST_1 : Operation 2542 [1/1] (0.00ns)   --->   "%sext_ln58_222 = sext i11 %add_ln58_566" [firmware/nnet_utils/nnet_dense_latency.h:58]   --->   Operation 2542 'sext' 'sext_ln58_222' <Predicate = true> <Delay = 0.00>
ST_1 : Operation 2543 [1/1] (0.73ns)   --->   "%add_ln58_567 = add i12 %sext_ln58_222, i12 %sext_ln58_220" [firmware/nnet_utils/nnet_dense_latency.h:58]   --->   Operation 2543 'add' 'add_ln58_567' <Predicate = true> <Delay = 0.73> <CoreInst = "Adder">   --->   Core 1 'Adder' <Latency = 0> <II = 1> <Delay = 0.73> <FuncUnit> <Opcode : 'add' 'sub'> <InPorts = 2> <OutPorts = 1>
ST_1 : Operation 2544 [1/1] (0.70ns)   --->   "%add_ln58_569 = add i9 %sext_ln17_195, i9 %sext_ln17_197" [firmware/nnet_utils/nnet_dense_latency.h:58]   --->   Operation 2544 'add' 'add_ln58_569' <Predicate = true> <Delay = 0.70> <CoreInst = "Adder">   --->   Core 1 'Adder' <Latency = 0> <II = 1> <Delay = 0.70> <FuncUnit> <Opcode : 'add' 'sub'> <InPorts = 2> <OutPorts = 1>
ST_1 : Operation 2545 [1/1] (0.00ns)   --->   "%sext_ln58_225 = sext i9 %add_ln58_569" [firmware/nnet_utils/nnet_dense_latency.h:58]   --->   Operation 2545 'sext' 'sext_ln58_225' <Predicate = true> <Delay = 0.00>
ST_1 : Operation 2546 [1/1] (0.00ns) (grouped into TernaryAdder)   --->   "%add_ln58_570 = add i10 %sext_ln17_207, i10 %zext_ln58_17" [firmware/nnet_utils/nnet_dense_latency.h:58]   --->   Operation 2546 'add' 'add_ln58_570' <Predicate = true> <Delay = 0.00> <CoreInst = "TAddSub">   --->   Core 10 'TAddSub' <Latency = 0> <II = 1> <Delay = 0.34> <IPBlock> <Opcode : '' 'add' 'sub'> <InPorts = 3> <OutPorts = 1> <Sync> <CReg>
ST_1 : Operation 2547 [1/1] (0.79ns) (root node of TernaryAdder)   --->   "%add_ln58_571 = add i10 %add_ln58_570, i10 %sext_ln58_225" [firmware/nnet_utils/nnet_dense_latency.h:58]   --->   Operation 2547 'add' 'add_ln58_571' <Predicate = true> <Delay = 0.79> <CoreInst = "TAddSub">   --->   Core 10 'TAddSub' <Latency = 0> <II = 1> <Delay = 0.34> <IPBlock> <Opcode : '' 'add' 'sub'> <InPorts = 3> <OutPorts = 1> <Sync> <CReg>
ST_1 : Operation 2548 [1/1] (0.00ns)   --->   "%sext_ln58_226 = sext i10 %add_ln58_571" [firmware/nnet_utils/nnet_dense_latency.h:58]   --->   Operation 2548 'sext' 'sext_ln58_226' <Predicate = true> <Delay = 0.00>
ST_1 : Operation 2549 [1/1] (0.72ns)   --->   "%add_ln58_572 = add i11 %zext_ln58_24, i11 %zext_ln58_36" [firmware/nnet_utils/nnet_dense_latency.h:58]   --->   Operation 2549 'add' 'add_ln58_572' <Predicate = true> <Delay = 0.72> <CoreInst = "Adder">   --->   Core 1 'Adder' <Latency = 0> <II = 1> <Delay = 0.72> <FuncUnit> <Opcode : 'add' 'sub'> <InPorts = 2> <OutPorts = 1>
ST_1 : Operation 2550 [1/1] (0.00ns)   --->   "%zext_ln58_395 = zext i11 %add_ln58_572" [firmware/nnet_utils/nnet_dense_latency.h:58]   --->   Operation 2550 'zext' 'zext_ln58_395' <Predicate = true> <Delay = 0.00>
ST_1 : Operation 2551 [1/1] (0.72ns)   --->   "%add_ln58_573 = add i10 %zext_ln17_28, i10 %mul_ln73_11" [firmware/nnet_utils/nnet_dense_latency.h:58]   --->   Operation 2551 'add' 'add_ln58_573' <Predicate = true> <Delay = 0.72> <CoreInst = "Adder">   --->   Core 1 'Adder' <Latency = 0> <II = 1> <Delay = 0.72> <FuncUnit> <Opcode : 'add' 'sub'> <InPorts = 2> <OutPorts = 1>
ST_1 : Operation 2552 [1/1] (0.00ns)   --->   "%zext_ln58_396 = zext i10 %add_ln58_573" [firmware/nnet_utils/nnet_dense_latency.h:58]   --->   Operation 2552 'zext' 'zext_ln58_396' <Predicate = true> <Delay = 0.00>
ST_1 : Operation 2553 [1/1] (0.73ns)   --->   "%add_ln58_574 = add i12 %zext_ln58_396, i12 %zext_ln58_395" [firmware/nnet_utils/nnet_dense_latency.h:58]   --->   Operation 2553 'add' 'add_ln58_574' <Predicate = true> <Delay = 0.73> <CoreInst = "Adder">   --->   Core 1 'Adder' <Latency = 0> <II = 1> <Delay = 0.73> <FuncUnit> <Opcode : 'add' 'sub'> <InPorts = 2> <OutPorts = 1>
ST_1 : Operation 2554 [1/1] (0.00ns)   --->   "%zext_ln58_397 = zext i12 %add_ln58_574" [firmware/nnet_utils/nnet_dense_latency.h:58]   --->   Operation 2554 'zext' 'zext_ln58_397' <Predicate = true> <Delay = 0.00>
ST_1 : Operation 2555 [1/1] (0.74ns)   --->   "%add_ln58_575 = add i13 %zext_ln58_397, i13 %sext_ln58_226" [firmware/nnet_utils/nnet_dense_latency.h:58]   --->   Operation 2555 'add' 'add_ln58_575' <Predicate = true> <Delay = 0.74> <CoreInst = "Adder">   --->   Core 1 'Adder' <Latency = 0> <II = 1> <Delay = 0.74> <FuncUnit> <Opcode : 'add' 'sub'> <InPorts = 2> <OutPorts = 1>
ST_1 : Operation 2556 [1/1] (0.71ns)   --->   "%add_ln58_576 = add i10 %zext_ln58_73, i10 %zext_ln73_338" [firmware/nnet_utils/nnet_dense_latency.h:58]   --->   Operation 2556 'add' 'add_ln58_576' <Predicate = true> <Delay = 0.71> <CoreInst = "Adder">   --->   Core 1 'Adder' <Latency = 0> <II = 1> <Delay = 0.71> <FuncUnit> <Opcode : 'add' 'sub'> <InPorts = 2> <OutPorts = 1>
ST_1 : Operation 2557 [1/1] (0.00ns)   --->   "%zext_ln58_398 = zext i10 %add_ln58_576" [firmware/nnet_utils/nnet_dense_latency.h:58]   --->   Operation 2557 'zext' 'zext_ln58_398' <Predicate = true> <Delay = 0.00>
ST_1 : Operation 2558 [1/1] (0.72ns)   --->   "%add_ln58_577 = add i11 %zext_ln58_89, i11 %zext_ln58_96" [firmware/nnet_utils/nnet_dense_latency.h:58]   --->   Operation 2558 'add' 'add_ln58_577' <Predicate = true> <Delay = 0.72> <CoreInst = "Adder">   --->   Core 1 'Adder' <Latency = 0> <II = 1> <Delay = 0.72> <FuncUnit> <Opcode : 'add' 'sub'> <InPorts = 2> <OutPorts = 1>
ST_1 : Operation 2559 [1/1] (0.00ns)   --->   "%zext_ln58_399 = zext i11 %add_ln58_577" [firmware/nnet_utils/nnet_dense_latency.h:58]   --->   Operation 2559 'zext' 'zext_ln58_399' <Predicate = true> <Delay = 0.00>
ST_1 : Operation 2560 [1/1] (0.00ns) (grouped into TernaryAdder)   --->   "%add_ln58_578 = add i12 %zext_ln58_399, i12 %zext_ln58_398" [firmware/nnet_utils/nnet_dense_latency.h:58]   --->   Operation 2560 'add' 'add_ln58_578' <Predicate = true> <Delay = 0.00> <CoreInst = "TAddSub">   --->   Core 10 'TAddSub' <Latency = 0> <II = 1> <Delay = 0.34> <IPBlock> <Opcode : '' 'add' 'sub'> <InPorts = 3> <OutPorts = 1> <Sync> <CReg>
ST_1 : Operation 2561 [1/1] (0.79ns) (root node of TernaryAdder)   --->   "%add_ln58_579 = add i10 %add_ln73_46, i10 %zext_ln58_128" [firmware/nnet_utils/nnet_dense_latency.h:58]   --->   Operation 2561 'add' 'add_ln58_579' <Predicate = true> <Delay = 0.79> <CoreInst = "TAddSub">   --->   Core 10 'TAddSub' <Latency = 0> <II = 1> <Delay = 0.34> <IPBlock> <Opcode : '' 'add' 'sub'> <InPorts = 3> <OutPorts = 1> <Sync> <CReg>
ST_1 : Operation 2562 [1/1] (0.00ns)   --->   "%zext_ln58_400 = zext i10 %add_ln58_579" [firmware/nnet_utils/nnet_dense_latency.h:58]   --->   Operation 2562 'zext' 'zext_ln58_400' <Predicate = true> <Delay = 0.00>
ST_1 : Operation 2563 [1/1] (0.81ns) (root node of TernaryAdder)   --->   "%add_ln58_580 = add i9 %add_ln73_61, i9 %zext_ln73_66" [firmware/nnet_utils/nnet_dense_latency.h:58]   --->   Operation 2563 'add' 'add_ln58_580' <Predicate = true> <Delay = 0.81> <CoreInst = "TAddSub">   --->   Core 10 'TAddSub' <Latency = 0> <II = 1> <Delay = 0.34> <IPBlock> <Opcode : '' 'add' 'sub'> <InPorts = 3> <OutPorts = 1> <Sync> <CReg>
ST_1 : Operation 2564 [1/1] (0.00ns)   --->   "%zext_ln58_401 = zext i9 %add_ln58_580" [firmware/nnet_utils/nnet_dense_latency.h:58]   --->   Operation 2564 'zext' 'zext_ln58_401' <Predicate = true> <Delay = 0.00>
ST_1 : Operation 2565 [1/1] (0.72ns)   --->   "%add_ln58_581 = add i11 %zext_ln58_401, i11 %zext_ln58_400" [firmware/nnet_utils/nnet_dense_latency.h:58]   --->   Operation 2565 'add' 'add_ln58_581' <Predicate = true> <Delay = 0.72> <CoreInst = "Adder">   --->   Core 1 'Adder' <Latency = 0> <II = 1> <Delay = 0.72> <FuncUnit> <Opcode : 'add' 'sub'> <InPorts = 2> <OutPorts = 1>
ST_1 : Operation 2566 [1/1] (0.00ns)   --->   "%zext_ln58_402 = zext i11 %add_ln58_581" [firmware/nnet_utils/nnet_dense_latency.h:58]   --->   Operation 2566 'zext' 'zext_ln58_402' <Predicate = true> <Delay = 0.00>
ST_1 : Operation 2567 [1/1] (0.75ns) (root node of TernaryAdder)   --->   "%add_ln58_582 = add i12 %zext_ln58_402, i12 %add_ln58_578" [firmware/nnet_utils/nnet_dense_latency.h:58]   --->   Operation 2567 'add' 'add_ln58_582' <Predicate = true> <Delay = 0.75> <CoreInst = "TAddSub">   --->   Core 10 'TAddSub' <Latency = 0> <II = 1> <Delay = 0.34> <IPBlock> <Opcode : '' 'add' 'sub'> <InPorts = 3> <OutPorts = 1> <Sync> <CReg>
ST_1 : Operation 2568 [1/1] (0.71ns)   --->   "%add_ln58_585 = add i10 %zext_ln17, i10 %zext_ln73_384" [firmware/nnet_utils/nnet_dense_latency.h:58]   --->   Operation 2568 'add' 'add_ln58_585' <Predicate = true> <Delay = 0.71> <CoreInst = "Adder">   --->   Core 1 'Adder' <Latency = 0> <II = 1> <Delay = 0.71> <FuncUnit> <Opcode : 'add' 'sub'> <InPorts = 2> <OutPorts = 1>
ST_1 : Operation 2569 [1/1] (0.00ns)   --->   "%zext_ln58_404 = zext i10 %add_ln58_585" [firmware/nnet_utils/nnet_dense_latency.h:58]   --->   Operation 2569 'zext' 'zext_ln58_404' <Predicate = true> <Delay = 0.00>
ST_1 : Operation 2570 [1/1] (0.00ns) (grouped into TernaryAdder)   --->   "%add_ln58_586 = add i11 %zext_ln58_404, i11 %sext_ln17_73" [firmware/nnet_utils/nnet_dense_latency.h:58]   --->   Operation 2570 'add' 'add_ln58_586' <Predicate = true> <Delay = 0.00> <CoreInst = "TAddSub">   --->   Core 10 'TAddSub' <Latency = 0> <II = 1> <Delay = 0.34> <IPBlock> <Opcode : '' 'add' 'sub'> <InPorts = 3> <OutPorts = 1> <Sync> <CReg>
ST_1 : Operation 2571 [1/1] (0.00ns) (grouped into LUT with out node add_ln58_587)   --->   "%bit_sel = bitselect i1 @_ssdm_op_BitSelect.i1.i8.i8, i8 %sub_ln73_360, i8 7" [firmware/nnet_utils/nnet_dense_latency.h:58]   --->   Operation 2571 'bitselect' 'bit_sel' <Predicate = true> <Delay = 0.00>
ST_1 : Operation 2572 [1/1] (0.00ns) (grouped into LUT with out node add_ln58_587)   --->   "%xor_ln58 = xor i1 %bit_sel, i1 1" [firmware/nnet_utils/nnet_dense_latency.h:58]   --->   Operation 2572 'xor' 'xor_ln58' <Predicate = true> <Delay = 0.00> <CoreInst = "LogicGate">   --->   Core 74 'LogicGate' <Latency = 0> <II = 1> <Delay = 0.12> <FuncUnit> <Opcode : 'and' 'or' 'xor'> <InPorts = 2> <OutPorts = 1>
ST_1 : Operation 2573 [1/1] (0.00ns) (grouped into LUT with out node add_ln58_587)   --->   "%trunc_ln58 = trunc i8 %sub_ln73_360" [firmware/nnet_utils/nnet_dense_latency.h:58]   --->   Operation 2573 'trunc' 'trunc_ln58' <Predicate = true> <Delay = 0.00>
ST_1 : Operation 2574 [1/1] (0.00ns) (grouped into LUT with out node add_ln58_587)   --->   "%xor_ln = bitconcatenate i8 @_ssdm_op_BitConcatenate.i8.i1.i7, i1 %xor_ln58, i7 %trunc_ln58" [firmware/nnet_utils/nnet_dense_latency.h:58]   --->   Operation 2574 'bitconcatenate' 'xor_ln' <Predicate = true> <Delay = 0.00>
ST_1 : Operation 2575 [1/1] (0.00ns) (grouped into LUT with out node add_ln58_587)   --->   "%sext_ln58_229 = sext i8 %xor_ln" [firmware/nnet_utils/nnet_dense_latency.h:58]   --->   Operation 2575 'sext' 'sext_ln58_229' <Predicate = true> <Delay = 0.00>
ST_1 : Operation 2576 [1/1] (0.70ns) (out node of the LUT)   --->   "%add_ln58_587 = add i9 %sext_ln58_229, i9 %zext_ln17_82" [firmware/nnet_utils/nnet_dense_latency.h:58]   --->   Operation 2576 'add' 'add_ln58_587' <Predicate = true> <Delay = 0.70> <CoreInst = "Adder">   --->   Core 1 'Adder' <Latency = 0> <II = 1> <Delay = 0.70> <FuncUnit> <Opcode : 'add' 'sub'> <InPorts = 2> <OutPorts = 1>
ST_1 : Operation 2577 [1/1] (0.00ns)   --->   "%sext_ln58_230 = sext i9 %add_ln58_587" [firmware/nnet_utils/nnet_dense_latency.h:58]   --->   Operation 2577 'sext' 'sext_ln58_230' <Predicate = true> <Delay = 0.00>
ST_1 : Operation 2578 [1/1] (0.77ns) (root node of TernaryAdder)   --->   "%add_ln58_588 = add i11 %sext_ln58_230, i11 %add_ln58_586" [firmware/nnet_utils/nnet_dense_latency.h:58]   --->   Operation 2578 'add' 'add_ln58_588' <Predicate = true> <Delay = 0.77> <CoreInst = "TAddSub">   --->   Core 10 'TAddSub' <Latency = 0> <II = 1> <Delay = 0.34> <IPBlock> <Opcode : '' 'add' 'sub'> <InPorts = 3> <OutPorts = 1> <Sync> <CReg>
ST_1 : Operation 2579 [1/1] (0.71ns)   --->   "%add_ln58_589 = add i10 %sext_ln58_87, i10 %sext_ln17_3" [firmware/nnet_utils/nnet_dense_latency.h:58]   --->   Operation 2579 'add' 'add_ln58_589' <Predicate = true> <Delay = 0.71> <CoreInst = "Adder">   --->   Core 1 'Adder' <Latency = 0> <II = 1> <Delay = 0.71> <FuncUnit> <Opcode : 'add' 'sub'> <InPorts = 2> <OutPorts = 1>
ST_1 : Operation 2580 [1/1] (0.00ns)   --->   "%sext_ln58_232 = sext i10 %add_ln58_589" [firmware/nnet_utils/nnet_dense_latency.h:58]   --->   Operation 2580 'sext' 'sext_ln58_232' <Predicate = true> <Delay = 0.00>
ST_1 : Operation 2581 [1/1] (0.70ns)   --->   "%add_ln58_590 = add i8 %sext_ln17_40, i8 %sext_ln17_46" [firmware/nnet_utils/nnet_dense_latency.h:58]   --->   Operation 2581 'add' 'add_ln58_590' <Predicate = true> <Delay = 0.70> <CoreInst = "Adder">   --->   Core 1 'Adder' <Latency = 0> <II = 1> <Delay = 0.70> <FuncUnit> <Opcode : 'add' 'sub'> <InPorts = 2> <OutPorts = 1>
ST_1 : Operation 2582 [1/1] (0.00ns)   --->   "%sext_ln58_233 = sext i8 %add_ln58_590" [firmware/nnet_utils/nnet_dense_latency.h:58]   --->   Operation 2582 'sext' 'sext_ln58_233' <Predicate = true> <Delay = 0.00>
ST_1 : Operation 2583 [1/1] (0.79ns) (root node of TernaryAdder)   --->   "%add_ln58_591 = add i10 %sext_ln58_233, i10 %mult_44" [firmware/nnet_utils/nnet_dense_latency.h:58]   --->   Operation 2583 'add' 'add_ln58_591' <Predicate = true> <Delay = 0.79> <CoreInst = "TAddSub">   --->   Core 10 'TAddSub' <Latency = 0> <II = 1> <Delay = 0.34> <IPBlock> <Opcode : '' 'add' 'sub'> <InPorts = 3> <OutPorts = 1> <Sync> <CReg>
ST_1 : Operation 2584 [1/1] (0.00ns)   --->   "%sext_ln58_234 = sext i10 %add_ln58_591" [firmware/nnet_utils/nnet_dense_latency.h:58]   --->   Operation 2584 'sext' 'sext_ln58_234' <Predicate = true> <Delay = 0.00>
ST_1 : Operation 2585 [1/1] (0.72ns)   --->   "%add_ln58_592 = add i11 %sext_ln58_234, i11 %sext_ln58_232" [firmware/nnet_utils/nnet_dense_latency.h:58]   --->   Operation 2585 'add' 'add_ln58_592' <Predicate = true> <Delay = 0.72> <CoreInst = "Adder">   --->   Core 1 'Adder' <Latency = 0> <II = 1> <Delay = 0.72> <FuncUnit> <Opcode : 'add' 'sub'> <InPorts = 2> <OutPorts = 1>
ST_1 : Operation 2586 [1/1] (0.71ns)   --->   "%add_ln58_593 = add i10 %sext_ln17_68, i10 %sext_ln17_76" [firmware/nnet_utils/nnet_dense_latency.h:58]   --->   Operation 2586 'add' 'add_ln58_593' <Predicate = true> <Delay = 0.71> <CoreInst = "Adder">   --->   Core 1 'Adder' <Latency = 0> <II = 1> <Delay = 0.71> <FuncUnit> <Opcode : 'add' 'sub'> <InPorts = 2> <OutPorts = 1>
ST_1 : Operation 2587 [1/1] (0.00ns)   --->   "%sext_ln58_236 = sext i10 %add_ln58_593" [firmware/nnet_utils/nnet_dense_latency.h:58]   --->   Operation 2587 'sext' 'sext_ln58_236' <Predicate = true> <Delay = 0.00>
ST_1 : Operation 2588 [1/1] (0.72ns)   --->   "%add_ln58_594 = add i11 %sext_ln58_236, i11 %sext_ln17_61" [firmware/nnet_utils/nnet_dense_latency.h:58]   --->   Operation 2588 'add' 'add_ln58_594' <Predicate = true> <Delay = 0.72> <CoreInst = "Adder">   --->   Core 1 'Adder' <Latency = 0> <II = 1> <Delay = 0.72> <FuncUnit> <Opcode : 'add' 'sub'> <InPorts = 2> <OutPorts = 1>
ST_1 : Operation 2589 [1/1] (0.00ns)   --->   "%sext_ln58_237 = sext i11 %add_ln58_594" [firmware/nnet_utils/nnet_dense_latency.h:58]   --->   Operation 2589 'sext' 'sext_ln58_237' <Predicate = true> <Delay = 0.00>
ST_1 : Operation 2590 [1/1] (0.73ns)   --->   "%add_ln58_595 = add i11 %mult_139, i11 %sext_ln17_102" [firmware/nnet_utils/nnet_dense_latency.h:58]   --->   Operation 2590 'add' 'add_ln58_595' <Predicate = true> <Delay = 0.73> <CoreInst = "Adder">   --->   Core 1 'Adder' <Latency = 0> <II = 1> <Delay = 0.73> <FuncUnit> <Opcode : 'add' 'sub'> <InPorts = 2> <OutPorts = 1>
ST_1 : Operation 2591 [1/1] (0.00ns)   --->   "%sext_ln58_238 = sext i11 %add_ln58_595" [firmware/nnet_utils/nnet_dense_latency.h:58]   --->   Operation 2591 'sext' 'sext_ln58_238' <Predicate = true> <Delay = 0.00>
ST_1 : Operation 2592 [1/1] (0.00ns) (grouped into TernaryAdder)   --->   "%add_ln58_596 = add i12 %sext_ln58_238, i12 %sext_ln17_80" [firmware/nnet_utils/nnet_dense_latency.h:58]   --->   Operation 2592 'add' 'add_ln58_596' <Predicate = true> <Delay = 0.00> <CoreInst = "TAddSub">   --->   Core 10 'TAddSub' <Latency = 0> <II = 1> <Delay = 0.34> <IPBlock> <Opcode : '' 'add' 'sub'> <InPorts = 3> <OutPorts = 1> <Sync> <CReg>
ST_1 : Operation 2593 [1/1] (0.75ns) (root node of TernaryAdder)   --->   "%add_ln58_597 = add i12 %add_ln58_596, i12 %sext_ln58_237" [firmware/nnet_utils/nnet_dense_latency.h:58]   --->   Operation 2593 'add' 'add_ln58_597' <Predicate = true> <Delay = 0.75> <CoreInst = "TAddSub">   --->   Core 10 'TAddSub' <Latency = 0> <II = 1> <Delay = 0.34> <IPBlock> <Opcode : '' 'add' 'sub'> <InPorts = 3> <OutPorts = 1> <Sync> <CReg>
ST_1 : Operation 2594 [1/1] (0.00ns) (grouped into TernaryAdder)   --->   "%add_ln58_599 = add i9 %sext_ln17_151, i9 %sext_ln17_161" [firmware/nnet_utils/nnet_dense_latency.h:58]   --->   Operation 2594 'add' 'add_ln58_599' <Predicate = true> <Delay = 0.00> <CoreInst = "TAddSub">   --->   Core 10 'TAddSub' <Latency = 0> <II = 1> <Delay = 0.34> <IPBlock> <Opcode : '' 'add' 'sub'> <InPorts = 3> <OutPorts = 1> <Sync> <CReg>
ST_1 : Operation 2595 [1/1] (0.81ns) (root node of TernaryAdder)   --->   "%add_ln58_600 = add i9 %add_ln58_599, i9 %sext_ln17_113" [firmware/nnet_utils/nnet_dense_latency.h:58]   --->   Operation 2595 'add' 'add_ln58_600' <Predicate = true> <Delay = 0.81> <CoreInst = "TAddSub">   --->   Core 10 'TAddSub' <Latency = 0> <II = 1> <Delay = 0.34> <IPBlock> <Opcode : '' 'add' 'sub'> <InPorts = 3> <OutPorts = 1> <Sync> <CReg>
ST_1 : Operation 2596 [1/1] (0.00ns)   --->   "%sext_ln58_240 = sext i9 %add_ln58_600" [firmware/nnet_utils/nnet_dense_latency.h:58]   --->   Operation 2596 'sext' 'sext_ln58_240' <Predicate = true> <Delay = 0.00>
ST_1 : Operation 2597 [1/1] (0.00ns) (grouped into TernaryAdder)   --->   "%add_ln58_601 = add i11 %sext_ln17_192, i11 %sext_ln17_214" [firmware/nnet_utils/nnet_dense_latency.h:58]   --->   Operation 2597 'add' 'add_ln58_601' <Predicate = true> <Delay = 0.00> <CoreInst = "TAddSub">   --->   Core 10 'TAddSub' <Latency = 0> <II = 1> <Delay = 0.34> <IPBlock> <Opcode : '' 'add' 'sub'> <InPorts = 3> <OutPorts = 1> <Sync> <CReg>
ST_1 : Operation 2598 [1/1] (0.77ns) (root node of TernaryAdder)   --->   "%add_ln58_602 = add i11 %add_ln58_601, i11 %sext_ln17_167" [firmware/nnet_utils/nnet_dense_latency.h:58]   --->   Operation 2598 'add' 'add_ln58_602' <Predicate = true> <Delay = 0.77> <CoreInst = "TAddSub">   --->   Core 10 'TAddSub' <Latency = 0> <II = 1> <Delay = 0.34> <IPBlock> <Opcode : '' 'add' 'sub'> <InPorts = 3> <OutPorts = 1> <Sync> <CReg>
ST_1 : Operation 2599 [1/1] (0.00ns)   --->   "%sext_ln58_241 = sext i11 %add_ln58_602" [firmware/nnet_utils/nnet_dense_latency.h:58]   --->   Operation 2599 'sext' 'sext_ln58_241' <Predicate = true> <Delay = 0.00>
ST_1 : Operation 2600 [1/1] (0.00ns) (grouped into TernaryAdder)   --->   "%add_ln58_603 = add i12 %sext_ln58_241, i12 %sext_ln58_240" [firmware/nnet_utils/nnet_dense_latency.h:58]   --->   Operation 2600 'add' 'add_ln58_603' <Predicate = true> <Delay = 0.00> <CoreInst = "TAddSub">   --->   Core 10 'TAddSub' <Latency = 0> <II = 1> <Delay = 0.34> <IPBlock> <Opcode : '' 'add' 'sub'> <InPorts = 3> <OutPorts = 1> <Sync> <CReg>
ST_1 : Operation 2601 [1/1] (0.70ns)   --->   "%add_ln58_604 = add i9 %zext_ln17_1, i9 %zext_ln58_15" [firmware/nnet_utils/nnet_dense_latency.h:58]   --->   Operation 2601 'add' 'add_ln58_604' <Predicate = true> <Delay = 0.70> <CoreInst = "Adder">   --->   Core 1 'Adder' <Latency = 0> <II = 1> <Delay = 0.70> <FuncUnit> <Opcode : 'add' 'sub'> <InPorts = 2> <OutPorts = 1>
ST_1 : Operation 2602 [1/1] (0.00ns)   --->   "%zext_ln58_405 = zext i9 %add_ln58_604" [firmware/nnet_utils/nnet_dense_latency.h:58]   --->   Operation 2602 'zext' 'zext_ln58_405' <Predicate = true> <Delay = 0.00>
ST_1 : Operation 2603 [1/1] (0.71ns)   --->   "%add_ln58_605 = add i10 %zext_ln58_405, i10 %sext_ln17_219" [firmware/nnet_utils/nnet_dense_latency.h:58]   --->   Operation 2603 'add' 'add_ln58_605' <Predicate = true> <Delay = 0.71> <CoreInst = "Adder">   --->   Core 1 'Adder' <Latency = 0> <II = 1> <Delay = 0.71> <FuncUnit> <Opcode : 'add' 'sub'> <InPorts = 2> <OutPorts = 1>
ST_1 : Operation 2604 [1/1] (0.00ns)   --->   "%sext_ln58_242 = sext i10 %add_ln58_605" [firmware/nnet_utils/nnet_dense_latency.h:58]   --->   Operation 2604 'sext' 'sext_ln58_242' <Predicate = true> <Delay = 0.00>
ST_1 : Operation 2605 [1/1] (0.70ns)   --->   "%add_ln58_606 = add i9 %zext_ln17_15, i9 %zext_ln17_27" [firmware/nnet_utils/nnet_dense_latency.h:58]   --->   Operation 2605 'add' 'add_ln58_606' <Predicate = true> <Delay = 0.70> <CoreInst = "Adder">   --->   Core 1 'Adder' <Latency = 0> <II = 1> <Delay = 0.70> <FuncUnit> <Opcode : 'add' 'sub'> <InPorts = 2> <OutPorts = 1>
ST_1 : Operation 2606 [1/1] (0.00ns)   --->   "%zext_ln58_406 = zext i9 %add_ln58_606" [firmware/nnet_utils/nnet_dense_latency.h:58]   --->   Operation 2606 'zext' 'zext_ln58_406' <Predicate = true> <Delay = 0.00>
ST_1 : Operation 2607 [1/1] (0.71ns)   --->   "%add_ln58_607 = add i10 %zext_ln58_406, i10 %zext_ln58_19" [firmware/nnet_utils/nnet_dense_latency.h:58]   --->   Operation 2607 'add' 'add_ln58_607' <Predicate = true> <Delay = 0.71> <CoreInst = "Adder">   --->   Core 1 'Adder' <Latency = 0> <II = 1> <Delay = 0.71> <FuncUnit> <Opcode : 'add' 'sub'> <InPorts = 2> <OutPorts = 1>
ST_1 : Operation 2608 [1/1] (0.00ns)   --->   "%zext_ln58_407 = zext i10 %add_ln58_607" [firmware/nnet_utils/nnet_dense_latency.h:58]   --->   Operation 2608 'zext' 'zext_ln58_407' <Predicate = true> <Delay = 0.00>
ST_1 : Operation 2609 [1/1] (0.72ns)   --->   "%add_ln58_608 = add i12 %zext_ln58_407, i12 %sext_ln58_242" [firmware/nnet_utils/nnet_dense_latency.h:58]   --->   Operation 2609 'add' 'add_ln58_608' <Predicate = true> <Delay = 0.72> <CoreInst = "Adder">   --->   Core 1 'Adder' <Latency = 0> <II = 1> <Delay = 0.72> <FuncUnit> <Opcode : 'add' 'sub'> <InPorts = 2> <OutPorts = 1>
ST_1 : Operation 2610 [1/1] (0.75ns) (root node of TernaryAdder)   --->   "%add_ln58_609 = add i12 %add_ln58_608, i12 %add_ln58_603" [firmware/nnet_utils/nnet_dense_latency.h:58]   --->   Operation 2610 'add' 'add_ln58_609' <Predicate = true> <Delay = 0.75> <CoreInst = "TAddSub">   --->   Core 10 'TAddSub' <Latency = 0> <II = 1> <Delay = 0.34> <IPBlock> <Opcode : '' 'add' 'sub'> <InPorts = 3> <OutPorts = 1> <Sync> <CReg>
ST_1 : Operation 2611 [1/1] (0.00ns) (grouped into TernaryAdder)   --->   "%add_ln58_611 = add i10 %zext_ln58_76, i10 %zext_ln73_335" [firmware/nnet_utils/nnet_dense_latency.h:58]   --->   Operation 2611 'add' 'add_ln58_611' <Predicate = true> <Delay = 0.00> <CoreInst = "TAddSub">   --->   Core 10 'TAddSub' <Latency = 0> <II = 1> <Delay = 0.34> <IPBlock> <Opcode : '' 'add' 'sub'> <InPorts = 3> <OutPorts = 1> <Sync> <CReg>
ST_1 : Operation 2612 [1/1] (0.79ns) (root node of TernaryAdder)   --->   "%add_ln58_612 = add i10 %add_ln58_611, i10 %zext_ln58_46" [firmware/nnet_utils/nnet_dense_latency.h:58]   --->   Operation 2612 'add' 'add_ln58_612' <Predicate = true> <Delay = 0.79> <CoreInst = "TAddSub">   --->   Core 10 'TAddSub' <Latency = 0> <II = 1> <Delay = 0.34> <IPBlock> <Opcode : '' 'add' 'sub'> <InPorts = 3> <OutPorts = 1> <Sync> <CReg>
ST_1 : Operation 2613 [1/1] (0.00ns)   --->   "%zext_ln58_408 = zext i10 %add_ln58_612" [firmware/nnet_utils/nnet_dense_latency.h:58]   --->   Operation 2613 'zext' 'zext_ln58_408' <Predicate = true> <Delay = 0.00>
ST_1 : Operation 2614 [1/1] (0.71ns)   --->   "%add_ln58_613 = add i9 %add_ln73_38, i9 %zext_ln17_57" [firmware/nnet_utils/nnet_dense_latency.h:58]   --->   Operation 2614 'add' 'add_ln58_613' <Predicate = true> <Delay = 0.71> <CoreInst = "Adder">   --->   Core 1 'Adder' <Latency = 0> <II = 1> <Delay = 0.71> <FuncUnit> <Opcode : 'add' 'sub'> <InPorts = 2> <OutPorts = 1>
ST_1 : Operation 2615 [1/1] (0.00ns)   --->   "%zext_ln58_409 = zext i9 %add_ln58_613" [firmware/nnet_utils/nnet_dense_latency.h:58]   --->   Operation 2615 'zext' 'zext_ln58_409' <Predicate = true> <Delay = 0.00>
ST_1 : Operation 2616 [1/1] (0.71ns)   --->   "%add_ln58_614 = add i10 %zext_ln58_409, i10 %zext_ln58_86" [firmware/nnet_utils/nnet_dense_latency.h:58]   --->   Operation 2616 'add' 'add_ln58_614' <Predicate = true> <Delay = 0.71> <CoreInst = "Adder">   --->   Core 1 'Adder' <Latency = 0> <II = 1> <Delay = 0.71> <FuncUnit> <Opcode : 'add' 'sub'> <InPorts = 2> <OutPorts = 1>
ST_1 : Operation 2617 [1/1] (0.00ns)   --->   "%zext_ln58_410 = zext i10 %add_ln58_614" [firmware/nnet_utils/nnet_dense_latency.h:58]   --->   Operation 2617 'zext' 'zext_ln58_410' <Predicate = true> <Delay = 0.00>
ST_1 : Operation 2618 [1/1] (0.72ns)   --->   "%add_ln58_615 = add i11 %zext_ln58_410, i11 %zext_ln58_408" [firmware/nnet_utils/nnet_dense_latency.h:58]   --->   Operation 2618 'add' 'add_ln58_615' <Predicate = true> <Delay = 0.72> <CoreInst = "Adder">   --->   Core 1 'Adder' <Latency = 0> <II = 1> <Delay = 0.72> <FuncUnit> <Opcode : 'add' 'sub'> <InPorts = 2> <OutPorts = 1>
ST_1 : Operation 2619 [1/1] (0.00ns)   --->   "%zext_ln58_411 = zext i11 %add_ln58_615" [firmware/nnet_utils/nnet_dense_latency.h:58]   --->   Operation 2619 'zext' 'zext_ln58_411' <Predicate = true> <Delay = 0.00>
ST_1 : Operation 2620 [1/1] (0.71ns)   --->   "%add_ln58_616 = add i10 %zext_ln17_61, i10 %zext_ln73_374" [firmware/nnet_utils/nnet_dense_latency.h:58]   --->   Operation 2620 'add' 'add_ln58_616' <Predicate = true> <Delay = 0.71> <CoreInst = "Adder">   --->   Core 1 'Adder' <Latency = 0> <II = 1> <Delay = 0.71> <FuncUnit> <Opcode : 'add' 'sub'> <InPorts = 2> <OutPorts = 1>
ST_1 : Operation 2621 [1/1] (0.00ns)   --->   "%zext_ln58_412 = zext i10 %add_ln58_616" [firmware/nnet_utils/nnet_dense_latency.h:58]   --->   Operation 2621 'zext' 'zext_ln58_412' <Predicate = true> <Delay = 0.00>
ST_1 : Operation 2622 [1/1] (0.72ns)   --->   "%add_ln58_617 = add i11 %zext_ln58_412, i11 %zext_ln58_94" [firmware/nnet_utils/nnet_dense_latency.h:58]   --->   Operation 2622 'add' 'add_ln58_617' <Predicate = true> <Delay = 0.72> <CoreInst = "Adder">   --->   Core 1 'Adder' <Latency = 0> <II = 1> <Delay = 0.72> <FuncUnit> <Opcode : 'add' 'sub'> <InPorts = 2> <OutPorts = 1>
ST_1 : Operation 2623 [1/1] (0.00ns)   --->   "%zext_ln58_413 = zext i11 %add_ln58_617" [firmware/nnet_utils/nnet_dense_latency.h:58]   --->   Operation 2623 'zext' 'zext_ln58_413' <Predicate = true> <Delay = 0.00>
ST_1 : Operation 2624 [1/1] (0.00ns) (grouped into TernaryAdder)   --->   "%add_ln58_618 = add i11 %zext_ln58_139, i11 %zext_ln58_140" [firmware/nnet_utils/nnet_dense_latency.h:58]   --->   Operation 2624 'add' 'add_ln58_618' <Predicate = true> <Delay = 0.00> <CoreInst = "TAddSub">   --->   Core 10 'TAddSub' <Latency = 0> <II = 1> <Delay = 0.34> <IPBlock> <Opcode : '' 'add' 'sub'> <InPorts = 3> <OutPorts = 1> <Sync> <CReg>
ST_1 : Operation 2625 [1/1] (0.77ns) (root node of TernaryAdder)   --->   "%add_ln58_619 = add i11 %add_ln58_618, i11 %zext_ln17_64" [firmware/nnet_utils/nnet_dense_latency.h:58]   --->   Operation 2625 'add' 'add_ln58_619' <Predicate = true> <Delay = 0.77> <CoreInst = "TAddSub">   --->   Core 10 'TAddSub' <Latency = 0> <II = 1> <Delay = 0.34> <IPBlock> <Opcode : '' 'add' 'sub'> <InPorts = 3> <OutPorts = 1> <Sync> <CReg>
ST_1 : Operation 2626 [1/1] (0.00ns)   --->   "%zext_ln58_414 = zext i11 %add_ln58_619" [firmware/nnet_utils/nnet_dense_latency.h:58]   --->   Operation 2626 'zext' 'zext_ln58_414' <Predicate = true> <Delay = 0.00>
ST_1 : Operation 2627 [1/1] (0.73ns)   --->   "%add_ln58_620 = add i12 %zext_ln58_414, i12 %zext_ln58_413" [firmware/nnet_utils/nnet_dense_latency.h:58]   --->   Operation 2627 'add' 'add_ln58_620' <Predicate = true> <Delay = 0.73> <CoreInst = "Adder">   --->   Core 1 'Adder' <Latency = 0> <II = 1> <Delay = 0.73> <FuncUnit> <Opcode : 'add' 'sub'> <InPorts = 2> <OutPorts = 1>
ST_1 : Operation 2628 [1/1] (0.00ns)   --->   "%zext_ln58_415 = zext i12 %add_ln58_620" [firmware/nnet_utils/nnet_dense_latency.h:58]   --->   Operation 2628 'zext' 'zext_ln58_415' <Predicate = true> <Delay = 0.00>
ST_1 : Operation 2629 [1/1] (0.74ns)   --->   "%add_ln58_621 = add i13 %zext_ln58_415, i13 %zext_ln58_411" [firmware/nnet_utils/nnet_dense_latency.h:58]   --->   Operation 2629 'add' 'add_ln58_621' <Predicate = true> <Delay = 0.74> <CoreInst = "Adder">   --->   Core 1 'Adder' <Latency = 0> <II = 1> <Delay = 0.74> <FuncUnit> <Opcode : 'add' 'sub'> <InPorts = 2> <OutPorts = 1>
ST_1 : Operation 2630 [1/1] (0.71ns)   --->   "%add_ln58_622 = add i9 %zext_ln73_445, i9 320" [firmware/nnet_utils/nnet_dense_latency.h:58]   --->   Operation 2630 'add' 'add_ln58_622' <Predicate = true> <Delay = 0.71> <CoreInst = "Adder">   --->   Core 1 'Adder' <Latency = 0> <II = 1> <Delay = 0.71> <FuncUnit> <Opcode : 'add' 'sub'> <InPorts = 2> <OutPorts = 1>
ST_1 : Operation 2631 [1/1] (0.00ns)   --->   "%sext_ln58_245 = sext i9 %add_ln58_622" [firmware/nnet_utils/nnet_dense_latency.h:58]   --->   Operation 2631 'sext' 'sext_ln58_245' <Predicate = true> <Delay = 0.00>
ST_1 : Operation 2632 [1/1] (0.72ns)   --->   "%add_ln58_623 = add i11 %sext_ln58_245, i11 %zext_ln58_162" [firmware/nnet_utils/nnet_dense_latency.h:58]   --->   Operation 2632 'add' 'add_ln58_623' <Predicate = true> <Delay = 0.72> <CoreInst = "Adder">   --->   Core 1 'Adder' <Latency = 0> <II = 1> <Delay = 0.72> <FuncUnit> <Opcode : 'add' 'sub'> <InPorts = 2> <OutPorts = 1>
ST_1 : Operation 2633 [1/1] (0.00ns)   --->   "%sext_ln58_246 = sext i11 %add_ln58_623" [firmware/nnet_utils/nnet_dense_latency.h:58]   --->   Operation 2633 'sext' 'sext_ln58_246' <Predicate = true> <Delay = 0.00>
ST_1 : Operation 2634 [1/1] (0.70ns)   --->   "%add_ln58_624 = add i7 %zext_ln73_50, i7 %zext_ln73_53" [firmware/nnet_utils/nnet_dense_latency.h:58]   --->   Operation 2634 'add' 'add_ln58_624' <Predicate = true> <Delay = 0.70> <CoreInst = "Adder">   --->   Core 1 'Adder' <Latency = 0> <II = 1> <Delay = 0.70> <FuncUnit> <Opcode : 'add' 'sub'> <InPorts = 2> <OutPorts = 1>
ST_1 : Operation 2635 [1/1] (0.00ns)   --->   "%zext_ln58_417 = zext i7 %add_ln58_624" [firmware/nnet_utils/nnet_dense_latency.h:58]   --->   Operation 2635 'zext' 'zext_ln58_417' <Predicate = true> <Delay = 0.00>
ST_1 : Operation 2636 [1/1] (0.70ns)   --->   "%add_ln58_625 = add i8 %zext_ln58_417, i8 %zext_ln73_31" [firmware/nnet_utils/nnet_dense_latency.h:58]   --->   Operation 2636 'add' 'add_ln58_625' <Predicate = true> <Delay = 0.70> <CoreInst = "Adder">   --->   Core 1 'Adder' <Latency = 0> <II = 1> <Delay = 0.70> <FuncUnit> <Opcode : 'add' 'sub'> <InPorts = 2> <OutPorts = 1>
ST_1 : Operation 2637 [1/1] (0.00ns)   --->   "%zext_ln58_418 = zext i8 %add_ln58_625" [firmware/nnet_utils/nnet_dense_latency.h:58]   --->   Operation 2637 'zext' 'zext_ln58_418' <Predicate = true> <Delay = 0.00>
ST_1 : Operation 2638 [1/1] (0.00ns) (grouped into TernaryAdder)   --->   "%add_ln58_626 = add i12 %zext_ln58_418, i12 %sext_ln58_246" [firmware/nnet_utils/nnet_dense_latency.h:58]   --->   Operation 2638 'add' 'add_ln58_626' <Predicate = true> <Delay = 0.00> <CoreInst = "TAddSub">   --->   Core 10 'TAddSub' <Latency = 0> <II = 1> <Delay = 0.34> <IPBlock> <Opcode : '' 'add' 'sub'> <InPorts = 3> <OutPorts = 1> <Sync> <CReg>
ST_1 : Operation 2639 [1/1] (0.70ns)   --->   "%add_ln58_627 = add i7 %zext_ln73_94, i7 %zext_ln73_98" [firmware/nnet_utils/nnet_dense_latency.h:58]   --->   Operation 2639 'add' 'add_ln58_627' <Predicate = true> <Delay = 0.70> <CoreInst = "Adder">   --->   Core 1 'Adder' <Latency = 0> <II = 1> <Delay = 0.70> <FuncUnit> <Opcode : 'add' 'sub'> <InPorts = 2> <OutPorts = 1>
ST_1 : Operation 2640 [1/1] (0.00ns)   --->   "%zext_ln58_419 = zext i7 %add_ln58_627" [firmware/nnet_utils/nnet_dense_latency.h:58]   --->   Operation 2640 'zext' 'zext_ln58_419' <Predicate = true> <Delay = 0.00>
ST_1 : Operation 2641 [1/1] (0.70ns)   --->   "%add_ln58_628 = add i8 %zext_ln58_419, i8 %zext_ln73_68" [firmware/nnet_utils/nnet_dense_latency.h:58]   --->   Operation 2641 'add' 'add_ln58_628' <Predicate = true> <Delay = 0.70> <CoreInst = "Adder">   --->   Core 1 'Adder' <Latency = 0> <II = 1> <Delay = 0.70> <FuncUnit> <Opcode : 'add' 'sub'> <InPorts = 2> <OutPorts = 1>
ST_1 : Operation 2642 [1/1] (0.00ns)   --->   "%zext_ln58_420 = zext i8 %add_ln58_628" [firmware/nnet_utils/nnet_dense_latency.h:58]   --->   Operation 2642 'zext' 'zext_ln58_420' <Predicate = true> <Delay = 0.00>
ST_1 : Operation 2643 [1/1] (0.70ns)   --->   "%add_ln58_629 = add i7 %zext_ln73_118, i7 %zext_ln73_196" [firmware/nnet_utils/nnet_dense_latency.h:58]   --->   Operation 2643 'add' 'add_ln58_629' <Predicate = true> <Delay = 0.70> <CoreInst = "Adder">   --->   Core 1 'Adder' <Latency = 0> <II = 1> <Delay = 0.70> <FuncUnit> <Opcode : 'add' 'sub'> <InPorts = 2> <OutPorts = 1>
ST_1 : Operation 2644 [1/1] (0.00ns)   --->   "%zext_ln58_421 = zext i7 %add_ln58_629" [firmware/nnet_utils/nnet_dense_latency.h:58]   --->   Operation 2644 'zext' 'zext_ln58_421' <Predicate = true> <Delay = 0.00>
ST_1 : Operation 2645 [1/1] (0.70ns)   --->   "%add_ln58_630 = add i8 %zext_ln58_421, i8 %zext_ln73_116" [firmware/nnet_utils/nnet_dense_latency.h:58]   --->   Operation 2645 'add' 'add_ln58_630' <Predicate = true> <Delay = 0.70> <CoreInst = "Adder">   --->   Core 1 'Adder' <Latency = 0> <II = 1> <Delay = 0.70> <FuncUnit> <Opcode : 'add' 'sub'> <InPorts = 2> <OutPorts = 1>
ST_1 : Operation 2646 [1/1] (0.00ns)   --->   "%zext_ln58_422 = zext i8 %add_ln58_630" [firmware/nnet_utils/nnet_dense_latency.h:58]   --->   Operation 2646 'zext' 'zext_ln58_422' <Predicate = true> <Delay = 0.00>
ST_1 : Operation 2647 [1/1] (0.70ns)   --->   "%add_ln58_631 = add i9 %zext_ln58_422, i9 %zext_ln58_420" [firmware/nnet_utils/nnet_dense_latency.h:58]   --->   Operation 2647 'add' 'add_ln58_631' <Predicate = true> <Delay = 0.70> <CoreInst = "Adder">   --->   Core 1 'Adder' <Latency = 0> <II = 1> <Delay = 0.70> <FuncUnit> <Opcode : 'add' 'sub'> <InPorts = 2> <OutPorts = 1>
ST_1 : Operation 2648 [1/1] (0.00ns)   --->   "%zext_ln58_423 = zext i9 %add_ln58_631" [firmware/nnet_utils/nnet_dense_latency.h:58]   --->   Operation 2648 'zext' 'zext_ln58_423' <Predicate = true> <Delay = 0.00>
ST_1 : Operation 2649 [1/1] (0.75ns) (root node of TernaryAdder)   --->   "%add_ln58_632 = add i12 %zext_ln58_423, i12 %add_ln58_626" [firmware/nnet_utils/nnet_dense_latency.h:58]   --->   Operation 2649 'add' 'add_ln58_632' <Predicate = true> <Delay = 0.75> <CoreInst = "TAddSub">   --->   Core 10 'TAddSub' <Latency = 0> <II = 1> <Delay = 0.34> <IPBlock> <Opcode : '' 'add' 'sub'> <InPorts = 3> <OutPorts = 1> <Sync> <CReg>
ST_1 : Operation 2650 [1/1] (0.00ns) (grouped into TernaryAdder)   --->   "%add_ln58_635 = add i11 %sext_ln17_6, i11 %sext_ln17_21" [firmware/nnet_utils/nnet_dense_latency.h:58]   --->   Operation 2650 'add' 'add_ln58_635' <Predicate = true> <Delay = 0.00> <CoreInst = "TAddSub">   --->   Core 10 'TAddSub' <Latency = 0> <II = 1> <Delay = 0.34> <IPBlock> <Opcode : '' 'add' 'sub'> <InPorts = 3> <OutPorts = 1> <Sync> <CReg>
ST_1 : Operation 2651 [1/1] (0.77ns) (root node of TernaryAdder)   --->   "%add_ln58_636 = add i11 %add_ln58_635, i11 %zext_ln58_6" [firmware/nnet_utils/nnet_dense_latency.h:58]   --->   Operation 2651 'add' 'add_ln58_636' <Predicate = true> <Delay = 0.77> <CoreInst = "TAddSub">   --->   Core 10 'TAddSub' <Latency = 0> <II = 1> <Delay = 0.34> <IPBlock> <Opcode : '' 'add' 'sub'> <InPorts = 3> <OutPorts = 1> <Sync> <CReg>
ST_1 : Operation 2652 [1/1] (0.00ns)   --->   "%sext_ln58_249 = sext i11 %add_ln58_636" [firmware/nnet_utils/nnet_dense_latency.h:58]   --->   Operation 2652 'sext' 'sext_ln58_249' <Predicate = true> <Delay = 0.00>
ST_1 : Operation 2653 [1/1] (0.73ns)   --->   "%add_ln58_637 = add i11 %sext_ln17_31, i11 %mult_57" [firmware/nnet_utils/nnet_dense_latency.h:58]   --->   Operation 2653 'add' 'add_ln58_637' <Predicate = true> <Delay = 0.73> <CoreInst = "Adder">   --->   Core 1 'Adder' <Latency = 0> <II = 1> <Delay = 0.73> <FuncUnit> <Opcode : 'add' 'sub'> <InPorts = 2> <OutPorts = 1>
ST_1 : Operation 2654 [1/1] (0.00ns)   --->   "%sext_ln58_250 = sext i11 %add_ln58_637" [firmware/nnet_utils/nnet_dense_latency.h:58]   --->   Operation 2654 'sext' 'sext_ln58_250' <Predicate = true> <Delay = 0.00>
ST_1 : Operation 2655 [1/1] (0.00ns) (grouped into TernaryAdder)   --->   "%add_ln58_638 = add i12 %sext_ln58_250, i12 %sext_ln17_29" [firmware/nnet_utils/nnet_dense_latency.h:58]   --->   Operation 2655 'add' 'add_ln58_638' <Predicate = true> <Delay = 0.00> <CoreInst = "TAddSub">   --->   Core 10 'TAddSub' <Latency = 0> <II = 1> <Delay = 0.34> <IPBlock> <Opcode : '' 'add' 'sub'> <InPorts = 3> <OutPorts = 1> <Sync> <CReg>
ST_1 : Operation 2656 [1/1] (0.75ns) (root node of TernaryAdder)   --->   "%add_ln58_639 = add i12 %add_ln58_638, i12 %sext_ln58_249" [firmware/nnet_utils/nnet_dense_latency.h:58]   --->   Operation 2656 'add' 'add_ln58_639' <Predicate = true> <Delay = 0.75> <CoreInst = "TAddSub">   --->   Core 10 'TAddSub' <Latency = 0> <II = 1> <Delay = 0.34> <IPBlock> <Opcode : '' 'add' 'sub'> <InPorts = 3> <OutPorts = 1> <Sync> <CReg>
ST_1 : Operation 2657 [1/1] (0.72ns)   --->   "%add_ln58_640 = add i10 %sext_ln17_53, i10 %mult_81" [firmware/nnet_utils/nnet_dense_latency.h:58]   --->   Operation 2657 'add' 'add_ln58_640' <Predicate = true> <Delay = 0.72> <CoreInst = "Adder">   --->   Core 1 'Adder' <Latency = 0> <II = 1> <Delay = 0.72> <FuncUnit> <Opcode : 'add' 'sub'> <InPorts = 2> <OutPorts = 1>
ST_1 : Operation 2658 [1/1] (0.00ns)   --->   "%sext_ln58_252 = sext i10 %add_ln58_640" [firmware/nnet_utils/nnet_dense_latency.h:58]   --->   Operation 2658 'sext' 'sext_ln58_252' <Predicate = true> <Delay = 0.00>
ST_1 : Operation 2659 [1/1] (0.72ns)   --->   "%add_ln58_641 = add i11 %sext_ln58_252, i11 %sext_ln17_50" [firmware/nnet_utils/nnet_dense_latency.h:58]   --->   Operation 2659 'add' 'add_ln58_641' <Predicate = true> <Delay = 0.72> <CoreInst = "Adder">   --->   Core 1 'Adder' <Latency = 0> <II = 1> <Delay = 0.72> <FuncUnit> <Opcode : 'add' 'sub'> <InPorts = 2> <OutPorts = 1>
ST_1 : Operation 2660 [1/1] (0.00ns)   --->   "%sext_ln58_253 = sext i11 %add_ln58_641" [firmware/nnet_utils/nnet_dense_latency.h:58]   --->   Operation 2660 'sext' 'sext_ln58_253' <Predicate = true> <Delay = 0.00>
ST_1 : Operation 2661 [1/1] (0.00ns) (grouped into TernaryAdder)   --->   "%add_ln58_642 = add i12 %sext_ln17_105, i12 %sext_ln17_108" [firmware/nnet_utils/nnet_dense_latency.h:58]   --->   Operation 2661 'add' 'add_ln58_642' <Predicate = true> <Delay = 0.00> <CoreInst = "TAddSub">   --->   Core 10 'TAddSub' <Latency = 0> <II = 1> <Delay = 0.34> <IPBlock> <Opcode : '' 'add' 'sub'> <InPorts = 3> <OutPorts = 1> <Sync> <CReg>
ST_1 : Operation 2662 [1/1] (0.75ns) (root node of TernaryAdder)   --->   "%add_ln58_643 = add i12 %add_ln58_642, i12 %sext_ln17_88" [firmware/nnet_utils/nnet_dense_latency.h:58]   --->   Operation 2662 'add' 'add_ln58_643' <Predicate = true> <Delay = 0.75> <CoreInst = "TAddSub">   --->   Core 10 'TAddSub' <Latency = 0> <II = 1> <Delay = 0.34> <IPBlock> <Opcode : '' 'add' 'sub'> <InPorts = 3> <OutPorts = 1> <Sync> <CReg>
ST_1 : Operation 2663 [1/1] (0.00ns)   --->   "%sext_ln58_254 = sext i12 %add_ln58_643" [firmware/nnet_utils/nnet_dense_latency.h:58]   --->   Operation 2663 'sext' 'sext_ln58_254' <Predicate = true> <Delay = 0.00>
ST_1 : Operation 2664 [1/1] (0.74ns)   --->   "%add_ln58_644 = add i13 %sext_ln58_254, i13 %sext_ln58_253" [firmware/nnet_utils/nnet_dense_latency.h:58]   --->   Operation 2664 'add' 'add_ln58_644' <Predicate = true> <Delay = 0.74> <CoreInst = "Adder">   --->   Core 1 'Adder' <Latency = 0> <II = 1> <Delay = 0.74> <FuncUnit> <Opcode : 'add' 'sub'> <InPorts = 2> <OutPorts = 1>
ST_1 : Operation 2665 [1/1] (0.73ns)   --->   "%add_ln58_646 = add i12 %sext_ln17_122, i12 %sext_ln17_126" [firmware/nnet_utils/nnet_dense_latency.h:58]   --->   Operation 2665 'add' 'add_ln58_646' <Predicate = true> <Delay = 0.73> <CoreInst = "Adder">   --->   Core 1 'Adder' <Latency = 0> <II = 1> <Delay = 0.73> <FuncUnit> <Opcode : 'add' 'sub'> <InPorts = 2> <OutPorts = 1>
ST_1 : Operation 2666 [1/1] (0.00ns)   --->   "%sext_ln58_257 = sext i12 %add_ln58_646" [firmware/nnet_utils/nnet_dense_latency.h:58]   --->   Operation 2666 'sext' 'sext_ln58_257' <Predicate = true> <Delay = 0.00>
ST_1 : Operation 2667 [1/1] (0.74ns)   --->   "%add_ln58_647 = add i13 %sext_ln58_257, i13 %sext_ln17_116" [firmware/nnet_utils/nnet_dense_latency.h:58]   --->   Operation 2667 'add' 'add_ln58_647' <Predicate = true> <Delay = 0.74> <CoreInst = "Adder">   --->   Core 1 'Adder' <Latency = 0> <II = 1> <Delay = 0.74> <FuncUnit> <Opcode : 'add' 'sub'> <InPorts = 2> <OutPorts = 1>
ST_1 : Operation 2668 [1/1] (0.00ns)   --->   "%sext_ln58_258 = sext i13 %add_ln58_647" [firmware/nnet_utils/nnet_dense_latency.h:58]   --->   Operation 2668 'sext' 'sext_ln58_258' <Predicate = true> <Delay = 0.00>
ST_1 : Operation 2669 [1/1] (0.75ns) (root node of TernaryAdder)   --->   "%add_ln58_648 = add i12 %mult_210, i12 %sext_ln17_150" [firmware/nnet_utils/nnet_dense_latency.h:58]   --->   Operation 2669 'add' 'add_ln58_648' <Predicate = true> <Delay = 0.75> <CoreInst = "TAddSub">   --->   Core 10 'TAddSub' <Latency = 0> <II = 1> <Delay = 0.34> <IPBlock> <Opcode : '' 'add' 'sub'> <InPorts = 3> <OutPorts = 1> <Sync> <CReg>
ST_1 : Operation 2670 [1/1] (0.00ns)   --->   "%sext_ln58_259 = sext i12 %add_ln58_648" [firmware/nnet_utils/nnet_dense_latency.h:58]   --->   Operation 2670 'sext' 'sext_ln58_259' <Predicate = true> <Delay = 0.00>
ST_1 : Operation 2671 [1/1] (0.74ns)   --->   "%add_ln58_649 = add i13 %sext_ln58_259, i13 %sext_ln17_132" [firmware/nnet_utils/nnet_dense_latency.h:58]   --->   Operation 2671 'add' 'add_ln58_649' <Predicate = true> <Delay = 0.74> <CoreInst = "Adder">   --->   Core 1 'Adder' <Latency = 0> <II = 1> <Delay = 0.74> <FuncUnit> <Opcode : 'add' 'sub'> <InPorts = 2> <OutPorts = 1>
ST_1 : Operation 2672 [1/1] (0.00ns)   --->   "%sext_ln58_260 = sext i13 %add_ln58_649" [firmware/nnet_utils/nnet_dense_latency.h:58]   --->   Operation 2672 'sext' 'sext_ln58_260' <Predicate = true> <Delay = 0.00>
ST_1 : Operation 2673 [1/1] (0.00ns) (grouped into TernaryAdder)   --->   "%add_ln58_650 = add i14 %sext_ln58_260, i14 %sext_ln58_258" [firmware/nnet_utils/nnet_dense_latency.h:58]   --->   Operation 2673 'add' 'add_ln58_650' <Predicate = true> <Delay = 0.00> <CoreInst = "TAddSub">   --->   Core 10 'TAddSub' <Latency = 0> <II = 1> <Delay = 0.34> <IPBlock> <Opcode : '' 'add' 'sub'> <InPorts = 3> <OutPorts = 1> <Sync> <CReg>
ST_1 : Operation 2674 [1/1] (0.00ns) (grouped into TernaryAdder)   --->   "%add_ln58_651 = add i10 %mult_252, i10 %sext_ln17_178" [firmware/nnet_utils/nnet_dense_latency.h:58]   --->   Operation 2674 'add' 'add_ln58_651' <Predicate = true> <Delay = 0.00> <CoreInst = "TAddSub">   --->   Core 10 'TAddSub' <Latency = 0> <II = 1> <Delay = 0.34> <IPBlock> <Opcode : '' 'add' 'sub'> <InPorts = 3> <OutPorts = 1> <Sync> <CReg>
ST_1 : Operation 2675 [1/1] (0.79ns) (root node of TernaryAdder)   --->   "%add_ln58_652 = add i10 %add_ln58_651, i10 %sext_ln17_164" [firmware/nnet_utils/nnet_dense_latency.h:58]   --->   Operation 2675 'add' 'add_ln58_652' <Predicate = true> <Delay = 0.79> <CoreInst = "TAddSub">   --->   Core 10 'TAddSub' <Latency = 0> <II = 1> <Delay = 0.34> <IPBlock> <Opcode : '' 'add' 'sub'> <InPorts = 3> <OutPorts = 1> <Sync> <CReg>
ST_1 : Operation 2676 [1/1] (0.00ns)   --->   "%sext_ln58_261 = sext i10 %add_ln58_652" [firmware/nnet_utils/nnet_dense_latency.h:58]   --->   Operation 2676 'sext' 'sext_ln58_261' <Predicate = true> <Delay = 0.00>
ST_1 : Operation 2677 [1/1] (0.72ns)   --->   "%add_ln58_653 = add i11 %sext_ln17_208, i11 %sext_ln17_218" [firmware/nnet_utils/nnet_dense_latency.h:58]   --->   Operation 2677 'add' 'add_ln58_653' <Predicate = true> <Delay = 0.72> <CoreInst = "Adder">   --->   Core 1 'Adder' <Latency = 0> <II = 1> <Delay = 0.72> <FuncUnit> <Opcode : 'add' 'sub'> <InPorts = 2> <OutPorts = 1>
ST_1 : Operation 2678 [1/1] (0.00ns)   --->   "%sext_ln58_262 = sext i11 %add_ln58_653" [firmware/nnet_utils/nnet_dense_latency.h:58]   --->   Operation 2678 'sext' 'sext_ln58_262' <Predicate = true> <Delay = 0.00>
ST_1 : Operation 2679 [1/1] (0.00ns) (grouped into TernaryAdder)   --->   "%add_ln58_654 = add i12 %sext_ln58_262, i12 %sext_ln17_206" [firmware/nnet_utils/nnet_dense_latency.h:58]   --->   Operation 2679 'add' 'add_ln58_654' <Predicate = true> <Delay = 0.00> <CoreInst = "TAddSub">   --->   Core 10 'TAddSub' <Latency = 0> <II = 1> <Delay = 0.34> <IPBlock> <Opcode : '' 'add' 'sub'> <InPorts = 3> <OutPorts = 1> <Sync> <CReg>
ST_1 : Operation 2680 [1/1] (0.75ns) (root node of TernaryAdder)   --->   "%add_ln58_655 = add i12 %add_ln58_654, i12 %sext_ln58_261" [firmware/nnet_utils/nnet_dense_latency.h:58]   --->   Operation 2680 'add' 'add_ln58_655' <Predicate = true> <Delay = 0.75> <CoreInst = "TAddSub">   --->   Core 10 'TAddSub' <Latency = 0> <II = 1> <Delay = 0.34> <IPBlock> <Opcode : '' 'add' 'sub'> <InPorts = 3> <OutPorts = 1> <Sync> <CReg>
ST_1 : Operation 2681 [1/1] (0.00ns)   --->   "%sext_ln58_263 = sext i12 %add_ln58_655" [firmware/nnet_utils/nnet_dense_latency.h:58]   --->   Operation 2681 'sext' 'sext_ln58_263' <Predicate = true> <Delay = 0.00>
ST_1 : Operation 2682 [1/1] (0.71ns) (root node of TernaryAdder)   --->   "%add_ln58_656 = add i14 %sext_ln58_263, i14 %add_ln58_650" [firmware/nnet_utils/nnet_dense_latency.h:58]   --->   Operation 2682 'add' 'add_ln58_656' <Predicate = true> <Delay = 0.71> <CoreInst = "TAddSub">   --->   Core 10 'TAddSub' <Latency = 0> <II = 1> <Delay = 0.34> <IPBlock> <Opcode : '' 'add' 'sub'> <InPorts = 3> <OutPorts = 1> <Sync> <CReg>
ST_1 : Operation 2683 [1/1] (0.71ns)   --->   "%add_ln58_658 = add i10 %zext_ln58_21, i10 %zext_ln58_30" [firmware/nnet_utils/nnet_dense_latency.h:58]   --->   Operation 2683 'add' 'add_ln58_658' <Predicate = true> <Delay = 0.71> <CoreInst = "Adder">   --->   Core 1 'Adder' <Latency = 0> <II = 1> <Delay = 0.71> <FuncUnit> <Opcode : 'add' 'sub'> <InPorts = 2> <OutPorts = 1>
ST_1 : Operation 2684 [1/1] (0.00ns)   --->   "%zext_ln58_424 = zext i10 %add_ln58_658" [firmware/nnet_utils/nnet_dense_latency.h:58]   --->   Operation 2684 'zext' 'zext_ln58_424' <Predicate = true> <Delay = 0.00>
ST_1 : Operation 2685 [1/1] (0.72ns)   --->   "%add_ln58_659 = add i11 %zext_ln58_424, i11 %sext_ln17_222" [firmware/nnet_utils/nnet_dense_latency.h:58]   --->   Operation 2685 'add' 'add_ln58_659' <Predicate = true> <Delay = 0.72> <CoreInst = "Adder">   --->   Core 1 'Adder' <Latency = 0> <II = 1> <Delay = 0.72> <FuncUnit> <Opcode : 'add' 'sub'> <InPorts = 2> <OutPorts = 1>
ST_1 : Operation 2686 [1/1] (0.00ns)   --->   "%sext_ln58_265 = sext i11 %add_ln58_659" [firmware/nnet_utils/nnet_dense_latency.h:58]   --->   Operation 2686 'sext' 'sext_ln58_265' <Predicate = true> <Delay = 0.00>
ST_1 : Operation 2687 [1/1] (0.00ns) (grouped into TernaryAdder)   --->   "%add_ln58_660 = add i11 %zext_ln17_35, i11 %mul_ln73_7" [firmware/nnet_utils/nnet_dense_latency.h:58]   --->   Operation 2687 'add' 'add_ln58_660' <Predicate = true> <Delay = 0.00> <CoreInst = "TAddSub">   --->   Core 10 'TAddSub' <Latency = 0> <II = 1> <Delay = 0.34> <IPBlock> <Opcode : '' 'add' 'sub'> <InPorts = 3> <OutPorts = 1> <Sync> <CReg>
ST_1 : Operation 2688 [1/1] (0.77ns) (root node of TernaryAdder)   --->   "%add_ln58_661 = add i11 %add_ln58_660, i11 %zext_ln17_29" [firmware/nnet_utils/nnet_dense_latency.h:58]   --->   Operation 2688 'add' 'add_ln58_661' <Predicate = true> <Delay = 0.77> <CoreInst = "TAddSub">   --->   Core 10 'TAddSub' <Latency = 0> <II = 1> <Delay = 0.34> <IPBlock> <Opcode : '' 'add' 'sub'> <InPorts = 3> <OutPorts = 1> <Sync> <CReg>
ST_1 : Operation 2689 [1/1] (0.00ns)   --->   "%zext_ln58_425 = zext i11 %add_ln58_661" [firmware/nnet_utils/nnet_dense_latency.h:58]   --->   Operation 2689 'zext' 'zext_ln58_425' <Predicate = true> <Delay = 0.00>
ST_1 : Operation 2690 [1/1] (0.73ns)   --->   "%add_ln58_662 = add i13 %zext_ln58_425, i13 %sext_ln58_265" [firmware/nnet_utils/nnet_dense_latency.h:58]   --->   Operation 2690 'add' 'add_ln58_662' <Predicate = true> <Delay = 0.73> <CoreInst = "Adder">   --->   Core 1 'Adder' <Latency = 0> <II = 1> <Delay = 0.73> <FuncUnit> <Opcode : 'add' 'sub'> <InPorts = 2> <OutPorts = 1>
ST_1 : Operation 2691 [1/1] (0.00ns)   --->   "%sext_ln58_266 = sext i13 %add_ln58_662" [firmware/nnet_utils/nnet_dense_latency.h:58]   --->   Operation 2691 'sext' 'sext_ln58_266' <Predicate = true> <Delay = 0.00>
ST_1 : Operation 2692 [1/1] (0.00ns) (grouped into TernaryAdder)   --->   "%add_ln58_663 = add i11 %zext_ln58_55, i11 %zext_ln58_57" [firmware/nnet_utils/nnet_dense_latency.h:58]   --->   Operation 2692 'add' 'add_ln58_663' <Predicate = true> <Delay = 0.00> <CoreInst = "TAddSub">   --->   Core 10 'TAddSub' <Latency = 0> <II = 1> <Delay = 0.34> <IPBlock> <Opcode : '' 'add' 'sub'> <InPorts = 3> <OutPorts = 1> <Sync> <CReg>
ST_1 : Operation 2693 [1/1] (0.77ns) (root node of TernaryAdder)   --->   "%add_ln58_664 = add i11 %add_ln58_663, i11 %zext_ln58_47" [firmware/nnet_utils/nnet_dense_latency.h:58]   --->   Operation 2693 'add' 'add_ln58_664' <Predicate = true> <Delay = 0.77> <CoreInst = "TAddSub">   --->   Core 10 'TAddSub' <Latency = 0> <II = 1> <Delay = 0.34> <IPBlock> <Opcode : '' 'add' 'sub'> <InPorts = 3> <OutPorts = 1> <Sync> <CReg>
ST_1 : Operation 2694 [1/1] (0.00ns)   --->   "%zext_ln58_426 = zext i11 %add_ln58_664" [firmware/nnet_utils/nnet_dense_latency.h:58]   --->   Operation 2694 'zext' 'zext_ln58_426' <Predicate = true> <Delay = 0.00>
ST_1 : Operation 2695 [1/1] (0.00ns) (grouped into TernaryAdder)   --->   "%add_ln58_665 = add i11 %zext_ln58_63, i11 %zext_ln58_66" [firmware/nnet_utils/nnet_dense_latency.h:58]   --->   Operation 2695 'add' 'add_ln58_665' <Predicate = true> <Delay = 0.00> <CoreInst = "TAddSub">   --->   Core 10 'TAddSub' <Latency = 0> <II = 1> <Delay = 0.34> <IPBlock> <Opcode : '' 'add' 'sub'> <InPorts = 3> <OutPorts = 1> <Sync> <CReg>
ST_1 : Operation 2696 [1/1] (0.77ns) (root node of TernaryAdder)   --->   "%add_ln58_666 = add i11 %add_ln58_665, i11 %zext_ln17_39" [firmware/nnet_utils/nnet_dense_latency.h:58]   --->   Operation 2696 'add' 'add_ln58_666' <Predicate = true> <Delay = 0.77> <CoreInst = "TAddSub">   --->   Core 10 'TAddSub' <Latency = 0> <II = 1> <Delay = 0.34> <IPBlock> <Opcode : '' 'add' 'sub'> <InPorts = 3> <OutPorts = 1> <Sync> <CReg>
ST_1 : Operation 2697 [1/1] (0.00ns)   --->   "%zext_ln58_427 = zext i11 %add_ln58_666" [firmware/nnet_utils/nnet_dense_latency.h:58]   --->   Operation 2697 'zext' 'zext_ln58_427' <Predicate = true> <Delay = 0.00>
ST_1 : Operation 2698 [1/1] (0.73ns)   --->   "%add_ln58_667 = add i12 %zext_ln58_427, i12 %zext_ln58_426" [firmware/nnet_utils/nnet_dense_latency.h:58]   --->   Operation 2698 'add' 'add_ln58_667' <Predicate = true> <Delay = 0.73> <CoreInst = "Adder">   --->   Core 1 'Adder' <Latency = 0> <II = 1> <Delay = 0.73> <FuncUnit> <Opcode : 'add' 'sub'> <InPorts = 2> <OutPorts = 1>
ST_1 : Operation 2699 [1/1] (0.00ns)   --->   "%zext_ln58_428 = zext i12 %add_ln58_667" [firmware/nnet_utils/nnet_dense_latency.h:58]   --->   Operation 2699 'zext' 'zext_ln58_428' <Predicate = true> <Delay = 0.00>
ST_1 : Operation 2700 [1/1] (0.75ns)   --->   "%add_ln58_668 = add i14 %zext_ln58_428, i14 %sext_ln58_266" [firmware/nnet_utils/nnet_dense_latency.h:58]   --->   Operation 2700 'add' 'add_ln58_668' <Predicate = true> <Delay = 0.75> <CoreInst = "Adder">   --->   Core 1 'Adder' <Latency = 0> <II = 1> <Delay = 0.75> <FuncUnit> <Opcode : 'add' 'sub'> <InPorts = 2> <OutPorts = 1>
ST_1 : Operation 2701 [1/1] (0.71ns)   --->   "%add_ln58_669 = add i10 %zext_ln58_81, i10 %zext_ln17_63" [firmware/nnet_utils/nnet_dense_latency.h:58]   --->   Operation 2701 'add' 'add_ln58_669' <Predicate = true> <Delay = 0.71> <CoreInst = "Adder">   --->   Core 1 'Adder' <Latency = 0> <II = 1> <Delay = 0.71> <FuncUnit> <Opcode : 'add' 'sub'> <InPorts = 2> <OutPorts = 1>
ST_1 : Operation 2702 [1/1] (0.00ns)   --->   "%zext_ln58_429 = zext i10 %add_ln58_669" [firmware/nnet_utils/nnet_dense_latency.h:58]   --->   Operation 2702 'zext' 'zext_ln58_429' <Predicate = true> <Delay = 0.00>
ST_1 : Operation 2703 [1/1] (0.72ns)   --->   "%add_ln58_670 = add i11 %zext_ln58_429, i11 %zext_ln58_77" [firmware/nnet_utils/nnet_dense_latency.h:58]   --->   Operation 2703 'add' 'add_ln58_670' <Predicate = true> <Delay = 0.72> <CoreInst = "Adder">   --->   Core 1 'Adder' <Latency = 0> <II = 1> <Delay = 0.72> <FuncUnit> <Opcode : 'add' 'sub'> <InPorts = 2> <OutPorts = 1>
ST_1 : Operation 2704 [1/1] (0.00ns)   --->   "%zext_ln58_430 = zext i11 %add_ln58_670" [firmware/nnet_utils/nnet_dense_latency.h:58]   --->   Operation 2704 'zext' 'zext_ln58_430' <Predicate = true> <Delay = 0.00>
ST_1 : Operation 2705 [1/1] (0.00ns) (grouped into TernaryAdder)   --->   "%add_ln58_671 = add i10 %zext_ln58_124, i10 %zext_ln17_76" [firmware/nnet_utils/nnet_dense_latency.h:58]   --->   Operation 2705 'add' 'add_ln58_671' <Predicate = true> <Delay = 0.00> <CoreInst = "TAddSub">   --->   Core 10 'TAddSub' <Latency = 0> <II = 1> <Delay = 0.34> <IPBlock> <Opcode : '' 'add' 'sub'> <InPorts = 3> <OutPorts = 1> <Sync> <CReg>
ST_1 : Operation 2706 [1/1] (0.79ns) (root node of TernaryAdder)   --->   "%add_ln58_672 = add i10 %add_ln58_671, i10 %zext_ln17_65" [firmware/nnet_utils/nnet_dense_latency.h:58]   --->   Operation 2706 'add' 'add_ln58_672' <Predicate = true> <Delay = 0.79> <CoreInst = "TAddSub">   --->   Core 10 'TAddSub' <Latency = 0> <II = 1> <Delay = 0.34> <IPBlock> <Opcode : '' 'add' 'sub'> <InPorts = 3> <OutPorts = 1> <Sync> <CReg>
ST_1 : Operation 2707 [1/1] (0.00ns)   --->   "%zext_ln58_431 = zext i10 %add_ln58_672" [firmware/nnet_utils/nnet_dense_latency.h:58]   --->   Operation 2707 'zext' 'zext_ln58_431' <Predicate = true> <Delay = 0.00>
ST_1 : Operation 2708 [1/1] (0.00ns) (grouped into TernaryAdder)   --->   "%add_ln58_673 = add i12 %zext_ln58_431, i12 %zext_ln58_430" [firmware/nnet_utils/nnet_dense_latency.h:58]   --->   Operation 2708 'add' 'add_ln58_673' <Predicate = true> <Delay = 0.00> <CoreInst = "TAddSub">   --->   Core 10 'TAddSub' <Latency = 0> <II = 1> <Delay = 0.34> <IPBlock> <Opcode : '' 'add' 'sub'> <InPorts = 3> <OutPorts = 1> <Sync> <CReg>
ST_1 : Operation 2709 [1/1] (0.70ns)   --->   "%add_ln58_674 = add i9 %zext_ln73_437, i9 %zext_ln17_81" [firmware/nnet_utils/nnet_dense_latency.h:58]   --->   Operation 2709 'add' 'add_ln58_674' <Predicate = true> <Delay = 0.70> <CoreInst = "Adder">   --->   Core 1 'Adder' <Latency = 0> <II = 1> <Delay = 0.70> <FuncUnit> <Opcode : 'add' 'sub'> <InPorts = 2> <OutPorts = 1>
ST_1 : Operation 2710 [1/1] (0.00ns)   --->   "%zext_ln58_432 = zext i9 %add_ln58_674" [firmware/nnet_utils/nnet_dense_latency.h:58]   --->   Operation 2710 'zext' 'zext_ln58_432' <Predicate = true> <Delay = 0.00>
ST_1 : Operation 2711 [1/1] (0.00ns) (grouped into TernaryAdder)   --->   "%add_ln58_675 = add i10 %zext_ln58_432, i10 %zext_ln58_153" [firmware/nnet_utils/nnet_dense_latency.h:58]   --->   Operation 2711 'add' 'add_ln58_675' <Predicate = true> <Delay = 0.00> <CoreInst = "TAddSub">   --->   Core 10 'TAddSub' <Latency = 0> <II = 1> <Delay = 0.34> <IPBlock> <Opcode : '' 'add' 'sub'> <InPorts = 3> <OutPorts = 1> <Sync> <CReg>
ST_1 : Operation 2712 [1/1] (0.70ns)   --->   "%add_ln58_676 = add i7 %zext_ln73_14, i7 %zext_ln58_26" [firmware/nnet_utils/nnet_dense_latency.h:58]   --->   Operation 2712 'add' 'add_ln58_676' <Predicate = true> <Delay = 0.70> <CoreInst = "Adder">   --->   Core 1 'Adder' <Latency = 0> <II = 1> <Delay = 0.70> <FuncUnit> <Opcode : 'add' 'sub'> <InPorts = 2> <OutPorts = 1>
ST_1 : Operation 2713 [1/1] (0.00ns)   --->   "%zext_ln58_433 = zext i7 %add_ln58_676" [firmware/nnet_utils/nnet_dense_latency.h:58]   --->   Operation 2713 'zext' 'zext_ln58_433' <Predicate = true> <Delay = 0.00>
ST_1 : Operation 2714 [1/1] (0.70ns)   --->   "%add_ln58_677 = add i7 %zext_ln73_65, i7 %zext_ln58_52" [firmware/nnet_utils/nnet_dense_latency.h:58]   --->   Operation 2714 'add' 'add_ln58_677' <Predicate = true> <Delay = 0.70> <CoreInst = "Adder">   --->   Core 1 'Adder' <Latency = 0> <II = 1> <Delay = 0.70> <FuncUnit> <Opcode : 'add' 'sub'> <InPorts = 2> <OutPorts = 1>
ST_1 : Operation 2715 [1/1] (0.00ns)   --->   "%zext_ln58_434 = zext i7 %add_ln58_677" [firmware/nnet_utils/nnet_dense_latency.h:58]   --->   Operation 2715 'zext' 'zext_ln58_434' <Predicate = true> <Delay = 0.00>
ST_1 : Operation 2716 [1/1] (0.70ns)   --->   "%add_ln58_678 = add i8 %zext_ln58_434, i8 %zext_ln58_433" [firmware/nnet_utils/nnet_dense_latency.h:58]   --->   Operation 2716 'add' 'add_ln58_678' <Predicate = true> <Delay = 0.70> <CoreInst = "Adder">   --->   Core 1 'Adder' <Latency = 0> <II = 1> <Delay = 0.70> <FuncUnit> <Opcode : 'add' 'sub'> <InPorts = 2> <OutPorts = 1>
ST_1 : Operation 2717 [1/1] (0.00ns)   --->   "%zext_ln58_435 = zext i8 %add_ln58_678" [firmware/nnet_utils/nnet_dense_latency.h:58]   --->   Operation 2717 'zext' 'zext_ln58_435' <Predicate = true> <Delay = 0.00>
ST_1 : Operation 2718 [1/1] (0.79ns) (root node of TernaryAdder)   --->   "%add_ln58_679 = add i10 %zext_ln58_435, i10 %add_ln58_675" [firmware/nnet_utils/nnet_dense_latency.h:58]   --->   Operation 2718 'add' 'add_ln58_679' <Predicate = true> <Delay = 0.79> <CoreInst = "TAddSub">   --->   Core 10 'TAddSub' <Latency = 0> <II = 1> <Delay = 0.34> <IPBlock> <Opcode : '' 'add' 'sub'> <InPorts = 3> <OutPorts = 1> <Sync> <CReg>
ST_1 : Operation 2719 [1/1] (0.00ns)   --->   "%zext_ln58_436 = zext i10 %add_ln58_679" [firmware/nnet_utils/nnet_dense_latency.h:58]   --->   Operation 2719 'zext' 'zext_ln58_436' <Predicate = true> <Delay = 0.00>
ST_1 : Operation 2720 [1/1] (0.75ns) (root node of TernaryAdder)   --->   "%add_ln58_680 = add i12 %zext_ln58_436, i12 %add_ln58_673" [firmware/nnet_utils/nnet_dense_latency.h:58]   --->   Operation 2720 'add' 'add_ln58_680' <Predicate = true> <Delay = 0.75> <CoreInst = "TAddSub">   --->   Core 10 'TAddSub' <Latency = 0> <II = 1> <Delay = 0.34> <IPBlock> <Opcode : '' 'add' 'sub'> <InPorts = 3> <OutPorts = 1> <Sync> <CReg>

State 2 <SV = 1> <Delay = 2.21>
ST_2 : Operation 2721 [1/1] (0.00ns)   --->   "%specpipeline_ln33 = specpipeline void @_ssdm_op_SpecPipeline, i32 1, i32 0, i32 0, i32 0, void @empty_0" [firmware/nnet_utils/nnet_dense_latency.h:33]   --->   Operation 2721 'specpipeline' 'specpipeline_ln33' <Predicate = true> <Delay = 0.00>
ST_2 : Operation 2722 [1/1] (0.00ns)   --->   "%specresourcelimit_ln33 = specresourcelimit void @_ssdm_op_SpecResourceLimit, i64 704, void @empty_1, void @empty_0, void @empty_0, void @empty_0" [firmware/nnet_utils/nnet_dense_latency.h:33]   --->   Operation 2722 'specresourcelimit' 'specresourcelimit_ln33' <Predicate = true> <Delay = 0.00>
ST_2 : Operation 2723 [1/1] (0.00ns)   --->   "%sext_ln58_3 = sext i11 %add_ln58_1" [firmware/nnet_utils/nnet_dense_latency.h:58]   --->   Operation 2723 'sext' 'sext_ln58_3' <Predicate = true> <Delay = 0.00>
ST_2 : Operation 2724 [1/1] (0.00ns)   --->   "%zext_ln58_151 = zext i13 %add_ln58_14" [firmware/nnet_utils/nnet_dense_latency.h:58]   --->   Operation 2724 'zext' 'zext_ln58_151' <Predicate = true> <Delay = 0.00>
ST_2 : Operation 2725 [1/1] (0.00ns)   --->   "%sext_ln58_9 = sext i13 %add_ln58_26" [firmware/nnet_utils/nnet_dense_latency.h:58]   --->   Operation 2725 'sext' 'sext_ln58_9' <Predicate = true> <Delay = 0.00>
ST_2 : Operation 2726 [1/1] (0.00ns)   --->   "%sext_ln58_13 = sext i12 %add_ln58_33" [firmware/nnet_utils/nnet_dense_latency.h:58]   --->   Operation 2726 'sext' 'sext_ln58_13' <Predicate = true> <Delay = 0.00>
ST_2 : Operation 2727 [1/1] (0.00ns)   --->   "%zext_ln58_172 = zext i12 %add_ln58_40" [firmware/nnet_utils/nnet_dense_latency.h:58]   --->   Operation 2727 'zext' 'zext_ln58_172' <Predicate = true> <Delay = 0.00>
ST_2 : Operation 2728 [1/1] (0.74ns)   --->   "%add_ln58_41 = add i14 %zext_ln58_172, i14 %sext_ln58_13" [firmware/nnet_utils/nnet_dense_latency.h:58]   --->   Operation 2728 'add' 'add_ln58_41' <Predicate = true> <Delay = 0.74> <CoreInst = "Adder">   --->   Core 1 'Adder' <Latency = 0> <II = 1> <Delay = 0.74> <FuncUnit> <Opcode : 'add' 'sub'> <InPorts = 2> <OutPorts = 1>
ST_2 : Operation 2729 [1/1] (0.00ns)   --->   "%sext_ln58_15 = sext i14 %add_ln58_41" [firmware/nnet_utils/nnet_dense_latency.h:58]   --->   Operation 2729 'sext' 'sext_ln58_15' <Predicate = true> <Delay = 0.00>
ST_2 : Operation 2730 [1/1] (0.00ns)   --->   "%sext_ln58_25 = sext i13 %add_ln58_53" [firmware/nnet_utils/nnet_dense_latency.h:58]   --->   Operation 2730 'sext' 'sext_ln58_25' <Predicate = true> <Delay = 0.00>
ST_2 : Operation 2731 [1/1] (0.00ns)   --->   "%zext_ln58_175 = zext i11 %add_ln58_55" [firmware/nnet_utils/nnet_dense_latency.h:58]   --->   Operation 2731 'zext' 'zext_ln58_175' <Predicate = true> <Delay = 0.00>
ST_2 : Operation 2732 [1/1] (0.00ns)   --->   "%zext_ln58_177 = zext i12 %add_ln58_58" [firmware/nnet_utils/nnet_dense_latency.h:58]   --->   Operation 2732 'zext' 'zext_ln58_177' <Predicate = true> <Delay = 0.00>
ST_2 : Operation 2733 [1/1] (0.00ns) (grouped into TernaryAdder)   --->   "%add_ln58_59 = add i13 %zext_ln58_177, i13 %zext_ln58_175" [firmware/nnet_utils/nnet_dense_latency.h:58]   --->   Operation 2733 'add' 'add_ln58_59' <Predicate = true> <Delay = 0.00> <CoreInst = "TAddSub">   --->   Core 10 'TAddSub' <Latency = 0> <II = 1> <Delay = 0.34> <IPBlock> <Opcode : '' 'add' 'sub'> <InPorts = 3> <OutPorts = 1> <Sync> <CReg>
ST_2 : Operation 2734 [1/1] (0.00ns)   --->   "%zext_ln58_183 = zext i12 %add_ln58_64" [firmware/nnet_utils/nnet_dense_latency.h:58]   --->   Operation 2734 'zext' 'zext_ln58_183' <Predicate = true> <Delay = 0.00>
ST_2 : Operation 2735 [1/1] (0.73ns) (root node of TernaryAdder)   --->   "%add_ln58_65 = add i13 %zext_ln58_183, i13 %add_ln58_59" [firmware/nnet_utils/nnet_dense_latency.h:58]   --->   Operation 2735 'add' 'add_ln58_65' <Predicate = true> <Delay = 0.73> <CoreInst = "TAddSub">   --->   Core 10 'TAddSub' <Latency = 0> <II = 1> <Delay = 0.34> <IPBlock> <Opcode : '' 'add' 'sub'> <InPorts = 3> <OutPorts = 1> <Sync> <CReg>
ST_2 : Operation 2736 [1/1] (0.00ns)   --->   "%zext_ln58_184 = zext i13 %add_ln58_65" [firmware/nnet_utils/nnet_dense_latency.h:58]   --->   Operation 2736 'zext' 'zext_ln58_184' <Predicate = true> <Delay = 0.00>
ST_2 : Operation 2737 [1/1] (0.75ns)   --->   "%add_ln58_66 = add i14 %zext_ln58_184, i14 %sext_ln58_25" [firmware/nnet_utils/nnet_dense_latency.h:58]   --->   Operation 2737 'add' 'add_ln58_66' <Predicate = true> <Delay = 0.75> <CoreInst = "Adder">   --->   Core 1 'Adder' <Latency = 0> <II = 1> <Delay = 0.75> <FuncUnit> <Opcode : 'add' 'sub'> <InPorts = 2> <OutPorts = 1>
ST_2 : Operation 2738 [1/1] (0.00ns)   --->   "%sext_ln58_26 = sext i14 %add_ln58_66" [firmware/nnet_utils/nnet_dense_latency.h:58]   --->   Operation 2738 'sext' 'sext_ln58_26' <Predicate = true> <Delay = 0.00>
ST_2 : Operation 2739 [1/1] (0.00ns)   --->   "%sext_ln58_29 = sext i12 %add_ln58_75" [firmware/nnet_utils/nnet_dense_latency.h:58]   --->   Operation 2739 'sext' 'sext_ln58_29' <Predicate = true> <Delay = 0.00>
ST_2 : Operation 2740 [1/1] (0.00ns)   --->   "%sext_ln58_34 = sext i13 %add_ln58_81" [firmware/nnet_utils/nnet_dense_latency.h:58]   --->   Operation 2740 'sext' 'sext_ln58_34' <Predicate = true> <Delay = 0.00>
ST_2 : Operation 2741 [1/1] (0.00ns)   --->   "%sext_ln58_40 = sext i12 %add_ln58_88" [firmware/nnet_utils/nnet_dense_latency.h:58]   --->   Operation 2741 'sext' 'sext_ln58_40' <Predicate = true> <Delay = 0.00>
ST_2 : Operation 2742 [1/1] (0.00ns) (grouped into TernaryAdder)   --->   "%add_ln58_89 = add i14 %sext_ln58_40, i14 %sext_ln58_34" [firmware/nnet_utils/nnet_dense_latency.h:58]   --->   Operation 2742 'add' 'add_ln58_89' <Predicate = true> <Delay = 0.00> <CoreInst = "TAddSub">   --->   Core 10 'TAddSub' <Latency = 0> <II = 1> <Delay = 0.34> <IPBlock> <Opcode : '' 'add' 'sub'> <InPorts = 3> <OutPorts = 1> <Sync> <CReg>
ST_2 : Operation 2743 [1/1] (0.00ns)   --->   "%zext_ln58_193 = zext i12 %add_ln58_96" [firmware/nnet_utils/nnet_dense_latency.h:58]   --->   Operation 2743 'zext' 'zext_ln58_193' <Predicate = true> <Delay = 0.00>
ST_2 : Operation 2744 [1/1] (0.00ns)   --->   "%zext_ln58_198 = zext i12 %add_ln58_102" [firmware/nnet_utils/nnet_dense_latency.h:58]   --->   Operation 2744 'zext' 'zext_ln58_198' <Predicate = true> <Delay = 0.00>
ST_2 : Operation 2745 [1/1] (0.74ns)   --->   "%add_ln58_103 = add i13 %zext_ln58_198, i13 %zext_ln58_193" [firmware/nnet_utils/nnet_dense_latency.h:58]   --->   Operation 2745 'add' 'add_ln58_103' <Predicate = true> <Delay = 0.74> <CoreInst = "Adder">   --->   Core 1 'Adder' <Latency = 0> <II = 1> <Delay = 0.74> <FuncUnit> <Opcode : 'add' 'sub'> <InPorts = 2> <OutPorts = 1>
ST_2 : Operation 2746 [1/1] (0.00ns)   --->   "%zext_ln58_199 = zext i13 %add_ln58_103" [firmware/nnet_utils/nnet_dense_latency.h:58]   --->   Operation 2746 'zext' 'zext_ln58_199' <Predicate = true> <Delay = 0.00>
ST_2 : Operation 2747 [1/1] (0.71ns) (root node of TernaryAdder)   --->   "%add_ln58_104 = add i14 %zext_ln58_199, i14 %add_ln58_89" [firmware/nnet_utils/nnet_dense_latency.h:58]   --->   Operation 2747 'add' 'add_ln58_104' <Predicate = true> <Delay = 0.71> <CoreInst = "TAddSub">   --->   Core 10 'TAddSub' <Latency = 0> <II = 1> <Delay = 0.34> <IPBlock> <Opcode : '' 'add' 'sub'> <InPorts = 3> <OutPorts = 1> <Sync> <CReg>
ST_2 : Operation 2748 [1/1] (0.00ns)   --->   "%sext_ln58_41 = sext i14 %add_ln58_104" [firmware/nnet_utils/nnet_dense_latency.h:58]   --->   Operation 2748 'sext' 'sext_ln58_41' <Predicate = true> <Delay = 0.00>
ST_2 : Operation 2749 [1/1] (0.00ns)   --->   "%sext_ln58_46 = sext i11 %add_ln58_111" [firmware/nnet_utils/nnet_dense_latency.h:58]   --->   Operation 2749 'sext' 'sext_ln58_46' <Predicate = true> <Delay = 0.00>
ST_2 : Operation 2750 [1/1] (0.00ns)   --->   "%zext_ln58_207 = zext i12 %add_ln58_118" [firmware/nnet_utils/nnet_dense_latency.h:58]   --->   Operation 2750 'zext' 'zext_ln58_207' <Predicate = true> <Delay = 0.00>
ST_2 : Operation 2751 [1/1] (0.74ns)   --->   "%add_ln58_119 = add i13 %zext_ln58_207, i13 %sext_ln58_46" [firmware/nnet_utils/nnet_dense_latency.h:58]   --->   Operation 2751 'add' 'add_ln58_119' <Predicate = true> <Delay = 0.74> <CoreInst = "Adder">   --->   Core 1 'Adder' <Latency = 0> <II = 1> <Delay = 0.74> <FuncUnit> <Opcode : 'add' 'sub'> <InPorts = 2> <OutPorts = 1>
ST_2 : Operation 2752 [1/1] (0.00ns)   --->   "%sext_ln58_48 = sext i13 %add_ln58_119" [firmware/nnet_utils/nnet_dense_latency.h:58]   --->   Operation 2752 'sext' 'sext_ln58_48' <Predicate = true> <Delay = 0.00>
ST_2 : Operation 2753 [1/1] (0.00ns)   --->   "%sext_ln58_50 = sext i11 %add_ln58_121" [firmware/nnet_utils/nnet_dense_latency.h:58]   --->   Operation 2753 'sext' 'sext_ln58_50' <Predicate = true> <Delay = 0.00>
ST_2 : Operation 2754 [1/1] (0.00ns) (grouped into TernaryAdder)   --->   "%add_ln58_125 = add i12 %add_ln58_124, i12 %sext_ln58_50" [firmware/nnet_utils/nnet_dense_latency.h:58]   --->   Operation 2754 'add' 'add_ln58_125' <Predicate = true> <Delay = 0.00> <CoreInst = "TAddSub">   --->   Core 10 'TAddSub' <Latency = 0> <II = 1> <Delay = 0.34> <IPBlock> <Opcode : '' 'add' 'sub'> <InPorts = 3> <OutPorts = 1> <Sync> <CReg>
ST_2 : Operation 2755 [1/1] (0.75ns) (root node of TernaryAdder)   --->   "%add_ln58_132 = add i12 %add_ln58_131, i12 %add_ln58_125" [firmware/nnet_utils/nnet_dense_latency.h:58]   --->   Operation 2755 'add' 'add_ln58_132' <Predicate = true> <Delay = 0.75> <CoreInst = "TAddSub">   --->   Core 10 'TAddSub' <Latency = 0> <II = 1> <Delay = 0.34> <IPBlock> <Opcode : '' 'add' 'sub'> <InPorts = 3> <OutPorts = 1> <Sync> <CReg>
ST_2 : Operation 2756 [1/1] (0.00ns)   --->   "%sext_ln58_54 = sext i12 %add_ln58_132" [firmware/nnet_utils/nnet_dense_latency.h:58]   --->   Operation 2756 'sext' 'sext_ln58_54' <Predicate = true> <Delay = 0.00>
ST_2 : Operation 2757 [1/1] (0.00ns)   --->   "%zext_ln58_219 = zext i12 %add_ln58_145" [firmware/nnet_utils/nnet_dense_latency.h:58]   --->   Operation 2757 'zext' 'zext_ln58_219' <Predicate = true> <Delay = 0.00>
ST_2 : Operation 2758 [1/1] (0.74ns)   --->   "%add_ln58_146 = add i14 %zext_ln58_219, i14 %sext_ln58_54" [firmware/nnet_utils/nnet_dense_latency.h:58]   --->   Operation 2758 'add' 'add_ln58_146' <Predicate = true> <Delay = 0.74> <CoreInst = "Adder">   --->   Core 1 'Adder' <Latency = 0> <II = 1> <Delay = 0.74> <FuncUnit> <Opcode : 'add' 'sub'> <InPorts = 2> <OutPorts = 1>
ST_2 : Operation 2759 [1/1] (0.00ns)   --->   "%sext_ln58_55 = sext i14 %add_ln58_146" [firmware/nnet_utils/nnet_dense_latency.h:58]   --->   Operation 2759 'sext' 'sext_ln58_55' <Predicate = true> <Delay = 0.00>
ST_2 : Operation 2760 [1/1] (0.00ns)   --->   "%sext_ln58_62 = sext i13 %add_ln58_155" [firmware/nnet_utils/nnet_dense_latency.h:58]   --->   Operation 2760 'sext' 'sext_ln58_62' <Predicate = true> <Delay = 0.00>
ST_2 : Operation 2761 [1/1] (0.00ns)   --->   "%sext_ln58_65 = sext i12 %add_ln58_164" [firmware/nnet_utils/nnet_dense_latency.h:58]   --->   Operation 2761 'sext' 'sext_ln58_65' <Predicate = true> <Delay = 0.00>
ST_2 : Operation 2762 [1/1] (0.75ns)   --->   "%add_ln58_165 = add i14 %sext_ln58_65, i14 %sext_ln58_62" [firmware/nnet_utils/nnet_dense_latency.h:58]   --->   Operation 2762 'add' 'add_ln58_165' <Predicate = true> <Delay = 0.75> <CoreInst = "Adder">   --->   Core 1 'Adder' <Latency = 0> <II = 1> <Delay = 0.75> <FuncUnit> <Opcode : 'add' 'sub'> <InPorts = 2> <OutPorts = 1>
ST_2 : Operation 2763 [1/1] (0.00ns)   --->   "%sext_ln58_66 = sext i14 %add_ln58_165" [firmware/nnet_utils/nnet_dense_latency.h:58]   --->   Operation 2763 'sext' 'sext_ln58_66' <Predicate = true> <Delay = 0.00>
ST_2 : Operation 2764 [1/1] (0.00ns)   --->   "%zext_ln58_231 = zext i13 %add_ln58_174" [firmware/nnet_utils/nnet_dense_latency.h:58]   --->   Operation 2764 'zext' 'zext_ln58_231' <Predicate = true> <Delay = 0.00>
ST_2 : Operation 2765 [1/1] (0.00ns)   --->   "%sext_ln58_70 = sext i12 %add_ln58_182" [firmware/nnet_utils/nnet_dense_latency.h:58]   --->   Operation 2765 'sext' 'sext_ln58_70' <Predicate = true> <Delay = 0.00>
ST_2 : Operation 2766 [1/1] (0.75ns)   --->   "%add_ln58_183 = add i14 %sext_ln58_70, i14 %zext_ln58_231" [firmware/nnet_utils/nnet_dense_latency.h:58]   --->   Operation 2766 'add' 'add_ln58_183' <Predicate = true> <Delay = 0.75> <CoreInst = "Adder">   --->   Core 1 'Adder' <Latency = 0> <II = 1> <Delay = 0.75> <FuncUnit> <Opcode : 'add' 'sub'> <InPorts = 2> <OutPorts = 1>
ST_2 : Operation 2767 [1/1] (0.00ns)   --->   "%sext_ln58_71 = sext i14 %add_ln58_183" [firmware/nnet_utils/nnet_dense_latency.h:58]   --->   Operation 2767 'sext' 'sext_ln58_71' <Predicate = true> <Delay = 0.00>
ST_2 : Operation 2768 [1/1] (0.76ns)   --->   "%add_ln58_184 = add i15 %sext_ln58_71, i15 %sext_ln58_66" [firmware/nnet_utils/nnet_dense_latency.h:58]   --->   Operation 2768 'add' 'add_ln58_184' <Predicate = true> <Delay = 0.76> <CoreInst = "Adder">   --->   Core 1 'Adder' <Latency = 0> <II = 1> <Delay = 0.76> <FuncUnit> <Opcode : 'add' 'sub'> <InPorts = 2> <OutPorts = 1>
ST_2 : Operation 2769 [1/1] (0.00ns)   --->   "%sext_ln58_72 = sext i15 %add_ln58_184" [firmware/nnet_utils/nnet_dense_latency.h:58]   --->   Operation 2769 'sext' 'sext_ln58_72' <Predicate = true> <Delay = 0.00>
ST_2 : Operation 2770 [1/1] (0.00ns)   --->   "%sext_ln58_75 = sext i13 %add_ln58_188" [firmware/nnet_utils/nnet_dense_latency.h:58]   --->   Operation 2770 'sext' 'sext_ln58_75' <Predicate = true> <Delay = 0.00>
ST_2 : Operation 2771 [1/1] (0.00ns)   --->   "%sext_ln58_77 = sext i12 %add_ln58_192" [firmware/nnet_utils/nnet_dense_latency.h:58]   --->   Operation 2771 'sext' 'sext_ln58_77' <Predicate = true> <Delay = 0.00>
ST_2 : Operation 2772 [1/1] (0.00ns) (grouped into TernaryAdder)   --->   "%add_ln58_193 = add i14 %sext_ln58_77, i14 %sext_ln58_75" [firmware/nnet_utils/nnet_dense_latency.h:58]   --->   Operation 2772 'add' 'add_ln58_193' <Predicate = true> <Delay = 0.00> <CoreInst = "TAddSub">   --->   Core 10 'TAddSub' <Latency = 0> <II = 1> <Delay = 0.34> <IPBlock> <Opcode : '' 'add' 'sub'> <InPorts = 3> <OutPorts = 1> <Sync> <CReg>
ST_2 : Operation 2773 [1/1] (0.00ns)   --->   "%zext_ln58_245 = zext i13 %add_ln58_201" [firmware/nnet_utils/nnet_dense_latency.h:58]   --->   Operation 2773 'zext' 'zext_ln58_245' <Predicate = true> <Delay = 0.00>
ST_2 : Operation 2774 [1/1] (0.71ns) (root node of TernaryAdder)   --->   "%add_ln58_202 = add i14 %zext_ln58_245, i14 %add_ln58_193" [firmware/nnet_utils/nnet_dense_latency.h:58]   --->   Operation 2774 'add' 'add_ln58_202' <Predicate = true> <Delay = 0.71> <CoreInst = "TAddSub">   --->   Core 10 'TAddSub' <Latency = 0> <II = 1> <Delay = 0.34> <IPBlock> <Opcode : '' 'add' 'sub'> <InPorts = 3> <OutPorts = 1> <Sync> <CReg>
ST_2 : Operation 2775 [1/1] (0.00ns)   --->   "%sext_ln58_78 = sext i14 %add_ln58_202" [firmware/nnet_utils/nnet_dense_latency.h:58]   --->   Operation 2775 'sext' 'sext_ln58_78' <Predicate = true> <Delay = 0.00>
ST_2 : Operation 2776 [1/1] (0.00ns)   --->   "%sext_ln58_84 = sext i12 %add_ln58_211" [firmware/nnet_utils/nnet_dense_latency.h:58]   --->   Operation 2776 'sext' 'sext_ln58_84' <Predicate = true> <Delay = 0.00>
ST_2 : Operation 2777 [1/1] (0.00ns)   --->   "%zext_ln58_249 = zext i11 %add_ln58_219" [firmware/nnet_utils/nnet_dense_latency.h:58]   --->   Operation 2777 'zext' 'zext_ln58_249' <Predicate = true> <Delay = 0.00>
ST_2 : Operation 2778 [1/1] (0.00ns) (grouped into TernaryAdder)   --->   "%add_ln58_220 = add i13 %zext_ln58_249, i13 %add_ln58_215" [firmware/nnet_utils/nnet_dense_latency.h:58]   --->   Operation 2778 'add' 'add_ln58_220' <Predicate = true> <Delay = 0.00> <CoreInst = "TAddSub">   --->   Core 10 'TAddSub' <Latency = 0> <II = 1> <Delay = 0.34> <IPBlock> <Opcode : '' 'add' 'sub'> <InPorts = 3> <OutPorts = 1> <Sync> <CReg>
ST_2 : Operation 2779 [1/1] (0.73ns) (root node of TernaryAdder)   --->   "%add_ln58_221 = add i13 %add_ln58_220, i13 %sext_ln58_84" [firmware/nnet_utils/nnet_dense_latency.h:58]   --->   Operation 2779 'add' 'add_ln58_221' <Predicate = true> <Delay = 0.73> <CoreInst = "TAddSub">   --->   Core 10 'TAddSub' <Latency = 0> <II = 1> <Delay = 0.34> <IPBlock> <Opcode : '' 'add' 'sub'> <InPorts = 3> <OutPorts = 1> <Sync> <CReg>
ST_2 : Operation 2780 [1/1] (0.00ns)   --->   "%sext_ln58_86 = sext i13 %add_ln58_221" [firmware/nnet_utils/nnet_dense_latency.h:58]   --->   Operation 2780 'sext' 'sext_ln58_86' <Predicate = true> <Delay = 0.00>
ST_2 : Operation 2781 [1/1] (0.00ns)   --->   "%sext_ln58_91 = sext i12 %add_ln58_228" [firmware/nnet_utils/nnet_dense_latency.h:58]   --->   Operation 2781 'sext' 'sext_ln58_91' <Predicate = true> <Delay = 0.00>
ST_2 : Operation 2782 [1/1] (0.00ns)   --->   "%sext_ln58_98 = sext i13 %add_ln58_236" [firmware/nnet_utils/nnet_dense_latency.h:58]   --->   Operation 2782 'sext' 'sext_ln58_98' <Predicate = true> <Delay = 0.00>
ST_2 : Operation 2783 [1/1] (0.00ns) (grouped into TernaryAdder)   --->   "%add_ln58_237 = add i14 %sext_ln58_98, i14 %sext_ln58_91" [firmware/nnet_utils/nnet_dense_latency.h:58]   --->   Operation 2783 'add' 'add_ln58_237' <Predicate = true> <Delay = 0.00> <CoreInst = "TAddSub">   --->   Core 10 'TAddSub' <Latency = 0> <II = 1> <Delay = 0.34> <IPBlock> <Opcode : '' 'add' 'sub'> <InPorts = 3> <OutPorts = 1> <Sync> <CReg>
ST_2 : Operation 2784 [1/1] (0.00ns)   --->   "%zext_ln58_257 = zext i13 %add_ln58_245" [firmware/nnet_utils/nnet_dense_latency.h:58]   --->   Operation 2784 'zext' 'zext_ln58_257' <Predicate = true> <Delay = 0.00>
ST_2 : Operation 2785 [1/1] (0.00ns)   --->   "%sext_ln58_101 = sext i13 %add_ln58_253" [firmware/nnet_utils/nnet_dense_latency.h:58]   --->   Operation 2785 'sext' 'sext_ln58_101' <Predicate = true> <Delay = 0.00>
ST_2 : Operation 2786 [1/1] (0.75ns)   --->   "%add_ln58_254 = add i14 %sext_ln58_101, i14 %zext_ln58_257" [firmware/nnet_utils/nnet_dense_latency.h:58]   --->   Operation 2786 'add' 'add_ln58_254' <Predicate = true> <Delay = 0.75> <CoreInst = "Adder">   --->   Core 1 'Adder' <Latency = 0> <II = 1> <Delay = 0.75> <FuncUnit> <Opcode : 'add' 'sub'> <InPorts = 2> <OutPorts = 1>
ST_2 : Operation 2787 [1/1] (0.71ns) (root node of TernaryAdder)   --->   "%add_ln58_255 = add i14 %add_ln58_254, i14 %add_ln58_237" [firmware/nnet_utils/nnet_dense_latency.h:58]   --->   Operation 2787 'add' 'add_ln58_255' <Predicate = true> <Delay = 0.71> <CoreInst = "TAddSub">   --->   Core 10 'TAddSub' <Latency = 0> <II = 1> <Delay = 0.34> <IPBlock> <Opcode : '' 'add' 'sub'> <InPorts = 3> <OutPorts = 1> <Sync> <CReg>
ST_2 : Operation 2788 [1/1] (0.00ns)   --->   "%sext_ln58_102 = sext i14 %add_ln58_255" [firmware/nnet_utils/nnet_dense_latency.h:58]   --->   Operation 2788 'sext' 'sext_ln58_102' <Predicate = true> <Delay = 0.00>
ST_2 : Operation 2789 [1/1] (0.00ns)   --->   "%sext_ln58_110 = sext i13 %add_ln58_266" [firmware/nnet_utils/nnet_dense_latency.h:58]   --->   Operation 2789 'sext' 'sext_ln58_110' <Predicate = true> <Delay = 0.00>
ST_2 : Operation 2790 [1/1] (0.00ns)   --->   "%sext_ln58_115 = sext i13 %add_ln58_271" [firmware/nnet_utils/nnet_dense_latency.h:58]   --->   Operation 2790 'sext' 'sext_ln58_115' <Predicate = true> <Delay = 0.00>
ST_2 : Operation 2791 [1/1] (0.00ns)   --->   "%sext_ln58_121 = sext i12 %add_ln58_277" [firmware/nnet_utils/nnet_dense_latency.h:58]   --->   Operation 2791 'sext' 'sext_ln58_121' <Predicate = true> <Delay = 0.00>
ST_2 : Operation 2792 [1/1] (0.75ns)   --->   "%add_ln58_278 = add i14 %sext_ln58_121, i14 %sext_ln58_115" [firmware/nnet_utils/nnet_dense_latency.h:58]   --->   Operation 2792 'add' 'add_ln58_278' <Predicate = true> <Delay = 0.75> <CoreInst = "Adder">   --->   Core 1 'Adder' <Latency = 0> <II = 1> <Delay = 0.75> <FuncUnit> <Opcode : 'add' 'sub'> <InPorts = 2> <OutPorts = 1>
ST_2 : Operation 2793 [1/1] (0.00ns) (grouped into TernaryAdder)   --->   "%add_ln58_279 = add i14 %add_ln58_278, i14 %sext_ln58_110" [firmware/nnet_utils/nnet_dense_latency.h:58]   --->   Operation 2793 'add' 'add_ln58_279' <Predicate = true> <Delay = 0.00> <CoreInst = "TAddSub">   --->   Core 10 'TAddSub' <Latency = 0> <II = 1> <Delay = 0.34> <IPBlock> <Opcode : '' 'add' 'sub'> <InPorts = 3> <OutPorts = 1> <Sync> <CReg>
ST_2 : Operation 2794 [1/1] (0.00ns)   --->   "%sext_ln58_124 = sext i12 %add_ln58_284" [firmware/nnet_utils/nnet_dense_latency.h:58]   --->   Operation 2794 'sext' 'sext_ln58_124' <Predicate = true> <Delay = 0.00>
ST_2 : Operation 2795 [1/1] (0.00ns)   --->   "%zext_ln58_267 = zext i11 %add_ln58_290" [firmware/nnet_utils/nnet_dense_latency.h:58]   --->   Operation 2795 'zext' 'zext_ln58_267' <Predicate = true> <Delay = 0.00>
ST_2 : Operation 2796 [1/1] (0.74ns)   --->   "%add_ln58_291 = add i13 %zext_ln58_267, i13 %sext_ln58_124" [firmware/nnet_utils/nnet_dense_latency.h:58]   --->   Operation 2796 'add' 'add_ln58_291' <Predicate = true> <Delay = 0.74> <CoreInst = "Adder">   --->   Core 1 'Adder' <Latency = 0> <II = 1> <Delay = 0.74> <FuncUnit> <Opcode : 'add' 'sub'> <InPorts = 2> <OutPorts = 1>
ST_2 : Operation 2797 [1/1] (0.00ns)   --->   "%sext_ln58_125 = sext i13 %add_ln58_291" [firmware/nnet_utils/nnet_dense_latency.h:58]   --->   Operation 2797 'sext' 'sext_ln58_125' <Predicate = true> <Delay = 0.00>
ST_2 : Operation 2798 [1/1] (0.00ns)   --->   "%zext_ln58_278 = zext i12 %add_ln58_302" [firmware/nnet_utils/nnet_dense_latency.h:58]   --->   Operation 2798 'zext' 'zext_ln58_278' <Predicate = true> <Delay = 0.00>
ST_2 : Operation 2799 [1/1] (0.75ns)   --->   "%add_ln58_303 = add i14 %zext_ln58_278, i14 %sext_ln58_125" [firmware/nnet_utils/nnet_dense_latency.h:58]   --->   Operation 2799 'add' 'add_ln58_303' <Predicate = true> <Delay = 0.75> <CoreInst = "Adder">   --->   Core 1 'Adder' <Latency = 0> <II = 1> <Delay = 0.75> <FuncUnit> <Opcode : 'add' 'sub'> <InPorts = 2> <OutPorts = 1>
ST_2 : Operation 2800 [1/1] (0.71ns) (root node of TernaryAdder)   --->   "%add_ln58_304 = add i14 %add_ln58_303, i14 %add_ln58_279" [firmware/nnet_utils/nnet_dense_latency.h:58]   --->   Operation 2800 'add' 'add_ln58_304' <Predicate = true> <Delay = 0.71> <CoreInst = "TAddSub">   --->   Core 10 'TAddSub' <Latency = 0> <II = 1> <Delay = 0.34> <IPBlock> <Opcode : '' 'add' 'sub'> <InPorts = 3> <OutPorts = 1> <Sync> <CReg>
ST_2 : Operation 2801 [1/1] (0.00ns)   --->   "%sext_ln58_127 = sext i14 %add_ln58_304" [firmware/nnet_utils/nnet_dense_latency.h:58]   --->   Operation 2801 'sext' 'sext_ln58_127' <Predicate = true> <Delay = 0.00>
ST_2 : Operation 2802 [1/1] (0.00ns)   --->   "%sext_ln58_134 = sext i13 %add_ln58_323" [firmware/nnet_utils/nnet_dense_latency.h:58]   --->   Operation 2802 'sext' 'sext_ln58_134' <Predicate = true> <Delay = 0.00>
ST_2 : Operation 2803 [1/1] (0.00ns)   --->   "%sext_ln58_135 = sext i10 %add_ln58_325" [firmware/nnet_utils/nnet_dense_latency.h:58]   --->   Operation 2803 'sext' 'sext_ln58_135' <Predicate = true> <Delay = 0.00>
ST_2 : Operation 2804 [1/1] (0.00ns)   --->   "%sext_ln58_138 = sext i11 %add_ln58_328" [firmware/nnet_utils/nnet_dense_latency.h:58]   --->   Operation 2804 'sext' 'sext_ln58_138' <Predicate = true> <Delay = 0.00>
ST_2 : Operation 2805 [1/1] (0.00ns) (grouped into TernaryAdder)   --->   "%add_ln58_329 = add i12 %sext_ln58_138, i12 %sext_ln58_135" [firmware/nnet_utils/nnet_dense_latency.h:58]   --->   Operation 2805 'add' 'add_ln58_329' <Predicate = true> <Delay = 0.00> <CoreInst = "TAddSub">   --->   Core 10 'TAddSub' <Latency = 0> <II = 1> <Delay = 0.34> <IPBlock> <Opcode : '' 'add' 'sub'> <InPorts = 3> <OutPorts = 1> <Sync> <CReg>
ST_2 : Operation 2806 [1/1] (0.00ns)   --->   "%sext_ln58_141 = sext i11 %add_ln58_335" [firmware/nnet_utils/nnet_dense_latency.h:58]   --->   Operation 2806 'sext' 'sext_ln58_141' <Predicate = true> <Delay = 0.00>
ST_2 : Operation 2807 [1/1] (0.75ns) (root node of TernaryAdder)   --->   "%add_ln58_336 = add i12 %sext_ln58_141, i12 %add_ln58_329" [firmware/nnet_utils/nnet_dense_latency.h:58]   --->   Operation 2807 'add' 'add_ln58_336' <Predicate = true> <Delay = 0.75> <CoreInst = "TAddSub">   --->   Core 10 'TAddSub' <Latency = 0> <II = 1> <Delay = 0.34> <IPBlock> <Opcode : '' 'add' 'sub'> <InPorts = 3> <OutPorts = 1> <Sync> <CReg>
ST_2 : Operation 2808 [1/1] (0.00ns)   --->   "%sext_ln58_142 = sext i12 %add_ln58_336" [firmware/nnet_utils/nnet_dense_latency.h:58]   --->   Operation 2808 'sext' 'sext_ln58_142' <Predicate = true> <Delay = 0.00>
ST_2 : Operation 2809 [1/1] (0.00ns)   --->   "%zext_ln58_297 = zext i13 %add_ln58_350" [firmware/nnet_utils/nnet_dense_latency.h:58]   --->   Operation 2809 'zext' 'zext_ln58_297' <Predicate = true> <Delay = 0.00>
ST_2 : Operation 2810 [1/1] (0.75ns)   --->   "%add_ln58_351 = add i14 %zext_ln58_297, i14 %sext_ln58_142" [firmware/nnet_utils/nnet_dense_latency.h:58]   --->   Operation 2810 'add' 'add_ln58_351' <Predicate = true> <Delay = 0.75> <CoreInst = "Adder">   --->   Core 1 'Adder' <Latency = 0> <II = 1> <Delay = 0.75> <FuncUnit> <Opcode : 'add' 'sub'> <InPorts = 2> <OutPorts = 1>
ST_2 : Operation 2811 [1/1] (0.00ns)   --->   "%sext_ln58_143 = sext i14 %add_ln58_351" [firmware/nnet_utils/nnet_dense_latency.h:58]   --->   Operation 2811 'sext' 'sext_ln58_143' <Predicate = true> <Delay = 0.00>
ST_2 : Operation 2812 [1/1] (0.00ns)   --->   "%sext_ln58_147 = sext i12 %add_ln58_355" [firmware/nnet_utils/nnet_dense_latency.h:58]   --->   Operation 2812 'sext' 'sext_ln58_147' <Predicate = true> <Delay = 0.00>
ST_2 : Operation 2813 [1/1] (0.00ns)   --->   "%sext_ln58_151 = sext i12 %add_ln58_359" [firmware/nnet_utils/nnet_dense_latency.h:58]   --->   Operation 2813 'sext' 'sext_ln58_151' <Predicate = true> <Delay = 0.00>
ST_2 : Operation 2814 [1/1] (0.74ns)   --->   "%add_ln58_360 = add i13 %sext_ln58_151, i13 %sext_ln58_147" [firmware/nnet_utils/nnet_dense_latency.h:58]   --->   Operation 2814 'add' 'add_ln58_360' <Predicate = true> <Delay = 0.74> <CoreInst = "Adder">   --->   Core 1 'Adder' <Latency = 0> <II = 1> <Delay = 0.74> <FuncUnit> <Opcode : 'add' 'sub'> <InPorts = 2> <OutPorts = 1>
ST_2 : Operation 2815 [1/1] (0.00ns)   --->   "%sext_ln58_152 = sext i13 %add_ln58_360" [firmware/nnet_utils/nnet_dense_latency.h:58]   --->   Operation 2815 'sext' 'sext_ln58_152' <Predicate = true> <Delay = 0.00>
ST_2 : Operation 2816 [1/1] (0.00ns)   --->   "%sext_ln58_155 = sext i12 %add_ln58_364" [firmware/nnet_utils/nnet_dense_latency.h:58]   --->   Operation 2816 'sext' 'sext_ln58_155' <Predicate = true> <Delay = 0.00>
ST_2 : Operation 2817 [1/1] (0.00ns)   --->   "%sext_ln58_156 = sext i12 %add_ln58_366" [firmware/nnet_utils/nnet_dense_latency.h:58]   --->   Operation 2817 'sext' 'sext_ln58_156' <Predicate = true> <Delay = 0.00>
ST_2 : Operation 2818 [1/1] (0.00ns)   --->   "%zext_ln58_301 = zext i11 %add_ln58_368" [firmware/nnet_utils/nnet_dense_latency.h:58]   --->   Operation 2818 'zext' 'zext_ln58_301' <Predicate = true> <Delay = 0.00>
ST_2 : Operation 2819 [1/1] (0.00ns) (grouped into TernaryAdder)   --->   "%add_ln58_369 = add i13 %zext_ln58_301, i13 %sext_ln58_156" [firmware/nnet_utils/nnet_dense_latency.h:58]   --->   Operation 2819 'add' 'add_ln58_369' <Predicate = true> <Delay = 0.00> <CoreInst = "TAddSub">   --->   Core 10 'TAddSub' <Latency = 0> <II = 1> <Delay = 0.34> <IPBlock> <Opcode : '' 'add' 'sub'> <InPorts = 3> <OutPorts = 1> <Sync> <CReg>
ST_2 : Operation 2820 [1/1] (0.73ns) (root node of TernaryAdder)   --->   "%add_ln58_370 = add i13 %add_ln58_369, i13 %sext_ln58_155" [firmware/nnet_utils/nnet_dense_latency.h:58]   --->   Operation 2820 'add' 'add_ln58_370' <Predicate = true> <Delay = 0.73> <CoreInst = "TAddSub">   --->   Core 10 'TAddSub' <Latency = 0> <II = 1> <Delay = 0.34> <IPBlock> <Opcode : '' 'add' 'sub'> <InPorts = 3> <OutPorts = 1> <Sync> <CReg>
ST_2 : Operation 2821 [1/1] (0.00ns)   --->   "%sext_ln58_157 = sext i13 %add_ln58_370" [firmware/nnet_utils/nnet_dense_latency.h:58]   --->   Operation 2821 'sext' 'sext_ln58_157' <Predicate = true> <Delay = 0.00>
ST_2 : Operation 2822 [1/1] (0.75ns)   --->   "%add_ln58_371 = add i14 %sext_ln58_157, i14 %sext_ln58_152" [firmware/nnet_utils/nnet_dense_latency.h:58]   --->   Operation 2822 'add' 'add_ln58_371' <Predicate = true> <Delay = 0.75> <CoreInst = "Adder">   --->   Core 1 'Adder' <Latency = 0> <II = 1> <Delay = 0.75> <FuncUnit> <Opcode : 'add' 'sub'> <InPorts = 2> <OutPorts = 1>
ST_2 : Operation 2823 [1/1] (0.00ns)   --->   "%sext_ln58_158 = sext i14 %add_ln58_371" [firmware/nnet_utils/nnet_dense_latency.h:58]   --->   Operation 2823 'sext' 'sext_ln58_158' <Predicate = true> <Delay = 0.00>
ST_2 : Operation 2824 [1/1] (0.00ns)   --->   "%zext_ln58_308 = zext i13 %add_ln58_380" [firmware/nnet_utils/nnet_dense_latency.h:58]   --->   Operation 2824 'zext' 'zext_ln58_308' <Predicate = true> <Delay = 0.00>
ST_2 : Operation 2825 [1/1] (0.00ns)   --->   "%sext_ln58_162 = sext i13 %add_ln58_389" [firmware/nnet_utils/nnet_dense_latency.h:58]   --->   Operation 2825 'sext' 'sext_ln58_162' <Predicate = true> <Delay = 0.00>
ST_2 : Operation 2826 [1/1] (0.00ns) (grouped into TernaryAdder)   --->   "%add_ln58_390 = add i15 %sext_ln58_162, i15 %zext_ln58_308" [firmware/nnet_utils/nnet_dense_latency.h:58]   --->   Operation 2826 'add' 'add_ln58_390' <Predicate = true> <Delay = 0.00> <CoreInst = "TAddSub">   --->   Core 10 'TAddSub' <Latency = 0> <II = 1> <Delay = 0.34> <IPBlock> <Opcode : '' 'add' 'sub'> <InPorts = 3> <OutPorts = 1> <Sync> <CReg>
ST_2 : Operation 2827 [1/1] (0.69ns) (root node of TernaryAdder)   --->   "%add_ln58_391 = add i15 %add_ln58_390, i15 %sext_ln58_158" [firmware/nnet_utils/nnet_dense_latency.h:58]   --->   Operation 2827 'add' 'add_ln58_391' <Predicate = true> <Delay = 0.69> <CoreInst = "TAddSub">   --->   Core 10 'TAddSub' <Latency = 0> <II = 1> <Delay = 0.34> <IPBlock> <Opcode : '' 'add' 'sub'> <InPorts = 3> <OutPorts = 1> <Sync> <CReg>
ST_2 : Operation 2828 [1/1] (0.00ns)   --->   "%sext_ln58_163 = sext i15 %add_ln58_391" [firmware/nnet_utils/nnet_dense_latency.h:58]   --->   Operation 2828 'sext' 'sext_ln58_163' <Predicate = true> <Delay = 0.00>
ST_2 : Operation 2829 [1/1] (0.00ns)   --->   "%sext_ln58_172 = sext i13 %add_ln58_406" [firmware/nnet_utils/nnet_dense_latency.h:58]   --->   Operation 2829 'sext' 'sext_ln58_172' <Predicate = true> <Delay = 0.00>
ST_2 : Operation 2830 [1/1] (0.00ns)   --->   "%zext_ln58_323 = zext i11 %add_ln58_413" [firmware/nnet_utils/nnet_dense_latency.h:58]   --->   Operation 2830 'zext' 'zext_ln58_323' <Predicate = true> <Delay = 0.00>
ST_2 : Operation 2831 [1/1] (0.00ns)   --->   "%zext_ln58_328 = zext i12 %add_ln58_420" [firmware/nnet_utils/nnet_dense_latency.h:58]   --->   Operation 2831 'zext' 'zext_ln58_328' <Predicate = true> <Delay = 0.00>
ST_2 : Operation 2832 [1/1] (0.74ns)   --->   "%add_ln58_421 = add i13 %zext_ln58_328, i13 %zext_ln58_323" [firmware/nnet_utils/nnet_dense_latency.h:58]   --->   Operation 2832 'add' 'add_ln58_421' <Predicate = true> <Delay = 0.74> <CoreInst = "Adder">   --->   Core 1 'Adder' <Latency = 0> <II = 1> <Delay = 0.74> <FuncUnit> <Opcode : 'add' 'sub'> <InPorts = 2> <OutPorts = 1>
ST_2 : Operation 2833 [1/1] (0.00ns)   --->   "%zext_ln58_329 = zext i13 %add_ln58_421" [firmware/nnet_utils/nnet_dense_latency.h:58]   --->   Operation 2833 'zext' 'zext_ln58_329' <Predicate = true> <Delay = 0.00>
ST_2 : Operation 2834 [1/1] (0.75ns)   --->   "%add_ln58_422 = add i14 %zext_ln58_329, i14 %sext_ln58_172" [firmware/nnet_utils/nnet_dense_latency.h:58]   --->   Operation 2834 'add' 'add_ln58_422' <Predicate = true> <Delay = 0.75> <CoreInst = "Adder">   --->   Core 1 'Adder' <Latency = 0> <II = 1> <Delay = 0.75> <FuncUnit> <Opcode : 'add' 'sub'> <InPorts = 2> <OutPorts = 1>
ST_2 : Operation 2835 [1/1] (0.00ns)   --->   "%sext_ln58_173 = sext i14 %add_ln58_422" [firmware/nnet_utils/nnet_dense_latency.h:58]   --->   Operation 2835 'sext' 'sext_ln58_173' <Predicate = true> <Delay = 0.00>
ST_2 : Operation 2836 [1/1] (0.00ns)   --->   "%sext_ln58_177 = sext i12 %add_ln58_430" [firmware/nnet_utils/nnet_dense_latency.h:58]   --->   Operation 2836 'sext' 'sext_ln58_177' <Predicate = true> <Delay = 0.00>
ST_2 : Operation 2837 [1/1] (0.00ns)   --->   "%zext_ln58_339 = zext i12 %add_ln58_438" [firmware/nnet_utils/nnet_dense_latency.h:58]   --->   Operation 2837 'zext' 'zext_ln58_339' <Predicate = true> <Delay = 0.00>
ST_2 : Operation 2838 [1/1] (0.74ns)   --->   "%add_ln58_439 = add i13 %zext_ln58_339, i13 %sext_ln58_177" [firmware/nnet_utils/nnet_dense_latency.h:58]   --->   Operation 2838 'add' 'add_ln58_439' <Predicate = true> <Delay = 0.74> <CoreInst = "Adder">   --->   Core 1 'Adder' <Latency = 0> <II = 1> <Delay = 0.74> <FuncUnit> <Opcode : 'add' 'sub'> <InPorts = 2> <OutPorts = 1>
ST_2 : Operation 2839 [1/1] (0.00ns)   --->   "%sext_ln58_178 = sext i13 %add_ln58_439" [firmware/nnet_utils/nnet_dense_latency.h:58]   --->   Operation 2839 'sext' 'sext_ln58_178' <Predicate = true> <Delay = 0.00>
ST_2 : Operation 2840 [1/1] (0.00ns)   --->   "%sext_ln58_179 = sext i11 %add_ln58_440" [firmware/nnet_utils/nnet_dense_latency.h:58]   --->   Operation 2840 'sext' 'sext_ln58_179' <Predicate = true> <Delay = 0.00>
ST_2 : Operation 2841 [1/1] (0.00ns)   --->   "%sext_ln58_180 = sext i9 %add_ln58_442" [firmware/nnet_utils/nnet_dense_latency.h:58]   --->   Operation 2841 'sext' 'sext_ln58_180' <Predicate = true> <Delay = 0.00>
ST_2 : Operation 2842 [1/1] (0.00ns) (grouped into TernaryAdder)   --->   "%add_ln58_443 = add i12 %sext_ln58_180, i12 %sext_ln58_179" [firmware/nnet_utils/nnet_dense_latency.h:58]   --->   Operation 2842 'add' 'add_ln58_443' <Predicate = true> <Delay = 0.00> <CoreInst = "TAddSub">   --->   Core 10 'TAddSub' <Latency = 0> <II = 1> <Delay = 0.34> <IPBlock> <Opcode : '' 'add' 'sub'> <InPorts = 3> <OutPorts = 1> <Sync> <CReg>
ST_2 : Operation 2843 [1/1] (0.00ns)   --->   "%zext_ln58_344 = zext i11 %add_ln58_448" [firmware/nnet_utils/nnet_dense_latency.h:58]   --->   Operation 2843 'zext' 'zext_ln58_344' <Predicate = true> <Delay = 0.00>
ST_2 : Operation 2844 [1/1] (0.75ns) (root node of TernaryAdder)   --->   "%add_ln58_449 = add i12 %zext_ln58_344, i12 %add_ln58_443" [firmware/nnet_utils/nnet_dense_latency.h:58]   --->   Operation 2844 'add' 'add_ln58_449' <Predicate = true> <Delay = 0.75> <CoreInst = "TAddSub">   --->   Core 10 'TAddSub' <Latency = 0> <II = 1> <Delay = 0.34> <IPBlock> <Opcode : '' 'add' 'sub'> <InPorts = 3> <OutPorts = 1> <Sync> <CReg>
ST_2 : Operation 2845 [1/1] (0.00ns)   --->   "%sext_ln58_181 = sext i12 %add_ln58_449" [firmware/nnet_utils/nnet_dense_latency.h:58]   --->   Operation 2845 'sext' 'sext_ln58_181' <Predicate = true> <Delay = 0.00>
ST_2 : Operation 2846 [1/1] (0.00ns)   --->   "%zext_ln58_351 = zext i12 %add_ln58_459" [firmware/nnet_utils/nnet_dense_latency.h:58]   --->   Operation 2846 'zext' 'zext_ln58_351' <Predicate = true> <Delay = 0.00>
ST_2 : Operation 2847 [1/1] (0.74ns)   --->   "%add_ln58_460 = add i13 %zext_ln58_351, i13 %sext_ln58_181" [firmware/nnet_utils/nnet_dense_latency.h:58]   --->   Operation 2847 'add' 'add_ln58_460' <Predicate = true> <Delay = 0.74> <CoreInst = "Adder">   --->   Core 1 'Adder' <Latency = 0> <II = 1> <Delay = 0.74> <FuncUnit> <Opcode : 'add' 'sub'> <InPorts = 2> <OutPorts = 1>
ST_2 : Operation 2848 [1/1] (0.00ns)   --->   "%sext_ln58_182 = sext i13 %add_ln58_460" [firmware/nnet_utils/nnet_dense_latency.h:58]   --->   Operation 2848 'sext' 'sext_ln58_182' <Predicate = true> <Delay = 0.00>
ST_2 : Operation 2849 [1/1] (0.00ns)   --->   "%sext_ln58_193 = sext i13 %add_ln58_474" [firmware/nnet_utils/nnet_dense_latency.h:58]   --->   Operation 2849 'sext' 'sext_ln58_193' <Predicate = true> <Delay = 0.00>
ST_2 : Operation 2850 [1/1] (0.00ns)   --->   "%zext_ln58_357 = zext i12 %add_ln58_480" [firmware/nnet_utils/nnet_dense_latency.h:58]   --->   Operation 2850 'zext' 'zext_ln58_357' <Predicate = true> <Delay = 0.00>
ST_2 : Operation 2851 [1/1] (0.00ns)   --->   "%zext_ln58_363 = zext i12 %add_ln58_487" [firmware/nnet_utils/nnet_dense_latency.h:58]   --->   Operation 2851 'zext' 'zext_ln58_363' <Predicate = true> <Delay = 0.00>
ST_2 : Operation 2852 [1/1] (0.74ns)   --->   "%add_ln58_488 = add i13 %zext_ln58_363, i13 %zext_ln58_357" [firmware/nnet_utils/nnet_dense_latency.h:58]   --->   Operation 2852 'add' 'add_ln58_488' <Predicate = true> <Delay = 0.74> <CoreInst = "Adder">   --->   Core 1 'Adder' <Latency = 0> <II = 1> <Delay = 0.74> <FuncUnit> <Opcode : 'add' 'sub'> <InPorts = 2> <OutPorts = 1>
ST_2 : Operation 2853 [1/1] (0.00ns)   --->   "%zext_ln58_364 = zext i13 %add_ln58_488" [firmware/nnet_utils/nnet_dense_latency.h:58]   --->   Operation 2853 'zext' 'zext_ln58_364' <Predicate = true> <Delay = 0.00>
ST_2 : Operation 2854 [1/1] (0.75ns)   --->   "%add_ln58_489 = add i14 %zext_ln58_364, i14 %sext_ln58_193" [firmware/nnet_utils/nnet_dense_latency.h:58]   --->   Operation 2854 'add' 'add_ln58_489' <Predicate = true> <Delay = 0.75> <CoreInst = "Adder">   --->   Core 1 'Adder' <Latency = 0> <II = 1> <Delay = 0.75> <FuncUnit> <Opcode : 'add' 'sub'> <InPorts = 2> <OutPorts = 1>
ST_2 : Operation 2855 [1/1] (0.00ns)   --->   "%sext_ln58_194 = sext i14 %add_ln58_489" [firmware/nnet_utils/nnet_dense_latency.h:58]   --->   Operation 2855 'sext' 'sext_ln58_194' <Predicate = true> <Delay = 0.00>
ST_2 : Operation 2856 [1/1] (0.00ns)   --->   "%sext_ln58_197 = sext i12 %add_ln58_494" [firmware/nnet_utils/nnet_dense_latency.h:58]   --->   Operation 2856 'sext' 'sext_ln58_197' <Predicate = true> <Delay = 0.00>
ST_2 : Operation 2857 [1/1] (0.00ns)   --->   "%sext_ln58_201 = sext i13 %add_ln58_500" [firmware/nnet_utils/nnet_dense_latency.h:58]   --->   Operation 2857 'sext' 'sext_ln58_201' <Predicate = true> <Delay = 0.00>
ST_2 : Operation 2858 [1/1] (0.00ns) (grouped into TernaryAdder)   --->   "%add_ln58_501 = add i14 %sext_ln58_201, i14 %sext_ln58_197" [firmware/nnet_utils/nnet_dense_latency.h:58]   --->   Operation 2858 'add' 'add_ln58_501' <Predicate = true> <Delay = 0.00> <CoreInst = "TAddSub">   --->   Core 10 'TAddSub' <Latency = 0> <II = 1> <Delay = 0.34> <IPBlock> <Opcode : '' 'add' 'sub'> <InPorts = 3> <OutPorts = 1> <Sync> <CReg>
ST_2 : Operation 2859 [1/1] (0.00ns)   --->   "%zext_ln58_374 = zext i13 %add_ln58_513" [firmware/nnet_utils/nnet_dense_latency.h:58]   --->   Operation 2859 'zext' 'zext_ln58_374' <Predicate = true> <Delay = 0.00>
ST_2 : Operation 2860 [1/1] (0.71ns) (root node of TernaryAdder)   --->   "%add_ln58_514 = add i14 %zext_ln58_374, i14 %add_ln58_501" [firmware/nnet_utils/nnet_dense_latency.h:58]   --->   Operation 2860 'add' 'add_ln58_514' <Predicate = true> <Delay = 0.71> <CoreInst = "TAddSub">   --->   Core 10 'TAddSub' <Latency = 0> <II = 1> <Delay = 0.34> <IPBlock> <Opcode : '' 'add' 'sub'> <InPorts = 3> <OutPorts = 1> <Sync> <CReg>
ST_2 : Operation 2861 [1/1] (0.00ns)   --->   "%sext_ln58_202 = sext i14 %add_ln58_514" [firmware/nnet_utils/nnet_dense_latency.h:58]   --->   Operation 2861 'sext' 'sext_ln58_202' <Predicate = true> <Delay = 0.00>
ST_2 : Operation 2862 [1/1] (0.00ns)   --->   "%sext_ln58_208 = sext i13 %add_ln58_523" [firmware/nnet_utils/nnet_dense_latency.h:58]   --->   Operation 2862 'sext' 'sext_ln58_208' <Predicate = true> <Delay = 0.00>
ST_2 : Operation 2863 [1/1] (0.00ns)   --->   "%sext_ln58_211 = sext i12 %add_ln58_532" [firmware/nnet_utils/nnet_dense_latency.h:58]   --->   Operation 2863 'sext' 'sext_ln58_211' <Predicate = true> <Delay = 0.00>
ST_2 : Operation 2864 [1/1] (0.00ns) (grouped into TernaryAdder)   --->   "%add_ln58_533 = add i14 %sext_ln58_211, i14 %sext_ln58_208" [firmware/nnet_utils/nnet_dense_latency.h:58]   --->   Operation 2864 'add' 'add_ln58_533' <Predicate = true> <Delay = 0.00> <CoreInst = "TAddSub">   --->   Core 10 'TAddSub' <Latency = 0> <II = 1> <Delay = 0.34> <IPBlock> <Opcode : '' 'add' 'sub'> <InPorts = 3> <OutPorts = 1> <Sync> <CReg>
ST_2 : Operation 2865 [1/1] (0.00ns)   --->   "%zext_ln58_385 = zext i12 %add_ln58_542" [firmware/nnet_utils/nnet_dense_latency.h:58]   --->   Operation 2865 'zext' 'zext_ln58_385' <Predicate = true> <Delay = 0.00>
ST_2 : Operation 2866 [1/1] (0.00ns)   --->   "%zext_ln58_392 = zext i11 %add_ln58_551" [firmware/nnet_utils/nnet_dense_latency.h:58]   --->   Operation 2866 'zext' 'zext_ln58_392' <Predicate = true> <Delay = 0.00>
ST_2 : Operation 2867 [1/1] (0.74ns)   --->   "%add_ln58_552 = add i13 %zext_ln58_392, i13 %zext_ln58_385" [firmware/nnet_utils/nnet_dense_latency.h:58]   --->   Operation 2867 'add' 'add_ln58_552' <Predicate = true> <Delay = 0.74> <CoreInst = "Adder">   --->   Core 1 'Adder' <Latency = 0> <II = 1> <Delay = 0.74> <FuncUnit> <Opcode : 'add' 'sub'> <InPorts = 2> <OutPorts = 1>
ST_2 : Operation 2868 [1/1] (0.00ns)   --->   "%zext_ln58_393 = zext i13 %add_ln58_552" [firmware/nnet_utils/nnet_dense_latency.h:58]   --->   Operation 2868 'zext' 'zext_ln58_393' <Predicate = true> <Delay = 0.00>
ST_2 : Operation 2869 [1/1] (0.71ns) (root node of TernaryAdder)   --->   "%add_ln58_553 = add i14 %zext_ln58_393, i14 %add_ln58_533" [firmware/nnet_utils/nnet_dense_latency.h:58]   --->   Operation 2869 'add' 'add_ln58_553' <Predicate = true> <Delay = 0.71> <CoreInst = "TAddSub">   --->   Core 10 'TAddSub' <Latency = 0> <II = 1> <Delay = 0.34> <IPBlock> <Opcode : '' 'add' 'sub'> <InPorts = 3> <OutPorts = 1> <Sync> <CReg>
ST_2 : Operation 2870 [1/1] (0.00ns)   --->   "%sext_ln58_212 = sext i14 %add_ln58_553" [firmware/nnet_utils/nnet_dense_latency.h:58]   --->   Operation 2870 'sext' 'sext_ln58_212' <Predicate = true> <Delay = 0.00>
ST_2 : Operation 2871 [1/1] (0.00ns)   --->   "%sext_ln58_217 = sext i12 %add_ln58_560" [firmware/nnet_utils/nnet_dense_latency.h:58]   --->   Operation 2871 'sext' 'sext_ln58_217' <Predicate = true> <Delay = 0.00>
ST_2 : Operation 2872 [1/1] (0.00ns)   --->   "%sext_ln58_223 = sext i12 %add_ln58_567" [firmware/nnet_utils/nnet_dense_latency.h:58]   --->   Operation 2872 'sext' 'sext_ln58_223' <Predicate = true> <Delay = 0.00>
ST_2 : Operation 2873 [1/1] (0.74ns)   --->   "%add_ln58_568 = add i13 %sext_ln58_223, i13 %sext_ln58_217" [firmware/nnet_utils/nnet_dense_latency.h:58]   --->   Operation 2873 'add' 'add_ln58_568' <Predicate = true> <Delay = 0.74> <CoreInst = "Adder">   --->   Core 1 'Adder' <Latency = 0> <II = 1> <Delay = 0.74> <FuncUnit> <Opcode : 'add' 'sub'> <InPorts = 2> <OutPorts = 1>
ST_2 : Operation 2874 [1/1] (0.00ns)   --->   "%sext_ln58_224 = sext i13 %add_ln58_568" [firmware/nnet_utils/nnet_dense_latency.h:58]   --->   Operation 2874 'sext' 'sext_ln58_224' <Predicate = true> <Delay = 0.00>
ST_2 : Operation 2875 [1/1] (0.00ns)   --->   "%sext_ln58_227 = sext i13 %add_ln58_575" [firmware/nnet_utils/nnet_dense_latency.h:58]   --->   Operation 2875 'sext' 'sext_ln58_227' <Predicate = true> <Delay = 0.00>
ST_2 : Operation 2876 [1/1] (0.00ns)   --->   "%zext_ln58_403 = zext i12 %add_ln58_582" [firmware/nnet_utils/nnet_dense_latency.h:58]   --->   Operation 2876 'zext' 'zext_ln58_403' <Predicate = true> <Delay = 0.00>
ST_2 : Operation 2877 [1/1] (0.00ns) (grouped into TernaryAdder)   --->   "%add_ln58_583 = add i14 %zext_ln58_403, i14 %sext_ln58_227" [firmware/nnet_utils/nnet_dense_latency.h:58]   --->   Operation 2877 'add' 'add_ln58_583' <Predicate = true> <Delay = 0.00> <CoreInst = "TAddSub">   --->   Core 10 'TAddSub' <Latency = 0> <II = 1> <Delay = 0.34> <IPBlock> <Opcode : '' 'add' 'sub'> <InPorts = 3> <OutPorts = 1> <Sync> <CReg>
ST_2 : Operation 2878 [1/1] (0.71ns) (root node of TernaryAdder)   --->   "%add_ln58_584 = add i14 %add_ln58_583, i14 %sext_ln58_224" [firmware/nnet_utils/nnet_dense_latency.h:58]   --->   Operation 2878 'add' 'add_ln58_584' <Predicate = true> <Delay = 0.71> <CoreInst = "TAddSub">   --->   Core 10 'TAddSub' <Latency = 0> <II = 1> <Delay = 0.34> <IPBlock> <Opcode : '' 'add' 'sub'> <InPorts = 3> <OutPorts = 1> <Sync> <CReg>
ST_2 : Operation 2879 [1/1] (0.00ns)   --->   "%sext_ln58_228 = sext i14 %add_ln58_584" [firmware/nnet_utils/nnet_dense_latency.h:58]   --->   Operation 2879 'sext' 'sext_ln58_228' <Predicate = true> <Delay = 0.00>
ST_2 : Operation 2880 [1/1] (0.00ns)   --->   "%sext_ln58_231 = sext i11 %add_ln58_588" [firmware/nnet_utils/nnet_dense_latency.h:58]   --->   Operation 2880 'sext' 'sext_ln58_231' <Predicate = true> <Delay = 0.00>
ST_2 : Operation 2881 [1/1] (0.00ns)   --->   "%sext_ln58_235 = sext i11 %add_ln58_592" [firmware/nnet_utils/nnet_dense_latency.h:58]   --->   Operation 2881 'sext' 'sext_ln58_235' <Predicate = true> <Delay = 0.00>
ST_2 : Operation 2882 [1/1] (0.00ns)   --->   "%sext_ln58_239 = sext i12 %add_ln58_597" [firmware/nnet_utils/nnet_dense_latency.h:58]   --->   Operation 2882 'sext' 'sext_ln58_239' <Predicate = true> <Delay = 0.00>
ST_2 : Operation 2883 [1/1] (0.00ns) (grouped into TernaryAdder)   --->   "%add_ln58_598 = add i13 %sext_ln58_239, i13 %sext_ln58_235" [firmware/nnet_utils/nnet_dense_latency.h:58]   --->   Operation 2883 'add' 'add_ln58_598' <Predicate = true> <Delay = 0.00> <CoreInst = "TAddSub">   --->   Core 10 'TAddSub' <Latency = 0> <II = 1> <Delay = 0.34> <IPBlock> <Opcode : '' 'add' 'sub'> <InPorts = 3> <OutPorts = 1> <Sync> <CReg>
ST_2 : Operation 2884 [1/1] (0.00ns)   --->   "%sext_ln58_243 = sext i12 %add_ln58_609" [firmware/nnet_utils/nnet_dense_latency.h:58]   --->   Operation 2884 'sext' 'sext_ln58_243' <Predicate = true> <Delay = 0.00>
ST_2 : Operation 2885 [1/1] (0.73ns) (root node of TernaryAdder)   --->   "%add_ln58_610 = add i13 %sext_ln58_243, i13 %add_ln58_598" [firmware/nnet_utils/nnet_dense_latency.h:58]   --->   Operation 2885 'add' 'add_ln58_610' <Predicate = true> <Delay = 0.73> <CoreInst = "TAddSub">   --->   Core 10 'TAddSub' <Latency = 0> <II = 1> <Delay = 0.34> <IPBlock> <Opcode : '' 'add' 'sub'> <InPorts = 3> <OutPorts = 1> <Sync> <CReg>
ST_2 : Operation 2886 [1/1] (0.00ns)   --->   "%sext_ln58_244 = sext i13 %add_ln58_610" [firmware/nnet_utils/nnet_dense_latency.h:58]   --->   Operation 2886 'sext' 'sext_ln58_244' <Predicate = true> <Delay = 0.00>
ST_2 : Operation 2887 [1/1] (0.00ns)   --->   "%zext_ln58_416 = zext i13 %add_ln58_621" [firmware/nnet_utils/nnet_dense_latency.h:58]   --->   Operation 2887 'zext' 'zext_ln58_416' <Predicate = true> <Delay = 0.00>
ST_2 : Operation 2888 [1/1] (0.00ns)   --->   "%sext_ln58_247 = sext i12 %add_ln58_632" [firmware/nnet_utils/nnet_dense_latency.h:58]   --->   Operation 2888 'sext' 'sext_ln58_247' <Predicate = true> <Delay = 0.00>
ST_2 : Operation 2889 [1/1] (0.00ns) (grouped into TernaryAdder)   --->   "%add_ln58_633 = add i14 %sext_ln58_247, i14 %zext_ln58_416" [firmware/nnet_utils/nnet_dense_latency.h:58]   --->   Operation 2889 'add' 'add_ln58_633' <Predicate = true> <Delay = 0.00> <CoreInst = "TAddSub">   --->   Core 10 'TAddSub' <Latency = 0> <II = 1> <Delay = 0.34> <IPBlock> <Opcode : '' 'add' 'sub'> <InPorts = 3> <OutPorts = 1> <Sync> <CReg>
ST_2 : Operation 2890 [1/1] (0.71ns) (root node of TernaryAdder)   --->   "%add_ln58_634 = add i14 %add_ln58_633, i14 %sext_ln58_244" [firmware/nnet_utils/nnet_dense_latency.h:58]   --->   Operation 2890 'add' 'add_ln58_634' <Predicate = true> <Delay = 0.71> <CoreInst = "TAddSub">   --->   Core 10 'TAddSub' <Latency = 0> <II = 1> <Delay = 0.34> <IPBlock> <Opcode : '' 'add' 'sub'> <InPorts = 3> <OutPorts = 1> <Sync> <CReg>
ST_2 : Operation 2891 [1/1] (0.00ns)   --->   "%sext_ln58_248 = sext i14 %add_ln58_634" [firmware/nnet_utils/nnet_dense_latency.h:58]   --->   Operation 2891 'sext' 'sext_ln58_248' <Predicate = true> <Delay = 0.00>
ST_2 : Operation 2892 [1/1] (0.00ns)   --->   "%sext_ln58_251 = sext i12 %add_ln58_639" [firmware/nnet_utils/nnet_dense_latency.h:58]   --->   Operation 2892 'sext' 'sext_ln58_251' <Predicate = true> <Delay = 0.00>
ST_2 : Operation 2893 [1/1] (0.00ns)   --->   "%sext_ln58_255 = sext i13 %add_ln58_644" [firmware/nnet_utils/nnet_dense_latency.h:58]   --->   Operation 2893 'sext' 'sext_ln58_255' <Predicate = true> <Delay = 0.00>
ST_2 : Operation 2894 [1/1] (0.75ns)   --->   "%add_ln58_645 = add i14 %sext_ln58_255, i14 %sext_ln58_251" [firmware/nnet_utils/nnet_dense_latency.h:58]   --->   Operation 2894 'add' 'add_ln58_645' <Predicate = true> <Delay = 0.75> <CoreInst = "Adder">   --->   Core 1 'Adder' <Latency = 0> <II = 1> <Delay = 0.75> <FuncUnit> <Opcode : 'add' 'sub'> <InPorts = 2> <OutPorts = 1>
ST_2 : Operation 2895 [1/1] (0.00ns)   --->   "%sext_ln58_256 = sext i14 %add_ln58_645" [firmware/nnet_utils/nnet_dense_latency.h:58]   --->   Operation 2895 'sext' 'sext_ln58_256' <Predicate = true> <Delay = 0.00>
ST_2 : Operation 2896 [1/1] (0.00ns)   --->   "%sext_ln58_264 = sext i14 %add_ln58_656" [firmware/nnet_utils/nnet_dense_latency.h:58]   --->   Operation 2896 'sext' 'sext_ln58_264' <Predicate = true> <Delay = 0.00>
ST_2 : Operation 2897 [1/1] (0.00ns) (grouped into TernaryAdder)   --->   "%add_ln58_657 = add i15 %sext_ln58_264, i15 %sext_ln58_256" [firmware/nnet_utils/nnet_dense_latency.h:58]   --->   Operation 2897 'add' 'add_ln58_657' <Predicate = true> <Delay = 0.00> <CoreInst = "TAddSub">   --->   Core 10 'TAddSub' <Latency = 0> <II = 1> <Delay = 0.34> <IPBlock> <Opcode : '' 'add' 'sub'> <InPorts = 3> <OutPorts = 1> <Sync> <CReg>
ST_2 : Operation 2898 [1/1] (0.00ns)   --->   "%sext_ln58_267 = sext i14 %add_ln58_668" [firmware/nnet_utils/nnet_dense_latency.h:58]   --->   Operation 2898 'sext' 'sext_ln58_267' <Predicate = true> <Delay = 0.00>
ST_2 : Operation 2899 [1/1] (0.00ns)   --->   "%zext_ln58_437 = zext i12 %add_ln58_680" [firmware/nnet_utils/nnet_dense_latency.h:58]   --->   Operation 2899 'zext' 'zext_ln58_437' <Predicate = true> <Delay = 0.00>
ST_2 : Operation 2900 [1/1] (0.76ns)   --->   "%add_ln58_681 = add i15 %zext_ln58_437, i15 %sext_ln58_267" [firmware/nnet_utils/nnet_dense_latency.h:58]   --->   Operation 2900 'add' 'add_ln58_681' <Predicate = true> <Delay = 0.76> <CoreInst = "Adder">   --->   Core 1 'Adder' <Latency = 0> <II = 1> <Delay = 0.76> <FuncUnit> <Opcode : 'add' 'sub'> <InPorts = 2> <OutPorts = 1>
ST_2 : Operation 2901 [1/1] (0.69ns) (root node of TernaryAdder)   --->   "%add_ln58_682 = add i15 %add_ln58_681, i15 %add_ln58_657" [firmware/nnet_utils/nnet_dense_latency.h:58]   --->   Operation 2901 'add' 'add_ln58_682' <Predicate = true> <Delay = 0.69> <CoreInst = "TAddSub">   --->   Core 10 'TAddSub' <Latency = 0> <II = 1> <Delay = 0.34> <IPBlock> <Opcode : '' 'add' 'sub'> <InPorts = 3> <OutPorts = 1> <Sync> <CReg>
ST_2 : Operation 2902 [1/1] (0.00ns)   --->   "%add_ln58_695_cast = sext i15 %add_ln58_682" [firmware/nnet_utils/nnet_dense_latency.h:58]   --->   Operation 2902 'sext' 'add_ln58_695_cast' <Predicate = true> <Delay = 0.00>
ST_2 : Operation 2903 [1/1] (0.00ns)   --->   "%newret = insertvalue i513 <undef>, i19 %zext_ln58_151" [firmware/nnet_utils/nnet_dense_latency.h:58]   --->   Operation 2903 'insertvalue' 'newret' <Predicate = true> <Delay = 0.00>
ST_2 : Operation 2904 [1/1] (0.00ns)   --->   "%newret2 = insertvalue i513 %newret, i19 %sext_ln58_163" [firmware/nnet_utils/nnet_dense_latency.h:58]   --->   Operation 2904 'insertvalue' 'newret2' <Predicate = true> <Delay = 0.00>
ST_2 : Operation 2905 [1/1] (0.00ns)   --->   "%newret4 = insertvalue i513 %newret2, i19 %sext_ln58_15" [firmware/nnet_utils/nnet_dense_latency.h:58]   --->   Operation 2905 'insertvalue' 'newret4' <Predicate = true> <Delay = 0.00>
ST_2 : Operation 2906 [1/1] (0.00ns)   --->   "%newret6 = insertvalue i513 %newret4, i19 %sext_ln58_173" [firmware/nnet_utils/nnet_dense_latency.h:58]   --->   Operation 2906 'insertvalue' 'newret6' <Predicate = true> <Delay = 0.00>
ST_2 : Operation 2907 [1/1] (0.00ns)   --->   "%newret8 = insertvalue i513 %newret6, i19 %sext_ln58_178" [firmware/nnet_utils/nnet_dense_latency.h:58]   --->   Operation 2907 'insertvalue' 'newret8' <Predicate = true> <Delay = 0.00>
ST_2 : Operation 2908 [1/1] (0.00ns)   --->   "%newret10 = insertvalue i513 %newret8, i19 %sext_ln58_182" [firmware/nnet_utils/nnet_dense_latency.h:58]   --->   Operation 2908 'insertvalue' 'newret10' <Predicate = true> <Delay = 0.00>
ST_2 : Operation 2909 [1/1] (0.00ns)   --->   "%newret12 = insertvalue i513 %newret10, i19 %sext_ln58_26" [firmware/nnet_utils/nnet_dense_latency.h:58]   --->   Operation 2909 'insertvalue' 'newret12' <Predicate = true> <Delay = 0.00>
ST_2 : Operation 2910 [1/1] (0.00ns)   --->   "%newret14 = insertvalue i513 %newret12, i19 %sext_ln58_194" [firmware/nnet_utils/nnet_dense_latency.h:58]   --->   Operation 2910 'insertvalue' 'newret14' <Predicate = true> <Delay = 0.00>
ST_2 : Operation 2911 [1/1] (0.00ns)   --->   "%newret16 = insertvalue i513 %newret14, i19 %sext_ln58_72" [firmware/nnet_utils/nnet_dense_latency.h:58]   --->   Operation 2911 'insertvalue' 'newret16' <Predicate = true> <Delay = 0.00>
ST_2 : Operation 2912 [1/1] (0.00ns)   --->   "%newret18 = insertvalue i513 %newret16, i19 %sext_ln58_48" [firmware/nnet_utils/nnet_dense_latency.h:58]   --->   Operation 2912 'insertvalue' 'newret18' <Predicate = true> <Delay = 0.00>
ST_2 : Operation 2913 [1/1] (0.00ns)   --->   "%newret20 = insertvalue i513 %newret18, i19 %sext_ln58_3" [firmware/nnet_utils/nnet_dense_latency.h:58]   --->   Operation 2913 'insertvalue' 'newret20' <Predicate = true> <Delay = 0.00>
ST_2 : Operation 2914 [1/1] (0.00ns)   --->   "%newret22 = insertvalue i513 %newret20, i19 %sext_ln58_202" [firmware/nnet_utils/nnet_dense_latency.h:58]   --->   Operation 2914 'insertvalue' 'newret22' <Predicate = true> <Delay = 0.00>
ST_2 : Operation 2915 [1/1] (0.00ns)   --->   "%newret24 = insertvalue i513 %newret22, i19 %sext_ln58_29" [firmware/nnet_utils/nnet_dense_latency.h:58]   --->   Operation 2915 'insertvalue' 'newret24' <Predicate = true> <Delay = 0.00>
ST_2 : Operation 2916 [1/1] (0.00ns)   --->   "%newret26 = insertvalue i513 %newret24, i19 %sext_ln58_78" [firmware/nnet_utils/nnet_dense_latency.h:58]   --->   Operation 2916 'insertvalue' 'newret26' <Predicate = true> <Delay = 0.00>
ST_2 : Operation 2917 [1/1] (0.00ns)   --->   "%newret27 = insertvalue i513 %newret26, i19 %sext_ln58_86" [firmware/nnet_utils/nnet_dense_latency.h:58]   --->   Operation 2917 'insertvalue' 'newret27' <Predicate = true> <Delay = 0.00>
ST_2 : Operation 2918 [1/1] (0.00ns)   --->   "%newret28 = insertvalue i513 %newret27, i19 %sext_ln58_102" [firmware/nnet_utils/nnet_dense_latency.h:58]   --->   Operation 2918 'insertvalue' 'newret28' <Predicate = true> <Delay = 0.00>
ST_2 : Operation 2919 [1/1] (0.00ns)   --->   "%newret29 = insertvalue i513 %newret28, i19 %sext_ln58_127" [firmware/nnet_utils/nnet_dense_latency.h:58]   --->   Operation 2919 'insertvalue' 'newret29' <Predicate = true> <Delay = 0.00>
ST_2 : Operation 2920 [1/1] (0.00ns)   --->   "%newret30 = insertvalue i513 %newret29, i19 %sext_ln58_212" [firmware/nnet_utils/nnet_dense_latency.h:58]   --->   Operation 2920 'insertvalue' 'newret30' <Predicate = true> <Delay = 0.00>
ST_2 : Operation 2921 [1/1] (0.00ns)   --->   "%newret31 = insertvalue i513 %newret30, i19 %sext_ln58_228" [firmware/nnet_utils/nnet_dense_latency.h:58]   --->   Operation 2921 'insertvalue' 'newret31' <Predicate = true> <Delay = 0.00>
ST_2 : Operation 2922 [1/1] (0.00ns)   --->   "%newret32 = insertvalue i513 %newret31, i19 %sext_ln58_134" [firmware/nnet_utils/nnet_dense_latency.h:58]   --->   Operation 2922 'insertvalue' 'newret32' <Predicate = true> <Delay = 0.00>
ST_2 : Operation 2923 [1/1] (0.00ns)   --->   "%newret33 = insertvalue i513 %newret32, i19 %sext_ln58_55" [firmware/nnet_utils/nnet_dense_latency.h:58]   --->   Operation 2923 'insertvalue' 'newret33' <Predicate = true> <Delay = 0.00>
ST_2 : Operation 2924 [1/1] (0.00ns)   --->   "%newret34 = insertvalue i513 %newret33, i19 %sext_ln58_9" [firmware/nnet_utils/nnet_dense_latency.h:58]   --->   Operation 2924 'insertvalue' 'newret34' <Predicate = true> <Delay = 0.00>
ST_2 : Operation 2925 [1/1] (0.00ns)   --->   "%newret35 = insertvalue i513 %newret34, i19 %sext_ln58_231" [firmware/nnet_utils/nnet_dense_latency.h:58]   --->   Operation 2925 'insertvalue' 'newret35' <Predicate = true> <Delay = 0.00>
ST_2 : Operation 2926 [1/1] (0.00ns)   --->   "%newret36 = insertvalue i513 %newret35, i19 %sext_ln58_41" [firmware/nnet_utils/nnet_dense_latency.h:58]   --->   Operation 2926 'insertvalue' 'newret36' <Predicate = true> <Delay = 0.00>
ST_2 : Operation 2927 [1/1] (0.00ns)   --->   "%newret37 = insertvalue i513 %newret36, i19 %sext_ln58_143" [firmware/nnet_utils/nnet_dense_latency.h:58]   --->   Operation 2927 'insertvalue' 'newret37' <Predicate = true> <Delay = 0.00>
ST_2 : Operation 2928 [1/1] (0.00ns)   --->   "%newret38 = insertvalue i513 %newret37, i19 %sext_ln58_248" [firmware/nnet_utils/nnet_dense_latency.h:58]   --->   Operation 2928 'insertvalue' 'newret38' <Predicate = true> <Delay = 0.00>
ST_2 : Operation 2929 [1/1] (0.00ns)   --->   "%newret39 = insertvalue i513 %newret38, i19 %add_ln58_695_cast" [firmware/nnet_utils/nnet_dense_latency.h:58]   --->   Operation 2929 'insertvalue' 'newret39' <Predicate = true> <Delay = 0.00>
ST_2 : Operation 2930 [1/1] (0.00ns)   --->   "%ret_ln58 = ret i513 %newret39" [firmware/nnet_utils/nnet_dense_latency.h:58]   --->   Operation 2930 'ret' 'ret_ln58' <Predicate = true> <Delay = 0.00>


============================================================
+ Verbose Summary: Timing violations
============================================================
Target clock period: 5.000ns, clock uncertainty: 1.350ns.

 <State 1>: 3.648ns
The critical path consists of the following:
	wire read operation ('data_10_val_read', firmware/nnet_utils/nnet_mult.h:70->firmware/nnet_utils/nnet_dense_latency.h:42) on port 'data_10_val' (firmware/nnet_utils/nnet_mult.h:70->firmware/nnet_utils/nnet_dense_latency.h:42) [120]  (0.000 ns)
	'sub' operation 9 bit ('sub_ln73_60', firmware/nnet_utils/nnet_mult.h:73->firmware/nnet_utils/nnet_dense_latency.h:42) [354]  (0.715 ns)
	'add' operation 10 bit ('add_ln58_403', firmware/nnet_utils/nnet_dense_latency.h:58) [2458]  (0.715 ns)
	'add' operation 11 bit ('add_ln58_404', firmware/nnet_utils/nnet_dense_latency.h:58) [2460]  (0.725 ns)
	'add' operation 12 bit ('add_ln58_405', firmware/nnet_utils/nnet_dense_latency.h:58) [2462]  (0.756 ns)
	'add' operation 13 bit ('add_ln58_406', firmware/nnet_utils/nnet_dense_latency.h:58) [2464]  (0.736 ns)

 <State 2>: 2.216ns
The critical path consists of the following:
	'add' operation 13 bit ('add_ln58_291', firmware/nnet_utils/nnet_dense_latency.h:58) [2250]  (0.745 ns)
	'add' operation 14 bit ('add_ln58_303', firmware/nnet_utils/nnet_dense_latency.h:58) [2276]  (0.755 ns)
	'add' operation 14 bit ('add_ln58_304', firmware/nnet_utils/nnet_dense_latency.h:58) [2277]  (0.716 ns)


============================================================
+ Verbose Summary: Binding
============================================================
N/A
* FSMD analyzer results:
  - Output states:
 - Input state : 
  - Chain level:
	State 1
	State 2


============================================================
+ Verbose Summary: Datapath Resource usage 
============================================================
N/A
