

================================================================
== Vitis HLS Report for 'dense_latency_ap_fixed_16_7_5_3_0_ap_fixed_27_13_5_3_0_config2_s'
================================================================
* Date:           Mon Nov 10 15:41:32 2025

* Version:        2024.1 (Build 5069499 on May 21 2024)
* Project:        myproject_prj
* Solution:       solution1 (Vivado IP Flow Target)
* Product family: virtexuplus
* Target device:  xcu250-figd2104-2L-e


================================================================
== Performance Estimates
================================================================
+ Timing: 
    * Summary: 
    +--------+---------+----------+------------+
    |  Clock |  Target | Estimated| Uncertainty|
    +--------+---------+----------+------------+
    |ap_clk  |  5.00 ns|  3.569 ns|     1.35 ns|
    +--------+---------+----------+------------+

+ Latency: 
    * Summary: 
    +---------+---------+----------+----------+-----+-----+---------+
    |  Latency (cycles) |  Latency (absolute) |  Interval | Pipeline|
    |   min   |   max   |    min   |    max   | min | max |   Type  |
    +---------+---------+----------+----------+-----+-----+---------+
    |        1|        1|  5.000 ns|  5.000 ns|    1|    1|      yes|
    +---------+---------+----------+----------+-----+-----+---------+

    + Detail: 
        * Instance: 
        N/A

        * Loop: 
        N/A

============================================================
+ Verbose Summary: Synthesis Manager
============================================================
InlineROM: 1
ExposeGlobal: 0
============================================================
+ Verbose Summary: CDFG Model
============================================================
IsTopModel: 0
ResetActiveHigh: 1
IsCombinational: 0
IsDatapathOnly: 0
HasWiredReturn: 1
HasMFsm: 2
HasVarLatency: 0
IsPipeline: 1
IsRtlPipelined: 1
IsInstanceOverlapped: 0
IsDontTouch: 0
HasImplIP: 0
IsGatedGlobalClock: 0

+ Individual pipeline summary: 
  * Pipeline-0: initiation interval (II) = 1, depth = 2


============================================================
+ Verbose Summary: Schedule
============================================================
* Number of FSM states : 2
* Pipeline : 1
  Pipeline-0 : II = 1, D = 2, States = { 1 2 }
* Dataflow Pipeline: 0

* FSM state transitions: 
1 --> 2 
2 --> 

* FSM state operations: 

State 1 <SV = 0> <Delay = 3.56>
ST_1 : Operation 3 [1/1] (0.00ns)   --->   "%data_val_read = read i256 @_ssdm_op_Read.ap_auto.i256, i256 %data_val"   --->   Operation 3 'read' 'data_val_read' <Predicate = true> <Delay = 0.00>
ST_1 : Operation 4 [1/1] (0.00ns)   --->   "%a = trunc i256 %data_val_read"   --->   Operation 4 'trunc' 'a' <Predicate = true> <Delay = 0.00>
ST_1 : Operation 5 [1/1] (0.00ns)   --->   "%sext_ln73 = sext i16 %a" [firmware/nnet_utils/nnet_mult.h:73->firmware/nnet_utils/nnet_dense_latency.h:42]   --->   Operation 5 'sext' 'sext_ln73' <Predicate = true> <Delay = 0.00>
ST_1 : Operation 6 [1/1] (0.00ns)   --->   "%sext_ln73_35 = sext i16 %a" [firmware/nnet_utils/nnet_mult.h:73->firmware/nnet_utils/nnet_dense_latency.h:42]   --->   Operation 6 'sext' 'sext_ln73_35' <Predicate = true> <Delay = 0.00>
ST_1 : Operation 7 [1/1] (0.00ns)   --->   "%sext_ln73_36 = sext i16 %a" [firmware/nnet_utils/nnet_mult.h:73->firmware/nnet_utils/nnet_dense_latency.h:42]   --->   Operation 7 'sext' 'sext_ln73_36' <Predicate = true> <Delay = 0.00>
ST_1 : Operation 8 [1/1] (0.00ns)   --->   "%sext_ln73_37 = sext i16 %a" [firmware/nnet_utils/nnet_mult.h:73->firmware/nnet_utils/nnet_dense_latency.h:42]   --->   Operation 8 'sext' 'sext_ln73_37' <Predicate = true> <Delay = 0.00>
ST_1 : Operation 9 [1/1] (0.00ns)   --->   "%sext_ln73_38 = sext i16 %a" [firmware/nnet_utils/nnet_mult.h:73->firmware/nnet_utils/nnet_dense_latency.h:42]   --->   Operation 9 'sext' 'sext_ln73_38' <Predicate = true> <Delay = 0.00>
ST_1 : Operation 10 [1/1] (0.00ns)   --->   "%tmp = bitconcatenate i20 @_ssdm_op_BitConcatenate.i20.i16.i4, i16 %a, i4 0" [firmware/nnet_utils/nnet_mult.h:73->firmware/nnet_utils/nnet_dense_latency.h:42]   --->   Operation 10 'bitconcatenate' 'tmp' <Predicate = true> <Delay = 0.00>
ST_1 : Operation 11 [1/1] (0.00ns)   --->   "%sext_ln73_40 = sext i20 %tmp" [firmware/nnet_utils/nnet_mult.h:73->firmware/nnet_utils/nnet_dense_latency.h:42]   --->   Operation 11 'sext' 'sext_ln73_40' <Predicate = true> <Delay = 0.00>
ST_1 : Operation 12 [1/1] (0.00ns)   --->   "%mult_502 = bitconcatenate i18 @_ssdm_op_BitConcatenate.i18.i16.i2, i16 %a, i2 0" [firmware/nnet_utils/nnet_mult.h:73->firmware/nnet_utils/nnet_dense_latency.h:42]   --->   Operation 12 'bitconcatenate' 'mult_502' <Predicate = true> <Delay = 0.00>
ST_1 : Operation 13 [1/1] (0.00ns)   --->   "%sext_ln73_44 = sext i18 %mult_502" [firmware/nnet_utils/nnet_mult.h:73->firmware/nnet_utils/nnet_dense_latency.h:42]   --->   Operation 13 'sext' 'sext_ln73_44' <Predicate = true> <Delay = 0.00>
ST_1 : Operation 14 [1/1] (0.00ns) (grouped into TernaryAdder)   --->   "%mult = sub i21 %sext_ln73_44, i21 %sext_ln73_40" [firmware/nnet_utils/nnet_mult.h:73->firmware/nnet_utils/nnet_dense_latency.h:42]   --->   Operation 14 'sub' 'mult' <Predicate = true> <Delay = 0.00> <CoreInst = "TAddSub">   --->   Core 10 'TAddSub' <Latency = 0> <II = 1> <Delay = 0.34> <IPBlock> <Opcode : '' 'add' 'sub'> <InPorts = 3> <OutPorts = 1> <Sync> <CReg>
ST_1 : Operation 15 [1/1] (0.80ns)   --->   "%mult_493 = sub i21 %sext_ln73_40, i21 %sext_ln73_44" [firmware/nnet_utils/nnet_mult.h:73->firmware/nnet_utils/nnet_dense_latency.h:42]   --->   Operation 15 'sub' 'mult_493' <Predicate = true> <Delay = 0.80> <CoreInst = "Adder">   --->   Core 1 'Adder' <Latency = 0> <II = 1> <Delay = 0.80> <FuncUnit> <Opcode : 'add' 'sub'> <InPorts = 2> <OutPorts = 1>
ST_1 : Operation 16 [1/1] (0.00ns)   --->   "%mult_494 = bitconcatenate i17 @_ssdm_op_BitConcatenate.i17.i16.i1, i16 %a, i1 0" [firmware/nnet_utils/nnet_mult.h:73->firmware/nnet_utils/nnet_dense_latency.h:42]   --->   Operation 16 'bitconcatenate' 'mult_494' <Predicate = true> <Delay = 0.00>
ST_1 : Operation 17 [1/1] (0.00ns)   --->   "%sext_ln17 = sext i17 %mult_494" [firmware/nnet_utils/nnet_dense_latency.h:17]   --->   Operation 17 'sext' 'sext_ln17' <Predicate = true> <Delay = 0.00>
ST_1 : Operation 18 [1/1] (0.00ns)   --->   "%sext_ln17_328 = sext i17 %mult_494" [firmware/nnet_utils/nnet_dense_latency.h:17]   --->   Operation 18 'sext' 'sext_ln17_328' <Predicate = true> <Delay = 0.00>
ST_1 : Operation 19 [1/1] (0.00ns)   --->   "%sext_ln17_329 = sext i17 %mult_494" [firmware/nnet_utils/nnet_dense_latency.h:17]   --->   Operation 19 'sext' 'sext_ln17_329' <Predicate = true> <Delay = 0.00>
ST_1 : Operation 20 [1/1] (0.00ns)   --->   "%sext_ln73_51 = sext i18 %mult_502" [firmware/nnet_utils/nnet_mult.h:73->firmware/nnet_utils/nnet_dense_latency.h:42]   --->   Operation 20 'sext' 'sext_ln73_51' <Predicate = true> <Delay = 0.00>
ST_1 : Operation 21 [1/1] (0.79ns)   --->   "%mult_495 = sub i19 %sext_ln73_51, i19 %sext_ln73_36" [firmware/nnet_utils/nnet_mult.h:73->firmware/nnet_utils/nnet_dense_latency.h:42]   --->   Operation 21 'sub' 'mult_495' <Predicate = true> <Delay = 0.79> <CoreInst = "Adder">   --->   Core 1 'Adder' <Latency = 0> <II = 1> <Delay = 0.79> <FuncUnit> <Opcode : 'add' 'sub'> <InPorts = 2> <OutPorts = 1>
ST_1 : Operation 22 [1/1] (0.00ns)   --->   "%sext_ln17_330 = sext i19 %mult_495" [firmware/nnet_utils/nnet_dense_latency.h:17]   --->   Operation 22 'sext' 'sext_ln17_330' <Predicate = true> <Delay = 0.00>
ST_1 : Operation 23 [1/1] (0.79ns)   --->   "%mult_496 = sub i19 0, i19 %sext_ln73_51" [firmware/nnet_utils/nnet_mult.h:73->firmware/nnet_utils/nnet_dense_latency.h:42]   --->   Operation 23 'sub' 'mult_496' <Predicate = true> <Delay = 0.79> <CoreInst = "Adder">   --->   Core 1 'Adder' <Latency = 0> <II = 1> <Delay = 0.79> <FuncUnit> <Opcode : 'add' 'sub'> <InPorts = 2> <OutPorts = 1>
ST_1 : Operation 24 [1/1] (0.00ns)   --->   "%sext_ln17_331 = sext i19 %mult_496" [firmware/nnet_utils/nnet_dense_latency.h:17]   --->   Operation 24 'sext' 'sext_ln17_331' <Predicate = true> <Delay = 0.00>
ST_1 : Operation 25 [1/1] (0.00ns)   --->   "%sext_ln17_332 = sext i19 %mult_496" [firmware/nnet_utils/nnet_dense_latency.h:17]   --->   Operation 25 'sext' 'sext_ln17_332' <Predicate = true> <Delay = 0.00>
ST_1 : Operation 26 [1/1] (0.00ns)   --->   "%tmp_1004 = bitconcatenate i19 @_ssdm_op_BitConcatenate.i19.i16.i3, i16 %a, i3 0" [firmware/nnet_utils/nnet_mult.h:73->firmware/nnet_utils/nnet_dense_latency.h:42]   --->   Operation 26 'bitconcatenate' 'tmp_1004' <Predicate = true> <Delay = 0.00>
ST_1 : Operation 27 [1/1] (0.00ns)   --->   "%sext_ln73_68 = sext i19 %tmp_1004" [firmware/nnet_utils/nnet_mult.h:73->firmware/nnet_utils/nnet_dense_latency.h:42]   --->   Operation 27 'sext' 'sext_ln73_68' <Predicate = true> <Delay = 0.00>
ST_1 : Operation 28 [1/1] (0.00ns) (grouped into TernaryAdder)   --->   "%mult_497 = sub i20 %sext_ln73_68, i20 %sext_ln17_329" [firmware/nnet_utils/nnet_mult.h:73->firmware/nnet_utils/nnet_dense_latency.h:42]   --->   Operation 28 'sub' 'mult_497' <Predicate = true> <Delay = 0.00> <CoreInst = "TAddSub">   --->   Core 10 'TAddSub' <Latency = 0> <II = 1> <Delay = 0.34> <IPBlock> <Opcode : '' 'add' 'sub'> <InPorts = 3> <OutPorts = 1> <Sync> <CReg>
ST_1 : Operation 29 [1/1] (0.78ns)   --->   "%mult_499 = sub i17 0, i17 %sext_ln73_37" [firmware/nnet_utils/nnet_mult.h:73->firmware/nnet_utils/nnet_dense_latency.h:42]   --->   Operation 29 'sub' 'mult_499' <Predicate = true> <Delay = 0.78> <CoreInst = "Adder">   --->   Core 1 'Adder' <Latency = 0> <II = 1> <Delay = 0.78> <FuncUnit> <Opcode : 'add' 'sub'> <InPorts = 2> <OutPorts = 1>
ST_1 : Operation 30 [1/1] (0.00ns)   --->   "%sext_ln17_333 = sext i17 %mult_499" [firmware/nnet_utils/nnet_dense_latency.h:17]   --->   Operation 30 'sext' 'sext_ln17_333' <Predicate = true> <Delay = 0.00>
ST_1 : Operation 31 [1/1] (0.00ns)   --->   "%sext_ln17_334 = sext i17 %mult_499" [firmware/nnet_utils/nnet_dense_latency.h:17]   --->   Operation 31 'sext' 'sext_ln17_334' <Predicate = true> <Delay = 0.00>
ST_1 : Operation 32 [1/1] (0.80ns)   --->   "%mult_500 = sub i20 %sext_ln73_35, i20 %sext_ln73_68" [firmware/nnet_utils/nnet_mult.h:73->firmware/nnet_utils/nnet_dense_latency.h:42]   --->   Operation 32 'sub' 'mult_500' <Predicate = true> <Delay = 0.80> <CoreInst = "Adder">   --->   Core 1 'Adder' <Latency = 0> <II = 1> <Delay = 0.80> <FuncUnit> <Opcode : 'add' 'sub'> <InPorts = 2> <OutPorts = 1>
ST_1 : Operation 33 [1/1] (0.00ns)   --->   "%sext_ln17_335 = sext i20 %mult_500" [firmware/nnet_utils/nnet_dense_latency.h:17]   --->   Operation 33 'sext' 'sext_ln17_335' <Predicate = true> <Delay = 0.00>
ST_1 : Operation 34 [1/1] (0.79ns)   --->   "%mult_501 = sub i19 %sext_ln73_36, i19 %sext_ln73_51" [firmware/nnet_utils/nnet_mult.h:73->firmware/nnet_utils/nnet_dense_latency.h:42]   --->   Operation 34 'sub' 'mult_501' <Predicate = true> <Delay = 0.79> <CoreInst = "Adder">   --->   Core 1 'Adder' <Latency = 0> <II = 1> <Delay = 0.79> <FuncUnit> <Opcode : 'add' 'sub'> <InPorts = 2> <OutPorts = 1>
ST_1 : Operation 35 [1/1] (0.00ns)   --->   "%sext_ln17_336 = sext i19 %mult_501" [firmware/nnet_utils/nnet_dense_latency.h:17]   --->   Operation 35 'sext' 'sext_ln17_336' <Predicate = true> <Delay = 0.00>
ST_1 : Operation 36 [1/1] (0.00ns)   --->   "%sext_ln17_337 = sext i19 %mult_501" [firmware/nnet_utils/nnet_dense_latency.h:17]   --->   Operation 36 'sext' 'sext_ln17_337' <Predicate = true> <Delay = 0.00>
ST_1 : Operation 37 [1/1] (1.94ns)   --->   "%mul_ln17 = mul i21 %sext_ln73_38, i21 2097133" [firmware/nnet_utils/nnet_dense_latency.h:17]   --->   Operation 37 'mul' 'mul_ln17' <Predicate = true> <Delay = 1.94> <CoreInst = "Multiplier">   --->   Core 3 'Multiplier' <Latency = 0> <II = 1> <Delay = 1.94> <FuncUnit> <Opcode : 'mul'> <InPorts = 2> <OutPorts = 1>
ST_1 : Operation 38 [1/1] (0.80ns)   --->   "%mult_503 = sub i21 %sext_ln73_40, i21 %sext_ln73_38" [firmware/nnet_utils/nnet_mult.h:73->firmware/nnet_utils/nnet_dense_latency.h:42]   --->   Operation 38 'sub' 'mult_503' <Predicate = true> <Delay = 0.80> <CoreInst = "Adder">   --->   Core 1 'Adder' <Latency = 0> <II = 1> <Delay = 0.80> <FuncUnit> <Opcode : 'add' 'sub'> <InPorts = 2> <OutPorts = 1>
ST_1 : Operation 39 [1/1] (0.00ns)   --->   "%sext_ln17_338 = sext i21 %mult_503" [firmware/nnet_utils/nnet_dense_latency.h:17]   --->   Operation 39 'sext' 'sext_ln17_338' <Predicate = true> <Delay = 0.00>
ST_1 : Operation 40 [1/1] (0.00ns)   --->   "%sext_ln73_69 = sext i17 %mult_494" [firmware/nnet_utils/nnet_mult.h:73->firmware/nnet_utils/nnet_dense_latency.h:42]   --->   Operation 40 'sext' 'sext_ln73_69' <Predicate = true> <Delay = 0.00>
ST_1 : Operation 41 [1/1] (0.79ns)   --->   "%mult_504 = sub i18 0, i18 %sext_ln73_69" [firmware/nnet_utils/nnet_mult.h:73->firmware/nnet_utils/nnet_dense_latency.h:42]   --->   Operation 41 'sub' 'mult_504' <Predicate = true> <Delay = 0.79> <CoreInst = "Adder">   --->   Core 1 'Adder' <Latency = 0> <II = 1> <Delay = 0.79> <FuncUnit> <Opcode : 'add' 'sub'> <InPorts = 2> <OutPorts = 1>
ST_1 : Operation 42 [1/1] (0.00ns)   --->   "%sext_ln17_339 = sext i18 %mult_504" [firmware/nnet_utils/nnet_dense_latency.h:17]   --->   Operation 42 'sext' 'sext_ln17_339' <Predicate = true> <Delay = 0.00>
ST_1 : Operation 43 [1/1] (0.00ns)   --->   "%sext_ln17_340 = sext i18 %mult_504" [firmware/nnet_utils/nnet_dense_latency.h:17]   --->   Operation 43 'sext' 'sext_ln17_340' <Predicate = true> <Delay = 0.00>
ST_1 : Operation 44 [1/1] (1.94ns)   --->   "%mul_ln17_1 = mul i21 %sext_ln73_38, i21 19" [firmware/nnet_utils/nnet_dense_latency.h:17]   --->   Operation 44 'mul' 'mul_ln17_1' <Predicate = true> <Delay = 1.94> <CoreInst = "Multiplier">   --->   Core 3 'Multiplier' <Latency = 0> <II = 1> <Delay = 1.94> <FuncUnit> <Opcode : 'mul'> <InPorts = 2> <OutPorts = 1>
ST_1 : Operation 45 [1/1] (0.80ns)   --->   "%mult_505 = sub i20 %sext_ln73_68, i20 %sext_ln73_35" [firmware/nnet_utils/nnet_mult.h:73->firmware/nnet_utils/nnet_dense_latency.h:42]   --->   Operation 45 'sub' 'mult_505' <Predicate = true> <Delay = 0.80> <CoreInst = "Adder">   --->   Core 1 'Adder' <Latency = 0> <II = 1> <Delay = 0.80> <FuncUnit> <Opcode : 'add' 'sub'> <InPorts = 2> <OutPorts = 1>
ST_1 : Operation 46 [1/1] (0.00ns)   --->   "%sext_ln17_341 = sext i20 %mult_505" [firmware/nnet_utils/nnet_dense_latency.h:17]   --->   Operation 46 'sext' 'sext_ln17_341' <Predicate = true> <Delay = 0.00>
ST_1 : Operation 47 [1/1] (0.00ns)   --->   "%sext_ln73_72 = sext i19 %tmp_1004" [firmware/nnet_utils/nnet_mult.h:73->firmware/nnet_utils/nnet_dense_latency.h:42]   --->   Operation 47 'sext' 'sext_ln73_72' <Predicate = true> <Delay = 0.00>
ST_1 : Operation 48 [1/1] (0.00ns) (grouped into TernaryAdder)   --->   "%sub_ln73 = sub i21 0, i21 %sext_ln73_72" [firmware/nnet_utils/nnet_mult.h:73->firmware/nnet_utils/nnet_dense_latency.h:42]   --->   Operation 48 'sub' 'sub_ln73' <Predicate = true> <Delay = 0.00> <CoreInst = "TAddSub">   --->   Core 10 'TAddSub' <Latency = 0> <II = 1> <Delay = 0.34> <IPBlock> <Opcode : '' 'add' 'sub'> <InPorts = 3> <OutPorts = 1> <Sync> <CReg>
ST_1 : Operation 49 [1/1] (0.69ns) (root node of TernaryAdder)   --->   "%mult_506 = sub i21 %sub_ln73, i21 %sext_ln73_38" [firmware/nnet_utils/nnet_mult.h:73->firmware/nnet_utils/nnet_dense_latency.h:42]   --->   Operation 49 'sub' 'mult_506' <Predicate = true> <Delay = 0.69> <CoreInst = "TAddSub">   --->   Core 10 'TAddSub' <Latency = 0> <II = 1> <Delay = 0.34> <IPBlock> <Opcode : '' 'add' 'sub'> <InPorts = 3> <OutPorts = 1> <Sync> <CReg>
ST_1 : Operation 50 [1/1] (0.00ns)   --->   "%trunc_ln17 = trunc i21 %mult_506" [firmware/nnet_utils/nnet_dense_latency.h:17]   --->   Operation 50 'trunc' 'trunc_ln17' <Predicate = true> <Delay = 0.00>
ST_1 : Operation 51 [1/1] (0.00ns)   --->   "%sext_ln73_75 = sext i18 %mult_502" [firmware/nnet_utils/nnet_mult.h:73->firmware/nnet_utils/nnet_dense_latency.h:42]   --->   Operation 51 'sext' 'sext_ln73_75' <Predicate = true> <Delay = 0.00>
ST_1 : Operation 52 [1/1] (0.00ns) (grouped into TernaryAdder)   --->   "%sub_ln73_633 = sub i20 0, i20 %sext_ln73_75" [firmware/nnet_utils/nnet_mult.h:73->firmware/nnet_utils/nnet_dense_latency.h:42]   --->   Operation 52 'sub' 'sub_ln73_633' <Predicate = true> <Delay = 0.00> <CoreInst = "TAddSub">   --->   Core 10 'TAddSub' <Latency = 0> <II = 1> <Delay = 0.34> <IPBlock> <Opcode : '' 'add' 'sub'> <InPorts = 3> <OutPorts = 1> <Sync> <CReg>
ST_1 : Operation 53 [1/1] (0.68ns) (root node of TernaryAdder)   --->   "%mult_507 = sub i20 %sub_ln73_633, i20 %sext_ln73_35" [firmware/nnet_utils/nnet_mult.h:73->firmware/nnet_utils/nnet_dense_latency.h:42]   --->   Operation 53 'sub' 'mult_507' <Predicate = true> <Delay = 0.68> <CoreInst = "TAddSub">   --->   Core 10 'TAddSub' <Latency = 0> <II = 1> <Delay = 0.34> <IPBlock> <Opcode : '' 'add' 'sub'> <InPorts = 3> <OutPorts = 1> <Sync> <CReg>
ST_1 : Operation 54 [1/1] (0.00ns) (grouped into TernaryAdder)   --->   "%mult_508 = add i21 %sext_ln73_72, i21 %sext_ln73_38" [firmware/nnet_utils/nnet_mult.h:73->firmware/nnet_utils/nnet_dense_latency.h:42]   --->   Operation 54 'add' 'mult_508' <Predicate = true> <Delay = 0.00> <CoreInst = "TAddSub">   --->   Core 10 'TAddSub' <Latency = 0> <II = 1> <Delay = 0.34> <IPBlock> <Opcode : '' 'add' 'sub'> <InPorts = 3> <OutPorts = 1> <Sync> <CReg>
ST_1 : Operation 55 [1/1] (0.79ns)   --->   "%mult_509 = add i20 %sext_ln73_75, i20 %sext_ln73_35" [firmware/nnet_utils/nnet_mult.h:73->firmware/nnet_utils/nnet_dense_latency.h:42]   --->   Operation 55 'add' 'mult_509' <Predicate = true> <Delay = 0.79> <CoreInst = "Adder">   --->   Core 1 'Adder' <Latency = 0> <II = 1> <Delay = 0.79> <FuncUnit> <Opcode : 'add' 'sub'> <InPorts = 2> <OutPorts = 1>
ST_1 : Operation 56 [1/1] (0.00ns)   --->   "%trunc_ln17_1 = trunc i20 %mult_509" [firmware/nnet_utils/nnet_dense_latency.h:17]   --->   Operation 56 'trunc' 'trunc_ln17_1' <Predicate = true> <Delay = 0.00>
ST_1 : Operation 57 [1/1] (0.00ns)   --->   "%sext_ln17_342 = sext i20 %mult_509" [firmware/nnet_utils/nnet_dense_latency.h:17]   --->   Operation 57 'sext' 'sext_ln17_342' <Predicate = true> <Delay = 0.00>
ST_1 : Operation 58 [1/1] (0.00ns)   --->   "%a_1 = partselect i16 @_ssdm_op_PartSelect.i16.i256.i32.i32, i256 %data_val_read, i32 16, i32 31"   --->   Operation 58 'partselect' 'a_1' <Predicate = true> <Delay = 0.00>
ST_1 : Operation 59 [1/1] (0.00ns)   --->   "%sext_ln73_39 = sext i16 %a_1" [firmware/nnet_utils/nnet_mult.h:73->firmware/nnet_utils/nnet_dense_latency.h:42]   --->   Operation 59 'sext' 'sext_ln73_39' <Predicate = true> <Delay = 0.00>
ST_1 : Operation 60 [1/1] (0.00ns)   --->   "%sext_ln73_41 = sext i16 %a_1" [firmware/nnet_utils/nnet_mult.h:73->firmware/nnet_utils/nnet_dense_latency.h:42]   --->   Operation 60 'sext' 'sext_ln73_41' <Predicate = true> <Delay = 0.00>
ST_1 : Operation 61 [1/1] (0.00ns)   --->   "%sext_ln73_42 = sext i16 %a_1" [firmware/nnet_utils/nnet_mult.h:73->firmware/nnet_utils/nnet_dense_latency.h:42]   --->   Operation 61 'sext' 'sext_ln73_42' <Predicate = true> <Delay = 0.00>
ST_1 : Operation 62 [1/1] (0.00ns)   --->   "%sext_ln73_43 = sext i16 %a_1" [firmware/nnet_utils/nnet_mult.h:73->firmware/nnet_utils/nnet_dense_latency.h:42]   --->   Operation 62 'sext' 'sext_ln73_43' <Predicate = true> <Delay = 0.00>
ST_1 : Operation 63 [1/1] (0.00ns)   --->   "%mult_515 = bitconcatenate i18 @_ssdm_op_BitConcatenate.i18.i16.i2, i16 %a_1, i2 0" [firmware/nnet_utils/nnet_mult.h:73->firmware/nnet_utils/nnet_dense_latency.h:42]   --->   Operation 63 'bitconcatenate' 'mult_515' <Predicate = true> <Delay = 0.00>
ST_1 : Operation 64 [1/1] (0.00ns)   --->   "%sext_ln73_79 = sext i18 %mult_515" [firmware/nnet_utils/nnet_mult.h:73->firmware/nnet_utils/nnet_dense_latency.h:42]   --->   Operation 64 'sext' 'sext_ln73_79' <Predicate = true> <Delay = 0.00>
ST_1 : Operation 65 [1/1] (0.00ns) (grouped into TernaryAdder)   --->   "%sub_ln73_635 = sub i20 0, i20 %sext_ln73_79" [firmware/nnet_utils/nnet_mult.h:73->firmware/nnet_utils/nnet_dense_latency.h:42]   --->   Operation 65 'sub' 'sub_ln73_635' <Predicate = true> <Delay = 0.00> <CoreInst = "TAddSub">   --->   Core 10 'TAddSub' <Latency = 0> <II = 1> <Delay = 0.34> <IPBlock> <Opcode : '' 'add' 'sub'> <InPorts = 3> <OutPorts = 1> <Sync> <CReg>
ST_1 : Operation 66 [1/1] (0.68ns) (root node of TernaryAdder)   --->   "%mult_510 = sub i20 %sub_ln73_635, i20 %sext_ln73_43" [firmware/nnet_utils/nnet_mult.h:73->firmware/nnet_utils/nnet_dense_latency.h:42]   --->   Operation 66 'sub' 'mult_510' <Predicate = true> <Delay = 0.68> <CoreInst = "TAddSub">   --->   Core 10 'TAddSub' <Latency = 0> <II = 1> <Delay = 0.34> <IPBlock> <Opcode : '' 'add' 'sub'> <InPorts = 3> <OutPorts = 1> <Sync> <CReg>
ST_1 : Operation 67 [1/1] (0.00ns)   --->   "%sext_ln17_343 = sext i20 %mult_510" [firmware/nnet_utils/nnet_dense_latency.h:17]   --->   Operation 67 'sext' 'sext_ln17_343' <Predicate = true> <Delay = 0.00>
ST_1 : Operation 68 [1/1] (0.00ns)   --->   "%trunc_ln17_2 = trunc i20 %mult_510" [firmware/nnet_utils/nnet_dense_latency.h:17]   --->   Operation 68 'trunc' 'trunc_ln17_2' <Predicate = true> <Delay = 0.00>
ST_1 : Operation 69 [1/1] (0.00ns)   --->   "%mult_511 = bitconcatenate i19 @_ssdm_op_BitConcatenate.i19.i16.i3, i16 %a_1, i3 0" [firmware/nnet_utils/nnet_mult.h:73->firmware/nnet_utils/nnet_dense_latency.h:42]   --->   Operation 69 'bitconcatenate' 'mult_511' <Predicate = true> <Delay = 0.00>
ST_1 : Operation 70 [1/1] (0.00ns)   --->   "%sext_ln17_344 = sext i19 %mult_511" [firmware/nnet_utils/nnet_dense_latency.h:17]   --->   Operation 70 'sext' 'sext_ln17_344' <Predicate = true> <Delay = 0.00>
ST_1 : Operation 71 [1/1] (0.00ns)   --->   "%sext_ln73_82 = sext i18 %mult_515" [firmware/nnet_utils/nnet_mult.h:73->firmware/nnet_utils/nnet_dense_latency.h:42]   --->   Operation 71 'sext' 'sext_ln73_82' <Predicate = true> <Delay = 0.00>
ST_1 : Operation 72 [1/1] (0.79ns)   --->   "%mult_512 = sub i19 %sext_ln73_42, i19 %sext_ln73_82" [firmware/nnet_utils/nnet_mult.h:73->firmware/nnet_utils/nnet_dense_latency.h:42]   --->   Operation 72 'sub' 'mult_512' <Predicate = true> <Delay = 0.79> <CoreInst = "Adder">   --->   Core 1 'Adder' <Latency = 0> <II = 1> <Delay = 0.79> <FuncUnit> <Opcode : 'add' 'sub'> <InPorts = 2> <OutPorts = 1>
ST_1 : Operation 73 [1/1] (0.00ns)   --->   "%sext_ln17_345 = sext i19 %mult_512" [firmware/nnet_utils/nnet_dense_latency.h:17]   --->   Operation 73 'sext' 'sext_ln17_345' <Predicate = true> <Delay = 0.00>
ST_1 : Operation 74 [1/1] (0.00ns)   --->   "%mult_514 = bitconcatenate i17 @_ssdm_op_BitConcatenate.i17.i16.i1, i16 %a_1, i1 0" [firmware/nnet_utils/nnet_mult.h:73->firmware/nnet_utils/nnet_dense_latency.h:42]   --->   Operation 74 'bitconcatenate' 'mult_514' <Predicate = true> <Delay = 0.00>
ST_1 : Operation 75 [1/1] (0.00ns)   --->   "%sext_ln17_346 = sext i17 %mult_514" [firmware/nnet_utils/nnet_dense_latency.h:17]   --->   Operation 75 'sext' 'sext_ln17_346' <Predicate = true> <Delay = 0.00>
ST_1 : Operation 76 [1/1] (0.00ns)   --->   "%sext_ln17_347 = sext i17 %mult_514" [firmware/nnet_utils/nnet_dense_latency.h:17]   --->   Operation 76 'sext' 'sext_ln17_347' <Predicate = true> <Delay = 0.00>
ST_1 : Operation 77 [1/1] (0.00ns)   --->   "%mult_525 = bitconcatenate i20 @_ssdm_op_BitConcatenate.i20.i16.i4, i16 %a_1, i4 0" [firmware/nnet_utils/nnet_mult.h:73->firmware/nnet_utils/nnet_dense_latency.h:42]   --->   Operation 77 'bitconcatenate' 'mult_525' <Predicate = true> <Delay = 0.00>
ST_1 : Operation 78 [1/1] (0.00ns)   --->   "%sext_ln73_86 = sext i20 %mult_525" [firmware/nnet_utils/nnet_mult.h:73->firmware/nnet_utils/nnet_dense_latency.h:42]   --->   Operation 78 'sext' 'sext_ln73_86' <Predicate = true> <Delay = 0.00>
ST_1 : Operation 79 [1/1] (0.00ns) (grouped into TernaryAdder)   --->   "%mult_516 = sub i21 %sext_ln17_347, i21 %sext_ln73_86" [firmware/nnet_utils/nnet_mult.h:73->firmware/nnet_utils/nnet_dense_latency.h:42]   --->   Operation 79 'sub' 'mult_516' <Predicate = true> <Delay = 0.00> <CoreInst = "TAddSub">   --->   Core 10 'TAddSub' <Latency = 0> <II = 1> <Delay = 0.34> <IPBlock> <Opcode : '' 'add' 'sub'> <InPorts = 3> <OutPorts = 1> <Sync> <CReg>
ST_1 : Operation 80 [1/1] (0.00ns)   --->   "%sext_ln73_103 = sext i19 %mult_511" [firmware/nnet_utils/nnet_mult.h:73->firmware/nnet_utils/nnet_dense_latency.h:42]   --->   Operation 80 'sext' 'sext_ln73_103' <Predicate = true> <Delay = 0.00>
ST_1 : Operation 81 [1/1] (0.80ns)   --->   "%mult_517 = sub i20 %sext_ln73_103, i20 %sext_ln73_43" [firmware/nnet_utils/nnet_mult.h:73->firmware/nnet_utils/nnet_dense_latency.h:42]   --->   Operation 81 'sub' 'mult_517' <Predicate = true> <Delay = 0.80> <CoreInst = "Adder">   --->   Core 1 'Adder' <Latency = 0> <II = 1> <Delay = 0.80> <FuncUnit> <Opcode : 'add' 'sub'> <InPorts = 2> <OutPorts = 1>
ST_1 : Operation 82 [1/1] (0.00ns)   --->   "%sext_ln17_348 = sext i20 %mult_517" [firmware/nnet_utils/nnet_dense_latency.h:17]   --->   Operation 82 'sext' 'sext_ln17_348' <Predicate = true> <Delay = 0.00>
ST_1 : Operation 83 [1/1] (0.80ns)   --->   "%add_ln17 = add i21 %sext_ln73_86, i21 %sext_ln73_39" [firmware/nnet_utils/nnet_dense_latency.h:17]   --->   Operation 83 'add' 'add_ln17' <Predicate = true> <Delay = 0.80> <CoreInst = "Adder">   --->   Core 1 'Adder' <Latency = 0> <II = 1> <Delay = 0.80> <FuncUnit> <Opcode : 'add' 'sub'> <InPorts = 2> <OutPorts = 1>
ST_1 : Operation 84 [1/1] (0.00ns) (grouped into TernaryAdder)   --->   "%sub_ln73_640 = sub i21 0, i21 %sext_ln17_344" [firmware/nnet_utils/nnet_mult.h:73->firmware/nnet_utils/nnet_dense_latency.h:42]   --->   Operation 84 'sub' 'sub_ln73_640' <Predicate = true> <Delay = 0.00> <CoreInst = "TAddSub">   --->   Core 10 'TAddSub' <Latency = 0> <II = 1> <Delay = 0.34> <IPBlock> <Opcode : '' 'add' 'sub'> <InPorts = 3> <OutPorts = 1> <Sync> <CReg>
ST_1 : Operation 85 [1/1] (0.69ns) (root node of TernaryAdder)   --->   "%mult_518 = sub i21 %sub_ln73_640, i21 %sext_ln73_39" [firmware/nnet_utils/nnet_mult.h:73->firmware/nnet_utils/nnet_dense_latency.h:42]   --->   Operation 85 'sub' 'mult_518' <Predicate = true> <Delay = 0.69> <CoreInst = "TAddSub">   --->   Core 10 'TAddSub' <Latency = 0> <II = 1> <Delay = 0.34> <IPBlock> <Opcode : '' 'add' 'sub'> <InPorts = 3> <OutPorts = 1> <Sync> <CReg>
ST_1 : Operation 86 [1/1] (0.00ns) (grouped into TernaryAdder)   --->   "%mult_519 = add i21 %sext_ln17_344, i21 %sext_ln73_39" [firmware/nnet_utils/nnet_mult.h:73->firmware/nnet_utils/nnet_dense_latency.h:42]   --->   Operation 86 'add' 'mult_519' <Predicate = true> <Delay = 0.00> <CoreInst = "TAddSub">   --->   Core 10 'TAddSub' <Latency = 0> <II = 1> <Delay = 0.34> <IPBlock> <Opcode : '' 'add' 'sub'> <InPorts = 3> <OutPorts = 1> <Sync> <CReg>
ST_1 : Operation 87 [1/1] (0.00ns)   --->   "%sext_ln73_110 = sext i17 %mult_514" [firmware/nnet_utils/nnet_mult.h:73->firmware/nnet_utils/nnet_dense_latency.h:42]   --->   Operation 87 'sext' 'sext_ln73_110' <Predicate = true> <Delay = 0.00>
ST_1 : Operation 88 [1/1] (0.00ns)   --->   "%p_shl100 = bitconcatenate i21 @_ssdm_op_BitConcatenate.i21.i16.i5, i16 %a_1, i5 0" [firmware/nnet_utils/nnet_dense_latency.h:17]   --->   Operation 88 'bitconcatenate' 'p_shl100' <Predicate = true> <Delay = 0.00>
ST_1 : Operation 89 [1/1] (0.00ns) (grouped into TernaryAdder)   --->   "%sub_ln17 = sub i21 %p_shl100, i21 %sext_ln73_39" [firmware/nnet_utils/nnet_dense_latency.h:17]   --->   Operation 89 'sub' 'sub_ln17' <Predicate = true> <Delay = 0.00> <CoreInst = "TAddSub">   --->   Core 10 'TAddSub' <Latency = 0> <II = 1> <Delay = 0.34> <IPBlock> <Opcode : '' 'add' 'sub'> <InPorts = 3> <OutPorts = 1> <Sync> <CReg>
ST_1 : Operation 90 [1/1] (0.78ns)   --->   "%mult_520 = sub i17 0, i17 %sext_ln73_41" [firmware/nnet_utils/nnet_mult.h:73->firmware/nnet_utils/nnet_dense_latency.h:42]   --->   Operation 90 'sub' 'mult_520' <Predicate = true> <Delay = 0.78> <CoreInst = "Adder">   --->   Core 1 'Adder' <Latency = 0> <II = 1> <Delay = 0.78> <FuncUnit> <Opcode : 'add' 'sub'> <InPorts = 2> <OutPorts = 1>
ST_1 : Operation 91 [1/1] (0.00ns)   --->   "%sext_ln17_349 = sext i17 %mult_520" [firmware/nnet_utils/nnet_dense_latency.h:17]   --->   Operation 91 'sext' 'sext_ln17_349' <Predicate = true> <Delay = 0.00>
ST_1 : Operation 92 [1/1] (0.00ns)   --->   "%sext_ln17_350 = sext i17 %mult_520" [firmware/nnet_utils/nnet_dense_latency.h:17]   --->   Operation 92 'sext' 'sext_ln17_350' <Predicate = true> <Delay = 0.00>
ST_1 : Operation 93 [1/1] (0.00ns)   --->   "%sext_ln17_351 = sext i17 %mult_520" [firmware/nnet_utils/nnet_dense_latency.h:17]   --->   Operation 93 'sext' 'sext_ln17_351' <Predicate = true> <Delay = 0.00>
ST_1 : Operation 94 [1/1] (0.79ns)   --->   "%mult_521 = add i20 %sext_ln73_79, i20 %sext_ln73_43" [firmware/nnet_utils/nnet_mult.h:73->firmware/nnet_utils/nnet_dense_latency.h:42]   --->   Operation 94 'add' 'mult_521' <Predicate = true> <Delay = 0.79> <CoreInst = "Adder">   --->   Core 1 'Adder' <Latency = 0> <II = 1> <Delay = 0.79> <FuncUnit> <Opcode : 'add' 'sub'> <InPorts = 2> <OutPorts = 1>
ST_1 : Operation 95 [1/1] (0.00ns)   --->   "%sext_ln17_352 = sext i20 %mult_521" [firmware/nnet_utils/nnet_dense_latency.h:17]   --->   Operation 95 'sext' 'sext_ln17_352' <Predicate = true> <Delay = 0.00>
ST_1 : Operation 96 [1/1] (0.80ns)   --->   "%mult_522 = sub i20 %sext_ln17_346, i20 %sext_ln73_103" [firmware/nnet_utils/nnet_mult.h:73->firmware/nnet_utils/nnet_dense_latency.h:42]   --->   Operation 96 'sub' 'mult_522' <Predicate = true> <Delay = 0.80> <CoreInst = "Adder">   --->   Core 1 'Adder' <Latency = 0> <II = 1> <Delay = 0.80> <FuncUnit> <Opcode : 'add' 'sub'> <InPorts = 2> <OutPorts = 1>
ST_1 : Operation 97 [1/1] (0.00ns)   --->   "%sext_ln17_353 = sext i20 %mult_522" [firmware/nnet_utils/nnet_dense_latency.h:17]   --->   Operation 97 'sext' 'sext_ln17_353' <Predicate = true> <Delay = 0.00>
ST_1 : Operation 98 [1/1] (0.79ns)   --->   "%mult_523 = sub i19 %sext_ln73_82, i19 %sext_ln73_42" [firmware/nnet_utils/nnet_mult.h:73->firmware/nnet_utils/nnet_dense_latency.h:42]   --->   Operation 98 'sub' 'mult_523' <Predicate = true> <Delay = 0.79> <CoreInst = "Adder">   --->   Core 1 'Adder' <Latency = 0> <II = 1> <Delay = 0.79> <FuncUnit> <Opcode : 'add' 'sub'> <InPorts = 2> <OutPorts = 1>
ST_1 : Operation 99 [1/1] (0.00ns)   --->   "%sext_ln17_354 = sext i19 %mult_523" [firmware/nnet_utils/nnet_dense_latency.h:17]   --->   Operation 99 'sext' 'sext_ln17_354' <Predicate = true> <Delay = 0.00>
ST_1 : Operation 100 [1/1] (0.80ns)   --->   "%mult_524 = sub i20 %sext_ln73_43, i20 %sext_ln73_103" [firmware/nnet_utils/nnet_mult.h:73->firmware/nnet_utils/nnet_dense_latency.h:42]   --->   Operation 100 'sub' 'mult_524' <Predicate = true> <Delay = 0.80> <CoreInst = "Adder">   --->   Core 1 'Adder' <Latency = 0> <II = 1> <Delay = 0.80> <FuncUnit> <Opcode : 'add' 'sub'> <InPorts = 2> <OutPorts = 1>
ST_1 : Operation 101 [1/1] (1.94ns)   --->   "%mul_ln17_2 = mul i21 %sext_ln73_39, i21 22" [firmware/nnet_utils/nnet_dense_latency.h:17]   --->   Operation 101 'mul' 'mul_ln17_2' <Predicate = true> <Delay = 1.94> <CoreInst = "Multiplier">   --->   Core 3 'Multiplier' <Latency = 0> <II = 1> <Delay = 1.94> <FuncUnit> <Opcode : 'mul'> <InPorts = 2> <OutPorts = 1>
ST_1 : Operation 102 [1/1] (0.00ns)   --->   "%a_2 = partselect i16 @_ssdm_op_PartSelect.i16.i256.i32.i32, i256 %data_val_read, i32 32, i32 47"   --->   Operation 102 'partselect' 'a_2' <Predicate = true> <Delay = 0.00>
ST_1 : Operation 103 [1/1] (0.00ns)   --->   "%sext_ln17_355 = sext i16 %a_2" [firmware/nnet_utils/nnet_dense_latency.h:17]   --->   Operation 103 'sext' 'sext_ln17_355' <Predicate = true> <Delay = 0.00>
ST_1 : Operation 104 [1/1] (0.00ns)   --->   "%sext_ln73_2 = sext i16 %a_2" [firmware/nnet_utils/nnet_mult.h:73->firmware/nnet_utils/nnet_dense_latency.h:42]   --->   Operation 104 'sext' 'sext_ln73_2' <Predicate = true> <Delay = 0.00>
ST_1 : Operation 105 [1/1] (0.00ns)   --->   "%sext_ln73_45 = sext i16 %a_2" [firmware/nnet_utils/nnet_mult.h:73->firmware/nnet_utils/nnet_dense_latency.h:42]   --->   Operation 105 'sext' 'sext_ln73_45' <Predicate = true> <Delay = 0.00>
ST_1 : Operation 106 [1/1] (0.00ns)   --->   "%sext_ln73_46 = sext i16 %a_2" [firmware/nnet_utils/nnet_mult.h:73->firmware/nnet_utils/nnet_dense_latency.h:42]   --->   Operation 106 'sext' 'sext_ln73_46' <Predicate = true> <Delay = 0.00>
ST_1 : Operation 107 [1/1] (0.00ns)   --->   "%sext_ln73_47 = sext i16 %a_2" [firmware/nnet_utils/nnet_mult.h:73->firmware/nnet_utils/nnet_dense_latency.h:42]   --->   Operation 107 'sext' 'sext_ln73_47' <Predicate = true> <Delay = 0.00>
ST_1 : Operation 108 [1/1] (0.00ns)   --->   "%tmp_1007 = bitconcatenate i19 @_ssdm_op_BitConcatenate.i19.i16.i3, i16 %a_2, i3 0" [firmware/nnet_utils/nnet_mult.h:73->firmware/nnet_utils/nnet_dense_latency.h:42]   --->   Operation 108 'bitconcatenate' 'tmp_1007' <Predicate = true> <Delay = 0.00>
ST_1 : Operation 109 [1/1] (0.00ns)   --->   "%sext_ln73_111 = sext i19 %tmp_1007" [firmware/nnet_utils/nnet_mult.h:73->firmware/nnet_utils/nnet_dense_latency.h:42]   --->   Operation 109 'sext' 'sext_ln73_111' <Predicate = true> <Delay = 0.00>
ST_1 : Operation 110 [1/1] (0.80ns)   --->   "%sub_ln73_646 = sub i21 0, i21 %sext_ln73_111" [firmware/nnet_utils/nnet_mult.h:73->firmware/nnet_utils/nnet_dense_latency.h:42]   --->   Operation 110 'sub' 'sub_ln73_646' <Predicate = true> <Delay = 0.80> <CoreInst = "Adder">   --->   Core 1 'Adder' <Latency = 0> <II = 1> <Delay = 0.80> <FuncUnit> <Opcode : 'add' 'sub'> <InPorts = 2> <OutPorts = 1>
ST_1 : Operation 111 [1/1] (0.81ns)   --->   "%mult_527 = sub i21 %sub_ln73_646, i21 %sext_ln73_47" [firmware/nnet_utils/nnet_mult.h:73->firmware/nnet_utils/nnet_dense_latency.h:42]   --->   Operation 111 'sub' 'mult_527' <Predicate = true> <Delay = 0.81> <CoreInst = "Adder">   --->   Core 1 'Adder' <Latency = 0> <II = 1> <Delay = 0.81> <FuncUnit> <Opcode : 'add' 'sub'> <InPorts = 2> <OutPorts = 1>
ST_1 : Operation 112 [1/1] (0.00ns)   --->   "%sext_ln17_356 = sext i21 %mult_527" [firmware/nnet_utils/nnet_dense_latency.h:17]   --->   Operation 112 'sext' 'sext_ln17_356' <Predicate = true> <Delay = 0.00>
ST_1 : Operation 113 [1/1] (1.94ns)   --->   "%mult_528 = mul i22 %sext_ln73_2, i22 22" [firmware/nnet_utils/nnet_mult.h:73->firmware/nnet_utils/nnet_dense_latency.h:42]   --->   Operation 113 'mul' 'mult_528' <Predicate = true> <Delay = 1.94> <CoreInst = "Multiplier">   --->   Core 3 'Multiplier' <Latency = 0> <II = 1> <Delay = 1.94> <FuncUnit> <Opcode : 'mul'> <InPorts = 2> <OutPorts = 1>
ST_1 : Operation 114 [1/1] (0.00ns)   --->   "%mult_535 = bitconcatenate i18 @_ssdm_op_BitConcatenate.i18.i16.i2, i16 %a_2, i2 0" [firmware/nnet_utils/nnet_mult.h:73->firmware/nnet_utils/nnet_dense_latency.h:42]   --->   Operation 114 'bitconcatenate' 'mult_535' <Predicate = true> <Delay = 0.00>
ST_1 : Operation 115 [1/1] (0.00ns)   --->   "%sext_ln73_112 = sext i18 %mult_535" [firmware/nnet_utils/nnet_mult.h:73->firmware/nnet_utils/nnet_dense_latency.h:42]   --->   Operation 115 'sext' 'sext_ln73_112' <Predicate = true> <Delay = 0.00>
ST_1 : Operation 116 [1/1] (0.79ns)   --->   "%mult_529 = sub i19 %sext_ln73_46, i19 %sext_ln73_112" [firmware/nnet_utils/nnet_mult.h:73->firmware/nnet_utils/nnet_dense_latency.h:42]   --->   Operation 116 'sub' 'mult_529' <Predicate = true> <Delay = 0.79> <CoreInst = "Adder">   --->   Core 1 'Adder' <Latency = 0> <II = 1> <Delay = 0.79> <FuncUnit> <Opcode : 'add' 'sub'> <InPorts = 2> <OutPorts = 1>
ST_1 : Operation 117 [1/1] (0.00ns)   --->   "%sext_ln17_357 = sext i19 %mult_529" [firmware/nnet_utils/nnet_dense_latency.h:17]   --->   Operation 117 'sext' 'sext_ln17_357' <Predicate = true> <Delay = 0.00>
ST_1 : Operation 118 [1/1] (0.00ns)   --->   "%sext_ln17_358 = sext i19 %mult_529" [firmware/nnet_utils/nnet_dense_latency.h:17]   --->   Operation 118 'sext' 'sext_ln17_358' <Predicate = true> <Delay = 0.00>
ST_1 : Operation 119 [1/1] (0.78ns)   --->   "%mult_530 = sub i17 0, i17 %sext_ln17_355" [firmware/nnet_utils/nnet_mult.h:73->firmware/nnet_utils/nnet_dense_latency.h:42]   --->   Operation 119 'sub' 'mult_530' <Predicate = true> <Delay = 0.78> <CoreInst = "Adder">   --->   Core 1 'Adder' <Latency = 0> <II = 1> <Delay = 0.78> <FuncUnit> <Opcode : 'add' 'sub'> <InPorts = 2> <OutPorts = 1>
ST_1 : Operation 120 [1/1] (0.00ns)   --->   "%sext_ln17_359 = sext i17 %mult_530" [firmware/nnet_utils/nnet_dense_latency.h:17]   --->   Operation 120 'sext' 'sext_ln17_359' <Predicate = true> <Delay = 0.00>
ST_1 : Operation 121 [1/1] (0.00ns)   --->   "%mult_531 = bitconcatenate i17 @_ssdm_op_BitConcatenate.i17.i16.i1, i16 %a_2, i1 0" [firmware/nnet_utils/nnet_mult.h:73->firmware/nnet_utils/nnet_dense_latency.h:42]   --->   Operation 121 'bitconcatenate' 'mult_531' <Predicate = true> <Delay = 0.00>
ST_1 : Operation 122 [1/1] (0.00ns)   --->   "%sext_ln17_360 = sext i17 %mult_531" [firmware/nnet_utils/nnet_dense_latency.h:17]   --->   Operation 122 'sext' 'sext_ln17_360' <Predicate = true> <Delay = 0.00>
ST_1 : Operation 123 [1/1] (0.00ns)   --->   "%sext_ln17_361 = sext i17 %mult_531" [firmware/nnet_utils/nnet_dense_latency.h:17]   --->   Operation 123 'sext' 'sext_ln17_361' <Predicate = true> <Delay = 0.00>
ST_1 : Operation 124 [1/1] (1.94ns)   --->   "%mul_ln17_3 = mul i21 %sext_ln73_47, i21 2097130" [firmware/nnet_utils/nnet_dense_latency.h:17]   --->   Operation 124 'mul' 'mul_ln17_3' <Predicate = true> <Delay = 1.94> <CoreInst = "Multiplier">   --->   Core 3 'Multiplier' <Latency = 0> <II = 1> <Delay = 1.94> <FuncUnit> <Opcode : 'mul'> <InPorts = 2> <OutPorts = 1>
ST_1 : Operation 125 [1/1] (0.00ns)   --->   "%sext_ln73_113 = sext i19 %tmp_1007" [firmware/nnet_utils/nnet_mult.h:73->firmware/nnet_utils/nnet_dense_latency.h:42]   --->   Operation 125 'sext' 'sext_ln73_113' <Predicate = true> <Delay = 0.00>
ST_1 : Operation 126 [1/1] (0.80ns)   --->   "%mult_532 = sub i20 %sext_ln17_361, i20 %sext_ln73_113" [firmware/nnet_utils/nnet_mult.h:73->firmware/nnet_utils/nnet_dense_latency.h:42]   --->   Operation 126 'sub' 'mult_532' <Predicate = true> <Delay = 0.80> <CoreInst = "Adder">   --->   Core 1 'Adder' <Latency = 0> <II = 1> <Delay = 0.80> <FuncUnit> <Opcode : 'add' 'sub'> <InPorts = 2> <OutPorts = 1>
ST_1 : Operation 127 [1/1] (0.00ns)   --->   "%sext_ln17_362 = sext i20 %mult_532" [firmware/nnet_utils/nnet_dense_latency.h:17]   --->   Operation 127 'sext' 'sext_ln17_362' <Predicate = true> <Delay = 0.00>
ST_1 : Operation 128 [1/1] (0.00ns) (grouped into TernaryAdder)   --->   "%add_ln17_1 = add i20 %sext_ln73_113, i20 %sext_ln73_45" [firmware/nnet_utils/nnet_dense_latency.h:17]   --->   Operation 128 'add' 'add_ln17_1' <Predicate = true> <Delay = 0.00> <CoreInst = "TAddSub">   --->   Core 10 'TAddSub' <Latency = 0> <II = 1> <Delay = 0.34> <IPBlock> <Opcode : '' 'add' 'sub'> <InPorts = 3> <OutPorts = 1> <Sync> <CReg>
ST_1 : Operation 129 [1/1] (0.00ns)   --->   "%mult_533 = bitconcatenate i20 @_ssdm_op_BitConcatenate.i20.i16.i4, i16 %a_2, i4 0" [firmware/nnet_utils/nnet_dense_latency.h:17]   --->   Operation 129 'bitconcatenate' 'mult_533' <Predicate = true> <Delay = 0.00>
ST_1 : Operation 130 [1/1] (0.00ns)   --->   "%sext_ln17_363 = sext i18 %mult_535" [firmware/nnet_utils/nnet_dense_latency.h:17]   --->   Operation 130 'sext' 'sext_ln17_363' <Predicate = true> <Delay = 0.00>
ST_1 : Operation 131 [1/1] (0.80ns)   --->   "%sub_ln17_1 = sub i20 %mult_533, i20 %sext_ln17_363" [firmware/nnet_utils/nnet_dense_latency.h:17]   --->   Operation 131 'sub' 'sub_ln17_1' <Predicate = true> <Delay = 0.80> <CoreInst = "Adder">   --->   Core 1 'Adder' <Latency = 0> <II = 1> <Delay = 0.80> <FuncUnit> <Opcode : 'add' 'sub'> <InPorts = 2> <OutPorts = 1>
ST_1 : Operation 132 [1/1] (0.00ns)   --->   "%sext_ln17_364 = sext i20 %mult_533" [firmware/nnet_utils/nnet_dense_latency.h:17]   --->   Operation 132 'sext' 'sext_ln17_364' <Predicate = true> <Delay = 0.00>
ST_1 : Operation 133 [1/1] (1.94ns)   --->   "%mult_534 = mul i21 %sext_ln73_47, i21 11" [firmware/nnet_utils/nnet_mult.h:73->firmware/nnet_utils/nnet_dense_latency.h:42]   --->   Operation 133 'mul' 'mult_534' <Predicate = true> <Delay = 1.94> <CoreInst = "Multiplier">   --->   Core 3 'Multiplier' <Latency = 0> <II = 1> <Delay = 1.94> <FuncUnit> <Opcode : 'mul'> <InPorts = 2> <OutPorts = 1>
ST_1 : Operation 134 [1/1] (0.00ns)   --->   "%sext_ln17_365 = sext i18 %mult_535" [firmware/nnet_utils/nnet_dense_latency.h:17]   --->   Operation 134 'sext' 'sext_ln17_365' <Predicate = true> <Delay = 0.00>
ST_1 : Operation 135 [1/1] (0.00ns) (grouped into TernaryAdder)   --->   "%add_ln17_2 = add i20 %sext_ln73_113, i20 %sext_ln17_361" [firmware/nnet_utils/nnet_dense_latency.h:17]   --->   Operation 135 'add' 'add_ln17_2' <Predicate = true> <Delay = 0.00> <CoreInst = "TAddSub">   --->   Core 10 'TAddSub' <Latency = 0> <II = 1> <Delay = 0.34> <IPBlock> <Opcode : '' 'add' 'sub'> <InPorts = 3> <OutPorts = 1> <Sync> <CReg>
ST_1 : Operation 136 [1/1] (0.00ns)   --->   "%sext_ln73_114 = sext i17 %mult_531" [firmware/nnet_utils/nnet_mult.h:73->firmware/nnet_utils/nnet_dense_latency.h:42]   --->   Operation 136 'sext' 'sext_ln73_114' <Predicate = true> <Delay = 0.00>
ST_1 : Operation 137 [1/1] (0.81ns)   --->   "%mult_536 = sub i21 %sub_ln73_646, i21 %sext_ln73_114" [firmware/nnet_utils/nnet_mult.h:73->firmware/nnet_utils/nnet_dense_latency.h:42]   --->   Operation 137 'sub' 'mult_536' <Predicate = true> <Delay = 0.81> <CoreInst = "Adder">   --->   Core 1 'Adder' <Latency = 0> <II = 1> <Delay = 0.81> <FuncUnit> <Opcode : 'add' 'sub'> <InPorts = 2> <OutPorts = 1>
ST_1 : Operation 138 [1/1] (0.00ns)   --->   "%trunc_ln17_3 = trunc i21 %mult_536" [firmware/nnet_utils/nnet_dense_latency.h:17]   --->   Operation 138 'trunc' 'trunc_ln17_3' <Predicate = true> <Delay = 0.00>
ST_1 : Operation 139 [1/1] (0.00ns)   --->   "%sext_ln73_115 = sext i17 %mult_531" [firmware/nnet_utils/nnet_mult.h:73->firmware/nnet_utils/nnet_dense_latency.h:42]   --->   Operation 139 'sext' 'sext_ln73_115' <Predicate = true> <Delay = 0.00>
ST_1 : Operation 140 [1/1] (1.94ns)   --->   "%mul_ln17_4 = mul i20 %sext_ln73_45, i20 1048563" [firmware/nnet_utils/nnet_dense_latency.h:17]   --->   Operation 140 'mul' 'mul_ln17_4' <Predicate = true> <Delay = 1.94> <CoreInst = "Multiplier">   --->   Core 3 'Multiplier' <Latency = 0> <II = 1> <Delay = 1.94> <FuncUnit> <Opcode : 'mul'> <InPorts = 2> <OutPorts = 1>
ST_1 : Operation 141 [1/1] (0.79ns)   --->   "%sub_ln17_2 = sub i19 0, i19 %sext_ln73_112" [firmware/nnet_utils/nnet_dense_latency.h:17]   --->   Operation 141 'sub' 'sub_ln17_2' <Predicate = true> <Delay = 0.79> <CoreInst = "Adder">   --->   Core 1 'Adder' <Latency = 0> <II = 1> <Delay = 0.79> <FuncUnit> <Opcode : 'add' 'sub'> <InPorts = 2> <OutPorts = 1>
ST_1 : Operation 142 [1/1] (0.00ns) (grouped into TernaryAdder)   --->   "%sub_ln17_3 = sub i19 %sub_ln17_2, i19 %sext_ln73_46" [firmware/nnet_utils/nnet_dense_latency.h:17]   --->   Operation 142 'sub' 'sub_ln17_3' <Predicate = true> <Delay = 0.00> <CoreInst = "TAddSub">   --->   Core 10 'TAddSub' <Latency = 0> <II = 1> <Delay = 0.34> <IPBlock> <Opcode : '' 'add' 'sub'> <InPorts = 3> <OutPorts = 1> <Sync> <CReg>
ST_1 : Operation 143 [1/1] (0.00ns) (grouped into TernaryAdder)   --->   "%mult_537 = sub i20 %sext_ln73_45, i20 %sext_ln73_113" [firmware/nnet_utils/nnet_mult.h:73->firmware/nnet_utils/nnet_dense_latency.h:42]   --->   Operation 143 'sub' 'mult_537' <Predicate = true> <Delay = 0.00> <CoreInst = "TAddSub">   --->   Core 10 'TAddSub' <Latency = 0> <II = 1> <Delay = 0.34> <IPBlock> <Opcode : '' 'add' 'sub'> <InPorts = 3> <OutPorts = 1> <Sync> <CReg>
ST_1 : Operation 144 [1/1] (0.80ns)   --->   "%sub_ln17_4 = sub i21 0, i21 %sext_ln17_364" [firmware/nnet_utils/nnet_dense_latency.h:17]   --->   Operation 144 'sub' 'sub_ln17_4' <Predicate = true> <Delay = 0.80> <CoreInst = "Adder">   --->   Core 1 'Adder' <Latency = 0> <II = 1> <Delay = 0.80> <FuncUnit> <Opcode : 'add' 'sub'> <InPorts = 2> <OutPorts = 1>
ST_1 : Operation 145 [1/1] (0.00ns) (grouped into TernaryAdder)   --->   "%sub_ln17_5 = sub i21 %sub_ln17_4, i21 %sext_ln73_114" [firmware/nnet_utils/nnet_dense_latency.h:17]   --->   Operation 145 'sub' 'sub_ln17_5' <Predicate = true> <Delay = 0.00> <CoreInst = "TAddSub">   --->   Core 10 'TAddSub' <Latency = 0> <II = 1> <Delay = 0.34> <IPBlock> <Opcode : '' 'add' 'sub'> <InPorts = 3> <OutPorts = 1> <Sync> <CReg>
ST_1 : Operation 146 [1/1] (0.80ns)   --->   "%mult_538 = sub i21 %sext_ln73_114, i21 %sext_ln17_364" [firmware/nnet_utils/nnet_mult.h:73->firmware/nnet_utils/nnet_dense_latency.h:42]   --->   Operation 146 'sub' 'mult_538' <Predicate = true> <Delay = 0.80> <CoreInst = "Adder">   --->   Core 1 'Adder' <Latency = 0> <II = 1> <Delay = 0.80> <FuncUnit> <Opcode : 'add' 'sub'> <InPorts = 2> <OutPorts = 1>
ST_1 : Operation 147 [1/1] (0.00ns)   --->   "%sext_ln17_366 = sext i21 %mult_538" [firmware/nnet_utils/nnet_dense_latency.h:17]   --->   Operation 147 'sext' 'sext_ln17_366' <Predicate = true> <Delay = 0.00>
ST_1 : Operation 148 [1/1] (0.00ns)   --->   "%a_3 = partselect i16 @_ssdm_op_PartSelect.i16.i256.i32.i32, i256 %data_val_read, i32 48, i32 63"   --->   Operation 148 'partselect' 'a_3' <Predicate = true> <Delay = 0.00>
ST_1 : Operation 149 [1/1] (0.00ns)   --->   "%sext_ln73_3 = sext i16 %a_3" [firmware/nnet_utils/nnet_mult.h:73->firmware/nnet_utils/nnet_dense_latency.h:42]   --->   Operation 149 'sext' 'sext_ln73_3' <Predicate = true> <Delay = 0.00>
ST_1 : Operation 150 [1/1] (0.00ns)   --->   "%sext_ln73_48 = sext i16 %a_3" [firmware/nnet_utils/nnet_mult.h:73->firmware/nnet_utils/nnet_dense_latency.h:42]   --->   Operation 150 'sext' 'sext_ln73_48' <Predicate = true> <Delay = 0.00>
ST_1 : Operation 151 [1/1] (0.00ns)   --->   "%sext_ln73_49 = sext i16 %a_3" [firmware/nnet_utils/nnet_mult.h:73->firmware/nnet_utils/nnet_dense_latency.h:42]   --->   Operation 151 'sext' 'sext_ln73_49' <Predicate = true> <Delay = 0.00>
ST_1 : Operation 152 [1/1] (0.00ns)   --->   "%sext_ln73_50 = sext i16 %a_3" [firmware/nnet_utils/nnet_mult.h:73->firmware/nnet_utils/nnet_dense_latency.h:42]   --->   Operation 152 'sext' 'sext_ln73_50' <Predicate = true> <Delay = 0.00>
ST_1 : Operation 153 [1/1] (0.00ns)   --->   "%sext_ln73_52 = sext i16 %a_3" [firmware/nnet_utils/nnet_mult.h:73->firmware/nnet_utils/nnet_dense_latency.h:42]   --->   Operation 153 'sext' 'sext_ln73_52' <Predicate = true> <Delay = 0.00>
ST_1 : Operation 154 [1/1] (0.00ns)   --->   "%tmp_1009 = bitconcatenate i19 @_ssdm_op_BitConcatenate.i19.i16.i3, i16 %a_3, i3 0" [firmware/nnet_utils/nnet_mult.h:73->firmware/nnet_utils/nnet_dense_latency.h:42]   --->   Operation 154 'bitconcatenate' 'tmp_1009' <Predicate = true> <Delay = 0.00>
ST_1 : Operation 155 [1/1] (0.00ns)   --->   "%sext_ln73_116 = sext i19 %tmp_1009" [firmware/nnet_utils/nnet_mult.h:73->firmware/nnet_utils/nnet_dense_latency.h:42]   --->   Operation 155 'sext' 'sext_ln73_116' <Predicate = true> <Delay = 0.00>
ST_1 : Operation 156 [1/1] (0.00ns)   --->   "%tmp_1010 = bitconcatenate i17 @_ssdm_op_BitConcatenate.i17.i16.i1, i16 %a_3, i1 0" [firmware/nnet_utils/nnet_mult.h:73->firmware/nnet_utils/nnet_dense_latency.h:42]   --->   Operation 156 'bitconcatenate' 'tmp_1010' <Predicate = true> <Delay = 0.00>
ST_1 : Operation 157 [1/1] (0.00ns)   --->   "%sext_ln73_117 = sext i17 %tmp_1010" [firmware/nnet_utils/nnet_mult.h:73->firmware/nnet_utils/nnet_dense_latency.h:42]   --->   Operation 157 'sext' 'sext_ln73_117' <Predicate = true> <Delay = 0.00>
ST_1 : Operation 158 [1/1] (0.80ns)   --->   "%mult_539 = sub i20 %sext_ln73_117, i20 %sext_ln73_116" [firmware/nnet_utils/nnet_mult.h:73->firmware/nnet_utils/nnet_dense_latency.h:42]   --->   Operation 158 'sub' 'mult_539' <Predicate = true> <Delay = 0.80> <CoreInst = "Adder">   --->   Core 1 'Adder' <Latency = 0> <II = 1> <Delay = 0.80> <FuncUnit> <Opcode : 'add' 'sub'> <InPorts = 2> <OutPorts = 1>
ST_1 : Operation 159 [1/1] (0.00ns)   --->   "%sext_ln73_118 = sext i17 %tmp_1010" [firmware/nnet_utils/nnet_mult.h:73->firmware/nnet_utils/nnet_dense_latency.h:42]   --->   Operation 159 'sext' 'sext_ln73_118' <Predicate = true> <Delay = 0.00>
ST_1 : Operation 160 [1/1] (0.79ns)   --->   "%mult_540 = sub i18 0, i18 %sext_ln73_118" [firmware/nnet_utils/nnet_mult.h:73->firmware/nnet_utils/nnet_dense_latency.h:42]   --->   Operation 160 'sub' 'mult_540' <Predicate = true> <Delay = 0.79> <CoreInst = "Adder">   --->   Core 1 'Adder' <Latency = 0> <II = 1> <Delay = 0.79> <FuncUnit> <Opcode : 'add' 'sub'> <InPorts = 2> <OutPorts = 1>
ST_1 : Operation 161 [1/1] (0.00ns)   --->   "%sext_ln17_367 = sext i18 %mult_540" [firmware/nnet_utils/nnet_dense_latency.h:17]   --->   Operation 161 'sext' 'sext_ln17_367' <Predicate = true> <Delay = 0.00>
ST_1 : Operation 162 [1/1] (0.00ns)   --->   "%sext_ln17_368 = sext i18 %mult_540" [firmware/nnet_utils/nnet_dense_latency.h:17]   --->   Operation 162 'sext' 'sext_ln17_368' <Predicate = true> <Delay = 0.00>
ST_1 : Operation 163 [1/1] (0.00ns)   --->   "%tmp_1011 = bitconcatenate i21 @_ssdm_op_BitConcatenate.i21.i16.i5, i16 %a_3, i5 0" [firmware/nnet_utils/nnet_mult.h:73->firmware/nnet_utils/nnet_dense_latency.h:42]   --->   Operation 163 'bitconcatenate' 'tmp_1011' <Predicate = true> <Delay = 0.00>
ST_1 : Operation 164 [1/1] (0.00ns)   --->   "%sext_ln73_119 = sext i21 %tmp_1011" [firmware/nnet_utils/nnet_mult.h:73->firmware/nnet_utils/nnet_dense_latency.h:42]   --->   Operation 164 'sext' 'sext_ln73_119' <Predicate = true> <Delay = 0.00>
ST_1 : Operation 165 [1/1] (0.81ns)   --->   "%mult_541 = sub i22 %sext_ln73_119, i22 %sext_ln73_3" [firmware/nnet_utils/nnet_mult.h:73->firmware/nnet_utils/nnet_dense_latency.h:42]   --->   Operation 165 'sub' 'mult_541' <Predicate = true> <Delay = 0.81> <CoreInst = "Adder">   --->   Core 1 'Adder' <Latency = 0> <II = 1> <Delay = 0.81> <FuncUnit> <Opcode : 'add' 'sub'> <InPorts = 2> <OutPorts = 1>
ST_1 : Operation 166 [1/1] (0.80ns)   --->   "%mult_542 = sub i20 %sext_ln73_116, i20 %sext_ln73_52" [firmware/nnet_utils/nnet_mult.h:73->firmware/nnet_utils/nnet_dense_latency.h:42]   --->   Operation 166 'sub' 'mult_542' <Predicate = true> <Delay = 0.80> <CoreInst = "Adder">   --->   Core 1 'Adder' <Latency = 0> <II = 1> <Delay = 0.80> <FuncUnit> <Opcode : 'add' 'sub'> <InPorts = 2> <OutPorts = 1>
ST_1 : Operation 167 [1/1] (0.00ns)   --->   "%sext_ln17_369 = sext i20 %mult_542" [firmware/nnet_utils/nnet_dense_latency.h:17]   --->   Operation 167 'sext' 'sext_ln17_369' <Predicate = true> <Delay = 0.00>
ST_1 : Operation 168 [1/1] (1.94ns)   --->   "%mult_543 = mul i21 %sext_ln73_50, i21 2097141" [firmware/nnet_utils/nnet_mult.h:73->firmware/nnet_utils/nnet_dense_latency.h:42]   --->   Operation 168 'mul' 'mult_543' <Predicate = true> <Delay = 1.94> <CoreInst = "Multiplier">   --->   Core 3 'Multiplier' <Latency = 0> <II = 1> <Delay = 1.94> <FuncUnit> <Opcode : 'mul'> <InPorts = 2> <OutPorts = 1>
ST_1 : Operation 169 [1/1] (0.00ns)   --->   "%trunc_ln17_4 = trunc i21 %mult_543" [firmware/nnet_utils/nnet_dense_latency.h:17]   --->   Operation 169 'trunc' 'trunc_ln17_4' <Predicate = true> <Delay = 0.00>
ST_1 : Operation 170 [1/1] (1.94ns)   --->   "%mul_ln17_5 = mul i20 %sext_ln73_52, i20 11" [firmware/nnet_utils/nnet_dense_latency.h:17]   --->   Operation 170 'mul' 'mul_ln17_5' <Predicate = true> <Delay = 1.94> <CoreInst = "Multiplier">   --->   Core 3 'Multiplier' <Latency = 0> <II = 1> <Delay = 1.94> <FuncUnit> <Opcode : 'mul'> <InPorts = 2> <OutPorts = 1>
ST_1 : Operation 171 [1/1] (0.00ns)   --->   "%mult_544 = bitconcatenate i18 @_ssdm_op_BitConcatenate.i18.i16.i2, i16 %a_3, i2 0" [firmware/nnet_utils/nnet_mult.h:73->firmware/nnet_utils/nnet_dense_latency.h:42]   --->   Operation 171 'bitconcatenate' 'mult_544' <Predicate = true> <Delay = 0.00>
ST_1 : Operation 172 [1/1] (0.00ns)   --->   "%sext_ln17_370 = sext i18 %mult_544" [firmware/nnet_utils/nnet_dense_latency.h:17]   --->   Operation 172 'sext' 'sext_ln17_370' <Predicate = true> <Delay = 0.00>
ST_1 : Operation 173 [1/1] (0.00ns)   --->   "%sext_ln17_371 = sext i18 %mult_544" [firmware/nnet_utils/nnet_dense_latency.h:17]   --->   Operation 173 'sext' 'sext_ln17_371' <Predicate = true> <Delay = 0.00>
ST_1 : Operation 174 [1/1] (0.00ns)   --->   "%mult_560 = bitconcatenate i20 @_ssdm_op_BitConcatenate.i20.i16.i4, i16 %a_3, i4 0" [firmware/nnet_utils/nnet_mult.h:73->firmware/nnet_utils/nnet_dense_latency.h:42]   --->   Operation 174 'bitconcatenate' 'mult_560' <Predicate = true> <Delay = 0.00>
ST_1 : Operation 175 [1/1] (0.00ns)   --->   "%sext_ln73_120 = sext i20 %mult_560" [firmware/nnet_utils/nnet_mult.h:73->firmware/nnet_utils/nnet_dense_latency.h:42]   --->   Operation 175 'sext' 'sext_ln73_120' <Predicate = true> <Delay = 0.00>
ST_1 : Operation 176 [1/1] (0.00ns)   --->   "%sext_ln73_121 = sext i18 %mult_544" [firmware/nnet_utils/nnet_mult.h:73->firmware/nnet_utils/nnet_dense_latency.h:42]   --->   Operation 176 'sext' 'sext_ln73_121' <Predicate = true> <Delay = 0.00>
ST_1 : Operation 177 [1/1] (0.80ns)   --->   "%mult_545 = sub i21 %sext_ln73_121, i21 %sext_ln73_120" [firmware/nnet_utils/nnet_mult.h:73->firmware/nnet_utils/nnet_dense_latency.h:42]   --->   Operation 177 'sub' 'mult_545' <Predicate = true> <Delay = 0.80> <CoreInst = "Adder">   --->   Core 1 'Adder' <Latency = 0> <II = 1> <Delay = 0.80> <FuncUnit> <Opcode : 'add' 'sub'> <InPorts = 2> <OutPorts = 1>
ST_1 : Operation 178 [1/1] (1.94ns)   --->   "%mult_546 = mul i22 %sext_ln73_3, i22 4194277" [firmware/nnet_utils/nnet_mult.h:73->firmware/nnet_utils/nnet_dense_latency.h:42]   --->   Operation 178 'mul' 'mult_546' <Predicate = true> <Delay = 1.94> <CoreInst = "Multiplier">   --->   Core 3 'Multiplier' <Latency = 0> <II = 1> <Delay = 1.94> <FuncUnit> <Opcode : 'mul'> <InPorts = 2> <OutPorts = 1>
ST_1 : Operation 179 [1/1] (0.00ns)   --->   "%trunc_ln17_5 = trunc i22 %mult_546" [firmware/nnet_utils/nnet_dense_latency.h:17]   --->   Operation 179 'trunc' 'trunc_ln17_5' <Predicate = true> <Delay = 0.00>
ST_1 : Operation 180 [1/1] (0.00ns)   --->   "%sext_ln73_122 = sext i19 %tmp_1009" [firmware/nnet_utils/nnet_mult.h:73->firmware/nnet_utils/nnet_dense_latency.h:42]   --->   Operation 180 'sext' 'sext_ln73_122' <Predicate = true> <Delay = 0.00>
ST_1 : Operation 181 [1/1] (0.80ns)   --->   "%mult_547 = add i21 %sext_ln73_122, i21 %sext_ln73_50" [firmware/nnet_utils/nnet_mult.h:73->firmware/nnet_utils/nnet_dense_latency.h:42]   --->   Operation 181 'add' 'mult_547' <Predicate = true> <Delay = 0.80> <CoreInst = "Adder">   --->   Core 1 'Adder' <Latency = 0> <II = 1> <Delay = 0.80> <FuncUnit> <Opcode : 'add' 'sub'> <InPorts = 2> <OutPorts = 1>
ST_1 : Operation 182 [1/1] (0.00ns)   --->   "%trunc_ln17_6 = trunc i21 %mult_547" [firmware/nnet_utils/nnet_dense_latency.h:17]   --->   Operation 182 'trunc' 'trunc_ln17_6' <Predicate = true> <Delay = 0.00>
ST_1 : Operation 183 [1/1] (0.00ns)   --->   "%sext_ln17_372 = sext i17 %tmp_1010" [firmware/nnet_utils/nnet_dense_latency.h:17]   --->   Operation 183 'sext' 'sext_ln17_372' <Predicate = true> <Delay = 0.00>
ST_1 : Operation 184 [1/1] (0.00ns) (grouped into TernaryAdder)   --->   "%sub_ln17_6 = sub i19 %tmp_1009, i19 %sext_ln17_372" [firmware/nnet_utils/nnet_dense_latency.h:17]   --->   Operation 184 'sub' 'sub_ln17_6' <Predicate = true> <Delay = 0.00> <CoreInst = "TAddSub">   --->   Core 10 'TAddSub' <Latency = 0> <II = 1> <Delay = 0.34> <IPBlock> <Opcode : '' 'add' 'sub'> <InPorts = 3> <OutPorts = 1> <Sync> <CReg>
ST_1 : Operation 185 [1/1] (0.79ns)   --->   "%mult_548 = sub i19 0, i19 %sext_ln17_370" [firmware/nnet_utils/nnet_mult.h:73->firmware/nnet_utils/nnet_dense_latency.h:42]   --->   Operation 185 'sub' 'mult_548' <Predicate = true> <Delay = 0.79> <CoreInst = "Adder">   --->   Core 1 'Adder' <Latency = 0> <II = 1> <Delay = 0.79> <FuncUnit> <Opcode : 'add' 'sub'> <InPorts = 2> <OutPorts = 1>
ST_1 : Operation 186 [1/1] (0.00ns)   --->   "%sext_ln17_373 = sext i19 %mult_548" [firmware/nnet_utils/nnet_dense_latency.h:17]   --->   Operation 186 'sext' 'sext_ln17_373' <Predicate = true> <Delay = 0.00>
ST_1 : Operation 187 [1/1] (0.78ns)   --->   "%mult_549 = sub i17 0, i17 %sext_ln73_48" [firmware/nnet_utils/nnet_mult.h:73->firmware/nnet_utils/nnet_dense_latency.h:42]   --->   Operation 187 'sub' 'mult_549' <Predicate = true> <Delay = 0.78> <CoreInst = "Adder">   --->   Core 1 'Adder' <Latency = 0> <II = 1> <Delay = 0.78> <FuncUnit> <Opcode : 'add' 'sub'> <InPorts = 2> <OutPorts = 1>
ST_1 : Operation 188 [1/1] (0.00ns)   --->   "%sext_ln17_374 = sext i17 %mult_549" [firmware/nnet_utils/nnet_dense_latency.h:17]   --->   Operation 188 'sext' 'sext_ln17_374' <Predicate = true> <Delay = 0.00>
ST_1 : Operation 189 [1/1] (0.00ns)   --->   "%sext_ln17_375 = sext i17 %mult_549" [firmware/nnet_utils/nnet_dense_latency.h:17]   --->   Operation 189 'sext' 'sext_ln17_375' <Predicate = true> <Delay = 0.00>
ST_1 : Operation 190 [1/1] (0.79ns)   --->   "%mult_551 = add i20 %sext_ln17_371, i20 %sext_ln73_52" [firmware/nnet_utils/nnet_mult.h:73->firmware/nnet_utils/nnet_dense_latency.h:42]   --->   Operation 190 'add' 'mult_551' <Predicate = true> <Delay = 0.79> <CoreInst = "Adder">   --->   Core 1 'Adder' <Latency = 0> <II = 1> <Delay = 0.79> <FuncUnit> <Opcode : 'add' 'sub'> <InPorts = 2> <OutPorts = 1>
ST_1 : Operation 191 [1/1] (0.00ns)   --->   "%sext_ln17_376 = sext i20 %mult_551" [firmware/nnet_utils/nnet_dense_latency.h:17]   --->   Operation 191 'sext' 'sext_ln17_376' <Predicate = true> <Delay = 0.00>
ST_1 : Operation 192 [1/1] (0.00ns)   --->   "%sext_ln17_377 = sext i17 %tmp_1010" [firmware/nnet_utils/nnet_dense_latency.h:17]   --->   Operation 192 'sext' 'sext_ln17_377' <Predicate = true> <Delay = 0.00>
ST_1 : Operation 193 [1/1] (0.80ns)   --->   "%add_ln17_3 = add i21 %sext_ln73_120, i21 %sext_ln17_377" [firmware/nnet_utils/nnet_dense_latency.h:17]   --->   Operation 193 'add' 'add_ln17_3' <Predicate = true> <Delay = 0.80> <CoreInst = "Adder">   --->   Core 1 'Adder' <Latency = 0> <II = 1> <Delay = 0.80> <FuncUnit> <Opcode : 'add' 'sub'> <InPorts = 2> <OutPorts = 1>
ST_1 : Operation 194 [1/1] (0.00ns) (grouped into TernaryAdder)   --->   "%sub_ln73_661 = sub i20 0, i20 %sext_ln17_371" [firmware/nnet_utils/nnet_mult.h:73->firmware/nnet_utils/nnet_dense_latency.h:42]   --->   Operation 194 'sub' 'sub_ln73_661' <Predicate = true> <Delay = 0.00> <CoreInst = "TAddSub">   --->   Core 10 'TAddSub' <Latency = 0> <II = 1> <Delay = 0.34> <IPBlock> <Opcode : '' 'add' 'sub'> <InPorts = 3> <OutPorts = 1> <Sync> <CReg>
ST_1 : Operation 195 [1/1] (0.68ns) (root node of TernaryAdder)   --->   "%mult_552 = sub i20 %sub_ln73_661, i20 %sext_ln73_52" [firmware/nnet_utils/nnet_mult.h:73->firmware/nnet_utils/nnet_dense_latency.h:42]   --->   Operation 195 'sub' 'mult_552' <Predicate = true> <Delay = 0.68> <CoreInst = "TAddSub">   --->   Core 10 'TAddSub' <Latency = 0> <II = 1> <Delay = 0.34> <IPBlock> <Opcode : '' 'add' 'sub'> <InPorts = 3> <OutPorts = 1> <Sync> <CReg>
ST_1 : Operation 196 [1/1] (0.00ns)   --->   "%sext_ln17_378 = sext i20 %mult_552" [firmware/nnet_utils/nnet_dense_latency.h:17]   --->   Operation 196 'sext' 'sext_ln17_378' <Predicate = true> <Delay = 0.00>
ST_1 : Operation 197 [1/1] (0.80ns)   --->   "%add_ln17_4 = add i20 %sext_ln73_116, i20 %sext_ln73_117" [firmware/nnet_utils/nnet_dense_latency.h:17]   --->   Operation 197 'add' 'add_ln17_4' <Predicate = true> <Delay = 0.80> <CoreInst = "Adder">   --->   Core 1 'Adder' <Latency = 0> <II = 1> <Delay = 0.80> <FuncUnit> <Opcode : 'add' 'sub'> <InPorts = 2> <OutPorts = 1>
ST_1 : Operation 198 [1/1] (0.80ns)   --->   "%add_ln17_5 = add i21 %sext_ln73_120, i21 %sext_ln73_121" [firmware/nnet_utils/nnet_dense_latency.h:17]   --->   Operation 198 'add' 'add_ln17_5' <Predicate = true> <Delay = 0.80> <CoreInst = "Adder">   --->   Core 1 'Adder' <Latency = 0> <II = 1> <Delay = 0.80> <FuncUnit> <Opcode : 'add' 'sub'> <InPorts = 2> <OutPorts = 1>
ST_1 : Operation 199 [1/1] (0.81ns)   --->   "%mult_553 = sub i22 %sext_ln73_3, i22 %sext_ln73_119" [firmware/nnet_utils/nnet_mult.h:73->firmware/nnet_utils/nnet_dense_latency.h:42]   --->   Operation 199 'sub' 'mult_553' <Predicate = true> <Delay = 0.81> <CoreInst = "Adder">   --->   Core 1 'Adder' <Latency = 0> <II = 1> <Delay = 0.81> <FuncUnit> <Opcode : 'add' 'sub'> <InPorts = 2> <OutPorts = 1>
ST_1 : Operation 200 [1/1] (0.80ns)   --->   "%sub_ln73_664 = sub i21 0, i21 %sext_ln73_122" [firmware/nnet_utils/nnet_mult.h:73->firmware/nnet_utils/nnet_dense_latency.h:42]   --->   Operation 200 'sub' 'sub_ln73_664' <Predicate = true> <Delay = 0.80> <CoreInst = "Adder">   --->   Core 1 'Adder' <Latency = 0> <II = 1> <Delay = 0.80> <FuncUnit> <Opcode : 'add' 'sub'> <InPorts = 2> <OutPorts = 1>
ST_1 : Operation 201 [1/1] (0.81ns)   --->   "%mult_554 = sub i21 %sub_ln73_664, i21 %sext_ln17_377" [firmware/nnet_utils/nnet_mult.h:73->firmware/nnet_utils/nnet_dense_latency.h:42]   --->   Operation 201 'sub' 'mult_554' <Predicate = true> <Delay = 0.81> <CoreInst = "Adder">   --->   Core 1 'Adder' <Latency = 0> <II = 1> <Delay = 0.81> <FuncUnit> <Opcode : 'add' 'sub'> <InPorts = 2> <OutPorts = 1>
ST_1 : Operation 202 [1/1] (0.00ns)   --->   "%sext_ln73_123 = sext i18 %mult_544" [firmware/nnet_utils/nnet_mult.h:73->firmware/nnet_utils/nnet_dense_latency.h:42]   --->   Operation 202 'sext' 'sext_ln73_123' <Predicate = true> <Delay = 0.00>
ST_1 : Operation 203 [1/1] (0.81ns)   --->   "%mult_555 = sub i22 %sext_ln73_119, i22 %sext_ln73_123" [firmware/nnet_utils/nnet_mult.h:73->firmware/nnet_utils/nnet_dense_latency.h:42]   --->   Operation 203 'sub' 'mult_555' <Predicate = true> <Delay = 0.81> <CoreInst = "Adder">   --->   Core 1 'Adder' <Latency = 0> <II = 1> <Delay = 0.81> <FuncUnit> <Opcode : 'add' 'sub'> <InPorts = 2> <OutPorts = 1>
ST_1 : Operation 204 [1/1] (0.79ns)   --->   "%mult_556 = sub i19 %sext_ln73_49, i19 %sext_ln17_370" [firmware/nnet_utils/nnet_mult.h:73->firmware/nnet_utils/nnet_dense_latency.h:42]   --->   Operation 204 'sub' 'mult_556' <Predicate = true> <Delay = 0.79> <CoreInst = "Adder">   --->   Core 1 'Adder' <Latency = 0> <II = 1> <Delay = 0.79> <FuncUnit> <Opcode : 'add' 'sub'> <InPorts = 2> <OutPorts = 1>
ST_1 : Operation 205 [1/1] (0.00ns)   --->   "%sext_ln17_379 = sext i19 %mult_556" [firmware/nnet_utils/nnet_dense_latency.h:17]   --->   Operation 205 'sext' 'sext_ln17_379' <Predicate = true> <Delay = 0.00>
ST_1 : Operation 206 [1/1] (0.80ns)   --->   "%mult_557 = sub i21 %sext_ln73_120, i21 %sext_ln17_377" [firmware/nnet_utils/nnet_mult.h:73->firmware/nnet_utils/nnet_dense_latency.h:42]   --->   Operation 206 'sub' 'mult_557' <Predicate = true> <Delay = 0.80> <CoreInst = "Adder">   --->   Core 1 'Adder' <Latency = 0> <II = 1> <Delay = 0.80> <FuncUnit> <Opcode : 'add' 'sub'> <InPorts = 2> <OutPorts = 1>
ST_1 : Operation 207 [1/1] (0.00ns) (grouped into TernaryAdder)   --->   "%mult_558 = sub i22 %sext_ln73_123, i22 %sext_ln73_119" [firmware/nnet_utils/nnet_mult.h:73->firmware/nnet_utils/nnet_dense_latency.h:42]   --->   Operation 207 'sub' 'mult_558' <Predicate = true> <Delay = 0.00> <CoreInst = "TAddSub">   --->   Core 10 'TAddSub' <Latency = 0> <II = 1> <Delay = 0.34> <IPBlock> <Opcode : '' 'add' 'sub'> <InPorts = 3> <OutPorts = 1> <Sync> <CReg>
ST_1 : Operation 208 [1/1] (0.00ns) (grouped into TernaryAdder)   --->   "%mult_559 = sub i21 %sub_ln73_664, i21 %sext_ln73_50" [firmware/nnet_utils/nnet_mult.h:73->firmware/nnet_utils/nnet_dense_latency.h:42]   --->   Operation 208 'sub' 'mult_559' <Predicate = true> <Delay = 0.00> <CoreInst = "TAddSub">   --->   Core 10 'TAddSub' <Latency = 0> <II = 1> <Delay = 0.34> <IPBlock> <Opcode : '' 'add' 'sub'> <InPorts = 3> <OutPorts = 1> <Sync> <CReg>
ST_1 : Operation 209 [1/1] (0.80ns)   --->   "%mult_561 = sub i21 %sext_ln73_120, i21 %sext_ln73_121" [firmware/nnet_utils/nnet_mult.h:73->firmware/nnet_utils/nnet_dense_latency.h:42]   --->   Operation 209 'sub' 'mult_561' <Predicate = true> <Delay = 0.80> <CoreInst = "Adder">   --->   Core 1 'Adder' <Latency = 0> <II = 1> <Delay = 0.80> <FuncUnit> <Opcode : 'add' 'sub'> <InPorts = 2> <OutPorts = 1>
ST_1 : Operation 210 [1/1] (0.00ns)   --->   "%sext_ln73_124 = sext i20 %mult_560" [firmware/nnet_utils/nnet_mult.h:73->firmware/nnet_utils/nnet_dense_latency.h:42]   --->   Operation 210 'sext' 'sext_ln73_124' <Predicate = true> <Delay = 0.00>
ST_1 : Operation 211 [1/1] (0.80ns)   --->   "%sub_ln73_672 = sub i22 0, i22 %sext_ln73_124" [firmware/nnet_utils/nnet_mult.h:73->firmware/nnet_utils/nnet_dense_latency.h:42]   --->   Operation 211 'sub' 'sub_ln73_672' <Predicate = true> <Delay = 0.80> <CoreInst = "Adder">   --->   Core 1 'Adder' <Latency = 0> <II = 1> <Delay = 0.80> <FuncUnit> <Opcode : 'add' 'sub'> <InPorts = 2> <OutPorts = 1>
ST_1 : Operation 212 [1/1] (0.00ns)   --->   "%sext_ln73_125 = sext i17 %tmp_1010" [firmware/nnet_utils/nnet_mult.h:73->firmware/nnet_utils/nnet_dense_latency.h:42]   --->   Operation 212 'sext' 'sext_ln73_125' <Predicate = true> <Delay = 0.00>
ST_1 : Operation 213 [1/1] (0.00ns) (grouped into TernaryAdder)   --->   "%mult_562 = sub i22 %sub_ln73_672, i22 %sext_ln73_125" [firmware/nnet_utils/nnet_mult.h:73->firmware/nnet_utils/nnet_dense_latency.h:42]   --->   Operation 213 'sub' 'mult_562' <Predicate = true> <Delay = 0.00> <CoreInst = "TAddSub">   --->   Core 10 'TAddSub' <Latency = 0> <II = 1> <Delay = 0.34> <IPBlock> <Opcode : '' 'add' 'sub'> <InPorts = 3> <OutPorts = 1> <Sync> <CReg>
ST_1 : Operation 214 [1/1] (0.00ns)   --->   "%a_4 = partselect i16 @_ssdm_op_PartSelect.i16.i256.i32.i32, i256 %data_val_read, i32 64, i32 79"   --->   Operation 214 'partselect' 'a_4' <Predicate = true> <Delay = 0.00>
ST_1 : Operation 215 [1/1] (0.00ns)   --->   "%sext_ln73_53 = sext i16 %a_4" [firmware/nnet_utils/nnet_mult.h:73->firmware/nnet_utils/nnet_dense_latency.h:42]   --->   Operation 215 'sext' 'sext_ln73_53' <Predicate = true> <Delay = 0.00>
ST_1 : Operation 216 [1/1] (0.00ns)   --->   "%sext_ln73_54 = sext i16 %a_4" [firmware/nnet_utils/nnet_mult.h:73->firmware/nnet_utils/nnet_dense_latency.h:42]   --->   Operation 216 'sext' 'sext_ln73_54' <Predicate = true> <Delay = 0.00>
ST_1 : Operation 217 [1/1] (0.00ns)   --->   "%sext_ln73_55 = sext i16 %a_4" [firmware/nnet_utils/nnet_mult.h:73->firmware/nnet_utils/nnet_dense_latency.h:42]   --->   Operation 217 'sext' 'sext_ln73_55' <Predicate = true> <Delay = 0.00>
ST_1 : Operation 218 [1/1] (0.00ns)   --->   "%sext_ln73_56 = sext i16 %a_4" [firmware/nnet_utils/nnet_mult.h:73->firmware/nnet_utils/nnet_dense_latency.h:42]   --->   Operation 218 'sext' 'sext_ln73_56' <Predicate = true> <Delay = 0.00>
ST_1 : Operation 219 [1/1] (0.00ns)   --->   "%sext_ln73_57 = sext i16 %a_4" [firmware/nnet_utils/nnet_mult.h:73->firmware/nnet_utils/nnet_dense_latency.h:42]   --->   Operation 219 'sext' 'sext_ln73_57' <Predicate = true> <Delay = 0.00>
ST_1 : Operation 220 [1/1] (0.00ns)   --->   "%mult_583 = bitconcatenate i19 @_ssdm_op_BitConcatenate.i19.i16.i3, i16 %a_4, i3 0" [firmware/nnet_utils/nnet_mult.h:73->firmware/nnet_utils/nnet_dense_latency.h:42]   --->   Operation 220 'bitconcatenate' 'mult_583' <Predicate = true> <Delay = 0.00>
ST_1 : Operation 221 [1/1] (0.00ns)   --->   "%sext_ln73_126 = sext i19 %mult_583" [firmware/nnet_utils/nnet_mult.h:73->firmware/nnet_utils/nnet_dense_latency.h:42]   --->   Operation 221 'sext' 'sext_ln73_126' <Predicate = true> <Delay = 0.00>
ST_1 : Operation 222 [1/1] (0.00ns) (grouped into TernaryAdder)   --->   "%mult_563 = sub i20 %sext_ln73_57, i20 %sext_ln73_126" [firmware/nnet_utils/nnet_mult.h:73->firmware/nnet_utils/nnet_dense_latency.h:42]   --->   Operation 222 'sub' 'mult_563' <Predicate = true> <Delay = 0.00> <CoreInst = "TAddSub">   --->   Core 10 'TAddSub' <Latency = 0> <II = 1> <Delay = 0.34> <IPBlock> <Opcode : '' 'add' 'sub'> <InPorts = 3> <OutPorts = 1> <Sync> <CReg>
ST_1 : Operation 223 [1/1] (0.00ns)   --->   "%mult_581 = bitconcatenate i20 @_ssdm_op_BitConcatenate.i20.i16.i4, i16 %a_4, i4 0" [firmware/nnet_utils/nnet_mult.h:73->firmware/nnet_utils/nnet_dense_latency.h:42]   --->   Operation 223 'bitconcatenate' 'mult_581' <Predicate = true> <Delay = 0.00>
ST_1 : Operation 224 [1/1] (0.00ns)   --->   "%sext_ln73_127 = sext i20 %mult_581" [firmware/nnet_utils/nnet_mult.h:73->firmware/nnet_utils/nnet_dense_latency.h:42]   --->   Operation 224 'sext' 'sext_ln73_127' <Predicate = true> <Delay = 0.00>
ST_1 : Operation 225 [1/1] (0.00ns)   --->   "%tmp_1015 = bitconcatenate i18 @_ssdm_op_BitConcatenate.i18.i16.i2, i16 %a_4, i2 0" [firmware/nnet_utils/nnet_mult.h:73->firmware/nnet_utils/nnet_dense_latency.h:42]   --->   Operation 225 'bitconcatenate' 'tmp_1015' <Predicate = true> <Delay = 0.00>
ST_1 : Operation 226 [1/1] (0.00ns)   --->   "%sext_ln73_128 = sext i18 %tmp_1015" [firmware/nnet_utils/nnet_mult.h:73->firmware/nnet_utils/nnet_dense_latency.h:42]   --->   Operation 226 'sext' 'sext_ln73_128' <Predicate = true> <Delay = 0.00>
ST_1 : Operation 227 [1/1] (0.00ns) (grouped into TernaryAdder)   --->   "%mult_565 = sub i21 %sext_ln73_127, i21 %sext_ln73_128" [firmware/nnet_utils/nnet_mult.h:73->firmware/nnet_utils/nnet_dense_latency.h:42]   --->   Operation 227 'sub' 'mult_565' <Predicate = true> <Delay = 0.00> <CoreInst = "TAddSub">   --->   Core 10 'TAddSub' <Latency = 0> <II = 1> <Delay = 0.34> <IPBlock> <Opcode : '' 'add' 'sub'> <InPorts = 3> <OutPorts = 1> <Sync> <CReg>
ST_1 : Operation 228 [1/1] (0.78ns)   --->   "%mult_566 = sub i17 0, i17 %sext_ln73_55" [firmware/nnet_utils/nnet_mult.h:73->firmware/nnet_utils/nnet_dense_latency.h:42]   --->   Operation 228 'sub' 'mult_566' <Predicate = true> <Delay = 0.78> <CoreInst = "Adder">   --->   Core 1 'Adder' <Latency = 0> <II = 1> <Delay = 0.78> <FuncUnit> <Opcode : 'add' 'sub'> <InPorts = 2> <OutPorts = 1>
ST_1 : Operation 229 [1/1] (0.00ns)   --->   "%sext_ln17_380 = sext i17 %mult_566" [firmware/nnet_utils/nnet_dense_latency.h:17]   --->   Operation 229 'sext' 'sext_ln17_380' <Predicate = true> <Delay = 0.00>
ST_1 : Operation 230 [1/1] (0.00ns)   --->   "%sext_ln17_381 = sext i17 %mult_566" [firmware/nnet_utils/nnet_dense_latency.h:17]   --->   Operation 230 'sext' 'sext_ln17_381' <Predicate = true> <Delay = 0.00>
ST_1 : Operation 231 [1/1] (0.00ns)   --->   "%sext_ln73_129 = sext i19 %mult_583" [firmware/nnet_utils/nnet_mult.h:73->firmware/nnet_utils/nnet_dense_latency.h:42]   --->   Operation 231 'sext' 'sext_ln73_129' <Predicate = true> <Delay = 0.00>
ST_1 : Operation 232 [1/1] (0.80ns)   --->   "%sub_ln73_677 = sub i21 0, i21 %sext_ln73_129" [firmware/nnet_utils/nnet_mult.h:73->firmware/nnet_utils/nnet_dense_latency.h:42]   --->   Operation 232 'sub' 'sub_ln73_677' <Predicate = true> <Delay = 0.80> <CoreInst = "Adder">   --->   Core 1 'Adder' <Latency = 0> <II = 1> <Delay = 0.80> <FuncUnit> <Opcode : 'add' 'sub'> <InPorts = 2> <OutPorts = 1>
ST_1 : Operation 233 [1/1] (0.00ns)   --->   "%mult_575 = bitconcatenate i17 @_ssdm_op_BitConcatenate.i17.i16.i1, i16 %a_4, i1 0" [firmware/nnet_utils/nnet_mult.h:73->firmware/nnet_utils/nnet_dense_latency.h:42]   --->   Operation 233 'bitconcatenate' 'mult_575' <Predicate = true> <Delay = 0.00>
ST_1 : Operation 234 [1/1] (0.00ns)   --->   "%sext_ln73_130 = sext i17 %mult_575" [firmware/nnet_utils/nnet_mult.h:73->firmware/nnet_utils/nnet_dense_latency.h:42]   --->   Operation 234 'sext' 'sext_ln73_130' <Predicate = true> <Delay = 0.00>
ST_1 : Operation 235 [1/1] (0.81ns)   --->   "%mult_567 = sub i21 %sub_ln73_677, i21 %sext_ln73_130" [firmware/nnet_utils/nnet_mult.h:73->firmware/nnet_utils/nnet_dense_latency.h:42]   --->   Operation 235 'sub' 'mult_567' <Predicate = true> <Delay = 0.81> <CoreInst = "Adder">   --->   Core 1 'Adder' <Latency = 0> <II = 1> <Delay = 0.81> <FuncUnit> <Opcode : 'add' 'sub'> <InPorts = 2> <OutPorts = 1>
ST_1 : Operation 236 [1/1] (0.00ns)   --->   "%trunc_ln17_7 = trunc i21 %mult_567" [firmware/nnet_utils/nnet_dense_latency.h:17]   --->   Operation 236 'trunc' 'trunc_ln17_7' <Predicate = true> <Delay = 0.00>
ST_1 : Operation 237 [1/1] (0.80ns)   --->   "%mult_568 = add i21 %sext_ln73_129, i21 %sext_ln73_130" [firmware/nnet_utils/nnet_mult.h:73->firmware/nnet_utils/nnet_dense_latency.h:42]   --->   Operation 237 'add' 'mult_568' <Predicate = true> <Delay = 0.80> <CoreInst = "Adder">   --->   Core 1 'Adder' <Latency = 0> <II = 1> <Delay = 0.80> <FuncUnit> <Opcode : 'add' 'sub'> <InPorts = 2> <OutPorts = 1>
ST_1 : Operation 238 [1/1] (0.00ns)   --->   "%trunc_ln17_8 = trunc i21 %mult_568" [firmware/nnet_utils/nnet_dense_latency.h:17]   --->   Operation 238 'trunc' 'trunc_ln17_8' <Predicate = true> <Delay = 0.00>
ST_1 : Operation 239 [1/1] (1.94ns)   --->   "%mult_569 = mul i21 %sext_ln73_56, i21 2097141" [firmware/nnet_utils/nnet_mult.h:73->firmware/nnet_utils/nnet_dense_latency.h:42]   --->   Operation 239 'mul' 'mult_569' <Predicate = true> <Delay = 1.94> <CoreInst = "Multiplier">   --->   Core 3 'Multiplier' <Latency = 0> <II = 1> <Delay = 1.94> <FuncUnit> <Opcode : 'mul'> <InPorts = 2> <OutPorts = 1>
ST_1 : Operation 240 [1/1] (0.00ns)   --->   "%sext_ln73_131 = sext i17 %mult_575" [firmware/nnet_utils/nnet_mult.h:73->firmware/nnet_utils/nnet_dense_latency.h:42]   --->   Operation 240 'sext' 'sext_ln73_131' <Predicate = true> <Delay = 0.00>
ST_1 : Operation 241 [1/1] (0.80ns)   --->   "%mult_570 = sub i20 %sext_ln73_131, i20 %sext_ln73_126" [firmware/nnet_utils/nnet_mult.h:73->firmware/nnet_utils/nnet_dense_latency.h:42]   --->   Operation 241 'sub' 'mult_570' <Predicate = true> <Delay = 0.80> <CoreInst = "Adder">   --->   Core 1 'Adder' <Latency = 0> <II = 1> <Delay = 0.80> <FuncUnit> <Opcode : 'add' 'sub'> <InPorts = 2> <OutPorts = 1>
ST_1 : Operation 242 [1/1] (0.00ns) (grouped into TernaryAdder)   --->   "%mult_571 = sub i20 %sext_ln73_126, i20 %sext_ln73_57" [firmware/nnet_utils/nnet_mult.h:73->firmware/nnet_utils/nnet_dense_latency.h:42]   --->   Operation 242 'sub' 'mult_571' <Predicate = true> <Delay = 0.00> <CoreInst = "TAddSub">   --->   Core 10 'TAddSub' <Latency = 0> <II = 1> <Delay = 0.34> <IPBlock> <Opcode : '' 'add' 'sub'> <InPorts = 3> <OutPorts = 1> <Sync> <CReg>
ST_1 : Operation 243 [1/1] (0.00ns)   --->   "%sext_ln73_132 = sext i18 %tmp_1015" [firmware/nnet_utils/nnet_mult.h:73->firmware/nnet_utils/nnet_dense_latency.h:42]   --->   Operation 243 'sext' 'sext_ln73_132' <Predicate = true> <Delay = 0.00>
ST_1 : Operation 244 [1/1] (0.79ns)   --->   "%mult_572 = sub i19 %sext_ln73_132, i19 %sext_ln73_54" [firmware/nnet_utils/nnet_mult.h:73->firmware/nnet_utils/nnet_dense_latency.h:42]   --->   Operation 244 'sub' 'mult_572' <Predicate = true> <Delay = 0.79> <CoreInst = "Adder">   --->   Core 1 'Adder' <Latency = 0> <II = 1> <Delay = 0.79> <FuncUnit> <Opcode : 'add' 'sub'> <InPorts = 2> <OutPorts = 1>
ST_1 : Operation 245 [1/1] (0.79ns)   --->   "%mult_573 = sub i19 0, i19 %sext_ln73_132" [firmware/nnet_utils/nnet_mult.h:73->firmware/nnet_utils/nnet_dense_latency.h:42]   --->   Operation 245 'sub' 'mult_573' <Predicate = true> <Delay = 0.79> <CoreInst = "Adder">   --->   Core 1 'Adder' <Latency = 0> <II = 1> <Delay = 0.79> <FuncUnit> <Opcode : 'add' 'sub'> <InPorts = 2> <OutPorts = 1>
ST_1 : Operation 246 [1/1] (0.00ns)   --->   "%sext_ln17_382 = sext i19 %mult_573" [firmware/nnet_utils/nnet_dense_latency.h:17]   --->   Operation 246 'sext' 'sext_ln17_382' <Predicate = true> <Delay = 0.00>
ST_1 : Operation 247 [1/1] (0.00ns)   --->   "%sext_ln73_133 = sext i18 %tmp_1015" [firmware/nnet_utils/nnet_mult.h:73->firmware/nnet_utils/nnet_dense_latency.h:42]   --->   Operation 247 'sext' 'sext_ln73_133' <Predicate = true> <Delay = 0.00>
ST_1 : Operation 248 [1/1] (0.00ns) (grouped into TernaryAdder)   --->   "%sub_ln73_683 = sub i20 0, i20 %sext_ln73_133" [firmware/nnet_utils/nnet_mult.h:73->firmware/nnet_utils/nnet_dense_latency.h:42]   --->   Operation 248 'sub' 'sub_ln73_683' <Predicate = true> <Delay = 0.00> <CoreInst = "TAddSub">   --->   Core 10 'TAddSub' <Latency = 0> <II = 1> <Delay = 0.34> <IPBlock> <Opcode : '' 'add' 'sub'> <InPorts = 3> <OutPorts = 1> <Sync> <CReg>
ST_1 : Operation 249 [1/1] (0.68ns) (root node of TernaryAdder)   --->   "%mult_574 = sub i20 %sub_ln73_683, i20 %sext_ln73_57" [firmware/nnet_utils/nnet_mult.h:73->firmware/nnet_utils/nnet_dense_latency.h:42]   --->   Operation 249 'sub' 'mult_574' <Predicate = true> <Delay = 0.68> <CoreInst = "TAddSub">   --->   Core 10 'TAddSub' <Latency = 0> <II = 1> <Delay = 0.34> <IPBlock> <Opcode : '' 'add' 'sub'> <InPorts = 3> <OutPorts = 1> <Sync> <CReg>
ST_1 : Operation 250 [1/1] (0.00ns)   --->   "%trunc_ln17_9 = trunc i20 %mult_574" [firmware/nnet_utils/nnet_dense_latency.h:17]   --->   Operation 250 'trunc' 'trunc_ln17_9' <Predicate = true> <Delay = 0.00>
ST_1 : Operation 251 [1/1] (0.00ns)   --->   "%sext_ln17_383 = sext i17 %mult_575" [firmware/nnet_utils/nnet_dense_latency.h:17]   --->   Operation 251 'sext' 'sext_ln17_383' <Predicate = true> <Delay = 0.00>
ST_1 : Operation 252 [1/1] (0.80ns)   --->   "%add_ln17_6 = add i21 %sext_ln73_127, i21 %sext_ln73_56" [firmware/nnet_utils/nnet_dense_latency.h:17]   --->   Operation 252 'add' 'add_ln17_6' <Predicate = true> <Delay = 0.80> <CoreInst = "Adder">   --->   Core 1 'Adder' <Latency = 0> <II = 1> <Delay = 0.80> <FuncUnit> <Opcode : 'add' 'sub'> <InPorts = 2> <OutPorts = 1>
ST_1 : Operation 253 [1/1] (0.81ns)   --->   "%mult_576 = sub i21 %sub_ln73_677, i21 %sext_ln73_56" [firmware/nnet_utils/nnet_mult.h:73->firmware/nnet_utils/nnet_dense_latency.h:42]   --->   Operation 253 'sub' 'mult_576' <Predicate = true> <Delay = 0.81> <CoreInst = "Adder">   --->   Core 1 'Adder' <Latency = 0> <II = 1> <Delay = 0.81> <FuncUnit> <Opcode : 'add' 'sub'> <InPorts = 2> <OutPorts = 1>
ST_1 : Operation 254 [1/1] (0.00ns)   --->   "%trunc_ln17_10 = trunc i21 %mult_576" [firmware/nnet_utils/nnet_dense_latency.h:17]   --->   Operation 254 'trunc' 'trunc_ln17_10' <Predicate = true> <Delay = 0.00>
ST_1 : Operation 255 [1/1] (1.94ns)   --->   "%mult_577 = mul i21 %sext_ln73_56, i21 13" [firmware/nnet_utils/nnet_mult.h:73->firmware/nnet_utils/nnet_dense_latency.h:42]   --->   Operation 255 'mul' 'mult_577' <Predicate = true> <Delay = 1.94> <CoreInst = "Multiplier">   --->   Core 3 'Multiplier' <Latency = 0> <II = 1> <Delay = 1.94> <FuncUnit> <Opcode : 'mul'> <InPorts = 2> <OutPorts = 1>
ST_1 : Operation 256 [1/1] (0.00ns)   --->   "%sext_ln73_134 = sext i17 %mult_575" [firmware/nnet_utils/nnet_mult.h:73->firmware/nnet_utils/nnet_dense_latency.h:42]   --->   Operation 256 'sext' 'sext_ln73_134' <Predicate = true> <Delay = 0.00>
ST_1 : Operation 257 [1/1] (0.79ns)   --->   "%mult_578 = sub i18 0, i18 %sext_ln73_134" [firmware/nnet_utils/nnet_mult.h:73->firmware/nnet_utils/nnet_dense_latency.h:42]   --->   Operation 257 'sub' 'mult_578' <Predicate = true> <Delay = 0.79> <CoreInst = "Adder">   --->   Core 1 'Adder' <Latency = 0> <II = 1> <Delay = 0.79> <FuncUnit> <Opcode : 'add' 'sub'> <InPorts = 2> <OutPorts = 1>
ST_1 : Operation 258 [1/1] (0.00ns)   --->   "%sext_ln17_384 = sext i18 %mult_578" [firmware/nnet_utils/nnet_dense_latency.h:17]   --->   Operation 258 'sext' 'sext_ln17_384' <Predicate = true> <Delay = 0.00>
ST_1 : Operation 259 [1/1] (0.00ns)   --->   "%sext_ln17_385 = sext i18 %mult_578" [firmware/nnet_utils/nnet_dense_latency.h:17]   --->   Operation 259 'sext' 'sext_ln17_385' <Predicate = true> <Delay = 0.00>
ST_1 : Operation 260 [1/1] (0.79ns)   --->   "%mult_579 = sub i19 %sext_ln73_54, i19 %sext_ln73_132" [firmware/nnet_utils/nnet_mult.h:73->firmware/nnet_utils/nnet_dense_latency.h:42]   --->   Operation 260 'sub' 'mult_579' <Predicate = true> <Delay = 0.79> <CoreInst = "Adder">   --->   Core 1 'Adder' <Latency = 0> <II = 1> <Delay = 0.79> <FuncUnit> <Opcode : 'add' 'sub'> <InPorts = 2> <OutPorts = 1>
ST_1 : Operation 261 [1/1] (0.00ns)   --->   "%sext_ln17_386 = sext i19 %mult_579" [firmware/nnet_utils/nnet_dense_latency.h:17]   --->   Operation 261 'sext' 'sext_ln17_386' <Predicate = true> <Delay = 0.00>
ST_1 : Operation 262 [1/1] (0.79ns)   --->   "%mult_580 = add i20 %sext_ln73_133, i20 %sext_ln73_57" [firmware/nnet_utils/nnet_mult.h:73->firmware/nnet_utils/nnet_dense_latency.h:42]   --->   Operation 262 'add' 'mult_580' <Predicate = true> <Delay = 0.79> <CoreInst = "Adder">   --->   Core 1 'Adder' <Latency = 0> <II = 1> <Delay = 0.79> <FuncUnit> <Opcode : 'add' 'sub'> <InPorts = 2> <OutPorts = 1>
ST_1 : Operation 263 [1/1] (0.00ns)   --->   "%sext_ln17_387 = sext i20 %mult_581" [firmware/nnet_utils/nnet_dense_latency.h:17]   --->   Operation 263 'sext' 'sext_ln17_387' <Predicate = true> <Delay = 0.00>
ST_1 : Operation 264 [1/1] (0.00ns) (grouped into TernaryAdder)   --->   "%mult_582 = sub i20 %sext_ln73_126, i20 %sext_ln73_131" [firmware/nnet_utils/nnet_mult.h:73->firmware/nnet_utils/nnet_dense_latency.h:42]   --->   Operation 264 'sub' 'mult_582' <Predicate = true> <Delay = 0.00> <CoreInst = "TAddSub">   --->   Core 10 'TAddSub' <Latency = 0> <II = 1> <Delay = 0.34> <IPBlock> <Opcode : '' 'add' 'sub'> <InPorts = 3> <OutPorts = 1> <Sync> <CReg>
ST_1 : Operation 265 [1/1] (0.80ns)   --->   "%add_ln17_7 = add i21 %sext_ln73_127, i21 %sext_ln73_130" [firmware/nnet_utils/nnet_dense_latency.h:17]   --->   Operation 265 'add' 'add_ln17_7' <Predicate = true> <Delay = 0.80> <CoreInst = "Adder">   --->   Core 1 'Adder' <Latency = 0> <II = 1> <Delay = 0.80> <FuncUnit> <Opcode : 'add' 'sub'> <InPorts = 2> <OutPorts = 1>
ST_1 : Operation 266 [1/1] (1.94ns)   --->   "%mul_ln17_6 = mul i20 %sext_ln73_57, i20 11" [firmware/nnet_utils/nnet_dense_latency.h:17]   --->   Operation 266 'mul' 'mul_ln17_6' <Predicate = true> <Delay = 1.94> <CoreInst = "Multiplier">   --->   Core 3 'Multiplier' <Latency = 0> <II = 1> <Delay = 1.94> <FuncUnit> <Opcode : 'mul'> <InPorts = 2> <OutPorts = 1>
ST_1 : Operation 267 [1/1] (0.00ns)   --->   "%a_5 = partselect i16 @_ssdm_op_PartSelect.i16.i256.i32.i32, i256 %data_val_read, i32 80, i32 95"   --->   Operation 267 'partselect' 'a_5' <Predicate = true> <Delay = 0.00>
ST_1 : Operation 268 [1/1] (0.00ns)   --->   "%sext_ln73_58 = sext i16 %a_5" [firmware/nnet_utils/nnet_mult.h:73->firmware/nnet_utils/nnet_dense_latency.h:42]   --->   Operation 268 'sext' 'sext_ln73_58' <Predicate = true> <Delay = 0.00>
ST_1 : Operation 269 [1/1] (0.00ns)   --->   "%sext_ln73_59 = sext i16 %a_5" [firmware/nnet_utils/nnet_mult.h:73->firmware/nnet_utils/nnet_dense_latency.h:42]   --->   Operation 269 'sext' 'sext_ln73_59' <Predicate = true> <Delay = 0.00>
ST_1 : Operation 270 [1/1] (0.00ns)   --->   "%sext_ln73_60 = sext i16 %a_5" [firmware/nnet_utils/nnet_mult.h:73->firmware/nnet_utils/nnet_dense_latency.h:42]   --->   Operation 270 'sext' 'sext_ln73_60' <Predicate = true> <Delay = 0.00>
ST_1 : Operation 271 [1/1] (0.00ns)   --->   "%sext_ln73_61 = sext i16 %a_5" [firmware/nnet_utils/nnet_mult.h:73->firmware/nnet_utils/nnet_dense_latency.h:42]   --->   Operation 271 'sext' 'sext_ln73_61' <Predicate = true> <Delay = 0.00>
ST_1 : Operation 272 [1/1] (0.00ns)   --->   "%sext_ln73_62 = sext i16 %a_5" [firmware/nnet_utils/nnet_mult.h:73->firmware/nnet_utils/nnet_dense_latency.h:42]   --->   Operation 272 'sext' 'sext_ln73_62' <Predicate = true> <Delay = 0.00>
ST_1 : Operation 273 [1/1] (0.00ns)   --->   "%tmp_1017 = bitconcatenate i19 @_ssdm_op_BitConcatenate.i19.i16.i3, i16 %a_5, i3 0" [firmware/nnet_utils/nnet_mult.h:73->firmware/nnet_utils/nnet_dense_latency.h:42]   --->   Operation 273 'bitconcatenate' 'tmp_1017' <Predicate = true> <Delay = 0.00>
ST_1 : Operation 274 [1/1] (0.00ns)   --->   "%sext_ln73_135 = sext i19 %tmp_1017" [firmware/nnet_utils/nnet_mult.h:73->firmware/nnet_utils/nnet_dense_latency.h:42]   --->   Operation 274 'sext' 'sext_ln73_135' <Predicate = true> <Delay = 0.00>
ST_1 : Operation 275 [1/1] (0.00ns)   --->   "%mult_587 = bitconcatenate i17 @_ssdm_op_BitConcatenate.i17.i16.i1, i16 %a_5, i1 0" [firmware/nnet_utils/nnet_mult.h:73->firmware/nnet_utils/nnet_dense_latency.h:42]   --->   Operation 275 'bitconcatenate' 'mult_587' <Predicate = true> <Delay = 0.00>
ST_1 : Operation 276 [1/1] (0.00ns)   --->   "%sext_ln73_136 = sext i17 %mult_587" [firmware/nnet_utils/nnet_mult.h:73->firmware/nnet_utils/nnet_dense_latency.h:42]   --->   Operation 276 'sext' 'sext_ln73_136' <Predicate = true> <Delay = 0.00>
ST_1 : Operation 277 [1/1] (0.80ns)   --->   "%mult_584 = sub i20 %sext_ln73_136, i20 %sext_ln73_135" [firmware/nnet_utils/nnet_mult.h:73->firmware/nnet_utils/nnet_dense_latency.h:42]   --->   Operation 277 'sub' 'mult_584' <Predicate = true> <Delay = 0.80> <CoreInst = "Adder">   --->   Core 1 'Adder' <Latency = 0> <II = 1> <Delay = 0.80> <FuncUnit> <Opcode : 'add' 'sub'> <InPorts = 2> <OutPorts = 1>
ST_1 : Operation 278 [1/1] (0.00ns)   --->   "%sext_ln17_388 = sext i20 %mult_584" [firmware/nnet_utils/nnet_dense_latency.h:17]   --->   Operation 278 'sext' 'sext_ln17_388' <Predicate = true> <Delay = 0.00>
ST_1 : Operation 279 [1/1] (0.00ns)   --->   "%sext_ln17_389 = sext i20 %mult_584" [firmware/nnet_utils/nnet_dense_latency.h:17]   --->   Operation 279 'sext' 'sext_ln17_389' <Predicate = true> <Delay = 0.00>
ST_1 : Operation 280 [1/1] (0.00ns)   --->   "%trunc_ln17_11 = trunc i20 %mult_584" [firmware/nnet_utils/nnet_dense_latency.h:17]   --->   Operation 280 'trunc' 'trunc_ln17_11' <Predicate = true> <Delay = 0.00>
ST_1 : Operation 281 [1/1] (0.00ns) (grouped into TernaryAdder)   --->   "%add_ln17_8 = add i20 %sext_ln73_135, i20 %sext_ln73_136" [firmware/nnet_utils/nnet_dense_latency.h:17]   --->   Operation 281 'add' 'add_ln17_8' <Predicate = true> <Delay = 0.00> <CoreInst = "TAddSub">   --->   Core 10 'TAddSub' <Latency = 0> <II = 1> <Delay = 0.34> <IPBlock> <Opcode : '' 'add' 'sub'> <InPorts = 3> <OutPorts = 1> <Sync> <CReg>
ST_1 : Operation 282 [1/1] (0.00ns)   --->   "%mult_594 = bitconcatenate i18 @_ssdm_op_BitConcatenate.i18.i16.i2, i16 %a_5, i2 0" [firmware/nnet_utils/nnet_mult.h:73->firmware/nnet_utils/nnet_dense_latency.h:42]   --->   Operation 282 'bitconcatenate' 'mult_594' <Predicate = true> <Delay = 0.00>
ST_1 : Operation 283 [1/1] (0.00ns)   --->   "%sext_ln73_137 = sext i18 %mult_594" [firmware/nnet_utils/nnet_mult.h:73->firmware/nnet_utils/nnet_dense_latency.h:42]   --->   Operation 283 'sext' 'sext_ln73_137' <Predicate = true> <Delay = 0.00>
ST_1 : Operation 284 [1/1] (0.79ns)   --->   "%mult_586 = sub i19 %sext_ln73_60, i19 %sext_ln73_137" [firmware/nnet_utils/nnet_mult.h:73->firmware/nnet_utils/nnet_dense_latency.h:42]   --->   Operation 284 'sub' 'mult_586' <Predicate = true> <Delay = 0.79> <CoreInst = "Adder">   --->   Core 1 'Adder' <Latency = 0> <II = 1> <Delay = 0.79> <FuncUnit> <Opcode : 'add' 'sub'> <InPorts = 2> <OutPorts = 1>
ST_1 : Operation 285 [1/1] (0.00ns)   --->   "%sext_ln17_390 = sext i19 %mult_586" [firmware/nnet_utils/nnet_dense_latency.h:17]   --->   Operation 285 'sext' 'sext_ln17_390' <Predicate = true> <Delay = 0.00>
ST_1 : Operation 286 [1/1] (0.00ns)   --->   "%sext_ln17_391 = sext i19 %mult_586" [firmware/nnet_utils/nnet_dense_latency.h:17]   --->   Operation 286 'sext' 'sext_ln17_391' <Predicate = true> <Delay = 0.00>
ST_1 : Operation 287 [1/1] (0.00ns)   --->   "%sext_ln17_392 = sext i17 %mult_587" [firmware/nnet_utils/nnet_dense_latency.h:17]   --->   Operation 287 'sext' 'sext_ln17_392' <Predicate = true> <Delay = 0.00>
ST_1 : Operation 288 [1/1] (0.79ns)   --->   "%mult_588 = sub i19 %sext_ln73_137, i19 %sext_ln73_60" [firmware/nnet_utils/nnet_mult.h:73->firmware/nnet_utils/nnet_dense_latency.h:42]   --->   Operation 288 'sub' 'mult_588' <Predicate = true> <Delay = 0.79> <CoreInst = "Adder">   --->   Core 1 'Adder' <Latency = 0> <II = 1> <Delay = 0.79> <FuncUnit> <Opcode : 'add' 'sub'> <InPorts = 2> <OutPorts = 1>
ST_1 : Operation 289 [1/1] (0.00ns)   --->   "%sext_ln17_393 = sext i19 %mult_588" [firmware/nnet_utils/nnet_dense_latency.h:17]   --->   Operation 289 'sext' 'sext_ln17_393' <Predicate = true> <Delay = 0.00>
ST_1 : Operation 290 [1/1] (0.79ns)   --->   "%mult_589 = sub i19 0, i19 %sext_ln73_137" [firmware/nnet_utils/nnet_mult.h:73->firmware/nnet_utils/nnet_dense_latency.h:42]   --->   Operation 290 'sub' 'mult_589' <Predicate = true> <Delay = 0.79> <CoreInst = "Adder">   --->   Core 1 'Adder' <Latency = 0> <II = 1> <Delay = 0.79> <FuncUnit> <Opcode : 'add' 'sub'> <InPorts = 2> <OutPorts = 1>
ST_1 : Operation 291 [1/1] (0.00ns)   --->   "%sext_ln17_394 = sext i19 %mult_589" [firmware/nnet_utils/nnet_dense_latency.h:17]   --->   Operation 291 'sext' 'sext_ln17_394' <Predicate = true> <Delay = 0.00>
ST_1 : Operation 292 [1/1] (0.00ns)   --->   "%sext_ln17_395 = sext i19 %mult_589" [firmware/nnet_utils/nnet_dense_latency.h:17]   --->   Operation 292 'sext' 'sext_ln17_395' <Predicate = true> <Delay = 0.00>
ST_1 : Operation 293 [1/1] (0.78ns)   --->   "%mult_590 = sub i17 0, i17 %sext_ln73_59" [firmware/nnet_utils/nnet_mult.h:73->firmware/nnet_utils/nnet_dense_latency.h:42]   --->   Operation 293 'sub' 'mult_590' <Predicate = true> <Delay = 0.78> <CoreInst = "Adder">   --->   Core 1 'Adder' <Latency = 0> <II = 1> <Delay = 0.78> <FuncUnit> <Opcode : 'add' 'sub'> <InPorts = 2> <OutPorts = 1>
ST_1 : Operation 294 [1/1] (0.00ns)   --->   "%sext_ln17_396 = sext i17 %mult_590" [firmware/nnet_utils/nnet_dense_latency.h:17]   --->   Operation 294 'sext' 'sext_ln17_396' <Predicate = true> <Delay = 0.00>
ST_1 : Operation 295 [1/1] (0.00ns)   --->   "%sext_ln17_397 = sext i17 %mult_590" [firmware/nnet_utils/nnet_dense_latency.h:17]   --->   Operation 295 'sext' 'sext_ln17_397' <Predicate = true> <Delay = 0.00>
ST_1 : Operation 296 [1/1] (0.00ns)   --->   "%sext_ln17_398 = sext i17 %mult_590" [firmware/nnet_utils/nnet_dense_latency.h:17]   --->   Operation 296 'sext' 'sext_ln17_398' <Predicate = true> <Delay = 0.00>
ST_1 : Operation 297 [1/1] (1.94ns)   --->   "%mult_591 = mul i21 %sext_ln73_61, i21 2097141" [firmware/nnet_utils/nnet_mult.h:73->firmware/nnet_utils/nnet_dense_latency.h:42]   --->   Operation 297 'mul' 'mult_591' <Predicate = true> <Delay = 1.94> <CoreInst = "Multiplier">   --->   Core 3 'Multiplier' <Latency = 0> <II = 1> <Delay = 1.94> <FuncUnit> <Opcode : 'mul'> <InPorts = 2> <OutPorts = 1>
ST_1 : Operation 298 [1/1] (0.00ns)   --->   "%sext_ln73_138 = sext i17 %mult_587" [firmware/nnet_utils/nnet_mult.h:73->firmware/nnet_utils/nnet_dense_latency.h:42]   --->   Operation 298 'sext' 'sext_ln73_138' <Predicate = true> <Delay = 0.00>
ST_1 : Operation 299 [1/1] (0.79ns)   --->   "%mult_592 = sub i18 0, i18 %sext_ln73_138" [firmware/nnet_utils/nnet_mult.h:73->firmware/nnet_utils/nnet_dense_latency.h:42]   --->   Operation 299 'sub' 'mult_592' <Predicate = true> <Delay = 0.79> <CoreInst = "Adder">   --->   Core 1 'Adder' <Latency = 0> <II = 1> <Delay = 0.79> <FuncUnit> <Opcode : 'add' 'sub'> <InPorts = 2> <OutPorts = 1>
ST_1 : Operation 300 [1/1] (0.00ns)   --->   "%sext_ln17_399 = sext i18 %mult_592" [firmware/nnet_utils/nnet_dense_latency.h:17]   --->   Operation 300 'sext' 'sext_ln17_399' <Predicate = true> <Delay = 0.00>
ST_1 : Operation 301 [1/1] (0.00ns)   --->   "%sext_ln73_139 = sext i18 %mult_594" [firmware/nnet_utils/nnet_mult.h:73->firmware/nnet_utils/nnet_dense_latency.h:42]   --->   Operation 301 'sext' 'sext_ln73_139' <Predicate = true> <Delay = 0.00>
ST_1 : Operation 302 [1/1] (0.79ns)   --->   "%sub_ln73_695 = sub i20 0, i20 %sext_ln73_139" [firmware/nnet_utils/nnet_mult.h:73->firmware/nnet_utils/nnet_dense_latency.h:42]   --->   Operation 302 'sub' 'sub_ln73_695' <Predicate = true> <Delay = 0.79> <CoreInst = "Adder">   --->   Core 1 'Adder' <Latency = 0> <II = 1> <Delay = 0.79> <FuncUnit> <Opcode : 'add' 'sub'> <InPorts = 2> <OutPorts = 1>
ST_1 : Operation 303 [1/1] (0.00ns) (grouped into TernaryAdder)   --->   "%mult_593 = sub i20 %sub_ln73_695, i20 %sext_ln73_62" [firmware/nnet_utils/nnet_mult.h:73->firmware/nnet_utils/nnet_dense_latency.h:42]   --->   Operation 303 'sub' 'mult_593' <Predicate = true> <Delay = 0.00> <CoreInst = "TAddSub">   --->   Core 10 'TAddSub' <Latency = 0> <II = 1> <Delay = 0.34> <IPBlock> <Opcode : '' 'add' 'sub'> <InPorts = 3> <OutPorts = 1> <Sync> <CReg>
ST_1 : Operation 304 [1/1] (0.79ns)   --->   "%mult_595 = add i20 %sext_ln73_139, i20 %sext_ln73_62" [firmware/nnet_utils/nnet_mult.h:73->firmware/nnet_utils/nnet_dense_latency.h:42]   --->   Operation 304 'add' 'mult_595' <Predicate = true> <Delay = 0.79> <CoreInst = "Adder">   --->   Core 1 'Adder' <Latency = 0> <II = 1> <Delay = 0.79> <FuncUnit> <Opcode : 'add' 'sub'> <InPorts = 2> <OutPorts = 1>
ST_1 : Operation 305 [1/1] (0.00ns)   --->   "%a_6 = partselect i16 @_ssdm_op_PartSelect.i16.i256.i32.i32, i256 %data_val_read, i32 96, i32 111"   --->   Operation 305 'partselect' 'a_6' <Predicate = true> <Delay = 0.00>
ST_1 : Operation 306 [1/1] (0.00ns)   --->   "%sext_ln17_400 = sext i16 %a_6" [firmware/nnet_utils/nnet_dense_latency.h:17]   --->   Operation 306 'sext' 'sext_ln17_400' <Predicate = true> <Delay = 0.00>
ST_1 : Operation 307 [1/1] (0.00ns)   --->   "%sext_ln73_63 = sext i16 %a_6" [firmware/nnet_utils/nnet_mult.h:73->firmware/nnet_utils/nnet_dense_latency.h:42]   --->   Operation 307 'sext' 'sext_ln73_63' <Predicate = true> <Delay = 0.00>
ST_1 : Operation 308 [1/1] (0.00ns)   --->   "%sext_ln73_64 = sext i16 %a_6" [firmware/nnet_utils/nnet_mult.h:73->firmware/nnet_utils/nnet_dense_latency.h:42]   --->   Operation 308 'sext' 'sext_ln73_64' <Predicate = true> <Delay = 0.00>
ST_1 : Operation 309 [1/1] (0.00ns)   --->   "%sext_ln73_65 = sext i16 %a_6" [firmware/nnet_utils/nnet_mult.h:73->firmware/nnet_utils/nnet_dense_latency.h:42]   --->   Operation 309 'sext' 'sext_ln73_65' <Predicate = true> <Delay = 0.00>
ST_1 : Operation 310 [1/1] (0.00ns)   --->   "%mult_600 = bitconcatenate i18 @_ssdm_op_BitConcatenate.i18.i16.i2, i16 %a_6, i2 0" [firmware/nnet_utils/nnet_mult.h:73->firmware/nnet_utils/nnet_dense_latency.h:42]   --->   Operation 310 'bitconcatenate' 'mult_600' <Predicate = true> <Delay = 0.00>
ST_1 : Operation 311 [1/1] (0.00ns)   --->   "%sext_ln73_140 = sext i18 %mult_600" [firmware/nnet_utils/nnet_mult.h:73->firmware/nnet_utils/nnet_dense_latency.h:42]   --->   Operation 311 'sext' 'sext_ln73_140' <Predicate = true> <Delay = 0.00>
ST_1 : Operation 312 [1/1] (0.79ns)   --->   "%mult_596 = sub i19 %sext_ln73_140, i19 %sext_ln73_65" [firmware/nnet_utils/nnet_mult.h:73->firmware/nnet_utils/nnet_dense_latency.h:42]   --->   Operation 312 'sub' 'mult_596' <Predicate = true> <Delay = 0.79> <CoreInst = "Adder">   --->   Core 1 'Adder' <Latency = 0> <II = 1> <Delay = 0.79> <FuncUnit> <Opcode : 'add' 'sub'> <InPorts = 2> <OutPorts = 1>
ST_1 : Operation 313 [1/1] (0.00ns)   --->   "%sext_ln17_401 = sext i19 %mult_596" [firmware/nnet_utils/nnet_dense_latency.h:17]   --->   Operation 313 'sext' 'sext_ln17_401' <Predicate = true> <Delay = 0.00>
ST_1 : Operation 314 [1/1] (0.79ns)   --->   "%mult_597 = sub i19 0, i19 %sext_ln73_140" [firmware/nnet_utils/nnet_mult.h:73->firmware/nnet_utils/nnet_dense_latency.h:42]   --->   Operation 314 'sub' 'mult_597' <Predicate = true> <Delay = 0.79> <CoreInst = "Adder">   --->   Core 1 'Adder' <Latency = 0> <II = 1> <Delay = 0.79> <FuncUnit> <Opcode : 'add' 'sub'> <InPorts = 2> <OutPorts = 1>
ST_1 : Operation 315 [1/1] (0.00ns)   --->   "%sext_ln17_402 = sext i19 %mult_597" [firmware/nnet_utils/nnet_dense_latency.h:17]   --->   Operation 315 'sext' 'sext_ln17_402' <Predicate = true> <Delay = 0.00>
ST_1 : Operation 316 [1/1] (0.79ns)   --->   "%mult_598 = sub i19 %sext_ln73_65, i19 %sext_ln73_140" [firmware/nnet_utils/nnet_mult.h:73->firmware/nnet_utils/nnet_dense_latency.h:42]   --->   Operation 316 'sub' 'mult_598' <Predicate = true> <Delay = 0.79> <CoreInst = "Adder">   --->   Core 1 'Adder' <Latency = 0> <II = 1> <Delay = 0.79> <FuncUnit> <Opcode : 'add' 'sub'> <InPorts = 2> <OutPorts = 1>
ST_1 : Operation 317 [1/1] (0.78ns)   --->   "%mult_599 = sub i17 0, i17 %sext_ln73_64" [firmware/nnet_utils/nnet_mult.h:73->firmware/nnet_utils/nnet_dense_latency.h:42]   --->   Operation 317 'sub' 'mult_599' <Predicate = true> <Delay = 0.78> <CoreInst = "Adder">   --->   Core 1 'Adder' <Latency = 0> <II = 1> <Delay = 0.78> <FuncUnit> <Opcode : 'add' 'sub'> <InPorts = 2> <OutPorts = 1>
ST_1 : Operation 318 [1/1] (0.00ns)   --->   "%sext_ln17_403 = sext i17 %mult_599" [firmware/nnet_utils/nnet_dense_latency.h:17]   --->   Operation 318 'sext' 'sext_ln17_403' <Predicate = true> <Delay = 0.00>
ST_1 : Operation 319 [1/1] (0.00ns)   --->   "%sext_ln17_404 = sext i17 %mult_599" [firmware/nnet_utils/nnet_dense_latency.h:17]   --->   Operation 319 'sext' 'sext_ln17_404' <Predicate = true> <Delay = 0.00>
ST_1 : Operation 320 [1/1] (0.00ns) (grouped into TernaryAdder)   --->   "%add_ln17_9 = add i19 %sext_ln73_140, i19 %sext_ln73_65" [firmware/nnet_utils/nnet_dense_latency.h:17]   --->   Operation 320 'add' 'add_ln17_9' <Predicate = true> <Delay = 0.00> <CoreInst = "TAddSub">   --->   Core 10 'TAddSub' <Latency = 0> <II = 1> <Delay = 0.34> <IPBlock> <Opcode : '' 'add' 'sub'> <InPorts = 3> <OutPorts = 1> <Sync> <CReg>
ST_1 : Operation 321 [1/1] (0.00ns)   --->   "%sext_ln17_405 = sext i18 %mult_600" [firmware/nnet_utils/nnet_dense_latency.h:17]   --->   Operation 321 'sext' 'sext_ln17_405' <Predicate = true> <Delay = 0.00>
ST_1 : Operation 322 [1/1] (0.79ns)   --->   "%sub_ln73_701 = sub i20 0, i20 %sext_ln17_405" [firmware/nnet_utils/nnet_mult.h:73->firmware/nnet_utils/nnet_dense_latency.h:42]   --->   Operation 322 'sub' 'sub_ln73_701' <Predicate = true> <Delay = 0.79> <CoreInst = "Adder">   --->   Core 1 'Adder' <Latency = 0> <II = 1> <Delay = 0.79> <FuncUnit> <Opcode : 'add' 'sub'> <InPorts = 2> <OutPorts = 1>
ST_1 : Operation 323 [1/1] (0.00ns) (grouped into TernaryAdder)   --->   "%mult_601 = sub i20 %sub_ln73_701, i20 %sext_ln17_400" [firmware/nnet_utils/nnet_mult.h:73->firmware/nnet_utils/nnet_dense_latency.h:42]   --->   Operation 323 'sub' 'mult_601' <Predicate = true> <Delay = 0.00> <CoreInst = "TAddSub">   --->   Core 10 'TAddSub' <Latency = 0> <II = 1> <Delay = 0.34> <IPBlock> <Opcode : '' 'add' 'sub'> <InPorts = 3> <OutPorts = 1> <Sync> <CReg>
ST_1 : Operation 324 [1/1] (0.00ns)   --->   "%mult_605 = bitconcatenate i19 @_ssdm_op_BitConcatenate.i19.i16.i3, i16 %a_6, i3 0" [firmware/nnet_utils/nnet_mult.h:73->firmware/nnet_utils/nnet_dense_latency.h:42]   --->   Operation 324 'bitconcatenate' 'mult_605' <Predicate = true> <Delay = 0.00>
ST_1 : Operation 325 [1/1] (0.00ns)   --->   "%sext_ln73_141 = sext i19 %mult_605" [firmware/nnet_utils/nnet_mult.h:73->firmware/nnet_utils/nnet_dense_latency.h:42]   --->   Operation 325 'sext' 'sext_ln73_141' <Predicate = true> <Delay = 0.00>
ST_1 : Operation 326 [1/1] (0.80ns)   --->   "%mult_602 = sub i20 %sext_ln73_141, i20 %sext_ln17_400" [firmware/nnet_utils/nnet_mult.h:73->firmware/nnet_utils/nnet_dense_latency.h:42]   --->   Operation 326 'sub' 'mult_602' <Predicate = true> <Delay = 0.80> <CoreInst = "Adder">   --->   Core 1 'Adder' <Latency = 0> <II = 1> <Delay = 0.80> <FuncUnit> <Opcode : 'add' 'sub'> <InPorts = 2> <OutPorts = 1>
ST_1 : Operation 327 [1/1] (0.00ns)   --->   "%mult_604 = bitconcatenate i17 @_ssdm_op_BitConcatenate.i17.i16.i1, i16 %a_6, i1 0" [firmware/nnet_utils/nnet_mult.h:73->firmware/nnet_utils/nnet_dense_latency.h:42]   --->   Operation 327 'bitconcatenate' 'mult_604' <Predicate = true> <Delay = 0.00>
ST_1 : Operation 328 [1/1] (0.00ns)   --->   "%sext_ln17_406 = sext i17 %mult_604" [firmware/nnet_utils/nnet_dense_latency.h:17]   --->   Operation 328 'sext' 'sext_ln17_406' <Predicate = true> <Delay = 0.00>
ST_1 : Operation 329 [1/1] (0.00ns)   --->   "%sext_ln17_407 = sext i17 %mult_604" [firmware/nnet_utils/nnet_dense_latency.h:17]   --->   Operation 329 'sext' 'sext_ln17_407' <Predicate = true> <Delay = 0.00>
ST_1 : Operation 330 [1/1] (0.79ns)   --->   "%mult_606 = sub i18 0, i18 %sext_ln17_406" [firmware/nnet_utils/nnet_mult.h:73->firmware/nnet_utils/nnet_dense_latency.h:42]   --->   Operation 330 'sub' 'mult_606' <Predicate = true> <Delay = 0.79> <CoreInst = "Adder">   --->   Core 1 'Adder' <Latency = 0> <II = 1> <Delay = 0.79> <FuncUnit> <Opcode : 'add' 'sub'> <InPorts = 2> <OutPorts = 1>
ST_1 : Operation 331 [1/1] (0.00ns)   --->   "%sext_ln17_408 = sext i18 %mult_606" [firmware/nnet_utils/nnet_dense_latency.h:17]   --->   Operation 331 'sext' 'sext_ln17_408' <Predicate = true> <Delay = 0.00>
ST_1 : Operation 332 [1/1] (0.00ns)   --->   "%sext_ln17_409 = sext i18 %mult_606" [firmware/nnet_utils/nnet_dense_latency.h:17]   --->   Operation 332 'sext' 'sext_ln17_409' <Predicate = true> <Delay = 0.00>
ST_1 : Operation 333 [1/1] (0.80ns)   --->   "%add_ln17_10 = add i20 %sext_ln73_141, i20 %sext_ln17_400" [firmware/nnet_utils/nnet_dense_latency.h:17]   --->   Operation 333 'add' 'add_ln17_10' <Predicate = true> <Delay = 0.80> <CoreInst = "Adder">   --->   Core 1 'Adder' <Latency = 0> <II = 1> <Delay = 0.80> <FuncUnit> <Opcode : 'add' 'sub'> <InPorts = 2> <OutPorts = 1>
ST_1 : Operation 334 [1/1] (0.80ns)   --->   "%mult_607 = sub i20 %sext_ln17_407, i20 %sext_ln73_141" [firmware/nnet_utils/nnet_mult.h:73->firmware/nnet_utils/nnet_dense_latency.h:42]   --->   Operation 334 'sub' 'mult_607' <Predicate = true> <Delay = 0.80> <CoreInst = "Adder">   --->   Core 1 'Adder' <Latency = 0> <II = 1> <Delay = 0.80> <FuncUnit> <Opcode : 'add' 'sub'> <InPorts = 2> <OutPorts = 1>
ST_1 : Operation 335 [1/1] (0.00ns)   --->   "%a_7 = partselect i16 @_ssdm_op_PartSelect.i16.i256.i32.i32, i256 %data_val_read, i32 112, i32 127"   --->   Operation 335 'partselect' 'a_7' <Predicate = true> <Delay = 0.00>
ST_1 : Operation 336 [1/1] (0.00ns)   --->   "%sext_ln73_66 = sext i16 %a_7" [firmware/nnet_utils/nnet_mult.h:73->firmware/nnet_utils/nnet_dense_latency.h:42]   --->   Operation 336 'sext' 'sext_ln73_66' <Predicate = true> <Delay = 0.00>
ST_1 : Operation 337 [1/1] (0.00ns)   --->   "%sext_ln73_67 = sext i16 %a_7" [firmware/nnet_utils/nnet_mult.h:73->firmware/nnet_utils/nnet_dense_latency.h:42]   --->   Operation 337 'sext' 'sext_ln73_67' <Predicate = true> <Delay = 0.00>
ST_1 : Operation 338 [1/1] (0.00ns)   --->   "%sext_ln73_142 = sext i16 %a_7" [firmware/nnet_utils/nnet_mult.h:73->firmware/nnet_utils/nnet_dense_latency.h:42]   --->   Operation 338 'sext' 'sext_ln73_142' <Predicate = true> <Delay = 0.00>
ST_1 : Operation 339 [1/1] (0.00ns)   --->   "%sext_ln73_70 = sext i16 %a_7" [firmware/nnet_utils/nnet_mult.h:73->firmware/nnet_utils/nnet_dense_latency.h:42]   --->   Operation 339 'sext' 'sext_ln73_70' <Predicate = true> <Delay = 0.00>
ST_1 : Operation 340 [1/1] (0.00ns)   --->   "%mult_622 = bitconcatenate i18 @_ssdm_op_BitConcatenate.i18.i16.i2, i16 %a_7, i2 0" [firmware/nnet_utils/nnet_mult.h:73->firmware/nnet_utils/nnet_dense_latency.h:42]   --->   Operation 340 'bitconcatenate' 'mult_622' <Predicate = true> <Delay = 0.00>
ST_1 : Operation 341 [1/1] (0.00ns)   --->   "%sext_ln73_143 = sext i18 %mult_622" [firmware/nnet_utils/nnet_mult.h:73->firmware/nnet_utils/nnet_dense_latency.h:42]   --->   Operation 341 'sext' 'sext_ln73_143' <Predicate = true> <Delay = 0.00>
ST_1 : Operation 342 [1/1] (0.79ns)   --->   "%mult_608 = sub i19 %sext_ln73_70, i19 %sext_ln73_143" [firmware/nnet_utils/nnet_mult.h:73->firmware/nnet_utils/nnet_dense_latency.h:42]   --->   Operation 342 'sub' 'mult_608' <Predicate = true> <Delay = 0.79> <CoreInst = "Adder">   --->   Core 1 'Adder' <Latency = 0> <II = 1> <Delay = 0.79> <FuncUnit> <Opcode : 'add' 'sub'> <InPorts = 2> <OutPorts = 1>
ST_1 : Operation 343 [1/1] (0.00ns)   --->   "%sext_ln17_410 = sext i19 %mult_608" [firmware/nnet_utils/nnet_dense_latency.h:17]   --->   Operation 343 'sext' 'sext_ln17_410' <Predicate = true> <Delay = 0.00>
ST_1 : Operation 344 [1/1] (0.79ns)   --->   "%mult_609 = sub i19 %sext_ln73_143, i19 %sext_ln73_70" [firmware/nnet_utils/nnet_mult.h:73->firmware/nnet_utils/nnet_dense_latency.h:42]   --->   Operation 344 'sub' 'mult_609' <Predicate = true> <Delay = 0.79> <CoreInst = "Adder">   --->   Core 1 'Adder' <Latency = 0> <II = 1> <Delay = 0.79> <FuncUnit> <Opcode : 'add' 'sub'> <InPorts = 2> <OutPorts = 1>
ST_1 : Operation 345 [1/1] (0.00ns)   --->   "%sext_ln17_411 = sext i19 %mult_609" [firmware/nnet_utils/nnet_dense_latency.h:17]   --->   Operation 345 'sext' 'sext_ln17_411' <Predicate = true> <Delay = 0.00>
ST_1 : Operation 346 [1/1] (0.79ns)   --->   "%mult_611 = sub i19 0, i19 %sext_ln73_143" [firmware/nnet_utils/nnet_mult.h:73->firmware/nnet_utils/nnet_dense_latency.h:42]   --->   Operation 346 'sub' 'mult_611' <Predicate = true> <Delay = 0.79> <CoreInst = "Adder">   --->   Core 1 'Adder' <Latency = 0> <II = 1> <Delay = 0.79> <FuncUnit> <Opcode : 'add' 'sub'> <InPorts = 2> <OutPorts = 1>
ST_1 : Operation 347 [1/1] (0.00ns)   --->   "%sext_ln17_412 = sext i19 %mult_611" [firmware/nnet_utils/nnet_dense_latency.h:17]   --->   Operation 347 'sext' 'sext_ln17_412' <Predicate = true> <Delay = 0.00>
ST_1 : Operation 348 [1/1] (0.00ns)   --->   "%mult_612 = bitconcatenate i17 @_ssdm_op_BitConcatenate.i17.i16.i1, i16 %a_7, i1 0" [firmware/nnet_utils/nnet_mult.h:73->firmware/nnet_utils/nnet_dense_latency.h:42]   --->   Operation 348 'bitconcatenate' 'mult_612' <Predicate = true> <Delay = 0.00>
ST_1 : Operation 349 [1/1] (0.00ns)   --->   "%sext_ln17_413 = sext i17 %mult_612" [firmware/nnet_utils/nnet_dense_latency.h:17]   --->   Operation 349 'sext' 'sext_ln17_413' <Predicate = true> <Delay = 0.00>
ST_1 : Operation 350 [1/1] (0.00ns)   --->   "%sext_ln17_414 = sext i17 %mult_612" [firmware/nnet_utils/nnet_dense_latency.h:17]   --->   Operation 350 'sext' 'sext_ln17_414' <Predicate = true> <Delay = 0.00>
ST_1 : Operation 351 [1/1] (0.00ns)   --->   "%sext_ln17_415 = sext i17 %mult_612" [firmware/nnet_utils/nnet_dense_latency.h:17]   --->   Operation 351 'sext' 'sext_ln17_415' <Predicate = true> <Delay = 0.00>
ST_1 : Operation 352 [1/1] (0.00ns)   --->   "%tmp_1023 = bitconcatenate i20 @_ssdm_op_BitConcatenate.i20.i16.i4, i16 %a_7, i4 0" [firmware/nnet_utils/nnet_mult.h:73->firmware/nnet_utils/nnet_dense_latency.h:42]   --->   Operation 352 'bitconcatenate' 'tmp_1023' <Predicate = true> <Delay = 0.00>
ST_1 : Operation 353 [1/1] (0.00ns)   --->   "%sext_ln73_144 = sext i20 %tmp_1023" [firmware/nnet_utils/nnet_mult.h:73->firmware/nnet_utils/nnet_dense_latency.h:42]   --->   Operation 353 'sext' 'sext_ln73_144' <Predicate = true> <Delay = 0.00>
ST_1 : Operation 354 [1/1] (0.00ns) (grouped into TernaryAdder)   --->   "%mult_613 = sub i21 %sext_ln17_415, i21 %sext_ln73_144" [firmware/nnet_utils/nnet_mult.h:73->firmware/nnet_utils/nnet_dense_latency.h:42]   --->   Operation 354 'sub' 'mult_613' <Predicate = true> <Delay = 0.00> <CoreInst = "TAddSub">   --->   Core 10 'TAddSub' <Latency = 0> <II = 1> <Delay = 0.34> <IPBlock> <Opcode : '' 'add' 'sub'> <InPorts = 3> <OutPorts = 1> <Sync> <CReg>
ST_1 : Operation 355 [1/1] (0.00ns)   --->   "%mult_620 = bitconcatenate i19 @_ssdm_op_BitConcatenate.i19.i16.i3, i16 %a_7, i3 0" [firmware/nnet_utils/nnet_mult.h:73->firmware/nnet_utils/nnet_dense_latency.h:42]   --->   Operation 355 'bitconcatenate' 'mult_620' <Predicate = true> <Delay = 0.00>
ST_1 : Operation 356 [1/1] (0.00ns)   --->   "%sext_ln73_145 = sext i19 %mult_620" [firmware/nnet_utils/nnet_mult.h:73->firmware/nnet_utils/nnet_dense_latency.h:42]   --->   Operation 356 'sext' 'sext_ln73_145' <Predicate = true> <Delay = 0.00>
ST_1 : Operation 357 [1/1] (0.80ns)   --->   "%mult_614 = sub i20 %sext_ln17_413, i20 %sext_ln73_145" [firmware/nnet_utils/nnet_mult.h:73->firmware/nnet_utils/nnet_dense_latency.h:42]   --->   Operation 357 'sub' 'mult_614' <Predicate = true> <Delay = 0.80> <CoreInst = "Adder">   --->   Core 1 'Adder' <Latency = 0> <II = 1> <Delay = 0.80> <FuncUnit> <Opcode : 'add' 'sub'> <InPorts = 2> <OutPorts = 1>
ST_1 : Operation 358 [1/1] (0.80ns)   --->   "%mult_615 = sub i20 %sext_ln73_67, i20 %sext_ln73_145" [firmware/nnet_utils/nnet_mult.h:73->firmware/nnet_utils/nnet_dense_latency.h:42]   --->   Operation 358 'sub' 'mult_615' <Predicate = true> <Delay = 0.80> <CoreInst = "Adder">   --->   Core 1 'Adder' <Latency = 0> <II = 1> <Delay = 0.80> <FuncUnit> <Opcode : 'add' 'sub'> <InPorts = 2> <OutPorts = 1>
ST_1 : Operation 359 [1/1] (0.00ns)   --->   "%sext_ln17_416 = sext i20 %mult_615" [firmware/nnet_utils/nnet_dense_latency.h:17]   --->   Operation 359 'sext' 'sext_ln17_416' <Predicate = true> <Delay = 0.00>
ST_1 : Operation 360 [1/1] (0.00ns)   --->   "%sext_ln73_146 = sext i17 %mult_612" [firmware/nnet_utils/nnet_mult.h:73->firmware/nnet_utils/nnet_dense_latency.h:42]   --->   Operation 360 'sext' 'sext_ln73_146' <Predicate = true> <Delay = 0.00>
ST_1 : Operation 361 [1/1] (0.79ns)   --->   "%mult_616 = sub i18 0, i18 %sext_ln73_146" [firmware/nnet_utils/nnet_mult.h:73->firmware/nnet_utils/nnet_dense_latency.h:42]   --->   Operation 361 'sub' 'mult_616' <Predicate = true> <Delay = 0.79> <CoreInst = "Adder">   --->   Core 1 'Adder' <Latency = 0> <II = 1> <Delay = 0.79> <FuncUnit> <Opcode : 'add' 'sub'> <InPorts = 2> <OutPorts = 1>
ST_1 : Operation 362 [1/1] (0.00ns)   --->   "%sext_ln17_417 = sext i18 %mult_616" [firmware/nnet_utils/nnet_dense_latency.h:17]   --->   Operation 362 'sext' 'sext_ln17_417' <Predicate = true> <Delay = 0.00>
ST_1 : Operation 363 [1/1] (0.00ns)   --->   "%sext_ln17_418 = sext i18 %mult_616" [firmware/nnet_utils/nnet_dense_latency.h:17]   --->   Operation 363 'sext' 'sext_ln17_418' <Predicate = true> <Delay = 0.00>
ST_1 : Operation 364 [1/1] (0.00ns)   --->   "%sext_ln73_147 = sext i18 %mult_622" [firmware/nnet_utils/nnet_mult.h:73->firmware/nnet_utils/nnet_dense_latency.h:42]   --->   Operation 364 'sext' 'sext_ln73_147' <Predicate = true> <Delay = 0.00>
ST_1 : Operation 365 [1/1] (0.00ns) (grouped into TernaryAdder)   --->   "%sub_ln73_713 = sub i20 0, i20 %sext_ln73_147" [firmware/nnet_utils/nnet_mult.h:73->firmware/nnet_utils/nnet_dense_latency.h:42]   --->   Operation 365 'sub' 'sub_ln73_713' <Predicate = true> <Delay = 0.00> <CoreInst = "TAddSub">   --->   Core 10 'TAddSub' <Latency = 0> <II = 1> <Delay = 0.34> <IPBlock> <Opcode : '' 'add' 'sub'> <InPorts = 3> <OutPorts = 1> <Sync> <CReg>
ST_1 : Operation 366 [1/1] (0.68ns) (root node of TernaryAdder)   --->   "%mult_617 = sub i20 %sub_ln73_713, i20 %sext_ln73_67" [firmware/nnet_utils/nnet_mult.h:73->firmware/nnet_utils/nnet_dense_latency.h:42]   --->   Operation 366 'sub' 'mult_617' <Predicate = true> <Delay = 0.68> <CoreInst = "TAddSub">   --->   Core 10 'TAddSub' <Latency = 0> <II = 1> <Delay = 0.34> <IPBlock> <Opcode : '' 'add' 'sub'> <InPorts = 3> <OutPorts = 1> <Sync> <CReg>
ST_1 : Operation 367 [1/1] (0.80ns)   --->   "%mult_621 = sub i20 0, i20 %sext_ln73_145" [firmware/nnet_utils/nnet_dense_latency.h:17]   --->   Operation 367 'sub' 'mult_621' <Predicate = true> <Delay = 0.80> <CoreInst = "Adder">   --->   Core 1 'Adder' <Latency = 0> <II = 1> <Delay = 0.80> <FuncUnit> <Opcode : 'add' 'sub'> <InPorts = 2> <OutPorts = 1>
ST_1 : Operation 368 [1/1] (0.00ns) (grouped into TernaryAdder)   --->   "%sub_ln17_8 = sub i20 %mult_621, i20 %sext_ln73_67" [firmware/nnet_utils/nnet_dense_latency.h:17]   --->   Operation 368 'sub' 'sub_ln17_8' <Predicate = true> <Delay = 0.00> <CoreInst = "TAddSub">   --->   Core 10 'TAddSub' <Latency = 0> <II = 1> <Delay = 0.34> <IPBlock> <Opcode : '' 'add' 'sub'> <InPorts = 3> <OutPorts = 1> <Sync> <CReg>
ST_1 : Operation 369 [1/1] (0.80ns)   --->   "%mult_618 = sub i20 %sext_ln73_145, i20 %sext_ln17_413" [firmware/nnet_utils/nnet_mult.h:73->firmware/nnet_utils/nnet_dense_latency.h:42]   --->   Operation 369 'sub' 'mult_618' <Predicate = true> <Delay = 0.80> <CoreInst = "Adder">   --->   Core 1 'Adder' <Latency = 0> <II = 1> <Delay = 0.80> <FuncUnit> <Opcode : 'add' 'sub'> <InPorts = 2> <OutPorts = 1>
ST_1 : Operation 370 [1/1] (0.78ns)   --->   "%mult_619 = sub i17 0, i17 %sext_ln73_142" [firmware/nnet_utils/nnet_mult.h:73->firmware/nnet_utils/nnet_dense_latency.h:42]   --->   Operation 370 'sub' 'mult_619' <Predicate = true> <Delay = 0.78> <CoreInst = "Adder">   --->   Core 1 'Adder' <Latency = 0> <II = 1> <Delay = 0.78> <FuncUnit> <Opcode : 'add' 'sub'> <InPorts = 2> <OutPorts = 1>
ST_1 : Operation 371 [1/1] (0.00ns)   --->   "%sext_ln17_419 = sext i17 %mult_619" [firmware/nnet_utils/nnet_dense_latency.h:17]   --->   Operation 371 'sext' 'sext_ln17_419' <Predicate = true> <Delay = 0.00>
ST_1 : Operation 372 [1/1] (0.00ns)   --->   "%sext_ln17_420 = sext i17 %mult_619" [firmware/nnet_utils/nnet_dense_latency.h:17]   --->   Operation 372 'sext' 'sext_ln17_420' <Predicate = true> <Delay = 0.00>
ST_1 : Operation 373 [1/1] (0.00ns)   --->   "%sext_ln17_421 = sext i20 %mult_621" [firmware/nnet_utils/nnet_dense_latency.h:17]   --->   Operation 373 'sext' 'sext_ln17_421' <Predicate = true> <Delay = 0.00>
ST_1 : Operation 374 [1/1] (0.00ns) (grouped into TernaryAdder)   --->   "%add_ln17_11 = add i19 %sext_ln73_143, i19 %sext_ln73_70" [firmware/nnet_utils/nnet_dense_latency.h:17]   --->   Operation 374 'add' 'add_ln17_11' <Predicate = true> <Delay = 0.00> <CoreInst = "TAddSub">   --->   Core 10 'TAddSub' <Latency = 0> <II = 1> <Delay = 0.34> <IPBlock> <Opcode : '' 'add' 'sub'> <InPorts = 3> <OutPorts = 1> <Sync> <CReg>
ST_1 : Operation 375 [1/1] (0.00ns)   --->   "%a_8 = partselect i16 @_ssdm_op_PartSelect.i16.i256.i32.i32, i256 %data_val_read, i32 128, i32 143"   --->   Operation 375 'partselect' 'a_8' <Predicate = true> <Delay = 0.00>
ST_1 : Operation 376 [1/1] (0.00ns)   --->   "%sext_ln73_71 = sext i16 %a_8" [firmware/nnet_utils/nnet_mult.h:73->firmware/nnet_utils/nnet_dense_latency.h:42]   --->   Operation 376 'sext' 'sext_ln73_71' <Predicate = true> <Delay = 0.00>
ST_1 : Operation 377 [1/1] (0.00ns)   --->   "%sext_ln73_148 = sext i16 %a_8" [firmware/nnet_utils/nnet_mult.h:73->firmware/nnet_utils/nnet_dense_latency.h:42]   --->   Operation 377 'sext' 'sext_ln73_148' <Predicate = true> <Delay = 0.00>
ST_1 : Operation 378 [1/1] (0.00ns)   --->   "%sext_ln73_73 = sext i16 %a_8" [firmware/nnet_utils/nnet_mult.h:73->firmware/nnet_utils/nnet_dense_latency.h:42]   --->   Operation 378 'sext' 'sext_ln73_73' <Predicate = true> <Delay = 0.00>
ST_1 : Operation 379 [1/1] (0.00ns)   --->   "%sext_ln73_74 = sext i16 %a_8" [firmware/nnet_utils/nnet_mult.h:73->firmware/nnet_utils/nnet_dense_latency.h:42]   --->   Operation 379 'sext' 'sext_ln73_74' <Predicate = true> <Delay = 0.00>
ST_1 : Operation 380 [1/1] (0.00ns)   --->   "%mult_626 = bitconcatenate i17 @_ssdm_op_BitConcatenate.i17.i16.i1, i16 %a_8, i1 0" [firmware/nnet_utils/nnet_mult.h:73->firmware/nnet_utils/nnet_dense_latency.h:42]   --->   Operation 380 'bitconcatenate' 'mult_626' <Predicate = true> <Delay = 0.00>
ST_1 : Operation 381 [1/1] (0.00ns)   --->   "%sext_ln73_149 = sext i17 %mult_626" [firmware/nnet_utils/nnet_mult.h:73->firmware/nnet_utils/nnet_dense_latency.h:42]   --->   Operation 381 'sext' 'sext_ln73_149' <Predicate = true> <Delay = 0.00>
ST_1 : Operation 382 [1/1] (0.79ns)   --->   "%mult_623 = sub i18 0, i18 %sext_ln73_149" [firmware/nnet_utils/nnet_mult.h:73->firmware/nnet_utils/nnet_dense_latency.h:42]   --->   Operation 382 'sub' 'mult_623' <Predicate = true> <Delay = 0.79> <CoreInst = "Adder">   --->   Core 1 'Adder' <Latency = 0> <II = 1> <Delay = 0.79> <FuncUnit> <Opcode : 'add' 'sub'> <InPorts = 2> <OutPorts = 1>
ST_1 : Operation 383 [1/1] (0.00ns)   --->   "%sext_ln17_422 = sext i18 %mult_623" [firmware/nnet_utils/nnet_dense_latency.h:17]   --->   Operation 383 'sext' 'sext_ln17_422' <Predicate = true> <Delay = 0.00>
ST_1 : Operation 384 [1/1] (0.00ns)   --->   "%mult_635 = bitconcatenate i18 @_ssdm_op_BitConcatenate.i18.i16.i2, i16 %a_8, i2 0" [firmware/nnet_utils/nnet_mult.h:73->firmware/nnet_utils/nnet_dense_latency.h:42]   --->   Operation 384 'bitconcatenate' 'mult_635' <Predicate = true> <Delay = 0.00>
ST_1 : Operation 385 [1/1] (0.00ns)   --->   "%sext_ln73_150 = sext i18 %mult_635" [firmware/nnet_utils/nnet_mult.h:73->firmware/nnet_utils/nnet_dense_latency.h:42]   --->   Operation 385 'sext' 'sext_ln73_150' <Predicate = true> <Delay = 0.00>
ST_1 : Operation 386 [1/1] (0.79ns)   --->   "%mult_624 = sub i19 %sext_ln73_150, i19 %sext_ln73_74" [firmware/nnet_utils/nnet_mult.h:73->firmware/nnet_utils/nnet_dense_latency.h:42]   --->   Operation 386 'sub' 'mult_624' <Predicate = true> <Delay = 0.79> <CoreInst = "Adder">   --->   Core 1 'Adder' <Latency = 0> <II = 1> <Delay = 0.79> <FuncUnit> <Opcode : 'add' 'sub'> <InPorts = 2> <OutPorts = 1>
ST_1 : Operation 387 [1/1] (0.00ns)   --->   "%sext_ln17_423 = sext i19 %mult_624" [firmware/nnet_utils/nnet_dense_latency.h:17]   --->   Operation 387 'sext' 'sext_ln17_423' <Predicate = true> <Delay = 0.00>
ST_1 : Operation 388 [1/1] (0.00ns)   --->   "%tmp_1027 = bitconcatenate i19 @_ssdm_op_BitConcatenate.i19.i16.i3, i16 %a_8, i3 0" [firmware/nnet_utils/nnet_dense_latency.h:17]   --->   Operation 388 'bitconcatenate' 'tmp_1027' <Predicate = true> <Delay = 0.00>
ST_1 : Operation 389 [1/1] (0.00ns)   --->   "%sext_ln17_424 = sext i19 %tmp_1027" [firmware/nnet_utils/nnet_dense_latency.h:17]   --->   Operation 389 'sext' 'sext_ln17_424' <Predicate = true> <Delay = 0.00>
ST_1 : Operation 390 [1/1] (0.80ns)   --->   "%sub_ln17_9 = sub i20 0, i20 %sext_ln17_424" [firmware/nnet_utils/nnet_dense_latency.h:17]   --->   Operation 390 'sub' 'sub_ln17_9' <Predicate = true> <Delay = 0.80> <CoreInst = "Adder">   --->   Core 1 'Adder' <Latency = 0> <II = 1> <Delay = 0.80> <FuncUnit> <Opcode : 'add' 'sub'> <InPorts = 2> <OutPorts = 1>
ST_1 : Operation 391 [1/1] (0.00ns)   --->   "%sext_ln17_425 = sext i17 %mult_626" [firmware/nnet_utils/nnet_dense_latency.h:17]   --->   Operation 391 'sext' 'sext_ln17_425' <Predicate = true> <Delay = 0.00>
ST_1 : Operation 392 [1/1] (0.00ns) (grouped into TernaryAdder)   --->   "%sub_ln17_10 = sub i20 %sub_ln17_9, i20 %sext_ln17_425" [firmware/nnet_utils/nnet_dense_latency.h:17]   --->   Operation 392 'sub' 'sub_ln17_10' <Predicate = true> <Delay = 0.00> <CoreInst = "TAddSub">   --->   Core 10 'TAddSub' <Latency = 0> <II = 1> <Delay = 0.34> <IPBlock> <Opcode : '' 'add' 'sub'> <InPorts = 3> <OutPorts = 1> <Sync> <CReg>
ST_1 : Operation 393 [1/1] (0.78ns)   --->   "%mult_625 = sub i17 0, i17 %sext_ln73_148" [firmware/nnet_utils/nnet_mult.h:73->firmware/nnet_utils/nnet_dense_latency.h:42]   --->   Operation 393 'sub' 'mult_625' <Predicate = true> <Delay = 0.78> <CoreInst = "Adder">   --->   Core 1 'Adder' <Latency = 0> <II = 1> <Delay = 0.78> <FuncUnit> <Opcode : 'add' 'sub'> <InPorts = 2> <OutPorts = 1>
ST_1 : Operation 394 [1/1] (0.00ns)   --->   "%sext_ln17_426 = sext i17 %mult_625" [firmware/nnet_utils/nnet_dense_latency.h:17]   --->   Operation 394 'sext' 'sext_ln17_426' <Predicate = true> <Delay = 0.00>
ST_1 : Operation 395 [1/1] (0.00ns)   --->   "%sext_ln17_427 = sext i17 %mult_625" [firmware/nnet_utils/nnet_dense_latency.h:17]   --->   Operation 395 'sext' 'sext_ln17_427' <Predicate = true> <Delay = 0.00>
ST_1 : Operation 396 [1/1] (0.00ns)   --->   "%sext_ln17_428 = sext i17 %mult_625" [firmware/nnet_utils/nnet_dense_latency.h:17]   --->   Operation 396 'sext' 'sext_ln17_428' <Predicate = true> <Delay = 0.00>
ST_1 : Operation 397 [1/1] (0.00ns)   --->   "%sext_ln17_429 = sext i17 %mult_626" [firmware/nnet_utils/nnet_dense_latency.h:17]   --->   Operation 397 'sext' 'sext_ln17_429' <Predicate = true> <Delay = 0.00>
ST_1 : Operation 398 [1/1] (0.80ns)   --->   "%mult_627 = sub i20 %sext_ln17_424, i20 %sext_ln17_425" [firmware/nnet_utils/nnet_mult.h:73->firmware/nnet_utils/nnet_dense_latency.h:42]   --->   Operation 398 'sub' 'mult_627' <Predicate = true> <Delay = 0.80> <CoreInst = "Adder">   --->   Core 1 'Adder' <Latency = 0> <II = 1> <Delay = 0.80> <FuncUnit> <Opcode : 'add' 'sub'> <InPorts = 2> <OutPorts = 1>
ST_1 : Operation 399 [1/1] (0.00ns)   --->   "%trunc_ln17_12 = trunc i20 %mult_627" [firmware/nnet_utils/nnet_dense_latency.h:17]   --->   Operation 399 'trunc' 'trunc_ln17_12' <Predicate = true> <Delay = 0.00>
ST_1 : Operation 400 [1/1] (0.00ns)   --->   "%sext_ln73_151 = sext i18 %mult_635" [firmware/nnet_utils/nnet_mult.h:73->firmware/nnet_utils/nnet_dense_latency.h:42]   --->   Operation 400 'sext' 'sext_ln73_151' <Predicate = true> <Delay = 0.00>
ST_1 : Operation 401 [1/1] (0.00ns) (grouped into TernaryAdder)   --->   "%sub_ln73_721 = sub i20 0, i20 %sext_ln73_151" [firmware/nnet_utils/nnet_mult.h:73->firmware/nnet_utils/nnet_dense_latency.h:42]   --->   Operation 401 'sub' 'sub_ln73_721' <Predicate = true> <Delay = 0.00> <CoreInst = "TAddSub">   --->   Core 10 'TAddSub' <Latency = 0> <II = 1> <Delay = 0.34> <IPBlock> <Opcode : '' 'add' 'sub'> <InPorts = 3> <OutPorts = 1> <Sync> <CReg>
ST_1 : Operation 402 [1/1] (0.68ns) (root node of TernaryAdder)   --->   "%mult_628 = sub i20 %sub_ln73_721, i20 %sext_ln73_71" [firmware/nnet_utils/nnet_mult.h:73->firmware/nnet_utils/nnet_dense_latency.h:42]   --->   Operation 402 'sub' 'mult_628' <Predicate = true> <Delay = 0.68> <CoreInst = "TAddSub">   --->   Core 10 'TAddSub' <Latency = 0> <II = 1> <Delay = 0.34> <IPBlock> <Opcode : '' 'add' 'sub'> <InPorts = 3> <OutPorts = 1> <Sync> <CReg>
ST_1 : Operation 403 [1/1] (0.00ns)   --->   "%trunc_ln17_13 = trunc i20 %mult_628" [firmware/nnet_utils/nnet_dense_latency.h:17]   --->   Operation 403 'trunc' 'trunc_ln17_13' <Predicate = true> <Delay = 0.00>
ST_1 : Operation 404 [1/1] (0.00ns)   --->   "%sext_ln73_152 = sext i19 %tmp_1027" [firmware/nnet_utils/nnet_mult.h:73->firmware/nnet_utils/nnet_dense_latency.h:42]   --->   Operation 404 'sext' 'sext_ln73_152' <Predicate = true> <Delay = 0.00>
ST_1 : Operation 405 [1/1] (0.80ns)   --->   "%mult_629 = add i21 %sext_ln73_152, i21 %sext_ln73_73" [firmware/nnet_utils/nnet_mult.h:73->firmware/nnet_utils/nnet_dense_latency.h:42]   --->   Operation 405 'add' 'mult_629' <Predicate = true> <Delay = 0.80> <CoreInst = "Adder">   --->   Core 1 'Adder' <Latency = 0> <II = 1> <Delay = 0.80> <FuncUnit> <Opcode : 'add' 'sub'> <InPorts = 2> <OutPorts = 1>
ST_1 : Operation 406 [1/1] (0.00ns)   --->   "%trunc_ln17_14 = trunc i21 %mult_629" [firmware/nnet_utils/nnet_dense_latency.h:17]   --->   Operation 406 'trunc' 'trunc_ln17_14' <Predicate = true> <Delay = 0.00>
ST_1 : Operation 407 [1/1] (0.80ns)   --->   "%mult_631 = sub i20 %sext_ln17_424, i20 %sext_ln73_71" [firmware/nnet_utils/nnet_mult.h:73->firmware/nnet_utils/nnet_dense_latency.h:42]   --->   Operation 407 'sub' 'mult_631' <Predicate = true> <Delay = 0.80> <CoreInst = "Adder">   --->   Core 1 'Adder' <Latency = 0> <II = 1> <Delay = 0.80> <FuncUnit> <Opcode : 'add' 'sub'> <InPorts = 2> <OutPorts = 1>
ST_1 : Operation 408 [1/1] (0.80ns)   --->   "%mult_632 = sub i20 %sext_ln73_71, i20 %sext_ln17_424" [firmware/nnet_utils/nnet_mult.h:73->firmware/nnet_utils/nnet_dense_latency.h:42]   --->   Operation 408 'sub' 'mult_632' <Predicate = true> <Delay = 0.80> <CoreInst = "Adder">   --->   Core 1 'Adder' <Latency = 0> <II = 1> <Delay = 0.80> <FuncUnit> <Opcode : 'add' 'sub'> <InPorts = 2> <OutPorts = 1>
ST_1 : Operation 409 [1/1] (0.80ns)   --->   "%sub_ln17_11 = sub i20 %sub_ln17_9, i20 %sext_ln73_71" [firmware/nnet_utils/nnet_dense_latency.h:17]   --->   Operation 409 'sub' 'sub_ln17_11' <Predicate = true> <Delay = 0.80> <CoreInst = "Adder">   --->   Core 1 'Adder' <Latency = 0> <II = 1> <Delay = 0.80> <FuncUnit> <Opcode : 'add' 'sub'> <InPorts = 2> <OutPorts = 1>
ST_1 : Operation 410 [1/1] (0.79ns)   --->   "%mult_633 = sub i19 %sext_ln73_74, i19 %sext_ln73_150" [firmware/nnet_utils/nnet_mult.h:73->firmware/nnet_utils/nnet_dense_latency.h:42]   --->   Operation 410 'sub' 'mult_633' <Predicate = true> <Delay = 0.79> <CoreInst = "Adder">   --->   Core 1 'Adder' <Latency = 0> <II = 1> <Delay = 0.79> <FuncUnit> <Opcode : 'add' 'sub'> <InPorts = 2> <OutPorts = 1>
ST_1 : Operation 411 [1/1] (0.00ns)   --->   "%sext_ln17_430 = sext i19 %mult_633" [firmware/nnet_utils/nnet_dense_latency.h:17]   --->   Operation 411 'sext' 'sext_ln17_430' <Predicate = true> <Delay = 0.00>
ST_1 : Operation 412 [1/1] (0.80ns)   --->   "%mult_634 = sub i20 %sext_ln17_425, i20 %sext_ln17_424" [firmware/nnet_utils/nnet_mult.h:73->firmware/nnet_utils/nnet_dense_latency.h:42]   --->   Operation 412 'sub' 'mult_634' <Predicate = true> <Delay = 0.80> <CoreInst = "Adder">   --->   Core 1 'Adder' <Latency = 0> <II = 1> <Delay = 0.80> <FuncUnit> <Opcode : 'add' 'sub'> <InPorts = 2> <OutPorts = 1>
ST_1 : Operation 413 [1/1] (0.00ns)   --->   "%a_9 = partselect i16 @_ssdm_op_PartSelect.i16.i256.i32.i32, i256 %data_val_read, i32 144, i32 159"   --->   Operation 413 'partselect' 'a_9' <Predicate = true> <Delay = 0.00>
ST_1 : Operation 414 [1/1] (0.00ns)   --->   "%sext_ln73_76 = sext i16 %a_9" [firmware/nnet_utils/nnet_mult.h:73->firmware/nnet_utils/nnet_dense_latency.h:42]   --->   Operation 414 'sext' 'sext_ln73_76' <Predicate = true> <Delay = 0.00>
ST_1 : Operation 415 [1/1] (0.00ns)   --->   "%sext_ln73_77 = sext i16 %a_9" [firmware/nnet_utils/nnet_mult.h:73->firmware/nnet_utils/nnet_dense_latency.h:42]   --->   Operation 415 'sext' 'sext_ln73_77' <Predicate = true> <Delay = 0.00>
ST_1 : Operation 416 [1/1] (0.00ns)   --->   "%sext_ln73_153 = sext i16 %a_9" [firmware/nnet_utils/nnet_mult.h:73->firmware/nnet_utils/nnet_dense_latency.h:42]   --->   Operation 416 'sext' 'sext_ln73_153' <Predicate = true> <Delay = 0.00>
ST_1 : Operation 417 [1/1] (0.00ns)   --->   "%sext_ln73_78 = sext i16 %a_9" [firmware/nnet_utils/nnet_mult.h:73->firmware/nnet_utils/nnet_dense_latency.h:42]   --->   Operation 417 'sext' 'sext_ln73_78' <Predicate = true> <Delay = 0.00>
ST_1 : Operation 418 [1/1] (0.00ns)   --->   "%sext_ln73_80 = sext i16 %a_9" [firmware/nnet_utils/nnet_mult.h:73->firmware/nnet_utils/nnet_dense_latency.h:42]   --->   Operation 418 'sext' 'sext_ln73_80' <Predicate = true> <Delay = 0.00>
ST_1 : Operation 419 [1/1] (0.00ns)   --->   "%tmp_1028 = bitconcatenate i19 @_ssdm_op_BitConcatenate.i19.i16.i3, i16 %a_9, i3 0" [firmware/nnet_utils/nnet_mult.h:73->firmware/nnet_utils/nnet_dense_latency.h:42]   --->   Operation 419 'bitconcatenate' 'tmp_1028' <Predicate = true> <Delay = 0.00>
ST_1 : Operation 420 [1/1] (0.00ns)   --->   "%sext_ln73_154 = sext i19 %tmp_1028" [firmware/nnet_utils/nnet_mult.h:73->firmware/nnet_utils/nnet_dense_latency.h:42]   --->   Operation 420 'sext' 'sext_ln73_154' <Predicate = true> <Delay = 0.00>
ST_1 : Operation 421 [1/1] (0.80ns)   --->   "%mult_636 = sub i20 %sext_ln73_80, i20 %sext_ln73_154" [firmware/nnet_utils/nnet_mult.h:73->firmware/nnet_utils/nnet_dense_latency.h:42]   --->   Operation 421 'sub' 'mult_636' <Predicate = true> <Delay = 0.80> <CoreInst = "Adder">   --->   Core 1 'Adder' <Latency = 0> <II = 1> <Delay = 0.80> <FuncUnit> <Opcode : 'add' 'sub'> <InPorts = 2> <OutPorts = 1>
ST_1 : Operation 422 [1/1] (0.78ns)   --->   "%mult_637 = sub i17 0, i17 %sext_ln73_153" [firmware/nnet_utils/nnet_mult.h:73->firmware/nnet_utils/nnet_dense_latency.h:42]   --->   Operation 422 'sub' 'mult_637' <Predicate = true> <Delay = 0.78> <CoreInst = "Adder">   --->   Core 1 'Adder' <Latency = 0> <II = 1> <Delay = 0.78> <FuncUnit> <Opcode : 'add' 'sub'> <InPorts = 2> <OutPorts = 1>
ST_1 : Operation 423 [1/1] (0.00ns)   --->   "%sext_ln17_431 = sext i17 %mult_637" [firmware/nnet_utils/nnet_dense_latency.h:17]   --->   Operation 423 'sext' 'sext_ln17_431' <Predicate = true> <Delay = 0.00>
ST_1 : Operation 424 [1/1] (0.00ns)   --->   "%sext_ln17_432 = sext i17 %mult_637" [firmware/nnet_utils/nnet_dense_latency.h:17]   --->   Operation 424 'sext' 'sext_ln17_432' <Predicate = true> <Delay = 0.00>
ST_1 : Operation 425 [1/1] (1.94ns)   --->   "%mul_ln17_7 = mul i20 %sext_ln73_80, i20 1048563" [firmware/nnet_utils/nnet_dense_latency.h:17]   --->   Operation 425 'mul' 'mul_ln17_7' <Predicate = true> <Delay = 1.94> <CoreInst = "Multiplier">   --->   Core 3 'Multiplier' <Latency = 0> <II = 1> <Delay = 1.94> <FuncUnit> <Opcode : 'mul'> <InPorts = 2> <OutPorts = 1>
ST_1 : Operation 426 [1/1] (0.00ns)   --->   "%mult_638 = bitconcatenate i17 @_ssdm_op_BitConcatenate.i17.i16.i1, i16 %a_9, i1 0" [firmware/nnet_utils/nnet_mult.h:73->firmware/nnet_utils/nnet_dense_latency.h:42]   --->   Operation 426 'bitconcatenate' 'mult_638' <Predicate = true> <Delay = 0.00>
ST_1 : Operation 427 [1/1] (0.00ns)   --->   "%sext_ln17_433 = sext i17 %mult_638" [firmware/nnet_utils/nnet_dense_latency.h:17]   --->   Operation 427 'sext' 'sext_ln17_433' <Predicate = true> <Delay = 0.00>
ST_1 : Operation 428 [1/1] (0.00ns)   --->   "%sext_ln17_434 = sext i17 %mult_638" [firmware/nnet_utils/nnet_dense_latency.h:17]   --->   Operation 428 'sext' 'sext_ln17_434' <Predicate = true> <Delay = 0.00>
ST_1 : Operation 429 [1/1] (0.00ns)   --->   "%tmp_1029 = bitconcatenate i18 @_ssdm_op_BitConcatenate.i18.i16.i2, i16 %a_9, i2 0" [firmware/nnet_utils/nnet_mult.h:73->firmware/nnet_utils/nnet_dense_latency.h:42]   --->   Operation 429 'bitconcatenate' 'tmp_1029' <Predicate = true> <Delay = 0.00>
ST_1 : Operation 430 [1/1] (0.00ns)   --->   "%sext_ln73_155 = sext i18 %tmp_1029" [firmware/nnet_utils/nnet_mult.h:73->firmware/nnet_utils/nnet_dense_latency.h:42]   --->   Operation 430 'sext' 'sext_ln73_155' <Predicate = true> <Delay = 0.00>
ST_1 : Operation 431 [1/1] (0.79ns)   --->   "%mult_639 = sub i19 %sext_ln73_155, i19 %sext_ln73_77" [firmware/nnet_utils/nnet_mult.h:73->firmware/nnet_utils/nnet_dense_latency.h:42]   --->   Operation 431 'sub' 'mult_639' <Predicate = true> <Delay = 0.79> <CoreInst = "Adder">   --->   Core 1 'Adder' <Latency = 0> <II = 1> <Delay = 0.79> <FuncUnit> <Opcode : 'add' 'sub'> <InPorts = 2> <OutPorts = 1>
ST_1 : Operation 432 [1/1] (0.00ns)   --->   "%sext_ln73_156 = sext i18 %tmp_1029" [firmware/nnet_utils/nnet_mult.h:73->firmware/nnet_utils/nnet_dense_latency.h:42]   --->   Operation 432 'sext' 'sext_ln73_156' <Predicate = true> <Delay = 0.00>
ST_1 : Operation 433 [1/1] (0.00ns) (grouped into TernaryAdder)   --->   "%sub_ln73_730 = sub i20 0, i20 %sext_ln73_156" [firmware/nnet_utils/nnet_mult.h:73->firmware/nnet_utils/nnet_dense_latency.h:42]   --->   Operation 433 'sub' 'sub_ln73_730' <Predicate = true> <Delay = 0.00> <CoreInst = "TAddSub">   --->   Core 10 'TAddSub' <Latency = 0> <II = 1> <Delay = 0.34> <IPBlock> <Opcode : '' 'add' 'sub'> <InPorts = 3> <OutPorts = 1> <Sync> <CReg>
ST_1 : Operation 434 [1/1] (0.68ns) (root node of TernaryAdder)   --->   "%mult_640 = sub i20 %sub_ln73_730, i20 %sext_ln73_80" [firmware/nnet_utils/nnet_mult.h:73->firmware/nnet_utils/nnet_dense_latency.h:42]   --->   Operation 434 'sub' 'mult_640' <Predicate = true> <Delay = 0.68> <CoreInst = "TAddSub">   --->   Core 10 'TAddSub' <Latency = 0> <II = 1> <Delay = 0.34> <IPBlock> <Opcode : '' 'add' 'sub'> <InPorts = 3> <OutPorts = 1> <Sync> <CReg>
ST_1 : Operation 435 [1/1] (0.00ns)   --->   "%trunc_ln17_15 = trunc i20 %mult_640" [firmware/nnet_utils/nnet_dense_latency.h:17]   --->   Operation 435 'trunc' 'trunc_ln17_15' <Predicate = true> <Delay = 0.00>
ST_1 : Operation 436 [1/1] (1.94ns)   --->   "%mul_ln17_8 = mul i20 %sext_ln73_80, i20 13" [firmware/nnet_utils/nnet_dense_latency.h:17]   --->   Operation 436 'mul' 'mul_ln17_8' <Predicate = true> <Delay = 1.94> <CoreInst = "Multiplier">   --->   Core 3 'Multiplier' <Latency = 0> <II = 1> <Delay = 1.94> <FuncUnit> <Opcode : 'mul'> <InPorts = 2> <OutPorts = 1>
ST_1 : Operation 437 [1/1] (0.79ns)   --->   "%mult_641 = sub i19 0, i19 %sext_ln73_155" [firmware/nnet_utils/nnet_mult.h:73->firmware/nnet_utils/nnet_dense_latency.h:42]   --->   Operation 437 'sub' 'mult_641' <Predicate = true> <Delay = 0.79> <CoreInst = "Adder">   --->   Core 1 'Adder' <Latency = 0> <II = 1> <Delay = 0.79> <FuncUnit> <Opcode : 'add' 'sub'> <InPorts = 2> <OutPorts = 1>
ST_1 : Operation 438 [1/1] (0.00ns)   --->   "%sext_ln17_435 = sext i19 %mult_641" [firmware/nnet_utils/nnet_dense_latency.h:17]   --->   Operation 438 'sext' 'sext_ln17_435' <Predicate = true> <Delay = 0.00>
ST_1 : Operation 439 [1/1] (0.00ns)   --->   "%sext_ln17_436 = sext i19 %mult_641" [firmware/nnet_utils/nnet_dense_latency.h:17]   --->   Operation 439 'sext' 'sext_ln17_436' <Predicate = true> <Delay = 0.00>
ST_1 : Operation 440 [1/1] (0.80ns)   --->   "%mult_642 = sub i20 %sext_ln73_154, i20 %sext_ln73_80" [firmware/nnet_utils/nnet_mult.h:73->firmware/nnet_utils/nnet_dense_latency.h:42]   --->   Operation 440 'sub' 'mult_642' <Predicate = true> <Delay = 0.80> <CoreInst = "Adder">   --->   Core 1 'Adder' <Latency = 0> <II = 1> <Delay = 0.80> <FuncUnit> <Opcode : 'add' 'sub'> <InPorts = 2> <OutPorts = 1>
ST_1 : Operation 441 [1/1] (0.00ns)   --->   "%tmp_1030 = bitconcatenate i20 @_ssdm_op_BitConcatenate.i20.i16.i4, i16 %a_9, i4 0" [firmware/nnet_utils/nnet_mult.h:73->firmware/nnet_utils/nnet_dense_latency.h:42]   --->   Operation 441 'bitconcatenate' 'tmp_1030' <Predicate = true> <Delay = 0.00>
ST_1 : Operation 442 [1/1] (0.00ns)   --->   "%sext_ln73_157 = sext i20 %tmp_1030" [firmware/nnet_utils/nnet_mult.h:73->firmware/nnet_utils/nnet_dense_latency.h:42]   --->   Operation 442 'sext' 'sext_ln73_157' <Predicate = true> <Delay = 0.00>
ST_1 : Operation 443 [1/1] (0.00ns)   --->   "%sext_ln73_158 = sext i17 %mult_638" [firmware/nnet_utils/nnet_mult.h:73->firmware/nnet_utils/nnet_dense_latency.h:42]   --->   Operation 443 'sext' 'sext_ln73_158' <Predicate = true> <Delay = 0.00>
ST_1 : Operation 444 [1/1] (0.80ns)   --->   "%mult_644 = sub i21 %sext_ln73_158, i21 %sext_ln73_157" [firmware/nnet_utils/nnet_mult.h:73->firmware/nnet_utils/nnet_dense_latency.h:42]   --->   Operation 444 'sub' 'mult_644' <Predicate = true> <Delay = 0.80> <CoreInst = "Adder">   --->   Core 1 'Adder' <Latency = 0> <II = 1> <Delay = 0.80> <FuncUnit> <Opcode : 'add' 'sub'> <InPorts = 2> <OutPorts = 1>
ST_1 : Operation 445 [1/1] (0.80ns)   --->   "%sub_ln17_12 = sub i20 0, i20 %sext_ln73_154" [firmware/nnet_utils/nnet_dense_latency.h:17]   --->   Operation 445 'sub' 'sub_ln17_12' <Predicate = true> <Delay = 0.80> <CoreInst = "Adder">   --->   Core 1 'Adder' <Latency = 0> <II = 1> <Delay = 0.80> <FuncUnit> <Opcode : 'add' 'sub'> <InPorts = 2> <OutPorts = 1>
ST_1 : Operation 446 [1/1] (0.00ns) (grouped into TernaryAdder)   --->   "%sub_ln17_13 = sub i20 %sub_ln17_12, i20 %sext_ln73_80" [firmware/nnet_utils/nnet_dense_latency.h:17]   --->   Operation 446 'sub' 'sub_ln17_13' <Predicate = true> <Delay = 0.00> <CoreInst = "TAddSub">   --->   Core 10 'TAddSub' <Latency = 0> <II = 1> <Delay = 0.34> <IPBlock> <Opcode : '' 'add' 'sub'> <InPorts = 3> <OutPorts = 1> <Sync> <CReg>
ST_1 : Operation 447 [1/1] (0.00ns) (grouped into TernaryAdder)   --->   "%mult_645 = sub i20 %sext_ln73_154, i20 %sext_ln17_433" [firmware/nnet_utils/nnet_mult.h:73->firmware/nnet_utils/nnet_dense_latency.h:42]   --->   Operation 447 'sub' 'mult_645' <Predicate = true> <Delay = 0.00> <CoreInst = "TAddSub">   --->   Core 10 'TAddSub' <Latency = 0> <II = 1> <Delay = 0.34> <IPBlock> <Opcode : '' 'add' 'sub'> <InPorts = 3> <OutPorts = 1> <Sync> <CReg>
ST_1 : Operation 448 [1/1] (0.79ns)   --->   "%mult_646 = sub i19 %sext_ln73_77, i19 %sext_ln73_155" [firmware/nnet_utils/nnet_mult.h:73->firmware/nnet_utils/nnet_dense_latency.h:42]   --->   Operation 448 'sub' 'mult_646' <Predicate = true> <Delay = 0.79> <CoreInst = "Adder">   --->   Core 1 'Adder' <Latency = 0> <II = 1> <Delay = 0.79> <FuncUnit> <Opcode : 'add' 'sub'> <InPorts = 2> <OutPorts = 1>
ST_1 : Operation 449 [1/1] (0.00ns)   --->   "%sext_ln17_437 = sext i19 %mult_646" [firmware/nnet_utils/nnet_dense_latency.h:17]   --->   Operation 449 'sext' 'sext_ln17_437' <Predicate = true> <Delay = 0.00>
ST_1 : Operation 450 [1/1] (0.00ns)   --->   "%sext_ln73_159 = sext i17 %mult_638" [firmware/nnet_utils/nnet_mult.h:73->firmware/nnet_utils/nnet_dense_latency.h:42]   --->   Operation 450 'sext' 'sext_ln73_159' <Predicate = true> <Delay = 0.00>
ST_1 : Operation 451 [1/1] (0.79ns)   --->   "%mult_647 = sub i18 0, i18 %sext_ln73_159" [firmware/nnet_utils/nnet_mult.h:73->firmware/nnet_utils/nnet_dense_latency.h:42]   --->   Operation 451 'sub' 'mult_647' <Predicate = true> <Delay = 0.79> <CoreInst = "Adder">   --->   Core 1 'Adder' <Latency = 0> <II = 1> <Delay = 0.79> <FuncUnit> <Opcode : 'add' 'sub'> <InPorts = 2> <OutPorts = 1>
ST_1 : Operation 452 [1/1] (0.00ns)   --->   "%sext_ln17_438 = sext i18 %mult_647" [firmware/nnet_utils/nnet_dense_latency.h:17]   --->   Operation 452 'sext' 'sext_ln17_438' <Predicate = true> <Delay = 0.00>
ST_1 : Operation 453 [1/1] (0.79ns)   --->   "%mult_648 = add i20 %sext_ln73_156, i20 %sext_ln73_80" [firmware/nnet_utils/nnet_mult.h:73->firmware/nnet_utils/nnet_dense_latency.h:42]   --->   Operation 453 'add' 'mult_648' <Predicate = true> <Delay = 0.79> <CoreInst = "Adder">   --->   Core 1 'Adder' <Latency = 0> <II = 1> <Delay = 0.79> <FuncUnit> <Opcode : 'add' 'sub'> <InPorts = 2> <OutPorts = 1>
ST_1 : Operation 454 [1/1] (0.00ns)   --->   "%trunc_ln17_16 = trunc i20 %mult_648" [firmware/nnet_utils/nnet_dense_latency.h:17]   --->   Operation 454 'trunc' 'trunc_ln17_16' <Predicate = true> <Delay = 0.00>
ST_1 : Operation 455 [1/1] (0.00ns)   --->   "%sext_ln73_160 = sext i19 %tmp_1028" [firmware/nnet_utils/nnet_mult.h:73->firmware/nnet_utils/nnet_dense_latency.h:42]   --->   Operation 455 'sext' 'sext_ln73_160' <Predicate = true> <Delay = 0.00>
ST_1 : Operation 456 [1/1] (0.00ns) (grouped into TernaryAdder)   --->   "%mult_649 = add i21 %sext_ln73_160, i21 %sext_ln73_158" [firmware/nnet_utils/nnet_mult.h:73->firmware/nnet_utils/nnet_dense_latency.h:42]   --->   Operation 456 'add' 'mult_649' <Predicate = true> <Delay = 0.00> <CoreInst = "TAddSub">   --->   Core 10 'TAddSub' <Latency = 0> <II = 1> <Delay = 0.34> <IPBlock> <Opcode : '' 'add' 'sub'> <InPorts = 3> <OutPorts = 1> <Sync> <CReg>
ST_1 : Operation 457 [1/1] (0.00ns)   --->   "%a_10 = partselect i16 @_ssdm_op_PartSelect.i16.i256.i32.i32, i256 %data_val_read, i32 160, i32 175"   --->   Operation 457 'partselect' 'a_10' <Predicate = true> <Delay = 0.00>
ST_1 : Operation 458 [1/1] (0.00ns)   --->   "%sext_ln73_81 = sext i16 %a_10" [firmware/nnet_utils/nnet_mult.h:73->firmware/nnet_utils/nnet_dense_latency.h:42]   --->   Operation 458 'sext' 'sext_ln73_81' <Predicate = true> <Delay = 0.00>
ST_1 : Operation 459 [1/1] (0.00ns)   --->   "%sext_ln73_161 = sext i16 %a_10" [firmware/nnet_utils/nnet_mult.h:73->firmware/nnet_utils/nnet_dense_latency.h:42]   --->   Operation 459 'sext' 'sext_ln73_161' <Predicate = true> <Delay = 0.00>
ST_1 : Operation 460 [1/1] (0.00ns)   --->   "%sext_ln73_83 = sext i16 %a_10" [firmware/nnet_utils/nnet_mult.h:73->firmware/nnet_utils/nnet_dense_latency.h:42]   --->   Operation 460 'sext' 'sext_ln73_83' <Predicate = true> <Delay = 0.00>
ST_1 : Operation 461 [1/1] (0.00ns)   --->   "%sext_ln73_84 = sext i16 %a_10" [firmware/nnet_utils/nnet_mult.h:73->firmware/nnet_utils/nnet_dense_latency.h:42]   --->   Operation 461 'sext' 'sext_ln73_84' <Predicate = true> <Delay = 0.00>
ST_1 : Operation 462 [1/1] (0.00ns)   --->   "%sext_ln73_85 = sext i16 %a_10" [firmware/nnet_utils/nnet_mult.h:73->firmware/nnet_utils/nnet_dense_latency.h:42]   --->   Operation 462 'sext' 'sext_ln73_85' <Predicate = true> <Delay = 0.00>
ST_1 : Operation 463 [1/1] (1.94ns)   --->   "%mult_650 = mul i21 %sext_ln73_85, i21 13" [firmware/nnet_utils/nnet_mult.h:73->firmware/nnet_utils/nnet_dense_latency.h:42]   --->   Operation 463 'mul' 'mult_650' <Predicate = true> <Delay = 1.94> <CoreInst = "Multiplier">   --->   Core 3 'Multiplier' <Latency = 0> <II = 1> <Delay = 1.94> <FuncUnit> <Opcode : 'mul'> <InPorts = 2> <OutPorts = 1>
ST_1 : Operation 464 [1/1] (0.00ns)   --->   "%tmp_1031 = bitconcatenate i18 @_ssdm_op_BitConcatenate.i18.i16.i2, i16 %a_10, i2 0" [firmware/nnet_utils/nnet_mult.h:73->firmware/nnet_utils/nnet_dense_latency.h:42]   --->   Operation 464 'bitconcatenate' 'tmp_1031' <Predicate = true> <Delay = 0.00>
ST_1 : Operation 465 [1/1] (0.00ns)   --->   "%sext_ln73_162 = sext i18 %tmp_1031" [firmware/nnet_utils/nnet_mult.h:73->firmware/nnet_utils/nnet_dense_latency.h:42]   --->   Operation 465 'sext' 'sext_ln73_162' <Predicate = true> <Delay = 0.00>
ST_1 : Operation 466 [1/1] (0.79ns)   --->   "%mult_651 = sub i19 %sext_ln73_162, i19 %sext_ln73_84" [firmware/nnet_utils/nnet_mult.h:73->firmware/nnet_utils/nnet_dense_latency.h:42]   --->   Operation 466 'sub' 'mult_651' <Predicate = true> <Delay = 0.79> <CoreInst = "Adder">   --->   Core 1 'Adder' <Latency = 0> <II = 1> <Delay = 0.79> <FuncUnit> <Opcode : 'add' 'sub'> <InPorts = 2> <OutPorts = 1>
ST_1 : Operation 467 [1/1] (0.00ns)   --->   "%sext_ln17_439 = sext i19 %mult_651" [firmware/nnet_utils/nnet_dense_latency.h:17]   --->   Operation 467 'sext' 'sext_ln17_439' <Predicate = true> <Delay = 0.00>
ST_1 : Operation 468 [1/1] (0.00ns)   --->   "%trunc_ln17_17 = trunc i19 %mult_651" [firmware/nnet_utils/nnet_dense_latency.h:17]   --->   Operation 468 'trunc' 'trunc_ln17_17' <Predicate = true> <Delay = 0.00>
ST_1 : Operation 469 [1/1] (0.00ns)   --->   "%mult_654 = bitconcatenate i17 @_ssdm_op_BitConcatenate.i17.i16.i1, i16 %a_10, i1 0" [firmware/nnet_utils/nnet_mult.h:73->firmware/nnet_utils/nnet_dense_latency.h:42]   --->   Operation 469 'bitconcatenate' 'mult_654' <Predicate = true> <Delay = 0.00>
ST_1 : Operation 470 [1/1] (0.00ns)   --->   "%sext_ln73_163 = sext i17 %mult_654" [firmware/nnet_utils/nnet_mult.h:73->firmware/nnet_utils/nnet_dense_latency.h:42]   --->   Operation 470 'sext' 'sext_ln73_163' <Predicate = true> <Delay = 0.00>
ST_1 : Operation 471 [1/1] (0.79ns)   --->   "%mult_652 = sub i18 0, i18 %sext_ln73_163" [firmware/nnet_utils/nnet_mult.h:73->firmware/nnet_utils/nnet_dense_latency.h:42]   --->   Operation 471 'sub' 'mult_652' <Predicate = true> <Delay = 0.79> <CoreInst = "Adder">   --->   Core 1 'Adder' <Latency = 0> <II = 1> <Delay = 0.79> <FuncUnit> <Opcode : 'add' 'sub'> <InPorts = 2> <OutPorts = 1>
ST_1 : Operation 472 [1/1] (0.00ns)   --->   "%sext_ln17_440 = sext i18 %mult_652" [firmware/nnet_utils/nnet_dense_latency.h:17]   --->   Operation 472 'sext' 'sext_ln17_440' <Predicate = true> <Delay = 0.00>
ST_1 : Operation 473 [1/1] (0.00ns)   --->   "%sext_ln17_441 = sext i17 %mult_654" [firmware/nnet_utils/nnet_dense_latency.h:17]   --->   Operation 473 'sext' 'sext_ln17_441' <Predicate = true> <Delay = 0.00>
ST_1 : Operation 474 [1/1] (0.00ns)   --->   "%sext_ln17_442 = sext i17 %mult_654" [firmware/nnet_utils/nnet_dense_latency.h:17]   --->   Operation 474 'sext' 'sext_ln17_442' <Predicate = true> <Delay = 0.00>
ST_1 : Operation 475 [1/1] (0.00ns)   --->   "%tmp_1033 = bitconcatenate i19 @_ssdm_op_BitConcatenate.i19.i16.i3, i16 %a_10, i3 0" [firmware/nnet_utils/nnet_mult.h:73->firmware/nnet_utils/nnet_dense_latency.h:42]   --->   Operation 475 'bitconcatenate' 'tmp_1033' <Predicate = true> <Delay = 0.00>
ST_1 : Operation 476 [1/1] (0.00ns)   --->   "%sext_ln73_164 = sext i19 %tmp_1033" [firmware/nnet_utils/nnet_mult.h:73->firmware/nnet_utils/nnet_dense_latency.h:42]   --->   Operation 476 'sext' 'sext_ln73_164' <Predicate = true> <Delay = 0.00>
ST_1 : Operation 477 [1/1] (0.80ns)   --->   "%mult_655 = sub i20 %sext_ln17_441, i20 %sext_ln73_164" [firmware/nnet_utils/nnet_mult.h:73->firmware/nnet_utils/nnet_dense_latency.h:42]   --->   Operation 477 'sub' 'mult_655' <Predicate = true> <Delay = 0.80> <CoreInst = "Adder">   --->   Core 1 'Adder' <Latency = 0> <II = 1> <Delay = 0.80> <FuncUnit> <Opcode : 'add' 'sub'> <InPorts = 2> <OutPorts = 1>
ST_1 : Operation 478 [1/1] (0.00ns)   --->   "%sext_ln17_443 = sext i20 %mult_655" [firmware/nnet_utils/nnet_dense_latency.h:17]   --->   Operation 478 'sext' 'sext_ln17_443' <Predicate = true> <Delay = 0.00>
ST_1 : Operation 479 [1/1] (0.80ns)   --->   "%mult_656 = sub i20 %sext_ln73_164, i20 %sext_ln73_81" [firmware/nnet_utils/nnet_mult.h:73->firmware/nnet_utils/nnet_dense_latency.h:42]   --->   Operation 479 'sub' 'mult_656' <Predicate = true> <Delay = 0.80> <CoreInst = "Adder">   --->   Core 1 'Adder' <Latency = 0> <II = 1> <Delay = 0.80> <FuncUnit> <Opcode : 'add' 'sub'> <InPorts = 2> <OutPorts = 1>
ST_1 : Operation 480 [1/1] (0.00ns)   --->   "%trunc_ln17_18 = trunc i20 %mult_656" [firmware/nnet_utils/nnet_dense_latency.h:17]   --->   Operation 480 'trunc' 'trunc_ln17_18' <Predicate = true> <Delay = 0.00>
ST_1 : Operation 481 [1/1] (0.00ns)   --->   "%sext_ln17_444 = sext i20 %mult_656" [firmware/nnet_utils/nnet_dense_latency.h:17]   --->   Operation 481 'sext' 'sext_ln17_444' <Predicate = true> <Delay = 0.00>
ST_1 : Operation 482 [1/1] (0.00ns)   --->   "%sext_ln73_165 = sext i19 %tmp_1033" [firmware/nnet_utils/nnet_mult.h:73->firmware/nnet_utils/nnet_dense_latency.h:42]   --->   Operation 482 'sext' 'sext_ln73_165' <Predicate = true> <Delay = 0.00>
ST_1 : Operation 483 [1/1] (0.00ns) (grouped into TernaryAdder)   --->   "%sub_ln73_742 = sub i21 0, i21 %sext_ln73_165" [firmware/nnet_utils/nnet_mult.h:73->firmware/nnet_utils/nnet_dense_latency.h:42]   --->   Operation 483 'sub' 'sub_ln73_742' <Predicate = true> <Delay = 0.00> <CoreInst = "TAddSub">   --->   Core 10 'TAddSub' <Latency = 0> <II = 1> <Delay = 0.34> <IPBlock> <Opcode : '' 'add' 'sub'> <InPorts = 3> <OutPorts = 1> <Sync> <CReg>
ST_1 : Operation 484 [1/1] (0.69ns) (root node of TernaryAdder)   --->   "%mult_657 = sub i21 %sub_ln73_742, i21 %sext_ln73_85" [firmware/nnet_utils/nnet_mult.h:73->firmware/nnet_utils/nnet_dense_latency.h:42]   --->   Operation 484 'sub' 'mult_657' <Predicate = true> <Delay = 0.69> <CoreInst = "TAddSub">   --->   Core 10 'TAddSub' <Latency = 0> <II = 1> <Delay = 0.34> <IPBlock> <Opcode : '' 'add' 'sub'> <InPorts = 3> <OutPorts = 1> <Sync> <CReg>
ST_1 : Operation 485 [1/1] (0.79ns)   --->   "%mult_658 = sub i19 0, i19 %sext_ln73_162" [firmware/nnet_utils/nnet_mult.h:73->firmware/nnet_utils/nnet_dense_latency.h:42]   --->   Operation 485 'sub' 'mult_658' <Predicate = true> <Delay = 0.79> <CoreInst = "Adder">   --->   Core 1 'Adder' <Latency = 0> <II = 1> <Delay = 0.79> <FuncUnit> <Opcode : 'add' 'sub'> <InPorts = 2> <OutPorts = 1>
ST_1 : Operation 486 [1/1] (0.00ns)   --->   "%sext_ln17_445 = sext i19 %mult_658" [firmware/nnet_utils/nnet_dense_latency.h:17]   --->   Operation 486 'sext' 'sext_ln17_445' <Predicate = true> <Delay = 0.00>
ST_1 : Operation 487 [1/1] (0.00ns) (grouped into TernaryAdder)   --->   "%add_ln17_12 = add i20 %sext_ln73_164, i20 %sext_ln17_441" [firmware/nnet_utils/nnet_dense_latency.h:17]   --->   Operation 487 'add' 'add_ln17_12' <Predicate = true> <Delay = 0.00> <CoreInst = "TAddSub">   --->   Core 10 'TAddSub' <Latency = 0> <II = 1> <Delay = 0.34> <IPBlock> <Opcode : '' 'add' 'sub'> <InPorts = 3> <OutPorts = 1> <Sync> <CReg>
ST_1 : Operation 488 [1/1] (0.80ns)   --->   "%mult_659 = sub i20 %sext_ln73_81, i20 %sext_ln73_164" [firmware/nnet_utils/nnet_mult.h:73->firmware/nnet_utils/nnet_dense_latency.h:42]   --->   Operation 488 'sub' 'mult_659' <Predicate = true> <Delay = 0.80> <CoreInst = "Adder">   --->   Core 1 'Adder' <Latency = 0> <II = 1> <Delay = 0.80> <FuncUnit> <Opcode : 'add' 'sub'> <InPorts = 2> <OutPorts = 1>
ST_1 : Operation 489 [1/1] (0.79ns)   --->   "%mult_660 = sub i19 %sext_ln73_84, i19 %sext_ln73_162" [firmware/nnet_utils/nnet_mult.h:73->firmware/nnet_utils/nnet_dense_latency.h:42]   --->   Operation 489 'sub' 'mult_660' <Predicate = true> <Delay = 0.79> <CoreInst = "Adder">   --->   Core 1 'Adder' <Latency = 0> <II = 1> <Delay = 0.79> <FuncUnit> <Opcode : 'add' 'sub'> <InPorts = 2> <OutPorts = 1>
ST_1 : Operation 490 [1/1] (0.00ns)   --->   "%sext_ln17_446 = sext i19 %mult_660" [firmware/nnet_utils/nnet_dense_latency.h:17]   --->   Operation 490 'sext' 'sext_ln17_446' <Predicate = true> <Delay = 0.00>
ST_1 : Operation 491 [1/1] (0.00ns)   --->   "%p_shl102 = bitconcatenate i20 @_ssdm_op_BitConcatenate.i20.i16.i4, i16 %a_10, i4 0" [firmware/nnet_utils/nnet_dense_latency.h:17]   --->   Operation 491 'bitconcatenate' 'p_shl102' <Predicate = true> <Delay = 0.00>
ST_1 : Operation 492 [1/1] (0.00ns)   --->   "%sext_ln17_447 = sext i18 %tmp_1031" [firmware/nnet_utils/nnet_dense_latency.h:17]   --->   Operation 492 'sext' 'sext_ln17_447' <Predicate = true> <Delay = 0.00>
ST_1 : Operation 493 [1/1] (0.00ns) (grouped into TernaryAdder)   --->   "%sub_ln17_14 = sub i20 %sext_ln17_447, i20 %p_shl102" [firmware/nnet_utils/nnet_dense_latency.h:17]   --->   Operation 493 'sub' 'sub_ln17_14' <Predicate = true> <Delay = 0.00> <CoreInst = "TAddSub">   --->   Core 10 'TAddSub' <Latency = 0> <II = 1> <Delay = 0.34> <IPBlock> <Opcode : '' 'add' 'sub'> <InPorts = 3> <OutPorts = 1> <Sync> <CReg>
ST_1 : Operation 494 [1/1] (0.00ns) (grouped into TernaryAdder)   --->   "%add_ln17_13 = add i20 %sext_ln73_164, i20 %sext_ln73_81" [firmware/nnet_utils/nnet_dense_latency.h:17]   --->   Operation 494 'add' 'add_ln17_13' <Predicate = true> <Delay = 0.00> <CoreInst = "TAddSub">   --->   Core 10 'TAddSub' <Latency = 0> <II = 1> <Delay = 0.34> <IPBlock> <Opcode : '' 'add' 'sub'> <InPorts = 3> <OutPorts = 1> <Sync> <CReg>
ST_1 : Operation 495 [1/1] (0.00ns) (grouped into TernaryAdder)   --->   "%mult_661 = add i20 %sext_ln17_447, i20 %sext_ln73_81" [firmware/nnet_utils/nnet_mult.h:73->firmware/nnet_utils/nnet_dense_latency.h:42]   --->   Operation 495 'add' 'mult_661' <Predicate = true> <Delay = 0.00> <CoreInst = "TAddSub">   --->   Core 10 'TAddSub' <Latency = 0> <II = 1> <Delay = 0.34> <IPBlock> <Opcode : '' 'add' 'sub'> <InPorts = 3> <OutPorts = 1> <Sync> <CReg>
ST_1 : Operation 496 [1/1] (1.94ns)   --->   "%mul_ln17_9 = mul i20 %sext_ln73_81, i20 11" [firmware/nnet_utils/nnet_dense_latency.h:17]   --->   Operation 496 'mul' 'mul_ln17_9' <Predicate = true> <Delay = 1.94> <CoreInst = "Multiplier">   --->   Core 3 'Multiplier' <Latency = 0> <II = 1> <Delay = 1.94> <FuncUnit> <Opcode : 'mul'> <InPorts = 2> <OutPorts = 1>
ST_1 : Operation 497 [1/1] (0.00ns)   --->   "%a_11 = partselect i16 @_ssdm_op_PartSelect.i16.i256.i32.i32, i256 %data_val_read, i32 176, i32 191"   --->   Operation 497 'partselect' 'a_11' <Predicate = true> <Delay = 0.00>
ST_1 : Operation 498 [1/1] (0.00ns)   --->   "%sext_ln73_87 = sext i16 %a_11" [firmware/nnet_utils/nnet_mult.h:73->firmware/nnet_utils/nnet_dense_latency.h:42]   --->   Operation 498 'sext' 'sext_ln73_87' <Predicate = true> <Delay = 0.00>
ST_1 : Operation 499 [1/1] (0.00ns)   --->   "%sext_ln73_88 = sext i16 %a_11" [firmware/nnet_utils/nnet_mult.h:73->firmware/nnet_utils/nnet_dense_latency.h:42]   --->   Operation 499 'sext' 'sext_ln73_88' <Predicate = true> <Delay = 0.00>
ST_1 : Operation 500 [1/1] (0.00ns)   --->   "%sext_ln73_89 = sext i16 %a_11" [firmware/nnet_utils/nnet_mult.h:73->firmware/nnet_utils/nnet_dense_latency.h:42]   --->   Operation 500 'sext' 'sext_ln73_89' <Predicate = true> <Delay = 0.00>
ST_1 : Operation 501 [1/1] (0.00ns)   --->   "%sext_ln73_90 = sext i16 %a_11" [firmware/nnet_utils/nnet_mult.h:73->firmware/nnet_utils/nnet_dense_latency.h:42]   --->   Operation 501 'sext' 'sext_ln73_90' <Predicate = true> <Delay = 0.00>
ST_1 : Operation 502 [1/1] (0.00ns)   --->   "%sext_ln73_91 = sext i16 %a_11" [firmware/nnet_utils/nnet_mult.h:73->firmware/nnet_utils/nnet_dense_latency.h:42]   --->   Operation 502 'sext' 'sext_ln73_91' <Predicate = true> <Delay = 0.00>
ST_1 : Operation 503 [1/1] (0.00ns)   --->   "%mult_665 = bitconcatenate i18 @_ssdm_op_BitConcatenate.i18.i16.i2, i16 %a_11, i2 0" [firmware/nnet_utils/nnet_mult.h:73->firmware/nnet_utils/nnet_dense_latency.h:42]   --->   Operation 503 'bitconcatenate' 'mult_665' <Predicate = true> <Delay = 0.00>
ST_1 : Operation 504 [1/1] (0.00ns)   --->   "%sext_ln73_166 = sext i18 %mult_665" [firmware/nnet_utils/nnet_mult.h:73->firmware/nnet_utils/nnet_dense_latency.h:42]   --->   Operation 504 'sext' 'sext_ln73_166' <Predicate = true> <Delay = 0.00>
ST_1 : Operation 505 [1/1] (0.00ns) (grouped into TernaryAdder)   --->   "%sub_ln73_747 = sub i20 0, i20 %sext_ln73_166" [firmware/nnet_utils/nnet_mult.h:73->firmware/nnet_utils/nnet_dense_latency.h:42]   --->   Operation 505 'sub' 'sub_ln73_747' <Predicate = true> <Delay = 0.00> <CoreInst = "TAddSub">   --->   Core 10 'TAddSub' <Latency = 0> <II = 1> <Delay = 0.34> <IPBlock> <Opcode : '' 'add' 'sub'> <InPorts = 3> <OutPorts = 1> <Sync> <CReg>
ST_1 : Operation 506 [1/1] (0.68ns) (root node of TernaryAdder)   --->   "%mult_662 = sub i20 %sub_ln73_747, i20 %sext_ln73_91" [firmware/nnet_utils/nnet_mult.h:73->firmware/nnet_utils/nnet_dense_latency.h:42]   --->   Operation 506 'sub' 'mult_662' <Predicate = true> <Delay = 0.68> <CoreInst = "TAddSub">   --->   Core 10 'TAddSub' <Latency = 0> <II = 1> <Delay = 0.34> <IPBlock> <Opcode : '' 'add' 'sub'> <InPorts = 3> <OutPorts = 1> <Sync> <CReg>
ST_1 : Operation 507 [1/1] (0.00ns)   --->   "%mult_664 = bitconcatenate i17 @_ssdm_op_BitConcatenate.i17.i16.i1, i16 %a_11, i1 0" [firmware/nnet_utils/nnet_mult.h:73->firmware/nnet_utils/nnet_dense_latency.h:42]   --->   Operation 507 'bitconcatenate' 'mult_664' <Predicate = true> <Delay = 0.00>
ST_1 : Operation 508 [1/1] (0.00ns)   --->   "%sext_ln17_448 = sext i17 %mult_664" [firmware/nnet_utils/nnet_dense_latency.h:17]   --->   Operation 508 'sext' 'sext_ln17_448' <Predicate = true> <Delay = 0.00>
ST_1 : Operation 509 [1/1] (0.00ns)   --->   "%sext_ln17_449 = sext i17 %mult_664" [firmware/nnet_utils/nnet_dense_latency.h:17]   --->   Operation 509 'sext' 'sext_ln17_449' <Predicate = true> <Delay = 0.00>
ST_1 : Operation 510 [1/1] (0.00ns)   --->   "%sext_ln42 = sext i18 %mult_665" [firmware/nnet_utils/nnet_dense_latency.h:42]   --->   Operation 510 'sext' 'sext_ln42' <Predicate = true> <Delay = 0.00>
ST_1 : Operation 511 [1/1] (0.00ns)   --->   "%sext_ln17_450 = sext i18 %mult_665" [firmware/nnet_utils/nnet_dense_latency.h:17]   --->   Operation 511 'sext' 'sext_ln17_450' <Predicate = true> <Delay = 0.00>
ST_1 : Operation 512 [1/1] (0.00ns) (grouped into TernaryAdder)   --->   "%mult_666 = sub i19 %sext_ln42, i19 %sext_ln73_88" [firmware/nnet_utils/nnet_mult.h:73->firmware/nnet_utils/nnet_dense_latency.h:42]   --->   Operation 512 'sub' 'mult_666' <Predicate = true> <Delay = 0.00> <CoreInst = "TAddSub">   --->   Core 10 'TAddSub' <Latency = 0> <II = 1> <Delay = 0.34> <IPBlock> <Opcode : '' 'add' 'sub'> <InPorts = 3> <OutPorts = 1> <Sync> <CReg>
ST_1 : Operation 513 [1/1] (0.79ns)   --->   "%mult_667 = sub i18 0, i18 %sext_ln17_449" [firmware/nnet_utils/nnet_mult.h:73->firmware/nnet_utils/nnet_dense_latency.h:42]   --->   Operation 513 'sub' 'mult_667' <Predicate = true> <Delay = 0.79> <CoreInst = "Adder">   --->   Core 1 'Adder' <Latency = 0> <II = 1> <Delay = 0.79> <FuncUnit> <Opcode : 'add' 'sub'> <InPorts = 2> <OutPorts = 1>
ST_1 : Operation 514 [1/1] (0.00ns)   --->   "%sext_ln17_451 = sext i18 %mult_667" [firmware/nnet_utils/nnet_dense_latency.h:17]   --->   Operation 514 'sext' 'sext_ln17_451' <Predicate = true> <Delay = 0.00>
ST_1 : Operation 515 [1/1] (0.00ns)   --->   "%sext_ln17_452 = sext i18 %mult_667" [firmware/nnet_utils/nnet_dense_latency.h:17]   --->   Operation 515 'sext' 'sext_ln17_452' <Predicate = true> <Delay = 0.00>
ST_1 : Operation 516 [1/1] (0.00ns)   --->   "%tmp_1035 = bitconcatenate i19 @_ssdm_op_BitConcatenate.i19.i16.i3, i16 %a_11, i3 0" [firmware/nnet_utils/nnet_mult.h:73->firmware/nnet_utils/nnet_dense_latency.h:42]   --->   Operation 516 'bitconcatenate' 'tmp_1035' <Predicate = true> <Delay = 0.00>
ST_1 : Operation 517 [1/1] (0.00ns)   --->   "%sext_ln73_167 = sext i19 %tmp_1035" [firmware/nnet_utils/nnet_mult.h:73->firmware/nnet_utils/nnet_dense_latency.h:42]   --->   Operation 517 'sext' 'sext_ln73_167' <Predicate = true> <Delay = 0.00>
ST_1 : Operation 518 [1/1] (0.80ns)   --->   "%mult_668 = sub i20 %sext_ln73_167, i20 %sext_ln73_91" [firmware/nnet_utils/nnet_mult.h:73->firmware/nnet_utils/nnet_dense_latency.h:42]   --->   Operation 518 'sub' 'mult_668' <Predicate = true> <Delay = 0.80> <CoreInst = "Adder">   --->   Core 1 'Adder' <Latency = 0> <II = 1> <Delay = 0.80> <FuncUnit> <Opcode : 'add' 'sub'> <InPorts = 2> <OutPorts = 1>
ST_1 : Operation 519 [1/1] (0.00ns)   --->   "%sext_ln17_453 = sext i20 %mult_668" [firmware/nnet_utils/nnet_dense_latency.h:17]   --->   Operation 519 'sext' 'sext_ln17_453' <Predicate = true> <Delay = 0.00>
ST_1 : Operation 520 [1/1] (1.94ns)   --->   "%mult_669 = mul i21 %sext_ln73_87, i21 11" [firmware/nnet_utils/nnet_mult.h:73->firmware/nnet_utils/nnet_dense_latency.h:42]   --->   Operation 520 'mul' 'mult_669' <Predicate = true> <Delay = 1.94> <CoreInst = "Multiplier">   --->   Core 3 'Multiplier' <Latency = 0> <II = 1> <Delay = 1.94> <FuncUnit> <Opcode : 'mul'> <InPorts = 2> <OutPorts = 1>
ST_1 : Operation 521 [1/1] (1.94ns)   --->   "%mult_670 = mul i21 %sext_ln73_87, i21 2097141" [firmware/nnet_utils/nnet_mult.h:73->firmware/nnet_utils/nnet_dense_latency.h:42]   --->   Operation 521 'mul' 'mult_670' <Predicate = true> <Delay = 1.94> <CoreInst = "Multiplier">   --->   Core 3 'Multiplier' <Latency = 0> <II = 1> <Delay = 1.94> <FuncUnit> <Opcode : 'mul'> <InPorts = 2> <OutPorts = 1>
ST_1 : Operation 522 [1/1] (0.79ns)   --->   "%mult_671 = sub i19 %sext_ln73_88, i19 %sext_ln42" [firmware/nnet_utils/nnet_mult.h:73->firmware/nnet_utils/nnet_dense_latency.h:42]   --->   Operation 522 'sub' 'mult_671' <Predicate = true> <Delay = 0.79> <CoreInst = "Adder">   --->   Core 1 'Adder' <Latency = 0> <II = 1> <Delay = 0.79> <FuncUnit> <Opcode : 'add' 'sub'> <InPorts = 2> <OutPorts = 1>
ST_1 : Operation 523 [1/1] (0.00ns)   --->   "%sext_ln17_454 = sext i19 %mult_671" [firmware/nnet_utils/nnet_dense_latency.h:17]   --->   Operation 523 'sext' 'sext_ln17_454' <Predicate = true> <Delay = 0.00>
ST_1 : Operation 524 [1/1] (0.00ns)   --->   "%sext_ln17_455 = sext i19 %mult_671" [firmware/nnet_utils/nnet_dense_latency.h:17]   --->   Operation 524 'sext' 'sext_ln17_455' <Predicate = true> <Delay = 0.00>
ST_1 : Operation 525 [1/1] (0.79ns)   --->   "%mult_672 = add i20 %sext_ln73_166, i20 %sext_ln73_91" [firmware/nnet_utils/nnet_mult.h:73->firmware/nnet_utils/nnet_dense_latency.h:42]   --->   Operation 525 'add' 'mult_672' <Predicate = true> <Delay = 0.79> <CoreInst = "Adder">   --->   Core 1 'Adder' <Latency = 0> <II = 1> <Delay = 0.79> <FuncUnit> <Opcode : 'add' 'sub'> <InPorts = 2> <OutPorts = 1>
ST_1 : Operation 526 [1/1] (0.00ns)   --->   "%sext_ln17_456 = sext i20 %mult_672" [firmware/nnet_utils/nnet_dense_latency.h:17]   --->   Operation 526 'sext' 'sext_ln17_456' <Predicate = true> <Delay = 0.00>
ST_1 : Operation 527 [1/1] (0.00ns)   --->   "%tmp_1036 = bitconcatenate i20 @_ssdm_op_BitConcatenate.i20.i16.i4, i16 %a_11, i4 0" [firmware/nnet_utils/nnet_mult.h:73->firmware/nnet_utils/nnet_dense_latency.h:42]   --->   Operation 527 'bitconcatenate' 'tmp_1036' <Predicate = true> <Delay = 0.00>
ST_1 : Operation 528 [1/1] (0.00ns)   --->   "%sext_ln73_168 = sext i20 %tmp_1036" [firmware/nnet_utils/nnet_mult.h:73->firmware/nnet_utils/nnet_dense_latency.h:42]   --->   Operation 528 'sext' 'sext_ln73_168' <Predicate = true> <Delay = 0.00>
ST_1 : Operation 529 [1/1] (0.00ns)   --->   "%sext_ln73_169 = sext i17 %mult_664" [firmware/nnet_utils/nnet_mult.h:73->firmware/nnet_utils/nnet_dense_latency.h:42]   --->   Operation 529 'sext' 'sext_ln73_169' <Predicate = true> <Delay = 0.00>
ST_1 : Operation 530 [1/1] (0.80ns)   --->   "%mult_673 = sub i21 %sext_ln73_169, i21 %sext_ln73_168" [firmware/nnet_utils/nnet_mult.h:73->firmware/nnet_utils/nnet_dense_latency.h:42]   --->   Operation 530 'sub' 'mult_673' <Predicate = true> <Delay = 0.80> <CoreInst = "Adder">   --->   Core 1 'Adder' <Latency = 0> <II = 1> <Delay = 0.80> <FuncUnit> <Opcode : 'add' 'sub'> <InPorts = 2> <OutPorts = 1>
ST_1 : Operation 531 [1/1] (0.00ns)   --->   "%sext_ln73_170 = sext i17 %mult_664" [firmware/nnet_utils/nnet_mult.h:73->firmware/nnet_utils/nnet_dense_latency.h:42]   --->   Operation 531 'sext' 'sext_ln73_170' <Predicate = true> <Delay = 0.00>
ST_1 : Operation 532 [1/1] (0.80ns)   --->   "%mult_674 = sub i20 %sext_ln73_170, i20 %sext_ln73_167" [firmware/nnet_utils/nnet_mult.h:73->firmware/nnet_utils/nnet_dense_latency.h:42]   --->   Operation 532 'sub' 'mult_674' <Predicate = true> <Delay = 0.80> <CoreInst = "Adder">   --->   Core 1 'Adder' <Latency = 0> <II = 1> <Delay = 0.80> <FuncUnit> <Opcode : 'add' 'sub'> <InPorts = 2> <OutPorts = 1>
ST_1 : Operation 533 [1/1] (0.00ns)   --->   "%sext_ln17_457 = sext i20 %mult_674" [firmware/nnet_utils/nnet_dense_latency.h:17]   --->   Operation 533 'sext' 'sext_ln17_457' <Predicate = true> <Delay = 0.00>
ST_1 : Operation 534 [1/1] (0.78ns)   --->   "%mult_675 = sub i17 0, i17 %sext_ln73_90" [firmware/nnet_utils/nnet_mult.h:73->firmware/nnet_utils/nnet_dense_latency.h:42]   --->   Operation 534 'sub' 'mult_675' <Predicate = true> <Delay = 0.78> <CoreInst = "Adder">   --->   Core 1 'Adder' <Latency = 0> <II = 1> <Delay = 0.78> <FuncUnit> <Opcode : 'add' 'sub'> <InPorts = 2> <OutPorts = 1>
ST_1 : Operation 535 [1/1] (0.00ns)   --->   "%sext_ln17_458 = sext i17 %mult_675" [firmware/nnet_utils/nnet_dense_latency.h:17]   --->   Operation 535 'sext' 'sext_ln17_458' <Predicate = true> <Delay = 0.00>
ST_1 : Operation 536 [1/1] (0.00ns)   --->   "%sext_ln17_459 = sext i17 %mult_675" [firmware/nnet_utils/nnet_dense_latency.h:17]   --->   Operation 536 'sext' 'sext_ln17_459' <Predicate = true> <Delay = 0.00>
ST_1 : Operation 537 [1/1] (0.00ns)   --->   "%sext_ln17_460 = sext i17 %mult_675" [firmware/nnet_utils/nnet_dense_latency.h:17]   --->   Operation 537 'sext' 'sext_ln17_460' <Predicate = true> <Delay = 0.00>
ST_1 : Operation 538 [1/1] (0.80ns)   --->   "%mult_676 = sub i20 %sext_ln73_91, i20 %sext_ln73_167" [firmware/nnet_utils/nnet_mult.h:73->firmware/nnet_utils/nnet_dense_latency.h:42]   --->   Operation 538 'sub' 'mult_676' <Predicate = true> <Delay = 0.80> <CoreInst = "Adder">   --->   Core 1 'Adder' <Latency = 0> <II = 1> <Delay = 0.80> <FuncUnit> <Opcode : 'add' 'sub'> <InPorts = 2> <OutPorts = 1>
ST_1 : Operation 539 [1/1] (0.00ns)   --->   "%sext_ln17_461 = sext i20 %mult_676" [firmware/nnet_utils/nnet_dense_latency.h:17]   --->   Operation 539 'sext' 'sext_ln17_461' <Predicate = true> <Delay = 0.00>
ST_1 : Operation 540 [1/1] (0.80ns)   --->   "%mult_677 = sub i20 0, i20 %sext_ln73_167" [firmware/nnet_utils/nnet_mult.h:73->firmware/nnet_utils/nnet_dense_latency.h:42]   --->   Operation 540 'sub' 'mult_677' <Predicate = true> <Delay = 0.80> <CoreInst = "Adder">   --->   Core 1 'Adder' <Latency = 0> <II = 1> <Delay = 0.80> <FuncUnit> <Opcode : 'add' 'sub'> <InPorts = 2> <OutPorts = 1>
ST_1 : Operation 541 [1/1] (0.00ns)   --->   "%sext_ln17_462 = sext i20 %mult_677" [firmware/nnet_utils/nnet_dense_latency.h:17]   --->   Operation 541 'sext' 'sext_ln17_462' <Predicate = true> <Delay = 0.00>
ST_1 : Operation 542 [1/1] (0.80ns)   --->   "%add_ln17_14 = add i20 %sext_ln73_167, i20 %sext_ln73_91" [firmware/nnet_utils/nnet_dense_latency.h:17]   --->   Operation 542 'add' 'add_ln17_14' <Predicate = true> <Delay = 0.80> <CoreInst = "Adder">   --->   Core 1 'Adder' <Latency = 0> <II = 1> <Delay = 0.80> <FuncUnit> <Opcode : 'add' 'sub'> <InPorts = 2> <OutPorts = 1>
ST_1 : Operation 543 [1/1] (0.79ns)   --->   "%mult_678 = sub i19 0, i19 %sext_ln42" [firmware/nnet_utils/nnet_mult.h:73->firmware/nnet_utils/nnet_dense_latency.h:42]   --->   Operation 543 'sub' 'mult_678' <Predicate = true> <Delay = 0.79> <CoreInst = "Adder">   --->   Core 1 'Adder' <Latency = 0> <II = 1> <Delay = 0.79> <FuncUnit> <Opcode : 'add' 'sub'> <InPorts = 2> <OutPorts = 1>
ST_1 : Operation 544 [1/1] (0.00ns)   --->   "%sext_ln17_463 = sext i19 %mult_678" [firmware/nnet_utils/nnet_dense_latency.h:17]   --->   Operation 544 'sext' 'sext_ln17_463' <Predicate = true> <Delay = 0.00>
ST_1 : Operation 545 [1/1] (0.00ns)   --->   "%a_12 = partselect i16 @_ssdm_op_PartSelect.i16.i256.i32.i32, i256 %data_val_read, i32 192, i32 207"   --->   Operation 545 'partselect' 'a_12' <Predicate = true> <Delay = 0.00>
ST_1 : Operation 546 [1/1] (0.00ns)   --->   "%sext_ln73_92 = sext i16 %a_12" [firmware/nnet_utils/nnet_mult.h:73->firmware/nnet_utils/nnet_dense_latency.h:42]   --->   Operation 546 'sext' 'sext_ln73_92' <Predicate = true> <Delay = 0.00>
ST_1 : Operation 547 [1/1] (0.00ns)   --->   "%sext_ln73_93 = sext i16 %a_12" [firmware/nnet_utils/nnet_mult.h:73->firmware/nnet_utils/nnet_dense_latency.h:42]   --->   Operation 547 'sext' 'sext_ln73_93' <Predicate = true> <Delay = 0.00>
ST_1 : Operation 548 [1/1] (0.00ns)   --->   "%sext_ln73_94 = sext i16 %a_12" [firmware/nnet_utils/nnet_mult.h:73->firmware/nnet_utils/nnet_dense_latency.h:42]   --->   Operation 548 'sext' 'sext_ln73_94' <Predicate = true> <Delay = 0.00>
ST_1 : Operation 549 [1/1] (0.00ns)   --->   "%sext_ln73_95 = sext i16 %a_12" [firmware/nnet_utils/nnet_mult.h:73->firmware/nnet_utils/nnet_dense_latency.h:42]   --->   Operation 549 'sext' 'sext_ln73_95' <Predicate = true> <Delay = 0.00>
ST_1 : Operation 550 [1/1] (0.00ns)   --->   "%sext_ln73_96 = sext i16 %a_12" [firmware/nnet_utils/nnet_mult.h:73->firmware/nnet_utils/nnet_dense_latency.h:42]   --->   Operation 550 'sext' 'sext_ln73_96' <Predicate = true> <Delay = 0.00>
ST_1 : Operation 551 [1/1] (0.00ns)   --->   "%tmp_1037 = bitconcatenate i17 @_ssdm_op_BitConcatenate.i17.i16.i1, i16 %a_12, i1 0" [firmware/nnet_utils/nnet_mult.h:73->firmware/nnet_utils/nnet_dense_latency.h:42]   --->   Operation 551 'bitconcatenate' 'tmp_1037' <Predicate = true> <Delay = 0.00>
ST_1 : Operation 552 [1/1] (0.00ns)   --->   "%sext_ln73_171 = sext i17 %tmp_1037" [firmware/nnet_utils/nnet_mult.h:73->firmware/nnet_utils/nnet_dense_latency.h:42]   --->   Operation 552 'sext' 'sext_ln73_171' <Predicate = true> <Delay = 0.00>
ST_1 : Operation 553 [1/1] (0.79ns)   --->   "%mult_679 = sub i18 0, i18 %sext_ln73_171" [firmware/nnet_utils/nnet_mult.h:73->firmware/nnet_utils/nnet_dense_latency.h:42]   --->   Operation 553 'sub' 'mult_679' <Predicate = true> <Delay = 0.79> <CoreInst = "Adder">   --->   Core 1 'Adder' <Latency = 0> <II = 1> <Delay = 0.79> <FuncUnit> <Opcode : 'add' 'sub'> <InPorts = 2> <OutPorts = 1>
ST_1 : Operation 554 [1/1] (0.00ns)   --->   "%sext_ln17_464 = sext i18 %mult_679" [firmware/nnet_utils/nnet_dense_latency.h:17]   --->   Operation 554 'sext' 'sext_ln17_464' <Predicate = true> <Delay = 0.00>
ST_1 : Operation 555 [1/1] (0.00ns)   --->   "%sext_ln17_465 = sext i18 %mult_679" [firmware/nnet_utils/nnet_dense_latency.h:17]   --->   Operation 555 'sext' 'sext_ln17_465' <Predicate = true> <Delay = 0.00>
ST_1 : Operation 556 [1/1] (0.00ns)   --->   "%sext_ln17_466 = sext i18 %mult_679" [firmware/nnet_utils/nnet_dense_latency.h:17]   --->   Operation 556 'sext' 'sext_ln17_466' <Predicate = true> <Delay = 0.00>
ST_1 : Operation 557 [1/1] (0.00ns)   --->   "%mult_681 = bitconcatenate i18 @_ssdm_op_BitConcatenate.i18.i16.i2, i16 %a_12, i2 0" [firmware/nnet_utils/nnet_mult.h:73->firmware/nnet_utils/nnet_dense_latency.h:42]   --->   Operation 557 'bitconcatenate' 'mult_681' <Predicate = true> <Delay = 0.00>
ST_1 : Operation 558 [1/1] (0.00ns)   --->   "%sext_ln17_467 = sext i18 %mult_681" [firmware/nnet_utils/nnet_dense_latency.h:17]   --->   Operation 558 'sext' 'sext_ln17_467' <Predicate = true> <Delay = 0.00>
ST_1 : Operation 559 [1/1] (0.79ns)   --->   "%mult_682 = sub i19 0, i19 %sext_ln17_467" [firmware/nnet_utils/nnet_mult.h:73->firmware/nnet_utils/nnet_dense_latency.h:42]   --->   Operation 559 'sub' 'mult_682' <Predicate = true> <Delay = 0.79> <CoreInst = "Adder">   --->   Core 1 'Adder' <Latency = 0> <II = 1> <Delay = 0.79> <FuncUnit> <Opcode : 'add' 'sub'> <InPorts = 2> <OutPorts = 1>
ST_1 : Operation 560 [1/1] (0.00ns)   --->   "%tmp_1038 = bitconcatenate i19 @_ssdm_op_BitConcatenate.i19.i16.i3, i16 %a_12, i3 0" [firmware/nnet_utils/nnet_mult.h:73->firmware/nnet_utils/nnet_dense_latency.h:42]   --->   Operation 560 'bitconcatenate' 'tmp_1038' <Predicate = true> <Delay = 0.00>
ST_1 : Operation 561 [1/1] (0.00ns)   --->   "%sext_ln73_172 = sext i19 %tmp_1038" [firmware/nnet_utils/nnet_mult.h:73->firmware/nnet_utils/nnet_dense_latency.h:42]   --->   Operation 561 'sext' 'sext_ln73_172' <Predicate = true> <Delay = 0.00>
ST_1 : Operation 562 [1/1] (0.00ns)   --->   "%sext_ln73_173 = sext i17 %tmp_1037" [firmware/nnet_utils/nnet_mult.h:73->firmware/nnet_utils/nnet_dense_latency.h:42]   --->   Operation 562 'sext' 'sext_ln73_173' <Predicate = true> <Delay = 0.00>
ST_1 : Operation 563 [1/1] (0.80ns)   --->   "%mult_683 = sub i20 %sext_ln73_172, i20 %sext_ln73_173" [firmware/nnet_utils/nnet_mult.h:73->firmware/nnet_utils/nnet_dense_latency.h:42]   --->   Operation 563 'sub' 'mult_683' <Predicate = true> <Delay = 0.80> <CoreInst = "Adder">   --->   Core 1 'Adder' <Latency = 0> <II = 1> <Delay = 0.80> <FuncUnit> <Opcode : 'add' 'sub'> <InPorts = 2> <OutPorts = 1>
ST_1 : Operation 564 [1/1] (0.00ns)   --->   "%trunc_ln17_19 = trunc i20 %mult_683" [firmware/nnet_utils/nnet_dense_latency.h:17]   --->   Operation 564 'trunc' 'trunc_ln17_19' <Predicate = true> <Delay = 0.00>
ST_1 : Operation 565 [1/1] (0.80ns)   --->   "%sub_ln17_15 = sub i19 %mult_682, i19 %sext_ln73_95" [firmware/nnet_utils/nnet_dense_latency.h:17]   --->   Operation 565 'sub' 'sub_ln17_15' <Predicate = true> <Delay = 0.80> <CoreInst = "Adder">   --->   Core 1 'Adder' <Latency = 0> <II = 1> <Delay = 0.80> <FuncUnit> <Opcode : 'add' 'sub'> <InPorts = 2> <OutPorts = 1>
ST_1 : Operation 566 [1/1] (0.00ns) (grouped into TernaryAdder)   --->   "%add_ln17_15 = add i20 %sext_ln73_172, i20 %sext_ln73_173" [firmware/nnet_utils/nnet_dense_latency.h:17]   --->   Operation 566 'add' 'add_ln17_15' <Predicate = true> <Delay = 0.00> <CoreInst = "TAddSub">   --->   Core 10 'TAddSub' <Latency = 0> <II = 1> <Delay = 0.34> <IPBlock> <Opcode : '' 'add' 'sub'> <InPorts = 3> <OutPorts = 1> <Sync> <CReg>
ST_1 : Operation 567 [1/1] (0.00ns)   --->   "%sext_ln73_174 = sext i18 %mult_681" [firmware/nnet_utils/nnet_mult.h:73->firmware/nnet_utils/nnet_dense_latency.h:42]   --->   Operation 567 'sext' 'sext_ln73_174' <Predicate = true> <Delay = 0.00>
ST_1 : Operation 568 [1/1] (0.79ns)   --->   "%mult_684 = add i20 %sext_ln73_174, i20 %sext_ln73_94" [firmware/nnet_utils/nnet_mult.h:73->firmware/nnet_utils/nnet_dense_latency.h:42]   --->   Operation 568 'add' 'mult_684' <Predicate = true> <Delay = 0.79> <CoreInst = "Adder">   --->   Core 1 'Adder' <Latency = 0> <II = 1> <Delay = 0.79> <FuncUnit> <Opcode : 'add' 'sub'> <InPorts = 2> <OutPorts = 1>
ST_1 : Operation 569 [1/1] (0.00ns)   --->   "%trunc_ln17_20 = trunc i20 %mult_684" [firmware/nnet_utils/nnet_dense_latency.h:17]   --->   Operation 569 'trunc' 'trunc_ln17_20' <Predicate = true> <Delay = 0.00>
ST_1 : Operation 570 [1/1] (0.00ns)   --->   "%tmp_1039 = bitconcatenate i20 @_ssdm_op_BitConcatenate.i20.i16.i4, i16 %a_12, i4 0" [firmware/nnet_utils/nnet_mult.h:73->firmware/nnet_utils/nnet_dense_latency.h:42]   --->   Operation 570 'bitconcatenate' 'tmp_1039' <Predicate = true> <Delay = 0.00>
ST_1 : Operation 571 [1/1] (0.00ns)   --->   "%sext_ln73_175 = sext i20 %tmp_1039" [firmware/nnet_utils/nnet_mult.h:73->firmware/nnet_utils/nnet_dense_latency.h:42]   --->   Operation 571 'sext' 'sext_ln73_175' <Predicate = true> <Delay = 0.00>
ST_1 : Operation 572 [1/1] (0.00ns)   --->   "%sext_ln73_176 = sext i18 %mult_681" [firmware/nnet_utils/nnet_mult.h:73->firmware/nnet_utils/nnet_dense_latency.h:42]   --->   Operation 572 'sext' 'sext_ln73_176' <Predicate = true> <Delay = 0.00>
ST_1 : Operation 573 [1/1] (0.80ns)   --->   "%mult_685 = sub i21 %sext_ln73_176, i21 %sext_ln73_175" [firmware/nnet_utils/nnet_mult.h:73->firmware/nnet_utils/nnet_dense_latency.h:42]   --->   Operation 573 'sub' 'mult_685' <Predicate = true> <Delay = 0.80> <CoreInst = "Adder">   --->   Core 1 'Adder' <Latency = 0> <II = 1> <Delay = 0.80> <FuncUnit> <Opcode : 'add' 'sub'> <InPorts = 2> <OutPorts = 1>
ST_1 : Operation 574 [1/1] (1.94ns)   --->   "%mul_ln17_10 = mul i20 %sext_ln73_94, i20 11" [firmware/nnet_utils/nnet_dense_latency.h:17]   --->   Operation 574 'mul' 'mul_ln17_10' <Predicate = true> <Delay = 1.94> <CoreInst = "Multiplier">   --->   Core 3 'Multiplier' <Latency = 0> <II = 1> <Delay = 1.94> <FuncUnit> <Opcode : 'mul'> <InPorts = 2> <OutPorts = 1>
ST_1 : Operation 575 [1/1] (0.80ns)   --->   "%mult_686 = sub i20 %sext_ln73_173, i20 %sext_ln73_172" [firmware/nnet_utils/nnet_mult.h:73->firmware/nnet_utils/nnet_dense_latency.h:42]   --->   Operation 575 'sub' 'mult_686' <Predicate = true> <Delay = 0.80> <CoreInst = "Adder">   --->   Core 1 'Adder' <Latency = 0> <II = 1> <Delay = 0.80> <FuncUnit> <Opcode : 'add' 'sub'> <InPorts = 2> <OutPorts = 1>
ST_1 : Operation 576 [1/1] (0.00ns)   --->   "%sext_ln73_177 = sext i19 %tmp_1038" [firmware/nnet_utils/nnet_mult.h:73->firmware/nnet_utils/nnet_dense_latency.h:42]   --->   Operation 576 'sext' 'sext_ln73_177' <Predicate = true> <Delay = 0.00>
ST_1 : Operation 577 [1/1] (0.00ns) (grouped into TernaryAdder)   --->   "%sub_ln73_764 = sub i21 0, i21 %sext_ln73_177" [firmware/nnet_utils/nnet_mult.h:73->firmware/nnet_utils/nnet_dense_latency.h:42]   --->   Operation 577 'sub' 'sub_ln73_764' <Predicate = true> <Delay = 0.00> <CoreInst = "TAddSub">   --->   Core 10 'TAddSub' <Latency = 0> <II = 1> <Delay = 0.34> <IPBlock> <Opcode : '' 'add' 'sub'> <InPorts = 3> <OutPorts = 1> <Sync> <CReg>
ST_1 : Operation 578 [1/1] (0.69ns) (root node of TernaryAdder)   --->   "%mult_687 = sub i21 %sub_ln73_764, i21 %sext_ln73_93" [firmware/nnet_utils/nnet_mult.h:73->firmware/nnet_utils/nnet_dense_latency.h:42]   --->   Operation 578 'sub' 'mult_687' <Predicate = true> <Delay = 0.69> <CoreInst = "TAddSub">   --->   Core 10 'TAddSub' <Latency = 0> <II = 1> <Delay = 0.34> <IPBlock> <Opcode : '' 'add' 'sub'> <InPorts = 3> <OutPorts = 1> <Sync> <CReg>
ST_1 : Operation 579 [1/1] (0.00ns)   --->   "%trunc_ln17_21 = trunc i21 %mult_687" [firmware/nnet_utils/nnet_dense_latency.h:17]   --->   Operation 579 'trunc' 'trunc_ln17_21' <Predicate = true> <Delay = 0.00>
ST_1 : Operation 580 [1/1] (0.78ns)   --->   "%mult_688 = sub i17 0, i17 %sext_ln73_92" [firmware/nnet_utils/nnet_mult.h:73->firmware/nnet_utils/nnet_dense_latency.h:42]   --->   Operation 580 'sub' 'mult_688' <Predicate = true> <Delay = 0.78> <CoreInst = "Adder">   --->   Core 1 'Adder' <Latency = 0> <II = 1> <Delay = 0.78> <FuncUnit> <Opcode : 'add' 'sub'> <InPorts = 2> <OutPorts = 1>
ST_1 : Operation 581 [1/1] (0.00ns)   --->   "%sext_ln17_468 = sext i17 %mult_688" [firmware/nnet_utils/nnet_dense_latency.h:17]   --->   Operation 581 'sext' 'sext_ln17_468' <Predicate = true> <Delay = 0.00>
ST_1 : Operation 582 [1/1] (0.00ns)   --->   "%sext_ln17_469 = sext i17 %mult_688" [firmware/nnet_utils/nnet_dense_latency.h:17]   --->   Operation 582 'sext' 'sext_ln17_469' <Predicate = true> <Delay = 0.00>
ST_1 : Operation 583 [1/1] (0.00ns)   --->   "%sext_ln17_470 = sext i17 %mult_688" [firmware/nnet_utils/nnet_dense_latency.h:17]   --->   Operation 583 'sext' 'sext_ln17_470' <Predicate = true> <Delay = 0.00>
ST_1 : Operation 584 [1/1] (0.00ns) (grouped into TernaryAdder)   --->   "%add_ln17_16 = add i20 %sext_ln73_172, i20 %sext_ln73_94" [firmware/nnet_utils/nnet_dense_latency.h:17]   --->   Operation 584 'add' 'add_ln17_16' <Predicate = true> <Delay = 0.00> <CoreInst = "TAddSub">   --->   Core 10 'TAddSub' <Latency = 0> <II = 1> <Delay = 0.34> <IPBlock> <Opcode : '' 'add' 'sub'> <InPorts = 3> <OutPorts = 1> <Sync> <CReg>
ST_1 : Operation 585 [1/1] (0.00ns) (grouped into TernaryAdder)   --->   "%mult_689 = sub i19 %sext_ln17_467, i19 %sext_ln73_95" [firmware/nnet_utils/nnet_mult.h:73->firmware/nnet_utils/nnet_dense_latency.h:42]   --->   Operation 585 'sub' 'mult_689' <Predicate = true> <Delay = 0.00> <CoreInst = "TAddSub">   --->   Core 10 'TAddSub' <Latency = 0> <II = 1> <Delay = 0.34> <IPBlock> <Opcode : '' 'add' 'sub'> <InPorts = 3> <OutPorts = 1> <Sync> <CReg>
ST_1 : Operation 586 [1/1] (0.00ns)   --->   "%sext_ln73_97 = sext i17 %tmp_1037" [firmware/nnet_utils/nnet_mult.h:73->firmware/nnet_utils/nnet_dense_latency.h:42]   --->   Operation 586 'sext' 'sext_ln73_97' <Predicate = true> <Delay = 0.00>
ST_1 : Operation 587 [1/1] (0.80ns)   --->   "%mult_690 = sub i20 %sext_ln73_94, i20 %sext_ln73_172" [firmware/nnet_utils/nnet_mult.h:73->firmware/nnet_utils/nnet_dense_latency.h:42]   --->   Operation 587 'sub' 'mult_690' <Predicate = true> <Delay = 0.80> <CoreInst = "Adder">   --->   Core 1 'Adder' <Latency = 0> <II = 1> <Delay = 0.80> <FuncUnit> <Opcode : 'add' 'sub'> <InPorts = 2> <OutPorts = 1>
ST_1 : Operation 588 [1/1] (0.00ns)   --->   "%sext_ln17_471 = sext i20 %mult_690" [firmware/nnet_utils/nnet_dense_latency.h:17]   --->   Operation 588 'sext' 'sext_ln17_471' <Predicate = true> <Delay = 0.00>
ST_1 : Operation 589 [1/1] (0.00ns)   --->   "%a_13 = partselect i16 @_ssdm_op_PartSelect.i16.i256.i32.i32, i256 %data_val_read, i32 208, i32 223"   --->   Operation 589 'partselect' 'a_13' <Predicate = true> <Delay = 0.00>
ST_1 : Operation 590 [1/1] (0.00ns)   --->   "%sext_ln17_472 = sext i16 %a_13" [firmware/nnet_utils/nnet_dense_latency.h:17]   --->   Operation 590 'sext' 'sext_ln17_472' <Predicate = true> <Delay = 0.00>
ST_1 : Operation 591 [1/1] (0.00ns)   --->   "%sext_ln73_98 = sext i16 %a_13" [firmware/nnet_utils/nnet_mult.h:73->firmware/nnet_utils/nnet_dense_latency.h:42]   --->   Operation 591 'sext' 'sext_ln73_98' <Predicate = true> <Delay = 0.00>
ST_1 : Operation 592 [1/1] (0.00ns)   --->   "%sext_ln73_99 = sext i16 %a_13" [firmware/nnet_utils/nnet_mult.h:73->firmware/nnet_utils/nnet_dense_latency.h:42]   --->   Operation 592 'sext' 'sext_ln73_99' <Predicate = true> <Delay = 0.00>
ST_1 : Operation 593 [1/1] (0.00ns)   --->   "%sext_ln73_100 = sext i16 %a_13" [firmware/nnet_utils/nnet_mult.h:73->firmware/nnet_utils/nnet_dense_latency.h:42]   --->   Operation 593 'sext' 'sext_ln73_100' <Predicate = true> <Delay = 0.00>
ST_1 : Operation 594 [1/1] (0.00ns)   --->   "%mult_695 = bitconcatenate i18 @_ssdm_op_BitConcatenate.i18.i16.i2, i16 %a_13, i2 0" [firmware/nnet_utils/nnet_mult.h:73->firmware/nnet_utils/nnet_dense_latency.h:42]   --->   Operation 594 'bitconcatenate' 'mult_695' <Predicate = true> <Delay = 0.00>
ST_1 : Operation 595 [1/1] (0.00ns)   --->   "%sext_ln73_178 = sext i18 %mult_695" [firmware/nnet_utils/nnet_mult.h:73->firmware/nnet_utils/nnet_dense_latency.h:42]   --->   Operation 595 'sext' 'sext_ln73_178' <Predicate = true> <Delay = 0.00>
ST_1 : Operation 596 [1/1] (0.79ns)   --->   "%mult_691 = sub i19 %sext_ln73_100, i19 %sext_ln73_178" [firmware/nnet_utils/nnet_mult.h:73->firmware/nnet_utils/nnet_dense_latency.h:42]   --->   Operation 596 'sub' 'mult_691' <Predicate = true> <Delay = 0.79> <CoreInst = "Adder">   --->   Core 1 'Adder' <Latency = 0> <II = 1> <Delay = 0.79> <FuncUnit> <Opcode : 'add' 'sub'> <InPorts = 2> <OutPorts = 1>
ST_1 : Operation 597 [1/1] (0.00ns)   --->   "%sext_ln17_473 = sext i19 %mult_691" [firmware/nnet_utils/nnet_dense_latency.h:17]   --->   Operation 597 'sext' 'sext_ln17_473' <Predicate = true> <Delay = 0.00>
ST_1 : Operation 598 [1/1] (0.00ns)   --->   "%sext_ln17_474 = sext i19 %mult_691" [firmware/nnet_utils/nnet_dense_latency.h:17]   --->   Operation 598 'sext' 'sext_ln17_474' <Predicate = true> <Delay = 0.00>
ST_1 : Operation 599 [1/1] (0.78ns)   --->   "%mult_692 = sub i17 0, i17 %sext_ln73_99" [firmware/nnet_utils/nnet_mult.h:73->firmware/nnet_utils/nnet_dense_latency.h:42]   --->   Operation 599 'sub' 'mult_692' <Predicate = true> <Delay = 0.78> <CoreInst = "Adder">   --->   Core 1 'Adder' <Latency = 0> <II = 1> <Delay = 0.78> <FuncUnit> <Opcode : 'add' 'sub'> <InPorts = 2> <OutPorts = 1>
ST_1 : Operation 600 [1/1] (0.00ns)   --->   "%sext_ln17_475 = sext i17 %mult_692" [firmware/nnet_utils/nnet_dense_latency.h:17]   --->   Operation 600 'sext' 'sext_ln17_475' <Predicate = true> <Delay = 0.00>
ST_1 : Operation 601 [1/1] (0.00ns)   --->   "%sext_ln17_476 = sext i17 %mult_692" [firmware/nnet_utils/nnet_dense_latency.h:17]   --->   Operation 601 'sext' 'sext_ln17_476' <Predicate = true> <Delay = 0.00>
ST_1 : Operation 602 [1/1] (0.00ns)   --->   "%sext_ln17_477 = sext i17 %mult_692" [firmware/nnet_utils/nnet_dense_latency.h:17]   --->   Operation 602 'sext' 'sext_ln17_477' <Predicate = true> <Delay = 0.00>
ST_1 : Operation 603 [1/1] (0.79ns)   --->   "%mult_694 = sub i19 %sext_ln73_178, i19 %sext_ln73_100" [firmware/nnet_utils/nnet_mult.h:73->firmware/nnet_utils/nnet_dense_latency.h:42]   --->   Operation 603 'sub' 'mult_694' <Predicate = true> <Delay = 0.79> <CoreInst = "Adder">   --->   Core 1 'Adder' <Latency = 0> <II = 1> <Delay = 0.79> <FuncUnit> <Opcode : 'add' 'sub'> <InPorts = 2> <OutPorts = 1>
ST_1 : Operation 604 [1/1] (0.00ns)   --->   "%sext_ln17_478 = sext i19 %mult_694" [firmware/nnet_utils/nnet_dense_latency.h:17]   --->   Operation 604 'sext' 'sext_ln17_478' <Predicate = true> <Delay = 0.00>
ST_1 : Operation 605 [1/1] (0.00ns)   --->   "%sext_ln17_479 = sext i18 %mult_695" [firmware/nnet_utils/nnet_dense_latency.h:17]   --->   Operation 605 'sext' 'sext_ln17_479' <Predicate = true> <Delay = 0.00>
ST_1 : Operation 606 [1/1] (0.79ns)   --->   "%mult_696 = sub i19 0, i19 %sext_ln73_178" [firmware/nnet_utils/nnet_mult.h:73->firmware/nnet_utils/nnet_dense_latency.h:42]   --->   Operation 606 'sub' 'mult_696' <Predicate = true> <Delay = 0.79> <CoreInst = "Adder">   --->   Core 1 'Adder' <Latency = 0> <II = 1> <Delay = 0.79> <FuncUnit> <Opcode : 'add' 'sub'> <InPorts = 2> <OutPorts = 1>
ST_1 : Operation 607 [1/1] (0.00ns)   --->   "%sext_ln17_480 = sext i19 %mult_696" [firmware/nnet_utils/nnet_dense_latency.h:17]   --->   Operation 607 'sext' 'sext_ln17_480' <Predicate = true> <Delay = 0.00>
ST_1 : Operation 608 [1/1] (0.00ns)   --->   "%mult_697 = bitconcatenate i17 @_ssdm_op_BitConcatenate.i17.i16.i1, i16 %a_13, i1 0" [firmware/nnet_utils/nnet_mult.h:73->firmware/nnet_utils/nnet_dense_latency.h:42]   --->   Operation 608 'bitconcatenate' 'mult_697' <Predicate = true> <Delay = 0.00>
ST_1 : Operation 609 [1/1] (0.00ns)   --->   "%sext_ln17_481 = sext i17 %mult_697" [firmware/nnet_utils/nnet_dense_latency.h:17]   --->   Operation 609 'sext' 'sext_ln17_481' <Predicate = true> <Delay = 0.00>
ST_1 : Operation 610 [1/1] (0.00ns)   --->   "%sext_ln17_482 = sext i17 %mult_697" [firmware/nnet_utils/nnet_dense_latency.h:17]   --->   Operation 610 'sext' 'sext_ln17_482' <Predicate = true> <Delay = 0.00>
ST_1 : Operation 611 [1/1] (0.00ns)   --->   "%sext_ln17_483 = sext i17 %mult_697" [firmware/nnet_utils/nnet_dense_latency.h:17]   --->   Operation 611 'sext' 'sext_ln17_483' <Predicate = true> <Delay = 0.00>
ST_1 : Operation 612 [1/1] (0.00ns)   --->   "%sext_ln17_484 = sext i17 %mult_697" [firmware/nnet_utils/nnet_dense_latency.h:17]   --->   Operation 612 'sext' 'sext_ln17_484' <Predicate = true> <Delay = 0.00>
ST_1 : Operation 613 [1/1] (0.00ns)   --->   "%mult_702 = bitconcatenate i19 @_ssdm_op_BitConcatenate.i19.i16.i3, i16 %a_13, i3 0" [firmware/nnet_utils/nnet_mult.h:73->firmware/nnet_utils/nnet_dense_latency.h:42]   --->   Operation 613 'bitconcatenate' 'mult_702' <Predicate = true> <Delay = 0.00>
ST_1 : Operation 614 [1/1] (0.00ns)   --->   "%sext_ln73_179 = sext i19 %mult_702" [firmware/nnet_utils/nnet_mult.h:73->firmware/nnet_utils/nnet_dense_latency.h:42]   --->   Operation 614 'sext' 'sext_ln73_179' <Predicate = true> <Delay = 0.00>
ST_1 : Operation 615 [1/1] (0.80ns)   --->   "%mult_698 = sub i20 %sext_ln73_179, i20 %sext_ln17_482" [firmware/nnet_utils/nnet_mult.h:73->firmware/nnet_utils/nnet_dense_latency.h:42]   --->   Operation 615 'sub' 'mult_698' <Predicate = true> <Delay = 0.80> <CoreInst = "Adder">   --->   Core 1 'Adder' <Latency = 0> <II = 1> <Delay = 0.80> <FuncUnit> <Opcode : 'add' 'sub'> <InPorts = 2> <OutPorts = 1>
ST_1 : Operation 616 [1/1] (0.00ns)   --->   "%sext_ln17_485 = sext i20 %mult_698" [firmware/nnet_utils/nnet_dense_latency.h:17]   --->   Operation 616 'sext' 'sext_ln17_485' <Predicate = true> <Delay = 0.00>
ST_1 : Operation 617 [1/1] (0.80ns)   --->   "%mult_699 = sub i20 %sext_ln73_179, i20 %sext_ln17_472" [firmware/nnet_utils/nnet_mult.h:73->firmware/nnet_utils/nnet_dense_latency.h:42]   --->   Operation 617 'sub' 'mult_699' <Predicate = true> <Delay = 0.80> <CoreInst = "Adder">   --->   Core 1 'Adder' <Latency = 0> <II = 1> <Delay = 0.80> <FuncUnit> <Opcode : 'add' 'sub'> <InPorts = 2> <OutPorts = 1>
ST_1 : Operation 618 [1/1] (0.00ns)   --->   "%sext_ln17_486 = sext i20 %mult_699" [firmware/nnet_utils/nnet_dense_latency.h:17]   --->   Operation 618 'sext' 'sext_ln17_486' <Predicate = true> <Delay = 0.00>
ST_1 : Operation 619 [1/1] (0.79ns)   --->   "%mult_700 = sub i18 0, i18 %sext_ln17_484" [firmware/nnet_utils/nnet_mult.h:73->firmware/nnet_utils/nnet_dense_latency.h:42]   --->   Operation 619 'sub' 'mult_700' <Predicate = true> <Delay = 0.79> <CoreInst = "Adder">   --->   Core 1 'Adder' <Latency = 0> <II = 1> <Delay = 0.79> <FuncUnit> <Opcode : 'add' 'sub'> <InPorts = 2> <OutPorts = 1>
ST_1 : Operation 620 [1/1] (0.00ns)   --->   "%sext_ln17_487 = sext i18 %mult_700" [firmware/nnet_utils/nnet_dense_latency.h:17]   --->   Operation 620 'sext' 'sext_ln17_487' <Predicate = true> <Delay = 0.00>
ST_1 : Operation 621 [1/1] (0.00ns)   --->   "%sext_ln17_488 = sext i18 %mult_700" [firmware/nnet_utils/nnet_dense_latency.h:17]   --->   Operation 621 'sext' 'sext_ln17_488' <Predicate = true> <Delay = 0.00>
ST_1 : Operation 622 [1/1] (0.00ns)   --->   "%sext_ln73_180 = sext i18 %mult_695" [firmware/nnet_utils/nnet_mult.h:73->firmware/nnet_utils/nnet_dense_latency.h:42]   --->   Operation 622 'sext' 'sext_ln73_180' <Predicate = true> <Delay = 0.00>
ST_1 : Operation 623 [1/1] (0.79ns)   --->   "%mult_701 = add i20 %sext_ln73_180, i20 %sext_ln17_472" [firmware/nnet_utils/nnet_mult.h:73->firmware/nnet_utils/nnet_dense_latency.h:42]   --->   Operation 623 'add' 'mult_701' <Predicate = true> <Delay = 0.79> <CoreInst = "Adder">   --->   Core 1 'Adder' <Latency = 0> <II = 1> <Delay = 0.79> <FuncUnit> <Opcode : 'add' 'sub'> <InPorts = 2> <OutPorts = 1>
ST_1 : Operation 624 [1/1] (0.00ns)   --->   "%sext_ln17_489 = sext i20 %mult_701" [firmware/nnet_utils/nnet_dense_latency.h:17]   --->   Operation 624 'sext' 'sext_ln17_489' <Predicate = true> <Delay = 0.00>
ST_1 : Operation 625 [1/1] (0.00ns)   --->   "%sext_ln17_490 = sext i19 %mult_702" [firmware/nnet_utils/nnet_dense_latency.h:17]   --->   Operation 625 'sext' 'sext_ln17_490' <Predicate = true> <Delay = 0.00>
ST_1 : Operation 626 [1/1] (0.80ns)   --->   "%mult_703 = sub i20 %sext_ln17_472, i20 %sext_ln73_179" [firmware/nnet_utils/nnet_mult.h:73->firmware/nnet_utils/nnet_dense_latency.h:42]   --->   Operation 626 'sub' 'mult_703' <Predicate = true> <Delay = 0.80> <CoreInst = "Adder">   --->   Core 1 'Adder' <Latency = 0> <II = 1> <Delay = 0.80> <FuncUnit> <Opcode : 'add' 'sub'> <InPorts = 2> <OutPorts = 1>
ST_1 : Operation 627 [1/1] (0.00ns) (grouped into TernaryAdder)   --->   "%sub_ln17_16 = sub i20 0, i20 %sext_ln73_179" [firmware/nnet_utils/nnet_dense_latency.h:17]   --->   Operation 627 'sub' 'sub_ln17_16' <Predicate = true> <Delay = 0.00> <CoreInst = "TAddSub">   --->   Core 10 'TAddSub' <Latency = 0> <II = 1> <Delay = 0.34> <IPBlock> <Opcode : '' 'add' 'sub'> <InPorts = 3> <OutPorts = 1> <Sync> <CReg>
ST_1 : Operation 628 [1/1] (0.68ns) (root node of TernaryAdder)   --->   "%sub_ln17_17 = sub i20 %sub_ln17_16, i20 %sext_ln17_482" [firmware/nnet_utils/nnet_dense_latency.h:17]   --->   Operation 628 'sub' 'sub_ln17_17' <Predicate = true> <Delay = 0.68> <CoreInst = "TAddSub">   --->   Core 10 'TAddSub' <Latency = 0> <II = 1> <Delay = 0.34> <IPBlock> <Opcode : '' 'add' 'sub'> <InPorts = 3> <OutPorts = 1> <Sync> <CReg>
ST_1 : Operation 629 [1/1] (0.80ns)   --->   "%mult_704 = sub i20 %sext_ln17_482, i20 %sext_ln73_179" [firmware/nnet_utils/nnet_mult.h:73->firmware/nnet_utils/nnet_dense_latency.h:42]   --->   Operation 629 'sub' 'mult_704' <Predicate = true> <Delay = 0.80> <CoreInst = "Adder">   --->   Core 1 'Adder' <Latency = 0> <II = 1> <Delay = 0.80> <FuncUnit> <Opcode : 'add' 'sub'> <InPorts = 2> <OutPorts = 1>
ST_1 : Operation 630 [1/1] (0.00ns)   --->   "%a_14 = partselect i16 @_ssdm_op_PartSelect.i16.i256.i32.i32, i256 %data_val_read, i32 224, i32 239"   --->   Operation 630 'partselect' 'a_14' <Predicate = true> <Delay = 0.00>
ST_1 : Operation 631 [1/1] (0.00ns)   --->   "%sext_ln73_14 = sext i16 %a_14" [firmware/nnet_utils/nnet_mult.h:73->firmware/nnet_utils/nnet_dense_latency.h:42]   --->   Operation 631 'sext' 'sext_ln73_14' <Predicate = true> <Delay = 0.00>
ST_1 : Operation 632 [1/1] (0.00ns)   --->   "%sext_ln73_101 = sext i16 %a_14" [firmware/nnet_utils/nnet_mult.h:73->firmware/nnet_utils/nnet_dense_latency.h:42]   --->   Operation 632 'sext' 'sext_ln73_101' <Predicate = true> <Delay = 0.00>
ST_1 : Operation 633 [1/1] (0.00ns)   --->   "%sext_ln73_102 = sext i16 %a_14" [firmware/nnet_utils/nnet_mult.h:73->firmware/nnet_utils/nnet_dense_latency.h:42]   --->   Operation 633 'sext' 'sext_ln73_102' <Predicate = true> <Delay = 0.00>
ST_1 : Operation 634 [1/1] (0.00ns)   --->   "%sext_ln73_104 = sext i16 %a_14" [firmware/nnet_utils/nnet_mult.h:73->firmware/nnet_utils/nnet_dense_latency.h:42]   --->   Operation 634 'sext' 'sext_ln73_104' <Predicate = true> <Delay = 0.00>
ST_1 : Operation 635 [1/1] (0.00ns)   --->   "%sext_ln73_105 = sext i16 %a_14" [firmware/nnet_utils/nnet_mult.h:73->firmware/nnet_utils/nnet_dense_latency.h:42]   --->   Operation 635 'sext' 'sext_ln73_105' <Predicate = true> <Delay = 0.00>
ST_1 : Operation 636 [1/1] (0.00ns)   --->   "%mult_709 = bitconcatenate i19 @_ssdm_op_BitConcatenate.i19.i16.i3, i16 %a_14, i3 0" [firmware/nnet_utils/nnet_mult.h:73->firmware/nnet_utils/nnet_dense_latency.h:42]   --->   Operation 636 'bitconcatenate' 'mult_709' <Predicate = true> <Delay = 0.00>
ST_1 : Operation 637 [1/1] (0.00ns)   --->   "%sext_ln73_181 = sext i19 %mult_709" [firmware/nnet_utils/nnet_mult.h:73->firmware/nnet_utils/nnet_dense_latency.h:42]   --->   Operation 637 'sext' 'sext_ln73_181' <Predicate = true> <Delay = 0.00>
ST_1 : Operation 638 [1/1] (0.00ns) (grouped into TernaryAdder)   --->   "%sub_ln73_778 = sub i21 0, i21 %sext_ln73_181" [firmware/nnet_utils/nnet_mult.h:73->firmware/nnet_utils/nnet_dense_latency.h:42]   --->   Operation 638 'sub' 'sub_ln73_778' <Predicate = true> <Delay = 0.00> <CoreInst = "TAddSub">   --->   Core 10 'TAddSub' <Latency = 0> <II = 1> <Delay = 0.34> <IPBlock> <Opcode : '' 'add' 'sub'> <InPorts = 3> <OutPorts = 1> <Sync> <CReg>
ST_1 : Operation 639 [1/1] (0.00ns)   --->   "%mult_711 = bitconcatenate i17 @_ssdm_op_BitConcatenate.i17.i16.i1, i16 %a_14, i1 0" [firmware/nnet_utils/nnet_mult.h:73->firmware/nnet_utils/nnet_dense_latency.h:42]   --->   Operation 639 'bitconcatenate' 'mult_711' <Predicate = true> <Delay = 0.00>
ST_1 : Operation 640 [1/1] (0.00ns)   --->   "%sext_ln73_182 = sext i17 %mult_711" [firmware/nnet_utils/nnet_mult.h:73->firmware/nnet_utils/nnet_dense_latency.h:42]   --->   Operation 640 'sext' 'sext_ln73_182' <Predicate = true> <Delay = 0.00>
ST_1 : Operation 641 [1/1] (0.69ns) (root node of TernaryAdder)   --->   "%mult_705 = sub i21 %sub_ln73_778, i21 %sext_ln73_182" [firmware/nnet_utils/nnet_mult.h:73->firmware/nnet_utils/nnet_dense_latency.h:42]   --->   Operation 641 'sub' 'mult_705' <Predicate = true> <Delay = 0.69> <CoreInst = "TAddSub">   --->   Core 10 'TAddSub' <Latency = 0> <II = 1> <Delay = 0.34> <IPBlock> <Opcode : '' 'add' 'sub'> <InPorts = 3> <OutPorts = 1> <Sync> <CReg>
ST_1 : Operation 642 [1/1] (0.00ns)   --->   "%trunc_ln17_22 = trunc i21 %mult_705" [firmware/nnet_utils/nnet_dense_latency.h:17]   --->   Operation 642 'trunc' 'trunc_ln17_22' <Predicate = true> <Delay = 0.00>
ST_1 : Operation 643 [1/1] (0.00ns)   --->   "%tmp_1044 = bitconcatenate i20 @_ssdm_op_BitConcatenate.i20.i16.i4, i16 %a_14, i4 0" [firmware/nnet_utils/nnet_dense_latency.h:17]   --->   Operation 643 'bitconcatenate' 'tmp_1044' <Predicate = true> <Delay = 0.00>
ST_1 : Operation 644 [1/1] (0.00ns)   --->   "%sext_ln17_491 = sext i20 %tmp_1044" [firmware/nnet_utils/nnet_dense_latency.h:17]   --->   Operation 644 'sext' 'sext_ln17_491' <Predicate = true> <Delay = 0.00>
ST_1 : Operation 645 [1/1] (0.00ns) (grouped into TernaryAdder)   --->   "%add_ln17_17 = add i21 %sext_ln17_491, i21 %sext_ln73_105" [firmware/nnet_utils/nnet_dense_latency.h:17]   --->   Operation 645 'add' 'add_ln17_17' <Predicate = true> <Delay = 0.00> <CoreInst = "TAddSub">   --->   Core 10 'TAddSub' <Latency = 0> <II = 1> <Delay = 0.34> <IPBlock> <Opcode : '' 'add' 'sub'> <InPorts = 3> <OutPorts = 1> <Sync> <CReg>
ST_1 : Operation 646 [1/1] (0.80ns)   --->   "%mult_706 = sub i21 %sext_ln17_491, i21 %sext_ln73_105" [firmware/nnet_utils/nnet_mult.h:73->firmware/nnet_utils/nnet_dense_latency.h:42]   --->   Operation 646 'sub' 'mult_706' <Predicate = true> <Delay = 0.80> <CoreInst = "Adder">   --->   Core 1 'Adder' <Latency = 0> <II = 1> <Delay = 0.80> <FuncUnit> <Opcode : 'add' 'sub'> <InPorts = 2> <OutPorts = 1>
ST_1 : Operation 647 [1/1] (0.00ns)   --->   "%mult_718 = bitconcatenate i18 @_ssdm_op_BitConcatenate.i18.i16.i2, i16 %a_14, i2 0" [firmware/nnet_utils/nnet_mult.h:73->firmware/nnet_utils/nnet_dense_latency.h:42]   --->   Operation 647 'bitconcatenate' 'mult_718' <Predicate = true> <Delay = 0.00>
ST_1 : Operation 648 [1/1] (0.00ns)   --->   "%sext_ln73_183 = sext i18 %mult_718" [firmware/nnet_utils/nnet_mult.h:73->firmware/nnet_utils/nnet_dense_latency.h:42]   --->   Operation 648 'sext' 'sext_ln73_183' <Predicate = true> <Delay = 0.00>
ST_1 : Operation 649 [1/1] (0.79ns)   --->   "%mult_707 = add i20 %sext_ln73_183, i20 %sext_ln73_104" [firmware/nnet_utils/nnet_mult.h:73->firmware/nnet_utils/nnet_dense_latency.h:42]   --->   Operation 649 'add' 'mult_707' <Predicate = true> <Delay = 0.79> <CoreInst = "Adder">   --->   Core 1 'Adder' <Latency = 0> <II = 1> <Delay = 0.79> <FuncUnit> <Opcode : 'add' 'sub'> <InPorts = 2> <OutPorts = 1>
ST_1 : Operation 650 [1/1] (1.94ns)   --->   "%mult_708 = mul i21 %sext_ln73_105, i21 13" [firmware/nnet_utils/nnet_mult.h:73->firmware/nnet_utils/nnet_dense_latency.h:42]   --->   Operation 650 'mul' 'mult_708' <Predicate = true> <Delay = 1.94> <CoreInst = "Multiplier">   --->   Core 3 'Multiplier' <Latency = 0> <II = 1> <Delay = 1.94> <FuncUnit> <Opcode : 'mul'> <InPorts = 2> <OutPorts = 1>
ST_1 : Operation 651 [1/1] (0.00ns)   --->   "%trunc_ln17_23 = trunc i21 %mult_708" [firmware/nnet_utils/nnet_dense_latency.h:17]   --->   Operation 651 'trunc' 'trunc_ln17_23' <Predicate = true> <Delay = 0.00>
ST_1 : Operation 652 [1/1] (0.00ns)   --->   "%sext_ln73_184 = sext i17 %mult_711" [firmware/nnet_utils/nnet_mult.h:73->firmware/nnet_utils/nnet_dense_latency.h:42]   --->   Operation 652 'sext' 'sext_ln73_184' <Predicate = true> <Delay = 0.00>
ST_1 : Operation 653 [1/1] (0.00ns)   --->   "%sext_ln17_492 = sext i19 %mult_709" [firmware/nnet_utils/nnet_dense_latency.h:17]   --->   Operation 653 'sext' 'sext_ln17_492' <Predicate = true> <Delay = 0.00>
ST_1 : Operation 654 [1/1] (0.00ns)   --->   "%tmp_1046 = bitconcatenate i21 @_ssdm_op_BitConcatenate.i21.i16.i5, i16 %a_14, i5 0" [firmware/nnet_utils/nnet_mult.h:73->firmware/nnet_utils/nnet_dense_latency.h:42]   --->   Operation 654 'bitconcatenate' 'tmp_1046' <Predicate = true> <Delay = 0.00>
ST_1 : Operation 655 [1/1] (0.00ns)   --->   "%sext_ln73_185 = sext i21 %tmp_1046" [firmware/nnet_utils/nnet_mult.h:73->firmware/nnet_utils/nnet_dense_latency.h:42]   --->   Operation 655 'sext' 'sext_ln73_185' <Predicate = true> <Delay = 0.00>
ST_1 : Operation 656 [1/1] (0.81ns)   --->   "%mult_710 = sub i22 %sext_ln73_185, i22 %sext_ln73_14" [firmware/nnet_utils/nnet_mult.h:73->firmware/nnet_utils/nnet_dense_latency.h:42]   --->   Operation 656 'sub' 'mult_710' <Predicate = true> <Delay = 0.81> <CoreInst = "Adder">   --->   Core 1 'Adder' <Latency = 0> <II = 1> <Delay = 0.81> <FuncUnit> <Opcode : 'add' 'sub'> <InPorts = 2> <OutPorts = 1>
ST_1 : Operation 657 [1/1] (1.94ns)   --->   "%mul_ln17_11 = mul i21 %sext_ln73_105, i21 25" [firmware/nnet_utils/nnet_dense_latency.h:17]   --->   Operation 657 'mul' 'mul_ln17_11' <Predicate = true> <Delay = 1.94> <CoreInst = "Multiplier">   --->   Core 3 'Multiplier' <Latency = 0> <II = 1> <Delay = 1.94> <FuncUnit> <Opcode : 'mul'> <InPorts = 2> <OutPorts = 1>
ST_1 : Operation 658 [1/1] (1.94ns)   --->   "%mul_ln17_12 = mul i21 %sext_ln73_105, i21 19" [firmware/nnet_utils/nnet_dense_latency.h:17]   --->   Operation 658 'mul' 'mul_ln17_12' <Predicate = true> <Delay = 1.94> <CoreInst = "Multiplier">   --->   Core 3 'Multiplier' <Latency = 0> <II = 1> <Delay = 1.94> <FuncUnit> <Opcode : 'mul'> <InPorts = 2> <OutPorts = 1>
ST_1 : Operation 659 [1/1] (0.00ns) (grouped into TernaryAdder)   --->   "%add_ln17_18 = add i20 %sext_ln17_492, i20 %sext_ln73_104" [firmware/nnet_utils/nnet_dense_latency.h:17]   --->   Operation 659 'add' 'add_ln17_18' <Predicate = true> <Delay = 0.00> <CoreInst = "TAddSub">   --->   Core 10 'TAddSub' <Latency = 0> <II = 1> <Delay = 0.34> <IPBlock> <Opcode : '' 'add' 'sub'> <InPorts = 3> <OutPorts = 1> <Sync> <CReg>
ST_1 : Operation 660 [1/1] (0.00ns)   --->   "%sext_ln73_186 = sext i17 %mult_711" [firmware/nnet_utils/nnet_mult.h:73->firmware/nnet_utils/nnet_dense_latency.h:42]   --->   Operation 660 'sext' 'sext_ln73_186' <Predicate = true> <Delay = 0.00>
ST_1 : Operation 661 [1/1] (0.00ns) (grouped into TernaryAdder)   --->   "%mult_712 = sub i20 %sext_ln73_186, i20 %sext_ln17_492" [firmware/nnet_utils/nnet_mult.h:73->firmware/nnet_utils/nnet_dense_latency.h:42]   --->   Operation 661 'sub' 'mult_712' <Predicate = true> <Delay = 0.00> <CoreInst = "TAddSub">   --->   Core 10 'TAddSub' <Latency = 0> <II = 1> <Delay = 0.34> <IPBlock> <Opcode : '' 'add' 'sub'> <InPorts = 3> <OutPorts = 1> <Sync> <CReg>
ST_1 : Operation 662 [1/1] (0.80ns)   --->   "%sub_ln17_18 = sub i20 0, i20 %sext_ln17_492" [firmware/nnet_utils/nnet_dense_latency.h:17]   --->   Operation 662 'sub' 'sub_ln17_18' <Predicate = true> <Delay = 0.80> <CoreInst = "Adder">   --->   Core 1 'Adder' <Latency = 0> <II = 1> <Delay = 0.80> <FuncUnit> <Opcode : 'add' 'sub'> <InPorts = 2> <OutPorts = 1>
ST_1 : Operation 663 [1/1] (0.00ns) (grouped into TernaryAdder)   --->   "%sub_ln17_19 = sub i20 %sub_ln17_18, i20 %sext_ln73_104" [firmware/nnet_utils/nnet_dense_latency.h:17]   --->   Operation 663 'sub' 'sub_ln17_19' <Predicate = true> <Delay = 0.00> <CoreInst = "TAddSub">   --->   Core 10 'TAddSub' <Latency = 0> <II = 1> <Delay = 0.34> <IPBlock> <Opcode : '' 'add' 'sub'> <InPorts = 3> <OutPorts = 1> <Sync> <CReg>
ST_1 : Operation 664 [1/1] (0.00ns) (grouped into TernaryAdder)   --->   "%sub_ln17_20 = sub i21 0, i21 %sext_ln17_491" [firmware/nnet_utils/nnet_dense_latency.h:17]   --->   Operation 664 'sub' 'sub_ln17_20' <Predicate = true> <Delay = 0.00> <CoreInst = "TAddSub">   --->   Core 10 'TAddSub' <Latency = 0> <II = 1> <Delay = 0.34> <IPBlock> <Opcode : '' 'add' 'sub'> <InPorts = 3> <OutPorts = 1> <Sync> <CReg>
ST_1 : Operation 665 [1/1] (0.69ns) (root node of TernaryAdder)   --->   "%sub_ln17_21 = sub i21 %sub_ln17_20, i21 %sext_ln73_182" [firmware/nnet_utils/nnet_dense_latency.h:17]   --->   Operation 665 'sub' 'sub_ln17_21' <Predicate = true> <Delay = 0.69> <CoreInst = "TAddSub">   --->   Core 10 'TAddSub' <Latency = 0> <II = 1> <Delay = 0.34> <IPBlock> <Opcode : '' 'add' 'sub'> <InPorts = 3> <OutPorts = 1> <Sync> <CReg>
ST_1 : Operation 666 [1/1] (1.94ns)   --->   "%mul_ln17_13 = mul i20 %sext_ln73_104, i20 11" [firmware/nnet_utils/nnet_dense_latency.h:17]   --->   Operation 666 'mul' 'mul_ln17_13' <Predicate = true> <Delay = 1.94> <CoreInst = "Multiplier">   --->   Core 3 'Multiplier' <Latency = 0> <II = 1> <Delay = 1.94> <FuncUnit> <Opcode : 'mul'> <InPorts = 2> <OutPorts = 1>
ST_1 : Operation 667 [1/1] (0.81ns)   --->   "%mult_713 = sub i22 %sext_ln73_14, i22 %sext_ln73_185" [firmware/nnet_utils/nnet_mult.h:73->firmware/nnet_utils/nnet_dense_latency.h:42]   --->   Operation 667 'sub' 'mult_713' <Predicate = true> <Delay = 0.81> <CoreInst = "Adder">   --->   Core 1 'Adder' <Latency = 0> <II = 1> <Delay = 0.81> <FuncUnit> <Opcode : 'add' 'sub'> <InPorts = 2> <OutPorts = 1>
ST_1 : Operation 668 [1/1] (1.94ns)   --->   "%mul_ln17_14 = mul i21 %sext_ln73_105, i21 21" [firmware/nnet_utils/nnet_dense_latency.h:17]   --->   Operation 668 'mul' 'mul_ln17_14' <Predicate = true> <Delay = 1.94> <CoreInst = "Multiplier">   --->   Core 3 'Multiplier' <Latency = 0> <II = 1> <Delay = 1.94> <FuncUnit> <Opcode : 'mul'> <InPorts = 2> <OutPorts = 1>
ST_1 : Operation 669 [1/1] (1.94ns)   --->   "%mul_ln17_15 = mul i21 %sext_ln73_105, i21 2097126" [firmware/nnet_utils/nnet_dense_latency.h:17]   --->   Operation 669 'mul' 'mul_ln17_15' <Predicate = true> <Delay = 1.94> <CoreInst = "Multiplier">   --->   Core 3 'Multiplier' <Latency = 0> <II = 1> <Delay = 1.94> <FuncUnit> <Opcode : 'mul'> <InPorts = 2> <OutPorts = 1>
ST_1 : Operation 670 [1/1] (0.00ns)   --->   "%sext_ln17_493 = sext i18 %mult_718" [firmware/nnet_utils/nnet_dense_latency.h:17]   --->   Operation 670 'sext' 'sext_ln17_493' <Predicate = true> <Delay = 0.00>
ST_1 : Operation 671 [1/1] (0.79ns)   --->   "%sub_ln17_22 = sub i19 0, i19 %sext_ln17_493" [firmware/nnet_utils/nnet_dense_latency.h:17]   --->   Operation 671 'sub' 'sub_ln17_22' <Predicate = true> <Delay = 0.79> <CoreInst = "Adder">   --->   Core 1 'Adder' <Latency = 0> <II = 1> <Delay = 0.79> <FuncUnit> <Opcode : 'add' 'sub'> <InPorts = 2> <OutPorts = 1>
ST_1 : Operation 672 [1/1] (0.00ns) (grouped into TernaryAdder)   --->   "%sub_ln17_23 = sub i19 %sub_ln17_22, i19 %sext_ln73_102" [firmware/nnet_utils/nnet_dense_latency.h:17]   --->   Operation 672 'sub' 'sub_ln17_23' <Predicate = true> <Delay = 0.00> <CoreInst = "TAddSub">   --->   Core 10 'TAddSub' <Latency = 0> <II = 1> <Delay = 0.34> <IPBlock> <Opcode : '' 'add' 'sub'> <InPorts = 3> <OutPorts = 1> <Sync> <CReg>
ST_1 : Operation 673 [1/1] (0.79ns)   --->   "%mult_714 = sub i19 %sext_ln73_102, i19 %sext_ln17_493" [firmware/nnet_utils/nnet_mult.h:73->firmware/nnet_utils/nnet_dense_latency.h:42]   --->   Operation 673 'sub' 'mult_714' <Predicate = true> <Delay = 0.79> <CoreInst = "Adder">   --->   Core 1 'Adder' <Latency = 0> <II = 1> <Delay = 0.79> <FuncUnit> <Opcode : 'add' 'sub'> <InPorts = 2> <OutPorts = 1>
ST_1 : Operation 674 [1/1] (0.00ns)   --->   "%sext_ln73_187 = sext i17 %mult_711" [firmware/nnet_utils/nnet_mult.h:73->firmware/nnet_utils/nnet_dense_latency.h:42]   --->   Operation 674 'sext' 'sext_ln73_187' <Predicate = true> <Delay = 0.00>
ST_1 : Operation 675 [1/1] (0.00ns) (grouped into TernaryAdder)   --->   "%mult_715 = sub i22 %sext_ln73_185, i22 %sext_ln73_187" [firmware/nnet_utils/nnet_mult.h:73->firmware/nnet_utils/nnet_dense_latency.h:42]   --->   Operation 675 'sub' 'mult_715' <Predicate = true> <Delay = 0.00> <CoreInst = "TAddSub">   --->   Core 10 'TAddSub' <Latency = 0> <II = 1> <Delay = 0.34> <IPBlock> <Opcode : '' 'add' 'sub'> <InPorts = 3> <OutPorts = 1> <Sync> <CReg>
ST_1 : Operation 676 [1/1] (1.94ns)   --->   "%mul_ln17_16 = mul i21 %sext_ln73_105, i21 29" [firmware/nnet_utils/nnet_dense_latency.h:17]   --->   Operation 676 'mul' 'mul_ln17_16' <Predicate = true> <Delay = 1.94> <CoreInst = "Multiplier">   --->   Core 3 'Multiplier' <Latency = 0> <II = 1> <Delay = 1.94> <FuncUnit> <Opcode : 'mul'> <InPorts = 2> <OutPorts = 1>
ST_1 : Operation 677 [1/1] (1.94ns)   --->   "%mul_ln17_17 = mul i21 %sext_ln73_105, i21 27" [firmware/nnet_utils/nnet_dense_latency.h:17]   --->   Operation 677 'mul' 'mul_ln17_17' <Predicate = true> <Delay = 1.94> <CoreInst = "Multiplier">   --->   Core 3 'Multiplier' <Latency = 0> <II = 1> <Delay = 1.94> <FuncUnit> <Opcode : 'mul'> <InPorts = 2> <OutPorts = 1>
ST_1 : Operation 678 [1/1] (1.94ns)   --->   "%mul_ln17_18 = mul i20 %sext_ln73_104, i20 1048563" [firmware/nnet_utils/nnet_dense_latency.h:17]   --->   Operation 678 'mul' 'mul_ln17_18' <Predicate = true> <Delay = 1.94> <CoreInst = "Multiplier">   --->   Core 3 'Multiplier' <Latency = 0> <II = 1> <Delay = 1.94> <FuncUnit> <Opcode : 'mul'> <InPorts = 2> <OutPorts = 1>
ST_1 : Operation 679 [1/1] (0.79ns)   --->   "%mult_717 = sub i19 %sext_ln17_493, i19 %sext_ln73_102" [firmware/nnet_utils/nnet_mult.h:73->firmware/nnet_utils/nnet_dense_latency.h:42]   --->   Operation 679 'sub' 'mult_717' <Predicate = true> <Delay = 0.79> <CoreInst = "Adder">   --->   Core 1 'Adder' <Latency = 0> <II = 1> <Delay = 0.79> <FuncUnit> <Opcode : 'add' 'sub'> <InPorts = 2> <OutPorts = 1>
ST_1 : Operation 680 [1/1] (0.00ns)   --->   "%sext_ln17_494 = sext i19 %mult_717" [firmware/nnet_utils/nnet_dense_latency.h:17]   --->   Operation 680 'sext' 'sext_ln17_494' <Predicate = true> <Delay = 0.00>
ST_1 : Operation 681 [1/1] (0.00ns) (grouped into TernaryAdder)   --->   "%sub_ln17_24 = sub i20 %sext_ln73_186, i20 %tmp_1044" [firmware/nnet_utils/nnet_dense_latency.h:17]   --->   Operation 681 'sub' 'sub_ln17_24' <Predicate = true> <Delay = 0.00> <CoreInst = "TAddSub">   --->   Core 10 'TAddSub' <Latency = 0> <II = 1> <Delay = 0.34> <IPBlock> <Opcode : '' 'add' 'sub'> <InPorts = 3> <OutPorts = 1> <Sync> <CReg>
ST_1 : Operation 682 [1/1] (0.00ns)   --->   "%a_15 = partselect i16 @_ssdm_op_PartSelect.i16.i256.i32.i32, i256 %data_val_read, i32 240, i32 255"   --->   Operation 682 'partselect' 'a_15' <Predicate = true> <Delay = 0.00>
ST_1 : Operation 683 [1/1] (0.00ns)   --->   "%sext_ln17_495 = sext i16 %a_15" [firmware/nnet_utils/nnet_dense_latency.h:17]   --->   Operation 683 'sext' 'sext_ln17_495' <Predicate = true> <Delay = 0.00>
ST_1 : Operation 684 [1/1] (0.00ns)   --->   "%sext_ln73_106 = sext i16 %a_15" [firmware/nnet_utils/nnet_mult.h:73->firmware/nnet_utils/nnet_dense_latency.h:42]   --->   Operation 684 'sext' 'sext_ln73_106' <Predicate = true> <Delay = 0.00>
ST_1 : Operation 685 [1/1] (0.00ns)   --->   "%sext_ln73_107 = sext i16 %a_15" [firmware/nnet_utils/nnet_mult.h:73->firmware/nnet_utils/nnet_dense_latency.h:42]   --->   Operation 685 'sext' 'sext_ln73_107' <Predicate = true> <Delay = 0.00>
ST_1 : Operation 686 [1/1] (0.00ns)   --->   "%sext_ln73_108 = sext i16 %a_15" [firmware/nnet_utils/nnet_mult.h:73->firmware/nnet_utils/nnet_dense_latency.h:42]   --->   Operation 686 'sext' 'sext_ln73_108' <Predicate = true> <Delay = 0.00>
ST_1 : Operation 687 [1/1] (0.00ns)   --->   "%sext_ln73_109 = sext i16 %a_15" [firmware/nnet_utils/nnet_mult.h:73->firmware/nnet_utils/nnet_dense_latency.h:42]   --->   Operation 687 'sext' 'sext_ln73_109' <Predicate = true> <Delay = 0.00>
ST_1 : Operation 688 [1/1] (0.00ns)   --->   "%tmp_1047 = bitconcatenate i20 @_ssdm_op_BitConcatenate.i20.i16.i4, i16 %a_15, i4 0" [firmware/nnet_utils/nnet_mult.h:73->firmware/nnet_utils/nnet_dense_latency.h:42]   --->   Operation 688 'bitconcatenate' 'tmp_1047' <Predicate = true> <Delay = 0.00>
ST_1 : Operation 689 [1/1] (0.00ns)   --->   "%sext_ln73_188 = sext i20 %tmp_1047" [firmware/nnet_utils/nnet_mult.h:73->firmware/nnet_utils/nnet_dense_latency.h:42]   --->   Operation 689 'sext' 'sext_ln73_188' <Predicate = true> <Delay = 0.00>
ST_1 : Operation 690 [1/1] (0.00ns)   --->   "%mult_733 = bitconcatenate i17 @_ssdm_op_BitConcatenate.i17.i16.i1, i16 %a_15, i1 0" [firmware/nnet_utils/nnet_mult.h:73->firmware/nnet_utils/nnet_dense_latency.h:42]   --->   Operation 690 'bitconcatenate' 'mult_733' <Predicate = true> <Delay = 0.00>
ST_1 : Operation 691 [1/1] (0.00ns)   --->   "%sext_ln73_189 = sext i17 %mult_733" [firmware/nnet_utils/nnet_mult.h:73->firmware/nnet_utils/nnet_dense_latency.h:42]   --->   Operation 691 'sext' 'sext_ln73_189' <Predicate = true> <Delay = 0.00>
ST_1 : Operation 692 [1/1] (0.79ns)   --->   "%mult_719 = sub i18 0, i18 %sext_ln73_189" [firmware/nnet_utils/nnet_mult.h:73->firmware/nnet_utils/nnet_dense_latency.h:42]   --->   Operation 692 'sub' 'mult_719' <Predicate = true> <Delay = 0.79> <CoreInst = "Adder">   --->   Core 1 'Adder' <Latency = 0> <II = 1> <Delay = 0.79> <FuncUnit> <Opcode : 'add' 'sub'> <InPorts = 2> <OutPorts = 1>
ST_1 : Operation 693 [1/1] (0.00ns)   --->   "%sext_ln17_496 = sext i18 %mult_719" [firmware/nnet_utils/nnet_dense_latency.h:17]   --->   Operation 693 'sext' 'sext_ln17_496' <Predicate = true> <Delay = 0.00>
ST_1 : Operation 694 [1/1] (0.00ns)   --->   "%sext_ln17_497 = sext i18 %mult_719" [firmware/nnet_utils/nnet_dense_latency.h:17]   --->   Operation 694 'sext' 'sext_ln17_497' <Predicate = true> <Delay = 0.00>
ST_1 : Operation 695 [1/1] (0.00ns)   --->   "%sext_ln17_498 = sext i18 %mult_719" [firmware/nnet_utils/nnet_dense_latency.h:17]   --->   Operation 695 'sext' 'sext_ln17_498' <Predicate = true> <Delay = 0.00>
ST_1 : Operation 696 [1/1] (0.00ns)   --->   "%mult_721 = bitconcatenate i18 @_ssdm_op_BitConcatenate.i18.i16.i2, i16 %a_15, i2 0" [firmware/nnet_utils/nnet_mult.h:73->firmware/nnet_utils/nnet_dense_latency.h:42]   --->   Operation 696 'bitconcatenate' 'mult_721' <Predicate = true> <Delay = 0.00>
ST_1 : Operation 697 [1/1] (0.00ns)   --->   "%sext_ln17_499 = sext i18 %mult_721" [firmware/nnet_utils/nnet_dense_latency.h:17]   --->   Operation 697 'sext' 'sext_ln17_499' <Predicate = true> <Delay = 0.00>
ST_1 : Operation 698 [1/1] (0.00ns)   --->   "%sext_ln17_500 = sext i18 %mult_721" [firmware/nnet_utils/nnet_dense_latency.h:17]   --->   Operation 698 'sext' 'sext_ln17_500' <Predicate = true> <Delay = 0.00>
ST_1 : Operation 699 [1/1] (0.00ns)   --->   "%sext_ln17_501 = sext i18 %mult_721" [firmware/nnet_utils/nnet_dense_latency.h:17]   --->   Operation 699 'sext' 'sext_ln17_501' <Predicate = true> <Delay = 0.00>
ST_1 : Operation 700 [1/1] (0.00ns)   --->   "%mult_722 = bitconcatenate i19 @_ssdm_op_BitConcatenate.i19.i16.i3, i16 %a_15, i3 0" [firmware/nnet_utils/nnet_mult.h:73->firmware/nnet_utils/nnet_dense_latency.h:42]   --->   Operation 700 'bitconcatenate' 'mult_722' <Predicate = true> <Delay = 0.00>
ST_1 : Operation 701 [1/1] (0.00ns)   --->   "%sext_ln17_502 = sext i19 %mult_722" [firmware/nnet_utils/nnet_dense_latency.h:17]   --->   Operation 701 'sext' 'sext_ln17_502' <Predicate = true> <Delay = 0.00>
ST_1 : Operation 702 [1/1] (0.00ns)   --->   "%sext_ln73_190 = sext i17 %mult_733" [firmware/nnet_utils/nnet_mult.h:73->firmware/nnet_utils/nnet_dense_latency.h:42]   --->   Operation 702 'sext' 'sext_ln73_190' <Predicate = true> <Delay = 0.00>
ST_1 : Operation 703 [1/1] (0.80ns)   --->   "%mult_723 = sub i20 %sext_ln17_502, i20 %sext_ln73_190" [firmware/nnet_utils/nnet_mult.h:73->firmware/nnet_utils/nnet_dense_latency.h:42]   --->   Operation 703 'sub' 'mult_723' <Predicate = true> <Delay = 0.80> <CoreInst = "Adder">   --->   Core 1 'Adder' <Latency = 0> <II = 1> <Delay = 0.80> <FuncUnit> <Opcode : 'add' 'sub'> <InPorts = 2> <OutPorts = 1>
ST_1 : Operation 704 [1/1] (0.00ns)   --->   "%sext_ln17_503 = sext i20 %mult_723" [firmware/nnet_utils/nnet_dense_latency.h:17]   --->   Operation 704 'sext' 'sext_ln17_503' <Predicate = true> <Delay = 0.00>
ST_1 : Operation 705 [1/1] (0.00ns)   --->   "%trunc_ln17_24 = trunc i20 %mult_723" [firmware/nnet_utils/nnet_dense_latency.h:17]   --->   Operation 705 'trunc' 'trunc_ln17_24' <Predicate = true> <Delay = 0.00>
ST_1 : Operation 706 [1/1] (0.00ns) (grouped into TernaryAdder)   --->   "%sub_ln17_25 = sub i21 0, i21 %sext_ln73_188" [firmware/nnet_utils/nnet_dense_latency.h:17]   --->   Operation 706 'sub' 'sub_ln17_25' <Predicate = true> <Delay = 0.00> <CoreInst = "TAddSub">   --->   Core 10 'TAddSub' <Latency = 0> <II = 1> <Delay = 0.34> <IPBlock> <Opcode : '' 'add' 'sub'> <InPorts = 3> <OutPorts = 1> <Sync> <CReg>
ST_1 : Operation 707 [1/1] (0.00ns)   --->   "%sext_ln17_504 = sext i18 %mult_721" [firmware/nnet_utils/nnet_dense_latency.h:17]   --->   Operation 707 'sext' 'sext_ln17_504' <Predicate = true> <Delay = 0.00>
ST_1 : Operation 708 [1/1] (0.69ns) (root node of TernaryAdder)   --->   "%sub_ln17_26 = sub i21 %sub_ln17_25, i21 %sext_ln17_504" [firmware/nnet_utils/nnet_dense_latency.h:17]   --->   Operation 708 'sub' 'sub_ln17_26' <Predicate = true> <Delay = 0.69> <CoreInst = "TAddSub">   --->   Core 10 'TAddSub' <Latency = 0> <II = 1> <Delay = 0.34> <IPBlock> <Opcode : '' 'add' 'sub'> <InPorts = 3> <OutPorts = 1> <Sync> <CReg>
ST_1 : Operation 709 [1/1] (0.00ns) (grouped into TernaryAdder)   --->   "%sub_ln73_789 = sub i20 0, i20 %sext_ln17_501" [firmware/nnet_utils/nnet_mult.h:73->firmware/nnet_utils/nnet_dense_latency.h:42]   --->   Operation 709 'sub' 'sub_ln73_789' <Predicate = true> <Delay = 0.00> <CoreInst = "TAddSub">   --->   Core 10 'TAddSub' <Latency = 0> <II = 1> <Delay = 0.34> <IPBlock> <Opcode : '' 'add' 'sub'> <InPorts = 3> <OutPorts = 1> <Sync> <CReg>
ST_1 : Operation 710 [1/1] (0.68ns) (root node of TernaryAdder)   --->   "%mult_724 = sub i20 %sub_ln73_789, i20 %sext_ln73_107" [firmware/nnet_utils/nnet_mult.h:73->firmware/nnet_utils/nnet_dense_latency.h:42]   --->   Operation 710 'sub' 'mult_724' <Predicate = true> <Delay = 0.68> <CoreInst = "TAddSub">   --->   Core 10 'TAddSub' <Latency = 0> <II = 1> <Delay = 0.34> <IPBlock> <Opcode : '' 'add' 'sub'> <InPorts = 3> <OutPorts = 1> <Sync> <CReg>
ST_1 : Operation 711 [1/1] (0.00ns)   --->   "%trunc_ln17_25 = trunc i20 %mult_724" [firmware/nnet_utils/nnet_dense_latency.h:17]   --->   Operation 711 'trunc' 'trunc_ln17_25' <Predicate = true> <Delay = 0.00>
ST_1 : Operation 712 [1/1] (0.00ns)   --->   "%sext_ln17_505 = sext i20 %mult_724" [firmware/nnet_utils/nnet_dense_latency.h:17]   --->   Operation 712 'sext' 'sext_ln17_505' <Predicate = true> <Delay = 0.00>
ST_1 : Operation 713 [1/1] (0.80ns)   --->   "%mult_725 = sub i20 %sext_ln73_107, i20 %sext_ln17_502" [firmware/nnet_utils/nnet_mult.h:73->firmware/nnet_utils/nnet_dense_latency.h:42]   --->   Operation 713 'sub' 'mult_725' <Predicate = true> <Delay = 0.80> <CoreInst = "Adder">   --->   Core 1 'Adder' <Latency = 0> <II = 1> <Delay = 0.80> <FuncUnit> <Opcode : 'add' 'sub'> <InPorts = 2> <OutPorts = 1>
ST_1 : Operation 714 [1/1] (0.00ns)   --->   "%trunc_ln17_26 = trunc i20 %mult_725" [firmware/nnet_utils/nnet_dense_latency.h:17]   --->   Operation 714 'trunc' 'trunc_ln17_26' <Predicate = true> <Delay = 0.00>
ST_1 : Operation 715 [1/1] (0.80ns)   --->   "%mult_726 = sub i20 %sext_ln73_190, i20 %sext_ln17_502" [firmware/nnet_utils/nnet_mult.h:73->firmware/nnet_utils/nnet_dense_latency.h:42]   --->   Operation 715 'sub' 'mult_726' <Predicate = true> <Delay = 0.80> <CoreInst = "Adder">   --->   Core 1 'Adder' <Latency = 0> <II = 1> <Delay = 0.80> <FuncUnit> <Opcode : 'add' 'sub'> <InPorts = 2> <OutPorts = 1>
ST_1 : Operation 716 [1/1] (0.00ns)   --->   "%sext_ln17_506 = sext i20 %mult_726" [firmware/nnet_utils/nnet_dense_latency.h:17]   --->   Operation 716 'sext' 'sext_ln17_506' <Predicate = true> <Delay = 0.00>
ST_1 : Operation 717 [1/1] (0.79ns)   --->   "%mult_727 = sub i19 %sext_ln17_499, i19 %sext_ln73_108" [firmware/nnet_utils/nnet_mult.h:73->firmware/nnet_utils/nnet_dense_latency.h:42]   --->   Operation 717 'sub' 'mult_727' <Predicate = true> <Delay = 0.79> <CoreInst = "Adder">   --->   Core 1 'Adder' <Latency = 0> <II = 1> <Delay = 0.79> <FuncUnit> <Opcode : 'add' 'sub'> <InPorts = 2> <OutPorts = 1>
ST_1 : Operation 718 [1/1] (0.00ns)   --->   "%trunc_ln17_27 = trunc i19 %mult_727" [firmware/nnet_utils/nnet_dense_latency.h:17]   --->   Operation 718 'trunc' 'trunc_ln17_27' <Predicate = true> <Delay = 0.00>
ST_1 : Operation 719 [1/1] (0.00ns)   --->   "%sext_ln73_191 = sext i19 %mult_722" [firmware/nnet_utils/nnet_mult.h:73->firmware/nnet_utils/nnet_dense_latency.h:42]   --->   Operation 719 'sext' 'sext_ln73_191' <Predicate = true> <Delay = 0.00>
ST_1 : Operation 720 [1/1] (0.80ns)   --->   "%mult_728 = add i21 %sext_ln73_191, i21 %sext_ln17_495" [firmware/nnet_utils/nnet_mult.h:73->firmware/nnet_utils/nnet_dense_latency.h:42]   --->   Operation 720 'add' 'mult_728' <Predicate = true> <Delay = 0.80> <CoreInst = "Adder">   --->   Core 1 'Adder' <Latency = 0> <II = 1> <Delay = 0.80> <FuncUnit> <Opcode : 'add' 'sub'> <InPorts = 2> <OutPorts = 1>
ST_1 : Operation 721 [1/1] (0.00ns)   --->   "%sext_ln17_507 = sext i21 %mult_728" [firmware/nnet_utils/nnet_dense_latency.h:17]   --->   Operation 721 'sext' 'sext_ln17_507' <Predicate = true> <Delay = 0.00>
ST_1 : Operation 722 [1/1] (0.00ns)   --->   "%trunc_ln17_28 = trunc i21 %mult_728" [firmware/nnet_utils/nnet_dense_latency.h:17]   --->   Operation 722 'trunc' 'trunc_ln17_28' <Predicate = true> <Delay = 0.00>
ST_1 : Operation 723 [1/1] (0.78ns)   --->   "%mult_729 = sub i17 0, i17 %sext_ln73_106" [firmware/nnet_utils/nnet_mult.h:73->firmware/nnet_utils/nnet_dense_latency.h:42]   --->   Operation 723 'sub' 'mult_729' <Predicate = true> <Delay = 0.78> <CoreInst = "Adder">   --->   Core 1 'Adder' <Latency = 0> <II = 1> <Delay = 0.78> <FuncUnit> <Opcode : 'add' 'sub'> <InPorts = 2> <OutPorts = 1>
ST_1 : Operation 724 [1/1] (0.00ns)   --->   "%sext_ln17_508 = sext i17 %mult_729" [firmware/nnet_utils/nnet_dense_latency.h:17]   --->   Operation 724 'sext' 'sext_ln17_508' <Predicate = true> <Delay = 0.00>
ST_1 : Operation 725 [1/1] (0.00ns)   --->   "%sext_ln17_509 = sext i17 %mult_729" [firmware/nnet_utils/nnet_dense_latency.h:17]   --->   Operation 725 'sext' 'sext_ln17_509' <Predicate = true> <Delay = 0.00>
ST_1 : Operation 726 [1/1] (0.80ns)   --->   "%sub_ln17_27 = sub i20 %sext_ln17_501, i20 %tmp_1047" [firmware/nnet_utils/nnet_dense_latency.h:17]   --->   Operation 726 'sub' 'sub_ln17_27' <Predicate = true> <Delay = 0.80> <CoreInst = "Adder">   --->   Core 1 'Adder' <Latency = 0> <II = 1> <Delay = 0.80> <FuncUnit> <Opcode : 'add' 'sub'> <InPorts = 2> <OutPorts = 1>
ST_1 : Operation 727 [1/1] (0.00ns) (grouped into TernaryAdder)   --->   "%mult_730 = sub i19 %sext_ln73_108, i19 %sext_ln17_499" [firmware/nnet_utils/nnet_mult.h:73->firmware/nnet_utils/nnet_dense_latency.h:42]   --->   Operation 727 'sub' 'mult_730' <Predicate = true> <Delay = 0.00> <CoreInst = "TAddSub">   --->   Core 10 'TAddSub' <Latency = 0> <II = 1> <Delay = 0.34> <IPBlock> <Opcode : '' 'add' 'sub'> <InPorts = 3> <OutPorts = 1> <Sync> <CReg>
ST_1 : Operation 728 [1/1] (0.80ns)   --->   "%mult_731 = sub i20 0, i20 %sext_ln17_502" [firmware/nnet_utils/nnet_mult.h:73->firmware/nnet_utils/nnet_dense_latency.h:42]   --->   Operation 728 'sub' 'mult_731' <Predicate = true> <Delay = 0.80> <CoreInst = "Adder">   --->   Core 1 'Adder' <Latency = 0> <II = 1> <Delay = 0.80> <FuncUnit> <Opcode : 'add' 'sub'> <InPorts = 2> <OutPorts = 1>
ST_1 : Operation 729 [1/1] (0.00ns)   --->   "%sext_ln17_510 = sext i20 %mult_731" [firmware/nnet_utils/nnet_dense_latency.h:17]   --->   Operation 729 'sext' 'sext_ln17_510' <Predicate = true> <Delay = 0.00>
ST_1 : Operation 730 [1/1] (0.79ns)   --->   "%mult_732 = add i20 %sext_ln17_501, i20 %sext_ln73_107" [firmware/nnet_utils/nnet_mult.h:73->firmware/nnet_utils/nnet_dense_latency.h:42]   --->   Operation 730 'add' 'mult_732' <Predicate = true> <Delay = 0.79> <CoreInst = "Adder">   --->   Core 1 'Adder' <Latency = 0> <II = 1> <Delay = 0.79> <FuncUnit> <Opcode : 'add' 'sub'> <InPorts = 2> <OutPorts = 1>
ST_1 : Operation 731 [1/1] (0.00ns)   --->   "%sext_ln17_511 = sext i20 %mult_732" [firmware/nnet_utils/nnet_dense_latency.h:17]   --->   Operation 731 'sext' 'sext_ln17_511' <Predicate = true> <Delay = 0.00>
ST_1 : Operation 732 [1/1] (0.80ns)   --->   "%sub_ln17_28 = sub i20 %tmp_1047, i20 %sext_ln73_107" [firmware/nnet_utils/nnet_dense_latency.h:17]   --->   Operation 732 'sub' 'sub_ln17_28' <Predicate = true> <Delay = 0.80> <CoreInst = "Adder">   --->   Core 1 'Adder' <Latency = 0> <II = 1> <Delay = 0.80> <FuncUnit> <Opcode : 'add' 'sub'> <InPorts = 2> <OutPorts = 1>
ST_1 : Operation 733 [1/1] (0.00ns) (grouped into TernaryAdder)   --->   "%sub_ln73_797 = sub i21 0, i21 %sext_ln73_191" [firmware/nnet_utils/nnet_mult.h:73->firmware/nnet_utils/nnet_dense_latency.h:42]   --->   Operation 733 'sub' 'sub_ln73_797' <Predicate = true> <Delay = 0.00> <CoreInst = "TAddSub">   --->   Core 10 'TAddSub' <Latency = 0> <II = 1> <Delay = 0.34> <IPBlock> <Opcode : '' 'add' 'sub'> <InPorts = 3> <OutPorts = 1> <Sync> <CReg>
ST_1 : Operation 734 [1/1] (0.69ns) (root node of TernaryAdder)   --->   "%mult_734 = sub i21 %sub_ln73_797, i21 %sext_ln17_495" [firmware/nnet_utils/nnet_mult.h:73->firmware/nnet_utils/nnet_dense_latency.h:42]   --->   Operation 734 'sub' 'mult_734' <Predicate = true> <Delay = 0.69> <CoreInst = "TAddSub">   --->   Core 10 'TAddSub' <Latency = 0> <II = 1> <Delay = 0.34> <IPBlock> <Opcode : '' 'add' 'sub'> <InPorts = 3> <OutPorts = 1> <Sync> <CReg>
ST_1 : Operation 735 [1/1] (1.94ns)   --->   "%mul_ln58 = mul i20 %sext_ln73_45, i20 13" [firmware/nnet_utils/nnet_dense_latency.h:58]   --->   Operation 735 'mul' 'mul_ln58' <Predicate = true> <Delay = 1.94> <CoreInst = "Multiplier">   --->   Core 3 'Multiplier' <Latency = 0> <II = 1> <Delay = 1.94> <FuncUnit> <Opcode : 'mul'> <InPorts = 2> <OutPorts = 1>
ST_1 : Operation 736 [1/1] (0.80ns)   --->   "%sub_ln58 = sub i20 %mul_ln58, i20 %sext_ln73_35" [firmware/nnet_utils/nnet_dense_latency.h:58]   --->   Operation 736 'sub' 'sub_ln58' <Predicate = true> <Delay = 0.80> <CoreInst = "Adder">   --->   Core 1 'Adder' <Latency = 0> <II = 1> <Delay = 0.80> <FuncUnit> <Opcode : 'add' 'sub'> <InPorts = 2> <OutPorts = 1>
ST_1 : Operation 737 [1/1] (0.00ns)   --->   "%sext_ln58 = sext i20 %sub_ln58" [firmware/nnet_utils/nnet_dense_latency.h:58]   --->   Operation 737 'sext' 'sext_ln58' <Predicate = true> <Delay = 0.00>
ST_1 : Operation 738 [1/1] (0.00ns) (grouped into TernaryAdder)   --->   "%add_ln58 = add i20 %sext_ln17_329, i20 %mult_524" [firmware/nnet_utils/nnet_dense_latency.h:58]   --->   Operation 738 'add' 'add_ln58' <Predicate = true> <Delay = 0.00> <CoreInst = "TAddSub">   --->   Core 10 'TAddSub' <Latency = 0> <II = 1> <Delay = 0.34> <IPBlock> <Opcode : '' 'add' 'sub'> <InPorts = 3> <OutPorts = 1> <Sync> <CReg>
ST_1 : Operation 739 [1/1] (0.78ns)   --->   "%add_ln58_1205 = add i17 %sext_ln73_142, i17 125952" [firmware/nnet_utils/nnet_dense_latency.h:58]   --->   Operation 739 'add' 'add_ln58_1205' <Predicate = true> <Delay = 0.78> <CoreInst = "Adder">   --->   Core 1 'Adder' <Latency = 0> <II = 1> <Delay = 0.78> <FuncUnit> <Opcode : 'add' 'sub'> <InPorts = 2> <OutPorts = 1>
ST_1 : Operation 740 [1/1] (0.00ns)   --->   "%sext_ln58_498 = sext i17 %add_ln58_1205" [firmware/nnet_utils/nnet_dense_latency.h:58]   --->   Operation 740 'sext' 'sext_ln58_498' <Predicate = true> <Delay = 0.00>
ST_1 : Operation 741 [1/1] (0.68ns) (root node of TernaryAdder)   --->   "%add_ln58_1206 = add i20 %sext_ln58_498, i20 %add_ln58" [firmware/nnet_utils/nnet_dense_latency.h:58]   --->   Operation 741 'add' 'add_ln58_1206' <Predicate = true> <Delay = 0.68> <CoreInst = "TAddSub">   --->   Core 10 'TAddSub' <Latency = 0> <II = 1> <Delay = 0.34> <IPBlock> <Opcode : '' 'add' 'sub'> <InPorts = 3> <OutPorts = 1> <Sync> <CReg>
ST_1 : Operation 742 [1/1] (0.00ns) (grouped into TernaryAdder)   --->   "%add_ln58_1207 = add i21 %sext_ln17_369, i21 %mult_568" [firmware/nnet_utils/nnet_dense_latency.h:58]   --->   Operation 742 'add' 'add_ln58_1207' <Predicate = true> <Delay = 0.00> <CoreInst = "TAddSub">   --->   Core 10 'TAddSub' <Latency = 0> <II = 1> <Delay = 0.34> <IPBlock> <Opcode : '' 'add' 'sub'> <InPorts = 3> <OutPorts = 1> <Sync> <CReg>
ST_1 : Operation 743 [1/1] (0.00ns) (grouped into TernaryAdder)   --->   "%sub_ln58_15 = sub i19 %sext_ln17_428, i19 %sext_ln73_143" [firmware/nnet_utils/nnet_dense_latency.h:58]   --->   Operation 743 'sub' 'sub_ln58_15' <Predicate = true> <Delay = 0.00> <CoreInst = "TAddSub">   --->   Core 10 'TAddSub' <Latency = 0> <II = 1> <Delay = 0.34> <IPBlock> <Opcode : '' 'add' 'sub'> <InPorts = 3> <OutPorts = 1> <Sync> <CReg>
ST_1 : Operation 744 [1/1] (0.68ns) (root node of TernaryAdder)   --->   "%add_ln58_1208 = add i19 %sub_ln58_15, i19 %sext_ln17_404" [firmware/nnet_utils/nnet_dense_latency.h:58]   --->   Operation 744 'add' 'add_ln58_1208' <Predicate = true> <Delay = 0.68> <CoreInst = "TAddSub">   --->   Core 10 'TAddSub' <Latency = 0> <II = 1> <Delay = 0.34> <IPBlock> <Opcode : '' 'add' 'sub'> <InPorts = 3> <OutPorts = 1> <Sync> <CReg>
ST_1 : Operation 745 [1/1] (0.00ns)   --->   "%sext_ln58_500 = sext i19 %add_ln58_1208" [firmware/nnet_utils/nnet_dense_latency.h:58]   --->   Operation 745 'sext' 'sext_ln58_500' <Predicate = true> <Delay = 0.00>
ST_1 : Operation 746 [1/1] (0.69ns) (root node of TernaryAdder)   --->   "%add_ln58_1209 = add i21 %sext_ln58_500, i21 %add_ln58_1207" [firmware/nnet_utils/nnet_dense_latency.h:58]   --->   Operation 746 'add' 'add_ln58_1209' <Predicate = true> <Delay = 0.69> <CoreInst = "TAddSub">   --->   Core 10 'TAddSub' <Latency = 0> <II = 1> <Delay = 0.34> <IPBlock> <Opcode : '' 'add' 'sub'> <InPorts = 3> <OutPorts = 1> <Sync> <CReg>
ST_1 : Operation 747 [1/1] (0.00ns)   --->   "%sext_ln58_501 = sext i21 %add_ln58_1209" [firmware/nnet_utils/nnet_dense_latency.h:58]   --->   Operation 747 'sext' 'sext_ln58_501' <Predicate = true> <Delay = 0.00>
ST_1 : Operation 748 [1/1] (0.68ns) (root node of TernaryAdder)   --->   "%add_ln58_1210 = add i19 %trunc_ln17_15, i19 %mult_666" [firmware/nnet_utils/nnet_dense_latency.h:58]   --->   Operation 748 'add' 'add_ln58_1210' <Predicate = true> <Delay = 0.68> <CoreInst = "TAddSub">   --->   Core 10 'TAddSub' <Latency = 0> <II = 1> <Delay = 0.34> <IPBlock> <Opcode : '' 'add' 'sub'> <InPorts = 3> <OutPorts = 1> <Sync> <CReg>
ST_1 : Operation 749 [1/1] (0.00ns)   --->   "%sext_ln58_502 = sext i19 %add_ln58_1210" [firmware/nnet_utils/nnet_dense_latency.h:58]   --->   Operation 749 'sext' 'sext_ln58_502' <Predicate = true> <Delay = 0.00>
ST_1 : Operation 750 [1/1] (0.78ns)   --->   "%add_ln58_1211 = add i17 %sext_ln73_59, i17 130048" [firmware/nnet_utils/nnet_dense_latency.h:58]   --->   Operation 750 'add' 'add_ln58_1211' <Predicate = true> <Delay = 0.78> <CoreInst = "Adder">   --->   Core 1 'Adder' <Latency = 0> <II = 1> <Delay = 0.78> <FuncUnit> <Opcode : 'add' 'sub'> <InPorts = 2> <OutPorts = 1>
ST_1 : Operation 751 [1/1] (0.00ns)   --->   "%sext_ln58_503 = sext i17 %add_ln58_1211" [firmware/nnet_utils/nnet_dense_latency.h:58]   --->   Operation 751 'sext' 'sext_ln58_503' <Predicate = true> <Delay = 0.00>
ST_1 : Operation 752 [1/1] (0.79ns)   --->   "%sub_ln58_16 = sub i19 %sext_ln58_503, i19 %sext_ln17_467" [firmware/nnet_utils/nnet_dense_latency.h:58]   --->   Operation 752 'sub' 'sub_ln58_16' <Predicate = true> <Delay = 0.79> <CoreInst = "Adder">   --->   Core 1 'Adder' <Latency = 0> <II = 1> <Delay = 0.79> <FuncUnit> <Opcode : 'add' 'sub'> <InPorts = 2> <OutPorts = 1>
ST_1 : Operation 753 [1/1] (0.00ns)   --->   "%sext_ln58_504 = sext i19 %sub_ln58_16" [firmware/nnet_utils/nnet_dense_latency.h:58]   --->   Operation 753 'sext' 'sext_ln58_504' <Predicate = true> <Delay = 0.00>
ST_1 : Operation 754 [1/1] (0.80ns)   --->   "%add_ln58_1212 = add i20 %sext_ln58_504, i20 %sext_ln58_502" [firmware/nnet_utils/nnet_dense_latency.h:58]   --->   Operation 754 'add' 'add_ln58_1212' <Predicate = true> <Delay = 0.80> <CoreInst = "Adder">   --->   Core 1 'Adder' <Latency = 0> <II = 1> <Delay = 0.80> <FuncUnit> <Opcode : 'add' 'sub'> <InPorts = 2> <OutPorts = 1>
ST_1 : Operation 755 [1/1] (0.00ns)   --->   "%sext_ln58_505 = sext i20 %add_ln58_1212" [firmware/nnet_utils/nnet_dense_latency.h:58]   --->   Operation 755 'sext' 'sext_ln58_505' <Predicate = true> <Delay = 0.00>
ST_1 : Operation 756 [1/1] (0.81ns)   --->   "%add_ln58_1213 = add i22 %sext_ln58_505, i22 %sext_ln58_501" [firmware/nnet_utils/nnet_dense_latency.h:58]   --->   Operation 756 'add' 'add_ln58_1213' <Predicate = true> <Delay = 0.81> <CoreInst = "Adder">   --->   Core 1 'Adder' <Latency = 0> <II = 1> <Delay = 0.81> <FuncUnit> <Opcode : 'add' 'sub'> <InPorts = 2> <OutPorts = 1>
ST_1 : Operation 757 [1/1] (0.00ns) (grouped into TernaryAdder)   --->   "%add_ln58_1214 = add i21 %add_ln17, i21 %sext_ln73_44" [firmware/nnet_utils/nnet_dense_latency.h:58]   --->   Operation 757 'add' 'add_ln58_1214' <Predicate = true> <Delay = 0.00> <CoreInst = "TAddSub">   --->   Core 10 'TAddSub' <Latency = 0> <II = 1> <Delay = 0.34> <IPBlock> <Opcode : '' 'add' 'sub'> <InPorts = 3> <OutPorts = 1> <Sync> <CReg>
ST_1 : Operation 758 [1/1] (0.79ns)   --->   "%sub_ln58_17 = sub i18 %sext_ln17_375, i18 %sext_ln17_406" [firmware/nnet_utils/nnet_dense_latency.h:58]   --->   Operation 758 'sub' 'sub_ln58_17' <Predicate = true> <Delay = 0.79> <CoreInst = "Adder">   --->   Core 1 'Adder' <Latency = 0> <II = 1> <Delay = 0.79> <FuncUnit> <Opcode : 'add' 'sub'> <InPorts = 2> <OutPorts = 1>
ST_1 : Operation 759 [1/1] (0.00ns)   --->   "%sext_ln58_507 = sext i18 %sub_ln58_17" [firmware/nnet_utils/nnet_dense_latency.h:58]   --->   Operation 759 'sext' 'sext_ln58_507' <Predicate = true> <Delay = 0.00>
ST_1 : Operation 760 [1/1] (0.69ns) (root node of TernaryAdder)   --->   "%add_ln58_1215 = add i21 %sext_ln58_507, i21 %add_ln58_1214" [firmware/nnet_utils/nnet_dense_latency.h:58]   --->   Operation 760 'add' 'add_ln58_1215' <Predicate = true> <Delay = 0.69> <CoreInst = "TAddSub">   --->   Core 10 'TAddSub' <Latency = 0> <II = 1> <Delay = 0.34> <IPBlock> <Opcode : '' 'add' 'sub'> <InPorts = 3> <OutPorts = 1> <Sync> <CReg>
ST_1 : Operation 761 [1/1] (0.00ns)   --->   "%sext_ln58_508 = sext i21 %add_ln58_1215" [firmware/nnet_utils/nnet_dense_latency.h:58]   --->   Operation 761 'sext' 'sext_ln58_508' <Predicate = true> <Delay = 0.00>
ST_1 : Operation 762 [1/1] (0.80ns)   --->   "%add_ln58_1216 = add i19 %mult_609, i19 %sext_ln17_434" [firmware/nnet_utils/nnet_dense_latency.h:58]   --->   Operation 762 'add' 'add_ln58_1216' <Predicate = true> <Delay = 0.80> <CoreInst = "Adder">   --->   Core 1 'Adder' <Latency = 0> <II = 1> <Delay = 0.80> <FuncUnit> <Opcode : 'add' 'sub'> <InPorts = 2> <OutPorts = 1>
ST_1 : Operation 763 [1/1] (0.00ns)   --->   "%sext_ln58_509 = sext i19 %add_ln58_1216" [firmware/nnet_utils/nnet_dense_latency.h:58]   --->   Operation 763 'sext' 'sext_ln58_509' <Predicate = true> <Delay = 0.00>
ST_1 : Operation 764 [1/1] (0.79ns)   --->   "%add_ln58_1217 = add i18 %sext_ln17_484, i18 %sext_ln73_58" [firmware/nnet_utils/nnet_dense_latency.h:58]   --->   Operation 764 'add' 'add_ln58_1217' <Predicate = true> <Delay = 0.79> <CoreInst = "Adder">   --->   Core 1 'Adder' <Latency = 0> <II = 1> <Delay = 0.79> <FuncUnit> <Opcode : 'add' 'sub'> <InPorts = 2> <OutPorts = 1>
ST_1 : Operation 765 [1/1] (0.00ns)   --->   "%sext_ln58_510 = sext i18 %add_ln58_1217" [firmware/nnet_utils/nnet_dense_latency.h:58]   --->   Operation 765 'sext' 'sext_ln58_510' <Predicate = true> <Delay = 0.00>
ST_1 : Operation 766 [1/1] (0.00ns) (grouped into TernaryAdder)   --->   "%add_ln58_1218 = add i21 %sext_ln58_510, i21 %mult_673" [firmware/nnet_utils/nnet_dense_latency.h:58]   --->   Operation 766 'add' 'add_ln58_1218' <Predicate = true> <Delay = 0.00> <CoreInst = "TAddSub">   --->   Core 10 'TAddSub' <Latency = 0> <II = 1> <Delay = 0.34> <IPBlock> <Opcode : '' 'add' 'sub'> <InPorts = 3> <OutPorts = 1> <Sync> <CReg>
ST_1 : Operation 767 [1/1] (0.69ns) (root node of TernaryAdder)   --->   "%add_ln58_1219 = add i21 %add_ln58_1218, i21 %sext_ln58_509" [firmware/nnet_utils/nnet_dense_latency.h:58]   --->   Operation 767 'add' 'add_ln58_1219' <Predicate = true> <Delay = 0.69> <CoreInst = "TAddSub">   --->   Core 10 'TAddSub' <Latency = 0> <II = 1> <Delay = 0.34> <IPBlock> <Opcode : '' 'add' 'sub'> <InPorts = 3> <OutPorts = 1> <Sync> <CReg>
ST_1 : Operation 768 [1/1] (0.00ns)   --->   "%sext_ln58_511 = sext i21 %add_ln58_1219" [firmware/nnet_utils/nnet_dense_latency.h:58]   --->   Operation 768 'sext' 'sext_ln58_511' <Predicate = true> <Delay = 0.00>
ST_1 : Operation 769 [1/1] (0.81ns)   --->   "%add_ln58_1220 = add i22 %sext_ln58_511, i22 %sext_ln58_508" [firmware/nnet_utils/nnet_dense_latency.h:58]   --->   Operation 769 'add' 'add_ln58_1220' <Predicate = true> <Delay = 0.81> <CoreInst = "Adder">   --->   Core 1 'Adder' <Latency = 0> <II = 1> <Delay = 0.81> <FuncUnit> <Opcode : 'add' 'sub'> <InPorts = 2> <OutPorts = 1>
ST_1 : Operation 770 [1/1] (0.80ns)   --->   "%add_ln58_1221 = add i20 %sext_ln17_345, i20 %trunc_ln17_4" [firmware/nnet_utils/nnet_dense_latency.h:58]   --->   Operation 770 'add' 'add_ln58_1221' <Predicate = true> <Delay = 0.80> <CoreInst = "Adder">   --->   Core 1 'Adder' <Latency = 0> <II = 1> <Delay = 0.80> <FuncUnit> <Opcode : 'add' 'sub'> <InPorts = 2> <OutPorts = 1>
ST_1 : Operation 771 [1/1] (0.00ns)   --->   "%sext_ln58_513 = sext i20 %add_ln58_1221" [firmware/nnet_utils/nnet_dense_latency.h:58]   --->   Operation 771 'sext' 'sext_ln58_513' <Predicate = true> <Delay = 0.00>
ST_1 : Operation 772 [1/1] (0.68ns) (root node of TernaryAdder)   --->   "%add_ln58_1222 = add i20 %sext_ln17_402, i20 %sub_ln17_10" [firmware/nnet_utils/nnet_dense_latency.h:58]   --->   Operation 772 'add' 'add_ln58_1222' <Predicate = true> <Delay = 0.68> <CoreInst = "TAddSub">   --->   Core 10 'TAddSub' <Latency = 0> <II = 1> <Delay = 0.34> <IPBlock> <Opcode : '' 'add' 'sub'> <InPorts = 3> <OutPorts = 1> <Sync> <CReg>
ST_1 : Operation 773 [1/1] (0.00ns)   --->   "%sext_ln58_514 = sext i20 %add_ln58_1222" [firmware/nnet_utils/nnet_dense_latency.h:58]   --->   Operation 773 'sext' 'sext_ln58_514' <Predicate = true> <Delay = 0.00>
ST_1 : Operation 774 [1/1] (0.81ns)   --->   "%add_ln58_1223 = add i21 %sext_ln58_514, i21 %mult_567" [firmware/nnet_utils/nnet_dense_latency.h:58]   --->   Operation 774 'add' 'add_ln58_1223' <Predicate = true> <Delay = 0.81> <CoreInst = "Adder">   --->   Core 1 'Adder' <Latency = 0> <II = 1> <Delay = 0.81> <FuncUnit> <Opcode : 'add' 'sub'> <InPorts = 2> <OutPorts = 1>
ST_1 : Operation 775 [1/1] (0.00ns)   --->   "%sext_ln58_515 = sext i21 %add_ln58_1223" [firmware/nnet_utils/nnet_dense_latency.h:58]   --->   Operation 775 'sext' 'sext_ln58_515' <Predicate = true> <Delay = 0.00>
ST_1 : Operation 776 [1/1] (0.00ns) (grouped into TernaryAdder)   --->   "%add_ln58_1224 = add i22 %sext_ln58_515, i22 %sext_ln58_513" [firmware/nnet_utils/nnet_dense_latency.h:58]   --->   Operation 776 'add' 'add_ln58_1224' <Predicate = true> <Delay = 0.00> <CoreInst = "TAddSub">   --->   Core 10 'TAddSub' <Latency = 0> <II = 1> <Delay = 0.34> <IPBlock> <Opcode : '' 'add' 'sub'> <InPorts = 3> <OutPorts = 1> <Sync> <CReg>
ST_1 : Operation 777 [1/1] (0.80ns)   --->   "%add_ln58_1225 = add i20 %mult_655, i20 %sext_ln73_166" [firmware/nnet_utils/nnet_dense_latency.h:58]   --->   Operation 777 'add' 'add_ln58_1225' <Predicate = true> <Delay = 0.80> <CoreInst = "Adder">   --->   Core 1 'Adder' <Latency = 0> <II = 1> <Delay = 0.80> <FuncUnit> <Opcode : 'add' 'sub'> <InPorts = 2> <OutPorts = 1>
ST_1 : Operation 778 [1/1] (0.00ns)   --->   "%sext_ln58_516 = sext i20 %add_ln58_1225" [firmware/nnet_utils/nnet_dense_latency.h:58]   --->   Operation 778 'sext' 'sext_ln58_516' <Predicate = true> <Delay = 0.00>
ST_1 : Operation 779 [1/1] (0.79ns)   --->   "%sub_ln58_18 = sub i18 258560, i18 %sext_ln73_184" [firmware/nnet_utils/nnet_dense_latency.h:58]   --->   Operation 779 'sub' 'sub_ln58_18' <Predicate = true> <Delay = 0.79> <CoreInst = "Adder">   --->   Core 1 'Adder' <Latency = 0> <II = 1> <Delay = 0.79> <FuncUnit> <Opcode : 'add' 'sub'> <InPorts = 2> <OutPorts = 1>
ST_1 : Operation 780 [1/1] (0.00ns)   --->   "%sext_ln58_517 = sext i18 %sub_ln58_18" [firmware/nnet_utils/nnet_dense_latency.h:58]   --->   Operation 780 'sext' 'sext_ln58_517' <Predicate = true> <Delay = 0.00>
ST_1 : Operation 781 [1/1] (0.79ns)   --->   "%add_ln58_1226 = add i19 %sext_ln58_517, i19 %sext_ln17_467" [firmware/nnet_utils/nnet_dense_latency.h:58]   --->   Operation 781 'add' 'add_ln58_1226' <Predicate = true> <Delay = 0.79> <CoreInst = "Adder">   --->   Core 1 'Adder' <Latency = 0> <II = 1> <Delay = 0.79> <FuncUnit> <Opcode : 'add' 'sub'> <InPorts = 2> <OutPorts = 1>
ST_1 : Operation 782 [1/1] (0.00ns)   --->   "%sext_ln58_518 = sext i19 %add_ln58_1226" [firmware/nnet_utils/nnet_dense_latency.h:58]   --->   Operation 782 'sext' 'sext_ln58_518' <Predicate = true> <Delay = 0.00>
ST_1 : Operation 783 [1/1] (0.80ns)   --->   "%add_ln58_1227 = add i21 %sext_ln58_518, i21 %sext_ln58_516" [firmware/nnet_utils/nnet_dense_latency.h:58]   --->   Operation 783 'add' 'add_ln58_1227' <Predicate = true> <Delay = 0.80> <CoreInst = "Adder">   --->   Core 1 'Adder' <Latency = 0> <II = 1> <Delay = 0.80> <FuncUnit> <Opcode : 'add' 'sub'> <InPorts = 2> <OutPorts = 1>
ST_1 : Operation 784 [1/1] (0.00ns)   --->   "%sext_ln58_519 = sext i21 %add_ln58_1227" [firmware/nnet_utils/nnet_dense_latency.h:58]   --->   Operation 784 'sext' 'sext_ln58_519' <Predicate = true> <Delay = 0.00>
ST_1 : Operation 785 [1/1] (0.69ns) (root node of TernaryAdder)   --->   "%add_ln58_1228 = add i22 %sext_ln58_519, i22 %add_ln58_1224" [firmware/nnet_utils/nnet_dense_latency.h:58]   --->   Operation 785 'add' 'add_ln58_1228' <Predicate = true> <Delay = 0.69> <CoreInst = "TAddSub">   --->   Core 10 'TAddSub' <Latency = 0> <II = 1> <Delay = 0.34> <IPBlock> <Opcode : '' 'add' 'sub'> <InPorts = 3> <OutPorts = 1> <Sync> <CReg>
ST_1 : Operation 786 [1/1] (0.00ns) (grouped into TernaryAdder)   --->   "%add_ln58_1229 = add i21 %sext_ln17_347, i21 %mul_ln17_3" [firmware/nnet_utils/nnet_dense_latency.h:58]   --->   Operation 786 'add' 'add_ln58_1229' <Predicate = true> <Delay = 0.00> <CoreInst = "TAddSub">   --->   Core 10 'TAddSub' <Latency = 0> <II = 1> <Delay = 0.34> <IPBlock> <Opcode : '' 'add' 'sub'> <InPorts = 3> <OutPorts = 1> <Sync> <CReg>
ST_1 : Operation 787 [1/1] (0.69ns) (root node of TernaryAdder)   --->   "%add_ln58_1230 = add i21 %add_ln58_1229, i21 %sext_ln17_334" [firmware/nnet_utils/nnet_dense_latency.h:58]   --->   Operation 787 'add' 'add_ln58_1230' <Predicate = true> <Delay = 0.69> <CoreInst = "TAddSub">   --->   Core 10 'TAddSub' <Latency = 0> <II = 1> <Delay = 0.34> <IPBlock> <Opcode : '' 'add' 'sub'> <InPorts = 3> <OutPorts = 1> <Sync> <CReg>
ST_1 : Operation 788 [1/1] (0.00ns)   --->   "%sext_ln58_521 = sext i21 %add_ln58_1230" [firmware/nnet_utils/nnet_dense_latency.h:58]   --->   Operation 788 'sext' 'sext_ln58_521' <Predicate = true> <Delay = 0.00>
ST_1 : Operation 789 [1/1] (0.00ns) (grouped into TernaryAdder)   --->   "%add_ln58_1231 = add i21 %mult_545, i21 %sext_ln17_382" [firmware/nnet_utils/nnet_dense_latency.h:58]   --->   Operation 789 'add' 'add_ln58_1231' <Predicate = true> <Delay = 0.00> <CoreInst = "TAddSub">   --->   Core 10 'TAddSub' <Latency = 0> <II = 1> <Delay = 0.34> <IPBlock> <Opcode : '' 'add' 'sub'> <InPorts = 3> <OutPorts = 1> <Sync> <CReg>
ST_1 : Operation 790 [1/1] (0.80ns)   --->   "%sub_ln58_19 = sub i19 %mult_586, i19 %sext_ln73_140" [firmware/nnet_utils/nnet_dense_latency.h:58]   --->   Operation 790 'sub' 'sub_ln58_19' <Predicate = true> <Delay = 0.80> <CoreInst = "Adder">   --->   Core 1 'Adder' <Latency = 0> <II = 1> <Delay = 0.80> <FuncUnit> <Opcode : 'add' 'sub'> <InPorts = 2> <OutPorts = 1>
ST_1 : Operation 791 [1/1] (0.00ns)   --->   "%sext_ln58_522 = sext i19 %sub_ln58_19" [firmware/nnet_utils/nnet_dense_latency.h:58]   --->   Operation 791 'sext' 'sext_ln58_522' <Predicate = true> <Delay = 0.00>
ST_1 : Operation 792 [1/1] (0.69ns) (root node of TernaryAdder)   --->   "%add_ln58_1232 = add i21 %sext_ln58_522, i21 %add_ln58_1231" [firmware/nnet_utils/nnet_dense_latency.h:58]   --->   Operation 792 'add' 'add_ln58_1232' <Predicate = true> <Delay = 0.69> <CoreInst = "TAddSub">   --->   Core 10 'TAddSub' <Latency = 0> <II = 1> <Delay = 0.34> <IPBlock> <Opcode : '' 'add' 'sub'> <InPorts = 3> <OutPorts = 1> <Sync> <CReg>
ST_1 : Operation 793 [1/1] (0.00ns)   --->   "%sext_ln58_523 = sext i21 %add_ln58_1232" [firmware/nnet_utils/nnet_dense_latency.h:58]   --->   Operation 793 'sext' 'sext_ln58_523' <Predicate = true> <Delay = 0.00>
ST_1 : Operation 794 [1/1] (0.81ns)   --->   "%add_ln58_1233 = add i22 %sext_ln58_523, i22 %sext_ln58_521" [firmware/nnet_utils/nnet_dense_latency.h:58]   --->   Operation 794 'add' 'add_ln58_1233' <Predicate = true> <Delay = 0.81> <CoreInst = "Adder">   --->   Core 1 'Adder' <Latency = 0> <II = 1> <Delay = 0.81> <FuncUnit> <Opcode : 'add' 'sub'> <InPorts = 2> <OutPorts = 1>
ST_1 : Operation 795 [1/1] (0.00ns) (grouped into TernaryAdder)   --->   "%add_ln58_1234 = add i21 %sext_ln17_444, i21 %mult_670" [firmware/nnet_utils/nnet_dense_latency.h:58]   --->   Operation 795 'add' 'add_ln58_1234' <Predicate = true> <Delay = 0.00> <CoreInst = "TAddSub">   --->   Core 10 'TAddSub' <Latency = 0> <II = 1> <Delay = 0.34> <IPBlock> <Opcode : '' 'add' 'sub'> <InPorts = 3> <OutPorts = 1> <Sync> <CReg>
ST_1 : Operation 796 [1/1] (0.69ns) (root node of TernaryAdder)   --->   "%add_ln58_1235 = add i21 %add_ln58_1234, i21 %sext_ln17_416" [firmware/nnet_utils/nnet_dense_latency.h:58]   --->   Operation 796 'add' 'add_ln58_1235' <Predicate = true> <Delay = 0.69> <CoreInst = "TAddSub">   --->   Core 10 'TAddSub' <Latency = 0> <II = 1> <Delay = 0.34> <IPBlock> <Opcode : '' 'add' 'sub'> <InPorts = 3> <OutPorts = 1> <Sync> <CReg>
ST_1 : Operation 797 [1/1] (0.00ns)   --->   "%sext_ln58_525 = sext i21 %add_ln58_1235" [firmware/nnet_utils/nnet_dense_latency.h:58]   --->   Operation 797 'sext' 'sext_ln58_525' <Predicate = true> <Delay = 0.00>
ST_1 : Operation 798 [1/1] (0.00ns) (grouped into TernaryAdder)   --->   "%add_ln58_1236 = add i21 %sext_ln17_479, i21 %mult_708" [firmware/nnet_utils/nnet_dense_latency.h:58]   --->   Operation 798 'add' 'add_ln58_1236' <Predicate = true> <Delay = 0.00> <CoreInst = "TAddSub">   --->   Core 10 'TAddSub' <Latency = 0> <II = 1> <Delay = 0.34> <IPBlock> <Opcode : '' 'add' 'sub'> <InPorts = 3> <OutPorts = 1> <Sync> <CReg>
ST_1 : Operation 799 [1/1] (0.78ns)   --->   "%add_ln58_1237 = add i17 %sext_ln73_92, i17 127488" [firmware/nnet_utils/nnet_dense_latency.h:58]   --->   Operation 799 'add' 'add_ln58_1237' <Predicate = true> <Delay = 0.78> <CoreInst = "Adder">   --->   Core 1 'Adder' <Latency = 0> <II = 1> <Delay = 0.78> <FuncUnit> <Opcode : 'add' 'sub'> <InPorts = 2> <OutPorts = 1>
ST_1 : Operation 800 [1/1] (0.00ns)   --->   "%sext_ln58_526 = sext i17 %add_ln58_1237" [firmware/nnet_utils/nnet_dense_latency.h:58]   --->   Operation 800 'sext' 'sext_ln58_526' <Predicate = true> <Delay = 0.00>
ST_1 : Operation 801 [1/1] (0.69ns) (root node of TernaryAdder)   --->   "%add_ln58_1238 = add i21 %sext_ln58_526, i21 %add_ln58_1236" [firmware/nnet_utils/nnet_dense_latency.h:58]   --->   Operation 801 'add' 'add_ln58_1238' <Predicate = true> <Delay = 0.69> <CoreInst = "TAddSub">   --->   Core 10 'TAddSub' <Latency = 0> <II = 1> <Delay = 0.34> <IPBlock> <Opcode : '' 'add' 'sub'> <InPorts = 3> <OutPorts = 1> <Sync> <CReg>
ST_1 : Operation 802 [1/1] (0.00ns)   --->   "%sext_ln58_527 = sext i21 %add_ln58_1238" [firmware/nnet_utils/nnet_dense_latency.h:58]   --->   Operation 802 'sext' 'sext_ln58_527' <Predicate = true> <Delay = 0.00>
ST_1 : Operation 803 [1/1] (0.81ns)   --->   "%add_ln58_1239 = add i22 %sext_ln58_527, i22 %sext_ln58_525" [firmware/nnet_utils/nnet_dense_latency.h:58]   --->   Operation 803 'add' 'add_ln58_1239' <Predicate = true> <Delay = 0.81> <CoreInst = "Adder">   --->   Core 1 'Adder' <Latency = 0> <II = 1> <Delay = 0.81> <FuncUnit> <Opcode : 'add' 'sub'> <InPorts = 2> <OutPorts = 1>
ST_1 : Operation 804 [1/1] (0.80ns)   --->   "%add_ln58_1241 = add i19 %trunc_ln17_9, i19 %sext_ln17_392" [firmware/nnet_utils/nnet_dense_latency.h:58]   --->   Operation 804 'add' 'add_ln58_1241' <Predicate = true> <Delay = 0.80> <CoreInst = "Adder">   --->   Core 1 'Adder' <Latency = 0> <II = 1> <Delay = 0.80> <FuncUnit> <Opcode : 'add' 'sub'> <InPorts = 2> <OutPorts = 1>
ST_1 : Operation 805 [1/1] (0.00ns)   --->   "%sext_ln58_530 = sext i19 %add_ln58_1241" [firmware/nnet_utils/nnet_dense_latency.h:58]   --->   Operation 805 'sext' 'sext_ln58_530' <Predicate = true> <Delay = 0.00>
ST_1 : Operation 806 [1/1] (0.00ns) (grouped into TernaryAdder)   --->   "%sub_ln58_20 = sub i20 %sext_ln17_427, i20 %sext_ln73_154" [firmware/nnet_utils/nnet_dense_latency.h:58]   --->   Operation 806 'sub' 'sub_ln58_20' <Predicate = true> <Delay = 0.00> <CoreInst = "TAddSub">   --->   Core 10 'TAddSub' <Latency = 0> <II = 1> <Delay = 0.34> <IPBlock> <Opcode : '' 'add' 'sub'> <InPorts = 3> <OutPorts = 1> <Sync> <CReg>
ST_1 : Operation 807 [1/1] (0.68ns) (root node of TernaryAdder)   --->   "%add_ln58_1242 = add i20 %sub_ln58_20, i20 %sext_ln17_403" [firmware/nnet_utils/nnet_dense_latency.h:58]   --->   Operation 807 'add' 'add_ln58_1242' <Predicate = true> <Delay = 0.68> <CoreInst = "TAddSub">   --->   Core 10 'TAddSub' <Latency = 0> <II = 1> <Delay = 0.34> <IPBlock> <Opcode : '' 'add' 'sub'> <InPorts = 3> <OutPorts = 1> <Sync> <CReg>
ST_1 : Operation 808 [1/1] (0.00ns)   --->   "%sext_ln58_531 = sext i20 %add_ln58_1242" [firmware/nnet_utils/nnet_dense_latency.h:58]   --->   Operation 808 'sext' 'sext_ln58_531' <Predicate = true> <Delay = 0.00>
ST_1 : Operation 809 [1/1] (0.00ns) (grouped into TernaryAdder)   --->   "%add_ln58_1243 = add i21 %sext_ln58_531, i21 %sext_ln58_530" [firmware/nnet_utils/nnet_dense_latency.h:58]   --->   Operation 809 'add' 'add_ln58_1243' <Predicate = true> <Delay = 0.00> <CoreInst = "TAddSub">   --->   Core 10 'TAddSub' <Latency = 0> <II = 1> <Delay = 0.34> <IPBlock> <Opcode : '' 'add' 'sub'> <InPorts = 3> <OutPorts = 1> <Sync> <CReg>
ST_1 : Operation 810 [1/1] (0.80ns)   --->   "%sub_ln58_21 = sub i19 %mult_671, i19 %sext_ln73_178" [firmware/nnet_utils/nnet_dense_latency.h:58]   --->   Operation 810 'sub' 'sub_ln58_21' <Predicate = true> <Delay = 0.80> <CoreInst = "Adder">   --->   Core 1 'Adder' <Latency = 0> <II = 1> <Delay = 0.80> <FuncUnit> <Opcode : 'add' 'sub'> <InPorts = 2> <OutPorts = 1>
ST_1 : Operation 811 [1/1] (0.00ns)   --->   "%sext_ln58_532 = sext i19 %sub_ln58_21" [firmware/nnet_utils/nnet_dense_latency.h:58]   --->   Operation 811 'sext' 'sext_ln58_532' <Predicate = true> <Delay = 0.00>
ST_1 : Operation 812 [1/1] (0.78ns)   --->   "%add_ln58_1244 = add i17 %sext_ln73_37, i17 7680" [firmware/nnet_utils/nnet_dense_latency.h:58]   --->   Operation 812 'add' 'add_ln58_1244' <Predicate = true> <Delay = 0.78> <CoreInst = "Adder">   --->   Core 1 'Adder' <Latency = 0> <II = 1> <Delay = 0.78> <FuncUnit> <Opcode : 'add' 'sub'> <InPorts = 2> <OutPorts = 1>
ST_1 : Operation 813 [1/1] (0.00ns)   --->   "%sext_ln58_533 = sext i17 %add_ln58_1244" [firmware/nnet_utils/nnet_dense_latency.h:58]   --->   Operation 813 'sext' 'sext_ln58_533' <Predicate = true> <Delay = 0.00>
ST_1 : Operation 814 [1/1] (0.79ns)   --->   "%add_ln58_1245 = add i18 %sext_ln58_533, i18 %sext_ln73_184" [firmware/nnet_utils/nnet_dense_latency.h:58]   --->   Operation 814 'add' 'add_ln58_1245' <Predicate = true> <Delay = 0.79> <CoreInst = "Adder">   --->   Core 1 'Adder' <Latency = 0> <II = 1> <Delay = 0.79> <FuncUnit> <Opcode : 'add' 'sub'> <InPorts = 2> <OutPorts = 1>
ST_1 : Operation 815 [1/1] (0.00ns)   --->   "%sext_ln58_534 = sext i18 %add_ln58_1245" [firmware/nnet_utils/nnet_dense_latency.h:58]   --->   Operation 815 'sext' 'sext_ln58_534' <Predicate = true> <Delay = 0.00>
ST_1 : Operation 816 [1/1] (0.80ns)   --->   "%add_ln58_1246 = add i20 %sext_ln58_534, i20 %sext_ln58_532" [firmware/nnet_utils/nnet_dense_latency.h:58]   --->   Operation 816 'add' 'add_ln58_1246' <Predicate = true> <Delay = 0.80> <CoreInst = "Adder">   --->   Core 1 'Adder' <Latency = 0> <II = 1> <Delay = 0.80> <FuncUnit> <Opcode : 'add' 'sub'> <InPorts = 2> <OutPorts = 1>
ST_1 : Operation 817 [1/1] (0.00ns)   --->   "%sext_ln58_535 = sext i20 %add_ln58_1246" [firmware/nnet_utils/nnet_dense_latency.h:58]   --->   Operation 817 'sext' 'sext_ln58_535' <Predicate = true> <Delay = 0.00>
ST_1 : Operation 818 [1/1] (0.69ns) (root node of TernaryAdder)   --->   "%add_ln58_1247 = add i21 %sext_ln58_535, i21 %add_ln58_1243" [firmware/nnet_utils/nnet_dense_latency.h:58]   --->   Operation 818 'add' 'add_ln58_1247' <Predicate = true> <Delay = 0.69> <CoreInst = "TAddSub">   --->   Core 10 'TAddSub' <Latency = 0> <II = 1> <Delay = 0.34> <IPBlock> <Opcode : '' 'add' 'sub'> <InPorts = 3> <OutPorts = 1> <Sync> <CReg>
ST_1 : Operation 819 [1/1] (0.00ns) (grouped into TernaryAdder)   --->   "%add_ln58_1248 = add i20 %mult_500, i20 %sext_ln73_131" [firmware/nnet_utils/nnet_dense_latency.h:58]   --->   Operation 819 'add' 'add_ln58_1248' <Predicate = true> <Delay = 0.00> <CoreInst = "TAddSub">   --->   Core 10 'TAddSub' <Latency = 0> <II = 1> <Delay = 0.34> <IPBlock> <Opcode : '' 'add' 'sub'> <InPorts = 3> <OutPorts = 1> <Sync> <CReg>
ST_1 : Operation 820 [1/1] (0.78ns)   --->   "%add_ln58_1249 = add i17 %sext_ln73_64, i17 %sext_ln73_153" [firmware/nnet_utils/nnet_dense_latency.h:58]   --->   Operation 820 'add' 'add_ln58_1249' <Predicate = true> <Delay = 0.78> <CoreInst = "Adder">   --->   Core 1 'Adder' <Latency = 0> <II = 1> <Delay = 0.78> <FuncUnit> <Opcode : 'add' 'sub'> <InPorts = 2> <OutPorts = 1>
ST_1 : Operation 821 [1/1] (0.00ns)   --->   "%sext_ln58_567 = sext i17 %add_ln58_1249" [firmware/nnet_utils/nnet_dense_latency.h:58]   --->   Operation 821 'sext' 'sext_ln58_567' <Predicate = true> <Delay = 0.00>
ST_1 : Operation 822 [1/1] (0.00ns)   --->   "%p_shl103 = bitconcatenate i19 @_ssdm_op_BitConcatenate.i19.i17.i2, i17 %add_ln58_1249, i2 0" [firmware/nnet_utils/nnet_dense_latency.h:58]   --->   Operation 822 'bitconcatenate' 'p_shl103' <Predicate = true> <Delay = 0.00>
ST_1 : Operation 823 [1/1] (0.80ns)   --->   "%sub_ln58_22 = sub i19 %p_shl103, i19 %sext_ln58_567" [firmware/nnet_utils/nnet_dense_latency.h:58]   --->   Operation 823 'sub' 'sub_ln58_22' <Predicate = true> <Delay = 0.80> <CoreInst = "Adder">   --->   Core 1 'Adder' <Latency = 0> <II = 1> <Delay = 0.80> <FuncUnit> <Opcode : 'add' 'sub'> <InPorts = 2> <OutPorts = 1>
ST_1 : Operation 824 [1/1] (0.00ns)   --->   "%sext_ln58_537 = sext i19 %sub_ln58_22" [firmware/nnet_utils/nnet_dense_latency.h:58]   --->   Operation 824 'sext' 'sext_ln58_537' <Predicate = true> <Delay = 0.00>
ST_1 : Operation 825 [1/1] (0.68ns) (root node of TernaryAdder)   --->   "%add_ln58_1250 = add i20 %sext_ln58_537, i20 %add_ln58_1248" [firmware/nnet_utils/nnet_dense_latency.h:58]   --->   Operation 825 'add' 'add_ln58_1250' <Predicate = true> <Delay = 0.68> <CoreInst = "TAddSub">   --->   Core 10 'TAddSub' <Latency = 0> <II = 1> <Delay = 0.34> <IPBlock> <Opcode : '' 'add' 'sub'> <InPorts = 3> <OutPorts = 1> <Sync> <CReg>
ST_1 : Operation 826 [1/1] (0.00ns)   --->   "%sext_ln58_538 = sext i20 %add_ln58_1250" [firmware/nnet_utils/nnet_dense_latency.h:58]   --->   Operation 826 'sext' 'sext_ln58_538' <Predicate = true> <Delay = 0.00>
ST_1 : Operation 827 [1/1] (0.00ns) (grouped into TernaryAdder)   --->   "%add_ln58_1251 = add i20 %mult_698, i20 %mult_707" [firmware/nnet_utils/nnet_dense_latency.h:58]   --->   Operation 827 'add' 'add_ln58_1251' <Predicate = true> <Delay = 0.00> <CoreInst = "TAddSub">   --->   Core 10 'TAddSub' <Latency = 0> <II = 1> <Delay = 0.34> <IPBlock> <Opcode : '' 'add' 'sub'> <InPorts = 3> <OutPorts = 1> <Sync> <CReg>
ST_1 : Operation 828 [1/1] (0.78ns)   --->   "%add_ln58_1252 = add i17 %sext_ln73_92, i17 3072" [firmware/nnet_utils/nnet_dense_latency.h:58]   --->   Operation 828 'add' 'add_ln58_1252' <Predicate = true> <Delay = 0.78> <CoreInst = "Adder">   --->   Core 1 'Adder' <Latency = 0> <II = 1> <Delay = 0.78> <FuncUnit> <Opcode : 'add' 'sub'> <InPorts = 2> <OutPorts = 1>
ST_1 : Operation 829 [1/1] (0.00ns)   --->   "%sext_ln58_539 = sext i17 %add_ln58_1252" [firmware/nnet_utils/nnet_dense_latency.h:58]   --->   Operation 829 'sext' 'sext_ln58_539' <Predicate = true> <Delay = 0.00>
ST_1 : Operation 830 [1/1] (0.79ns)   --->   "%add_ln58_1253 = add i18 %sext_ln58_539, i18 %sext_ln73_58" [firmware/nnet_utils/nnet_dense_latency.h:58]   --->   Operation 830 'add' 'add_ln58_1253' <Predicate = true> <Delay = 0.79> <CoreInst = "Adder">   --->   Core 1 'Adder' <Latency = 0> <II = 1> <Delay = 0.79> <FuncUnit> <Opcode : 'add' 'sub'> <InPorts = 2> <OutPorts = 1>
ST_1 : Operation 831 [1/1] (0.00ns)   --->   "%sext_ln58_540 = sext i18 %add_ln58_1253" [firmware/nnet_utils/nnet_dense_latency.h:58]   --->   Operation 831 'sext' 'sext_ln58_540' <Predicate = true> <Delay = 0.00>
ST_1 : Operation 832 [1/1] (0.68ns) (root node of TernaryAdder)   --->   "%add_ln58_1254 = add i20 %sext_ln58_540, i20 %add_ln58_1251" [firmware/nnet_utils/nnet_dense_latency.h:58]   --->   Operation 832 'add' 'add_ln58_1254' <Predicate = true> <Delay = 0.68> <CoreInst = "TAddSub">   --->   Core 10 'TAddSub' <Latency = 0> <II = 1> <Delay = 0.34> <IPBlock> <Opcode : '' 'add' 'sub'> <InPorts = 3> <OutPorts = 1> <Sync> <CReg>
ST_1 : Operation 833 [1/1] (0.00ns)   --->   "%sext_ln58_541 = sext i20 %add_ln58_1254" [firmware/nnet_utils/nnet_dense_latency.h:58]   --->   Operation 833 'sext' 'sext_ln58_541' <Predicate = true> <Delay = 0.00>
ST_1 : Operation 834 [1/1] (0.80ns)   --->   "%add_ln58_1255 = add i21 %sext_ln58_541, i21 %sext_ln58_538" [firmware/nnet_utils/nnet_dense_latency.h:58]   --->   Operation 834 'add' 'add_ln58_1255' <Predicate = true> <Delay = 0.80> <CoreInst = "Adder">   --->   Core 1 'Adder' <Latency = 0> <II = 1> <Delay = 0.80> <FuncUnit> <Opcode : 'add' 'sub'> <InPorts = 2> <OutPorts = 1>
ST_1 : Operation 835 [1/1] (0.00ns) (grouped into TernaryAdder)   --->   "%add_ln58_1256 = add i21 %sext_ln17_364, i21 %sext_ln17_376" [firmware/nnet_utils/nnet_dense_latency.h:58]   --->   Operation 835 'add' 'add_ln58_1256' <Predicate = true> <Delay = 0.00> <CoreInst = "TAddSub">   --->   Core 10 'TAddSub' <Latency = 0> <II = 1> <Delay = 0.34> <IPBlock> <Opcode : '' 'add' 'sub'> <InPorts = 3> <OutPorts = 1> <Sync> <CReg>
ST_1 : Operation 836 [1/1] (0.69ns) (root node of TernaryAdder)   --->   "%add_ln58_1257 = add i21 %add_ln58_1256, i21 %sext_ln17_332" [firmware/nnet_utils/nnet_dense_latency.h:58]   --->   Operation 836 'add' 'add_ln58_1257' <Predicate = true> <Delay = 0.69> <CoreInst = "TAddSub">   --->   Core 10 'TAddSub' <Latency = 0> <II = 1> <Delay = 0.34> <IPBlock> <Opcode : '' 'add' 'sub'> <InPorts = 3> <OutPorts = 1> <Sync> <CReg>
ST_1 : Operation 837 [1/1] (0.00ns)   --->   "%sext_ln58_543 = sext i21 %add_ln58_1257" [firmware/nnet_utils/nnet_dense_latency.h:58]   --->   Operation 837 'sext' 'sext_ln58_543' <Predicate = true> <Delay = 0.00>
ST_1 : Operation 838 [1/1] (0.00ns) (grouped into TernaryAdder)   --->   "%add_ln58_1258 = add i20 %add_ln17_10, i20 %mult_617" [firmware/nnet_utils/nnet_dense_latency.h:58]   --->   Operation 838 'add' 'add_ln58_1258' <Predicate = true> <Delay = 0.00> <CoreInst = "TAddSub">   --->   Core 10 'TAddSub' <Latency = 0> <II = 1> <Delay = 0.34> <IPBlock> <Opcode : '' 'add' 'sub'> <InPorts = 3> <OutPorts = 1> <Sync> <CReg>
ST_1 : Operation 839 [1/1] (0.68ns) (root node of TernaryAdder)   --->   "%add_ln58_1259 = add i20 %add_ln58_1258, i20 %sext_ln73_131" [firmware/nnet_utils/nnet_dense_latency.h:58]   --->   Operation 839 'add' 'add_ln58_1259' <Predicate = true> <Delay = 0.68> <CoreInst = "TAddSub">   --->   Core 10 'TAddSub' <Latency = 0> <II = 1> <Delay = 0.34> <IPBlock> <Opcode : '' 'add' 'sub'> <InPorts = 3> <OutPorts = 1> <Sync> <CReg>
ST_1 : Operation 840 [1/1] (0.00ns)   --->   "%sext_ln58_544 = sext i20 %add_ln58_1259" [firmware/nnet_utils/nnet_dense_latency.h:58]   --->   Operation 840 'sext' 'sext_ln58_544' <Predicate = true> <Delay = 0.00>
ST_1 : Operation 841 [1/1] (0.81ns)   --->   "%add_ln58_1260 = add i22 %sext_ln58_544, i22 %sext_ln58_543" [firmware/nnet_utils/nnet_dense_latency.h:58]   --->   Operation 841 'add' 'add_ln58_1260' <Predicate = true> <Delay = 0.81> <CoreInst = "Adder">   --->   Core 1 'Adder' <Latency = 0> <II = 1> <Delay = 0.81> <FuncUnit> <Opcode : 'add' 'sub'> <InPorts = 2> <OutPorts = 1>
ST_1 : Operation 842 [1/1] (0.00ns)   --->   "%sext_ln58_545 = sext i22 %add_ln58_1260" [firmware/nnet_utils/nnet_dense_latency.h:58]   --->   Operation 842 'sext' 'sext_ln58_545' <Predicate = true> <Delay = 0.00>
ST_1 : Operation 843 [1/1] (0.00ns) (grouped into TernaryAdder)   --->   "%add_ln58_1261 = add i21 %mult_685, i21 %sext_ln17_486" [firmware/nnet_utils/nnet_dense_latency.h:58]   --->   Operation 843 'add' 'add_ln58_1261' <Predicate = true> <Delay = 0.00> <CoreInst = "TAddSub">   --->   Core 10 'TAddSub' <Latency = 0> <II = 1> <Delay = 0.34> <IPBlock> <Opcode : '' 'add' 'sub'> <InPorts = 3> <OutPorts = 1> <Sync> <CReg>
ST_1 : Operation 844 [1/1] (0.69ns) (root node of TernaryAdder)   --->   "%add_ln58_1262 = add i21 %add_ln58_1261, i21 %mult_657" [firmware/nnet_utils/nnet_dense_latency.h:58]   --->   Operation 844 'add' 'add_ln58_1262' <Predicate = true> <Delay = 0.69> <CoreInst = "TAddSub">   --->   Core 10 'TAddSub' <Latency = 0> <II = 1> <Delay = 0.34> <IPBlock> <Opcode : '' 'add' 'sub'> <InPorts = 3> <OutPorts = 1> <Sync> <CReg>
ST_1 : Operation 845 [1/1] (0.00ns)   --->   "%sext_ln58_546 = sext i21 %add_ln58_1262" [firmware/nnet_utils/nnet_dense_latency.h:58]   --->   Operation 845 'sext' 'sext_ln58_546' <Predicate = true> <Delay = 0.00>
ST_1 : Operation 846 [1/1] (0.78ns)   --->   "%add_ln58_1263 = add i17 %sext_ln73_59, i17 1536" [firmware/nnet_utils/nnet_dense_latency.h:58]   --->   Operation 846 'add' 'add_ln58_1263' <Predicate = true> <Delay = 0.78> <CoreInst = "Adder">   --->   Core 1 'Adder' <Latency = 0> <II = 1> <Delay = 0.78> <FuncUnit> <Opcode : 'add' 'sub'> <InPorts = 2> <OutPorts = 1>
ST_1 : Operation 847 [1/1] (0.00ns)   --->   "%sext_ln58_547 = sext i17 %add_ln58_1263" [firmware/nnet_utils/nnet_dense_latency.h:58]   --->   Operation 847 'sext' 'sext_ln58_547' <Predicate = true> <Delay = 0.00>
ST_1 : Operation 848 [1/1] (0.68ns) (root node of TernaryAdder)   --->   "%add_ln58_1264 = add i20 %sext_ln58_547, i20 %sub_ln17_19" [firmware/nnet_utils/nnet_dense_latency.h:58]   --->   Operation 848 'add' 'add_ln58_1264' <Predicate = true> <Delay = 0.68> <CoreInst = "TAddSub">   --->   Core 10 'TAddSub' <Latency = 0> <II = 1> <Delay = 0.34> <IPBlock> <Opcode : '' 'add' 'sub'> <InPorts = 3> <OutPorts = 1> <Sync> <CReg>
ST_1 : Operation 849 [1/1] (0.00ns)   --->   "%sext_ln58_548 = sext i20 %add_ln58_1264" [firmware/nnet_utils/nnet_dense_latency.h:58]   --->   Operation 849 'sext' 'sext_ln58_548' <Predicate = true> <Delay = 0.00>
ST_1 : Operation 850 [1/1] (0.81ns)   --->   "%add_ln58_1265 = add i22 %sext_ln58_548, i22 %sext_ln58_546" [firmware/nnet_utils/nnet_dense_latency.h:58]   --->   Operation 850 'add' 'add_ln58_1265' <Predicate = true> <Delay = 0.81> <CoreInst = "Adder">   --->   Core 1 'Adder' <Latency = 0> <II = 1> <Delay = 0.81> <FuncUnit> <Opcode : 'add' 'sub'> <InPorts = 2> <OutPorts = 1>
ST_1 : Operation 851 [1/1] (0.00ns)   --->   "%sext_ln58_549 = sext i22 %add_ln58_1265" [firmware/nnet_utils/nnet_dense_latency.h:58]   --->   Operation 851 'sext' 'sext_ln58_549' <Predicate = true> <Delay = 0.00>
ST_1 : Operation 852 [1/1] (0.82ns)   --->   "%add_ln58_1266 = add i23 %sext_ln58_549, i23 %sext_ln58_545" [firmware/nnet_utils/nnet_dense_latency.h:58]   --->   Operation 852 'add' 'add_ln58_1266' <Predicate = true> <Delay = 0.82> <CoreInst = "Adder">   --->   Core 1 'Adder' <Latency = 0> <II = 1> <Delay = 0.82> <FuncUnit> <Opcode : 'add' 'sub'> <InPorts = 2> <OutPorts = 1>
ST_1 : Operation 853 [1/1] (0.00ns) (grouped into TernaryAdder)   --->   "%add_ln58_1267 = add i21 %sext_ln17_358, i21 %trunc_ln17_5" [firmware/nnet_utils/nnet_dense_latency.h:58]   --->   Operation 853 'add' 'add_ln58_1267' <Predicate = true> <Delay = 0.00> <CoreInst = "TAddSub">   --->   Core 10 'TAddSub' <Latency = 0> <II = 1> <Delay = 0.34> <IPBlock> <Opcode : '' 'add' 'sub'> <InPorts = 3> <OutPorts = 1> <Sync> <CReg>
ST_1 : Operation 854 [1/1] (0.69ns) (root node of TernaryAdder)   --->   "%add_ln58_1268 = add i21 %add_ln58_1267, i21 %sext_ln17_347" [firmware/nnet_utils/nnet_dense_latency.h:58]   --->   Operation 854 'add' 'add_ln58_1268' <Predicate = true> <Delay = 0.69> <CoreInst = "TAddSub">   --->   Core 10 'TAddSub' <Latency = 0> <II = 1> <Delay = 0.34> <IPBlock> <Opcode : '' 'add' 'sub'> <InPorts = 3> <OutPorts = 1> <Sync> <CReg>
ST_1 : Operation 855 [1/1] (0.00ns)   --->   "%sext_ln58_551 = sext i21 %add_ln58_1268" [firmware/nnet_utils/nnet_dense_latency.h:58]   --->   Operation 855 'sext' 'sext_ln58_551' <Predicate = true> <Delay = 0.00>
ST_1 : Operation 856 [1/1] (0.80ns)   --->   "%add_ln58_1269 = add i19 %trunc_ln17_11, i19 %sext_ln17_420" [firmware/nnet_utils/nnet_dense_latency.h:58]   --->   Operation 856 'add' 'add_ln58_1269' <Predicate = true> <Delay = 0.80> <CoreInst = "Adder">   --->   Core 1 'Adder' <Latency = 0> <II = 1> <Delay = 0.80> <FuncUnit> <Opcode : 'add' 'sub'> <InPorts = 2> <OutPorts = 1>
ST_1 : Operation 857 [1/1] (0.00ns)   --->   "%sext_ln58_552 = sext i19 %add_ln58_1269" [firmware/nnet_utils/nnet_dense_latency.h:58]   --->   Operation 857 'sext' 'sext_ln58_552' <Predicate = true> <Delay = 0.00>
ST_1 : Operation 858 [1/1] (0.81ns)   --->   "%add_ln58_1270 = add i21 %sext_ln58_552, i21 %mult_567" [firmware/nnet_utils/nnet_dense_latency.h:58]   --->   Operation 858 'add' 'add_ln58_1270' <Predicate = true> <Delay = 0.81> <CoreInst = "Adder">   --->   Core 1 'Adder' <Latency = 0> <II = 1> <Delay = 0.81> <FuncUnit> <Opcode : 'add' 'sub'> <InPorts = 2> <OutPorts = 1>
ST_1 : Operation 859 [1/1] (0.00ns)   --->   "%sext_ln58_553 = sext i21 %add_ln58_1270" [firmware/nnet_utils/nnet_dense_latency.h:58]   --->   Operation 859 'sext' 'sext_ln58_553' <Predicate = true> <Delay = 0.00>
ST_1 : Operation 860 [1/1] (0.81ns)   --->   "%add_ln58_1271 = add i22 %sext_ln58_553, i22 %sext_ln58_551" [firmware/nnet_utils/nnet_dense_latency.h:58]   --->   Operation 860 'add' 'add_ln58_1271' <Predicate = true> <Delay = 0.81> <CoreInst = "Adder">   --->   Core 1 'Adder' <Latency = 0> <II = 1> <Delay = 0.81> <FuncUnit> <Opcode : 'add' 'sub'> <InPorts = 2> <OutPorts = 1>
ST_1 : Operation 861 [1/1] (0.00ns) (grouped into TernaryAdder)   --->   "%sub_ln58_4 = sub i18 %sext_ln17_449, i18 %sext_ln73_83" [firmware/nnet_utils/nnet_dense_latency.h:58]   --->   Operation 861 'sub' 'sub_ln58_4' <Predicate = true> <Delay = 0.00> <CoreInst = "TAddSub">   --->   Core 10 'TAddSub' <Latency = 0> <II = 1> <Delay = 0.34> <IPBlock> <Opcode : '' 'add' 'sub'> <InPorts = 3> <OutPorts = 1> <Sync> <CReg>
ST_1 : Operation 862 [1/1] (0.68ns) (root node of TernaryAdder)   --->   "%add_ln58_1272 = add i18 %sub_ln58_4, i18 %sext_ln17_426" [firmware/nnet_utils/nnet_dense_latency.h:58]   --->   Operation 862 'add' 'add_ln58_1272' <Predicate = true> <Delay = 0.68> <CoreInst = "TAddSub">   --->   Core 10 'TAddSub' <Latency = 0> <II = 1> <Delay = 0.34> <IPBlock> <Opcode : '' 'add' 'sub'> <InPorts = 3> <OutPorts = 1> <Sync> <CReg>
ST_1 : Operation 863 [1/1] (0.00ns)   --->   "%sext_ln58_555 = sext i18 %add_ln58_1272" [firmware/nnet_utils/nnet_dense_latency.h:58]   --->   Operation 863 'sext' 'sext_ln58_555' <Predicate = true> <Delay = 0.00>
ST_1 : Operation 864 [1/1] (0.81ns)   --->   "%add_ln58_1273 = add i21 %sext_ln17_477, i21 %mul_ln17_14" [firmware/nnet_utils/nnet_dense_latency.h:58]   --->   Operation 864 'add' 'add_ln58_1273' <Predicate = true> <Delay = 0.81> <CoreInst = "Adder">   --->   Core 1 'Adder' <Latency = 0> <II = 1> <Delay = 0.81> <FuncUnit> <Opcode : 'add' 'sub'> <InPorts = 2> <OutPorts = 1>
ST_1 : Operation 865 [1/1] (0.78ns)   --->   "%add_ln58_1274 = add i17 %sext_ln73_64, i17 512" [firmware/nnet_utils/nnet_dense_latency.h:58]   --->   Operation 865 'add' 'add_ln58_1274' <Predicate = true> <Delay = 0.78> <CoreInst = "Adder">   --->   Core 1 'Adder' <Latency = 0> <II = 1> <Delay = 0.78> <FuncUnit> <Opcode : 'add' 'sub'> <InPorts = 2> <OutPorts = 1>
ST_1 : Operation 866 [1/1] (0.00ns)   --->   "%sext_ln58_556 = sext i17 %add_ln58_1274" [firmware/nnet_utils/nnet_dense_latency.h:58]   --->   Operation 866 'sext' 'sext_ln58_556' <Predicate = true> <Delay = 0.00>
ST_1 : Operation 867 [1/1] (0.00ns) (grouped into TernaryAdder)   --->   "%add_ln58_1275 = add i21 %sext_ln58_556, i21 %add_ln58_1273" [firmware/nnet_utils/nnet_dense_latency.h:58]   --->   Operation 867 'add' 'add_ln58_1275' <Predicate = true> <Delay = 0.00> <CoreInst = "TAddSub">   --->   Core 10 'TAddSub' <Latency = 0> <II = 1> <Delay = 0.34> <IPBlock> <Opcode : '' 'add' 'sub'> <InPorts = 3> <OutPorts = 1> <Sync> <CReg>
ST_1 : Operation 868 [1/1] (0.69ns) (root node of TernaryAdder)   --->   "%add_ln58_1276 = add i21 %add_ln58_1275, i21 %sext_ln58_555" [firmware/nnet_utils/nnet_dense_latency.h:58]   --->   Operation 868 'add' 'add_ln58_1276' <Predicate = true> <Delay = 0.69> <CoreInst = "TAddSub">   --->   Core 10 'TAddSub' <Latency = 0> <II = 1> <Delay = 0.34> <IPBlock> <Opcode : '' 'add' 'sub'> <InPorts = 3> <OutPorts = 1> <Sync> <CReg>
ST_1 : Operation 869 [1/1] (0.68ns) (root node of TernaryAdder)   --->   "%add_ln58_1278 = add i20 %sext_ln17_351, i20 %mult_537" [firmware/nnet_utils/nnet_dense_latency.h:58]   --->   Operation 869 'add' 'add_ln58_1278' <Predicate = true> <Delay = 0.68> <CoreInst = "TAddSub">   --->   Core 10 'TAddSub' <Latency = 0> <II = 1> <Delay = 0.34> <IPBlock> <Opcode : '' 'add' 'sub'> <InPorts = 3> <OutPorts = 1> <Sync> <CReg>
ST_1 : Operation 870 [1/1] (0.00ns)   --->   "%sext_ln58_559 = sext i20 %add_ln58_1278" [firmware/nnet_utils/nnet_dense_latency.h:58]   --->   Operation 870 'sext' 'sext_ln58_559' <Predicate = true> <Delay = 0.00>
ST_1 : Operation 871 [1/1] (0.80ns)   --->   "%add_ln58_1279 = add i20 %trunc_ln17_7, i20 %sext_ln17_393" [firmware/nnet_utils/nnet_dense_latency.h:58]   --->   Operation 871 'add' 'add_ln58_1279' <Predicate = true> <Delay = 0.80> <CoreInst = "Adder">   --->   Core 1 'Adder' <Latency = 0> <II = 1> <Delay = 0.80> <FuncUnit> <Opcode : 'add' 'sub'> <InPorts = 2> <OutPorts = 1>
ST_1 : Operation 872 [1/1] (0.00ns)   --->   "%sext_ln58_560 = sext i20 %add_ln58_1279" [firmware/nnet_utils/nnet_dense_latency.h:58]   --->   Operation 872 'sext' 'sext_ln58_560' <Predicate = true> <Delay = 0.00>
ST_1 : Operation 873 [1/1] (0.00ns) (grouped into TernaryAdder)   --->   "%add_ln58_1280 = add i21 %sext_ln58_560, i21 %mult_554" [firmware/nnet_utils/nnet_dense_latency.h:58]   --->   Operation 873 'add' 'add_ln58_1280' <Predicate = true> <Delay = 0.00> <CoreInst = "TAddSub">   --->   Core 10 'TAddSub' <Latency = 0> <II = 1> <Delay = 0.34> <IPBlock> <Opcode : '' 'add' 'sub'> <InPorts = 3> <OutPorts = 1> <Sync> <CReg>
ST_1 : Operation 874 [1/1] (0.69ns) (root node of TernaryAdder)   --->   "%add_ln58_1281 = add i21 %add_ln58_1280, i21 %sext_ln58_559" [firmware/nnet_utils/nnet_dense_latency.h:58]   --->   Operation 874 'add' 'add_ln58_1281' <Predicate = true> <Delay = 0.69> <CoreInst = "TAddSub">   --->   Core 10 'TAddSub' <Latency = 0> <II = 1> <Delay = 0.34> <IPBlock> <Opcode : '' 'add' 'sub'> <InPorts = 3> <OutPorts = 1> <Sync> <CReg>
ST_1 : Operation 875 [1/1] (0.69ns) (root node of TernaryAdder)   --->   "%add_ln58_1282 = add i22 %sext_ln17_423, i22 %mult_715" [firmware/nnet_utils/nnet_dense_latency.h:58]   --->   Operation 875 'add' 'add_ln58_1282' <Predicate = true> <Delay = 0.69> <CoreInst = "TAddSub">   --->   Core 10 'TAddSub' <Latency = 0> <II = 1> <Delay = 0.34> <IPBlock> <Opcode : '' 'add' 'sub'> <InPorts = 3> <OutPorts = 1> <Sync> <CReg>
ST_1 : Operation 876 [1/1] (0.00ns) (grouped into TernaryAdder)   --->   "%add_ln58_1283 = add i22 %add_ln58_1282, i22 %sext_ln17_418" [firmware/nnet_utils/nnet_dense_latency.h:58]   --->   Operation 876 'add' 'add_ln58_1283' <Predicate = true> <Delay = 0.00> <CoreInst = "TAddSub">   --->   Core 10 'TAddSub' <Latency = 0> <II = 1> <Delay = 0.34> <IPBlock> <Opcode : '' 'add' 'sub'> <InPorts = 3> <OutPorts = 1> <Sync> <CReg>
ST_1 : Operation 877 [1/1] (0.78ns)   --->   "%add_ln58_1284 = add i17 %sext_ln73_92, i17 6144" [firmware/nnet_utils/nnet_dense_latency.h:58]   --->   Operation 877 'add' 'add_ln58_1284' <Predicate = true> <Delay = 0.78> <CoreInst = "Adder">   --->   Core 1 'Adder' <Latency = 0> <II = 1> <Delay = 0.78> <FuncUnit> <Opcode : 'add' 'sub'> <InPorts = 2> <OutPorts = 1>
ST_1 : Operation 878 [1/1] (0.00ns)   --->   "%sext_ln58_562 = sext i17 %add_ln58_1284" [firmware/nnet_utils/nnet_dense_latency.h:58]   --->   Operation 878 'sext' 'sext_ln58_562' <Predicate = true> <Delay = 0.00>
ST_1 : Operation 879 [1/1] (0.79ns)   --->   "%add_ln58_1285 = add i18 %sext_ln58_562, i18 %sext_ln73_89" [firmware/nnet_utils/nnet_dense_latency.h:58]   --->   Operation 879 'add' 'add_ln58_1285' <Predicate = true> <Delay = 0.79> <CoreInst = "Adder">   --->   Core 1 'Adder' <Latency = 0> <II = 1> <Delay = 0.79> <FuncUnit> <Opcode : 'add' 'sub'> <InPorts = 2> <OutPorts = 1>
ST_1 : Operation 880 [1/1] (0.00ns)   --->   "%sext_ln58_563 = sext i18 %add_ln58_1285" [firmware/nnet_utils/nnet_dense_latency.h:58]   --->   Operation 880 'sext' 'sext_ln58_563' <Predicate = true> <Delay = 0.00>
ST_1 : Operation 881 [1/1] (0.69ns) (root node of TernaryAdder)   --->   "%add_ln58_1286 = add i22 %sext_ln58_563, i22 %add_ln58_1283" [firmware/nnet_utils/nnet_dense_latency.h:58]   --->   Operation 881 'add' 'add_ln58_1286' <Predicate = true> <Delay = 0.69> <CoreInst = "TAddSub">   --->   Core 10 'TAddSub' <Latency = 0> <II = 1> <Delay = 0.34> <IPBlock> <Opcode : '' 'add' 'sub'> <InPorts = 3> <OutPorts = 1> <Sync> <CReg>
ST_1 : Operation 882 [1/1] (0.80ns)   --->   "%add_ln58_1288 = add i20 %sext_ln17_331, i20 %mult_552" [firmware/nnet_utils/nnet_dense_latency.h:58]   --->   Operation 882 'add' 'add_ln58_1288' <Predicate = true> <Delay = 0.80> <CoreInst = "Adder">   --->   Core 1 'Adder' <Latency = 0> <II = 1> <Delay = 0.80> <FuncUnit> <Opcode : 'add' 'sub'> <InPorts = 2> <OutPorts = 1>
ST_1 : Operation 883 [1/1] (0.00ns)   --->   "%sext_ln58_566 = sext i20 %add_ln58_1288" [firmware/nnet_utils/nnet_dense_latency.h:58]   --->   Operation 883 'sext' 'sext_ln58_566' <Predicate = true> <Delay = 0.00>
ST_1 : Operation 884 [1/1] (0.68ns) (root node of TernaryAdder)   --->   "%add_ln58_1289 = add i20 %sub_ln17_11, i20 %mult_645" [firmware/nnet_utils/nnet_dense_latency.h:58]   --->   Operation 884 'add' 'add_ln58_1289' <Predicate = true> <Delay = 0.68> <CoreInst = "TAddSub">   --->   Core 10 'TAddSub' <Latency = 0> <II = 1> <Delay = 0.34> <IPBlock> <Opcode : '' 'add' 'sub'> <InPorts = 3> <OutPorts = 1> <Sync> <CReg>
ST_1 : Operation 885 [1/1] (0.00ns)   --->   "%sext_ln58_795 = sext i19 %mult_605" [firmware/nnet_utils/nnet_dense_latency.h:58]   --->   Operation 885 'sext' 'sext_ln58_795' <Predicate = true> <Delay = 0.00>
ST_1 : Operation 886 [1/1] (0.00ns)   --->   "%sext_ln58_859 = sext i20 %add_ln58_1289" [firmware/nnet_utils/nnet_dense_latency.h:58]   --->   Operation 886 'sext' 'sext_ln58_859' <Predicate = true> <Delay = 0.00>
ST_1 : Operation 887 [1/1] (0.00ns) (grouped into TernaryAdder)   --->   "%sub_ln58_23 = sub i21 %sext_ln58_859, i21 %sext_ln58_795" [firmware/nnet_utils/nnet_dense_latency.h:58]   --->   Operation 887 'sub' 'sub_ln58_23' <Predicate = true> <Delay = 0.00> <CoreInst = "TAddSub">   --->   Core 10 'TAddSub' <Latency = 0> <II = 1> <Delay = 0.34> <IPBlock> <Opcode : '' 'add' 'sub'> <InPorts = 3> <OutPorts = 1> <Sync> <CReg>
ST_1 : Operation 888 [1/1] (0.69ns) (root node of TernaryAdder)   --->   "%add_ln58_1290 = add i21 %sub_ln58_23, i21 %sext_ln58_566" [firmware/nnet_utils/nnet_dense_latency.h:58]   --->   Operation 888 'add' 'add_ln58_1290' <Predicate = true> <Delay = 0.69> <CoreInst = "TAddSub">   --->   Core 10 'TAddSub' <Latency = 0> <II = 1> <Delay = 0.34> <IPBlock> <Opcode : '' 'add' 'sub'> <InPorts = 3> <OutPorts = 1> <Sync> <CReg>
ST_1 : Operation 889 [1/1] (0.79ns)   --->   "%sub_ln58_5 = sub i19 %sext_ln42, i19 %sext_ln73_84" [firmware/nnet_utils/nnet_dense_latency.h:58]   --->   Operation 889 'sub' 'sub_ln58_5' <Predicate = true> <Delay = 0.79> <CoreInst = "Adder">   --->   Core 1 'Adder' <Latency = 0> <II = 1> <Delay = 0.79> <FuncUnit> <Opcode : 'add' 'sub'> <InPorts = 2> <OutPorts = 1>
ST_1 : Operation 890 [1/1] (0.00ns)   --->   "%sext_ln58_569 = sext i19 %sub_ln58_5" [firmware/nnet_utils/nnet_dense_latency.h:58]   --->   Operation 890 'sext' 'sext_ln58_569' <Predicate = true> <Delay = 0.00>
ST_1 : Operation 891 [1/1] (0.78ns)   --->   "%add_ln58_1291 = add i17 %sext_ln73_142, i17 129024" [firmware/nnet_utils/nnet_dense_latency.h:58]   --->   Operation 891 'add' 'add_ln58_1291' <Predicate = true> <Delay = 0.78> <CoreInst = "Adder">   --->   Core 1 'Adder' <Latency = 0> <II = 1> <Delay = 0.78> <FuncUnit> <Opcode : 'add' 'sub'> <InPorts = 2> <OutPorts = 1>
ST_1 : Operation 892 [1/1] (0.00ns)   --->   "%sext_ln58_570 = sext i17 %add_ln58_1291" [firmware/nnet_utils/nnet_dense_latency.h:58]   --->   Operation 892 'sext' 'sext_ln58_570' <Predicate = true> <Delay = 0.00>
ST_1 : Operation 893 [1/1] (0.00ns) (grouped into TernaryAdder)   --->   "%sub_ln58_24 = sub i20 %sext_ln58_570, i20 %sext_ln17_492" [firmware/nnet_utils/nnet_dense_latency.h:58]   --->   Operation 893 'sub' 'sub_ln58_24' <Predicate = true> <Delay = 0.00> <CoreInst = "TAddSub">   --->   Core 10 'TAddSub' <Latency = 0> <II = 1> <Delay = 0.34> <IPBlock> <Opcode : '' 'add' 'sub'> <InPorts = 3> <OutPorts = 1> <Sync> <CReg>
ST_1 : Operation 894 [1/1] (0.68ns) (root node of TernaryAdder)   --->   "%add_ln58_1292 = add i20 %sub_ln58_24, i20 %sext_ln58_569" [firmware/nnet_utils/nnet_dense_latency.h:58]   --->   Operation 894 'add' 'add_ln58_1292' <Predicate = true> <Delay = 0.68> <CoreInst = "TAddSub">   --->   Core 10 'TAddSub' <Latency = 0> <II = 1> <Delay = 0.34> <IPBlock> <Opcode : '' 'add' 'sub'> <InPorts = 3> <OutPorts = 1> <Sync> <CReg>
ST_1 : Operation 895 [1/1] (0.00ns) (grouped into TernaryAdder)   --->   "%sub_ln58_25 = sub i20 %sext_ln17_379, i20 %sext_ln73_113" [firmware/nnet_utils/nnet_dense_latency.h:58]   --->   Operation 895 'sub' 'sub_ln58_25' <Predicate = true> <Delay = 0.00> <CoreInst = "TAddSub">   --->   Core 10 'TAddSub' <Latency = 0> <II = 1> <Delay = 0.34> <IPBlock> <Opcode : '' 'add' 'sub'> <InPorts = 3> <OutPorts = 1> <Sync> <CReg>
ST_1 : Operation 896 [1/1] (0.68ns) (root node of TernaryAdder)   --->   "%add_ln58_1294 = add i20 %sub_ln58_25, i20 %sext_ln17_340" [firmware/nnet_utils/nnet_dense_latency.h:58]   --->   Operation 896 'add' 'add_ln58_1294' <Predicate = true> <Delay = 0.68> <CoreInst = "TAddSub">   --->   Core 10 'TAddSub' <Latency = 0> <II = 1> <Delay = 0.34> <IPBlock> <Opcode : '' 'add' 'sub'> <InPorts = 3> <OutPorts = 1> <Sync> <CReg>
ST_1 : Operation 897 [1/1] (0.00ns)   --->   "%sext_ln58_573 = sext i20 %add_ln58_1294" [firmware/nnet_utils/nnet_dense_latency.h:58]   --->   Operation 897 'sext' 'sext_ln58_573' <Predicate = true> <Delay = 0.00>
ST_1 : Operation 898 [1/1] (0.00ns) (grouped into TernaryAdder)   --->   "%add_ln58_1295 = add i20 %sext_ln17_417, i20 %mult_634" [firmware/nnet_utils/nnet_dense_latency.h:58]   --->   Operation 898 'add' 'add_ln58_1295' <Predicate = true> <Delay = 0.00> <CoreInst = "TAddSub">   --->   Core 10 'TAddSub' <Latency = 0> <II = 1> <Delay = 0.34> <IPBlock> <Opcode : '' 'add' 'sub'> <InPorts = 3> <OutPorts = 1> <Sync> <CReg>
ST_1 : Operation 899 [1/1] (0.68ns) (root node of TernaryAdder)   --->   "%add_ln58_1296 = add i20 %add_ln58_1295, i20 %sext_ln17_405" [firmware/nnet_utils/nnet_dense_latency.h:58]   --->   Operation 899 'add' 'add_ln58_1296' <Predicate = true> <Delay = 0.68> <CoreInst = "TAddSub">   --->   Core 10 'TAddSub' <Latency = 0> <II = 1> <Delay = 0.34> <IPBlock> <Opcode : '' 'add' 'sub'> <InPorts = 3> <OutPorts = 1> <Sync> <CReg>
ST_1 : Operation 900 [1/1] (0.00ns)   --->   "%sext_ln58_574 = sext i20 %add_ln58_1296" [firmware/nnet_utils/nnet_dense_latency.h:58]   --->   Operation 900 'sext' 'sext_ln58_574' <Predicate = true> <Delay = 0.00>
ST_1 : Operation 901 [1/1] (0.80ns)   --->   "%add_ln58_1297 = add i21 %sext_ln58_574, i21 %sext_ln58_573" [firmware/nnet_utils/nnet_dense_latency.h:58]   --->   Operation 901 'add' 'add_ln58_1297' <Predicate = true> <Delay = 0.80> <CoreInst = "Adder">   --->   Core 1 'Adder' <Latency = 0> <II = 1> <Delay = 0.80> <FuncUnit> <Opcode : 'add' 'sub'> <InPorts = 2> <OutPorts = 1>
ST_1 : Operation 902 [1/1] (0.00ns)   --->   "%sext_ln58_575 = sext i21 %add_ln58_1297" [firmware/nnet_utils/nnet_dense_latency.h:58]   --->   Operation 902 'sext' 'sext_ln58_575' <Predicate = true> <Delay = 0.00>
ST_1 : Operation 903 [1/1] (0.00ns) (grouped into TernaryAdder)   --->   "%add_ln58_1298 = add i20 %mult_662, i20 %mult_684" [firmware/nnet_utils/nnet_dense_latency.h:58]   --->   Operation 903 'add' 'add_ln58_1298' <Predicate = true> <Delay = 0.00> <CoreInst = "TAddSub">   --->   Core 10 'TAddSub' <Latency = 0> <II = 1> <Delay = 0.34> <IPBlock> <Opcode : '' 'add' 'sub'> <InPorts = 3> <OutPorts = 1> <Sync> <CReg>
ST_1 : Operation 904 [1/1] (0.68ns) (root node of TernaryAdder)   --->   "%add_ln58_1299 = add i20 %add_ln58_1298, i20 %sext_ln17_446" [firmware/nnet_utils/nnet_dense_latency.h:58]   --->   Operation 904 'add' 'add_ln58_1299' <Predicate = true> <Delay = 0.68> <CoreInst = "TAddSub">   --->   Core 10 'TAddSub' <Latency = 0> <II = 1> <Delay = 0.34> <IPBlock> <Opcode : '' 'add' 'sub'> <InPorts = 3> <OutPorts = 1> <Sync> <CReg>
ST_1 : Operation 905 [1/1] (0.00ns)   --->   "%sext_ln58_576 = sext i20 %add_ln58_1299" [firmware/nnet_utils/nnet_dense_latency.h:58]   --->   Operation 905 'sext' 'sext_ln58_576' <Predicate = true> <Delay = 0.00>
ST_1 : Operation 906 [1/1] (0.81ns)   --->   "%sub_ln58_26 = sub i22 4608, i22 %sext_ln73_185" [firmware/nnet_utils/nnet_dense_latency.h:58]   --->   Operation 906 'sub' 'sub_ln58_26' <Predicate = true> <Delay = 0.81> <CoreInst = "Adder">   --->   Core 1 'Adder' <Latency = 0> <II = 1> <Delay = 0.81> <FuncUnit> <Opcode : 'add' 'sub'> <InPorts = 2> <OutPorts = 1>
ST_1 : Operation 907 [1/1] (0.00ns) (grouped into TernaryAdder)   --->   "%add_ln58_1300 = add i22 %sub_ln58_26, i22 %sext_ln17_489" [firmware/nnet_utils/nnet_dense_latency.h:58]   --->   Operation 907 'add' 'add_ln58_1300' <Predicate = true> <Delay = 0.00> <CoreInst = "TAddSub">   --->   Core 10 'TAddSub' <Latency = 0> <II = 1> <Delay = 0.34> <IPBlock> <Opcode : '' 'add' 'sub'> <InPorts = 3> <OutPorts = 1> <Sync> <CReg>
ST_1 : Operation 908 [1/1] (0.69ns) (root node of TernaryAdder)   --->   "%add_ln58_1301 = add i22 %add_ln58_1300, i22 %sext_ln58_576" [firmware/nnet_utils/nnet_dense_latency.h:58]   --->   Operation 908 'add' 'add_ln58_1301' <Predicate = true> <Delay = 0.69> <CoreInst = "TAddSub">   --->   Core 10 'TAddSub' <Latency = 0> <II = 1> <Delay = 0.34> <IPBlock> <Opcode : '' 'add' 'sub'> <InPorts = 3> <OutPorts = 1> <Sync> <CReg>
ST_1 : Operation 909 [1/1] (0.00ns)   --->   "%sext_ln58_577 = sext i22 %add_ln58_1301" [firmware/nnet_utils/nnet_dense_latency.h:58]   --->   Operation 909 'sext' 'sext_ln58_577' <Predicate = true> <Delay = 0.00>
ST_1 : Operation 910 [1/1] (0.82ns)   --->   "%add_ln58_1302 = add i23 %sext_ln58_577, i23 %sext_ln58_575" [firmware/nnet_utils/nnet_dense_latency.h:58]   --->   Operation 910 'add' 'add_ln58_1302' <Predicate = true> <Delay = 0.82> <CoreInst = "Adder">   --->   Core 1 'Adder' <Latency = 0> <II = 1> <Delay = 0.82> <FuncUnit> <Opcode : 'add' 'sub'> <InPorts = 2> <OutPorts = 1>
ST_1 : Operation 911 [1/1] (0.00ns) (grouped into TernaryAdder)   --->   "%add_ln58_1303 = add i20 %sext_ln17_363, i20 %mult_595" [firmware/nnet_utils/nnet_dense_latency.h:58]   --->   Operation 911 'add' 'add_ln58_1303' <Predicate = true> <Delay = 0.00> <CoreInst = "TAddSub">   --->   Core 10 'TAddSub' <Latency = 0> <II = 1> <Delay = 0.34> <IPBlock> <Opcode : '' 'add' 'sub'> <InPorts = 3> <OutPorts = 1> <Sync> <CReg>
ST_1 : Operation 912 [1/1] (0.68ns) (root node of TernaryAdder)   --->   "%add_ln58_1304 = add i20 %add_ln58_1303, i20 %mult_507" [firmware/nnet_utils/nnet_dense_latency.h:58]   --->   Operation 912 'add' 'add_ln58_1304' <Predicate = true> <Delay = 0.68> <CoreInst = "TAddSub">   --->   Core 10 'TAddSub' <Latency = 0> <II = 1> <Delay = 0.34> <IPBlock> <Opcode : '' 'add' 'sub'> <InPorts = 3> <OutPorts = 1> <Sync> <CReg>
ST_1 : Operation 913 [1/1] (0.00ns)   --->   "%sext_ln58_579 = sext i20 %add_ln58_1304" [firmware/nnet_utils/nnet_dense_latency.h:58]   --->   Operation 913 'sext' 'sext_ln58_579' <Predicate = true> <Delay = 0.00>
ST_1 : Operation 914 [1/1] (0.68ns) (root node of TernaryAdder)   --->   "%add_ln58_1305 = add i20 %sext_ln73_151, i20 %sub_ln17_14" [firmware/nnet_utils/nnet_dense_latency.h:58]   --->   Operation 914 'add' 'add_ln58_1305' <Predicate = true> <Delay = 0.68> <CoreInst = "TAddSub">   --->   Core 10 'TAddSub' <Latency = 0> <II = 1> <Delay = 0.34> <IPBlock> <Opcode : '' 'add' 'sub'> <InPorts = 3> <OutPorts = 1> <Sync> <CReg>
ST_1 : Operation 915 [1/1] (0.00ns)   --->   "%sext_ln58_580 = sext i20 %add_ln58_1305" [firmware/nnet_utils/nnet_dense_latency.h:58]   --->   Operation 915 'sext' 'sext_ln58_580' <Predicate = true> <Delay = 0.00>
ST_1 : Operation 916 [1/1] (0.00ns) (grouped into TernaryAdder)   --->   "%add_ln58_1306 = add i21 %sext_ln58_580, i21 %sext_ln17_415" [firmware/nnet_utils/nnet_dense_latency.h:58]   --->   Operation 916 'add' 'add_ln58_1306' <Predicate = true> <Delay = 0.00> <CoreInst = "TAddSub">   --->   Core 10 'TAddSub' <Latency = 0> <II = 1> <Delay = 0.34> <IPBlock> <Opcode : '' 'add' 'sub'> <InPorts = 3> <OutPorts = 1> <Sync> <CReg>
ST_1 : Operation 917 [1/1] (0.69ns) (root node of TernaryAdder)   --->   "%add_ln58_1307 = add i21 %add_ln58_1306, i21 %sext_ln58_579" [firmware/nnet_utils/nnet_dense_latency.h:58]   --->   Operation 917 'add' 'add_ln58_1307' <Predicate = true> <Delay = 0.69> <CoreInst = "TAddSub">   --->   Core 10 'TAddSub' <Latency = 0> <II = 1> <Delay = 0.34> <IPBlock> <Opcode : '' 'add' 'sub'> <InPorts = 3> <OutPorts = 1> <Sync> <CReg>
ST_1 : Operation 918 [1/1] (0.79ns)   --->   "%sub_ln58_27 = sub i19 %sext_ln17_470, i19 %sext_ln73_178" [firmware/nnet_utils/nnet_dense_latency.h:58]   --->   Operation 918 'sub' 'sub_ln58_27' <Predicate = true> <Delay = 0.79> <CoreInst = "Adder">   --->   Core 1 'Adder' <Latency = 0> <II = 1> <Delay = 0.79> <FuncUnit> <Opcode : 'add' 'sub'> <InPorts = 2> <OutPorts = 1>
ST_1 : Operation 919 [1/1] (0.00ns)   --->   "%sext_ln58_582 = sext i19 %sub_ln58_27" [firmware/nnet_utils/nnet_dense_latency.h:58]   --->   Operation 919 'sext' 'sext_ln58_582' <Predicate = true> <Delay = 0.00>
ST_1 : Operation 920 [1/1] (0.80ns)   --->   "%add_ln58_1308 = add i20 %sext_ln58_582, i20 %sext_ln17_455" [firmware/nnet_utils/nnet_dense_latency.h:58]   --->   Operation 920 'add' 'add_ln58_1308' <Predicate = true> <Delay = 0.80> <CoreInst = "Adder">   --->   Core 1 'Adder' <Latency = 0> <II = 1> <Delay = 0.80> <FuncUnit> <Opcode : 'add' 'sub'> <InPorts = 2> <OutPorts = 1>
ST_1 : Operation 921 [1/1] (0.00ns)   --->   "%sext_ln58_583 = sext i20 %add_ln58_1308" [firmware/nnet_utils/nnet_dense_latency.h:58]   --->   Operation 921 'sext' 'sext_ln58_583' <Predicate = true> <Delay = 0.00>
ST_1 : Operation 922 [1/1] (0.78ns)   --->   "%add_ln58_1309 = add i17 %sext_ln73_55, i17 128512" [firmware/nnet_utils/nnet_dense_latency.h:58]   --->   Operation 922 'add' 'add_ln58_1309' <Predicate = true> <Delay = 0.78> <CoreInst = "Adder">   --->   Core 1 'Adder' <Latency = 0> <II = 1> <Delay = 0.78> <FuncUnit> <Opcode : 'add' 'sub'> <InPorts = 2> <OutPorts = 1>
ST_1 : Operation 923 [1/1] (0.00ns)   --->   "%sext_ln58_584 = sext i17 %add_ln58_1309" [firmware/nnet_utils/nnet_dense_latency.h:58]   --->   Operation 923 'sext' 'sext_ln58_584' <Predicate = true> <Delay = 0.00>
ST_1 : Operation 924 [1/1] (0.80ns)   --->   "%add_ln58_1310 = add i20 %sext_ln58_584, i20 %mul_ln17_18" [firmware/nnet_utils/nnet_dense_latency.h:58]   --->   Operation 924 'add' 'add_ln58_1310' <Predicate = true> <Delay = 0.80> <CoreInst = "Adder">   --->   Core 1 'Adder' <Latency = 0> <II = 1> <Delay = 0.80> <FuncUnit> <Opcode : 'add' 'sub'> <InPorts = 2> <OutPorts = 1>
ST_1 : Operation 925 [1/1] (0.00ns)   --->   "%sext_ln58_585 = sext i20 %add_ln58_1310" [firmware/nnet_utils/nnet_dense_latency.h:58]   --->   Operation 925 'sext' 'sext_ln58_585' <Predicate = true> <Delay = 0.00>
ST_1 : Operation 926 [1/1] (0.80ns)   --->   "%add_ln58_1311 = add i21 %sext_ln58_585, i21 %sext_ln58_583" [firmware/nnet_utils/nnet_dense_latency.h:58]   --->   Operation 926 'add' 'add_ln58_1311' <Predicate = true> <Delay = 0.80> <CoreInst = "Adder">   --->   Core 1 'Adder' <Latency = 0> <II = 1> <Delay = 0.80> <FuncUnit> <Opcode : 'add' 'sub'> <InPorts = 2> <OutPorts = 1>
ST_1 : Operation 927 [1/1] (0.80ns)   --->   "%add_ln58_1313 = add i20 %mult_551, i20 %mult_570" [firmware/nnet_utils/nnet_dense_latency.h:58]   --->   Operation 927 'add' 'add_ln58_1313' <Predicate = true> <Delay = 0.80> <CoreInst = "Adder">   --->   Core 1 'Adder' <Latency = 0> <II = 1> <Delay = 0.80> <FuncUnit> <Opcode : 'add' 'sub'> <InPorts = 2> <OutPorts = 1>
ST_1 : Operation 928 [1/1] (0.00ns)   --->   "%sext_ln58_588 = sext i20 %add_ln58_1313" [firmware/nnet_utils/nnet_dense_latency.h:58]   --->   Operation 928 'sext' 'sext_ln58_588' <Predicate = true> <Delay = 0.00>
ST_1 : Operation 929 [1/1] (0.00ns)   --->   "%sext_ln58_916 = sext i17 %mult_604" [firmware/nnet_utils/nnet_dense_latency.h:58]   --->   Operation 929 'sext' 'sext_ln58_916' <Predicate = true> <Delay = 0.00>
ST_1 : Operation 930 [1/1] (0.79ns)   --->   "%sub_ln58_28 = sub i19 %sext_ln73_143, i19 %sext_ln58_916" [firmware/nnet_utils/nnet_dense_latency.h:58]   --->   Operation 930 'sub' 'sub_ln58_28' <Predicate = true> <Delay = 0.79> <CoreInst = "Adder">   --->   Core 1 'Adder' <Latency = 0> <II = 1> <Delay = 0.79> <FuncUnit> <Opcode : 'add' 'sub'> <InPorts = 2> <OutPorts = 1>
ST_1 : Operation 931 [1/1] (0.00ns)   --->   "%sext_ln58_589 = sext i19 %sub_ln58_28" [firmware/nnet_utils/nnet_dense_latency.h:58]   --->   Operation 931 'sext' 'sext_ln58_589' <Predicate = true> <Delay = 0.00>
ST_1 : Operation 932 [1/1] (0.80ns)   --->   "%add_ln58_1314 = add i20 %sext_ln58_589, i20 %sext_ln17_393" [firmware/nnet_utils/nnet_dense_latency.h:58]   --->   Operation 932 'add' 'add_ln58_1314' <Predicate = true> <Delay = 0.80> <CoreInst = "Adder">   --->   Core 1 'Adder' <Latency = 0> <II = 1> <Delay = 0.80> <FuncUnit> <Opcode : 'add' 'sub'> <InPorts = 2> <OutPorts = 1>
ST_1 : Operation 933 [1/1] (0.00ns)   --->   "%sext_ln58_590 = sext i20 %add_ln58_1314" [firmware/nnet_utils/nnet_dense_latency.h:58]   --->   Operation 933 'sext' 'sext_ln58_590' <Predicate = true> <Delay = 0.00>
ST_1 : Operation 934 [1/1] (0.80ns)   --->   "%add_ln58_1315 = add i21 %sext_ln58_590, i21 %sext_ln58_588" [firmware/nnet_utils/nnet_dense_latency.h:58]   --->   Operation 934 'add' 'add_ln58_1315' <Predicate = true> <Delay = 0.80> <CoreInst = "Adder">   --->   Core 1 'Adder' <Latency = 0> <II = 1> <Delay = 0.80> <FuncUnit> <Opcode : 'add' 'sub'> <InPorts = 2> <OutPorts = 1>
ST_1 : Operation 935 [1/1] (0.80ns)   --->   "%add_ln58_1316 = add i19 %trunc_ln17_16, i19 %sext_ln17_440" [firmware/nnet_utils/nnet_dense_latency.h:58]   --->   Operation 935 'add' 'add_ln58_1316' <Predicate = true> <Delay = 0.80> <CoreInst = "Adder">   --->   Core 1 'Adder' <Latency = 0> <II = 1> <Delay = 0.80> <FuncUnit> <Opcode : 'add' 'sub'> <InPorts = 2> <OutPorts = 1>
ST_1 : Operation 936 [1/1] (0.00ns)   --->   "%sext_ln58_592 = sext i19 %add_ln58_1316" [firmware/nnet_utils/nnet_dense_latency.h:58]   --->   Operation 936 'sext' 'sext_ln58_592' <Predicate = true> <Delay = 0.00>
ST_1 : Operation 937 [1/1] (0.81ns)   --->   "%add_ln58_1317 = add i21 %mul_ln17_12, i21 2093568" [firmware/nnet_utils/nnet_dense_latency.h:58]   --->   Operation 937 'add' 'add_ln58_1317' <Predicate = true> <Delay = 0.81> <CoreInst = "Adder">   --->   Core 1 'Adder' <Latency = 0> <II = 1> <Delay = 0.81> <FuncUnit> <Opcode : 'add' 'sub'> <InPorts = 2> <OutPorts = 1>
ST_1 : Operation 938 [1/1] (0.00ns) (grouped into TernaryAdder)   --->   "%add_ln58_1318 = add i21 %add_ln58_1317, i21 %sext_ln17_466" [firmware/nnet_utils/nnet_dense_latency.h:58]   --->   Operation 938 'add' 'add_ln58_1318' <Predicate = true> <Delay = 0.00> <CoreInst = "TAddSub">   --->   Core 10 'TAddSub' <Latency = 0> <II = 1> <Delay = 0.34> <IPBlock> <Opcode : '' 'add' 'sub'> <InPorts = 3> <OutPorts = 1> <Sync> <CReg>
ST_1 : Operation 939 [1/1] (0.69ns) (root node of TernaryAdder)   --->   "%add_ln58_1319 = add i21 %add_ln58_1318, i21 %sext_ln58_592" [firmware/nnet_utils/nnet_dense_latency.h:58]   --->   Operation 939 'add' 'add_ln58_1319' <Predicate = true> <Delay = 0.69> <CoreInst = "TAddSub">   --->   Core 10 'TAddSub' <Latency = 0> <II = 1> <Delay = 0.34> <IPBlock> <Opcode : '' 'add' 'sub'> <InPorts = 3> <OutPorts = 1> <Sync> <CReg>
ST_1 : Operation 940 [1/1] (0.80ns)   --->   "%add_ln58_1321 = add i20 %mult_510, i20 %mult_584" [firmware/nnet_utils/nnet_dense_latency.h:58]   --->   Operation 940 'add' 'add_ln58_1321' <Predicate = true> <Delay = 0.80> <CoreInst = "Adder">   --->   Core 1 'Adder' <Latency = 0> <II = 1> <Delay = 0.80> <FuncUnit> <Opcode : 'add' 'sub'> <InPorts = 2> <OutPorts = 1>
ST_1 : Operation 941 [1/1] (0.00ns)   --->   "%sext_ln58_595 = sext i20 %add_ln58_1321" [firmware/nnet_utils/nnet_dense_latency.h:58]   --->   Operation 941 'sext' 'sext_ln58_595' <Predicate = true> <Delay = 0.00>
ST_1 : Operation 942 [1/1] (0.69ns) (root node of TernaryAdder)   --->   "%add_ln58_1322 = add i21 %sext_ln58_595, i21 %mult" [firmware/nnet_utils/nnet_dense_latency.h:58]   --->   Operation 942 'add' 'add_ln58_1322' <Predicate = true> <Delay = 0.69> <CoreInst = "TAddSub">   --->   Core 10 'TAddSub' <Latency = 0> <II = 1> <Delay = 0.34> <IPBlock> <Opcode : '' 'add' 'sub'> <InPorts = 3> <OutPorts = 1> <Sync> <CReg>
ST_1 : Operation 943 [1/1] (0.00ns)   --->   "%sext_ln58_596 = sext i21 %add_ln58_1322" [firmware/nnet_utils/nnet_dense_latency.h:58]   --->   Operation 943 'sext' 'sext_ln58_596' <Predicate = true> <Delay = 0.00>
ST_1 : Operation 944 [1/1] (0.00ns) (grouped into TernaryAdder)   --->   "%add_ln58_1323 = add i20 %sext_ln17_410, i20 %mult_636" [firmware/nnet_utils/nnet_dense_latency.h:58]   --->   Operation 944 'add' 'add_ln58_1323' <Predicate = true> <Delay = 0.00> <CoreInst = "TAddSub">   --->   Core 10 'TAddSub' <Latency = 0> <II = 1> <Delay = 0.34> <IPBlock> <Opcode : '' 'add' 'sub'> <InPorts = 3> <OutPorts = 1> <Sync> <CReg>
ST_1 : Operation 945 [1/1] (0.68ns) (root node of TernaryAdder)   --->   "%add_ln58_1324 = add i20 %add_ln58_1323, i20 %sext_ln17_401" [firmware/nnet_utils/nnet_dense_latency.h:58]   --->   Operation 945 'add' 'add_ln58_1324' <Predicate = true> <Delay = 0.68> <CoreInst = "TAddSub">   --->   Core 10 'TAddSub' <Latency = 0> <II = 1> <Delay = 0.34> <IPBlock> <Opcode : '' 'add' 'sub'> <InPorts = 3> <OutPorts = 1> <Sync> <CReg>
ST_1 : Operation 946 [1/1] (0.00ns)   --->   "%sext_ln58_597 = sext i20 %add_ln58_1324" [firmware/nnet_utils/nnet_dense_latency.h:58]   --->   Operation 946 'sext' 'sext_ln58_597' <Predicate = true> <Delay = 0.00>
ST_1 : Operation 947 [1/1] (0.81ns)   --->   "%add_ln58_1325 = add i22 %sext_ln58_597, i22 %sext_ln58_596" [firmware/nnet_utils/nnet_dense_latency.h:58]   --->   Operation 947 'add' 'add_ln58_1325' <Predicate = true> <Delay = 0.81> <CoreInst = "Adder">   --->   Core 1 'Adder' <Latency = 0> <II = 1> <Delay = 0.81> <FuncUnit> <Opcode : 'add' 'sub'> <InPorts = 2> <OutPorts = 1>
ST_1 : Operation 948 [1/1] (0.80ns)   --->   "%add_ln58_1326 = add i20 %mult_662, i20 %sext_ln17_474" [firmware/nnet_utils/nnet_dense_latency.h:58]   --->   Operation 948 'add' 'add_ln58_1326' <Predicate = true> <Delay = 0.80> <CoreInst = "Adder">   --->   Core 1 'Adder' <Latency = 0> <II = 1> <Delay = 0.80> <FuncUnit> <Opcode : 'add' 'sub'> <InPorts = 2> <OutPorts = 1>
ST_1 : Operation 949 [1/1] (0.00ns)   --->   "%sext_ln58_599 = sext i20 %add_ln58_1326" [firmware/nnet_utils/nnet_dense_latency.h:58]   --->   Operation 949 'sext' 'sext_ln58_599' <Predicate = true> <Delay = 0.00>
ST_1 : Operation 950 [1/1] (0.81ns)   --->   "%add_ln58_1327 = add i21 %sext_ln58_599, i21 %mult_650" [firmware/nnet_utils/nnet_dense_latency.h:58]   --->   Operation 950 'add' 'add_ln58_1327' <Predicate = true> <Delay = 0.81> <CoreInst = "Adder">   --->   Core 1 'Adder' <Latency = 0> <II = 1> <Delay = 0.81> <FuncUnit> <Opcode : 'add' 'sub'> <InPorts = 2> <OutPorts = 1>
ST_1 : Operation 951 [1/1] (0.00ns)   --->   "%sext_ln58_600 = sext i21 %add_ln58_1327" [firmware/nnet_utils/nnet_dense_latency.h:58]   --->   Operation 951 'sext' 'sext_ln58_600' <Predicate = true> <Delay = 0.00>
ST_1 : Operation 952 [1/1] (0.00ns) (grouped into TernaryAdder)   --->   "%sub_ln58_29 = sub i21 %mult_705, i21 %sext_ln73_188" [firmware/nnet_utils/nnet_dense_latency.h:58]   --->   Operation 952 'sub' 'sub_ln58_29' <Predicate = true> <Delay = 0.00> <CoreInst = "TAddSub">   --->   Core 10 'TAddSub' <Latency = 0> <II = 1> <Delay = 0.34> <IPBlock> <Opcode : '' 'add' 'sub'> <InPorts = 3> <OutPorts = 1> <Sync> <CReg>
ST_1 : Operation 953 [1/1] (0.78ns)   --->   "%add_ln58_1328 = add i17 %sext_ln17_355, i17 512" [firmware/nnet_utils/nnet_dense_latency.h:58]   --->   Operation 953 'add' 'add_ln58_1328' <Predicate = true> <Delay = 0.78> <CoreInst = "Adder">   --->   Core 1 'Adder' <Latency = 0> <II = 1> <Delay = 0.78> <FuncUnit> <Opcode : 'add' 'sub'> <InPorts = 2> <OutPorts = 1>
ST_1 : Operation 954 [1/1] (0.00ns)   --->   "%sext_ln58_601 = sext i17 %add_ln58_1328" [firmware/nnet_utils/nnet_dense_latency.h:58]   --->   Operation 954 'sext' 'sext_ln58_601' <Predicate = true> <Delay = 0.00>
ST_1 : Operation 955 [1/1] (0.69ns) (root node of TernaryAdder)   --->   "%add_ln58_1329 = add i21 %sext_ln58_601, i21 %sub_ln58_29" [firmware/nnet_utils/nnet_dense_latency.h:58]   --->   Operation 955 'add' 'add_ln58_1329' <Predicate = true> <Delay = 0.69> <CoreInst = "TAddSub">   --->   Core 10 'TAddSub' <Latency = 0> <II = 1> <Delay = 0.34> <IPBlock> <Opcode : '' 'add' 'sub'> <InPorts = 3> <OutPorts = 1> <Sync> <CReg>
ST_1 : Operation 956 [1/1] (0.00ns)   --->   "%sext_ln58_602 = sext i21 %add_ln58_1329" [firmware/nnet_utils/nnet_dense_latency.h:58]   --->   Operation 956 'sext' 'sext_ln58_602' <Predicate = true> <Delay = 0.00>
ST_1 : Operation 957 [1/1] (0.81ns)   --->   "%add_ln58_1330 = add i22 %sext_ln58_602, i22 %sext_ln58_600" [firmware/nnet_utils/nnet_dense_latency.h:58]   --->   Operation 957 'add' 'add_ln58_1330' <Predicate = true> <Delay = 0.81> <CoreInst = "Adder">   --->   Core 1 'Adder' <Latency = 0> <II = 1> <Delay = 0.81> <FuncUnit> <Opcode : 'add' 'sub'> <InPorts = 2> <OutPorts = 1>
ST_1 : Operation 958 [1/1] (0.00ns) (grouped into TernaryAdder)   --->   "%add_ln58_1332 = add i21 %sext_ln17_344, i21 %mult_527" [firmware/nnet_utils/nnet_dense_latency.h:58]   --->   Operation 958 'add' 'add_ln58_1332' <Predicate = true> <Delay = 0.00> <CoreInst = "TAddSub">   --->   Core 10 'TAddSub' <Latency = 0> <II = 1> <Delay = 0.34> <IPBlock> <Opcode : '' 'add' 'sub'> <InPorts = 3> <OutPorts = 1> <Sync> <CReg>
ST_1 : Operation 959 [1/1] (0.69ns) (root node of TernaryAdder)   --->   "%add_ln58_1333 = add i21 %add_ln58_1332, i21 %mult_493" [firmware/nnet_utils/nnet_dense_latency.h:58]   --->   Operation 959 'add' 'add_ln58_1333' <Predicate = true> <Delay = 0.69> <CoreInst = "TAddSub">   --->   Core 10 'TAddSub' <Latency = 0> <II = 1> <Delay = 0.34> <IPBlock> <Opcode : '' 'add' 'sub'> <InPorts = 3> <OutPorts = 1> <Sync> <CReg>
ST_1 : Operation 960 [1/1] (0.00ns)   --->   "%sext_ln58_605 = sext i21 %add_ln58_1333" [firmware/nnet_utils/nnet_dense_latency.h:58]   --->   Operation 960 'sext' 'sext_ln58_605' <Predicate = true> <Delay = 0.00>
ST_1 : Operation 961 [1/1] (0.68ns) (root node of TernaryAdder)   --->   "%add_ln58_1334 = add i20 %mult_539, i20 %mult_563" [firmware/nnet_utils/nnet_dense_latency.h:58]   --->   Operation 961 'add' 'add_ln58_1334' <Predicate = true> <Delay = 0.68> <CoreInst = "TAddSub">   --->   Core 10 'TAddSub' <Latency = 0> <II = 1> <Delay = 0.34> <IPBlock> <Opcode : '' 'add' 'sub'> <InPorts = 3> <OutPorts = 1> <Sync> <CReg>
ST_1 : Operation 962 [1/1] (0.00ns)   --->   "%sext_ln58_606 = sext i20 %add_ln58_1334" [firmware/nnet_utils/nnet_dense_latency.h:58]   --->   Operation 962 'sext' 'sext_ln58_606' <Predicate = true> <Delay = 0.00>
ST_1 : Operation 963 [1/1] (0.80ns)   --->   "%sub_ln58_30 = sub i19 %mult_609, i19 %sext_ln73_140" [firmware/nnet_utils/nnet_dense_latency.h:58]   --->   Operation 963 'sub' 'sub_ln58_30' <Predicate = true> <Delay = 0.80> <CoreInst = "Adder">   --->   Core 1 'Adder' <Latency = 0> <II = 1> <Delay = 0.80> <FuncUnit> <Opcode : 'add' 'sub'> <InPorts = 2> <OutPorts = 1>
ST_1 : Operation 964 [1/1] (0.00ns)   --->   "%sext_ln58_607 = sext i19 %sub_ln58_30" [firmware/nnet_utils/nnet_dense_latency.h:58]   --->   Operation 964 'sext' 'sext_ln58_607' <Predicate = true> <Delay = 0.00>
ST_1 : Operation 965 [1/1] (0.80ns)   --->   "%add_ln58_1335 = add i21 %sext_ln58_607, i21 %sext_ln58_606" [firmware/nnet_utils/nnet_dense_latency.h:58]   --->   Operation 965 'add' 'add_ln58_1335' <Predicate = true> <Delay = 0.80> <CoreInst = "Adder">   --->   Core 1 'Adder' <Latency = 0> <II = 1> <Delay = 0.80> <FuncUnit> <Opcode : 'add' 'sub'> <InPorts = 2> <OutPorts = 1>
ST_1 : Operation 966 [1/1] (0.00ns)   --->   "%sext_ln58_608 = sext i21 %add_ln58_1335" [firmware/nnet_utils/nnet_dense_latency.h:58]   --->   Operation 966 'sext' 'sext_ln58_608' <Predicate = true> <Delay = 0.00>
ST_1 : Operation 967 [1/1] (0.81ns)   --->   "%add_ln58_1336 = add i22 %sext_ln58_608, i22 %sext_ln58_605" [firmware/nnet_utils/nnet_dense_latency.h:58]   --->   Operation 967 'add' 'add_ln58_1336' <Predicate = true> <Delay = 0.81> <CoreInst = "Adder">   --->   Core 1 'Adder' <Latency = 0> <II = 1> <Delay = 0.81> <FuncUnit> <Opcode : 'add' 'sub'> <InPorts = 2> <OutPorts = 1>
ST_1 : Operation 968 [1/1] (0.79ns)   --->   "%add_ln58_1337 = add i18 %trunc_ln17_17, i18 %sext_ln17_476" [firmware/nnet_utils/nnet_dense_latency.h:58]   --->   Operation 968 'add' 'add_ln58_1337' <Predicate = true> <Delay = 0.79> <CoreInst = "Adder">   --->   Core 1 'Adder' <Latency = 0> <II = 1> <Delay = 0.79> <FuncUnit> <Opcode : 'add' 'sub'> <InPorts = 2> <OutPorts = 1>
ST_1 : Operation 969 [1/1] (0.00ns)   --->   "%sext_ln58_610 = sext i18 %add_ln58_1337" [firmware/nnet_utils/nnet_dense_latency.h:58]   --->   Operation 969 'sext' 'sext_ln58_610' <Predicate = true> <Delay = 0.00>
ST_1 : Operation 970 [1/1] (0.79ns)   --->   "%sub_ln58_6 = sub i19 %sext_ln58_610, i19 %sext_ln73_77" [firmware/nnet_utils/nnet_dense_latency.h:58]   --->   Operation 970 'sub' 'sub_ln58_6' <Predicate = true> <Delay = 0.79> <CoreInst = "Adder">   --->   Core 1 'Adder' <Latency = 0> <II = 1> <Delay = 0.79> <FuncUnit> <Opcode : 'add' 'sub'> <InPorts = 2> <OutPorts = 1>
ST_1 : Operation 971 [1/1] (0.00ns)   --->   "%sext_ln58_611 = sext i19 %sub_ln58_6" [firmware/nnet_utils/nnet_dense_latency.h:58]   --->   Operation 971 'sext' 'sext_ln58_611' <Predicate = true> <Delay = 0.00>
ST_1 : Operation 972 [1/1] (0.69ns) (root node of TernaryAdder)   --->   "%add_ln58_1338 = add i21 %add_ln17_17, i21 %sext_ln17_498" [firmware/nnet_utils/nnet_dense_latency.h:58]   --->   Operation 972 'add' 'add_ln58_1338' <Predicate = true> <Delay = 0.69> <CoreInst = "TAddSub">   --->   Core 10 'TAddSub' <Latency = 0> <II = 1> <Delay = 0.34> <IPBlock> <Opcode : '' 'add' 'sub'> <InPorts = 3> <OutPorts = 1> <Sync> <CReg>
ST_1 : Operation 973 [1/1] (0.78ns)   --->   "%add_ln58_1339 = add i17 %sext_ln73_90, i17 1024" [firmware/nnet_utils/nnet_dense_latency.h:58]   --->   Operation 973 'add' 'add_ln58_1339' <Predicate = true> <Delay = 0.78> <CoreInst = "Adder">   --->   Core 1 'Adder' <Latency = 0> <II = 1> <Delay = 0.78> <FuncUnit> <Opcode : 'add' 'sub'> <InPorts = 2> <OutPorts = 1>
ST_1 : Operation 974 [1/1] (0.00ns)   --->   "%sext_ln58_612 = sext i17 %add_ln58_1339" [firmware/nnet_utils/nnet_dense_latency.h:58]   --->   Operation 974 'sext' 'sext_ln58_612' <Predicate = true> <Delay = 0.00>
ST_1 : Operation 975 [1/1] (0.00ns) (grouped into TernaryAdder)   --->   "%add_ln58_1340 = add i21 %sext_ln58_612, i21 %add_ln58_1338" [firmware/nnet_utils/nnet_dense_latency.h:58]   --->   Operation 975 'add' 'add_ln58_1340' <Predicate = true> <Delay = 0.00> <CoreInst = "TAddSub">   --->   Core 10 'TAddSub' <Latency = 0> <II = 1> <Delay = 0.34> <IPBlock> <Opcode : '' 'add' 'sub'> <InPorts = 3> <OutPorts = 1> <Sync> <CReg>
ST_1 : Operation 976 [1/1] (0.69ns) (root node of TernaryAdder)   --->   "%add_ln58_1341 = add i21 %add_ln58_1340, i21 %sext_ln58_611" [firmware/nnet_utils/nnet_dense_latency.h:58]   --->   Operation 976 'add' 'add_ln58_1341' <Predicate = true> <Delay = 0.69> <CoreInst = "TAddSub">   --->   Core 10 'TAddSub' <Latency = 0> <II = 1> <Delay = 0.34> <IPBlock> <Opcode : '' 'add' 'sub'> <InPorts = 3> <OutPorts = 1> <Sync> <CReg>
ST_1 : Operation 977 [1/1] (0.00ns) (grouped into TernaryAdder)   --->   "%add_ln58_1343 = add i19 %sext_ln17_368, i19 %mult_598" [firmware/nnet_utils/nnet_dense_latency.h:58]   --->   Operation 977 'add' 'add_ln58_1343' <Predicate = true> <Delay = 0.00> <CoreInst = "TAddSub">   --->   Core 10 'TAddSub' <Latency = 0> <II = 1> <Delay = 0.34> <IPBlock> <Opcode : '' 'add' 'sub'> <InPorts = 3> <OutPorts = 1> <Sync> <CReg>
ST_1 : Operation 978 [1/1] (0.68ns) (root node of TernaryAdder)   --->   "%add_ln58_1344 = add i19 %add_ln58_1343, i19 %sext_ln17_328" [firmware/nnet_utils/nnet_dense_latency.h:58]   --->   Operation 978 'add' 'add_ln58_1344' <Predicate = true> <Delay = 0.68> <CoreInst = "TAddSub">   --->   Core 10 'TAddSub' <Latency = 0> <II = 1> <Delay = 0.34> <IPBlock> <Opcode : '' 'add' 'sub'> <InPorts = 3> <OutPorts = 1> <Sync> <CReg>
ST_1 : Operation 979 [1/1] (0.00ns)   --->   "%sext_ln58_615 = sext i19 %add_ln58_1344" [firmware/nnet_utils/nnet_dense_latency.h:58]   --->   Operation 979 'sext' 'sext_ln58_615' <Predicate = true> <Delay = 0.00>
ST_1 : Operation 980 [1/1] (0.00ns) (grouped into TernaryAdder)   --->   "%sub_ln58_31 = sub i19 %sext_ln17_465, i19 %sext_ln17_442" [firmware/nnet_utils/nnet_dense_latency.h:58]   --->   Operation 980 'sub' 'sub_ln58_31' <Predicate = true> <Delay = 0.00> <CoreInst = "TAddSub">   --->   Core 10 'TAddSub' <Latency = 0> <II = 1> <Delay = 0.34> <IPBlock> <Opcode : '' 'add' 'sub'> <InPorts = 3> <OutPorts = 1> <Sync> <CReg>
ST_1 : Operation 981 [1/1] (0.68ns) (root node of TernaryAdder)   --->   "%add_ln58_1345 = add i19 %sub_ln58_31, i19 %sext_ln17_422" [firmware/nnet_utils/nnet_dense_latency.h:58]   --->   Operation 981 'add' 'add_ln58_1345' <Predicate = true> <Delay = 0.68> <CoreInst = "TAddSub">   --->   Core 10 'TAddSub' <Latency = 0> <II = 1> <Delay = 0.34> <IPBlock> <Opcode : '' 'add' 'sub'> <InPorts = 3> <OutPorts = 1> <Sync> <CReg>
ST_1 : Operation 982 [1/1] (0.00ns)   --->   "%sext_ln58_616 = sext i19 %add_ln58_1345" [firmware/nnet_utils/nnet_dense_latency.h:58]   --->   Operation 982 'sext' 'sext_ln58_616' <Predicate = true> <Delay = 0.00>
ST_1 : Operation 983 [1/1] (0.80ns)   --->   "%add_ln58_1346 = add i20 %sext_ln58_616, i20 %sext_ln58_615" [firmware/nnet_utils/nnet_dense_latency.h:58]   --->   Operation 983 'add' 'add_ln58_1346' <Predicate = true> <Delay = 0.80> <CoreInst = "Adder">   --->   Core 1 'Adder' <Latency = 0> <II = 1> <Delay = 0.80> <FuncUnit> <Opcode : 'add' 'sub'> <InPorts = 2> <OutPorts = 1>
ST_1 : Operation 984 [1/1] (0.00ns)   --->   "%sext_ln58_617 = sext i20 %add_ln58_1346" [firmware/nnet_utils/nnet_dense_latency.h:58]   --->   Operation 984 'sext' 'sext_ln58_617' <Predicate = true> <Delay = 0.00>
ST_1 : Operation 985 [1/1] (0.78ns)   --->   "%add_ln58_1347 = add i17 %sext_ln73_55, i17 %sext_ln73_59" [firmware/nnet_utils/nnet_dense_latency.h:58]   --->   Operation 985 'add' 'add_ln58_1347' <Predicate = true> <Delay = 0.78> <CoreInst = "Adder">   --->   Core 1 'Adder' <Latency = 0> <II = 1> <Delay = 0.78> <FuncUnit> <Opcode : 'add' 'sub'> <InPorts = 2> <OutPorts = 1>
ST_1 : Operation 986 [1/1] (0.00ns)   --->   "%sext_ln58_618 = sext i17 %add_ln58_1347" [firmware/nnet_utils/nnet_dense_latency.h:58]   --->   Operation 986 'sext' 'sext_ln58_618' <Predicate = true> <Delay = 0.00>
ST_1 : Operation 987 [1/1] (0.00ns) (grouped into TernaryAdder)   --->   "%add_ln58_1348 = add i21 %sext_ln58_618, i21 %mult_706" [firmware/nnet_utils/nnet_dense_latency.h:58]   --->   Operation 987 'add' 'add_ln58_1348' <Predicate = true> <Delay = 0.00> <CoreInst = "TAddSub">   --->   Core 10 'TAddSub' <Latency = 0> <II = 1> <Delay = 0.34> <IPBlock> <Opcode : '' 'add' 'sub'> <InPorts = 3> <OutPorts = 1> <Sync> <CReg>
ST_1 : Operation 988 [1/1] (0.78ns)   --->   "%add_ln58_1349 = add i17 %sext_ln73_106, i17 3584" [firmware/nnet_utils/nnet_dense_latency.h:58]   --->   Operation 988 'add' 'add_ln58_1349' <Predicate = true> <Delay = 0.78> <CoreInst = "Adder">   --->   Core 1 'Adder' <Latency = 0> <II = 1> <Delay = 0.78> <FuncUnit> <Opcode : 'add' 'sub'> <InPorts = 2> <OutPorts = 1>
ST_1 : Operation 989 [1/1] (0.00ns)   --->   "%sext_ln58_619 = sext i17 %add_ln58_1349" [firmware/nnet_utils/nnet_dense_latency.h:58]   --->   Operation 989 'sext' 'sext_ln58_619' <Predicate = true> <Delay = 0.00>
ST_1 : Operation 990 [1/1] (0.79ns)   --->   "%add_ln58_1350 = add i18 %sext_ln58_619, i18 %sext_ln73_98" [firmware/nnet_utils/nnet_dense_latency.h:58]   --->   Operation 990 'add' 'add_ln58_1350' <Predicate = true> <Delay = 0.79> <CoreInst = "Adder">   --->   Core 1 'Adder' <Latency = 0> <II = 1> <Delay = 0.79> <FuncUnit> <Opcode : 'add' 'sub'> <InPorts = 2> <OutPorts = 1>
ST_1 : Operation 991 [1/1] (0.00ns)   --->   "%sext_ln58_620 = sext i18 %add_ln58_1350" [firmware/nnet_utils/nnet_dense_latency.h:58]   --->   Operation 991 'sext' 'sext_ln58_620' <Predicate = true> <Delay = 0.00>
ST_1 : Operation 992 [1/1] (0.69ns) (root node of TernaryAdder)   --->   "%add_ln58_1351 = add i21 %sext_ln58_620, i21 %add_ln58_1348" [firmware/nnet_utils/nnet_dense_latency.h:58]   --->   Operation 992 'add' 'add_ln58_1351' <Predicate = true> <Delay = 0.69> <CoreInst = "TAddSub">   --->   Core 10 'TAddSub' <Latency = 0> <II = 1> <Delay = 0.34> <IPBlock> <Opcode : '' 'add' 'sub'> <InPorts = 3> <OutPorts = 1> <Sync> <CReg>
ST_1 : Operation 993 [1/1] (0.00ns)   --->   "%sext_ln58_621 = sext i21 %add_ln58_1351" [firmware/nnet_utils/nnet_dense_latency.h:58]   --->   Operation 993 'sext' 'sext_ln58_621' <Predicate = true> <Delay = 0.00>
ST_1 : Operation 994 [1/1] (0.81ns)   --->   "%add_ln58_1352 = add i22 %sext_ln58_621, i22 %sext_ln58_617" [firmware/nnet_utils/nnet_dense_latency.h:58]   --->   Operation 994 'add' 'add_ln58_1352' <Predicate = true> <Delay = 0.81> <CoreInst = "Adder">   --->   Core 1 'Adder' <Latency = 0> <II = 1> <Delay = 0.81> <FuncUnit> <Opcode : 'add' 'sub'> <InPorts = 2> <OutPorts = 1>
ST_1 : Operation 995 [1/1] (0.00ns) (grouped into TernaryAdder)   --->   "%add_ln58_1353 = add i22 %mult_528, i22 %mult_541" [firmware/nnet_utils/nnet_dense_latency.h:58]   --->   Operation 995 'add' 'add_ln58_1353' <Predicate = true> <Delay = 0.00> <CoreInst = "TAddSub">   --->   Core 10 'TAddSub' <Latency = 0> <II = 1> <Delay = 0.34> <IPBlock> <Opcode : '' 'add' 'sub'> <InPorts = 3> <OutPorts = 1> <Sync> <CReg>
ST_1 : Operation 996 [1/1] (0.69ns) (root node of TernaryAdder)   --->   "%add_ln58_1354 = add i22 %add_ln58_1353, i22 %sext_ln17_330" [firmware/nnet_utils/nnet_dense_latency.h:58]   --->   Operation 996 'add' 'add_ln58_1354' <Predicate = true> <Delay = 0.69> <CoreInst = "TAddSub">   --->   Core 10 'TAddSub' <Latency = 0> <II = 1> <Delay = 0.34> <IPBlock> <Opcode : '' 'add' 'sub'> <InPorts = 3> <OutPorts = 1> <Sync> <CReg>
ST_1 : Operation 997 [1/1] (0.68ns) (root node of TernaryAdder)   --->   "%add_ln58_1355 = add i20 %add_ln17_8, i20 %sext_ln17_403" [firmware/nnet_utils/nnet_dense_latency.h:58]   --->   Operation 997 'add' 'add_ln58_1355' <Predicate = true> <Delay = 0.68> <CoreInst = "TAddSub">   --->   Core 10 'TAddSub' <Latency = 0> <II = 1> <Delay = 0.34> <IPBlock> <Opcode : '' 'add' 'sub'> <InPorts = 3> <OutPorts = 1> <Sync> <CReg>
ST_1 : Operation 998 [1/1] (0.00ns)   --->   "%sext_ln58_624 = sext i20 %add_ln58_1355" [firmware/nnet_utils/nnet_dense_latency.h:58]   --->   Operation 998 'sext' 'sext_ln58_624' <Predicate = true> <Delay = 0.00>
ST_1 : Operation 999 [1/1] (0.69ns) (root node of TernaryAdder)   --->   "%add_ln58_1356 = add i21 %sext_ln58_624, i21 %mult_565" [firmware/nnet_utils/nnet_dense_latency.h:58]   --->   Operation 999 'add' 'add_ln58_1356' <Predicate = true> <Delay = 0.69> <CoreInst = "TAddSub">   --->   Core 10 'TAddSub' <Latency = 0> <II = 1> <Delay = 0.34> <IPBlock> <Opcode : '' 'add' 'sub'> <InPorts = 3> <OutPorts = 1> <Sync> <CReg>
ST_1 : Operation 1000 [1/1] (0.79ns)   --->   "%sub_ln58_7 = sub i18 %sext_ln17_449, i18 %sext_ln73_98" [firmware/nnet_utils/nnet_dense_latency.h:58]   --->   Operation 1000 'sub' 'sub_ln58_7' <Predicate = true> <Delay = 0.79> <CoreInst = "Adder">   --->   Core 1 'Adder' <Latency = 0> <II = 1> <Delay = 0.79> <FuncUnit> <Opcode : 'add' 'sub'> <InPorts = 2> <OutPorts = 1>
ST_1 : Operation 1001 [1/1] (0.00ns)   --->   "%sext_ln58_626 = sext i18 %sub_ln58_7" [firmware/nnet_utils/nnet_dense_latency.h:58]   --->   Operation 1001 'sext' 'sext_ln58_626' <Predicate = true> <Delay = 0.00>
ST_1 : Operation 1002 [1/1] (0.80ns)   --->   "%add_ln58_1358 = add i20 %sext_ln58_626, i20 %mul_ln17_7" [firmware/nnet_utils/nnet_dense_latency.h:58]   --->   Operation 1002 'add' 'add_ln58_1358' <Predicate = true> <Delay = 0.80> <CoreInst = "Adder">   --->   Core 1 'Adder' <Latency = 0> <II = 1> <Delay = 0.80> <FuncUnit> <Opcode : 'add' 'sub'> <InPorts = 2> <OutPorts = 1>
ST_1 : Operation 1003 [1/1] (0.00ns)   --->   "%sext_ln58_627 = sext i20 %add_ln58_1358" [firmware/nnet_utils/nnet_dense_latency.h:58]   --->   Operation 1003 'sext' 'sext_ln58_627' <Predicate = true> <Delay = 0.00>
ST_1 : Operation 1004 [1/1] (0.00ns) (grouped into TernaryAdder)   --->   "%add_ln58_1359 = add i20 %mult_707, i20 %sext_ln17_501" [firmware/nnet_utils/nnet_dense_latency.h:58]   --->   Operation 1004 'add' 'add_ln58_1359' <Predicate = true> <Delay = 0.00> <CoreInst = "TAddSub">   --->   Core 10 'TAddSub' <Latency = 0> <II = 1> <Delay = 0.34> <IPBlock> <Opcode : '' 'add' 'sub'> <InPorts = 3> <OutPorts = 1> <Sync> <CReg>
ST_1 : Operation 1005 [1/1] (0.78ns)   --->   "%add_ln58_1360 = add i17 %sext_ln73_161, i17 3584" [firmware/nnet_utils/nnet_dense_latency.h:58]   --->   Operation 1005 'add' 'add_ln58_1360' <Predicate = true> <Delay = 0.78> <CoreInst = "Adder">   --->   Core 1 'Adder' <Latency = 0> <II = 1> <Delay = 0.78> <FuncUnit> <Opcode : 'add' 'sub'> <InPorts = 2> <OutPorts = 1>
ST_1 : Operation 1006 [1/1] (0.00ns)   --->   "%sext_ln58_628 = sext i17 %add_ln58_1360" [firmware/nnet_utils/nnet_dense_latency.h:58]   --->   Operation 1006 'sext' 'sext_ln58_628' <Predicate = true> <Delay = 0.00>
ST_1 : Operation 1007 [1/1] (0.68ns) (root node of TernaryAdder)   --->   "%add_ln58_1361 = add i20 %sext_ln58_628, i20 %add_ln58_1359" [firmware/nnet_utils/nnet_dense_latency.h:58]   --->   Operation 1007 'add' 'add_ln58_1361' <Predicate = true> <Delay = 0.68> <CoreInst = "TAddSub">   --->   Core 10 'TAddSub' <Latency = 0> <II = 1> <Delay = 0.34> <IPBlock> <Opcode : '' 'add' 'sub'> <InPorts = 3> <OutPorts = 1> <Sync> <CReg>
ST_1 : Operation 1008 [1/1] (0.00ns)   --->   "%sext_ln58_629 = sext i20 %add_ln58_1361" [firmware/nnet_utils/nnet_dense_latency.h:58]   --->   Operation 1008 'sext' 'sext_ln58_629' <Predicate = true> <Delay = 0.00>
ST_1 : Operation 1009 [1/1] (0.80ns)   --->   "%add_ln58_1362 = add i21 %sext_ln58_629, i21 %sext_ln58_627" [firmware/nnet_utils/nnet_dense_latency.h:58]   --->   Operation 1009 'add' 'add_ln58_1362' <Predicate = true> <Delay = 0.80> <CoreInst = "Adder">   --->   Core 1 'Adder' <Latency = 0> <II = 1> <Delay = 0.80> <FuncUnit> <Opcode : 'add' 'sub'> <InPorts = 2> <OutPorts = 1>
ST_1 : Operation 1010 [1/1] (0.68ns) (root node of TernaryAdder)   --->   "%add_ln58_1364 = add i19 %add_ln17_9, i19 %mult_624" [firmware/nnet_utils/nnet_dense_latency.h:58]   --->   Operation 1010 'add' 'add_ln58_1364' <Predicate = true> <Delay = 0.68> <CoreInst = "TAddSub">   --->   Core 10 'TAddSub' <Latency = 0> <II = 1> <Delay = 0.34> <IPBlock> <Opcode : '' 'add' 'sub'> <InPorts = 3> <OutPorts = 1> <Sync> <CReg>
ST_1 : Operation 1011 [1/1] (0.00ns)   --->   "%sext_ln58_632 = sext i19 %add_ln58_1364" [firmware/nnet_utils/nnet_dense_latency.h:58]   --->   Operation 1011 'sext' 'sext_ln58_632' <Predicate = true> <Delay = 0.00>
ST_1 : Operation 1012 [1/1] (0.80ns)   --->   "%add_ln58_1365 = add i20 %sext_ln58_632, i20 %sext_ln17_329" [firmware/nnet_utils/nnet_dense_latency.h:58]   --->   Operation 1012 'add' 'add_ln58_1365' <Predicate = true> <Delay = 0.80> <CoreInst = "Adder">   --->   Core 1 'Adder' <Latency = 0> <II = 1> <Delay = 0.80> <FuncUnit> <Opcode : 'add' 'sub'> <InPorts = 2> <OutPorts = 1>
ST_1 : Operation 1013 [1/1] (0.00ns)   --->   "%sext_ln58_633 = sext i20 %add_ln58_1365" [firmware/nnet_utils/nnet_dense_latency.h:58]   --->   Operation 1013 'sext' 'sext_ln58_633' <Predicate = true> <Delay = 0.00>
ST_1 : Operation 1014 [1/1] (0.80ns)   --->   "%add_ln58_1366 = add i20 %sext_ln17_433, i20 %trunc_ln17_23" [firmware/nnet_utils/nnet_dense_latency.h:58]   --->   Operation 1014 'add' 'add_ln58_1366' <Predicate = true> <Delay = 0.80> <CoreInst = "Adder">   --->   Core 1 'Adder' <Latency = 0> <II = 1> <Delay = 0.80> <FuncUnit> <Opcode : 'add' 'sub'> <InPorts = 2> <OutPorts = 1>
ST_1 : Operation 1015 [1/1] (0.00ns)   --->   "%sext_ln58_634 = sext i20 %add_ln58_1366" [firmware/nnet_utils/nnet_dense_latency.h:58]   --->   Operation 1015 'sext' 'sext_ln58_634' <Predicate = true> <Delay = 0.00>
ST_1 : Operation 1016 [1/1] (0.79ns)   --->   "%sub_ln58_32 = sub i18 1024, i18 %sext_ln73_189" [firmware/nnet_utils/nnet_dense_latency.h:58]   --->   Operation 1016 'sub' 'sub_ln58_32' <Predicate = true> <Delay = 0.79> <CoreInst = "Adder">   --->   Core 1 'Adder' <Latency = 0> <II = 1> <Delay = 0.79> <FuncUnit> <Opcode : 'add' 'sub'> <InPorts = 2> <OutPorts = 1>
ST_1 : Operation 1017 [1/1] (0.00ns)   --->   "%sext_ln58_635 = sext i18 %sub_ln58_32" [firmware/nnet_utils/nnet_dense_latency.h:58]   --->   Operation 1017 'sext' 'sext_ln58_635' <Predicate = true> <Delay = 0.00>
ST_1 : Operation 1018 [1/1] (0.00ns) (grouped into TernaryAdder)   --->   "%add_ln58_1367 = add i21 %sext_ln58_635, i21 %sext_ln58_634" [firmware/nnet_utils/nnet_dense_latency.h:58]   --->   Operation 1018 'add' 'add_ln58_1367' <Predicate = true> <Delay = 0.00> <CoreInst = "TAddSub">   --->   Core 10 'TAddSub' <Latency = 0> <II = 1> <Delay = 0.34> <IPBlock> <Opcode : '' 'add' 'sub'> <InPorts = 3> <OutPorts = 1> <Sync> <CReg>
ST_1 : Operation 1019 [1/1] (0.69ns) (root node of TernaryAdder)   --->   "%add_ln58_1368 = add i21 %add_ln58_1367, i21 %sext_ln58_633" [firmware/nnet_utils/nnet_dense_latency.h:58]   --->   Operation 1019 'add' 'add_ln58_1368' <Predicate = true> <Delay = 0.69> <CoreInst = "TAddSub">   --->   Core 10 'TAddSub' <Latency = 0> <II = 1> <Delay = 0.34> <IPBlock> <Opcode : '' 'add' 'sub'> <InPorts = 3> <OutPorts = 1> <Sync> <CReg>
ST_1 : Operation 1020 [1/1] (0.00ns) (grouped into TernaryAdder)   --->   "%add_ln58_1369 = add i20 %sext_ln17_357, i20 %mult_542" [firmware/nnet_utils/nnet_dense_latency.h:58]   --->   Operation 1020 'add' 'add_ln58_1369' <Predicate = true> <Delay = 0.00> <CoreInst = "TAddSub">   --->   Core 10 'TAddSub' <Latency = 0> <II = 1> <Delay = 0.34> <IPBlock> <Opcode : '' 'add' 'sub'> <InPorts = 3> <OutPorts = 1> <Sync> <CReg>
ST_1 : Operation 1021 [1/1] (0.00ns) (grouped into TernaryAdder)   --->   "%add_ln58_1370 = add i19 %mult_639, i19 %sext_ln17_442" [firmware/nnet_utils/nnet_dense_latency.h:58]   --->   Operation 1021 'add' 'add_ln58_1370' <Predicate = true> <Delay = 0.00> <CoreInst = "TAddSub">   --->   Core 10 'TAddSub' <Latency = 0> <II = 1> <Delay = 0.34> <IPBlock> <Opcode : '' 'add' 'sub'> <InPorts = 3> <OutPorts = 1> <Sync> <CReg>
ST_1 : Operation 1022 [1/1] (0.68ns) (root node of TernaryAdder)   --->   "%add_ln58_1371 = add i19 %add_ln58_1370, i19 %sext_ln17_381" [firmware/nnet_utils/nnet_dense_latency.h:58]   --->   Operation 1022 'add' 'add_ln58_1371' <Predicate = true> <Delay = 0.68> <CoreInst = "TAddSub">   --->   Core 10 'TAddSub' <Latency = 0> <II = 1> <Delay = 0.34> <IPBlock> <Opcode : '' 'add' 'sub'> <InPorts = 3> <OutPorts = 1> <Sync> <CReg>
ST_1 : Operation 1023 [1/1] (0.00ns)   --->   "%sext_ln58_637 = sext i19 %add_ln58_1371" [firmware/nnet_utils/nnet_dense_latency.h:58]   --->   Operation 1023 'sext' 'sext_ln58_637' <Predicate = true> <Delay = 0.00>
ST_1 : Operation 1024 [1/1] (0.68ns) (root node of TernaryAdder)   --->   "%add_ln58_1372 = add i20 %sext_ln58_637, i20 %add_ln58_1369" [firmware/nnet_utils/nnet_dense_latency.h:58]   --->   Operation 1024 'add' 'add_ln58_1372' <Predicate = true> <Delay = 0.68> <CoreInst = "TAddSub">   --->   Core 10 'TAddSub' <Latency = 0> <II = 1> <Delay = 0.34> <IPBlock> <Opcode : '' 'add' 'sub'> <InPorts = 3> <OutPorts = 1> <Sync> <CReg>
ST_1 : Operation 1025 [1/1] (0.00ns)   --->   "%sext_ln58_638 = sext i20 %add_ln58_1372" [firmware/nnet_utils/nnet_dense_latency.h:58]   --->   Operation 1025 'sext' 'sext_ln58_638' <Predicate = true> <Delay = 0.00>
ST_1 : Operation 1026 [1/1] (0.00ns) (grouped into TernaryAdder)   --->   "%add_ln58_1373 = add i20 %sext_ln17_502, i20 %sext_ln73_62" [firmware/nnet_utils/nnet_dense_latency.h:58]   --->   Operation 1026 'add' 'add_ln58_1373' <Predicate = true> <Delay = 0.00> <CoreInst = "TAddSub">   --->   Core 10 'TAddSub' <Latency = 0> <II = 1> <Delay = 0.34> <IPBlock> <Opcode : '' 'add' 'sub'> <InPorts = 3> <OutPorts = 1> <Sync> <CReg>
ST_1 : Operation 1027 [1/1] (0.78ns)   --->   "%add_ln58_1374 = add i17 %sext_ln73_92, i17 128512" [firmware/nnet_utils/nnet_dense_latency.h:58]   --->   Operation 1027 'add' 'add_ln58_1374' <Predicate = true> <Delay = 0.78> <CoreInst = "Adder">   --->   Core 1 'Adder' <Latency = 0> <II = 1> <Delay = 0.78> <FuncUnit> <Opcode : 'add' 'sub'> <InPorts = 2> <OutPorts = 1>
ST_1 : Operation 1028 [1/1] (0.00ns)   --->   "%sext_ln58_639 = sext i17 %add_ln58_1374" [firmware/nnet_utils/nnet_dense_latency.h:58]   --->   Operation 1028 'sext' 'sext_ln58_639' <Predicate = true> <Delay = 0.00>
ST_1 : Operation 1029 [1/1] (0.79ns)   --->   "%add_ln58_1375 = add i18 %sext_ln58_639, i18 %sext_ln73_66" [firmware/nnet_utils/nnet_dense_latency.h:58]   --->   Operation 1029 'add' 'add_ln58_1375' <Predicate = true> <Delay = 0.79> <CoreInst = "Adder">   --->   Core 1 'Adder' <Latency = 0> <II = 1> <Delay = 0.79> <FuncUnit> <Opcode : 'add' 'sub'> <InPorts = 2> <OutPorts = 1>
ST_1 : Operation 1030 [1/1] (0.00ns)   --->   "%sext_ln58_640 = sext i18 %add_ln58_1375" [firmware/nnet_utils/nnet_dense_latency.h:58]   --->   Operation 1030 'sext' 'sext_ln58_640' <Predicate = true> <Delay = 0.00>
ST_1 : Operation 1031 [1/1] (0.68ns) (root node of TernaryAdder)   --->   "%add_ln58_1376 = add i20 %sext_ln58_640, i20 %add_ln58_1373" [firmware/nnet_utils/nnet_dense_latency.h:58]   --->   Operation 1031 'add' 'add_ln58_1376' <Predicate = true> <Delay = 0.68> <CoreInst = "TAddSub">   --->   Core 10 'TAddSub' <Latency = 0> <II = 1> <Delay = 0.34> <IPBlock> <Opcode : '' 'add' 'sub'> <InPorts = 3> <OutPorts = 1> <Sync> <CReg>
ST_1 : Operation 1032 [1/1] (0.00ns)   --->   "%sext_ln58_641 = sext i20 %add_ln58_1376" [firmware/nnet_utils/nnet_dense_latency.h:58]   --->   Operation 1032 'sext' 'sext_ln58_641' <Predicate = true> <Delay = 0.00>
ST_1 : Operation 1033 [1/1] (0.80ns)   --->   "%add_ln58_1377 = add i21 %sext_ln58_641, i21 %sext_ln58_638" [firmware/nnet_utils/nnet_dense_latency.h:58]   --->   Operation 1033 'add' 'add_ln58_1377' <Predicate = true> <Delay = 0.80> <CoreInst = "Adder">   --->   Core 1 'Adder' <Latency = 0> <II = 1> <Delay = 0.80> <FuncUnit> <Opcode : 'add' 'sub'> <InPorts = 2> <OutPorts = 1>
ST_1 : Operation 1034 [1/1] (0.00ns) (grouped into TernaryAdder)   --->   "%add_ln58_1378 = add i20 %sext_ln17_359, i20 %mul_ln17_5" [firmware/nnet_utils/nnet_dense_latency.h:58]   --->   Operation 1034 'add' 'add_ln58_1378' <Predicate = true> <Delay = 0.00> <CoreInst = "TAddSub">   --->   Core 10 'TAddSub' <Latency = 0> <II = 1> <Delay = 0.34> <IPBlock> <Opcode : '' 'add' 'sub'> <InPorts = 3> <OutPorts = 1> <Sync> <CReg>
ST_1 : Operation 1035 [1/1] (0.68ns) (root node of TernaryAdder)   --->   "%add_ln58_1379 = add i20 %add_ln58_1378, i20 %sext_ln17_329" [firmware/nnet_utils/nnet_dense_latency.h:58]   --->   Operation 1035 'add' 'add_ln58_1379' <Predicate = true> <Delay = 0.68> <CoreInst = "TAddSub">   --->   Core 10 'TAddSub' <Latency = 0> <II = 1> <Delay = 0.34> <IPBlock> <Opcode : '' 'add' 'sub'> <InPorts = 3> <OutPorts = 1> <Sync> <CReg>
ST_1 : Operation 1036 [1/1] (0.00ns)   --->   "%sext_ln58_643 = sext i20 %add_ln58_1379" [firmware/nnet_utils/nnet_dense_latency.h:58]   --->   Operation 1036 'sext' 'sext_ln58_643' <Predicate = true> <Delay = 0.00>
ST_1 : Operation 1037 [1/1] (0.79ns)   --->   "%add_ln58_1380 = add i19 %sext_ln73_140, i19 %sext_ln17_429" [firmware/nnet_utils/nnet_dense_latency.h:58]   --->   Operation 1037 'add' 'add_ln58_1380' <Predicate = true> <Delay = 0.79> <CoreInst = "Adder">   --->   Core 1 'Adder' <Latency = 0> <II = 1> <Delay = 0.79> <FuncUnit> <Opcode : 'add' 'sub'> <InPorts = 2> <OutPorts = 1>
ST_1 : Operation 1038 [1/1] (0.00ns)   --->   "%sext_ln58_644 = sext i19 %add_ln58_1380" [firmware/nnet_utils/nnet_dense_latency.h:58]   --->   Operation 1038 'sext' 'sext_ln58_644' <Predicate = true> <Delay = 0.00>
ST_1 : Operation 1039 [1/1] (0.00ns) (grouped into TernaryAdder)   --->   "%add_ln58_1381 = add i21 %sext_ln58_644, i21 %mult_569" [firmware/nnet_utils/nnet_dense_latency.h:58]   --->   Operation 1039 'add' 'add_ln58_1381' <Predicate = true> <Delay = 0.00> <CoreInst = "TAddSub">   --->   Core 10 'TAddSub' <Latency = 0> <II = 1> <Delay = 0.34> <IPBlock> <Opcode : '' 'add' 'sub'> <InPorts = 3> <OutPorts = 1> <Sync> <CReg>
ST_1 : Operation 1040 [1/1] (0.69ns) (root node of TernaryAdder)   --->   "%add_ln58_1382 = add i21 %add_ln58_1381, i21 %sext_ln58_643" [firmware/nnet_utils/nnet_dense_latency.h:58]   --->   Operation 1040 'add' 'add_ln58_1382' <Predicate = true> <Delay = 0.69> <CoreInst = "TAddSub">   --->   Core 10 'TAddSub' <Latency = 0> <II = 1> <Delay = 0.34> <IPBlock> <Opcode : '' 'add' 'sub'> <InPorts = 3> <OutPorts = 1> <Sync> <CReg>
ST_1 : Operation 1041 [1/1] (0.00ns) (grouped into TernaryAdder)   --->   "%add_ln58_1383 = add i20 %mult_662, i20 %mult_683" [firmware/nnet_utils/nnet_dense_latency.h:58]   --->   Operation 1041 'add' 'add_ln58_1383' <Predicate = true> <Delay = 0.00> <CoreInst = "TAddSub">   --->   Core 10 'TAddSub' <Latency = 0> <II = 1> <Delay = 0.34> <IPBlock> <Opcode : '' 'add' 'sub'> <InPorts = 3> <OutPorts = 1> <Sync> <CReg>
ST_1 : Operation 1042 [1/1] (0.68ns) (root node of TernaryAdder)   --->   "%add_ln58_1384 = add i20 %add_ln58_1383, i20 %mult_640" [firmware/nnet_utils/nnet_dense_latency.h:58]   --->   Operation 1042 'add' 'add_ln58_1384' <Predicate = true> <Delay = 0.68> <CoreInst = "TAddSub">   --->   Core 10 'TAddSub' <Latency = 0> <II = 1> <Delay = 0.34> <IPBlock> <Opcode : '' 'add' 'sub'> <InPorts = 3> <OutPorts = 1> <Sync> <CReg>
ST_1 : Operation 1043 [1/1] (0.00ns)   --->   "%sext_ln58_646 = sext i20 %add_ln58_1384" [firmware/nnet_utils/nnet_dense_latency.h:58]   --->   Operation 1043 'sext' 'sext_ln58_646' <Predicate = true> <Delay = 0.00>
ST_1 : Operation 1044 [1/1] (0.00ns) (grouped into TernaryAdder)   --->   "%add_ln58_1385 = add i20 %sext_ln17_492, i20 %mult_723" [firmware/nnet_utils/nnet_dense_latency.h:58]   --->   Operation 1044 'add' 'add_ln58_1385' <Predicate = true> <Delay = 0.00> <CoreInst = "TAddSub">   --->   Core 10 'TAddSub' <Latency = 0> <II = 1> <Delay = 0.34> <IPBlock> <Opcode : '' 'add' 'sub'> <InPorts = 3> <OutPorts = 1> <Sync> <CReg>
ST_1 : Operation 1045 [1/1] (0.78ns)   --->   "%add_ln58_1386 = add i17 %sext_ln73_161, i17 128000" [firmware/nnet_utils/nnet_dense_latency.h:58]   --->   Operation 1045 'add' 'add_ln58_1386' <Predicate = true> <Delay = 0.78> <CoreInst = "Adder">   --->   Core 1 'Adder' <Latency = 0> <II = 1> <Delay = 0.78> <FuncUnit> <Opcode : 'add' 'sub'> <InPorts = 2> <OutPorts = 1>
ST_1 : Operation 1046 [1/1] (0.00ns)   --->   "%sext_ln58_647 = sext i17 %add_ln58_1386" [firmware/nnet_utils/nnet_dense_latency.h:58]   --->   Operation 1046 'sext' 'sext_ln58_647' <Predicate = true> <Delay = 0.00>
ST_1 : Operation 1047 [1/1] (0.68ns) (root node of TernaryAdder)   --->   "%add_ln58_1387 = add i20 %sext_ln58_647, i20 %add_ln58_1385" [firmware/nnet_utils/nnet_dense_latency.h:58]   --->   Operation 1047 'add' 'add_ln58_1387' <Predicate = true> <Delay = 0.68> <CoreInst = "TAddSub">   --->   Core 10 'TAddSub' <Latency = 0> <II = 1> <Delay = 0.34> <IPBlock> <Opcode : '' 'add' 'sub'> <InPorts = 3> <OutPorts = 1> <Sync> <CReg>
ST_1 : Operation 1048 [1/1] (0.00ns)   --->   "%sext_ln58_648 = sext i20 %add_ln58_1387" [firmware/nnet_utils/nnet_dense_latency.h:58]   --->   Operation 1048 'sext' 'sext_ln58_648' <Predicate = true> <Delay = 0.00>
ST_1 : Operation 1049 [1/1] (0.80ns)   --->   "%add_ln58_1388 = add i21 %sext_ln58_648, i21 %sext_ln58_646" [firmware/nnet_utils/nnet_dense_latency.h:58]   --->   Operation 1049 'add' 'add_ln58_1388' <Predicate = true> <Delay = 0.80> <CoreInst = "Adder">   --->   Core 1 'Adder' <Latency = 0> <II = 1> <Delay = 0.80> <FuncUnit> <Opcode : 'add' 'sub'> <InPorts = 2> <OutPorts = 1>
ST_1 : Operation 1050 [1/1] (0.00ns) (grouped into TernaryAdder)   --->   "%add_ln58_1390 = add i21 %mult_527, i21 %mult_543" [firmware/nnet_utils/nnet_dense_latency.h:58]   --->   Operation 1050 'add' 'add_ln58_1390' <Predicate = true> <Delay = 0.00> <CoreInst = "TAddSub">   --->   Core 10 'TAddSub' <Latency = 0> <II = 1> <Delay = 0.34> <IPBlock> <Opcode : '' 'add' 'sub'> <InPorts = 3> <OutPorts = 1> <Sync> <CReg>
ST_1 : Operation 1051 [1/1] (0.69ns) (root node of TernaryAdder)   --->   "%add_ln58_1391 = add i21 %add_ln58_1390, i21 %sext_ln17_332" [firmware/nnet_utils/nnet_dense_latency.h:58]   --->   Operation 1051 'add' 'add_ln58_1391' <Predicate = true> <Delay = 0.69> <CoreInst = "TAddSub">   --->   Core 10 'TAddSub' <Latency = 0> <II = 1> <Delay = 0.34> <IPBlock> <Opcode : '' 'add' 'sub'> <InPorts = 3> <OutPorts = 1> <Sync> <CReg>
ST_1 : Operation 1052 [1/1] (0.00ns)   --->   "%sext_ln58_651 = sext i21 %add_ln58_1391" [firmware/nnet_utils/nnet_dense_latency.h:58]   --->   Operation 1052 'sext' 'sext_ln58_651' <Predicate = true> <Delay = 0.00>
ST_1 : Operation 1053 [1/1] (0.68ns) (root node of TernaryAdder)   --->   "%add_ln58_1392 = add i20 %mult_570, i20 %mult_601" [firmware/nnet_utils/nnet_dense_latency.h:58]   --->   Operation 1053 'add' 'add_ln58_1392' <Predicate = true> <Delay = 0.68> <CoreInst = "TAddSub">   --->   Core 10 'TAddSub' <Latency = 0> <II = 1> <Delay = 0.34> <IPBlock> <Opcode : '' 'add' 'sub'> <InPorts = 3> <OutPorts = 1> <Sync> <CReg>
ST_1 : Operation 1054 [1/1] (0.00ns)   --->   "%sext_ln58_652 = sext i20 %add_ln58_1392" [firmware/nnet_utils/nnet_dense_latency.h:58]   --->   Operation 1054 'sext' 'sext_ln58_652' <Predicate = true> <Delay = 0.00>
ST_1 : Operation 1055 [1/1] (0.80ns)   --->   "%add_ln58_1393 = add i19 %sext_ln17_414, i19 %trunc_ln17_12" [firmware/nnet_utils/nnet_dense_latency.h:58]   --->   Operation 1055 'add' 'add_ln58_1393' <Predicate = true> <Delay = 0.80> <CoreInst = "Adder">   --->   Core 1 'Adder' <Latency = 0> <II = 1> <Delay = 0.80> <FuncUnit> <Opcode : 'add' 'sub'> <InPorts = 2> <OutPorts = 1>
ST_1 : Operation 1056 [1/1] (0.00ns)   --->   "%sext_ln58_653 = sext i19 %add_ln58_1393" [firmware/nnet_utils/nnet_dense_latency.h:58]   --->   Operation 1056 'sext' 'sext_ln58_653' <Predicate = true> <Delay = 0.00>
ST_1 : Operation 1057 [1/1] (0.80ns)   --->   "%add_ln58_1394 = add i21 %sext_ln58_653, i21 %sext_ln58_652" [firmware/nnet_utils/nnet_dense_latency.h:58]   --->   Operation 1057 'add' 'add_ln58_1394' <Predicate = true> <Delay = 0.80> <CoreInst = "Adder">   --->   Core 1 'Adder' <Latency = 0> <II = 1> <Delay = 0.80> <FuncUnit> <Opcode : 'add' 'sub'> <InPorts = 2> <OutPorts = 1>
ST_1 : Operation 1058 [1/1] (0.00ns)   --->   "%sext_ln58_654 = sext i21 %add_ln58_1394" [firmware/nnet_utils/nnet_dense_latency.h:58]   --->   Operation 1058 'sext' 'sext_ln58_654' <Predicate = true> <Delay = 0.00>
ST_1 : Operation 1059 [1/1] (0.81ns)   --->   "%add_ln58_1395 = add i22 %sext_ln58_654, i22 %sext_ln58_651" [firmware/nnet_utils/nnet_dense_latency.h:58]   --->   Operation 1059 'add' 'add_ln58_1395' <Predicate = true> <Delay = 0.81> <CoreInst = "Adder">   --->   Core 1 'Adder' <Latency = 0> <II = 1> <Delay = 0.81> <FuncUnit> <Opcode : 'add' 'sub'> <InPorts = 2> <OutPorts = 1>
ST_1 : Operation 1060 [1/1] (0.80ns)   --->   "%add_ln58_1396 = add i20 %mul_ln17_8, i20 %sext_ln17_452" [firmware/nnet_utils/nnet_dense_latency.h:58]   --->   Operation 1060 'add' 'add_ln58_1396' <Predicate = true> <Delay = 0.80> <CoreInst = "Adder">   --->   Core 1 'Adder' <Latency = 0> <II = 1> <Delay = 0.80> <FuncUnit> <Opcode : 'add' 'sub'> <InPorts = 2> <OutPorts = 1>
ST_1 : Operation 1061 [1/1] (0.00ns)   --->   "%sext_ln58_656 = sext i20 %add_ln58_1396" [firmware/nnet_utils/nnet_dense_latency.h:58]   --->   Operation 1061 'sext' 'sext_ln58_656' <Predicate = true> <Delay = 0.00>
ST_1 : Operation 1062 [1/1] (0.80ns)   --->   "%add_ln58_1397 = add i19 %sext_ln17_465, i19 %mult_691" [firmware/nnet_utils/nnet_dense_latency.h:58]   --->   Operation 1062 'add' 'add_ln58_1397' <Predicate = true> <Delay = 0.80> <CoreInst = "Adder">   --->   Core 1 'Adder' <Latency = 0> <II = 1> <Delay = 0.80> <FuncUnit> <Opcode : 'add' 'sub'> <InPorts = 2> <OutPorts = 1>
ST_1 : Operation 1063 [1/1] (0.00ns)   --->   "%sext_ln58_657 = sext i19 %add_ln58_1397" [firmware/nnet_utils/nnet_dense_latency.h:58]   --->   Operation 1063 'sext' 'sext_ln58_657' <Predicate = true> <Delay = 0.00>
ST_1 : Operation 1064 [1/1] (0.80ns)   --->   "%add_ln58_1398 = add i21 %sext_ln58_657, i21 %sext_ln58_656" [firmware/nnet_utils/nnet_dense_latency.h:58]   --->   Operation 1064 'add' 'add_ln58_1398' <Predicate = true> <Delay = 0.80> <CoreInst = "Adder">   --->   Core 1 'Adder' <Latency = 0> <II = 1> <Delay = 0.80> <FuncUnit> <Opcode : 'add' 'sub'> <InPorts = 2> <OutPorts = 1>
ST_1 : Operation 1065 [1/1] (0.82ns)   --->   "%add_ln58_1399 = add i22 %mult_710, i22 %sext_ln17_497" [firmware/nnet_utils/nnet_dense_latency.h:58]   --->   Operation 1065 'add' 'add_ln58_1399' <Predicate = true> <Delay = 0.82> <CoreInst = "Adder">   --->   Core 1 'Adder' <Latency = 0> <II = 1> <Delay = 0.82> <FuncUnit> <Opcode : 'add' 'sub'> <InPorts = 2> <OutPorts = 1>
ST_1 : Operation 1066 [1/1] (0.68ns) (root node of TernaryAdder)   --->   "%add_ln58_1404 = add i20 %mult_497, i20 %sext_ln17_371" [firmware/nnet_utils/nnet_dense_latency.h:58]   --->   Operation 1066 'add' 'add_ln58_1404' <Predicate = true> <Delay = 0.68> <CoreInst = "TAddSub">   --->   Core 10 'TAddSub' <Latency = 0> <II = 1> <Delay = 0.34> <IPBlock> <Opcode : '' 'add' 'sub'> <InPorts = 3> <OutPorts = 1> <Sync> <CReg>
ST_1 : Operation 1067 [1/1] (0.00ns)   --->   "%sext_ln58_662 = sext i20 %add_ln58_1404" [firmware/nnet_utils/nnet_dense_latency.h:58]   --->   Operation 1067 'sext' 'sext_ln58_662' <Predicate = true> <Delay = 0.00>
ST_1 : Operation 1068 [1/1] (0.68ns) (root node of TernaryAdder)   --->   "%add_ln58_1405 = add i20 %mult_571, i20 %sext_ln17_433" [firmware/nnet_utils/nnet_dense_latency.h:58]   --->   Operation 1068 'add' 'add_ln58_1405' <Predicate = true> <Delay = 0.68> <CoreInst = "TAddSub">   --->   Core 10 'TAddSub' <Latency = 0> <II = 1> <Delay = 0.34> <IPBlock> <Opcode : '' 'add' 'sub'> <InPorts = 3> <OutPorts = 1> <Sync> <CReg>
ST_1 : Operation 1069 [1/1] (0.00ns)   --->   "%sext_ln58_663 = sext i20 %add_ln58_1405" [firmware/nnet_utils/nnet_dense_latency.h:58]   --->   Operation 1069 'sext' 'sext_ln58_663' <Predicate = true> <Delay = 0.00>
ST_1 : Operation 1070 [1/1] (0.80ns)   --->   "%add_ln58_1406 = add i21 %sext_ln58_663, i21 %sext_ln58_662" [firmware/nnet_utils/nnet_dense_latency.h:58]   --->   Operation 1070 'add' 'add_ln58_1406' <Predicate = true> <Delay = 0.80> <CoreInst = "Adder">   --->   Core 1 'Adder' <Latency = 0> <II = 1> <Delay = 0.80> <FuncUnit> <Opcode : 'add' 'sub'> <InPorts = 2> <OutPorts = 1>
ST_1 : Operation 1071 [1/1] (0.00ns)   --->   "%sext_ln58_664 = sext i21 %add_ln58_1406" [firmware/nnet_utils/nnet_dense_latency.h:58]   --->   Operation 1071 'sext' 'sext_ln58_664' <Predicate = true> <Delay = 0.00>
ST_1 : Operation 1072 [1/1] (0.00ns) (grouped into TernaryAdder)   --->   "%add_ln58_1407 = add i21 %sext_ln73_181, i21 %sub_ln17_26" [firmware/nnet_utils/nnet_dense_latency.h:58]   --->   Operation 1072 'add' 'add_ln58_1407' <Predicate = true> <Delay = 0.00> <CoreInst = "TAddSub">   --->   Core 10 'TAddSub' <Latency = 0> <II = 1> <Delay = 0.34> <IPBlock> <Opcode : '' 'add' 'sub'> <InPorts = 3> <OutPorts = 1> <Sync> <CReg>
ST_1 : Operation 1073 [1/1] (0.78ns)   --->   "%add_ln58_1408 = add i17 %sext_ln73_142, i17 3584" [firmware/nnet_utils/nnet_dense_latency.h:58]   --->   Operation 1073 'add' 'add_ln58_1408' <Predicate = true> <Delay = 0.78> <CoreInst = "Adder">   --->   Core 1 'Adder' <Latency = 0> <II = 1> <Delay = 0.78> <FuncUnit> <Opcode : 'add' 'sub'> <InPorts = 2> <OutPorts = 1>
ST_1 : Operation 1074 [1/1] (0.00ns)   --->   "%sext_ln58_665 = sext i17 %add_ln58_1408" [firmware/nnet_utils/nnet_dense_latency.h:58]   --->   Operation 1074 'sext' 'sext_ln58_665' <Predicate = true> <Delay = 0.00>
ST_1 : Operation 1075 [1/1] (0.69ns) (root node of TernaryAdder)   --->   "%add_ln58_1409 = add i21 %sext_ln58_665, i21 %add_ln58_1407" [firmware/nnet_utils/nnet_dense_latency.h:58]   --->   Operation 1075 'add' 'add_ln58_1409' <Predicate = true> <Delay = 0.69> <CoreInst = "TAddSub">   --->   Core 10 'TAddSub' <Latency = 0> <II = 1> <Delay = 0.34> <IPBlock> <Opcode : '' 'add' 'sub'> <InPorts = 3> <OutPorts = 1> <Sync> <CReg>
ST_1 : Operation 1076 [1/1] (0.00ns)   --->   "%sext_ln58_666 = sext i21 %add_ln58_1409" [firmware/nnet_utils/nnet_dense_latency.h:58]   --->   Operation 1076 'sext' 'sext_ln58_666' <Predicate = true> <Delay = 0.00>
ST_1 : Operation 1077 [1/1] (0.81ns)   --->   "%add_ln58_1410 = add i22 %sext_ln58_666, i22 %sext_ln58_664" [firmware/nnet_utils/nnet_dense_latency.h:58]   --->   Operation 1077 'add' 'add_ln58_1410' <Predicate = true> <Delay = 0.81> <CoreInst = "Adder">   --->   Core 1 'Adder' <Latency = 0> <II = 1> <Delay = 0.81> <FuncUnit> <Opcode : 'add' 'sub'> <InPorts = 2> <OutPorts = 1>
ST_1 : Operation 1078 [1/1] (0.00ns) (grouped into TernaryAdder)   --->   "%add_ln58_1411 = add i20 %sext_ln17_391, i20 %mult_602" [firmware/nnet_utils/nnet_dense_latency.h:58]   --->   Operation 1078 'add' 'add_ln58_1411' <Predicate = true> <Delay = 0.00> <CoreInst = "TAddSub">   --->   Core 10 'TAddSub' <Latency = 0> <II = 1> <Delay = 0.34> <IPBlock> <Opcode : '' 'add' 'sub'> <InPorts = 3> <OutPorts = 1> <Sync> <CReg>
ST_1 : Operation 1079 [1/1] (0.68ns) (root node of TernaryAdder)   --->   "%add_ln58_1412 = add i20 %add_ln58_1411, i20 %sext_ln17_361" [firmware/nnet_utils/nnet_dense_latency.h:58]   --->   Operation 1079 'add' 'add_ln58_1412' <Predicate = true> <Delay = 0.68> <CoreInst = "TAddSub">   --->   Core 10 'TAddSub' <Latency = 0> <II = 1> <Delay = 0.34> <IPBlock> <Opcode : '' 'add' 'sub'> <InPorts = 3> <OutPorts = 1> <Sync> <CReg>
ST_1 : Operation 1080 [1/1] (0.00ns)   --->   "%sext_ln58_668 = sext i20 %add_ln58_1412" [firmware/nnet_utils/nnet_dense_latency.h:58]   --->   Operation 1080 'sext' 'sext_ln58_668' <Predicate = true> <Delay = 0.00>
ST_1 : Operation 1081 [1/1] (0.80ns)   --->   "%add_ln58_1413 = add i20 %mult_628, i20 %sext_ln17_436" [firmware/nnet_utils/nnet_dense_latency.h:58]   --->   Operation 1081 'add' 'add_ln58_1413' <Predicate = true> <Delay = 0.80> <CoreInst = "Adder">   --->   Core 1 'Adder' <Latency = 0> <II = 1> <Delay = 0.80> <FuncUnit> <Opcode : 'add' 'sub'> <InPorts = 2> <OutPorts = 1>
ST_1 : Operation 1082 [1/1] (0.00ns)   --->   "%sext_ln58_669 = sext i20 %add_ln58_1413" [firmware/nnet_utils/nnet_dense_latency.h:58]   --->   Operation 1082 'sext' 'sext_ln58_669' <Predicate = true> <Delay = 0.00>
ST_1 : Operation 1083 [1/1] (0.69ns) (root node of TernaryAdder)   --->   "%add_ln58_1414 = add i21 %sext_ln58_669, i21 %mult_613" [firmware/nnet_utils/nnet_dense_latency.h:58]   --->   Operation 1083 'add' 'add_ln58_1414' <Predicate = true> <Delay = 0.69> <CoreInst = "TAddSub">   --->   Core 10 'TAddSub' <Latency = 0> <II = 1> <Delay = 0.34> <IPBlock> <Opcode : '' 'add' 'sub'> <InPorts = 3> <OutPorts = 1> <Sync> <CReg>
ST_1 : Operation 1084 [1/1] (0.00ns)   --->   "%sext_ln58_670 = sext i21 %add_ln58_1414" [firmware/nnet_utils/nnet_dense_latency.h:58]   --->   Operation 1084 'sext' 'sext_ln58_670' <Predicate = true> <Delay = 0.00>
ST_1 : Operation 1085 [1/1] (0.81ns)   --->   "%add_ln58_1415 = add i22 %sext_ln58_670, i22 %sext_ln58_668" [firmware/nnet_utils/nnet_dense_latency.h:58]   --->   Operation 1085 'add' 'add_ln58_1415' <Predicate = true> <Delay = 0.81> <CoreInst = "Adder">   --->   Core 1 'Adder' <Latency = 0> <II = 1> <Delay = 0.81> <FuncUnit> <Opcode : 'add' 'sub'> <InPorts = 2> <OutPorts = 1>
ST_1 : Operation 1086 [1/1] (0.81ns)   --->   "%add_ln58_1416 = add i21 %mul_ln17_11, i21 %sext_ln17_505" [firmware/nnet_utils/nnet_dense_latency.h:58]   --->   Operation 1086 'add' 'add_ln58_1416' <Predicate = true> <Delay = 0.81> <CoreInst = "Adder">   --->   Core 1 'Adder' <Latency = 0> <II = 1> <Delay = 0.81> <FuncUnit> <Opcode : 'add' 'sub'> <InPorts = 2> <OutPorts = 1>
ST_1 : Operation 1087 [1/1] (0.00ns)   --->   "%sext_ln58_672 = sext i21 %add_ln58_1416" [firmware/nnet_utils/nnet_dense_latency.h:58]   --->   Operation 1087 'sext' 'sext_ln58_672' <Predicate = true> <Delay = 0.00>
ST_1 : Operation 1088 [1/1] (0.00ns) (grouped into TernaryAdder)   --->   "%add_ln58_1417 = add i22 %sext_ln58_672, i22 %sext_ln17_453" [firmware/nnet_utils/nnet_dense_latency.h:58]   --->   Operation 1088 'add' 'add_ln58_1417' <Predicate = true> <Delay = 0.00> <CoreInst = "TAddSub">   --->   Core 10 'TAddSub' <Latency = 0> <II = 1> <Delay = 0.34> <IPBlock> <Opcode : '' 'add' 'sub'> <InPorts = 3> <OutPorts = 1> <Sync> <CReg>
ST_1 : Operation 1089 [1/1] (0.78ns)   --->   "%add_ln58_1418 = add i17 %sext_ln73_41, i17 130048" [firmware/nnet_utils/nnet_dense_latency.h:58]   --->   Operation 1089 'add' 'add_ln58_1418' <Predicate = true> <Delay = 0.78> <CoreInst = "Adder">   --->   Core 1 'Adder' <Latency = 0> <II = 1> <Delay = 0.78> <FuncUnit> <Opcode : 'add' 'sub'> <InPorts = 2> <OutPorts = 1>
ST_1 : Operation 1090 [1/1] (0.00ns)   --->   "%sext_ln58_673 = sext i17 %add_ln58_1418" [firmware/nnet_utils/nnet_dense_latency.h:58]   --->   Operation 1090 'sext' 'sext_ln58_673' <Predicate = true> <Delay = 0.00>
ST_1 : Operation 1091 [1/1] (0.79ns)   --->   "%add_ln58_1419 = add i18 %sext_ln58_673, i18 %sext_ln73" [firmware/nnet_utils/nnet_dense_latency.h:58]   --->   Operation 1091 'add' 'add_ln58_1419' <Predicate = true> <Delay = 0.79> <CoreInst = "Adder">   --->   Core 1 'Adder' <Latency = 0> <II = 1> <Delay = 0.79> <FuncUnit> <Opcode : 'add' 'sub'> <InPorts = 2> <OutPorts = 1>
ST_1 : Operation 1092 [1/1] (0.00ns)   --->   "%sext_ln58_674 = sext i18 %add_ln58_1419" [firmware/nnet_utils/nnet_dense_latency.h:58]   --->   Operation 1092 'sext' 'sext_ln58_674' <Predicate = true> <Delay = 0.00>
ST_1 : Operation 1093 [1/1] (0.69ns) (root node of TernaryAdder)   --->   "%add_ln58_1420 = add i22 %sext_ln58_674, i22 %add_ln58_1417" [firmware/nnet_utils/nnet_dense_latency.h:58]   --->   Operation 1093 'add' 'add_ln58_1420' <Predicate = true> <Delay = 0.69> <CoreInst = "TAddSub">   --->   Core 10 'TAddSub' <Latency = 0> <II = 1> <Delay = 0.34> <IPBlock> <Opcode : '' 'add' 'sub'> <InPorts = 3> <OutPorts = 1> <Sync> <CReg>
ST_1 : Operation 1094 [1/1] (0.00ns) (grouped into TernaryAdder)   --->   "%add_ln58_1422 = add i19 %mult_572, i19 %sext_ln17_392" [firmware/nnet_utils/nnet_dense_latency.h:58]   --->   Operation 1094 'add' 'add_ln58_1422' <Predicate = true> <Delay = 0.00> <CoreInst = "TAddSub">   --->   Core 10 'TAddSub' <Latency = 0> <II = 1> <Delay = 0.34> <IPBlock> <Opcode : '' 'add' 'sub'> <InPorts = 3> <OutPorts = 1> <Sync> <CReg>
ST_1 : Operation 1095 [1/1] (0.68ns) (root node of TernaryAdder)   --->   "%add_ln58_1423 = add i19 %add_ln58_1422, i19 %sext_ln17_368" [firmware/nnet_utils/nnet_dense_latency.h:58]   --->   Operation 1095 'add' 'add_ln58_1423' <Predicate = true> <Delay = 0.68> <CoreInst = "TAddSub">   --->   Core 10 'TAddSub' <Latency = 0> <II = 1> <Delay = 0.34> <IPBlock> <Opcode : '' 'add' 'sub'> <InPorts = 3> <OutPorts = 1> <Sync> <CReg>
ST_1 : Operation 1096 [1/1] (0.00ns)   --->   "%sext_ln58_677 = sext i19 %add_ln58_1423" [firmware/nnet_utils/nnet_dense_latency.h:58]   --->   Operation 1096 'sext' 'sext_ln58_677' <Predicate = true> <Delay = 0.00>
ST_1 : Operation 1097 [1/1] (0.00ns) (grouped into TernaryAdder)   --->   "%add_ln58_1424 = add i20 %sext_ln17_425, i20 %mult_642" [firmware/nnet_utils/nnet_dense_latency.h:58]   --->   Operation 1097 'add' 'add_ln58_1424' <Predicate = true> <Delay = 0.00> <CoreInst = "TAddSub">   --->   Core 10 'TAddSub' <Latency = 0> <II = 1> <Delay = 0.34> <IPBlock> <Opcode : '' 'add' 'sub'> <InPorts = 3> <OutPorts = 1> <Sync> <CReg>
ST_1 : Operation 1098 [1/1] (0.68ns) (root node of TernaryAdder)   --->   "%add_ln58_1425 = add i20 %add_ln58_1424, i20 %mult_614" [firmware/nnet_utils/nnet_dense_latency.h:58]   --->   Operation 1098 'add' 'add_ln58_1425' <Predicate = true> <Delay = 0.68> <CoreInst = "TAddSub">   --->   Core 10 'TAddSub' <Latency = 0> <II = 1> <Delay = 0.34> <IPBlock> <Opcode : '' 'add' 'sub'> <InPorts = 3> <OutPorts = 1> <Sync> <CReg>
ST_1 : Operation 1099 [1/1] (0.00ns)   --->   "%sext_ln58_678 = sext i20 %add_ln58_1425" [firmware/nnet_utils/nnet_dense_latency.h:58]   --->   Operation 1099 'sext' 'sext_ln58_678' <Predicate = true> <Delay = 0.00>
ST_1 : Operation 1100 [1/1] (0.80ns)   --->   "%add_ln58_1426 = add i21 %sext_ln58_678, i21 %sext_ln58_677" [firmware/nnet_utils/nnet_dense_latency.h:58]   --->   Operation 1100 'add' 'add_ln58_1426' <Predicate = true> <Delay = 0.80> <CoreInst = "Adder">   --->   Core 1 'Adder' <Latency = 0> <II = 1> <Delay = 0.80> <FuncUnit> <Opcode : 'add' 'sub'> <InPorts = 2> <OutPorts = 1>
ST_1 : Operation 1101 [1/1] (0.80ns)   --->   "%add_ln58_1427 = add i19 %sub_ln17_15, i19 %mult_694" [firmware/nnet_utils/nnet_dense_latency.h:58]   --->   Operation 1101 'add' 'add_ln58_1427' <Predicate = true> <Delay = 0.80> <CoreInst = "Adder">   --->   Core 1 'Adder' <Latency = 0> <II = 1> <Delay = 0.80> <FuncUnit> <Opcode : 'add' 'sub'> <InPorts = 2> <OutPorts = 1>
ST_1 : Operation 1102 [1/1] (0.00ns)   --->   "%sext_ln58_680 = sext i19 %add_ln58_1427" [firmware/nnet_utils/nnet_dense_latency.h:58]   --->   Operation 1102 'sext' 'sext_ln58_680' <Predicate = true> <Delay = 0.00>
ST_1 : Operation 1103 [1/1] (0.81ns)   --->   "%add_ln58_1428 = add i21 %sext_ln58_680, i21 %mult_669" [firmware/nnet_utils/nnet_dense_latency.h:58]   --->   Operation 1103 'add' 'add_ln58_1428' <Predicate = true> <Delay = 0.81> <CoreInst = "Adder">   --->   Core 1 'Adder' <Latency = 0> <II = 1> <Delay = 0.81> <FuncUnit> <Opcode : 'add' 'sub'> <InPorts = 2> <OutPorts = 1>
ST_1 : Operation 1104 [1/1] (0.80ns)   --->   "%add_ln58_1429 = add i20 %sext_ln17_492, i20 %mult_725" [firmware/nnet_utils/nnet_dense_latency.h:58]   --->   Operation 1104 'add' 'add_ln58_1429' <Predicate = true> <Delay = 0.80> <CoreInst = "Adder">   --->   Core 1 'Adder' <Latency = 0> <II = 1> <Delay = 0.80> <FuncUnit> <Opcode : 'add' 'sub'> <InPorts = 2> <OutPorts = 1>
ST_1 : Operation 1105 [1/1] (0.00ns) (grouped into TernaryAdder)   --->   "%add_ln58_1434 = add i20 %sext_ln73_79, i20 %mult_532" [firmware/nnet_utils/nnet_dense_latency.h:58]   --->   Operation 1105 'add' 'add_ln58_1434' <Predicate = true> <Delay = 0.00> <CoreInst = "TAddSub">   --->   Core 10 'TAddSub' <Latency = 0> <II = 1> <Delay = 0.34> <IPBlock> <Opcode : '' 'add' 'sub'> <InPorts = 3> <OutPorts = 1> <Sync> <CReg>
ST_1 : Operation 1106 [1/1] (0.68ns) (root node of TernaryAdder)   --->   "%add_ln58_1435 = add i20 %add_ln58_1434, i20 %sext_ln17_333" [firmware/nnet_utils/nnet_dense_latency.h:58]   --->   Operation 1106 'add' 'add_ln58_1435' <Predicate = true> <Delay = 0.68> <CoreInst = "TAddSub">   --->   Core 10 'TAddSub' <Latency = 0> <II = 1> <Delay = 0.34> <IPBlock> <Opcode : '' 'add' 'sub'> <InPorts = 3> <OutPorts = 1> <Sync> <CReg>
ST_1 : Operation 1107 [1/1] (0.00ns)   --->   "%sext_ln58_686 = sext i20 %add_ln58_1435" [firmware/nnet_utils/nnet_dense_latency.h:58]   --->   Operation 1107 'sext' 'sext_ln58_686' <Predicate = true> <Delay = 0.00>
ST_1 : Operation 1108 [1/1] (0.80ns)   --->   "%add_ln58_1436 = add i19 %mult_588, i19 %sub_ln17_15" [firmware/nnet_utils/nnet_dense_latency.h:58]   --->   Operation 1108 'add' 'add_ln58_1436' <Predicate = true> <Delay = 0.80> <CoreInst = "Adder">   --->   Core 1 'Adder' <Latency = 0> <II = 1> <Delay = 0.80> <FuncUnit> <Opcode : 'add' 'sub'> <InPorts = 2> <OutPorts = 1>
ST_1 : Operation 1109 [1/1] (0.00ns)   --->   "%sext_ln58_687 = sext i19 %add_ln58_1436" [firmware/nnet_utils/nnet_dense_latency.h:58]   --->   Operation 1109 'sext' 'sext_ln58_687' <Predicate = true> <Delay = 0.00>
ST_1 : Operation 1110 [1/1] (0.00ns) (grouped into TernaryAdder)   --->   "%add_ln58_1437 = add i22 %sext_ln58_687, i22 %mult_546" [firmware/nnet_utils/nnet_dense_latency.h:58]   --->   Operation 1110 'add' 'add_ln58_1437' <Predicate = true> <Delay = 0.00> <CoreInst = "TAddSub">   --->   Core 10 'TAddSub' <Latency = 0> <II = 1> <Delay = 0.34> <IPBlock> <Opcode : '' 'add' 'sub'> <InPorts = 3> <OutPorts = 1> <Sync> <CReg>
ST_1 : Operation 1111 [1/1] (0.69ns) (root node of TernaryAdder)   --->   "%add_ln58_1438 = add i22 %add_ln58_1437, i22 %sext_ln58_686" [firmware/nnet_utils/nnet_dense_latency.h:58]   --->   Operation 1111 'add' 'add_ln58_1438' <Predicate = true> <Delay = 0.69> <CoreInst = "TAddSub">   --->   Core 10 'TAddSub' <Latency = 0> <II = 1> <Delay = 0.34> <IPBlock> <Opcode : '' 'add' 'sub'> <InPorts = 3> <OutPorts = 1> <Sync> <CReg>
ST_1 : Operation 1112 [1/1] (0.81ns)   --->   "%add_ln58_1439 = add i21 %mul_ln17_12, i21 %sext_ln17_506" [firmware/nnet_utils/nnet_dense_latency.h:58]   --->   Operation 1112 'add' 'add_ln58_1439' <Predicate = true> <Delay = 0.81> <CoreInst = "Adder">   --->   Core 1 'Adder' <Latency = 0> <II = 1> <Delay = 0.81> <FuncUnit> <Opcode : 'add' 'sub'> <InPorts = 2> <OutPorts = 1>
ST_1 : Operation 1113 [1/1] (0.00ns) (grouped into TernaryAdder)   --->   "%add_ln58_1440 = add i21 %add_ln58_1439, i21 %sext_ln17_483" [firmware/nnet_utils/nnet_dense_latency.h:58]   --->   Operation 1113 'add' 'add_ln58_1440' <Predicate = true> <Delay = 0.00> <CoreInst = "TAddSub">   --->   Core 10 'TAddSub' <Latency = 0> <II = 1> <Delay = 0.34> <IPBlock> <Opcode : '' 'add' 'sub'> <InPorts = 3> <OutPorts = 1> <Sync> <CReg>
ST_1 : Operation 1114 [1/1] (0.00ns)   --->   "%sext_ln58_689 = sext i17 %add_ln58_1249" [firmware/nnet_utils/nnet_dense_latency.h:58]   --->   Operation 1114 'sext' 'sext_ln58_689' <Predicate = true> <Delay = 0.00>
ST_1 : Operation 1115 [1/1] (0.78ns)   --->   "%add_ln58_1441 = add i17 %sext_ln73_161, i17 5632" [firmware/nnet_utils/nnet_dense_latency.h:58]   --->   Operation 1115 'add' 'add_ln58_1441' <Predicate = true> <Delay = 0.78> <CoreInst = "Adder">   --->   Core 1 'Adder' <Latency = 0> <II = 1> <Delay = 0.78> <FuncUnit> <Opcode : 'add' 'sub'> <InPorts = 2> <OutPorts = 1>
ST_1 : Operation 1116 [1/1] (0.00ns)   --->   "%sext_ln58_690 = sext i17 %add_ln58_1441" [firmware/nnet_utils/nnet_dense_latency.h:58]   --->   Operation 1116 'sext' 'sext_ln58_690' <Predicate = true> <Delay = 0.00>
ST_1 : Operation 1117 [1/1] (0.79ns)   --->   "%add_ln58_1442 = add i18 %sext_ln58_690, i18 %sext_ln58_689" [firmware/nnet_utils/nnet_dense_latency.h:58]   --->   Operation 1117 'add' 'add_ln58_1442' <Predicate = true> <Delay = 0.79> <CoreInst = "Adder">   --->   Core 1 'Adder' <Latency = 0> <II = 1> <Delay = 0.79> <FuncUnit> <Opcode : 'add' 'sub'> <InPorts = 2> <OutPorts = 1>
ST_1 : Operation 1118 [1/1] (0.00ns)   --->   "%sext_ln58_691 = sext i18 %add_ln58_1442" [firmware/nnet_utils/nnet_dense_latency.h:58]   --->   Operation 1118 'sext' 'sext_ln58_691' <Predicate = true> <Delay = 0.00>
ST_1 : Operation 1119 [1/1] (0.69ns) (root node of TernaryAdder)   --->   "%add_ln58_1443 = add i21 %sext_ln58_691, i21 %add_ln58_1440" [firmware/nnet_utils/nnet_dense_latency.h:58]   --->   Operation 1119 'add' 'add_ln58_1443' <Predicate = true> <Delay = 0.69> <CoreInst = "TAddSub">   --->   Core 10 'TAddSub' <Latency = 0> <II = 1> <Delay = 0.34> <IPBlock> <Opcode : '' 'add' 'sub'> <InPorts = 3> <OutPorts = 1> <Sync> <CReg>
ST_1 : Operation 1120 [1/1] (0.80ns)   --->   "%add_ln58_1445 = add i20 %trunc_ln17_8, i20 %sext_ln17_395" [firmware/nnet_utils/nnet_dense_latency.h:58]   --->   Operation 1120 'add' 'add_ln58_1445' <Predicate = true> <Delay = 0.80> <CoreInst = "Adder">   --->   Core 1 'Adder' <Latency = 0> <II = 1> <Delay = 0.80> <FuncUnit> <Opcode : 'add' 'sub'> <InPorts = 2> <OutPorts = 1>
ST_1 : Operation 1121 [1/1] (0.00ns)   --->   "%sext_ln58_694 = sext i20 %add_ln58_1445" [firmware/nnet_utils/nnet_dense_latency.h:58]   --->   Operation 1121 'sext' 'sext_ln58_694' <Predicate = true> <Delay = 0.00>
ST_1 : Operation 1122 [1/1] (0.69ns) (root node of TernaryAdder)   --->   "%add_ln58_1446 = add i21 %sext_ln58_694, i21 %mult_516" [firmware/nnet_utils/nnet_dense_latency.h:58]   --->   Operation 1122 'add' 'add_ln58_1446' <Predicate = true> <Delay = 0.69> <CoreInst = "TAddSub">   --->   Core 10 'TAddSub' <Latency = 0> <II = 1> <Delay = 0.34> <IPBlock> <Opcode : '' 'add' 'sub'> <InPorts = 3> <OutPorts = 1> <Sync> <CReg>
ST_1 : Operation 1123 [1/1] (0.00ns)   --->   "%sext_ln58_695 = sext i21 %add_ln58_1446" [firmware/nnet_utils/nnet_dense_latency.h:58]   --->   Operation 1123 'sext' 'sext_ln58_695' <Predicate = true> <Delay = 0.00>
ST_1 : Operation 1124 [1/1] (0.00ns) (grouped into TernaryAdder)   --->   "%add_ln58_1447 = add i21 %mult_644, i21 %sext_ln17_439" [firmware/nnet_utils/nnet_dense_latency.h:58]   --->   Operation 1124 'add' 'add_ln58_1447' <Predicate = true> <Delay = 0.00> <CoreInst = "TAddSub">   --->   Core 10 'TAddSub' <Latency = 0> <II = 1> <Delay = 0.34> <IPBlock> <Opcode : '' 'add' 'sub'> <InPorts = 3> <OutPorts = 1> <Sync> <CReg>
ST_1 : Operation 1125 [1/1] (0.69ns) (root node of TernaryAdder)   --->   "%add_ln58_1448 = add i21 %add_ln58_1447, i21 %mult_629" [firmware/nnet_utils/nnet_dense_latency.h:58]   --->   Operation 1125 'add' 'add_ln58_1448' <Predicate = true> <Delay = 0.69> <CoreInst = "TAddSub">   --->   Core 10 'TAddSub' <Latency = 0> <II = 1> <Delay = 0.34> <IPBlock> <Opcode : '' 'add' 'sub'> <InPorts = 3> <OutPorts = 1> <Sync> <CReg>
ST_1 : Operation 1126 [1/1] (0.00ns)   --->   "%sext_ln58_696 = sext i21 %add_ln58_1448" [firmware/nnet_utils/nnet_dense_latency.h:58]   --->   Operation 1126 'sext' 'sext_ln58_696' <Predicate = true> <Delay = 0.00>
ST_1 : Operation 1127 [1/1] (0.81ns)   --->   "%add_ln58_1449 = add i22 %sext_ln58_696, i22 %sext_ln58_695" [firmware/nnet_utils/nnet_dense_latency.h:58]   --->   Operation 1127 'add' 'add_ln58_1449' <Predicate = true> <Delay = 0.81> <CoreInst = "Adder">   --->   Core 1 'Adder' <Latency = 0> <II = 1> <Delay = 0.81> <FuncUnit> <Opcode : 'add' 'sub'> <InPorts = 2> <OutPorts = 1>
ST_1 : Operation 1128 [1/1] (0.68ns) (root node of TernaryAdder)   --->   "%add_ln58_1450 = add i20 %add_ln17_15, i20 %sext_ln17_480" [firmware/nnet_utils/nnet_dense_latency.h:58]   --->   Operation 1128 'add' 'add_ln58_1450' <Predicate = true> <Delay = 0.68> <CoreInst = "TAddSub">   --->   Core 10 'TAddSub' <Latency = 0> <II = 1> <Delay = 0.34> <IPBlock> <Opcode : '' 'add' 'sub'> <InPorts = 3> <OutPorts = 1> <Sync> <CReg>
ST_1 : Operation 1129 [1/1] (0.00ns)   --->   "%sext_ln58_698 = sext i20 %add_ln58_1450" [firmware/nnet_utils/nnet_dense_latency.h:58]   --->   Operation 1129 'sext' 'sext_ln58_698' <Predicate = true> <Delay = 0.00>
ST_1 : Operation 1130 [1/1] (0.00ns) (grouped into TernaryAdder)   --->   "%add_ln58_1451 = add i21 %sext_ln58_698, i21 %sext_ln17_456" [firmware/nnet_utils/nnet_dense_latency.h:58]   --->   Operation 1130 'add' 'add_ln58_1451' <Predicate = true> <Delay = 0.00> <CoreInst = "TAddSub">   --->   Core 10 'TAddSub' <Latency = 0> <II = 1> <Delay = 0.34> <IPBlock> <Opcode : '' 'add' 'sub'> <InPorts = 3> <OutPorts = 1> <Sync> <CReg>
ST_1 : Operation 1131 [1/1] (0.00ns) (grouped into TernaryAdder)   --->   "%sub_ln58_33 = sub i20 %sext_ln17_496, i20 %sext_ln17_492" [firmware/nnet_utils/nnet_dense_latency.h:58]   --->   Operation 1131 'sub' 'sub_ln58_33' <Predicate = true> <Delay = 0.00> <CoreInst = "TAddSub">   --->   Core 10 'TAddSub' <Latency = 0> <II = 1> <Delay = 0.34> <IPBlock> <Opcode : '' 'add' 'sub'> <InPorts = 3> <OutPorts = 1> <Sync> <CReg>
ST_1 : Operation 1132 [1/1] (0.78ns)   --->   "%add_ln58_1452 = add i17 %sext_ln73_142, i17 7168" [firmware/nnet_utils/nnet_dense_latency.h:58]   --->   Operation 1132 'add' 'add_ln58_1452' <Predicate = true> <Delay = 0.78> <CoreInst = "Adder">   --->   Core 1 'Adder' <Latency = 0> <II = 1> <Delay = 0.78> <FuncUnit> <Opcode : 'add' 'sub'> <InPorts = 2> <OutPorts = 1>
ST_1 : Operation 1133 [1/1] (0.00ns)   --->   "%sext_ln58_699 = sext i17 %add_ln58_1452" [firmware/nnet_utils/nnet_dense_latency.h:58]   --->   Operation 1133 'sext' 'sext_ln58_699' <Predicate = true> <Delay = 0.00>
ST_1 : Operation 1134 [1/1] (0.68ns) (root node of TernaryAdder)   --->   "%add_ln58_1453 = add i20 %sext_ln58_699, i20 %sub_ln58_33" [firmware/nnet_utils/nnet_dense_latency.h:58]   --->   Operation 1134 'add' 'add_ln58_1453' <Predicate = true> <Delay = 0.68> <CoreInst = "TAddSub">   --->   Core 10 'TAddSub' <Latency = 0> <II = 1> <Delay = 0.34> <IPBlock> <Opcode : '' 'add' 'sub'> <InPorts = 3> <OutPorts = 1> <Sync> <CReg>
ST_1 : Operation 1135 [1/1] (0.00ns)   --->   "%sext_ln58_700 = sext i20 %add_ln58_1453" [firmware/nnet_utils/nnet_dense_latency.h:58]   --->   Operation 1135 'sext' 'sext_ln58_700' <Predicate = true> <Delay = 0.00>
ST_1 : Operation 1136 [1/1] (0.69ns) (root node of TernaryAdder)   --->   "%add_ln58_1454 = add i21 %sext_ln58_700, i21 %add_ln58_1451" [firmware/nnet_utils/nnet_dense_latency.h:58]   --->   Operation 1136 'add' 'add_ln58_1454' <Predicate = true> <Delay = 0.69> <CoreInst = "TAddSub">   --->   Core 10 'TAddSub' <Latency = 0> <II = 1> <Delay = 0.34> <IPBlock> <Opcode : '' 'add' 'sub'> <InPorts = 3> <OutPorts = 1> <Sync> <CReg>
ST_1 : Operation 1137 [1/1] (0.00ns) (grouped into TernaryAdder)   --->   "%add_ln58_1456 = add i20 %trunc_ln17_6, i20 %sext_ln17_407" [firmware/nnet_utils/nnet_dense_latency.h:58]   --->   Operation 1137 'add' 'add_ln58_1456' <Predicate = true> <Delay = 0.00> <CoreInst = "TAddSub">   --->   Core 10 'TAddSub' <Latency = 0> <II = 1> <Delay = 0.34> <IPBlock> <Opcode : '' 'add' 'sub'> <InPorts = 3> <OutPorts = 1> <Sync> <CReg>
ST_1 : Operation 1138 [1/1] (0.68ns) (root node of TernaryAdder)   --->   "%add_ln58_1457 = add i20 %add_ln58_1456, i20 %sext_ln17_337" [firmware/nnet_utils/nnet_dense_latency.h:58]   --->   Operation 1138 'add' 'add_ln58_1457' <Predicate = true> <Delay = 0.68> <CoreInst = "TAddSub">   --->   Core 10 'TAddSub' <Latency = 0> <II = 1> <Delay = 0.34> <IPBlock> <Opcode : '' 'add' 'sub'> <InPorts = 3> <OutPorts = 1> <Sync> <CReg>
ST_1 : Operation 1139 [1/1] (0.00ns)   --->   "%sext_ln58_703 = sext i20 %add_ln58_1457" [firmware/nnet_utils/nnet_dense_latency.h:58]   --->   Operation 1139 'sext' 'sext_ln58_703' <Predicate = true> <Delay = 0.00>
ST_1 : Operation 1140 [1/1] (0.00ns) (grouped into TernaryAdder)   --->   "%sub_ln58_34 = sub i20 %sext_ln17_482, i20 %sext_ln73_172" [firmware/nnet_utils/nnet_dense_latency.h:58]   --->   Operation 1140 'sub' 'sub_ln58_34' <Predicate = true> <Delay = 0.00> <CoreInst = "TAddSub">   --->   Core 10 'TAddSub' <Latency = 0> <II = 1> <Delay = 0.34> <IPBlock> <Opcode : '' 'add' 'sub'> <InPorts = 3> <OutPorts = 1> <Sync> <CReg>
ST_1 : Operation 1141 [1/1] (0.68ns) (root node of TernaryAdder)   --->   "%add_ln58_1458 = add i20 %sub_ln58_34, i20 %mult_655" [firmware/nnet_utils/nnet_dense_latency.h:58]   --->   Operation 1141 'add' 'add_ln58_1458' <Predicate = true> <Delay = 0.68> <CoreInst = "TAddSub">   --->   Core 10 'TAddSub' <Latency = 0> <II = 1> <Delay = 0.34> <IPBlock> <Opcode : '' 'add' 'sub'> <InPorts = 3> <OutPorts = 1> <Sync> <CReg>
ST_1 : Operation 1142 [1/1] (0.00ns)   --->   "%sext_ln58_704 = sext i20 %add_ln58_1458" [firmware/nnet_utils/nnet_dense_latency.h:58]   --->   Operation 1142 'sext' 'sext_ln58_704' <Predicate = true> <Delay = 0.00>
ST_1 : Operation 1143 [1/1] (0.80ns)   --->   "%add_ln58_1459 = add i21 %sext_ln58_704, i21 %sext_ln58_703" [firmware/nnet_utils/nnet_dense_latency.h:58]   --->   Operation 1143 'add' 'add_ln58_1459' <Predicate = true> <Delay = 0.80> <CoreInst = "Adder">   --->   Core 1 'Adder' <Latency = 0> <II = 1> <Delay = 0.80> <FuncUnit> <Opcode : 'add' 'sub'> <InPorts = 2> <OutPorts = 1>
ST_1 : Operation 1144 [1/1] (0.80ns)   --->   "%add_ln58_1460 = add i19 %trunc_ln17_24, i19 %sext_ln73_60" [firmware/nnet_utils/nnet_dense_latency.h:58]   --->   Operation 1144 'add' 'add_ln58_1460' <Predicate = true> <Delay = 0.80> <CoreInst = "Adder">   --->   Core 1 'Adder' <Latency = 0> <II = 1> <Delay = 0.80> <FuncUnit> <Opcode : 'add' 'sub'> <InPorts = 2> <OutPorts = 1>
ST_1 : Operation 1145 [1/1] (0.00ns)   --->   "%sext_ln58_706 = sext i19 %add_ln58_1460" [firmware/nnet_utils/nnet_dense_latency.h:58]   --->   Operation 1145 'sext' 'sext_ln58_706' <Predicate = true> <Delay = 0.00>
ST_1 : Operation 1146 [1/1] (0.68ns) (root node of TernaryAdder)   --->   "%add_ln58_1461 = add i20 %sext_ln58_706, i20 %add_ln17_18" [firmware/nnet_utils/nnet_dense_latency.h:58]   --->   Operation 1146 'add' 'add_ln58_1461' <Predicate = true> <Delay = 0.68> <CoreInst = "TAddSub">   --->   Core 10 'TAddSub' <Latency = 0> <II = 1> <Delay = 0.34> <IPBlock> <Opcode : '' 'add' 'sub'> <InPorts = 3> <OutPorts = 1> <Sync> <CReg>
ST_1 : Operation 1147 [1/1] (0.00ns)   --->   "%sext_ln58_707 = sext i20 %add_ln58_1461" [firmware/nnet_utils/nnet_dense_latency.h:58]   --->   Operation 1147 'sext' 'sext_ln58_707' <Predicate = true> <Delay = 0.00>
ST_1 : Operation 1148 [1/1] (0.78ns)   --->   "%add_ln58_1462 = add i17 %sext_ln73_153, i17 128512" [firmware/nnet_utils/nnet_dense_latency.h:58]   --->   Operation 1148 'add' 'add_ln58_1462' <Predicate = true> <Delay = 0.78> <CoreInst = "Adder">   --->   Core 1 'Adder' <Latency = 0> <II = 1> <Delay = 0.78> <FuncUnit> <Opcode : 'add' 'sub'> <InPorts = 2> <OutPorts = 1>
ST_1 : Operation 1149 [1/1] (0.00ns)   --->   "%sext_ln58_708 = sext i17 %add_ln58_1462" [firmware/nnet_utils/nnet_dense_latency.h:58]   --->   Operation 1149 'sext' 'sext_ln58_708' <Predicate = true> <Delay = 0.00>
ST_1 : Operation 1150 [1/1] (0.79ns)   --->   "%add_ln58_1463 = add i18 %sext_ln58_708, i18 %sext_ln73_66" [firmware/nnet_utils/nnet_dense_latency.h:58]   --->   Operation 1150 'add' 'add_ln58_1463' <Predicate = true> <Delay = 0.79> <CoreInst = "Adder">   --->   Core 1 'Adder' <Latency = 0> <II = 1> <Delay = 0.79> <FuncUnit> <Opcode : 'add' 'sub'> <InPorts = 2> <OutPorts = 1>
ST_1 : Operation 1151 [1/1] (0.00ns)   --->   "%sext_ln58_709 = sext i18 %add_ln58_1463" [firmware/nnet_utils/nnet_dense_latency.h:58]   --->   Operation 1151 'sext' 'sext_ln58_709' <Predicate = true> <Delay = 0.00>
ST_1 : Operation 1152 [1/1] (0.80ns)   --->   "%add_ln58_1464 = add i21 %sext_ln58_709, i21 %sext_ln58_707" [firmware/nnet_utils/nnet_dense_latency.h:58]   --->   Operation 1152 'add' 'add_ln58_1464' <Predicate = true> <Delay = 0.80> <CoreInst = "Adder">   --->   Core 1 'Adder' <Latency = 0> <II = 1> <Delay = 0.80> <FuncUnit> <Opcode : 'add' 'sub'> <InPorts = 2> <OutPorts = 1>
ST_1 : Operation 1153 [1/1] (0.68ns) (root node of TernaryAdder)   --->   "%add_ln58_1466 = add i19 %sub_ln17_6, i19 %sext_ln17_404" [firmware/nnet_utils/nnet_dense_latency.h:58]   --->   Operation 1153 'add' 'add_ln58_1466' <Predicate = true> <Delay = 0.68> <CoreInst = "TAddSub">   --->   Core 10 'TAddSub' <Latency = 0> <II = 1> <Delay = 0.34> <IPBlock> <Opcode : '' 'add' 'sub'> <InPorts = 3> <OutPorts = 1> <Sync> <CReg>
ST_1 : Operation 1154 [1/1] (0.00ns)   --->   "%sext_ln58_712 = sext i19 %add_ln58_1466" [firmware/nnet_utils/nnet_dense_latency.h:58]   --->   Operation 1154 'sext' 'sext_ln58_712' <Predicate = true> <Delay = 0.00>
ST_1 : Operation 1155 [1/1] (0.68ns) (root node of TernaryAdder)   --->   "%add_ln58_1467 = add i20 %sext_ln58_712, i20 %add_ln17_1" [firmware/nnet_utils/nnet_dense_latency.h:58]   --->   Operation 1155 'add' 'add_ln58_1467' <Predicate = true> <Delay = 0.68> <CoreInst = "TAddSub">   --->   Core 10 'TAddSub' <Latency = 0> <II = 1> <Delay = 0.34> <IPBlock> <Opcode : '' 'add' 'sub'> <InPorts = 3> <OutPorts = 1> <Sync> <CReg>
ST_1 : Operation 1156 [1/1] (0.00ns)   --->   "%sext_ln58_713 = sext i20 %add_ln58_1467" [firmware/nnet_utils/nnet_dense_latency.h:58]   --->   Operation 1156 'sext' 'sext_ln58_713' <Predicate = true> <Delay = 0.00>
ST_1 : Operation 1157 [1/1] (0.00ns) (grouped into TernaryAdder)   --->   "%sub_ln58_35 = sub i19 3072, i19 %sext_ln17_499" [firmware/nnet_utils/nnet_dense_latency.h:58]   --->   Operation 1157 'sub' 'sub_ln58_35' <Predicate = true> <Delay = 0.00> <CoreInst = "TAddSub">   --->   Core 10 'TAddSub' <Latency = 0> <II = 1> <Delay = 0.34> <IPBlock> <Opcode : '' 'add' 'sub'> <InPorts = 3> <OutPorts = 1> <Sync> <CReg>
ST_1 : Operation 1158 [1/1] (0.68ns) (root node of TernaryAdder)   --->   "%add_ln58_1468 = add i19 %sub_ln58_35, i19 %sext_ln17_440" [firmware/nnet_utils/nnet_dense_latency.h:58]   --->   Operation 1158 'add' 'add_ln58_1468' <Predicate = true> <Delay = 0.68> <CoreInst = "TAddSub">   --->   Core 10 'TAddSub' <Latency = 0> <II = 1> <Delay = 0.34> <IPBlock> <Opcode : '' 'add' 'sub'> <InPorts = 3> <OutPorts = 1> <Sync> <CReg>
ST_1 : Operation 1159 [1/1] (0.00ns)   --->   "%sext_ln58_714 = sext i19 %add_ln58_1468" [firmware/nnet_utils/nnet_dense_latency.h:58]   --->   Operation 1159 'sext' 'sext_ln58_714' <Predicate = true> <Delay = 0.00>
ST_1 : Operation 1160 [1/1] (0.80ns)   --->   "%add_ln58_1469 = add i21 %sext_ln58_714, i21 %sext_ln58_713" [firmware/nnet_utils/nnet_dense_latency.h:58]   --->   Operation 1160 'add' 'add_ln58_1469' <Predicate = true> <Delay = 0.80> <CoreInst = "Adder">   --->   Core 1 'Adder' <Latency = 0> <II = 1> <Delay = 0.80> <FuncUnit> <Opcode : 'add' 'sub'> <InPorts = 2> <OutPorts = 1>
ST_1 : Operation 1161 [1/1] (0.81ns)   --->   "%add_ln58_1470 = add i21 %mult_493, i21 %sext_ln17_348" [firmware/nnet_utils/nnet_dense_latency.h:58]   --->   Operation 1161 'add' 'add_ln58_1470' <Predicate = true> <Delay = 0.81> <CoreInst = "Adder">   --->   Core 1 'Adder' <Latency = 0> <II = 1> <Delay = 0.81> <FuncUnit> <Opcode : 'add' 'sub'> <InPorts = 2> <OutPorts = 1>
ST_1 : Operation 1162 [1/1] (0.00ns)   --->   "%sext_ln58_716 = sext i21 %add_ln58_1470" [firmware/nnet_utils/nnet_dense_latency.h:58]   --->   Operation 1162 'sext' 'sext_ln58_716' <Predicate = true> <Delay = 0.00>
ST_1 : Operation 1163 [1/1] (0.80ns)   --->   "%add_ln58_1471 = add i20 %sub_ln17_1, i20 %sext_ln17_373" [firmware/nnet_utils/nnet_dense_latency.h:58]   --->   Operation 1163 'add' 'add_ln58_1471' <Predicate = true> <Delay = 0.80> <CoreInst = "Adder">   --->   Core 1 'Adder' <Latency = 0> <II = 1> <Delay = 0.80> <FuncUnit> <Opcode : 'add' 'sub'> <InPorts = 2> <OutPorts = 1>
ST_1 : Operation 1164 [1/1] (0.00ns)   --->   "%sext_ln58_717 = sext i20 %add_ln58_1471" [firmware/nnet_utils/nnet_dense_latency.h:58]   --->   Operation 1164 'sext' 'sext_ln58_717' <Predicate = true> <Delay = 0.00>
ST_1 : Operation 1165 [1/1] (0.81ns)   --->   "%add_ln58_1472 = add i22 %sext_ln58_717, i22 %sext_ln58_716" [firmware/nnet_utils/nnet_dense_latency.h:58]   --->   Operation 1165 'add' 'add_ln58_1472' <Predicate = true> <Delay = 0.81> <CoreInst = "Adder">   --->   Core 1 'Adder' <Latency = 0> <II = 1> <Delay = 0.81> <FuncUnit> <Opcode : 'add' 'sub'> <InPorts = 2> <OutPorts = 1>
ST_1 : Operation 1166 [1/1] (0.00ns)   --->   "%sext_ln58_718 = sext i22 %add_ln58_1472" [firmware/nnet_utils/nnet_dense_latency.h:58]   --->   Operation 1166 'sext' 'sext_ln58_718' <Predicate = true> <Delay = 0.00>
ST_1 : Operation 1167 [1/1] (0.00ns) (grouped into TernaryAdder)   --->   "%add_ln58_1473 = add i21 %add_ln17_6, i21 %sext_ln17_390" [firmware/nnet_utils/nnet_dense_latency.h:58]   --->   Operation 1167 'add' 'add_ln58_1473' <Predicate = true> <Delay = 0.00> <CoreInst = "TAddSub">   --->   Core 10 'TAddSub' <Latency = 0> <II = 1> <Delay = 0.34> <IPBlock> <Opcode : '' 'add' 'sub'> <InPorts = 3> <OutPorts = 1> <Sync> <CReg>
ST_1 : Operation 1168 [1/1] (0.80ns)   --->   "%add_ln58_1474 = add i20 %sext_ln73_141, i20 %sext_ln17_410" [firmware/nnet_utils/nnet_dense_latency.h:58]   --->   Operation 1168 'add' 'add_ln58_1474' <Predicate = true> <Delay = 0.80> <CoreInst = "Adder">   --->   Core 1 'Adder' <Latency = 0> <II = 1> <Delay = 0.80> <FuncUnit> <Opcode : 'add' 'sub'> <InPorts = 2> <OutPorts = 1>
ST_1 : Operation 1169 [1/1] (0.00ns)   --->   "%sext_ln58_719 = sext i20 %add_ln58_1474" [firmware/nnet_utils/nnet_dense_latency.h:58]   --->   Operation 1169 'sext' 'sext_ln58_719' <Predicate = true> <Delay = 0.00>
ST_1 : Operation 1170 [1/1] (0.69ns) (root node of TernaryAdder)   --->   "%add_ln58_1475 = add i21 %sext_ln58_719, i21 %add_ln58_1473" [firmware/nnet_utils/nnet_dense_latency.h:58]   --->   Operation 1170 'add' 'add_ln58_1475' <Predicate = true> <Delay = 0.69> <CoreInst = "TAddSub">   --->   Core 10 'TAddSub' <Latency = 0> <II = 1> <Delay = 0.34> <IPBlock> <Opcode : '' 'add' 'sub'> <InPorts = 3> <OutPorts = 1> <Sync> <CReg>
ST_1 : Operation 1171 [1/1] (0.00ns)   --->   "%sext_ln58_720 = sext i21 %add_ln58_1475" [firmware/nnet_utils/nnet_dense_latency.h:58]   --->   Operation 1171 'sext' 'sext_ln58_720' <Predicate = true> <Delay = 0.00>
ST_1 : Operation 1172 [1/1] (0.00ns) (grouped into TernaryAdder)   --->   "%add_ln58_1476 = add i23 %sext_ln58_720, i23 %sext_ln58_718" [firmware/nnet_utils/nnet_dense_latency.h:58]   --->   Operation 1172 'add' 'add_ln58_1476' <Predicate = true> <Delay = 0.00> <CoreInst = "TAddSub">   --->   Core 10 'TAddSub' <Latency = 0> <II = 1> <Delay = 0.34> <IPBlock> <Opcode : '' 'add' 'sub'> <InPorts = 3> <OutPorts = 1> <Sync> <CReg>
ST_1 : Operation 1173 [1/1] (0.00ns) (grouped into TernaryAdder)   --->   "%sub_ln58_36 = sub i20 %sext_ln17_436, i20 %sext_ln17_424" [firmware/nnet_utils/nnet_dense_latency.h:58]   --->   Operation 1173 'sub' 'sub_ln58_36' <Predicate = true> <Delay = 0.00> <CoreInst = "TAddSub">   --->   Core 10 'TAddSub' <Latency = 0> <II = 1> <Delay = 0.34> <IPBlock> <Opcode : '' 'add' 'sub'> <InPorts = 3> <OutPorts = 1> <Sync> <CReg>
ST_1 : Operation 1174 [1/1] (0.79ns)   --->   "%add_ln58_1477 = add i18 %sext_ln73_163, i18 %sext_ln17_449" [firmware/nnet_utils/nnet_dense_latency.h:58]   --->   Operation 1174 'add' 'add_ln58_1477' <Predicate = true> <Delay = 0.79> <CoreInst = "Adder">   --->   Core 1 'Adder' <Latency = 0> <II = 1> <Delay = 0.79> <FuncUnit> <Opcode : 'add' 'sub'> <InPorts = 2> <OutPorts = 1>
ST_1 : Operation 1175 [1/1] (0.00ns)   --->   "%sext_ln58_721 = sext i18 %add_ln58_1477" [firmware/nnet_utils/nnet_dense_latency.h:58]   --->   Operation 1175 'sext' 'sext_ln58_721' <Predicate = true> <Delay = 0.00>
ST_1 : Operation 1176 [1/1] (0.68ns) (root node of TernaryAdder)   --->   "%add_ln58_1478 = add i20 %sext_ln58_721, i20 %sub_ln58_36" [firmware/nnet_utils/nnet_dense_latency.h:58]   --->   Operation 1176 'add' 'add_ln58_1478' <Predicate = true> <Delay = 0.68> <CoreInst = "TAddSub">   --->   Core 10 'TAddSub' <Latency = 0> <II = 1> <Delay = 0.34> <IPBlock> <Opcode : '' 'add' 'sub'> <InPorts = 3> <OutPorts = 1> <Sync> <CReg>
ST_1 : Operation 1177 [1/1] (0.00ns)   --->   "%sext_ln58_722 = sext i20 %add_ln58_1478" [firmware/nnet_utils/nnet_dense_latency.h:58]   --->   Operation 1177 'sext' 'sext_ln58_722' <Predicate = true> <Delay = 0.00>
ST_1 : Operation 1178 [1/1] (0.81ns)   --->   "%sub_ln58_37 = sub i22 %sext_ln17_500, i22 %sext_ln73_185" [firmware/nnet_utils/nnet_dense_latency.h:58]   --->   Operation 1178 'sub' 'sub_ln58_37' <Predicate = true> <Delay = 0.81> <CoreInst = "Adder">   --->   Core 1 'Adder' <Latency = 0> <II = 1> <Delay = 0.81> <FuncUnit> <Opcode : 'add' 'sub'> <InPorts = 2> <OutPorts = 1>
ST_1 : Operation 1179 [1/1] (0.78ns)   --->   "%add_ln58_1479 = add i17 %sext_ln73_99, i17 4608" [firmware/nnet_utils/nnet_dense_latency.h:58]   --->   Operation 1179 'add' 'add_ln58_1479' <Predicate = true> <Delay = 0.78> <CoreInst = "Adder">   --->   Core 1 'Adder' <Latency = 0> <II = 1> <Delay = 0.78> <FuncUnit> <Opcode : 'add' 'sub'> <InPorts = 2> <OutPorts = 1>
ST_1 : Operation 1180 [1/1] (0.00ns)   --->   "%sext_ln58_723 = sext i17 %add_ln58_1479" [firmware/nnet_utils/nnet_dense_latency.h:58]   --->   Operation 1180 'sext' 'sext_ln58_723' <Predicate = true> <Delay = 0.00>
ST_1 : Operation 1181 [1/1] (0.00ns) (grouped into TernaryAdder)   --->   "%add_ln58_1480 = add i22 %sext_ln58_723, i22 %sub_ln58_37" [firmware/nnet_utils/nnet_dense_latency.h:58]   --->   Operation 1181 'add' 'add_ln58_1480' <Predicate = true> <Delay = 0.00> <CoreInst = "TAddSub">   --->   Core 10 'TAddSub' <Latency = 0> <II = 1> <Delay = 0.34> <IPBlock> <Opcode : '' 'add' 'sub'> <InPorts = 3> <OutPorts = 1> <Sync> <CReg>
ST_1 : Operation 1182 [1/1] (0.69ns) (root node of TernaryAdder)   --->   "%add_ln58_1481 = add i22 %add_ln58_1480, i22 %sext_ln58_722" [firmware/nnet_utils/nnet_dense_latency.h:58]   --->   Operation 1182 'add' 'add_ln58_1481' <Predicate = true> <Delay = 0.69> <CoreInst = "TAddSub">   --->   Core 10 'TAddSub' <Latency = 0> <II = 1> <Delay = 0.34> <IPBlock> <Opcode : '' 'add' 'sub'> <InPorts = 3> <OutPorts = 1> <Sync> <CReg>
ST_1 : Operation 1183 [1/1] (0.00ns)   --->   "%sext_ln58_724 = sext i22 %add_ln58_1481" [firmware/nnet_utils/nnet_dense_latency.h:58]   --->   Operation 1183 'sext' 'sext_ln58_724' <Predicate = true> <Delay = 0.00>
ST_1 : Operation 1184 [1/1] (0.69ns) (root node of TernaryAdder)   --->   "%add_ln58_1482 = add i23 %sext_ln58_724, i23 %add_ln58_1476" [firmware/nnet_utils/nnet_dense_latency.h:58]   --->   Operation 1184 'add' 'add_ln58_1482' <Predicate = true> <Delay = 0.69> <CoreInst = "TAddSub">   --->   Core 10 'TAddSub' <Latency = 0> <II = 1> <Delay = 0.34> <IPBlock> <Opcode : '' 'add' 'sub'> <InPorts = 3> <OutPorts = 1> <Sync> <CReg>
ST_1 : Operation 1185 [1/1] (0.00ns) (grouped into TernaryAdder)   --->   "%add_ln58_1483 = add i21 %mul_ln17, i21 %sext_ln17_358" [firmware/nnet_utils/nnet_dense_latency.h:58]   --->   Operation 1185 'add' 'add_ln58_1483' <Predicate = true> <Delay = 0.00> <CoreInst = "TAddSub">   --->   Core 10 'TAddSub' <Latency = 0> <II = 1> <Delay = 0.34> <IPBlock> <Opcode : '' 'add' 'sub'> <InPorts = 3> <OutPorts = 1> <Sync> <CReg>
ST_1 : Operation 1186 [1/1] (0.69ns) (root node of TernaryAdder)   --->   "%add_ln58_1484 = add i21 %add_ln58_1483, i21 %mult_518" [firmware/nnet_utils/nnet_dense_latency.h:58]   --->   Operation 1186 'add' 'add_ln58_1484' <Predicate = true> <Delay = 0.69> <CoreInst = "TAddSub">   --->   Core 10 'TAddSub' <Latency = 0> <II = 1> <Delay = 0.34> <IPBlock> <Opcode : '' 'add' 'sub'> <InPorts = 3> <OutPorts = 1> <Sync> <CReg>
ST_1 : Operation 1187 [1/1] (0.00ns)   --->   "%sext_ln58_726 = sext i21 %add_ln58_1484" [firmware/nnet_utils/nnet_dense_latency.h:58]   --->   Operation 1187 'sext' 'sext_ln58_726' <Predicate = true> <Delay = 0.00>
ST_1 : Operation 1188 [1/1] (0.79ns)   --->   "%sub_ln58_38 = sub i18 %sext_ln17_406, i18 %sext_ln73_146" [firmware/nnet_utils/nnet_dense_latency.h:58]   --->   Operation 1188 'sub' 'sub_ln58_38' <Predicate = true> <Delay = 0.79> <CoreInst = "Adder">   --->   Core 1 'Adder' <Latency = 0> <II = 1> <Delay = 0.79> <FuncUnit> <Opcode : 'add' 'sub'> <InPorts = 2> <OutPorts = 1>
ST_1 : Operation 1189 [1/1] (0.00ns)   --->   "%sext_ln58_727 = sext i18 %sub_ln58_38" [firmware/nnet_utils/nnet_dense_latency.h:58]   --->   Operation 1189 'sext' 'sext_ln58_727' <Predicate = true> <Delay = 0.00>
ST_1 : Operation 1190 [1/1] (0.80ns)   --->   "%add_ln58_1485 = add i20 %sext_ln58_727, i20 %trunc_ln17_10" [firmware/nnet_utils/nnet_dense_latency.h:58]   --->   Operation 1190 'add' 'add_ln58_1485' <Predicate = true> <Delay = 0.80> <CoreInst = "Adder">   --->   Core 1 'Adder' <Latency = 0> <II = 1> <Delay = 0.80> <FuncUnit> <Opcode : 'add' 'sub'> <InPorts = 2> <OutPorts = 1>
ST_1 : Operation 1191 [1/1] (0.00ns)   --->   "%sext_ln58_728 = sext i20 %add_ln58_1485" [firmware/nnet_utils/nnet_dense_latency.h:58]   --->   Operation 1191 'sext' 'sext_ln58_728' <Predicate = true> <Delay = 0.00>
ST_1 : Operation 1192 [1/1] (0.81ns)   --->   "%add_ln58_1486 = add i22 %sext_ln58_728, i22 %sext_ln58_726" [firmware/nnet_utils/nnet_dense_latency.h:58]   --->   Operation 1192 'add' 'add_ln58_1486' <Predicate = true> <Delay = 0.81> <CoreInst = "Adder">   --->   Core 1 'Adder' <Latency = 0> <II = 1> <Delay = 0.81> <FuncUnit> <Opcode : 'add' 'sub'> <InPorts = 2> <OutPorts = 1>
ST_1 : Operation 1193 [1/1] (0.68ns) (root node of TernaryAdder)   --->   "%add_ln58_1487 = add i20 %mult_684, i20 %mult_712" [firmware/nnet_utils/nnet_dense_latency.h:58]   --->   Operation 1193 'add' 'add_ln58_1487' <Predicate = true> <Delay = 0.68> <CoreInst = "TAddSub">   --->   Core 10 'TAddSub' <Latency = 0> <II = 1> <Delay = 0.34> <IPBlock> <Opcode : '' 'add' 'sub'> <InPorts = 3> <OutPorts = 1> <Sync> <CReg>
ST_1 : Operation 1194 [1/1] (0.00ns)   --->   "%sext_ln58_730 = sext i20 %add_ln58_1487" [firmware/nnet_utils/nnet_dense_latency.h:58]   --->   Operation 1194 'sext' 'sext_ln58_730' <Predicate = true> <Delay = 0.00>
ST_1 : Operation 1195 [1/1] (0.00ns) (grouped into TernaryAdder)   --->   "%add_ln58_1488 = add i21 %sext_ln58_730, i21 %sext_ln17_457" [firmware/nnet_utils/nnet_dense_latency.h:58]   --->   Operation 1195 'add' 'add_ln58_1488' <Predicate = true> <Delay = 0.00> <CoreInst = "TAddSub">   --->   Core 10 'TAddSub' <Latency = 0> <II = 1> <Delay = 0.34> <IPBlock> <Opcode : '' 'add' 'sub'> <InPorts = 3> <OutPorts = 1> <Sync> <CReg>
ST_1 : Operation 1196 [1/1] (0.78ns)   --->   "%add_ln58_1489 = add i17 %sext_ln73_48, i17 %sext_ln73_148" [firmware/nnet_utils/nnet_dense_latency.h:58]   --->   Operation 1196 'add' 'add_ln58_1489' <Predicate = true> <Delay = 0.78> <CoreInst = "Adder">   --->   Core 1 'Adder' <Latency = 0> <II = 1> <Delay = 0.78> <FuncUnit> <Opcode : 'add' 'sub'> <InPorts = 2> <OutPorts = 1>
ST_1 : Operation 1197 [1/1] (0.00ns)   --->   "%sext_ln58_731 = sext i17 %add_ln58_1489" [firmware/nnet_utils/nnet_dense_latency.h:58]   --->   Operation 1197 'sext' 'sext_ln58_731' <Predicate = true> <Delay = 0.00>
ST_1 : Operation 1198 [1/1] (0.80ns)   --->   "%add_ln58_1490 = add i19 %sext_ln58_731, i19 %mult_727" [firmware/nnet_utils/nnet_dense_latency.h:58]   --->   Operation 1198 'add' 'add_ln58_1490' <Predicate = true> <Delay = 0.80> <CoreInst = "Adder">   --->   Core 1 'Adder' <Latency = 0> <II = 1> <Delay = 0.80> <FuncUnit> <Opcode : 'add' 'sub'> <InPorts = 2> <OutPorts = 1>
ST_1 : Operation 1199 [1/1] (0.00ns)   --->   "%sext_ln58_732 = sext i19 %add_ln58_1490" [firmware/nnet_utils/nnet_dense_latency.h:58]   --->   Operation 1199 'sext' 'sext_ln58_732' <Predicate = true> <Delay = 0.00>
ST_1 : Operation 1200 [1/1] (0.69ns) (root node of TernaryAdder)   --->   "%add_ln58_1491 = add i21 %sext_ln58_732, i21 %add_ln58_1488" [firmware/nnet_utils/nnet_dense_latency.h:58]   --->   Operation 1200 'add' 'add_ln58_1491' <Predicate = true> <Delay = 0.69> <CoreInst = "TAddSub">   --->   Core 10 'TAddSub' <Latency = 0> <II = 1> <Delay = 0.34> <IPBlock> <Opcode : '' 'add' 'sub'> <InPorts = 3> <OutPorts = 1> <Sync> <CReg>
ST_1 : Operation 1201 [1/1] (0.69ns) (root node of TernaryAdder)   --->   "%add_ln58_1493 = add i21 %mult_519, i21 %mult_534" [firmware/nnet_utils/nnet_dense_latency.h:58]   --->   Operation 1201 'add' 'add_ln58_1493' <Predicate = true> <Delay = 0.69> <CoreInst = "TAddSub">   --->   Core 10 'TAddSub' <Latency = 0> <II = 1> <Delay = 0.34> <IPBlock> <Opcode : '' 'add' 'sub'> <InPorts = 3> <OutPorts = 1> <Sync> <CReg>
ST_1 : Operation 1202 [1/1] (0.00ns)   --->   "%sext_ln58_735 = sext i21 %add_ln58_1493" [firmware/nnet_utils/nnet_dense_latency.h:58]   --->   Operation 1202 'sext' 'sext_ln58_735' <Predicate = true> <Delay = 0.00>
ST_1 : Operation 1203 [1/1] (0.00ns) (grouped into TernaryAdder)   --->   "%add_ln58_1494 = add i22 %sext_ln58_735, i22 %sext_ln17_338" [firmware/nnet_utils/nnet_dense_latency.h:58]   --->   Operation 1203 'add' 'add_ln58_1494' <Predicate = true> <Delay = 0.00> <CoreInst = "TAddSub">   --->   Core 10 'TAddSub' <Latency = 0> <II = 1> <Delay = 0.34> <IPBlock> <Opcode : '' 'add' 'sub'> <InPorts = 3> <OutPorts = 1> <Sync> <CReg>
ST_1 : Operation 1204 [1/1] (0.79ns)   --->   "%add_ln58_1495 = add i19 %sext_ln17_370, i19 %sext_ln17_383" [firmware/nnet_utils/nnet_dense_latency.h:58]   --->   Operation 1204 'add' 'add_ln58_1495' <Predicate = true> <Delay = 0.79> <CoreInst = "Adder">   --->   Core 1 'Adder' <Latency = 0> <II = 1> <Delay = 0.79> <FuncUnit> <Opcode : 'add' 'sub'> <InPorts = 2> <OutPorts = 1>
ST_1 : Operation 1205 [1/1] (0.00ns)   --->   "%sext_ln58_736 = sext i19 %add_ln58_1495" [firmware/nnet_utils/nnet_dense_latency.h:58]   --->   Operation 1205 'sext' 'sext_ln58_736' <Predicate = true> <Delay = 0.00>
ST_1 : Operation 1206 [1/1] (0.80ns)   --->   "%add_ln58_1496 = add i19 %sext_ln17_398, i19 %mult_608" [firmware/nnet_utils/nnet_dense_latency.h:58]   --->   Operation 1206 'add' 'add_ln58_1496' <Predicate = true> <Delay = 0.80> <CoreInst = "Adder">   --->   Core 1 'Adder' <Latency = 0> <II = 1> <Delay = 0.80> <FuncUnit> <Opcode : 'add' 'sub'> <InPorts = 2> <OutPorts = 1>
ST_1 : Operation 1207 [1/1] (0.00ns)   --->   "%sext_ln58_737 = sext i19 %add_ln58_1496" [firmware/nnet_utils/nnet_dense_latency.h:58]   --->   Operation 1207 'sext' 'sext_ln58_737' <Predicate = true> <Delay = 0.00>
ST_1 : Operation 1208 [1/1] (0.80ns)   --->   "%add_ln58_1497 = add i20 %sext_ln58_737, i20 %sext_ln58_736" [firmware/nnet_utils/nnet_dense_latency.h:58]   --->   Operation 1208 'add' 'add_ln58_1497' <Predicate = true> <Delay = 0.80> <CoreInst = "Adder">   --->   Core 1 'Adder' <Latency = 0> <II = 1> <Delay = 0.80> <FuncUnit> <Opcode : 'add' 'sub'> <InPorts = 2> <OutPorts = 1>
ST_1 : Operation 1209 [1/1] (0.00ns)   --->   "%sext_ln58_738 = sext i20 %add_ln58_1497" [firmware/nnet_utils/nnet_dense_latency.h:58]   --->   Operation 1209 'sext' 'sext_ln58_738' <Predicate = true> <Delay = 0.00>
ST_1 : Operation 1210 [1/1] (0.69ns) (root node of TernaryAdder)   --->   "%add_ln58_1498 = add i22 %sext_ln58_738, i22 %add_ln58_1494" [firmware/nnet_utils/nnet_dense_latency.h:58]   --->   Operation 1210 'add' 'add_ln58_1498' <Predicate = true> <Delay = 0.69> <CoreInst = "TAddSub">   --->   Core 10 'TAddSub' <Latency = 0> <II = 1> <Delay = 0.34> <IPBlock> <Opcode : '' 'add' 'sub'> <InPorts = 3> <OutPorts = 1> <Sync> <CReg>
ST_1 : Operation 1211 [1/1] (0.68ns) (root node of TernaryAdder)   --->   "%add_ln58_1499 = add i20 %sub_ln17_13, i20 %sext_ln17_441" [firmware/nnet_utils/nnet_dense_latency.h:58]   --->   Operation 1211 'add' 'add_ln58_1499' <Predicate = true> <Delay = 0.68> <CoreInst = "TAddSub">   --->   Core 10 'TAddSub' <Latency = 0> <II = 1> <Delay = 0.34> <IPBlock> <Opcode : '' 'add' 'sub'> <InPorts = 3> <OutPorts = 1> <Sync> <CReg>
ST_1 : Operation 1212 [1/1] (0.00ns)   --->   "%sext_ln58_740 = sext i20 %add_ln58_1499" [firmware/nnet_utils/nnet_dense_latency.h:58]   --->   Operation 1212 'sext' 'sext_ln58_740' <Predicate = true> <Delay = 0.00>
ST_1 : Operation 1213 [1/1] (0.80ns)   --->   "%add_ln58_1500 = add i20 %mult_662, i20 %mul_ln17_10" [firmware/nnet_utils/nnet_dense_latency.h:58]   --->   Operation 1213 'add' 'add_ln58_1500' <Predicate = true> <Delay = 0.80> <CoreInst = "Adder">   --->   Core 1 'Adder' <Latency = 0> <II = 1> <Delay = 0.80> <FuncUnit> <Opcode : 'add' 'sub'> <InPorts = 2> <OutPorts = 1>
ST_1 : Operation 1214 [1/1] (0.00ns)   --->   "%sext_ln58_741 = sext i20 %add_ln58_1500" [firmware/nnet_utils/nnet_dense_latency.h:58]   --->   Operation 1214 'sext' 'sext_ln58_741' <Predicate = true> <Delay = 0.00>
ST_1 : Operation 1215 [1/1] (0.80ns)   --->   "%add_ln58_1501 = add i21 %sext_ln58_741, i21 %sext_ln58_740" [firmware/nnet_utils/nnet_dense_latency.h:58]   --->   Operation 1215 'add' 'add_ln58_1501' <Predicate = true> <Delay = 0.80> <CoreInst = "Adder">   --->   Core 1 'Adder' <Latency = 0> <II = 1> <Delay = 0.80> <FuncUnit> <Opcode : 'add' 'sub'> <InPorts = 2> <OutPorts = 1>
ST_1 : Operation 1216 [1/1] (0.00ns) (grouped into TernaryAdder)   --->   "%add_ln58_1502 = add i21 %sub_ln17_21, i21 %sext_ln17_503" [firmware/nnet_utils/nnet_dense_latency.h:58]   --->   Operation 1216 'add' 'add_ln58_1502' <Predicate = true> <Delay = 0.00> <CoreInst = "TAddSub">   --->   Core 10 'TAddSub' <Latency = 0> <II = 1> <Delay = 0.34> <IPBlock> <Opcode : '' 'add' 'sub'> <InPorts = 3> <OutPorts = 1> <Sync> <CReg>
ST_1 : Operation 1217 [1/1] (0.78ns)   --->   "%add_ln58_1503 = add i17 %sext_ln73_64, i17 2560" [firmware/nnet_utils/nnet_dense_latency.h:58]   --->   Operation 1217 'add' 'add_ln58_1503' <Predicate = true> <Delay = 0.78> <CoreInst = "Adder">   --->   Core 1 'Adder' <Latency = 0> <II = 1> <Delay = 0.78> <FuncUnit> <Opcode : 'add' 'sub'> <InPorts = 2> <OutPorts = 1>
ST_1 : Operation 1218 [1/1] (0.00ns)   --->   "%sext_ln58_743 = sext i17 %add_ln58_1503" [firmware/nnet_utils/nnet_dense_latency.h:58]   --->   Operation 1218 'sext' 'sext_ln58_743' <Predicate = true> <Delay = 0.00>
ST_1 : Operation 1219 [1/1] (0.69ns) (root node of TernaryAdder)   --->   "%add_ln58_1504 = add i21 %sext_ln58_743, i21 %add_ln58_1502" [firmware/nnet_utils/nnet_dense_latency.h:58]   --->   Operation 1219 'add' 'add_ln58_1504' <Predicate = true> <Delay = 0.69> <CoreInst = "TAddSub">   --->   Core 10 'TAddSub' <Latency = 0> <II = 1> <Delay = 0.34> <IPBlock> <Opcode : '' 'add' 'sub'> <InPorts = 3> <OutPorts = 1> <Sync> <CReg>
ST_1 : Operation 1220 [1/1] (0.00ns) (grouped into TernaryAdder)   --->   "%add_ln58_1507 = add i21 %sext_ln17_365, i21 %add_ln17_3" [firmware/nnet_utils/nnet_dense_latency.h:58]   --->   Operation 1220 'add' 'add_ln58_1507' <Predicate = true> <Delay = 0.00> <CoreInst = "TAddSub">   --->   Core 10 'TAddSub' <Latency = 0> <II = 1> <Delay = 0.34> <IPBlock> <Opcode : '' 'add' 'sub'> <InPorts = 3> <OutPorts = 1> <Sync> <CReg>
ST_1 : Operation 1221 [1/1] (0.69ns) (root node of TernaryAdder)   --->   "%add_ln58_1508 = add i21 %add_ln58_1507, i21 %sext_ln17_339" [firmware/nnet_utils/nnet_dense_latency.h:58]   --->   Operation 1221 'add' 'add_ln58_1508' <Predicate = true> <Delay = 0.69> <CoreInst = "TAddSub">   --->   Core 10 'TAddSub' <Latency = 0> <II = 1> <Delay = 0.34> <IPBlock> <Opcode : '' 'add' 'sub'> <InPorts = 3> <OutPorts = 1> <Sync> <CReg>
ST_1 : Operation 1222 [1/1] (0.00ns)   --->   "%sext_ln58_747 = sext i21 %add_ln58_1508" [firmware/nnet_utils/nnet_dense_latency.h:58]   --->   Operation 1222 'sext' 'sext_ln58_747' <Predicate = true> <Delay = 0.00>
ST_1 : Operation 1223 [1/1] (0.68ns) (root node of TernaryAdder)   --->   "%add_ln58_1509 = add i20 %sext_ln17_408, i20 %sub_ln17_8" [firmware/nnet_utils/nnet_dense_latency.h:58]   --->   Operation 1223 'add' 'add_ln58_1509' <Predicate = true> <Delay = 0.68> <CoreInst = "TAddSub">   --->   Core 10 'TAddSub' <Latency = 0> <II = 1> <Delay = 0.34> <IPBlock> <Opcode : '' 'add' 'sub'> <InPorts = 3> <OutPorts = 1> <Sync> <CReg>
ST_1 : Operation 1224 [1/1] (0.00ns)   --->   "%sext_ln58_748 = sext i20 %add_ln58_1509" [firmware/nnet_utils/nnet_dense_latency.h:58]   --->   Operation 1224 'sext' 'sext_ln58_748' <Predicate = true> <Delay = 0.00>
ST_1 : Operation 1225 [1/1] (0.78ns)   --->   "%add_ln58_1510 = add i17 %sext_ln73_148, i17 %sext_ln73_153" [firmware/nnet_utils/nnet_dense_latency.h:58]   --->   Operation 1225 'add' 'add_ln58_1510' <Predicate = true> <Delay = 0.78> <CoreInst = "Adder">   --->   Core 1 'Adder' <Latency = 0> <II = 1> <Delay = 0.78> <FuncUnit> <Opcode : 'add' 'sub'> <InPorts = 2> <OutPorts = 1>
ST_1 : Operation 1226 [1/1] (0.00ns)   --->   "%sext_ln58_937 = sext i17 %add_ln58_1510" [firmware/nnet_utils/nnet_dense_latency.h:58]   --->   Operation 1226 'sext' 'sext_ln58_937' <Predicate = true> <Delay = 0.00>
ST_1 : Operation 1227 [1/1] (0.00ns)   --->   "%p_shl104 = bitconcatenate i20 @_ssdm_op_BitConcatenate.i20.i17.i3, i17 %add_ln58_1510, i3 0" [firmware/nnet_utils/nnet_dense_latency.h:58]   --->   Operation 1227 'bitconcatenate' 'p_shl104' <Predicate = true> <Delay = 0.00>
ST_1 : Operation 1228 [1/1] (0.80ns)   --->   "%sub_ln58_39 = sub i20 %p_shl104, i20 %sext_ln58_937" [firmware/nnet_utils/nnet_dense_latency.h:58]   --->   Operation 1228 'sub' 'sub_ln58_39' <Predicate = true> <Delay = 0.80> <CoreInst = "Adder">   --->   Core 1 'Adder' <Latency = 0> <II = 1> <Delay = 0.80> <FuncUnit> <Opcode : 'add' 'sub'> <InPorts = 2> <OutPorts = 1>
ST_1 : Operation 1229 [1/1] (0.00ns)   --->   "%sext_ln58_749 = sext i20 %sub_ln58_39" [firmware/nnet_utils/nnet_dense_latency.h:58]   --->   Operation 1229 'sext' 'sext_ln58_749' <Predicate = true> <Delay = 0.00>
ST_1 : Operation 1230 [1/1] (0.80ns)   --->   "%add_ln58_1511 = add i21 %sext_ln58_749, i21 %sext_ln58_748" [firmware/nnet_utils/nnet_dense_latency.h:58]   --->   Operation 1230 'add' 'add_ln58_1511' <Predicate = true> <Delay = 0.80> <CoreInst = "Adder">   --->   Core 1 'Adder' <Latency = 0> <II = 1> <Delay = 0.80> <FuncUnit> <Opcode : 'add' 'sub'> <InPorts = 2> <OutPorts = 1>
ST_1 : Operation 1231 [1/1] (0.00ns)   --->   "%sext_ln58_750 = sext i21 %add_ln58_1511" [firmware/nnet_utils/nnet_dense_latency.h:58]   --->   Operation 1231 'sext' 'sext_ln58_750' <Predicate = true> <Delay = 0.00>
ST_1 : Operation 1232 [1/1] (0.81ns)   --->   "%add_ln58_1512 = add i22 %sext_ln58_750, i22 %sext_ln58_747" [firmware/nnet_utils/nnet_dense_latency.h:58]   --->   Operation 1232 'add' 'add_ln58_1512' <Predicate = true> <Delay = 0.81> <CoreInst = "Adder">   --->   Core 1 'Adder' <Latency = 0> <II = 1> <Delay = 0.81> <FuncUnit> <Opcode : 'add' 'sub'> <InPorts = 2> <OutPorts = 1>
ST_1 : Operation 1233 [1/1] (0.00ns) (grouped into TernaryAdder)   --->   "%add_ln58_1513 = add i20 %mult_686, i20 %sext_ln17_488" [firmware/nnet_utils/nnet_dense_latency.h:58]   --->   Operation 1233 'add' 'add_ln58_1513' <Predicate = true> <Delay = 0.00> <CoreInst = "TAddSub">   --->   Core 10 'TAddSub' <Latency = 0> <II = 1> <Delay = 0.34> <IPBlock> <Opcode : '' 'add' 'sub'> <InPorts = 3> <OutPorts = 1> <Sync> <CReg>
ST_1 : Operation 1234 [1/1] (0.68ns) (root node of TernaryAdder)   --->   "%add_ln58_1514 = add i20 %add_ln58_1513, i20 %sext_ln17_460" [firmware/nnet_utils/nnet_dense_latency.h:58]   --->   Operation 1234 'add' 'add_ln58_1514' <Predicate = true> <Delay = 0.68> <CoreInst = "TAddSub">   --->   Core 10 'TAddSub' <Latency = 0> <II = 1> <Delay = 0.34> <IPBlock> <Opcode : '' 'add' 'sub'> <InPorts = 3> <OutPorts = 1> <Sync> <CReg>
ST_1 : Operation 1235 [1/1] (0.00ns)   --->   "%sext_ln58_752 = sext i20 %add_ln58_1514" [firmware/nnet_utils/nnet_dense_latency.h:58]   --->   Operation 1235 'sext' 'sext_ln58_752' <Predicate = true> <Delay = 0.00>
ST_1 : Operation 1236 [1/1] (0.00ns) (grouped into TernaryAdder)   --->   "%add_ln58_1515 = add i20 %mul_ln17_13, i20 %sext_ln17_496" [firmware/nnet_utils/nnet_dense_latency.h:58]   --->   Operation 1236 'add' 'add_ln58_1515' <Predicate = true> <Delay = 0.00> <CoreInst = "TAddSub">   --->   Core 10 'TAddSub' <Latency = 0> <II = 1> <Delay = 0.34> <IPBlock> <Opcode : '' 'add' 'sub'> <InPorts = 3> <OutPorts = 1> <Sync> <CReg>
ST_1 : Operation 1237 [1/1] (0.78ns)   --->   "%add_ln58_1516 = add i17 %sext_ln73_41, i17 128000" [firmware/nnet_utils/nnet_dense_latency.h:58]   --->   Operation 1237 'add' 'add_ln58_1516' <Predicate = true> <Delay = 0.78> <CoreInst = "Adder">   --->   Core 1 'Adder' <Latency = 0> <II = 1> <Delay = 0.78> <FuncUnit> <Opcode : 'add' 'sub'> <InPorts = 2> <OutPorts = 1>
ST_1 : Operation 1238 [1/1] (0.00ns)   --->   "%sext_ln58_753 = sext i17 %add_ln58_1516" [firmware/nnet_utils/nnet_dense_latency.h:58]   --->   Operation 1238 'sext' 'sext_ln58_753' <Predicate = true> <Delay = 0.00>
ST_1 : Operation 1239 [1/1] (0.68ns) (root node of TernaryAdder)   --->   "%add_ln58_1517 = add i20 %sext_ln58_753, i20 %add_ln58_1515" [firmware/nnet_utils/nnet_dense_latency.h:58]   --->   Operation 1239 'add' 'add_ln58_1517' <Predicate = true> <Delay = 0.68> <CoreInst = "TAddSub">   --->   Core 10 'TAddSub' <Latency = 0> <II = 1> <Delay = 0.34> <IPBlock> <Opcode : '' 'add' 'sub'> <InPorts = 3> <OutPorts = 1> <Sync> <CReg>
ST_1 : Operation 1240 [1/1] (0.00ns)   --->   "%sext_ln58_754 = sext i20 %add_ln58_1517" [firmware/nnet_utils/nnet_dense_latency.h:58]   --->   Operation 1240 'sext' 'sext_ln58_754' <Predicate = true> <Delay = 0.00>
ST_1 : Operation 1241 [1/1] (0.80ns)   --->   "%add_ln58_1518 = add i21 %sext_ln58_754, i21 %sext_ln58_752" [firmware/nnet_utils/nnet_dense_latency.h:58]   --->   Operation 1241 'add' 'add_ln58_1518' <Predicate = true> <Delay = 0.80> <CoreInst = "Adder">   --->   Core 1 'Adder' <Latency = 0> <II = 1> <Delay = 0.80> <FuncUnit> <Opcode : 'add' 'sub'> <InPorts = 2> <OutPorts = 1>
ST_1 : Operation 1242 [1/1] (0.79ns)   --->   "%sub_ln58_40 = sub i18 %sext_ln17_375, i18 %sext_ln73_110" [firmware/nnet_utils/nnet_dense_latency.h:58]   --->   Operation 1242 'sub' 'sub_ln58_40' <Predicate = true> <Delay = 0.79> <CoreInst = "Adder">   --->   Core 1 'Adder' <Latency = 0> <II = 1> <Delay = 0.79> <FuncUnit> <Opcode : 'add' 'sub'> <InPorts = 2> <OutPorts = 1>
ST_1 : Operation 1243 [1/1] (0.00ns)   --->   "%sext_ln58_757 = sext i18 %sub_ln58_40" [firmware/nnet_utils/nnet_dense_latency.h:58]   --->   Operation 1243 'sext' 'sext_ln58_757' <Predicate = true> <Delay = 0.00>
ST_1 : Operation 1244 [1/1] (0.79ns)   --->   "%sub_ln58_8 = sub i19 %sext_ln58_757, i19 %sext_ln73_36" [firmware/nnet_utils/nnet_dense_latency.h:58]   --->   Operation 1244 'sub' 'sub_ln58_8' <Predicate = true> <Delay = 0.79> <CoreInst = "Adder">   --->   Core 1 'Adder' <Latency = 0> <II = 1> <Delay = 0.79> <FuncUnit> <Opcode : 'add' 'sub'> <InPorts = 2> <OutPorts = 1>
ST_1 : Operation 1245 [1/1] (0.00ns)   --->   "%sext_ln58_758 = sext i19 %sub_ln58_8" [firmware/nnet_utils/nnet_dense_latency.h:58]   --->   Operation 1245 'sext' 'sext_ln58_758' <Predicate = true> <Delay = 0.00>
ST_1 : Operation 1246 [1/1] (0.78ns)   --->   "%add_ln58_1520 = add i17 %sext_ln73_153, i17 %sext_ln73_161" [firmware/nnet_utils/nnet_dense_latency.h:58]   --->   Operation 1246 'add' 'add_ln58_1520' <Predicate = true> <Delay = 0.78> <CoreInst = "Adder">   --->   Core 1 'Adder' <Latency = 0> <II = 1> <Delay = 0.78> <FuncUnit> <Opcode : 'add' 'sub'> <InPorts = 2> <OutPorts = 1>
ST_1 : Operation 1247 [1/1] (0.00ns)   --->   "%p_shl105 = bitconcatenate i20 @_ssdm_op_BitConcatenate.i20.i17.i3, i17 %add_ln58_1520, i3 0" [firmware/nnet_utils/nnet_dense_latency.h:58]   --->   Operation 1247 'bitconcatenate' 'p_shl105' <Predicate = true> <Delay = 0.00>
ST_1 : Operation 1248 [1/1] (0.00ns)   --->   "%tmp_1049 = bitconcatenate i18 @_ssdm_op_BitConcatenate.i18.i17.i1, i17 %add_ln58_1520, i1 0" [firmware/nnet_utils/nnet_dense_latency.h:58]   --->   Operation 1248 'bitconcatenate' 'tmp_1049' <Predicate = true> <Delay = 0.00>
ST_1 : Operation 1249 [1/1] (0.00ns)   --->   "%sext_ln58_1029 = sext i18 %tmp_1049" [firmware/nnet_utils/nnet_dense_latency.h:58]   --->   Operation 1249 'sext' 'sext_ln58_1029' <Predicate = true> <Delay = 0.00>
ST_1 : Operation 1250 [1/1] (0.00ns) (grouped into TernaryAdder)   --->   "%sub_ln58_41 = sub i20 %p_shl105, i20 %sext_ln58_1029" [firmware/nnet_utils/nnet_dense_latency.h:58]   --->   Operation 1250 'sub' 'sub_ln58_41' <Predicate = true> <Delay = 0.00> <CoreInst = "TAddSub">   --->   Core 10 'TAddSub' <Latency = 0> <II = 1> <Delay = 0.34> <IPBlock> <Opcode : '' 'add' 'sub'> <InPorts = 3> <OutPorts = 1> <Sync> <CReg>
ST_1 : Operation 1251 [1/1] (0.68ns) (root node of TernaryAdder)   --->   "%add_ln58_1521 = add i20 %sub_ln58_41, i20 %sext_ln17_380" [firmware/nnet_utils/nnet_dense_latency.h:58]   --->   Operation 1251 'add' 'add_ln58_1521' <Predicate = true> <Delay = 0.68> <CoreInst = "TAddSub">   --->   Core 10 'TAddSub' <Latency = 0> <II = 1> <Delay = 0.34> <IPBlock> <Opcode : '' 'add' 'sub'> <InPorts = 3> <OutPorts = 1> <Sync> <CReg>
ST_1 : Operation 1252 [1/1] (0.00ns)   --->   "%sext_ln58_759 = sext i20 %add_ln58_1521" [firmware/nnet_utils/nnet_dense_latency.h:58]   --->   Operation 1252 'sext' 'sext_ln58_759' <Predicate = true> <Delay = 0.00>
ST_1 : Operation 1253 [1/1] (0.80ns)   --->   "%add_ln58_1522 = add i21 %sext_ln58_759, i21 %sext_ln58_758" [firmware/nnet_utils/nnet_dense_latency.h:58]   --->   Operation 1253 'add' 'add_ln58_1522' <Predicate = true> <Delay = 0.80> <CoreInst = "Adder">   --->   Core 1 'Adder' <Latency = 0> <II = 1> <Delay = 0.80> <FuncUnit> <Opcode : 'add' 'sub'> <InPorts = 2> <OutPorts = 1>
ST_1 : Operation 1254 [1/1] (0.80ns)   --->   "%add_ln58_1523 = add i20 %sext_ln17_488, i20 %trunc_ln17_28" [firmware/nnet_utils/nnet_dense_latency.h:58]   --->   Operation 1254 'add' 'add_ln58_1523' <Predicate = true> <Delay = 0.80> <CoreInst = "Adder">   --->   Core 1 'Adder' <Latency = 0> <II = 1> <Delay = 0.80> <FuncUnit> <Opcode : 'add' 'sub'> <InPorts = 2> <OutPorts = 1>
ST_1 : Operation 1255 [1/1] (0.00ns)   --->   "%sext_ln58_761 = sext i20 %add_ln58_1523" [firmware/nnet_utils/nnet_dense_latency.h:58]   --->   Operation 1255 'sext' 'sext_ln58_761' <Predicate = true> <Delay = 0.00>
ST_1 : Operation 1256 [1/1] (0.00ns) (grouped into TernaryAdder)   --->   "%add_ln58_1524 = add i21 %sext_ln58_761, i21 %sext_ln17_461" [firmware/nnet_utils/nnet_dense_latency.h:58]   --->   Operation 1256 'add' 'add_ln58_1524' <Predicate = true> <Delay = 0.00> <CoreInst = "TAddSub">   --->   Core 10 'TAddSub' <Latency = 0> <II = 1> <Delay = 0.34> <IPBlock> <Opcode : '' 'add' 'sub'> <InPorts = 3> <OutPorts = 1> <Sync> <CReg>
ST_1 : Operation 1257 [1/1] (0.78ns)   --->   "%add_ln58_1525 = add i17 %sext_ln73_59, i17 %sext_ln73_148" [firmware/nnet_utils/nnet_dense_latency.h:58]   --->   Operation 1257 'add' 'add_ln58_1525' <Predicate = true> <Delay = 0.78> <CoreInst = "Adder">   --->   Core 1 'Adder' <Latency = 0> <II = 1> <Delay = 0.78> <FuncUnit> <Opcode : 'add' 'sub'> <InPorts = 2> <OutPorts = 1>
ST_1 : Operation 1258 [1/1] (0.00ns)   --->   "%sext_ln58_762 = sext i17 %add_ln58_1525" [firmware/nnet_utils/nnet_dense_latency.h:58]   --->   Operation 1258 'sext' 'sext_ln58_762' <Predicate = true> <Delay = 0.00>
ST_1 : Operation 1259 [1/1] (0.78ns)   --->   "%add_ln58_1526 = add i17 %sext_ln73_92, i17 1024" [firmware/nnet_utils/nnet_dense_latency.h:58]   --->   Operation 1259 'add' 'add_ln58_1526' <Predicate = true> <Delay = 0.78> <CoreInst = "Adder">   --->   Core 1 'Adder' <Latency = 0> <II = 1> <Delay = 0.78> <FuncUnit> <Opcode : 'add' 'sub'> <InPorts = 2> <OutPorts = 1>
ST_1 : Operation 1260 [1/1] (0.00ns)   --->   "%sext_ln58_763 = sext i17 %add_ln58_1526" [firmware/nnet_utils/nnet_dense_latency.h:58]   --->   Operation 1260 'sext' 'sext_ln58_763' <Predicate = true> <Delay = 0.00>
ST_1 : Operation 1261 [1/1] (0.79ns)   --->   "%add_ln58_1527 = add i18 %sext_ln58_763, i18 %sext_ln58_762" [firmware/nnet_utils/nnet_dense_latency.h:58]   --->   Operation 1261 'add' 'add_ln58_1527' <Predicate = true> <Delay = 0.79> <CoreInst = "Adder">   --->   Core 1 'Adder' <Latency = 0> <II = 1> <Delay = 0.79> <FuncUnit> <Opcode : 'add' 'sub'> <InPorts = 2> <OutPorts = 1>
ST_1 : Operation 1262 [1/1] (0.00ns)   --->   "%sext_ln58_764 = sext i18 %add_ln58_1527" [firmware/nnet_utils/nnet_dense_latency.h:58]   --->   Operation 1262 'sext' 'sext_ln58_764' <Predicate = true> <Delay = 0.00>
ST_1 : Operation 1263 [1/1] (0.69ns) (root node of TernaryAdder)   --->   "%add_ln58_1528 = add i21 %sext_ln58_764, i21 %add_ln58_1524" [firmware/nnet_utils/nnet_dense_latency.h:58]   --->   Operation 1263 'add' 'add_ln58_1528' <Predicate = true> <Delay = 0.69> <CoreInst = "TAddSub">   --->   Core 10 'TAddSub' <Latency = 0> <II = 1> <Delay = 0.34> <IPBlock> <Opcode : '' 'add' 'sub'> <InPorts = 3> <OutPorts = 1> <Sync> <CReg>
ST_1 : Operation 1264 [1/1] (0.80ns)   --->   "%sub_ln58_42 = sub i20 %mult_510, i20 %sext_ln73_68" [firmware/nnet_utils/nnet_dense_latency.h:58]   --->   Operation 1264 'sub' 'sub_ln58_42' <Predicate = true> <Delay = 0.80> <CoreInst = "Adder">   --->   Core 1 'Adder' <Latency = 0> <II = 1> <Delay = 0.80> <FuncUnit> <Opcode : 'add' 'sub'> <InPorts = 2> <OutPorts = 1>
ST_1 : Operation 1265 [1/1] (0.00ns)   --->   "%sext_ln58_767 = sext i20 %sub_ln58_42" [firmware/nnet_utils/nnet_dense_latency.h:58]   --->   Operation 1265 'sext' 'sext_ln58_767' <Predicate = true> <Delay = 0.00>
ST_1 : Operation 1266 [1/1] (0.68ns) (root node of TernaryAdder)   --->   "%add_ln58_1530 = add i20 %add_ln17_2, i20 %mult_552" [firmware/nnet_utils/nnet_dense_latency.h:58]   --->   Operation 1266 'add' 'add_ln58_1530' <Predicate = true> <Delay = 0.68> <CoreInst = "TAddSub">   --->   Core 10 'TAddSub' <Latency = 0> <II = 1> <Delay = 0.34> <IPBlock> <Opcode : '' 'add' 'sub'> <InPorts = 3> <OutPorts = 1> <Sync> <CReg>
ST_1 : Operation 1267 [1/1] (0.00ns)   --->   "%sext_ln58_768 = sext i20 %add_ln58_1530" [firmware/nnet_utils/nnet_dense_latency.h:58]   --->   Operation 1267 'sext' 'sext_ln58_768' <Predicate = true> <Delay = 0.00>
ST_1 : Operation 1268 [1/1] (0.80ns)   --->   "%add_ln58_1531 = add i21 %sext_ln58_768, i21 %sext_ln58_767" [firmware/nnet_utils/nnet_dense_latency.h:58]   --->   Operation 1268 'add' 'add_ln58_1531' <Predicate = true> <Delay = 0.80> <CoreInst = "Adder">   --->   Core 1 'Adder' <Latency = 0> <II = 1> <Delay = 0.80> <FuncUnit> <Opcode : 'add' 'sub'> <InPorts = 2> <OutPorts = 1>
ST_1 : Operation 1269 [1/1] (0.00ns)   --->   "%sext_ln58_769 = sext i21 %add_ln58_1531" [firmware/nnet_utils/nnet_dense_latency.h:58]   --->   Operation 1269 'sext' 'sext_ln58_769' <Predicate = true> <Delay = 0.00>
ST_1 : Operation 1270 [1/1] (0.00ns) (grouped into TernaryAdder)   --->   "%add_ln58_1532 = add i21 %mult_577, i21 %sext_ln17_394" [firmware/nnet_utils/nnet_dense_latency.h:58]   --->   Operation 1270 'add' 'add_ln58_1532' <Predicate = true> <Delay = 0.00> <CoreInst = "TAddSub">   --->   Core 10 'TAddSub' <Latency = 0> <II = 1> <Delay = 0.34> <IPBlock> <Opcode : '' 'add' 'sub'> <InPorts = 3> <OutPorts = 1> <Sync> <CReg>
ST_1 : Operation 1271 [1/1] (0.80ns)   --->   "%add_ln58_1533 = add i20 %mult_618, i20 %mult_632" [firmware/nnet_utils/nnet_dense_latency.h:58]   --->   Operation 1271 'add' 'add_ln58_1533' <Predicate = true> <Delay = 0.80> <CoreInst = "Adder">   --->   Core 1 'Adder' <Latency = 0> <II = 1> <Delay = 0.80> <FuncUnit> <Opcode : 'add' 'sub'> <InPorts = 2> <OutPorts = 1>
ST_1 : Operation 1272 [1/1] (0.00ns)   --->   "%sext_ln58_770 = sext i20 %add_ln58_1533" [firmware/nnet_utils/nnet_dense_latency.h:58]   --->   Operation 1272 'sext' 'sext_ln58_770' <Predicate = true> <Delay = 0.00>
ST_1 : Operation 1273 [1/1] (0.69ns) (root node of TernaryAdder)   --->   "%add_ln58_1534 = add i21 %sext_ln58_770, i21 %add_ln58_1532" [firmware/nnet_utils/nnet_dense_latency.h:58]   --->   Operation 1273 'add' 'add_ln58_1534' <Predicate = true> <Delay = 0.69> <CoreInst = "TAddSub">   --->   Core 10 'TAddSub' <Latency = 0> <II = 1> <Delay = 0.34> <IPBlock> <Opcode : '' 'add' 'sub'> <InPorts = 3> <OutPorts = 1> <Sync> <CReg>
ST_1 : Operation 1274 [1/1] (0.00ns)   --->   "%sext_ln58_771 = sext i21 %add_ln58_1534" [firmware/nnet_utils/nnet_dense_latency.h:58]   --->   Operation 1274 'sext' 'sext_ln58_771' <Predicate = true> <Delay = 0.00>
ST_1 : Operation 1275 [1/1] (0.81ns)   --->   "%add_ln58_1535 = add i22 %sext_ln58_771, i22 %sext_ln58_769" [firmware/nnet_utils/nnet_dense_latency.h:58]   --->   Operation 1275 'add' 'add_ln58_1535' <Predicate = true> <Delay = 0.81> <CoreInst = "Adder">   --->   Core 1 'Adder' <Latency = 0> <II = 1> <Delay = 0.81> <FuncUnit> <Opcode : 'add' 'sub'> <InPorts = 2> <OutPorts = 1>
ST_1 : Operation 1276 [1/1] (0.80ns)   --->   "%add_ln58_1536 = add i20 %sext_ln17_436, i20 %mult_674" [firmware/nnet_utils/nnet_dense_latency.h:58]   --->   Operation 1276 'add' 'add_ln58_1536' <Predicate = true> <Delay = 0.80> <CoreInst = "Adder">   --->   Core 1 'Adder' <Latency = 0> <II = 1> <Delay = 0.80> <FuncUnit> <Opcode : 'add' 'sub'> <InPorts = 2> <OutPorts = 1>
ST_1 : Operation 1277 [1/1] (0.00ns)   --->   "%sext_ln58_773 = sext i20 %add_ln58_1536" [firmware/nnet_utils/nnet_dense_latency.h:58]   --->   Operation 1277 'sext' 'sext_ln58_773' <Predicate = true> <Delay = 0.00>
ST_1 : Operation 1278 [1/1] (0.80ns)   --->   "%add_ln58_1537 = add i20 %trunc_ln17_21, i20 %mult_701" [firmware/nnet_utils/nnet_dense_latency.h:58]   --->   Operation 1278 'add' 'add_ln58_1537' <Predicate = true> <Delay = 0.80> <CoreInst = "Adder">   --->   Core 1 'Adder' <Latency = 0> <II = 1> <Delay = 0.80> <FuncUnit> <Opcode : 'add' 'sub'> <InPorts = 2> <OutPorts = 1>
ST_1 : Operation 1279 [1/1] (0.00ns)   --->   "%sext_ln58_774 = sext i20 %add_ln58_1537" [firmware/nnet_utils/nnet_dense_latency.h:58]   --->   Operation 1279 'sext' 'sext_ln58_774' <Predicate = true> <Delay = 0.00>
ST_1 : Operation 1280 [1/1] (0.80ns)   --->   "%add_ln58_1538 = add i21 %sext_ln58_774, i21 %sext_ln58_773" [firmware/nnet_utils/nnet_dense_latency.h:58]   --->   Operation 1280 'add' 'add_ln58_1538' <Predicate = true> <Delay = 0.80> <CoreInst = "Adder">   --->   Core 1 'Adder' <Latency = 0> <II = 1> <Delay = 0.80> <FuncUnit> <Opcode : 'add' 'sub'> <InPorts = 2> <OutPorts = 1>
ST_1 : Operation 1281 [1/1] (0.00ns)   --->   "%sext_ln58_775 = sext i21 %add_ln58_1538" [firmware/nnet_utils/nnet_dense_latency.h:58]   --->   Operation 1281 'sext' 'sext_ln58_775' <Predicate = true> <Delay = 0.00>
ST_1 : Operation 1282 [1/1] (0.82ns)   --->   "%add_ln58_1539 = add i22 %mult_713, i22 %sext_ln17_509" [firmware/nnet_utils/nnet_dense_latency.h:58]   --->   Operation 1282 'add' 'add_ln58_1539' <Predicate = true> <Delay = 0.82> <CoreInst = "Adder">   --->   Core 1 'Adder' <Latency = 0> <II = 1> <Delay = 0.82> <FuncUnit> <Opcode : 'add' 'sub'> <InPorts = 2> <OutPorts = 1>
ST_1 : Operation 1283 [1/1] (0.78ns)   --->   "%add_ln58_1540 = add i17 %sext_ln73_161, i17 7168" [firmware/nnet_utils/nnet_dense_latency.h:58]   --->   Operation 1283 'add' 'add_ln58_1540' <Predicate = true> <Delay = 0.78> <CoreInst = "Adder">   --->   Core 1 'Adder' <Latency = 0> <II = 1> <Delay = 0.78> <FuncUnit> <Opcode : 'add' 'sub'> <InPorts = 2> <OutPorts = 1>
ST_1 : Operation 1284 [1/1] (0.00ns)   --->   "%sext_ln58_776 = sext i17 %add_ln58_1540" [firmware/nnet_utils/nnet_dense_latency.h:58]   --->   Operation 1284 'sext' 'sext_ln58_776' <Predicate = true> <Delay = 0.00>
ST_1 : Operation 1285 [1/1] (0.79ns)   --->   "%add_ln58_1541 = add i18 %sext_ln58_776, i18 %sext_ln73_63" [firmware/nnet_utils/nnet_dense_latency.h:58]   --->   Operation 1285 'add' 'add_ln58_1541' <Predicate = true> <Delay = 0.79> <CoreInst = "Adder">   --->   Core 1 'Adder' <Latency = 0> <II = 1> <Delay = 0.79> <FuncUnit> <Opcode : 'add' 'sub'> <InPorts = 2> <OutPorts = 1>
ST_1 : Operation 1286 [1/1] (0.00ns)   --->   "%sext_ln58_777 = sext i18 %add_ln58_1541" [firmware/nnet_utils/nnet_dense_latency.h:58]   --->   Operation 1286 'sext' 'sext_ln58_777' <Predicate = true> <Delay = 0.00>
ST_1 : Operation 1287 [1/1] (0.00ns) (grouped into TernaryAdder)   --->   "%add_ln58_1542 = add i22 %sext_ln58_777, i22 %add_ln58_1539" [firmware/nnet_utils/nnet_dense_latency.h:58]   --->   Operation 1287 'add' 'add_ln58_1542' <Predicate = true> <Delay = 0.00> <CoreInst = "TAddSub">   --->   Core 10 'TAddSub' <Latency = 0> <II = 1> <Delay = 0.34> <IPBlock> <Opcode : '' 'add' 'sub'> <InPorts = 3> <OutPorts = 1> <Sync> <CReg>
ST_1 : Operation 1288 [1/1] (0.69ns) (root node of TernaryAdder)   --->   "%add_ln58_1543 = add i22 %add_ln58_1542, i22 %sext_ln58_775" [firmware/nnet_utils/nnet_dense_latency.h:58]   --->   Operation 1288 'add' 'add_ln58_1543' <Predicate = true> <Delay = 0.69> <CoreInst = "TAddSub">   --->   Core 10 'TAddSub' <Latency = 0> <II = 1> <Delay = 0.34> <IPBlock> <Opcode : '' 'add' 'sub'> <InPorts = 3> <OutPorts = 1> <Sync> <CReg>
ST_1 : Operation 1289 [1/1] (0.00ns) (grouped into TernaryAdder)   --->   "%add_ln58_1545 = add i20 %add_ln17_4, i20 %sext_ln17_385" [firmware/nnet_utils/nnet_dense_latency.h:58]   --->   Operation 1289 'add' 'add_ln58_1545' <Predicate = true> <Delay = 0.00> <CoreInst = "TAddSub">   --->   Core 10 'TAddSub' <Latency = 0> <II = 1> <Delay = 0.34> <IPBlock> <Opcode : '' 'add' 'sub'> <InPorts = 3> <OutPorts = 1> <Sync> <CReg>
ST_1 : Operation 1290 [1/1] (0.68ns) (root node of TernaryAdder)   --->   "%add_ln58_1546 = add i20 %add_ln58_1545, i20 %sext_ln17_359" [firmware/nnet_utils/nnet_dense_latency.h:58]   --->   Operation 1290 'add' 'add_ln58_1546' <Predicate = true> <Delay = 0.68> <CoreInst = "TAddSub">   --->   Core 10 'TAddSub' <Latency = 0> <II = 1> <Delay = 0.34> <IPBlock> <Opcode : '' 'add' 'sub'> <InPorts = 3> <OutPorts = 1> <Sync> <CReg>
ST_1 : Operation 1291 [1/1] (0.00ns)   --->   "%sext_ln58_780 = sext i20 %add_ln58_1546" [firmware/nnet_utils/nnet_dense_latency.h:58]   --->   Operation 1291 'sext' 'sext_ln58_780' <Predicate = true> <Delay = 0.00>
ST_1 : Operation 1292 [1/1] (0.80ns)   --->   "%add_ln58_1547 = add i20 %sext_ln17_407, i20 %mult_631" [firmware/nnet_utils/nnet_dense_latency.h:58]   --->   Operation 1292 'add' 'add_ln58_1547' <Predicate = true> <Delay = 0.80> <CoreInst = "Adder">   --->   Core 1 'Adder' <Latency = 0> <II = 1> <Delay = 0.80> <FuncUnit> <Opcode : 'add' 'sub'> <InPorts = 2> <OutPorts = 1>
ST_1 : Operation 1293 [1/1] (0.00ns)   --->   "%sext_ln58_781 = sext i20 %add_ln58_1547" [firmware/nnet_utils/nnet_dense_latency.h:58]   --->   Operation 1293 'sext' 'sext_ln58_781' <Predicate = true> <Delay = 0.00>
ST_1 : Operation 1294 [1/1] (0.81ns)   --->   "%add_ln58_1548 = add i21 %sext_ln58_781, i21 %mult_591" [firmware/nnet_utils/nnet_dense_latency.h:58]   --->   Operation 1294 'add' 'add_ln58_1548' <Predicate = true> <Delay = 0.81> <CoreInst = "Adder">   --->   Core 1 'Adder' <Latency = 0> <II = 1> <Delay = 0.81> <FuncUnit> <Opcode : 'add' 'sub'> <InPorts = 2> <OutPorts = 1>
ST_1 : Operation 1295 [1/1] (0.00ns)   --->   "%sext_ln58_782 = sext i21 %add_ln58_1548" [firmware/nnet_utils/nnet_dense_latency.h:58]   --->   Operation 1295 'sext' 'sext_ln58_782' <Predicate = true> <Delay = 0.00>
ST_1 : Operation 1296 [1/1] (0.00ns) (grouped into TernaryAdder)   --->   "%add_ln58_1549 = add i22 %sext_ln58_782, i22 %sext_ln58_780" [firmware/nnet_utils/nnet_dense_latency.h:58]   --->   Operation 1296 'add' 'add_ln58_1549' <Predicate = true> <Delay = 0.00> <CoreInst = "TAddSub">   --->   Core 10 'TAddSub' <Latency = 0> <II = 1> <Delay = 0.34> <IPBlock> <Opcode : '' 'add' 'sub'> <InPorts = 3> <OutPorts = 1> <Sync> <CReg>
ST_1 : Operation 1297 [1/1] (0.00ns) (grouped into TernaryAdder)   --->   "%add_ln58_1550 = add i20 %sext_ln17_445, i20 %mult_672" [firmware/nnet_utils/nnet_dense_latency.h:58]   --->   Operation 1297 'add' 'add_ln58_1550' <Predicate = true> <Delay = 0.00> <CoreInst = "TAddSub">   --->   Core 10 'TAddSub' <Latency = 0> <II = 1> <Delay = 0.34> <IPBlock> <Opcode : '' 'add' 'sub'> <InPorts = 3> <OutPorts = 1> <Sync> <CReg>
ST_1 : Operation 1298 [1/1] (0.68ns) (root node of TernaryAdder)   --->   "%add_ln58_1551 = add i20 %add_ln58_1550, i20 %sext_ln17_437" [firmware/nnet_utils/nnet_dense_latency.h:58]   --->   Operation 1298 'add' 'add_ln58_1551' <Predicate = true> <Delay = 0.68> <CoreInst = "TAddSub">   --->   Core 10 'TAddSub' <Latency = 0> <II = 1> <Delay = 0.34> <IPBlock> <Opcode : '' 'add' 'sub'> <InPorts = 3> <OutPorts = 1> <Sync> <CReg>
ST_1 : Operation 1299 [1/1] (0.00ns)   --->   "%sext_ln58_783 = sext i20 %add_ln58_1551" [firmware/nnet_utils/nnet_dense_latency.h:58]   --->   Operation 1299 'sext' 'sext_ln58_783' <Predicate = true> <Delay = 0.00>
ST_1 : Operation 1300 [1/1] (0.00ns) (grouped into TernaryAdder)   --->   "%add_ln58_1552 = add i20 %sub_ln17_27, i20 1047552" [firmware/nnet_utils/nnet_dense_latency.h:58]   --->   Operation 1300 'add' 'add_ln58_1552' <Predicate = true> <Delay = 0.00> <CoreInst = "TAddSub">   --->   Core 10 'TAddSub' <Latency = 0> <II = 1> <Delay = 0.34> <IPBlock> <Opcode : '' 'add' 'sub'> <InPorts = 3> <OutPorts = 1> <Sync> <CReg>
ST_1 : Operation 1301 [1/1] (0.68ns) (root node of TernaryAdder)   --->   "%add_ln58_1553 = add i20 %add_ln58_1552, i20 %sext_ln17_469" [firmware/nnet_utils/nnet_dense_latency.h:58]   --->   Operation 1301 'add' 'add_ln58_1553' <Predicate = true> <Delay = 0.68> <CoreInst = "TAddSub">   --->   Core 10 'TAddSub' <Latency = 0> <II = 1> <Delay = 0.34> <IPBlock> <Opcode : '' 'add' 'sub'> <InPorts = 3> <OutPorts = 1> <Sync> <CReg>
ST_1 : Operation 1302 [1/1] (0.00ns)   --->   "%sext_ln58_784 = sext i20 %add_ln58_1553" [firmware/nnet_utils/nnet_dense_latency.h:58]   --->   Operation 1302 'sext' 'sext_ln58_784' <Predicate = true> <Delay = 0.00>
ST_1 : Operation 1303 [1/1] (0.80ns)   --->   "%add_ln58_1554 = add i21 %sext_ln58_784, i21 %sext_ln58_783" [firmware/nnet_utils/nnet_dense_latency.h:58]   --->   Operation 1303 'add' 'add_ln58_1554' <Predicate = true> <Delay = 0.80> <CoreInst = "Adder">   --->   Core 1 'Adder' <Latency = 0> <II = 1> <Delay = 0.80> <FuncUnit> <Opcode : 'add' 'sub'> <InPorts = 2> <OutPorts = 1>
ST_1 : Operation 1304 [1/1] (0.00ns)   --->   "%sext_ln58_785 = sext i21 %add_ln58_1554" [firmware/nnet_utils/nnet_dense_latency.h:58]   --->   Operation 1304 'sext' 'sext_ln58_785' <Predicate = true> <Delay = 0.00>
ST_1 : Operation 1305 [1/1] (0.69ns) (root node of TernaryAdder)   --->   "%add_ln58_1555 = add i22 %sext_ln58_785, i22 %add_ln58_1549" [firmware/nnet_utils/nnet_dense_latency.h:58]   --->   Operation 1305 'add' 'add_ln58_1555' <Predicate = true> <Delay = 0.69> <CoreInst = "TAddSub">   --->   Core 10 'TAddSub' <Latency = 0> <II = 1> <Delay = 0.34> <IPBlock> <Opcode : '' 'add' 'sub'> <InPorts = 3> <OutPorts = 1> <Sync> <CReg>
ST_1 : Operation 1306 [1/1] (0.00ns) (grouped into TernaryAdder)   --->   "%add_ln58_1556 = add i21 %sext_ln17_336, i21 %add_ln17_5" [firmware/nnet_utils/nnet_dense_latency.h:58]   --->   Operation 1306 'add' 'add_ln58_1556' <Predicate = true> <Delay = 0.00> <CoreInst = "TAddSub">   --->   Core 10 'TAddSub' <Latency = 0> <II = 1> <Delay = 0.34> <IPBlock> <Opcode : '' 'add' 'sub'> <InPorts = 3> <OutPorts = 1> <Sync> <CReg>
ST_1 : Operation 1307 [1/1] (0.79ns)   --->   "%sub_ln58_43 = sub i18 %sext_ln17_419, i18 %sext_ln73_159" [firmware/nnet_utils/nnet_dense_latency.h:58]   --->   Operation 1307 'sub' 'sub_ln58_43' <Predicate = true> <Delay = 0.79> <CoreInst = "Adder">   --->   Core 1 'Adder' <Latency = 0> <II = 1> <Delay = 0.79> <FuncUnit> <Opcode : 'add' 'sub'> <InPorts = 2> <OutPorts = 1>
ST_1 : Operation 1308 [1/1] (0.00ns)   --->   "%sext_ln58_787 = sext i18 %sub_ln58_43" [firmware/nnet_utils/nnet_dense_latency.h:58]   --->   Operation 1308 'sext' 'sext_ln58_787' <Predicate = true> <Delay = 0.00>
ST_1 : Operation 1309 [1/1] (0.69ns) (root node of TernaryAdder)   --->   "%add_ln58_1557 = add i21 %sext_ln58_787, i21 %add_ln58_1556" [firmware/nnet_utils/nnet_dense_latency.h:58]   --->   Operation 1309 'add' 'add_ln58_1557' <Predicate = true> <Delay = 0.69> <CoreInst = "TAddSub">   --->   Core 10 'TAddSub' <Latency = 0> <II = 1> <Delay = 0.34> <IPBlock> <Opcode : '' 'add' 'sub'> <InPorts = 3> <OutPorts = 1> <Sync> <CReg>
ST_1 : Operation 1310 [1/1] (0.00ns)   --->   "%sext_ln58_788 = sext i21 %add_ln58_1557" [firmware/nnet_utils/nnet_dense_latency.h:58]   --->   Operation 1310 'sext' 'sext_ln58_788' <Predicate = true> <Delay = 0.00>
ST_1 : Operation 1311 [1/1] (0.00ns) (grouped into TernaryAdder)   --->   "%add_ln58_1558 = add i20 %mult_655, i20 %sext_ln17_464" [firmware/nnet_utils/nnet_dense_latency.h:58]   --->   Operation 1311 'add' 'add_ln58_1558' <Predicate = true> <Delay = 0.00> <CoreInst = "TAddSub">   --->   Core 10 'TAddSub' <Latency = 0> <II = 1> <Delay = 0.34> <IPBlock> <Opcode : '' 'add' 'sub'> <InPorts = 3> <OutPorts = 1> <Sync> <CReg>
ST_1 : Operation 1312 [1/1] (0.78ns)   --->   "%add_ln58_1559 = add i17 %sext_ln73_59, i17 127488" [firmware/nnet_utils/nnet_dense_latency.h:58]   --->   Operation 1312 'add' 'add_ln58_1559' <Predicate = true> <Delay = 0.78> <CoreInst = "Adder">   --->   Core 1 'Adder' <Latency = 0> <II = 1> <Delay = 0.78> <FuncUnit> <Opcode : 'add' 'sub'> <InPorts = 2> <OutPorts = 1>
ST_1 : Operation 1313 [1/1] (0.00ns)   --->   "%sext_ln58_789 = sext i17 %add_ln58_1559" [firmware/nnet_utils/nnet_dense_latency.h:58]   --->   Operation 1313 'sext' 'sext_ln58_789' <Predicate = true> <Delay = 0.00>
ST_1 : Operation 1314 [1/1] (0.68ns) (root node of TernaryAdder)   --->   "%add_ln58_1560 = add i19 %sext_ln58_789, i19 %mult_730" [firmware/nnet_utils/nnet_dense_latency.h:58]   --->   Operation 1314 'add' 'add_ln58_1560' <Predicate = true> <Delay = 0.68> <CoreInst = "TAddSub">   --->   Core 10 'TAddSub' <Latency = 0> <II = 1> <Delay = 0.34> <IPBlock> <Opcode : '' 'add' 'sub'> <InPorts = 3> <OutPorts = 1> <Sync> <CReg>
ST_1 : Operation 1315 [1/1] (0.00ns)   --->   "%sext_ln58_790 = sext i19 %add_ln58_1560" [firmware/nnet_utils/nnet_dense_latency.h:58]   --->   Operation 1315 'sext' 'sext_ln58_790' <Predicate = true> <Delay = 0.00>
ST_1 : Operation 1316 [1/1] (0.68ns) (root node of TernaryAdder)   --->   "%add_ln58_1561 = add i20 %sext_ln58_790, i20 %add_ln58_1558" [firmware/nnet_utils/nnet_dense_latency.h:58]   --->   Operation 1316 'add' 'add_ln58_1561' <Predicate = true> <Delay = 0.68> <CoreInst = "TAddSub">   --->   Core 10 'TAddSub' <Latency = 0> <II = 1> <Delay = 0.34> <IPBlock> <Opcode : '' 'add' 'sub'> <InPorts = 3> <OutPorts = 1> <Sync> <CReg>
ST_1 : Operation 1317 [1/1] (0.00ns)   --->   "%sext_ln58_791 = sext i20 %add_ln58_1561" [firmware/nnet_utils/nnet_dense_latency.h:58]   --->   Operation 1317 'sext' 'sext_ln58_791' <Predicate = true> <Delay = 0.00>
ST_1 : Operation 1318 [1/1] (0.81ns)   --->   "%add_ln58_1562 = add i22 %sext_ln58_791, i22 %sext_ln58_788" [firmware/nnet_utils/nnet_dense_latency.h:58]   --->   Operation 1318 'add' 'add_ln58_1562' <Predicate = true> <Delay = 0.81> <CoreInst = "Adder">   --->   Core 1 'Adder' <Latency = 0> <II = 1> <Delay = 0.81> <FuncUnit> <Opcode : 'add' 'sub'> <InPorts = 2> <OutPorts = 1>
ST_1 : Operation 1319 [1/1] (0.80ns)   --->   "%add_ln58_1563 = add i20 %mult_510, i20 %trunc_ln17_3" [firmware/nnet_utils/nnet_dense_latency.h:58]   --->   Operation 1319 'add' 'add_ln58_1563' <Predicate = true> <Delay = 0.80> <CoreInst = "Adder">   --->   Core 1 'Adder' <Latency = 0> <II = 1> <Delay = 0.80> <FuncUnit> <Opcode : 'add' 'sub'> <InPorts = 2> <OutPorts = 1>
ST_1 : Operation 1320 [1/1] (0.00ns)   --->   "%sext_ln58_793 = sext i20 %add_ln58_1563" [firmware/nnet_utils/nnet_dense_latency.h:58]   --->   Operation 1320 'sext' 'sext_ln58_793' <Predicate = true> <Delay = 0.00>
ST_1 : Operation 1321 [1/1] (0.80ns)   --->   "%add_ln58_1564 = add i21 %sext_ln58_793, i21 %sext_ln17_335" [firmware/nnet_utils/nnet_dense_latency.h:58]   --->   Operation 1321 'add' 'add_ln58_1564' <Predicate = true> <Delay = 0.80> <CoreInst = "Adder">   --->   Core 1 'Adder' <Latency = 0> <II = 1> <Delay = 0.80> <FuncUnit> <Opcode : 'add' 'sub'> <InPorts = 2> <OutPorts = 1>
ST_1 : Operation 1322 [1/1] (0.80ns)   --->   "%add_ln58_1565 = add i20 %sext_ln17_386, i20 %sext_ln73_145" [firmware/nnet_utils/nnet_dense_latency.h:58]   --->   Operation 1322 'add' 'add_ln58_1565' <Predicate = true> <Delay = 0.80> <CoreInst = "Adder">   --->   Core 1 'Adder' <Latency = 0> <II = 1> <Delay = 0.80> <FuncUnit> <Opcode : 'add' 'sub'> <InPorts = 2> <OutPorts = 1>
ST_1 : Operation 1323 [1/1] (0.00ns)   --->   "%sext_ln58_1030 = sext i20 %add_ln58_1565" [firmware/nnet_utils/nnet_dense_latency.h:58]   --->   Operation 1323 'sext' 'sext_ln58_1030' <Predicate = true> <Delay = 0.00>
ST_1 : Operation 1324 [1/1] (0.80ns)   --->   "%sub_ln58_44 = sub i21 %sext_ln58_1030, i21 %sext_ln73_122" [firmware/nnet_utils/nnet_dense_latency.h:58]   --->   Operation 1324 'sub' 'sub_ln58_44' <Predicate = true> <Delay = 0.80> <CoreInst = "Adder">   --->   Core 1 'Adder' <Latency = 0> <II = 1> <Delay = 0.80> <FuncUnit> <Opcode : 'add' 'sub'> <InPorts = 2> <OutPorts = 1>
ST_1 : Operation 1325 [1/1] (0.81ns)   --->   "%add_ln58_1567 = add i21 %sext_ln17_462, i21 %mult_687" [firmware/nnet_utils/nnet_dense_latency.h:58]   --->   Operation 1325 'add' 'add_ln58_1567' <Predicate = true> <Delay = 0.81> <CoreInst = "Adder">   --->   Core 1 'Adder' <Latency = 0> <II = 1> <Delay = 0.81> <FuncUnit> <Opcode : 'add' 'sub'> <InPorts = 2> <OutPorts = 1>
ST_1 : Operation 1326 [1/1] (0.00ns) (grouped into TernaryAdder)   --->   "%add_ln58_1568 = add i21 %add_ln58_1567, i21 %sext_ln17_435" [firmware/nnet_utils/nnet_dense_latency.h:58]   --->   Operation 1326 'add' 'add_ln58_1568' <Predicate = true> <Delay = 0.00> <CoreInst = "TAddSub">   --->   Core 10 'TAddSub' <Latency = 0> <II = 1> <Delay = 0.34> <IPBlock> <Opcode : '' 'add' 'sub'> <InPorts = 3> <OutPorts = 1> <Sync> <CReg>
ST_1 : Operation 1327 [1/1] (0.78ns)   --->   "%add_ln58_1569 = add i17 %sext_ln73_99, i17 2048" [firmware/nnet_utils/nnet_dense_latency.h:58]   --->   Operation 1327 'add' 'add_ln58_1569' <Predicate = true> <Delay = 0.78> <CoreInst = "Adder">   --->   Core 1 'Adder' <Latency = 0> <II = 1> <Delay = 0.78> <FuncUnit> <Opcode : 'add' 'sub'> <InPorts = 2> <OutPorts = 1>
ST_1 : Operation 1328 [1/1] (0.00ns)   --->   "%sext_ln58_798 = sext i17 %add_ln58_1569" [firmware/nnet_utils/nnet_dense_latency.h:58]   --->   Operation 1328 'sext' 'sext_ln58_798' <Predicate = true> <Delay = 0.00>
ST_1 : Operation 1329 [1/1] (0.79ns)   --->   "%sub_ln58_9 = sub i18 %sext_ln58_798, i18 %sext_ln73_109" [firmware/nnet_utils/nnet_dense_latency.h:58]   --->   Operation 1329 'sub' 'sub_ln58_9' <Predicate = true> <Delay = 0.79> <CoreInst = "Adder">   --->   Core 1 'Adder' <Latency = 0> <II = 1> <Delay = 0.79> <FuncUnit> <Opcode : 'add' 'sub'> <InPorts = 2> <OutPorts = 1>
ST_1 : Operation 1330 [1/1] (0.00ns)   --->   "%sext_ln58_799 = sext i18 %sub_ln58_9" [firmware/nnet_utils/nnet_dense_latency.h:58]   --->   Operation 1330 'sext' 'sext_ln58_799' <Predicate = true> <Delay = 0.00>
ST_1 : Operation 1331 [1/1] (0.69ns) (root node of TernaryAdder)   --->   "%add_ln58_1570 = add i21 %sext_ln58_799, i21 %add_ln58_1568" [firmware/nnet_utils/nnet_dense_latency.h:58]   --->   Operation 1331 'add' 'add_ln58_1570' <Predicate = true> <Delay = 0.69> <CoreInst = "TAddSub">   --->   Core 10 'TAddSub' <Latency = 0> <II = 1> <Delay = 0.34> <IPBlock> <Opcode : '' 'add' 'sub'> <InPorts = 3> <OutPorts = 1> <Sync> <CReg>
ST_1 : Operation 1332 [1/1] (0.00ns) (grouped into TernaryAdder)   --->   "%add_ln58_1572 = add i22 %mult_553, i22 %sext_ln17_421" [firmware/nnet_utils/nnet_dense_latency.h:58]   --->   Operation 1332 'add' 'add_ln58_1572' <Predicate = true> <Delay = 0.00> <CoreInst = "TAddSub">   --->   Core 10 'TAddSub' <Latency = 0> <II = 1> <Delay = 0.34> <IPBlock> <Opcode : '' 'add' 'sub'> <InPorts = 3> <OutPorts = 1> <Sync> <CReg>
ST_1 : Operation 1333 [1/1] (0.68ns) (root node of TernaryAdder)   --->   "%add_ln58_1573 = add i20 %sext_ln17_425, i20 %add_ln17_16" [firmware/nnet_utils/nnet_dense_latency.h:58]   --->   Operation 1333 'add' 'add_ln58_1573' <Predicate = true> <Delay = 0.68> <CoreInst = "TAddSub">   --->   Core 10 'TAddSub' <Latency = 0> <II = 1> <Delay = 0.34> <IPBlock> <Opcode : '' 'add' 'sub'> <InPorts = 3> <OutPorts = 1> <Sync> <CReg>
ST_1 : Operation 1334 [1/1] (0.00ns)   --->   "%sext_ln58_802 = sext i20 %add_ln58_1573" [firmware/nnet_utils/nnet_dense_latency.h:58]   --->   Operation 1334 'sext' 'sext_ln58_802' <Predicate = true> <Delay = 0.00>
ST_1 : Operation 1335 [1/1] (0.69ns) (root node of TernaryAdder)   --->   "%add_ln58_1574 = add i22 %sext_ln58_802, i22 %add_ln58_1572" [firmware/nnet_utils/nnet_dense_latency.h:58]   --->   Operation 1335 'add' 'add_ln58_1574' <Predicate = true> <Delay = 0.69> <CoreInst = "TAddSub">   --->   Core 10 'TAddSub' <Latency = 0> <II = 1> <Delay = 0.34> <IPBlock> <Opcode : '' 'add' 'sub'> <InPorts = 3> <OutPorts = 1> <Sync> <CReg>
ST_1 : Operation 1336 [1/1] (0.00ns)   --->   "%sext_ln58_803 = sext i22 %add_ln58_1574" [firmware/nnet_utils/nnet_dense_latency.h:58]   --->   Operation 1336 'sext' 'sext_ln58_803' <Predicate = true> <Delay = 0.00>
ST_1 : Operation 1337 [1/1] (0.00ns) (grouped into TernaryAdder)   --->   "%add_ln58_1575 = add i21 %mul_ln17_12, i21 %sext_ln17_510" [firmware/nnet_utils/nnet_dense_latency.h:58]   --->   Operation 1337 'add' 'add_ln58_1575' <Predicate = true> <Delay = 0.00> <CoreInst = "TAddSub">   --->   Core 10 'TAddSub' <Latency = 0> <II = 1> <Delay = 0.34> <IPBlock> <Opcode : '' 'add' 'sub'> <InPorts = 3> <OutPorts = 1> <Sync> <CReg>
ST_1 : Operation 1338 [1/1] (0.78ns)   --->   "%add_ln58_1576 = add i17 %sext_ln73_161, i17 2048" [firmware/nnet_utils/nnet_dense_latency.h:58]   --->   Operation 1338 'add' 'add_ln58_1576' <Predicate = true> <Delay = 0.78> <CoreInst = "Adder">   --->   Core 1 'Adder' <Latency = 0> <II = 1> <Delay = 0.78> <FuncUnit> <Opcode : 'add' 'sub'> <InPorts = 2> <OutPorts = 1>
ST_1 : Operation 1339 [1/1] (0.00ns)   --->   "%sext_ln58_804 = sext i17 %add_ln58_1576" [firmware/nnet_utils/nnet_dense_latency.h:58]   --->   Operation 1339 'sext' 'sext_ln58_804' <Predicate = true> <Delay = 0.00>
ST_1 : Operation 1340 [1/1] (0.69ns) (root node of TernaryAdder)   --->   "%add_ln58_1577 = add i21 %sext_ln58_804, i21 %add_ln58_1575" [firmware/nnet_utils/nnet_dense_latency.h:58]   --->   Operation 1340 'add' 'add_ln58_1577' <Predicate = true> <Delay = 0.69> <CoreInst = "TAddSub">   --->   Core 10 'TAddSub' <Latency = 0> <II = 1> <Delay = 0.34> <IPBlock> <Opcode : '' 'add' 'sub'> <InPorts = 3> <OutPorts = 1> <Sync> <CReg>
ST_1 : Operation 1341 [1/1] (0.00ns)   --->   "%sext_ln58_805 = sext i21 %add_ln58_1577" [firmware/nnet_utils/nnet_dense_latency.h:58]   --->   Operation 1341 'sext' 'sext_ln58_805' <Predicate = true> <Delay = 0.00>
ST_1 : Operation 1342 [1/1] (0.82ns)   --->   "%add_ln58_1578 = add i23 %sext_ln58_805, i23 %sext_ln58_803" [firmware/nnet_utils/nnet_dense_latency.h:58]   --->   Operation 1342 'add' 'add_ln58_1578' <Predicate = true> <Delay = 0.82> <CoreInst = "Adder">   --->   Core 1 'Adder' <Latency = 0> <II = 1> <Delay = 0.82> <FuncUnit> <Opcode : 'add' 'sub'> <InPorts = 2> <OutPorts = 1>
ST_1 : Operation 1343 [1/1] (0.80ns)   --->   "%sub_ln58_45 = sub i20 %sext_ln73_103, i20 %sext_ln17_361" [firmware/nnet_utils/nnet_dense_latency.h:58]   --->   Operation 1343 'sub' 'sub_ln58_45' <Predicate = true> <Delay = 0.80> <CoreInst = "Adder">   --->   Core 1 'Adder' <Latency = 0> <II = 1> <Delay = 0.80> <FuncUnit> <Opcode : 'add' 'sub'> <InPorts = 2> <OutPorts = 1>
ST_1 : Operation 1344 [1/1] (0.00ns)   --->   "%sext_ln58_807 = sext i20 %sub_ln58_45" [firmware/nnet_utils/nnet_dense_latency.h:58]   --->   Operation 1344 'sext' 'sext_ln58_807' <Predicate = true> <Delay = 0.00>
ST_1 : Operation 1345 [1/1] (0.81ns)   --->   "%add_ln58_1579 = add i21 %sext_ln58_807, i21 %mul_ln17_1" [firmware/nnet_utils/nnet_dense_latency.h:58]   --->   Operation 1345 'add' 'add_ln58_1579' <Predicate = true> <Delay = 0.81> <CoreInst = "Adder">   --->   Core 1 'Adder' <Latency = 0> <II = 1> <Delay = 0.81> <FuncUnit> <Opcode : 'add' 'sub'> <InPorts = 2> <OutPorts = 1>
ST_1 : Operation 1346 [1/1] (0.00ns)   --->   "%sext_ln58_808 = sext i21 %add_ln58_1579" [firmware/nnet_utils/nnet_dense_latency.h:58]   --->   Operation 1346 'sext' 'sext_ln58_808' <Predicate = true> <Delay = 0.00>
ST_1 : Operation 1347 [1/1] (0.78ns)   --->   "%add_ln58_1580 = add i17 %sext_ln73_48, i17 %sext_ln73_55" [firmware/nnet_utils/nnet_dense_latency.h:58]   --->   Operation 1347 'add' 'add_ln58_1580' <Predicate = true> <Delay = 0.78> <CoreInst = "Adder">   --->   Core 1 'Adder' <Latency = 0> <II = 1> <Delay = 0.78> <FuncUnit> <Opcode : 'add' 'sub'> <InPorts = 2> <OutPorts = 1>
ST_1 : Operation 1348 [1/1] (0.00ns)   --->   "%sext_ln58_1031 = sext i17 %add_ln58_1580" [firmware/nnet_utils/nnet_dense_latency.h:58]   --->   Operation 1348 'sext' 'sext_ln58_1031' <Predicate = true> <Delay = 0.00>
ST_1 : Operation 1349 [1/1] (0.00ns)   --->   "%tmp_1050 = bitconcatenate i19 @_ssdm_op_BitConcatenate.i19.i17.i2, i17 %add_ln58_1580, i2 0" [firmware/nnet_utils/nnet_dense_latency.h:58]   --->   Operation 1349 'bitconcatenate' 'tmp_1050' <Predicate = true> <Delay = 0.00>
ST_1 : Operation 1350 [1/1] (0.00ns)   --->   "%sext_ln58_1032 = sext i19 %tmp_1050" [firmware/nnet_utils/nnet_dense_latency.h:58]   --->   Operation 1350 'sext' 'sext_ln58_1032' <Predicate = true> <Delay = 0.00>
ST_1 : Operation 1351 [1/1] (0.00ns) (grouped into TernaryAdder)   --->   "%add_ln58_1581 = add i20 %sext_ln58_1032, i20 %sext_ln58_1031" [firmware/nnet_utils/nnet_dense_latency.h:58]   --->   Operation 1351 'add' 'add_ln58_1581' <Predicate = true> <Delay = 0.00> <CoreInst = "TAddSub">   --->   Core 10 'TAddSub' <Latency = 0> <II = 1> <Delay = 0.34> <IPBlock> <Opcode : '' 'add' 'sub'> <InPorts = 3> <OutPorts = 1> <Sync> <CReg>
ST_1 : Operation 1352 [1/1] (0.79ns)   --->   "%sub_ln58_46 = sub i19 %sext_ln17_392, i19 %sext_ln73_150" [firmware/nnet_utils/nnet_dense_latency.h:58]   --->   Operation 1352 'sub' 'sub_ln58_46' <Predicate = true> <Delay = 0.79> <CoreInst = "Adder">   --->   Core 1 'Adder' <Latency = 0> <II = 1> <Delay = 0.79> <FuncUnit> <Opcode : 'add' 'sub'> <InPorts = 2> <OutPorts = 1>
ST_1 : Operation 1353 [1/1] (0.00ns)   --->   "%sext_ln58_809 = sext i19 %sub_ln58_46" [firmware/nnet_utils/nnet_dense_latency.h:58]   --->   Operation 1353 'sext' 'sext_ln58_809' <Predicate = true> <Delay = 0.00>
ST_1 : Operation 1354 [1/1] (0.68ns) (root node of TernaryAdder)   --->   "%add_ln58_1582 = add i20 %sext_ln58_809, i20 %add_ln58_1581" [firmware/nnet_utils/nnet_dense_latency.h:58]   --->   Operation 1354 'add' 'add_ln58_1582' <Predicate = true> <Delay = 0.68> <CoreInst = "TAddSub">   --->   Core 10 'TAddSub' <Latency = 0> <II = 1> <Delay = 0.34> <IPBlock> <Opcode : '' 'add' 'sub'> <InPorts = 3> <OutPorts = 1> <Sync> <CReg>
ST_1 : Operation 1355 [1/1] (0.00ns)   --->   "%sext_ln58_810 = sext i20 %add_ln58_1582" [firmware/nnet_utils/nnet_dense_latency.h:58]   --->   Operation 1355 'sext' 'sext_ln58_810' <Predicate = true> <Delay = 0.00>
ST_1 : Operation 1356 [1/1] (0.81ns)   --->   "%add_ln58_1583 = add i22 %sext_ln58_810, i22 %sext_ln58_808" [firmware/nnet_utils/nnet_dense_latency.h:58]   --->   Operation 1356 'add' 'add_ln58_1583' <Predicate = true> <Delay = 0.81> <CoreInst = "Adder">   --->   Core 1 'Adder' <Latency = 0> <II = 1> <Delay = 0.81> <FuncUnit> <Opcode : 'add' 'sub'> <InPorts = 2> <OutPorts = 1>
ST_1 : Operation 1357 [1/1] (0.68ns) (root node of TernaryAdder)   --->   "%add_ln58_1584 = add i20 %add_ln17_12, i20 %mult_662" [firmware/nnet_utils/nnet_dense_latency.h:58]   --->   Operation 1357 'add' 'add_ln58_1584' <Predicate = true> <Delay = 0.68> <CoreInst = "TAddSub">   --->   Core 10 'TAddSub' <Latency = 0> <II = 1> <Delay = 0.34> <IPBlock> <Opcode : '' 'add' 'sub'> <InPorts = 3> <OutPorts = 1> <Sync> <CReg>
ST_1 : Operation 1358 [1/1] (0.00ns)   --->   "%sext_ln58_812 = sext i20 %add_ln58_1584" [firmware/nnet_utils/nnet_dense_latency.h:58]   --->   Operation 1358 'sext' 'sext_ln58_812' <Predicate = true> <Delay = 0.00>
ST_1 : Operation 1359 [1/1] (0.79ns)   --->   "%sub_ln58_10 = sub i19 %sext_ln17_467, i19 %sext_ln73_100" [firmware/nnet_utils/nnet_dense_latency.h:58]   --->   Operation 1359 'sub' 'sub_ln58_10' <Predicate = true> <Delay = 0.79> <CoreInst = "Adder">   --->   Core 1 'Adder' <Latency = 0> <II = 1> <Delay = 0.79> <FuncUnit> <Opcode : 'add' 'sub'> <InPorts = 2> <OutPorts = 1>
ST_1 : Operation 1360 [1/1] (0.00ns)   --->   "%sext_ln58_813 = sext i19 %sub_ln58_10" [firmware/nnet_utils/nnet_dense_latency.h:58]   --->   Operation 1360 'sext' 'sext_ln58_813' <Predicate = true> <Delay = 0.00>
ST_1 : Operation 1361 [1/1] (0.80ns)   --->   "%add_ln58_1585 = add i21 %sext_ln58_813, i21 %sext_ln58_812" [firmware/nnet_utils/nnet_dense_latency.h:58]   --->   Operation 1361 'add' 'add_ln58_1585' <Predicate = true> <Delay = 0.80> <CoreInst = "Adder">   --->   Core 1 'Adder' <Latency = 0> <II = 1> <Delay = 0.80> <FuncUnit> <Opcode : 'add' 'sub'> <InPorts = 2> <OutPorts = 1>
ST_1 : Operation 1362 [1/1] (0.00ns)   --->   "%sext_ln58_814 = sext i21 %add_ln58_1585" [firmware/nnet_utils/nnet_dense_latency.h:58]   --->   Operation 1362 'sext' 'sext_ln58_814' <Predicate = true> <Delay = 0.00>
ST_1 : Operation 1363 [1/1] (0.00ns) (grouped into TernaryAdder)   --->   "%add_ln58_1586 = add i21 %mul_ln17_15, i21 %sext_ln73_78" [firmware/nnet_utils/nnet_dense_latency.h:58]   --->   Operation 1363 'add' 'add_ln58_1586' <Predicate = true> <Delay = 0.00> <CoreInst = "TAddSub">   --->   Core 10 'TAddSub' <Latency = 0> <II = 1> <Delay = 0.34> <IPBlock> <Opcode : '' 'add' 'sub'> <InPorts = 3> <OutPorts = 1> <Sync> <CReg>
ST_1 : Operation 1364 [1/1] (0.78ns)   --->   "%add_ln58_1587 = add i17 %sext_ln73_106, i17 2048" [firmware/nnet_utils/nnet_dense_latency.h:58]   --->   Operation 1364 'add' 'add_ln58_1587' <Predicate = true> <Delay = 0.78> <CoreInst = "Adder">   --->   Core 1 'Adder' <Latency = 0> <II = 1> <Delay = 0.78> <FuncUnit> <Opcode : 'add' 'sub'> <InPorts = 2> <OutPorts = 1>
ST_1 : Operation 1365 [1/1] (0.00ns)   --->   "%sext_ln58_815 = sext i17 %add_ln58_1587" [firmware/nnet_utils/nnet_dense_latency.h:58]   --->   Operation 1365 'sext' 'sext_ln58_815' <Predicate = true> <Delay = 0.00>
ST_1 : Operation 1366 [1/1] (0.69ns) (root node of TernaryAdder)   --->   "%add_ln58_1588 = add i21 %sext_ln58_815, i21 %add_ln58_1586" [firmware/nnet_utils/nnet_dense_latency.h:58]   --->   Operation 1366 'add' 'add_ln58_1588' <Predicate = true> <Delay = 0.69> <CoreInst = "TAddSub">   --->   Core 10 'TAddSub' <Latency = 0> <II = 1> <Delay = 0.34> <IPBlock> <Opcode : '' 'add' 'sub'> <InPorts = 3> <OutPorts = 1> <Sync> <CReg>
ST_1 : Operation 1367 [1/1] (0.00ns)   --->   "%sext_ln58_816 = sext i21 %add_ln58_1588" [firmware/nnet_utils/nnet_dense_latency.h:58]   --->   Operation 1367 'sext' 'sext_ln58_816' <Predicate = true> <Delay = 0.00>
ST_1 : Operation 1368 [1/1] (0.81ns)   --->   "%add_ln58_1589 = add i22 %sext_ln58_816, i22 %sext_ln58_814" [firmware/nnet_utils/nnet_dense_latency.h:58]   --->   Operation 1368 'add' 'add_ln58_1589' <Predicate = true> <Delay = 0.81> <CoreInst = "Adder">   --->   Core 1 'Adder' <Latency = 0> <II = 1> <Delay = 0.81> <FuncUnit> <Opcode : 'add' 'sub'> <InPorts = 2> <OutPorts = 1>
ST_1 : Operation 1369 [1/1] (0.80ns)   --->   "%add_ln58_1591 = add i20 %sext_ln17_329, i20 %mul_ln17_4" [firmware/nnet_utils/nnet_dense_latency.h:58]   --->   Operation 1369 'add' 'add_ln58_1591' <Predicate = true> <Delay = 0.80> <CoreInst = "Adder">   --->   Core 1 'Adder' <Latency = 0> <II = 1> <Delay = 0.80> <FuncUnit> <Opcode : 'add' 'sub'> <InPorts = 2> <OutPorts = 1>
ST_1 : Operation 1370 [1/1] (0.00ns)   --->   "%sext_ln58_819 = sext i20 %add_ln58_1591" [firmware/nnet_utils/nnet_dense_latency.h:58]   --->   Operation 1370 'sext' 'sext_ln58_819' <Predicate = true> <Delay = 0.00>
ST_1 : Operation 1371 [1/1] (0.00ns) (grouped into TernaryAdder)   --->   "%add_ln58_1592 = add i20 %sext_ln17_413, i20 %mult_636" [firmware/nnet_utils/nnet_dense_latency.h:58]   --->   Operation 1371 'add' 'add_ln58_1592' <Predicate = true> <Delay = 0.00> <CoreInst = "TAddSub">   --->   Core 10 'TAddSub' <Latency = 0> <II = 1> <Delay = 0.34> <IPBlock> <Opcode : '' 'add' 'sub'> <InPorts = 3> <OutPorts = 1> <Sync> <CReg>
ST_1 : Operation 1372 [1/1] (0.68ns) (root node of TernaryAdder)   --->   "%add_ln58_1593 = add i20 %add_ln58_1592, i20 %mult_574" [firmware/nnet_utils/nnet_dense_latency.h:58]   --->   Operation 1372 'add' 'add_ln58_1593' <Predicate = true> <Delay = 0.68> <CoreInst = "TAddSub">   --->   Core 10 'TAddSub' <Latency = 0> <II = 1> <Delay = 0.34> <IPBlock> <Opcode : '' 'add' 'sub'> <InPorts = 3> <OutPorts = 1> <Sync> <CReg>
ST_1 : Operation 1373 [1/1] (0.00ns)   --->   "%sext_ln58_820 = sext i20 %add_ln58_1593" [firmware/nnet_utils/nnet_dense_latency.h:58]   --->   Operation 1373 'sext' 'sext_ln58_820' <Predicate = true> <Delay = 0.00>
ST_1 : Operation 1374 [1/1] (0.80ns)   --->   "%add_ln58_1594 = add i21 %sext_ln58_820, i21 %sext_ln58_819" [firmware/nnet_utils/nnet_dense_latency.h:58]   --->   Operation 1374 'add' 'add_ln58_1594' <Predicate = true> <Delay = 0.80> <CoreInst = "Adder">   --->   Core 1 'Adder' <Latency = 0> <II = 1> <Delay = 0.80> <FuncUnit> <Opcode : 'add' 'sub'> <InPorts = 2> <OutPorts = 1>
ST_1 : Operation 1375 [1/1] (0.68ns) (root node of TernaryAdder)   --->   "%add_ln58_1595 = add i19 %sext_ln17_459, i19 %sub_ln17_23" [firmware/nnet_utils/nnet_dense_latency.h:58]   --->   Operation 1375 'add' 'add_ln58_1595' <Predicate = true> <Delay = 0.68> <CoreInst = "TAddSub">   --->   Core 10 'TAddSub' <Latency = 0> <II = 1> <Delay = 0.34> <IPBlock> <Opcode : '' 'add' 'sub'> <InPorts = 3> <OutPorts = 1> <Sync> <CReg>
ST_1 : Operation 1376 [1/1] (0.00ns)   --->   "%sext_ln58_822 = sext i19 %add_ln58_1595" [firmware/nnet_utils/nnet_dense_latency.h:58]   --->   Operation 1376 'sext' 'sext_ln58_822' <Predicate = true> <Delay = 0.00>
ST_1 : Operation 1377 [1/1] (0.78ns)   --->   "%add_ln58_1596 = add i17 %sext_ln73_161, i17 123392" [firmware/nnet_utils/nnet_dense_latency.h:58]   --->   Operation 1377 'add' 'add_ln58_1596' <Predicate = true> <Delay = 0.78> <CoreInst = "Adder">   --->   Core 1 'Adder' <Latency = 0> <II = 1> <Delay = 0.78> <FuncUnit> <Opcode : 'add' 'sub'> <InPorts = 2> <OutPorts = 1>
ST_1 : Operation 1378 [1/1] (0.00ns)   --->   "%sext_ln58_823 = sext i17 %add_ln58_1596" [firmware/nnet_utils/nnet_dense_latency.h:58]   --->   Operation 1378 'sext' 'sext_ln58_823' <Predicate = true> <Delay = 0.00>
ST_1 : Operation 1379 [1/1] (0.79ns)   --->   "%sub_ln58_47 = sub i18 %sext_ln58_823, i18 %sext_ln73_189" [firmware/nnet_utils/nnet_dense_latency.h:58]   --->   Operation 1379 'sub' 'sub_ln58_47' <Predicate = true> <Delay = 0.79> <CoreInst = "Adder">   --->   Core 1 'Adder' <Latency = 0> <II = 1> <Delay = 0.79> <FuncUnit> <Opcode : 'add' 'sub'> <InPorts = 2> <OutPorts = 1>
ST_1 : Operation 1380 [1/1] (0.00ns)   --->   "%sext_ln58_824 = sext i18 %sub_ln58_47" [firmware/nnet_utils/nnet_dense_latency.h:58]   --->   Operation 1380 'sext' 'sext_ln58_824' <Predicate = true> <Delay = 0.00>
ST_1 : Operation 1381 [1/1] (0.80ns)   --->   "%add_ln58_1597 = add i20 %sext_ln58_824, i20 %sext_ln58_822" [firmware/nnet_utils/nnet_dense_latency.h:58]   --->   Operation 1381 'add' 'add_ln58_1597' <Predicate = true> <Delay = 0.80> <CoreInst = "Adder">   --->   Core 1 'Adder' <Latency = 0> <II = 1> <Delay = 0.80> <FuncUnit> <Opcode : 'add' 'sub'> <InPorts = 2> <OutPorts = 1>
ST_1 : Operation 1382 [1/1] (0.69ns) (root node of TernaryAdder)   --->   "%add_ln58_1599 = add i21 %sub_ln17, i21 %sext_ln17_374" [firmware/nnet_utils/nnet_dense_latency.h:58]   --->   Operation 1382 'add' 'add_ln58_1599' <Predicate = true> <Delay = 0.69> <CoreInst = "TAddSub">   --->   Core 10 'TAddSub' <Latency = 0> <II = 1> <Delay = 0.34> <IPBlock> <Opcode : '' 'add' 'sub'> <InPorts = 3> <OutPorts = 1> <Sync> <CReg>
ST_1 : Operation 1383 [1/1] (0.00ns)   --->   "%sext_ln58_827 = sext i21 %add_ln58_1599" [firmware/nnet_utils/nnet_dense_latency.h:58]   --->   Operation 1383 'sext' 'sext_ln58_827' <Predicate = true> <Delay = 0.00>
ST_1 : Operation 1384 [1/1] (0.00ns) (grouped into TernaryAdder)   --->   "%add_ln58_1600 = add i22 %sext_ln58_827, i22 %sext_ln17_341" [firmware/nnet_utils/nnet_dense_latency.h:58]   --->   Operation 1384 'add' 'add_ln58_1600' <Predicate = true> <Delay = 0.00> <CoreInst = "TAddSub">   --->   Core 10 'TAddSub' <Latency = 0> <II = 1> <Delay = 0.34> <IPBlock> <Opcode : '' 'add' 'sub'> <InPorts = 3> <OutPorts = 1> <Sync> <CReg>
ST_1 : Operation 1385 [1/1] (0.79ns)   --->   "%sub_ln58_48 = sub i18 %sext_ln17_426, i18 %sext_ln73_159" [firmware/nnet_utils/nnet_dense_latency.h:58]   --->   Operation 1385 'sub' 'sub_ln58_48' <Predicate = true> <Delay = 0.79> <CoreInst = "Adder">   --->   Core 1 'Adder' <Latency = 0> <II = 1> <Delay = 0.79> <FuncUnit> <Opcode : 'add' 'sub'> <InPorts = 2> <OutPorts = 1>
ST_1 : Operation 1386 [1/1] (0.00ns)   --->   "%sext_ln58_828 = sext i18 %sub_ln58_48" [firmware/nnet_utils/nnet_dense_latency.h:58]   --->   Operation 1386 'sext' 'sext_ln58_828' <Predicate = true> <Delay = 0.00>
ST_1 : Operation 1387 [1/1] (0.79ns)   --->   "%sub_ln58_11 = sub i19 %sext_ln58_828, i19 %sext_ln73_65" [firmware/nnet_utils/nnet_dense_latency.h:58]   --->   Operation 1387 'sub' 'sub_ln58_11' <Predicate = true> <Delay = 0.79> <CoreInst = "Adder">   --->   Core 1 'Adder' <Latency = 0> <II = 1> <Delay = 0.79> <FuncUnit> <Opcode : 'add' 'sub'> <InPorts = 2> <OutPorts = 1>
ST_1 : Operation 1388 [1/1] (0.00ns)   --->   "%sext_ln58_829 = sext i19 %sub_ln58_11" [firmware/nnet_utils/nnet_dense_latency.h:58]   --->   Operation 1388 'sext' 'sext_ln58_829' <Predicate = true> <Delay = 0.00>
ST_1 : Operation 1389 [1/1] (0.69ns) (root node of TernaryAdder)   --->   "%add_ln58_1601 = add i22 %sext_ln58_829, i22 %add_ln58_1600" [firmware/nnet_utils/nnet_dense_latency.h:58]   --->   Operation 1389 'add' 'add_ln58_1601' <Predicate = true> <Delay = 0.69> <CoreInst = "TAddSub">   --->   Core 10 'TAddSub' <Latency = 0> <II = 1> <Delay = 0.34> <IPBlock> <Opcode : '' 'add' 'sub'> <InPorts = 3> <OutPorts = 1> <Sync> <CReg>
ST_1 : Operation 1390 [1/1] (0.80ns)   --->   "%add_ln58_1602 = add i19 %trunc_ln17_19, i19 %sext_ln17_481" [firmware/nnet_utils/nnet_dense_latency.h:58]   --->   Operation 1390 'add' 'add_ln58_1602' <Predicate = true> <Delay = 0.80> <CoreInst = "Adder">   --->   Core 1 'Adder' <Latency = 0> <II = 1> <Delay = 0.80> <FuncUnit> <Opcode : 'add' 'sub'> <InPorts = 2> <OutPorts = 1>
ST_1 : Operation 1391 [1/1] (0.00ns)   --->   "%sext_ln58_831 = sext i19 %add_ln58_1602" [firmware/nnet_utils/nnet_dense_latency.h:58]   --->   Operation 1391 'sext' 'sext_ln58_831' <Predicate = true> <Delay = 0.00>
ST_1 : Operation 1392 [1/1] (0.80ns)   --->   "%add_ln58_1603 = add i20 %sext_ln58_831, i20 %mult_662" [firmware/nnet_utils/nnet_dense_latency.h:58]   --->   Operation 1392 'add' 'add_ln58_1603' <Predicate = true> <Delay = 0.80> <CoreInst = "Adder">   --->   Core 1 'Adder' <Latency = 0> <II = 1> <Delay = 0.80> <FuncUnit> <Opcode : 'add' 'sub'> <InPorts = 2> <OutPorts = 1>
ST_1 : Operation 1393 [1/1] (0.00ns)   --->   "%sext_ln58_832 = sext i20 %add_ln58_1603" [firmware/nnet_utils/nnet_dense_latency.h:58]   --->   Operation 1393 'sext' 'sext_ln58_832' <Predicate = true> <Delay = 0.00>
ST_1 : Operation 1394 [1/1] (0.80ns)   --->   "%add_ln58_1604 = add i19 %mult_714, i19 %sext_ln17_499" [firmware/nnet_utils/nnet_dense_latency.h:58]   --->   Operation 1394 'add' 'add_ln58_1604' <Predicate = true> <Delay = 0.80> <CoreInst = "Adder">   --->   Core 1 'Adder' <Latency = 0> <II = 1> <Delay = 0.80> <FuncUnit> <Opcode : 'add' 'sub'> <InPorts = 2> <OutPorts = 1>
ST_1 : Operation 1395 [1/1] (0.00ns)   --->   "%sext_ln58_833 = sext i19 %add_ln58_1604" [firmware/nnet_utils/nnet_dense_latency.h:58]   --->   Operation 1395 'sext' 'sext_ln58_833' <Predicate = true> <Delay = 0.00>
ST_1 : Operation 1396 [1/1] (0.78ns)   --->   "%add_ln58_1605 = add i17 %sext_ln73_55, i17 125952" [firmware/nnet_utils/nnet_dense_latency.h:58]   --->   Operation 1396 'add' 'add_ln58_1605' <Predicate = true> <Delay = 0.78> <CoreInst = "Adder">   --->   Core 1 'Adder' <Latency = 0> <II = 1> <Delay = 0.78> <FuncUnit> <Opcode : 'add' 'sub'> <InPorts = 2> <OutPorts = 1>
ST_1 : Operation 1397 [1/1] (0.00ns)   --->   "%sext_ln58_834 = sext i17 %add_ln58_1605" [firmware/nnet_utils/nnet_dense_latency.h:58]   --->   Operation 1397 'sext' 'sext_ln58_834' <Predicate = true> <Delay = 0.00>
ST_1 : Operation 1398 [1/1] (0.80ns)   --->   "%add_ln58_1606 = add i20 %sext_ln58_834, i20 %sext_ln58_833" [firmware/nnet_utils/nnet_dense_latency.h:58]   --->   Operation 1398 'add' 'add_ln58_1606' <Predicate = true> <Delay = 0.80> <CoreInst = "Adder">   --->   Core 1 'Adder' <Latency = 0> <II = 1> <Delay = 0.80> <FuncUnit> <Opcode : 'add' 'sub'> <InPorts = 2> <OutPorts = 1>
ST_1 : Operation 1399 [1/1] (0.00ns)   --->   "%sext_ln58_835 = sext i20 %add_ln58_1606" [firmware/nnet_utils/nnet_dense_latency.h:58]   --->   Operation 1399 'sext' 'sext_ln58_835' <Predicate = true> <Delay = 0.00>
ST_1 : Operation 1400 [1/1] (0.80ns)   --->   "%add_ln58_1607 = add i21 %sext_ln58_835, i21 %sext_ln58_832" [firmware/nnet_utils/nnet_dense_latency.h:58]   --->   Operation 1400 'add' 'add_ln58_1607' <Predicate = true> <Delay = 0.80> <CoreInst = "Adder">   --->   Core 1 'Adder' <Latency = 0> <II = 1> <Delay = 0.80> <FuncUnit> <Opcode : 'add' 'sub'> <InPorts = 2> <OutPorts = 1>
ST_1 : Operation 1401 [1/1] (0.81ns)   --->   "%sub_ln58_49 = sub i22 %sext_ln17_384, i22 %sext_ln73_119" [firmware/nnet_utils/nnet_dense_latency.h:58]   --->   Operation 1401 'sub' 'sub_ln58_49' <Predicate = true> <Delay = 0.81> <CoreInst = "Adder">   --->   Core 1 'Adder' <Latency = 0> <II = 1> <Delay = 0.81> <FuncUnit> <Opcode : 'add' 'sub'> <InPorts = 2> <OutPorts = 1>
ST_1 : Operation 1402 [1/1] (0.00ns) (grouped into TernaryAdder)   --->   "%add_ln58_1609 = add i22 %sub_ln58_49, i22 %sext_ln17_356" [firmware/nnet_utils/nnet_dense_latency.h:58]   --->   Operation 1402 'add' 'add_ln58_1609' <Predicate = true> <Delay = 0.00> <CoreInst = "TAddSub">   --->   Core 10 'TAddSub' <Latency = 0> <II = 1> <Delay = 0.34> <IPBlock> <Opcode : '' 'add' 'sub'> <InPorts = 3> <OutPorts = 1> <Sync> <CReg>
ST_1 : Operation 1403 [1/1] (0.00ns) (grouped into TernaryAdder)   --->   "%sub_ln58_50 = sub i20 %mult_627, i20 %sext_ln73_141" [firmware/nnet_utils/nnet_dense_latency.h:58]   --->   Operation 1403 'sub' 'sub_ln58_50' <Predicate = true> <Delay = 0.00> <CoreInst = "TAddSub">   --->   Core 10 'TAddSub' <Latency = 0> <II = 1> <Delay = 0.34> <IPBlock> <Opcode : '' 'add' 'sub'> <InPorts = 3> <OutPorts = 1> <Sync> <CReg>
ST_1 : Operation 1404 [1/1] (0.68ns) (root node of TernaryAdder)   --->   "%add_ln58_1610 = add i20 %sub_ln58_50, i20 %sext_ln17_399" [firmware/nnet_utils/nnet_dense_latency.h:58]   --->   Operation 1404 'add' 'add_ln58_1610' <Predicate = true> <Delay = 0.68> <CoreInst = "TAddSub">   --->   Core 10 'TAddSub' <Latency = 0> <II = 1> <Delay = 0.34> <IPBlock> <Opcode : '' 'add' 'sub'> <InPorts = 3> <OutPorts = 1> <Sync> <CReg>
ST_1 : Operation 1405 [1/1] (0.00ns)   --->   "%sext_ln58_838 = sext i20 %add_ln58_1610" [firmware/nnet_utils/nnet_dense_latency.h:58]   --->   Operation 1405 'sext' 'sext_ln58_838' <Predicate = true> <Delay = 0.00>
ST_1 : Operation 1406 [1/1] (0.69ns) (root node of TernaryAdder)   --->   "%add_ln58_1611 = add i22 %sext_ln58_838, i22 %add_ln58_1609" [firmware/nnet_utils/nnet_dense_latency.h:58]   --->   Operation 1406 'add' 'add_ln58_1611' <Predicate = true> <Delay = 0.69> <CoreInst = "TAddSub">   --->   Core 10 'TAddSub' <Latency = 0> <II = 1> <Delay = 0.34> <IPBlock> <Opcode : '' 'add' 'sub'> <InPorts = 3> <OutPorts = 1> <Sync> <CReg>
ST_1 : Operation 1407 [1/1] (0.80ns)   --->   "%add_ln58_1612 = add i19 %sext_ln42, i19 %mult_691" [firmware/nnet_utils/nnet_dense_latency.h:58]   --->   Operation 1407 'add' 'add_ln58_1612' <Predicate = true> <Delay = 0.80> <CoreInst = "Adder">   --->   Core 1 'Adder' <Latency = 0> <II = 1> <Delay = 0.80> <FuncUnit> <Opcode : 'add' 'sub'> <InPorts = 2> <OutPorts = 1>
ST_1 : Operation 1408 [1/1] (0.00ns)   --->   "%sext_ln58_840 = sext i19 %add_ln58_1612" [firmware/nnet_utils/nnet_dense_latency.h:58]   --->   Operation 1408 'sext' 'sext_ln58_840' <Predicate = true> <Delay = 0.00>
ST_1 : Operation 1409 [1/1] (0.80ns)   --->   "%add_ln58_1613 = add i20 %sext_ln58_840, i20 %mult_659" [firmware/nnet_utils/nnet_dense_latency.h:58]   --->   Operation 1409 'add' 'add_ln58_1613' <Predicate = true> <Delay = 0.80> <CoreInst = "Adder">   --->   Core 1 'Adder' <Latency = 0> <II = 1> <Delay = 0.80> <FuncUnit> <Opcode : 'add' 'sub'> <InPorts = 2> <OutPorts = 1>
ST_1 : Operation 1410 [1/1] (0.00ns)   --->   "%sext_ln58_841 = sext i20 %add_ln58_1613" [firmware/nnet_utils/nnet_dense_latency.h:58]   --->   Operation 1410 'sext' 'sext_ln58_841' <Predicate = true> <Delay = 0.00>
ST_1 : Operation 1411 [1/1] (0.00ns) (grouped into TernaryAdder)   --->   "%add_ln58_1614 = add i21 %mul_ln17_12, i21 %sext_ln17_503" [firmware/nnet_utils/nnet_dense_latency.h:58]   --->   Operation 1411 'add' 'add_ln58_1614' <Predicate = true> <Delay = 0.00> <CoreInst = "TAddSub">   --->   Core 10 'TAddSub' <Latency = 0> <II = 1> <Delay = 0.34> <IPBlock> <Opcode : '' 'add' 'sub'> <InPorts = 3> <OutPorts = 1> <Sync> <CReg>
ST_1 : Operation 1412 [1/1] (0.78ns)   --->   "%add_ln58_1615 = add i17 %sext_ln73_37, i17 1536" [firmware/nnet_utils/nnet_dense_latency.h:58]   --->   Operation 1412 'add' 'add_ln58_1615' <Predicate = true> <Delay = 0.78> <CoreInst = "Adder">   --->   Core 1 'Adder' <Latency = 0> <II = 1> <Delay = 0.78> <FuncUnit> <Opcode : 'add' 'sub'> <InPorts = 2> <OutPorts = 1>
ST_1 : Operation 1413 [1/1] (0.00ns)   --->   "%sext_ln58_842 = sext i17 %add_ln58_1615" [firmware/nnet_utils/nnet_dense_latency.h:58]   --->   Operation 1413 'sext' 'sext_ln58_842' <Predicate = true> <Delay = 0.00>
ST_1 : Operation 1414 [1/1] (0.69ns) (root node of TernaryAdder)   --->   "%add_ln58_1616 = add i21 %sext_ln58_842, i21 %add_ln58_1614" [firmware/nnet_utils/nnet_dense_latency.h:58]   --->   Operation 1414 'add' 'add_ln58_1616' <Predicate = true> <Delay = 0.69> <CoreInst = "TAddSub">   --->   Core 10 'TAddSub' <Latency = 0> <II = 1> <Delay = 0.34> <IPBlock> <Opcode : '' 'add' 'sub'> <InPorts = 3> <OutPorts = 1> <Sync> <CReg>
ST_1 : Operation 1415 [1/1] (0.00ns)   --->   "%sext_ln58_843 = sext i21 %add_ln58_1616" [firmware/nnet_utils/nnet_dense_latency.h:58]   --->   Operation 1415 'sext' 'sext_ln58_843' <Predicate = true> <Delay = 0.00>
ST_1 : Operation 1416 [1/1] (0.81ns)   --->   "%add_ln58_1617 = add i22 %sext_ln58_843, i22 %sext_ln58_841" [firmware/nnet_utils/nnet_dense_latency.h:58]   --->   Operation 1416 'add' 'add_ln58_1617' <Predicate = true> <Delay = 0.81> <CoreInst = "Adder">   --->   Core 1 'Adder' <Latency = 0> <II = 1> <Delay = 0.81> <FuncUnit> <Opcode : 'add' 'sub'> <InPorts = 2> <OutPorts = 1>
ST_1 : Operation 1417 [1/1] (0.68ns) (root node of TernaryAdder)   --->   "%add_ln58_1619 = add i19 %sub_ln17_3, i19 %sext_ln17_368" [firmware/nnet_utils/nnet_dense_latency.h:58]   --->   Operation 1417 'add' 'add_ln58_1619' <Predicate = true> <Delay = 0.68> <CoreInst = "TAddSub">   --->   Core 10 'TAddSub' <Latency = 0> <II = 1> <Delay = 0.34> <IPBlock> <Opcode : '' 'add' 'sub'> <InPorts = 3> <OutPorts = 1> <Sync> <CReg>
ST_1 : Operation 1418 [1/1] (0.00ns)   --->   "%sext_ln58_846 = sext i19 %add_ln58_1619" [firmware/nnet_utils/nnet_dense_latency.h:58]   --->   Operation 1418 'sext' 'sext_ln58_846' <Predicate = true> <Delay = 0.00>
ST_1 : Operation 1419 [1/1] (0.80ns)   --->   "%add_ln58_1620 = add i20 %sext_ln58_846, i20 %sext_ln17_329" [firmware/nnet_utils/nnet_dense_latency.h:58]   --->   Operation 1419 'add' 'add_ln58_1620' <Predicate = true> <Delay = 0.80> <CoreInst = "Adder">   --->   Core 1 'Adder' <Latency = 0> <II = 1> <Delay = 0.80> <FuncUnit> <Opcode : 'add' 'sub'> <InPorts = 2> <OutPorts = 1>
ST_1 : Operation 1420 [1/1] (0.68ns) (root node of TernaryAdder)   --->   "%add_ln58_1621 = add i20 %trunc_ln17_10, i20 %mult_593" [firmware/nnet_utils/nnet_dense_latency.h:58]   --->   Operation 1420 'add' 'add_ln58_1621' <Predicate = true> <Delay = 0.68> <CoreInst = "TAddSub">   --->   Core 10 'TAddSub' <Latency = 0> <II = 1> <Delay = 0.34> <IPBlock> <Opcode : '' 'add' 'sub'> <InPorts = 3> <OutPorts = 1> <Sync> <CReg>
ST_1 : Operation 1421 [1/1] (0.00ns)   --->   "%sext_ln58_848 = sext i20 %add_ln58_1621" [firmware/nnet_utils/nnet_dense_latency.h:58]   --->   Operation 1421 'sext' 'sext_ln58_848' <Predicate = true> <Delay = 0.00>
ST_1 : Operation 1422 [1/1] (0.80ns)   --->   "%add_ln58_1622 = add i20 %mult_607, i20 %mult_631" [firmware/nnet_utils/nnet_dense_latency.h:58]   --->   Operation 1422 'add' 'add_ln58_1622' <Predicate = true> <Delay = 0.80> <CoreInst = "Adder">   --->   Core 1 'Adder' <Latency = 0> <II = 1> <Delay = 0.80> <FuncUnit> <Opcode : 'add' 'sub'> <InPorts = 2> <OutPorts = 1>
ST_1 : Operation 1423 [1/1] (0.00ns)   --->   "%sext_ln58_849 = sext i20 %add_ln58_1622" [firmware/nnet_utils/nnet_dense_latency.h:58]   --->   Operation 1423 'sext' 'sext_ln58_849' <Predicate = true> <Delay = 0.00>
ST_1 : Operation 1424 [1/1] (0.80ns)   --->   "%add_ln58_1623 = add i21 %sext_ln58_849, i21 %sext_ln58_848" [firmware/nnet_utils/nnet_dense_latency.h:58]   --->   Operation 1424 'add' 'add_ln58_1623' <Predicate = true> <Delay = 0.80> <CoreInst = "Adder">   --->   Core 1 'Adder' <Latency = 0> <II = 1> <Delay = 0.80> <FuncUnit> <Opcode : 'add' 'sub'> <InPorts = 2> <OutPorts = 1>
ST_1 : Operation 1425 [1/1] (0.80ns)   --->   "%add_ln58_1625 = add i19 %sext_ln17_432, i19 %trunc_ln17_18" [firmware/nnet_utils/nnet_dense_latency.h:58]   --->   Operation 1425 'add' 'add_ln58_1625' <Predicate = true> <Delay = 0.80> <CoreInst = "Adder">   --->   Core 1 'Adder' <Latency = 0> <II = 1> <Delay = 0.80> <FuncUnit> <Opcode : 'add' 'sub'> <InPorts = 2> <OutPorts = 1>
ST_1 : Operation 1426 [1/1] (0.00ns)   --->   "%sext_ln58_852 = sext i19 %add_ln58_1625" [firmware/nnet_utils/nnet_dense_latency.h:58]   --->   Operation 1426 'sext' 'sext_ln58_852' <Predicate = true> <Delay = 0.00>
ST_1 : Operation 1427 [1/1] (0.79ns)   --->   "%add_ln58_1626 = add i19 %sext_ln17_448, i19 %sext_ln17_467" [firmware/nnet_utils/nnet_dense_latency.h:58]   --->   Operation 1427 'add' 'add_ln58_1626' <Predicate = true> <Delay = 0.79> <CoreInst = "Adder">   --->   Core 1 'Adder' <Latency = 0> <II = 1> <Delay = 0.79> <FuncUnit> <Opcode : 'add' 'sub'> <InPorts = 2> <OutPorts = 1>
ST_1 : Operation 1428 [1/1] (0.00ns)   --->   "%sext_ln58_853 = sext i19 %add_ln58_1626" [firmware/nnet_utils/nnet_dense_latency.h:58]   --->   Operation 1428 'sext' 'sext_ln58_853' <Predicate = true> <Delay = 0.00>
ST_1 : Operation 1429 [1/1] (0.80ns)   --->   "%add_ln58_1627 = add i20 %sext_ln58_853, i20 %sext_ln58_852" [firmware/nnet_utils/nnet_dense_latency.h:58]   --->   Operation 1429 'add' 'add_ln58_1627' <Predicate = true> <Delay = 0.80> <CoreInst = "Adder">   --->   Core 1 'Adder' <Latency = 0> <II = 1> <Delay = 0.80> <FuncUnit> <Opcode : 'add' 'sub'> <InPorts = 2> <OutPorts = 1>
ST_1 : Operation 1430 [1/1] (0.00ns)   --->   "%sext_ln58_854 = sext i20 %add_ln58_1627" [firmware/nnet_utils/nnet_dense_latency.h:58]   --->   Operation 1430 'sext' 'sext_ln58_854' <Predicate = true> <Delay = 0.00>
ST_1 : Operation 1431 [1/1] (0.81ns)   --->   "%sub_ln58_51 = sub i22 %sext_ln17_473, i22 %sext_ln73_185" [firmware/nnet_utils/nnet_dense_latency.h:58]   --->   Operation 1431 'sub' 'sub_ln58_51' <Predicate = true> <Delay = 0.81> <CoreInst = "Adder">   --->   Core 1 'Adder' <Latency = 0> <II = 1> <Delay = 0.81> <FuncUnit> <Opcode : 'add' 'sub'> <InPorts = 2> <OutPorts = 1>
ST_1 : Operation 1432 [1/1] (0.79ns)   --->   "%sub_ln58_52 = sub i19 6144, i19 %sext_ln17_499" [firmware/nnet_utils/nnet_dense_latency.h:58]   --->   Operation 1432 'sub' 'sub_ln58_52' <Predicate = true> <Delay = 0.79> <CoreInst = "Adder">   --->   Core 1 'Adder' <Latency = 0> <II = 1> <Delay = 0.79> <FuncUnit> <Opcode : 'add' 'sub'> <InPorts = 2> <OutPorts = 1>
ST_1 : Operation 1433 [1/1] (0.00ns)   --->   "%sext_ln58_855 = sext i19 %sub_ln58_52" [firmware/nnet_utils/nnet_dense_latency.h:58]   --->   Operation 1433 'sext' 'sext_ln58_855' <Predicate = true> <Delay = 0.00>
ST_1 : Operation 1434 [1/1] (0.00ns) (grouped into TernaryAdder)   --->   "%add_ln58_1628 = add i22 %sext_ln58_855, i22 %sub_ln58_51" [firmware/nnet_utils/nnet_dense_latency.h:58]   --->   Operation 1434 'add' 'add_ln58_1628' <Predicate = true> <Delay = 0.00> <CoreInst = "TAddSub">   --->   Core 10 'TAddSub' <Latency = 0> <II = 1> <Delay = 0.34> <IPBlock> <Opcode : '' 'add' 'sub'> <InPorts = 3> <OutPorts = 1> <Sync> <CReg>
ST_1 : Operation 1435 [1/1] (0.69ns) (root node of TernaryAdder)   --->   "%add_ln58_1629 = add i22 %add_ln58_1628, i22 %sext_ln58_854" [firmware/nnet_utils/nnet_dense_latency.h:58]   --->   Operation 1435 'add' 'add_ln58_1629' <Predicate = true> <Delay = 0.69> <CoreInst = "TAddSub">   --->   Core 10 'TAddSub' <Latency = 0> <II = 1> <Delay = 0.34> <IPBlock> <Opcode : '' 'add' 'sub'> <InPorts = 3> <OutPorts = 1> <Sync> <CReg>
ST_1 : Operation 1436 [1/1] (0.00ns) (grouped into TernaryAdder)   --->   "%add_ln58_1631 = add i22 %mult_555, i22 %sext_ln17_387" [firmware/nnet_utils/nnet_dense_latency.h:58]   --->   Operation 1436 'add' 'add_ln58_1631' <Predicate = true> <Delay = 0.00> <CoreInst = "TAddSub">   --->   Core 10 'TAddSub' <Latency = 0> <II = 1> <Delay = 0.34> <IPBlock> <Opcode : '' 'add' 'sub'> <InPorts = 3> <OutPorts = 1> <Sync> <CReg>
ST_1 : Operation 1437 [1/1] (0.69ns) (root node of TernaryAdder)   --->   "%add_ln58_1632 = add i22 %add_ln58_1631, i22 %sext_ln58" [firmware/nnet_utils/nnet_dense_latency.h:58]   --->   Operation 1437 'add' 'add_ln58_1632' <Predicate = true> <Delay = 0.69> <CoreInst = "TAddSub">   --->   Core 10 'TAddSub' <Latency = 0> <II = 1> <Delay = 0.34> <IPBlock> <Opcode : '' 'add' 'sub'> <InPorts = 3> <OutPorts = 1> <Sync> <CReg>
ST_1 : Operation 1438 [1/1] (0.00ns)   --->   "%sext_ln58_1033 = sext i17 %add_ln58_1510" [firmware/nnet_utils/nnet_dense_latency.h:58]   --->   Operation 1438 'sext' 'sext_ln58_1033' <Predicate = true> <Delay = 0.00>
ST_1 : Operation 1439 [1/1] (0.00ns)   --->   "%p_shl106 = bitconcatenate i19 @_ssdm_op_BitConcatenate.i19.i17.i2, i17 %add_ln58_1510, i2 0" [firmware/nnet_utils/nnet_dense_latency.h:58]   --->   Operation 1439 'bitconcatenate' 'p_shl106' <Predicate = true> <Delay = 0.00>
ST_1 : Operation 1440 [1/1] (0.80ns)   --->   "%sub_ln58_53 = sub i19 %sext_ln58_1033, i19 %p_shl106" [firmware/nnet_utils/nnet_dense_latency.h:58]   --->   Operation 1440 'sub' 'sub_ln58_53' <Predicate = true> <Delay = 0.80> <CoreInst = "Adder">   --->   Core 1 'Adder' <Latency = 0> <II = 1> <Delay = 0.80> <FuncUnit> <Opcode : 'add' 'sub'> <InPorts = 2> <OutPorts = 1>
ST_1 : Operation 1441 [1/1] (0.00ns)   --->   "%sext_ln58_1034 = sext i19 %sub_ln58_53" [firmware/nnet_utils/nnet_dense_latency.h:58]   --->   Operation 1441 'sext' 'sext_ln58_1034' <Predicate = true> <Delay = 0.00>
ST_1 : Operation 1442 [1/1] (0.80ns)   --->   "%sub_ln58_54 = sub i20 %sext_ln58_1034, i20 %sext_ln73_147" [firmware/nnet_utils/nnet_dense_latency.h:58]   --->   Operation 1442 'sub' 'sub_ln58_54' <Predicate = true> <Delay = 0.80> <CoreInst = "Adder">   --->   Core 1 'Adder' <Latency = 0> <II = 1> <Delay = 0.80> <FuncUnit> <Opcode : 'add' 'sub'> <InPorts = 2> <OutPorts = 1>
ST_1 : Operation 1443 [1/1] (0.79ns)   --->   "%sub_ln58_55 = sub i19 %sext_ln42, i19 %sext_ln73_97" [firmware/nnet_utils/nnet_dense_latency.h:58]   --->   Operation 1443 'sub' 'sub_ln58_55' <Predicate = true> <Delay = 0.79> <CoreInst = "Adder">   --->   Core 1 'Adder' <Latency = 0> <II = 1> <Delay = 0.79> <FuncUnit> <Opcode : 'add' 'sub'> <InPorts = 2> <OutPorts = 1>
ST_1 : Operation 1444 [1/1] (0.00ns)   --->   "%sext_ln58_861 = sext i19 %sub_ln58_55" [firmware/nnet_utils/nnet_dense_latency.h:58]   --->   Operation 1444 'sext' 'sext_ln58_861' <Predicate = true> <Delay = 0.00>
ST_1 : Operation 1445 [1/1] (0.80ns)   --->   "%add_ln58_1634 = add i20 %sext_ln58_861, i20 %mult_659" [firmware/nnet_utils/nnet_dense_latency.h:58]   --->   Operation 1445 'add' 'add_ln58_1634' <Predicate = true> <Delay = 0.80> <CoreInst = "Adder">   --->   Core 1 'Adder' <Latency = 0> <II = 1> <Delay = 0.80> <FuncUnit> <Opcode : 'add' 'sub'> <InPorts = 2> <OutPorts = 1>
ST_1 : Operation 1446 [1/1] (0.00ns)   --->   "%sext_ln58_862 = sext i20 %add_ln58_1634" [firmware/nnet_utils/nnet_dense_latency.h:58]   --->   Operation 1446 'sext' 'sext_ln58_862' <Predicate = true> <Delay = 0.00>
ST_1 : Operation 1447 [1/1] (0.81ns)   --->   "%add_ln58_1635 = add i21 %mul_ln17_16, i21 %sext_ln17_495" [firmware/nnet_utils/nnet_dense_latency.h:58]   --->   Operation 1447 'add' 'add_ln58_1635' <Predicate = true> <Delay = 0.81> <CoreInst = "Adder">   --->   Core 1 'Adder' <Latency = 0> <II = 1> <Delay = 0.81> <FuncUnit> <Opcode : 'add' 'sub'> <InPorts = 2> <OutPorts = 1>
ST_1 : Operation 1448 [1/1] (0.00ns)   --->   "%sext_ln58_863 = sext i21 %add_ln58_1635" [firmware/nnet_utils/nnet_dense_latency.h:58]   --->   Operation 1448 'sext' 'sext_ln58_863' <Predicate = true> <Delay = 0.00>
ST_1 : Operation 1449 [1/1] (0.00ns) (grouped into TernaryAdder)   --->   "%add_ln58_1636 = add i22 %sext_ln58_863, i22 %sext_ln17_485" [firmware/nnet_utils/nnet_dense_latency.h:58]   --->   Operation 1449 'add' 'add_ln58_1636' <Predicate = true> <Delay = 0.00> <CoreInst = "TAddSub">   --->   Core 10 'TAddSub' <Latency = 0> <II = 1> <Delay = 0.34> <IPBlock> <Opcode : '' 'add' 'sub'> <InPorts = 3> <OutPorts = 1> <Sync> <CReg>
ST_1 : Operation 1450 [1/1] (0.69ns) (root node of TernaryAdder)   --->   "%add_ln58_1637 = add i22 %add_ln58_1636, i22 %sext_ln58_862" [firmware/nnet_utils/nnet_dense_latency.h:58]   --->   Operation 1450 'add' 'add_ln58_1637' <Predicate = true> <Delay = 0.69> <CoreInst = "TAddSub">   --->   Core 10 'TAddSub' <Latency = 0> <II = 1> <Delay = 0.34> <IPBlock> <Opcode : '' 'add' 'sub'> <InPorts = 3> <OutPorts = 1> <Sync> <CReg>
ST_1 : Operation 1451 [1/1] (0.80ns)   --->   "%add_ln58_1639 = add i20 %sext_ln17_367, i20 %trunc_ln17_7" [firmware/nnet_utils/nnet_dense_latency.h:58]   --->   Operation 1451 'add' 'add_ln58_1639' <Predicate = true> <Delay = 0.80> <CoreInst = "Adder">   --->   Core 1 'Adder' <Latency = 0> <II = 1> <Delay = 0.80> <FuncUnit> <Opcode : 'add' 'sub'> <InPorts = 2> <OutPorts = 1>
ST_1 : Operation 1452 [1/1] (0.00ns)   --->   "%sext_ln58_866 = sext i20 %add_ln58_1639" [firmware/nnet_utils/nnet_dense_latency.h:58]   --->   Operation 1452 'sext' 'sext_ln58_866' <Predicate = true> <Delay = 0.00>
ST_1 : Operation 1453 [1/1] (0.69ns) (root node of TernaryAdder)   --->   "%add_ln58_1640 = add i21 %sext_ln58_866, i21 %sub_ln17_5" [firmware/nnet_utils/nnet_dense_latency.h:58]   --->   Operation 1453 'add' 'add_ln58_1640' <Predicate = true> <Delay = 0.69> <CoreInst = "TAddSub">   --->   Core 10 'TAddSub' <Latency = 0> <II = 1> <Delay = 0.34> <IPBlock> <Opcode : '' 'add' 'sub'> <InPorts = 3> <OutPorts = 1> <Sync> <CReg>
ST_1 : Operation 1454 [1/1] (0.80ns)   --->   "%add_ln58_1641 = add i20 %sext_ln73_136, i20 %sext_ln73_141" [firmware/nnet_utils/nnet_dense_latency.h:58]   --->   Operation 1454 'add' 'add_ln58_1641' <Predicate = true> <Delay = 0.80> <CoreInst = "Adder">   --->   Core 1 'Adder' <Latency = 0> <II = 1> <Delay = 0.80> <FuncUnit> <Opcode : 'add' 'sub'> <InPorts = 2> <OutPorts = 1>
ST_1 : Operation 1455 [1/1] (0.00ns)   --->   "%sext_ln58_868 = sext i20 %add_ln58_1641" [firmware/nnet_utils/nnet_dense_latency.h:58]   --->   Operation 1455 'sext' 'sext_ln58_868' <Predicate = true> <Delay = 0.00>
ST_1 : Operation 1456 [1/1] (0.80ns)   --->   "%add_ln58_1642 = add i20 %sub_ln17_11, i20 %mult_648" [firmware/nnet_utils/nnet_dense_latency.h:58]   --->   Operation 1456 'add' 'add_ln58_1642' <Predicate = true> <Delay = 0.80> <CoreInst = "Adder">   --->   Core 1 'Adder' <Latency = 0> <II = 1> <Delay = 0.80> <FuncUnit> <Opcode : 'add' 'sub'> <InPorts = 2> <OutPorts = 1>
ST_1 : Operation 1457 [1/1] (0.00ns)   --->   "%sext_ln58_869 = sext i20 %add_ln58_1642" [firmware/nnet_utils/nnet_dense_latency.h:58]   --->   Operation 1457 'sext' 'sext_ln58_869' <Predicate = true> <Delay = 0.00>
ST_1 : Operation 1458 [1/1] (0.80ns)   --->   "%add_ln58_1643 = add i21 %sext_ln58_869, i21 %sext_ln58_868" [firmware/nnet_utils/nnet_dense_latency.h:58]   --->   Operation 1458 'add' 'add_ln58_1643' <Predicate = true> <Delay = 0.80> <CoreInst = "Adder">   --->   Core 1 'Adder' <Latency = 0> <II = 1> <Delay = 0.80> <FuncUnit> <Opcode : 'add' 'sub'> <InPorts = 2> <OutPorts = 1>
ST_1 : Operation 1459 [1/1] (0.00ns) (grouped into TernaryAdder)   --->   "%sub_ln58_12 = sub i19 %sext_ln17_467, i19 %sext_ln73_88" [firmware/nnet_utils/nnet_dense_latency.h:58]   --->   Operation 1459 'sub' 'sub_ln58_12' <Predicate = true> <Delay = 0.00> <CoreInst = "TAddSub">   --->   Core 10 'TAddSub' <Latency = 0> <II = 1> <Delay = 0.34> <IPBlock> <Opcode : '' 'add' 'sub'> <InPorts = 3> <OutPorts = 1> <Sync> <CReg>
ST_1 : Operation 1460 [1/1] (0.68ns) (root node of TernaryAdder)   --->   "%add_ln58_1645 = add i19 %sub_ln58_12, i19 %mult_660" [firmware/nnet_utils/nnet_dense_latency.h:58]   --->   Operation 1460 'add' 'add_ln58_1645' <Predicate = true> <Delay = 0.68> <CoreInst = "TAddSub">   --->   Core 10 'TAddSub' <Latency = 0> <II = 1> <Delay = 0.34> <IPBlock> <Opcode : '' 'add' 'sub'> <InPorts = 3> <OutPorts = 1> <Sync> <CReg>
ST_1 : Operation 1461 [1/1] (0.00ns)   --->   "%sext_ln58_872 = sext i19 %add_ln58_1645" [firmware/nnet_utils/nnet_dense_latency.h:58]   --->   Operation 1461 'sext' 'sext_ln58_872' <Predicate = true> <Delay = 0.00>
ST_1 : Operation 1462 [1/1] (0.81ns)   --->   "%add_ln58_1646 = add i21 %mul_ln17_17, i21 %sext_ln17_511" [firmware/nnet_utils/nnet_dense_latency.h:58]   --->   Operation 1462 'add' 'add_ln58_1646' <Predicate = true> <Delay = 0.81> <CoreInst = "Adder">   --->   Core 1 'Adder' <Latency = 0> <II = 1> <Delay = 0.81> <FuncUnit> <Opcode : 'add' 'sub'> <InPorts = 2> <OutPorts = 1>
ST_1 : Operation 1463 [1/1] (0.00ns)   --->   "%sext_ln58_873 = sext i21 %add_ln58_1646" [firmware/nnet_utils/nnet_dense_latency.h:58]   --->   Operation 1463 'sext' 'sext_ln58_873' <Predicate = true> <Delay = 0.00>
ST_1 : Operation 1464 [1/1] (0.78ns)   --->   "%add_ln58_1647 = add i17 %sext_ln73_37, i17 2560" [firmware/nnet_utils/nnet_dense_latency.h:58]   --->   Operation 1464 'add' 'add_ln58_1647' <Predicate = true> <Delay = 0.78> <CoreInst = "Adder">   --->   Core 1 'Adder' <Latency = 0> <II = 1> <Delay = 0.78> <FuncUnit> <Opcode : 'add' 'sub'> <InPorts = 2> <OutPorts = 1>
ST_1 : Operation 1465 [1/1] (0.00ns)   --->   "%sext_ln58_874 = sext i17 %add_ln58_1647" [firmware/nnet_utils/nnet_dense_latency.h:58]   --->   Operation 1465 'sext' 'sext_ln58_874' <Predicate = true> <Delay = 0.00>
ST_1 : Operation 1466 [1/1] (0.00ns) (grouped into TernaryAdder)   --->   "%add_ln58_1648 = add i22 %sext_ln58_874, i22 %sext_ln58_873" [firmware/nnet_utils/nnet_dense_latency.h:58]   --->   Operation 1466 'add' 'add_ln58_1648' <Predicate = true> <Delay = 0.00> <CoreInst = "TAddSub">   --->   Core 10 'TAddSub' <Latency = 0> <II = 1> <Delay = 0.34> <IPBlock> <Opcode : '' 'add' 'sub'> <InPorts = 3> <OutPorts = 1> <Sync> <CReg>
ST_1 : Operation 1467 [1/1] (0.69ns) (root node of TernaryAdder)   --->   "%add_ln58_1649 = add i22 %add_ln58_1648, i22 %sext_ln58_872" [firmware/nnet_utils/nnet_dense_latency.h:58]   --->   Operation 1467 'add' 'add_ln58_1649' <Predicate = true> <Delay = 0.69> <CoreInst = "TAddSub">   --->   Core 10 'TAddSub' <Latency = 0> <II = 1> <Delay = 0.34> <IPBlock> <Opcode : '' 'add' 'sub'> <InPorts = 3> <OutPorts = 1> <Sync> <CReg>
ST_1 : Operation 1468 [1/1] (0.80ns)   --->   "%add_ln58_1651 = add i19 %trunc_ln17_2, i19 %sext_ln17_360" [firmware/nnet_utils/nnet_dense_latency.h:58]   --->   Operation 1468 'add' 'add_ln58_1651' <Predicate = true> <Delay = 0.80> <CoreInst = "Adder">   --->   Core 1 'Adder' <Latency = 0> <II = 1> <Delay = 0.80> <FuncUnit> <Opcode : 'add' 'sub'> <InPorts = 2> <OutPorts = 1>
ST_1 : Operation 1469 [1/1] (0.00ns)   --->   "%sext_ln58_877 = sext i19 %add_ln58_1651" [firmware/nnet_utils/nnet_dense_latency.h:58]   --->   Operation 1469 'sext' 'sext_ln58_877' <Predicate = true> <Delay = 0.00>
ST_1 : Operation 1470 [1/1] (0.80ns)   --->   "%sub_ln58_56 = sub i20 %sext_ln17_367, i20 %sext_ln73_126" [firmware/nnet_utils/nnet_dense_latency.h:58]   --->   Operation 1470 'sub' 'sub_ln58_56' <Predicate = true> <Delay = 0.80> <CoreInst = "Adder">   --->   Core 1 'Adder' <Latency = 0> <II = 1> <Delay = 0.80> <FuncUnit> <Opcode : 'add' 'sub'> <InPorts = 2> <OutPorts = 1>
ST_1 : Operation 1471 [1/1] (0.00ns)   --->   "%sext_ln58_878 = sext i20 %sub_ln58_56" [firmware/nnet_utils/nnet_dense_latency.h:58]   --->   Operation 1471 'sext' 'sext_ln58_878' <Predicate = true> <Delay = 0.00>
ST_1 : Operation 1472 [1/1] (0.80ns)   --->   "%add_ln58_1652 = add i21 %sext_ln58_878, i21 %sext_ln58_877" [firmware/nnet_utils/nnet_dense_latency.h:58]   --->   Operation 1472 'add' 'add_ln58_1652' <Predicate = true> <Delay = 0.80> <CoreInst = "Adder">   --->   Core 1 'Adder' <Latency = 0> <II = 1> <Delay = 0.80> <FuncUnit> <Opcode : 'add' 'sub'> <InPorts = 2> <OutPorts = 1>
ST_1 : Operation 1473 [1/1] (0.00ns)   --->   "%sext_ln58_879 = sext i21 %add_ln58_1652" [firmware/nnet_utils/nnet_dense_latency.h:58]   --->   Operation 1473 'sext' 'sext_ln58_879' <Predicate = true> <Delay = 0.00>
ST_1 : Operation 1474 [1/1] (0.80ns)   --->   "%add_ln58_1653 = add i20 %sext_ln17_412, i20 %mult_642" [firmware/nnet_utils/nnet_dense_latency.h:58]   --->   Operation 1474 'add' 'add_ln58_1653' <Predicate = true> <Delay = 0.80> <CoreInst = "Adder">   --->   Core 1 'Adder' <Latency = 0> <II = 1> <Delay = 0.80> <FuncUnit> <Opcode : 'add' 'sub'> <InPorts = 2> <OutPorts = 1>
ST_1 : Operation 1475 [1/1] (0.00ns)   --->   "%sext_ln58_880 = sext i20 %add_ln58_1653" [firmware/nnet_utils/nnet_dense_latency.h:58]   --->   Operation 1475 'sext' 'sext_ln58_880' <Predicate = true> <Delay = 0.00>
ST_1 : Operation 1476 [1/1] (0.80ns)   --->   "%add_ln58_1654 = add i20 %sub_ln17_28, i20 1048064" [firmware/nnet_utils/nnet_dense_latency.h:58]   --->   Operation 1476 'add' 'add_ln58_1654' <Predicate = true> <Delay = 0.80> <CoreInst = "Adder">   --->   Core 1 'Adder' <Latency = 0> <II = 1> <Delay = 0.80> <FuncUnit> <Opcode : 'add' 'sub'> <InPorts = 2> <OutPorts = 1>
ST_1 : Operation 1477 [1/1] (0.00ns)   --->   "%sext_ln58_881 = sext i20 %add_ln58_1654" [firmware/nnet_utils/nnet_dense_latency.h:58]   --->   Operation 1477 'sext' 'sext_ln58_881' <Predicate = true> <Delay = 0.00>
ST_1 : Operation 1478 [1/1] (0.00ns) (grouped into TernaryAdder)   --->   "%add_ln58_1655 = add i21 %sext_ln58_881, i21 %sext_ln17_450" [firmware/nnet_utils/nnet_dense_latency.h:58]   --->   Operation 1478 'add' 'add_ln58_1655' <Predicate = true> <Delay = 0.00> <CoreInst = "TAddSub">   --->   Core 10 'TAddSub' <Latency = 0> <II = 1> <Delay = 0.34> <IPBlock> <Opcode : '' 'add' 'sub'> <InPorts = 3> <OutPorts = 1> <Sync> <CReg>
ST_1 : Operation 1479 [1/1] (0.69ns) (root node of TernaryAdder)   --->   "%add_ln58_1656 = add i21 %add_ln58_1655, i21 %sext_ln58_880" [firmware/nnet_utils/nnet_dense_latency.h:58]   --->   Operation 1479 'add' 'add_ln58_1656' <Predicate = true> <Delay = 0.69> <CoreInst = "TAddSub">   --->   Core 10 'TAddSub' <Latency = 0> <II = 1> <Delay = 0.34> <IPBlock> <Opcode : '' 'add' 'sub'> <InPorts = 3> <OutPorts = 1> <Sync> <CReg>
ST_1 : Operation 1480 [1/1] (0.00ns)   --->   "%sext_ln58_882 = sext i21 %add_ln58_1656" [firmware/nnet_utils/nnet_dense_latency.h:58]   --->   Operation 1480 'sext' 'sext_ln58_882' <Predicate = true> <Delay = 0.00>
ST_1 : Operation 1481 [1/1] (0.81ns)   --->   "%add_ln58_1657 = add i22 %sext_ln58_882, i22 %sext_ln58_879" [firmware/nnet_utils/nnet_dense_latency.h:58]   --->   Operation 1481 'add' 'add_ln58_1657' <Predicate = true> <Delay = 0.81> <CoreInst = "Adder">   --->   Core 1 'Adder' <Latency = 0> <II = 1> <Delay = 0.81> <FuncUnit> <Opcode : 'add' 'sub'> <InPorts = 2> <OutPorts = 1>
ST_1 : Operation 1482 [1/1] (0.00ns) (grouped into TernaryAdder)   --->   "%add_ln58_1658 = add i21 %mult_557, i21 %mult_576" [firmware/nnet_utils/nnet_dense_latency.h:58]   --->   Operation 1482 'add' 'add_ln58_1658' <Predicate = true> <Delay = 0.00> <CoreInst = "TAddSub">   --->   Core 10 'TAddSub' <Latency = 0> <II = 1> <Delay = 0.34> <IPBlock> <Opcode : '' 'add' 'sub'> <InPorts = 3> <OutPorts = 1> <Sync> <CReg>
ST_1 : Operation 1483 [1/1] (0.69ns) (root node of TernaryAdder)   --->   "%add_ln58_1659 = add i21 %add_ln58_1658, i21 %sext_ln17_352" [firmware/nnet_utils/nnet_dense_latency.h:58]   --->   Operation 1483 'add' 'add_ln58_1659' <Predicate = true> <Delay = 0.69> <CoreInst = "TAddSub">   --->   Core 10 'TAddSub' <Latency = 0> <II = 1> <Delay = 0.34> <IPBlock> <Opcode : '' 'add' 'sub'> <InPorts = 3> <OutPorts = 1> <Sync> <CReg>
ST_1 : Operation 1484 [1/1] (0.00ns)   --->   "%sext_ln58_884 = sext i21 %add_ln58_1659" [firmware/nnet_utils/nnet_dense_latency.h:58]   --->   Operation 1484 'sext' 'sext_ln58_884' <Predicate = true> <Delay = 0.00>
ST_1 : Operation 1485 [1/1] (0.00ns) (grouped into TernaryAdder)   --->   "%add_ln58_1660 = add i20 %mult_631, i20 %sext_ln17_438" [firmware/nnet_utils/nnet_dense_latency.h:58]   --->   Operation 1485 'add' 'add_ln58_1660' <Predicate = true> <Delay = 0.00> <CoreInst = "TAddSub">   --->   Core 10 'TAddSub' <Latency = 0> <II = 1> <Delay = 0.34> <IPBlock> <Opcode : '' 'add' 'sub'> <InPorts = 3> <OutPorts = 1> <Sync> <CReg>
ST_1 : Operation 1486 [1/1] (0.68ns) (root node of TernaryAdder)   --->   "%add_ln58_1661 = add i20 %add_ln58_1660, i20 %sext_ln73_139" [firmware/nnet_utils/nnet_dense_latency.h:58]   --->   Operation 1486 'add' 'add_ln58_1661' <Predicate = true> <Delay = 0.68> <CoreInst = "TAddSub">   --->   Core 10 'TAddSub' <Latency = 0> <II = 1> <Delay = 0.34> <IPBlock> <Opcode : '' 'add' 'sub'> <InPorts = 3> <OutPorts = 1> <Sync> <CReg>
ST_1 : Operation 1487 [1/1] (0.00ns)   --->   "%sext_ln58_885 = sext i20 %add_ln58_1661" [firmware/nnet_utils/nnet_dense_latency.h:58]   --->   Operation 1487 'sext' 'sext_ln58_885' <Predicate = true> <Delay = 0.00>
ST_1 : Operation 1488 [1/1] (0.00ns) (grouped into TernaryAdder)   --->   "%add_ln58_1662 = add i22 %sext_ln58_885, i22 %sext_ln58_884" [firmware/nnet_utils/nnet_dense_latency.h:58]   --->   Operation 1488 'add' 'add_ln58_1662' <Predicate = true> <Delay = 0.00> <CoreInst = "TAddSub">   --->   Core 10 'TAddSub' <Latency = 0> <II = 1> <Delay = 0.34> <IPBlock> <Opcode : '' 'add' 'sub'> <InPorts = 3> <OutPorts = 1> <Sync> <CReg>
ST_1 : Operation 1489 [1/1] (0.00ns) (grouped into TernaryAdder)   --->   "%add_ln58_1663 = add i18 %sext_ln73_189, i18 %sext_ln73" [firmware/nnet_utils/nnet_dense_latency.h:58]   --->   Operation 1489 'add' 'add_ln58_1663' <Predicate = true> <Delay = 0.00> <CoreInst = "TAddSub">   --->   Core 10 'TAddSub' <Latency = 0> <II = 1> <Delay = 0.34> <IPBlock> <Opcode : '' 'add' 'sub'> <InPorts = 3> <OutPorts = 1> <Sync> <CReg>
ST_1 : Operation 1490 [1/1] (0.68ns) (root node of TernaryAdder)   --->   "%add_ln58_1664 = add i18 %add_ln58_1663, i18 %sext_ln17_458" [firmware/nnet_utils/nnet_dense_latency.h:58]   --->   Operation 1490 'add' 'add_ln58_1664' <Predicate = true> <Delay = 0.68> <CoreInst = "TAddSub">   --->   Core 10 'TAddSub' <Latency = 0> <II = 1> <Delay = 0.34> <IPBlock> <Opcode : '' 'add' 'sub'> <InPorts = 3> <OutPorts = 1> <Sync> <CReg>
ST_1 : Operation 1491 [1/1] (0.00ns)   --->   "%sext_ln58_886 = sext i18 %add_ln58_1664" [firmware/nnet_utils/nnet_dense_latency.h:58]   --->   Operation 1491 'sext' 'sext_ln58_886' <Predicate = true> <Delay = 0.00>
ST_1 : Operation 1492 [1/1] (0.78ns)   --->   "%add_ln58_1665 = add i17 %sext_ln73_101, i17 127488" [firmware/nnet_utils/nnet_dense_latency.h:58]   --->   Operation 1492 'add' 'add_ln58_1665' <Predicate = true> <Delay = 0.78> <CoreInst = "Adder">   --->   Core 1 'Adder' <Latency = 0> <II = 1> <Delay = 0.78> <FuncUnit> <Opcode : 'add' 'sub'> <InPorts = 2> <OutPorts = 1>
ST_1 : Operation 1493 [1/1] (0.00ns)   --->   "%sext_ln58_887 = sext i17 %add_ln58_1665" [firmware/nnet_utils/nnet_dense_latency.h:58]   --->   Operation 1493 'sext' 'sext_ln58_887' <Predicate = true> <Delay = 0.00>
ST_1 : Operation 1494 [1/1] (0.79ns)   --->   "%add_ln58_1666 = add i18 %sext_ln58_887, i18 %sext_ln73_96" [firmware/nnet_utils/nnet_dense_latency.h:58]   --->   Operation 1494 'add' 'add_ln58_1666' <Predicate = true> <Delay = 0.79> <CoreInst = "Adder">   --->   Core 1 'Adder' <Latency = 0> <II = 1> <Delay = 0.79> <FuncUnit> <Opcode : 'add' 'sub'> <InPorts = 2> <OutPorts = 1>
ST_1 : Operation 1495 [1/1] (0.00ns)   --->   "%sext_ln58_888 = sext i18 %add_ln58_1666" [firmware/nnet_utils/nnet_dense_latency.h:58]   --->   Operation 1495 'sext' 'sext_ln58_888' <Predicate = true> <Delay = 0.00>
ST_1 : Operation 1496 [1/1] (0.79ns)   --->   "%add_ln58_1667 = add i19 %sext_ln58_888, i19 %sext_ln58_886" [firmware/nnet_utils/nnet_dense_latency.h:58]   --->   Operation 1496 'add' 'add_ln58_1667' <Predicate = true> <Delay = 0.79> <CoreInst = "Adder">   --->   Core 1 'Adder' <Latency = 0> <II = 1> <Delay = 0.79> <FuncUnit> <Opcode : 'add' 'sub'> <InPorts = 2> <OutPorts = 1>
ST_1 : Operation 1497 [1/1] (0.00ns)   --->   "%sext_ln58_889 = sext i19 %add_ln58_1667" [firmware/nnet_utils/nnet_dense_latency.h:58]   --->   Operation 1497 'sext' 'sext_ln58_889' <Predicate = true> <Delay = 0.00>
ST_1 : Operation 1498 [1/1] (0.69ns) (root node of TernaryAdder)   --->   "%add_ln58_1668 = add i22 %sext_ln58_889, i22 %add_ln58_1662" [firmware/nnet_utils/nnet_dense_latency.h:58]   --->   Operation 1498 'add' 'add_ln58_1668' <Predicate = true> <Delay = 0.69> <CoreInst = "TAddSub">   --->   Core 10 'TAddSub' <Latency = 0> <II = 1> <Delay = 0.34> <IPBlock> <Opcode : '' 'add' 'sub'> <InPorts = 3> <OutPorts = 1> <Sync> <CReg>
ST_1 : Operation 1499 [1/1] (0.69ns) (root node of TernaryAdder)   --->   "%add_ln58_1669 = add i22 %mult_558, i22 %sext_ln17_389" [firmware/nnet_utils/nnet_dense_latency.h:58]   --->   Operation 1499 'add' 'add_ln58_1669' <Predicate = true> <Delay = 0.69> <CoreInst = "TAddSub">   --->   Core 10 'TAddSub' <Latency = 0> <II = 1> <Delay = 0.34> <IPBlock> <Opcode : '' 'add' 'sub'> <InPorts = 3> <OutPorts = 1> <Sync> <CReg>
ST_1 : Operation 1500 [1/1] (0.00ns) (grouped into TernaryAdder)   --->   "%add_ln58_1670 = add i22 %add_ln58_1669, i22 %sext_ln17_350" [firmware/nnet_utils/nnet_dense_latency.h:58]   --->   Operation 1500 'add' 'add_ln58_1670' <Predicate = true> <Delay = 0.00> <CoreInst = "TAddSub">   --->   Core 10 'TAddSub' <Latency = 0> <II = 1> <Delay = 0.34> <IPBlock> <Opcode : '' 'add' 'sub'> <InPorts = 3> <OutPorts = 1> <Sync> <CReg>
ST_1 : Operation 1501 [1/1] (0.80ns)   --->   "%add_ln58_1671 = add i19 %sext_ln17_420, i19 %mult_633" [firmware/nnet_utils/nnet_dense_latency.h:58]   --->   Operation 1501 'add' 'add_ln58_1671' <Predicate = true> <Delay = 0.80> <CoreInst = "Adder">   --->   Core 1 'Adder' <Latency = 0> <II = 1> <Delay = 0.80> <FuncUnit> <Opcode : 'add' 'sub'> <InPorts = 2> <OutPorts = 1>
ST_1 : Operation 1502 [1/1] (0.00ns)   --->   "%sext_ln58_891 = sext i19 %add_ln58_1671" [firmware/nnet_utils/nnet_dense_latency.h:58]   --->   Operation 1502 'sext' 'sext_ln58_891' <Predicate = true> <Delay = 0.00>
ST_1 : Operation 1503 [1/1] (0.79ns)   --->   "%sub_ln58_57 = sub i19 %sext_ln17_434, i19 %sext_ln73_162" [firmware/nnet_utils/nnet_dense_latency.h:58]   --->   Operation 1503 'sub' 'sub_ln58_57' <Predicate = true> <Delay = 0.79> <CoreInst = "Adder">   --->   Core 1 'Adder' <Latency = 0> <II = 1> <Delay = 0.79> <FuncUnit> <Opcode : 'add' 'sub'> <InPorts = 2> <OutPorts = 1>
ST_1 : Operation 1504 [1/1] (0.00ns)   --->   "%sext_ln58_892 = sext i19 %sub_ln58_57" [firmware/nnet_utils/nnet_dense_latency.h:58]   --->   Operation 1504 'sext' 'sext_ln58_892' <Predicate = true> <Delay = 0.00>
ST_1 : Operation 1505 [1/1] (0.80ns)   --->   "%add_ln58_1672 = add i20 %sext_ln58_892, i20 %sext_ln58_891" [firmware/nnet_utils/nnet_dense_latency.h:58]   --->   Operation 1505 'add' 'add_ln58_1672' <Predicate = true> <Delay = 0.80> <CoreInst = "Adder">   --->   Core 1 'Adder' <Latency = 0> <II = 1> <Delay = 0.80> <FuncUnit> <Opcode : 'add' 'sub'> <InPorts = 2> <OutPorts = 1>
ST_1 : Operation 1506 [1/1] (0.00ns)   --->   "%sext_ln58_893 = sext i20 %add_ln58_1672" [firmware/nnet_utils/nnet_dense_latency.h:58]   --->   Operation 1506 'sext' 'sext_ln58_893' <Predicate = true> <Delay = 0.00>
ST_1 : Operation 1507 [1/1] (0.69ns) (root node of TernaryAdder)   --->   "%add_ln58_1673 = add i22 %sext_ln58_893, i22 %add_ln58_1670" [firmware/nnet_utils/nnet_dense_latency.h:58]   --->   Operation 1507 'add' 'add_ln58_1673' <Predicate = true> <Delay = 0.69> <CoreInst = "TAddSub">   --->   Core 10 'TAddSub' <Latency = 0> <II = 1> <Delay = 0.34> <IPBlock> <Opcode : '' 'add' 'sub'> <InPorts = 3> <OutPorts = 1> <Sync> <CReg>
ST_1 : Operation 1508 [1/1] (0.81ns)   --->   "%sub_ln58_58 = sub i22 %sext_ln17_490, i22 %sext_ln73_185" [firmware/nnet_utils/nnet_dense_latency.h:58]   --->   Operation 1508 'sub' 'sub_ln58_58' <Predicate = true> <Delay = 0.81> <CoreInst = "Adder">   --->   Core 1 'Adder' <Latency = 0> <II = 1> <Delay = 0.81> <FuncUnit> <Opcode : 'add' 'sub'> <InPorts = 2> <OutPorts = 1>
ST_1 : Operation 1509 [1/1] (0.00ns) (grouped into TernaryAdder)   --->   "%add_ln58_1674 = add i22 %sub_ln58_58, i22 %sext_ln17_454" [firmware/nnet_utils/nnet_dense_latency.h:58]   --->   Operation 1509 'add' 'add_ln58_1674' <Predicate = true> <Delay = 0.00> <CoreInst = "TAddSub">   --->   Core 10 'TAddSub' <Latency = 0> <II = 1> <Delay = 0.34> <IPBlock> <Opcode : '' 'add' 'sub'> <InPorts = 3> <OutPorts = 1> <Sync> <CReg>
ST_1 : Operation 1510 [1/1] (0.79ns)   --->   "%add_ln58_1675 = add i18 %trunc_ln17_27, i18 %sext_ln73" [firmware/nnet_utils/nnet_dense_latency.h:58]   --->   Operation 1510 'add' 'add_ln58_1675' <Predicate = true> <Delay = 0.79> <CoreInst = "Adder">   --->   Core 1 'Adder' <Latency = 0> <II = 1> <Delay = 0.79> <FuncUnit> <Opcode : 'add' 'sub'> <InPorts = 2> <OutPorts = 1>
ST_1 : Operation 1511 [1/1] (0.00ns)   --->   "%sext_ln58_895 = sext i18 %add_ln58_1675" [firmware/nnet_utils/nnet_dense_latency.h:58]   --->   Operation 1511 'sext' 'sext_ln58_895' <Predicate = true> <Delay = 0.00>
ST_1 : Operation 1512 [1/1] (0.78ns)   --->   "%add_ln58_1676 = add i17 %sext_ln73_64, i17 10752" [firmware/nnet_utils/nnet_dense_latency.h:58]   --->   Operation 1512 'add' 'add_ln58_1676' <Predicate = true> <Delay = 0.78> <CoreInst = "Adder">   --->   Core 1 'Adder' <Latency = 0> <II = 1> <Delay = 0.78> <FuncUnit> <Opcode : 'add' 'sub'> <InPorts = 2> <OutPorts = 1>
ST_1 : Operation 1513 [1/1] (0.00ns)   --->   "%sext_ln58_896 = sext i17 %add_ln58_1676" [firmware/nnet_utils/nnet_dense_latency.h:58]   --->   Operation 1513 'sext' 'sext_ln58_896' <Predicate = true> <Delay = 0.00>
ST_1 : Operation 1514 [1/1] (0.79ns)   --->   "%add_ln58_1677 = add i19 %sext_ln58_896, i19 %sext_ln58_895" [firmware/nnet_utils/nnet_dense_latency.h:58]   --->   Operation 1514 'add' 'add_ln58_1677' <Predicate = true> <Delay = 0.79> <CoreInst = "Adder">   --->   Core 1 'Adder' <Latency = 0> <II = 1> <Delay = 0.79> <FuncUnit> <Opcode : 'add' 'sub'> <InPorts = 2> <OutPorts = 1>
ST_1 : Operation 1515 [1/1] (0.00ns)   --->   "%sext_ln58_897 = sext i19 %add_ln58_1677" [firmware/nnet_utils/nnet_dense_latency.h:58]   --->   Operation 1515 'sext' 'sext_ln58_897' <Predicate = true> <Delay = 0.00>
ST_1 : Operation 1516 [1/1] (0.69ns) (root node of TernaryAdder)   --->   "%add_ln58_1678 = add i22 %sext_ln58_897, i22 %add_ln58_1674" [firmware/nnet_utils/nnet_dense_latency.h:58]   --->   Operation 1516 'add' 'add_ln58_1678' <Predicate = true> <Delay = 0.69> <CoreInst = "TAddSub">   --->   Core 10 'TAddSub' <Latency = 0> <II = 1> <Delay = 0.34> <IPBlock> <Opcode : '' 'add' 'sub'> <InPorts = 3> <OutPorts = 1> <Sync> <CReg>
ST_1 : Operation 1517 [1/1] (0.79ns)   --->   "%sub_ln58_59 = sub i19 %sext_ln17_404, i19 %sext_ln73_162" [firmware/nnet_utils/nnet_dense_latency.h:58]   --->   Operation 1517 'sub' 'sub_ln58_59' <Predicate = true> <Delay = 0.79> <CoreInst = "Adder">   --->   Core 1 'Adder' <Latency = 0> <II = 1> <Delay = 0.79> <FuncUnit> <Opcode : 'add' 'sub'> <InPorts = 2> <OutPorts = 1>
ST_1 : Operation 1518 [1/1] (0.00ns)   --->   "%sext_ln58_900 = sext i19 %sub_ln58_59" [firmware/nnet_utils/nnet_dense_latency.h:58]   --->   Operation 1518 'sext' 'sext_ln58_900' <Predicate = true> <Delay = 0.00>
ST_1 : Operation 1519 [1/1] (0.68ns) (root node of TernaryAdder)   --->   "%add_ln58_1680 = add i20 %sext_ln58_900, i20 %mult_582" [firmware/nnet_utils/nnet_dense_latency.h:58]   --->   Operation 1519 'add' 'add_ln58_1680' <Predicate = true> <Delay = 0.68> <CoreInst = "TAddSub">   --->   Core 10 'TAddSub' <Latency = 0> <II = 1> <Delay = 0.34> <IPBlock> <Opcode : '' 'add' 'sub'> <InPorts = 3> <OutPorts = 1> <Sync> <CReg>
ST_1 : Operation 1520 [1/1] (0.00ns)   --->   "%sext_ln58_901 = sext i20 %add_ln58_1680" [firmware/nnet_utils/nnet_dense_latency.h:58]   --->   Operation 1520 'sext' 'sext_ln58_901' <Predicate = true> <Delay = 0.00>
ST_1 : Operation 1521 [1/1] (0.82ns)   --->   "%add_ln58_1681 = add i22 %mult_710, i22 %sext_ln17_507" [firmware/nnet_utils/nnet_dense_latency.h:58]   --->   Operation 1521 'add' 'add_ln58_1681' <Predicate = true> <Delay = 0.82> <CoreInst = "Adder">   --->   Core 1 'Adder' <Latency = 0> <II = 1> <Delay = 0.82> <FuncUnit> <Opcode : 'add' 'sub'> <InPorts = 2> <OutPorts = 1>
ST_1 : Operation 1522 [1/1] (0.78ns)   --->   "%add_ln58_1682 = add i17 %sext_ln73_99, i17 3584" [firmware/nnet_utils/nnet_dense_latency.h:58]   --->   Operation 1522 'add' 'add_ln58_1682' <Predicate = true> <Delay = 0.78> <CoreInst = "Adder">   --->   Core 1 'Adder' <Latency = 0> <II = 1> <Delay = 0.78> <FuncUnit> <Opcode : 'add' 'sub'> <InPorts = 2> <OutPorts = 1>
ST_1 : Operation 1523 [1/1] (0.00ns)   --->   "%sext_ln58_902 = sext i17 %add_ln58_1682" [firmware/nnet_utils/nnet_dense_latency.h:58]   --->   Operation 1523 'sext' 'sext_ln58_902' <Predicate = true> <Delay = 0.00>
ST_1 : Operation 1524 [1/1] (0.00ns) (grouped into TernaryAdder)   --->   "%add_ln58_1683 = add i22 %sext_ln58_902, i22 %add_ln58_1681" [firmware/nnet_utils/nnet_dense_latency.h:58]   --->   Operation 1524 'add' 'add_ln58_1683' <Predicate = true> <Delay = 0.00> <CoreInst = "TAddSub">   --->   Core 10 'TAddSub' <Latency = 0> <II = 1> <Delay = 0.34> <IPBlock> <Opcode : '' 'add' 'sub'> <InPorts = 3> <OutPorts = 1> <Sync> <CReg>
ST_1 : Operation 1525 [1/1] (0.69ns) (root node of TernaryAdder)   --->   "%add_ln58_1684 = add i22 %add_ln58_1683, i22 %sext_ln58_901" [firmware/nnet_utils/nnet_dense_latency.h:58]   --->   Operation 1525 'add' 'add_ln58_1684' <Predicate = true> <Delay = 0.69> <CoreInst = "TAddSub">   --->   Core 10 'TAddSub' <Latency = 0> <II = 1> <Delay = 0.34> <IPBlock> <Opcode : '' 'add' 'sub'> <InPorts = 3> <OutPorts = 1> <Sync> <CReg>
ST_1 : Operation 1526 [1/1] (0.80ns)   --->   "%add_ln58_1685 = add i20 %sext_ln17_351, i20 %sub_ln17_1" [firmware/nnet_utils/nnet_dense_latency.h:58]   --->   Operation 1526 'add' 'add_ln58_1685' <Predicate = true> <Delay = 0.80> <CoreInst = "Adder">   --->   Core 1 'Adder' <Latency = 0> <II = 1> <Delay = 0.80> <FuncUnit> <Opcode : 'add' 'sub'> <InPorts = 2> <OutPorts = 1>
ST_1 : Operation 1527 [1/1] (0.00ns)   --->   "%sext_ln58_904 = sext i20 %add_ln58_1685" [firmware/nnet_utils/nnet_dense_latency.h:58]   --->   Operation 1527 'sext' 'sext_ln58_904' <Predicate = true> <Delay = 0.00>
ST_1 : Operation 1528 [1/1] (0.81ns)   --->   "%add_ln58_1686 = add i21 %sext_ln58_904, i21 %mult_506" [firmware/nnet_utils/nnet_dense_latency.h:58]   --->   Operation 1528 'add' 'add_ln58_1686' <Predicate = true> <Delay = 0.81> <CoreInst = "Adder">   --->   Core 1 'Adder' <Latency = 0> <II = 1> <Delay = 0.81> <FuncUnit> <Opcode : 'add' 'sub'> <InPorts = 2> <OutPorts = 1>
ST_1 : Operation 1529 [1/1] (0.00ns)   --->   "%sext_ln58_905 = sext i21 %add_ln58_1686" [firmware/nnet_utils/nnet_dense_latency.h:58]   --->   Operation 1529 'sext' 'sext_ln58_905' <Predicate = true> <Delay = 0.00>
ST_1 : Operation 1530 [1/1] (0.00ns) (grouped into TernaryAdder)   --->   "%add_ln58_1687 = add i21 %add_ln17_7, i21 %sext_ln17_388" [firmware/nnet_utils/nnet_dense_latency.h:58]   --->   Operation 1530 'add' 'add_ln58_1687' <Predicate = true> <Delay = 0.00> <CoreInst = "TAddSub">   --->   Core 10 'TAddSub' <Latency = 0> <II = 1> <Delay = 0.34> <IPBlock> <Opcode : '' 'add' 'sub'> <InPorts = 3> <OutPorts = 1> <Sync> <CReg>
ST_1 : Operation 1531 [1/1] (0.80ns)   --->   "%add_ln58_1688 = add i19 %sext_ln17_409, i19 %trunc_ln17_13" [firmware/nnet_utils/nnet_dense_latency.h:58]   --->   Operation 1531 'add' 'add_ln58_1688' <Predicate = true> <Delay = 0.80> <CoreInst = "Adder">   --->   Core 1 'Adder' <Latency = 0> <II = 1> <Delay = 0.80> <FuncUnit> <Opcode : 'add' 'sub'> <InPorts = 2> <OutPorts = 1>
ST_1 : Operation 1532 [1/1] (0.00ns)   --->   "%sext_ln58_906 = sext i19 %add_ln58_1688" [firmware/nnet_utils/nnet_dense_latency.h:58]   --->   Operation 1532 'sext' 'sext_ln58_906' <Predicate = true> <Delay = 0.00>
ST_1 : Operation 1533 [1/1] (0.69ns) (root node of TernaryAdder)   --->   "%add_ln58_1689 = add i21 %sext_ln58_906, i21 %add_ln58_1687" [firmware/nnet_utils/nnet_dense_latency.h:58]   --->   Operation 1533 'add' 'add_ln58_1689' <Predicate = true> <Delay = 0.69> <CoreInst = "TAddSub">   --->   Core 10 'TAddSub' <Latency = 0> <II = 1> <Delay = 0.34> <IPBlock> <Opcode : '' 'add' 'sub'> <InPorts = 3> <OutPorts = 1> <Sync> <CReg>
ST_1 : Operation 1534 [1/1] (0.00ns)   --->   "%sext_ln58_907 = sext i21 %add_ln58_1689" [firmware/nnet_utils/nnet_dense_latency.h:58]   --->   Operation 1534 'sext' 'sext_ln58_907' <Predicate = true> <Delay = 0.00>
ST_1 : Operation 1535 [1/1] (0.81ns)   --->   "%add_ln58_1690 = add i22 %sext_ln58_907, i22 %sext_ln58_905" [firmware/nnet_utils/nnet_dense_latency.h:58]   --->   Operation 1535 'add' 'add_ln58_1690' <Predicate = true> <Delay = 0.81> <CoreInst = "Adder">   --->   Core 1 'Adder' <Latency = 0> <II = 1> <Delay = 0.81> <FuncUnit> <Opcode : 'add' 'sub'> <InPorts = 2> <OutPorts = 1>
ST_1 : Operation 1536 [1/1] (0.00ns) (grouped into TernaryAdder)   --->   "%add_ln58_1691 = add i20 %mult_648, i20 %mult_662" [firmware/nnet_utils/nnet_dense_latency.h:58]   --->   Operation 1536 'add' 'add_ln58_1691' <Predicate = true> <Delay = 0.00> <CoreInst = "TAddSub">   --->   Core 10 'TAddSub' <Latency = 0> <II = 1> <Delay = 0.34> <IPBlock> <Opcode : '' 'add' 'sub'> <InPorts = 3> <OutPorts = 1> <Sync> <CReg>
ST_1 : Operation 1537 [1/1] (0.68ns) (root node of TernaryAdder)   --->   "%add_ln58_1692 = add i19 %mult_689, i19 %sext_ln17_487" [firmware/nnet_utils/nnet_dense_latency.h:58]   --->   Operation 1537 'add' 'add_ln58_1692' <Predicate = true> <Delay = 0.68> <CoreInst = "TAddSub">   --->   Core 10 'TAddSub' <Latency = 0> <II = 1> <Delay = 0.34> <IPBlock> <Opcode : '' 'add' 'sub'> <InPorts = 3> <OutPorts = 1> <Sync> <CReg>
ST_1 : Operation 1538 [1/1] (0.00ns)   --->   "%sext_ln58_909 = sext i19 %add_ln58_1692" [firmware/nnet_utils/nnet_dense_latency.h:58]   --->   Operation 1538 'sext' 'sext_ln58_909' <Predicate = true> <Delay = 0.00>
ST_1 : Operation 1539 [1/1] (0.68ns) (root node of TernaryAdder)   --->   "%add_ln58_1693 = add i20 %sext_ln58_909, i20 %add_ln58_1691" [firmware/nnet_utils/nnet_dense_latency.h:58]   --->   Operation 1539 'add' 'add_ln58_1693' <Predicate = true> <Delay = 0.68> <CoreInst = "TAddSub">   --->   Core 10 'TAddSub' <Latency = 0> <II = 1> <Delay = 0.34> <IPBlock> <Opcode : '' 'add' 'sub'> <InPorts = 3> <OutPorts = 1> <Sync> <CReg>
ST_1 : Operation 1540 [1/1] (0.00ns)   --->   "%sext_ln58_910 = sext i20 %add_ln58_1693" [firmware/nnet_utils/nnet_dense_latency.h:58]   --->   Operation 1540 'sext' 'sext_ln58_910' <Predicate = true> <Delay = 0.00>
ST_1 : Operation 1541 [1/1] (0.00ns) (grouped into TernaryAdder)   --->   "%add_ln58_1694 = add i21 %sub_ln17_21, i21 %mult_734" [firmware/nnet_utils/nnet_dense_latency.h:58]   --->   Operation 1541 'add' 'add_ln58_1694' <Predicate = true> <Delay = 0.00> <CoreInst = "TAddSub">   --->   Core 10 'TAddSub' <Latency = 0> <II = 1> <Delay = 0.34> <IPBlock> <Opcode : '' 'add' 'sub'> <InPorts = 3> <OutPorts = 1> <Sync> <CReg>
ST_1 : Operation 1542 [1/1] (0.00ns)   --->   "%sext_ln58_911 = sext i17 %add_ln58_1360" [firmware/nnet_utils/nnet_dense_latency.h:58]   --->   Operation 1542 'sext' 'sext_ln58_911' <Predicate = true> <Delay = 0.00>
ST_1 : Operation 1543 [1/1] (0.69ns) (root node of TernaryAdder)   --->   "%add_ln58_1695 = add i21 %sext_ln58_911, i21 %add_ln58_1694" [firmware/nnet_utils/nnet_dense_latency.h:58]   --->   Operation 1543 'add' 'add_ln58_1695' <Predicate = true> <Delay = 0.69> <CoreInst = "TAddSub">   --->   Core 10 'TAddSub' <Latency = 0> <II = 1> <Delay = 0.34> <IPBlock> <Opcode : '' 'add' 'sub'> <InPorts = 3> <OutPorts = 1> <Sync> <CReg>
ST_1 : Operation 1544 [1/1] (0.00ns)   --->   "%sext_ln58_912 = sext i21 %add_ln58_1695" [firmware/nnet_utils/nnet_dense_latency.h:58]   --->   Operation 1544 'sext' 'sext_ln58_912' <Predicate = true> <Delay = 0.00>
ST_1 : Operation 1545 [1/1] (0.81ns)   --->   "%add_ln58_1696 = add i22 %sext_ln58_912, i22 %sext_ln58_910" [firmware/nnet_utils/nnet_dense_latency.h:58]   --->   Operation 1545 'add' 'add_ln58_1696' <Predicate = true> <Delay = 0.81> <CoreInst = "Adder">   --->   Core 1 'Adder' <Latency = 0> <II = 1> <Delay = 0.81> <FuncUnit> <Opcode : 'add' 'sub'> <InPorts = 2> <OutPorts = 1>
ST_1 : Operation 1546 [1/1] (0.00ns) (grouped into TernaryAdder)   --->   "%add_ln58_1698 = add i21 %sext_ln17_353, i21 %mult_538" [firmware/nnet_utils/nnet_dense_latency.h:58]   --->   Operation 1546 'add' 'add_ln58_1698' <Predicate = true> <Delay = 0.00> <CoreInst = "TAddSub">   --->   Core 10 'TAddSub' <Latency = 0> <II = 1> <Delay = 0.34> <IPBlock> <Opcode : '' 'add' 'sub'> <InPorts = 3> <OutPorts = 1> <Sync> <CReg>
ST_1 : Operation 1547 [1/1] (0.69ns) (root node of TernaryAdder)   --->   "%add_ln58_1699 = add i21 %add_ln58_1698, i21 %sext_ln17_332" [firmware/nnet_utils/nnet_dense_latency.h:58]   --->   Operation 1547 'add' 'add_ln58_1699' <Predicate = true> <Delay = 0.69> <CoreInst = "TAddSub">   --->   Core 10 'TAddSub' <Latency = 0> <II = 1> <Delay = 0.34> <IPBlock> <Opcode : '' 'add' 'sub'> <InPorts = 3> <OutPorts = 1> <Sync> <CReg>
ST_1 : Operation 1548 [1/1] (0.00ns)   --->   "%sext_ln58_915 = sext i21 %add_ln58_1699" [firmware/nnet_utils/nnet_dense_latency.h:58]   --->   Operation 1548 'sext' 'sext_ln58_915' <Predicate = true> <Delay = 0.00>
ST_1 : Operation 1549 [1/1] (0.80ns)   --->   "%add_ln58_1700 = add i19 %trunc_ln17_9, i19 %sext_ln17_428" [firmware/nnet_utils/nnet_dense_latency.h:58]   --->   Operation 1549 'add' 'add_ln58_1700' <Predicate = true> <Delay = 0.80> <CoreInst = "Adder">   --->   Core 1 'Adder' <Latency = 0> <II = 1> <Delay = 0.80> <FuncUnit> <Opcode : 'add' 'sub'> <InPorts = 2> <OutPorts = 1>
ST_1 : Operation 1550 [1/1] (0.00ns)   --->   "%sext_ln58_1035 = sext i19 %add_ln58_1700" [firmware/nnet_utils/nnet_dense_latency.h:58]   --->   Operation 1550 'sext' 'sext_ln58_1035' <Predicate = true> <Delay = 0.00>
ST_1 : Operation 1551 [1/1] (0.80ns)   --->   "%sub_ln58_60 = sub i20 %sext_ln58_1035, i20 %sext_ln73_117" [firmware/nnet_utils/nnet_dense_latency.h:58]   --->   Operation 1551 'sub' 'sub_ln58_60' <Predicate = true> <Delay = 0.80> <CoreInst = "Adder">   --->   Core 1 'Adder' <Latency = 0> <II = 1> <Delay = 0.80> <FuncUnit> <Opcode : 'add' 'sub'> <InPorts = 2> <OutPorts = 1>
ST_1 : Operation 1552 [1/1] (0.00ns)   --->   "%sext_ln58_917 = sext i20 %sub_ln58_60" [firmware/nnet_utils/nnet_dense_latency.h:58]   --->   Operation 1552 'sext' 'sext_ln58_917' <Predicate = true> <Delay = 0.00>
ST_1 : Operation 1553 [1/1] (0.00ns) (grouped into TernaryAdder)   --->   "%add_ln58_1701 = add i22 %sext_ln58_917, i22 %sext_ln58_915" [firmware/nnet_utils/nnet_dense_latency.h:58]   --->   Operation 1553 'add' 'add_ln58_1701' <Predicate = true> <Delay = 0.00> <CoreInst = "TAddSub">   --->   Core 10 'TAddSub' <Latency = 0> <II = 1> <Delay = 0.34> <IPBlock> <Opcode : '' 'add' 'sub'> <InPorts = 3> <OutPorts = 1> <Sync> <CReg>
ST_1 : Operation 1554 [1/1] (0.00ns) (grouped into TernaryAdder)   --->   "%add_ln58_1702 = add i20 %sext_ln17_441, i20 %add_ln17_14" [firmware/nnet_utils/nnet_dense_latency.h:58]   --->   Operation 1554 'add' 'add_ln58_1702' <Predicate = true> <Delay = 0.00> <CoreInst = "TAddSub">   --->   Core 10 'TAddSub' <Latency = 0> <II = 1> <Delay = 0.34> <IPBlock> <Opcode : '' 'add' 'sub'> <InPorts = 3> <OutPorts = 1> <Sync> <CReg>
ST_1 : Operation 1555 [1/1] (0.68ns) (root node of TernaryAdder)   --->   "%add_ln58_1703 = add i20 %add_ln58_1702, i20 %sext_ln17_431" [firmware/nnet_utils/nnet_dense_latency.h:58]   --->   Operation 1555 'add' 'add_ln58_1703' <Predicate = true> <Delay = 0.68> <CoreInst = "TAddSub">   --->   Core 10 'TAddSub' <Latency = 0> <II = 1> <Delay = 0.34> <IPBlock> <Opcode : '' 'add' 'sub'> <InPorts = 3> <OutPorts = 1> <Sync> <CReg>
ST_1 : Operation 1556 [1/1] (0.00ns)   --->   "%sext_ln58_918 = sext i20 %add_ln58_1703" [firmware/nnet_utils/nnet_dense_latency.h:58]   --->   Operation 1556 'sext' 'sext_ln58_918' <Predicate = true> <Delay = 0.00>
ST_1 : Operation 1557 [1/1] (0.00ns) (grouped into TernaryAdder)   --->   "%add_ln58_1704 = add i19 %sext_ln17_475, i19 %mult_714" [firmware/nnet_utils/nnet_dense_latency.h:58]   --->   Operation 1557 'add' 'add_ln58_1704' <Predicate = true> <Delay = 0.00> <CoreInst = "TAddSub">   --->   Core 10 'TAddSub' <Latency = 0> <II = 1> <Delay = 0.34> <IPBlock> <Opcode : '' 'add' 'sub'> <InPorts = 3> <OutPorts = 1> <Sync> <CReg>
ST_1 : Operation 1558 [1/1] (0.79ns)   --->   "%add_ln58_1705 = add i18 %sext_ln73_189, i18 2560" [firmware/nnet_utils/nnet_dense_latency.h:58]   --->   Operation 1558 'add' 'add_ln58_1705' <Predicate = true> <Delay = 0.79> <CoreInst = "Adder">   --->   Core 1 'Adder' <Latency = 0> <II = 1> <Delay = 0.79> <FuncUnit> <Opcode : 'add' 'sub'> <InPorts = 2> <OutPorts = 1>
ST_1 : Operation 1559 [1/1] (0.00ns)   --->   "%sext_ln58_919 = sext i18 %add_ln58_1705" [firmware/nnet_utils/nnet_dense_latency.h:58]   --->   Operation 1559 'sext' 'sext_ln58_919' <Predicate = true> <Delay = 0.00>
ST_1 : Operation 1560 [1/1] (0.68ns) (root node of TernaryAdder)   --->   "%add_ln58_1706 = add i19 %sext_ln58_919, i19 %add_ln58_1704" [firmware/nnet_utils/nnet_dense_latency.h:58]   --->   Operation 1560 'add' 'add_ln58_1706' <Predicate = true> <Delay = 0.68> <CoreInst = "TAddSub">   --->   Core 10 'TAddSub' <Latency = 0> <II = 1> <Delay = 0.34> <IPBlock> <Opcode : '' 'add' 'sub'> <InPorts = 3> <OutPorts = 1> <Sync> <CReg>
ST_1 : Operation 1561 [1/1] (0.00ns)   --->   "%sext_ln58_920 = sext i19 %add_ln58_1706" [firmware/nnet_utils/nnet_dense_latency.h:58]   --->   Operation 1561 'sext' 'sext_ln58_920' <Predicate = true> <Delay = 0.00>
ST_1 : Operation 1562 [1/1] (0.80ns)   --->   "%add_ln58_1707 = add i21 %sext_ln58_920, i21 %sext_ln58_918" [firmware/nnet_utils/nnet_dense_latency.h:58]   --->   Operation 1562 'add' 'add_ln58_1707' <Predicate = true> <Delay = 0.80> <CoreInst = "Adder">   --->   Core 1 'Adder' <Latency = 0> <II = 1> <Delay = 0.80> <FuncUnit> <Opcode : 'add' 'sub'> <InPorts = 2> <OutPorts = 1>
ST_1 : Operation 1563 [1/1] (0.00ns)   --->   "%sext_ln58_921 = sext i21 %add_ln58_1707" [firmware/nnet_utils/nnet_dense_latency.h:58]   --->   Operation 1563 'sext' 'sext_ln58_921' <Predicate = true> <Delay = 0.00>
ST_1 : Operation 1564 [1/1] (0.69ns) (root node of TernaryAdder)   --->   "%add_ln58_1708 = add i22 %sext_ln58_921, i22 %add_ln58_1701" [firmware/nnet_utils/nnet_dense_latency.h:58]   --->   Operation 1564 'add' 'add_ln58_1708' <Predicate = true> <Delay = 0.69> <CoreInst = "TAddSub">   --->   Core 10 'TAddSub' <Latency = 0> <II = 1> <Delay = 0.34> <IPBlock> <Opcode : '' 'add' 'sub'> <InPorts = 3> <OutPorts = 1> <Sync> <CReg>
ST_1 : Operation 1565 [1/1] (0.80ns)   --->   "%add_ln58_1709 = add i20 %sext_ln17_354, i20 %mult_532" [firmware/nnet_utils/nnet_dense_latency.h:58]   --->   Operation 1565 'add' 'add_ln58_1709' <Predicate = true> <Delay = 0.80> <CoreInst = "Adder">   --->   Core 1 'Adder' <Latency = 0> <II = 1> <Delay = 0.80> <FuncUnit> <Opcode : 'add' 'sub'> <InPorts = 2> <OutPorts = 1>
ST_1 : Operation 1566 [1/1] (0.00ns)   --->   "%sext_ln58_923 = sext i20 %add_ln58_1709" [firmware/nnet_utils/nnet_dense_latency.h:58]   --->   Operation 1566 'sext' 'sext_ln58_923' <Predicate = true> <Delay = 0.00>
ST_1 : Operation 1567 [1/1] (0.68ns) (root node of TernaryAdder)   --->   "%add_ln58_1710 = add i21 %sext_ln58_923, i21 %mult_508" [firmware/nnet_utils/nnet_dense_latency.h:58]   --->   Operation 1567 'add' 'add_ln58_1710' <Predicate = true> <Delay = 0.68> <CoreInst = "TAddSub">   --->   Core 10 'TAddSub' <Latency = 0> <II = 1> <Delay = 0.34> <IPBlock> <Opcode : '' 'add' 'sub'> <InPorts = 3> <OutPorts = 1> <Sync> <CReg>
ST_1 : Operation 1568 [1/1] (0.00ns)   --->   "%sext_ln58_924 = sext i21 %add_ln58_1710" [firmware/nnet_utils/nnet_dense_latency.h:58]   --->   Operation 1568 'sext' 'sext_ln58_924' <Predicate = true> <Delay = 0.00>
ST_1 : Operation 1569 [1/1] (0.69ns) (root node of TernaryAdder)   --->   "%sub_ln58_61 = sub i21 %mult_559, i21 %sext_ln73_127" [firmware/nnet_utils/nnet_dense_latency.h:58]   --->   Operation 1569 'sub' 'sub_ln58_61' <Predicate = true> <Delay = 0.69> <CoreInst = "TAddSub">   --->   Core 10 'TAddSub' <Latency = 0> <II = 1> <Delay = 0.34> <IPBlock> <Opcode : '' 'add' 'sub'> <InPorts = 3> <OutPorts = 1> <Sync> <CReg>
ST_1 : Operation 1570 [1/1] (0.00ns)   --->   "%sext_ln58_925 = sext i21 %sub_ln58_61" [firmware/nnet_utils/nnet_dense_latency.h:58]   --->   Operation 1570 'sext' 'sext_ln58_925' <Predicate = true> <Delay = 0.00>
ST_1 : Operation 1571 [1/1] (0.80ns)   --->   "%add_ln58_1711 = add i20 %sext_ln73_141, i20 %sext_ln17_411" [firmware/nnet_utils/nnet_dense_latency.h:58]   --->   Operation 1571 'add' 'add_ln58_1711' <Predicate = true> <Delay = 0.80> <CoreInst = "Adder">   --->   Core 1 'Adder' <Latency = 0> <II = 1> <Delay = 0.80> <FuncUnit> <Opcode : 'add' 'sub'> <InPorts = 2> <OutPorts = 1>
ST_1 : Operation 1572 [1/1] (0.00ns)   --->   "%sext_ln58_926 = sext i20 %add_ln58_1711" [firmware/nnet_utils/nnet_dense_latency.h:58]   --->   Operation 1572 'sext' 'sext_ln58_926' <Predicate = true> <Delay = 0.00>
ST_1 : Operation 1573 [1/1] (0.00ns) (grouped into TernaryAdder)   --->   "%add_ln58_1712 = add i22 %sext_ln58_926, i22 %sext_ln58_925" [firmware/nnet_utils/nnet_dense_latency.h:58]   --->   Operation 1573 'add' 'add_ln58_1712' <Predicate = true> <Delay = 0.00> <CoreInst = "TAddSub">   --->   Core 10 'TAddSub' <Latency = 0> <II = 1> <Delay = 0.34> <IPBlock> <Opcode : '' 'add' 'sub'> <InPorts = 3> <OutPorts = 1> <Sync> <CReg>
ST_1 : Operation 1574 [1/1] (0.69ns) (root node of TernaryAdder)   --->   "%add_ln58_1713 = add i22 %add_ln58_1712, i22 %sext_ln58_924" [firmware/nnet_utils/nnet_dense_latency.h:58]   --->   Operation 1574 'add' 'add_ln58_1713' <Predicate = true> <Delay = 0.69> <CoreInst = "TAddSub">   --->   Core 10 'TAddSub' <Latency = 0> <II = 1> <Delay = 0.34> <IPBlock> <Opcode : '' 'add' 'sub'> <InPorts = 3> <OutPorts = 1> <Sync> <CReg>
ST_1 : Operation 1575 [1/1] (0.68ns) (root node of TernaryAdder)   --->   "%add_ln58_1714 = add i20 %sext_ln17_430, i20 %add_ln17_13" [firmware/nnet_utils/nnet_dense_latency.h:58]   --->   Operation 1575 'add' 'add_ln58_1714' <Predicate = true> <Delay = 0.68> <CoreInst = "TAddSub">   --->   Core 10 'TAddSub' <Latency = 0> <II = 1> <Delay = 0.34> <IPBlock> <Opcode : '' 'add' 'sub'> <InPorts = 3> <OutPorts = 1> <Sync> <CReg>
ST_1 : Operation 1576 [1/1] (0.00ns)   --->   "%sext_ln58_928 = sext i20 %add_ln58_1714" [firmware/nnet_utils/nnet_dense_latency.h:58]   --->   Operation 1576 'sext' 'sext_ln58_928' <Predicate = true> <Delay = 0.00>
ST_1 : Operation 1577 [1/1] (0.80ns)   --->   "%sub_ln58_62 = sub i20 %mult_674, i20 %sext_ln73_172" [firmware/nnet_utils/nnet_dense_latency.h:58]   --->   Operation 1577 'sub' 'sub_ln58_62' <Predicate = true> <Delay = 0.80> <CoreInst = "Adder">   --->   Core 1 'Adder' <Latency = 0> <II = 1> <Delay = 0.80> <FuncUnit> <Opcode : 'add' 'sub'> <InPorts = 2> <OutPorts = 1>
ST_1 : Operation 1578 [1/1] (0.00ns)   --->   "%sext_ln58_929 = sext i20 %sub_ln58_62" [firmware/nnet_utils/nnet_dense_latency.h:58]   --->   Operation 1578 'sext' 'sext_ln58_929' <Predicate = true> <Delay = 0.00>
ST_1 : Operation 1579 [1/1] (0.80ns)   --->   "%add_ln58_1715 = add i21 %sext_ln58_929, i21 %sext_ln58_928" [firmware/nnet_utils/nnet_dense_latency.h:58]   --->   Operation 1579 'add' 'add_ln58_1715' <Predicate = true> <Delay = 0.80> <CoreInst = "Adder">   --->   Core 1 'Adder' <Latency = 0> <II = 1> <Delay = 0.80> <FuncUnit> <Opcode : 'add' 'sub'> <InPorts = 2> <OutPorts = 1>
ST_1 : Operation 1580 [1/1] (0.80ns)   --->   "%add_ln58_1716 = add i20 %sext_ln17_488, i20 %trunc_ln17_23" [firmware/nnet_utils/nnet_dense_latency.h:58]   --->   Operation 1580 'add' 'add_ln58_1716' <Predicate = true> <Delay = 0.80> <CoreInst = "Adder">   --->   Core 1 'Adder' <Latency = 0> <II = 1> <Delay = 0.80> <FuncUnit> <Opcode : 'add' 'sub'> <InPorts = 2> <OutPorts = 1>
ST_1 : Operation 1581 [1/1] (0.00ns)   --->   "%sext_ln58_931 = sext i20 %add_ln58_1716" [firmware/nnet_utils/nnet_dense_latency.h:58]   --->   Operation 1581 'sext' 'sext_ln58_931' <Predicate = true> <Delay = 0.00>
ST_1 : Operation 1582 [1/1] (0.80ns)   --->   "%add_ln58_1717 = add i20 %sub_ln17_28, i20 1536" [firmware/nnet_utils/nnet_dense_latency.h:58]   --->   Operation 1582 'add' 'add_ln58_1717' <Predicate = true> <Delay = 0.80> <CoreInst = "Adder">   --->   Core 1 'Adder' <Latency = 0> <II = 1> <Delay = 0.80> <FuncUnit> <Opcode : 'add' 'sub'> <InPorts = 2> <OutPorts = 1>
ST_1 : Operation 1583 [1/1] (0.00ns)   --->   "%sext_ln58_932 = sext i20 %add_ln58_1717" [firmware/nnet_utils/nnet_dense_latency.h:58]   --->   Operation 1583 'sext' 'sext_ln58_932' <Predicate = true> <Delay = 0.00>
ST_1 : Operation 1584 [1/1] (0.80ns)   --->   "%add_ln58_1718 = add i21 %sext_ln58_932, i21 %sext_ln58_931" [firmware/nnet_utils/nnet_dense_latency.h:58]   --->   Operation 1584 'add' 'add_ln58_1718' <Predicate = true> <Delay = 0.80> <CoreInst = "Adder">   --->   Core 1 'Adder' <Latency = 0> <II = 1> <Delay = 0.80> <FuncUnit> <Opcode : 'add' 'sub'> <InPorts = 2> <OutPorts = 1>
ST_1 : Operation 1585 [1/1] (0.80ns)   --->   "%add_ln58_1721 = add i20 %trunc_ln17, i20 %sext_ln73_131" [firmware/nnet_utils/nnet_dense_latency.h:58]   --->   Operation 1585 'add' 'add_ln58_1721' <Predicate = true> <Delay = 0.80> <CoreInst = "Adder">   --->   Core 1 'Adder' <Latency = 0> <II = 1> <Delay = 0.80> <FuncUnit> <Opcode : 'add' 'sub'> <InPorts = 2> <OutPorts = 1>
ST_1 : Operation 1586 [1/1] (0.00ns)   --->   "%sext_ln58_936 = sext i20 %add_ln58_1721" [firmware/nnet_utils/nnet_dense_latency.h:58]   --->   Operation 1586 'sext' 'sext_ln58_936' <Predicate = true> <Delay = 0.00>
ST_1 : Operation 1587 [1/1] (0.79ns)   --->   "%sub_ln58_13 = sub i18 %sext_ln73_159, i18 %sext_ln73_66" [firmware/nnet_utils/nnet_dense_latency.h:58]   --->   Operation 1587 'sub' 'sub_ln58_13' <Predicate = true> <Delay = 0.79> <CoreInst = "Adder">   --->   Core 1 'Adder' <Latency = 0> <II = 1> <Delay = 0.79> <FuncUnit> <Opcode : 'add' 'sub'> <InPorts = 2> <OutPorts = 1>
ST_1 : Operation 1588 [1/1] (0.00ns)   --->   "%sext_ln58_938 = sext i18 %sub_ln58_13" [firmware/nnet_utils/nnet_dense_latency.h:58]   --->   Operation 1588 'sext' 'sext_ln58_938' <Predicate = true> <Delay = 0.00>
ST_1 : Operation 1589 [1/1] (0.80ns)   --->   "%add_ln58_1722 = add i19 %sext_ln58_938, i19 %mult_588" [firmware/nnet_utils/nnet_dense_latency.h:58]   --->   Operation 1589 'add' 'add_ln58_1722' <Predicate = true> <Delay = 0.80> <CoreInst = "Adder">   --->   Core 1 'Adder' <Latency = 0> <II = 1> <Delay = 0.80> <FuncUnit> <Opcode : 'add' 'sub'> <InPorts = 2> <OutPorts = 1>
ST_1 : Operation 1590 [1/1] (0.00ns)   --->   "%sext_ln58_939 = sext i19 %add_ln58_1722" [firmware/nnet_utils/nnet_dense_latency.h:58]   --->   Operation 1590 'sext' 'sext_ln58_939' <Predicate = true> <Delay = 0.00>
ST_1 : Operation 1591 [1/1] (0.80ns)   --->   "%add_ln58_1723 = add i21 %sext_ln58_939, i21 %sext_ln58_936" [firmware/nnet_utils/nnet_dense_latency.h:58]   --->   Operation 1591 'add' 'add_ln58_1723' <Predicate = true> <Delay = 0.80> <CoreInst = "Adder">   --->   Core 1 'Adder' <Latency = 0> <II = 1> <Delay = 0.80> <FuncUnit> <Opcode : 'add' 'sub'> <InPorts = 2> <OutPorts = 1>
ST_1 : Operation 1592 [1/1] (0.00ns)   --->   "%sext_ln58_940 = sext i21 %add_ln58_1723" [firmware/nnet_utils/nnet_dense_latency.h:58]   --->   Operation 1592 'sext' 'sext_ln58_940' <Predicate = true> <Delay = 0.00>
ST_1 : Operation 1593 [1/1] (0.80ns)   --->   "%add_ln58_1724 = add i19 %trunc_ln17_20, i19 %sext_ln73_42" [firmware/nnet_utils/nnet_dense_latency.h:58]   --->   Operation 1593 'add' 'add_ln58_1724' <Predicate = true> <Delay = 0.80> <CoreInst = "Adder">   --->   Core 1 'Adder' <Latency = 0> <II = 1> <Delay = 0.80> <FuncUnit> <Opcode : 'add' 'sub'> <InPorts = 2> <OutPorts = 1>
ST_1 : Operation 1594 [1/1] (0.00ns)   --->   "%sext_ln58_941 = sext i19 %add_ln58_1724" [firmware/nnet_utils/nnet_dense_latency.h:58]   --->   Operation 1594 'sext' 'sext_ln58_941' <Predicate = true> <Delay = 0.00>
ST_1 : Operation 1595 [1/1] (0.00ns) (grouped into TernaryAdder)   --->   "%add_ln58_1725 = add i20 %sext_ln58_941, i20 %mult_676" [firmware/nnet_utils/nnet_dense_latency.h:58]   --->   Operation 1595 'add' 'add_ln58_1725' <Predicate = true> <Delay = 0.00> <CoreInst = "TAddSub">   --->   Core 10 'TAddSub' <Latency = 0> <II = 1> <Delay = 0.34> <IPBlock> <Opcode : '' 'add' 'sub'> <InPorts = 3> <OutPorts = 1> <Sync> <CReg>
ST_1 : Operation 1596 [1/1] (0.78ns)   --->   "%add_ln58_1726 = add i17 %sext_ln73_106, i17 130048" [firmware/nnet_utils/nnet_dense_latency.h:58]   --->   Operation 1596 'add' 'add_ln58_1726' <Predicate = true> <Delay = 0.78> <CoreInst = "Adder">   --->   Core 1 'Adder' <Latency = 0> <II = 1> <Delay = 0.78> <FuncUnit> <Opcode : 'add' 'sub'> <InPorts = 2> <OutPorts = 1>
ST_1 : Operation 1597 [1/1] (0.00ns)   --->   "%sext_ln58_942 = sext i17 %add_ln58_1726" [firmware/nnet_utils/nnet_dense_latency.h:58]   --->   Operation 1597 'sext' 'sext_ln58_942' <Predicate = true> <Delay = 0.00>
ST_1 : Operation 1598 [1/1] (0.79ns)   --->   "%add_ln58_1727 = add i18 %sext_ln58_942, i18 %sext_ln73_63" [firmware/nnet_utils/nnet_dense_latency.h:58]   --->   Operation 1598 'add' 'add_ln58_1727' <Predicate = true> <Delay = 0.79> <CoreInst = "Adder">   --->   Core 1 'Adder' <Latency = 0> <II = 1> <Delay = 0.79> <FuncUnit> <Opcode : 'add' 'sub'> <InPorts = 2> <OutPorts = 1>
ST_1 : Operation 1599 [1/1] (0.00ns)   --->   "%sext_ln58_943 = sext i18 %add_ln58_1727" [firmware/nnet_utils/nnet_dense_latency.h:58]   --->   Operation 1599 'sext' 'sext_ln58_943' <Predicate = true> <Delay = 0.00>
ST_1 : Operation 1600 [1/1] (0.68ns) (root node of TernaryAdder)   --->   "%add_ln58_1728 = add i20 %sext_ln58_943, i20 %add_ln58_1725" [firmware/nnet_utils/nnet_dense_latency.h:58]   --->   Operation 1600 'add' 'add_ln58_1728' <Predicate = true> <Delay = 0.68> <CoreInst = "TAddSub">   --->   Core 10 'TAddSub' <Latency = 0> <II = 1> <Delay = 0.34> <IPBlock> <Opcode : '' 'add' 'sub'> <InPorts = 3> <OutPorts = 1> <Sync> <CReg>
ST_1 : Operation 1601 [1/1] (0.00ns)   --->   "%sext_ln58_944 = sext i20 %add_ln58_1728" [firmware/nnet_utils/nnet_dense_latency.h:58]   --->   Operation 1601 'sext' 'sext_ln58_944' <Predicate = true> <Delay = 0.00>
ST_1 : Operation 1602 [1/1] (0.81ns)   --->   "%add_ln58_1729 = add i22 %sext_ln58_944, i22 %sext_ln58_940" [firmware/nnet_utils/nnet_dense_latency.h:58]   --->   Operation 1602 'add' 'add_ln58_1729' <Predicate = true> <Delay = 0.81> <CoreInst = "Adder">   --->   Core 1 'Adder' <Latency = 0> <II = 1> <Delay = 0.81> <FuncUnit> <Opcode : 'add' 'sub'> <InPorts = 2> <OutPorts = 1>
ST_1 : Operation 1603 [1/1] (0.81ns)   --->   "%add_ln58_1730 = add i21 %mul_ln17_2, i21 %mult_547" [firmware/nnet_utils/nnet_dense_latency.h:58]   --->   Operation 1603 'add' 'add_ln58_1730' <Predicate = true> <Delay = 0.81> <CoreInst = "Adder">   --->   Core 1 'Adder' <Latency = 0> <II = 1> <Delay = 0.81> <FuncUnit> <Opcode : 'add' 'sub'> <InPorts = 2> <OutPorts = 1>
ST_1 : Operation 1604 [1/1] (0.00ns)   --->   "%sext_ln58_946 = sext i21 %add_ln58_1730" [firmware/nnet_utils/nnet_dense_latency.h:58]   --->   Operation 1604 'sext' 'sext_ln58_946' <Predicate = true> <Delay = 0.00>
ST_1 : Operation 1605 [1/1] (0.00ns) (grouped into TernaryAdder)   --->   "%add_ln58_1731 = add i22 %sext_ln58_946, i22 %sext_ln17_342" [firmware/nnet_utils/nnet_dense_latency.h:58]   --->   Operation 1605 'add' 'add_ln58_1731' <Predicate = true> <Delay = 0.00> <CoreInst = "TAddSub">   --->   Core 10 'TAddSub' <Latency = 0> <II = 1> <Delay = 0.34> <IPBlock> <Opcode : '' 'add' 'sub'> <InPorts = 3> <OutPorts = 1> <Sync> <CReg>
ST_1 : Operation 1606 [1/1] (0.79ns)   --->   "%sub_ln58_63 = sub i18 %sext_ln17_397, i18 %sext_ln73_134" [firmware/nnet_utils/nnet_dense_latency.h:58]   --->   Operation 1606 'sub' 'sub_ln58_63' <Predicate = true> <Delay = 0.79> <CoreInst = "Adder">   --->   Core 1 'Adder' <Latency = 0> <II = 1> <Delay = 0.79> <FuncUnit> <Opcode : 'add' 'sub'> <InPorts = 2> <OutPorts = 1>
ST_1 : Operation 1607 [1/1] (0.00ns)   --->   "%sext_ln58_947 = sext i18 %sub_ln58_63" [firmware/nnet_utils/nnet_dense_latency.h:58]   --->   Operation 1607 'sext' 'sext_ln58_947' <Predicate = true> <Delay = 0.00>
ST_1 : Operation 1608 [1/1] (0.00ns) (grouped into TernaryAdder)   --->   "%sub_ln58_64 = sub i20 %sext_ln17_401, i20 %sext_ln73_154" [firmware/nnet_utils/nnet_dense_latency.h:58]   --->   Operation 1608 'sub' 'sub_ln58_64' <Predicate = true> <Delay = 0.00> <CoreInst = "TAddSub">   --->   Core 10 'TAddSub' <Latency = 0> <II = 1> <Delay = 0.34> <IPBlock> <Opcode : '' 'add' 'sub'> <InPorts = 3> <OutPorts = 1> <Sync> <CReg>
ST_1 : Operation 1609 [1/1] (0.68ns) (root node of TernaryAdder)   --->   "%add_ln58_1732 = add i20 %sub_ln58_64, i20 %sext_ln58_947" [firmware/nnet_utils/nnet_dense_latency.h:58]   --->   Operation 1609 'add' 'add_ln58_1732' <Predicate = true> <Delay = 0.68> <CoreInst = "TAddSub">   --->   Core 10 'TAddSub' <Latency = 0> <II = 1> <Delay = 0.34> <IPBlock> <Opcode : '' 'add' 'sub'> <InPorts = 3> <OutPorts = 1> <Sync> <CReg>
ST_1 : Operation 1610 [1/1] (0.00ns)   --->   "%sext_ln58_948 = sext i20 %add_ln58_1732" [firmware/nnet_utils/nnet_dense_latency.h:58]   --->   Operation 1610 'sext' 'sext_ln58_948' <Predicate = true> <Delay = 0.00>
ST_1 : Operation 1611 [1/1] (0.69ns) (root node of TernaryAdder)   --->   "%add_ln58_1733 = add i22 %sext_ln58_948, i22 %add_ln58_1731" [firmware/nnet_utils/nnet_dense_latency.h:58]   --->   Operation 1611 'add' 'add_ln58_1733' <Predicate = true> <Delay = 0.69> <CoreInst = "TAddSub">   --->   Core 10 'TAddSub' <Latency = 0> <II = 1> <Delay = 0.34> <IPBlock> <Opcode : '' 'add' 'sub'> <InPorts = 3> <OutPorts = 1> <Sync> <CReg>
ST_1 : Operation 1612 [1/1] (0.79ns)   --->   "%add_ln58_1734 = add i19 %sext_ln42, i19 %sext_ln73_97" [firmware/nnet_utils/nnet_dense_latency.h:58]   --->   Operation 1612 'add' 'add_ln58_1734' <Predicate = true> <Delay = 0.79> <CoreInst = "Adder">   --->   Core 1 'Adder' <Latency = 0> <II = 1> <Delay = 0.79> <FuncUnit> <Opcode : 'add' 'sub'> <InPorts = 2> <OutPorts = 1>
ST_1 : Operation 1613 [1/1] (0.00ns)   --->   "%sext_ln58_950 = sext i19 %add_ln58_1734" [firmware/nnet_utils/nnet_dense_latency.h:58]   --->   Operation 1613 'sext' 'sext_ln58_950' <Predicate = true> <Delay = 0.00>
ST_1 : Operation 1614 [1/1] (0.80ns)   --->   "%add_ln58_1735 = add i20 %sext_ln58_950, i20 %sext_ln73_164" [firmware/nnet_utils/nnet_dense_latency.h:58]   --->   Operation 1614 'add' 'add_ln58_1735' <Predicate = true> <Delay = 0.80> <CoreInst = "Adder">   --->   Core 1 'Adder' <Latency = 0> <II = 1> <Delay = 0.80> <FuncUnit> <Opcode : 'add' 'sub'> <InPorts = 2> <OutPorts = 1>
ST_1 : Operation 1615 [1/1] (0.00ns)   --->   "%sext_ln58_951 = sext i20 %add_ln58_1735" [firmware/nnet_utils/nnet_dense_latency.h:58]   --->   Operation 1615 'sext' 'sext_ln58_951' <Predicate = true> <Delay = 0.00>
ST_1 : Operation 1616 [1/1] (0.00ns) (grouped into TernaryAdder)   --->   "%add_ln58_1736 = add i20 %mult_703, i20 %sext_ln17_494" [firmware/nnet_utils/nnet_dense_latency.h:58]   --->   Operation 1616 'add' 'add_ln58_1736' <Predicate = true> <Delay = 0.00> <CoreInst = "TAddSub">   --->   Core 10 'TAddSub' <Latency = 0> <II = 1> <Delay = 0.34> <IPBlock> <Opcode : '' 'add' 'sub'> <InPorts = 3> <OutPorts = 1> <Sync> <CReg>
ST_1 : Operation 1617 [1/1] (0.78ns)   --->   "%sub_ln58_14 = sub i17 1536, i17 %sext_ln73_106" [firmware/nnet_utils/nnet_dense_latency.h:58]   --->   Operation 1617 'sub' 'sub_ln58_14' <Predicate = true> <Delay = 0.78> <CoreInst = "Adder">   --->   Core 1 'Adder' <Latency = 0> <II = 1> <Delay = 0.78> <FuncUnit> <Opcode : 'add' 'sub'> <InPorts = 2> <OutPorts = 1>
ST_1 : Operation 1618 [1/1] (0.00ns)   --->   "%sext_ln58_952 = sext i17 %sub_ln58_14" [firmware/nnet_utils/nnet_dense_latency.h:58]   --->   Operation 1618 'sext' 'sext_ln58_952' <Predicate = true> <Delay = 0.00>
ST_1 : Operation 1619 [1/1] (0.68ns) (root node of TernaryAdder)   --->   "%add_ln58_1737 = add i20 %sext_ln58_952, i20 %add_ln58_1736" [firmware/nnet_utils/nnet_dense_latency.h:58]   --->   Operation 1619 'add' 'add_ln58_1737' <Predicate = true> <Delay = 0.68> <CoreInst = "TAddSub">   --->   Core 10 'TAddSub' <Latency = 0> <II = 1> <Delay = 0.34> <IPBlock> <Opcode : '' 'add' 'sub'> <InPorts = 3> <OutPorts = 1> <Sync> <CReg>
ST_1 : Operation 1620 [1/1] (0.00ns)   --->   "%sext_ln58_953 = sext i20 %add_ln58_1737" [firmware/nnet_utils/nnet_dense_latency.h:58]   --->   Operation 1620 'sext' 'sext_ln58_953' <Predicate = true> <Delay = 0.00>
ST_1 : Operation 1621 [1/1] (0.80ns)   --->   "%add_ln58_1738 = add i21 %sext_ln58_953, i21 %sext_ln58_951" [firmware/nnet_utils/nnet_dense_latency.h:58]   --->   Operation 1621 'add' 'add_ln58_1738' <Predicate = true> <Delay = 0.80> <CoreInst = "Adder">   --->   Core 1 'Adder' <Latency = 0> <II = 1> <Delay = 0.80> <FuncUnit> <Opcode : 'add' 'sub'> <InPorts = 2> <OutPorts = 1>
ST_1 : Operation 1622 [1/1] (0.80ns)   --->   "%sub_ln58_65 = sub i21 %sext_ln17_362, i21 %sext_ln73_120" [firmware/nnet_utils/nnet_dense_latency.h:58]   --->   Operation 1622 'sub' 'sub_ln58_65' <Predicate = true> <Delay = 0.80> <CoreInst = "Adder">   --->   Core 1 'Adder' <Latency = 0> <II = 1> <Delay = 0.80> <FuncUnit> <Opcode : 'add' 'sub'> <InPorts = 2> <OutPorts = 1>
ST_1 : Operation 1623 [1/1] (0.00ns)   --->   "%sext_ln58_956 = sext i21 %sub_ln58_65" [firmware/nnet_utils/nnet_dense_latency.h:58]   --->   Operation 1623 'sext' 'sext_ln58_956' <Predicate = true> <Delay = 0.00>
ST_1 : Operation 1624 [1/1] (0.00ns) (grouped into TernaryAdder)   --->   "%sub_ln58_66 = sub i20 %sext_ln73_145, i20 %sext_ln17_433" [firmware/nnet_utils/nnet_dense_latency.h:58]   --->   Operation 1624 'sub' 'sub_ln58_66' <Predicate = true> <Delay = 0.00> <CoreInst = "TAddSub">   --->   Core 10 'TAddSub' <Latency = 0> <II = 1> <Delay = 0.34> <IPBlock> <Opcode : '' 'add' 'sub'> <InPorts = 3> <OutPorts = 1> <Sync> <CReg>
ST_1 : Operation 1625 [1/1] (0.68ns) (root node of TernaryAdder)   --->   "%add_ln58_1740 = add i20 %sub_ln58_66, i20 %sext_ln17_386" [firmware/nnet_utils/nnet_dense_latency.h:58]   --->   Operation 1625 'add' 'add_ln58_1740' <Predicate = true> <Delay = 0.68> <CoreInst = "TAddSub">   --->   Core 10 'TAddSub' <Latency = 0> <II = 1> <Delay = 0.34> <IPBlock> <Opcode : '' 'add' 'sub'> <InPorts = 3> <OutPorts = 1> <Sync> <CReg>
ST_1 : Operation 1626 [1/1] (0.00ns)   --->   "%sext_ln58_957 = sext i20 %add_ln58_1740" [firmware/nnet_utils/nnet_dense_latency.h:58]   --->   Operation 1626 'sext' 'sext_ln58_957' <Predicate = true> <Delay = 0.00>
ST_1 : Operation 1627 [1/1] (0.81ns)   --->   "%add_ln58_1741 = add i22 %sext_ln58_957, i22 %sext_ln58_956" [firmware/nnet_utils/nnet_dense_latency.h:58]   --->   Operation 1627 'add' 'add_ln58_1741' <Predicate = true> <Delay = 0.81> <CoreInst = "Adder">   --->   Core 1 'Adder' <Latency = 0> <II = 1> <Delay = 0.81> <FuncUnit> <Opcode : 'add' 'sub'> <InPorts = 2> <OutPorts = 1>
ST_1 : Operation 1628 [1/1] (0.00ns)   --->   "%sext_ln58_958 = sext i22 %add_ln58_1741" [firmware/nnet_utils/nnet_dense_latency.h:58]   --->   Operation 1628 'sext' 'sext_ln58_958' <Predicate = true> <Delay = 0.00>
ST_1 : Operation 1629 [1/1] (0.68ns) (root node of TernaryAdder)   --->   "%add_ln58_1742 = add i20 %mult_661, i20 %sub_ln17_17" [firmware/nnet_utils/nnet_dense_latency.h:58]   --->   Operation 1629 'add' 'add_ln58_1742' <Predicate = true> <Delay = 0.68> <CoreInst = "TAddSub">   --->   Core 10 'TAddSub' <Latency = 0> <II = 1> <Delay = 0.34> <IPBlock> <Opcode : '' 'add' 'sub'> <InPorts = 3> <OutPorts = 1> <Sync> <CReg>
ST_1 : Operation 1630 [1/1] (0.00ns)   --->   "%sext_ln58_959 = sext i20 %add_ln58_1742" [firmware/nnet_utils/nnet_dense_latency.h:58]   --->   Operation 1630 'sext' 'sext_ln58_959' <Predicate = true> <Delay = 0.00>
ST_1 : Operation 1631 [1/1] (0.78ns)   --->   "%add_ln58_1743 = add i17 %sext_ln73_106, i17 4608" [firmware/nnet_utils/nnet_dense_latency.h:58]   --->   Operation 1631 'add' 'add_ln58_1743' <Predicate = true> <Delay = 0.78> <CoreInst = "Adder">   --->   Core 1 'Adder' <Latency = 0> <II = 1> <Delay = 0.78> <FuncUnit> <Opcode : 'add' 'sub'> <InPorts = 2> <OutPorts = 1>
ST_1 : Operation 1632 [1/1] (0.00ns)   --->   "%sext_ln58_960 = sext i17 %add_ln58_1743" [firmware/nnet_utils/nnet_dense_latency.h:58]   --->   Operation 1632 'sext' 'sext_ln58_960' <Predicate = true> <Delay = 0.00>
ST_1 : Operation 1633 [1/1] (0.00ns) (grouped into TernaryAdder)   --->   "%add_ln58_1744 = add i22 %sext_ln58_960, i22 %mult_713" [firmware/nnet_utils/nnet_dense_latency.h:58]   --->   Operation 1633 'add' 'add_ln58_1744' <Predicate = true> <Delay = 0.00> <CoreInst = "TAddSub">   --->   Core 10 'TAddSub' <Latency = 0> <II = 1> <Delay = 0.34> <IPBlock> <Opcode : '' 'add' 'sub'> <InPorts = 3> <OutPorts = 1> <Sync> <CReg>
ST_1 : Operation 1634 [1/1] (0.69ns) (root node of TernaryAdder)   --->   "%add_ln58_1745 = add i22 %add_ln58_1744, i22 %sext_ln58_959" [firmware/nnet_utils/nnet_dense_latency.h:58]   --->   Operation 1634 'add' 'add_ln58_1745' <Predicate = true> <Delay = 0.69> <CoreInst = "TAddSub">   --->   Core 10 'TAddSub' <Latency = 0> <II = 1> <Delay = 0.34> <IPBlock> <Opcode : '' 'add' 'sub'> <InPorts = 3> <OutPorts = 1> <Sync> <CReg>
ST_1 : Operation 1635 [1/1] (0.00ns)   --->   "%sext_ln58_961 = sext i22 %add_ln58_1745" [firmware/nnet_utils/nnet_dense_latency.h:58]   --->   Operation 1635 'sext' 'sext_ln58_961' <Predicate = true> <Delay = 0.00>
ST_1 : Operation 1636 [1/1] (0.82ns)   --->   "%add_ln58_1746 = add i23 %sext_ln58_961, i23 %sext_ln58_958" [firmware/nnet_utils/nnet_dense_latency.h:58]   --->   Operation 1636 'add' 'add_ln58_1746' <Predicate = true> <Delay = 0.82> <CoreInst = "Adder">   --->   Core 1 'Adder' <Latency = 0> <II = 1> <Delay = 0.82> <FuncUnit> <Opcode : 'add' 'sub'> <InPorts = 2> <OutPorts = 1>
ST_1 : Operation 1637 [1/1] (0.00ns) (grouped into TernaryAdder)   --->   "%add_ln58_1747 = add i21 %sext_ln73_120, i21 %sext_ln17_443" [firmware/nnet_utils/nnet_dense_latency.h:58]   --->   Operation 1637 'add' 'add_ln58_1747' <Predicate = true> <Delay = 0.00> <CoreInst = "TAddSub">   --->   Core 10 'TAddSub' <Latency = 0> <II = 1> <Delay = 0.34> <IPBlock> <Opcode : '' 'add' 'sub'> <InPorts = 3> <OutPorts = 1> <Sync> <CReg>
ST_1 : Operation 1638 [1/1] (0.69ns) (root node of TernaryAdder)   --->   "%add_ln58_1748 = add i21 %add_ln58_1747, i21 %sext_ln17_339" [firmware/nnet_utils/nnet_dense_latency.h:58]   --->   Operation 1638 'add' 'add_ln58_1748' <Predicate = true> <Delay = 0.69> <CoreInst = "TAddSub">   --->   Core 10 'TAddSub' <Latency = 0> <II = 1> <Delay = 0.34> <IPBlock> <Opcode : '' 'add' 'sub'> <InPorts = 3> <OutPorts = 1> <Sync> <CReg>
ST_1 : Operation 1639 [1/1] (0.00ns)   --->   "%sext_ln58_963 = sext i21 %add_ln58_1748" [firmware/nnet_utils/nnet_dense_latency.h:58]   --->   Operation 1639 'sext' 'sext_ln58_963' <Predicate = true> <Delay = 0.00>
ST_1 : Operation 1640 [1/1] (0.82ns)   --->   "%add_ln58_1749 = add i22 %sext_ln17_478, i22 %mult_710" [firmware/nnet_utils/nnet_dense_latency.h:58]   --->   Operation 1640 'add' 'add_ln58_1749' <Predicate = true> <Delay = 0.82> <CoreInst = "Adder">   --->   Core 1 'Adder' <Latency = 0> <II = 1> <Delay = 0.82> <FuncUnit> <Opcode : 'add' 'sub'> <InPorts = 2> <OutPorts = 1>
ST_1 : Operation 1641 [1/1] (0.00ns) (grouped into TernaryAdder)   --->   "%add_ln58_1750 = add i22 %add_ln58_1749, i22 %sext_ln17_468" [firmware/nnet_utils/nnet_dense_latency.h:58]   --->   Operation 1641 'add' 'add_ln58_1750' <Predicate = true> <Delay = 0.00> <CoreInst = "TAddSub">   --->   Core 10 'TAddSub' <Latency = 0> <II = 1> <Delay = 0.34> <IPBlock> <Opcode : '' 'add' 'sub'> <InPorts = 3> <OutPorts = 1> <Sync> <CReg>
ST_1 : Operation 1642 [1/1] (0.69ns) (root node of TernaryAdder)   --->   "%add_ln58_1751 = add i22 %add_ln58_1750, i22 %sext_ln58_963" [firmware/nnet_utils/nnet_dense_latency.h:58]   --->   Operation 1642 'add' 'add_ln58_1751' <Predicate = true> <Delay = 0.69> <CoreInst = "TAddSub">   --->   Core 10 'TAddSub' <Latency = 0> <II = 1> <Delay = 0.34> <IPBlock> <Opcode : '' 'add' 'sub'> <InPorts = 3> <OutPorts = 1> <Sync> <CReg>
ST_1 : Operation 1643 [1/1] (0.00ns)   --->   "%sext_ln58_964 = sext i22 %add_ln58_1751" [firmware/nnet_utils/nnet_dense_latency.h:58]   --->   Operation 1643 'sext' 'sext_ln58_964' <Predicate = true> <Delay = 0.00>
ST_1 : Operation 1644 [1/1] (0.78ns)   --->   "%add_ln58_1752 = add i17 %sext_ln73_59, i17 %sext_ln73_142" [firmware/nnet_utils/nnet_dense_latency.h:58]   --->   Operation 1644 'add' 'add_ln58_1752' <Predicate = true> <Delay = 0.78> <CoreInst = "Adder">   --->   Core 1 'Adder' <Latency = 0> <II = 1> <Delay = 0.78> <FuncUnit> <Opcode : 'add' 'sub'> <InPorts = 2> <OutPorts = 1>
ST_1 : Operation 1645 [1/1] (0.00ns)   --->   "%sext_ln58_965 = sext i17 %add_ln58_1752" [firmware/nnet_utils/nnet_dense_latency.h:58]   --->   Operation 1645 'sext' 'sext_ln58_965' <Predicate = true> <Delay = 0.00>
ST_1 : Operation 1646 [1/1] (0.79ns)   --->   "%add_ln58_1753 = add i18 %sext_ln58_965, i18 %sext_ln73_53" [firmware/nnet_utils/nnet_dense_latency.h:58]   --->   Operation 1646 'add' 'add_ln58_1753' <Predicate = true> <Delay = 0.79> <CoreInst = "Adder">   --->   Core 1 'Adder' <Latency = 0> <II = 1> <Delay = 0.79> <FuncUnit> <Opcode : 'add' 'sub'> <InPorts = 2> <OutPorts = 1>
ST_1 : Operation 1647 [1/1] (0.00ns)   --->   "%sext_ln58_966 = sext i18 %add_ln58_1753" [firmware/nnet_utils/nnet_dense_latency.h:58]   --->   Operation 1647 'sext' 'sext_ln58_966' <Predicate = true> <Delay = 0.00>
ST_1 : Operation 1648 [1/1] (0.78ns)   --->   "%add_ln58_1754 = add i17 %sext_ln73_106, i17 130560" [firmware/nnet_utils/nnet_dense_latency.h:58]   --->   Operation 1648 'add' 'add_ln58_1754' <Predicate = true> <Delay = 0.78> <CoreInst = "Adder">   --->   Core 1 'Adder' <Latency = 0> <II = 1> <Delay = 0.78> <FuncUnit> <Opcode : 'add' 'sub'> <InPorts = 2> <OutPorts = 1>
ST_1 : Operation 1649 [1/1] (0.00ns)   --->   "%sext_ln58_967 = sext i17 %add_ln58_1754" [firmware/nnet_utils/nnet_dense_latency.h:58]   --->   Operation 1649 'sext' 'sext_ln58_967' <Predicate = true> <Delay = 0.00>
ST_1 : Operation 1650 [1/1] (0.79ns)   --->   "%add_ln58_1755 = add i18 %sext_ln58_967, i18 %sext_ln73_76" [firmware/nnet_utils/nnet_dense_latency.h:58]   --->   Operation 1650 'add' 'add_ln58_1755' <Predicate = true> <Delay = 0.79> <CoreInst = "Adder">   --->   Core 1 'Adder' <Latency = 0> <II = 1> <Delay = 0.79> <FuncUnit> <Opcode : 'add' 'sub'> <InPorts = 2> <OutPorts = 1>
ST_1 : Operation 1651 [1/1] (0.00ns)   --->   "%sext_ln58_968 = sext i18 %add_ln58_1755" [firmware/nnet_utils/nnet_dense_latency.h:58]   --->   Operation 1651 'sext' 'sext_ln58_968' <Predicate = true> <Delay = 0.00>
ST_1 : Operation 1652 [1/1] (0.79ns)   --->   "%add_ln58_1756 = add i19 %sext_ln58_968, i19 %sext_ln58_966" [firmware/nnet_utils/nnet_dense_latency.h:58]   --->   Operation 1652 'add' 'add_ln58_1756' <Predicate = true> <Delay = 0.79> <CoreInst = "Adder">   --->   Core 1 'Adder' <Latency = 0> <II = 1> <Delay = 0.79> <FuncUnit> <Opcode : 'add' 'sub'> <InPorts = 2> <OutPorts = 1>
ST_1 : Operation 1653 [1/1] (0.00ns)   --->   "%sext_ln58_969 = sext i19 %add_ln58_1756" [firmware/nnet_utils/nnet_dense_latency.h:58]   --->   Operation 1653 'sext' 'sext_ln58_969' <Predicate = true> <Delay = 0.00>
ST_1 : Operation 1654 [1/1] (0.82ns)   --->   "%add_ln58_1757 = add i23 %sext_ln58_969, i23 %sext_ln58_964" [firmware/nnet_utils/nnet_dense_latency.h:58]   --->   Operation 1654 'add' 'add_ln58_1757' <Predicate = true> <Delay = 0.82> <CoreInst = "Adder">   --->   Core 1 'Adder' <Latency = 0> <II = 1> <Delay = 0.82> <FuncUnit> <Opcode : 'add' 'sub'> <InPorts = 2> <OutPorts = 1>
ST_1 : Operation 1655 [1/1] (0.80ns)   --->   "%sub_ln58_67 = sub i20 %sext_ln17_402, i20 %sext_ln73_75" [firmware/nnet_utils/nnet_dense_latency.h:58]   --->   Operation 1655 'sub' 'sub_ln58_67' <Predicate = true> <Delay = 0.80> <CoreInst = "Adder">   --->   Core 1 'Adder' <Latency = 0> <II = 1> <Delay = 0.80> <FuncUnit> <Opcode : 'add' 'sub'> <InPorts = 2> <OutPorts = 1>
ST_1 : Operation 1656 [1/1] (0.00ns)   --->   "%sext_ln58_971 = sext i20 %sub_ln58_67" [firmware/nnet_utils/nnet_dense_latency.h:58]   --->   Operation 1656 'sext' 'sext_ln58_971' <Predicate = true> <Delay = 0.00>
ST_1 : Operation 1657 [1/1] (0.78ns)   --->   "%add_ln58_1758 = add i17 %sext_ln73_142, i17 %sext_ln73_153" [firmware/nnet_utils/nnet_dense_latency.h:58]   --->   Operation 1657 'add' 'add_ln58_1758' <Predicate = true> <Delay = 0.78> <CoreInst = "Adder">   --->   Core 1 'Adder' <Latency = 0> <II = 1> <Delay = 0.78> <FuncUnit> <Opcode : 'add' 'sub'> <InPorts = 2> <OutPorts = 1>
ST_1 : Operation 1658 [1/1] (0.00ns)   --->   "%sext_ln58_1036 = sext i17 %add_ln58_1758" [firmware/nnet_utils/nnet_dense_latency.h:58]   --->   Operation 1658 'sext' 'sext_ln58_1036' <Predicate = true> <Delay = 0.00>
ST_1 : Operation 1659 [1/1] (0.00ns)   --->   "%p_shl = bitconcatenate i20 @_ssdm_op_BitConcatenate.i20.i17.i3, i17 %add_ln58_1758, i3 0" [firmware/nnet_utils/nnet_dense_latency.h:58]   --->   Operation 1659 'bitconcatenate' 'p_shl' <Predicate = true> <Delay = 0.00>
ST_1 : Operation 1660 [1/1] (0.80ns)   --->   "%sub_ln58_68 = sub i20 %sext_ln58_1036, i20 %p_shl" [firmware/nnet_utils/nnet_dense_latency.h:58]   --->   Operation 1660 'sub' 'sub_ln58_68' <Predicate = true> <Delay = 0.80> <CoreInst = "Adder">   --->   Core 1 'Adder' <Latency = 0> <II = 1> <Delay = 0.80> <FuncUnit> <Opcode : 'add' 'sub'> <InPorts = 2> <OutPorts = 1>
ST_1 : Operation 1661 [1/1] (0.00ns)   --->   "%sext_ln58_972 = sext i20 %sub_ln58_68" [firmware/nnet_utils/nnet_dense_latency.h:58]   --->   Operation 1661 'sext' 'sext_ln58_972' <Predicate = true> <Delay = 0.00>
ST_1 : Operation 1662 [1/1] (0.80ns)   --->   "%add_ln58_1759 = add i21 %sext_ln58_972, i21 %sext_ln58_971" [firmware/nnet_utils/nnet_dense_latency.h:58]   --->   Operation 1662 'add' 'add_ln58_1759' <Predicate = true> <Delay = 0.80> <CoreInst = "Adder">   --->   Core 1 'Adder' <Latency = 0> <II = 1> <Delay = 0.80> <FuncUnit> <Opcode : 'add' 'sub'> <InPorts = 2> <OutPorts = 1>
ST_1 : Operation 1663 [1/1] (0.00ns)   --->   "%sext_ln58_973 = sext i21 %add_ln58_1759" [firmware/nnet_utils/nnet_dense_latency.h:58]   --->   Operation 1663 'sext' 'sext_ln58_973' <Predicate = true> <Delay = 0.00>
ST_1 : Operation 1664 [1/1] (0.00ns) (grouped into TernaryAdder)   --->   "%add_ln58_1760 = add i20 %sext_ln17_455, i20 %mult_704" [firmware/nnet_utils/nnet_dense_latency.h:58]   --->   Operation 1664 'add' 'add_ln58_1760' <Predicate = true> <Delay = 0.00> <CoreInst = "TAddSub">   --->   Core 10 'TAddSub' <Latency = 0> <II = 1> <Delay = 0.34> <IPBlock> <Opcode : '' 'add' 'sub'> <InPorts = 3> <OutPorts = 1> <Sync> <CReg>
ST_1 : Operation 1665 [1/1] (0.78ns)   --->   "%add_ln58_1761 = add i17 %sext_ln73_55, i17 3584" [firmware/nnet_utils/nnet_dense_latency.h:58]   --->   Operation 1665 'add' 'add_ln58_1761' <Predicate = true> <Delay = 0.78> <CoreInst = "Adder">   --->   Core 1 'Adder' <Latency = 0> <II = 1> <Delay = 0.78> <FuncUnit> <Opcode : 'add' 'sub'> <InPorts = 2> <OutPorts = 1>
ST_1 : Operation 1666 [1/1] (0.00ns)   --->   "%sext_ln58_974 = sext i17 %add_ln58_1761" [firmware/nnet_utils/nnet_dense_latency.h:58]   --->   Operation 1666 'sext' 'sext_ln58_974' <Predicate = true> <Delay = 0.00>
ST_1 : Operation 1667 [1/1] (0.79ns)   --->   "%add_ln58_1762 = add i18 %sext_ln58_974, i18 %sext_ln73_189" [firmware/nnet_utils/nnet_dense_latency.h:58]   --->   Operation 1667 'add' 'add_ln58_1762' <Predicate = true> <Delay = 0.79> <CoreInst = "Adder">   --->   Core 1 'Adder' <Latency = 0> <II = 1> <Delay = 0.79> <FuncUnit> <Opcode : 'add' 'sub'> <InPorts = 2> <OutPorts = 1>
ST_1 : Operation 1668 [1/1] (0.00ns)   --->   "%sext_ln58_975 = sext i18 %add_ln58_1762" [firmware/nnet_utils/nnet_dense_latency.h:58]   --->   Operation 1668 'sext' 'sext_ln58_975' <Predicate = true> <Delay = 0.00>
ST_1 : Operation 1669 [1/1] (0.68ns) (root node of TernaryAdder)   --->   "%add_ln58_1763 = add i20 %sext_ln58_975, i20 %add_ln58_1760" [firmware/nnet_utils/nnet_dense_latency.h:58]   --->   Operation 1669 'add' 'add_ln58_1763' <Predicate = true> <Delay = 0.68> <CoreInst = "TAddSub">   --->   Core 10 'TAddSub' <Latency = 0> <II = 1> <Delay = 0.34> <IPBlock> <Opcode : '' 'add' 'sub'> <InPorts = 3> <OutPorts = 1> <Sync> <CReg>
ST_1 : Operation 1670 [1/1] (0.00ns)   --->   "%sext_ln58_976 = sext i20 %add_ln58_1763" [firmware/nnet_utils/nnet_dense_latency.h:58]   --->   Operation 1670 'sext' 'sext_ln58_976' <Predicate = true> <Delay = 0.00>
ST_1 : Operation 1671 [1/1] (0.81ns)   --->   "%add_ln58_1764 = add i22 %sext_ln58_976, i22 %sext_ln58_973" [firmware/nnet_utils/nnet_dense_latency.h:58]   --->   Operation 1671 'add' 'add_ln58_1764' <Predicate = true> <Delay = 0.81> <CoreInst = "Adder">   --->   Core 1 'Adder' <Latency = 0> <II = 1> <Delay = 0.81> <FuncUnit> <Opcode : 'add' 'sub'> <InPorts = 2> <OutPorts = 1>
ST_1 : Operation 1672 [1/1] (0.00ns) (grouped into TernaryAdder)   --->   "%add_ln58_1765 = add i21 %sext_ln73_86, i21 %sext_ln17_378" [firmware/nnet_utils/nnet_dense_latency.h:58]   --->   Operation 1672 'add' 'add_ln58_1765' <Predicate = true> <Delay = 0.00> <CoreInst = "TAddSub">   --->   Core 10 'TAddSub' <Latency = 0> <II = 1> <Delay = 0.34> <IPBlock> <Opcode : '' 'add' 'sub'> <InPorts = 3> <OutPorts = 1> <Sync> <CReg>
ST_1 : Operation 1673 [1/1] (0.69ns) (root node of TernaryAdder)   --->   "%add_ln58_1766 = add i21 %add_ln58_1765, i21 %sext_ln17" [firmware/nnet_utils/nnet_dense_latency.h:58]   --->   Operation 1673 'add' 'add_ln58_1766' <Predicate = true> <Delay = 0.69> <CoreInst = "TAddSub">   --->   Core 10 'TAddSub' <Latency = 0> <II = 1> <Delay = 0.34> <IPBlock> <Opcode : '' 'add' 'sub'> <InPorts = 3> <OutPorts = 1> <Sync> <CReg>
ST_1 : Operation 1674 [1/1] (0.80ns)   --->   "%add_ln58_1767 = add i20 %mul_ln17_6, i20 %sext_ln17_396" [firmware/nnet_utils/nnet_dense_latency.h:58]   --->   Operation 1674 'add' 'add_ln58_1767' <Predicate = true> <Delay = 0.80> <CoreInst = "Adder">   --->   Core 1 'Adder' <Latency = 0> <II = 1> <Delay = 0.80> <FuncUnit> <Opcode : 'add' 'sub'> <InPorts = 2> <OutPorts = 1>
ST_1 : Operation 1675 [1/1] (0.00ns)   --->   "%sext_ln58_979 = sext i20 %add_ln58_1767" [firmware/nnet_utils/nnet_dense_latency.h:58]   --->   Operation 1675 'sext' 'sext_ln58_979' <Predicate = true> <Delay = 0.00>
ST_1 : Operation 1676 [1/1] (0.80ns)   --->   "%add_ln58_1768 = add i20 %mult_618, i20 %sext_ln17_430" [firmware/nnet_utils/nnet_dense_latency.h:58]   --->   Operation 1676 'add' 'add_ln58_1768' <Predicate = true> <Delay = 0.80> <CoreInst = "Adder">   --->   Core 1 'Adder' <Latency = 0> <II = 1> <Delay = 0.80> <FuncUnit> <Opcode : 'add' 'sub'> <InPorts = 2> <OutPorts = 1>
ST_1 : Operation 1677 [1/1] (0.00ns)   --->   "%sext_ln58_980 = sext i20 %add_ln58_1768" [firmware/nnet_utils/nnet_dense_latency.h:58]   --->   Operation 1677 'sext' 'sext_ln58_980' <Predicate = true> <Delay = 0.00>
ST_1 : Operation 1678 [1/1] (0.80ns)   --->   "%add_ln58_1769 = add i21 %sext_ln58_980, i21 %sext_ln58_979" [firmware/nnet_utils/nnet_dense_latency.h:58]   --->   Operation 1678 'add' 'add_ln58_1769' <Predicate = true> <Delay = 0.80> <CoreInst = "Adder">   --->   Core 1 'Adder' <Latency = 0> <II = 1> <Delay = 0.80> <FuncUnit> <Opcode : 'add' 'sub'> <InPorts = 2> <OutPorts = 1>
ST_1 : Operation 1679 [1/1] (0.00ns) (grouped into TernaryAdder)   --->   "%add_ln58_1771 = add i20 %mul_ln17_9, i20 %sext_ln17_463" [firmware/nnet_utils/nnet_dense_latency.h:58]   --->   Operation 1679 'add' 'add_ln58_1771' <Predicate = true> <Delay = 0.00> <CoreInst = "TAddSub">   --->   Core 10 'TAddSub' <Latency = 0> <II = 1> <Delay = 0.34> <IPBlock> <Opcode : '' 'add' 'sub'> <InPorts = 3> <OutPorts = 1> <Sync> <CReg>
ST_1 : Operation 1680 [1/1] (0.68ns) (root node of TernaryAdder)   --->   "%add_ln58_1772 = add i20 %add_ln58_1771, i20 %sext_ln17_431" [firmware/nnet_utils/nnet_dense_latency.h:58]   --->   Operation 1680 'add' 'add_ln58_1772' <Predicate = true> <Delay = 0.68> <CoreInst = "TAddSub">   --->   Core 10 'TAddSub' <Latency = 0> <II = 1> <Delay = 0.34> <IPBlock> <Opcode : '' 'add' 'sub'> <InPorts = 3> <OutPorts = 1> <Sync> <CReg>
ST_1 : Operation 1681 [1/1] (0.00ns)   --->   "%sext_ln58_983 = sext i20 %add_ln58_1772" [firmware/nnet_utils/nnet_dense_latency.h:58]   --->   Operation 1681 'sext' 'sext_ln58_983' <Predicate = true> <Delay = 0.00>
ST_1 : Operation 1682 [1/1] (0.00ns) (grouped into TernaryAdder)   --->   "%add_ln58_1773 = add i20 %trunc_ln17_22, i20 %sext_ln17_508" [firmware/nnet_utils/nnet_dense_latency.h:58]   --->   Operation 1682 'add' 'add_ln58_1773' <Predicate = true> <Delay = 0.00> <CoreInst = "TAddSub">   --->   Core 10 'TAddSub' <Latency = 0> <II = 1> <Delay = 0.34> <IPBlock> <Opcode : '' 'add' 'sub'> <InPorts = 3> <OutPorts = 1> <Sync> <CReg>
ST_1 : Operation 1683 [1/1] (0.78ns)   --->   "%add_ln58_1774 = add i17 %sext_ln17_355, i17 130048" [firmware/nnet_utils/nnet_dense_latency.h:58]   --->   Operation 1683 'add' 'add_ln58_1774' <Predicate = true> <Delay = 0.78> <CoreInst = "Adder">   --->   Core 1 'Adder' <Latency = 0> <II = 1> <Delay = 0.78> <FuncUnit> <Opcode : 'add' 'sub'> <InPorts = 2> <OutPorts = 1>
ST_1 : Operation 1684 [1/1] (0.00ns)   --->   "%sext_ln58_984 = sext i17 %add_ln58_1774" [firmware/nnet_utils/nnet_dense_latency.h:58]   --->   Operation 1684 'sext' 'sext_ln58_984' <Predicate = true> <Delay = 0.00>
ST_1 : Operation 1685 [1/1] (0.68ns) (root node of TernaryAdder)   --->   "%add_ln58_1775 = add i20 %sext_ln58_984, i20 %add_ln58_1773" [firmware/nnet_utils/nnet_dense_latency.h:58]   --->   Operation 1685 'add' 'add_ln58_1775' <Predicate = true> <Delay = 0.68> <CoreInst = "TAddSub">   --->   Core 10 'TAddSub' <Latency = 0> <II = 1> <Delay = 0.34> <IPBlock> <Opcode : '' 'add' 'sub'> <InPorts = 3> <OutPorts = 1> <Sync> <CReg>
ST_1 : Operation 1686 [1/1] (0.00ns)   --->   "%sext_ln58_985 = sext i20 %add_ln58_1775" [firmware/nnet_utils/nnet_dense_latency.h:58]   --->   Operation 1686 'sext' 'sext_ln58_985' <Predicate = true> <Delay = 0.00>
ST_1 : Operation 1687 [1/1] (0.80ns)   --->   "%add_ln58_1776 = add i21 %sext_ln58_985, i21 %sext_ln58_983" [firmware/nnet_utils/nnet_dense_latency.h:58]   --->   Operation 1687 'add' 'add_ln58_1776' <Predicate = true> <Delay = 0.80> <CoreInst = "Adder">   --->   Core 1 'Adder' <Latency = 0> <II = 1> <Delay = 0.80> <FuncUnit> <Opcode : 'add' 'sub'> <InPorts = 2> <OutPorts = 1>
ST_1 : Operation 1688 [1/1] (0.00ns) (grouped into TernaryAdder)   --->   "%add_ln58_1778 = add i21 %sext_ln17_343, i21 %mult_561" [firmware/nnet_utils/nnet_dense_latency.h:58]   --->   Operation 1688 'add' 'add_ln58_1778' <Predicate = true> <Delay = 0.00> <CoreInst = "TAddSub">   --->   Core 10 'TAddSub' <Latency = 0> <II = 1> <Delay = 0.34> <IPBlock> <Opcode : '' 'add' 'sub'> <InPorts = 3> <OutPorts = 1> <Sync> <CReg>
ST_1 : Operation 1689 [1/1] (0.69ns) (root node of TernaryAdder)   --->   "%add_ln58_1779 = add i21 %add_ln58_1778, i21 %sext_ln17_332" [firmware/nnet_utils/nnet_dense_latency.h:58]   --->   Operation 1689 'add' 'add_ln58_1779' <Predicate = true> <Delay = 0.69> <CoreInst = "TAddSub">   --->   Core 10 'TAddSub' <Latency = 0> <II = 1> <Delay = 0.34> <IPBlock> <Opcode : '' 'add' 'sub'> <InPorts = 3> <OutPorts = 1> <Sync> <CReg>
ST_1 : Operation 1690 [1/1] (0.00ns)   --->   "%sext_ln58_988 = sext i21 %add_ln58_1779" [firmware/nnet_utils/nnet_dense_latency.h:58]   --->   Operation 1690 'sext' 'sext_ln58_988' <Predicate = true> <Delay = 0.00>
ST_1 : Operation 1691 [1/1] (0.80ns)   --->   "%add_ln58_1780 = add i20 %sext_ln73_126, i20 %mult_632" [firmware/nnet_utils/nnet_dense_latency.h:58]   --->   Operation 1691 'add' 'add_ln58_1780' <Predicate = true> <Delay = 0.80> <CoreInst = "Adder">   --->   Core 1 'Adder' <Latency = 0> <II = 1> <Delay = 0.80> <FuncUnit> <Opcode : 'add' 'sub'> <InPorts = 2> <OutPorts = 1>
ST_1 : Operation 1692 [1/1] (0.00ns)   --->   "%sext_ln58_989 = sext i20 %add_ln58_1780" [firmware/nnet_utils/nnet_dense_latency.h:58]   --->   Operation 1692 'sext' 'sext_ln58_989' <Predicate = true> <Delay = 0.00>
ST_1 : Operation 1693 [1/1] (0.80ns)   --->   "%add_ln58_1781 = add i19 %mult_660, i19 %sext_ln17_451" [firmware/nnet_utils/nnet_dense_latency.h:58]   --->   Operation 1693 'add' 'add_ln58_1781' <Predicate = true> <Delay = 0.80> <CoreInst = "Adder">   --->   Core 1 'Adder' <Latency = 0> <II = 1> <Delay = 0.80> <FuncUnit> <Opcode : 'add' 'sub'> <InPorts = 2> <OutPorts = 1>
ST_1 : Operation 1694 [1/1] (0.00ns)   --->   "%sext_ln58_990 = sext i19 %add_ln58_1781" [firmware/nnet_utils/nnet_dense_latency.h:58]   --->   Operation 1694 'sext' 'sext_ln58_990' <Predicate = true> <Delay = 0.00>
ST_1 : Operation 1695 [1/1] (0.80ns)   --->   "%add_ln58_1782 = add i21 %sext_ln58_990, i21 %sext_ln58_989" [firmware/nnet_utils/nnet_dense_latency.h:58]   --->   Operation 1695 'add' 'add_ln58_1782' <Predicate = true> <Delay = 0.80> <CoreInst = "Adder">   --->   Core 1 'Adder' <Latency = 0> <II = 1> <Delay = 0.80> <FuncUnit> <Opcode : 'add' 'sub'> <InPorts = 2> <OutPorts = 1>
ST_1 : Operation 1696 [1/1] (0.00ns)   --->   "%sext_ln58_991 = sext i21 %add_ln58_1782" [firmware/nnet_utils/nnet_dense_latency.h:58]   --->   Operation 1696 'sext' 'sext_ln58_991' <Predicate = true> <Delay = 0.00>
ST_1 : Operation 1697 [1/1] (0.81ns)   --->   "%add_ln58_1783 = add i22 %sext_ln58_991, i22 %sext_ln58_988" [firmware/nnet_utils/nnet_dense_latency.h:58]   --->   Operation 1697 'add' 'add_ln58_1783' <Predicate = true> <Delay = 0.81> <CoreInst = "Adder">   --->   Core 1 'Adder' <Latency = 0> <II = 1> <Delay = 0.81> <FuncUnit> <Opcode : 'add' 'sub'> <InPorts = 2> <OutPorts = 1>
ST_1 : Operation 1698 [1/1] (0.82ns)   --->   "%add_ln58_1784 = add i22 %sext_ln17_489, i22 %mult_710" [firmware/nnet_utils/nnet_dense_latency.h:58]   --->   Operation 1698 'add' 'add_ln58_1784' <Predicate = true> <Delay = 0.82> <CoreInst = "Adder">   --->   Core 1 'Adder' <Latency = 0> <II = 1> <Delay = 0.82> <FuncUnit> <Opcode : 'add' 'sub'> <InPorts = 2> <OutPorts = 1>
ST_1 : Operation 1699 [1/1] (0.00ns) (grouped into TernaryAdder)   --->   "%add_ln58_1785 = add i22 %add_ln58_1784, i22 %sext_ln17_468" [firmware/nnet_utils/nnet_dense_latency.h:58]   --->   Operation 1699 'add' 'add_ln58_1785' <Predicate = true> <Delay = 0.00> <CoreInst = "TAddSub">   --->   Core 10 'TAddSub' <Latency = 0> <II = 1> <Delay = 0.34> <IPBlock> <Opcode : '' 'add' 'sub'> <InPorts = 3> <OutPorts = 1> <Sync> <CReg>
ST_1 : Operation 1700 [1/1] (0.79ns)   --->   "%add_ln58_1786 = add i18 %trunc_ln17_27, i18 %sext_ln73_66" [firmware/nnet_utils/nnet_dense_latency.h:58]   --->   Operation 1700 'add' 'add_ln58_1786' <Predicate = true> <Delay = 0.79> <CoreInst = "Adder">   --->   Core 1 'Adder' <Latency = 0> <II = 1> <Delay = 0.79> <FuncUnit> <Opcode : 'add' 'sub'> <InPorts = 2> <OutPorts = 1>
ST_1 : Operation 1701 [1/1] (0.00ns)   --->   "%sext_ln58_993 = sext i18 %add_ln58_1786" [firmware/nnet_utils/nnet_dense_latency.h:58]   --->   Operation 1701 'sext' 'sext_ln58_993' <Predicate = true> <Delay = 0.00>
ST_1 : Operation 1702 [1/1] (0.78ns)   --->   "%add_ln58_1787 = add i17 %sext_ln73_153, i17 512" [firmware/nnet_utils/nnet_dense_latency.h:58]   --->   Operation 1702 'add' 'add_ln58_1787' <Predicate = true> <Delay = 0.78> <CoreInst = "Adder">   --->   Core 1 'Adder' <Latency = 0> <II = 1> <Delay = 0.78> <FuncUnit> <Opcode : 'add' 'sub'> <InPorts = 2> <OutPorts = 1>
ST_1 : Operation 1703 [1/1] (0.00ns)   --->   "%sext_ln58_994 = sext i17 %add_ln58_1787" [firmware/nnet_utils/nnet_dense_latency.h:58]   --->   Operation 1703 'sext' 'sext_ln58_994' <Predicate = true> <Delay = 0.00>
ST_1 : Operation 1704 [1/1] (0.79ns)   --->   "%add_ln58_1788 = add i19 %sext_ln58_994, i19 %sext_ln58_993" [firmware/nnet_utils/nnet_dense_latency.h:58]   --->   Operation 1704 'add' 'add_ln58_1788' <Predicate = true> <Delay = 0.79> <CoreInst = "Adder">   --->   Core 1 'Adder' <Latency = 0> <II = 1> <Delay = 0.79> <FuncUnit> <Opcode : 'add' 'sub'> <InPorts = 2> <OutPorts = 1>
ST_1 : Operation 1705 [1/1] (0.00ns)   --->   "%sext_ln58_995 = sext i19 %add_ln58_1788" [firmware/nnet_utils/nnet_dense_latency.h:58]   --->   Operation 1705 'sext' 'sext_ln58_995' <Predicate = true> <Delay = 0.00>
ST_1 : Operation 1706 [1/1] (0.69ns) (root node of TernaryAdder)   --->   "%add_ln58_1789 = add i22 %sext_ln58_995, i22 %add_ln58_1785" [firmware/nnet_utils/nnet_dense_latency.h:58]   --->   Operation 1706 'add' 'add_ln58_1789' <Predicate = true> <Delay = 0.69> <CoreInst = "TAddSub">   --->   Core 10 'TAddSub' <Latency = 0> <II = 1> <Delay = 0.34> <IPBlock> <Opcode : '' 'add' 'sub'> <InPorts = 3> <OutPorts = 1> <Sync> <CReg>
ST_1 : Operation 1707 [1/1] (0.00ns) (grouped into TernaryAdder)   --->   "%sub_ln58_69 = sub i20 %mult_580, i20 %sext_ln73_116" [firmware/nnet_utils/nnet_dense_latency.h:58]   --->   Operation 1707 'sub' 'sub_ln58_69' <Predicate = true> <Delay = 0.00> <CoreInst = "TAddSub">   --->   Core 10 'TAddSub' <Latency = 0> <II = 1> <Delay = 0.34> <IPBlock> <Opcode : '' 'add' 'sub'> <InPorts = 3> <OutPorts = 1> <Sync> <CReg>
ST_1 : Operation 1708 [1/1] (0.68ns) (root node of TernaryAdder)   --->   "%add_ln58_1791 = add i20 %sub_ln58_69, i20 %sext_ln17_346" [firmware/nnet_utils/nnet_dense_latency.h:58]   --->   Operation 1708 'add' 'add_ln58_1791' <Predicate = true> <Delay = 0.68> <CoreInst = "TAddSub">   --->   Core 10 'TAddSub' <Latency = 0> <II = 1> <Delay = 0.34> <IPBlock> <Opcode : '' 'add' 'sub'> <InPorts = 3> <OutPorts = 1> <Sync> <CReg>
ST_1 : Operation 1709 [1/1] (0.00ns)   --->   "%sext_ln58_998 = sext i20 %add_ln58_1791" [firmware/nnet_utils/nnet_dense_latency.h:58]   --->   Operation 1709 'sext' 'sext_ln58_998' <Predicate = true> <Delay = 0.00>
ST_1 : Operation 1710 [1/1] (0.80ns)   --->   "%sub_ln58_70 = sub i20 %mult_607, i20 %sext_ln73_135" [firmware/nnet_utils/nnet_dense_latency.h:58]   --->   Operation 1710 'sub' 'sub_ln58_70' <Predicate = true> <Delay = 0.80> <CoreInst = "Adder">   --->   Core 1 'Adder' <Latency = 0> <II = 1> <Delay = 0.80> <FuncUnit> <Opcode : 'add' 'sub'> <InPorts = 2> <OutPorts = 1>
ST_1 : Operation 1711 [1/1] (0.00ns)   --->   "%sext_ln58_999 = sext i20 %sub_ln58_70" [firmware/nnet_utils/nnet_dense_latency.h:58]   --->   Operation 1711 'sext' 'sext_ln58_999' <Predicate = true> <Delay = 0.00>
ST_1 : Operation 1712 [1/1] (0.80ns)   --->   "%add_ln58_1792 = add i20 %sext_ln17_410, i20 %trunc_ln17_14" [firmware/nnet_utils/nnet_dense_latency.h:58]   --->   Operation 1712 'add' 'add_ln58_1792' <Predicate = true> <Delay = 0.80> <CoreInst = "Adder">   --->   Core 1 'Adder' <Latency = 0> <II = 1> <Delay = 0.80> <FuncUnit> <Opcode : 'add' 'sub'> <InPorts = 2> <OutPorts = 1>
ST_1 : Operation 1713 [1/1] (0.00ns)   --->   "%sext_ln58_1000 = sext i20 %add_ln58_1792" [firmware/nnet_utils/nnet_dense_latency.h:58]   --->   Operation 1713 'sext' 'sext_ln58_1000' <Predicate = true> <Delay = 0.00>
ST_1 : Operation 1714 [1/1] (0.80ns)   --->   "%add_ln58_1793 = add i21 %sext_ln58_1000, i21 %sext_ln58_999" [firmware/nnet_utils/nnet_dense_latency.h:58]   --->   Operation 1714 'add' 'add_ln58_1793' <Predicate = true> <Delay = 0.80> <CoreInst = "Adder">   --->   Core 1 'Adder' <Latency = 0> <II = 1> <Delay = 0.80> <FuncUnit> <Opcode : 'add' 'sub'> <InPorts = 2> <OutPorts = 1>
ST_1 : Operation 1715 [1/1] (0.00ns)   --->   "%sext_ln58_1001 = sext i21 %add_ln58_1793" [firmware/nnet_utils/nnet_dense_latency.h:58]   --->   Operation 1715 'sext' 'sext_ln58_1001' <Predicate = true> <Delay = 0.00>
ST_1 : Operation 1716 [1/1] (0.81ns)   --->   "%add_ln58_1794 = add i22 %sext_ln58_1001, i22 %sext_ln58_998" [firmware/nnet_utils/nnet_dense_latency.h:58]   --->   Operation 1716 'add' 'add_ln58_1794' <Predicate = true> <Delay = 0.81> <CoreInst = "Adder">   --->   Core 1 'Adder' <Latency = 0> <II = 1> <Delay = 0.81> <FuncUnit> <Opcode : 'add' 'sub'> <InPorts = 2> <OutPorts = 1>
ST_1 : Operation 1717 [1/1] (0.00ns)   --->   "%sext_ln58_1037 = sext i19 %mult_682" [firmware/nnet_utils/nnet_dense_latency.h:58]   --->   Operation 1717 'sext' 'sext_ln58_1037' <Predicate = true> <Delay = 0.00>
ST_1 : Operation 1718 [1/1] (0.80ns)   --->   "%sub_ln58_71 = sub i20 %sext_ln58_1037, i20 %sext_ln73_166" [firmware/nnet_utils/nnet_dense_latency.h:58]   --->   Operation 1718 'sub' 'sub_ln58_71' <Predicate = true> <Delay = 0.80> <CoreInst = "Adder">   --->   Core 1 'Adder' <Latency = 0> <II = 1> <Delay = 0.80> <FuncUnit> <Opcode : 'add' 'sub'> <InPorts = 2> <OutPorts = 1>
ST_1 : Operation 1719 [1/1] (0.00ns)   --->   "%sext_ln58_1003 = sext i20 %sub_ln58_71" [firmware/nnet_utils/nnet_dense_latency.h:58]   --->   Operation 1719 'sext' 'sext_ln58_1003' <Predicate = true> <Delay = 0.00>
ST_1 : Operation 1720 [1/1] (0.68ns) (root node of TernaryAdder)   --->   "%add_ln58_1795 = add i21 %sext_ln58_1003, i21 %mult_649" [firmware/nnet_utils/nnet_dense_latency.h:58]   --->   Operation 1720 'add' 'add_ln58_1795' <Predicate = true> <Delay = 0.68> <CoreInst = "TAddSub">   --->   Core 10 'TAddSub' <Latency = 0> <II = 1> <Delay = 0.34> <IPBlock> <Opcode : '' 'add' 'sub'> <InPorts = 3> <OutPorts = 1> <Sync> <CReg>
ST_1 : Operation 1721 [1/1] (0.00ns)   --->   "%sext_ln58_1004 = sext i21 %add_ln58_1795" [firmware/nnet_utils/nnet_dense_latency.h:58]   --->   Operation 1721 'sext' 'sext_ln58_1004' <Predicate = true> <Delay = 0.00>
ST_1 : Operation 1722 [1/1] (0.82ns)   --->   "%add_ln58_1796 = add i22 %sext_ln17_485, i22 %mult_710" [firmware/nnet_utils/nnet_dense_latency.h:58]   --->   Operation 1722 'add' 'add_ln58_1796' <Predicate = true> <Delay = 0.82> <CoreInst = "Adder">   --->   Core 1 'Adder' <Latency = 0> <II = 1> <Delay = 0.82> <FuncUnit> <Opcode : 'add' 'sub'> <InPorts = 2> <OutPorts = 1>
ST_1 : Operation 1723 [1/1] (0.80ns)   --->   "%add_ln58_1797 = add i19 %trunc_ln17_26, i19 3072" [firmware/nnet_utils/nnet_dense_latency.h:58]   --->   Operation 1723 'add' 'add_ln58_1797' <Predicate = true> <Delay = 0.80> <CoreInst = "Adder">   --->   Core 1 'Adder' <Latency = 0> <II = 1> <Delay = 0.80> <FuncUnit> <Opcode : 'add' 'sub'> <InPorts = 2> <OutPorts = 1>
ST_1 : Operation 1724 [1/1] (0.00ns)   --->   "%sext_ln58_1005 = sext i19 %add_ln58_1797" [firmware/nnet_utils/nnet_dense_latency.h:58]   --->   Operation 1724 'sext' 'sext_ln58_1005' <Predicate = true> <Delay = 0.00>
ST_1 : Operation 1725 [1/1] (0.00ns) (grouped into TernaryAdder)   --->   "%add_ln58_1798 = add i22 %sext_ln58_1005, i22 %add_ln58_1796" [firmware/nnet_utils/nnet_dense_latency.h:58]   --->   Operation 1725 'add' 'add_ln58_1798' <Predicate = true> <Delay = 0.00> <CoreInst = "TAddSub">   --->   Core 10 'TAddSub' <Latency = 0> <II = 1> <Delay = 0.34> <IPBlock> <Opcode : '' 'add' 'sub'> <InPorts = 3> <OutPorts = 1> <Sync> <CReg>
ST_1 : Operation 1726 [1/1] (0.69ns) (root node of TernaryAdder)   --->   "%add_ln58_1799 = add i22 %add_ln58_1798, i22 %sext_ln58_1004" [firmware/nnet_utils/nnet_dense_latency.h:58]   --->   Operation 1726 'add' 'add_ln58_1799' <Predicate = true> <Delay = 0.69> <CoreInst = "TAddSub">   --->   Core 10 'TAddSub' <Latency = 0> <II = 1> <Delay = 0.34> <IPBlock> <Opcode : '' 'add' 'sub'> <InPorts = 3> <OutPorts = 1> <Sync> <CReg>
ST_1 : Operation 1727 [1/1] (0.80ns)   --->   "%add_ln58_1801 = add i19 %trunc_ln17_1, i19 %mult_512" [firmware/nnet_utils/nnet_dense_latency.h:58]   --->   Operation 1727 'add' 'add_ln58_1801' <Predicate = true> <Delay = 0.80> <CoreInst = "Adder">   --->   Core 1 'Adder' <Latency = 0> <II = 1> <Delay = 0.80> <FuncUnit> <Opcode : 'add' 'sub'> <InPorts = 2> <OutPorts = 1>
ST_1 : Operation 1728 [1/1] (0.00ns)   --->   "%sext_ln58_1008 = sext i19 %add_ln58_1801" [firmware/nnet_utils/nnet_dense_latency.h:58]   --->   Operation 1728 'sext' 'sext_ln58_1008' <Predicate = true> <Delay = 0.00>
ST_1 : Operation 1729 [1/1] (0.80ns)   --->   "%add_ln58_1802 = add i19 %mult_579, i19 %trunc_ln17_16" [firmware/nnet_utils/nnet_dense_latency.h:58]   --->   Operation 1729 'add' 'add_ln58_1802' <Predicate = true> <Delay = 0.80> <CoreInst = "Adder">   --->   Core 1 'Adder' <Latency = 0> <II = 1> <Delay = 0.80> <FuncUnit> <Opcode : 'add' 'sub'> <InPorts = 2> <OutPorts = 1>
ST_1 : Operation 1730 [1/1] (0.00ns)   --->   "%sext_ln58_1009 = sext i19 %add_ln58_1802" [firmware/nnet_utils/nnet_dense_latency.h:58]   --->   Operation 1730 'sext' 'sext_ln58_1009' <Predicate = true> <Delay = 0.00>
ST_1 : Operation 1731 [1/1] (0.00ns) (grouped into TernaryAdder)   --->   "%add_ln58_1803 = add i21 %sext_ln58_1009, i21 %mult_536" [firmware/nnet_utils/nnet_dense_latency.h:58]   --->   Operation 1731 'add' 'add_ln58_1803' <Predicate = true> <Delay = 0.00> <CoreInst = "TAddSub">   --->   Core 10 'TAddSub' <Latency = 0> <II = 1> <Delay = 0.34> <IPBlock> <Opcode : '' 'add' 'sub'> <InPorts = 3> <OutPorts = 1> <Sync> <CReg>
ST_1 : Operation 1732 [1/1] (0.69ns) (root node of TernaryAdder)   --->   "%add_ln58_1804 = add i21 %add_ln58_1803, i21 %sext_ln58_1008" [firmware/nnet_utils/nnet_dense_latency.h:58]   --->   Operation 1732 'add' 'add_ln58_1804' <Predicate = true> <Delay = 0.69> <CoreInst = "TAddSub">   --->   Core 10 'TAddSub' <Latency = 0> <II = 1> <Delay = 0.34> <IPBlock> <Opcode : '' 'add' 'sub'> <InPorts = 3> <OutPorts = 1> <Sync> <CReg>
ST_1 : Operation 1733 [1/1] (0.00ns)   --->   "%sext_ln58_1010 = sext i21 %add_ln58_1804" [firmware/nnet_utils/nnet_dense_latency.h:58]   --->   Operation 1733 'sext' 'sext_ln58_1010' <Predicate = true> <Delay = 0.00>
ST_1 : Operation 1734 [1/1] (0.68ns) (root node of TernaryAdder)   --->   "%add_ln58_1805 = add i20 %sub_ln17_24, i20 %sext_ln73_190" [firmware/nnet_utils/nnet_dense_latency.h:58]   --->   Operation 1734 'add' 'add_ln58_1805' <Predicate = true> <Delay = 0.68> <CoreInst = "TAddSub">   --->   Core 10 'TAddSub' <Latency = 0> <II = 1> <Delay = 0.34> <IPBlock> <Opcode : '' 'add' 'sub'> <InPorts = 3> <OutPorts = 1> <Sync> <CReg>
ST_1 : Operation 1735 [1/1] (0.00ns)   --->   "%sext_ln58_1011 = sext i20 %add_ln58_1805" [firmware/nnet_utils/nnet_dense_latency.h:58]   --->   Operation 1735 'sext' 'sext_ln58_1011' <Predicate = true> <Delay = 0.00>
ST_1 : Operation 1736 [1/1] (0.00ns) (grouped into TernaryAdder)   --->   "%add_ln58_1806 = add i21 %sext_ln58_1011, i21 %sext_ln17_471" [firmware/nnet_utils/nnet_dense_latency.h:58]   --->   Operation 1736 'add' 'add_ln58_1806' <Predicate = true> <Delay = 0.00> <CoreInst = "TAddSub">   --->   Core 10 'TAddSub' <Latency = 0> <II = 1> <Delay = 0.34> <IPBlock> <Opcode : '' 'add' 'sub'> <InPorts = 3> <OutPorts = 1> <Sync> <CReg>
ST_1 : Operation 1737 [1/1] (0.78ns)   --->   "%add_ln58_1807 = add i17 %sext_ln73_99, i17 130560" [firmware/nnet_utils/nnet_dense_latency.h:58]   --->   Operation 1737 'add' 'add_ln58_1807' <Predicate = true> <Delay = 0.78> <CoreInst = "Adder">   --->   Core 1 'Adder' <Latency = 0> <II = 1> <Delay = 0.78> <FuncUnit> <Opcode : 'add' 'sub'> <InPorts = 2> <OutPorts = 1>
ST_1 : Operation 1738 [1/1] (0.00ns)   --->   "%sext_ln58_1012 = sext i17 %add_ln58_1807" [firmware/nnet_utils/nnet_dense_latency.h:58]   --->   Operation 1738 'sext' 'sext_ln58_1012' <Predicate = true> <Delay = 0.00>
ST_1 : Operation 1739 [1/1] (0.79ns)   --->   "%add_ln58_1808 = add i18 %sext_ln58_1012, i18 %sext_ln73_66" [firmware/nnet_utils/nnet_dense_latency.h:58]   --->   Operation 1739 'add' 'add_ln58_1808' <Predicate = true> <Delay = 0.79> <CoreInst = "Adder">   --->   Core 1 'Adder' <Latency = 0> <II = 1> <Delay = 0.79> <FuncUnit> <Opcode : 'add' 'sub'> <InPorts = 2> <OutPorts = 1>
ST_1 : Operation 1740 [1/1] (0.00ns)   --->   "%sext_ln58_1013 = sext i18 %add_ln58_1808" [firmware/nnet_utils/nnet_dense_latency.h:58]   --->   Operation 1740 'sext' 'sext_ln58_1013' <Predicate = true> <Delay = 0.00>
ST_1 : Operation 1741 [1/1] (0.69ns) (root node of TernaryAdder)   --->   "%add_ln58_1809 = add i21 %sext_ln58_1013, i21 %add_ln58_1806" [firmware/nnet_utils/nnet_dense_latency.h:58]   --->   Operation 1741 'add' 'add_ln58_1809' <Predicate = true> <Delay = 0.69> <CoreInst = "TAddSub">   --->   Core 10 'TAddSub' <Latency = 0> <II = 1> <Delay = 0.34> <IPBlock> <Opcode : '' 'add' 'sub'> <InPorts = 3> <OutPorts = 1> <Sync> <CReg>
ST_1 : Operation 1742 [1/1] (0.00ns)   --->   "%sext_ln58_1014 = sext i21 %add_ln58_1809" [firmware/nnet_utils/nnet_dense_latency.h:58]   --->   Operation 1742 'sext' 'sext_ln58_1014' <Predicate = true> <Delay = 0.00>
ST_1 : Operation 1743 [1/1] (0.81ns)   --->   "%add_ln58_1810 = add i22 %sext_ln58_1014, i22 %sext_ln58_1010" [firmware/nnet_utils/nnet_dense_latency.h:58]   --->   Operation 1743 'add' 'add_ln58_1810' <Predicate = true> <Delay = 0.81> <CoreInst = "Adder">   --->   Core 1 'Adder' <Latency = 0> <II = 1> <Delay = 0.81> <FuncUnit> <Opcode : 'add' 'sub'> <InPorts = 2> <OutPorts = 1>
ST_1 : Operation 1744 [1/1] (0.69ns) (root node of TernaryAdder)   --->   "%add_ln58_1811 = add i22 %sext_ln17_366, i22 %mult_562" [firmware/nnet_utils/nnet_dense_latency.h:58]   --->   Operation 1744 'add' 'add_ln58_1811' <Predicate = true> <Delay = 0.69> <CoreInst = "TAddSub">   --->   Core 10 'TAddSub' <Latency = 0> <II = 1> <Delay = 0.34> <IPBlock> <Opcode : '' 'add' 'sub'> <InPorts = 3> <OutPorts = 1> <Sync> <CReg>
ST_1 : Operation 1745 [1/1] (0.79ns)   --->   "%add_ln58_1812 = add i19 %sext_ln17_414, i19 %sext_ln73_178" [firmware/nnet_utils/nnet_dense_latency.h:58]   --->   Operation 1745 'add' 'add_ln58_1812' <Predicate = true> <Delay = 0.79> <CoreInst = "Adder">   --->   Core 1 'Adder' <Latency = 0> <II = 1> <Delay = 0.79> <FuncUnit> <Opcode : 'add' 'sub'> <InPorts = 2> <OutPorts = 1>
ST_1 : Operation 1746 [1/1] (0.00ns)   --->   "%sext_ln58_1016 = sext i19 %add_ln58_1812" [firmware/nnet_utils/nnet_dense_latency.h:58]   --->   Operation 1746 'sext' 'sext_ln58_1016' <Predicate = true> <Delay = 0.00>
ST_1 : Operation 1747 [1/1] (0.80ns)   --->   "%add_ln58_1813 = add i20 %sext_ln58_1016, i20 %mult_570" [firmware/nnet_utils/nnet_dense_latency.h:58]   --->   Operation 1747 'add' 'add_ln58_1813' <Predicate = true> <Delay = 0.80> <CoreInst = "Adder">   --->   Core 1 'Adder' <Latency = 0> <II = 1> <Delay = 0.80> <FuncUnit> <Opcode : 'add' 'sub'> <InPorts = 2> <OutPorts = 1>
ST_1 : Operation 1748 [1/1] (0.00ns)   --->   "%sext_ln58_1017 = sext i20 %add_ln58_1813" [firmware/nnet_utils/nnet_dense_latency.h:58]   --->   Operation 1748 'sext' 'sext_ln58_1017' <Predicate = true> <Delay = 0.00>
ST_1 : Operation 1749 [1/1] (0.00ns) (grouped into TernaryAdder)   --->   "%add_ln58_1814 = add i22 %sext_ln58_1017, i22 %add_ln58_1811" [firmware/nnet_utils/nnet_dense_latency.h:58]   --->   Operation 1749 'add' 'add_ln58_1814' <Predicate = true> <Delay = 0.00> <CoreInst = "TAddSub">   --->   Core 10 'TAddSub' <Latency = 0> <II = 1> <Delay = 0.34> <IPBlock> <Opcode : '' 'add' 'sub'> <InPorts = 3> <OutPorts = 1> <Sync> <CReg>
ST_1 : Operation 1750 [1/1] (0.80ns)   --->   "%add_ln58_1815 = add i19 %trunc_ln17_25, i19 %sext_ln73_42" [firmware/nnet_utils/nnet_dense_latency.h:58]   --->   Operation 1750 'add' 'add_ln58_1815' <Predicate = true> <Delay = 0.80> <CoreInst = "Adder">   --->   Core 1 'Adder' <Latency = 0> <II = 1> <Delay = 0.80> <FuncUnit> <Opcode : 'add' 'sub'> <InPorts = 2> <OutPorts = 1>
ST_1 : Operation 1751 [1/1] (0.00ns)   --->   "%sext_ln58_1018 = sext i19 %add_ln58_1815" [firmware/nnet_utils/nnet_dense_latency.h:58]   --->   Operation 1751 'sext' 'sext_ln58_1018' <Predicate = true> <Delay = 0.00>
ST_1 : Operation 1752 [1/1] (0.00ns) (grouped into TernaryAdder)   --->   "%add_ln58_1816 = add i20 %sext_ln58_1018, i20 %sext_ln73_183" [firmware/nnet_utils/nnet_dense_latency.h:58]   --->   Operation 1752 'add' 'add_ln58_1816' <Predicate = true> <Delay = 0.00> <CoreInst = "TAddSub">   --->   Core 10 'TAddSub' <Latency = 0> <II = 1> <Delay = 0.34> <IPBlock> <Opcode : '' 'add' 'sub'> <InPorts = 3> <OutPorts = 1> <Sync> <CReg>
ST_1 : Operation 1753 [1/1] (0.78ns)   --->   "%add_ln58_1817 = add i17 %sext_ln73_92, i17 2560" [firmware/nnet_utils/nnet_dense_latency.h:58]   --->   Operation 1753 'add' 'add_ln58_1817' <Predicate = true> <Delay = 0.78> <CoreInst = "Adder">   --->   Core 1 'Adder' <Latency = 0> <II = 1> <Delay = 0.78> <FuncUnit> <Opcode : 'add' 'sub'> <InPorts = 2> <OutPorts = 1>
ST_1 : Operation 1754 [1/1] (0.00ns)   --->   "%sext_ln58_1019 = sext i17 %add_ln58_1817" [firmware/nnet_utils/nnet_dense_latency.h:58]   --->   Operation 1754 'sext' 'sext_ln58_1019' <Predicate = true> <Delay = 0.00>
ST_1 : Operation 1755 [1/1] (0.79ns)   --->   "%add_ln58_1818 = add i18 %sext_ln58_1019, i18 %sext_ln73_83" [firmware/nnet_utils/nnet_dense_latency.h:58]   --->   Operation 1755 'add' 'add_ln58_1818' <Predicate = true> <Delay = 0.79> <CoreInst = "Adder">   --->   Core 1 'Adder' <Latency = 0> <II = 1> <Delay = 0.79> <FuncUnit> <Opcode : 'add' 'sub'> <InPorts = 2> <OutPorts = 1>
ST_1 : Operation 1756 [1/1] (0.00ns)   --->   "%sext_ln58_1020 = sext i18 %add_ln58_1818" [firmware/nnet_utils/nnet_dense_latency.h:58]   --->   Operation 1756 'sext' 'sext_ln58_1020' <Predicate = true> <Delay = 0.00>
ST_1 : Operation 1757 [1/1] (0.68ns) (root node of TernaryAdder)   --->   "%add_ln58_1819 = add i20 %sext_ln58_1020, i20 %add_ln58_1816" [firmware/nnet_utils/nnet_dense_latency.h:58]   --->   Operation 1757 'add' 'add_ln58_1819' <Predicate = true> <Delay = 0.68> <CoreInst = "TAddSub">   --->   Core 10 'TAddSub' <Latency = 0> <II = 1> <Delay = 0.34> <IPBlock> <Opcode : '' 'add' 'sub'> <InPorts = 3> <OutPorts = 1> <Sync> <CReg>
ST_1 : Operation 1758 [1/1] (0.00ns)   --->   "%sext_ln58_1021 = sext i20 %add_ln58_1819" [firmware/nnet_utils/nnet_dense_latency.h:58]   --->   Operation 1758 'sext' 'sext_ln58_1021' <Predicate = true> <Delay = 0.00>
ST_1 : Operation 1759 [1/1] (0.69ns) (root node of TernaryAdder)   --->   "%add_ln58_1820 = add i22 %sext_ln58_1021, i22 %add_ln58_1814" [firmware/nnet_utils/nnet_dense_latency.h:58]   --->   Operation 1759 'add' 'add_ln58_1820' <Predicate = true> <Delay = 0.69> <CoreInst = "TAddSub">   --->   Core 10 'TAddSub' <Latency = 0> <II = 1> <Delay = 0.34> <IPBlock> <Opcode : '' 'add' 'sub'> <InPorts = 3> <OutPorts = 1> <Sync> <CReg>
ST_1 : Operation 1760 [1/1] (0.79ns)   --->   "%sub_ln58_72 = sub i18 %sext_ln17_349, i18 %sext_ln73_115" [firmware/nnet_utils/nnet_dense_latency.h:58]   --->   Operation 1760 'sub' 'sub_ln58_72' <Predicate = true> <Delay = 0.79> <CoreInst = "Adder">   --->   Core 1 'Adder' <Latency = 0> <II = 1> <Delay = 0.79> <FuncUnit> <Opcode : 'add' 'sub'> <InPorts = 2> <OutPorts = 1>
ST_1 : Operation 1761 [1/1] (0.00ns)   --->   "%sext_ln58_1023 = sext i18 %sub_ln58_72" [firmware/nnet_utils/nnet_dense_latency.h:58]   --->   Operation 1761 'sext' 'sext_ln58_1023' <Predicate = true> <Delay = 0.00>
ST_1 : Operation 1762 [1/1] (0.68ns) (root node of TernaryAdder)   --->   "%add_ln58_1821 = add i19 %add_ln17_11, i19 %mult_633" [firmware/nnet_utils/nnet_dense_latency.h:58]   --->   Operation 1762 'add' 'add_ln58_1821' <Predicate = true> <Delay = 0.68> <CoreInst = "TAddSub">   --->   Core 10 'TAddSub' <Latency = 0> <II = 1> <Delay = 0.34> <IPBlock> <Opcode : '' 'add' 'sub'> <InPorts = 3> <OutPorts = 1> <Sync> <CReg>
ST_1 : Operation 1763 [1/1] (0.00ns)   --->   "%sext_ln58_1024 = sext i19 %add_ln58_1821" [firmware/nnet_utils/nnet_dense_latency.h:58]   --->   Operation 1763 'sext' 'sext_ln58_1024' <Predicate = true> <Delay = 0.00>
ST_1 : Operation 1764 [1/1] (0.00ns) (grouped into TernaryAdder)   --->   "%add_ln58_1822 = add i21 %sext_ln58_1024, i21 %mult_554" [firmware/nnet_utils/nnet_dense_latency.h:58]   --->   Operation 1764 'add' 'add_ln58_1822' <Predicate = true> <Delay = 0.00> <CoreInst = "TAddSub">   --->   Core 10 'TAddSub' <Latency = 0> <II = 1> <Delay = 0.34> <IPBlock> <Opcode : '' 'add' 'sub'> <InPorts = 3> <OutPorts = 1> <Sync> <CReg>
ST_1 : Operation 1765 [1/1] (0.69ns) (root node of TernaryAdder)   --->   "%add_ln58_1823 = add i21 %add_ln58_1822, i21 %sext_ln58_1023" [firmware/nnet_utils/nnet_dense_latency.h:58]   --->   Operation 1765 'add' 'add_ln58_1823' <Predicate = true> <Delay = 0.69> <CoreInst = "TAddSub">   --->   Core 10 'TAddSub' <Latency = 0> <II = 1> <Delay = 0.34> <IPBlock> <Opcode : '' 'add' 'sub'> <InPorts = 3> <OutPorts = 1> <Sync> <CReg>
ST_1 : Operation 1766 [1/1] (0.00ns)   --->   "%sext_ln58_1025 = sext i21 %add_ln58_1823" [firmware/nnet_utils/nnet_dense_latency.h:58]   --->   Operation 1766 'sext' 'sext_ln58_1025' <Predicate = true> <Delay = 0.00>
ST_1 : Operation 1767 [1/1] (0.00ns) (grouped into TernaryAdder)   --->   "%add_ln58_1824 = add i20 %sext_ln17_445, i20 %mult_701" [firmware/nnet_utils/nnet_dense_latency.h:58]   --->   Operation 1767 'add' 'add_ln58_1824' <Predicate = true> <Delay = 0.00> <CoreInst = "TAddSub">   --->   Core 10 'TAddSub' <Latency = 0> <II = 1> <Delay = 0.34> <IPBlock> <Opcode : '' 'add' 'sub'> <InPorts = 3> <OutPorts = 1> <Sync> <CReg>
ST_1 : Operation 1768 [1/1] (0.68ns) (root node of TernaryAdder)   --->   "%add_ln58_1825 = add i20 %add_ln58_1824, i20 %sext_ln17_431" [firmware/nnet_utils/nnet_dense_latency.h:58]   --->   Operation 1768 'add' 'add_ln58_1825' <Predicate = true> <Delay = 0.68> <CoreInst = "TAddSub">   --->   Core 10 'TAddSub' <Latency = 0> <II = 1> <Delay = 0.34> <IPBlock> <Opcode : '' 'add' 'sub'> <InPorts = 3> <OutPorts = 1> <Sync> <CReg>
ST_1 : Operation 1769 [1/1] (0.00ns)   --->   "%sext_ln58_1026 = sext i20 %add_ln58_1825" [firmware/nnet_utils/nnet_dense_latency.h:58]   --->   Operation 1769 'sext' 'sext_ln58_1026' <Predicate = true> <Delay = 0.00>
ST_1 : Operation 1770 [1/1] (0.00ns) (grouped into TernaryAdder)   --->   "%sub_ln58_73 = sub i20 1024, i20 %sext_ln17_502" [firmware/nnet_utils/nnet_dense_latency.h:58]   --->   Operation 1770 'sub' 'sub_ln58_73' <Predicate = true> <Delay = 0.00> <CoreInst = "TAddSub">   --->   Core 10 'TAddSub' <Latency = 0> <II = 1> <Delay = 0.34> <IPBlock> <Opcode : '' 'add' 'sub'> <InPorts = 3> <OutPorts = 1> <Sync> <CReg>
ST_1 : Operation 1771 [1/1] (0.68ns) (root node of TernaryAdder)   --->   "%add_ln58_1826 = add i20 %sub_ln58_73, i20 %sext_ln17_494" [firmware/nnet_utils/nnet_dense_latency.h:58]   --->   Operation 1771 'add' 'add_ln58_1826' <Predicate = true> <Delay = 0.68> <CoreInst = "TAddSub">   --->   Core 10 'TAddSub' <Latency = 0> <II = 1> <Delay = 0.34> <IPBlock> <Opcode : '' 'add' 'sub'> <InPorts = 3> <OutPorts = 1> <Sync> <CReg>
ST_1 : Operation 1772 [1/1] (0.00ns)   --->   "%sext_ln58_1027 = sext i20 %add_ln58_1826" [firmware/nnet_utils/nnet_dense_latency.h:58]   --->   Operation 1772 'sext' 'sext_ln58_1027' <Predicate = true> <Delay = 0.00>
ST_1 : Operation 1773 [1/1] (0.80ns)   --->   "%add_ln58_1827 = add i21 %sext_ln58_1027, i21 %sext_ln58_1026" [firmware/nnet_utils/nnet_dense_latency.h:58]   --->   Operation 1773 'add' 'add_ln58_1827' <Predicate = true> <Delay = 0.80> <CoreInst = "Adder">   --->   Core 1 'Adder' <Latency = 0> <II = 1> <Delay = 0.80> <FuncUnit> <Opcode : 'add' 'sub'> <InPorts = 2> <OutPorts = 1>
ST_1 : Operation 1774 [1/1] (0.00ns)   --->   "%sext_ln58_1028 = sext i21 %add_ln58_1827" [firmware/nnet_utils/nnet_dense_latency.h:58]   --->   Operation 1774 'sext' 'sext_ln58_1028' <Predicate = true> <Delay = 0.00>
ST_1 : Operation 1775 [1/1] (0.81ns)   --->   "%add_ln58_1828 = add i22 %sext_ln58_1028, i22 %sext_ln58_1025" [firmware/nnet_utils/nnet_dense_latency.h:58]   --->   Operation 1775 'add' 'add_ln58_1828' <Predicate = true> <Delay = 0.81> <CoreInst = "Adder">   --->   Core 1 'Adder' <Latency = 0> <II = 1> <Delay = 0.81> <FuncUnit> <Opcode : 'add' 'sub'> <InPorts = 2> <OutPorts = 1>

State 2 <SV = 1> <Delay = 2.30>
ST_2 : Operation 1776 [1/1] (0.00ns)   --->   "%specpipeline_ln33 = specpipeline void @_ssdm_op_SpecPipeline, i32 1, i32 0, i32 0, i32 0, void @empty_0" [firmware/nnet_utils/nnet_dense_latency.h:33]   --->   Operation 1776 'specpipeline' 'specpipeline_ln33' <Predicate = true> <Delay = 0.00>
ST_2 : Operation 1777 [1/1] (0.00ns)   --->   "%specresourcelimit_ln33 = specresourcelimit void @_ssdm_op_SpecResourceLimit, i64 696, void @empty_1, void @empty_0, void @empty_0, void @empty_0" [firmware/nnet_utils/nnet_dense_latency.h:33]   --->   Operation 1777 'specresourcelimit' 'specresourcelimit_ln33' <Predicate = true> <Delay = 0.00>
ST_2 : Operation 1778 [1/1] (0.00ns)   --->   "%sext_ln58_499 = sext i20 %add_ln58_1206" [firmware/nnet_utils/nnet_dense_latency.h:58]   --->   Operation 1778 'sext' 'sext_ln58_499' <Predicate = true> <Delay = 0.00>
ST_2 : Operation 1779 [1/1] (0.00ns)   --->   "%sext_ln58_506 = sext i22 %add_ln58_1213" [firmware/nnet_utils/nnet_dense_latency.h:58]   --->   Operation 1779 'sext' 'sext_ln58_506' <Predicate = true> <Delay = 0.00>
ST_2 : Operation 1780 [1/1] (0.00ns)   --->   "%sext_ln58_512 = sext i22 %add_ln58_1220" [firmware/nnet_utils/nnet_dense_latency.h:58]   --->   Operation 1780 'sext' 'sext_ln58_512' <Predicate = true> <Delay = 0.00>
ST_2 : Operation 1781 [1/1] (0.00ns)   --->   "%sext_ln58_520 = sext i22 %add_ln58_1228" [firmware/nnet_utils/nnet_dense_latency.h:58]   --->   Operation 1781 'sext' 'sext_ln58_520' <Predicate = true> <Delay = 0.00>
ST_2 : Operation 1782 [1/1] (0.00ns)   --->   "%sext_ln58_524 = sext i22 %add_ln58_1233" [firmware/nnet_utils/nnet_dense_latency.h:58]   --->   Operation 1782 'sext' 'sext_ln58_524' <Predicate = true> <Delay = 0.00>
ST_2 : Operation 1783 [1/1] (0.00ns)   --->   "%sext_ln58_528 = sext i22 %add_ln58_1239" [firmware/nnet_utils/nnet_dense_latency.h:58]   --->   Operation 1783 'sext' 'sext_ln58_528' <Predicate = true> <Delay = 0.00>
ST_2 : Operation 1784 [1/1] (0.82ns)   --->   "%add_ln58_1240 = add i23 %sext_ln58_528, i23 %sext_ln58_524" [firmware/nnet_utils/nnet_dense_latency.h:58]   --->   Operation 1784 'add' 'add_ln58_1240' <Predicate = true> <Delay = 0.82> <CoreInst = "Adder">   --->   Core 1 'Adder' <Latency = 0> <II = 1> <Delay = 0.82> <FuncUnit> <Opcode : 'add' 'sub'> <InPorts = 2> <OutPorts = 1>
ST_2 : Operation 1785 [1/1] (0.00ns)   --->   "%sext_ln58_529 = sext i23 %add_ln58_1240" [firmware/nnet_utils/nnet_dense_latency.h:58]   --->   Operation 1785 'sext' 'sext_ln58_529' <Predicate = true> <Delay = 0.00>
ST_2 : Operation 1786 [1/1] (0.00ns)   --->   "%sext_ln58_536 = sext i21 %add_ln58_1247" [firmware/nnet_utils/nnet_dense_latency.h:58]   --->   Operation 1786 'sext' 'sext_ln58_536' <Predicate = true> <Delay = 0.00>
ST_2 : Operation 1787 [1/1] (0.00ns)   --->   "%sext_ln58_542 = sext i21 %add_ln58_1255" [firmware/nnet_utils/nnet_dense_latency.h:58]   --->   Operation 1787 'sext' 'sext_ln58_542' <Predicate = true> <Delay = 0.00>
ST_2 : Operation 1788 [1/1] (0.00ns)   --->   "%sext_ln58_550 = sext i23 %add_ln58_1266" [firmware/nnet_utils/nnet_dense_latency.h:58]   --->   Operation 1788 'sext' 'sext_ln58_550' <Predicate = true> <Delay = 0.00>
ST_2 : Operation 1789 [1/1] (0.00ns)   --->   "%sext_ln58_554 = sext i22 %add_ln58_1271" [firmware/nnet_utils/nnet_dense_latency.h:58]   --->   Operation 1789 'sext' 'sext_ln58_554' <Predicate = true> <Delay = 0.00>
ST_2 : Operation 1790 [1/1] (0.00ns)   --->   "%sext_ln58_557 = sext i21 %add_ln58_1276" [firmware/nnet_utils/nnet_dense_latency.h:58]   --->   Operation 1790 'sext' 'sext_ln58_557' <Predicate = true> <Delay = 0.00>
ST_2 : Operation 1791 [1/1] (0.82ns)   --->   "%add_ln58_1277 = add i23 %sext_ln58_557, i23 %sext_ln58_554" [firmware/nnet_utils/nnet_dense_latency.h:58]   --->   Operation 1791 'add' 'add_ln58_1277' <Predicate = true> <Delay = 0.82> <CoreInst = "Adder">   --->   Core 1 'Adder' <Latency = 0> <II = 1> <Delay = 0.82> <FuncUnit> <Opcode : 'add' 'sub'> <InPorts = 2> <OutPorts = 1>
ST_2 : Operation 1792 [1/1] (0.00ns)   --->   "%sext_ln58_558 = sext i23 %add_ln58_1277" [firmware/nnet_utils/nnet_dense_latency.h:58]   --->   Operation 1792 'sext' 'sext_ln58_558' <Predicate = true> <Delay = 0.00>
ST_2 : Operation 1793 [1/1] (0.00ns)   --->   "%sext_ln58_561 = sext i21 %add_ln58_1281" [firmware/nnet_utils/nnet_dense_latency.h:58]   --->   Operation 1793 'sext' 'sext_ln58_561' <Predicate = true> <Delay = 0.00>
ST_2 : Operation 1794 [1/1] (0.00ns)   --->   "%sext_ln58_564 = sext i22 %add_ln58_1286" [firmware/nnet_utils/nnet_dense_latency.h:58]   --->   Operation 1794 'sext' 'sext_ln58_564' <Predicate = true> <Delay = 0.00>
ST_2 : Operation 1795 [1/1] (0.82ns)   --->   "%add_ln58_1287 = add i23 %sext_ln58_564, i23 %sext_ln58_561" [firmware/nnet_utils/nnet_dense_latency.h:58]   --->   Operation 1795 'add' 'add_ln58_1287' <Predicate = true> <Delay = 0.82> <CoreInst = "Adder">   --->   Core 1 'Adder' <Latency = 0> <II = 1> <Delay = 0.82> <FuncUnit> <Opcode : 'add' 'sub'> <InPorts = 2> <OutPorts = 1>
ST_2 : Operation 1796 [1/1] (0.00ns)   --->   "%sext_ln58_565 = sext i23 %add_ln58_1287" [firmware/nnet_utils/nnet_dense_latency.h:58]   --->   Operation 1796 'sext' 'sext_ln58_565' <Predicate = true> <Delay = 0.00>
ST_2 : Operation 1797 [1/1] (0.00ns)   --->   "%sext_ln58_568 = sext i21 %add_ln58_1290" [firmware/nnet_utils/nnet_dense_latency.h:58]   --->   Operation 1797 'sext' 'sext_ln58_568' <Predicate = true> <Delay = 0.00>
ST_2 : Operation 1798 [1/1] (0.00ns)   --->   "%sext_ln58_571 = sext i20 %add_ln58_1292" [firmware/nnet_utils/nnet_dense_latency.h:58]   --->   Operation 1798 'sext' 'sext_ln58_571' <Predicate = true> <Delay = 0.00>
ST_2 : Operation 1799 [1/1] (0.81ns)   --->   "%add_ln58_1293 = add i22 %sext_ln58_571, i22 %sext_ln58_568" [firmware/nnet_utils/nnet_dense_latency.h:58]   --->   Operation 1799 'add' 'add_ln58_1293' <Predicate = true> <Delay = 0.81> <CoreInst = "Adder">   --->   Core 1 'Adder' <Latency = 0> <II = 1> <Delay = 0.81> <FuncUnit> <Opcode : 'add' 'sub'> <InPorts = 2> <OutPorts = 1>
ST_2 : Operation 1800 [1/1] (0.00ns)   --->   "%sext_ln58_572 = sext i22 %add_ln58_1293" [firmware/nnet_utils/nnet_dense_latency.h:58]   --->   Operation 1800 'sext' 'sext_ln58_572' <Predicate = true> <Delay = 0.00>
ST_2 : Operation 1801 [1/1] (0.00ns)   --->   "%sext_ln58_578 = sext i23 %add_ln58_1302" [firmware/nnet_utils/nnet_dense_latency.h:58]   --->   Operation 1801 'sext' 'sext_ln58_578' <Predicate = true> <Delay = 0.00>
ST_2 : Operation 1802 [1/1] (0.00ns)   --->   "%sext_ln58_581 = sext i21 %add_ln58_1307" [firmware/nnet_utils/nnet_dense_latency.h:58]   --->   Operation 1802 'sext' 'sext_ln58_581' <Predicate = true> <Delay = 0.00>
ST_2 : Operation 1803 [1/1] (0.00ns)   --->   "%sext_ln58_586 = sext i21 %add_ln58_1311" [firmware/nnet_utils/nnet_dense_latency.h:58]   --->   Operation 1803 'sext' 'sext_ln58_586' <Predicate = true> <Delay = 0.00>
ST_2 : Operation 1804 [1/1] (0.81ns)   --->   "%add_ln58_1312 = add i22 %sext_ln58_586, i22 %sext_ln58_581" [firmware/nnet_utils/nnet_dense_latency.h:58]   --->   Operation 1804 'add' 'add_ln58_1312' <Predicate = true> <Delay = 0.81> <CoreInst = "Adder">   --->   Core 1 'Adder' <Latency = 0> <II = 1> <Delay = 0.81> <FuncUnit> <Opcode : 'add' 'sub'> <InPorts = 2> <OutPorts = 1>
ST_2 : Operation 1805 [1/1] (0.00ns)   --->   "%sext_ln58_587 = sext i22 %add_ln58_1312" [firmware/nnet_utils/nnet_dense_latency.h:58]   --->   Operation 1805 'sext' 'sext_ln58_587' <Predicate = true> <Delay = 0.00>
ST_2 : Operation 1806 [1/1] (0.00ns)   --->   "%sext_ln58_591 = sext i21 %add_ln58_1315" [firmware/nnet_utils/nnet_dense_latency.h:58]   --->   Operation 1806 'sext' 'sext_ln58_591' <Predicate = true> <Delay = 0.00>
ST_2 : Operation 1807 [1/1] (0.00ns)   --->   "%sext_ln58_593 = sext i21 %add_ln58_1319" [firmware/nnet_utils/nnet_dense_latency.h:58]   --->   Operation 1807 'sext' 'sext_ln58_593' <Predicate = true> <Delay = 0.00>
ST_2 : Operation 1808 [1/1] (0.81ns)   --->   "%add_ln58_1320 = add i22 %sext_ln58_593, i22 %sext_ln58_591" [firmware/nnet_utils/nnet_dense_latency.h:58]   --->   Operation 1808 'add' 'add_ln58_1320' <Predicate = true> <Delay = 0.81> <CoreInst = "Adder">   --->   Core 1 'Adder' <Latency = 0> <II = 1> <Delay = 0.81> <FuncUnit> <Opcode : 'add' 'sub'> <InPorts = 2> <OutPorts = 1>
ST_2 : Operation 1809 [1/1] (0.00ns)   --->   "%sext_ln58_594 = sext i22 %add_ln58_1320" [firmware/nnet_utils/nnet_dense_latency.h:58]   --->   Operation 1809 'sext' 'sext_ln58_594' <Predicate = true> <Delay = 0.00>
ST_2 : Operation 1810 [1/1] (0.00ns)   --->   "%sext_ln58_598 = sext i22 %add_ln58_1325" [firmware/nnet_utils/nnet_dense_latency.h:58]   --->   Operation 1810 'sext' 'sext_ln58_598' <Predicate = true> <Delay = 0.00>
ST_2 : Operation 1811 [1/1] (0.00ns)   --->   "%sext_ln58_603 = sext i22 %add_ln58_1330" [firmware/nnet_utils/nnet_dense_latency.h:58]   --->   Operation 1811 'sext' 'sext_ln58_603' <Predicate = true> <Delay = 0.00>
ST_2 : Operation 1812 [1/1] (0.82ns)   --->   "%add_ln58_1331 = add i23 %sext_ln58_603, i23 %sext_ln58_598" [firmware/nnet_utils/nnet_dense_latency.h:58]   --->   Operation 1812 'add' 'add_ln58_1331' <Predicate = true> <Delay = 0.82> <CoreInst = "Adder">   --->   Core 1 'Adder' <Latency = 0> <II = 1> <Delay = 0.82> <FuncUnit> <Opcode : 'add' 'sub'> <InPorts = 2> <OutPorts = 1>
ST_2 : Operation 1813 [1/1] (0.00ns)   --->   "%sext_ln58_604 = sext i23 %add_ln58_1331" [firmware/nnet_utils/nnet_dense_latency.h:58]   --->   Operation 1813 'sext' 'sext_ln58_604' <Predicate = true> <Delay = 0.00>
ST_2 : Operation 1814 [1/1] (0.00ns)   --->   "%sext_ln58_609 = sext i22 %add_ln58_1336" [firmware/nnet_utils/nnet_dense_latency.h:58]   --->   Operation 1814 'sext' 'sext_ln58_609' <Predicate = true> <Delay = 0.00>
ST_2 : Operation 1815 [1/1] (0.00ns)   --->   "%sext_ln58_613 = sext i21 %add_ln58_1341" [firmware/nnet_utils/nnet_dense_latency.h:58]   --->   Operation 1815 'sext' 'sext_ln58_613' <Predicate = true> <Delay = 0.00>
ST_2 : Operation 1816 [1/1] (0.82ns)   --->   "%add_ln58_1342 = add i23 %sext_ln58_613, i23 %sext_ln58_609" [firmware/nnet_utils/nnet_dense_latency.h:58]   --->   Operation 1816 'add' 'add_ln58_1342' <Predicate = true> <Delay = 0.82> <CoreInst = "Adder">   --->   Core 1 'Adder' <Latency = 0> <II = 1> <Delay = 0.82> <FuncUnit> <Opcode : 'add' 'sub'> <InPorts = 2> <OutPorts = 1>
ST_2 : Operation 1817 [1/1] (0.00ns)   --->   "%sext_ln58_614 = sext i23 %add_ln58_1342" [firmware/nnet_utils/nnet_dense_latency.h:58]   --->   Operation 1817 'sext' 'sext_ln58_614' <Predicate = true> <Delay = 0.00>
ST_2 : Operation 1818 [1/1] (0.00ns)   --->   "%sext_ln58_622 = sext i22 %add_ln58_1352" [firmware/nnet_utils/nnet_dense_latency.h:58]   --->   Operation 1818 'sext' 'sext_ln58_622' <Predicate = true> <Delay = 0.00>
ST_2 : Operation 1819 [1/1] (0.00ns)   --->   "%sext_ln58_623 = sext i22 %add_ln58_1354" [firmware/nnet_utils/nnet_dense_latency.h:58]   --->   Operation 1819 'sext' 'sext_ln58_623' <Predicate = true> <Delay = 0.00>
ST_2 : Operation 1820 [1/1] (0.00ns)   --->   "%sext_ln58_625 = sext i21 %add_ln58_1356" [firmware/nnet_utils/nnet_dense_latency.h:58]   --->   Operation 1820 'sext' 'sext_ln58_625' <Predicate = true> <Delay = 0.00>
ST_2 : Operation 1821 [1/1] (0.00ns) (grouped into TernaryAdder)   --->   "%add_ln58_1357 = add i23 %sext_ln58_625, i23 %sext_ln58_623" [firmware/nnet_utils/nnet_dense_latency.h:58]   --->   Operation 1821 'add' 'add_ln58_1357' <Predicate = true> <Delay = 0.00> <CoreInst = "TAddSub">   --->   Core 10 'TAddSub' <Latency = 0> <II = 1> <Delay = 0.34> <IPBlock> <Opcode : '' 'add' 'sub'> <InPorts = 3> <OutPorts = 1> <Sync> <CReg>
ST_2 : Operation 1822 [1/1] (0.00ns)   --->   "%sext_ln58_630 = sext i21 %add_ln58_1362" [firmware/nnet_utils/nnet_dense_latency.h:58]   --->   Operation 1822 'sext' 'sext_ln58_630' <Predicate = true> <Delay = 0.00>
ST_2 : Operation 1823 [1/1] (0.69ns) (root node of TernaryAdder)   --->   "%add_ln58_1363 = add i23 %sext_ln58_630, i23 %add_ln58_1357" [firmware/nnet_utils/nnet_dense_latency.h:58]   --->   Operation 1823 'add' 'add_ln58_1363' <Predicate = true> <Delay = 0.69> <CoreInst = "TAddSub">   --->   Core 10 'TAddSub' <Latency = 0> <II = 1> <Delay = 0.34> <IPBlock> <Opcode : '' 'add' 'sub'> <InPorts = 3> <OutPorts = 1> <Sync> <CReg>
ST_2 : Operation 1824 [1/1] (0.00ns)   --->   "%sext_ln58_631 = sext i23 %add_ln58_1363" [firmware/nnet_utils/nnet_dense_latency.h:58]   --->   Operation 1824 'sext' 'sext_ln58_631' <Predicate = true> <Delay = 0.00>
ST_2 : Operation 1825 [1/1] (0.00ns)   --->   "%sext_ln58_636 = sext i21 %add_ln58_1368" [firmware/nnet_utils/nnet_dense_latency.h:58]   --->   Operation 1825 'sext' 'sext_ln58_636' <Predicate = true> <Delay = 0.00>
ST_2 : Operation 1826 [1/1] (0.00ns)   --->   "%sext_ln58_642 = sext i21 %add_ln58_1377" [firmware/nnet_utils/nnet_dense_latency.h:58]   --->   Operation 1826 'sext' 'sext_ln58_642' <Predicate = true> <Delay = 0.00>
ST_2 : Operation 1827 [1/1] (0.00ns)   --->   "%sext_ln58_645 = sext i21 %add_ln58_1382" [firmware/nnet_utils/nnet_dense_latency.h:58]   --->   Operation 1827 'sext' 'sext_ln58_645' <Predicate = true> <Delay = 0.00>
ST_2 : Operation 1828 [1/1] (0.00ns)   --->   "%sext_ln58_649 = sext i21 %add_ln58_1388" [firmware/nnet_utils/nnet_dense_latency.h:58]   --->   Operation 1828 'sext' 'sext_ln58_649' <Predicate = true> <Delay = 0.00>
ST_2 : Operation 1829 [1/1] (0.81ns)   --->   "%add_ln58_1389 = add i22 %sext_ln58_649, i22 %sext_ln58_645" [firmware/nnet_utils/nnet_dense_latency.h:58]   --->   Operation 1829 'add' 'add_ln58_1389' <Predicate = true> <Delay = 0.81> <CoreInst = "Adder">   --->   Core 1 'Adder' <Latency = 0> <II = 1> <Delay = 0.81> <FuncUnit> <Opcode : 'add' 'sub'> <InPorts = 2> <OutPorts = 1>
ST_2 : Operation 1830 [1/1] (0.00ns)   --->   "%sext_ln58_650 = sext i22 %add_ln58_1389" [firmware/nnet_utils/nnet_dense_latency.h:58]   --->   Operation 1830 'sext' 'sext_ln58_650' <Predicate = true> <Delay = 0.00>
ST_2 : Operation 1831 [1/1] (0.00ns)   --->   "%sext_ln58_655 = sext i22 %add_ln58_1395" [firmware/nnet_utils/nnet_dense_latency.h:58]   --->   Operation 1831 'sext' 'sext_ln58_655' <Predicate = true> <Delay = 0.00>
ST_2 : Operation 1832 [1/1] (0.00ns)   --->   "%sext_ln58_658 = sext i21 %add_ln58_1398" [firmware/nnet_utils/nnet_dense_latency.h:58]   --->   Operation 1832 'sext' 'sext_ln58_658' <Predicate = true> <Delay = 0.00>
ST_2 : Operation 1833 [1/1] (0.78ns)   --->   "%add_ln58_1400 = add i17 %sext_ln73_41, i17 2048" [firmware/nnet_utils/nnet_dense_latency.h:58]   --->   Operation 1833 'add' 'add_ln58_1400' <Predicate = true> <Delay = 0.78> <CoreInst = "Adder">   --->   Core 1 'Adder' <Latency = 0> <II = 1> <Delay = 0.78> <FuncUnit> <Opcode : 'add' 'sub'> <InPorts = 2> <OutPorts = 1>
ST_2 : Operation 1834 [1/1] (0.00ns)   --->   "%sext_ln58_659 = sext i17 %add_ln58_1400" [firmware/nnet_utils/nnet_dense_latency.h:58]   --->   Operation 1834 'sext' 'sext_ln58_659' <Predicate = true> <Delay = 0.00>
ST_2 : Operation 1835 [1/1] (0.00ns) (grouped into TernaryAdder)   --->   "%add_ln58_1401 = add i22 %sext_ln58_659, i22 %add_ln58_1399" [firmware/nnet_utils/nnet_dense_latency.h:58]   --->   Operation 1835 'add' 'add_ln58_1401' <Predicate = true> <Delay = 0.00> <CoreInst = "TAddSub">   --->   Core 10 'TAddSub' <Latency = 0> <II = 1> <Delay = 0.34> <IPBlock> <Opcode : '' 'add' 'sub'> <InPorts = 3> <OutPorts = 1> <Sync> <CReg>
ST_2 : Operation 1836 [1/1] (0.69ns) (root node of TernaryAdder)   --->   "%add_ln58_1402 = add i22 %add_ln58_1401, i22 %sext_ln58_658" [firmware/nnet_utils/nnet_dense_latency.h:58]   --->   Operation 1836 'add' 'add_ln58_1402' <Predicate = true> <Delay = 0.69> <CoreInst = "TAddSub">   --->   Core 10 'TAddSub' <Latency = 0> <II = 1> <Delay = 0.34> <IPBlock> <Opcode : '' 'add' 'sub'> <InPorts = 3> <OutPorts = 1> <Sync> <CReg>
ST_2 : Operation 1837 [1/1] (0.00ns)   --->   "%sext_ln58_660 = sext i22 %add_ln58_1402" [firmware/nnet_utils/nnet_dense_latency.h:58]   --->   Operation 1837 'sext' 'sext_ln58_660' <Predicate = true> <Delay = 0.00>
ST_2 : Operation 1838 [1/1] (0.82ns)   --->   "%add_ln58_1403 = add i23 %sext_ln58_660, i23 %sext_ln58_655" [firmware/nnet_utils/nnet_dense_latency.h:58]   --->   Operation 1838 'add' 'add_ln58_1403' <Predicate = true> <Delay = 0.82> <CoreInst = "Adder">   --->   Core 1 'Adder' <Latency = 0> <II = 1> <Delay = 0.82> <FuncUnit> <Opcode : 'add' 'sub'> <InPorts = 2> <OutPorts = 1>
ST_2 : Operation 1839 [1/1] (0.00ns)   --->   "%sext_ln58_661 = sext i23 %add_ln58_1403" [firmware/nnet_utils/nnet_dense_latency.h:58]   --->   Operation 1839 'sext' 'sext_ln58_661' <Predicate = true> <Delay = 0.00>
ST_2 : Operation 1840 [1/1] (0.00ns)   --->   "%sext_ln58_667 = sext i22 %add_ln58_1410" [firmware/nnet_utils/nnet_dense_latency.h:58]   --->   Operation 1840 'sext' 'sext_ln58_667' <Predicate = true> <Delay = 0.00>
ST_2 : Operation 1841 [1/1] (0.00ns)   --->   "%sext_ln58_671 = sext i22 %add_ln58_1415" [firmware/nnet_utils/nnet_dense_latency.h:58]   --->   Operation 1841 'sext' 'sext_ln58_671' <Predicate = true> <Delay = 0.00>
ST_2 : Operation 1842 [1/1] (0.00ns)   --->   "%sext_ln58_675 = sext i22 %add_ln58_1420" [firmware/nnet_utils/nnet_dense_latency.h:58]   --->   Operation 1842 'sext' 'sext_ln58_675' <Predicate = true> <Delay = 0.00>
ST_2 : Operation 1843 [1/1] (0.82ns)   --->   "%add_ln58_1421 = add i23 %sext_ln58_675, i23 %sext_ln58_671" [firmware/nnet_utils/nnet_dense_latency.h:58]   --->   Operation 1843 'add' 'add_ln58_1421' <Predicate = true> <Delay = 0.82> <CoreInst = "Adder">   --->   Core 1 'Adder' <Latency = 0> <II = 1> <Delay = 0.82> <FuncUnit> <Opcode : 'add' 'sub'> <InPorts = 2> <OutPorts = 1>
ST_2 : Operation 1844 [1/1] (0.00ns)   --->   "%sext_ln58_676 = sext i23 %add_ln58_1421" [firmware/nnet_utils/nnet_dense_latency.h:58]   --->   Operation 1844 'sext' 'sext_ln58_676' <Predicate = true> <Delay = 0.00>
ST_2 : Operation 1845 [1/1] (0.00ns)   --->   "%sext_ln58_679 = sext i21 %add_ln58_1426" [firmware/nnet_utils/nnet_dense_latency.h:58]   --->   Operation 1845 'sext' 'sext_ln58_679' <Predicate = true> <Delay = 0.00>
ST_2 : Operation 1846 [1/1] (0.00ns)   --->   "%sext_ln58_681 = sext i21 %add_ln58_1428" [firmware/nnet_utils/nnet_dense_latency.h:58]   --->   Operation 1846 'sext' 'sext_ln58_681' <Predicate = true> <Delay = 0.00>
ST_2 : Operation 1847 [1/1] (0.00ns)   --->   "%sext_ln58_682 = sext i20 %add_ln58_1429" [firmware/nnet_utils/nnet_dense_latency.h:58]   --->   Operation 1847 'sext' 'sext_ln58_682' <Predicate = true> <Delay = 0.00>
ST_2 : Operation 1848 [1/1] (0.78ns)   --->   "%add_ln58_1430 = add i17 %sext_ln73_41, i17 3584" [firmware/nnet_utils/nnet_dense_latency.h:58]   --->   Operation 1848 'add' 'add_ln58_1430' <Predicate = true> <Delay = 0.78> <CoreInst = "Adder">   --->   Core 1 'Adder' <Latency = 0> <II = 1> <Delay = 0.78> <FuncUnit> <Opcode : 'add' 'sub'> <InPorts = 2> <OutPorts = 1>
ST_2 : Operation 1849 [1/1] (0.00ns)   --->   "%sext_ln58_683 = sext i17 %add_ln58_1430" [firmware/nnet_utils/nnet_dense_latency.h:58]   --->   Operation 1849 'sext' 'sext_ln58_683' <Predicate = true> <Delay = 0.00>
ST_2 : Operation 1850 [1/1] (0.80ns)   --->   "%add_ln58_1431 = add i21 %sext_ln58_683, i21 %sext_ln58_682" [firmware/nnet_utils/nnet_dense_latency.h:58]   --->   Operation 1850 'add' 'add_ln58_1431' <Predicate = true> <Delay = 0.80> <CoreInst = "Adder">   --->   Core 1 'Adder' <Latency = 0> <II = 1> <Delay = 0.80> <FuncUnit> <Opcode : 'add' 'sub'> <InPorts = 2> <OutPorts = 1>
ST_2 : Operation 1851 [1/1] (0.00ns)   --->   "%sext_ln58_684 = sext i21 %add_ln58_1431" [firmware/nnet_utils/nnet_dense_latency.h:58]   --->   Operation 1851 'sext' 'sext_ln58_684' <Predicate = true> <Delay = 0.00>
ST_2 : Operation 1852 [1/1] (0.00ns) (grouped into TernaryAdder)   --->   "%add_ln58_1432 = add i22 %sext_ln58_684, i22 %sext_ln58_681" [firmware/nnet_utils/nnet_dense_latency.h:58]   --->   Operation 1852 'add' 'add_ln58_1432' <Predicate = true> <Delay = 0.00> <CoreInst = "TAddSub">   --->   Core 10 'TAddSub' <Latency = 0> <II = 1> <Delay = 0.34> <IPBlock> <Opcode : '' 'add' 'sub'> <InPorts = 3> <OutPorts = 1> <Sync> <CReg>
ST_2 : Operation 1853 [1/1] (0.69ns) (root node of TernaryAdder)   --->   "%add_ln58_1433 = add i22 %add_ln58_1432, i22 %sext_ln58_679" [firmware/nnet_utils/nnet_dense_latency.h:58]   --->   Operation 1853 'add' 'add_ln58_1433' <Predicate = true> <Delay = 0.69> <CoreInst = "TAddSub">   --->   Core 10 'TAddSub' <Latency = 0> <II = 1> <Delay = 0.34> <IPBlock> <Opcode : '' 'add' 'sub'> <InPorts = 3> <OutPorts = 1> <Sync> <CReg>
ST_2 : Operation 1854 [1/1] (0.00ns)   --->   "%sext_ln58_685 = sext i22 %add_ln58_1433" [firmware/nnet_utils/nnet_dense_latency.h:58]   --->   Operation 1854 'sext' 'sext_ln58_685' <Predicate = true> <Delay = 0.00>
ST_2 : Operation 1855 [1/1] (0.00ns)   --->   "%sext_ln58_688 = sext i22 %add_ln58_1438" [firmware/nnet_utils/nnet_dense_latency.h:58]   --->   Operation 1855 'sext' 'sext_ln58_688' <Predicate = true> <Delay = 0.00>
ST_2 : Operation 1856 [1/1] (0.00ns)   --->   "%sext_ln58_692 = sext i21 %add_ln58_1443" [firmware/nnet_utils/nnet_dense_latency.h:58]   --->   Operation 1856 'sext' 'sext_ln58_692' <Predicate = true> <Delay = 0.00>
ST_2 : Operation 1857 [1/1] (0.82ns)   --->   "%add_ln58_1444 = add i23 %sext_ln58_692, i23 %sext_ln58_688" [firmware/nnet_utils/nnet_dense_latency.h:58]   --->   Operation 1857 'add' 'add_ln58_1444' <Predicate = true> <Delay = 0.82> <CoreInst = "Adder">   --->   Core 1 'Adder' <Latency = 0> <II = 1> <Delay = 0.82> <FuncUnit> <Opcode : 'add' 'sub'> <InPorts = 2> <OutPorts = 1>
ST_2 : Operation 1858 [1/1] (0.00ns)   --->   "%sext_ln58_693 = sext i23 %add_ln58_1444" [firmware/nnet_utils/nnet_dense_latency.h:58]   --->   Operation 1858 'sext' 'sext_ln58_693' <Predicate = true> <Delay = 0.00>
ST_2 : Operation 1859 [1/1] (0.00ns)   --->   "%sext_ln58_697 = sext i22 %add_ln58_1449" [firmware/nnet_utils/nnet_dense_latency.h:58]   --->   Operation 1859 'sext' 'sext_ln58_697' <Predicate = true> <Delay = 0.00>
ST_2 : Operation 1860 [1/1] (0.00ns)   --->   "%sext_ln58_701 = sext i21 %add_ln58_1454" [firmware/nnet_utils/nnet_dense_latency.h:58]   --->   Operation 1860 'sext' 'sext_ln58_701' <Predicate = true> <Delay = 0.00>
ST_2 : Operation 1861 [1/1] (0.82ns)   --->   "%add_ln58_1455 = add i23 %sext_ln58_701, i23 %sext_ln58_697" [firmware/nnet_utils/nnet_dense_latency.h:58]   --->   Operation 1861 'add' 'add_ln58_1455' <Predicate = true> <Delay = 0.82> <CoreInst = "Adder">   --->   Core 1 'Adder' <Latency = 0> <II = 1> <Delay = 0.82> <FuncUnit> <Opcode : 'add' 'sub'> <InPorts = 2> <OutPorts = 1>
ST_2 : Operation 1862 [1/1] (0.00ns)   --->   "%sext_ln58_702 = sext i23 %add_ln58_1455" [firmware/nnet_utils/nnet_dense_latency.h:58]   --->   Operation 1862 'sext' 'sext_ln58_702' <Predicate = true> <Delay = 0.00>
ST_2 : Operation 1863 [1/1] (0.00ns)   --->   "%sext_ln58_705 = sext i21 %add_ln58_1459" [firmware/nnet_utils/nnet_dense_latency.h:58]   --->   Operation 1863 'sext' 'sext_ln58_705' <Predicate = true> <Delay = 0.00>
ST_2 : Operation 1864 [1/1] (0.00ns)   --->   "%sext_ln58_710 = sext i21 %add_ln58_1464" [firmware/nnet_utils/nnet_dense_latency.h:58]   --->   Operation 1864 'sext' 'sext_ln58_710' <Predicate = true> <Delay = 0.00>
ST_2 : Operation 1865 [1/1] (0.81ns)   --->   "%add_ln58_1465 = add i22 %sext_ln58_710, i22 %sext_ln58_705" [firmware/nnet_utils/nnet_dense_latency.h:58]   --->   Operation 1865 'add' 'add_ln58_1465' <Predicate = true> <Delay = 0.81> <CoreInst = "Adder">   --->   Core 1 'Adder' <Latency = 0> <II = 1> <Delay = 0.81> <FuncUnit> <Opcode : 'add' 'sub'> <InPorts = 2> <OutPorts = 1>
ST_2 : Operation 1866 [1/1] (0.00ns)   --->   "%sext_ln58_711 = sext i22 %add_ln58_1465" [firmware/nnet_utils/nnet_dense_latency.h:58]   --->   Operation 1866 'sext' 'sext_ln58_711' <Predicate = true> <Delay = 0.00>
ST_2 : Operation 1867 [1/1] (0.00ns)   --->   "%sext_ln58_715 = sext i21 %add_ln58_1469" [firmware/nnet_utils/nnet_dense_latency.h:58]   --->   Operation 1867 'sext' 'sext_ln58_715' <Predicate = true> <Delay = 0.00>
ST_2 : Operation 1868 [1/1] (0.00ns)   --->   "%sext_ln58_725 = sext i23 %add_ln58_1482" [firmware/nnet_utils/nnet_dense_latency.h:58]   --->   Operation 1868 'sext' 'sext_ln58_725' <Predicate = true> <Delay = 0.00>
ST_2 : Operation 1869 [1/1] (0.00ns)   --->   "%sext_ln58_729 = sext i22 %add_ln58_1486" [firmware/nnet_utils/nnet_dense_latency.h:58]   --->   Operation 1869 'sext' 'sext_ln58_729' <Predicate = true> <Delay = 0.00>
ST_2 : Operation 1870 [1/1] (0.00ns)   --->   "%sext_ln58_733 = sext i21 %add_ln58_1491" [firmware/nnet_utils/nnet_dense_latency.h:58]   --->   Operation 1870 'sext' 'sext_ln58_733' <Predicate = true> <Delay = 0.00>
ST_2 : Operation 1871 [1/1] (0.82ns)   --->   "%add_ln58_1492 = add i23 %sext_ln58_733, i23 %sext_ln58_729" [firmware/nnet_utils/nnet_dense_latency.h:58]   --->   Operation 1871 'add' 'add_ln58_1492' <Predicate = true> <Delay = 0.82> <CoreInst = "Adder">   --->   Core 1 'Adder' <Latency = 0> <II = 1> <Delay = 0.82> <FuncUnit> <Opcode : 'add' 'sub'> <InPorts = 2> <OutPorts = 1>
ST_2 : Operation 1872 [1/1] (0.00ns)   --->   "%sext_ln58_734 = sext i23 %add_ln58_1492" [firmware/nnet_utils/nnet_dense_latency.h:58]   --->   Operation 1872 'sext' 'sext_ln58_734' <Predicate = true> <Delay = 0.00>
ST_2 : Operation 1873 [1/1] (0.00ns)   --->   "%sext_ln58_739 = sext i22 %add_ln58_1498" [firmware/nnet_utils/nnet_dense_latency.h:58]   --->   Operation 1873 'sext' 'sext_ln58_739' <Predicate = true> <Delay = 0.00>
ST_2 : Operation 1874 [1/1] (0.00ns)   --->   "%sext_ln58_742 = sext i21 %add_ln58_1501" [firmware/nnet_utils/nnet_dense_latency.h:58]   --->   Operation 1874 'sext' 'sext_ln58_742' <Predicate = true> <Delay = 0.00>
ST_2 : Operation 1875 [1/1] (0.00ns)   --->   "%sext_ln58_744 = sext i21 %add_ln58_1504" [firmware/nnet_utils/nnet_dense_latency.h:58]   --->   Operation 1875 'sext' 'sext_ln58_744' <Predicate = true> <Delay = 0.00>
ST_2 : Operation 1876 [1/1] (0.81ns)   --->   "%add_ln58_1505 = add i22 %sext_ln58_744, i22 %sext_ln58_742" [firmware/nnet_utils/nnet_dense_latency.h:58]   --->   Operation 1876 'add' 'add_ln58_1505' <Predicate = true> <Delay = 0.81> <CoreInst = "Adder">   --->   Core 1 'Adder' <Latency = 0> <II = 1> <Delay = 0.81> <FuncUnit> <Opcode : 'add' 'sub'> <InPorts = 2> <OutPorts = 1>
ST_2 : Operation 1877 [1/1] (0.00ns)   --->   "%sext_ln58_745 = sext i22 %add_ln58_1505" [firmware/nnet_utils/nnet_dense_latency.h:58]   --->   Operation 1877 'sext' 'sext_ln58_745' <Predicate = true> <Delay = 0.00>
ST_2 : Operation 1878 [1/1] (0.82ns)   --->   "%add_ln58_1506 = add i23 %sext_ln58_745, i23 %sext_ln58_739" [firmware/nnet_utils/nnet_dense_latency.h:58]   --->   Operation 1878 'add' 'add_ln58_1506' <Predicate = true> <Delay = 0.82> <CoreInst = "Adder">   --->   Core 1 'Adder' <Latency = 0> <II = 1> <Delay = 0.82> <FuncUnit> <Opcode : 'add' 'sub'> <InPorts = 2> <OutPorts = 1>
ST_2 : Operation 1879 [1/1] (0.00ns)   --->   "%sext_ln58_746 = sext i23 %add_ln58_1506" [firmware/nnet_utils/nnet_dense_latency.h:58]   --->   Operation 1879 'sext' 'sext_ln58_746' <Predicate = true> <Delay = 0.00>
ST_2 : Operation 1880 [1/1] (0.00ns)   --->   "%sext_ln58_751 = sext i22 %add_ln58_1512" [firmware/nnet_utils/nnet_dense_latency.h:58]   --->   Operation 1880 'sext' 'sext_ln58_751' <Predicate = true> <Delay = 0.00>
ST_2 : Operation 1881 [1/1] (0.00ns)   --->   "%sext_ln58_755 = sext i21 %add_ln58_1518" [firmware/nnet_utils/nnet_dense_latency.h:58]   --->   Operation 1881 'sext' 'sext_ln58_755' <Predicate = true> <Delay = 0.00>
ST_2 : Operation 1882 [1/1] (0.82ns)   --->   "%add_ln58_1519 = add i23 %sext_ln58_755, i23 %sext_ln58_751" [firmware/nnet_utils/nnet_dense_latency.h:58]   --->   Operation 1882 'add' 'add_ln58_1519' <Predicate = true> <Delay = 0.82> <CoreInst = "Adder">   --->   Core 1 'Adder' <Latency = 0> <II = 1> <Delay = 0.82> <FuncUnit> <Opcode : 'add' 'sub'> <InPorts = 2> <OutPorts = 1>
ST_2 : Operation 1883 [1/1] (0.00ns)   --->   "%sext_ln58_756 = sext i23 %add_ln58_1519" [firmware/nnet_utils/nnet_dense_latency.h:58]   --->   Operation 1883 'sext' 'sext_ln58_756' <Predicate = true> <Delay = 0.00>
ST_2 : Operation 1884 [1/1] (0.00ns)   --->   "%sext_ln58_760 = sext i21 %add_ln58_1522" [firmware/nnet_utils/nnet_dense_latency.h:58]   --->   Operation 1884 'sext' 'sext_ln58_760' <Predicate = true> <Delay = 0.00>
ST_2 : Operation 1885 [1/1] (0.00ns)   --->   "%sext_ln58_765 = sext i21 %add_ln58_1528" [firmware/nnet_utils/nnet_dense_latency.h:58]   --->   Operation 1885 'sext' 'sext_ln58_765' <Predicate = true> <Delay = 0.00>
ST_2 : Operation 1886 [1/1] (0.81ns)   --->   "%add_ln58_1529 = add i22 %sext_ln58_765, i22 %sext_ln58_760" [firmware/nnet_utils/nnet_dense_latency.h:58]   --->   Operation 1886 'add' 'add_ln58_1529' <Predicate = true> <Delay = 0.81> <CoreInst = "Adder">   --->   Core 1 'Adder' <Latency = 0> <II = 1> <Delay = 0.81> <FuncUnit> <Opcode : 'add' 'sub'> <InPorts = 2> <OutPorts = 1>
ST_2 : Operation 1887 [1/1] (0.00ns)   --->   "%sext_ln58_766 = sext i22 %add_ln58_1529" [firmware/nnet_utils/nnet_dense_latency.h:58]   --->   Operation 1887 'sext' 'sext_ln58_766' <Predicate = true> <Delay = 0.00>
ST_2 : Operation 1888 [1/1] (0.00ns)   --->   "%sext_ln58_772 = sext i22 %add_ln58_1535" [firmware/nnet_utils/nnet_dense_latency.h:58]   --->   Operation 1888 'sext' 'sext_ln58_772' <Predicate = true> <Delay = 0.00>
ST_2 : Operation 1889 [1/1] (0.00ns)   --->   "%sext_ln58_778 = sext i22 %add_ln58_1543" [firmware/nnet_utils/nnet_dense_latency.h:58]   --->   Operation 1889 'sext' 'sext_ln58_778' <Predicate = true> <Delay = 0.00>
ST_2 : Operation 1890 [1/1] (0.82ns)   --->   "%add_ln58_1544 = add i23 %sext_ln58_778, i23 %sext_ln58_772" [firmware/nnet_utils/nnet_dense_latency.h:58]   --->   Operation 1890 'add' 'add_ln58_1544' <Predicate = true> <Delay = 0.82> <CoreInst = "Adder">   --->   Core 1 'Adder' <Latency = 0> <II = 1> <Delay = 0.82> <FuncUnit> <Opcode : 'add' 'sub'> <InPorts = 2> <OutPorts = 1>
ST_2 : Operation 1891 [1/1] (0.00ns)   --->   "%sext_ln58_779 = sext i23 %add_ln58_1544" [firmware/nnet_utils/nnet_dense_latency.h:58]   --->   Operation 1891 'sext' 'sext_ln58_779' <Predicate = true> <Delay = 0.00>
ST_2 : Operation 1892 [1/1] (0.00ns)   --->   "%sext_ln58_786 = sext i22 %add_ln58_1555" [firmware/nnet_utils/nnet_dense_latency.h:58]   --->   Operation 1892 'sext' 'sext_ln58_786' <Predicate = true> <Delay = 0.00>
ST_2 : Operation 1893 [1/1] (0.00ns)   --->   "%sext_ln58_792 = sext i22 %add_ln58_1562" [firmware/nnet_utils/nnet_dense_latency.h:58]   --->   Operation 1893 'sext' 'sext_ln58_792' <Predicate = true> <Delay = 0.00>
ST_2 : Operation 1894 [1/1] (0.00ns)   --->   "%sext_ln58_794 = sext i21 %add_ln58_1564" [firmware/nnet_utils/nnet_dense_latency.h:58]   --->   Operation 1894 'sext' 'sext_ln58_794' <Predicate = true> <Delay = 0.00>
ST_2 : Operation 1895 [1/1] (0.00ns)   --->   "%sext_ln58_796 = sext i21 %sub_ln58_44" [firmware/nnet_utils/nnet_dense_latency.h:58]   --->   Operation 1895 'sext' 'sext_ln58_796' <Predicate = true> <Delay = 0.00>
ST_2 : Operation 1896 [1/1] (0.81ns)   --->   "%add_ln58_1566 = add i22 %sext_ln58_796, i22 %sext_ln58_794" [firmware/nnet_utils/nnet_dense_latency.h:58]   --->   Operation 1896 'add' 'add_ln58_1566' <Predicate = true> <Delay = 0.81> <CoreInst = "Adder">   --->   Core 1 'Adder' <Latency = 0> <II = 1> <Delay = 0.81> <FuncUnit> <Opcode : 'add' 'sub'> <InPorts = 2> <OutPorts = 1>
ST_2 : Operation 1897 [1/1] (0.00ns)   --->   "%sext_ln58_797 = sext i22 %add_ln58_1566" [firmware/nnet_utils/nnet_dense_latency.h:58]   --->   Operation 1897 'sext' 'sext_ln58_797' <Predicate = true> <Delay = 0.00>
ST_2 : Operation 1898 [1/1] (0.00ns)   --->   "%sext_ln58_800 = sext i21 %add_ln58_1570" [firmware/nnet_utils/nnet_dense_latency.h:58]   --->   Operation 1898 'sext' 'sext_ln58_800' <Predicate = true> <Delay = 0.00>
ST_2 : Operation 1899 [1/1] (0.82ns)   --->   "%add_ln58_1571 = add i23 %sext_ln58_800, i23 %sext_ln58_797" [firmware/nnet_utils/nnet_dense_latency.h:58]   --->   Operation 1899 'add' 'add_ln58_1571' <Predicate = true> <Delay = 0.82> <CoreInst = "Adder">   --->   Core 1 'Adder' <Latency = 0> <II = 1> <Delay = 0.82> <FuncUnit> <Opcode : 'add' 'sub'> <InPorts = 2> <OutPorts = 1>
ST_2 : Operation 1900 [1/1] (0.00ns)   --->   "%sext_ln58_801 = sext i23 %add_ln58_1571" [firmware/nnet_utils/nnet_dense_latency.h:58]   --->   Operation 1900 'sext' 'sext_ln58_801' <Predicate = true> <Delay = 0.00>
ST_2 : Operation 1901 [1/1] (0.00ns)   --->   "%sext_ln58_806 = sext i23 %add_ln58_1578" [firmware/nnet_utils/nnet_dense_latency.h:58]   --->   Operation 1901 'sext' 'sext_ln58_806' <Predicate = true> <Delay = 0.00>
ST_2 : Operation 1902 [1/1] (0.00ns)   --->   "%sext_ln58_811 = sext i22 %add_ln58_1583" [firmware/nnet_utils/nnet_dense_latency.h:58]   --->   Operation 1902 'sext' 'sext_ln58_811' <Predicate = true> <Delay = 0.00>
ST_2 : Operation 1903 [1/1] (0.00ns)   --->   "%sext_ln58_817 = sext i22 %add_ln58_1589" [firmware/nnet_utils/nnet_dense_latency.h:58]   --->   Operation 1903 'sext' 'sext_ln58_817' <Predicate = true> <Delay = 0.00>
ST_2 : Operation 1904 [1/1] (0.82ns)   --->   "%add_ln58_1590 = add i23 %sext_ln58_817, i23 %sext_ln58_811" [firmware/nnet_utils/nnet_dense_latency.h:58]   --->   Operation 1904 'add' 'add_ln58_1590' <Predicate = true> <Delay = 0.82> <CoreInst = "Adder">   --->   Core 1 'Adder' <Latency = 0> <II = 1> <Delay = 0.82> <FuncUnit> <Opcode : 'add' 'sub'> <InPorts = 2> <OutPorts = 1>
ST_2 : Operation 1905 [1/1] (0.00ns)   --->   "%sext_ln58_818 = sext i23 %add_ln58_1590" [firmware/nnet_utils/nnet_dense_latency.h:58]   --->   Operation 1905 'sext' 'sext_ln58_818' <Predicate = true> <Delay = 0.00>
ST_2 : Operation 1906 [1/1] (0.00ns)   --->   "%sext_ln58_821 = sext i21 %add_ln58_1594" [firmware/nnet_utils/nnet_dense_latency.h:58]   --->   Operation 1906 'sext' 'sext_ln58_821' <Predicate = true> <Delay = 0.00>
ST_2 : Operation 1907 [1/1] (0.00ns)   --->   "%sext_ln58_825 = sext i20 %add_ln58_1597" [firmware/nnet_utils/nnet_dense_latency.h:58]   --->   Operation 1907 'sext' 'sext_ln58_825' <Predicate = true> <Delay = 0.00>
ST_2 : Operation 1908 [1/1] (0.81ns)   --->   "%add_ln58_1598 = add i22 %sext_ln58_825, i22 %sext_ln58_821" [firmware/nnet_utils/nnet_dense_latency.h:58]   --->   Operation 1908 'add' 'add_ln58_1598' <Predicate = true> <Delay = 0.81> <CoreInst = "Adder">   --->   Core 1 'Adder' <Latency = 0> <II = 1> <Delay = 0.81> <FuncUnit> <Opcode : 'add' 'sub'> <InPorts = 2> <OutPorts = 1>
ST_2 : Operation 1909 [1/1] (0.00ns)   --->   "%sext_ln58_826 = sext i22 %add_ln58_1598" [firmware/nnet_utils/nnet_dense_latency.h:58]   --->   Operation 1909 'sext' 'sext_ln58_826' <Predicate = true> <Delay = 0.00>
ST_2 : Operation 1910 [1/1] (0.00ns)   --->   "%sext_ln58_830 = sext i22 %add_ln58_1601" [firmware/nnet_utils/nnet_dense_latency.h:58]   --->   Operation 1910 'sext' 'sext_ln58_830' <Predicate = true> <Delay = 0.00>
ST_2 : Operation 1911 [1/1] (0.00ns)   --->   "%sext_ln58_836 = sext i21 %add_ln58_1607" [firmware/nnet_utils/nnet_dense_latency.h:58]   --->   Operation 1911 'sext' 'sext_ln58_836' <Predicate = true> <Delay = 0.00>
ST_2 : Operation 1912 [1/1] (0.82ns)   --->   "%add_ln58_1608 = add i23 %sext_ln58_836, i23 %sext_ln58_830" [firmware/nnet_utils/nnet_dense_latency.h:58]   --->   Operation 1912 'add' 'add_ln58_1608' <Predicate = true> <Delay = 0.82> <CoreInst = "Adder">   --->   Core 1 'Adder' <Latency = 0> <II = 1> <Delay = 0.82> <FuncUnit> <Opcode : 'add' 'sub'> <InPorts = 2> <OutPorts = 1>
ST_2 : Operation 1913 [1/1] (0.00ns)   --->   "%sext_ln58_837 = sext i23 %add_ln58_1608" [firmware/nnet_utils/nnet_dense_latency.h:58]   --->   Operation 1913 'sext' 'sext_ln58_837' <Predicate = true> <Delay = 0.00>
ST_2 : Operation 1914 [1/1] (0.00ns)   --->   "%sext_ln58_839 = sext i22 %add_ln58_1611" [firmware/nnet_utils/nnet_dense_latency.h:58]   --->   Operation 1914 'sext' 'sext_ln58_839' <Predicate = true> <Delay = 0.00>
ST_2 : Operation 1915 [1/1] (0.00ns)   --->   "%sext_ln58_844 = sext i22 %add_ln58_1617" [firmware/nnet_utils/nnet_dense_latency.h:58]   --->   Operation 1915 'sext' 'sext_ln58_844' <Predicate = true> <Delay = 0.00>
ST_2 : Operation 1916 [1/1] (0.82ns)   --->   "%add_ln58_1618 = add i23 %sext_ln58_844, i23 %sext_ln58_839" [firmware/nnet_utils/nnet_dense_latency.h:58]   --->   Operation 1916 'add' 'add_ln58_1618' <Predicate = true> <Delay = 0.82> <CoreInst = "Adder">   --->   Core 1 'Adder' <Latency = 0> <II = 1> <Delay = 0.82> <FuncUnit> <Opcode : 'add' 'sub'> <InPorts = 2> <OutPorts = 1>
ST_2 : Operation 1917 [1/1] (0.00ns)   --->   "%sext_ln58_845 = sext i23 %add_ln58_1618" [firmware/nnet_utils/nnet_dense_latency.h:58]   --->   Operation 1917 'sext' 'sext_ln58_845' <Predicate = true> <Delay = 0.00>
ST_2 : Operation 1918 [1/1] (0.00ns)   --->   "%sext_ln58_847 = sext i20 %add_ln58_1620" [firmware/nnet_utils/nnet_dense_latency.h:58]   --->   Operation 1918 'sext' 'sext_ln58_847' <Predicate = true> <Delay = 0.00>
ST_2 : Operation 1919 [1/1] (0.00ns)   --->   "%sext_ln58_850 = sext i21 %add_ln58_1623" [firmware/nnet_utils/nnet_dense_latency.h:58]   --->   Operation 1919 'sext' 'sext_ln58_850' <Predicate = true> <Delay = 0.00>
ST_2 : Operation 1920 [1/1] (0.81ns)   --->   "%add_ln58_1624 = add i22 %sext_ln58_850, i22 %sext_ln58_847" [firmware/nnet_utils/nnet_dense_latency.h:58]   --->   Operation 1920 'add' 'add_ln58_1624' <Predicate = true> <Delay = 0.81> <CoreInst = "Adder">   --->   Core 1 'Adder' <Latency = 0> <II = 1> <Delay = 0.81> <FuncUnit> <Opcode : 'add' 'sub'> <InPorts = 2> <OutPorts = 1>
ST_2 : Operation 1921 [1/1] (0.00ns)   --->   "%sext_ln58_851 = sext i22 %add_ln58_1624" [firmware/nnet_utils/nnet_dense_latency.h:58]   --->   Operation 1921 'sext' 'sext_ln58_851' <Predicate = true> <Delay = 0.00>
ST_2 : Operation 1922 [1/1] (0.00ns)   --->   "%sext_ln58_856 = sext i22 %add_ln58_1629" [firmware/nnet_utils/nnet_dense_latency.h:58]   --->   Operation 1922 'sext' 'sext_ln58_856' <Predicate = true> <Delay = 0.00>
ST_2 : Operation 1923 [1/1] (0.82ns)   --->   "%add_ln58_1630 = add i23 %sext_ln58_856, i23 %sext_ln58_851" [firmware/nnet_utils/nnet_dense_latency.h:58]   --->   Operation 1923 'add' 'add_ln58_1630' <Predicate = true> <Delay = 0.82> <CoreInst = "Adder">   --->   Core 1 'Adder' <Latency = 0> <II = 1> <Delay = 0.82> <FuncUnit> <Opcode : 'add' 'sub'> <InPorts = 2> <OutPorts = 1>
ST_2 : Operation 1924 [1/1] (0.00ns)   --->   "%sext_ln58_857 = sext i23 %add_ln58_1630" [firmware/nnet_utils/nnet_dense_latency.h:58]   --->   Operation 1924 'sext' 'sext_ln58_857' <Predicate = true> <Delay = 0.00>
ST_2 : Operation 1925 [1/1] (0.00ns)   --->   "%sext_ln58_858 = sext i22 %add_ln58_1632" [firmware/nnet_utils/nnet_dense_latency.h:58]   --->   Operation 1925 'sext' 'sext_ln58_858' <Predicate = true> <Delay = 0.00>
ST_2 : Operation 1926 [1/1] (0.00ns)   --->   "%sext_ln58_860 = sext i20 %sub_ln58_54" [firmware/nnet_utils/nnet_dense_latency.h:58]   --->   Operation 1926 'sext' 'sext_ln58_860' <Predicate = true> <Delay = 0.00>
ST_2 : Operation 1927 [1/1] (0.00ns) (grouped into TernaryAdder)   --->   "%add_ln58_1633 = add i23 %sext_ln58_860, i23 %sext_ln58_858" [firmware/nnet_utils/nnet_dense_latency.h:58]   --->   Operation 1927 'add' 'add_ln58_1633' <Predicate = true> <Delay = 0.00> <CoreInst = "TAddSub">   --->   Core 10 'TAddSub' <Latency = 0> <II = 1> <Delay = 0.34> <IPBlock> <Opcode : '' 'add' 'sub'> <InPorts = 3> <OutPorts = 1> <Sync> <CReg>
ST_2 : Operation 1928 [1/1] (0.00ns)   --->   "%sext_ln58_864 = sext i22 %add_ln58_1637" [firmware/nnet_utils/nnet_dense_latency.h:58]   --->   Operation 1928 'sext' 'sext_ln58_864' <Predicate = true> <Delay = 0.00>
ST_2 : Operation 1929 [1/1] (0.69ns) (root node of TernaryAdder)   --->   "%add_ln58_1638 = add i23 %sext_ln58_864, i23 %add_ln58_1633" [firmware/nnet_utils/nnet_dense_latency.h:58]   --->   Operation 1929 'add' 'add_ln58_1638' <Predicate = true> <Delay = 0.69> <CoreInst = "TAddSub">   --->   Core 10 'TAddSub' <Latency = 0> <II = 1> <Delay = 0.34> <IPBlock> <Opcode : '' 'add' 'sub'> <InPorts = 3> <OutPorts = 1> <Sync> <CReg>
ST_2 : Operation 1930 [1/1] (0.00ns)   --->   "%sext_ln58_865 = sext i23 %add_ln58_1638" [firmware/nnet_utils/nnet_dense_latency.h:58]   --->   Operation 1930 'sext' 'sext_ln58_865' <Predicate = true> <Delay = 0.00>
ST_2 : Operation 1931 [1/1] (0.00ns)   --->   "%sext_ln58_867 = sext i21 %add_ln58_1640" [firmware/nnet_utils/nnet_dense_latency.h:58]   --->   Operation 1931 'sext' 'sext_ln58_867' <Predicate = true> <Delay = 0.00>
ST_2 : Operation 1932 [1/1] (0.00ns)   --->   "%sext_ln58_870 = sext i21 %add_ln58_1643" [firmware/nnet_utils/nnet_dense_latency.h:58]   --->   Operation 1932 'sext' 'sext_ln58_870' <Predicate = true> <Delay = 0.00>
ST_2 : Operation 1933 [1/1] (0.81ns)   --->   "%add_ln58_1644 = add i22 %sext_ln58_870, i22 %sext_ln58_867" [firmware/nnet_utils/nnet_dense_latency.h:58]   --->   Operation 1933 'add' 'add_ln58_1644' <Predicate = true> <Delay = 0.81> <CoreInst = "Adder">   --->   Core 1 'Adder' <Latency = 0> <II = 1> <Delay = 0.81> <FuncUnit> <Opcode : 'add' 'sub'> <InPorts = 2> <OutPorts = 1>
ST_2 : Operation 1934 [1/1] (0.00ns)   --->   "%sext_ln58_871 = sext i22 %add_ln58_1644" [firmware/nnet_utils/nnet_dense_latency.h:58]   --->   Operation 1934 'sext' 'sext_ln58_871' <Predicate = true> <Delay = 0.00>
ST_2 : Operation 1935 [1/1] (0.00ns)   --->   "%sext_ln58_875 = sext i22 %add_ln58_1649" [firmware/nnet_utils/nnet_dense_latency.h:58]   --->   Operation 1935 'sext' 'sext_ln58_875' <Predicate = true> <Delay = 0.00>
ST_2 : Operation 1936 [1/1] (0.82ns)   --->   "%add_ln58_1650 = add i23 %sext_ln58_875, i23 %sext_ln58_871" [firmware/nnet_utils/nnet_dense_latency.h:58]   --->   Operation 1936 'add' 'add_ln58_1650' <Predicate = true> <Delay = 0.82> <CoreInst = "Adder">   --->   Core 1 'Adder' <Latency = 0> <II = 1> <Delay = 0.82> <FuncUnit> <Opcode : 'add' 'sub'> <InPorts = 2> <OutPorts = 1>
ST_2 : Operation 1937 [1/1] (0.00ns)   --->   "%sext_ln58_876 = sext i23 %add_ln58_1650" [firmware/nnet_utils/nnet_dense_latency.h:58]   --->   Operation 1937 'sext' 'sext_ln58_876' <Predicate = true> <Delay = 0.00>
ST_2 : Operation 1938 [1/1] (0.00ns)   --->   "%sext_ln58_883 = sext i22 %add_ln58_1657" [firmware/nnet_utils/nnet_dense_latency.h:58]   --->   Operation 1938 'sext' 'sext_ln58_883' <Predicate = true> <Delay = 0.00>
ST_2 : Operation 1939 [1/1] (0.00ns)   --->   "%sext_ln58_890 = sext i22 %add_ln58_1668" [firmware/nnet_utils/nnet_dense_latency.h:58]   --->   Operation 1939 'sext' 'sext_ln58_890' <Predicate = true> <Delay = 0.00>
ST_2 : Operation 1940 [1/1] (0.00ns)   --->   "%sext_ln58_894 = sext i22 %add_ln58_1673" [firmware/nnet_utils/nnet_dense_latency.h:58]   --->   Operation 1940 'sext' 'sext_ln58_894' <Predicate = true> <Delay = 0.00>
ST_2 : Operation 1941 [1/1] (0.00ns)   --->   "%sext_ln58_898 = sext i22 %add_ln58_1678" [firmware/nnet_utils/nnet_dense_latency.h:58]   --->   Operation 1941 'sext' 'sext_ln58_898' <Predicate = true> <Delay = 0.00>
ST_2 : Operation 1942 [1/1] (0.82ns)   --->   "%add_ln58_1679 = add i23 %sext_ln58_898, i23 %sext_ln58_894" [firmware/nnet_utils/nnet_dense_latency.h:58]   --->   Operation 1942 'add' 'add_ln58_1679' <Predicate = true> <Delay = 0.82> <CoreInst = "Adder">   --->   Core 1 'Adder' <Latency = 0> <II = 1> <Delay = 0.82> <FuncUnit> <Opcode : 'add' 'sub'> <InPorts = 2> <OutPorts = 1>
ST_2 : Operation 1943 [1/1] (0.00ns)   --->   "%sext_ln58_899 = sext i23 %add_ln58_1679" [firmware/nnet_utils/nnet_dense_latency.h:58]   --->   Operation 1943 'sext' 'sext_ln58_899' <Predicate = true> <Delay = 0.00>
ST_2 : Operation 1944 [1/1] (0.00ns)   --->   "%sext_ln58_903 = sext i22 %add_ln58_1684" [firmware/nnet_utils/nnet_dense_latency.h:58]   --->   Operation 1944 'sext' 'sext_ln58_903' <Predicate = true> <Delay = 0.00>
ST_2 : Operation 1945 [1/1] (0.00ns)   --->   "%sext_ln58_908 = sext i22 %add_ln58_1690" [firmware/nnet_utils/nnet_dense_latency.h:58]   --->   Operation 1945 'sext' 'sext_ln58_908' <Predicate = true> <Delay = 0.00>
ST_2 : Operation 1946 [1/1] (0.00ns)   --->   "%sext_ln58_913 = sext i22 %add_ln58_1696" [firmware/nnet_utils/nnet_dense_latency.h:58]   --->   Operation 1946 'sext' 'sext_ln58_913' <Predicate = true> <Delay = 0.00>
ST_2 : Operation 1947 [1/1] (0.82ns)   --->   "%add_ln58_1697 = add i23 %sext_ln58_913, i23 %sext_ln58_908" [firmware/nnet_utils/nnet_dense_latency.h:58]   --->   Operation 1947 'add' 'add_ln58_1697' <Predicate = true> <Delay = 0.82> <CoreInst = "Adder">   --->   Core 1 'Adder' <Latency = 0> <II = 1> <Delay = 0.82> <FuncUnit> <Opcode : 'add' 'sub'> <InPorts = 2> <OutPorts = 1>
ST_2 : Operation 1948 [1/1] (0.00ns)   --->   "%sext_ln58_914 = sext i23 %add_ln58_1697" [firmware/nnet_utils/nnet_dense_latency.h:58]   --->   Operation 1948 'sext' 'sext_ln58_914' <Predicate = true> <Delay = 0.00>
ST_2 : Operation 1949 [1/1] (0.00ns)   --->   "%sext_ln58_922 = sext i22 %add_ln58_1708" [firmware/nnet_utils/nnet_dense_latency.h:58]   --->   Operation 1949 'sext' 'sext_ln58_922' <Predicate = true> <Delay = 0.00>
ST_2 : Operation 1950 [1/1] (0.00ns)   --->   "%sext_ln58_927 = sext i22 %add_ln58_1713" [firmware/nnet_utils/nnet_dense_latency.h:58]   --->   Operation 1950 'sext' 'sext_ln58_927' <Predicate = true> <Delay = 0.00>
ST_2 : Operation 1951 [1/1] (0.00ns)   --->   "%sext_ln58_930 = sext i21 %add_ln58_1715" [firmware/nnet_utils/nnet_dense_latency.h:58]   --->   Operation 1951 'sext' 'sext_ln58_930' <Predicate = true> <Delay = 0.00>
ST_2 : Operation 1952 [1/1] (0.00ns)   --->   "%sext_ln58_933 = sext i21 %add_ln58_1718" [firmware/nnet_utils/nnet_dense_latency.h:58]   --->   Operation 1952 'sext' 'sext_ln58_933' <Predicate = true> <Delay = 0.00>
ST_2 : Operation 1953 [1/1] (0.81ns)   --->   "%add_ln58_1719 = add i22 %sext_ln58_933, i22 %sext_ln58_930" [firmware/nnet_utils/nnet_dense_latency.h:58]   --->   Operation 1953 'add' 'add_ln58_1719' <Predicate = true> <Delay = 0.81> <CoreInst = "Adder">   --->   Core 1 'Adder' <Latency = 0> <II = 1> <Delay = 0.81> <FuncUnit> <Opcode : 'add' 'sub'> <InPorts = 2> <OutPorts = 1>
ST_2 : Operation 1954 [1/1] (0.00ns)   --->   "%sext_ln58_934 = sext i22 %add_ln58_1719" [firmware/nnet_utils/nnet_dense_latency.h:58]   --->   Operation 1954 'sext' 'sext_ln58_934' <Predicate = true> <Delay = 0.00>
ST_2 : Operation 1955 [1/1] (0.82ns)   --->   "%add_ln58_1720 = add i23 %sext_ln58_934, i23 %sext_ln58_927" [firmware/nnet_utils/nnet_dense_latency.h:58]   --->   Operation 1955 'add' 'add_ln58_1720' <Predicate = true> <Delay = 0.82> <CoreInst = "Adder">   --->   Core 1 'Adder' <Latency = 0> <II = 1> <Delay = 0.82> <FuncUnit> <Opcode : 'add' 'sub'> <InPorts = 2> <OutPorts = 1>
ST_2 : Operation 1956 [1/1] (0.00ns)   --->   "%sext_ln58_935 = sext i23 %add_ln58_1720" [firmware/nnet_utils/nnet_dense_latency.h:58]   --->   Operation 1956 'sext' 'sext_ln58_935' <Predicate = true> <Delay = 0.00>
ST_2 : Operation 1957 [1/1] (0.00ns)   --->   "%sext_ln58_945 = sext i22 %add_ln58_1729" [firmware/nnet_utils/nnet_dense_latency.h:58]   --->   Operation 1957 'sext' 'sext_ln58_945' <Predicate = true> <Delay = 0.00>
ST_2 : Operation 1958 [1/1] (0.00ns)   --->   "%sext_ln58_949 = sext i22 %add_ln58_1733" [firmware/nnet_utils/nnet_dense_latency.h:58]   --->   Operation 1958 'sext' 'sext_ln58_949' <Predicate = true> <Delay = 0.00>
ST_2 : Operation 1959 [1/1] (0.00ns)   --->   "%sext_ln58_954 = sext i21 %add_ln58_1738" [firmware/nnet_utils/nnet_dense_latency.h:58]   --->   Operation 1959 'sext' 'sext_ln58_954' <Predicate = true> <Delay = 0.00>
ST_2 : Operation 1960 [1/1] (0.82ns)   --->   "%add_ln58_1739 = add i23 %sext_ln58_954, i23 %sext_ln58_949" [firmware/nnet_utils/nnet_dense_latency.h:58]   --->   Operation 1960 'add' 'add_ln58_1739' <Predicate = true> <Delay = 0.82> <CoreInst = "Adder">   --->   Core 1 'Adder' <Latency = 0> <II = 1> <Delay = 0.82> <FuncUnit> <Opcode : 'add' 'sub'> <InPorts = 2> <OutPorts = 1>
ST_2 : Operation 1961 [1/1] (0.00ns)   --->   "%sext_ln58_955 = sext i23 %add_ln58_1739" [firmware/nnet_utils/nnet_dense_latency.h:58]   --->   Operation 1961 'sext' 'sext_ln58_955' <Predicate = true> <Delay = 0.00>
ST_2 : Operation 1962 [1/1] (0.00ns)   --->   "%sext_ln58_962 = sext i23 %add_ln58_1746" [firmware/nnet_utils/nnet_dense_latency.h:58]   --->   Operation 1962 'sext' 'sext_ln58_962' <Predicate = true> <Delay = 0.00>
ST_2 : Operation 1963 [1/1] (0.00ns)   --->   "%sext_ln58_970 = sext i23 %add_ln58_1757" [firmware/nnet_utils/nnet_dense_latency.h:58]   --->   Operation 1963 'sext' 'sext_ln58_970' <Predicate = true> <Delay = 0.00>
ST_2 : Operation 1964 [1/1] (0.00ns)   --->   "%sext_ln58_977 = sext i22 %add_ln58_1764" [firmware/nnet_utils/nnet_dense_latency.h:58]   --->   Operation 1964 'sext' 'sext_ln58_977' <Predicate = true> <Delay = 0.00>
ST_2 : Operation 1965 [1/1] (0.00ns)   --->   "%sext_ln58_978 = sext i21 %add_ln58_1766" [firmware/nnet_utils/nnet_dense_latency.h:58]   --->   Operation 1965 'sext' 'sext_ln58_978' <Predicate = true> <Delay = 0.00>
ST_2 : Operation 1966 [1/1] (0.00ns)   --->   "%sext_ln58_981 = sext i21 %add_ln58_1769" [firmware/nnet_utils/nnet_dense_latency.h:58]   --->   Operation 1966 'sext' 'sext_ln58_981' <Predicate = true> <Delay = 0.00>
ST_2 : Operation 1967 [1/1] (0.81ns)   --->   "%add_ln58_1770 = add i22 %sext_ln58_981, i22 %sext_ln58_978" [firmware/nnet_utils/nnet_dense_latency.h:58]   --->   Operation 1967 'add' 'add_ln58_1770' <Predicate = true> <Delay = 0.81> <CoreInst = "Adder">   --->   Core 1 'Adder' <Latency = 0> <II = 1> <Delay = 0.81> <FuncUnit> <Opcode : 'add' 'sub'> <InPorts = 2> <OutPorts = 1>
ST_2 : Operation 1968 [1/1] (0.00ns)   --->   "%sext_ln58_982 = sext i22 %add_ln58_1770" [firmware/nnet_utils/nnet_dense_latency.h:58]   --->   Operation 1968 'sext' 'sext_ln58_982' <Predicate = true> <Delay = 0.00>
ST_2 : Operation 1969 [1/1] (0.00ns)   --->   "%sext_ln58_986 = sext i21 %add_ln58_1776" [firmware/nnet_utils/nnet_dense_latency.h:58]   --->   Operation 1969 'sext' 'sext_ln58_986' <Predicate = true> <Delay = 0.00>
ST_2 : Operation 1970 [1/1] (0.82ns)   --->   "%add_ln58_1777 = add i23 %sext_ln58_986, i23 %sext_ln58_982" [firmware/nnet_utils/nnet_dense_latency.h:58]   --->   Operation 1970 'add' 'add_ln58_1777' <Predicate = true> <Delay = 0.82> <CoreInst = "Adder">   --->   Core 1 'Adder' <Latency = 0> <II = 1> <Delay = 0.82> <FuncUnit> <Opcode : 'add' 'sub'> <InPorts = 2> <OutPorts = 1>
ST_2 : Operation 1971 [1/1] (0.00ns)   --->   "%sext_ln58_987 = sext i23 %add_ln58_1777" [firmware/nnet_utils/nnet_dense_latency.h:58]   --->   Operation 1971 'sext' 'sext_ln58_987' <Predicate = true> <Delay = 0.00>
ST_2 : Operation 1972 [1/1] (0.00ns)   --->   "%sext_ln58_992 = sext i22 %add_ln58_1783" [firmware/nnet_utils/nnet_dense_latency.h:58]   --->   Operation 1972 'sext' 'sext_ln58_992' <Predicate = true> <Delay = 0.00>
ST_2 : Operation 1973 [1/1] (0.00ns)   --->   "%sext_ln58_996 = sext i22 %add_ln58_1789" [firmware/nnet_utils/nnet_dense_latency.h:58]   --->   Operation 1973 'sext' 'sext_ln58_996' <Predicate = true> <Delay = 0.00>
ST_2 : Operation 1974 [1/1] (0.82ns)   --->   "%add_ln58_1790 = add i23 %sext_ln58_996, i23 %sext_ln58_992" [firmware/nnet_utils/nnet_dense_latency.h:58]   --->   Operation 1974 'add' 'add_ln58_1790' <Predicate = true> <Delay = 0.82> <CoreInst = "Adder">   --->   Core 1 'Adder' <Latency = 0> <II = 1> <Delay = 0.82> <FuncUnit> <Opcode : 'add' 'sub'> <InPorts = 2> <OutPorts = 1>
ST_2 : Operation 1975 [1/1] (0.00ns)   --->   "%sext_ln58_997 = sext i23 %add_ln58_1790" [firmware/nnet_utils/nnet_dense_latency.h:58]   --->   Operation 1975 'sext' 'sext_ln58_997' <Predicate = true> <Delay = 0.00>
ST_2 : Operation 1976 [1/1] (0.00ns)   --->   "%sext_ln58_1002 = sext i22 %add_ln58_1794" [firmware/nnet_utils/nnet_dense_latency.h:58]   --->   Operation 1976 'sext' 'sext_ln58_1002' <Predicate = true> <Delay = 0.00>
ST_2 : Operation 1977 [1/1] (0.00ns)   --->   "%sext_ln58_1006 = sext i22 %add_ln58_1799" [firmware/nnet_utils/nnet_dense_latency.h:58]   --->   Operation 1977 'sext' 'sext_ln58_1006' <Predicate = true> <Delay = 0.00>
ST_2 : Operation 1978 [1/1] (0.82ns)   --->   "%add_ln58_1800 = add i23 %sext_ln58_1006, i23 %sext_ln58_1002" [firmware/nnet_utils/nnet_dense_latency.h:58]   --->   Operation 1978 'add' 'add_ln58_1800' <Predicate = true> <Delay = 0.82> <CoreInst = "Adder">   --->   Core 1 'Adder' <Latency = 0> <II = 1> <Delay = 0.82> <FuncUnit> <Opcode : 'add' 'sub'> <InPorts = 2> <OutPorts = 1>
ST_2 : Operation 1979 [1/1] (0.00ns)   --->   "%sext_ln58_1007 = sext i23 %add_ln58_1800" [firmware/nnet_utils/nnet_dense_latency.h:58]   --->   Operation 1979 'sext' 'sext_ln58_1007' <Predicate = true> <Delay = 0.00>
ST_2 : Operation 1980 [1/1] (0.00ns)   --->   "%sext_ln58_1015 = sext i22 %add_ln58_1810" [firmware/nnet_utils/nnet_dense_latency.h:58]   --->   Operation 1980 'sext' 'sext_ln58_1015' <Predicate = true> <Delay = 0.00>
ST_2 : Operation 1981 [1/1] (0.00ns)   --->   "%sext_ln58_1022 = sext i22 %add_ln58_1820" [firmware/nnet_utils/nnet_dense_latency.h:58]   --->   Operation 1981 'sext' 'sext_ln58_1022' <Predicate = true> <Delay = 0.00>
ST_2 : Operation 1982 [1/1] (0.00ns)   --->   "%sext_ln68 = sext i22 %add_ln58_1828" [firmware/nnet_utils/nnet_dense_latency.h:68]   --->   Operation 1982 'sext' 'sext_ln68' <Predicate = true> <Delay = 0.00>
ST_2 : Operation 1983 [1/1] (0.00ns)   --->   "%mrv = insertvalue i1728 <undef>, i27 %sext_ln58_604" [firmware/nnet_utils/nnet_dense_latency.h:68]   --->   Operation 1983 'insertvalue' 'mrv' <Predicate = true> <Delay = 0.00>
ST_2 : Operation 1984 [1/1] (0.00ns)   --->   "%mrv_1 = insertvalue i1728 %mrv, i27 %sext_ln58_614" [firmware/nnet_utils/nnet_dense_latency.h:68]   --->   Operation 1984 'insertvalue' 'mrv_1' <Predicate = true> <Delay = 0.00>
ST_2 : Operation 1985 [1/1] (0.00ns)   --->   "%mrv_2 = insertvalue i1728 %mrv_1, i27 %sext_ln58_622" [firmware/nnet_utils/nnet_dense_latency.h:68]   --->   Operation 1985 'insertvalue' 'mrv_2' <Predicate = true> <Delay = 0.00>
ST_2 : Operation 1986 [1/1] (0.00ns)   --->   "%mrv_3 = insertvalue i1728 %mrv_2, i27 %sext_ln58_631" [firmware/nnet_utils/nnet_dense_latency.h:68]   --->   Operation 1986 'insertvalue' 'mrv_3' <Predicate = true> <Delay = 0.00>
ST_2 : Operation 1987 [1/1] (0.00ns)   --->   "%mrv_4 = insertvalue i1728 %mrv_3, i27 %sext_ln58_636" [firmware/nnet_utils/nnet_dense_latency.h:68]   --->   Operation 1987 'insertvalue' 'mrv_4' <Predicate = true> <Delay = 0.00>
ST_2 : Operation 1988 [1/1] (0.00ns)   --->   "%mrv_5 = insertvalue i1728 %mrv_4, i27 %sext_ln58_642" [firmware/nnet_utils/nnet_dense_latency.h:68]   --->   Operation 1988 'insertvalue' 'mrv_5' <Predicate = true> <Delay = 0.00>
ST_2 : Operation 1989 [1/1] (0.00ns)   --->   "%mrv_6 = insertvalue i1728 %mrv_5, i27 %sext_ln58_520" [firmware/nnet_utils/nnet_dense_latency.h:68]   --->   Operation 1989 'insertvalue' 'mrv_6' <Predicate = true> <Delay = 0.00>
ST_2 : Operation 1990 [1/1] (0.00ns)   --->   "%mrv_7 = insertvalue i1728 %mrv_6, i27 %sext_ln58_506" [firmware/nnet_utils/nnet_dense_latency.h:68]   --->   Operation 1990 'insertvalue' 'mrv_7' <Predicate = true> <Delay = 0.00>
ST_2 : Operation 1991 [1/1] (0.00ns)   --->   "%mrv_8 = insertvalue i1728 %mrv_7, i27 %sext_ln58_650" [firmware/nnet_utils/nnet_dense_latency.h:68]   --->   Operation 1991 'insertvalue' 'mrv_8' <Predicate = true> <Delay = 0.00>
ST_2 : Operation 1992 [1/1] (0.00ns)   --->   "%mrv_9 = insertvalue i1728 %mrv_8, i27 %sext_ln58_661" [firmware/nnet_utils/nnet_dense_latency.h:68]   --->   Operation 1992 'insertvalue' 'mrv_9' <Predicate = true> <Delay = 0.00>
ST_2 : Operation 1993 [1/1] (0.00ns)   --->   "%mrv_10 = insertvalue i1728 %mrv_9, i27 %sext_ln58_667" [firmware/nnet_utils/nnet_dense_latency.h:68]   --->   Operation 1993 'insertvalue' 'mrv_10' <Predicate = true> <Delay = 0.00>
ST_2 : Operation 1994 [1/1] (0.00ns)   --->   "%mrv_11 = insertvalue i1728 %mrv_10, i27 %sext_ln58_676" [firmware/nnet_utils/nnet_dense_latency.h:68]   --->   Operation 1994 'insertvalue' 'mrv_11' <Predicate = true> <Delay = 0.00>
ST_2 : Operation 1995 [1/1] (0.00ns)   --->   "%mrv_12 = insertvalue i1728 %mrv_11, i27 %sext_ln58_685" [firmware/nnet_utils/nnet_dense_latency.h:68]   --->   Operation 1995 'insertvalue' 'mrv_12' <Predicate = true> <Delay = 0.00>
ST_2 : Operation 1996 [1/1] (0.00ns)   --->   "%mrv_13 = insertvalue i1728 %mrv_12, i27 %sext_ln58_529" [firmware/nnet_utils/nnet_dense_latency.h:68]   --->   Operation 1996 'insertvalue' 'mrv_13' <Predicate = true> <Delay = 0.00>
ST_2 : Operation 1997 [1/1] (0.00ns)   --->   "%mrv_14 = insertvalue i1728 %mrv_13, i27 %sext_ln58_536" [firmware/nnet_utils/nnet_dense_latency.h:68]   --->   Operation 1997 'insertvalue' 'mrv_14' <Predicate = true> <Delay = 0.00>
ST_2 : Operation 1998 [1/1] (0.00ns)   --->   "%mrv_15 = insertvalue i1728 %mrv_14, i27 %sext_ln58_693" [firmware/nnet_utils/nnet_dense_latency.h:68]   --->   Operation 1998 'insertvalue' 'mrv_15' <Predicate = true> <Delay = 0.00>
ST_2 : Operation 1999 [1/1] (0.00ns)   --->   "%mrv_16 = insertvalue i1728 %mrv_15, i27 %sext_ln58_702" [firmware/nnet_utils/nnet_dense_latency.h:68]   --->   Operation 1999 'insertvalue' 'mrv_16' <Predicate = true> <Delay = 0.00>
ST_2 : Operation 2000 [1/1] (0.00ns)   --->   "%mrv_17 = insertvalue i1728 %mrv_16, i27 %sext_ln58_542" [firmware/nnet_utils/nnet_dense_latency.h:68]   --->   Operation 2000 'insertvalue' 'mrv_17' <Predicate = true> <Delay = 0.00>
ST_2 : Operation 2001 [1/1] (0.00ns)   --->   "%mrv_18 = insertvalue i1728 %mrv_17, i27 %sext_ln58_711" [firmware/nnet_utils/nnet_dense_latency.h:68]   --->   Operation 2001 'insertvalue' 'mrv_18' <Predicate = true> <Delay = 0.00>
ST_2 : Operation 2002 [1/1] (0.00ns)   --->   "%mrv_19 = insertvalue i1728 %mrv_18, i27 %sext_ln58_715" [firmware/nnet_utils/nnet_dense_latency.h:68]   --->   Operation 2002 'insertvalue' 'mrv_19' <Predicate = true> <Delay = 0.00>
ST_2 : Operation 2003 [1/1] (0.00ns)   --->   "%mrv_20 = insertvalue i1728 %mrv_19, i27 %sext_ln58_725" [firmware/nnet_utils/nnet_dense_latency.h:68]   --->   Operation 2003 'insertvalue' 'mrv_20' <Predicate = true> <Delay = 0.00>
ST_2 : Operation 2004 [1/1] (0.00ns)   --->   "%mrv_21 = insertvalue i1728 %mrv_20, i27 %sext_ln58_512" [firmware/nnet_utils/nnet_dense_latency.h:68]   --->   Operation 2004 'insertvalue' 'mrv_21' <Predicate = true> <Delay = 0.00>
ST_2 : Operation 2005 [1/1] (0.00ns)   --->   "%mrv_22 = insertvalue i1728 %mrv_21, i27 %sext_ln58_734" [firmware/nnet_utils/nnet_dense_latency.h:68]   --->   Operation 2005 'insertvalue' 'mrv_22' <Predicate = true> <Delay = 0.00>
ST_2 : Operation 2006 [1/1] (0.00ns)   --->   "%mrv_23 = insertvalue i1728 %mrv_22, i27 %sext_ln58_550" [firmware/nnet_utils/nnet_dense_latency.h:68]   --->   Operation 2006 'insertvalue' 'mrv_23' <Predicate = true> <Delay = 0.00>
ST_2 : Operation 2007 [1/1] (0.00ns)   --->   "%mrv_24 = insertvalue i1728 %mrv_23, i27 %sext_ln58_746" [firmware/nnet_utils/nnet_dense_latency.h:68]   --->   Operation 2007 'insertvalue' 'mrv_24' <Predicate = true> <Delay = 0.00>
ST_2 : Operation 2008 [1/1] (0.00ns)   --->   "%mrv_25 = insertvalue i1728 %mrv_24, i27 %sext_ln58_756" [firmware/nnet_utils/nnet_dense_latency.h:68]   --->   Operation 2008 'insertvalue' 'mrv_25' <Predicate = true> <Delay = 0.00>
ST_2 : Operation 2009 [1/1] (0.00ns)   --->   "%mrv_26 = insertvalue i1728 %mrv_25, i27 %sext_ln58_766" [firmware/nnet_utils/nnet_dense_latency.h:68]   --->   Operation 2009 'insertvalue' 'mrv_26' <Predicate = true> <Delay = 0.00>
ST_2 : Operation 2010 [1/1] (0.00ns)   --->   "%mrv_27 = insertvalue i1728 %mrv_26, i27 %sext_ln58_779" [firmware/nnet_utils/nnet_dense_latency.h:68]   --->   Operation 2010 'insertvalue' 'mrv_27' <Predicate = true> <Delay = 0.00>
ST_2 : Operation 2011 [1/1] (0.00ns)   --->   "%mrv_28 = insertvalue i1728 %mrv_27, i27 %sext_ln58_786" [firmware/nnet_utils/nnet_dense_latency.h:68]   --->   Operation 2011 'insertvalue' 'mrv_28' <Predicate = true> <Delay = 0.00>
ST_2 : Operation 2012 [1/1] (0.00ns)   --->   "%mrv_29 = insertvalue i1728 %mrv_28, i27 %sext_ln58_792" [firmware/nnet_utils/nnet_dense_latency.h:68]   --->   Operation 2012 'insertvalue' 'mrv_29' <Predicate = true> <Delay = 0.00>
ST_2 : Operation 2013 [1/1] (0.00ns)   --->   "%mrv_30 = insertvalue i1728 %mrv_29, i27 %sext_ln58_558" [firmware/nnet_utils/nnet_dense_latency.h:68]   --->   Operation 2013 'insertvalue' 'mrv_30' <Predicate = true> <Delay = 0.00>
ST_2 : Operation 2014 [1/1] (0.00ns)   --->   "%mrv_31 = insertvalue i1728 %mrv_30, i27 %sext_ln58_801" [firmware/nnet_utils/nnet_dense_latency.h:68]   --->   Operation 2014 'insertvalue' 'mrv_31' <Predicate = true> <Delay = 0.00>
ST_2 : Operation 2015 [1/1] (0.00ns)   --->   "%mrv_32 = insertvalue i1728 %mrv_31, i27 %sext_ln58_806" [firmware/nnet_utils/nnet_dense_latency.h:68]   --->   Operation 2015 'insertvalue' 'mrv_32' <Predicate = true> <Delay = 0.00>
ST_2 : Operation 2016 [1/1] (0.00ns)   --->   "%mrv_33 = insertvalue i1728 %mrv_32, i27 %sext_ln58_818" [firmware/nnet_utils/nnet_dense_latency.h:68]   --->   Operation 2016 'insertvalue' 'mrv_33' <Predicate = true> <Delay = 0.00>
ST_2 : Operation 2017 [1/1] (0.00ns)   --->   "%mrv_34 = insertvalue i1728 %mrv_33, i27 %sext_ln58_826" [firmware/nnet_utils/nnet_dense_latency.h:68]   --->   Operation 2017 'insertvalue' 'mrv_34' <Predicate = true> <Delay = 0.00>
ST_2 : Operation 2018 [1/1] (0.00ns)   --->   "%mrv_35 = insertvalue i1728 %mrv_34, i27 %sext_ln58_837" [firmware/nnet_utils/nnet_dense_latency.h:68]   --->   Operation 2018 'insertvalue' 'mrv_35' <Predicate = true> <Delay = 0.00>
ST_2 : Operation 2019 [1/1] (0.00ns)   --->   "%mrv_36 = insertvalue i1728 %mrv_35, i27 %sext_ln58_845" [firmware/nnet_utils/nnet_dense_latency.h:68]   --->   Operation 2019 'insertvalue' 'mrv_36' <Predicate = true> <Delay = 0.00>
ST_2 : Operation 2020 [1/1] (0.00ns)   --->   "%mrv_37 = insertvalue i1728 %mrv_36, i27 %sext_ln58_857" [firmware/nnet_utils/nnet_dense_latency.h:68]   --->   Operation 2020 'insertvalue' 'mrv_37' <Predicate = true> <Delay = 0.00>
ST_2 : Operation 2021 [1/1] (0.00ns)   --->   "%mrv_38 = insertvalue i1728 %mrv_37, i27 %sext_ln58_565" [firmware/nnet_utils/nnet_dense_latency.h:68]   --->   Operation 2021 'insertvalue' 'mrv_38' <Predicate = true> <Delay = 0.00>
ST_2 : Operation 2022 [1/1] (0.00ns)   --->   "%mrv_39 = insertvalue i1728 %mrv_38, i27 %sext_ln58_572" [firmware/nnet_utils/nnet_dense_latency.h:68]   --->   Operation 2022 'insertvalue' 'mrv_39' <Predicate = true> <Delay = 0.00>
ST_2 : Operation 2023 [1/1] (0.00ns)   --->   "%mrv_40 = insertvalue i1728 %mrv_39, i27 %sext_ln58_865" [firmware/nnet_utils/nnet_dense_latency.h:68]   --->   Operation 2023 'insertvalue' 'mrv_40' <Predicate = true> <Delay = 0.00>
ST_2 : Operation 2024 [1/1] (0.00ns)   --->   "%mrv_41 = insertvalue i1728 %mrv_40, i27 %sext_ln58_876" [firmware/nnet_utils/nnet_dense_latency.h:68]   --->   Operation 2024 'insertvalue' 'mrv_41' <Predicate = true> <Delay = 0.00>
ST_2 : Operation 2025 [1/1] (0.00ns)   --->   "%mrv_42 = insertvalue i1728 %mrv_41, i27 %sext_ln58_578" [firmware/nnet_utils/nnet_dense_latency.h:68]   --->   Operation 2025 'insertvalue' 'mrv_42' <Predicate = true> <Delay = 0.00>
ST_2 : Operation 2026 [1/1] (0.00ns)   --->   "%mrv_43 = insertvalue i1728 %mrv_42, i27 %sext_ln58_883" [firmware/nnet_utils/nnet_dense_latency.h:68]   --->   Operation 2026 'insertvalue' 'mrv_43' <Predicate = true> <Delay = 0.00>
ST_2 : Operation 2027 [1/1] (0.00ns)   --->   "%mrv_44 = insertvalue i1728 %mrv_43, i27 %sext_ln58_890" [firmware/nnet_utils/nnet_dense_latency.h:68]   --->   Operation 2027 'insertvalue' 'mrv_44' <Predicate = true> <Delay = 0.00>
ST_2 : Operation 2028 [1/1] (0.00ns)   --->   "%mrv_45 = insertvalue i1728 %mrv_44, i27 %sext_ln58_899" [firmware/nnet_utils/nnet_dense_latency.h:68]   --->   Operation 2028 'insertvalue' 'mrv_45' <Predicate = true> <Delay = 0.00>
ST_2 : Operation 2029 [1/1] (0.00ns)   --->   "%mrv_46 = insertvalue i1728 %mrv_45, i27 %sext_ln58_903" [firmware/nnet_utils/nnet_dense_latency.h:68]   --->   Operation 2029 'insertvalue' 'mrv_46' <Predicate = true> <Delay = 0.00>
ST_2 : Operation 2030 [1/1] (0.00ns)   --->   "%mrv_47 = insertvalue i1728 %mrv_46, i27 %sext_ln58_914" [firmware/nnet_utils/nnet_dense_latency.h:68]   --->   Operation 2030 'insertvalue' 'mrv_47' <Predicate = true> <Delay = 0.00>
ST_2 : Operation 2031 [1/1] (0.00ns)   --->   "%mrv_48 = insertvalue i1728 %mrv_47, i27 %sext_ln58_922" [firmware/nnet_utils/nnet_dense_latency.h:68]   --->   Operation 2031 'insertvalue' 'mrv_48' <Predicate = true> <Delay = 0.00>
ST_2 : Operation 2032 [1/1] (0.00ns)   --->   "%mrv_49 = insertvalue i1728 %mrv_48, i27 %sext_ln58_587" [firmware/nnet_utils/nnet_dense_latency.h:68]   --->   Operation 2032 'insertvalue' 'mrv_49' <Predicate = true> <Delay = 0.00>
ST_2 : Operation 2033 [1/1] (0.00ns)   --->   "%mrv_50 = insertvalue i1728 %mrv_49, i27 %sext_ln58_935" [firmware/nnet_utils/nnet_dense_latency.h:68]   --->   Operation 2033 'insertvalue' 'mrv_50' <Predicate = true> <Delay = 0.00>
ST_2 : Operation 2034 [1/1] (0.00ns)   --->   "%mrv_51 = insertvalue i1728 %mrv_50, i27 %sext_ln58_499" [firmware/nnet_utils/nnet_dense_latency.h:68]   --->   Operation 2034 'insertvalue' 'mrv_51' <Predicate = true> <Delay = 0.00>
ST_2 : Operation 2035 [1/1] (0.00ns)   --->   "%mrv_52 = insertvalue i1728 %mrv_51, i27 %sext_ln58_945" [firmware/nnet_utils/nnet_dense_latency.h:68]   --->   Operation 2035 'insertvalue' 'mrv_52' <Predicate = true> <Delay = 0.00>
ST_2 : Operation 2036 [1/1] (0.00ns)   --->   "%mrv_53 = insertvalue i1728 %mrv_52, i27 %sext_ln58_955" [firmware/nnet_utils/nnet_dense_latency.h:68]   --->   Operation 2036 'insertvalue' 'mrv_53' <Predicate = true> <Delay = 0.00>
ST_2 : Operation 2037 [1/1] (0.00ns)   --->   "%mrv_54 = insertvalue i1728 %mrv_53, i27 %sext_ln58_962" [firmware/nnet_utils/nnet_dense_latency.h:68]   --->   Operation 2037 'insertvalue' 'mrv_54' <Predicate = true> <Delay = 0.00>
ST_2 : Operation 2038 [1/1] (0.00ns)   --->   "%mrv_55 = insertvalue i1728 %mrv_54, i27 %sext_ln58_970" [firmware/nnet_utils/nnet_dense_latency.h:68]   --->   Operation 2038 'insertvalue' 'mrv_55' <Predicate = true> <Delay = 0.00>
ST_2 : Operation 2039 [1/1] (0.00ns)   --->   "%mrv_56 = insertvalue i1728 %mrv_55, i27 %sext_ln58_594" [firmware/nnet_utils/nnet_dense_latency.h:68]   --->   Operation 2039 'insertvalue' 'mrv_56' <Predicate = true> <Delay = 0.00>
ST_2 : Operation 2040 [1/1] (0.00ns)   --->   "%mrv_57 = insertvalue i1728 %mrv_56, i27 %sext_ln58_977" [firmware/nnet_utils/nnet_dense_latency.h:68]   --->   Operation 2040 'insertvalue' 'mrv_57' <Predicate = true> <Delay = 0.00>
ST_2 : Operation 2041 [1/1] (0.00ns)   --->   "%mrv_58 = insertvalue i1728 %mrv_57, i27 %sext_ln58_987" [firmware/nnet_utils/nnet_dense_latency.h:68]   --->   Operation 2041 'insertvalue' 'mrv_58' <Predicate = true> <Delay = 0.00>
ST_2 : Operation 2042 [1/1] (0.00ns)   --->   "%mrv_59 = insertvalue i1728 %mrv_58, i27 %sext_ln58_997" [firmware/nnet_utils/nnet_dense_latency.h:68]   --->   Operation 2042 'insertvalue' 'mrv_59' <Predicate = true> <Delay = 0.00>
ST_2 : Operation 2043 [1/1] (0.00ns)   --->   "%mrv_60 = insertvalue i1728 %mrv_59, i27 %sext_ln58_1007" [firmware/nnet_utils/nnet_dense_latency.h:68]   --->   Operation 2043 'insertvalue' 'mrv_60' <Predicate = true> <Delay = 0.00>
ST_2 : Operation 2044 [1/1] (0.00ns)   --->   "%mrv_61 = insertvalue i1728 %mrv_60, i27 %sext_ln58_1015" [firmware/nnet_utils/nnet_dense_latency.h:68]   --->   Operation 2044 'insertvalue' 'mrv_61' <Predicate = true> <Delay = 0.00>
ST_2 : Operation 2045 [1/1] (0.00ns)   --->   "%mrv_62 = insertvalue i1728 %mrv_61, i27 %sext_ln58_1022" [firmware/nnet_utils/nnet_dense_latency.h:68]   --->   Operation 2045 'insertvalue' 'mrv_62' <Predicate = true> <Delay = 0.00>
ST_2 : Operation 2046 [1/1] (0.00ns)   --->   "%mrv_s = insertvalue i1728 %mrv_62, i27 %sext_ln68" [firmware/nnet_utils/nnet_dense_latency.h:68]   --->   Operation 2046 'insertvalue' 'mrv_s' <Predicate = true> <Delay = 0.00>
ST_2 : Operation 2047 [1/1] (0.00ns)   --->   "%ret_ln68 = ret i1728 %mrv_s" [firmware/nnet_utils/nnet_dense_latency.h:68]   --->   Operation 2047 'ret' 'ret_ln68' <Predicate = true> <Delay = 0.00>


============================================================
+ Verbose Summary: Timing violations
============================================================
Target clock period: 5.000ns, clock uncertainty: 1.350ns.

 <State 1>: 3.569ns
The critical path consists of the following:
	wire read operation ('data_val_read') on port 'data_val' [4]  (0.000 ns)
	'mul' operation 21 bit ('mult', firmware/nnet_utils/nnet_mult.h:73->firmware/nnet_utils/nnet_dense_latency.h:42) [464]  (1.940 ns)
	'add' operation 21 bit ('add_ln58_1327', firmware/nnet_utils/nnet_dense_latency.h:58) [984]  (0.815 ns)
	'add' operation 22 bit ('add_ln58_1330', firmware/nnet_utils/nnet_dense_latency.h:58) [991]  (0.815 ns)

 <State 2>: 2.302ns
The critical path consists of the following:
	'add' operation 17 bit ('add_ln58_1400', firmware/nnet_utils/nnet_dense_latency.h:58) [1122]  (0.785 ns)
	'add' operation 22 bit ('add_ln58_1401', firmware/nnet_utils/nnet_dense_latency.h:58) [1124]  (0.000 ns)
	'add' operation 22 bit ('add_ln58_1402', firmware/nnet_utils/nnet_dense_latency.h:58) [1125]  (0.696 ns)
	'add' operation 23 bit ('add_ln58_1403', firmware/nnet_utils/nnet_dense_latency.h:58) [1127]  (0.821 ns)


============================================================
+ Verbose Summary: Binding
============================================================
N/A
* FSMD analyzer results:
  - Output states:
 - Input state : 
  - Chain level:
	State 1
	State 2


============================================================
+ Verbose Summary: Datapath Resource usage 
============================================================
N/A
