

================================================================
== Vitis HLS Report for 'relu_ap_fixed_27_13_5_3_0_ap_ufixed_6_0_4_0_0_relu_config4_s'
================================================================
* Date:           Mon Nov 10 15:41:33 2025

* Version:        2024.1 (Build 5069499 on May 21 2024)
* Project:        myproject_prj
* Solution:       solution1 (Vivado IP Flow Target)
* Product family: virtexuplus
* Target device:  xcu250-figd2104-2L-e


================================================================
== Performance Estimates
================================================================
+ Timing: 
    * Summary: 
    +--------+---------+----------+------------+
    |  Clock |  Target | Estimated| Uncertainty|
    +--------+---------+----------+------------+
    |ap_clk  |  5.00 ns|  2.120 ns|     1.35 ns|
    +--------+---------+----------+------------+

+ Latency: 
    * Summary: 
    +---------+---------+----------+----------+-----+-----+---------+
    |  Latency (cycles) |  Latency (absolute) |  Interval | Pipeline|
    |   min   |   max   |    min   |    max   | min | max |   Type  |
    +---------+---------+----------+----------+-----+-----+---------+
    |        0|        0|      0 ns|      0 ns|    1|    1|      yes|
    +---------+---------+----------+----------+-----+-----+---------+

    + Detail: 
        * Instance: 
        N/A

        * Loop: 
        N/A

============================================================
+ Verbose Summary: Synthesis Manager
============================================================
InlineROM: 1
ExposeGlobal: 0
============================================================
+ Verbose Summary: CDFG Model
============================================================
IsTopModel: 0
ResetActiveHigh: 1
IsCombinational: 0
IsDatapathOnly: 0
HasWiredReturn: 1
HasMFsm: 2
HasVarLatency: 0
IsPipeline: 1
IsRtlPipelined: 0
IsInstanceOverlapped: 0
IsDontTouch: 0
HasImplIP: 0
IsGatedGlobalClock: 0

+ Individual pipeline summary: 
  * Pipeline-0: initiation interval (II) = 1, depth = 1


============================================================
+ Verbose Summary: Schedule
============================================================
* Number of FSM states : 1
* Pipeline : 1
  Pipeline-0 : II = 1, D = 1, States = { 1 }
* Dataflow Pipeline: 0

* FSM state transitions: 
1 --> 

* FSM state operations: 

State 1 <SV = 0> <Delay = 2.12>
ST_1 : Operation 2 [1/1] (0.00ns)   --->   "%specpipeline_ln42 = specpipeline void @_ssdm_op_SpecPipeline, i32 4294967295, i32 0, i32 0, i32 0, void @empty_0" [firmware/nnet_utils/nnet_activation.h:42]   --->   Operation 2 'specpipeline' 'specpipeline_ln42' <Predicate = true> <Delay = 0.00>
ST_1 : Operation 3 [1/1] (0.00ns)   --->   "%data_63_val_read = read i27 @_ssdm_op_Read.ap_auto.i27, i27 %data_63_val" [firmware/nnet_utils/nnet_activation.h:42]   --->   Operation 3 'read' 'data_63_val_read' <Predicate = true> <Delay = 0.00>
ST_1 : Operation 4 [1/1] (0.00ns)   --->   "%data_62_val_read = read i27 @_ssdm_op_Read.ap_auto.i27, i27 %data_62_val" [firmware/nnet_utils/nnet_activation.h:42]   --->   Operation 4 'read' 'data_62_val_read' <Predicate = true> <Delay = 0.00>
ST_1 : Operation 5 [1/1] (0.00ns)   --->   "%data_61_val_read = read i27 @_ssdm_op_Read.ap_auto.i27, i27 %data_61_val" [firmware/nnet_utils/nnet_activation.h:42]   --->   Operation 5 'read' 'data_61_val_read' <Predicate = true> <Delay = 0.00>
ST_1 : Operation 6 [1/1] (0.00ns)   --->   "%data_60_val_read = read i27 @_ssdm_op_Read.ap_auto.i27, i27 %data_60_val" [firmware/nnet_utils/nnet_activation.h:42]   --->   Operation 6 'read' 'data_60_val_read' <Predicate = true> <Delay = 0.00>
ST_1 : Operation 7 [1/1] (0.00ns)   --->   "%data_59_val_read = read i27 @_ssdm_op_Read.ap_auto.i27, i27 %data_59_val" [firmware/nnet_utils/nnet_activation.h:42]   --->   Operation 7 'read' 'data_59_val_read' <Predicate = true> <Delay = 0.00>
ST_1 : Operation 8 [1/1] (0.00ns)   --->   "%data_58_val_read = read i27 @_ssdm_op_Read.ap_auto.i27, i27 %data_58_val" [firmware/nnet_utils/nnet_activation.h:42]   --->   Operation 8 'read' 'data_58_val_read' <Predicate = true> <Delay = 0.00>
ST_1 : Operation 9 [1/1] (0.00ns)   --->   "%data_57_val_read = read i27 @_ssdm_op_Read.ap_auto.i27, i27 %data_57_val" [firmware/nnet_utils/nnet_activation.h:42]   --->   Operation 9 'read' 'data_57_val_read' <Predicate = true> <Delay = 0.00>
ST_1 : Operation 10 [1/1] (0.00ns)   --->   "%data_56_val_read = read i27 @_ssdm_op_Read.ap_auto.i27, i27 %data_56_val" [firmware/nnet_utils/nnet_activation.h:42]   --->   Operation 10 'read' 'data_56_val_read' <Predicate = true> <Delay = 0.00>
ST_1 : Operation 11 [1/1] (0.00ns)   --->   "%data_55_val_read = read i27 @_ssdm_op_Read.ap_auto.i27, i27 %data_55_val" [firmware/nnet_utils/nnet_activation.h:42]   --->   Operation 11 'read' 'data_55_val_read' <Predicate = true> <Delay = 0.00>
ST_1 : Operation 12 [1/1] (0.00ns)   --->   "%data_54_val_read = read i27 @_ssdm_op_Read.ap_auto.i27, i27 %data_54_val" [firmware/nnet_utils/nnet_activation.h:42]   --->   Operation 12 'read' 'data_54_val_read' <Predicate = true> <Delay = 0.00>
ST_1 : Operation 13 [1/1] (0.00ns)   --->   "%data_53_val_read = read i27 @_ssdm_op_Read.ap_auto.i27, i27 %data_53_val" [firmware/nnet_utils/nnet_activation.h:42]   --->   Operation 13 'read' 'data_53_val_read' <Predicate = true> <Delay = 0.00>
ST_1 : Operation 14 [1/1] (0.00ns)   --->   "%data_52_val_read = read i27 @_ssdm_op_Read.ap_auto.i27, i27 %data_52_val" [firmware/nnet_utils/nnet_activation.h:42]   --->   Operation 14 'read' 'data_52_val_read' <Predicate = true> <Delay = 0.00>
ST_1 : Operation 15 [1/1] (0.00ns)   --->   "%data_51_val_read = read i27 @_ssdm_op_Read.ap_auto.i27, i27 %data_51_val" [firmware/nnet_utils/nnet_activation.h:42]   --->   Operation 15 'read' 'data_51_val_read' <Predicate = true> <Delay = 0.00>
ST_1 : Operation 16 [1/1] (0.00ns)   --->   "%data_50_val_read = read i27 @_ssdm_op_Read.ap_auto.i27, i27 %data_50_val" [firmware/nnet_utils/nnet_activation.h:42]   --->   Operation 16 'read' 'data_50_val_read' <Predicate = true> <Delay = 0.00>
ST_1 : Operation 17 [1/1] (0.00ns)   --->   "%data_49_val_read = read i27 @_ssdm_op_Read.ap_auto.i27, i27 %data_49_val" [firmware/nnet_utils/nnet_activation.h:42]   --->   Operation 17 'read' 'data_49_val_read' <Predicate = true> <Delay = 0.00>
ST_1 : Operation 18 [1/1] (0.00ns)   --->   "%data_48_val_read = read i27 @_ssdm_op_Read.ap_auto.i27, i27 %data_48_val" [firmware/nnet_utils/nnet_activation.h:42]   --->   Operation 18 'read' 'data_48_val_read' <Predicate = true> <Delay = 0.00>
ST_1 : Operation 19 [1/1] (0.00ns)   --->   "%data_47_val_read = read i27 @_ssdm_op_Read.ap_auto.i27, i27 %data_47_val" [firmware/nnet_utils/nnet_activation.h:42]   --->   Operation 19 'read' 'data_47_val_read' <Predicate = true> <Delay = 0.00>
ST_1 : Operation 20 [1/1] (0.00ns)   --->   "%data_46_val_read = read i27 @_ssdm_op_Read.ap_auto.i27, i27 %data_46_val" [firmware/nnet_utils/nnet_activation.h:42]   --->   Operation 20 'read' 'data_46_val_read' <Predicate = true> <Delay = 0.00>
ST_1 : Operation 21 [1/1] (0.00ns)   --->   "%data_45_val_read = read i27 @_ssdm_op_Read.ap_auto.i27, i27 %data_45_val" [firmware/nnet_utils/nnet_activation.h:42]   --->   Operation 21 'read' 'data_45_val_read' <Predicate = true> <Delay = 0.00>
ST_1 : Operation 22 [1/1] (0.00ns)   --->   "%data_44_val_read = read i27 @_ssdm_op_Read.ap_auto.i27, i27 %data_44_val" [firmware/nnet_utils/nnet_activation.h:42]   --->   Operation 22 'read' 'data_44_val_read' <Predicate = true> <Delay = 0.00>
ST_1 : Operation 23 [1/1] (0.00ns)   --->   "%data_43_val_read = read i27 @_ssdm_op_Read.ap_auto.i27, i27 %data_43_val" [firmware/nnet_utils/nnet_activation.h:42]   --->   Operation 23 'read' 'data_43_val_read' <Predicate = true> <Delay = 0.00>
ST_1 : Operation 24 [1/1] (0.00ns)   --->   "%data_42_val_read = read i27 @_ssdm_op_Read.ap_auto.i27, i27 %data_42_val" [firmware/nnet_utils/nnet_activation.h:42]   --->   Operation 24 'read' 'data_42_val_read' <Predicate = true> <Delay = 0.00>
ST_1 : Operation 25 [1/1] (0.00ns)   --->   "%data_41_val_read = read i27 @_ssdm_op_Read.ap_auto.i27, i27 %data_41_val" [firmware/nnet_utils/nnet_activation.h:42]   --->   Operation 25 'read' 'data_41_val_read' <Predicate = true> <Delay = 0.00>
ST_1 : Operation 26 [1/1] (0.00ns)   --->   "%data_40_val_read = read i27 @_ssdm_op_Read.ap_auto.i27, i27 %data_40_val" [firmware/nnet_utils/nnet_activation.h:42]   --->   Operation 26 'read' 'data_40_val_read' <Predicate = true> <Delay = 0.00>
ST_1 : Operation 27 [1/1] (0.00ns)   --->   "%data_39_val_read = read i27 @_ssdm_op_Read.ap_auto.i27, i27 %data_39_val" [firmware/nnet_utils/nnet_activation.h:42]   --->   Operation 27 'read' 'data_39_val_read' <Predicate = true> <Delay = 0.00>
ST_1 : Operation 28 [1/1] (0.00ns)   --->   "%data_38_val_read = read i27 @_ssdm_op_Read.ap_auto.i27, i27 %data_38_val" [firmware/nnet_utils/nnet_activation.h:42]   --->   Operation 28 'read' 'data_38_val_read' <Predicate = true> <Delay = 0.00>
ST_1 : Operation 29 [1/1] (0.00ns)   --->   "%data_37_val_read = read i27 @_ssdm_op_Read.ap_auto.i27, i27 %data_37_val" [firmware/nnet_utils/nnet_activation.h:42]   --->   Operation 29 'read' 'data_37_val_read' <Predicate = true> <Delay = 0.00>
ST_1 : Operation 30 [1/1] (0.00ns)   --->   "%data_36_val_read = read i27 @_ssdm_op_Read.ap_auto.i27, i27 %data_36_val" [firmware/nnet_utils/nnet_activation.h:42]   --->   Operation 30 'read' 'data_36_val_read' <Predicate = true> <Delay = 0.00>
ST_1 : Operation 31 [1/1] (0.00ns)   --->   "%data_35_val_read = read i27 @_ssdm_op_Read.ap_auto.i27, i27 %data_35_val" [firmware/nnet_utils/nnet_activation.h:42]   --->   Operation 31 'read' 'data_35_val_read' <Predicate = true> <Delay = 0.00>
ST_1 : Operation 32 [1/1] (0.00ns)   --->   "%data_34_val_read = read i27 @_ssdm_op_Read.ap_auto.i27, i27 %data_34_val" [firmware/nnet_utils/nnet_activation.h:42]   --->   Operation 32 'read' 'data_34_val_read' <Predicate = true> <Delay = 0.00>
ST_1 : Operation 33 [1/1] (0.00ns)   --->   "%data_33_val_read = read i27 @_ssdm_op_Read.ap_auto.i27, i27 %data_33_val" [firmware/nnet_utils/nnet_activation.h:42]   --->   Operation 33 'read' 'data_33_val_read' <Predicate = true> <Delay = 0.00>
ST_1 : Operation 34 [1/1] (0.00ns)   --->   "%data_32_val_read = read i27 @_ssdm_op_Read.ap_auto.i27, i27 %data_32_val" [firmware/nnet_utils/nnet_activation.h:42]   --->   Operation 34 'read' 'data_32_val_read' <Predicate = true> <Delay = 0.00>
ST_1 : Operation 35 [1/1] (0.00ns)   --->   "%data_31_val_read = read i27 @_ssdm_op_Read.ap_auto.i27, i27 %data_31_val" [firmware/nnet_utils/nnet_activation.h:42]   --->   Operation 35 'read' 'data_31_val_read' <Predicate = true> <Delay = 0.00>
ST_1 : Operation 36 [1/1] (0.00ns)   --->   "%data_30_val_read = read i27 @_ssdm_op_Read.ap_auto.i27, i27 %data_30_val" [firmware/nnet_utils/nnet_activation.h:42]   --->   Operation 36 'read' 'data_30_val_read' <Predicate = true> <Delay = 0.00>
ST_1 : Operation 37 [1/1] (0.00ns)   --->   "%data_29_val_read = read i27 @_ssdm_op_Read.ap_auto.i27, i27 %data_29_val" [firmware/nnet_utils/nnet_activation.h:42]   --->   Operation 37 'read' 'data_29_val_read' <Predicate = true> <Delay = 0.00>
ST_1 : Operation 38 [1/1] (0.00ns)   --->   "%data_28_val_read = read i27 @_ssdm_op_Read.ap_auto.i27, i27 %data_28_val" [firmware/nnet_utils/nnet_activation.h:42]   --->   Operation 38 'read' 'data_28_val_read' <Predicate = true> <Delay = 0.00>
ST_1 : Operation 39 [1/1] (0.00ns)   --->   "%data_27_val_read = read i27 @_ssdm_op_Read.ap_auto.i27, i27 %data_27_val" [firmware/nnet_utils/nnet_activation.h:42]   --->   Operation 39 'read' 'data_27_val_read' <Predicate = true> <Delay = 0.00>
ST_1 : Operation 40 [1/1] (0.00ns)   --->   "%data_26_val_read = read i27 @_ssdm_op_Read.ap_auto.i27, i27 %data_26_val" [firmware/nnet_utils/nnet_activation.h:42]   --->   Operation 40 'read' 'data_26_val_read' <Predicate = true> <Delay = 0.00>
ST_1 : Operation 41 [1/1] (0.00ns)   --->   "%data_25_val_read = read i27 @_ssdm_op_Read.ap_auto.i27, i27 %data_25_val" [firmware/nnet_utils/nnet_activation.h:42]   --->   Operation 41 'read' 'data_25_val_read' <Predicate = true> <Delay = 0.00>
ST_1 : Operation 42 [1/1] (0.00ns)   --->   "%data_24_val_read = read i27 @_ssdm_op_Read.ap_auto.i27, i27 %data_24_val" [firmware/nnet_utils/nnet_activation.h:42]   --->   Operation 42 'read' 'data_24_val_read' <Predicate = true> <Delay = 0.00>
ST_1 : Operation 43 [1/1] (0.00ns)   --->   "%data_23_val_read = read i27 @_ssdm_op_Read.ap_auto.i27, i27 %data_23_val" [firmware/nnet_utils/nnet_activation.h:42]   --->   Operation 43 'read' 'data_23_val_read' <Predicate = true> <Delay = 0.00>
ST_1 : Operation 44 [1/1] (0.00ns)   --->   "%data_22_val_read = read i27 @_ssdm_op_Read.ap_auto.i27, i27 %data_22_val" [firmware/nnet_utils/nnet_activation.h:42]   --->   Operation 44 'read' 'data_22_val_read' <Predicate = true> <Delay = 0.00>
ST_1 : Operation 45 [1/1] (0.00ns)   --->   "%data_21_val_read = read i27 @_ssdm_op_Read.ap_auto.i27, i27 %data_21_val" [firmware/nnet_utils/nnet_activation.h:42]   --->   Operation 45 'read' 'data_21_val_read' <Predicate = true> <Delay = 0.00>
ST_1 : Operation 46 [1/1] (0.00ns)   --->   "%data_20_val_read = read i27 @_ssdm_op_Read.ap_auto.i27, i27 %data_20_val" [firmware/nnet_utils/nnet_activation.h:42]   --->   Operation 46 'read' 'data_20_val_read' <Predicate = true> <Delay = 0.00>
ST_1 : Operation 47 [1/1] (0.00ns)   --->   "%data_19_val_read = read i27 @_ssdm_op_Read.ap_auto.i27, i27 %data_19_val" [firmware/nnet_utils/nnet_activation.h:42]   --->   Operation 47 'read' 'data_19_val_read' <Predicate = true> <Delay = 0.00>
ST_1 : Operation 48 [1/1] (0.00ns)   --->   "%data_18_val_read = read i27 @_ssdm_op_Read.ap_auto.i27, i27 %data_18_val" [firmware/nnet_utils/nnet_activation.h:42]   --->   Operation 48 'read' 'data_18_val_read' <Predicate = true> <Delay = 0.00>
ST_1 : Operation 49 [1/1] (0.00ns)   --->   "%data_17_val_read = read i27 @_ssdm_op_Read.ap_auto.i27, i27 %data_17_val" [firmware/nnet_utils/nnet_activation.h:42]   --->   Operation 49 'read' 'data_17_val_read' <Predicate = true> <Delay = 0.00>
ST_1 : Operation 50 [1/1] (0.00ns)   --->   "%data_16_val_read = read i27 @_ssdm_op_Read.ap_auto.i27, i27 %data_16_val" [firmware/nnet_utils/nnet_activation.h:42]   --->   Operation 50 'read' 'data_16_val_read' <Predicate = true> <Delay = 0.00>
ST_1 : Operation 51 [1/1] (0.00ns)   --->   "%data_15_val_read = read i27 @_ssdm_op_Read.ap_auto.i27, i27 %data_15_val" [firmware/nnet_utils/nnet_activation.h:42]   --->   Operation 51 'read' 'data_15_val_read' <Predicate = true> <Delay = 0.00>
ST_1 : Operation 52 [1/1] (0.00ns)   --->   "%data_14_val_read = read i27 @_ssdm_op_Read.ap_auto.i27, i27 %data_14_val" [firmware/nnet_utils/nnet_activation.h:42]   --->   Operation 52 'read' 'data_14_val_read' <Predicate = true> <Delay = 0.00>
ST_1 : Operation 53 [1/1] (0.00ns)   --->   "%data_13_val_read = read i27 @_ssdm_op_Read.ap_auto.i27, i27 %data_13_val" [firmware/nnet_utils/nnet_activation.h:42]   --->   Operation 53 'read' 'data_13_val_read' <Predicate = true> <Delay = 0.00>
ST_1 : Operation 54 [1/1] (0.00ns)   --->   "%data_12_val_read = read i27 @_ssdm_op_Read.ap_auto.i27, i27 %data_12_val" [firmware/nnet_utils/nnet_activation.h:42]   --->   Operation 54 'read' 'data_12_val_read' <Predicate = true> <Delay = 0.00>
ST_1 : Operation 55 [1/1] (0.00ns)   --->   "%data_11_val_read = read i27 @_ssdm_op_Read.ap_auto.i27, i27 %data_11_val" [firmware/nnet_utils/nnet_activation.h:42]   --->   Operation 55 'read' 'data_11_val_read' <Predicate = true> <Delay = 0.00>
ST_1 : Operation 56 [1/1] (0.00ns)   --->   "%data_10_val_read = read i27 @_ssdm_op_Read.ap_auto.i27, i27 %data_10_val" [firmware/nnet_utils/nnet_activation.h:42]   --->   Operation 56 'read' 'data_10_val_read' <Predicate = true> <Delay = 0.00>
ST_1 : Operation 57 [1/1] (0.00ns)   --->   "%data_9_val_read = read i27 @_ssdm_op_Read.ap_auto.i27, i27 %data_9_val" [firmware/nnet_utils/nnet_activation.h:42]   --->   Operation 57 'read' 'data_9_val_read' <Predicate = true> <Delay = 0.00>
ST_1 : Operation 58 [1/1] (0.00ns)   --->   "%data_8_val_read = read i27 @_ssdm_op_Read.ap_auto.i27, i27 %data_8_val" [firmware/nnet_utils/nnet_activation.h:42]   --->   Operation 58 'read' 'data_8_val_read' <Predicate = true> <Delay = 0.00>
ST_1 : Operation 59 [1/1] (0.00ns)   --->   "%data_7_val_read = read i27 @_ssdm_op_Read.ap_auto.i27, i27 %data_7_val" [firmware/nnet_utils/nnet_activation.h:42]   --->   Operation 59 'read' 'data_7_val_read' <Predicate = true> <Delay = 0.00>
ST_1 : Operation 60 [1/1] (0.00ns)   --->   "%data_6_val_read = read i27 @_ssdm_op_Read.ap_auto.i27, i27 %data_6_val" [firmware/nnet_utils/nnet_activation.h:42]   --->   Operation 60 'read' 'data_6_val_read' <Predicate = true> <Delay = 0.00>
ST_1 : Operation 61 [1/1] (0.00ns)   --->   "%data_5_val_read = read i27 @_ssdm_op_Read.ap_auto.i27, i27 %data_5_val" [firmware/nnet_utils/nnet_activation.h:42]   --->   Operation 61 'read' 'data_5_val_read' <Predicate = true> <Delay = 0.00>
ST_1 : Operation 62 [1/1] (0.00ns)   --->   "%data_4_val_read = read i27 @_ssdm_op_Read.ap_auto.i27, i27 %data_4_val" [firmware/nnet_utils/nnet_activation.h:42]   --->   Operation 62 'read' 'data_4_val_read' <Predicate = true> <Delay = 0.00>
ST_1 : Operation 63 [1/1] (0.00ns)   --->   "%data_3_val_read = read i27 @_ssdm_op_Read.ap_auto.i27, i27 %data_3_val" [firmware/nnet_utils/nnet_activation.h:42]   --->   Operation 63 'read' 'data_3_val_read' <Predicate = true> <Delay = 0.00>
ST_1 : Operation 64 [1/1] (0.00ns)   --->   "%data_2_val_read = read i27 @_ssdm_op_Read.ap_auto.i27, i27 %data_2_val" [firmware/nnet_utils/nnet_activation.h:42]   --->   Operation 64 'read' 'data_2_val_read' <Predicate = true> <Delay = 0.00>
ST_1 : Operation 65 [1/1] (0.00ns)   --->   "%data_1_val_read = read i27 @_ssdm_op_Read.ap_auto.i27, i27 %data_1_val" [firmware/nnet_utils/nnet_activation.h:42]   --->   Operation 65 'read' 'data_1_val_read' <Predicate = true> <Delay = 0.00>
ST_1 : Operation 66 [1/1] (0.00ns)   --->   "%data_0_val_read = read i27 @_ssdm_op_Read.ap_auto.i27, i27 %data_0_val" [firmware/nnet_utils/nnet_activation.h:42]   --->   Operation 66 'read' 'data_0_val_read' <Predicate = true> <Delay = 0.00>
ST_1 : Operation 67 [1/1] (0.85ns)   --->   "%icmp_ln45 = icmp_sgt  i27 %data_0_val_read, i27 0" [firmware/nnet_utils/nnet_activation.h:45]   --->   Operation 67 'icmp' 'icmp_ln45' <Predicate = true> <Delay = 0.85> <CoreInst = "Cmp">   --->   Core 9 'Cmp' <Latency = 0> <II = 1> <Delay = 0.85> <FuncUnit> <Opcode : 'seteq' 'setne' 'setle' 'setge' 'setlt' 'setgt'> <InPorts = 2> <OutPorts = 1>
ST_1 : Operation 68 [1/1] (0.00ns)   --->   "%tmp = bitselect i1 @_ssdm_op_BitSelect.i1.i27.i32, i27 %data_0_val_read, i32 26" [firmware/nnet_utils/nnet_activation.h:46]   --->   Operation 68 'bitselect' 'tmp' <Predicate = (icmp_ln45)> <Delay = 0.00>
ST_1 : Operation 69 [1/1] (0.00ns) (grouped into LUT with out node add_ln46)   --->   "%trunc_ln = partselect i6 @_ssdm_op_PartSelect.i6.i27.i32.i32, i27 %data_0_val_read, i32 8, i32 13" [firmware/nnet_utils/nnet_activation.h:46]   --->   Operation 69 'partselect' 'trunc_ln' <Predicate = (icmp_ln45)> <Delay = 0.00>
ST_1 : Operation 70 [1/1] (0.00ns) (grouped into LUT with out node add_ln46)   --->   "%tmp_2 = bitselect i1 @_ssdm_op_BitSelect.i1.i27.i32, i27 %data_0_val_read, i32 7" [firmware/nnet_utils/nnet_activation.h:46]   --->   Operation 70 'bitselect' 'tmp_2' <Predicate = (icmp_ln45)> <Delay = 0.00>
ST_1 : Operation 71 [1/1] (0.00ns)   --->   "%trunc_ln46 = trunc i27 %data_0_val_read" [firmware/nnet_utils/nnet_activation.h:46]   --->   Operation 71 'trunc' 'trunc_ln46' <Predicate = (icmp_ln45)> <Delay = 0.00>
ST_1 : Operation 72 [1/1] (0.70ns)   --->   "%icmp_ln46 = icmp_ne  i7 %trunc_ln46, i7 0" [firmware/nnet_utils/nnet_activation.h:46]   --->   Operation 72 'icmp' 'icmp_ln46' <Predicate = (icmp_ln45)> <Delay = 0.70> <CoreInst = "Cmp">   --->   Core 9 'Cmp' <Latency = 0> <II = 1> <Delay = 0.70> <FuncUnit> <Opcode : 'seteq' 'setne' 'setle' 'setge' 'setlt' 'setgt'> <InPorts = 2> <OutPorts = 1>
ST_1 : Operation 73 [1/1] (0.00ns) (grouped into LUT with out node empty)   --->   "%tmp_3 = bitselect i1 @_ssdm_op_BitSelect.i1.i27.i32, i27 %data_0_val_read, i32 13" [firmware/nnet_utils/nnet_activation.h:46]   --->   Operation 73 'bitselect' 'tmp_3' <Predicate = (icmp_ln45)> <Delay = 0.00>
ST_1 : Operation 74 [1/1] (0.00ns) (grouped into LUT with out node add_ln46)   --->   "%tmp_4 = bitselect i1 @_ssdm_op_BitSelect.i1.i27.i32, i27 %data_0_val_read, i32 8" [firmware/nnet_utils/nnet_activation.h:46]   --->   Operation 74 'bitselect' 'tmp_4' <Predicate = (icmp_ln45)> <Delay = 0.00>
ST_1 : Operation 75 [1/1] (0.00ns) (grouped into LUT with out node add_ln46)   --->   "%or_ln46 = or i1 %tmp_4, i1 %icmp_ln46" [firmware/nnet_utils/nnet_activation.h:46]   --->   Operation 75 'or' 'or_ln46' <Predicate = (icmp_ln45)> <Delay = 0.00> <CoreInst = "LogicGate">   --->   Core 74 'LogicGate' <Latency = 0> <II = 1> <Delay = 0.12> <FuncUnit> <Opcode : 'and' 'or' 'xor'> <InPorts = 2> <OutPorts = 1>
ST_1 : Operation 76 [1/1] (0.00ns) (grouped into LUT with out node add_ln46)   --->   "%and_ln46 = and i1 %or_ln46, i1 %tmp_2" [firmware/nnet_utils/nnet_activation.h:46]   --->   Operation 76 'and' 'and_ln46' <Predicate = (icmp_ln45)> <Delay = 0.00> <CoreInst = "LogicGate">   --->   Core 74 'LogicGate' <Latency = 0> <II = 1> <Delay = 0.12> <FuncUnit> <Opcode : 'and' 'or' 'xor'> <InPorts = 2> <OutPorts = 1>
ST_1 : Operation 77 [1/1] (0.00ns) (grouped into LUT with out node add_ln46)   --->   "%zext_ln46 = zext i1 %and_ln46" [firmware/nnet_utils/nnet_activation.h:46]   --->   Operation 77 'zext' 'zext_ln46' <Predicate = (icmp_ln45)> <Delay = 0.00>
ST_1 : Operation 78 [1/1] (0.70ns) (out node of the LUT)   --->   "%add_ln46 = add i6 %trunc_ln, i6 %zext_ln46" [firmware/nnet_utils/nnet_activation.h:46]   --->   Operation 78 'add' 'add_ln46' <Predicate = (icmp_ln45)> <Delay = 0.70> <CoreInst = "Adder">   --->   Core 1 'Adder' <Latency = 0> <II = 1> <Delay = 0.70> <FuncUnit> <Opcode : 'add' 'sub'> <InPorts = 2> <OutPorts = 1>
ST_1 : Operation 79 [1/1] (0.00ns)   --->   "%tmp_s = partselect i13 @_ssdm_op_PartSelect.i13.i27.i32.i32, i27 %data_0_val_read, i32 14, i32 26" [firmware/nnet_utils/nnet_activation.h:46]   --->   Operation 79 'partselect' 'tmp_s' <Predicate = (icmp_ln45)> <Delay = 0.00>
ST_1 : Operation 80 [1/1] (0.75ns)   --->   "%icmp_ln46_1 = icmp_eq  i13 %tmp_s, i13 0" [firmware/nnet_utils/nnet_activation.h:46]   --->   Operation 80 'icmp' 'icmp_ln46_1' <Predicate = (icmp_ln45)> <Delay = 0.75> <CoreInst = "Cmp">   --->   Core 9 'Cmp' <Latency = 0> <II = 1> <Delay = 0.75> <FuncUnit> <Opcode : 'seteq' 'setne' 'setle' 'setge' 'setlt' 'setgt'> <InPorts = 2> <OutPorts = 1>
ST_1 : Operation 81 [1/1] (0.00ns) (grouped into LUT with out node empty)   --->   "%tmp_5 = bitselect i1 @_ssdm_op_BitSelect.i1.i6.i32, i6 %add_ln46, i32 5" [firmware/nnet_utils/nnet_activation.h:46]   --->   Operation 81 'bitselect' 'tmp_5' <Predicate = (icmp_ln45)> <Delay = 0.00>
ST_1 : Operation 82 [1/1] (0.00ns) (grouped into LUT with out node empty)   --->   "%not_tmp_2 = xor i1 %tmp_3, i1 1" [firmware/nnet_utils/nnet_activation.h:46]   --->   Operation 82 'xor' 'not_tmp_2' <Predicate = (icmp_ln45)> <Delay = 0.00> <CoreInst = "LogicGate">   --->   Core 74 'LogicGate' <Latency = 0> <II = 1> <Delay = 0.12> <FuncUnit> <Opcode : 'and' 'or' 'xor'> <InPorts = 2> <OutPorts = 1>
ST_1 : Operation 83 [1/1] (0.00ns) (grouped into LUT with out node empty)   --->   "%and_ln46_1 = or i1 %tmp_5, i1 %not_tmp_2" [firmware/nnet_utils/nnet_activation.h:46]   --->   Operation 83 'or' 'and_ln46_1' <Predicate = (icmp_ln45)> <Delay = 0.00> <CoreInst = "LogicGate">   --->   Core 74 'LogicGate' <Latency = 0> <II = 1> <Delay = 0.12> <FuncUnit> <Opcode : 'and' 'or' 'xor'> <InPorts = 2> <OutPorts = 1>
ST_1 : Operation 84 [1/1] (0.12ns) (out node of the LUT)   --->   "%empty = and i1 %icmp_ln46_1, i1 %and_ln46_1" [firmware/nnet_utils/nnet_activation.h:46]   --->   Operation 84 'and' 'empty' <Predicate = (icmp_ln45)> <Delay = 0.12> <CoreInst = "LogicGate">   --->   Core 74 'LogicGate' <Latency = 0> <II = 1> <Delay = 0.12> <FuncUnit> <Opcode : 'and' 'or' 'xor'> <InPorts = 2> <OutPorts = 1>
ST_1 : Operation 85 [1/1] (0.00ns) (grouped into LUT with out node select_ln46_1)   --->   "%or_ln46_1 = or i1 %empty, i1 %tmp" [firmware/nnet_utils/nnet_activation.h:46]   --->   Operation 85 'or' 'or_ln46_1' <Predicate = (or_ln46_2 & icmp_ln45)> <Delay = 0.00> <CoreInst = "LogicGate">   --->   Core 74 'LogicGate' <Latency = 0> <II = 1> <Delay = 0.12> <FuncUnit> <Opcode : 'and' 'or' 'xor'> <InPorts = 2> <OutPorts = 1>
ST_1 : Operation 86 [1/1] (0.00ns) (grouped into LUT with out node res_0_0)   --->   "%xor_ln46 = xor i1 %empty, i1 1" [firmware/nnet_utils/nnet_activation.h:46]   --->   Operation 86 'xor' 'xor_ln46' <Predicate = (icmp_ln45)> <Delay = 0.00> <CoreInst = "LogicGate">   --->   Core 74 'LogicGate' <Latency = 0> <II = 1> <Delay = 0.12> <FuncUnit> <Opcode : 'and' 'or' 'xor'> <InPorts = 2> <OutPorts = 1>
ST_1 : Operation 87 [1/1] (0.00ns) (grouped into LUT with out node res_0_0)   --->   "%or_ln46_2 = or i1 %tmp, i1 %xor_ln46" [firmware/nnet_utils/nnet_activation.h:46]   --->   Operation 87 'or' 'or_ln46_2' <Predicate = (icmp_ln45)> <Delay = 0.00> <CoreInst = "LogicGate">   --->   Core 74 'LogicGate' <Latency = 0> <II = 1> <Delay = 0.12> <FuncUnit> <Opcode : 'and' 'or' 'xor'> <InPorts = 2> <OutPorts = 1>
ST_1 : Operation 88 [1/1] (0.00ns) (grouped into LUT with out node select_ln46_1)   --->   "%select_ln46 = select i1 %tmp, i6 0, i6 %add_ln46" [firmware/nnet_utils/nnet_activation.h:46]   --->   Operation 88 'select' 'select_ln46' <Predicate = (or_ln46_1 & or_ln46_2 & icmp_ln45)> <Delay = 0.00> <CoreInst = "Sel">   --->   Core 73 'Sel' <Latency = 0> <II = 1> <Delay = 0.29> <FuncUnit> <Opcode : 'select'> <InPorts = 3> <OutPorts = 1>
ST_1 : Operation 89 [1/1] (0.29ns) (out node of the LUT)   --->   "%select_ln46_1 = select i1 %or_ln46_1, i6 %select_ln46, i6 63" [firmware/nnet_utils/nnet_activation.h:46]   --->   Operation 89 'select' 'select_ln46_1' <Predicate = (or_ln46_2 & icmp_ln45)> <Delay = 0.29> <CoreInst = "Sel">   --->   Core 73 'Sel' <Latency = 0> <II = 1> <Delay = 0.29> <FuncUnit> <Opcode : 'select'> <InPorts = 3> <OutPorts = 1>
ST_1 : Operation 90 [1/1] (0.00ns) (grouped into LUT with out node res_0_0)   --->   "%select_ln46_2 = select i1 %or_ln46_2, i6 %select_ln46_1, i6 %add_ln46" [firmware/nnet_utils/nnet_activation.h:46]   --->   Operation 90 'select' 'select_ln46_2' <Predicate = (icmp_ln45)> <Delay = 0.00> <CoreInst = "Sel">   --->   Core 73 'Sel' <Latency = 0> <II = 1> <Delay = 0.29> <FuncUnit> <Opcode : 'select'> <InPorts = 3> <OutPorts = 1>
ST_1 : Operation 91 [1/1] (0.29ns) (out node of the LUT)   --->   "%res_0_0 = select i1 %icmp_ln45, i6 %select_ln46_2, i6 0" [firmware/nnet_utils/nnet_activation.h:45]   --->   Operation 91 'select' 'res_0_0' <Predicate = true> <Delay = 0.29> <CoreInst = "Sel">   --->   Core 73 'Sel' <Latency = 0> <II = 1> <Delay = 0.29> <FuncUnit> <Opcode : 'select'> <InPorts = 3> <OutPorts = 1>
ST_1 : Operation 92 [1/1] (0.85ns)   --->   "%icmp_ln45_1 = icmp_sgt  i27 %data_1_val_read, i27 0" [firmware/nnet_utils/nnet_activation.h:45]   --->   Operation 92 'icmp' 'icmp_ln45_1' <Predicate = true> <Delay = 0.85> <CoreInst = "Cmp">   --->   Core 9 'Cmp' <Latency = 0> <II = 1> <Delay = 0.85> <FuncUnit> <Opcode : 'seteq' 'setne' 'setle' 'setge' 'setlt' 'setgt'> <InPorts = 2> <OutPorts = 1>
ST_1 : Operation 93 [1/1] (0.00ns)   --->   "%tmp_6 = bitselect i1 @_ssdm_op_BitSelect.i1.i27.i32, i27 %data_1_val_read, i32 26" [firmware/nnet_utils/nnet_activation.h:46]   --->   Operation 93 'bitselect' 'tmp_6' <Predicate = (icmp_ln45_1)> <Delay = 0.00>
ST_1 : Operation 94 [1/1] (0.00ns) (grouped into LUT with out node add_ln46_1)   --->   "%trunc_ln46_1 = partselect i6 @_ssdm_op_PartSelect.i6.i27.i32.i32, i27 %data_1_val_read, i32 8, i32 13" [firmware/nnet_utils/nnet_activation.h:46]   --->   Operation 94 'partselect' 'trunc_ln46_1' <Predicate = (icmp_ln45_1)> <Delay = 0.00>
ST_1 : Operation 95 [1/1] (0.00ns) (grouped into LUT with out node add_ln46_1)   --->   "%tmp_7 = bitselect i1 @_ssdm_op_BitSelect.i1.i27.i32, i27 %data_1_val_read, i32 7" [firmware/nnet_utils/nnet_activation.h:46]   --->   Operation 95 'bitselect' 'tmp_7' <Predicate = (icmp_ln45_1)> <Delay = 0.00>
ST_1 : Operation 96 [1/1] (0.00ns)   --->   "%trunc_ln46_63 = trunc i27 %data_1_val_read" [firmware/nnet_utils/nnet_activation.h:46]   --->   Operation 96 'trunc' 'trunc_ln46_63' <Predicate = (icmp_ln45_1)> <Delay = 0.00>
ST_1 : Operation 97 [1/1] (0.70ns)   --->   "%icmp_ln46_2 = icmp_ne  i7 %trunc_ln46_63, i7 0" [firmware/nnet_utils/nnet_activation.h:46]   --->   Operation 97 'icmp' 'icmp_ln46_2' <Predicate = (icmp_ln45_1)> <Delay = 0.70> <CoreInst = "Cmp">   --->   Core 9 'Cmp' <Latency = 0> <II = 1> <Delay = 0.70> <FuncUnit> <Opcode : 'seteq' 'setne' 'setle' 'setge' 'setlt' 'setgt'> <InPorts = 2> <OutPorts = 1>
ST_1 : Operation 98 [1/1] (0.00ns) (grouped into LUT with out node empty_19)   --->   "%tmp_8 = bitselect i1 @_ssdm_op_BitSelect.i1.i27.i32, i27 %data_1_val_read, i32 13" [firmware/nnet_utils/nnet_activation.h:46]   --->   Operation 98 'bitselect' 'tmp_8' <Predicate = (icmp_ln45_1)> <Delay = 0.00>
ST_1 : Operation 99 [1/1] (0.00ns) (grouped into LUT with out node add_ln46_1)   --->   "%tmp_9 = bitselect i1 @_ssdm_op_BitSelect.i1.i27.i32, i27 %data_1_val_read, i32 8" [firmware/nnet_utils/nnet_activation.h:46]   --->   Operation 99 'bitselect' 'tmp_9' <Predicate = (icmp_ln45_1)> <Delay = 0.00>
ST_1 : Operation 100 [1/1] (0.00ns) (grouped into LUT with out node add_ln46_1)   --->   "%or_ln46_3 = or i1 %tmp_9, i1 %icmp_ln46_2" [firmware/nnet_utils/nnet_activation.h:46]   --->   Operation 100 'or' 'or_ln46_3' <Predicate = (icmp_ln45_1)> <Delay = 0.00> <CoreInst = "LogicGate">   --->   Core 74 'LogicGate' <Latency = 0> <II = 1> <Delay = 0.12> <FuncUnit> <Opcode : 'and' 'or' 'xor'> <InPorts = 2> <OutPorts = 1>
ST_1 : Operation 101 [1/1] (0.00ns) (grouped into LUT with out node add_ln46_1)   --->   "%and_ln46_2 = and i1 %or_ln46_3, i1 %tmp_7" [firmware/nnet_utils/nnet_activation.h:46]   --->   Operation 101 'and' 'and_ln46_2' <Predicate = (icmp_ln45_1)> <Delay = 0.00> <CoreInst = "LogicGate">   --->   Core 74 'LogicGate' <Latency = 0> <II = 1> <Delay = 0.12> <FuncUnit> <Opcode : 'and' 'or' 'xor'> <InPorts = 2> <OutPorts = 1>
ST_1 : Operation 102 [1/1] (0.00ns) (grouped into LUT with out node add_ln46_1)   --->   "%zext_ln46_1 = zext i1 %and_ln46_2" [firmware/nnet_utils/nnet_activation.h:46]   --->   Operation 102 'zext' 'zext_ln46_1' <Predicate = (icmp_ln45_1)> <Delay = 0.00>
ST_1 : Operation 103 [1/1] (0.70ns) (out node of the LUT)   --->   "%add_ln46_1 = add i6 %trunc_ln46_1, i6 %zext_ln46_1" [firmware/nnet_utils/nnet_activation.h:46]   --->   Operation 103 'add' 'add_ln46_1' <Predicate = (icmp_ln45_1)> <Delay = 0.70> <CoreInst = "Adder">   --->   Core 1 'Adder' <Latency = 0> <II = 1> <Delay = 0.70> <FuncUnit> <Opcode : 'add' 'sub'> <InPorts = 2> <OutPorts = 1>
ST_1 : Operation 104 [1/1] (0.00ns)   --->   "%tmp_1 = partselect i13 @_ssdm_op_PartSelect.i13.i27.i32.i32, i27 %data_1_val_read, i32 14, i32 26" [firmware/nnet_utils/nnet_activation.h:46]   --->   Operation 104 'partselect' 'tmp_1' <Predicate = (icmp_ln45_1)> <Delay = 0.00>
ST_1 : Operation 105 [1/1] (0.75ns)   --->   "%icmp_ln46_3 = icmp_eq  i13 %tmp_1, i13 0" [firmware/nnet_utils/nnet_activation.h:46]   --->   Operation 105 'icmp' 'icmp_ln46_3' <Predicate = (icmp_ln45_1)> <Delay = 0.75> <CoreInst = "Cmp">   --->   Core 9 'Cmp' <Latency = 0> <II = 1> <Delay = 0.75> <FuncUnit> <Opcode : 'seteq' 'setne' 'setle' 'setge' 'setlt' 'setgt'> <InPorts = 2> <OutPorts = 1>
ST_1 : Operation 106 [1/1] (0.00ns) (grouped into LUT with out node empty_19)   --->   "%tmp_10 = bitselect i1 @_ssdm_op_BitSelect.i1.i6.i32, i6 %add_ln46_1, i32 5" [firmware/nnet_utils/nnet_activation.h:46]   --->   Operation 106 'bitselect' 'tmp_10' <Predicate = (icmp_ln45_1)> <Delay = 0.00>
ST_1 : Operation 107 [1/1] (0.00ns) (grouped into LUT with out node empty_19)   --->   "%not_tmp_9 = xor i1 %tmp_8, i1 1" [firmware/nnet_utils/nnet_activation.h:46]   --->   Operation 107 'xor' 'not_tmp_9' <Predicate = (icmp_ln45_1)> <Delay = 0.00> <CoreInst = "LogicGate">   --->   Core 74 'LogicGate' <Latency = 0> <II = 1> <Delay = 0.12> <FuncUnit> <Opcode : 'and' 'or' 'xor'> <InPorts = 2> <OutPorts = 1>
ST_1 : Operation 108 [1/1] (0.00ns) (grouped into LUT with out node empty_19)   --->   "%and_ln46_3 = or i1 %tmp_10, i1 %not_tmp_9" [firmware/nnet_utils/nnet_activation.h:46]   --->   Operation 108 'or' 'and_ln46_3' <Predicate = (icmp_ln45_1)> <Delay = 0.00> <CoreInst = "LogicGate">   --->   Core 74 'LogicGate' <Latency = 0> <II = 1> <Delay = 0.12> <FuncUnit> <Opcode : 'and' 'or' 'xor'> <InPorts = 2> <OutPorts = 1>
ST_1 : Operation 109 [1/1] (0.12ns) (out node of the LUT)   --->   "%empty_19 = and i1 %icmp_ln46_3, i1 %and_ln46_3" [firmware/nnet_utils/nnet_activation.h:46]   --->   Operation 109 'and' 'empty_19' <Predicate = (icmp_ln45_1)> <Delay = 0.12> <CoreInst = "LogicGate">   --->   Core 74 'LogicGate' <Latency = 0> <II = 1> <Delay = 0.12> <FuncUnit> <Opcode : 'and' 'or' 'xor'> <InPorts = 2> <OutPorts = 1>
ST_1 : Operation 110 [1/1] (0.00ns) (grouped into LUT with out node select_ln46_4)   --->   "%or_ln46_4 = or i1 %empty_19, i1 %tmp_6" [firmware/nnet_utils/nnet_activation.h:46]   --->   Operation 110 'or' 'or_ln46_4' <Predicate = (or_ln46_5 & icmp_ln45_1)> <Delay = 0.00> <CoreInst = "LogicGate">   --->   Core 74 'LogicGate' <Latency = 0> <II = 1> <Delay = 0.12> <FuncUnit> <Opcode : 'and' 'or' 'xor'> <InPorts = 2> <OutPorts = 1>
ST_1 : Operation 111 [1/1] (0.00ns) (grouped into LUT with out node res_1_0)   --->   "%xor_ln46_1 = xor i1 %empty_19, i1 1" [firmware/nnet_utils/nnet_activation.h:46]   --->   Operation 111 'xor' 'xor_ln46_1' <Predicate = (icmp_ln45_1)> <Delay = 0.00> <CoreInst = "LogicGate">   --->   Core 74 'LogicGate' <Latency = 0> <II = 1> <Delay = 0.12> <FuncUnit> <Opcode : 'and' 'or' 'xor'> <InPorts = 2> <OutPorts = 1>
ST_1 : Operation 112 [1/1] (0.00ns) (grouped into LUT with out node res_1_0)   --->   "%or_ln46_5 = or i1 %tmp_6, i1 %xor_ln46_1" [firmware/nnet_utils/nnet_activation.h:46]   --->   Operation 112 'or' 'or_ln46_5' <Predicate = (icmp_ln45_1)> <Delay = 0.00> <CoreInst = "LogicGate">   --->   Core 74 'LogicGate' <Latency = 0> <II = 1> <Delay = 0.12> <FuncUnit> <Opcode : 'and' 'or' 'xor'> <InPorts = 2> <OutPorts = 1>
ST_1 : Operation 113 [1/1] (0.00ns) (grouped into LUT with out node select_ln46_4)   --->   "%select_ln46_3 = select i1 %tmp_6, i6 0, i6 %add_ln46_1" [firmware/nnet_utils/nnet_activation.h:46]   --->   Operation 113 'select' 'select_ln46_3' <Predicate = (or_ln46_4 & or_ln46_5 & icmp_ln45_1)> <Delay = 0.00> <CoreInst = "Sel">   --->   Core 73 'Sel' <Latency = 0> <II = 1> <Delay = 0.29> <FuncUnit> <Opcode : 'select'> <InPorts = 3> <OutPorts = 1>
ST_1 : Operation 114 [1/1] (0.29ns) (out node of the LUT)   --->   "%select_ln46_4 = select i1 %or_ln46_4, i6 %select_ln46_3, i6 63" [firmware/nnet_utils/nnet_activation.h:46]   --->   Operation 114 'select' 'select_ln46_4' <Predicate = (or_ln46_5 & icmp_ln45_1)> <Delay = 0.29> <CoreInst = "Sel">   --->   Core 73 'Sel' <Latency = 0> <II = 1> <Delay = 0.29> <FuncUnit> <Opcode : 'select'> <InPorts = 3> <OutPorts = 1>
ST_1 : Operation 115 [1/1] (0.00ns) (grouped into LUT with out node res_1_0)   --->   "%select_ln46_5 = select i1 %or_ln46_5, i6 %select_ln46_4, i6 %add_ln46_1" [firmware/nnet_utils/nnet_activation.h:46]   --->   Operation 115 'select' 'select_ln46_5' <Predicate = (icmp_ln45_1)> <Delay = 0.00> <CoreInst = "Sel">   --->   Core 73 'Sel' <Latency = 0> <II = 1> <Delay = 0.29> <FuncUnit> <Opcode : 'select'> <InPorts = 3> <OutPorts = 1>
ST_1 : Operation 116 [1/1] (0.29ns) (out node of the LUT)   --->   "%res_1_0 = select i1 %icmp_ln45_1, i6 %select_ln46_5, i6 0" [firmware/nnet_utils/nnet_activation.h:45]   --->   Operation 116 'select' 'res_1_0' <Predicate = true> <Delay = 0.29> <CoreInst = "Sel">   --->   Core 73 'Sel' <Latency = 0> <II = 1> <Delay = 0.29> <FuncUnit> <Opcode : 'select'> <InPorts = 3> <OutPorts = 1>
ST_1 : Operation 117 [1/1] (0.85ns)   --->   "%icmp_ln45_2 = icmp_sgt  i27 %data_2_val_read, i27 0" [firmware/nnet_utils/nnet_activation.h:45]   --->   Operation 117 'icmp' 'icmp_ln45_2' <Predicate = true> <Delay = 0.85> <CoreInst = "Cmp">   --->   Core 9 'Cmp' <Latency = 0> <II = 1> <Delay = 0.85> <FuncUnit> <Opcode : 'seteq' 'setne' 'setle' 'setge' 'setlt' 'setgt'> <InPorts = 2> <OutPorts = 1>
ST_1 : Operation 118 [1/1] (0.00ns)   --->   "%tmp_11 = bitselect i1 @_ssdm_op_BitSelect.i1.i27.i32, i27 %data_2_val_read, i32 26" [firmware/nnet_utils/nnet_activation.h:46]   --->   Operation 118 'bitselect' 'tmp_11' <Predicate = (icmp_ln45_2)> <Delay = 0.00>
ST_1 : Operation 119 [1/1] (0.00ns) (grouped into LUT with out node add_ln46_2)   --->   "%trunc_ln46_2 = partselect i6 @_ssdm_op_PartSelect.i6.i27.i32.i32, i27 %data_2_val_read, i32 8, i32 13" [firmware/nnet_utils/nnet_activation.h:46]   --->   Operation 119 'partselect' 'trunc_ln46_2' <Predicate = (icmp_ln45_2)> <Delay = 0.00>
ST_1 : Operation 120 [1/1] (0.00ns) (grouped into LUT with out node add_ln46_2)   --->   "%tmp_12 = bitselect i1 @_ssdm_op_BitSelect.i1.i27.i32, i27 %data_2_val_read, i32 7" [firmware/nnet_utils/nnet_activation.h:46]   --->   Operation 120 'bitselect' 'tmp_12' <Predicate = (icmp_ln45_2)> <Delay = 0.00>
ST_1 : Operation 121 [1/1] (0.00ns)   --->   "%trunc_ln46_64 = trunc i27 %data_2_val_read" [firmware/nnet_utils/nnet_activation.h:46]   --->   Operation 121 'trunc' 'trunc_ln46_64' <Predicate = (icmp_ln45_2)> <Delay = 0.00>
ST_1 : Operation 122 [1/1] (0.70ns)   --->   "%icmp_ln46_4 = icmp_ne  i7 %trunc_ln46_64, i7 0" [firmware/nnet_utils/nnet_activation.h:46]   --->   Operation 122 'icmp' 'icmp_ln46_4' <Predicate = (icmp_ln45_2)> <Delay = 0.70> <CoreInst = "Cmp">   --->   Core 9 'Cmp' <Latency = 0> <II = 1> <Delay = 0.70> <FuncUnit> <Opcode : 'seteq' 'setne' 'setle' 'setge' 'setlt' 'setgt'> <InPorts = 2> <OutPorts = 1>
ST_1 : Operation 123 [1/1] (0.00ns) (grouped into LUT with out node empty_20)   --->   "%tmp_13 = bitselect i1 @_ssdm_op_BitSelect.i1.i27.i32, i27 %data_2_val_read, i32 13" [firmware/nnet_utils/nnet_activation.h:46]   --->   Operation 123 'bitselect' 'tmp_13' <Predicate = (icmp_ln45_2)> <Delay = 0.00>
ST_1 : Operation 124 [1/1] (0.00ns) (grouped into LUT with out node add_ln46_2)   --->   "%tmp_14 = bitselect i1 @_ssdm_op_BitSelect.i1.i27.i32, i27 %data_2_val_read, i32 8" [firmware/nnet_utils/nnet_activation.h:46]   --->   Operation 124 'bitselect' 'tmp_14' <Predicate = (icmp_ln45_2)> <Delay = 0.00>
ST_1 : Operation 125 [1/1] (0.00ns) (grouped into LUT with out node add_ln46_2)   --->   "%or_ln46_6 = or i1 %tmp_14, i1 %icmp_ln46_4" [firmware/nnet_utils/nnet_activation.h:46]   --->   Operation 125 'or' 'or_ln46_6' <Predicate = (icmp_ln45_2)> <Delay = 0.00> <CoreInst = "LogicGate">   --->   Core 74 'LogicGate' <Latency = 0> <II = 1> <Delay = 0.12> <FuncUnit> <Opcode : 'and' 'or' 'xor'> <InPorts = 2> <OutPorts = 1>
ST_1 : Operation 126 [1/1] (0.00ns) (grouped into LUT with out node add_ln46_2)   --->   "%and_ln46_4 = and i1 %or_ln46_6, i1 %tmp_12" [firmware/nnet_utils/nnet_activation.h:46]   --->   Operation 126 'and' 'and_ln46_4' <Predicate = (icmp_ln45_2)> <Delay = 0.00> <CoreInst = "LogicGate">   --->   Core 74 'LogicGate' <Latency = 0> <II = 1> <Delay = 0.12> <FuncUnit> <Opcode : 'and' 'or' 'xor'> <InPorts = 2> <OutPorts = 1>
ST_1 : Operation 127 [1/1] (0.00ns) (grouped into LUT with out node add_ln46_2)   --->   "%zext_ln46_2 = zext i1 %and_ln46_4" [firmware/nnet_utils/nnet_activation.h:46]   --->   Operation 127 'zext' 'zext_ln46_2' <Predicate = (icmp_ln45_2)> <Delay = 0.00>
ST_1 : Operation 128 [1/1] (0.70ns) (out node of the LUT)   --->   "%add_ln46_2 = add i6 %trunc_ln46_2, i6 %zext_ln46_2" [firmware/nnet_utils/nnet_activation.h:46]   --->   Operation 128 'add' 'add_ln46_2' <Predicate = (icmp_ln45_2)> <Delay = 0.70> <CoreInst = "Adder">   --->   Core 1 'Adder' <Latency = 0> <II = 1> <Delay = 0.70> <FuncUnit> <Opcode : 'add' 'sub'> <InPorts = 2> <OutPorts = 1>
ST_1 : Operation 129 [1/1] (0.00ns)   --->   "%tmp_15 = partselect i13 @_ssdm_op_PartSelect.i13.i27.i32.i32, i27 %data_2_val_read, i32 14, i32 26" [firmware/nnet_utils/nnet_activation.h:46]   --->   Operation 129 'partselect' 'tmp_15' <Predicate = (icmp_ln45_2)> <Delay = 0.00>
ST_1 : Operation 130 [1/1] (0.75ns)   --->   "%icmp_ln46_5 = icmp_eq  i13 %tmp_15, i13 0" [firmware/nnet_utils/nnet_activation.h:46]   --->   Operation 130 'icmp' 'icmp_ln46_5' <Predicate = (icmp_ln45_2)> <Delay = 0.75> <CoreInst = "Cmp">   --->   Core 9 'Cmp' <Latency = 0> <II = 1> <Delay = 0.75> <FuncUnit> <Opcode : 'seteq' 'setne' 'setle' 'setge' 'setlt' 'setgt'> <InPorts = 2> <OutPorts = 1>
ST_1 : Operation 131 [1/1] (0.00ns) (grouped into LUT with out node empty_20)   --->   "%tmp_16 = bitselect i1 @_ssdm_op_BitSelect.i1.i6.i32, i6 %add_ln46_2, i32 5" [firmware/nnet_utils/nnet_activation.h:46]   --->   Operation 131 'bitselect' 'tmp_16' <Predicate = (icmp_ln45_2)> <Delay = 0.00>
ST_1 : Operation 132 [1/1] (0.00ns) (grouped into LUT with out node empty_20)   --->   "%not_tmp_16 = xor i1 %tmp_13, i1 1" [firmware/nnet_utils/nnet_activation.h:46]   --->   Operation 132 'xor' 'not_tmp_16' <Predicate = (icmp_ln45_2)> <Delay = 0.00> <CoreInst = "LogicGate">   --->   Core 74 'LogicGate' <Latency = 0> <II = 1> <Delay = 0.12> <FuncUnit> <Opcode : 'and' 'or' 'xor'> <InPorts = 2> <OutPorts = 1>
ST_1 : Operation 133 [1/1] (0.00ns) (grouped into LUT with out node empty_20)   --->   "%and_ln46_5 = or i1 %tmp_16, i1 %not_tmp_16" [firmware/nnet_utils/nnet_activation.h:46]   --->   Operation 133 'or' 'and_ln46_5' <Predicate = (icmp_ln45_2)> <Delay = 0.00> <CoreInst = "LogicGate">   --->   Core 74 'LogicGate' <Latency = 0> <II = 1> <Delay = 0.12> <FuncUnit> <Opcode : 'and' 'or' 'xor'> <InPorts = 2> <OutPorts = 1>
ST_1 : Operation 134 [1/1] (0.12ns) (out node of the LUT)   --->   "%empty_20 = and i1 %icmp_ln46_5, i1 %and_ln46_5" [firmware/nnet_utils/nnet_activation.h:46]   --->   Operation 134 'and' 'empty_20' <Predicate = (icmp_ln45_2)> <Delay = 0.12> <CoreInst = "LogicGate">   --->   Core 74 'LogicGate' <Latency = 0> <II = 1> <Delay = 0.12> <FuncUnit> <Opcode : 'and' 'or' 'xor'> <InPorts = 2> <OutPorts = 1>
ST_1 : Operation 135 [1/1] (0.00ns) (grouped into LUT with out node select_ln46_7)   --->   "%or_ln46_7 = or i1 %empty_20, i1 %tmp_11" [firmware/nnet_utils/nnet_activation.h:46]   --->   Operation 135 'or' 'or_ln46_7' <Predicate = (or_ln46_8 & icmp_ln45_2)> <Delay = 0.00> <CoreInst = "LogicGate">   --->   Core 74 'LogicGate' <Latency = 0> <II = 1> <Delay = 0.12> <FuncUnit> <Opcode : 'and' 'or' 'xor'> <InPorts = 2> <OutPorts = 1>
ST_1 : Operation 136 [1/1] (0.00ns) (grouped into LUT with out node res_2_0)   --->   "%xor_ln46_2 = xor i1 %empty_20, i1 1" [firmware/nnet_utils/nnet_activation.h:46]   --->   Operation 136 'xor' 'xor_ln46_2' <Predicate = (icmp_ln45_2)> <Delay = 0.00> <CoreInst = "LogicGate">   --->   Core 74 'LogicGate' <Latency = 0> <II = 1> <Delay = 0.12> <FuncUnit> <Opcode : 'and' 'or' 'xor'> <InPorts = 2> <OutPorts = 1>
ST_1 : Operation 137 [1/1] (0.00ns) (grouped into LUT with out node res_2_0)   --->   "%or_ln46_8 = or i1 %tmp_11, i1 %xor_ln46_2" [firmware/nnet_utils/nnet_activation.h:46]   --->   Operation 137 'or' 'or_ln46_8' <Predicate = (icmp_ln45_2)> <Delay = 0.00> <CoreInst = "LogicGate">   --->   Core 74 'LogicGate' <Latency = 0> <II = 1> <Delay = 0.12> <FuncUnit> <Opcode : 'and' 'or' 'xor'> <InPorts = 2> <OutPorts = 1>
ST_1 : Operation 138 [1/1] (0.00ns) (grouped into LUT with out node select_ln46_7)   --->   "%select_ln46_6 = select i1 %tmp_11, i6 0, i6 %add_ln46_2" [firmware/nnet_utils/nnet_activation.h:46]   --->   Operation 138 'select' 'select_ln46_6' <Predicate = (or_ln46_7 & or_ln46_8 & icmp_ln45_2)> <Delay = 0.00> <CoreInst = "Sel">   --->   Core 73 'Sel' <Latency = 0> <II = 1> <Delay = 0.29> <FuncUnit> <Opcode : 'select'> <InPorts = 3> <OutPorts = 1>
ST_1 : Operation 139 [1/1] (0.29ns) (out node of the LUT)   --->   "%select_ln46_7 = select i1 %or_ln46_7, i6 %select_ln46_6, i6 63" [firmware/nnet_utils/nnet_activation.h:46]   --->   Operation 139 'select' 'select_ln46_7' <Predicate = (or_ln46_8 & icmp_ln45_2)> <Delay = 0.29> <CoreInst = "Sel">   --->   Core 73 'Sel' <Latency = 0> <II = 1> <Delay = 0.29> <FuncUnit> <Opcode : 'select'> <InPorts = 3> <OutPorts = 1>
ST_1 : Operation 140 [1/1] (0.00ns) (grouped into LUT with out node res_2_0)   --->   "%select_ln46_8 = select i1 %or_ln46_8, i6 %select_ln46_7, i6 %add_ln46_2" [firmware/nnet_utils/nnet_activation.h:46]   --->   Operation 140 'select' 'select_ln46_8' <Predicate = (icmp_ln45_2)> <Delay = 0.00> <CoreInst = "Sel">   --->   Core 73 'Sel' <Latency = 0> <II = 1> <Delay = 0.29> <FuncUnit> <Opcode : 'select'> <InPorts = 3> <OutPorts = 1>
ST_1 : Operation 141 [1/1] (0.29ns) (out node of the LUT)   --->   "%res_2_0 = select i1 %icmp_ln45_2, i6 %select_ln46_8, i6 0" [firmware/nnet_utils/nnet_activation.h:45]   --->   Operation 141 'select' 'res_2_0' <Predicate = true> <Delay = 0.29> <CoreInst = "Sel">   --->   Core 73 'Sel' <Latency = 0> <II = 1> <Delay = 0.29> <FuncUnit> <Opcode : 'select'> <InPorts = 3> <OutPorts = 1>
ST_1 : Operation 142 [1/1] (0.85ns)   --->   "%icmp_ln45_3 = icmp_sgt  i27 %data_3_val_read, i27 0" [firmware/nnet_utils/nnet_activation.h:45]   --->   Operation 142 'icmp' 'icmp_ln45_3' <Predicate = true> <Delay = 0.85> <CoreInst = "Cmp">   --->   Core 9 'Cmp' <Latency = 0> <II = 1> <Delay = 0.85> <FuncUnit> <Opcode : 'seteq' 'setne' 'setle' 'setge' 'setlt' 'setgt'> <InPorts = 2> <OutPorts = 1>
ST_1 : Operation 143 [1/1] (0.00ns)   --->   "%tmp_17 = bitselect i1 @_ssdm_op_BitSelect.i1.i27.i32, i27 %data_3_val_read, i32 26" [firmware/nnet_utils/nnet_activation.h:46]   --->   Operation 143 'bitselect' 'tmp_17' <Predicate = (icmp_ln45_3)> <Delay = 0.00>
ST_1 : Operation 144 [1/1] (0.00ns) (grouped into LUT with out node add_ln46_3)   --->   "%trunc_ln46_3 = partselect i6 @_ssdm_op_PartSelect.i6.i27.i32.i32, i27 %data_3_val_read, i32 8, i32 13" [firmware/nnet_utils/nnet_activation.h:46]   --->   Operation 144 'partselect' 'trunc_ln46_3' <Predicate = (icmp_ln45_3)> <Delay = 0.00>
ST_1 : Operation 145 [1/1] (0.00ns) (grouped into LUT with out node add_ln46_3)   --->   "%tmp_18 = bitselect i1 @_ssdm_op_BitSelect.i1.i27.i32, i27 %data_3_val_read, i32 7" [firmware/nnet_utils/nnet_activation.h:46]   --->   Operation 145 'bitselect' 'tmp_18' <Predicate = (icmp_ln45_3)> <Delay = 0.00>
ST_1 : Operation 146 [1/1] (0.00ns)   --->   "%trunc_ln46_65 = trunc i27 %data_3_val_read" [firmware/nnet_utils/nnet_activation.h:46]   --->   Operation 146 'trunc' 'trunc_ln46_65' <Predicate = (icmp_ln45_3)> <Delay = 0.00>
ST_1 : Operation 147 [1/1] (0.70ns)   --->   "%icmp_ln46_6 = icmp_ne  i7 %trunc_ln46_65, i7 0" [firmware/nnet_utils/nnet_activation.h:46]   --->   Operation 147 'icmp' 'icmp_ln46_6' <Predicate = (icmp_ln45_3)> <Delay = 0.70> <CoreInst = "Cmp">   --->   Core 9 'Cmp' <Latency = 0> <II = 1> <Delay = 0.70> <FuncUnit> <Opcode : 'seteq' 'setne' 'setle' 'setge' 'setlt' 'setgt'> <InPorts = 2> <OutPorts = 1>
ST_1 : Operation 148 [1/1] (0.00ns) (grouped into LUT with out node empty_21)   --->   "%tmp_19 = bitselect i1 @_ssdm_op_BitSelect.i1.i27.i32, i27 %data_3_val_read, i32 13" [firmware/nnet_utils/nnet_activation.h:46]   --->   Operation 148 'bitselect' 'tmp_19' <Predicate = (icmp_ln45_3)> <Delay = 0.00>
ST_1 : Operation 149 [1/1] (0.00ns) (grouped into LUT with out node add_ln46_3)   --->   "%tmp_20 = bitselect i1 @_ssdm_op_BitSelect.i1.i27.i32, i27 %data_3_val_read, i32 8" [firmware/nnet_utils/nnet_activation.h:46]   --->   Operation 149 'bitselect' 'tmp_20' <Predicate = (icmp_ln45_3)> <Delay = 0.00>
ST_1 : Operation 150 [1/1] (0.00ns) (grouped into LUT with out node add_ln46_3)   --->   "%or_ln46_9 = or i1 %tmp_20, i1 %icmp_ln46_6" [firmware/nnet_utils/nnet_activation.h:46]   --->   Operation 150 'or' 'or_ln46_9' <Predicate = (icmp_ln45_3)> <Delay = 0.00> <CoreInst = "LogicGate">   --->   Core 74 'LogicGate' <Latency = 0> <II = 1> <Delay = 0.12> <FuncUnit> <Opcode : 'and' 'or' 'xor'> <InPorts = 2> <OutPorts = 1>
ST_1 : Operation 151 [1/1] (0.00ns) (grouped into LUT with out node add_ln46_3)   --->   "%and_ln46_6 = and i1 %or_ln46_9, i1 %tmp_18" [firmware/nnet_utils/nnet_activation.h:46]   --->   Operation 151 'and' 'and_ln46_6' <Predicate = (icmp_ln45_3)> <Delay = 0.00> <CoreInst = "LogicGate">   --->   Core 74 'LogicGate' <Latency = 0> <II = 1> <Delay = 0.12> <FuncUnit> <Opcode : 'and' 'or' 'xor'> <InPorts = 2> <OutPorts = 1>
ST_1 : Operation 152 [1/1] (0.00ns) (grouped into LUT with out node add_ln46_3)   --->   "%zext_ln46_3 = zext i1 %and_ln46_6" [firmware/nnet_utils/nnet_activation.h:46]   --->   Operation 152 'zext' 'zext_ln46_3' <Predicate = (icmp_ln45_3)> <Delay = 0.00>
ST_1 : Operation 153 [1/1] (0.70ns) (out node of the LUT)   --->   "%add_ln46_3 = add i6 %trunc_ln46_3, i6 %zext_ln46_3" [firmware/nnet_utils/nnet_activation.h:46]   --->   Operation 153 'add' 'add_ln46_3' <Predicate = (icmp_ln45_3)> <Delay = 0.70> <CoreInst = "Adder">   --->   Core 1 'Adder' <Latency = 0> <II = 1> <Delay = 0.70> <FuncUnit> <Opcode : 'add' 'sub'> <InPorts = 2> <OutPorts = 1>
ST_1 : Operation 154 [1/1] (0.00ns)   --->   "%tmp_21 = partselect i13 @_ssdm_op_PartSelect.i13.i27.i32.i32, i27 %data_3_val_read, i32 14, i32 26" [firmware/nnet_utils/nnet_activation.h:46]   --->   Operation 154 'partselect' 'tmp_21' <Predicate = (icmp_ln45_3)> <Delay = 0.00>
ST_1 : Operation 155 [1/1] (0.75ns)   --->   "%icmp_ln46_7 = icmp_eq  i13 %tmp_21, i13 0" [firmware/nnet_utils/nnet_activation.h:46]   --->   Operation 155 'icmp' 'icmp_ln46_7' <Predicate = (icmp_ln45_3)> <Delay = 0.75> <CoreInst = "Cmp">   --->   Core 9 'Cmp' <Latency = 0> <II = 1> <Delay = 0.75> <FuncUnit> <Opcode : 'seteq' 'setne' 'setle' 'setge' 'setlt' 'setgt'> <InPorts = 2> <OutPorts = 1>
ST_1 : Operation 156 [1/1] (0.00ns) (grouped into LUT with out node empty_21)   --->   "%tmp_22 = bitselect i1 @_ssdm_op_BitSelect.i1.i6.i32, i6 %add_ln46_3, i32 5" [firmware/nnet_utils/nnet_activation.h:46]   --->   Operation 156 'bitselect' 'tmp_22' <Predicate = (icmp_ln45_3)> <Delay = 0.00>
ST_1 : Operation 157 [1/1] (0.00ns) (grouped into LUT with out node empty_21)   --->   "%not_tmp_23 = xor i1 %tmp_19, i1 1" [firmware/nnet_utils/nnet_activation.h:46]   --->   Operation 157 'xor' 'not_tmp_23' <Predicate = (icmp_ln45_3)> <Delay = 0.00> <CoreInst = "LogicGate">   --->   Core 74 'LogicGate' <Latency = 0> <II = 1> <Delay = 0.12> <FuncUnit> <Opcode : 'and' 'or' 'xor'> <InPorts = 2> <OutPorts = 1>
ST_1 : Operation 158 [1/1] (0.00ns) (grouped into LUT with out node empty_21)   --->   "%and_ln46_7 = or i1 %tmp_22, i1 %not_tmp_23" [firmware/nnet_utils/nnet_activation.h:46]   --->   Operation 158 'or' 'and_ln46_7' <Predicate = (icmp_ln45_3)> <Delay = 0.00> <CoreInst = "LogicGate">   --->   Core 74 'LogicGate' <Latency = 0> <II = 1> <Delay = 0.12> <FuncUnit> <Opcode : 'and' 'or' 'xor'> <InPorts = 2> <OutPorts = 1>
ST_1 : Operation 159 [1/1] (0.12ns) (out node of the LUT)   --->   "%empty_21 = and i1 %icmp_ln46_7, i1 %and_ln46_7" [firmware/nnet_utils/nnet_activation.h:46]   --->   Operation 159 'and' 'empty_21' <Predicate = (icmp_ln45_3)> <Delay = 0.12> <CoreInst = "LogicGate">   --->   Core 74 'LogicGate' <Latency = 0> <II = 1> <Delay = 0.12> <FuncUnit> <Opcode : 'and' 'or' 'xor'> <InPorts = 2> <OutPorts = 1>
ST_1 : Operation 160 [1/1] (0.00ns) (grouped into LUT with out node select_ln46_10)   --->   "%or_ln46_10 = or i1 %empty_21, i1 %tmp_17" [firmware/nnet_utils/nnet_activation.h:46]   --->   Operation 160 'or' 'or_ln46_10' <Predicate = (or_ln46_11 & icmp_ln45_3)> <Delay = 0.00> <CoreInst = "LogicGate">   --->   Core 74 'LogicGate' <Latency = 0> <II = 1> <Delay = 0.12> <FuncUnit> <Opcode : 'and' 'or' 'xor'> <InPorts = 2> <OutPorts = 1>
ST_1 : Operation 161 [1/1] (0.00ns) (grouped into LUT with out node res_3_0)   --->   "%xor_ln46_3 = xor i1 %empty_21, i1 1" [firmware/nnet_utils/nnet_activation.h:46]   --->   Operation 161 'xor' 'xor_ln46_3' <Predicate = (icmp_ln45_3)> <Delay = 0.00> <CoreInst = "LogicGate">   --->   Core 74 'LogicGate' <Latency = 0> <II = 1> <Delay = 0.12> <FuncUnit> <Opcode : 'and' 'or' 'xor'> <InPorts = 2> <OutPorts = 1>
ST_1 : Operation 162 [1/1] (0.00ns) (grouped into LUT with out node res_3_0)   --->   "%or_ln46_11 = or i1 %tmp_17, i1 %xor_ln46_3" [firmware/nnet_utils/nnet_activation.h:46]   --->   Operation 162 'or' 'or_ln46_11' <Predicate = (icmp_ln45_3)> <Delay = 0.00> <CoreInst = "LogicGate">   --->   Core 74 'LogicGate' <Latency = 0> <II = 1> <Delay = 0.12> <FuncUnit> <Opcode : 'and' 'or' 'xor'> <InPorts = 2> <OutPorts = 1>
ST_1 : Operation 163 [1/1] (0.00ns) (grouped into LUT with out node select_ln46_10)   --->   "%select_ln46_9 = select i1 %tmp_17, i6 0, i6 %add_ln46_3" [firmware/nnet_utils/nnet_activation.h:46]   --->   Operation 163 'select' 'select_ln46_9' <Predicate = (or_ln46_10 & or_ln46_11 & icmp_ln45_3)> <Delay = 0.00> <CoreInst = "Sel">   --->   Core 73 'Sel' <Latency = 0> <II = 1> <Delay = 0.29> <FuncUnit> <Opcode : 'select'> <InPorts = 3> <OutPorts = 1>
ST_1 : Operation 164 [1/1] (0.29ns) (out node of the LUT)   --->   "%select_ln46_10 = select i1 %or_ln46_10, i6 %select_ln46_9, i6 63" [firmware/nnet_utils/nnet_activation.h:46]   --->   Operation 164 'select' 'select_ln46_10' <Predicate = (or_ln46_11 & icmp_ln45_3)> <Delay = 0.29> <CoreInst = "Sel">   --->   Core 73 'Sel' <Latency = 0> <II = 1> <Delay = 0.29> <FuncUnit> <Opcode : 'select'> <InPorts = 3> <OutPorts = 1>
ST_1 : Operation 165 [1/1] (0.00ns) (grouped into LUT with out node res_3_0)   --->   "%select_ln46_11 = select i1 %or_ln46_11, i6 %select_ln46_10, i6 %add_ln46_3" [firmware/nnet_utils/nnet_activation.h:46]   --->   Operation 165 'select' 'select_ln46_11' <Predicate = (icmp_ln45_3)> <Delay = 0.00> <CoreInst = "Sel">   --->   Core 73 'Sel' <Latency = 0> <II = 1> <Delay = 0.29> <FuncUnit> <Opcode : 'select'> <InPorts = 3> <OutPorts = 1>
ST_1 : Operation 166 [1/1] (0.29ns) (out node of the LUT)   --->   "%res_3_0 = select i1 %icmp_ln45_3, i6 %select_ln46_11, i6 0" [firmware/nnet_utils/nnet_activation.h:45]   --->   Operation 166 'select' 'res_3_0' <Predicate = true> <Delay = 0.29> <CoreInst = "Sel">   --->   Core 73 'Sel' <Latency = 0> <II = 1> <Delay = 0.29> <FuncUnit> <Opcode : 'select'> <InPorts = 3> <OutPorts = 1>
ST_1 : Operation 167 [1/1] (0.85ns)   --->   "%icmp_ln45_4 = icmp_sgt  i27 %data_4_val_read, i27 0" [firmware/nnet_utils/nnet_activation.h:45]   --->   Operation 167 'icmp' 'icmp_ln45_4' <Predicate = true> <Delay = 0.85> <CoreInst = "Cmp">   --->   Core 9 'Cmp' <Latency = 0> <II = 1> <Delay = 0.85> <FuncUnit> <Opcode : 'seteq' 'setne' 'setle' 'setge' 'setlt' 'setgt'> <InPorts = 2> <OutPorts = 1>
ST_1 : Operation 168 [1/1] (0.00ns)   --->   "%tmp_23 = bitselect i1 @_ssdm_op_BitSelect.i1.i27.i32, i27 %data_4_val_read, i32 26" [firmware/nnet_utils/nnet_activation.h:46]   --->   Operation 168 'bitselect' 'tmp_23' <Predicate = (icmp_ln45_4)> <Delay = 0.00>
ST_1 : Operation 169 [1/1] (0.00ns) (grouped into LUT with out node add_ln46_4)   --->   "%trunc_ln46_4 = partselect i6 @_ssdm_op_PartSelect.i6.i27.i32.i32, i27 %data_4_val_read, i32 8, i32 13" [firmware/nnet_utils/nnet_activation.h:46]   --->   Operation 169 'partselect' 'trunc_ln46_4' <Predicate = (icmp_ln45_4)> <Delay = 0.00>
ST_1 : Operation 170 [1/1] (0.00ns) (grouped into LUT with out node add_ln46_4)   --->   "%tmp_24 = bitselect i1 @_ssdm_op_BitSelect.i1.i27.i32, i27 %data_4_val_read, i32 7" [firmware/nnet_utils/nnet_activation.h:46]   --->   Operation 170 'bitselect' 'tmp_24' <Predicate = (icmp_ln45_4)> <Delay = 0.00>
ST_1 : Operation 171 [1/1] (0.00ns)   --->   "%trunc_ln46_66 = trunc i27 %data_4_val_read" [firmware/nnet_utils/nnet_activation.h:46]   --->   Operation 171 'trunc' 'trunc_ln46_66' <Predicate = (icmp_ln45_4)> <Delay = 0.00>
ST_1 : Operation 172 [1/1] (0.70ns)   --->   "%icmp_ln46_8 = icmp_ne  i7 %trunc_ln46_66, i7 0" [firmware/nnet_utils/nnet_activation.h:46]   --->   Operation 172 'icmp' 'icmp_ln46_8' <Predicate = (icmp_ln45_4)> <Delay = 0.70> <CoreInst = "Cmp">   --->   Core 9 'Cmp' <Latency = 0> <II = 1> <Delay = 0.70> <FuncUnit> <Opcode : 'seteq' 'setne' 'setle' 'setge' 'setlt' 'setgt'> <InPorts = 2> <OutPorts = 1>
ST_1 : Operation 173 [1/1] (0.00ns) (grouped into LUT with out node empty_22)   --->   "%tmp_25 = bitselect i1 @_ssdm_op_BitSelect.i1.i27.i32, i27 %data_4_val_read, i32 13" [firmware/nnet_utils/nnet_activation.h:46]   --->   Operation 173 'bitselect' 'tmp_25' <Predicate = (icmp_ln45_4)> <Delay = 0.00>
ST_1 : Operation 174 [1/1] (0.00ns) (grouped into LUT with out node add_ln46_4)   --->   "%tmp_26 = bitselect i1 @_ssdm_op_BitSelect.i1.i27.i32, i27 %data_4_val_read, i32 8" [firmware/nnet_utils/nnet_activation.h:46]   --->   Operation 174 'bitselect' 'tmp_26' <Predicate = (icmp_ln45_4)> <Delay = 0.00>
ST_1 : Operation 175 [1/1] (0.00ns) (grouped into LUT with out node add_ln46_4)   --->   "%or_ln46_12 = or i1 %tmp_26, i1 %icmp_ln46_8" [firmware/nnet_utils/nnet_activation.h:46]   --->   Operation 175 'or' 'or_ln46_12' <Predicate = (icmp_ln45_4)> <Delay = 0.00> <CoreInst = "LogicGate">   --->   Core 74 'LogicGate' <Latency = 0> <II = 1> <Delay = 0.12> <FuncUnit> <Opcode : 'and' 'or' 'xor'> <InPorts = 2> <OutPorts = 1>
ST_1 : Operation 176 [1/1] (0.00ns) (grouped into LUT with out node add_ln46_4)   --->   "%and_ln46_8 = and i1 %or_ln46_12, i1 %tmp_24" [firmware/nnet_utils/nnet_activation.h:46]   --->   Operation 176 'and' 'and_ln46_8' <Predicate = (icmp_ln45_4)> <Delay = 0.00> <CoreInst = "LogicGate">   --->   Core 74 'LogicGate' <Latency = 0> <II = 1> <Delay = 0.12> <FuncUnit> <Opcode : 'and' 'or' 'xor'> <InPorts = 2> <OutPorts = 1>
ST_1 : Operation 177 [1/1] (0.00ns) (grouped into LUT with out node add_ln46_4)   --->   "%zext_ln46_4 = zext i1 %and_ln46_8" [firmware/nnet_utils/nnet_activation.h:46]   --->   Operation 177 'zext' 'zext_ln46_4' <Predicate = (icmp_ln45_4)> <Delay = 0.00>
ST_1 : Operation 178 [1/1] (0.70ns) (out node of the LUT)   --->   "%add_ln46_4 = add i6 %trunc_ln46_4, i6 %zext_ln46_4" [firmware/nnet_utils/nnet_activation.h:46]   --->   Operation 178 'add' 'add_ln46_4' <Predicate = (icmp_ln45_4)> <Delay = 0.70> <CoreInst = "Adder">   --->   Core 1 'Adder' <Latency = 0> <II = 1> <Delay = 0.70> <FuncUnit> <Opcode : 'add' 'sub'> <InPorts = 2> <OutPorts = 1>
ST_1 : Operation 179 [1/1] (0.00ns)   --->   "%tmp_27 = partselect i13 @_ssdm_op_PartSelect.i13.i27.i32.i32, i27 %data_4_val_read, i32 14, i32 26" [firmware/nnet_utils/nnet_activation.h:46]   --->   Operation 179 'partselect' 'tmp_27' <Predicate = (icmp_ln45_4)> <Delay = 0.00>
ST_1 : Operation 180 [1/1] (0.75ns)   --->   "%icmp_ln46_9 = icmp_eq  i13 %tmp_27, i13 0" [firmware/nnet_utils/nnet_activation.h:46]   --->   Operation 180 'icmp' 'icmp_ln46_9' <Predicate = (icmp_ln45_4)> <Delay = 0.75> <CoreInst = "Cmp">   --->   Core 9 'Cmp' <Latency = 0> <II = 1> <Delay = 0.75> <FuncUnit> <Opcode : 'seteq' 'setne' 'setle' 'setge' 'setlt' 'setgt'> <InPorts = 2> <OutPorts = 1>
ST_1 : Operation 181 [1/1] (0.00ns) (grouped into LUT with out node empty_22)   --->   "%tmp_28 = bitselect i1 @_ssdm_op_BitSelect.i1.i6.i32, i6 %add_ln46_4, i32 5" [firmware/nnet_utils/nnet_activation.h:46]   --->   Operation 181 'bitselect' 'tmp_28' <Predicate = (icmp_ln45_4)> <Delay = 0.00>
ST_1 : Operation 182 [1/1] (0.00ns) (grouped into LUT with out node empty_22)   --->   "%not_tmp_30 = xor i1 %tmp_25, i1 1" [firmware/nnet_utils/nnet_activation.h:46]   --->   Operation 182 'xor' 'not_tmp_30' <Predicate = (icmp_ln45_4)> <Delay = 0.00> <CoreInst = "LogicGate">   --->   Core 74 'LogicGate' <Latency = 0> <II = 1> <Delay = 0.12> <FuncUnit> <Opcode : 'and' 'or' 'xor'> <InPorts = 2> <OutPorts = 1>
ST_1 : Operation 183 [1/1] (0.00ns) (grouped into LUT with out node empty_22)   --->   "%and_ln46_9 = or i1 %tmp_28, i1 %not_tmp_30" [firmware/nnet_utils/nnet_activation.h:46]   --->   Operation 183 'or' 'and_ln46_9' <Predicate = (icmp_ln45_4)> <Delay = 0.00> <CoreInst = "LogicGate">   --->   Core 74 'LogicGate' <Latency = 0> <II = 1> <Delay = 0.12> <FuncUnit> <Opcode : 'and' 'or' 'xor'> <InPorts = 2> <OutPorts = 1>
ST_1 : Operation 184 [1/1] (0.12ns) (out node of the LUT)   --->   "%empty_22 = and i1 %icmp_ln46_9, i1 %and_ln46_9" [firmware/nnet_utils/nnet_activation.h:46]   --->   Operation 184 'and' 'empty_22' <Predicate = (icmp_ln45_4)> <Delay = 0.12> <CoreInst = "LogicGate">   --->   Core 74 'LogicGate' <Latency = 0> <II = 1> <Delay = 0.12> <FuncUnit> <Opcode : 'and' 'or' 'xor'> <InPorts = 2> <OutPorts = 1>
ST_1 : Operation 185 [1/1] (0.00ns) (grouped into LUT with out node select_ln46_13)   --->   "%or_ln46_13 = or i1 %empty_22, i1 %tmp_23" [firmware/nnet_utils/nnet_activation.h:46]   --->   Operation 185 'or' 'or_ln46_13' <Predicate = (or_ln46_14 & icmp_ln45_4)> <Delay = 0.00> <CoreInst = "LogicGate">   --->   Core 74 'LogicGate' <Latency = 0> <II = 1> <Delay = 0.12> <FuncUnit> <Opcode : 'and' 'or' 'xor'> <InPorts = 2> <OutPorts = 1>
ST_1 : Operation 186 [1/1] (0.00ns) (grouped into LUT with out node res_4_0)   --->   "%xor_ln46_4 = xor i1 %empty_22, i1 1" [firmware/nnet_utils/nnet_activation.h:46]   --->   Operation 186 'xor' 'xor_ln46_4' <Predicate = (icmp_ln45_4)> <Delay = 0.00> <CoreInst = "LogicGate">   --->   Core 74 'LogicGate' <Latency = 0> <II = 1> <Delay = 0.12> <FuncUnit> <Opcode : 'and' 'or' 'xor'> <InPorts = 2> <OutPorts = 1>
ST_1 : Operation 187 [1/1] (0.00ns) (grouped into LUT with out node res_4_0)   --->   "%or_ln46_14 = or i1 %tmp_23, i1 %xor_ln46_4" [firmware/nnet_utils/nnet_activation.h:46]   --->   Operation 187 'or' 'or_ln46_14' <Predicate = (icmp_ln45_4)> <Delay = 0.00> <CoreInst = "LogicGate">   --->   Core 74 'LogicGate' <Latency = 0> <II = 1> <Delay = 0.12> <FuncUnit> <Opcode : 'and' 'or' 'xor'> <InPorts = 2> <OutPorts = 1>
ST_1 : Operation 188 [1/1] (0.00ns) (grouped into LUT with out node select_ln46_13)   --->   "%select_ln46_12 = select i1 %tmp_23, i6 0, i6 %add_ln46_4" [firmware/nnet_utils/nnet_activation.h:46]   --->   Operation 188 'select' 'select_ln46_12' <Predicate = (or_ln46_13 & or_ln46_14 & icmp_ln45_4)> <Delay = 0.00> <CoreInst = "Sel">   --->   Core 73 'Sel' <Latency = 0> <II = 1> <Delay = 0.29> <FuncUnit> <Opcode : 'select'> <InPorts = 3> <OutPorts = 1>
ST_1 : Operation 189 [1/1] (0.29ns) (out node of the LUT)   --->   "%select_ln46_13 = select i1 %or_ln46_13, i6 %select_ln46_12, i6 63" [firmware/nnet_utils/nnet_activation.h:46]   --->   Operation 189 'select' 'select_ln46_13' <Predicate = (or_ln46_14 & icmp_ln45_4)> <Delay = 0.29> <CoreInst = "Sel">   --->   Core 73 'Sel' <Latency = 0> <II = 1> <Delay = 0.29> <FuncUnit> <Opcode : 'select'> <InPorts = 3> <OutPorts = 1>
ST_1 : Operation 190 [1/1] (0.00ns) (grouped into LUT with out node res_4_0)   --->   "%select_ln46_14 = select i1 %or_ln46_14, i6 %select_ln46_13, i6 %add_ln46_4" [firmware/nnet_utils/nnet_activation.h:46]   --->   Operation 190 'select' 'select_ln46_14' <Predicate = (icmp_ln45_4)> <Delay = 0.00> <CoreInst = "Sel">   --->   Core 73 'Sel' <Latency = 0> <II = 1> <Delay = 0.29> <FuncUnit> <Opcode : 'select'> <InPorts = 3> <OutPorts = 1>
ST_1 : Operation 191 [1/1] (0.29ns) (out node of the LUT)   --->   "%res_4_0 = select i1 %icmp_ln45_4, i6 %select_ln46_14, i6 0" [firmware/nnet_utils/nnet_activation.h:45]   --->   Operation 191 'select' 'res_4_0' <Predicate = true> <Delay = 0.29> <CoreInst = "Sel">   --->   Core 73 'Sel' <Latency = 0> <II = 1> <Delay = 0.29> <FuncUnit> <Opcode : 'select'> <InPorts = 3> <OutPorts = 1>
ST_1 : Operation 192 [1/1] (0.85ns)   --->   "%icmp_ln45_5 = icmp_sgt  i27 %data_5_val_read, i27 0" [firmware/nnet_utils/nnet_activation.h:45]   --->   Operation 192 'icmp' 'icmp_ln45_5' <Predicate = true> <Delay = 0.85> <CoreInst = "Cmp">   --->   Core 9 'Cmp' <Latency = 0> <II = 1> <Delay = 0.85> <FuncUnit> <Opcode : 'seteq' 'setne' 'setle' 'setge' 'setlt' 'setgt'> <InPorts = 2> <OutPorts = 1>
ST_1 : Operation 193 [1/1] (0.00ns)   --->   "%tmp_29 = bitselect i1 @_ssdm_op_BitSelect.i1.i27.i32, i27 %data_5_val_read, i32 26" [firmware/nnet_utils/nnet_activation.h:46]   --->   Operation 193 'bitselect' 'tmp_29' <Predicate = (icmp_ln45_5)> <Delay = 0.00>
ST_1 : Operation 194 [1/1] (0.00ns) (grouped into LUT with out node add_ln46_5)   --->   "%trunc_ln46_5 = partselect i6 @_ssdm_op_PartSelect.i6.i27.i32.i32, i27 %data_5_val_read, i32 8, i32 13" [firmware/nnet_utils/nnet_activation.h:46]   --->   Operation 194 'partselect' 'trunc_ln46_5' <Predicate = (icmp_ln45_5)> <Delay = 0.00>
ST_1 : Operation 195 [1/1] (0.00ns) (grouped into LUT with out node add_ln46_5)   --->   "%tmp_30 = bitselect i1 @_ssdm_op_BitSelect.i1.i27.i32, i27 %data_5_val_read, i32 7" [firmware/nnet_utils/nnet_activation.h:46]   --->   Operation 195 'bitselect' 'tmp_30' <Predicate = (icmp_ln45_5)> <Delay = 0.00>
ST_1 : Operation 196 [1/1] (0.00ns)   --->   "%trunc_ln46_67 = trunc i27 %data_5_val_read" [firmware/nnet_utils/nnet_activation.h:46]   --->   Operation 196 'trunc' 'trunc_ln46_67' <Predicate = (icmp_ln45_5)> <Delay = 0.00>
ST_1 : Operation 197 [1/1] (0.70ns)   --->   "%icmp_ln46_10 = icmp_ne  i7 %trunc_ln46_67, i7 0" [firmware/nnet_utils/nnet_activation.h:46]   --->   Operation 197 'icmp' 'icmp_ln46_10' <Predicate = (icmp_ln45_5)> <Delay = 0.70> <CoreInst = "Cmp">   --->   Core 9 'Cmp' <Latency = 0> <II = 1> <Delay = 0.70> <FuncUnit> <Opcode : 'seteq' 'setne' 'setle' 'setge' 'setlt' 'setgt'> <InPorts = 2> <OutPorts = 1>
ST_1 : Operation 198 [1/1] (0.00ns) (grouped into LUT with out node empty_23)   --->   "%tmp_31 = bitselect i1 @_ssdm_op_BitSelect.i1.i27.i32, i27 %data_5_val_read, i32 13" [firmware/nnet_utils/nnet_activation.h:46]   --->   Operation 198 'bitselect' 'tmp_31' <Predicate = (icmp_ln45_5)> <Delay = 0.00>
ST_1 : Operation 199 [1/1] (0.00ns) (grouped into LUT with out node add_ln46_5)   --->   "%tmp_32 = bitselect i1 @_ssdm_op_BitSelect.i1.i27.i32, i27 %data_5_val_read, i32 8" [firmware/nnet_utils/nnet_activation.h:46]   --->   Operation 199 'bitselect' 'tmp_32' <Predicate = (icmp_ln45_5)> <Delay = 0.00>
ST_1 : Operation 200 [1/1] (0.00ns) (grouped into LUT with out node add_ln46_5)   --->   "%or_ln46_15 = or i1 %tmp_32, i1 %icmp_ln46_10" [firmware/nnet_utils/nnet_activation.h:46]   --->   Operation 200 'or' 'or_ln46_15' <Predicate = (icmp_ln45_5)> <Delay = 0.00> <CoreInst = "LogicGate">   --->   Core 74 'LogicGate' <Latency = 0> <II = 1> <Delay = 0.12> <FuncUnit> <Opcode : 'and' 'or' 'xor'> <InPorts = 2> <OutPorts = 1>
ST_1 : Operation 201 [1/1] (0.00ns) (grouped into LUT with out node add_ln46_5)   --->   "%and_ln46_10 = and i1 %or_ln46_15, i1 %tmp_30" [firmware/nnet_utils/nnet_activation.h:46]   --->   Operation 201 'and' 'and_ln46_10' <Predicate = (icmp_ln45_5)> <Delay = 0.00> <CoreInst = "LogicGate">   --->   Core 74 'LogicGate' <Latency = 0> <II = 1> <Delay = 0.12> <FuncUnit> <Opcode : 'and' 'or' 'xor'> <InPorts = 2> <OutPorts = 1>
ST_1 : Operation 202 [1/1] (0.00ns) (grouped into LUT with out node add_ln46_5)   --->   "%zext_ln46_5 = zext i1 %and_ln46_10" [firmware/nnet_utils/nnet_activation.h:46]   --->   Operation 202 'zext' 'zext_ln46_5' <Predicate = (icmp_ln45_5)> <Delay = 0.00>
ST_1 : Operation 203 [1/1] (0.70ns) (out node of the LUT)   --->   "%add_ln46_5 = add i6 %trunc_ln46_5, i6 %zext_ln46_5" [firmware/nnet_utils/nnet_activation.h:46]   --->   Operation 203 'add' 'add_ln46_5' <Predicate = (icmp_ln45_5)> <Delay = 0.70> <CoreInst = "Adder">   --->   Core 1 'Adder' <Latency = 0> <II = 1> <Delay = 0.70> <FuncUnit> <Opcode : 'add' 'sub'> <InPorts = 2> <OutPorts = 1>
ST_1 : Operation 204 [1/1] (0.00ns)   --->   "%tmp_33 = partselect i13 @_ssdm_op_PartSelect.i13.i27.i32.i32, i27 %data_5_val_read, i32 14, i32 26" [firmware/nnet_utils/nnet_activation.h:46]   --->   Operation 204 'partselect' 'tmp_33' <Predicate = (icmp_ln45_5)> <Delay = 0.00>
ST_1 : Operation 205 [1/1] (0.75ns)   --->   "%icmp_ln46_11 = icmp_eq  i13 %tmp_33, i13 0" [firmware/nnet_utils/nnet_activation.h:46]   --->   Operation 205 'icmp' 'icmp_ln46_11' <Predicate = (icmp_ln45_5)> <Delay = 0.75> <CoreInst = "Cmp">   --->   Core 9 'Cmp' <Latency = 0> <II = 1> <Delay = 0.75> <FuncUnit> <Opcode : 'seteq' 'setne' 'setle' 'setge' 'setlt' 'setgt'> <InPorts = 2> <OutPorts = 1>
ST_1 : Operation 206 [1/1] (0.00ns) (grouped into LUT with out node empty_23)   --->   "%tmp_34 = bitselect i1 @_ssdm_op_BitSelect.i1.i6.i32, i6 %add_ln46_5, i32 5" [firmware/nnet_utils/nnet_activation.h:46]   --->   Operation 206 'bitselect' 'tmp_34' <Predicate = (icmp_ln45_5)> <Delay = 0.00>
ST_1 : Operation 207 [1/1] (0.00ns) (grouped into LUT with out node empty_23)   --->   "%not_tmp_37 = xor i1 %tmp_31, i1 1" [firmware/nnet_utils/nnet_activation.h:46]   --->   Operation 207 'xor' 'not_tmp_37' <Predicate = (icmp_ln45_5)> <Delay = 0.00> <CoreInst = "LogicGate">   --->   Core 74 'LogicGate' <Latency = 0> <II = 1> <Delay = 0.12> <FuncUnit> <Opcode : 'and' 'or' 'xor'> <InPorts = 2> <OutPorts = 1>
ST_1 : Operation 208 [1/1] (0.00ns) (grouped into LUT with out node empty_23)   --->   "%and_ln46_11 = or i1 %tmp_34, i1 %not_tmp_37" [firmware/nnet_utils/nnet_activation.h:46]   --->   Operation 208 'or' 'and_ln46_11' <Predicate = (icmp_ln45_5)> <Delay = 0.00> <CoreInst = "LogicGate">   --->   Core 74 'LogicGate' <Latency = 0> <II = 1> <Delay = 0.12> <FuncUnit> <Opcode : 'and' 'or' 'xor'> <InPorts = 2> <OutPorts = 1>
ST_1 : Operation 209 [1/1] (0.12ns) (out node of the LUT)   --->   "%empty_23 = and i1 %icmp_ln46_11, i1 %and_ln46_11" [firmware/nnet_utils/nnet_activation.h:46]   --->   Operation 209 'and' 'empty_23' <Predicate = (icmp_ln45_5)> <Delay = 0.12> <CoreInst = "LogicGate">   --->   Core 74 'LogicGate' <Latency = 0> <II = 1> <Delay = 0.12> <FuncUnit> <Opcode : 'and' 'or' 'xor'> <InPorts = 2> <OutPorts = 1>
ST_1 : Operation 210 [1/1] (0.00ns) (grouped into LUT with out node select_ln46_16)   --->   "%or_ln46_16 = or i1 %empty_23, i1 %tmp_29" [firmware/nnet_utils/nnet_activation.h:46]   --->   Operation 210 'or' 'or_ln46_16' <Predicate = (or_ln46_17 & icmp_ln45_5)> <Delay = 0.00> <CoreInst = "LogicGate">   --->   Core 74 'LogicGate' <Latency = 0> <II = 1> <Delay = 0.12> <FuncUnit> <Opcode : 'and' 'or' 'xor'> <InPorts = 2> <OutPorts = 1>
ST_1 : Operation 211 [1/1] (0.00ns) (grouped into LUT with out node res_5_0)   --->   "%xor_ln46_5 = xor i1 %empty_23, i1 1" [firmware/nnet_utils/nnet_activation.h:46]   --->   Operation 211 'xor' 'xor_ln46_5' <Predicate = (icmp_ln45_5)> <Delay = 0.00> <CoreInst = "LogicGate">   --->   Core 74 'LogicGate' <Latency = 0> <II = 1> <Delay = 0.12> <FuncUnit> <Opcode : 'and' 'or' 'xor'> <InPorts = 2> <OutPorts = 1>
ST_1 : Operation 212 [1/1] (0.00ns) (grouped into LUT with out node res_5_0)   --->   "%or_ln46_17 = or i1 %tmp_29, i1 %xor_ln46_5" [firmware/nnet_utils/nnet_activation.h:46]   --->   Operation 212 'or' 'or_ln46_17' <Predicate = (icmp_ln45_5)> <Delay = 0.00> <CoreInst = "LogicGate">   --->   Core 74 'LogicGate' <Latency = 0> <II = 1> <Delay = 0.12> <FuncUnit> <Opcode : 'and' 'or' 'xor'> <InPorts = 2> <OutPorts = 1>
ST_1 : Operation 213 [1/1] (0.00ns) (grouped into LUT with out node select_ln46_16)   --->   "%select_ln46_15 = select i1 %tmp_29, i6 0, i6 %add_ln46_5" [firmware/nnet_utils/nnet_activation.h:46]   --->   Operation 213 'select' 'select_ln46_15' <Predicate = (or_ln46_16 & or_ln46_17 & icmp_ln45_5)> <Delay = 0.00> <CoreInst = "Sel">   --->   Core 73 'Sel' <Latency = 0> <II = 1> <Delay = 0.29> <FuncUnit> <Opcode : 'select'> <InPorts = 3> <OutPorts = 1>
ST_1 : Operation 214 [1/1] (0.29ns) (out node of the LUT)   --->   "%select_ln46_16 = select i1 %or_ln46_16, i6 %select_ln46_15, i6 63" [firmware/nnet_utils/nnet_activation.h:46]   --->   Operation 214 'select' 'select_ln46_16' <Predicate = (or_ln46_17 & icmp_ln45_5)> <Delay = 0.29> <CoreInst = "Sel">   --->   Core 73 'Sel' <Latency = 0> <II = 1> <Delay = 0.29> <FuncUnit> <Opcode : 'select'> <InPorts = 3> <OutPorts = 1>
ST_1 : Operation 215 [1/1] (0.00ns) (grouped into LUT with out node res_5_0)   --->   "%select_ln46_17 = select i1 %or_ln46_17, i6 %select_ln46_16, i6 %add_ln46_5" [firmware/nnet_utils/nnet_activation.h:46]   --->   Operation 215 'select' 'select_ln46_17' <Predicate = (icmp_ln45_5)> <Delay = 0.00> <CoreInst = "Sel">   --->   Core 73 'Sel' <Latency = 0> <II = 1> <Delay = 0.29> <FuncUnit> <Opcode : 'select'> <InPorts = 3> <OutPorts = 1>
ST_1 : Operation 216 [1/1] (0.29ns) (out node of the LUT)   --->   "%res_5_0 = select i1 %icmp_ln45_5, i6 %select_ln46_17, i6 0" [firmware/nnet_utils/nnet_activation.h:45]   --->   Operation 216 'select' 'res_5_0' <Predicate = true> <Delay = 0.29> <CoreInst = "Sel">   --->   Core 73 'Sel' <Latency = 0> <II = 1> <Delay = 0.29> <FuncUnit> <Opcode : 'select'> <InPorts = 3> <OutPorts = 1>
ST_1 : Operation 217 [1/1] (0.85ns)   --->   "%icmp_ln45_6 = icmp_sgt  i27 %data_6_val_read, i27 0" [firmware/nnet_utils/nnet_activation.h:45]   --->   Operation 217 'icmp' 'icmp_ln45_6' <Predicate = true> <Delay = 0.85> <CoreInst = "Cmp">   --->   Core 9 'Cmp' <Latency = 0> <II = 1> <Delay = 0.85> <FuncUnit> <Opcode : 'seteq' 'setne' 'setle' 'setge' 'setlt' 'setgt'> <InPorts = 2> <OutPorts = 1>
ST_1 : Operation 218 [1/1] (0.00ns)   --->   "%tmp_35 = bitselect i1 @_ssdm_op_BitSelect.i1.i27.i32, i27 %data_6_val_read, i32 26" [firmware/nnet_utils/nnet_activation.h:46]   --->   Operation 218 'bitselect' 'tmp_35' <Predicate = (icmp_ln45_6)> <Delay = 0.00>
ST_1 : Operation 219 [1/1] (0.00ns) (grouped into LUT with out node add_ln46_6)   --->   "%trunc_ln46_6 = partselect i6 @_ssdm_op_PartSelect.i6.i27.i32.i32, i27 %data_6_val_read, i32 8, i32 13" [firmware/nnet_utils/nnet_activation.h:46]   --->   Operation 219 'partselect' 'trunc_ln46_6' <Predicate = (icmp_ln45_6)> <Delay = 0.00>
ST_1 : Operation 220 [1/1] (0.00ns) (grouped into LUT with out node add_ln46_6)   --->   "%tmp_36 = bitselect i1 @_ssdm_op_BitSelect.i1.i27.i32, i27 %data_6_val_read, i32 7" [firmware/nnet_utils/nnet_activation.h:46]   --->   Operation 220 'bitselect' 'tmp_36' <Predicate = (icmp_ln45_6)> <Delay = 0.00>
ST_1 : Operation 221 [1/1] (0.00ns)   --->   "%trunc_ln46_68 = trunc i27 %data_6_val_read" [firmware/nnet_utils/nnet_activation.h:46]   --->   Operation 221 'trunc' 'trunc_ln46_68' <Predicate = (icmp_ln45_6)> <Delay = 0.00>
ST_1 : Operation 222 [1/1] (0.70ns)   --->   "%icmp_ln46_12 = icmp_ne  i7 %trunc_ln46_68, i7 0" [firmware/nnet_utils/nnet_activation.h:46]   --->   Operation 222 'icmp' 'icmp_ln46_12' <Predicate = (icmp_ln45_6)> <Delay = 0.70> <CoreInst = "Cmp">   --->   Core 9 'Cmp' <Latency = 0> <II = 1> <Delay = 0.70> <FuncUnit> <Opcode : 'seteq' 'setne' 'setle' 'setge' 'setlt' 'setgt'> <InPorts = 2> <OutPorts = 1>
ST_1 : Operation 223 [1/1] (0.00ns) (grouped into LUT with out node empty_24)   --->   "%tmp_37 = bitselect i1 @_ssdm_op_BitSelect.i1.i27.i32, i27 %data_6_val_read, i32 13" [firmware/nnet_utils/nnet_activation.h:46]   --->   Operation 223 'bitselect' 'tmp_37' <Predicate = (icmp_ln45_6)> <Delay = 0.00>
ST_1 : Operation 224 [1/1] (0.00ns) (grouped into LUT with out node add_ln46_6)   --->   "%tmp_38 = bitselect i1 @_ssdm_op_BitSelect.i1.i27.i32, i27 %data_6_val_read, i32 8" [firmware/nnet_utils/nnet_activation.h:46]   --->   Operation 224 'bitselect' 'tmp_38' <Predicate = (icmp_ln45_6)> <Delay = 0.00>
ST_1 : Operation 225 [1/1] (0.00ns) (grouped into LUT with out node add_ln46_6)   --->   "%or_ln46_18 = or i1 %tmp_38, i1 %icmp_ln46_12" [firmware/nnet_utils/nnet_activation.h:46]   --->   Operation 225 'or' 'or_ln46_18' <Predicate = (icmp_ln45_6)> <Delay = 0.00> <CoreInst = "LogicGate">   --->   Core 74 'LogicGate' <Latency = 0> <II = 1> <Delay = 0.12> <FuncUnit> <Opcode : 'and' 'or' 'xor'> <InPorts = 2> <OutPorts = 1>
ST_1 : Operation 226 [1/1] (0.00ns) (grouped into LUT with out node add_ln46_6)   --->   "%and_ln46_12 = and i1 %or_ln46_18, i1 %tmp_36" [firmware/nnet_utils/nnet_activation.h:46]   --->   Operation 226 'and' 'and_ln46_12' <Predicate = (icmp_ln45_6)> <Delay = 0.00> <CoreInst = "LogicGate">   --->   Core 74 'LogicGate' <Latency = 0> <II = 1> <Delay = 0.12> <FuncUnit> <Opcode : 'and' 'or' 'xor'> <InPorts = 2> <OutPorts = 1>
ST_1 : Operation 227 [1/1] (0.00ns) (grouped into LUT with out node add_ln46_6)   --->   "%zext_ln46_6 = zext i1 %and_ln46_12" [firmware/nnet_utils/nnet_activation.h:46]   --->   Operation 227 'zext' 'zext_ln46_6' <Predicate = (icmp_ln45_6)> <Delay = 0.00>
ST_1 : Operation 228 [1/1] (0.70ns) (out node of the LUT)   --->   "%add_ln46_6 = add i6 %trunc_ln46_6, i6 %zext_ln46_6" [firmware/nnet_utils/nnet_activation.h:46]   --->   Operation 228 'add' 'add_ln46_6' <Predicate = (icmp_ln45_6)> <Delay = 0.70> <CoreInst = "Adder">   --->   Core 1 'Adder' <Latency = 0> <II = 1> <Delay = 0.70> <FuncUnit> <Opcode : 'add' 'sub'> <InPorts = 2> <OutPorts = 1>
ST_1 : Operation 229 [1/1] (0.00ns)   --->   "%tmp_39 = partselect i13 @_ssdm_op_PartSelect.i13.i27.i32.i32, i27 %data_6_val_read, i32 14, i32 26" [firmware/nnet_utils/nnet_activation.h:46]   --->   Operation 229 'partselect' 'tmp_39' <Predicate = (icmp_ln45_6)> <Delay = 0.00>
ST_1 : Operation 230 [1/1] (0.75ns)   --->   "%icmp_ln46_13 = icmp_eq  i13 %tmp_39, i13 0" [firmware/nnet_utils/nnet_activation.h:46]   --->   Operation 230 'icmp' 'icmp_ln46_13' <Predicate = (icmp_ln45_6)> <Delay = 0.75> <CoreInst = "Cmp">   --->   Core 9 'Cmp' <Latency = 0> <II = 1> <Delay = 0.75> <FuncUnit> <Opcode : 'seteq' 'setne' 'setle' 'setge' 'setlt' 'setgt'> <InPorts = 2> <OutPorts = 1>
ST_1 : Operation 231 [1/1] (0.00ns) (grouped into LUT with out node empty_24)   --->   "%tmp_40 = bitselect i1 @_ssdm_op_BitSelect.i1.i6.i32, i6 %add_ln46_6, i32 5" [firmware/nnet_utils/nnet_activation.h:46]   --->   Operation 231 'bitselect' 'tmp_40' <Predicate = (icmp_ln45_6)> <Delay = 0.00>
ST_1 : Operation 232 [1/1] (0.00ns) (grouped into LUT with out node empty_24)   --->   "%not_tmp_44 = xor i1 %tmp_37, i1 1" [firmware/nnet_utils/nnet_activation.h:46]   --->   Operation 232 'xor' 'not_tmp_44' <Predicate = (icmp_ln45_6)> <Delay = 0.00> <CoreInst = "LogicGate">   --->   Core 74 'LogicGate' <Latency = 0> <II = 1> <Delay = 0.12> <FuncUnit> <Opcode : 'and' 'or' 'xor'> <InPorts = 2> <OutPorts = 1>
ST_1 : Operation 233 [1/1] (0.00ns) (grouped into LUT with out node empty_24)   --->   "%and_ln46_13 = or i1 %tmp_40, i1 %not_tmp_44" [firmware/nnet_utils/nnet_activation.h:46]   --->   Operation 233 'or' 'and_ln46_13' <Predicate = (icmp_ln45_6)> <Delay = 0.00> <CoreInst = "LogicGate">   --->   Core 74 'LogicGate' <Latency = 0> <II = 1> <Delay = 0.12> <FuncUnit> <Opcode : 'and' 'or' 'xor'> <InPorts = 2> <OutPorts = 1>
ST_1 : Operation 234 [1/1] (0.12ns) (out node of the LUT)   --->   "%empty_24 = and i1 %icmp_ln46_13, i1 %and_ln46_13" [firmware/nnet_utils/nnet_activation.h:46]   --->   Operation 234 'and' 'empty_24' <Predicate = (icmp_ln45_6)> <Delay = 0.12> <CoreInst = "LogicGate">   --->   Core 74 'LogicGate' <Latency = 0> <II = 1> <Delay = 0.12> <FuncUnit> <Opcode : 'and' 'or' 'xor'> <InPorts = 2> <OutPorts = 1>
ST_1 : Operation 235 [1/1] (0.00ns) (grouped into LUT with out node select_ln46_19)   --->   "%or_ln46_19 = or i1 %empty_24, i1 %tmp_35" [firmware/nnet_utils/nnet_activation.h:46]   --->   Operation 235 'or' 'or_ln46_19' <Predicate = (or_ln46_20 & icmp_ln45_6)> <Delay = 0.00> <CoreInst = "LogicGate">   --->   Core 74 'LogicGate' <Latency = 0> <II = 1> <Delay = 0.12> <FuncUnit> <Opcode : 'and' 'or' 'xor'> <InPorts = 2> <OutPorts = 1>
ST_1 : Operation 236 [1/1] (0.00ns) (grouped into LUT with out node res_6_0)   --->   "%xor_ln46_6 = xor i1 %empty_24, i1 1" [firmware/nnet_utils/nnet_activation.h:46]   --->   Operation 236 'xor' 'xor_ln46_6' <Predicate = (icmp_ln45_6)> <Delay = 0.00> <CoreInst = "LogicGate">   --->   Core 74 'LogicGate' <Latency = 0> <II = 1> <Delay = 0.12> <FuncUnit> <Opcode : 'and' 'or' 'xor'> <InPorts = 2> <OutPorts = 1>
ST_1 : Operation 237 [1/1] (0.00ns) (grouped into LUT with out node res_6_0)   --->   "%or_ln46_20 = or i1 %tmp_35, i1 %xor_ln46_6" [firmware/nnet_utils/nnet_activation.h:46]   --->   Operation 237 'or' 'or_ln46_20' <Predicate = (icmp_ln45_6)> <Delay = 0.00> <CoreInst = "LogicGate">   --->   Core 74 'LogicGate' <Latency = 0> <II = 1> <Delay = 0.12> <FuncUnit> <Opcode : 'and' 'or' 'xor'> <InPorts = 2> <OutPorts = 1>
ST_1 : Operation 238 [1/1] (0.00ns) (grouped into LUT with out node select_ln46_19)   --->   "%select_ln46_18 = select i1 %tmp_35, i6 0, i6 %add_ln46_6" [firmware/nnet_utils/nnet_activation.h:46]   --->   Operation 238 'select' 'select_ln46_18' <Predicate = (or_ln46_19 & or_ln46_20 & icmp_ln45_6)> <Delay = 0.00> <CoreInst = "Sel">   --->   Core 73 'Sel' <Latency = 0> <II = 1> <Delay = 0.29> <FuncUnit> <Opcode : 'select'> <InPorts = 3> <OutPorts = 1>
ST_1 : Operation 239 [1/1] (0.29ns) (out node of the LUT)   --->   "%select_ln46_19 = select i1 %or_ln46_19, i6 %select_ln46_18, i6 63" [firmware/nnet_utils/nnet_activation.h:46]   --->   Operation 239 'select' 'select_ln46_19' <Predicate = (or_ln46_20 & icmp_ln45_6)> <Delay = 0.29> <CoreInst = "Sel">   --->   Core 73 'Sel' <Latency = 0> <II = 1> <Delay = 0.29> <FuncUnit> <Opcode : 'select'> <InPorts = 3> <OutPorts = 1>
ST_1 : Operation 240 [1/1] (0.00ns) (grouped into LUT with out node res_6_0)   --->   "%select_ln46_20 = select i1 %or_ln46_20, i6 %select_ln46_19, i6 %add_ln46_6" [firmware/nnet_utils/nnet_activation.h:46]   --->   Operation 240 'select' 'select_ln46_20' <Predicate = (icmp_ln45_6)> <Delay = 0.00> <CoreInst = "Sel">   --->   Core 73 'Sel' <Latency = 0> <II = 1> <Delay = 0.29> <FuncUnit> <Opcode : 'select'> <InPorts = 3> <OutPorts = 1>
ST_1 : Operation 241 [1/1] (0.29ns) (out node of the LUT)   --->   "%res_6_0 = select i1 %icmp_ln45_6, i6 %select_ln46_20, i6 0" [firmware/nnet_utils/nnet_activation.h:45]   --->   Operation 241 'select' 'res_6_0' <Predicate = true> <Delay = 0.29> <CoreInst = "Sel">   --->   Core 73 'Sel' <Latency = 0> <II = 1> <Delay = 0.29> <FuncUnit> <Opcode : 'select'> <InPorts = 3> <OutPorts = 1>
ST_1 : Operation 242 [1/1] (0.85ns)   --->   "%icmp_ln45_7 = icmp_sgt  i27 %data_7_val_read, i27 0" [firmware/nnet_utils/nnet_activation.h:45]   --->   Operation 242 'icmp' 'icmp_ln45_7' <Predicate = true> <Delay = 0.85> <CoreInst = "Cmp">   --->   Core 9 'Cmp' <Latency = 0> <II = 1> <Delay = 0.85> <FuncUnit> <Opcode : 'seteq' 'setne' 'setle' 'setge' 'setlt' 'setgt'> <InPorts = 2> <OutPorts = 1>
ST_1 : Operation 243 [1/1] (0.00ns)   --->   "%tmp_41 = bitselect i1 @_ssdm_op_BitSelect.i1.i27.i32, i27 %data_7_val_read, i32 26" [firmware/nnet_utils/nnet_activation.h:46]   --->   Operation 243 'bitselect' 'tmp_41' <Predicate = (icmp_ln45_7)> <Delay = 0.00>
ST_1 : Operation 244 [1/1] (0.00ns) (grouped into LUT with out node add_ln46_7)   --->   "%trunc_ln46_7 = partselect i6 @_ssdm_op_PartSelect.i6.i27.i32.i32, i27 %data_7_val_read, i32 8, i32 13" [firmware/nnet_utils/nnet_activation.h:46]   --->   Operation 244 'partselect' 'trunc_ln46_7' <Predicate = (icmp_ln45_7)> <Delay = 0.00>
ST_1 : Operation 245 [1/1] (0.00ns) (grouped into LUT with out node add_ln46_7)   --->   "%tmp_42 = bitselect i1 @_ssdm_op_BitSelect.i1.i27.i32, i27 %data_7_val_read, i32 7" [firmware/nnet_utils/nnet_activation.h:46]   --->   Operation 245 'bitselect' 'tmp_42' <Predicate = (icmp_ln45_7)> <Delay = 0.00>
ST_1 : Operation 246 [1/1] (0.00ns)   --->   "%trunc_ln46_69 = trunc i27 %data_7_val_read" [firmware/nnet_utils/nnet_activation.h:46]   --->   Operation 246 'trunc' 'trunc_ln46_69' <Predicate = (icmp_ln45_7)> <Delay = 0.00>
ST_1 : Operation 247 [1/1] (0.70ns)   --->   "%icmp_ln46_14 = icmp_ne  i7 %trunc_ln46_69, i7 0" [firmware/nnet_utils/nnet_activation.h:46]   --->   Operation 247 'icmp' 'icmp_ln46_14' <Predicate = (icmp_ln45_7)> <Delay = 0.70> <CoreInst = "Cmp">   --->   Core 9 'Cmp' <Latency = 0> <II = 1> <Delay = 0.70> <FuncUnit> <Opcode : 'seteq' 'setne' 'setle' 'setge' 'setlt' 'setgt'> <InPorts = 2> <OutPorts = 1>
ST_1 : Operation 248 [1/1] (0.00ns) (grouped into LUT with out node empty_25)   --->   "%tmp_43 = bitselect i1 @_ssdm_op_BitSelect.i1.i27.i32, i27 %data_7_val_read, i32 13" [firmware/nnet_utils/nnet_activation.h:46]   --->   Operation 248 'bitselect' 'tmp_43' <Predicate = (icmp_ln45_7)> <Delay = 0.00>
ST_1 : Operation 249 [1/1] (0.00ns) (grouped into LUT with out node add_ln46_7)   --->   "%tmp_44 = bitselect i1 @_ssdm_op_BitSelect.i1.i27.i32, i27 %data_7_val_read, i32 8" [firmware/nnet_utils/nnet_activation.h:46]   --->   Operation 249 'bitselect' 'tmp_44' <Predicate = (icmp_ln45_7)> <Delay = 0.00>
ST_1 : Operation 250 [1/1] (0.00ns) (grouped into LUT with out node add_ln46_7)   --->   "%or_ln46_21 = or i1 %tmp_44, i1 %icmp_ln46_14" [firmware/nnet_utils/nnet_activation.h:46]   --->   Operation 250 'or' 'or_ln46_21' <Predicate = (icmp_ln45_7)> <Delay = 0.00> <CoreInst = "LogicGate">   --->   Core 74 'LogicGate' <Latency = 0> <II = 1> <Delay = 0.12> <FuncUnit> <Opcode : 'and' 'or' 'xor'> <InPorts = 2> <OutPorts = 1>
ST_1 : Operation 251 [1/1] (0.00ns) (grouped into LUT with out node add_ln46_7)   --->   "%and_ln46_14 = and i1 %or_ln46_21, i1 %tmp_42" [firmware/nnet_utils/nnet_activation.h:46]   --->   Operation 251 'and' 'and_ln46_14' <Predicate = (icmp_ln45_7)> <Delay = 0.00> <CoreInst = "LogicGate">   --->   Core 74 'LogicGate' <Latency = 0> <II = 1> <Delay = 0.12> <FuncUnit> <Opcode : 'and' 'or' 'xor'> <InPorts = 2> <OutPorts = 1>
ST_1 : Operation 252 [1/1] (0.00ns) (grouped into LUT with out node add_ln46_7)   --->   "%zext_ln46_7 = zext i1 %and_ln46_14" [firmware/nnet_utils/nnet_activation.h:46]   --->   Operation 252 'zext' 'zext_ln46_7' <Predicate = (icmp_ln45_7)> <Delay = 0.00>
ST_1 : Operation 253 [1/1] (0.70ns) (out node of the LUT)   --->   "%add_ln46_7 = add i6 %trunc_ln46_7, i6 %zext_ln46_7" [firmware/nnet_utils/nnet_activation.h:46]   --->   Operation 253 'add' 'add_ln46_7' <Predicate = (icmp_ln45_7)> <Delay = 0.70> <CoreInst = "Adder">   --->   Core 1 'Adder' <Latency = 0> <II = 1> <Delay = 0.70> <FuncUnit> <Opcode : 'add' 'sub'> <InPorts = 2> <OutPorts = 1>
ST_1 : Operation 254 [1/1] (0.00ns)   --->   "%tmp_45 = partselect i13 @_ssdm_op_PartSelect.i13.i27.i32.i32, i27 %data_7_val_read, i32 14, i32 26" [firmware/nnet_utils/nnet_activation.h:46]   --->   Operation 254 'partselect' 'tmp_45' <Predicate = (icmp_ln45_7)> <Delay = 0.00>
ST_1 : Operation 255 [1/1] (0.75ns)   --->   "%icmp_ln46_15 = icmp_eq  i13 %tmp_45, i13 0" [firmware/nnet_utils/nnet_activation.h:46]   --->   Operation 255 'icmp' 'icmp_ln46_15' <Predicate = (icmp_ln45_7)> <Delay = 0.75> <CoreInst = "Cmp">   --->   Core 9 'Cmp' <Latency = 0> <II = 1> <Delay = 0.75> <FuncUnit> <Opcode : 'seteq' 'setne' 'setle' 'setge' 'setlt' 'setgt'> <InPorts = 2> <OutPorts = 1>
ST_1 : Operation 256 [1/1] (0.00ns) (grouped into LUT with out node empty_25)   --->   "%tmp_46 = bitselect i1 @_ssdm_op_BitSelect.i1.i6.i32, i6 %add_ln46_7, i32 5" [firmware/nnet_utils/nnet_activation.h:46]   --->   Operation 256 'bitselect' 'tmp_46' <Predicate = (icmp_ln45_7)> <Delay = 0.00>
ST_1 : Operation 257 [1/1] (0.00ns) (grouped into LUT with out node empty_25)   --->   "%not_tmp_51 = xor i1 %tmp_43, i1 1" [firmware/nnet_utils/nnet_activation.h:46]   --->   Operation 257 'xor' 'not_tmp_51' <Predicate = (icmp_ln45_7)> <Delay = 0.00> <CoreInst = "LogicGate">   --->   Core 74 'LogicGate' <Latency = 0> <II = 1> <Delay = 0.12> <FuncUnit> <Opcode : 'and' 'or' 'xor'> <InPorts = 2> <OutPorts = 1>
ST_1 : Operation 258 [1/1] (0.00ns) (grouped into LUT with out node empty_25)   --->   "%and_ln46_15 = or i1 %tmp_46, i1 %not_tmp_51" [firmware/nnet_utils/nnet_activation.h:46]   --->   Operation 258 'or' 'and_ln46_15' <Predicate = (icmp_ln45_7)> <Delay = 0.00> <CoreInst = "LogicGate">   --->   Core 74 'LogicGate' <Latency = 0> <II = 1> <Delay = 0.12> <FuncUnit> <Opcode : 'and' 'or' 'xor'> <InPorts = 2> <OutPorts = 1>
ST_1 : Operation 259 [1/1] (0.12ns) (out node of the LUT)   --->   "%empty_25 = and i1 %icmp_ln46_15, i1 %and_ln46_15" [firmware/nnet_utils/nnet_activation.h:46]   --->   Operation 259 'and' 'empty_25' <Predicate = (icmp_ln45_7)> <Delay = 0.12> <CoreInst = "LogicGate">   --->   Core 74 'LogicGate' <Latency = 0> <II = 1> <Delay = 0.12> <FuncUnit> <Opcode : 'and' 'or' 'xor'> <InPorts = 2> <OutPorts = 1>
ST_1 : Operation 260 [1/1] (0.00ns) (grouped into LUT with out node select_ln46_22)   --->   "%or_ln46_22 = or i1 %empty_25, i1 %tmp_41" [firmware/nnet_utils/nnet_activation.h:46]   --->   Operation 260 'or' 'or_ln46_22' <Predicate = (or_ln46_23 & icmp_ln45_7)> <Delay = 0.00> <CoreInst = "LogicGate">   --->   Core 74 'LogicGate' <Latency = 0> <II = 1> <Delay = 0.12> <FuncUnit> <Opcode : 'and' 'or' 'xor'> <InPorts = 2> <OutPorts = 1>
ST_1 : Operation 261 [1/1] (0.00ns) (grouped into LUT with out node res_7_0)   --->   "%xor_ln46_7 = xor i1 %empty_25, i1 1" [firmware/nnet_utils/nnet_activation.h:46]   --->   Operation 261 'xor' 'xor_ln46_7' <Predicate = (icmp_ln45_7)> <Delay = 0.00> <CoreInst = "LogicGate">   --->   Core 74 'LogicGate' <Latency = 0> <II = 1> <Delay = 0.12> <FuncUnit> <Opcode : 'and' 'or' 'xor'> <InPorts = 2> <OutPorts = 1>
ST_1 : Operation 262 [1/1] (0.00ns) (grouped into LUT with out node res_7_0)   --->   "%or_ln46_23 = or i1 %tmp_41, i1 %xor_ln46_7" [firmware/nnet_utils/nnet_activation.h:46]   --->   Operation 262 'or' 'or_ln46_23' <Predicate = (icmp_ln45_7)> <Delay = 0.00> <CoreInst = "LogicGate">   --->   Core 74 'LogicGate' <Latency = 0> <II = 1> <Delay = 0.12> <FuncUnit> <Opcode : 'and' 'or' 'xor'> <InPorts = 2> <OutPorts = 1>
ST_1 : Operation 263 [1/1] (0.00ns) (grouped into LUT with out node select_ln46_22)   --->   "%select_ln46_21 = select i1 %tmp_41, i6 0, i6 %add_ln46_7" [firmware/nnet_utils/nnet_activation.h:46]   --->   Operation 263 'select' 'select_ln46_21' <Predicate = (or_ln46_22 & or_ln46_23 & icmp_ln45_7)> <Delay = 0.00> <CoreInst = "Sel">   --->   Core 73 'Sel' <Latency = 0> <II = 1> <Delay = 0.29> <FuncUnit> <Opcode : 'select'> <InPorts = 3> <OutPorts = 1>
ST_1 : Operation 264 [1/1] (0.29ns) (out node of the LUT)   --->   "%select_ln46_22 = select i1 %or_ln46_22, i6 %select_ln46_21, i6 63" [firmware/nnet_utils/nnet_activation.h:46]   --->   Operation 264 'select' 'select_ln46_22' <Predicate = (or_ln46_23 & icmp_ln45_7)> <Delay = 0.29> <CoreInst = "Sel">   --->   Core 73 'Sel' <Latency = 0> <II = 1> <Delay = 0.29> <FuncUnit> <Opcode : 'select'> <InPorts = 3> <OutPorts = 1>
ST_1 : Operation 265 [1/1] (0.00ns) (grouped into LUT with out node res_7_0)   --->   "%select_ln46_23 = select i1 %or_ln46_23, i6 %select_ln46_22, i6 %add_ln46_7" [firmware/nnet_utils/nnet_activation.h:46]   --->   Operation 265 'select' 'select_ln46_23' <Predicate = (icmp_ln45_7)> <Delay = 0.00> <CoreInst = "Sel">   --->   Core 73 'Sel' <Latency = 0> <II = 1> <Delay = 0.29> <FuncUnit> <Opcode : 'select'> <InPorts = 3> <OutPorts = 1>
ST_1 : Operation 266 [1/1] (0.29ns) (out node of the LUT)   --->   "%res_7_0 = select i1 %icmp_ln45_7, i6 %select_ln46_23, i6 0" [firmware/nnet_utils/nnet_activation.h:45]   --->   Operation 266 'select' 'res_7_0' <Predicate = true> <Delay = 0.29> <CoreInst = "Sel">   --->   Core 73 'Sel' <Latency = 0> <II = 1> <Delay = 0.29> <FuncUnit> <Opcode : 'select'> <InPorts = 3> <OutPorts = 1>
ST_1 : Operation 267 [1/1] (0.85ns)   --->   "%icmp_ln45_8 = icmp_sgt  i27 %data_8_val_read, i27 0" [firmware/nnet_utils/nnet_activation.h:45]   --->   Operation 267 'icmp' 'icmp_ln45_8' <Predicate = true> <Delay = 0.85> <CoreInst = "Cmp">   --->   Core 9 'Cmp' <Latency = 0> <II = 1> <Delay = 0.85> <FuncUnit> <Opcode : 'seteq' 'setne' 'setle' 'setge' 'setlt' 'setgt'> <InPorts = 2> <OutPorts = 1>
ST_1 : Operation 268 [1/1] (0.00ns)   --->   "%tmp_47 = bitselect i1 @_ssdm_op_BitSelect.i1.i27.i32, i27 %data_8_val_read, i32 26" [firmware/nnet_utils/nnet_activation.h:46]   --->   Operation 268 'bitselect' 'tmp_47' <Predicate = (icmp_ln45_8)> <Delay = 0.00>
ST_1 : Operation 269 [1/1] (0.00ns) (grouped into LUT with out node add_ln46_8)   --->   "%trunc_ln46_8 = partselect i6 @_ssdm_op_PartSelect.i6.i27.i32.i32, i27 %data_8_val_read, i32 8, i32 13" [firmware/nnet_utils/nnet_activation.h:46]   --->   Operation 269 'partselect' 'trunc_ln46_8' <Predicate = (icmp_ln45_8)> <Delay = 0.00>
ST_1 : Operation 270 [1/1] (0.00ns) (grouped into LUT with out node add_ln46_8)   --->   "%tmp_48 = bitselect i1 @_ssdm_op_BitSelect.i1.i27.i32, i27 %data_8_val_read, i32 7" [firmware/nnet_utils/nnet_activation.h:46]   --->   Operation 270 'bitselect' 'tmp_48' <Predicate = (icmp_ln45_8)> <Delay = 0.00>
ST_1 : Operation 271 [1/1] (0.00ns)   --->   "%trunc_ln46_70 = trunc i27 %data_8_val_read" [firmware/nnet_utils/nnet_activation.h:46]   --->   Operation 271 'trunc' 'trunc_ln46_70' <Predicate = (icmp_ln45_8)> <Delay = 0.00>
ST_1 : Operation 272 [1/1] (0.70ns)   --->   "%icmp_ln46_16 = icmp_ne  i7 %trunc_ln46_70, i7 0" [firmware/nnet_utils/nnet_activation.h:46]   --->   Operation 272 'icmp' 'icmp_ln46_16' <Predicate = (icmp_ln45_8)> <Delay = 0.70> <CoreInst = "Cmp">   --->   Core 9 'Cmp' <Latency = 0> <II = 1> <Delay = 0.70> <FuncUnit> <Opcode : 'seteq' 'setne' 'setle' 'setge' 'setlt' 'setgt'> <InPorts = 2> <OutPorts = 1>
ST_1 : Operation 273 [1/1] (0.00ns) (grouped into LUT with out node empty_26)   --->   "%tmp_49 = bitselect i1 @_ssdm_op_BitSelect.i1.i27.i32, i27 %data_8_val_read, i32 13" [firmware/nnet_utils/nnet_activation.h:46]   --->   Operation 273 'bitselect' 'tmp_49' <Predicate = (icmp_ln45_8)> <Delay = 0.00>
ST_1 : Operation 274 [1/1] (0.00ns) (grouped into LUT with out node add_ln46_8)   --->   "%tmp_50 = bitselect i1 @_ssdm_op_BitSelect.i1.i27.i32, i27 %data_8_val_read, i32 8" [firmware/nnet_utils/nnet_activation.h:46]   --->   Operation 274 'bitselect' 'tmp_50' <Predicate = (icmp_ln45_8)> <Delay = 0.00>
ST_1 : Operation 275 [1/1] (0.00ns) (grouped into LUT with out node add_ln46_8)   --->   "%or_ln46_24 = or i1 %tmp_50, i1 %icmp_ln46_16" [firmware/nnet_utils/nnet_activation.h:46]   --->   Operation 275 'or' 'or_ln46_24' <Predicate = (icmp_ln45_8)> <Delay = 0.00> <CoreInst = "LogicGate">   --->   Core 74 'LogicGate' <Latency = 0> <II = 1> <Delay = 0.12> <FuncUnit> <Opcode : 'and' 'or' 'xor'> <InPorts = 2> <OutPorts = 1>
ST_1 : Operation 276 [1/1] (0.00ns) (grouped into LUT with out node add_ln46_8)   --->   "%and_ln46_16 = and i1 %or_ln46_24, i1 %tmp_48" [firmware/nnet_utils/nnet_activation.h:46]   --->   Operation 276 'and' 'and_ln46_16' <Predicate = (icmp_ln45_8)> <Delay = 0.00> <CoreInst = "LogicGate">   --->   Core 74 'LogicGate' <Latency = 0> <II = 1> <Delay = 0.12> <FuncUnit> <Opcode : 'and' 'or' 'xor'> <InPorts = 2> <OutPorts = 1>
ST_1 : Operation 277 [1/1] (0.00ns) (grouped into LUT with out node add_ln46_8)   --->   "%zext_ln46_8 = zext i1 %and_ln46_16" [firmware/nnet_utils/nnet_activation.h:46]   --->   Operation 277 'zext' 'zext_ln46_8' <Predicate = (icmp_ln45_8)> <Delay = 0.00>
ST_1 : Operation 278 [1/1] (0.70ns) (out node of the LUT)   --->   "%add_ln46_8 = add i6 %trunc_ln46_8, i6 %zext_ln46_8" [firmware/nnet_utils/nnet_activation.h:46]   --->   Operation 278 'add' 'add_ln46_8' <Predicate = (icmp_ln45_8)> <Delay = 0.70> <CoreInst = "Adder">   --->   Core 1 'Adder' <Latency = 0> <II = 1> <Delay = 0.70> <FuncUnit> <Opcode : 'add' 'sub'> <InPorts = 2> <OutPorts = 1>
ST_1 : Operation 279 [1/1] (0.00ns)   --->   "%tmp_51 = partselect i13 @_ssdm_op_PartSelect.i13.i27.i32.i32, i27 %data_8_val_read, i32 14, i32 26" [firmware/nnet_utils/nnet_activation.h:46]   --->   Operation 279 'partselect' 'tmp_51' <Predicate = (icmp_ln45_8)> <Delay = 0.00>
ST_1 : Operation 280 [1/1] (0.75ns)   --->   "%icmp_ln46_17 = icmp_eq  i13 %tmp_51, i13 0" [firmware/nnet_utils/nnet_activation.h:46]   --->   Operation 280 'icmp' 'icmp_ln46_17' <Predicate = (icmp_ln45_8)> <Delay = 0.75> <CoreInst = "Cmp">   --->   Core 9 'Cmp' <Latency = 0> <II = 1> <Delay = 0.75> <FuncUnit> <Opcode : 'seteq' 'setne' 'setle' 'setge' 'setlt' 'setgt'> <InPorts = 2> <OutPorts = 1>
ST_1 : Operation 281 [1/1] (0.00ns) (grouped into LUT with out node empty_26)   --->   "%tmp_52 = bitselect i1 @_ssdm_op_BitSelect.i1.i6.i32, i6 %add_ln46_8, i32 5" [firmware/nnet_utils/nnet_activation.h:46]   --->   Operation 281 'bitselect' 'tmp_52' <Predicate = (icmp_ln45_8)> <Delay = 0.00>
ST_1 : Operation 282 [1/1] (0.00ns) (grouped into LUT with out node empty_26)   --->   "%not_tmp_58 = xor i1 %tmp_49, i1 1" [firmware/nnet_utils/nnet_activation.h:46]   --->   Operation 282 'xor' 'not_tmp_58' <Predicate = (icmp_ln45_8)> <Delay = 0.00> <CoreInst = "LogicGate">   --->   Core 74 'LogicGate' <Latency = 0> <II = 1> <Delay = 0.12> <FuncUnit> <Opcode : 'and' 'or' 'xor'> <InPorts = 2> <OutPorts = 1>
ST_1 : Operation 283 [1/1] (0.00ns) (grouped into LUT with out node empty_26)   --->   "%and_ln46_17 = or i1 %tmp_52, i1 %not_tmp_58" [firmware/nnet_utils/nnet_activation.h:46]   --->   Operation 283 'or' 'and_ln46_17' <Predicate = (icmp_ln45_8)> <Delay = 0.00> <CoreInst = "LogicGate">   --->   Core 74 'LogicGate' <Latency = 0> <II = 1> <Delay = 0.12> <FuncUnit> <Opcode : 'and' 'or' 'xor'> <InPorts = 2> <OutPorts = 1>
ST_1 : Operation 284 [1/1] (0.12ns) (out node of the LUT)   --->   "%empty_26 = and i1 %icmp_ln46_17, i1 %and_ln46_17" [firmware/nnet_utils/nnet_activation.h:46]   --->   Operation 284 'and' 'empty_26' <Predicate = (icmp_ln45_8)> <Delay = 0.12> <CoreInst = "LogicGate">   --->   Core 74 'LogicGate' <Latency = 0> <II = 1> <Delay = 0.12> <FuncUnit> <Opcode : 'and' 'or' 'xor'> <InPorts = 2> <OutPorts = 1>
ST_1 : Operation 285 [1/1] (0.00ns) (grouped into LUT with out node select_ln46_25)   --->   "%or_ln46_25 = or i1 %empty_26, i1 %tmp_47" [firmware/nnet_utils/nnet_activation.h:46]   --->   Operation 285 'or' 'or_ln46_25' <Predicate = (or_ln46_26 & icmp_ln45_8)> <Delay = 0.00> <CoreInst = "LogicGate">   --->   Core 74 'LogicGate' <Latency = 0> <II = 1> <Delay = 0.12> <FuncUnit> <Opcode : 'and' 'or' 'xor'> <InPorts = 2> <OutPorts = 1>
ST_1 : Operation 286 [1/1] (0.00ns) (grouped into LUT with out node res_8_0)   --->   "%xor_ln46_8 = xor i1 %empty_26, i1 1" [firmware/nnet_utils/nnet_activation.h:46]   --->   Operation 286 'xor' 'xor_ln46_8' <Predicate = (icmp_ln45_8)> <Delay = 0.00> <CoreInst = "LogicGate">   --->   Core 74 'LogicGate' <Latency = 0> <II = 1> <Delay = 0.12> <FuncUnit> <Opcode : 'and' 'or' 'xor'> <InPorts = 2> <OutPorts = 1>
ST_1 : Operation 287 [1/1] (0.00ns) (grouped into LUT with out node res_8_0)   --->   "%or_ln46_26 = or i1 %tmp_47, i1 %xor_ln46_8" [firmware/nnet_utils/nnet_activation.h:46]   --->   Operation 287 'or' 'or_ln46_26' <Predicate = (icmp_ln45_8)> <Delay = 0.00> <CoreInst = "LogicGate">   --->   Core 74 'LogicGate' <Latency = 0> <II = 1> <Delay = 0.12> <FuncUnit> <Opcode : 'and' 'or' 'xor'> <InPorts = 2> <OutPorts = 1>
ST_1 : Operation 288 [1/1] (0.00ns) (grouped into LUT with out node select_ln46_25)   --->   "%select_ln46_24 = select i1 %tmp_47, i6 0, i6 %add_ln46_8" [firmware/nnet_utils/nnet_activation.h:46]   --->   Operation 288 'select' 'select_ln46_24' <Predicate = (or_ln46_25 & or_ln46_26 & icmp_ln45_8)> <Delay = 0.00> <CoreInst = "Sel">   --->   Core 73 'Sel' <Latency = 0> <II = 1> <Delay = 0.29> <FuncUnit> <Opcode : 'select'> <InPorts = 3> <OutPorts = 1>
ST_1 : Operation 289 [1/1] (0.29ns) (out node of the LUT)   --->   "%select_ln46_25 = select i1 %or_ln46_25, i6 %select_ln46_24, i6 63" [firmware/nnet_utils/nnet_activation.h:46]   --->   Operation 289 'select' 'select_ln46_25' <Predicate = (or_ln46_26 & icmp_ln45_8)> <Delay = 0.29> <CoreInst = "Sel">   --->   Core 73 'Sel' <Latency = 0> <II = 1> <Delay = 0.29> <FuncUnit> <Opcode : 'select'> <InPorts = 3> <OutPorts = 1>
ST_1 : Operation 290 [1/1] (0.00ns) (grouped into LUT with out node res_8_0)   --->   "%select_ln46_26 = select i1 %or_ln46_26, i6 %select_ln46_25, i6 %add_ln46_8" [firmware/nnet_utils/nnet_activation.h:46]   --->   Operation 290 'select' 'select_ln46_26' <Predicate = (icmp_ln45_8)> <Delay = 0.00> <CoreInst = "Sel">   --->   Core 73 'Sel' <Latency = 0> <II = 1> <Delay = 0.29> <FuncUnit> <Opcode : 'select'> <InPorts = 3> <OutPorts = 1>
ST_1 : Operation 291 [1/1] (0.29ns) (out node of the LUT)   --->   "%res_8_0 = select i1 %icmp_ln45_8, i6 %select_ln46_26, i6 0" [firmware/nnet_utils/nnet_activation.h:45]   --->   Operation 291 'select' 'res_8_0' <Predicate = true> <Delay = 0.29> <CoreInst = "Sel">   --->   Core 73 'Sel' <Latency = 0> <II = 1> <Delay = 0.29> <FuncUnit> <Opcode : 'select'> <InPorts = 3> <OutPorts = 1>
ST_1 : Operation 292 [1/1] (0.85ns)   --->   "%icmp_ln45_9 = icmp_sgt  i27 %data_9_val_read, i27 0" [firmware/nnet_utils/nnet_activation.h:45]   --->   Operation 292 'icmp' 'icmp_ln45_9' <Predicate = true> <Delay = 0.85> <CoreInst = "Cmp">   --->   Core 9 'Cmp' <Latency = 0> <II = 1> <Delay = 0.85> <FuncUnit> <Opcode : 'seteq' 'setne' 'setle' 'setge' 'setlt' 'setgt'> <InPorts = 2> <OutPorts = 1>
ST_1 : Operation 293 [1/1] (0.00ns)   --->   "%tmp_53 = bitselect i1 @_ssdm_op_BitSelect.i1.i27.i32, i27 %data_9_val_read, i32 26" [firmware/nnet_utils/nnet_activation.h:46]   --->   Operation 293 'bitselect' 'tmp_53' <Predicate = (icmp_ln45_9)> <Delay = 0.00>
ST_1 : Operation 294 [1/1] (0.00ns) (grouped into LUT with out node add_ln46_9)   --->   "%trunc_ln46_9 = partselect i6 @_ssdm_op_PartSelect.i6.i27.i32.i32, i27 %data_9_val_read, i32 8, i32 13" [firmware/nnet_utils/nnet_activation.h:46]   --->   Operation 294 'partselect' 'trunc_ln46_9' <Predicate = (icmp_ln45_9)> <Delay = 0.00>
ST_1 : Operation 295 [1/1] (0.00ns) (grouped into LUT with out node add_ln46_9)   --->   "%tmp_54 = bitselect i1 @_ssdm_op_BitSelect.i1.i27.i32, i27 %data_9_val_read, i32 7" [firmware/nnet_utils/nnet_activation.h:46]   --->   Operation 295 'bitselect' 'tmp_54' <Predicate = (icmp_ln45_9)> <Delay = 0.00>
ST_1 : Operation 296 [1/1] (0.00ns)   --->   "%trunc_ln46_71 = trunc i27 %data_9_val_read" [firmware/nnet_utils/nnet_activation.h:46]   --->   Operation 296 'trunc' 'trunc_ln46_71' <Predicate = (icmp_ln45_9)> <Delay = 0.00>
ST_1 : Operation 297 [1/1] (0.70ns)   --->   "%icmp_ln46_18 = icmp_ne  i7 %trunc_ln46_71, i7 0" [firmware/nnet_utils/nnet_activation.h:46]   --->   Operation 297 'icmp' 'icmp_ln46_18' <Predicate = (icmp_ln45_9)> <Delay = 0.70> <CoreInst = "Cmp">   --->   Core 9 'Cmp' <Latency = 0> <II = 1> <Delay = 0.70> <FuncUnit> <Opcode : 'seteq' 'setne' 'setle' 'setge' 'setlt' 'setgt'> <InPorts = 2> <OutPorts = 1>
ST_1 : Operation 298 [1/1] (0.00ns) (grouped into LUT with out node empty_27)   --->   "%tmp_55 = bitselect i1 @_ssdm_op_BitSelect.i1.i27.i32, i27 %data_9_val_read, i32 13" [firmware/nnet_utils/nnet_activation.h:46]   --->   Operation 298 'bitselect' 'tmp_55' <Predicate = (icmp_ln45_9)> <Delay = 0.00>
ST_1 : Operation 299 [1/1] (0.00ns) (grouped into LUT with out node add_ln46_9)   --->   "%tmp_56 = bitselect i1 @_ssdm_op_BitSelect.i1.i27.i32, i27 %data_9_val_read, i32 8" [firmware/nnet_utils/nnet_activation.h:46]   --->   Operation 299 'bitselect' 'tmp_56' <Predicate = (icmp_ln45_9)> <Delay = 0.00>
ST_1 : Operation 300 [1/1] (0.00ns) (grouped into LUT with out node add_ln46_9)   --->   "%or_ln46_27 = or i1 %tmp_56, i1 %icmp_ln46_18" [firmware/nnet_utils/nnet_activation.h:46]   --->   Operation 300 'or' 'or_ln46_27' <Predicate = (icmp_ln45_9)> <Delay = 0.00> <CoreInst = "LogicGate">   --->   Core 74 'LogicGate' <Latency = 0> <II = 1> <Delay = 0.12> <FuncUnit> <Opcode : 'and' 'or' 'xor'> <InPorts = 2> <OutPorts = 1>
ST_1 : Operation 301 [1/1] (0.00ns) (grouped into LUT with out node add_ln46_9)   --->   "%and_ln46_18 = and i1 %or_ln46_27, i1 %tmp_54" [firmware/nnet_utils/nnet_activation.h:46]   --->   Operation 301 'and' 'and_ln46_18' <Predicate = (icmp_ln45_9)> <Delay = 0.00> <CoreInst = "LogicGate">   --->   Core 74 'LogicGate' <Latency = 0> <II = 1> <Delay = 0.12> <FuncUnit> <Opcode : 'and' 'or' 'xor'> <InPorts = 2> <OutPorts = 1>
ST_1 : Operation 302 [1/1] (0.00ns) (grouped into LUT with out node add_ln46_9)   --->   "%zext_ln46_9 = zext i1 %and_ln46_18" [firmware/nnet_utils/nnet_activation.h:46]   --->   Operation 302 'zext' 'zext_ln46_9' <Predicate = (icmp_ln45_9)> <Delay = 0.00>
ST_1 : Operation 303 [1/1] (0.70ns) (out node of the LUT)   --->   "%add_ln46_9 = add i6 %trunc_ln46_9, i6 %zext_ln46_9" [firmware/nnet_utils/nnet_activation.h:46]   --->   Operation 303 'add' 'add_ln46_9' <Predicate = (icmp_ln45_9)> <Delay = 0.70> <CoreInst = "Adder">   --->   Core 1 'Adder' <Latency = 0> <II = 1> <Delay = 0.70> <FuncUnit> <Opcode : 'add' 'sub'> <InPorts = 2> <OutPorts = 1>
ST_1 : Operation 304 [1/1] (0.00ns)   --->   "%tmp_57 = partselect i13 @_ssdm_op_PartSelect.i13.i27.i32.i32, i27 %data_9_val_read, i32 14, i32 26" [firmware/nnet_utils/nnet_activation.h:46]   --->   Operation 304 'partselect' 'tmp_57' <Predicate = (icmp_ln45_9)> <Delay = 0.00>
ST_1 : Operation 305 [1/1] (0.75ns)   --->   "%icmp_ln46_19 = icmp_eq  i13 %tmp_57, i13 0" [firmware/nnet_utils/nnet_activation.h:46]   --->   Operation 305 'icmp' 'icmp_ln46_19' <Predicate = (icmp_ln45_9)> <Delay = 0.75> <CoreInst = "Cmp">   --->   Core 9 'Cmp' <Latency = 0> <II = 1> <Delay = 0.75> <FuncUnit> <Opcode : 'seteq' 'setne' 'setle' 'setge' 'setlt' 'setgt'> <InPorts = 2> <OutPorts = 1>
ST_1 : Operation 306 [1/1] (0.00ns) (grouped into LUT with out node empty_27)   --->   "%tmp_58 = bitselect i1 @_ssdm_op_BitSelect.i1.i6.i32, i6 %add_ln46_9, i32 5" [firmware/nnet_utils/nnet_activation.h:46]   --->   Operation 306 'bitselect' 'tmp_58' <Predicate = (icmp_ln45_9)> <Delay = 0.00>
ST_1 : Operation 307 [1/1] (0.00ns) (grouped into LUT with out node empty_27)   --->   "%not_tmp_65 = xor i1 %tmp_55, i1 1" [firmware/nnet_utils/nnet_activation.h:46]   --->   Operation 307 'xor' 'not_tmp_65' <Predicate = (icmp_ln45_9)> <Delay = 0.00> <CoreInst = "LogicGate">   --->   Core 74 'LogicGate' <Latency = 0> <II = 1> <Delay = 0.12> <FuncUnit> <Opcode : 'and' 'or' 'xor'> <InPorts = 2> <OutPorts = 1>
ST_1 : Operation 308 [1/1] (0.00ns) (grouped into LUT with out node empty_27)   --->   "%and_ln46_19 = or i1 %tmp_58, i1 %not_tmp_65" [firmware/nnet_utils/nnet_activation.h:46]   --->   Operation 308 'or' 'and_ln46_19' <Predicate = (icmp_ln45_9)> <Delay = 0.00> <CoreInst = "LogicGate">   --->   Core 74 'LogicGate' <Latency = 0> <II = 1> <Delay = 0.12> <FuncUnit> <Opcode : 'and' 'or' 'xor'> <InPorts = 2> <OutPorts = 1>
ST_1 : Operation 309 [1/1] (0.12ns) (out node of the LUT)   --->   "%empty_27 = and i1 %icmp_ln46_19, i1 %and_ln46_19" [firmware/nnet_utils/nnet_activation.h:46]   --->   Operation 309 'and' 'empty_27' <Predicate = (icmp_ln45_9)> <Delay = 0.12> <CoreInst = "LogicGate">   --->   Core 74 'LogicGate' <Latency = 0> <II = 1> <Delay = 0.12> <FuncUnit> <Opcode : 'and' 'or' 'xor'> <InPorts = 2> <OutPorts = 1>
ST_1 : Operation 310 [1/1] (0.00ns) (grouped into LUT with out node select_ln46_28)   --->   "%or_ln46_28 = or i1 %empty_27, i1 %tmp_53" [firmware/nnet_utils/nnet_activation.h:46]   --->   Operation 310 'or' 'or_ln46_28' <Predicate = (or_ln46_29 & icmp_ln45_9)> <Delay = 0.00> <CoreInst = "LogicGate">   --->   Core 74 'LogicGate' <Latency = 0> <II = 1> <Delay = 0.12> <FuncUnit> <Opcode : 'and' 'or' 'xor'> <InPorts = 2> <OutPorts = 1>
ST_1 : Operation 311 [1/1] (0.00ns) (grouped into LUT with out node res_9_0)   --->   "%xor_ln46_9 = xor i1 %empty_27, i1 1" [firmware/nnet_utils/nnet_activation.h:46]   --->   Operation 311 'xor' 'xor_ln46_9' <Predicate = (icmp_ln45_9)> <Delay = 0.00> <CoreInst = "LogicGate">   --->   Core 74 'LogicGate' <Latency = 0> <II = 1> <Delay = 0.12> <FuncUnit> <Opcode : 'and' 'or' 'xor'> <InPorts = 2> <OutPorts = 1>
ST_1 : Operation 312 [1/1] (0.00ns) (grouped into LUT with out node res_9_0)   --->   "%or_ln46_29 = or i1 %tmp_53, i1 %xor_ln46_9" [firmware/nnet_utils/nnet_activation.h:46]   --->   Operation 312 'or' 'or_ln46_29' <Predicate = (icmp_ln45_9)> <Delay = 0.00> <CoreInst = "LogicGate">   --->   Core 74 'LogicGate' <Latency = 0> <II = 1> <Delay = 0.12> <FuncUnit> <Opcode : 'and' 'or' 'xor'> <InPorts = 2> <OutPorts = 1>
ST_1 : Operation 313 [1/1] (0.00ns) (grouped into LUT with out node select_ln46_28)   --->   "%select_ln46_27 = select i1 %tmp_53, i6 0, i6 %add_ln46_9" [firmware/nnet_utils/nnet_activation.h:46]   --->   Operation 313 'select' 'select_ln46_27' <Predicate = (or_ln46_28 & or_ln46_29 & icmp_ln45_9)> <Delay = 0.00> <CoreInst = "Sel">   --->   Core 73 'Sel' <Latency = 0> <II = 1> <Delay = 0.29> <FuncUnit> <Opcode : 'select'> <InPorts = 3> <OutPorts = 1>
ST_1 : Operation 314 [1/1] (0.29ns) (out node of the LUT)   --->   "%select_ln46_28 = select i1 %or_ln46_28, i6 %select_ln46_27, i6 63" [firmware/nnet_utils/nnet_activation.h:46]   --->   Operation 314 'select' 'select_ln46_28' <Predicate = (or_ln46_29 & icmp_ln45_9)> <Delay = 0.29> <CoreInst = "Sel">   --->   Core 73 'Sel' <Latency = 0> <II = 1> <Delay = 0.29> <FuncUnit> <Opcode : 'select'> <InPorts = 3> <OutPorts = 1>
ST_1 : Operation 315 [1/1] (0.00ns) (grouped into LUT with out node res_9_0)   --->   "%select_ln46_29 = select i1 %or_ln46_29, i6 %select_ln46_28, i6 %add_ln46_9" [firmware/nnet_utils/nnet_activation.h:46]   --->   Operation 315 'select' 'select_ln46_29' <Predicate = (icmp_ln45_9)> <Delay = 0.00> <CoreInst = "Sel">   --->   Core 73 'Sel' <Latency = 0> <II = 1> <Delay = 0.29> <FuncUnit> <Opcode : 'select'> <InPorts = 3> <OutPorts = 1>
ST_1 : Operation 316 [1/1] (0.29ns) (out node of the LUT)   --->   "%res_9_0 = select i1 %icmp_ln45_9, i6 %select_ln46_29, i6 0" [firmware/nnet_utils/nnet_activation.h:45]   --->   Operation 316 'select' 'res_9_0' <Predicate = true> <Delay = 0.29> <CoreInst = "Sel">   --->   Core 73 'Sel' <Latency = 0> <II = 1> <Delay = 0.29> <FuncUnit> <Opcode : 'select'> <InPorts = 3> <OutPorts = 1>
ST_1 : Operation 317 [1/1] (0.85ns)   --->   "%icmp_ln45_10 = icmp_sgt  i27 %data_10_val_read, i27 0" [firmware/nnet_utils/nnet_activation.h:45]   --->   Operation 317 'icmp' 'icmp_ln45_10' <Predicate = true> <Delay = 0.85> <CoreInst = "Cmp">   --->   Core 9 'Cmp' <Latency = 0> <II = 1> <Delay = 0.85> <FuncUnit> <Opcode : 'seteq' 'setne' 'setle' 'setge' 'setlt' 'setgt'> <InPorts = 2> <OutPorts = 1>
ST_1 : Operation 318 [1/1] (0.00ns)   --->   "%tmp_59 = bitselect i1 @_ssdm_op_BitSelect.i1.i27.i32, i27 %data_10_val_read, i32 26" [firmware/nnet_utils/nnet_activation.h:46]   --->   Operation 318 'bitselect' 'tmp_59' <Predicate = (icmp_ln45_10)> <Delay = 0.00>
ST_1 : Operation 319 [1/1] (0.00ns) (grouped into LUT with out node add_ln46_10)   --->   "%trunc_ln46_s = partselect i6 @_ssdm_op_PartSelect.i6.i27.i32.i32, i27 %data_10_val_read, i32 8, i32 13" [firmware/nnet_utils/nnet_activation.h:46]   --->   Operation 319 'partselect' 'trunc_ln46_s' <Predicate = (icmp_ln45_10)> <Delay = 0.00>
ST_1 : Operation 320 [1/1] (0.00ns) (grouped into LUT with out node add_ln46_10)   --->   "%tmp_60 = bitselect i1 @_ssdm_op_BitSelect.i1.i27.i32, i27 %data_10_val_read, i32 7" [firmware/nnet_utils/nnet_activation.h:46]   --->   Operation 320 'bitselect' 'tmp_60' <Predicate = (icmp_ln45_10)> <Delay = 0.00>
ST_1 : Operation 321 [1/1] (0.00ns)   --->   "%trunc_ln46_72 = trunc i27 %data_10_val_read" [firmware/nnet_utils/nnet_activation.h:46]   --->   Operation 321 'trunc' 'trunc_ln46_72' <Predicate = (icmp_ln45_10)> <Delay = 0.00>
ST_1 : Operation 322 [1/1] (0.70ns)   --->   "%icmp_ln46_20 = icmp_ne  i7 %trunc_ln46_72, i7 0" [firmware/nnet_utils/nnet_activation.h:46]   --->   Operation 322 'icmp' 'icmp_ln46_20' <Predicate = (icmp_ln45_10)> <Delay = 0.70> <CoreInst = "Cmp">   --->   Core 9 'Cmp' <Latency = 0> <II = 1> <Delay = 0.70> <FuncUnit> <Opcode : 'seteq' 'setne' 'setle' 'setge' 'setlt' 'setgt'> <InPorts = 2> <OutPorts = 1>
ST_1 : Operation 323 [1/1] (0.00ns) (grouped into LUT with out node empty_28)   --->   "%tmp_61 = bitselect i1 @_ssdm_op_BitSelect.i1.i27.i32, i27 %data_10_val_read, i32 13" [firmware/nnet_utils/nnet_activation.h:46]   --->   Operation 323 'bitselect' 'tmp_61' <Predicate = (icmp_ln45_10)> <Delay = 0.00>
ST_1 : Operation 324 [1/1] (0.00ns) (grouped into LUT with out node add_ln46_10)   --->   "%tmp_62 = bitselect i1 @_ssdm_op_BitSelect.i1.i27.i32, i27 %data_10_val_read, i32 8" [firmware/nnet_utils/nnet_activation.h:46]   --->   Operation 324 'bitselect' 'tmp_62' <Predicate = (icmp_ln45_10)> <Delay = 0.00>
ST_1 : Operation 325 [1/1] (0.00ns) (grouped into LUT with out node add_ln46_10)   --->   "%or_ln46_30 = or i1 %tmp_62, i1 %icmp_ln46_20" [firmware/nnet_utils/nnet_activation.h:46]   --->   Operation 325 'or' 'or_ln46_30' <Predicate = (icmp_ln45_10)> <Delay = 0.00> <CoreInst = "LogicGate">   --->   Core 74 'LogicGate' <Latency = 0> <II = 1> <Delay = 0.12> <FuncUnit> <Opcode : 'and' 'or' 'xor'> <InPorts = 2> <OutPorts = 1>
ST_1 : Operation 326 [1/1] (0.00ns) (grouped into LUT with out node add_ln46_10)   --->   "%and_ln46_20 = and i1 %or_ln46_30, i1 %tmp_60" [firmware/nnet_utils/nnet_activation.h:46]   --->   Operation 326 'and' 'and_ln46_20' <Predicate = (icmp_ln45_10)> <Delay = 0.00> <CoreInst = "LogicGate">   --->   Core 74 'LogicGate' <Latency = 0> <II = 1> <Delay = 0.12> <FuncUnit> <Opcode : 'and' 'or' 'xor'> <InPorts = 2> <OutPorts = 1>
ST_1 : Operation 327 [1/1] (0.00ns) (grouped into LUT with out node add_ln46_10)   --->   "%zext_ln46_10 = zext i1 %and_ln46_20" [firmware/nnet_utils/nnet_activation.h:46]   --->   Operation 327 'zext' 'zext_ln46_10' <Predicate = (icmp_ln45_10)> <Delay = 0.00>
ST_1 : Operation 328 [1/1] (0.70ns) (out node of the LUT)   --->   "%add_ln46_10 = add i6 %trunc_ln46_s, i6 %zext_ln46_10" [firmware/nnet_utils/nnet_activation.h:46]   --->   Operation 328 'add' 'add_ln46_10' <Predicate = (icmp_ln45_10)> <Delay = 0.70> <CoreInst = "Adder">   --->   Core 1 'Adder' <Latency = 0> <II = 1> <Delay = 0.70> <FuncUnit> <Opcode : 'add' 'sub'> <InPorts = 2> <OutPorts = 1>
ST_1 : Operation 329 [1/1] (0.00ns)   --->   "%tmp_63 = partselect i13 @_ssdm_op_PartSelect.i13.i27.i32.i32, i27 %data_10_val_read, i32 14, i32 26" [firmware/nnet_utils/nnet_activation.h:46]   --->   Operation 329 'partselect' 'tmp_63' <Predicate = (icmp_ln45_10)> <Delay = 0.00>
ST_1 : Operation 330 [1/1] (0.75ns)   --->   "%icmp_ln46_21 = icmp_eq  i13 %tmp_63, i13 0" [firmware/nnet_utils/nnet_activation.h:46]   --->   Operation 330 'icmp' 'icmp_ln46_21' <Predicate = (icmp_ln45_10)> <Delay = 0.75> <CoreInst = "Cmp">   --->   Core 9 'Cmp' <Latency = 0> <II = 1> <Delay = 0.75> <FuncUnit> <Opcode : 'seteq' 'setne' 'setle' 'setge' 'setlt' 'setgt'> <InPorts = 2> <OutPorts = 1>
ST_1 : Operation 331 [1/1] (0.00ns) (grouped into LUT with out node empty_28)   --->   "%tmp_64 = bitselect i1 @_ssdm_op_BitSelect.i1.i6.i32, i6 %add_ln46_10, i32 5" [firmware/nnet_utils/nnet_activation.h:46]   --->   Operation 331 'bitselect' 'tmp_64' <Predicate = (icmp_ln45_10)> <Delay = 0.00>
ST_1 : Operation 332 [1/1] (0.00ns) (grouped into LUT with out node empty_28)   --->   "%not_tmp_72 = xor i1 %tmp_61, i1 1" [firmware/nnet_utils/nnet_activation.h:46]   --->   Operation 332 'xor' 'not_tmp_72' <Predicate = (icmp_ln45_10)> <Delay = 0.00> <CoreInst = "LogicGate">   --->   Core 74 'LogicGate' <Latency = 0> <II = 1> <Delay = 0.12> <FuncUnit> <Opcode : 'and' 'or' 'xor'> <InPorts = 2> <OutPorts = 1>
ST_1 : Operation 333 [1/1] (0.00ns) (grouped into LUT with out node empty_28)   --->   "%and_ln46_21 = or i1 %tmp_64, i1 %not_tmp_72" [firmware/nnet_utils/nnet_activation.h:46]   --->   Operation 333 'or' 'and_ln46_21' <Predicate = (icmp_ln45_10)> <Delay = 0.00> <CoreInst = "LogicGate">   --->   Core 74 'LogicGate' <Latency = 0> <II = 1> <Delay = 0.12> <FuncUnit> <Opcode : 'and' 'or' 'xor'> <InPorts = 2> <OutPorts = 1>
ST_1 : Operation 334 [1/1] (0.12ns) (out node of the LUT)   --->   "%empty_28 = and i1 %icmp_ln46_21, i1 %and_ln46_21" [firmware/nnet_utils/nnet_activation.h:46]   --->   Operation 334 'and' 'empty_28' <Predicate = (icmp_ln45_10)> <Delay = 0.12> <CoreInst = "LogicGate">   --->   Core 74 'LogicGate' <Latency = 0> <II = 1> <Delay = 0.12> <FuncUnit> <Opcode : 'and' 'or' 'xor'> <InPorts = 2> <OutPorts = 1>
ST_1 : Operation 335 [1/1] (0.00ns) (grouped into LUT with out node select_ln46_31)   --->   "%or_ln46_31 = or i1 %empty_28, i1 %tmp_59" [firmware/nnet_utils/nnet_activation.h:46]   --->   Operation 335 'or' 'or_ln46_31' <Predicate = (or_ln46_32 & icmp_ln45_10)> <Delay = 0.00> <CoreInst = "LogicGate">   --->   Core 74 'LogicGate' <Latency = 0> <II = 1> <Delay = 0.12> <FuncUnit> <Opcode : 'and' 'or' 'xor'> <InPorts = 2> <OutPorts = 1>
ST_1 : Operation 336 [1/1] (0.00ns) (grouped into LUT with out node res_10_0)   --->   "%xor_ln46_10 = xor i1 %empty_28, i1 1" [firmware/nnet_utils/nnet_activation.h:46]   --->   Operation 336 'xor' 'xor_ln46_10' <Predicate = (icmp_ln45_10)> <Delay = 0.00> <CoreInst = "LogicGate">   --->   Core 74 'LogicGate' <Latency = 0> <II = 1> <Delay = 0.12> <FuncUnit> <Opcode : 'and' 'or' 'xor'> <InPorts = 2> <OutPorts = 1>
ST_1 : Operation 337 [1/1] (0.00ns) (grouped into LUT with out node res_10_0)   --->   "%or_ln46_32 = or i1 %tmp_59, i1 %xor_ln46_10" [firmware/nnet_utils/nnet_activation.h:46]   --->   Operation 337 'or' 'or_ln46_32' <Predicate = (icmp_ln45_10)> <Delay = 0.00> <CoreInst = "LogicGate">   --->   Core 74 'LogicGate' <Latency = 0> <II = 1> <Delay = 0.12> <FuncUnit> <Opcode : 'and' 'or' 'xor'> <InPorts = 2> <OutPorts = 1>
ST_1 : Operation 338 [1/1] (0.00ns) (grouped into LUT with out node select_ln46_31)   --->   "%select_ln46_30 = select i1 %tmp_59, i6 0, i6 %add_ln46_10" [firmware/nnet_utils/nnet_activation.h:46]   --->   Operation 338 'select' 'select_ln46_30' <Predicate = (or_ln46_31 & or_ln46_32 & icmp_ln45_10)> <Delay = 0.00> <CoreInst = "Sel">   --->   Core 73 'Sel' <Latency = 0> <II = 1> <Delay = 0.29> <FuncUnit> <Opcode : 'select'> <InPorts = 3> <OutPorts = 1>
ST_1 : Operation 339 [1/1] (0.29ns) (out node of the LUT)   --->   "%select_ln46_31 = select i1 %or_ln46_31, i6 %select_ln46_30, i6 63" [firmware/nnet_utils/nnet_activation.h:46]   --->   Operation 339 'select' 'select_ln46_31' <Predicate = (or_ln46_32 & icmp_ln45_10)> <Delay = 0.29> <CoreInst = "Sel">   --->   Core 73 'Sel' <Latency = 0> <II = 1> <Delay = 0.29> <FuncUnit> <Opcode : 'select'> <InPorts = 3> <OutPorts = 1>
ST_1 : Operation 340 [1/1] (0.00ns) (grouped into LUT with out node res_10_0)   --->   "%select_ln46_32 = select i1 %or_ln46_32, i6 %select_ln46_31, i6 %add_ln46_10" [firmware/nnet_utils/nnet_activation.h:46]   --->   Operation 340 'select' 'select_ln46_32' <Predicate = (icmp_ln45_10)> <Delay = 0.00> <CoreInst = "Sel">   --->   Core 73 'Sel' <Latency = 0> <II = 1> <Delay = 0.29> <FuncUnit> <Opcode : 'select'> <InPorts = 3> <OutPorts = 1>
ST_1 : Operation 341 [1/1] (0.29ns) (out node of the LUT)   --->   "%res_10_0 = select i1 %icmp_ln45_10, i6 %select_ln46_32, i6 0" [firmware/nnet_utils/nnet_activation.h:45]   --->   Operation 341 'select' 'res_10_0' <Predicate = true> <Delay = 0.29> <CoreInst = "Sel">   --->   Core 73 'Sel' <Latency = 0> <II = 1> <Delay = 0.29> <FuncUnit> <Opcode : 'select'> <InPorts = 3> <OutPorts = 1>
ST_1 : Operation 342 [1/1] (0.85ns)   --->   "%icmp_ln45_11 = icmp_sgt  i27 %data_11_val_read, i27 0" [firmware/nnet_utils/nnet_activation.h:45]   --->   Operation 342 'icmp' 'icmp_ln45_11' <Predicate = true> <Delay = 0.85> <CoreInst = "Cmp">   --->   Core 9 'Cmp' <Latency = 0> <II = 1> <Delay = 0.85> <FuncUnit> <Opcode : 'seteq' 'setne' 'setle' 'setge' 'setlt' 'setgt'> <InPorts = 2> <OutPorts = 1>
ST_1 : Operation 343 [1/1] (0.00ns)   --->   "%tmp_65 = bitselect i1 @_ssdm_op_BitSelect.i1.i27.i32, i27 %data_11_val_read, i32 26" [firmware/nnet_utils/nnet_activation.h:46]   --->   Operation 343 'bitselect' 'tmp_65' <Predicate = (icmp_ln45_11)> <Delay = 0.00>
ST_1 : Operation 344 [1/1] (0.00ns) (grouped into LUT with out node add_ln46_11)   --->   "%trunc_ln46_10 = partselect i6 @_ssdm_op_PartSelect.i6.i27.i32.i32, i27 %data_11_val_read, i32 8, i32 13" [firmware/nnet_utils/nnet_activation.h:46]   --->   Operation 344 'partselect' 'trunc_ln46_10' <Predicate = (icmp_ln45_11)> <Delay = 0.00>
ST_1 : Operation 345 [1/1] (0.00ns) (grouped into LUT with out node add_ln46_11)   --->   "%tmp_66 = bitselect i1 @_ssdm_op_BitSelect.i1.i27.i32, i27 %data_11_val_read, i32 7" [firmware/nnet_utils/nnet_activation.h:46]   --->   Operation 345 'bitselect' 'tmp_66' <Predicate = (icmp_ln45_11)> <Delay = 0.00>
ST_1 : Operation 346 [1/1] (0.00ns)   --->   "%trunc_ln46_73 = trunc i27 %data_11_val_read" [firmware/nnet_utils/nnet_activation.h:46]   --->   Operation 346 'trunc' 'trunc_ln46_73' <Predicate = (icmp_ln45_11)> <Delay = 0.00>
ST_1 : Operation 347 [1/1] (0.70ns)   --->   "%icmp_ln46_22 = icmp_ne  i7 %trunc_ln46_73, i7 0" [firmware/nnet_utils/nnet_activation.h:46]   --->   Operation 347 'icmp' 'icmp_ln46_22' <Predicate = (icmp_ln45_11)> <Delay = 0.70> <CoreInst = "Cmp">   --->   Core 9 'Cmp' <Latency = 0> <II = 1> <Delay = 0.70> <FuncUnit> <Opcode : 'seteq' 'setne' 'setle' 'setge' 'setlt' 'setgt'> <InPorts = 2> <OutPorts = 1>
ST_1 : Operation 348 [1/1] (0.00ns) (grouped into LUT with out node empty_29)   --->   "%tmp_67 = bitselect i1 @_ssdm_op_BitSelect.i1.i27.i32, i27 %data_11_val_read, i32 13" [firmware/nnet_utils/nnet_activation.h:46]   --->   Operation 348 'bitselect' 'tmp_67' <Predicate = (icmp_ln45_11)> <Delay = 0.00>
ST_1 : Operation 349 [1/1] (0.00ns) (grouped into LUT with out node add_ln46_11)   --->   "%tmp_68 = bitselect i1 @_ssdm_op_BitSelect.i1.i27.i32, i27 %data_11_val_read, i32 8" [firmware/nnet_utils/nnet_activation.h:46]   --->   Operation 349 'bitselect' 'tmp_68' <Predicate = (icmp_ln45_11)> <Delay = 0.00>
ST_1 : Operation 350 [1/1] (0.00ns) (grouped into LUT with out node add_ln46_11)   --->   "%or_ln46_33 = or i1 %tmp_68, i1 %icmp_ln46_22" [firmware/nnet_utils/nnet_activation.h:46]   --->   Operation 350 'or' 'or_ln46_33' <Predicate = (icmp_ln45_11)> <Delay = 0.00> <CoreInst = "LogicGate">   --->   Core 74 'LogicGate' <Latency = 0> <II = 1> <Delay = 0.12> <FuncUnit> <Opcode : 'and' 'or' 'xor'> <InPorts = 2> <OutPorts = 1>
ST_1 : Operation 351 [1/1] (0.00ns) (grouped into LUT with out node add_ln46_11)   --->   "%and_ln46_22 = and i1 %or_ln46_33, i1 %tmp_66" [firmware/nnet_utils/nnet_activation.h:46]   --->   Operation 351 'and' 'and_ln46_22' <Predicate = (icmp_ln45_11)> <Delay = 0.00> <CoreInst = "LogicGate">   --->   Core 74 'LogicGate' <Latency = 0> <II = 1> <Delay = 0.12> <FuncUnit> <Opcode : 'and' 'or' 'xor'> <InPorts = 2> <OutPorts = 1>
ST_1 : Operation 352 [1/1] (0.00ns) (grouped into LUT with out node add_ln46_11)   --->   "%zext_ln46_11 = zext i1 %and_ln46_22" [firmware/nnet_utils/nnet_activation.h:46]   --->   Operation 352 'zext' 'zext_ln46_11' <Predicate = (icmp_ln45_11)> <Delay = 0.00>
ST_1 : Operation 353 [1/1] (0.70ns) (out node of the LUT)   --->   "%add_ln46_11 = add i6 %trunc_ln46_10, i6 %zext_ln46_11" [firmware/nnet_utils/nnet_activation.h:46]   --->   Operation 353 'add' 'add_ln46_11' <Predicate = (icmp_ln45_11)> <Delay = 0.70> <CoreInst = "Adder">   --->   Core 1 'Adder' <Latency = 0> <II = 1> <Delay = 0.70> <FuncUnit> <Opcode : 'add' 'sub'> <InPorts = 2> <OutPorts = 1>
ST_1 : Operation 354 [1/1] (0.00ns)   --->   "%tmp_69 = partselect i13 @_ssdm_op_PartSelect.i13.i27.i32.i32, i27 %data_11_val_read, i32 14, i32 26" [firmware/nnet_utils/nnet_activation.h:46]   --->   Operation 354 'partselect' 'tmp_69' <Predicate = (icmp_ln45_11)> <Delay = 0.00>
ST_1 : Operation 355 [1/1] (0.75ns)   --->   "%icmp_ln46_23 = icmp_eq  i13 %tmp_69, i13 0" [firmware/nnet_utils/nnet_activation.h:46]   --->   Operation 355 'icmp' 'icmp_ln46_23' <Predicate = (icmp_ln45_11)> <Delay = 0.75> <CoreInst = "Cmp">   --->   Core 9 'Cmp' <Latency = 0> <II = 1> <Delay = 0.75> <FuncUnit> <Opcode : 'seteq' 'setne' 'setle' 'setge' 'setlt' 'setgt'> <InPorts = 2> <OutPorts = 1>
ST_1 : Operation 356 [1/1] (0.00ns) (grouped into LUT with out node empty_29)   --->   "%tmp_70 = bitselect i1 @_ssdm_op_BitSelect.i1.i6.i32, i6 %add_ln46_11, i32 5" [firmware/nnet_utils/nnet_activation.h:46]   --->   Operation 356 'bitselect' 'tmp_70' <Predicate = (icmp_ln45_11)> <Delay = 0.00>
ST_1 : Operation 357 [1/1] (0.00ns) (grouped into LUT with out node empty_29)   --->   "%not_tmp_79 = xor i1 %tmp_67, i1 1" [firmware/nnet_utils/nnet_activation.h:46]   --->   Operation 357 'xor' 'not_tmp_79' <Predicate = (icmp_ln45_11)> <Delay = 0.00> <CoreInst = "LogicGate">   --->   Core 74 'LogicGate' <Latency = 0> <II = 1> <Delay = 0.12> <FuncUnit> <Opcode : 'and' 'or' 'xor'> <InPorts = 2> <OutPorts = 1>
ST_1 : Operation 358 [1/1] (0.00ns) (grouped into LUT with out node empty_29)   --->   "%and_ln46_23 = or i1 %tmp_70, i1 %not_tmp_79" [firmware/nnet_utils/nnet_activation.h:46]   --->   Operation 358 'or' 'and_ln46_23' <Predicate = (icmp_ln45_11)> <Delay = 0.00> <CoreInst = "LogicGate">   --->   Core 74 'LogicGate' <Latency = 0> <II = 1> <Delay = 0.12> <FuncUnit> <Opcode : 'and' 'or' 'xor'> <InPorts = 2> <OutPorts = 1>
ST_1 : Operation 359 [1/1] (0.12ns) (out node of the LUT)   --->   "%empty_29 = and i1 %icmp_ln46_23, i1 %and_ln46_23" [firmware/nnet_utils/nnet_activation.h:46]   --->   Operation 359 'and' 'empty_29' <Predicate = (icmp_ln45_11)> <Delay = 0.12> <CoreInst = "LogicGate">   --->   Core 74 'LogicGate' <Latency = 0> <II = 1> <Delay = 0.12> <FuncUnit> <Opcode : 'and' 'or' 'xor'> <InPorts = 2> <OutPorts = 1>
ST_1 : Operation 360 [1/1] (0.00ns) (grouped into LUT with out node select_ln46_34)   --->   "%or_ln46_34 = or i1 %empty_29, i1 %tmp_65" [firmware/nnet_utils/nnet_activation.h:46]   --->   Operation 360 'or' 'or_ln46_34' <Predicate = (or_ln46_35 & icmp_ln45_11)> <Delay = 0.00> <CoreInst = "LogicGate">   --->   Core 74 'LogicGate' <Latency = 0> <II = 1> <Delay = 0.12> <FuncUnit> <Opcode : 'and' 'or' 'xor'> <InPorts = 2> <OutPorts = 1>
ST_1 : Operation 361 [1/1] (0.00ns) (grouped into LUT with out node res_11_0)   --->   "%xor_ln46_11 = xor i1 %empty_29, i1 1" [firmware/nnet_utils/nnet_activation.h:46]   --->   Operation 361 'xor' 'xor_ln46_11' <Predicate = (icmp_ln45_11)> <Delay = 0.00> <CoreInst = "LogicGate">   --->   Core 74 'LogicGate' <Latency = 0> <II = 1> <Delay = 0.12> <FuncUnit> <Opcode : 'and' 'or' 'xor'> <InPorts = 2> <OutPorts = 1>
ST_1 : Operation 362 [1/1] (0.00ns) (grouped into LUT with out node res_11_0)   --->   "%or_ln46_35 = or i1 %tmp_65, i1 %xor_ln46_11" [firmware/nnet_utils/nnet_activation.h:46]   --->   Operation 362 'or' 'or_ln46_35' <Predicate = (icmp_ln45_11)> <Delay = 0.00> <CoreInst = "LogicGate">   --->   Core 74 'LogicGate' <Latency = 0> <II = 1> <Delay = 0.12> <FuncUnit> <Opcode : 'and' 'or' 'xor'> <InPorts = 2> <OutPorts = 1>
ST_1 : Operation 363 [1/1] (0.00ns) (grouped into LUT with out node select_ln46_34)   --->   "%select_ln46_33 = select i1 %tmp_65, i6 0, i6 %add_ln46_11" [firmware/nnet_utils/nnet_activation.h:46]   --->   Operation 363 'select' 'select_ln46_33' <Predicate = (or_ln46_34 & or_ln46_35 & icmp_ln45_11)> <Delay = 0.00> <CoreInst = "Sel">   --->   Core 73 'Sel' <Latency = 0> <II = 1> <Delay = 0.29> <FuncUnit> <Opcode : 'select'> <InPorts = 3> <OutPorts = 1>
ST_1 : Operation 364 [1/1] (0.29ns) (out node of the LUT)   --->   "%select_ln46_34 = select i1 %or_ln46_34, i6 %select_ln46_33, i6 63" [firmware/nnet_utils/nnet_activation.h:46]   --->   Operation 364 'select' 'select_ln46_34' <Predicate = (or_ln46_35 & icmp_ln45_11)> <Delay = 0.29> <CoreInst = "Sel">   --->   Core 73 'Sel' <Latency = 0> <II = 1> <Delay = 0.29> <FuncUnit> <Opcode : 'select'> <InPorts = 3> <OutPorts = 1>
ST_1 : Operation 365 [1/1] (0.00ns) (grouped into LUT with out node res_11_0)   --->   "%select_ln46_35 = select i1 %or_ln46_35, i6 %select_ln46_34, i6 %add_ln46_11" [firmware/nnet_utils/nnet_activation.h:46]   --->   Operation 365 'select' 'select_ln46_35' <Predicate = (icmp_ln45_11)> <Delay = 0.00> <CoreInst = "Sel">   --->   Core 73 'Sel' <Latency = 0> <II = 1> <Delay = 0.29> <FuncUnit> <Opcode : 'select'> <InPorts = 3> <OutPorts = 1>
ST_1 : Operation 366 [1/1] (0.29ns) (out node of the LUT)   --->   "%res_11_0 = select i1 %icmp_ln45_11, i6 %select_ln46_35, i6 0" [firmware/nnet_utils/nnet_activation.h:45]   --->   Operation 366 'select' 'res_11_0' <Predicate = true> <Delay = 0.29> <CoreInst = "Sel">   --->   Core 73 'Sel' <Latency = 0> <II = 1> <Delay = 0.29> <FuncUnit> <Opcode : 'select'> <InPorts = 3> <OutPorts = 1>
ST_1 : Operation 367 [1/1] (0.85ns)   --->   "%icmp_ln45_12 = icmp_sgt  i27 %data_12_val_read, i27 0" [firmware/nnet_utils/nnet_activation.h:45]   --->   Operation 367 'icmp' 'icmp_ln45_12' <Predicate = true> <Delay = 0.85> <CoreInst = "Cmp">   --->   Core 9 'Cmp' <Latency = 0> <II = 1> <Delay = 0.85> <FuncUnit> <Opcode : 'seteq' 'setne' 'setle' 'setge' 'setlt' 'setgt'> <InPorts = 2> <OutPorts = 1>
ST_1 : Operation 368 [1/1] (0.00ns)   --->   "%tmp_71 = bitselect i1 @_ssdm_op_BitSelect.i1.i27.i32, i27 %data_12_val_read, i32 26" [firmware/nnet_utils/nnet_activation.h:46]   --->   Operation 368 'bitselect' 'tmp_71' <Predicate = (icmp_ln45_12)> <Delay = 0.00>
ST_1 : Operation 369 [1/1] (0.00ns) (grouped into LUT with out node add_ln46_12)   --->   "%trunc_ln46_11 = partselect i6 @_ssdm_op_PartSelect.i6.i27.i32.i32, i27 %data_12_val_read, i32 8, i32 13" [firmware/nnet_utils/nnet_activation.h:46]   --->   Operation 369 'partselect' 'trunc_ln46_11' <Predicate = (icmp_ln45_12)> <Delay = 0.00>
ST_1 : Operation 370 [1/1] (0.00ns) (grouped into LUT with out node add_ln46_12)   --->   "%tmp_72 = bitselect i1 @_ssdm_op_BitSelect.i1.i27.i32, i27 %data_12_val_read, i32 7" [firmware/nnet_utils/nnet_activation.h:46]   --->   Operation 370 'bitselect' 'tmp_72' <Predicate = (icmp_ln45_12)> <Delay = 0.00>
ST_1 : Operation 371 [1/1] (0.00ns)   --->   "%trunc_ln46_74 = trunc i27 %data_12_val_read" [firmware/nnet_utils/nnet_activation.h:46]   --->   Operation 371 'trunc' 'trunc_ln46_74' <Predicate = (icmp_ln45_12)> <Delay = 0.00>
ST_1 : Operation 372 [1/1] (0.70ns)   --->   "%icmp_ln46_24 = icmp_ne  i7 %trunc_ln46_74, i7 0" [firmware/nnet_utils/nnet_activation.h:46]   --->   Operation 372 'icmp' 'icmp_ln46_24' <Predicate = (icmp_ln45_12)> <Delay = 0.70> <CoreInst = "Cmp">   --->   Core 9 'Cmp' <Latency = 0> <II = 1> <Delay = 0.70> <FuncUnit> <Opcode : 'seteq' 'setne' 'setle' 'setge' 'setlt' 'setgt'> <InPorts = 2> <OutPorts = 1>
ST_1 : Operation 373 [1/1] (0.00ns) (grouped into LUT with out node empty_30)   --->   "%tmp_73 = bitselect i1 @_ssdm_op_BitSelect.i1.i27.i32, i27 %data_12_val_read, i32 13" [firmware/nnet_utils/nnet_activation.h:46]   --->   Operation 373 'bitselect' 'tmp_73' <Predicate = (icmp_ln45_12)> <Delay = 0.00>
ST_1 : Operation 374 [1/1] (0.00ns) (grouped into LUT with out node add_ln46_12)   --->   "%tmp_74 = bitselect i1 @_ssdm_op_BitSelect.i1.i27.i32, i27 %data_12_val_read, i32 8" [firmware/nnet_utils/nnet_activation.h:46]   --->   Operation 374 'bitselect' 'tmp_74' <Predicate = (icmp_ln45_12)> <Delay = 0.00>
ST_1 : Operation 375 [1/1] (0.00ns) (grouped into LUT with out node add_ln46_12)   --->   "%or_ln46_36 = or i1 %tmp_74, i1 %icmp_ln46_24" [firmware/nnet_utils/nnet_activation.h:46]   --->   Operation 375 'or' 'or_ln46_36' <Predicate = (icmp_ln45_12)> <Delay = 0.00> <CoreInst = "LogicGate">   --->   Core 74 'LogicGate' <Latency = 0> <II = 1> <Delay = 0.12> <FuncUnit> <Opcode : 'and' 'or' 'xor'> <InPorts = 2> <OutPorts = 1>
ST_1 : Operation 376 [1/1] (0.00ns) (grouped into LUT with out node add_ln46_12)   --->   "%and_ln46_24 = and i1 %or_ln46_36, i1 %tmp_72" [firmware/nnet_utils/nnet_activation.h:46]   --->   Operation 376 'and' 'and_ln46_24' <Predicate = (icmp_ln45_12)> <Delay = 0.00> <CoreInst = "LogicGate">   --->   Core 74 'LogicGate' <Latency = 0> <II = 1> <Delay = 0.12> <FuncUnit> <Opcode : 'and' 'or' 'xor'> <InPorts = 2> <OutPorts = 1>
ST_1 : Operation 377 [1/1] (0.00ns) (grouped into LUT with out node add_ln46_12)   --->   "%zext_ln46_12 = zext i1 %and_ln46_24" [firmware/nnet_utils/nnet_activation.h:46]   --->   Operation 377 'zext' 'zext_ln46_12' <Predicate = (icmp_ln45_12)> <Delay = 0.00>
ST_1 : Operation 378 [1/1] (0.70ns) (out node of the LUT)   --->   "%add_ln46_12 = add i6 %trunc_ln46_11, i6 %zext_ln46_12" [firmware/nnet_utils/nnet_activation.h:46]   --->   Operation 378 'add' 'add_ln46_12' <Predicate = (icmp_ln45_12)> <Delay = 0.70> <CoreInst = "Adder">   --->   Core 1 'Adder' <Latency = 0> <II = 1> <Delay = 0.70> <FuncUnit> <Opcode : 'add' 'sub'> <InPorts = 2> <OutPorts = 1>
ST_1 : Operation 379 [1/1] (0.00ns)   --->   "%tmp_75 = partselect i13 @_ssdm_op_PartSelect.i13.i27.i32.i32, i27 %data_12_val_read, i32 14, i32 26" [firmware/nnet_utils/nnet_activation.h:46]   --->   Operation 379 'partselect' 'tmp_75' <Predicate = (icmp_ln45_12)> <Delay = 0.00>
ST_1 : Operation 380 [1/1] (0.75ns)   --->   "%icmp_ln46_25 = icmp_eq  i13 %tmp_75, i13 0" [firmware/nnet_utils/nnet_activation.h:46]   --->   Operation 380 'icmp' 'icmp_ln46_25' <Predicate = (icmp_ln45_12)> <Delay = 0.75> <CoreInst = "Cmp">   --->   Core 9 'Cmp' <Latency = 0> <II = 1> <Delay = 0.75> <FuncUnit> <Opcode : 'seteq' 'setne' 'setle' 'setge' 'setlt' 'setgt'> <InPorts = 2> <OutPorts = 1>
ST_1 : Operation 381 [1/1] (0.00ns) (grouped into LUT with out node empty_30)   --->   "%tmp_76 = bitselect i1 @_ssdm_op_BitSelect.i1.i6.i32, i6 %add_ln46_12, i32 5" [firmware/nnet_utils/nnet_activation.h:46]   --->   Operation 381 'bitselect' 'tmp_76' <Predicate = (icmp_ln45_12)> <Delay = 0.00>
ST_1 : Operation 382 [1/1] (0.00ns) (grouped into LUT with out node empty_30)   --->   "%not_tmp_86 = xor i1 %tmp_73, i1 1" [firmware/nnet_utils/nnet_activation.h:46]   --->   Operation 382 'xor' 'not_tmp_86' <Predicate = (icmp_ln45_12)> <Delay = 0.00> <CoreInst = "LogicGate">   --->   Core 74 'LogicGate' <Latency = 0> <II = 1> <Delay = 0.12> <FuncUnit> <Opcode : 'and' 'or' 'xor'> <InPorts = 2> <OutPorts = 1>
ST_1 : Operation 383 [1/1] (0.00ns) (grouped into LUT with out node empty_30)   --->   "%and_ln46_25 = or i1 %tmp_76, i1 %not_tmp_86" [firmware/nnet_utils/nnet_activation.h:46]   --->   Operation 383 'or' 'and_ln46_25' <Predicate = (icmp_ln45_12)> <Delay = 0.00> <CoreInst = "LogicGate">   --->   Core 74 'LogicGate' <Latency = 0> <II = 1> <Delay = 0.12> <FuncUnit> <Opcode : 'and' 'or' 'xor'> <InPorts = 2> <OutPorts = 1>
ST_1 : Operation 384 [1/1] (0.12ns) (out node of the LUT)   --->   "%empty_30 = and i1 %icmp_ln46_25, i1 %and_ln46_25" [firmware/nnet_utils/nnet_activation.h:46]   --->   Operation 384 'and' 'empty_30' <Predicate = (icmp_ln45_12)> <Delay = 0.12> <CoreInst = "LogicGate">   --->   Core 74 'LogicGate' <Latency = 0> <II = 1> <Delay = 0.12> <FuncUnit> <Opcode : 'and' 'or' 'xor'> <InPorts = 2> <OutPorts = 1>
ST_1 : Operation 385 [1/1] (0.00ns) (grouped into LUT with out node select_ln46_37)   --->   "%or_ln46_37 = or i1 %empty_30, i1 %tmp_71" [firmware/nnet_utils/nnet_activation.h:46]   --->   Operation 385 'or' 'or_ln46_37' <Predicate = (or_ln46_38 & icmp_ln45_12)> <Delay = 0.00> <CoreInst = "LogicGate">   --->   Core 74 'LogicGate' <Latency = 0> <II = 1> <Delay = 0.12> <FuncUnit> <Opcode : 'and' 'or' 'xor'> <InPorts = 2> <OutPorts = 1>
ST_1 : Operation 386 [1/1] (0.00ns) (grouped into LUT with out node res_12_0)   --->   "%xor_ln46_12 = xor i1 %empty_30, i1 1" [firmware/nnet_utils/nnet_activation.h:46]   --->   Operation 386 'xor' 'xor_ln46_12' <Predicate = (icmp_ln45_12)> <Delay = 0.00> <CoreInst = "LogicGate">   --->   Core 74 'LogicGate' <Latency = 0> <II = 1> <Delay = 0.12> <FuncUnit> <Opcode : 'and' 'or' 'xor'> <InPorts = 2> <OutPorts = 1>
ST_1 : Operation 387 [1/1] (0.00ns) (grouped into LUT with out node res_12_0)   --->   "%or_ln46_38 = or i1 %tmp_71, i1 %xor_ln46_12" [firmware/nnet_utils/nnet_activation.h:46]   --->   Operation 387 'or' 'or_ln46_38' <Predicate = (icmp_ln45_12)> <Delay = 0.00> <CoreInst = "LogicGate">   --->   Core 74 'LogicGate' <Latency = 0> <II = 1> <Delay = 0.12> <FuncUnit> <Opcode : 'and' 'or' 'xor'> <InPorts = 2> <OutPorts = 1>
ST_1 : Operation 388 [1/1] (0.00ns) (grouped into LUT with out node select_ln46_37)   --->   "%select_ln46_36 = select i1 %tmp_71, i6 0, i6 %add_ln46_12" [firmware/nnet_utils/nnet_activation.h:46]   --->   Operation 388 'select' 'select_ln46_36' <Predicate = (or_ln46_37 & or_ln46_38 & icmp_ln45_12)> <Delay = 0.00> <CoreInst = "Sel">   --->   Core 73 'Sel' <Latency = 0> <II = 1> <Delay = 0.29> <FuncUnit> <Opcode : 'select'> <InPorts = 3> <OutPorts = 1>
ST_1 : Operation 389 [1/1] (0.29ns) (out node of the LUT)   --->   "%select_ln46_37 = select i1 %or_ln46_37, i6 %select_ln46_36, i6 63" [firmware/nnet_utils/nnet_activation.h:46]   --->   Operation 389 'select' 'select_ln46_37' <Predicate = (or_ln46_38 & icmp_ln45_12)> <Delay = 0.29> <CoreInst = "Sel">   --->   Core 73 'Sel' <Latency = 0> <II = 1> <Delay = 0.29> <FuncUnit> <Opcode : 'select'> <InPorts = 3> <OutPorts = 1>
ST_1 : Operation 390 [1/1] (0.00ns) (grouped into LUT with out node res_12_0)   --->   "%select_ln46_38 = select i1 %or_ln46_38, i6 %select_ln46_37, i6 %add_ln46_12" [firmware/nnet_utils/nnet_activation.h:46]   --->   Operation 390 'select' 'select_ln46_38' <Predicate = (icmp_ln45_12)> <Delay = 0.00> <CoreInst = "Sel">   --->   Core 73 'Sel' <Latency = 0> <II = 1> <Delay = 0.29> <FuncUnit> <Opcode : 'select'> <InPorts = 3> <OutPorts = 1>
ST_1 : Operation 391 [1/1] (0.29ns) (out node of the LUT)   --->   "%res_12_0 = select i1 %icmp_ln45_12, i6 %select_ln46_38, i6 0" [firmware/nnet_utils/nnet_activation.h:45]   --->   Operation 391 'select' 'res_12_0' <Predicate = true> <Delay = 0.29> <CoreInst = "Sel">   --->   Core 73 'Sel' <Latency = 0> <II = 1> <Delay = 0.29> <FuncUnit> <Opcode : 'select'> <InPorts = 3> <OutPorts = 1>
ST_1 : Operation 392 [1/1] (0.85ns)   --->   "%icmp_ln45_13 = icmp_sgt  i27 %data_13_val_read, i27 0" [firmware/nnet_utils/nnet_activation.h:45]   --->   Operation 392 'icmp' 'icmp_ln45_13' <Predicate = true> <Delay = 0.85> <CoreInst = "Cmp">   --->   Core 9 'Cmp' <Latency = 0> <II = 1> <Delay = 0.85> <FuncUnit> <Opcode : 'seteq' 'setne' 'setle' 'setge' 'setlt' 'setgt'> <InPorts = 2> <OutPorts = 1>
ST_1 : Operation 393 [1/1] (0.00ns)   --->   "%tmp_77 = bitselect i1 @_ssdm_op_BitSelect.i1.i27.i32, i27 %data_13_val_read, i32 26" [firmware/nnet_utils/nnet_activation.h:46]   --->   Operation 393 'bitselect' 'tmp_77' <Predicate = (icmp_ln45_13)> <Delay = 0.00>
ST_1 : Operation 394 [1/1] (0.00ns) (grouped into LUT with out node add_ln46_13)   --->   "%trunc_ln46_12 = partselect i6 @_ssdm_op_PartSelect.i6.i27.i32.i32, i27 %data_13_val_read, i32 8, i32 13" [firmware/nnet_utils/nnet_activation.h:46]   --->   Operation 394 'partselect' 'trunc_ln46_12' <Predicate = (icmp_ln45_13)> <Delay = 0.00>
ST_1 : Operation 395 [1/1] (0.00ns) (grouped into LUT with out node add_ln46_13)   --->   "%tmp_78 = bitselect i1 @_ssdm_op_BitSelect.i1.i27.i32, i27 %data_13_val_read, i32 7" [firmware/nnet_utils/nnet_activation.h:46]   --->   Operation 395 'bitselect' 'tmp_78' <Predicate = (icmp_ln45_13)> <Delay = 0.00>
ST_1 : Operation 396 [1/1] (0.00ns)   --->   "%trunc_ln46_75 = trunc i27 %data_13_val_read" [firmware/nnet_utils/nnet_activation.h:46]   --->   Operation 396 'trunc' 'trunc_ln46_75' <Predicate = (icmp_ln45_13)> <Delay = 0.00>
ST_1 : Operation 397 [1/1] (0.70ns)   --->   "%icmp_ln46_26 = icmp_ne  i7 %trunc_ln46_75, i7 0" [firmware/nnet_utils/nnet_activation.h:46]   --->   Operation 397 'icmp' 'icmp_ln46_26' <Predicate = (icmp_ln45_13)> <Delay = 0.70> <CoreInst = "Cmp">   --->   Core 9 'Cmp' <Latency = 0> <II = 1> <Delay = 0.70> <FuncUnit> <Opcode : 'seteq' 'setne' 'setle' 'setge' 'setlt' 'setgt'> <InPorts = 2> <OutPorts = 1>
ST_1 : Operation 398 [1/1] (0.00ns) (grouped into LUT with out node empty_31)   --->   "%tmp_79 = bitselect i1 @_ssdm_op_BitSelect.i1.i27.i32, i27 %data_13_val_read, i32 13" [firmware/nnet_utils/nnet_activation.h:46]   --->   Operation 398 'bitselect' 'tmp_79' <Predicate = (icmp_ln45_13)> <Delay = 0.00>
ST_1 : Operation 399 [1/1] (0.00ns) (grouped into LUT with out node add_ln46_13)   --->   "%tmp_80 = bitselect i1 @_ssdm_op_BitSelect.i1.i27.i32, i27 %data_13_val_read, i32 8" [firmware/nnet_utils/nnet_activation.h:46]   --->   Operation 399 'bitselect' 'tmp_80' <Predicate = (icmp_ln45_13)> <Delay = 0.00>
ST_1 : Operation 400 [1/1] (0.00ns) (grouped into LUT with out node add_ln46_13)   --->   "%or_ln46_39 = or i1 %tmp_80, i1 %icmp_ln46_26" [firmware/nnet_utils/nnet_activation.h:46]   --->   Operation 400 'or' 'or_ln46_39' <Predicate = (icmp_ln45_13)> <Delay = 0.00> <CoreInst = "LogicGate">   --->   Core 74 'LogicGate' <Latency = 0> <II = 1> <Delay = 0.12> <FuncUnit> <Opcode : 'and' 'or' 'xor'> <InPorts = 2> <OutPorts = 1>
ST_1 : Operation 401 [1/1] (0.00ns) (grouped into LUT with out node add_ln46_13)   --->   "%and_ln46_26 = and i1 %or_ln46_39, i1 %tmp_78" [firmware/nnet_utils/nnet_activation.h:46]   --->   Operation 401 'and' 'and_ln46_26' <Predicate = (icmp_ln45_13)> <Delay = 0.00> <CoreInst = "LogicGate">   --->   Core 74 'LogicGate' <Latency = 0> <II = 1> <Delay = 0.12> <FuncUnit> <Opcode : 'and' 'or' 'xor'> <InPorts = 2> <OutPorts = 1>
ST_1 : Operation 402 [1/1] (0.00ns) (grouped into LUT with out node add_ln46_13)   --->   "%zext_ln46_13 = zext i1 %and_ln46_26" [firmware/nnet_utils/nnet_activation.h:46]   --->   Operation 402 'zext' 'zext_ln46_13' <Predicate = (icmp_ln45_13)> <Delay = 0.00>
ST_1 : Operation 403 [1/1] (0.70ns) (out node of the LUT)   --->   "%add_ln46_13 = add i6 %trunc_ln46_12, i6 %zext_ln46_13" [firmware/nnet_utils/nnet_activation.h:46]   --->   Operation 403 'add' 'add_ln46_13' <Predicate = (icmp_ln45_13)> <Delay = 0.70> <CoreInst = "Adder">   --->   Core 1 'Adder' <Latency = 0> <II = 1> <Delay = 0.70> <FuncUnit> <Opcode : 'add' 'sub'> <InPorts = 2> <OutPorts = 1>
ST_1 : Operation 404 [1/1] (0.00ns)   --->   "%tmp_81 = partselect i13 @_ssdm_op_PartSelect.i13.i27.i32.i32, i27 %data_13_val_read, i32 14, i32 26" [firmware/nnet_utils/nnet_activation.h:46]   --->   Operation 404 'partselect' 'tmp_81' <Predicate = (icmp_ln45_13)> <Delay = 0.00>
ST_1 : Operation 405 [1/1] (0.75ns)   --->   "%icmp_ln46_27 = icmp_eq  i13 %tmp_81, i13 0" [firmware/nnet_utils/nnet_activation.h:46]   --->   Operation 405 'icmp' 'icmp_ln46_27' <Predicate = (icmp_ln45_13)> <Delay = 0.75> <CoreInst = "Cmp">   --->   Core 9 'Cmp' <Latency = 0> <II = 1> <Delay = 0.75> <FuncUnit> <Opcode : 'seteq' 'setne' 'setle' 'setge' 'setlt' 'setgt'> <InPorts = 2> <OutPorts = 1>
ST_1 : Operation 406 [1/1] (0.00ns) (grouped into LUT with out node empty_31)   --->   "%tmp_82 = bitselect i1 @_ssdm_op_BitSelect.i1.i6.i32, i6 %add_ln46_13, i32 5" [firmware/nnet_utils/nnet_activation.h:46]   --->   Operation 406 'bitselect' 'tmp_82' <Predicate = (icmp_ln45_13)> <Delay = 0.00>
ST_1 : Operation 407 [1/1] (0.00ns) (grouped into LUT with out node empty_31)   --->   "%not_tmp_93 = xor i1 %tmp_79, i1 1" [firmware/nnet_utils/nnet_activation.h:46]   --->   Operation 407 'xor' 'not_tmp_93' <Predicate = (icmp_ln45_13)> <Delay = 0.00> <CoreInst = "LogicGate">   --->   Core 74 'LogicGate' <Latency = 0> <II = 1> <Delay = 0.12> <FuncUnit> <Opcode : 'and' 'or' 'xor'> <InPorts = 2> <OutPorts = 1>
ST_1 : Operation 408 [1/1] (0.00ns) (grouped into LUT with out node empty_31)   --->   "%and_ln46_27 = or i1 %tmp_82, i1 %not_tmp_93" [firmware/nnet_utils/nnet_activation.h:46]   --->   Operation 408 'or' 'and_ln46_27' <Predicate = (icmp_ln45_13)> <Delay = 0.00> <CoreInst = "LogicGate">   --->   Core 74 'LogicGate' <Latency = 0> <II = 1> <Delay = 0.12> <FuncUnit> <Opcode : 'and' 'or' 'xor'> <InPorts = 2> <OutPorts = 1>
ST_1 : Operation 409 [1/1] (0.12ns) (out node of the LUT)   --->   "%empty_31 = and i1 %icmp_ln46_27, i1 %and_ln46_27" [firmware/nnet_utils/nnet_activation.h:46]   --->   Operation 409 'and' 'empty_31' <Predicate = (icmp_ln45_13)> <Delay = 0.12> <CoreInst = "LogicGate">   --->   Core 74 'LogicGate' <Latency = 0> <II = 1> <Delay = 0.12> <FuncUnit> <Opcode : 'and' 'or' 'xor'> <InPorts = 2> <OutPorts = 1>
ST_1 : Operation 410 [1/1] (0.00ns) (grouped into LUT with out node select_ln46_40)   --->   "%or_ln46_40 = or i1 %empty_31, i1 %tmp_77" [firmware/nnet_utils/nnet_activation.h:46]   --->   Operation 410 'or' 'or_ln46_40' <Predicate = (or_ln46_41 & icmp_ln45_13)> <Delay = 0.00> <CoreInst = "LogicGate">   --->   Core 74 'LogicGate' <Latency = 0> <II = 1> <Delay = 0.12> <FuncUnit> <Opcode : 'and' 'or' 'xor'> <InPorts = 2> <OutPorts = 1>
ST_1 : Operation 411 [1/1] (0.00ns) (grouped into LUT with out node res_13_0)   --->   "%xor_ln46_13 = xor i1 %empty_31, i1 1" [firmware/nnet_utils/nnet_activation.h:46]   --->   Operation 411 'xor' 'xor_ln46_13' <Predicate = (icmp_ln45_13)> <Delay = 0.00> <CoreInst = "LogicGate">   --->   Core 74 'LogicGate' <Latency = 0> <II = 1> <Delay = 0.12> <FuncUnit> <Opcode : 'and' 'or' 'xor'> <InPorts = 2> <OutPorts = 1>
ST_1 : Operation 412 [1/1] (0.00ns) (grouped into LUT with out node res_13_0)   --->   "%or_ln46_41 = or i1 %tmp_77, i1 %xor_ln46_13" [firmware/nnet_utils/nnet_activation.h:46]   --->   Operation 412 'or' 'or_ln46_41' <Predicate = (icmp_ln45_13)> <Delay = 0.00> <CoreInst = "LogicGate">   --->   Core 74 'LogicGate' <Latency = 0> <II = 1> <Delay = 0.12> <FuncUnit> <Opcode : 'and' 'or' 'xor'> <InPorts = 2> <OutPorts = 1>
ST_1 : Operation 413 [1/1] (0.00ns) (grouped into LUT with out node select_ln46_40)   --->   "%select_ln46_39 = select i1 %tmp_77, i6 0, i6 %add_ln46_13" [firmware/nnet_utils/nnet_activation.h:46]   --->   Operation 413 'select' 'select_ln46_39' <Predicate = (or_ln46_40 & or_ln46_41 & icmp_ln45_13)> <Delay = 0.00> <CoreInst = "Sel">   --->   Core 73 'Sel' <Latency = 0> <II = 1> <Delay = 0.29> <FuncUnit> <Opcode : 'select'> <InPorts = 3> <OutPorts = 1>
ST_1 : Operation 414 [1/1] (0.29ns) (out node of the LUT)   --->   "%select_ln46_40 = select i1 %or_ln46_40, i6 %select_ln46_39, i6 63" [firmware/nnet_utils/nnet_activation.h:46]   --->   Operation 414 'select' 'select_ln46_40' <Predicate = (or_ln46_41 & icmp_ln45_13)> <Delay = 0.29> <CoreInst = "Sel">   --->   Core 73 'Sel' <Latency = 0> <II = 1> <Delay = 0.29> <FuncUnit> <Opcode : 'select'> <InPorts = 3> <OutPorts = 1>
ST_1 : Operation 415 [1/1] (0.00ns) (grouped into LUT with out node res_13_0)   --->   "%select_ln46_41 = select i1 %or_ln46_41, i6 %select_ln46_40, i6 %add_ln46_13" [firmware/nnet_utils/nnet_activation.h:46]   --->   Operation 415 'select' 'select_ln46_41' <Predicate = (icmp_ln45_13)> <Delay = 0.00> <CoreInst = "Sel">   --->   Core 73 'Sel' <Latency = 0> <II = 1> <Delay = 0.29> <FuncUnit> <Opcode : 'select'> <InPorts = 3> <OutPorts = 1>
ST_1 : Operation 416 [1/1] (0.29ns) (out node of the LUT)   --->   "%res_13_0 = select i1 %icmp_ln45_13, i6 %select_ln46_41, i6 0" [firmware/nnet_utils/nnet_activation.h:45]   --->   Operation 416 'select' 'res_13_0' <Predicate = true> <Delay = 0.29> <CoreInst = "Sel">   --->   Core 73 'Sel' <Latency = 0> <II = 1> <Delay = 0.29> <FuncUnit> <Opcode : 'select'> <InPorts = 3> <OutPorts = 1>
ST_1 : Operation 417 [1/1] (0.85ns)   --->   "%icmp_ln45_14 = icmp_sgt  i27 %data_14_val_read, i27 0" [firmware/nnet_utils/nnet_activation.h:45]   --->   Operation 417 'icmp' 'icmp_ln45_14' <Predicate = true> <Delay = 0.85> <CoreInst = "Cmp">   --->   Core 9 'Cmp' <Latency = 0> <II = 1> <Delay = 0.85> <FuncUnit> <Opcode : 'seteq' 'setne' 'setle' 'setge' 'setlt' 'setgt'> <InPorts = 2> <OutPorts = 1>
ST_1 : Operation 418 [1/1] (0.00ns)   --->   "%tmp_83 = bitselect i1 @_ssdm_op_BitSelect.i1.i27.i32, i27 %data_14_val_read, i32 26" [firmware/nnet_utils/nnet_activation.h:46]   --->   Operation 418 'bitselect' 'tmp_83' <Predicate = (icmp_ln45_14)> <Delay = 0.00>
ST_1 : Operation 419 [1/1] (0.00ns) (grouped into LUT with out node add_ln46_14)   --->   "%trunc_ln46_13 = partselect i6 @_ssdm_op_PartSelect.i6.i27.i32.i32, i27 %data_14_val_read, i32 8, i32 13" [firmware/nnet_utils/nnet_activation.h:46]   --->   Operation 419 'partselect' 'trunc_ln46_13' <Predicate = (icmp_ln45_14)> <Delay = 0.00>
ST_1 : Operation 420 [1/1] (0.00ns) (grouped into LUT with out node add_ln46_14)   --->   "%tmp_84 = bitselect i1 @_ssdm_op_BitSelect.i1.i27.i32, i27 %data_14_val_read, i32 7" [firmware/nnet_utils/nnet_activation.h:46]   --->   Operation 420 'bitselect' 'tmp_84' <Predicate = (icmp_ln45_14)> <Delay = 0.00>
ST_1 : Operation 421 [1/1] (0.00ns)   --->   "%trunc_ln46_76 = trunc i27 %data_14_val_read" [firmware/nnet_utils/nnet_activation.h:46]   --->   Operation 421 'trunc' 'trunc_ln46_76' <Predicate = (icmp_ln45_14)> <Delay = 0.00>
ST_1 : Operation 422 [1/1] (0.70ns)   --->   "%icmp_ln46_28 = icmp_ne  i7 %trunc_ln46_76, i7 0" [firmware/nnet_utils/nnet_activation.h:46]   --->   Operation 422 'icmp' 'icmp_ln46_28' <Predicate = (icmp_ln45_14)> <Delay = 0.70> <CoreInst = "Cmp">   --->   Core 9 'Cmp' <Latency = 0> <II = 1> <Delay = 0.70> <FuncUnit> <Opcode : 'seteq' 'setne' 'setle' 'setge' 'setlt' 'setgt'> <InPorts = 2> <OutPorts = 1>
ST_1 : Operation 423 [1/1] (0.00ns) (grouped into LUT with out node empty_32)   --->   "%tmp_85 = bitselect i1 @_ssdm_op_BitSelect.i1.i27.i32, i27 %data_14_val_read, i32 13" [firmware/nnet_utils/nnet_activation.h:46]   --->   Operation 423 'bitselect' 'tmp_85' <Predicate = (icmp_ln45_14)> <Delay = 0.00>
ST_1 : Operation 424 [1/1] (0.00ns) (grouped into LUT with out node add_ln46_14)   --->   "%tmp_86 = bitselect i1 @_ssdm_op_BitSelect.i1.i27.i32, i27 %data_14_val_read, i32 8" [firmware/nnet_utils/nnet_activation.h:46]   --->   Operation 424 'bitselect' 'tmp_86' <Predicate = (icmp_ln45_14)> <Delay = 0.00>
ST_1 : Operation 425 [1/1] (0.00ns) (grouped into LUT with out node add_ln46_14)   --->   "%or_ln46_42 = or i1 %tmp_86, i1 %icmp_ln46_28" [firmware/nnet_utils/nnet_activation.h:46]   --->   Operation 425 'or' 'or_ln46_42' <Predicate = (icmp_ln45_14)> <Delay = 0.00> <CoreInst = "LogicGate">   --->   Core 74 'LogicGate' <Latency = 0> <II = 1> <Delay = 0.12> <FuncUnit> <Opcode : 'and' 'or' 'xor'> <InPorts = 2> <OutPorts = 1>
ST_1 : Operation 426 [1/1] (0.00ns) (grouped into LUT with out node add_ln46_14)   --->   "%and_ln46_28 = and i1 %or_ln46_42, i1 %tmp_84" [firmware/nnet_utils/nnet_activation.h:46]   --->   Operation 426 'and' 'and_ln46_28' <Predicate = (icmp_ln45_14)> <Delay = 0.00> <CoreInst = "LogicGate">   --->   Core 74 'LogicGate' <Latency = 0> <II = 1> <Delay = 0.12> <FuncUnit> <Opcode : 'and' 'or' 'xor'> <InPorts = 2> <OutPorts = 1>
ST_1 : Operation 427 [1/1] (0.00ns) (grouped into LUT with out node add_ln46_14)   --->   "%zext_ln46_14 = zext i1 %and_ln46_28" [firmware/nnet_utils/nnet_activation.h:46]   --->   Operation 427 'zext' 'zext_ln46_14' <Predicate = (icmp_ln45_14)> <Delay = 0.00>
ST_1 : Operation 428 [1/1] (0.70ns) (out node of the LUT)   --->   "%add_ln46_14 = add i6 %trunc_ln46_13, i6 %zext_ln46_14" [firmware/nnet_utils/nnet_activation.h:46]   --->   Operation 428 'add' 'add_ln46_14' <Predicate = (icmp_ln45_14)> <Delay = 0.70> <CoreInst = "Adder">   --->   Core 1 'Adder' <Latency = 0> <II = 1> <Delay = 0.70> <FuncUnit> <Opcode : 'add' 'sub'> <InPorts = 2> <OutPorts = 1>
ST_1 : Operation 429 [1/1] (0.00ns)   --->   "%tmp_87 = partselect i13 @_ssdm_op_PartSelect.i13.i27.i32.i32, i27 %data_14_val_read, i32 14, i32 26" [firmware/nnet_utils/nnet_activation.h:46]   --->   Operation 429 'partselect' 'tmp_87' <Predicate = (icmp_ln45_14)> <Delay = 0.00>
ST_1 : Operation 430 [1/1] (0.75ns)   --->   "%icmp_ln46_29 = icmp_eq  i13 %tmp_87, i13 0" [firmware/nnet_utils/nnet_activation.h:46]   --->   Operation 430 'icmp' 'icmp_ln46_29' <Predicate = (icmp_ln45_14)> <Delay = 0.75> <CoreInst = "Cmp">   --->   Core 9 'Cmp' <Latency = 0> <II = 1> <Delay = 0.75> <FuncUnit> <Opcode : 'seteq' 'setne' 'setle' 'setge' 'setlt' 'setgt'> <InPorts = 2> <OutPorts = 1>
ST_1 : Operation 431 [1/1] (0.00ns) (grouped into LUT with out node empty_32)   --->   "%tmp_88 = bitselect i1 @_ssdm_op_BitSelect.i1.i6.i32, i6 %add_ln46_14, i32 5" [firmware/nnet_utils/nnet_activation.h:46]   --->   Operation 431 'bitselect' 'tmp_88' <Predicate = (icmp_ln45_14)> <Delay = 0.00>
ST_1 : Operation 432 [1/1] (0.00ns) (grouped into LUT with out node empty_32)   --->   "%not_tmp_100 = xor i1 %tmp_85, i1 1" [firmware/nnet_utils/nnet_activation.h:46]   --->   Operation 432 'xor' 'not_tmp_100' <Predicate = (icmp_ln45_14)> <Delay = 0.00> <CoreInst = "LogicGate">   --->   Core 74 'LogicGate' <Latency = 0> <II = 1> <Delay = 0.12> <FuncUnit> <Opcode : 'and' 'or' 'xor'> <InPorts = 2> <OutPorts = 1>
ST_1 : Operation 433 [1/1] (0.00ns) (grouped into LUT with out node empty_32)   --->   "%and_ln46_29 = or i1 %tmp_88, i1 %not_tmp_100" [firmware/nnet_utils/nnet_activation.h:46]   --->   Operation 433 'or' 'and_ln46_29' <Predicate = (icmp_ln45_14)> <Delay = 0.00> <CoreInst = "LogicGate">   --->   Core 74 'LogicGate' <Latency = 0> <II = 1> <Delay = 0.12> <FuncUnit> <Opcode : 'and' 'or' 'xor'> <InPorts = 2> <OutPorts = 1>
ST_1 : Operation 434 [1/1] (0.12ns) (out node of the LUT)   --->   "%empty_32 = and i1 %icmp_ln46_29, i1 %and_ln46_29" [firmware/nnet_utils/nnet_activation.h:46]   --->   Operation 434 'and' 'empty_32' <Predicate = (icmp_ln45_14)> <Delay = 0.12> <CoreInst = "LogicGate">   --->   Core 74 'LogicGate' <Latency = 0> <II = 1> <Delay = 0.12> <FuncUnit> <Opcode : 'and' 'or' 'xor'> <InPorts = 2> <OutPorts = 1>
ST_1 : Operation 435 [1/1] (0.00ns) (grouped into LUT with out node select_ln46_43)   --->   "%or_ln46_43 = or i1 %empty_32, i1 %tmp_83" [firmware/nnet_utils/nnet_activation.h:46]   --->   Operation 435 'or' 'or_ln46_43' <Predicate = (or_ln46_44 & icmp_ln45_14)> <Delay = 0.00> <CoreInst = "LogicGate">   --->   Core 74 'LogicGate' <Latency = 0> <II = 1> <Delay = 0.12> <FuncUnit> <Opcode : 'and' 'or' 'xor'> <InPorts = 2> <OutPorts = 1>
ST_1 : Operation 436 [1/1] (0.00ns) (grouped into LUT with out node res_1445_0)   --->   "%xor_ln46_14 = xor i1 %empty_32, i1 1" [firmware/nnet_utils/nnet_activation.h:46]   --->   Operation 436 'xor' 'xor_ln46_14' <Predicate = (icmp_ln45_14)> <Delay = 0.00> <CoreInst = "LogicGate">   --->   Core 74 'LogicGate' <Latency = 0> <II = 1> <Delay = 0.12> <FuncUnit> <Opcode : 'and' 'or' 'xor'> <InPorts = 2> <OutPorts = 1>
ST_1 : Operation 437 [1/1] (0.00ns) (grouped into LUT with out node res_1445_0)   --->   "%or_ln46_44 = or i1 %tmp_83, i1 %xor_ln46_14" [firmware/nnet_utils/nnet_activation.h:46]   --->   Operation 437 'or' 'or_ln46_44' <Predicate = (icmp_ln45_14)> <Delay = 0.00> <CoreInst = "LogicGate">   --->   Core 74 'LogicGate' <Latency = 0> <II = 1> <Delay = 0.12> <FuncUnit> <Opcode : 'and' 'or' 'xor'> <InPorts = 2> <OutPorts = 1>
ST_1 : Operation 438 [1/1] (0.00ns) (grouped into LUT with out node select_ln46_43)   --->   "%select_ln46_42 = select i1 %tmp_83, i6 0, i6 %add_ln46_14" [firmware/nnet_utils/nnet_activation.h:46]   --->   Operation 438 'select' 'select_ln46_42' <Predicate = (or_ln46_43 & or_ln46_44 & icmp_ln45_14)> <Delay = 0.00> <CoreInst = "Sel">   --->   Core 73 'Sel' <Latency = 0> <II = 1> <Delay = 0.29> <FuncUnit> <Opcode : 'select'> <InPorts = 3> <OutPorts = 1>
ST_1 : Operation 439 [1/1] (0.29ns) (out node of the LUT)   --->   "%select_ln46_43 = select i1 %or_ln46_43, i6 %select_ln46_42, i6 63" [firmware/nnet_utils/nnet_activation.h:46]   --->   Operation 439 'select' 'select_ln46_43' <Predicate = (or_ln46_44 & icmp_ln45_14)> <Delay = 0.29> <CoreInst = "Sel">   --->   Core 73 'Sel' <Latency = 0> <II = 1> <Delay = 0.29> <FuncUnit> <Opcode : 'select'> <InPorts = 3> <OutPorts = 1>
ST_1 : Operation 440 [1/1] (0.00ns) (grouped into LUT with out node res_1445_0)   --->   "%select_ln46_44 = select i1 %or_ln46_44, i6 %select_ln46_43, i6 %add_ln46_14" [firmware/nnet_utils/nnet_activation.h:46]   --->   Operation 440 'select' 'select_ln46_44' <Predicate = (icmp_ln45_14)> <Delay = 0.00> <CoreInst = "Sel">   --->   Core 73 'Sel' <Latency = 0> <II = 1> <Delay = 0.29> <FuncUnit> <Opcode : 'select'> <InPorts = 3> <OutPorts = 1>
ST_1 : Operation 441 [1/1] (0.29ns) (out node of the LUT)   --->   "%res_1445_0 = select i1 %icmp_ln45_14, i6 %select_ln46_44, i6 0" [firmware/nnet_utils/nnet_activation.h:45]   --->   Operation 441 'select' 'res_1445_0' <Predicate = true> <Delay = 0.29> <CoreInst = "Sel">   --->   Core 73 'Sel' <Latency = 0> <II = 1> <Delay = 0.29> <FuncUnit> <Opcode : 'select'> <InPorts = 3> <OutPorts = 1>
ST_1 : Operation 442 [1/1] (0.85ns)   --->   "%icmp_ln45_15 = icmp_sgt  i27 %data_15_val_read, i27 0" [firmware/nnet_utils/nnet_activation.h:45]   --->   Operation 442 'icmp' 'icmp_ln45_15' <Predicate = true> <Delay = 0.85> <CoreInst = "Cmp">   --->   Core 9 'Cmp' <Latency = 0> <II = 1> <Delay = 0.85> <FuncUnit> <Opcode : 'seteq' 'setne' 'setle' 'setge' 'setlt' 'setgt'> <InPorts = 2> <OutPorts = 1>
ST_1 : Operation 443 [1/1] (0.00ns)   --->   "%tmp_89 = bitselect i1 @_ssdm_op_BitSelect.i1.i27.i32, i27 %data_15_val_read, i32 26" [firmware/nnet_utils/nnet_activation.h:46]   --->   Operation 443 'bitselect' 'tmp_89' <Predicate = (icmp_ln45_15)> <Delay = 0.00>
ST_1 : Operation 444 [1/1] (0.00ns) (grouped into LUT with out node add_ln46_15)   --->   "%trunc_ln46_14 = partselect i6 @_ssdm_op_PartSelect.i6.i27.i32.i32, i27 %data_15_val_read, i32 8, i32 13" [firmware/nnet_utils/nnet_activation.h:46]   --->   Operation 444 'partselect' 'trunc_ln46_14' <Predicate = (icmp_ln45_15)> <Delay = 0.00>
ST_1 : Operation 445 [1/1] (0.00ns) (grouped into LUT with out node add_ln46_15)   --->   "%tmp_90 = bitselect i1 @_ssdm_op_BitSelect.i1.i27.i32, i27 %data_15_val_read, i32 7" [firmware/nnet_utils/nnet_activation.h:46]   --->   Operation 445 'bitselect' 'tmp_90' <Predicate = (icmp_ln45_15)> <Delay = 0.00>
ST_1 : Operation 446 [1/1] (0.00ns)   --->   "%trunc_ln46_77 = trunc i27 %data_15_val_read" [firmware/nnet_utils/nnet_activation.h:46]   --->   Operation 446 'trunc' 'trunc_ln46_77' <Predicate = (icmp_ln45_15)> <Delay = 0.00>
ST_1 : Operation 447 [1/1] (0.70ns)   --->   "%icmp_ln46_30 = icmp_ne  i7 %trunc_ln46_77, i7 0" [firmware/nnet_utils/nnet_activation.h:46]   --->   Operation 447 'icmp' 'icmp_ln46_30' <Predicate = (icmp_ln45_15)> <Delay = 0.70> <CoreInst = "Cmp">   --->   Core 9 'Cmp' <Latency = 0> <II = 1> <Delay = 0.70> <FuncUnit> <Opcode : 'seteq' 'setne' 'setle' 'setge' 'setlt' 'setgt'> <InPorts = 2> <OutPorts = 1>
ST_1 : Operation 448 [1/1] (0.00ns) (grouped into LUT with out node empty_33)   --->   "%tmp_91 = bitselect i1 @_ssdm_op_BitSelect.i1.i27.i32, i27 %data_15_val_read, i32 13" [firmware/nnet_utils/nnet_activation.h:46]   --->   Operation 448 'bitselect' 'tmp_91' <Predicate = (icmp_ln45_15)> <Delay = 0.00>
ST_1 : Operation 449 [1/1] (0.00ns) (grouped into LUT with out node add_ln46_15)   --->   "%tmp_92 = bitselect i1 @_ssdm_op_BitSelect.i1.i27.i32, i27 %data_15_val_read, i32 8" [firmware/nnet_utils/nnet_activation.h:46]   --->   Operation 449 'bitselect' 'tmp_92' <Predicate = (icmp_ln45_15)> <Delay = 0.00>
ST_1 : Operation 450 [1/1] (0.00ns) (grouped into LUT with out node add_ln46_15)   --->   "%or_ln46_45 = or i1 %tmp_92, i1 %icmp_ln46_30" [firmware/nnet_utils/nnet_activation.h:46]   --->   Operation 450 'or' 'or_ln46_45' <Predicate = (icmp_ln45_15)> <Delay = 0.00> <CoreInst = "LogicGate">   --->   Core 74 'LogicGate' <Latency = 0> <II = 1> <Delay = 0.12> <FuncUnit> <Opcode : 'and' 'or' 'xor'> <InPorts = 2> <OutPorts = 1>
ST_1 : Operation 451 [1/1] (0.00ns) (grouped into LUT with out node add_ln46_15)   --->   "%and_ln46_30 = and i1 %or_ln46_45, i1 %tmp_90" [firmware/nnet_utils/nnet_activation.h:46]   --->   Operation 451 'and' 'and_ln46_30' <Predicate = (icmp_ln45_15)> <Delay = 0.00> <CoreInst = "LogicGate">   --->   Core 74 'LogicGate' <Latency = 0> <II = 1> <Delay = 0.12> <FuncUnit> <Opcode : 'and' 'or' 'xor'> <InPorts = 2> <OutPorts = 1>
ST_1 : Operation 452 [1/1] (0.00ns) (grouped into LUT with out node add_ln46_15)   --->   "%zext_ln46_15 = zext i1 %and_ln46_30" [firmware/nnet_utils/nnet_activation.h:46]   --->   Operation 452 'zext' 'zext_ln46_15' <Predicate = (icmp_ln45_15)> <Delay = 0.00>
ST_1 : Operation 453 [1/1] (0.70ns) (out node of the LUT)   --->   "%add_ln46_15 = add i6 %trunc_ln46_14, i6 %zext_ln46_15" [firmware/nnet_utils/nnet_activation.h:46]   --->   Operation 453 'add' 'add_ln46_15' <Predicate = (icmp_ln45_15)> <Delay = 0.70> <CoreInst = "Adder">   --->   Core 1 'Adder' <Latency = 0> <II = 1> <Delay = 0.70> <FuncUnit> <Opcode : 'add' 'sub'> <InPorts = 2> <OutPorts = 1>
ST_1 : Operation 454 [1/1] (0.00ns)   --->   "%tmp_93 = partselect i13 @_ssdm_op_PartSelect.i13.i27.i32.i32, i27 %data_15_val_read, i32 14, i32 26" [firmware/nnet_utils/nnet_activation.h:46]   --->   Operation 454 'partselect' 'tmp_93' <Predicate = (icmp_ln45_15)> <Delay = 0.00>
ST_1 : Operation 455 [1/1] (0.75ns)   --->   "%icmp_ln46_31 = icmp_eq  i13 %tmp_93, i13 0" [firmware/nnet_utils/nnet_activation.h:46]   --->   Operation 455 'icmp' 'icmp_ln46_31' <Predicate = (icmp_ln45_15)> <Delay = 0.75> <CoreInst = "Cmp">   --->   Core 9 'Cmp' <Latency = 0> <II = 1> <Delay = 0.75> <FuncUnit> <Opcode : 'seteq' 'setne' 'setle' 'setge' 'setlt' 'setgt'> <InPorts = 2> <OutPorts = 1>
ST_1 : Operation 456 [1/1] (0.00ns) (grouped into LUT with out node empty_33)   --->   "%tmp_94 = bitselect i1 @_ssdm_op_BitSelect.i1.i6.i32, i6 %add_ln46_15, i32 5" [firmware/nnet_utils/nnet_activation.h:46]   --->   Operation 456 'bitselect' 'tmp_94' <Predicate = (icmp_ln45_15)> <Delay = 0.00>
ST_1 : Operation 457 [1/1] (0.00ns) (grouped into LUT with out node empty_33)   --->   "%not_tmp_107 = xor i1 %tmp_91, i1 1" [firmware/nnet_utils/nnet_activation.h:46]   --->   Operation 457 'xor' 'not_tmp_107' <Predicate = (icmp_ln45_15)> <Delay = 0.00> <CoreInst = "LogicGate">   --->   Core 74 'LogicGate' <Latency = 0> <II = 1> <Delay = 0.12> <FuncUnit> <Opcode : 'and' 'or' 'xor'> <InPorts = 2> <OutPorts = 1>
ST_1 : Operation 458 [1/1] (0.00ns) (grouped into LUT with out node empty_33)   --->   "%and_ln46_31 = or i1 %tmp_94, i1 %not_tmp_107" [firmware/nnet_utils/nnet_activation.h:46]   --->   Operation 458 'or' 'and_ln46_31' <Predicate = (icmp_ln45_15)> <Delay = 0.00> <CoreInst = "LogicGate">   --->   Core 74 'LogicGate' <Latency = 0> <II = 1> <Delay = 0.12> <FuncUnit> <Opcode : 'and' 'or' 'xor'> <InPorts = 2> <OutPorts = 1>
ST_1 : Operation 459 [1/1] (0.12ns) (out node of the LUT)   --->   "%empty_33 = and i1 %icmp_ln46_31, i1 %and_ln46_31" [firmware/nnet_utils/nnet_activation.h:46]   --->   Operation 459 'and' 'empty_33' <Predicate = (icmp_ln45_15)> <Delay = 0.12> <CoreInst = "LogicGate">   --->   Core 74 'LogicGate' <Latency = 0> <II = 1> <Delay = 0.12> <FuncUnit> <Opcode : 'and' 'or' 'xor'> <InPorts = 2> <OutPorts = 1>
ST_1 : Operation 460 [1/1] (0.00ns) (grouped into LUT with out node select_ln46_46)   --->   "%or_ln46_46 = or i1 %empty_33, i1 %tmp_89" [firmware/nnet_utils/nnet_activation.h:46]   --->   Operation 460 'or' 'or_ln46_46' <Predicate = (or_ln46_47 & icmp_ln45_15)> <Delay = 0.00> <CoreInst = "LogicGate">   --->   Core 74 'LogicGate' <Latency = 0> <II = 1> <Delay = 0.12> <FuncUnit> <Opcode : 'and' 'or' 'xor'> <InPorts = 2> <OutPorts = 1>
ST_1 : Operation 461 [1/1] (0.00ns) (grouped into LUT with out node res_15_0)   --->   "%xor_ln46_15 = xor i1 %empty_33, i1 1" [firmware/nnet_utils/nnet_activation.h:46]   --->   Operation 461 'xor' 'xor_ln46_15' <Predicate = (icmp_ln45_15)> <Delay = 0.00> <CoreInst = "LogicGate">   --->   Core 74 'LogicGate' <Latency = 0> <II = 1> <Delay = 0.12> <FuncUnit> <Opcode : 'and' 'or' 'xor'> <InPorts = 2> <OutPorts = 1>
ST_1 : Operation 462 [1/1] (0.00ns) (grouped into LUT with out node res_15_0)   --->   "%or_ln46_47 = or i1 %tmp_89, i1 %xor_ln46_15" [firmware/nnet_utils/nnet_activation.h:46]   --->   Operation 462 'or' 'or_ln46_47' <Predicate = (icmp_ln45_15)> <Delay = 0.00> <CoreInst = "LogicGate">   --->   Core 74 'LogicGate' <Latency = 0> <II = 1> <Delay = 0.12> <FuncUnit> <Opcode : 'and' 'or' 'xor'> <InPorts = 2> <OutPorts = 1>
ST_1 : Operation 463 [1/1] (0.00ns) (grouped into LUT with out node select_ln46_46)   --->   "%select_ln46_45 = select i1 %tmp_89, i6 0, i6 %add_ln46_15" [firmware/nnet_utils/nnet_activation.h:46]   --->   Operation 463 'select' 'select_ln46_45' <Predicate = (or_ln46_46 & or_ln46_47 & icmp_ln45_15)> <Delay = 0.00> <CoreInst = "Sel">   --->   Core 73 'Sel' <Latency = 0> <II = 1> <Delay = 0.29> <FuncUnit> <Opcode : 'select'> <InPorts = 3> <OutPorts = 1>
ST_1 : Operation 464 [1/1] (0.29ns) (out node of the LUT)   --->   "%select_ln46_46 = select i1 %or_ln46_46, i6 %select_ln46_45, i6 63" [firmware/nnet_utils/nnet_activation.h:46]   --->   Operation 464 'select' 'select_ln46_46' <Predicate = (or_ln46_47 & icmp_ln45_15)> <Delay = 0.29> <CoreInst = "Sel">   --->   Core 73 'Sel' <Latency = 0> <II = 1> <Delay = 0.29> <FuncUnit> <Opcode : 'select'> <InPorts = 3> <OutPorts = 1>
ST_1 : Operation 465 [1/1] (0.00ns) (grouped into LUT with out node res_15_0)   --->   "%select_ln46_47 = select i1 %or_ln46_47, i6 %select_ln46_46, i6 %add_ln46_15" [firmware/nnet_utils/nnet_activation.h:46]   --->   Operation 465 'select' 'select_ln46_47' <Predicate = (icmp_ln45_15)> <Delay = 0.00> <CoreInst = "Sel">   --->   Core 73 'Sel' <Latency = 0> <II = 1> <Delay = 0.29> <FuncUnit> <Opcode : 'select'> <InPorts = 3> <OutPorts = 1>
ST_1 : Operation 466 [1/1] (0.29ns) (out node of the LUT)   --->   "%res_15_0 = select i1 %icmp_ln45_15, i6 %select_ln46_47, i6 0" [firmware/nnet_utils/nnet_activation.h:45]   --->   Operation 466 'select' 'res_15_0' <Predicate = true> <Delay = 0.29> <CoreInst = "Sel">   --->   Core 73 'Sel' <Latency = 0> <II = 1> <Delay = 0.29> <FuncUnit> <Opcode : 'select'> <InPorts = 3> <OutPorts = 1>
ST_1 : Operation 467 [1/1] (0.85ns)   --->   "%icmp_ln45_16 = icmp_sgt  i27 %data_16_val_read, i27 0" [firmware/nnet_utils/nnet_activation.h:45]   --->   Operation 467 'icmp' 'icmp_ln45_16' <Predicate = true> <Delay = 0.85> <CoreInst = "Cmp">   --->   Core 9 'Cmp' <Latency = 0> <II = 1> <Delay = 0.85> <FuncUnit> <Opcode : 'seteq' 'setne' 'setle' 'setge' 'setlt' 'setgt'> <InPorts = 2> <OutPorts = 1>
ST_1 : Operation 468 [1/1] (0.00ns)   --->   "%tmp_95 = bitselect i1 @_ssdm_op_BitSelect.i1.i27.i32, i27 %data_16_val_read, i32 26" [firmware/nnet_utils/nnet_activation.h:46]   --->   Operation 468 'bitselect' 'tmp_95' <Predicate = (icmp_ln45_16)> <Delay = 0.00>
ST_1 : Operation 469 [1/1] (0.00ns) (grouped into LUT with out node add_ln46_16)   --->   "%trunc_ln46_15 = partselect i6 @_ssdm_op_PartSelect.i6.i27.i32.i32, i27 %data_16_val_read, i32 8, i32 13" [firmware/nnet_utils/nnet_activation.h:46]   --->   Operation 469 'partselect' 'trunc_ln46_15' <Predicate = (icmp_ln45_16)> <Delay = 0.00>
ST_1 : Operation 470 [1/1] (0.00ns) (grouped into LUT with out node add_ln46_16)   --->   "%tmp_96 = bitselect i1 @_ssdm_op_BitSelect.i1.i27.i32, i27 %data_16_val_read, i32 7" [firmware/nnet_utils/nnet_activation.h:46]   --->   Operation 470 'bitselect' 'tmp_96' <Predicate = (icmp_ln45_16)> <Delay = 0.00>
ST_1 : Operation 471 [1/1] (0.00ns)   --->   "%trunc_ln46_78 = trunc i27 %data_16_val_read" [firmware/nnet_utils/nnet_activation.h:46]   --->   Operation 471 'trunc' 'trunc_ln46_78' <Predicate = (icmp_ln45_16)> <Delay = 0.00>
ST_1 : Operation 472 [1/1] (0.70ns)   --->   "%icmp_ln46_32 = icmp_ne  i7 %trunc_ln46_78, i7 0" [firmware/nnet_utils/nnet_activation.h:46]   --->   Operation 472 'icmp' 'icmp_ln46_32' <Predicate = (icmp_ln45_16)> <Delay = 0.70> <CoreInst = "Cmp">   --->   Core 9 'Cmp' <Latency = 0> <II = 1> <Delay = 0.70> <FuncUnit> <Opcode : 'seteq' 'setne' 'setle' 'setge' 'setlt' 'setgt'> <InPorts = 2> <OutPorts = 1>
ST_1 : Operation 473 [1/1] (0.00ns) (grouped into LUT with out node empty_34)   --->   "%tmp_97 = bitselect i1 @_ssdm_op_BitSelect.i1.i27.i32, i27 %data_16_val_read, i32 13" [firmware/nnet_utils/nnet_activation.h:46]   --->   Operation 473 'bitselect' 'tmp_97' <Predicate = (icmp_ln45_16)> <Delay = 0.00>
ST_1 : Operation 474 [1/1] (0.00ns) (grouped into LUT with out node add_ln46_16)   --->   "%tmp_98 = bitselect i1 @_ssdm_op_BitSelect.i1.i27.i32, i27 %data_16_val_read, i32 8" [firmware/nnet_utils/nnet_activation.h:46]   --->   Operation 474 'bitselect' 'tmp_98' <Predicate = (icmp_ln45_16)> <Delay = 0.00>
ST_1 : Operation 475 [1/1] (0.00ns) (grouped into LUT with out node add_ln46_16)   --->   "%or_ln46_48 = or i1 %tmp_98, i1 %icmp_ln46_32" [firmware/nnet_utils/nnet_activation.h:46]   --->   Operation 475 'or' 'or_ln46_48' <Predicate = (icmp_ln45_16)> <Delay = 0.00> <CoreInst = "LogicGate">   --->   Core 74 'LogicGate' <Latency = 0> <II = 1> <Delay = 0.12> <FuncUnit> <Opcode : 'and' 'or' 'xor'> <InPorts = 2> <OutPorts = 1>
ST_1 : Operation 476 [1/1] (0.00ns) (grouped into LUT with out node add_ln46_16)   --->   "%and_ln46_32 = and i1 %or_ln46_48, i1 %tmp_96" [firmware/nnet_utils/nnet_activation.h:46]   --->   Operation 476 'and' 'and_ln46_32' <Predicate = (icmp_ln45_16)> <Delay = 0.00> <CoreInst = "LogicGate">   --->   Core 74 'LogicGate' <Latency = 0> <II = 1> <Delay = 0.12> <FuncUnit> <Opcode : 'and' 'or' 'xor'> <InPorts = 2> <OutPorts = 1>
ST_1 : Operation 477 [1/1] (0.00ns) (grouped into LUT with out node add_ln46_16)   --->   "%zext_ln46_16 = zext i1 %and_ln46_32" [firmware/nnet_utils/nnet_activation.h:46]   --->   Operation 477 'zext' 'zext_ln46_16' <Predicate = (icmp_ln45_16)> <Delay = 0.00>
ST_1 : Operation 478 [1/1] (0.70ns) (out node of the LUT)   --->   "%add_ln46_16 = add i6 %trunc_ln46_15, i6 %zext_ln46_16" [firmware/nnet_utils/nnet_activation.h:46]   --->   Operation 478 'add' 'add_ln46_16' <Predicate = (icmp_ln45_16)> <Delay = 0.70> <CoreInst = "Adder">   --->   Core 1 'Adder' <Latency = 0> <II = 1> <Delay = 0.70> <FuncUnit> <Opcode : 'add' 'sub'> <InPorts = 2> <OutPorts = 1>
ST_1 : Operation 479 [1/1] (0.00ns)   --->   "%tmp_99 = partselect i13 @_ssdm_op_PartSelect.i13.i27.i32.i32, i27 %data_16_val_read, i32 14, i32 26" [firmware/nnet_utils/nnet_activation.h:46]   --->   Operation 479 'partselect' 'tmp_99' <Predicate = (icmp_ln45_16)> <Delay = 0.00>
ST_1 : Operation 480 [1/1] (0.75ns)   --->   "%icmp_ln46_33 = icmp_eq  i13 %tmp_99, i13 0" [firmware/nnet_utils/nnet_activation.h:46]   --->   Operation 480 'icmp' 'icmp_ln46_33' <Predicate = (icmp_ln45_16)> <Delay = 0.75> <CoreInst = "Cmp">   --->   Core 9 'Cmp' <Latency = 0> <II = 1> <Delay = 0.75> <FuncUnit> <Opcode : 'seteq' 'setne' 'setle' 'setge' 'setlt' 'setgt'> <InPorts = 2> <OutPorts = 1>
ST_1 : Operation 481 [1/1] (0.00ns) (grouped into LUT with out node empty_34)   --->   "%tmp_100 = bitselect i1 @_ssdm_op_BitSelect.i1.i6.i32, i6 %add_ln46_16, i32 5" [firmware/nnet_utils/nnet_activation.h:46]   --->   Operation 481 'bitselect' 'tmp_100' <Predicate = (icmp_ln45_16)> <Delay = 0.00>
ST_1 : Operation 482 [1/1] (0.00ns) (grouped into LUT with out node empty_34)   --->   "%not_tmp_114 = xor i1 %tmp_97, i1 1" [firmware/nnet_utils/nnet_activation.h:46]   --->   Operation 482 'xor' 'not_tmp_114' <Predicate = (icmp_ln45_16)> <Delay = 0.00> <CoreInst = "LogicGate">   --->   Core 74 'LogicGate' <Latency = 0> <II = 1> <Delay = 0.12> <FuncUnit> <Opcode : 'and' 'or' 'xor'> <InPorts = 2> <OutPorts = 1>
ST_1 : Operation 483 [1/1] (0.00ns) (grouped into LUT with out node empty_34)   --->   "%and_ln46_33 = or i1 %tmp_100, i1 %not_tmp_114" [firmware/nnet_utils/nnet_activation.h:46]   --->   Operation 483 'or' 'and_ln46_33' <Predicate = (icmp_ln45_16)> <Delay = 0.00> <CoreInst = "LogicGate">   --->   Core 74 'LogicGate' <Latency = 0> <II = 1> <Delay = 0.12> <FuncUnit> <Opcode : 'and' 'or' 'xor'> <InPorts = 2> <OutPorts = 1>
ST_1 : Operation 484 [1/1] (0.12ns) (out node of the LUT)   --->   "%empty_34 = and i1 %icmp_ln46_33, i1 %and_ln46_33" [firmware/nnet_utils/nnet_activation.h:46]   --->   Operation 484 'and' 'empty_34' <Predicate = (icmp_ln45_16)> <Delay = 0.12> <CoreInst = "LogicGate">   --->   Core 74 'LogicGate' <Latency = 0> <II = 1> <Delay = 0.12> <FuncUnit> <Opcode : 'and' 'or' 'xor'> <InPorts = 2> <OutPorts = 1>
ST_1 : Operation 485 [1/1] (0.00ns) (grouped into LUT with out node select_ln46_49)   --->   "%or_ln46_49 = or i1 %empty_34, i1 %tmp_95" [firmware/nnet_utils/nnet_activation.h:46]   --->   Operation 485 'or' 'or_ln46_49' <Predicate = (or_ln46_50 & icmp_ln45_16)> <Delay = 0.00> <CoreInst = "LogicGate">   --->   Core 74 'LogicGate' <Latency = 0> <II = 1> <Delay = 0.12> <FuncUnit> <Opcode : 'and' 'or' 'xor'> <InPorts = 2> <OutPorts = 1>
ST_1 : Operation 486 [1/1] (0.00ns) (grouped into LUT with out node res_16_0)   --->   "%xor_ln46_16 = xor i1 %empty_34, i1 1" [firmware/nnet_utils/nnet_activation.h:46]   --->   Operation 486 'xor' 'xor_ln46_16' <Predicate = (icmp_ln45_16)> <Delay = 0.00> <CoreInst = "LogicGate">   --->   Core 74 'LogicGate' <Latency = 0> <II = 1> <Delay = 0.12> <FuncUnit> <Opcode : 'and' 'or' 'xor'> <InPorts = 2> <OutPorts = 1>
ST_1 : Operation 487 [1/1] (0.00ns) (grouped into LUT with out node res_16_0)   --->   "%or_ln46_50 = or i1 %tmp_95, i1 %xor_ln46_16" [firmware/nnet_utils/nnet_activation.h:46]   --->   Operation 487 'or' 'or_ln46_50' <Predicate = (icmp_ln45_16)> <Delay = 0.00> <CoreInst = "LogicGate">   --->   Core 74 'LogicGate' <Latency = 0> <II = 1> <Delay = 0.12> <FuncUnit> <Opcode : 'and' 'or' 'xor'> <InPorts = 2> <OutPorts = 1>
ST_1 : Operation 488 [1/1] (0.00ns) (grouped into LUT with out node select_ln46_49)   --->   "%select_ln46_48 = select i1 %tmp_95, i6 0, i6 %add_ln46_16" [firmware/nnet_utils/nnet_activation.h:46]   --->   Operation 488 'select' 'select_ln46_48' <Predicate = (or_ln46_49 & or_ln46_50 & icmp_ln45_16)> <Delay = 0.00> <CoreInst = "Sel">   --->   Core 73 'Sel' <Latency = 0> <II = 1> <Delay = 0.29> <FuncUnit> <Opcode : 'select'> <InPorts = 3> <OutPorts = 1>
ST_1 : Operation 489 [1/1] (0.29ns) (out node of the LUT)   --->   "%select_ln46_49 = select i1 %or_ln46_49, i6 %select_ln46_48, i6 63" [firmware/nnet_utils/nnet_activation.h:46]   --->   Operation 489 'select' 'select_ln46_49' <Predicate = (or_ln46_50 & icmp_ln45_16)> <Delay = 0.29> <CoreInst = "Sel">   --->   Core 73 'Sel' <Latency = 0> <II = 1> <Delay = 0.29> <FuncUnit> <Opcode : 'select'> <InPorts = 3> <OutPorts = 1>
ST_1 : Operation 490 [1/1] (0.00ns) (grouped into LUT with out node res_16_0)   --->   "%select_ln46_50 = select i1 %or_ln46_50, i6 %select_ln46_49, i6 %add_ln46_16" [firmware/nnet_utils/nnet_activation.h:46]   --->   Operation 490 'select' 'select_ln46_50' <Predicate = (icmp_ln45_16)> <Delay = 0.00> <CoreInst = "Sel">   --->   Core 73 'Sel' <Latency = 0> <II = 1> <Delay = 0.29> <FuncUnit> <Opcode : 'select'> <InPorts = 3> <OutPorts = 1>
ST_1 : Operation 491 [1/1] (0.29ns) (out node of the LUT)   --->   "%res_16_0 = select i1 %icmp_ln45_16, i6 %select_ln46_50, i6 0" [firmware/nnet_utils/nnet_activation.h:45]   --->   Operation 491 'select' 'res_16_0' <Predicate = true> <Delay = 0.29> <CoreInst = "Sel">   --->   Core 73 'Sel' <Latency = 0> <II = 1> <Delay = 0.29> <FuncUnit> <Opcode : 'select'> <InPorts = 3> <OutPorts = 1>
ST_1 : Operation 492 [1/1] (0.85ns)   --->   "%icmp_ln45_17 = icmp_sgt  i27 %data_17_val_read, i27 0" [firmware/nnet_utils/nnet_activation.h:45]   --->   Operation 492 'icmp' 'icmp_ln45_17' <Predicate = true> <Delay = 0.85> <CoreInst = "Cmp">   --->   Core 9 'Cmp' <Latency = 0> <II = 1> <Delay = 0.85> <FuncUnit> <Opcode : 'seteq' 'setne' 'setle' 'setge' 'setlt' 'setgt'> <InPorts = 2> <OutPorts = 1>
ST_1 : Operation 493 [1/1] (0.00ns)   --->   "%tmp_101 = bitselect i1 @_ssdm_op_BitSelect.i1.i27.i32, i27 %data_17_val_read, i32 26" [firmware/nnet_utils/nnet_activation.h:46]   --->   Operation 493 'bitselect' 'tmp_101' <Predicate = (icmp_ln45_17)> <Delay = 0.00>
ST_1 : Operation 494 [1/1] (0.00ns) (grouped into LUT with out node add_ln46_17)   --->   "%trunc_ln46_16 = partselect i6 @_ssdm_op_PartSelect.i6.i27.i32.i32, i27 %data_17_val_read, i32 8, i32 13" [firmware/nnet_utils/nnet_activation.h:46]   --->   Operation 494 'partselect' 'trunc_ln46_16' <Predicate = (icmp_ln45_17)> <Delay = 0.00>
ST_1 : Operation 495 [1/1] (0.00ns) (grouped into LUT with out node add_ln46_17)   --->   "%tmp_102 = bitselect i1 @_ssdm_op_BitSelect.i1.i27.i32, i27 %data_17_val_read, i32 7" [firmware/nnet_utils/nnet_activation.h:46]   --->   Operation 495 'bitselect' 'tmp_102' <Predicate = (icmp_ln45_17)> <Delay = 0.00>
ST_1 : Operation 496 [1/1] (0.00ns)   --->   "%trunc_ln46_79 = trunc i27 %data_17_val_read" [firmware/nnet_utils/nnet_activation.h:46]   --->   Operation 496 'trunc' 'trunc_ln46_79' <Predicate = (icmp_ln45_17)> <Delay = 0.00>
ST_1 : Operation 497 [1/1] (0.70ns)   --->   "%icmp_ln46_34 = icmp_ne  i7 %trunc_ln46_79, i7 0" [firmware/nnet_utils/nnet_activation.h:46]   --->   Operation 497 'icmp' 'icmp_ln46_34' <Predicate = (icmp_ln45_17)> <Delay = 0.70> <CoreInst = "Cmp">   --->   Core 9 'Cmp' <Latency = 0> <II = 1> <Delay = 0.70> <FuncUnit> <Opcode : 'seteq' 'setne' 'setle' 'setge' 'setlt' 'setgt'> <InPorts = 2> <OutPorts = 1>
ST_1 : Operation 498 [1/1] (0.00ns) (grouped into LUT with out node empty_35)   --->   "%tmp_103 = bitselect i1 @_ssdm_op_BitSelect.i1.i27.i32, i27 %data_17_val_read, i32 13" [firmware/nnet_utils/nnet_activation.h:46]   --->   Operation 498 'bitselect' 'tmp_103' <Predicate = (icmp_ln45_17)> <Delay = 0.00>
ST_1 : Operation 499 [1/1] (0.00ns) (grouped into LUT with out node add_ln46_17)   --->   "%tmp_104 = bitselect i1 @_ssdm_op_BitSelect.i1.i27.i32, i27 %data_17_val_read, i32 8" [firmware/nnet_utils/nnet_activation.h:46]   --->   Operation 499 'bitselect' 'tmp_104' <Predicate = (icmp_ln45_17)> <Delay = 0.00>
ST_1 : Operation 500 [1/1] (0.00ns) (grouped into LUT with out node add_ln46_17)   --->   "%or_ln46_51 = or i1 %tmp_104, i1 %icmp_ln46_34" [firmware/nnet_utils/nnet_activation.h:46]   --->   Operation 500 'or' 'or_ln46_51' <Predicate = (icmp_ln45_17)> <Delay = 0.00> <CoreInst = "LogicGate">   --->   Core 74 'LogicGate' <Latency = 0> <II = 1> <Delay = 0.12> <FuncUnit> <Opcode : 'and' 'or' 'xor'> <InPorts = 2> <OutPorts = 1>
ST_1 : Operation 501 [1/1] (0.00ns) (grouped into LUT with out node add_ln46_17)   --->   "%and_ln46_34 = and i1 %or_ln46_51, i1 %tmp_102" [firmware/nnet_utils/nnet_activation.h:46]   --->   Operation 501 'and' 'and_ln46_34' <Predicate = (icmp_ln45_17)> <Delay = 0.00> <CoreInst = "LogicGate">   --->   Core 74 'LogicGate' <Latency = 0> <II = 1> <Delay = 0.12> <FuncUnit> <Opcode : 'and' 'or' 'xor'> <InPorts = 2> <OutPorts = 1>
ST_1 : Operation 502 [1/1] (0.00ns) (grouped into LUT with out node add_ln46_17)   --->   "%zext_ln46_17 = zext i1 %and_ln46_34" [firmware/nnet_utils/nnet_activation.h:46]   --->   Operation 502 'zext' 'zext_ln46_17' <Predicate = (icmp_ln45_17)> <Delay = 0.00>
ST_1 : Operation 503 [1/1] (0.70ns) (out node of the LUT)   --->   "%add_ln46_17 = add i6 %trunc_ln46_16, i6 %zext_ln46_17" [firmware/nnet_utils/nnet_activation.h:46]   --->   Operation 503 'add' 'add_ln46_17' <Predicate = (icmp_ln45_17)> <Delay = 0.70> <CoreInst = "Adder">   --->   Core 1 'Adder' <Latency = 0> <II = 1> <Delay = 0.70> <FuncUnit> <Opcode : 'add' 'sub'> <InPorts = 2> <OutPorts = 1>
ST_1 : Operation 504 [1/1] (0.00ns)   --->   "%tmp_105 = partselect i13 @_ssdm_op_PartSelect.i13.i27.i32.i32, i27 %data_17_val_read, i32 14, i32 26" [firmware/nnet_utils/nnet_activation.h:46]   --->   Operation 504 'partselect' 'tmp_105' <Predicate = (icmp_ln45_17)> <Delay = 0.00>
ST_1 : Operation 505 [1/1] (0.75ns)   --->   "%icmp_ln46_35 = icmp_eq  i13 %tmp_105, i13 0" [firmware/nnet_utils/nnet_activation.h:46]   --->   Operation 505 'icmp' 'icmp_ln46_35' <Predicate = (icmp_ln45_17)> <Delay = 0.75> <CoreInst = "Cmp">   --->   Core 9 'Cmp' <Latency = 0> <II = 1> <Delay = 0.75> <FuncUnit> <Opcode : 'seteq' 'setne' 'setle' 'setge' 'setlt' 'setgt'> <InPorts = 2> <OutPorts = 1>
ST_1 : Operation 506 [1/1] (0.00ns) (grouped into LUT with out node empty_35)   --->   "%tmp_106 = bitselect i1 @_ssdm_op_BitSelect.i1.i6.i32, i6 %add_ln46_17, i32 5" [firmware/nnet_utils/nnet_activation.h:46]   --->   Operation 506 'bitselect' 'tmp_106' <Predicate = (icmp_ln45_17)> <Delay = 0.00>
ST_1 : Operation 507 [1/1] (0.00ns) (grouped into LUT with out node empty_35)   --->   "%not_tmp_121 = xor i1 %tmp_103, i1 1" [firmware/nnet_utils/nnet_activation.h:46]   --->   Operation 507 'xor' 'not_tmp_121' <Predicate = (icmp_ln45_17)> <Delay = 0.00> <CoreInst = "LogicGate">   --->   Core 74 'LogicGate' <Latency = 0> <II = 1> <Delay = 0.12> <FuncUnit> <Opcode : 'and' 'or' 'xor'> <InPorts = 2> <OutPorts = 1>
ST_1 : Operation 508 [1/1] (0.00ns) (grouped into LUT with out node empty_35)   --->   "%and_ln46_35 = or i1 %tmp_106, i1 %not_tmp_121" [firmware/nnet_utils/nnet_activation.h:46]   --->   Operation 508 'or' 'and_ln46_35' <Predicate = (icmp_ln45_17)> <Delay = 0.00> <CoreInst = "LogicGate">   --->   Core 74 'LogicGate' <Latency = 0> <II = 1> <Delay = 0.12> <FuncUnit> <Opcode : 'and' 'or' 'xor'> <InPorts = 2> <OutPorts = 1>
ST_1 : Operation 509 [1/1] (0.12ns) (out node of the LUT)   --->   "%empty_35 = and i1 %icmp_ln46_35, i1 %and_ln46_35" [firmware/nnet_utils/nnet_activation.h:46]   --->   Operation 509 'and' 'empty_35' <Predicate = (icmp_ln45_17)> <Delay = 0.12> <CoreInst = "LogicGate">   --->   Core 74 'LogicGate' <Latency = 0> <II = 1> <Delay = 0.12> <FuncUnit> <Opcode : 'and' 'or' 'xor'> <InPorts = 2> <OutPorts = 1>
ST_1 : Operation 510 [1/1] (0.00ns) (grouped into LUT with out node select_ln46_52)   --->   "%or_ln46_52 = or i1 %empty_35, i1 %tmp_101" [firmware/nnet_utils/nnet_activation.h:46]   --->   Operation 510 'or' 'or_ln46_52' <Predicate = (or_ln46_53 & icmp_ln45_17)> <Delay = 0.00> <CoreInst = "LogicGate">   --->   Core 74 'LogicGate' <Latency = 0> <II = 1> <Delay = 0.12> <FuncUnit> <Opcode : 'and' 'or' 'xor'> <InPorts = 2> <OutPorts = 1>
ST_1 : Operation 511 [1/1] (0.00ns) (grouped into LUT with out node res_17_0)   --->   "%xor_ln46_17 = xor i1 %empty_35, i1 1" [firmware/nnet_utils/nnet_activation.h:46]   --->   Operation 511 'xor' 'xor_ln46_17' <Predicate = (icmp_ln45_17)> <Delay = 0.00> <CoreInst = "LogicGate">   --->   Core 74 'LogicGate' <Latency = 0> <II = 1> <Delay = 0.12> <FuncUnit> <Opcode : 'and' 'or' 'xor'> <InPorts = 2> <OutPorts = 1>
ST_1 : Operation 512 [1/1] (0.00ns) (grouped into LUT with out node res_17_0)   --->   "%or_ln46_53 = or i1 %tmp_101, i1 %xor_ln46_17" [firmware/nnet_utils/nnet_activation.h:46]   --->   Operation 512 'or' 'or_ln46_53' <Predicate = (icmp_ln45_17)> <Delay = 0.00> <CoreInst = "LogicGate">   --->   Core 74 'LogicGate' <Latency = 0> <II = 1> <Delay = 0.12> <FuncUnit> <Opcode : 'and' 'or' 'xor'> <InPorts = 2> <OutPorts = 1>
ST_1 : Operation 513 [1/1] (0.00ns) (grouped into LUT with out node select_ln46_52)   --->   "%select_ln46_51 = select i1 %tmp_101, i6 0, i6 %add_ln46_17" [firmware/nnet_utils/nnet_activation.h:46]   --->   Operation 513 'select' 'select_ln46_51' <Predicate = (or_ln46_52 & or_ln46_53 & icmp_ln45_17)> <Delay = 0.00> <CoreInst = "Sel">   --->   Core 73 'Sel' <Latency = 0> <II = 1> <Delay = 0.29> <FuncUnit> <Opcode : 'select'> <InPorts = 3> <OutPorts = 1>
ST_1 : Operation 514 [1/1] (0.29ns) (out node of the LUT)   --->   "%select_ln46_52 = select i1 %or_ln46_52, i6 %select_ln46_51, i6 63" [firmware/nnet_utils/nnet_activation.h:46]   --->   Operation 514 'select' 'select_ln46_52' <Predicate = (or_ln46_53 & icmp_ln45_17)> <Delay = 0.29> <CoreInst = "Sel">   --->   Core 73 'Sel' <Latency = 0> <II = 1> <Delay = 0.29> <FuncUnit> <Opcode : 'select'> <InPorts = 3> <OutPorts = 1>
ST_1 : Operation 515 [1/1] (0.00ns) (grouped into LUT with out node res_17_0)   --->   "%select_ln46_53 = select i1 %or_ln46_53, i6 %select_ln46_52, i6 %add_ln46_17" [firmware/nnet_utils/nnet_activation.h:46]   --->   Operation 515 'select' 'select_ln46_53' <Predicate = (icmp_ln45_17)> <Delay = 0.00> <CoreInst = "Sel">   --->   Core 73 'Sel' <Latency = 0> <II = 1> <Delay = 0.29> <FuncUnit> <Opcode : 'select'> <InPorts = 3> <OutPorts = 1>
ST_1 : Operation 516 [1/1] (0.29ns) (out node of the LUT)   --->   "%res_17_0 = select i1 %icmp_ln45_17, i6 %select_ln46_53, i6 0" [firmware/nnet_utils/nnet_activation.h:45]   --->   Operation 516 'select' 'res_17_0' <Predicate = true> <Delay = 0.29> <CoreInst = "Sel">   --->   Core 73 'Sel' <Latency = 0> <II = 1> <Delay = 0.29> <FuncUnit> <Opcode : 'select'> <InPorts = 3> <OutPorts = 1>
ST_1 : Operation 517 [1/1] (0.85ns)   --->   "%icmp_ln45_18 = icmp_sgt  i27 %data_18_val_read, i27 0" [firmware/nnet_utils/nnet_activation.h:45]   --->   Operation 517 'icmp' 'icmp_ln45_18' <Predicate = true> <Delay = 0.85> <CoreInst = "Cmp">   --->   Core 9 'Cmp' <Latency = 0> <II = 1> <Delay = 0.85> <FuncUnit> <Opcode : 'seteq' 'setne' 'setle' 'setge' 'setlt' 'setgt'> <InPorts = 2> <OutPorts = 1>
ST_1 : Operation 518 [1/1] (0.00ns)   --->   "%tmp_107 = bitselect i1 @_ssdm_op_BitSelect.i1.i27.i32, i27 %data_18_val_read, i32 26" [firmware/nnet_utils/nnet_activation.h:46]   --->   Operation 518 'bitselect' 'tmp_107' <Predicate = (icmp_ln45_18)> <Delay = 0.00>
ST_1 : Operation 519 [1/1] (0.00ns) (grouped into LUT with out node add_ln46_18)   --->   "%trunc_ln46_17 = partselect i6 @_ssdm_op_PartSelect.i6.i27.i32.i32, i27 %data_18_val_read, i32 8, i32 13" [firmware/nnet_utils/nnet_activation.h:46]   --->   Operation 519 'partselect' 'trunc_ln46_17' <Predicate = (icmp_ln45_18)> <Delay = 0.00>
ST_1 : Operation 520 [1/1] (0.00ns) (grouped into LUT with out node add_ln46_18)   --->   "%tmp_108 = bitselect i1 @_ssdm_op_BitSelect.i1.i27.i32, i27 %data_18_val_read, i32 7" [firmware/nnet_utils/nnet_activation.h:46]   --->   Operation 520 'bitselect' 'tmp_108' <Predicate = (icmp_ln45_18)> <Delay = 0.00>
ST_1 : Operation 521 [1/1] (0.00ns)   --->   "%trunc_ln46_80 = trunc i27 %data_18_val_read" [firmware/nnet_utils/nnet_activation.h:46]   --->   Operation 521 'trunc' 'trunc_ln46_80' <Predicate = (icmp_ln45_18)> <Delay = 0.00>
ST_1 : Operation 522 [1/1] (0.70ns)   --->   "%icmp_ln46_36 = icmp_ne  i7 %trunc_ln46_80, i7 0" [firmware/nnet_utils/nnet_activation.h:46]   --->   Operation 522 'icmp' 'icmp_ln46_36' <Predicate = (icmp_ln45_18)> <Delay = 0.70> <CoreInst = "Cmp">   --->   Core 9 'Cmp' <Latency = 0> <II = 1> <Delay = 0.70> <FuncUnit> <Opcode : 'seteq' 'setne' 'setle' 'setge' 'setlt' 'setgt'> <InPorts = 2> <OutPorts = 1>
ST_1 : Operation 523 [1/1] (0.00ns) (grouped into LUT with out node empty_36)   --->   "%tmp_109 = bitselect i1 @_ssdm_op_BitSelect.i1.i27.i32, i27 %data_18_val_read, i32 13" [firmware/nnet_utils/nnet_activation.h:46]   --->   Operation 523 'bitselect' 'tmp_109' <Predicate = (icmp_ln45_18)> <Delay = 0.00>
ST_1 : Operation 524 [1/1] (0.00ns) (grouped into LUT with out node add_ln46_18)   --->   "%tmp_110 = bitselect i1 @_ssdm_op_BitSelect.i1.i27.i32, i27 %data_18_val_read, i32 8" [firmware/nnet_utils/nnet_activation.h:46]   --->   Operation 524 'bitselect' 'tmp_110' <Predicate = (icmp_ln45_18)> <Delay = 0.00>
ST_1 : Operation 525 [1/1] (0.00ns) (grouped into LUT with out node add_ln46_18)   --->   "%or_ln46_54 = or i1 %tmp_110, i1 %icmp_ln46_36" [firmware/nnet_utils/nnet_activation.h:46]   --->   Operation 525 'or' 'or_ln46_54' <Predicate = (icmp_ln45_18)> <Delay = 0.00> <CoreInst = "LogicGate">   --->   Core 74 'LogicGate' <Latency = 0> <II = 1> <Delay = 0.12> <FuncUnit> <Opcode : 'and' 'or' 'xor'> <InPorts = 2> <OutPorts = 1>
ST_1 : Operation 526 [1/1] (0.00ns) (grouped into LUT with out node add_ln46_18)   --->   "%and_ln46_36 = and i1 %or_ln46_54, i1 %tmp_108" [firmware/nnet_utils/nnet_activation.h:46]   --->   Operation 526 'and' 'and_ln46_36' <Predicate = (icmp_ln45_18)> <Delay = 0.00> <CoreInst = "LogicGate">   --->   Core 74 'LogicGate' <Latency = 0> <II = 1> <Delay = 0.12> <FuncUnit> <Opcode : 'and' 'or' 'xor'> <InPorts = 2> <OutPorts = 1>
ST_1 : Operation 527 [1/1] (0.00ns) (grouped into LUT with out node add_ln46_18)   --->   "%zext_ln46_18 = zext i1 %and_ln46_36" [firmware/nnet_utils/nnet_activation.h:46]   --->   Operation 527 'zext' 'zext_ln46_18' <Predicate = (icmp_ln45_18)> <Delay = 0.00>
ST_1 : Operation 528 [1/1] (0.70ns) (out node of the LUT)   --->   "%add_ln46_18 = add i6 %trunc_ln46_17, i6 %zext_ln46_18" [firmware/nnet_utils/nnet_activation.h:46]   --->   Operation 528 'add' 'add_ln46_18' <Predicate = (icmp_ln45_18)> <Delay = 0.70> <CoreInst = "Adder">   --->   Core 1 'Adder' <Latency = 0> <II = 1> <Delay = 0.70> <FuncUnit> <Opcode : 'add' 'sub'> <InPorts = 2> <OutPorts = 1>
ST_1 : Operation 529 [1/1] (0.00ns)   --->   "%tmp_111 = partselect i13 @_ssdm_op_PartSelect.i13.i27.i32.i32, i27 %data_18_val_read, i32 14, i32 26" [firmware/nnet_utils/nnet_activation.h:46]   --->   Operation 529 'partselect' 'tmp_111' <Predicate = (icmp_ln45_18)> <Delay = 0.00>
ST_1 : Operation 530 [1/1] (0.75ns)   --->   "%icmp_ln46_37 = icmp_eq  i13 %tmp_111, i13 0" [firmware/nnet_utils/nnet_activation.h:46]   --->   Operation 530 'icmp' 'icmp_ln46_37' <Predicate = (icmp_ln45_18)> <Delay = 0.75> <CoreInst = "Cmp">   --->   Core 9 'Cmp' <Latency = 0> <II = 1> <Delay = 0.75> <FuncUnit> <Opcode : 'seteq' 'setne' 'setle' 'setge' 'setlt' 'setgt'> <InPorts = 2> <OutPorts = 1>
ST_1 : Operation 531 [1/1] (0.00ns) (grouped into LUT with out node empty_36)   --->   "%tmp_112 = bitselect i1 @_ssdm_op_BitSelect.i1.i6.i32, i6 %add_ln46_18, i32 5" [firmware/nnet_utils/nnet_activation.h:46]   --->   Operation 531 'bitselect' 'tmp_112' <Predicate = (icmp_ln45_18)> <Delay = 0.00>
ST_1 : Operation 532 [1/1] (0.00ns) (grouped into LUT with out node empty_36)   --->   "%not_tmp_128 = xor i1 %tmp_109, i1 1" [firmware/nnet_utils/nnet_activation.h:46]   --->   Operation 532 'xor' 'not_tmp_128' <Predicate = (icmp_ln45_18)> <Delay = 0.00> <CoreInst = "LogicGate">   --->   Core 74 'LogicGate' <Latency = 0> <II = 1> <Delay = 0.12> <FuncUnit> <Opcode : 'and' 'or' 'xor'> <InPorts = 2> <OutPorts = 1>
ST_1 : Operation 533 [1/1] (0.00ns) (grouped into LUT with out node empty_36)   --->   "%and_ln46_37 = or i1 %tmp_112, i1 %not_tmp_128" [firmware/nnet_utils/nnet_activation.h:46]   --->   Operation 533 'or' 'and_ln46_37' <Predicate = (icmp_ln45_18)> <Delay = 0.00> <CoreInst = "LogicGate">   --->   Core 74 'LogicGate' <Latency = 0> <II = 1> <Delay = 0.12> <FuncUnit> <Opcode : 'and' 'or' 'xor'> <InPorts = 2> <OutPorts = 1>
ST_1 : Operation 534 [1/1] (0.12ns) (out node of the LUT)   --->   "%empty_36 = and i1 %icmp_ln46_37, i1 %and_ln46_37" [firmware/nnet_utils/nnet_activation.h:46]   --->   Operation 534 'and' 'empty_36' <Predicate = (icmp_ln45_18)> <Delay = 0.12> <CoreInst = "LogicGate">   --->   Core 74 'LogicGate' <Latency = 0> <II = 1> <Delay = 0.12> <FuncUnit> <Opcode : 'and' 'or' 'xor'> <InPorts = 2> <OutPorts = 1>
ST_1 : Operation 535 [1/1] (0.00ns) (grouped into LUT with out node select_ln46_55)   --->   "%or_ln46_55 = or i1 %empty_36, i1 %tmp_107" [firmware/nnet_utils/nnet_activation.h:46]   --->   Operation 535 'or' 'or_ln46_55' <Predicate = (or_ln46_56 & icmp_ln45_18)> <Delay = 0.00> <CoreInst = "LogicGate">   --->   Core 74 'LogicGate' <Latency = 0> <II = 1> <Delay = 0.12> <FuncUnit> <Opcode : 'and' 'or' 'xor'> <InPorts = 2> <OutPorts = 1>
ST_1 : Operation 536 [1/1] (0.00ns) (grouped into LUT with out node res_18_0)   --->   "%xor_ln46_18 = xor i1 %empty_36, i1 1" [firmware/nnet_utils/nnet_activation.h:46]   --->   Operation 536 'xor' 'xor_ln46_18' <Predicate = (icmp_ln45_18)> <Delay = 0.00> <CoreInst = "LogicGate">   --->   Core 74 'LogicGate' <Latency = 0> <II = 1> <Delay = 0.12> <FuncUnit> <Opcode : 'and' 'or' 'xor'> <InPorts = 2> <OutPorts = 1>
ST_1 : Operation 537 [1/1] (0.00ns) (grouped into LUT with out node res_18_0)   --->   "%or_ln46_56 = or i1 %tmp_107, i1 %xor_ln46_18" [firmware/nnet_utils/nnet_activation.h:46]   --->   Operation 537 'or' 'or_ln46_56' <Predicate = (icmp_ln45_18)> <Delay = 0.00> <CoreInst = "LogicGate">   --->   Core 74 'LogicGate' <Latency = 0> <II = 1> <Delay = 0.12> <FuncUnit> <Opcode : 'and' 'or' 'xor'> <InPorts = 2> <OutPorts = 1>
ST_1 : Operation 538 [1/1] (0.00ns) (grouped into LUT with out node select_ln46_55)   --->   "%select_ln46_54 = select i1 %tmp_107, i6 0, i6 %add_ln46_18" [firmware/nnet_utils/nnet_activation.h:46]   --->   Operation 538 'select' 'select_ln46_54' <Predicate = (or_ln46_55 & or_ln46_56 & icmp_ln45_18)> <Delay = 0.00> <CoreInst = "Sel">   --->   Core 73 'Sel' <Latency = 0> <II = 1> <Delay = 0.29> <FuncUnit> <Opcode : 'select'> <InPorts = 3> <OutPorts = 1>
ST_1 : Operation 539 [1/1] (0.29ns) (out node of the LUT)   --->   "%select_ln46_55 = select i1 %or_ln46_55, i6 %select_ln46_54, i6 63" [firmware/nnet_utils/nnet_activation.h:46]   --->   Operation 539 'select' 'select_ln46_55' <Predicate = (or_ln46_56 & icmp_ln45_18)> <Delay = 0.29> <CoreInst = "Sel">   --->   Core 73 'Sel' <Latency = 0> <II = 1> <Delay = 0.29> <FuncUnit> <Opcode : 'select'> <InPorts = 3> <OutPorts = 1>
ST_1 : Operation 540 [1/1] (0.00ns) (grouped into LUT with out node res_18_0)   --->   "%select_ln46_56 = select i1 %or_ln46_56, i6 %select_ln46_55, i6 %add_ln46_18" [firmware/nnet_utils/nnet_activation.h:46]   --->   Operation 540 'select' 'select_ln46_56' <Predicate = (icmp_ln45_18)> <Delay = 0.00> <CoreInst = "Sel">   --->   Core 73 'Sel' <Latency = 0> <II = 1> <Delay = 0.29> <FuncUnit> <Opcode : 'select'> <InPorts = 3> <OutPorts = 1>
ST_1 : Operation 541 [1/1] (0.29ns) (out node of the LUT)   --->   "%res_18_0 = select i1 %icmp_ln45_18, i6 %select_ln46_56, i6 0" [firmware/nnet_utils/nnet_activation.h:45]   --->   Operation 541 'select' 'res_18_0' <Predicate = true> <Delay = 0.29> <CoreInst = "Sel">   --->   Core 73 'Sel' <Latency = 0> <II = 1> <Delay = 0.29> <FuncUnit> <Opcode : 'select'> <InPorts = 3> <OutPorts = 1>
ST_1 : Operation 542 [1/1] (0.85ns)   --->   "%icmp_ln45_19 = icmp_sgt  i27 %data_19_val_read, i27 0" [firmware/nnet_utils/nnet_activation.h:45]   --->   Operation 542 'icmp' 'icmp_ln45_19' <Predicate = true> <Delay = 0.85> <CoreInst = "Cmp">   --->   Core 9 'Cmp' <Latency = 0> <II = 1> <Delay = 0.85> <FuncUnit> <Opcode : 'seteq' 'setne' 'setle' 'setge' 'setlt' 'setgt'> <InPorts = 2> <OutPorts = 1>
ST_1 : Operation 543 [1/1] (0.00ns)   --->   "%tmp_113 = bitselect i1 @_ssdm_op_BitSelect.i1.i27.i32, i27 %data_19_val_read, i32 26" [firmware/nnet_utils/nnet_activation.h:46]   --->   Operation 543 'bitselect' 'tmp_113' <Predicate = (icmp_ln45_19)> <Delay = 0.00>
ST_1 : Operation 544 [1/1] (0.00ns) (grouped into LUT with out node add_ln46_19)   --->   "%trunc_ln46_18 = partselect i6 @_ssdm_op_PartSelect.i6.i27.i32.i32, i27 %data_19_val_read, i32 8, i32 13" [firmware/nnet_utils/nnet_activation.h:46]   --->   Operation 544 'partselect' 'trunc_ln46_18' <Predicate = (icmp_ln45_19)> <Delay = 0.00>
ST_1 : Operation 545 [1/1] (0.00ns) (grouped into LUT with out node add_ln46_19)   --->   "%tmp_114 = bitselect i1 @_ssdm_op_BitSelect.i1.i27.i32, i27 %data_19_val_read, i32 7" [firmware/nnet_utils/nnet_activation.h:46]   --->   Operation 545 'bitselect' 'tmp_114' <Predicate = (icmp_ln45_19)> <Delay = 0.00>
ST_1 : Operation 546 [1/1] (0.00ns)   --->   "%trunc_ln46_81 = trunc i27 %data_19_val_read" [firmware/nnet_utils/nnet_activation.h:46]   --->   Operation 546 'trunc' 'trunc_ln46_81' <Predicate = (icmp_ln45_19)> <Delay = 0.00>
ST_1 : Operation 547 [1/1] (0.70ns)   --->   "%icmp_ln46_38 = icmp_ne  i7 %trunc_ln46_81, i7 0" [firmware/nnet_utils/nnet_activation.h:46]   --->   Operation 547 'icmp' 'icmp_ln46_38' <Predicate = (icmp_ln45_19)> <Delay = 0.70> <CoreInst = "Cmp">   --->   Core 9 'Cmp' <Latency = 0> <II = 1> <Delay = 0.70> <FuncUnit> <Opcode : 'seteq' 'setne' 'setle' 'setge' 'setlt' 'setgt'> <InPorts = 2> <OutPorts = 1>
ST_1 : Operation 548 [1/1] (0.00ns) (grouped into LUT with out node empty_37)   --->   "%tmp_115 = bitselect i1 @_ssdm_op_BitSelect.i1.i27.i32, i27 %data_19_val_read, i32 13" [firmware/nnet_utils/nnet_activation.h:46]   --->   Operation 548 'bitselect' 'tmp_115' <Predicate = (icmp_ln45_19)> <Delay = 0.00>
ST_1 : Operation 549 [1/1] (0.00ns) (grouped into LUT with out node add_ln46_19)   --->   "%tmp_116 = bitselect i1 @_ssdm_op_BitSelect.i1.i27.i32, i27 %data_19_val_read, i32 8" [firmware/nnet_utils/nnet_activation.h:46]   --->   Operation 549 'bitselect' 'tmp_116' <Predicate = (icmp_ln45_19)> <Delay = 0.00>
ST_1 : Operation 550 [1/1] (0.00ns) (grouped into LUT with out node add_ln46_19)   --->   "%or_ln46_57 = or i1 %tmp_116, i1 %icmp_ln46_38" [firmware/nnet_utils/nnet_activation.h:46]   --->   Operation 550 'or' 'or_ln46_57' <Predicate = (icmp_ln45_19)> <Delay = 0.00> <CoreInst = "LogicGate">   --->   Core 74 'LogicGate' <Latency = 0> <II = 1> <Delay = 0.12> <FuncUnit> <Opcode : 'and' 'or' 'xor'> <InPorts = 2> <OutPorts = 1>
ST_1 : Operation 551 [1/1] (0.00ns) (grouped into LUT with out node add_ln46_19)   --->   "%and_ln46_38 = and i1 %or_ln46_57, i1 %tmp_114" [firmware/nnet_utils/nnet_activation.h:46]   --->   Operation 551 'and' 'and_ln46_38' <Predicate = (icmp_ln45_19)> <Delay = 0.00> <CoreInst = "LogicGate">   --->   Core 74 'LogicGate' <Latency = 0> <II = 1> <Delay = 0.12> <FuncUnit> <Opcode : 'and' 'or' 'xor'> <InPorts = 2> <OutPorts = 1>
ST_1 : Operation 552 [1/1] (0.00ns) (grouped into LUT with out node add_ln46_19)   --->   "%zext_ln46_19 = zext i1 %and_ln46_38" [firmware/nnet_utils/nnet_activation.h:46]   --->   Operation 552 'zext' 'zext_ln46_19' <Predicate = (icmp_ln45_19)> <Delay = 0.00>
ST_1 : Operation 553 [1/1] (0.70ns) (out node of the LUT)   --->   "%add_ln46_19 = add i6 %trunc_ln46_18, i6 %zext_ln46_19" [firmware/nnet_utils/nnet_activation.h:46]   --->   Operation 553 'add' 'add_ln46_19' <Predicate = (icmp_ln45_19)> <Delay = 0.70> <CoreInst = "Adder">   --->   Core 1 'Adder' <Latency = 0> <II = 1> <Delay = 0.70> <FuncUnit> <Opcode : 'add' 'sub'> <InPorts = 2> <OutPorts = 1>
ST_1 : Operation 554 [1/1] (0.00ns)   --->   "%tmp_117 = partselect i13 @_ssdm_op_PartSelect.i13.i27.i32.i32, i27 %data_19_val_read, i32 14, i32 26" [firmware/nnet_utils/nnet_activation.h:46]   --->   Operation 554 'partselect' 'tmp_117' <Predicate = (icmp_ln45_19)> <Delay = 0.00>
ST_1 : Operation 555 [1/1] (0.75ns)   --->   "%icmp_ln46_39 = icmp_eq  i13 %tmp_117, i13 0" [firmware/nnet_utils/nnet_activation.h:46]   --->   Operation 555 'icmp' 'icmp_ln46_39' <Predicate = (icmp_ln45_19)> <Delay = 0.75> <CoreInst = "Cmp">   --->   Core 9 'Cmp' <Latency = 0> <II = 1> <Delay = 0.75> <FuncUnit> <Opcode : 'seteq' 'setne' 'setle' 'setge' 'setlt' 'setgt'> <InPorts = 2> <OutPorts = 1>
ST_1 : Operation 556 [1/1] (0.00ns) (grouped into LUT with out node empty_37)   --->   "%tmp_118 = bitselect i1 @_ssdm_op_BitSelect.i1.i6.i32, i6 %add_ln46_19, i32 5" [firmware/nnet_utils/nnet_activation.h:46]   --->   Operation 556 'bitselect' 'tmp_118' <Predicate = (icmp_ln45_19)> <Delay = 0.00>
ST_1 : Operation 557 [1/1] (0.00ns) (grouped into LUT with out node empty_37)   --->   "%not_tmp_135 = xor i1 %tmp_115, i1 1" [firmware/nnet_utils/nnet_activation.h:46]   --->   Operation 557 'xor' 'not_tmp_135' <Predicate = (icmp_ln45_19)> <Delay = 0.00> <CoreInst = "LogicGate">   --->   Core 74 'LogicGate' <Latency = 0> <II = 1> <Delay = 0.12> <FuncUnit> <Opcode : 'and' 'or' 'xor'> <InPorts = 2> <OutPorts = 1>
ST_1 : Operation 558 [1/1] (0.00ns) (grouped into LUT with out node empty_37)   --->   "%and_ln46_39 = or i1 %tmp_118, i1 %not_tmp_135" [firmware/nnet_utils/nnet_activation.h:46]   --->   Operation 558 'or' 'and_ln46_39' <Predicate = (icmp_ln45_19)> <Delay = 0.00> <CoreInst = "LogicGate">   --->   Core 74 'LogicGate' <Latency = 0> <II = 1> <Delay = 0.12> <FuncUnit> <Opcode : 'and' 'or' 'xor'> <InPorts = 2> <OutPorts = 1>
ST_1 : Operation 559 [1/1] (0.12ns) (out node of the LUT)   --->   "%empty_37 = and i1 %icmp_ln46_39, i1 %and_ln46_39" [firmware/nnet_utils/nnet_activation.h:46]   --->   Operation 559 'and' 'empty_37' <Predicate = (icmp_ln45_19)> <Delay = 0.12> <CoreInst = "LogicGate">   --->   Core 74 'LogicGate' <Latency = 0> <II = 1> <Delay = 0.12> <FuncUnit> <Opcode : 'and' 'or' 'xor'> <InPorts = 2> <OutPorts = 1>
ST_1 : Operation 560 [1/1] (0.00ns) (grouped into LUT with out node select_ln46_58)   --->   "%or_ln46_58 = or i1 %empty_37, i1 %tmp_113" [firmware/nnet_utils/nnet_activation.h:46]   --->   Operation 560 'or' 'or_ln46_58' <Predicate = (or_ln46_59 & icmp_ln45_19)> <Delay = 0.00> <CoreInst = "LogicGate">   --->   Core 74 'LogicGate' <Latency = 0> <II = 1> <Delay = 0.12> <FuncUnit> <Opcode : 'and' 'or' 'xor'> <InPorts = 2> <OutPorts = 1>
ST_1 : Operation 561 [1/1] (0.00ns) (grouped into LUT with out node res_19_0)   --->   "%xor_ln46_19 = xor i1 %empty_37, i1 1" [firmware/nnet_utils/nnet_activation.h:46]   --->   Operation 561 'xor' 'xor_ln46_19' <Predicate = (icmp_ln45_19)> <Delay = 0.00> <CoreInst = "LogicGate">   --->   Core 74 'LogicGate' <Latency = 0> <II = 1> <Delay = 0.12> <FuncUnit> <Opcode : 'and' 'or' 'xor'> <InPorts = 2> <OutPorts = 1>
ST_1 : Operation 562 [1/1] (0.00ns) (grouped into LUT with out node res_19_0)   --->   "%or_ln46_59 = or i1 %tmp_113, i1 %xor_ln46_19" [firmware/nnet_utils/nnet_activation.h:46]   --->   Operation 562 'or' 'or_ln46_59' <Predicate = (icmp_ln45_19)> <Delay = 0.00> <CoreInst = "LogicGate">   --->   Core 74 'LogicGate' <Latency = 0> <II = 1> <Delay = 0.12> <FuncUnit> <Opcode : 'and' 'or' 'xor'> <InPorts = 2> <OutPorts = 1>
ST_1 : Operation 563 [1/1] (0.00ns) (grouped into LUT with out node select_ln46_58)   --->   "%select_ln46_57 = select i1 %tmp_113, i6 0, i6 %add_ln46_19" [firmware/nnet_utils/nnet_activation.h:46]   --->   Operation 563 'select' 'select_ln46_57' <Predicate = (or_ln46_58 & or_ln46_59 & icmp_ln45_19)> <Delay = 0.00> <CoreInst = "Sel">   --->   Core 73 'Sel' <Latency = 0> <II = 1> <Delay = 0.29> <FuncUnit> <Opcode : 'select'> <InPorts = 3> <OutPorts = 1>
ST_1 : Operation 564 [1/1] (0.29ns) (out node of the LUT)   --->   "%select_ln46_58 = select i1 %or_ln46_58, i6 %select_ln46_57, i6 63" [firmware/nnet_utils/nnet_activation.h:46]   --->   Operation 564 'select' 'select_ln46_58' <Predicate = (or_ln46_59 & icmp_ln45_19)> <Delay = 0.29> <CoreInst = "Sel">   --->   Core 73 'Sel' <Latency = 0> <II = 1> <Delay = 0.29> <FuncUnit> <Opcode : 'select'> <InPorts = 3> <OutPorts = 1>
ST_1 : Operation 565 [1/1] (0.00ns) (grouped into LUT with out node res_19_0)   --->   "%select_ln46_59 = select i1 %or_ln46_59, i6 %select_ln46_58, i6 %add_ln46_19" [firmware/nnet_utils/nnet_activation.h:46]   --->   Operation 565 'select' 'select_ln46_59' <Predicate = (icmp_ln45_19)> <Delay = 0.00> <CoreInst = "Sel">   --->   Core 73 'Sel' <Latency = 0> <II = 1> <Delay = 0.29> <FuncUnit> <Opcode : 'select'> <InPorts = 3> <OutPorts = 1>
ST_1 : Operation 566 [1/1] (0.29ns) (out node of the LUT)   --->   "%res_19_0 = select i1 %icmp_ln45_19, i6 %select_ln46_59, i6 0" [firmware/nnet_utils/nnet_activation.h:45]   --->   Operation 566 'select' 'res_19_0' <Predicate = true> <Delay = 0.29> <CoreInst = "Sel">   --->   Core 73 'Sel' <Latency = 0> <II = 1> <Delay = 0.29> <FuncUnit> <Opcode : 'select'> <InPorts = 3> <OutPorts = 1>
ST_1 : Operation 567 [1/1] (0.85ns)   --->   "%icmp_ln45_20 = icmp_sgt  i27 %data_20_val_read, i27 0" [firmware/nnet_utils/nnet_activation.h:45]   --->   Operation 567 'icmp' 'icmp_ln45_20' <Predicate = true> <Delay = 0.85> <CoreInst = "Cmp">   --->   Core 9 'Cmp' <Latency = 0> <II = 1> <Delay = 0.85> <FuncUnit> <Opcode : 'seteq' 'setne' 'setle' 'setge' 'setlt' 'setgt'> <InPorts = 2> <OutPorts = 1>
ST_1 : Operation 568 [1/1] (0.00ns)   --->   "%tmp_119 = bitselect i1 @_ssdm_op_BitSelect.i1.i27.i32, i27 %data_20_val_read, i32 26" [firmware/nnet_utils/nnet_activation.h:46]   --->   Operation 568 'bitselect' 'tmp_119' <Predicate = (icmp_ln45_20)> <Delay = 0.00>
ST_1 : Operation 569 [1/1] (0.00ns) (grouped into LUT with out node add_ln46_20)   --->   "%trunc_ln46_19 = partselect i6 @_ssdm_op_PartSelect.i6.i27.i32.i32, i27 %data_20_val_read, i32 8, i32 13" [firmware/nnet_utils/nnet_activation.h:46]   --->   Operation 569 'partselect' 'trunc_ln46_19' <Predicate = (icmp_ln45_20)> <Delay = 0.00>
ST_1 : Operation 570 [1/1] (0.00ns) (grouped into LUT with out node add_ln46_20)   --->   "%tmp_120 = bitselect i1 @_ssdm_op_BitSelect.i1.i27.i32, i27 %data_20_val_read, i32 7" [firmware/nnet_utils/nnet_activation.h:46]   --->   Operation 570 'bitselect' 'tmp_120' <Predicate = (icmp_ln45_20)> <Delay = 0.00>
ST_1 : Operation 571 [1/1] (0.00ns)   --->   "%trunc_ln46_82 = trunc i27 %data_20_val_read" [firmware/nnet_utils/nnet_activation.h:46]   --->   Operation 571 'trunc' 'trunc_ln46_82' <Predicate = (icmp_ln45_20)> <Delay = 0.00>
ST_1 : Operation 572 [1/1] (0.70ns)   --->   "%icmp_ln46_40 = icmp_ne  i7 %trunc_ln46_82, i7 0" [firmware/nnet_utils/nnet_activation.h:46]   --->   Operation 572 'icmp' 'icmp_ln46_40' <Predicate = (icmp_ln45_20)> <Delay = 0.70> <CoreInst = "Cmp">   --->   Core 9 'Cmp' <Latency = 0> <II = 1> <Delay = 0.70> <FuncUnit> <Opcode : 'seteq' 'setne' 'setle' 'setge' 'setlt' 'setgt'> <InPorts = 2> <OutPorts = 1>
ST_1 : Operation 573 [1/1] (0.00ns) (grouped into LUT with out node empty_38)   --->   "%tmp_121 = bitselect i1 @_ssdm_op_BitSelect.i1.i27.i32, i27 %data_20_val_read, i32 13" [firmware/nnet_utils/nnet_activation.h:46]   --->   Operation 573 'bitselect' 'tmp_121' <Predicate = (icmp_ln45_20)> <Delay = 0.00>
ST_1 : Operation 574 [1/1] (0.00ns) (grouped into LUT with out node add_ln46_20)   --->   "%tmp_122 = bitselect i1 @_ssdm_op_BitSelect.i1.i27.i32, i27 %data_20_val_read, i32 8" [firmware/nnet_utils/nnet_activation.h:46]   --->   Operation 574 'bitselect' 'tmp_122' <Predicate = (icmp_ln45_20)> <Delay = 0.00>
ST_1 : Operation 575 [1/1] (0.00ns) (grouped into LUT with out node add_ln46_20)   --->   "%or_ln46_60 = or i1 %tmp_122, i1 %icmp_ln46_40" [firmware/nnet_utils/nnet_activation.h:46]   --->   Operation 575 'or' 'or_ln46_60' <Predicate = (icmp_ln45_20)> <Delay = 0.00> <CoreInst = "LogicGate">   --->   Core 74 'LogicGate' <Latency = 0> <II = 1> <Delay = 0.12> <FuncUnit> <Opcode : 'and' 'or' 'xor'> <InPorts = 2> <OutPorts = 1>
ST_1 : Operation 576 [1/1] (0.00ns) (grouped into LUT with out node add_ln46_20)   --->   "%and_ln46_40 = and i1 %or_ln46_60, i1 %tmp_120" [firmware/nnet_utils/nnet_activation.h:46]   --->   Operation 576 'and' 'and_ln46_40' <Predicate = (icmp_ln45_20)> <Delay = 0.00> <CoreInst = "LogicGate">   --->   Core 74 'LogicGate' <Latency = 0> <II = 1> <Delay = 0.12> <FuncUnit> <Opcode : 'and' 'or' 'xor'> <InPorts = 2> <OutPorts = 1>
ST_1 : Operation 577 [1/1] (0.00ns) (grouped into LUT with out node add_ln46_20)   --->   "%zext_ln46_20 = zext i1 %and_ln46_40" [firmware/nnet_utils/nnet_activation.h:46]   --->   Operation 577 'zext' 'zext_ln46_20' <Predicate = (icmp_ln45_20)> <Delay = 0.00>
ST_1 : Operation 578 [1/1] (0.70ns) (out node of the LUT)   --->   "%add_ln46_20 = add i6 %trunc_ln46_19, i6 %zext_ln46_20" [firmware/nnet_utils/nnet_activation.h:46]   --->   Operation 578 'add' 'add_ln46_20' <Predicate = (icmp_ln45_20)> <Delay = 0.70> <CoreInst = "Adder">   --->   Core 1 'Adder' <Latency = 0> <II = 1> <Delay = 0.70> <FuncUnit> <Opcode : 'add' 'sub'> <InPorts = 2> <OutPorts = 1>
ST_1 : Operation 579 [1/1] (0.00ns)   --->   "%tmp_123 = partselect i13 @_ssdm_op_PartSelect.i13.i27.i32.i32, i27 %data_20_val_read, i32 14, i32 26" [firmware/nnet_utils/nnet_activation.h:46]   --->   Operation 579 'partselect' 'tmp_123' <Predicate = (icmp_ln45_20)> <Delay = 0.00>
ST_1 : Operation 580 [1/1] (0.75ns)   --->   "%icmp_ln46_41 = icmp_eq  i13 %tmp_123, i13 0" [firmware/nnet_utils/nnet_activation.h:46]   --->   Operation 580 'icmp' 'icmp_ln46_41' <Predicate = (icmp_ln45_20)> <Delay = 0.75> <CoreInst = "Cmp">   --->   Core 9 'Cmp' <Latency = 0> <II = 1> <Delay = 0.75> <FuncUnit> <Opcode : 'seteq' 'setne' 'setle' 'setge' 'setlt' 'setgt'> <InPorts = 2> <OutPorts = 1>
ST_1 : Operation 581 [1/1] (0.00ns) (grouped into LUT with out node empty_38)   --->   "%tmp_124 = bitselect i1 @_ssdm_op_BitSelect.i1.i6.i32, i6 %add_ln46_20, i32 5" [firmware/nnet_utils/nnet_activation.h:46]   --->   Operation 581 'bitselect' 'tmp_124' <Predicate = (icmp_ln45_20)> <Delay = 0.00>
ST_1 : Operation 582 [1/1] (0.00ns) (grouped into LUT with out node empty_38)   --->   "%not_tmp_142 = xor i1 %tmp_121, i1 1" [firmware/nnet_utils/nnet_activation.h:46]   --->   Operation 582 'xor' 'not_tmp_142' <Predicate = (icmp_ln45_20)> <Delay = 0.00> <CoreInst = "LogicGate">   --->   Core 74 'LogicGate' <Latency = 0> <II = 1> <Delay = 0.12> <FuncUnit> <Opcode : 'and' 'or' 'xor'> <InPorts = 2> <OutPorts = 1>
ST_1 : Operation 583 [1/1] (0.00ns) (grouped into LUT with out node empty_38)   --->   "%and_ln46_41 = or i1 %tmp_124, i1 %not_tmp_142" [firmware/nnet_utils/nnet_activation.h:46]   --->   Operation 583 'or' 'and_ln46_41' <Predicate = (icmp_ln45_20)> <Delay = 0.00> <CoreInst = "LogicGate">   --->   Core 74 'LogicGate' <Latency = 0> <II = 1> <Delay = 0.12> <FuncUnit> <Opcode : 'and' 'or' 'xor'> <InPorts = 2> <OutPorts = 1>
ST_1 : Operation 584 [1/1] (0.12ns) (out node of the LUT)   --->   "%empty_38 = and i1 %icmp_ln46_41, i1 %and_ln46_41" [firmware/nnet_utils/nnet_activation.h:46]   --->   Operation 584 'and' 'empty_38' <Predicate = (icmp_ln45_20)> <Delay = 0.12> <CoreInst = "LogicGate">   --->   Core 74 'LogicGate' <Latency = 0> <II = 1> <Delay = 0.12> <FuncUnit> <Opcode : 'and' 'or' 'xor'> <InPorts = 2> <OutPorts = 1>
ST_1 : Operation 585 [1/1] (0.00ns) (grouped into LUT with out node select_ln46_61)   --->   "%or_ln46_61 = or i1 %empty_38, i1 %tmp_119" [firmware/nnet_utils/nnet_activation.h:46]   --->   Operation 585 'or' 'or_ln46_61' <Predicate = (or_ln46_62 & icmp_ln45_20)> <Delay = 0.00> <CoreInst = "LogicGate">   --->   Core 74 'LogicGate' <Latency = 0> <II = 1> <Delay = 0.12> <FuncUnit> <Opcode : 'and' 'or' 'xor'> <InPorts = 2> <OutPorts = 1>
ST_1 : Operation 586 [1/1] (0.00ns) (grouped into LUT with out node res_20_0)   --->   "%xor_ln46_20 = xor i1 %empty_38, i1 1" [firmware/nnet_utils/nnet_activation.h:46]   --->   Operation 586 'xor' 'xor_ln46_20' <Predicate = (icmp_ln45_20)> <Delay = 0.00> <CoreInst = "LogicGate">   --->   Core 74 'LogicGate' <Latency = 0> <II = 1> <Delay = 0.12> <FuncUnit> <Opcode : 'and' 'or' 'xor'> <InPorts = 2> <OutPorts = 1>
ST_1 : Operation 587 [1/1] (0.00ns) (grouped into LUT with out node res_20_0)   --->   "%or_ln46_62 = or i1 %tmp_119, i1 %xor_ln46_20" [firmware/nnet_utils/nnet_activation.h:46]   --->   Operation 587 'or' 'or_ln46_62' <Predicate = (icmp_ln45_20)> <Delay = 0.00> <CoreInst = "LogicGate">   --->   Core 74 'LogicGate' <Latency = 0> <II = 1> <Delay = 0.12> <FuncUnit> <Opcode : 'and' 'or' 'xor'> <InPorts = 2> <OutPorts = 1>
ST_1 : Operation 588 [1/1] (0.00ns) (grouped into LUT with out node select_ln46_61)   --->   "%select_ln46_60 = select i1 %tmp_119, i6 0, i6 %add_ln46_20" [firmware/nnet_utils/nnet_activation.h:46]   --->   Operation 588 'select' 'select_ln46_60' <Predicate = (or_ln46_61 & or_ln46_62 & icmp_ln45_20)> <Delay = 0.00> <CoreInst = "Sel">   --->   Core 73 'Sel' <Latency = 0> <II = 1> <Delay = 0.29> <FuncUnit> <Opcode : 'select'> <InPorts = 3> <OutPorts = 1>
ST_1 : Operation 589 [1/1] (0.29ns) (out node of the LUT)   --->   "%select_ln46_61 = select i1 %or_ln46_61, i6 %select_ln46_60, i6 63" [firmware/nnet_utils/nnet_activation.h:46]   --->   Operation 589 'select' 'select_ln46_61' <Predicate = (or_ln46_62 & icmp_ln45_20)> <Delay = 0.29> <CoreInst = "Sel">   --->   Core 73 'Sel' <Latency = 0> <II = 1> <Delay = 0.29> <FuncUnit> <Opcode : 'select'> <InPorts = 3> <OutPorts = 1>
ST_1 : Operation 590 [1/1] (0.00ns) (grouped into LUT with out node res_20_0)   --->   "%select_ln46_62 = select i1 %or_ln46_62, i6 %select_ln46_61, i6 %add_ln46_20" [firmware/nnet_utils/nnet_activation.h:46]   --->   Operation 590 'select' 'select_ln46_62' <Predicate = (icmp_ln45_20)> <Delay = 0.00> <CoreInst = "Sel">   --->   Core 73 'Sel' <Latency = 0> <II = 1> <Delay = 0.29> <FuncUnit> <Opcode : 'select'> <InPorts = 3> <OutPorts = 1>
ST_1 : Operation 591 [1/1] (0.29ns) (out node of the LUT)   --->   "%res_20_0 = select i1 %icmp_ln45_20, i6 %select_ln46_62, i6 0" [firmware/nnet_utils/nnet_activation.h:45]   --->   Operation 591 'select' 'res_20_0' <Predicate = true> <Delay = 0.29> <CoreInst = "Sel">   --->   Core 73 'Sel' <Latency = 0> <II = 1> <Delay = 0.29> <FuncUnit> <Opcode : 'select'> <InPorts = 3> <OutPorts = 1>
ST_1 : Operation 592 [1/1] (0.85ns)   --->   "%icmp_ln45_21 = icmp_sgt  i27 %data_21_val_read, i27 0" [firmware/nnet_utils/nnet_activation.h:45]   --->   Operation 592 'icmp' 'icmp_ln45_21' <Predicate = true> <Delay = 0.85> <CoreInst = "Cmp">   --->   Core 9 'Cmp' <Latency = 0> <II = 1> <Delay = 0.85> <FuncUnit> <Opcode : 'seteq' 'setne' 'setle' 'setge' 'setlt' 'setgt'> <InPorts = 2> <OutPorts = 1>
ST_1 : Operation 593 [1/1] (0.00ns)   --->   "%tmp_125 = bitselect i1 @_ssdm_op_BitSelect.i1.i27.i32, i27 %data_21_val_read, i32 26" [firmware/nnet_utils/nnet_activation.h:46]   --->   Operation 593 'bitselect' 'tmp_125' <Predicate = (icmp_ln45_21)> <Delay = 0.00>
ST_1 : Operation 594 [1/1] (0.00ns) (grouped into LUT with out node add_ln46_21)   --->   "%trunc_ln46_20 = partselect i6 @_ssdm_op_PartSelect.i6.i27.i32.i32, i27 %data_21_val_read, i32 8, i32 13" [firmware/nnet_utils/nnet_activation.h:46]   --->   Operation 594 'partselect' 'trunc_ln46_20' <Predicate = (icmp_ln45_21)> <Delay = 0.00>
ST_1 : Operation 595 [1/1] (0.00ns) (grouped into LUT with out node add_ln46_21)   --->   "%tmp_126 = bitselect i1 @_ssdm_op_BitSelect.i1.i27.i32, i27 %data_21_val_read, i32 7" [firmware/nnet_utils/nnet_activation.h:46]   --->   Operation 595 'bitselect' 'tmp_126' <Predicate = (icmp_ln45_21)> <Delay = 0.00>
ST_1 : Operation 596 [1/1] (0.00ns)   --->   "%trunc_ln46_83 = trunc i27 %data_21_val_read" [firmware/nnet_utils/nnet_activation.h:46]   --->   Operation 596 'trunc' 'trunc_ln46_83' <Predicate = (icmp_ln45_21)> <Delay = 0.00>
ST_1 : Operation 597 [1/1] (0.70ns)   --->   "%icmp_ln46_42 = icmp_ne  i7 %trunc_ln46_83, i7 0" [firmware/nnet_utils/nnet_activation.h:46]   --->   Operation 597 'icmp' 'icmp_ln46_42' <Predicate = (icmp_ln45_21)> <Delay = 0.70> <CoreInst = "Cmp">   --->   Core 9 'Cmp' <Latency = 0> <II = 1> <Delay = 0.70> <FuncUnit> <Opcode : 'seteq' 'setne' 'setle' 'setge' 'setlt' 'setgt'> <InPorts = 2> <OutPorts = 1>
ST_1 : Operation 598 [1/1] (0.00ns) (grouped into LUT with out node empty_39)   --->   "%tmp_127 = bitselect i1 @_ssdm_op_BitSelect.i1.i27.i32, i27 %data_21_val_read, i32 13" [firmware/nnet_utils/nnet_activation.h:46]   --->   Operation 598 'bitselect' 'tmp_127' <Predicate = (icmp_ln45_21)> <Delay = 0.00>
ST_1 : Operation 599 [1/1] (0.00ns) (grouped into LUT with out node add_ln46_21)   --->   "%tmp_128 = bitselect i1 @_ssdm_op_BitSelect.i1.i27.i32, i27 %data_21_val_read, i32 8" [firmware/nnet_utils/nnet_activation.h:46]   --->   Operation 599 'bitselect' 'tmp_128' <Predicate = (icmp_ln45_21)> <Delay = 0.00>
ST_1 : Operation 600 [1/1] (0.00ns) (grouped into LUT with out node add_ln46_21)   --->   "%or_ln46_63 = or i1 %tmp_128, i1 %icmp_ln46_42" [firmware/nnet_utils/nnet_activation.h:46]   --->   Operation 600 'or' 'or_ln46_63' <Predicate = (icmp_ln45_21)> <Delay = 0.00> <CoreInst = "LogicGate">   --->   Core 74 'LogicGate' <Latency = 0> <II = 1> <Delay = 0.12> <FuncUnit> <Opcode : 'and' 'or' 'xor'> <InPorts = 2> <OutPorts = 1>
ST_1 : Operation 601 [1/1] (0.00ns) (grouped into LUT with out node add_ln46_21)   --->   "%and_ln46_42 = and i1 %or_ln46_63, i1 %tmp_126" [firmware/nnet_utils/nnet_activation.h:46]   --->   Operation 601 'and' 'and_ln46_42' <Predicate = (icmp_ln45_21)> <Delay = 0.00> <CoreInst = "LogicGate">   --->   Core 74 'LogicGate' <Latency = 0> <II = 1> <Delay = 0.12> <FuncUnit> <Opcode : 'and' 'or' 'xor'> <InPorts = 2> <OutPorts = 1>
ST_1 : Operation 602 [1/1] (0.00ns) (grouped into LUT with out node add_ln46_21)   --->   "%zext_ln46_21 = zext i1 %and_ln46_42" [firmware/nnet_utils/nnet_activation.h:46]   --->   Operation 602 'zext' 'zext_ln46_21' <Predicate = (icmp_ln45_21)> <Delay = 0.00>
ST_1 : Operation 603 [1/1] (0.70ns) (out node of the LUT)   --->   "%add_ln46_21 = add i6 %trunc_ln46_20, i6 %zext_ln46_21" [firmware/nnet_utils/nnet_activation.h:46]   --->   Operation 603 'add' 'add_ln46_21' <Predicate = (icmp_ln45_21)> <Delay = 0.70> <CoreInst = "Adder">   --->   Core 1 'Adder' <Latency = 0> <II = 1> <Delay = 0.70> <FuncUnit> <Opcode : 'add' 'sub'> <InPorts = 2> <OutPorts = 1>
ST_1 : Operation 604 [1/1] (0.00ns)   --->   "%tmp_129 = partselect i13 @_ssdm_op_PartSelect.i13.i27.i32.i32, i27 %data_21_val_read, i32 14, i32 26" [firmware/nnet_utils/nnet_activation.h:46]   --->   Operation 604 'partselect' 'tmp_129' <Predicate = (icmp_ln45_21)> <Delay = 0.00>
ST_1 : Operation 605 [1/1] (0.75ns)   --->   "%icmp_ln46_43 = icmp_eq  i13 %tmp_129, i13 0" [firmware/nnet_utils/nnet_activation.h:46]   --->   Operation 605 'icmp' 'icmp_ln46_43' <Predicate = (icmp_ln45_21)> <Delay = 0.75> <CoreInst = "Cmp">   --->   Core 9 'Cmp' <Latency = 0> <II = 1> <Delay = 0.75> <FuncUnit> <Opcode : 'seteq' 'setne' 'setle' 'setge' 'setlt' 'setgt'> <InPorts = 2> <OutPorts = 1>
ST_1 : Operation 606 [1/1] (0.00ns) (grouped into LUT with out node empty_39)   --->   "%tmp_130 = bitselect i1 @_ssdm_op_BitSelect.i1.i6.i32, i6 %add_ln46_21, i32 5" [firmware/nnet_utils/nnet_activation.h:46]   --->   Operation 606 'bitselect' 'tmp_130' <Predicate = (icmp_ln45_21)> <Delay = 0.00>
ST_1 : Operation 607 [1/1] (0.00ns) (grouped into LUT with out node empty_39)   --->   "%not_tmp_149 = xor i1 %tmp_127, i1 1" [firmware/nnet_utils/nnet_activation.h:46]   --->   Operation 607 'xor' 'not_tmp_149' <Predicate = (icmp_ln45_21)> <Delay = 0.00> <CoreInst = "LogicGate">   --->   Core 74 'LogicGate' <Latency = 0> <II = 1> <Delay = 0.12> <FuncUnit> <Opcode : 'and' 'or' 'xor'> <InPorts = 2> <OutPorts = 1>
ST_1 : Operation 608 [1/1] (0.00ns) (grouped into LUT with out node empty_39)   --->   "%and_ln46_43 = or i1 %tmp_130, i1 %not_tmp_149" [firmware/nnet_utils/nnet_activation.h:46]   --->   Operation 608 'or' 'and_ln46_43' <Predicate = (icmp_ln45_21)> <Delay = 0.00> <CoreInst = "LogicGate">   --->   Core 74 'LogicGate' <Latency = 0> <II = 1> <Delay = 0.12> <FuncUnit> <Opcode : 'and' 'or' 'xor'> <InPorts = 2> <OutPorts = 1>
ST_1 : Operation 609 [1/1] (0.12ns) (out node of the LUT)   --->   "%empty_39 = and i1 %icmp_ln46_43, i1 %and_ln46_43" [firmware/nnet_utils/nnet_activation.h:46]   --->   Operation 609 'and' 'empty_39' <Predicate = (icmp_ln45_21)> <Delay = 0.12> <CoreInst = "LogicGate">   --->   Core 74 'LogicGate' <Latency = 0> <II = 1> <Delay = 0.12> <FuncUnit> <Opcode : 'and' 'or' 'xor'> <InPorts = 2> <OutPorts = 1>
ST_1 : Operation 610 [1/1] (0.00ns) (grouped into LUT with out node select_ln46_64)   --->   "%or_ln46_64 = or i1 %empty_39, i1 %tmp_125" [firmware/nnet_utils/nnet_activation.h:46]   --->   Operation 610 'or' 'or_ln46_64' <Predicate = (or_ln46_65 & icmp_ln45_21)> <Delay = 0.00> <CoreInst = "LogicGate">   --->   Core 74 'LogicGate' <Latency = 0> <II = 1> <Delay = 0.12> <FuncUnit> <Opcode : 'and' 'or' 'xor'> <InPorts = 2> <OutPorts = 1>
ST_1 : Operation 611 [1/1] (0.00ns) (grouped into LUT with out node res_21_0)   --->   "%xor_ln46_21 = xor i1 %empty_39, i1 1" [firmware/nnet_utils/nnet_activation.h:46]   --->   Operation 611 'xor' 'xor_ln46_21' <Predicate = (icmp_ln45_21)> <Delay = 0.00> <CoreInst = "LogicGate">   --->   Core 74 'LogicGate' <Latency = 0> <II = 1> <Delay = 0.12> <FuncUnit> <Opcode : 'and' 'or' 'xor'> <InPorts = 2> <OutPorts = 1>
ST_1 : Operation 612 [1/1] (0.00ns) (grouped into LUT with out node res_21_0)   --->   "%or_ln46_65 = or i1 %tmp_125, i1 %xor_ln46_21" [firmware/nnet_utils/nnet_activation.h:46]   --->   Operation 612 'or' 'or_ln46_65' <Predicate = (icmp_ln45_21)> <Delay = 0.00> <CoreInst = "LogicGate">   --->   Core 74 'LogicGate' <Latency = 0> <II = 1> <Delay = 0.12> <FuncUnit> <Opcode : 'and' 'or' 'xor'> <InPorts = 2> <OutPorts = 1>
ST_1 : Operation 613 [1/1] (0.00ns) (grouped into LUT with out node select_ln46_64)   --->   "%select_ln46_63 = select i1 %tmp_125, i6 0, i6 %add_ln46_21" [firmware/nnet_utils/nnet_activation.h:46]   --->   Operation 613 'select' 'select_ln46_63' <Predicate = (or_ln46_64 & or_ln46_65 & icmp_ln45_21)> <Delay = 0.00> <CoreInst = "Sel">   --->   Core 73 'Sel' <Latency = 0> <II = 1> <Delay = 0.29> <FuncUnit> <Opcode : 'select'> <InPorts = 3> <OutPorts = 1>
ST_1 : Operation 614 [1/1] (0.29ns) (out node of the LUT)   --->   "%select_ln46_64 = select i1 %or_ln46_64, i6 %select_ln46_63, i6 63" [firmware/nnet_utils/nnet_activation.h:46]   --->   Operation 614 'select' 'select_ln46_64' <Predicate = (or_ln46_65 & icmp_ln45_21)> <Delay = 0.29> <CoreInst = "Sel">   --->   Core 73 'Sel' <Latency = 0> <II = 1> <Delay = 0.29> <FuncUnit> <Opcode : 'select'> <InPorts = 3> <OutPorts = 1>
ST_1 : Operation 615 [1/1] (0.00ns) (grouped into LUT with out node res_21_0)   --->   "%select_ln46_65 = select i1 %or_ln46_65, i6 %select_ln46_64, i6 %add_ln46_21" [firmware/nnet_utils/nnet_activation.h:46]   --->   Operation 615 'select' 'select_ln46_65' <Predicate = (icmp_ln45_21)> <Delay = 0.00> <CoreInst = "Sel">   --->   Core 73 'Sel' <Latency = 0> <II = 1> <Delay = 0.29> <FuncUnit> <Opcode : 'select'> <InPorts = 3> <OutPorts = 1>
ST_1 : Operation 616 [1/1] (0.29ns) (out node of the LUT)   --->   "%res_21_0 = select i1 %icmp_ln45_21, i6 %select_ln46_65, i6 0" [firmware/nnet_utils/nnet_activation.h:45]   --->   Operation 616 'select' 'res_21_0' <Predicate = true> <Delay = 0.29> <CoreInst = "Sel">   --->   Core 73 'Sel' <Latency = 0> <II = 1> <Delay = 0.29> <FuncUnit> <Opcode : 'select'> <InPorts = 3> <OutPorts = 1>
ST_1 : Operation 617 [1/1] (0.85ns)   --->   "%icmp_ln45_22 = icmp_sgt  i27 %data_22_val_read, i27 0" [firmware/nnet_utils/nnet_activation.h:45]   --->   Operation 617 'icmp' 'icmp_ln45_22' <Predicate = true> <Delay = 0.85> <CoreInst = "Cmp">   --->   Core 9 'Cmp' <Latency = 0> <II = 1> <Delay = 0.85> <FuncUnit> <Opcode : 'seteq' 'setne' 'setle' 'setge' 'setlt' 'setgt'> <InPorts = 2> <OutPorts = 1>
ST_1 : Operation 618 [1/1] (0.00ns)   --->   "%tmp_131 = bitselect i1 @_ssdm_op_BitSelect.i1.i27.i32, i27 %data_22_val_read, i32 26" [firmware/nnet_utils/nnet_activation.h:46]   --->   Operation 618 'bitselect' 'tmp_131' <Predicate = (icmp_ln45_22)> <Delay = 0.00>
ST_1 : Operation 619 [1/1] (0.00ns) (grouped into LUT with out node add_ln46_22)   --->   "%trunc_ln46_21 = partselect i6 @_ssdm_op_PartSelect.i6.i27.i32.i32, i27 %data_22_val_read, i32 8, i32 13" [firmware/nnet_utils/nnet_activation.h:46]   --->   Operation 619 'partselect' 'trunc_ln46_21' <Predicate = (icmp_ln45_22)> <Delay = 0.00>
ST_1 : Operation 620 [1/1] (0.00ns) (grouped into LUT with out node add_ln46_22)   --->   "%tmp_132 = bitselect i1 @_ssdm_op_BitSelect.i1.i27.i32, i27 %data_22_val_read, i32 7" [firmware/nnet_utils/nnet_activation.h:46]   --->   Operation 620 'bitselect' 'tmp_132' <Predicate = (icmp_ln45_22)> <Delay = 0.00>
ST_1 : Operation 621 [1/1] (0.00ns)   --->   "%trunc_ln46_84 = trunc i27 %data_22_val_read" [firmware/nnet_utils/nnet_activation.h:46]   --->   Operation 621 'trunc' 'trunc_ln46_84' <Predicate = (icmp_ln45_22)> <Delay = 0.00>
ST_1 : Operation 622 [1/1] (0.70ns)   --->   "%icmp_ln46_44 = icmp_ne  i7 %trunc_ln46_84, i7 0" [firmware/nnet_utils/nnet_activation.h:46]   --->   Operation 622 'icmp' 'icmp_ln46_44' <Predicate = (icmp_ln45_22)> <Delay = 0.70> <CoreInst = "Cmp">   --->   Core 9 'Cmp' <Latency = 0> <II = 1> <Delay = 0.70> <FuncUnit> <Opcode : 'seteq' 'setne' 'setle' 'setge' 'setlt' 'setgt'> <InPorts = 2> <OutPorts = 1>
ST_1 : Operation 623 [1/1] (0.00ns) (grouped into LUT with out node empty_40)   --->   "%tmp_133 = bitselect i1 @_ssdm_op_BitSelect.i1.i27.i32, i27 %data_22_val_read, i32 13" [firmware/nnet_utils/nnet_activation.h:46]   --->   Operation 623 'bitselect' 'tmp_133' <Predicate = (icmp_ln45_22)> <Delay = 0.00>
ST_1 : Operation 624 [1/1] (0.00ns) (grouped into LUT with out node add_ln46_22)   --->   "%tmp_134 = bitselect i1 @_ssdm_op_BitSelect.i1.i27.i32, i27 %data_22_val_read, i32 8" [firmware/nnet_utils/nnet_activation.h:46]   --->   Operation 624 'bitselect' 'tmp_134' <Predicate = (icmp_ln45_22)> <Delay = 0.00>
ST_1 : Operation 625 [1/1] (0.00ns) (grouped into LUT with out node add_ln46_22)   --->   "%or_ln46_66 = or i1 %tmp_134, i1 %icmp_ln46_44" [firmware/nnet_utils/nnet_activation.h:46]   --->   Operation 625 'or' 'or_ln46_66' <Predicate = (icmp_ln45_22)> <Delay = 0.00> <CoreInst = "LogicGate">   --->   Core 74 'LogicGate' <Latency = 0> <II = 1> <Delay = 0.12> <FuncUnit> <Opcode : 'and' 'or' 'xor'> <InPorts = 2> <OutPorts = 1>
ST_1 : Operation 626 [1/1] (0.00ns) (grouped into LUT with out node add_ln46_22)   --->   "%and_ln46_44 = and i1 %or_ln46_66, i1 %tmp_132" [firmware/nnet_utils/nnet_activation.h:46]   --->   Operation 626 'and' 'and_ln46_44' <Predicate = (icmp_ln45_22)> <Delay = 0.00> <CoreInst = "LogicGate">   --->   Core 74 'LogicGate' <Latency = 0> <II = 1> <Delay = 0.12> <FuncUnit> <Opcode : 'and' 'or' 'xor'> <InPorts = 2> <OutPorts = 1>
ST_1 : Operation 627 [1/1] (0.00ns) (grouped into LUT with out node add_ln46_22)   --->   "%zext_ln46_22 = zext i1 %and_ln46_44" [firmware/nnet_utils/nnet_activation.h:46]   --->   Operation 627 'zext' 'zext_ln46_22' <Predicate = (icmp_ln45_22)> <Delay = 0.00>
ST_1 : Operation 628 [1/1] (0.70ns) (out node of the LUT)   --->   "%add_ln46_22 = add i6 %trunc_ln46_21, i6 %zext_ln46_22" [firmware/nnet_utils/nnet_activation.h:46]   --->   Operation 628 'add' 'add_ln46_22' <Predicate = (icmp_ln45_22)> <Delay = 0.70> <CoreInst = "Adder">   --->   Core 1 'Adder' <Latency = 0> <II = 1> <Delay = 0.70> <FuncUnit> <Opcode : 'add' 'sub'> <InPorts = 2> <OutPorts = 1>
ST_1 : Operation 629 [1/1] (0.00ns)   --->   "%tmp_135 = partselect i13 @_ssdm_op_PartSelect.i13.i27.i32.i32, i27 %data_22_val_read, i32 14, i32 26" [firmware/nnet_utils/nnet_activation.h:46]   --->   Operation 629 'partselect' 'tmp_135' <Predicate = (icmp_ln45_22)> <Delay = 0.00>
ST_1 : Operation 630 [1/1] (0.75ns)   --->   "%icmp_ln46_45 = icmp_eq  i13 %tmp_135, i13 0" [firmware/nnet_utils/nnet_activation.h:46]   --->   Operation 630 'icmp' 'icmp_ln46_45' <Predicate = (icmp_ln45_22)> <Delay = 0.75> <CoreInst = "Cmp">   --->   Core 9 'Cmp' <Latency = 0> <II = 1> <Delay = 0.75> <FuncUnit> <Opcode : 'seteq' 'setne' 'setle' 'setge' 'setlt' 'setgt'> <InPorts = 2> <OutPorts = 1>
ST_1 : Operation 631 [1/1] (0.00ns) (grouped into LUT with out node empty_40)   --->   "%tmp_136 = bitselect i1 @_ssdm_op_BitSelect.i1.i6.i32, i6 %add_ln46_22, i32 5" [firmware/nnet_utils/nnet_activation.h:46]   --->   Operation 631 'bitselect' 'tmp_136' <Predicate = (icmp_ln45_22)> <Delay = 0.00>
ST_1 : Operation 632 [1/1] (0.00ns) (grouped into LUT with out node empty_40)   --->   "%not_tmp_156 = xor i1 %tmp_133, i1 1" [firmware/nnet_utils/nnet_activation.h:46]   --->   Operation 632 'xor' 'not_tmp_156' <Predicate = (icmp_ln45_22)> <Delay = 0.00> <CoreInst = "LogicGate">   --->   Core 74 'LogicGate' <Latency = 0> <II = 1> <Delay = 0.12> <FuncUnit> <Opcode : 'and' 'or' 'xor'> <InPorts = 2> <OutPorts = 1>
ST_1 : Operation 633 [1/1] (0.00ns) (grouped into LUT with out node empty_40)   --->   "%and_ln46_45 = or i1 %tmp_136, i1 %not_tmp_156" [firmware/nnet_utils/nnet_activation.h:46]   --->   Operation 633 'or' 'and_ln46_45' <Predicate = (icmp_ln45_22)> <Delay = 0.00> <CoreInst = "LogicGate">   --->   Core 74 'LogicGate' <Latency = 0> <II = 1> <Delay = 0.12> <FuncUnit> <Opcode : 'and' 'or' 'xor'> <InPorts = 2> <OutPorts = 1>
ST_1 : Operation 634 [1/1] (0.12ns) (out node of the LUT)   --->   "%empty_40 = and i1 %icmp_ln46_45, i1 %and_ln46_45" [firmware/nnet_utils/nnet_activation.h:46]   --->   Operation 634 'and' 'empty_40' <Predicate = (icmp_ln45_22)> <Delay = 0.12> <CoreInst = "LogicGate">   --->   Core 74 'LogicGate' <Latency = 0> <II = 1> <Delay = 0.12> <FuncUnit> <Opcode : 'and' 'or' 'xor'> <InPorts = 2> <OutPorts = 1>
ST_1 : Operation 635 [1/1] (0.00ns) (grouped into LUT with out node select_ln46_67)   --->   "%or_ln46_67 = or i1 %empty_40, i1 %tmp_131" [firmware/nnet_utils/nnet_activation.h:46]   --->   Operation 635 'or' 'or_ln46_67' <Predicate = (or_ln46_68 & icmp_ln45_22)> <Delay = 0.00> <CoreInst = "LogicGate">   --->   Core 74 'LogicGate' <Latency = 0> <II = 1> <Delay = 0.12> <FuncUnit> <Opcode : 'and' 'or' 'xor'> <InPorts = 2> <OutPorts = 1>
ST_1 : Operation 636 [1/1] (0.00ns) (grouped into LUT with out node res_22_0)   --->   "%xor_ln46_22 = xor i1 %empty_40, i1 1" [firmware/nnet_utils/nnet_activation.h:46]   --->   Operation 636 'xor' 'xor_ln46_22' <Predicate = (icmp_ln45_22)> <Delay = 0.00> <CoreInst = "LogicGate">   --->   Core 74 'LogicGate' <Latency = 0> <II = 1> <Delay = 0.12> <FuncUnit> <Opcode : 'and' 'or' 'xor'> <InPorts = 2> <OutPorts = 1>
ST_1 : Operation 637 [1/1] (0.00ns) (grouped into LUT with out node res_22_0)   --->   "%or_ln46_68 = or i1 %tmp_131, i1 %xor_ln46_22" [firmware/nnet_utils/nnet_activation.h:46]   --->   Operation 637 'or' 'or_ln46_68' <Predicate = (icmp_ln45_22)> <Delay = 0.00> <CoreInst = "LogicGate">   --->   Core 74 'LogicGate' <Latency = 0> <II = 1> <Delay = 0.12> <FuncUnit> <Opcode : 'and' 'or' 'xor'> <InPorts = 2> <OutPorts = 1>
ST_1 : Operation 638 [1/1] (0.00ns) (grouped into LUT with out node select_ln46_67)   --->   "%select_ln46_66 = select i1 %tmp_131, i6 0, i6 %add_ln46_22" [firmware/nnet_utils/nnet_activation.h:46]   --->   Operation 638 'select' 'select_ln46_66' <Predicate = (or_ln46_67 & or_ln46_68 & icmp_ln45_22)> <Delay = 0.00> <CoreInst = "Sel">   --->   Core 73 'Sel' <Latency = 0> <II = 1> <Delay = 0.29> <FuncUnit> <Opcode : 'select'> <InPorts = 3> <OutPorts = 1>
ST_1 : Operation 639 [1/1] (0.29ns) (out node of the LUT)   --->   "%select_ln46_67 = select i1 %or_ln46_67, i6 %select_ln46_66, i6 63" [firmware/nnet_utils/nnet_activation.h:46]   --->   Operation 639 'select' 'select_ln46_67' <Predicate = (or_ln46_68 & icmp_ln45_22)> <Delay = 0.29> <CoreInst = "Sel">   --->   Core 73 'Sel' <Latency = 0> <II = 1> <Delay = 0.29> <FuncUnit> <Opcode : 'select'> <InPorts = 3> <OutPorts = 1>
ST_1 : Operation 640 [1/1] (0.00ns) (grouped into LUT with out node res_22_0)   --->   "%select_ln46_68 = select i1 %or_ln46_68, i6 %select_ln46_67, i6 %add_ln46_22" [firmware/nnet_utils/nnet_activation.h:46]   --->   Operation 640 'select' 'select_ln46_68' <Predicate = (icmp_ln45_22)> <Delay = 0.00> <CoreInst = "Sel">   --->   Core 73 'Sel' <Latency = 0> <II = 1> <Delay = 0.29> <FuncUnit> <Opcode : 'select'> <InPorts = 3> <OutPorts = 1>
ST_1 : Operation 641 [1/1] (0.29ns) (out node of the LUT)   --->   "%res_22_0 = select i1 %icmp_ln45_22, i6 %select_ln46_68, i6 0" [firmware/nnet_utils/nnet_activation.h:45]   --->   Operation 641 'select' 'res_22_0' <Predicate = true> <Delay = 0.29> <CoreInst = "Sel">   --->   Core 73 'Sel' <Latency = 0> <II = 1> <Delay = 0.29> <FuncUnit> <Opcode : 'select'> <InPorts = 3> <OutPorts = 1>
ST_1 : Operation 642 [1/1] (0.85ns)   --->   "%icmp_ln45_23 = icmp_sgt  i27 %data_23_val_read, i27 0" [firmware/nnet_utils/nnet_activation.h:45]   --->   Operation 642 'icmp' 'icmp_ln45_23' <Predicate = true> <Delay = 0.85> <CoreInst = "Cmp">   --->   Core 9 'Cmp' <Latency = 0> <II = 1> <Delay = 0.85> <FuncUnit> <Opcode : 'seteq' 'setne' 'setle' 'setge' 'setlt' 'setgt'> <InPorts = 2> <OutPorts = 1>
ST_1 : Operation 643 [1/1] (0.00ns)   --->   "%tmp_137 = bitselect i1 @_ssdm_op_BitSelect.i1.i27.i32, i27 %data_23_val_read, i32 26" [firmware/nnet_utils/nnet_activation.h:46]   --->   Operation 643 'bitselect' 'tmp_137' <Predicate = (icmp_ln45_23)> <Delay = 0.00>
ST_1 : Operation 644 [1/1] (0.00ns) (grouped into LUT with out node add_ln46_23)   --->   "%trunc_ln46_22 = partselect i6 @_ssdm_op_PartSelect.i6.i27.i32.i32, i27 %data_23_val_read, i32 8, i32 13" [firmware/nnet_utils/nnet_activation.h:46]   --->   Operation 644 'partselect' 'trunc_ln46_22' <Predicate = (icmp_ln45_23)> <Delay = 0.00>
ST_1 : Operation 645 [1/1] (0.00ns) (grouped into LUT with out node add_ln46_23)   --->   "%tmp_138 = bitselect i1 @_ssdm_op_BitSelect.i1.i27.i32, i27 %data_23_val_read, i32 7" [firmware/nnet_utils/nnet_activation.h:46]   --->   Operation 645 'bitselect' 'tmp_138' <Predicate = (icmp_ln45_23)> <Delay = 0.00>
ST_1 : Operation 646 [1/1] (0.00ns)   --->   "%trunc_ln46_85 = trunc i27 %data_23_val_read" [firmware/nnet_utils/nnet_activation.h:46]   --->   Operation 646 'trunc' 'trunc_ln46_85' <Predicate = (icmp_ln45_23)> <Delay = 0.00>
ST_1 : Operation 647 [1/1] (0.70ns)   --->   "%icmp_ln46_46 = icmp_ne  i7 %trunc_ln46_85, i7 0" [firmware/nnet_utils/nnet_activation.h:46]   --->   Operation 647 'icmp' 'icmp_ln46_46' <Predicate = (icmp_ln45_23)> <Delay = 0.70> <CoreInst = "Cmp">   --->   Core 9 'Cmp' <Latency = 0> <II = 1> <Delay = 0.70> <FuncUnit> <Opcode : 'seteq' 'setne' 'setle' 'setge' 'setlt' 'setgt'> <InPorts = 2> <OutPorts = 1>
ST_1 : Operation 648 [1/1] (0.00ns) (grouped into LUT with out node empty_41)   --->   "%tmp_139 = bitselect i1 @_ssdm_op_BitSelect.i1.i27.i32, i27 %data_23_val_read, i32 13" [firmware/nnet_utils/nnet_activation.h:46]   --->   Operation 648 'bitselect' 'tmp_139' <Predicate = (icmp_ln45_23)> <Delay = 0.00>
ST_1 : Operation 649 [1/1] (0.00ns) (grouped into LUT with out node add_ln46_23)   --->   "%tmp_140 = bitselect i1 @_ssdm_op_BitSelect.i1.i27.i32, i27 %data_23_val_read, i32 8" [firmware/nnet_utils/nnet_activation.h:46]   --->   Operation 649 'bitselect' 'tmp_140' <Predicate = (icmp_ln45_23)> <Delay = 0.00>
ST_1 : Operation 650 [1/1] (0.00ns) (grouped into LUT with out node add_ln46_23)   --->   "%or_ln46_69 = or i1 %tmp_140, i1 %icmp_ln46_46" [firmware/nnet_utils/nnet_activation.h:46]   --->   Operation 650 'or' 'or_ln46_69' <Predicate = (icmp_ln45_23)> <Delay = 0.00> <CoreInst = "LogicGate">   --->   Core 74 'LogicGate' <Latency = 0> <II = 1> <Delay = 0.12> <FuncUnit> <Opcode : 'and' 'or' 'xor'> <InPorts = 2> <OutPorts = 1>
ST_1 : Operation 651 [1/1] (0.00ns) (grouped into LUT with out node add_ln46_23)   --->   "%and_ln46_46 = and i1 %or_ln46_69, i1 %tmp_138" [firmware/nnet_utils/nnet_activation.h:46]   --->   Operation 651 'and' 'and_ln46_46' <Predicate = (icmp_ln45_23)> <Delay = 0.00> <CoreInst = "LogicGate">   --->   Core 74 'LogicGate' <Latency = 0> <II = 1> <Delay = 0.12> <FuncUnit> <Opcode : 'and' 'or' 'xor'> <InPorts = 2> <OutPorts = 1>
ST_1 : Operation 652 [1/1] (0.00ns) (grouped into LUT with out node add_ln46_23)   --->   "%zext_ln46_23 = zext i1 %and_ln46_46" [firmware/nnet_utils/nnet_activation.h:46]   --->   Operation 652 'zext' 'zext_ln46_23' <Predicate = (icmp_ln45_23)> <Delay = 0.00>
ST_1 : Operation 653 [1/1] (0.70ns) (out node of the LUT)   --->   "%add_ln46_23 = add i6 %trunc_ln46_22, i6 %zext_ln46_23" [firmware/nnet_utils/nnet_activation.h:46]   --->   Operation 653 'add' 'add_ln46_23' <Predicate = (icmp_ln45_23)> <Delay = 0.70> <CoreInst = "Adder">   --->   Core 1 'Adder' <Latency = 0> <II = 1> <Delay = 0.70> <FuncUnit> <Opcode : 'add' 'sub'> <InPorts = 2> <OutPorts = 1>
ST_1 : Operation 654 [1/1] (0.00ns)   --->   "%tmp_141 = partselect i13 @_ssdm_op_PartSelect.i13.i27.i32.i32, i27 %data_23_val_read, i32 14, i32 26" [firmware/nnet_utils/nnet_activation.h:46]   --->   Operation 654 'partselect' 'tmp_141' <Predicate = (icmp_ln45_23)> <Delay = 0.00>
ST_1 : Operation 655 [1/1] (0.75ns)   --->   "%icmp_ln46_47 = icmp_eq  i13 %tmp_141, i13 0" [firmware/nnet_utils/nnet_activation.h:46]   --->   Operation 655 'icmp' 'icmp_ln46_47' <Predicate = (icmp_ln45_23)> <Delay = 0.75> <CoreInst = "Cmp">   --->   Core 9 'Cmp' <Latency = 0> <II = 1> <Delay = 0.75> <FuncUnit> <Opcode : 'seteq' 'setne' 'setle' 'setge' 'setlt' 'setgt'> <InPorts = 2> <OutPorts = 1>
ST_1 : Operation 656 [1/1] (0.00ns) (grouped into LUT with out node empty_41)   --->   "%tmp_142 = bitselect i1 @_ssdm_op_BitSelect.i1.i6.i32, i6 %add_ln46_23, i32 5" [firmware/nnet_utils/nnet_activation.h:46]   --->   Operation 656 'bitselect' 'tmp_142' <Predicate = (icmp_ln45_23)> <Delay = 0.00>
ST_1 : Operation 657 [1/1] (0.00ns) (grouped into LUT with out node empty_41)   --->   "%not_tmp_163 = xor i1 %tmp_139, i1 1" [firmware/nnet_utils/nnet_activation.h:46]   --->   Operation 657 'xor' 'not_tmp_163' <Predicate = (icmp_ln45_23)> <Delay = 0.00> <CoreInst = "LogicGate">   --->   Core 74 'LogicGate' <Latency = 0> <II = 1> <Delay = 0.12> <FuncUnit> <Opcode : 'and' 'or' 'xor'> <InPorts = 2> <OutPorts = 1>
ST_1 : Operation 658 [1/1] (0.00ns) (grouped into LUT with out node empty_41)   --->   "%and_ln46_47 = or i1 %tmp_142, i1 %not_tmp_163" [firmware/nnet_utils/nnet_activation.h:46]   --->   Operation 658 'or' 'and_ln46_47' <Predicate = (icmp_ln45_23)> <Delay = 0.00> <CoreInst = "LogicGate">   --->   Core 74 'LogicGate' <Latency = 0> <II = 1> <Delay = 0.12> <FuncUnit> <Opcode : 'and' 'or' 'xor'> <InPorts = 2> <OutPorts = 1>
ST_1 : Operation 659 [1/1] (0.12ns) (out node of the LUT)   --->   "%empty_41 = and i1 %icmp_ln46_47, i1 %and_ln46_47" [firmware/nnet_utils/nnet_activation.h:46]   --->   Operation 659 'and' 'empty_41' <Predicate = (icmp_ln45_23)> <Delay = 0.12> <CoreInst = "LogicGate">   --->   Core 74 'LogicGate' <Latency = 0> <II = 1> <Delay = 0.12> <FuncUnit> <Opcode : 'and' 'or' 'xor'> <InPorts = 2> <OutPorts = 1>
ST_1 : Operation 660 [1/1] (0.00ns) (grouped into LUT with out node select_ln46_70)   --->   "%or_ln46_70 = or i1 %empty_41, i1 %tmp_137" [firmware/nnet_utils/nnet_activation.h:46]   --->   Operation 660 'or' 'or_ln46_70' <Predicate = (or_ln46_71 & icmp_ln45_23)> <Delay = 0.00> <CoreInst = "LogicGate">   --->   Core 74 'LogicGate' <Latency = 0> <II = 1> <Delay = 0.12> <FuncUnit> <Opcode : 'and' 'or' 'xor'> <InPorts = 2> <OutPorts = 1>
ST_1 : Operation 661 [1/1] (0.00ns) (grouped into LUT with out node res_23_0)   --->   "%xor_ln46_23 = xor i1 %empty_41, i1 1" [firmware/nnet_utils/nnet_activation.h:46]   --->   Operation 661 'xor' 'xor_ln46_23' <Predicate = (icmp_ln45_23)> <Delay = 0.00> <CoreInst = "LogicGate">   --->   Core 74 'LogicGate' <Latency = 0> <II = 1> <Delay = 0.12> <FuncUnit> <Opcode : 'and' 'or' 'xor'> <InPorts = 2> <OutPorts = 1>
ST_1 : Operation 662 [1/1] (0.00ns) (grouped into LUT with out node res_23_0)   --->   "%or_ln46_71 = or i1 %tmp_137, i1 %xor_ln46_23" [firmware/nnet_utils/nnet_activation.h:46]   --->   Operation 662 'or' 'or_ln46_71' <Predicate = (icmp_ln45_23)> <Delay = 0.00> <CoreInst = "LogicGate">   --->   Core 74 'LogicGate' <Latency = 0> <II = 1> <Delay = 0.12> <FuncUnit> <Opcode : 'and' 'or' 'xor'> <InPorts = 2> <OutPorts = 1>
ST_1 : Operation 663 [1/1] (0.00ns) (grouped into LUT with out node select_ln46_70)   --->   "%select_ln46_69 = select i1 %tmp_137, i6 0, i6 %add_ln46_23" [firmware/nnet_utils/nnet_activation.h:46]   --->   Operation 663 'select' 'select_ln46_69' <Predicate = (or_ln46_70 & or_ln46_71 & icmp_ln45_23)> <Delay = 0.00> <CoreInst = "Sel">   --->   Core 73 'Sel' <Latency = 0> <II = 1> <Delay = 0.29> <FuncUnit> <Opcode : 'select'> <InPorts = 3> <OutPorts = 1>
ST_1 : Operation 664 [1/1] (0.29ns) (out node of the LUT)   --->   "%select_ln46_70 = select i1 %or_ln46_70, i6 %select_ln46_69, i6 63" [firmware/nnet_utils/nnet_activation.h:46]   --->   Operation 664 'select' 'select_ln46_70' <Predicate = (or_ln46_71 & icmp_ln45_23)> <Delay = 0.29> <CoreInst = "Sel">   --->   Core 73 'Sel' <Latency = 0> <II = 1> <Delay = 0.29> <FuncUnit> <Opcode : 'select'> <InPorts = 3> <OutPorts = 1>
ST_1 : Operation 665 [1/1] (0.00ns) (grouped into LUT with out node res_23_0)   --->   "%select_ln46_71 = select i1 %or_ln46_71, i6 %select_ln46_70, i6 %add_ln46_23" [firmware/nnet_utils/nnet_activation.h:46]   --->   Operation 665 'select' 'select_ln46_71' <Predicate = (icmp_ln45_23)> <Delay = 0.00> <CoreInst = "Sel">   --->   Core 73 'Sel' <Latency = 0> <II = 1> <Delay = 0.29> <FuncUnit> <Opcode : 'select'> <InPorts = 3> <OutPorts = 1>
ST_1 : Operation 666 [1/1] (0.29ns) (out node of the LUT)   --->   "%res_23_0 = select i1 %icmp_ln45_23, i6 %select_ln46_71, i6 0" [firmware/nnet_utils/nnet_activation.h:45]   --->   Operation 666 'select' 'res_23_0' <Predicate = true> <Delay = 0.29> <CoreInst = "Sel">   --->   Core 73 'Sel' <Latency = 0> <II = 1> <Delay = 0.29> <FuncUnit> <Opcode : 'select'> <InPorts = 3> <OutPorts = 1>
ST_1 : Operation 667 [1/1] (0.85ns)   --->   "%icmp_ln45_24 = icmp_sgt  i27 %data_24_val_read, i27 0" [firmware/nnet_utils/nnet_activation.h:45]   --->   Operation 667 'icmp' 'icmp_ln45_24' <Predicate = true> <Delay = 0.85> <CoreInst = "Cmp">   --->   Core 9 'Cmp' <Latency = 0> <II = 1> <Delay = 0.85> <FuncUnit> <Opcode : 'seteq' 'setne' 'setle' 'setge' 'setlt' 'setgt'> <InPorts = 2> <OutPorts = 1>
ST_1 : Operation 668 [1/1] (0.00ns)   --->   "%tmp_143 = bitselect i1 @_ssdm_op_BitSelect.i1.i27.i32, i27 %data_24_val_read, i32 26" [firmware/nnet_utils/nnet_activation.h:46]   --->   Operation 668 'bitselect' 'tmp_143' <Predicate = (icmp_ln45_24)> <Delay = 0.00>
ST_1 : Operation 669 [1/1] (0.00ns) (grouped into LUT with out node add_ln46_24)   --->   "%trunc_ln46_23 = partselect i6 @_ssdm_op_PartSelect.i6.i27.i32.i32, i27 %data_24_val_read, i32 8, i32 13" [firmware/nnet_utils/nnet_activation.h:46]   --->   Operation 669 'partselect' 'trunc_ln46_23' <Predicate = (icmp_ln45_24)> <Delay = 0.00>
ST_1 : Operation 670 [1/1] (0.00ns) (grouped into LUT with out node add_ln46_24)   --->   "%tmp_144 = bitselect i1 @_ssdm_op_BitSelect.i1.i27.i32, i27 %data_24_val_read, i32 7" [firmware/nnet_utils/nnet_activation.h:46]   --->   Operation 670 'bitselect' 'tmp_144' <Predicate = (icmp_ln45_24)> <Delay = 0.00>
ST_1 : Operation 671 [1/1] (0.00ns)   --->   "%trunc_ln46_86 = trunc i27 %data_24_val_read" [firmware/nnet_utils/nnet_activation.h:46]   --->   Operation 671 'trunc' 'trunc_ln46_86' <Predicate = (icmp_ln45_24)> <Delay = 0.00>
ST_1 : Operation 672 [1/1] (0.70ns)   --->   "%icmp_ln46_48 = icmp_ne  i7 %trunc_ln46_86, i7 0" [firmware/nnet_utils/nnet_activation.h:46]   --->   Operation 672 'icmp' 'icmp_ln46_48' <Predicate = (icmp_ln45_24)> <Delay = 0.70> <CoreInst = "Cmp">   --->   Core 9 'Cmp' <Latency = 0> <II = 1> <Delay = 0.70> <FuncUnit> <Opcode : 'seteq' 'setne' 'setle' 'setge' 'setlt' 'setgt'> <InPorts = 2> <OutPorts = 1>
ST_1 : Operation 673 [1/1] (0.00ns) (grouped into LUT with out node empty_42)   --->   "%tmp_145 = bitselect i1 @_ssdm_op_BitSelect.i1.i27.i32, i27 %data_24_val_read, i32 13" [firmware/nnet_utils/nnet_activation.h:46]   --->   Operation 673 'bitselect' 'tmp_145' <Predicate = (icmp_ln45_24)> <Delay = 0.00>
ST_1 : Operation 674 [1/1] (0.00ns) (grouped into LUT with out node add_ln46_24)   --->   "%tmp_146 = bitselect i1 @_ssdm_op_BitSelect.i1.i27.i32, i27 %data_24_val_read, i32 8" [firmware/nnet_utils/nnet_activation.h:46]   --->   Operation 674 'bitselect' 'tmp_146' <Predicate = (icmp_ln45_24)> <Delay = 0.00>
ST_1 : Operation 675 [1/1] (0.00ns) (grouped into LUT with out node add_ln46_24)   --->   "%or_ln46_72 = or i1 %tmp_146, i1 %icmp_ln46_48" [firmware/nnet_utils/nnet_activation.h:46]   --->   Operation 675 'or' 'or_ln46_72' <Predicate = (icmp_ln45_24)> <Delay = 0.00> <CoreInst = "LogicGate">   --->   Core 74 'LogicGate' <Latency = 0> <II = 1> <Delay = 0.12> <FuncUnit> <Opcode : 'and' 'or' 'xor'> <InPorts = 2> <OutPorts = 1>
ST_1 : Operation 676 [1/1] (0.00ns) (grouped into LUT with out node add_ln46_24)   --->   "%and_ln46_48 = and i1 %or_ln46_72, i1 %tmp_144" [firmware/nnet_utils/nnet_activation.h:46]   --->   Operation 676 'and' 'and_ln46_48' <Predicate = (icmp_ln45_24)> <Delay = 0.00> <CoreInst = "LogicGate">   --->   Core 74 'LogicGate' <Latency = 0> <II = 1> <Delay = 0.12> <FuncUnit> <Opcode : 'and' 'or' 'xor'> <InPorts = 2> <OutPorts = 1>
ST_1 : Operation 677 [1/1] (0.00ns) (grouped into LUT with out node add_ln46_24)   --->   "%zext_ln46_24 = zext i1 %and_ln46_48" [firmware/nnet_utils/nnet_activation.h:46]   --->   Operation 677 'zext' 'zext_ln46_24' <Predicate = (icmp_ln45_24)> <Delay = 0.00>
ST_1 : Operation 678 [1/1] (0.70ns) (out node of the LUT)   --->   "%add_ln46_24 = add i6 %trunc_ln46_23, i6 %zext_ln46_24" [firmware/nnet_utils/nnet_activation.h:46]   --->   Operation 678 'add' 'add_ln46_24' <Predicate = (icmp_ln45_24)> <Delay = 0.70> <CoreInst = "Adder">   --->   Core 1 'Adder' <Latency = 0> <II = 1> <Delay = 0.70> <FuncUnit> <Opcode : 'add' 'sub'> <InPorts = 2> <OutPorts = 1>
ST_1 : Operation 679 [1/1] (0.00ns)   --->   "%tmp_147 = partselect i13 @_ssdm_op_PartSelect.i13.i27.i32.i32, i27 %data_24_val_read, i32 14, i32 26" [firmware/nnet_utils/nnet_activation.h:46]   --->   Operation 679 'partselect' 'tmp_147' <Predicate = (icmp_ln45_24)> <Delay = 0.00>
ST_1 : Operation 680 [1/1] (0.75ns)   --->   "%icmp_ln46_49 = icmp_eq  i13 %tmp_147, i13 0" [firmware/nnet_utils/nnet_activation.h:46]   --->   Operation 680 'icmp' 'icmp_ln46_49' <Predicate = (icmp_ln45_24)> <Delay = 0.75> <CoreInst = "Cmp">   --->   Core 9 'Cmp' <Latency = 0> <II = 1> <Delay = 0.75> <FuncUnit> <Opcode : 'seteq' 'setne' 'setle' 'setge' 'setlt' 'setgt'> <InPorts = 2> <OutPorts = 1>
ST_1 : Operation 681 [1/1] (0.00ns) (grouped into LUT with out node empty_42)   --->   "%tmp_148 = bitselect i1 @_ssdm_op_BitSelect.i1.i6.i32, i6 %add_ln46_24, i32 5" [firmware/nnet_utils/nnet_activation.h:46]   --->   Operation 681 'bitselect' 'tmp_148' <Predicate = (icmp_ln45_24)> <Delay = 0.00>
ST_1 : Operation 682 [1/1] (0.00ns) (grouped into LUT with out node empty_42)   --->   "%not_tmp_170 = xor i1 %tmp_145, i1 1" [firmware/nnet_utils/nnet_activation.h:46]   --->   Operation 682 'xor' 'not_tmp_170' <Predicate = (icmp_ln45_24)> <Delay = 0.00> <CoreInst = "LogicGate">   --->   Core 74 'LogicGate' <Latency = 0> <II = 1> <Delay = 0.12> <FuncUnit> <Opcode : 'and' 'or' 'xor'> <InPorts = 2> <OutPorts = 1>
ST_1 : Operation 683 [1/1] (0.00ns) (grouped into LUT with out node empty_42)   --->   "%and_ln46_49 = or i1 %tmp_148, i1 %not_tmp_170" [firmware/nnet_utils/nnet_activation.h:46]   --->   Operation 683 'or' 'and_ln46_49' <Predicate = (icmp_ln45_24)> <Delay = 0.00> <CoreInst = "LogicGate">   --->   Core 74 'LogicGate' <Latency = 0> <II = 1> <Delay = 0.12> <FuncUnit> <Opcode : 'and' 'or' 'xor'> <InPorts = 2> <OutPorts = 1>
ST_1 : Operation 684 [1/1] (0.12ns) (out node of the LUT)   --->   "%empty_42 = and i1 %icmp_ln46_49, i1 %and_ln46_49" [firmware/nnet_utils/nnet_activation.h:46]   --->   Operation 684 'and' 'empty_42' <Predicate = (icmp_ln45_24)> <Delay = 0.12> <CoreInst = "LogicGate">   --->   Core 74 'LogicGate' <Latency = 0> <II = 1> <Delay = 0.12> <FuncUnit> <Opcode : 'and' 'or' 'xor'> <InPorts = 2> <OutPorts = 1>
ST_1 : Operation 685 [1/1] (0.00ns) (grouped into LUT with out node select_ln46_73)   --->   "%or_ln46_73 = or i1 %empty_42, i1 %tmp_143" [firmware/nnet_utils/nnet_activation.h:46]   --->   Operation 685 'or' 'or_ln46_73' <Predicate = (or_ln46_74 & icmp_ln45_24)> <Delay = 0.00> <CoreInst = "LogicGate">   --->   Core 74 'LogicGate' <Latency = 0> <II = 1> <Delay = 0.12> <FuncUnit> <Opcode : 'and' 'or' 'xor'> <InPorts = 2> <OutPorts = 1>
ST_1 : Operation 686 [1/1] (0.00ns) (grouped into LUT with out node res_24_0)   --->   "%xor_ln46_24 = xor i1 %empty_42, i1 1" [firmware/nnet_utils/nnet_activation.h:46]   --->   Operation 686 'xor' 'xor_ln46_24' <Predicate = (icmp_ln45_24)> <Delay = 0.00> <CoreInst = "LogicGate">   --->   Core 74 'LogicGate' <Latency = 0> <II = 1> <Delay = 0.12> <FuncUnit> <Opcode : 'and' 'or' 'xor'> <InPorts = 2> <OutPorts = 1>
ST_1 : Operation 687 [1/1] (0.00ns) (grouped into LUT with out node res_24_0)   --->   "%or_ln46_74 = or i1 %tmp_143, i1 %xor_ln46_24" [firmware/nnet_utils/nnet_activation.h:46]   --->   Operation 687 'or' 'or_ln46_74' <Predicate = (icmp_ln45_24)> <Delay = 0.00> <CoreInst = "LogicGate">   --->   Core 74 'LogicGate' <Latency = 0> <II = 1> <Delay = 0.12> <FuncUnit> <Opcode : 'and' 'or' 'xor'> <InPorts = 2> <OutPorts = 1>
ST_1 : Operation 688 [1/1] (0.00ns) (grouped into LUT with out node select_ln46_73)   --->   "%select_ln46_72 = select i1 %tmp_143, i6 0, i6 %add_ln46_24" [firmware/nnet_utils/nnet_activation.h:46]   --->   Operation 688 'select' 'select_ln46_72' <Predicate = (or_ln46_73 & or_ln46_74 & icmp_ln45_24)> <Delay = 0.00> <CoreInst = "Sel">   --->   Core 73 'Sel' <Latency = 0> <II = 1> <Delay = 0.29> <FuncUnit> <Opcode : 'select'> <InPorts = 3> <OutPorts = 1>
ST_1 : Operation 689 [1/1] (0.29ns) (out node of the LUT)   --->   "%select_ln46_73 = select i1 %or_ln46_73, i6 %select_ln46_72, i6 63" [firmware/nnet_utils/nnet_activation.h:46]   --->   Operation 689 'select' 'select_ln46_73' <Predicate = (or_ln46_74 & icmp_ln45_24)> <Delay = 0.29> <CoreInst = "Sel">   --->   Core 73 'Sel' <Latency = 0> <II = 1> <Delay = 0.29> <FuncUnit> <Opcode : 'select'> <InPorts = 3> <OutPorts = 1>
ST_1 : Operation 690 [1/1] (0.00ns) (grouped into LUT with out node res_24_0)   --->   "%select_ln46_74 = select i1 %or_ln46_74, i6 %select_ln46_73, i6 %add_ln46_24" [firmware/nnet_utils/nnet_activation.h:46]   --->   Operation 690 'select' 'select_ln46_74' <Predicate = (icmp_ln45_24)> <Delay = 0.00> <CoreInst = "Sel">   --->   Core 73 'Sel' <Latency = 0> <II = 1> <Delay = 0.29> <FuncUnit> <Opcode : 'select'> <InPorts = 3> <OutPorts = 1>
ST_1 : Operation 691 [1/1] (0.29ns) (out node of the LUT)   --->   "%res_24_0 = select i1 %icmp_ln45_24, i6 %select_ln46_74, i6 0" [firmware/nnet_utils/nnet_activation.h:45]   --->   Operation 691 'select' 'res_24_0' <Predicate = true> <Delay = 0.29> <CoreInst = "Sel">   --->   Core 73 'Sel' <Latency = 0> <II = 1> <Delay = 0.29> <FuncUnit> <Opcode : 'select'> <InPorts = 3> <OutPorts = 1>
ST_1 : Operation 692 [1/1] (0.85ns)   --->   "%icmp_ln45_25 = icmp_sgt  i27 %data_25_val_read, i27 0" [firmware/nnet_utils/nnet_activation.h:45]   --->   Operation 692 'icmp' 'icmp_ln45_25' <Predicate = true> <Delay = 0.85> <CoreInst = "Cmp">   --->   Core 9 'Cmp' <Latency = 0> <II = 1> <Delay = 0.85> <FuncUnit> <Opcode : 'seteq' 'setne' 'setle' 'setge' 'setlt' 'setgt'> <InPorts = 2> <OutPorts = 1>
ST_1 : Operation 693 [1/1] (0.00ns)   --->   "%tmp_149 = bitselect i1 @_ssdm_op_BitSelect.i1.i27.i32, i27 %data_25_val_read, i32 26" [firmware/nnet_utils/nnet_activation.h:46]   --->   Operation 693 'bitselect' 'tmp_149' <Predicate = (icmp_ln45_25)> <Delay = 0.00>
ST_1 : Operation 694 [1/1] (0.00ns) (grouped into LUT with out node add_ln46_25)   --->   "%trunc_ln46_24 = partselect i6 @_ssdm_op_PartSelect.i6.i27.i32.i32, i27 %data_25_val_read, i32 8, i32 13" [firmware/nnet_utils/nnet_activation.h:46]   --->   Operation 694 'partselect' 'trunc_ln46_24' <Predicate = (icmp_ln45_25)> <Delay = 0.00>
ST_1 : Operation 695 [1/1] (0.00ns) (grouped into LUT with out node add_ln46_25)   --->   "%tmp_150 = bitselect i1 @_ssdm_op_BitSelect.i1.i27.i32, i27 %data_25_val_read, i32 7" [firmware/nnet_utils/nnet_activation.h:46]   --->   Operation 695 'bitselect' 'tmp_150' <Predicate = (icmp_ln45_25)> <Delay = 0.00>
ST_1 : Operation 696 [1/1] (0.00ns)   --->   "%trunc_ln46_87 = trunc i27 %data_25_val_read" [firmware/nnet_utils/nnet_activation.h:46]   --->   Operation 696 'trunc' 'trunc_ln46_87' <Predicate = (icmp_ln45_25)> <Delay = 0.00>
ST_1 : Operation 697 [1/1] (0.70ns)   --->   "%icmp_ln46_50 = icmp_ne  i7 %trunc_ln46_87, i7 0" [firmware/nnet_utils/nnet_activation.h:46]   --->   Operation 697 'icmp' 'icmp_ln46_50' <Predicate = (icmp_ln45_25)> <Delay = 0.70> <CoreInst = "Cmp">   --->   Core 9 'Cmp' <Latency = 0> <II = 1> <Delay = 0.70> <FuncUnit> <Opcode : 'seteq' 'setne' 'setle' 'setge' 'setlt' 'setgt'> <InPorts = 2> <OutPorts = 1>
ST_1 : Operation 698 [1/1] (0.00ns) (grouped into LUT with out node empty_43)   --->   "%tmp_151 = bitselect i1 @_ssdm_op_BitSelect.i1.i27.i32, i27 %data_25_val_read, i32 13" [firmware/nnet_utils/nnet_activation.h:46]   --->   Operation 698 'bitselect' 'tmp_151' <Predicate = (icmp_ln45_25)> <Delay = 0.00>
ST_1 : Operation 699 [1/1] (0.00ns) (grouped into LUT with out node add_ln46_25)   --->   "%tmp_152 = bitselect i1 @_ssdm_op_BitSelect.i1.i27.i32, i27 %data_25_val_read, i32 8" [firmware/nnet_utils/nnet_activation.h:46]   --->   Operation 699 'bitselect' 'tmp_152' <Predicate = (icmp_ln45_25)> <Delay = 0.00>
ST_1 : Operation 700 [1/1] (0.00ns) (grouped into LUT with out node add_ln46_25)   --->   "%or_ln46_75 = or i1 %tmp_152, i1 %icmp_ln46_50" [firmware/nnet_utils/nnet_activation.h:46]   --->   Operation 700 'or' 'or_ln46_75' <Predicate = (icmp_ln45_25)> <Delay = 0.00> <CoreInst = "LogicGate">   --->   Core 74 'LogicGate' <Latency = 0> <II = 1> <Delay = 0.12> <FuncUnit> <Opcode : 'and' 'or' 'xor'> <InPorts = 2> <OutPorts = 1>
ST_1 : Operation 701 [1/1] (0.00ns) (grouped into LUT with out node add_ln46_25)   --->   "%and_ln46_50 = and i1 %or_ln46_75, i1 %tmp_150" [firmware/nnet_utils/nnet_activation.h:46]   --->   Operation 701 'and' 'and_ln46_50' <Predicate = (icmp_ln45_25)> <Delay = 0.00> <CoreInst = "LogicGate">   --->   Core 74 'LogicGate' <Latency = 0> <II = 1> <Delay = 0.12> <FuncUnit> <Opcode : 'and' 'or' 'xor'> <InPorts = 2> <OutPorts = 1>
ST_1 : Operation 702 [1/1] (0.00ns) (grouped into LUT with out node add_ln46_25)   --->   "%zext_ln46_25 = zext i1 %and_ln46_50" [firmware/nnet_utils/nnet_activation.h:46]   --->   Operation 702 'zext' 'zext_ln46_25' <Predicate = (icmp_ln45_25)> <Delay = 0.00>
ST_1 : Operation 703 [1/1] (0.70ns) (out node of the LUT)   --->   "%add_ln46_25 = add i6 %trunc_ln46_24, i6 %zext_ln46_25" [firmware/nnet_utils/nnet_activation.h:46]   --->   Operation 703 'add' 'add_ln46_25' <Predicate = (icmp_ln45_25)> <Delay = 0.70> <CoreInst = "Adder">   --->   Core 1 'Adder' <Latency = 0> <II = 1> <Delay = 0.70> <FuncUnit> <Opcode : 'add' 'sub'> <InPorts = 2> <OutPorts = 1>
ST_1 : Operation 704 [1/1] (0.00ns)   --->   "%tmp_153 = partselect i13 @_ssdm_op_PartSelect.i13.i27.i32.i32, i27 %data_25_val_read, i32 14, i32 26" [firmware/nnet_utils/nnet_activation.h:46]   --->   Operation 704 'partselect' 'tmp_153' <Predicate = (icmp_ln45_25)> <Delay = 0.00>
ST_1 : Operation 705 [1/1] (0.75ns)   --->   "%icmp_ln46_51 = icmp_eq  i13 %tmp_153, i13 0" [firmware/nnet_utils/nnet_activation.h:46]   --->   Operation 705 'icmp' 'icmp_ln46_51' <Predicate = (icmp_ln45_25)> <Delay = 0.75> <CoreInst = "Cmp">   --->   Core 9 'Cmp' <Latency = 0> <II = 1> <Delay = 0.75> <FuncUnit> <Opcode : 'seteq' 'setne' 'setle' 'setge' 'setlt' 'setgt'> <InPorts = 2> <OutPorts = 1>
ST_1 : Operation 706 [1/1] (0.00ns) (grouped into LUT with out node empty_43)   --->   "%tmp_154 = bitselect i1 @_ssdm_op_BitSelect.i1.i6.i32, i6 %add_ln46_25, i32 5" [firmware/nnet_utils/nnet_activation.h:46]   --->   Operation 706 'bitselect' 'tmp_154' <Predicate = (icmp_ln45_25)> <Delay = 0.00>
ST_1 : Operation 707 [1/1] (0.00ns) (grouped into LUT with out node empty_43)   --->   "%not_tmp_177 = xor i1 %tmp_151, i1 1" [firmware/nnet_utils/nnet_activation.h:46]   --->   Operation 707 'xor' 'not_tmp_177' <Predicate = (icmp_ln45_25)> <Delay = 0.00> <CoreInst = "LogicGate">   --->   Core 74 'LogicGate' <Latency = 0> <II = 1> <Delay = 0.12> <FuncUnit> <Opcode : 'and' 'or' 'xor'> <InPorts = 2> <OutPorts = 1>
ST_1 : Operation 708 [1/1] (0.00ns) (grouped into LUT with out node empty_43)   --->   "%and_ln46_51 = or i1 %tmp_154, i1 %not_tmp_177" [firmware/nnet_utils/nnet_activation.h:46]   --->   Operation 708 'or' 'and_ln46_51' <Predicate = (icmp_ln45_25)> <Delay = 0.00> <CoreInst = "LogicGate">   --->   Core 74 'LogicGate' <Latency = 0> <II = 1> <Delay = 0.12> <FuncUnit> <Opcode : 'and' 'or' 'xor'> <InPorts = 2> <OutPorts = 1>
ST_1 : Operation 709 [1/1] (0.12ns) (out node of the LUT)   --->   "%empty_43 = and i1 %icmp_ln46_51, i1 %and_ln46_51" [firmware/nnet_utils/nnet_activation.h:46]   --->   Operation 709 'and' 'empty_43' <Predicate = (icmp_ln45_25)> <Delay = 0.12> <CoreInst = "LogicGate">   --->   Core 74 'LogicGate' <Latency = 0> <II = 1> <Delay = 0.12> <FuncUnit> <Opcode : 'and' 'or' 'xor'> <InPorts = 2> <OutPorts = 1>
ST_1 : Operation 710 [1/1] (0.00ns) (grouped into LUT with out node select_ln46_76)   --->   "%or_ln46_76 = or i1 %empty_43, i1 %tmp_149" [firmware/nnet_utils/nnet_activation.h:46]   --->   Operation 710 'or' 'or_ln46_76' <Predicate = (or_ln46_77 & icmp_ln45_25)> <Delay = 0.00> <CoreInst = "LogicGate">   --->   Core 74 'LogicGate' <Latency = 0> <II = 1> <Delay = 0.12> <FuncUnit> <Opcode : 'and' 'or' 'xor'> <InPorts = 2> <OutPorts = 1>
ST_1 : Operation 711 [1/1] (0.00ns) (grouped into LUT with out node res_25_0)   --->   "%xor_ln46_25 = xor i1 %empty_43, i1 1" [firmware/nnet_utils/nnet_activation.h:46]   --->   Operation 711 'xor' 'xor_ln46_25' <Predicate = (icmp_ln45_25)> <Delay = 0.00> <CoreInst = "LogicGate">   --->   Core 74 'LogicGate' <Latency = 0> <II = 1> <Delay = 0.12> <FuncUnit> <Opcode : 'and' 'or' 'xor'> <InPorts = 2> <OutPorts = 1>
ST_1 : Operation 712 [1/1] (0.00ns) (grouped into LUT with out node res_25_0)   --->   "%or_ln46_77 = or i1 %tmp_149, i1 %xor_ln46_25" [firmware/nnet_utils/nnet_activation.h:46]   --->   Operation 712 'or' 'or_ln46_77' <Predicate = (icmp_ln45_25)> <Delay = 0.00> <CoreInst = "LogicGate">   --->   Core 74 'LogicGate' <Latency = 0> <II = 1> <Delay = 0.12> <FuncUnit> <Opcode : 'and' 'or' 'xor'> <InPorts = 2> <OutPorts = 1>
ST_1 : Operation 713 [1/1] (0.00ns) (grouped into LUT with out node select_ln46_76)   --->   "%select_ln46_75 = select i1 %tmp_149, i6 0, i6 %add_ln46_25" [firmware/nnet_utils/nnet_activation.h:46]   --->   Operation 713 'select' 'select_ln46_75' <Predicate = (or_ln46_76 & or_ln46_77 & icmp_ln45_25)> <Delay = 0.00> <CoreInst = "Sel">   --->   Core 73 'Sel' <Latency = 0> <II = 1> <Delay = 0.29> <FuncUnit> <Opcode : 'select'> <InPorts = 3> <OutPorts = 1>
ST_1 : Operation 714 [1/1] (0.29ns) (out node of the LUT)   --->   "%select_ln46_76 = select i1 %or_ln46_76, i6 %select_ln46_75, i6 63" [firmware/nnet_utils/nnet_activation.h:46]   --->   Operation 714 'select' 'select_ln46_76' <Predicate = (or_ln46_77 & icmp_ln45_25)> <Delay = 0.29> <CoreInst = "Sel">   --->   Core 73 'Sel' <Latency = 0> <II = 1> <Delay = 0.29> <FuncUnit> <Opcode : 'select'> <InPorts = 3> <OutPorts = 1>
ST_1 : Operation 715 [1/1] (0.00ns) (grouped into LUT with out node res_25_0)   --->   "%select_ln46_77 = select i1 %or_ln46_77, i6 %select_ln46_76, i6 %add_ln46_25" [firmware/nnet_utils/nnet_activation.h:46]   --->   Operation 715 'select' 'select_ln46_77' <Predicate = (icmp_ln45_25)> <Delay = 0.00> <CoreInst = "Sel">   --->   Core 73 'Sel' <Latency = 0> <II = 1> <Delay = 0.29> <FuncUnit> <Opcode : 'select'> <InPorts = 3> <OutPorts = 1>
ST_1 : Operation 716 [1/1] (0.29ns) (out node of the LUT)   --->   "%res_25_0 = select i1 %icmp_ln45_25, i6 %select_ln46_77, i6 0" [firmware/nnet_utils/nnet_activation.h:45]   --->   Operation 716 'select' 'res_25_0' <Predicate = true> <Delay = 0.29> <CoreInst = "Sel">   --->   Core 73 'Sel' <Latency = 0> <II = 1> <Delay = 0.29> <FuncUnit> <Opcode : 'select'> <InPorts = 3> <OutPorts = 1>
ST_1 : Operation 717 [1/1] (0.85ns)   --->   "%icmp_ln45_26 = icmp_sgt  i27 %data_26_val_read, i27 0" [firmware/nnet_utils/nnet_activation.h:45]   --->   Operation 717 'icmp' 'icmp_ln45_26' <Predicate = true> <Delay = 0.85> <CoreInst = "Cmp">   --->   Core 9 'Cmp' <Latency = 0> <II = 1> <Delay = 0.85> <FuncUnit> <Opcode : 'seteq' 'setne' 'setle' 'setge' 'setlt' 'setgt'> <InPorts = 2> <OutPorts = 1>
ST_1 : Operation 718 [1/1] (0.00ns)   --->   "%tmp_155 = bitselect i1 @_ssdm_op_BitSelect.i1.i27.i32, i27 %data_26_val_read, i32 26" [firmware/nnet_utils/nnet_activation.h:46]   --->   Operation 718 'bitselect' 'tmp_155' <Predicate = (icmp_ln45_26)> <Delay = 0.00>
ST_1 : Operation 719 [1/1] (0.00ns) (grouped into LUT with out node add_ln46_26)   --->   "%trunc_ln46_25 = partselect i6 @_ssdm_op_PartSelect.i6.i27.i32.i32, i27 %data_26_val_read, i32 8, i32 13" [firmware/nnet_utils/nnet_activation.h:46]   --->   Operation 719 'partselect' 'trunc_ln46_25' <Predicate = (icmp_ln45_26)> <Delay = 0.00>
ST_1 : Operation 720 [1/1] (0.00ns) (grouped into LUT with out node add_ln46_26)   --->   "%tmp_156 = bitselect i1 @_ssdm_op_BitSelect.i1.i27.i32, i27 %data_26_val_read, i32 7" [firmware/nnet_utils/nnet_activation.h:46]   --->   Operation 720 'bitselect' 'tmp_156' <Predicate = (icmp_ln45_26)> <Delay = 0.00>
ST_1 : Operation 721 [1/1] (0.00ns)   --->   "%trunc_ln46_88 = trunc i27 %data_26_val_read" [firmware/nnet_utils/nnet_activation.h:46]   --->   Operation 721 'trunc' 'trunc_ln46_88' <Predicate = (icmp_ln45_26)> <Delay = 0.00>
ST_1 : Operation 722 [1/1] (0.70ns)   --->   "%icmp_ln46_52 = icmp_ne  i7 %trunc_ln46_88, i7 0" [firmware/nnet_utils/nnet_activation.h:46]   --->   Operation 722 'icmp' 'icmp_ln46_52' <Predicate = (icmp_ln45_26)> <Delay = 0.70> <CoreInst = "Cmp">   --->   Core 9 'Cmp' <Latency = 0> <II = 1> <Delay = 0.70> <FuncUnit> <Opcode : 'seteq' 'setne' 'setle' 'setge' 'setlt' 'setgt'> <InPorts = 2> <OutPorts = 1>
ST_1 : Operation 723 [1/1] (0.00ns) (grouped into LUT with out node empty_44)   --->   "%tmp_157 = bitselect i1 @_ssdm_op_BitSelect.i1.i27.i32, i27 %data_26_val_read, i32 13" [firmware/nnet_utils/nnet_activation.h:46]   --->   Operation 723 'bitselect' 'tmp_157' <Predicate = (icmp_ln45_26)> <Delay = 0.00>
ST_1 : Operation 724 [1/1] (0.00ns) (grouped into LUT with out node add_ln46_26)   --->   "%tmp_158 = bitselect i1 @_ssdm_op_BitSelect.i1.i27.i32, i27 %data_26_val_read, i32 8" [firmware/nnet_utils/nnet_activation.h:46]   --->   Operation 724 'bitselect' 'tmp_158' <Predicate = (icmp_ln45_26)> <Delay = 0.00>
ST_1 : Operation 725 [1/1] (0.00ns) (grouped into LUT with out node add_ln46_26)   --->   "%or_ln46_78 = or i1 %tmp_158, i1 %icmp_ln46_52" [firmware/nnet_utils/nnet_activation.h:46]   --->   Operation 725 'or' 'or_ln46_78' <Predicate = (icmp_ln45_26)> <Delay = 0.00> <CoreInst = "LogicGate">   --->   Core 74 'LogicGate' <Latency = 0> <II = 1> <Delay = 0.12> <FuncUnit> <Opcode : 'and' 'or' 'xor'> <InPorts = 2> <OutPorts = 1>
ST_1 : Operation 726 [1/1] (0.00ns) (grouped into LUT with out node add_ln46_26)   --->   "%and_ln46_52 = and i1 %or_ln46_78, i1 %tmp_156" [firmware/nnet_utils/nnet_activation.h:46]   --->   Operation 726 'and' 'and_ln46_52' <Predicate = (icmp_ln45_26)> <Delay = 0.00> <CoreInst = "LogicGate">   --->   Core 74 'LogicGate' <Latency = 0> <II = 1> <Delay = 0.12> <FuncUnit> <Opcode : 'and' 'or' 'xor'> <InPorts = 2> <OutPorts = 1>
ST_1 : Operation 727 [1/1] (0.00ns) (grouped into LUT with out node add_ln46_26)   --->   "%zext_ln46_26 = zext i1 %and_ln46_52" [firmware/nnet_utils/nnet_activation.h:46]   --->   Operation 727 'zext' 'zext_ln46_26' <Predicate = (icmp_ln45_26)> <Delay = 0.00>
ST_1 : Operation 728 [1/1] (0.70ns) (out node of the LUT)   --->   "%add_ln46_26 = add i6 %trunc_ln46_25, i6 %zext_ln46_26" [firmware/nnet_utils/nnet_activation.h:46]   --->   Operation 728 'add' 'add_ln46_26' <Predicate = (icmp_ln45_26)> <Delay = 0.70> <CoreInst = "Adder">   --->   Core 1 'Adder' <Latency = 0> <II = 1> <Delay = 0.70> <FuncUnit> <Opcode : 'add' 'sub'> <InPorts = 2> <OutPorts = 1>
ST_1 : Operation 729 [1/1] (0.00ns)   --->   "%tmp_159 = partselect i13 @_ssdm_op_PartSelect.i13.i27.i32.i32, i27 %data_26_val_read, i32 14, i32 26" [firmware/nnet_utils/nnet_activation.h:46]   --->   Operation 729 'partselect' 'tmp_159' <Predicate = (icmp_ln45_26)> <Delay = 0.00>
ST_1 : Operation 730 [1/1] (0.75ns)   --->   "%icmp_ln46_53 = icmp_eq  i13 %tmp_159, i13 0" [firmware/nnet_utils/nnet_activation.h:46]   --->   Operation 730 'icmp' 'icmp_ln46_53' <Predicate = (icmp_ln45_26)> <Delay = 0.75> <CoreInst = "Cmp">   --->   Core 9 'Cmp' <Latency = 0> <II = 1> <Delay = 0.75> <FuncUnit> <Opcode : 'seteq' 'setne' 'setle' 'setge' 'setlt' 'setgt'> <InPorts = 2> <OutPorts = 1>
ST_1 : Operation 731 [1/1] (0.00ns) (grouped into LUT with out node empty_44)   --->   "%tmp_160 = bitselect i1 @_ssdm_op_BitSelect.i1.i6.i32, i6 %add_ln46_26, i32 5" [firmware/nnet_utils/nnet_activation.h:46]   --->   Operation 731 'bitselect' 'tmp_160' <Predicate = (icmp_ln45_26)> <Delay = 0.00>
ST_1 : Operation 732 [1/1] (0.00ns) (grouped into LUT with out node empty_44)   --->   "%not_tmp_184 = xor i1 %tmp_157, i1 1" [firmware/nnet_utils/nnet_activation.h:46]   --->   Operation 732 'xor' 'not_tmp_184' <Predicate = (icmp_ln45_26)> <Delay = 0.00> <CoreInst = "LogicGate">   --->   Core 74 'LogicGate' <Latency = 0> <II = 1> <Delay = 0.12> <FuncUnit> <Opcode : 'and' 'or' 'xor'> <InPorts = 2> <OutPorts = 1>
ST_1 : Operation 733 [1/1] (0.00ns) (grouped into LUT with out node empty_44)   --->   "%and_ln46_53 = or i1 %tmp_160, i1 %not_tmp_184" [firmware/nnet_utils/nnet_activation.h:46]   --->   Operation 733 'or' 'and_ln46_53' <Predicate = (icmp_ln45_26)> <Delay = 0.00> <CoreInst = "LogicGate">   --->   Core 74 'LogicGate' <Latency = 0> <II = 1> <Delay = 0.12> <FuncUnit> <Opcode : 'and' 'or' 'xor'> <InPorts = 2> <OutPorts = 1>
ST_1 : Operation 734 [1/1] (0.12ns) (out node of the LUT)   --->   "%empty_44 = and i1 %icmp_ln46_53, i1 %and_ln46_53" [firmware/nnet_utils/nnet_activation.h:46]   --->   Operation 734 'and' 'empty_44' <Predicate = (icmp_ln45_26)> <Delay = 0.12> <CoreInst = "LogicGate">   --->   Core 74 'LogicGate' <Latency = 0> <II = 1> <Delay = 0.12> <FuncUnit> <Opcode : 'and' 'or' 'xor'> <InPorts = 2> <OutPorts = 1>
ST_1 : Operation 735 [1/1] (0.00ns) (grouped into LUT with out node select_ln46_79)   --->   "%or_ln46_79 = or i1 %empty_44, i1 %tmp_155" [firmware/nnet_utils/nnet_activation.h:46]   --->   Operation 735 'or' 'or_ln46_79' <Predicate = (or_ln46_80 & icmp_ln45_26)> <Delay = 0.00> <CoreInst = "LogicGate">   --->   Core 74 'LogicGate' <Latency = 0> <II = 1> <Delay = 0.12> <FuncUnit> <Opcode : 'and' 'or' 'xor'> <InPorts = 2> <OutPorts = 1>
ST_1 : Operation 736 [1/1] (0.00ns) (grouped into LUT with out node res_26_0)   --->   "%xor_ln46_26 = xor i1 %empty_44, i1 1" [firmware/nnet_utils/nnet_activation.h:46]   --->   Operation 736 'xor' 'xor_ln46_26' <Predicate = (icmp_ln45_26)> <Delay = 0.00> <CoreInst = "LogicGate">   --->   Core 74 'LogicGate' <Latency = 0> <II = 1> <Delay = 0.12> <FuncUnit> <Opcode : 'and' 'or' 'xor'> <InPorts = 2> <OutPorts = 1>
ST_1 : Operation 737 [1/1] (0.00ns) (grouped into LUT with out node res_26_0)   --->   "%or_ln46_80 = or i1 %tmp_155, i1 %xor_ln46_26" [firmware/nnet_utils/nnet_activation.h:46]   --->   Operation 737 'or' 'or_ln46_80' <Predicate = (icmp_ln45_26)> <Delay = 0.00> <CoreInst = "LogicGate">   --->   Core 74 'LogicGate' <Latency = 0> <II = 1> <Delay = 0.12> <FuncUnit> <Opcode : 'and' 'or' 'xor'> <InPorts = 2> <OutPorts = 1>
ST_1 : Operation 738 [1/1] (0.00ns) (grouped into LUT with out node select_ln46_79)   --->   "%select_ln46_78 = select i1 %tmp_155, i6 0, i6 %add_ln46_26" [firmware/nnet_utils/nnet_activation.h:46]   --->   Operation 738 'select' 'select_ln46_78' <Predicate = (or_ln46_79 & or_ln46_80 & icmp_ln45_26)> <Delay = 0.00> <CoreInst = "Sel">   --->   Core 73 'Sel' <Latency = 0> <II = 1> <Delay = 0.29> <FuncUnit> <Opcode : 'select'> <InPorts = 3> <OutPorts = 1>
ST_1 : Operation 739 [1/1] (0.29ns) (out node of the LUT)   --->   "%select_ln46_79 = select i1 %or_ln46_79, i6 %select_ln46_78, i6 63" [firmware/nnet_utils/nnet_activation.h:46]   --->   Operation 739 'select' 'select_ln46_79' <Predicate = (or_ln46_80 & icmp_ln45_26)> <Delay = 0.29> <CoreInst = "Sel">   --->   Core 73 'Sel' <Latency = 0> <II = 1> <Delay = 0.29> <FuncUnit> <Opcode : 'select'> <InPorts = 3> <OutPorts = 1>
ST_1 : Operation 740 [1/1] (0.00ns) (grouped into LUT with out node res_26_0)   --->   "%select_ln46_80 = select i1 %or_ln46_80, i6 %select_ln46_79, i6 %add_ln46_26" [firmware/nnet_utils/nnet_activation.h:46]   --->   Operation 740 'select' 'select_ln46_80' <Predicate = (icmp_ln45_26)> <Delay = 0.00> <CoreInst = "Sel">   --->   Core 73 'Sel' <Latency = 0> <II = 1> <Delay = 0.29> <FuncUnit> <Opcode : 'select'> <InPorts = 3> <OutPorts = 1>
ST_1 : Operation 741 [1/1] (0.29ns) (out node of the LUT)   --->   "%res_26_0 = select i1 %icmp_ln45_26, i6 %select_ln46_80, i6 0" [firmware/nnet_utils/nnet_activation.h:45]   --->   Operation 741 'select' 'res_26_0' <Predicate = true> <Delay = 0.29> <CoreInst = "Sel">   --->   Core 73 'Sel' <Latency = 0> <II = 1> <Delay = 0.29> <FuncUnit> <Opcode : 'select'> <InPorts = 3> <OutPorts = 1>
ST_1 : Operation 742 [1/1] (0.85ns)   --->   "%icmp_ln45_27 = icmp_sgt  i27 %data_27_val_read, i27 0" [firmware/nnet_utils/nnet_activation.h:45]   --->   Operation 742 'icmp' 'icmp_ln45_27' <Predicate = true> <Delay = 0.85> <CoreInst = "Cmp">   --->   Core 9 'Cmp' <Latency = 0> <II = 1> <Delay = 0.85> <FuncUnit> <Opcode : 'seteq' 'setne' 'setle' 'setge' 'setlt' 'setgt'> <InPorts = 2> <OutPorts = 1>
ST_1 : Operation 743 [1/1] (0.00ns)   --->   "%tmp_161 = bitselect i1 @_ssdm_op_BitSelect.i1.i27.i32, i27 %data_27_val_read, i32 26" [firmware/nnet_utils/nnet_activation.h:46]   --->   Operation 743 'bitselect' 'tmp_161' <Predicate = (icmp_ln45_27)> <Delay = 0.00>
ST_1 : Operation 744 [1/1] (0.00ns) (grouped into LUT with out node add_ln46_27)   --->   "%trunc_ln46_26 = partselect i6 @_ssdm_op_PartSelect.i6.i27.i32.i32, i27 %data_27_val_read, i32 8, i32 13" [firmware/nnet_utils/nnet_activation.h:46]   --->   Operation 744 'partselect' 'trunc_ln46_26' <Predicate = (icmp_ln45_27)> <Delay = 0.00>
ST_1 : Operation 745 [1/1] (0.00ns) (grouped into LUT with out node add_ln46_27)   --->   "%tmp_162 = bitselect i1 @_ssdm_op_BitSelect.i1.i27.i32, i27 %data_27_val_read, i32 7" [firmware/nnet_utils/nnet_activation.h:46]   --->   Operation 745 'bitselect' 'tmp_162' <Predicate = (icmp_ln45_27)> <Delay = 0.00>
ST_1 : Operation 746 [1/1] (0.00ns)   --->   "%trunc_ln46_89 = trunc i27 %data_27_val_read" [firmware/nnet_utils/nnet_activation.h:46]   --->   Operation 746 'trunc' 'trunc_ln46_89' <Predicate = (icmp_ln45_27)> <Delay = 0.00>
ST_1 : Operation 747 [1/1] (0.70ns)   --->   "%icmp_ln46_54 = icmp_ne  i7 %trunc_ln46_89, i7 0" [firmware/nnet_utils/nnet_activation.h:46]   --->   Operation 747 'icmp' 'icmp_ln46_54' <Predicate = (icmp_ln45_27)> <Delay = 0.70> <CoreInst = "Cmp">   --->   Core 9 'Cmp' <Latency = 0> <II = 1> <Delay = 0.70> <FuncUnit> <Opcode : 'seteq' 'setne' 'setle' 'setge' 'setlt' 'setgt'> <InPorts = 2> <OutPorts = 1>
ST_1 : Operation 748 [1/1] (0.00ns) (grouped into LUT with out node empty_45)   --->   "%tmp_163 = bitselect i1 @_ssdm_op_BitSelect.i1.i27.i32, i27 %data_27_val_read, i32 13" [firmware/nnet_utils/nnet_activation.h:46]   --->   Operation 748 'bitselect' 'tmp_163' <Predicate = (icmp_ln45_27)> <Delay = 0.00>
ST_1 : Operation 749 [1/1] (0.00ns) (grouped into LUT with out node add_ln46_27)   --->   "%tmp_164 = bitselect i1 @_ssdm_op_BitSelect.i1.i27.i32, i27 %data_27_val_read, i32 8" [firmware/nnet_utils/nnet_activation.h:46]   --->   Operation 749 'bitselect' 'tmp_164' <Predicate = (icmp_ln45_27)> <Delay = 0.00>
ST_1 : Operation 750 [1/1] (0.00ns) (grouped into LUT with out node add_ln46_27)   --->   "%or_ln46_81 = or i1 %tmp_164, i1 %icmp_ln46_54" [firmware/nnet_utils/nnet_activation.h:46]   --->   Operation 750 'or' 'or_ln46_81' <Predicate = (icmp_ln45_27)> <Delay = 0.00> <CoreInst = "LogicGate">   --->   Core 74 'LogicGate' <Latency = 0> <II = 1> <Delay = 0.12> <FuncUnit> <Opcode : 'and' 'or' 'xor'> <InPorts = 2> <OutPorts = 1>
ST_1 : Operation 751 [1/1] (0.00ns) (grouped into LUT with out node add_ln46_27)   --->   "%and_ln46_54 = and i1 %or_ln46_81, i1 %tmp_162" [firmware/nnet_utils/nnet_activation.h:46]   --->   Operation 751 'and' 'and_ln46_54' <Predicate = (icmp_ln45_27)> <Delay = 0.00> <CoreInst = "LogicGate">   --->   Core 74 'LogicGate' <Latency = 0> <II = 1> <Delay = 0.12> <FuncUnit> <Opcode : 'and' 'or' 'xor'> <InPorts = 2> <OutPorts = 1>
ST_1 : Operation 752 [1/1] (0.00ns) (grouped into LUT with out node add_ln46_27)   --->   "%zext_ln46_27 = zext i1 %and_ln46_54" [firmware/nnet_utils/nnet_activation.h:46]   --->   Operation 752 'zext' 'zext_ln46_27' <Predicate = (icmp_ln45_27)> <Delay = 0.00>
ST_1 : Operation 753 [1/1] (0.70ns) (out node of the LUT)   --->   "%add_ln46_27 = add i6 %trunc_ln46_26, i6 %zext_ln46_27" [firmware/nnet_utils/nnet_activation.h:46]   --->   Operation 753 'add' 'add_ln46_27' <Predicate = (icmp_ln45_27)> <Delay = 0.70> <CoreInst = "Adder">   --->   Core 1 'Adder' <Latency = 0> <II = 1> <Delay = 0.70> <FuncUnit> <Opcode : 'add' 'sub'> <InPorts = 2> <OutPorts = 1>
ST_1 : Operation 754 [1/1] (0.00ns)   --->   "%tmp_165 = partselect i13 @_ssdm_op_PartSelect.i13.i27.i32.i32, i27 %data_27_val_read, i32 14, i32 26" [firmware/nnet_utils/nnet_activation.h:46]   --->   Operation 754 'partselect' 'tmp_165' <Predicate = (icmp_ln45_27)> <Delay = 0.00>
ST_1 : Operation 755 [1/1] (0.75ns)   --->   "%icmp_ln46_55 = icmp_eq  i13 %tmp_165, i13 0" [firmware/nnet_utils/nnet_activation.h:46]   --->   Operation 755 'icmp' 'icmp_ln46_55' <Predicate = (icmp_ln45_27)> <Delay = 0.75> <CoreInst = "Cmp">   --->   Core 9 'Cmp' <Latency = 0> <II = 1> <Delay = 0.75> <FuncUnit> <Opcode : 'seteq' 'setne' 'setle' 'setge' 'setlt' 'setgt'> <InPorts = 2> <OutPorts = 1>
ST_1 : Operation 756 [1/1] (0.00ns) (grouped into LUT with out node empty_45)   --->   "%tmp_166 = bitselect i1 @_ssdm_op_BitSelect.i1.i6.i32, i6 %add_ln46_27, i32 5" [firmware/nnet_utils/nnet_activation.h:46]   --->   Operation 756 'bitselect' 'tmp_166' <Predicate = (icmp_ln45_27)> <Delay = 0.00>
ST_1 : Operation 757 [1/1] (0.00ns) (grouped into LUT with out node empty_45)   --->   "%not_tmp_191 = xor i1 %tmp_163, i1 1" [firmware/nnet_utils/nnet_activation.h:46]   --->   Operation 757 'xor' 'not_tmp_191' <Predicate = (icmp_ln45_27)> <Delay = 0.00> <CoreInst = "LogicGate">   --->   Core 74 'LogicGate' <Latency = 0> <II = 1> <Delay = 0.12> <FuncUnit> <Opcode : 'and' 'or' 'xor'> <InPorts = 2> <OutPorts = 1>
ST_1 : Operation 758 [1/1] (0.00ns) (grouped into LUT with out node empty_45)   --->   "%and_ln46_55 = or i1 %tmp_166, i1 %not_tmp_191" [firmware/nnet_utils/nnet_activation.h:46]   --->   Operation 758 'or' 'and_ln46_55' <Predicate = (icmp_ln45_27)> <Delay = 0.00> <CoreInst = "LogicGate">   --->   Core 74 'LogicGate' <Latency = 0> <II = 1> <Delay = 0.12> <FuncUnit> <Opcode : 'and' 'or' 'xor'> <InPorts = 2> <OutPorts = 1>
ST_1 : Operation 759 [1/1] (0.12ns) (out node of the LUT)   --->   "%empty_45 = and i1 %icmp_ln46_55, i1 %and_ln46_55" [firmware/nnet_utils/nnet_activation.h:46]   --->   Operation 759 'and' 'empty_45' <Predicate = (icmp_ln45_27)> <Delay = 0.12> <CoreInst = "LogicGate">   --->   Core 74 'LogicGate' <Latency = 0> <II = 1> <Delay = 0.12> <FuncUnit> <Opcode : 'and' 'or' 'xor'> <InPorts = 2> <OutPorts = 1>
ST_1 : Operation 760 [1/1] (0.00ns) (grouped into LUT with out node select_ln46_82)   --->   "%or_ln46_82 = or i1 %empty_45, i1 %tmp_161" [firmware/nnet_utils/nnet_activation.h:46]   --->   Operation 760 'or' 'or_ln46_82' <Predicate = (or_ln46_83 & icmp_ln45_27)> <Delay = 0.00> <CoreInst = "LogicGate">   --->   Core 74 'LogicGate' <Latency = 0> <II = 1> <Delay = 0.12> <FuncUnit> <Opcode : 'and' 'or' 'xor'> <InPorts = 2> <OutPorts = 1>
ST_1 : Operation 761 [1/1] (0.00ns) (grouped into LUT with out node res_2786_0)   --->   "%xor_ln46_27 = xor i1 %empty_45, i1 1" [firmware/nnet_utils/nnet_activation.h:46]   --->   Operation 761 'xor' 'xor_ln46_27' <Predicate = (icmp_ln45_27)> <Delay = 0.00> <CoreInst = "LogicGate">   --->   Core 74 'LogicGate' <Latency = 0> <II = 1> <Delay = 0.12> <FuncUnit> <Opcode : 'and' 'or' 'xor'> <InPorts = 2> <OutPorts = 1>
ST_1 : Operation 762 [1/1] (0.00ns) (grouped into LUT with out node res_2786_0)   --->   "%or_ln46_83 = or i1 %tmp_161, i1 %xor_ln46_27" [firmware/nnet_utils/nnet_activation.h:46]   --->   Operation 762 'or' 'or_ln46_83' <Predicate = (icmp_ln45_27)> <Delay = 0.00> <CoreInst = "LogicGate">   --->   Core 74 'LogicGate' <Latency = 0> <II = 1> <Delay = 0.12> <FuncUnit> <Opcode : 'and' 'or' 'xor'> <InPorts = 2> <OutPorts = 1>
ST_1 : Operation 763 [1/1] (0.00ns) (grouped into LUT with out node select_ln46_82)   --->   "%select_ln46_81 = select i1 %tmp_161, i6 0, i6 %add_ln46_27" [firmware/nnet_utils/nnet_activation.h:46]   --->   Operation 763 'select' 'select_ln46_81' <Predicate = (or_ln46_82 & or_ln46_83 & icmp_ln45_27)> <Delay = 0.00> <CoreInst = "Sel">   --->   Core 73 'Sel' <Latency = 0> <II = 1> <Delay = 0.29> <FuncUnit> <Opcode : 'select'> <InPorts = 3> <OutPorts = 1>
ST_1 : Operation 764 [1/1] (0.29ns) (out node of the LUT)   --->   "%select_ln46_82 = select i1 %or_ln46_82, i6 %select_ln46_81, i6 63" [firmware/nnet_utils/nnet_activation.h:46]   --->   Operation 764 'select' 'select_ln46_82' <Predicate = (or_ln46_83 & icmp_ln45_27)> <Delay = 0.29> <CoreInst = "Sel">   --->   Core 73 'Sel' <Latency = 0> <II = 1> <Delay = 0.29> <FuncUnit> <Opcode : 'select'> <InPorts = 3> <OutPorts = 1>
ST_1 : Operation 765 [1/1] (0.00ns) (grouped into LUT with out node res_2786_0)   --->   "%select_ln46_83 = select i1 %or_ln46_83, i6 %select_ln46_82, i6 %add_ln46_27" [firmware/nnet_utils/nnet_activation.h:46]   --->   Operation 765 'select' 'select_ln46_83' <Predicate = (icmp_ln45_27)> <Delay = 0.00> <CoreInst = "Sel">   --->   Core 73 'Sel' <Latency = 0> <II = 1> <Delay = 0.29> <FuncUnit> <Opcode : 'select'> <InPorts = 3> <OutPorts = 1>
ST_1 : Operation 766 [1/1] (0.29ns) (out node of the LUT)   --->   "%res_2786_0 = select i1 %icmp_ln45_27, i6 %select_ln46_83, i6 0" [firmware/nnet_utils/nnet_activation.h:45]   --->   Operation 766 'select' 'res_2786_0' <Predicate = true> <Delay = 0.29> <CoreInst = "Sel">   --->   Core 73 'Sel' <Latency = 0> <II = 1> <Delay = 0.29> <FuncUnit> <Opcode : 'select'> <InPorts = 3> <OutPorts = 1>
ST_1 : Operation 767 [1/1] (0.85ns)   --->   "%icmp_ln45_28 = icmp_sgt  i27 %data_28_val_read, i27 0" [firmware/nnet_utils/nnet_activation.h:45]   --->   Operation 767 'icmp' 'icmp_ln45_28' <Predicate = true> <Delay = 0.85> <CoreInst = "Cmp">   --->   Core 9 'Cmp' <Latency = 0> <II = 1> <Delay = 0.85> <FuncUnit> <Opcode : 'seteq' 'setne' 'setle' 'setge' 'setlt' 'setgt'> <InPorts = 2> <OutPorts = 1>
ST_1 : Operation 768 [1/1] (0.00ns)   --->   "%tmp_167 = bitselect i1 @_ssdm_op_BitSelect.i1.i27.i32, i27 %data_28_val_read, i32 26" [firmware/nnet_utils/nnet_activation.h:46]   --->   Operation 768 'bitselect' 'tmp_167' <Predicate = (icmp_ln45_28)> <Delay = 0.00>
ST_1 : Operation 769 [1/1] (0.00ns) (grouped into LUT with out node add_ln46_28)   --->   "%trunc_ln46_27 = partselect i6 @_ssdm_op_PartSelect.i6.i27.i32.i32, i27 %data_28_val_read, i32 8, i32 13" [firmware/nnet_utils/nnet_activation.h:46]   --->   Operation 769 'partselect' 'trunc_ln46_27' <Predicate = (icmp_ln45_28)> <Delay = 0.00>
ST_1 : Operation 770 [1/1] (0.00ns) (grouped into LUT with out node add_ln46_28)   --->   "%tmp_168 = bitselect i1 @_ssdm_op_BitSelect.i1.i27.i32, i27 %data_28_val_read, i32 7" [firmware/nnet_utils/nnet_activation.h:46]   --->   Operation 770 'bitselect' 'tmp_168' <Predicate = (icmp_ln45_28)> <Delay = 0.00>
ST_1 : Operation 771 [1/1] (0.00ns)   --->   "%trunc_ln46_90 = trunc i27 %data_28_val_read" [firmware/nnet_utils/nnet_activation.h:46]   --->   Operation 771 'trunc' 'trunc_ln46_90' <Predicate = (icmp_ln45_28)> <Delay = 0.00>
ST_1 : Operation 772 [1/1] (0.70ns)   --->   "%icmp_ln46_56 = icmp_ne  i7 %trunc_ln46_90, i7 0" [firmware/nnet_utils/nnet_activation.h:46]   --->   Operation 772 'icmp' 'icmp_ln46_56' <Predicate = (icmp_ln45_28)> <Delay = 0.70> <CoreInst = "Cmp">   --->   Core 9 'Cmp' <Latency = 0> <II = 1> <Delay = 0.70> <FuncUnit> <Opcode : 'seteq' 'setne' 'setle' 'setge' 'setlt' 'setgt'> <InPorts = 2> <OutPorts = 1>
ST_1 : Operation 773 [1/1] (0.00ns) (grouped into LUT with out node empty_46)   --->   "%tmp_169 = bitselect i1 @_ssdm_op_BitSelect.i1.i27.i32, i27 %data_28_val_read, i32 13" [firmware/nnet_utils/nnet_activation.h:46]   --->   Operation 773 'bitselect' 'tmp_169' <Predicate = (icmp_ln45_28)> <Delay = 0.00>
ST_1 : Operation 774 [1/1] (0.00ns) (grouped into LUT with out node add_ln46_28)   --->   "%tmp_170 = bitselect i1 @_ssdm_op_BitSelect.i1.i27.i32, i27 %data_28_val_read, i32 8" [firmware/nnet_utils/nnet_activation.h:46]   --->   Operation 774 'bitselect' 'tmp_170' <Predicate = (icmp_ln45_28)> <Delay = 0.00>
ST_1 : Operation 775 [1/1] (0.00ns) (grouped into LUT with out node add_ln46_28)   --->   "%or_ln46_84 = or i1 %tmp_170, i1 %icmp_ln46_56" [firmware/nnet_utils/nnet_activation.h:46]   --->   Operation 775 'or' 'or_ln46_84' <Predicate = (icmp_ln45_28)> <Delay = 0.00> <CoreInst = "LogicGate">   --->   Core 74 'LogicGate' <Latency = 0> <II = 1> <Delay = 0.12> <FuncUnit> <Opcode : 'and' 'or' 'xor'> <InPorts = 2> <OutPorts = 1>
ST_1 : Operation 776 [1/1] (0.00ns) (grouped into LUT with out node add_ln46_28)   --->   "%and_ln46_56 = and i1 %or_ln46_84, i1 %tmp_168" [firmware/nnet_utils/nnet_activation.h:46]   --->   Operation 776 'and' 'and_ln46_56' <Predicate = (icmp_ln45_28)> <Delay = 0.00> <CoreInst = "LogicGate">   --->   Core 74 'LogicGate' <Latency = 0> <II = 1> <Delay = 0.12> <FuncUnit> <Opcode : 'and' 'or' 'xor'> <InPorts = 2> <OutPorts = 1>
ST_1 : Operation 777 [1/1] (0.00ns) (grouped into LUT with out node add_ln46_28)   --->   "%zext_ln46_28 = zext i1 %and_ln46_56" [firmware/nnet_utils/nnet_activation.h:46]   --->   Operation 777 'zext' 'zext_ln46_28' <Predicate = (icmp_ln45_28)> <Delay = 0.00>
ST_1 : Operation 778 [1/1] (0.70ns) (out node of the LUT)   --->   "%add_ln46_28 = add i6 %trunc_ln46_27, i6 %zext_ln46_28" [firmware/nnet_utils/nnet_activation.h:46]   --->   Operation 778 'add' 'add_ln46_28' <Predicate = (icmp_ln45_28)> <Delay = 0.70> <CoreInst = "Adder">   --->   Core 1 'Adder' <Latency = 0> <II = 1> <Delay = 0.70> <FuncUnit> <Opcode : 'add' 'sub'> <InPorts = 2> <OutPorts = 1>
ST_1 : Operation 779 [1/1] (0.00ns)   --->   "%tmp_171 = partselect i13 @_ssdm_op_PartSelect.i13.i27.i32.i32, i27 %data_28_val_read, i32 14, i32 26" [firmware/nnet_utils/nnet_activation.h:46]   --->   Operation 779 'partselect' 'tmp_171' <Predicate = (icmp_ln45_28)> <Delay = 0.00>
ST_1 : Operation 780 [1/1] (0.75ns)   --->   "%icmp_ln46_57 = icmp_eq  i13 %tmp_171, i13 0" [firmware/nnet_utils/nnet_activation.h:46]   --->   Operation 780 'icmp' 'icmp_ln46_57' <Predicate = (icmp_ln45_28)> <Delay = 0.75> <CoreInst = "Cmp">   --->   Core 9 'Cmp' <Latency = 0> <II = 1> <Delay = 0.75> <FuncUnit> <Opcode : 'seteq' 'setne' 'setle' 'setge' 'setlt' 'setgt'> <InPorts = 2> <OutPorts = 1>
ST_1 : Operation 781 [1/1] (0.00ns) (grouped into LUT with out node empty_46)   --->   "%tmp_172 = bitselect i1 @_ssdm_op_BitSelect.i1.i6.i32, i6 %add_ln46_28, i32 5" [firmware/nnet_utils/nnet_activation.h:46]   --->   Operation 781 'bitselect' 'tmp_172' <Predicate = (icmp_ln45_28)> <Delay = 0.00>
ST_1 : Operation 782 [1/1] (0.00ns) (grouped into LUT with out node empty_46)   --->   "%not_tmp_198 = xor i1 %tmp_169, i1 1" [firmware/nnet_utils/nnet_activation.h:46]   --->   Operation 782 'xor' 'not_tmp_198' <Predicate = (icmp_ln45_28)> <Delay = 0.00> <CoreInst = "LogicGate">   --->   Core 74 'LogicGate' <Latency = 0> <II = 1> <Delay = 0.12> <FuncUnit> <Opcode : 'and' 'or' 'xor'> <InPorts = 2> <OutPorts = 1>
ST_1 : Operation 783 [1/1] (0.00ns) (grouped into LUT with out node empty_46)   --->   "%and_ln46_57 = or i1 %tmp_172, i1 %not_tmp_198" [firmware/nnet_utils/nnet_activation.h:46]   --->   Operation 783 'or' 'and_ln46_57' <Predicate = (icmp_ln45_28)> <Delay = 0.00> <CoreInst = "LogicGate">   --->   Core 74 'LogicGate' <Latency = 0> <II = 1> <Delay = 0.12> <FuncUnit> <Opcode : 'and' 'or' 'xor'> <InPorts = 2> <OutPorts = 1>
ST_1 : Operation 784 [1/1] (0.12ns) (out node of the LUT)   --->   "%empty_46 = and i1 %icmp_ln46_57, i1 %and_ln46_57" [firmware/nnet_utils/nnet_activation.h:46]   --->   Operation 784 'and' 'empty_46' <Predicate = (icmp_ln45_28)> <Delay = 0.12> <CoreInst = "LogicGate">   --->   Core 74 'LogicGate' <Latency = 0> <II = 1> <Delay = 0.12> <FuncUnit> <Opcode : 'and' 'or' 'xor'> <InPorts = 2> <OutPorts = 1>
ST_1 : Operation 785 [1/1] (0.00ns) (grouped into LUT with out node select_ln46_85)   --->   "%or_ln46_85 = or i1 %empty_46, i1 %tmp_167" [firmware/nnet_utils/nnet_activation.h:46]   --->   Operation 785 'or' 'or_ln46_85' <Predicate = (or_ln46_86 & icmp_ln45_28)> <Delay = 0.00> <CoreInst = "LogicGate">   --->   Core 74 'LogicGate' <Latency = 0> <II = 1> <Delay = 0.12> <FuncUnit> <Opcode : 'and' 'or' 'xor'> <InPorts = 2> <OutPorts = 1>
ST_1 : Operation 786 [1/1] (0.00ns) (grouped into LUT with out node res_28_0)   --->   "%xor_ln46_28 = xor i1 %empty_46, i1 1" [firmware/nnet_utils/nnet_activation.h:46]   --->   Operation 786 'xor' 'xor_ln46_28' <Predicate = (icmp_ln45_28)> <Delay = 0.00> <CoreInst = "LogicGate">   --->   Core 74 'LogicGate' <Latency = 0> <II = 1> <Delay = 0.12> <FuncUnit> <Opcode : 'and' 'or' 'xor'> <InPorts = 2> <OutPorts = 1>
ST_1 : Operation 787 [1/1] (0.00ns) (grouped into LUT with out node res_28_0)   --->   "%or_ln46_86 = or i1 %tmp_167, i1 %xor_ln46_28" [firmware/nnet_utils/nnet_activation.h:46]   --->   Operation 787 'or' 'or_ln46_86' <Predicate = (icmp_ln45_28)> <Delay = 0.00> <CoreInst = "LogicGate">   --->   Core 74 'LogicGate' <Latency = 0> <II = 1> <Delay = 0.12> <FuncUnit> <Opcode : 'and' 'or' 'xor'> <InPorts = 2> <OutPorts = 1>
ST_1 : Operation 788 [1/1] (0.00ns) (grouped into LUT with out node select_ln46_85)   --->   "%select_ln46_84 = select i1 %tmp_167, i6 0, i6 %add_ln46_28" [firmware/nnet_utils/nnet_activation.h:46]   --->   Operation 788 'select' 'select_ln46_84' <Predicate = (or_ln46_85 & or_ln46_86 & icmp_ln45_28)> <Delay = 0.00> <CoreInst = "Sel">   --->   Core 73 'Sel' <Latency = 0> <II = 1> <Delay = 0.29> <FuncUnit> <Opcode : 'select'> <InPorts = 3> <OutPorts = 1>
ST_1 : Operation 789 [1/1] (0.29ns) (out node of the LUT)   --->   "%select_ln46_85 = select i1 %or_ln46_85, i6 %select_ln46_84, i6 63" [firmware/nnet_utils/nnet_activation.h:46]   --->   Operation 789 'select' 'select_ln46_85' <Predicate = (or_ln46_86 & icmp_ln45_28)> <Delay = 0.29> <CoreInst = "Sel">   --->   Core 73 'Sel' <Latency = 0> <II = 1> <Delay = 0.29> <FuncUnit> <Opcode : 'select'> <InPorts = 3> <OutPorts = 1>
ST_1 : Operation 790 [1/1] (0.00ns) (grouped into LUT with out node res_28_0)   --->   "%select_ln46_86 = select i1 %or_ln46_86, i6 %select_ln46_85, i6 %add_ln46_28" [firmware/nnet_utils/nnet_activation.h:46]   --->   Operation 790 'select' 'select_ln46_86' <Predicate = (icmp_ln45_28)> <Delay = 0.00> <CoreInst = "Sel">   --->   Core 73 'Sel' <Latency = 0> <II = 1> <Delay = 0.29> <FuncUnit> <Opcode : 'select'> <InPorts = 3> <OutPorts = 1>
ST_1 : Operation 791 [1/1] (0.29ns) (out node of the LUT)   --->   "%res_28_0 = select i1 %icmp_ln45_28, i6 %select_ln46_86, i6 0" [firmware/nnet_utils/nnet_activation.h:45]   --->   Operation 791 'select' 'res_28_0' <Predicate = true> <Delay = 0.29> <CoreInst = "Sel">   --->   Core 73 'Sel' <Latency = 0> <II = 1> <Delay = 0.29> <FuncUnit> <Opcode : 'select'> <InPorts = 3> <OutPorts = 1>
ST_1 : Operation 792 [1/1] (0.85ns)   --->   "%icmp_ln45_29 = icmp_sgt  i27 %data_29_val_read, i27 0" [firmware/nnet_utils/nnet_activation.h:45]   --->   Operation 792 'icmp' 'icmp_ln45_29' <Predicate = true> <Delay = 0.85> <CoreInst = "Cmp">   --->   Core 9 'Cmp' <Latency = 0> <II = 1> <Delay = 0.85> <FuncUnit> <Opcode : 'seteq' 'setne' 'setle' 'setge' 'setlt' 'setgt'> <InPorts = 2> <OutPorts = 1>
ST_1 : Operation 793 [1/1] (0.00ns)   --->   "%tmp_173 = bitselect i1 @_ssdm_op_BitSelect.i1.i27.i32, i27 %data_29_val_read, i32 26" [firmware/nnet_utils/nnet_activation.h:46]   --->   Operation 793 'bitselect' 'tmp_173' <Predicate = (icmp_ln45_29)> <Delay = 0.00>
ST_1 : Operation 794 [1/1] (0.00ns) (grouped into LUT with out node add_ln46_29)   --->   "%trunc_ln46_28 = partselect i6 @_ssdm_op_PartSelect.i6.i27.i32.i32, i27 %data_29_val_read, i32 8, i32 13" [firmware/nnet_utils/nnet_activation.h:46]   --->   Operation 794 'partselect' 'trunc_ln46_28' <Predicate = (icmp_ln45_29)> <Delay = 0.00>
ST_1 : Operation 795 [1/1] (0.00ns) (grouped into LUT with out node add_ln46_29)   --->   "%tmp_174 = bitselect i1 @_ssdm_op_BitSelect.i1.i27.i32, i27 %data_29_val_read, i32 7" [firmware/nnet_utils/nnet_activation.h:46]   --->   Operation 795 'bitselect' 'tmp_174' <Predicate = (icmp_ln45_29)> <Delay = 0.00>
ST_1 : Operation 796 [1/1] (0.00ns)   --->   "%trunc_ln46_91 = trunc i27 %data_29_val_read" [firmware/nnet_utils/nnet_activation.h:46]   --->   Operation 796 'trunc' 'trunc_ln46_91' <Predicate = (icmp_ln45_29)> <Delay = 0.00>
ST_1 : Operation 797 [1/1] (0.70ns)   --->   "%icmp_ln46_58 = icmp_ne  i7 %trunc_ln46_91, i7 0" [firmware/nnet_utils/nnet_activation.h:46]   --->   Operation 797 'icmp' 'icmp_ln46_58' <Predicate = (icmp_ln45_29)> <Delay = 0.70> <CoreInst = "Cmp">   --->   Core 9 'Cmp' <Latency = 0> <II = 1> <Delay = 0.70> <FuncUnit> <Opcode : 'seteq' 'setne' 'setle' 'setge' 'setlt' 'setgt'> <InPorts = 2> <OutPorts = 1>
ST_1 : Operation 798 [1/1] (0.00ns) (grouped into LUT with out node empty_47)   --->   "%tmp_175 = bitselect i1 @_ssdm_op_BitSelect.i1.i27.i32, i27 %data_29_val_read, i32 13" [firmware/nnet_utils/nnet_activation.h:46]   --->   Operation 798 'bitselect' 'tmp_175' <Predicate = (icmp_ln45_29)> <Delay = 0.00>
ST_1 : Operation 799 [1/1] (0.00ns) (grouped into LUT with out node add_ln46_29)   --->   "%tmp_176 = bitselect i1 @_ssdm_op_BitSelect.i1.i27.i32, i27 %data_29_val_read, i32 8" [firmware/nnet_utils/nnet_activation.h:46]   --->   Operation 799 'bitselect' 'tmp_176' <Predicate = (icmp_ln45_29)> <Delay = 0.00>
ST_1 : Operation 800 [1/1] (0.00ns) (grouped into LUT with out node add_ln46_29)   --->   "%or_ln46_87 = or i1 %tmp_176, i1 %icmp_ln46_58" [firmware/nnet_utils/nnet_activation.h:46]   --->   Operation 800 'or' 'or_ln46_87' <Predicate = (icmp_ln45_29)> <Delay = 0.00> <CoreInst = "LogicGate">   --->   Core 74 'LogicGate' <Latency = 0> <II = 1> <Delay = 0.12> <FuncUnit> <Opcode : 'and' 'or' 'xor'> <InPorts = 2> <OutPorts = 1>
ST_1 : Operation 801 [1/1] (0.00ns) (grouped into LUT with out node add_ln46_29)   --->   "%and_ln46_58 = and i1 %or_ln46_87, i1 %tmp_174" [firmware/nnet_utils/nnet_activation.h:46]   --->   Operation 801 'and' 'and_ln46_58' <Predicate = (icmp_ln45_29)> <Delay = 0.00> <CoreInst = "LogicGate">   --->   Core 74 'LogicGate' <Latency = 0> <II = 1> <Delay = 0.12> <FuncUnit> <Opcode : 'and' 'or' 'xor'> <InPorts = 2> <OutPorts = 1>
ST_1 : Operation 802 [1/1] (0.00ns) (grouped into LUT with out node add_ln46_29)   --->   "%zext_ln46_29 = zext i1 %and_ln46_58" [firmware/nnet_utils/nnet_activation.h:46]   --->   Operation 802 'zext' 'zext_ln46_29' <Predicate = (icmp_ln45_29)> <Delay = 0.00>
ST_1 : Operation 803 [1/1] (0.70ns) (out node of the LUT)   --->   "%add_ln46_29 = add i6 %trunc_ln46_28, i6 %zext_ln46_29" [firmware/nnet_utils/nnet_activation.h:46]   --->   Operation 803 'add' 'add_ln46_29' <Predicate = (icmp_ln45_29)> <Delay = 0.70> <CoreInst = "Adder">   --->   Core 1 'Adder' <Latency = 0> <II = 1> <Delay = 0.70> <FuncUnit> <Opcode : 'add' 'sub'> <InPorts = 2> <OutPorts = 1>
ST_1 : Operation 804 [1/1] (0.00ns)   --->   "%tmp_177 = partselect i13 @_ssdm_op_PartSelect.i13.i27.i32.i32, i27 %data_29_val_read, i32 14, i32 26" [firmware/nnet_utils/nnet_activation.h:46]   --->   Operation 804 'partselect' 'tmp_177' <Predicate = (icmp_ln45_29)> <Delay = 0.00>
ST_1 : Operation 805 [1/1] (0.75ns)   --->   "%icmp_ln46_59 = icmp_eq  i13 %tmp_177, i13 0" [firmware/nnet_utils/nnet_activation.h:46]   --->   Operation 805 'icmp' 'icmp_ln46_59' <Predicate = (icmp_ln45_29)> <Delay = 0.75> <CoreInst = "Cmp">   --->   Core 9 'Cmp' <Latency = 0> <II = 1> <Delay = 0.75> <FuncUnit> <Opcode : 'seteq' 'setne' 'setle' 'setge' 'setlt' 'setgt'> <InPorts = 2> <OutPorts = 1>
ST_1 : Operation 806 [1/1] (0.00ns) (grouped into LUT with out node empty_47)   --->   "%tmp_178 = bitselect i1 @_ssdm_op_BitSelect.i1.i6.i32, i6 %add_ln46_29, i32 5" [firmware/nnet_utils/nnet_activation.h:46]   --->   Operation 806 'bitselect' 'tmp_178' <Predicate = (icmp_ln45_29)> <Delay = 0.00>
ST_1 : Operation 807 [1/1] (0.00ns) (grouped into LUT with out node empty_47)   --->   "%not_tmp_205 = xor i1 %tmp_175, i1 1" [firmware/nnet_utils/nnet_activation.h:46]   --->   Operation 807 'xor' 'not_tmp_205' <Predicate = (icmp_ln45_29)> <Delay = 0.00> <CoreInst = "LogicGate">   --->   Core 74 'LogicGate' <Latency = 0> <II = 1> <Delay = 0.12> <FuncUnit> <Opcode : 'and' 'or' 'xor'> <InPorts = 2> <OutPorts = 1>
ST_1 : Operation 808 [1/1] (0.00ns) (grouped into LUT with out node empty_47)   --->   "%and_ln46_59 = or i1 %tmp_178, i1 %not_tmp_205" [firmware/nnet_utils/nnet_activation.h:46]   --->   Operation 808 'or' 'and_ln46_59' <Predicate = (icmp_ln45_29)> <Delay = 0.00> <CoreInst = "LogicGate">   --->   Core 74 'LogicGate' <Latency = 0> <II = 1> <Delay = 0.12> <FuncUnit> <Opcode : 'and' 'or' 'xor'> <InPorts = 2> <OutPorts = 1>
ST_1 : Operation 809 [1/1] (0.12ns) (out node of the LUT)   --->   "%empty_47 = and i1 %icmp_ln46_59, i1 %and_ln46_59" [firmware/nnet_utils/nnet_activation.h:46]   --->   Operation 809 'and' 'empty_47' <Predicate = (icmp_ln45_29)> <Delay = 0.12> <CoreInst = "LogicGate">   --->   Core 74 'LogicGate' <Latency = 0> <II = 1> <Delay = 0.12> <FuncUnit> <Opcode : 'and' 'or' 'xor'> <InPorts = 2> <OutPorts = 1>
ST_1 : Operation 810 [1/1] (0.00ns) (grouped into LUT with out node select_ln46_88)   --->   "%or_ln46_88 = or i1 %empty_47, i1 %tmp_173" [firmware/nnet_utils/nnet_activation.h:46]   --->   Operation 810 'or' 'or_ln46_88' <Predicate = (or_ln46_89 & icmp_ln45_29)> <Delay = 0.00> <CoreInst = "LogicGate">   --->   Core 74 'LogicGate' <Latency = 0> <II = 1> <Delay = 0.12> <FuncUnit> <Opcode : 'and' 'or' 'xor'> <InPorts = 2> <OutPorts = 1>
ST_1 : Operation 811 [1/1] (0.00ns) (grouped into LUT with out node res_29_0)   --->   "%xor_ln46_29 = xor i1 %empty_47, i1 1" [firmware/nnet_utils/nnet_activation.h:46]   --->   Operation 811 'xor' 'xor_ln46_29' <Predicate = (icmp_ln45_29)> <Delay = 0.00> <CoreInst = "LogicGate">   --->   Core 74 'LogicGate' <Latency = 0> <II = 1> <Delay = 0.12> <FuncUnit> <Opcode : 'and' 'or' 'xor'> <InPorts = 2> <OutPorts = 1>
ST_1 : Operation 812 [1/1] (0.00ns) (grouped into LUT with out node res_29_0)   --->   "%or_ln46_89 = or i1 %tmp_173, i1 %xor_ln46_29" [firmware/nnet_utils/nnet_activation.h:46]   --->   Operation 812 'or' 'or_ln46_89' <Predicate = (icmp_ln45_29)> <Delay = 0.00> <CoreInst = "LogicGate">   --->   Core 74 'LogicGate' <Latency = 0> <II = 1> <Delay = 0.12> <FuncUnit> <Opcode : 'and' 'or' 'xor'> <InPorts = 2> <OutPorts = 1>
ST_1 : Operation 813 [1/1] (0.00ns) (grouped into LUT with out node select_ln46_88)   --->   "%select_ln46_87 = select i1 %tmp_173, i6 0, i6 %add_ln46_29" [firmware/nnet_utils/nnet_activation.h:46]   --->   Operation 813 'select' 'select_ln46_87' <Predicate = (or_ln46_88 & or_ln46_89 & icmp_ln45_29)> <Delay = 0.00> <CoreInst = "Sel">   --->   Core 73 'Sel' <Latency = 0> <II = 1> <Delay = 0.29> <FuncUnit> <Opcode : 'select'> <InPorts = 3> <OutPorts = 1>
ST_1 : Operation 814 [1/1] (0.29ns) (out node of the LUT)   --->   "%select_ln46_88 = select i1 %or_ln46_88, i6 %select_ln46_87, i6 63" [firmware/nnet_utils/nnet_activation.h:46]   --->   Operation 814 'select' 'select_ln46_88' <Predicate = (or_ln46_89 & icmp_ln45_29)> <Delay = 0.29> <CoreInst = "Sel">   --->   Core 73 'Sel' <Latency = 0> <II = 1> <Delay = 0.29> <FuncUnit> <Opcode : 'select'> <InPorts = 3> <OutPorts = 1>
ST_1 : Operation 815 [1/1] (0.00ns) (grouped into LUT with out node res_29_0)   --->   "%select_ln46_89 = select i1 %or_ln46_89, i6 %select_ln46_88, i6 %add_ln46_29" [firmware/nnet_utils/nnet_activation.h:46]   --->   Operation 815 'select' 'select_ln46_89' <Predicate = (icmp_ln45_29)> <Delay = 0.00> <CoreInst = "Sel">   --->   Core 73 'Sel' <Latency = 0> <II = 1> <Delay = 0.29> <FuncUnit> <Opcode : 'select'> <InPorts = 3> <OutPorts = 1>
ST_1 : Operation 816 [1/1] (0.29ns) (out node of the LUT)   --->   "%res_29_0 = select i1 %icmp_ln45_29, i6 %select_ln46_89, i6 0" [firmware/nnet_utils/nnet_activation.h:45]   --->   Operation 816 'select' 'res_29_0' <Predicate = true> <Delay = 0.29> <CoreInst = "Sel">   --->   Core 73 'Sel' <Latency = 0> <II = 1> <Delay = 0.29> <FuncUnit> <Opcode : 'select'> <InPorts = 3> <OutPorts = 1>
ST_1 : Operation 817 [1/1] (0.85ns)   --->   "%icmp_ln45_30 = icmp_sgt  i27 %data_30_val_read, i27 0" [firmware/nnet_utils/nnet_activation.h:45]   --->   Operation 817 'icmp' 'icmp_ln45_30' <Predicate = true> <Delay = 0.85> <CoreInst = "Cmp">   --->   Core 9 'Cmp' <Latency = 0> <II = 1> <Delay = 0.85> <FuncUnit> <Opcode : 'seteq' 'setne' 'setle' 'setge' 'setlt' 'setgt'> <InPorts = 2> <OutPorts = 1>
ST_1 : Operation 818 [1/1] (0.00ns)   --->   "%tmp_179 = bitselect i1 @_ssdm_op_BitSelect.i1.i27.i32, i27 %data_30_val_read, i32 26" [firmware/nnet_utils/nnet_activation.h:46]   --->   Operation 818 'bitselect' 'tmp_179' <Predicate = (icmp_ln45_30)> <Delay = 0.00>
ST_1 : Operation 819 [1/1] (0.00ns) (grouped into LUT with out node add_ln46_30)   --->   "%trunc_ln46_29 = partselect i6 @_ssdm_op_PartSelect.i6.i27.i32.i32, i27 %data_30_val_read, i32 8, i32 13" [firmware/nnet_utils/nnet_activation.h:46]   --->   Operation 819 'partselect' 'trunc_ln46_29' <Predicate = (icmp_ln45_30)> <Delay = 0.00>
ST_1 : Operation 820 [1/1] (0.00ns) (grouped into LUT with out node add_ln46_30)   --->   "%tmp_180 = bitselect i1 @_ssdm_op_BitSelect.i1.i27.i32, i27 %data_30_val_read, i32 7" [firmware/nnet_utils/nnet_activation.h:46]   --->   Operation 820 'bitselect' 'tmp_180' <Predicate = (icmp_ln45_30)> <Delay = 0.00>
ST_1 : Operation 821 [1/1] (0.00ns)   --->   "%trunc_ln46_92 = trunc i27 %data_30_val_read" [firmware/nnet_utils/nnet_activation.h:46]   --->   Operation 821 'trunc' 'trunc_ln46_92' <Predicate = (icmp_ln45_30)> <Delay = 0.00>
ST_1 : Operation 822 [1/1] (0.70ns)   --->   "%icmp_ln46_60 = icmp_ne  i7 %trunc_ln46_92, i7 0" [firmware/nnet_utils/nnet_activation.h:46]   --->   Operation 822 'icmp' 'icmp_ln46_60' <Predicate = (icmp_ln45_30)> <Delay = 0.70> <CoreInst = "Cmp">   --->   Core 9 'Cmp' <Latency = 0> <II = 1> <Delay = 0.70> <FuncUnit> <Opcode : 'seteq' 'setne' 'setle' 'setge' 'setlt' 'setgt'> <InPorts = 2> <OutPorts = 1>
ST_1 : Operation 823 [1/1] (0.00ns) (grouped into LUT with out node empty_48)   --->   "%tmp_181 = bitselect i1 @_ssdm_op_BitSelect.i1.i27.i32, i27 %data_30_val_read, i32 13" [firmware/nnet_utils/nnet_activation.h:46]   --->   Operation 823 'bitselect' 'tmp_181' <Predicate = (icmp_ln45_30)> <Delay = 0.00>
ST_1 : Operation 824 [1/1] (0.00ns) (grouped into LUT with out node add_ln46_30)   --->   "%tmp_182 = bitselect i1 @_ssdm_op_BitSelect.i1.i27.i32, i27 %data_30_val_read, i32 8" [firmware/nnet_utils/nnet_activation.h:46]   --->   Operation 824 'bitselect' 'tmp_182' <Predicate = (icmp_ln45_30)> <Delay = 0.00>
ST_1 : Operation 825 [1/1] (0.00ns) (grouped into LUT with out node add_ln46_30)   --->   "%or_ln46_90 = or i1 %tmp_182, i1 %icmp_ln46_60" [firmware/nnet_utils/nnet_activation.h:46]   --->   Operation 825 'or' 'or_ln46_90' <Predicate = (icmp_ln45_30)> <Delay = 0.00> <CoreInst = "LogicGate">   --->   Core 74 'LogicGate' <Latency = 0> <II = 1> <Delay = 0.12> <FuncUnit> <Opcode : 'and' 'or' 'xor'> <InPorts = 2> <OutPorts = 1>
ST_1 : Operation 826 [1/1] (0.00ns) (grouped into LUT with out node add_ln46_30)   --->   "%and_ln46_60 = and i1 %or_ln46_90, i1 %tmp_180" [firmware/nnet_utils/nnet_activation.h:46]   --->   Operation 826 'and' 'and_ln46_60' <Predicate = (icmp_ln45_30)> <Delay = 0.00> <CoreInst = "LogicGate">   --->   Core 74 'LogicGate' <Latency = 0> <II = 1> <Delay = 0.12> <FuncUnit> <Opcode : 'and' 'or' 'xor'> <InPorts = 2> <OutPorts = 1>
ST_1 : Operation 827 [1/1] (0.00ns) (grouped into LUT with out node add_ln46_30)   --->   "%zext_ln46_30 = zext i1 %and_ln46_60" [firmware/nnet_utils/nnet_activation.h:46]   --->   Operation 827 'zext' 'zext_ln46_30' <Predicate = (icmp_ln45_30)> <Delay = 0.00>
ST_1 : Operation 828 [1/1] (0.70ns) (out node of the LUT)   --->   "%add_ln46_30 = add i6 %trunc_ln46_29, i6 %zext_ln46_30" [firmware/nnet_utils/nnet_activation.h:46]   --->   Operation 828 'add' 'add_ln46_30' <Predicate = (icmp_ln45_30)> <Delay = 0.70> <CoreInst = "Adder">   --->   Core 1 'Adder' <Latency = 0> <II = 1> <Delay = 0.70> <FuncUnit> <Opcode : 'add' 'sub'> <InPorts = 2> <OutPorts = 1>
ST_1 : Operation 829 [1/1] (0.00ns)   --->   "%tmp_183 = partselect i13 @_ssdm_op_PartSelect.i13.i27.i32.i32, i27 %data_30_val_read, i32 14, i32 26" [firmware/nnet_utils/nnet_activation.h:46]   --->   Operation 829 'partselect' 'tmp_183' <Predicate = (icmp_ln45_30)> <Delay = 0.00>
ST_1 : Operation 830 [1/1] (0.75ns)   --->   "%icmp_ln46_61 = icmp_eq  i13 %tmp_183, i13 0" [firmware/nnet_utils/nnet_activation.h:46]   --->   Operation 830 'icmp' 'icmp_ln46_61' <Predicate = (icmp_ln45_30)> <Delay = 0.75> <CoreInst = "Cmp">   --->   Core 9 'Cmp' <Latency = 0> <II = 1> <Delay = 0.75> <FuncUnit> <Opcode : 'seteq' 'setne' 'setle' 'setge' 'setlt' 'setgt'> <InPorts = 2> <OutPorts = 1>
ST_1 : Operation 831 [1/1] (0.00ns) (grouped into LUT with out node empty_48)   --->   "%tmp_184 = bitselect i1 @_ssdm_op_BitSelect.i1.i6.i32, i6 %add_ln46_30, i32 5" [firmware/nnet_utils/nnet_activation.h:46]   --->   Operation 831 'bitselect' 'tmp_184' <Predicate = (icmp_ln45_30)> <Delay = 0.00>
ST_1 : Operation 832 [1/1] (0.00ns) (grouped into LUT with out node empty_48)   --->   "%not_tmp_212 = xor i1 %tmp_181, i1 1" [firmware/nnet_utils/nnet_activation.h:46]   --->   Operation 832 'xor' 'not_tmp_212' <Predicate = (icmp_ln45_30)> <Delay = 0.00> <CoreInst = "LogicGate">   --->   Core 74 'LogicGate' <Latency = 0> <II = 1> <Delay = 0.12> <FuncUnit> <Opcode : 'and' 'or' 'xor'> <InPorts = 2> <OutPorts = 1>
ST_1 : Operation 833 [1/1] (0.00ns) (grouped into LUT with out node empty_48)   --->   "%and_ln46_61 = or i1 %tmp_184, i1 %not_tmp_212" [firmware/nnet_utils/nnet_activation.h:46]   --->   Operation 833 'or' 'and_ln46_61' <Predicate = (icmp_ln45_30)> <Delay = 0.00> <CoreInst = "LogicGate">   --->   Core 74 'LogicGate' <Latency = 0> <II = 1> <Delay = 0.12> <FuncUnit> <Opcode : 'and' 'or' 'xor'> <InPorts = 2> <OutPorts = 1>
ST_1 : Operation 834 [1/1] (0.12ns) (out node of the LUT)   --->   "%empty_48 = and i1 %icmp_ln46_61, i1 %and_ln46_61" [firmware/nnet_utils/nnet_activation.h:46]   --->   Operation 834 'and' 'empty_48' <Predicate = (icmp_ln45_30)> <Delay = 0.12> <CoreInst = "LogicGate">   --->   Core 74 'LogicGate' <Latency = 0> <II = 1> <Delay = 0.12> <FuncUnit> <Opcode : 'and' 'or' 'xor'> <InPorts = 2> <OutPorts = 1>
ST_1 : Operation 835 [1/1] (0.00ns) (grouped into LUT with out node select_ln46_91)   --->   "%or_ln46_91 = or i1 %empty_48, i1 %tmp_179" [firmware/nnet_utils/nnet_activation.h:46]   --->   Operation 835 'or' 'or_ln46_91' <Predicate = (or_ln46_92 & icmp_ln45_30)> <Delay = 0.00> <CoreInst = "LogicGate">   --->   Core 74 'LogicGate' <Latency = 0> <II = 1> <Delay = 0.12> <FuncUnit> <Opcode : 'and' 'or' 'xor'> <InPorts = 2> <OutPorts = 1>
ST_1 : Operation 836 [1/1] (0.00ns) (grouped into LUT with out node res_30_0)   --->   "%xor_ln46_30 = xor i1 %empty_48, i1 1" [firmware/nnet_utils/nnet_activation.h:46]   --->   Operation 836 'xor' 'xor_ln46_30' <Predicate = (icmp_ln45_30)> <Delay = 0.00> <CoreInst = "LogicGate">   --->   Core 74 'LogicGate' <Latency = 0> <II = 1> <Delay = 0.12> <FuncUnit> <Opcode : 'and' 'or' 'xor'> <InPorts = 2> <OutPorts = 1>
ST_1 : Operation 837 [1/1] (0.00ns) (grouped into LUT with out node res_30_0)   --->   "%or_ln46_92 = or i1 %tmp_179, i1 %xor_ln46_30" [firmware/nnet_utils/nnet_activation.h:46]   --->   Operation 837 'or' 'or_ln46_92' <Predicate = (icmp_ln45_30)> <Delay = 0.00> <CoreInst = "LogicGate">   --->   Core 74 'LogicGate' <Latency = 0> <II = 1> <Delay = 0.12> <FuncUnit> <Opcode : 'and' 'or' 'xor'> <InPorts = 2> <OutPorts = 1>
ST_1 : Operation 838 [1/1] (0.00ns) (grouped into LUT with out node select_ln46_91)   --->   "%select_ln46_90 = select i1 %tmp_179, i6 0, i6 %add_ln46_30" [firmware/nnet_utils/nnet_activation.h:46]   --->   Operation 838 'select' 'select_ln46_90' <Predicate = (or_ln46_91 & or_ln46_92 & icmp_ln45_30)> <Delay = 0.00> <CoreInst = "Sel">   --->   Core 73 'Sel' <Latency = 0> <II = 1> <Delay = 0.29> <FuncUnit> <Opcode : 'select'> <InPorts = 3> <OutPorts = 1>
ST_1 : Operation 839 [1/1] (0.29ns) (out node of the LUT)   --->   "%select_ln46_91 = select i1 %or_ln46_91, i6 %select_ln46_90, i6 63" [firmware/nnet_utils/nnet_activation.h:46]   --->   Operation 839 'select' 'select_ln46_91' <Predicate = (or_ln46_92 & icmp_ln45_30)> <Delay = 0.29> <CoreInst = "Sel">   --->   Core 73 'Sel' <Latency = 0> <II = 1> <Delay = 0.29> <FuncUnit> <Opcode : 'select'> <InPorts = 3> <OutPorts = 1>
ST_1 : Operation 840 [1/1] (0.00ns) (grouped into LUT with out node res_30_0)   --->   "%select_ln46_92 = select i1 %or_ln46_92, i6 %select_ln46_91, i6 %add_ln46_30" [firmware/nnet_utils/nnet_activation.h:46]   --->   Operation 840 'select' 'select_ln46_92' <Predicate = (icmp_ln45_30)> <Delay = 0.00> <CoreInst = "Sel">   --->   Core 73 'Sel' <Latency = 0> <II = 1> <Delay = 0.29> <FuncUnit> <Opcode : 'select'> <InPorts = 3> <OutPorts = 1>
ST_1 : Operation 841 [1/1] (0.29ns) (out node of the LUT)   --->   "%res_30_0 = select i1 %icmp_ln45_30, i6 %select_ln46_92, i6 0" [firmware/nnet_utils/nnet_activation.h:45]   --->   Operation 841 'select' 'res_30_0' <Predicate = true> <Delay = 0.29> <CoreInst = "Sel">   --->   Core 73 'Sel' <Latency = 0> <II = 1> <Delay = 0.29> <FuncUnit> <Opcode : 'select'> <InPorts = 3> <OutPorts = 1>
ST_1 : Operation 842 [1/1] (0.85ns)   --->   "%icmp_ln45_31 = icmp_sgt  i27 %data_31_val_read, i27 0" [firmware/nnet_utils/nnet_activation.h:45]   --->   Operation 842 'icmp' 'icmp_ln45_31' <Predicate = true> <Delay = 0.85> <CoreInst = "Cmp">   --->   Core 9 'Cmp' <Latency = 0> <II = 1> <Delay = 0.85> <FuncUnit> <Opcode : 'seteq' 'setne' 'setle' 'setge' 'setlt' 'setgt'> <InPorts = 2> <OutPorts = 1>
ST_1 : Operation 843 [1/1] (0.00ns)   --->   "%tmp_185 = bitselect i1 @_ssdm_op_BitSelect.i1.i27.i32, i27 %data_31_val_read, i32 26" [firmware/nnet_utils/nnet_activation.h:46]   --->   Operation 843 'bitselect' 'tmp_185' <Predicate = (icmp_ln45_31)> <Delay = 0.00>
ST_1 : Operation 844 [1/1] (0.00ns) (grouped into LUT with out node add_ln46_31)   --->   "%trunc_ln46_30 = partselect i6 @_ssdm_op_PartSelect.i6.i27.i32.i32, i27 %data_31_val_read, i32 8, i32 13" [firmware/nnet_utils/nnet_activation.h:46]   --->   Operation 844 'partselect' 'trunc_ln46_30' <Predicate = (icmp_ln45_31)> <Delay = 0.00>
ST_1 : Operation 845 [1/1] (0.00ns) (grouped into LUT with out node add_ln46_31)   --->   "%tmp_186 = bitselect i1 @_ssdm_op_BitSelect.i1.i27.i32, i27 %data_31_val_read, i32 7" [firmware/nnet_utils/nnet_activation.h:46]   --->   Operation 845 'bitselect' 'tmp_186' <Predicate = (icmp_ln45_31)> <Delay = 0.00>
ST_1 : Operation 846 [1/1] (0.00ns)   --->   "%trunc_ln46_93 = trunc i27 %data_31_val_read" [firmware/nnet_utils/nnet_activation.h:46]   --->   Operation 846 'trunc' 'trunc_ln46_93' <Predicate = (icmp_ln45_31)> <Delay = 0.00>
ST_1 : Operation 847 [1/1] (0.70ns)   --->   "%icmp_ln46_62 = icmp_ne  i7 %trunc_ln46_93, i7 0" [firmware/nnet_utils/nnet_activation.h:46]   --->   Operation 847 'icmp' 'icmp_ln46_62' <Predicate = (icmp_ln45_31)> <Delay = 0.70> <CoreInst = "Cmp">   --->   Core 9 'Cmp' <Latency = 0> <II = 1> <Delay = 0.70> <FuncUnit> <Opcode : 'seteq' 'setne' 'setle' 'setge' 'setlt' 'setgt'> <InPorts = 2> <OutPorts = 1>
ST_1 : Operation 848 [1/1] (0.00ns) (grouped into LUT with out node empty_49)   --->   "%tmp_187 = bitselect i1 @_ssdm_op_BitSelect.i1.i27.i32, i27 %data_31_val_read, i32 13" [firmware/nnet_utils/nnet_activation.h:46]   --->   Operation 848 'bitselect' 'tmp_187' <Predicate = (icmp_ln45_31)> <Delay = 0.00>
ST_1 : Operation 849 [1/1] (0.00ns) (grouped into LUT with out node add_ln46_31)   --->   "%tmp_188 = bitselect i1 @_ssdm_op_BitSelect.i1.i27.i32, i27 %data_31_val_read, i32 8" [firmware/nnet_utils/nnet_activation.h:46]   --->   Operation 849 'bitselect' 'tmp_188' <Predicate = (icmp_ln45_31)> <Delay = 0.00>
ST_1 : Operation 850 [1/1] (0.00ns) (grouped into LUT with out node add_ln46_31)   --->   "%or_ln46_93 = or i1 %tmp_188, i1 %icmp_ln46_62" [firmware/nnet_utils/nnet_activation.h:46]   --->   Operation 850 'or' 'or_ln46_93' <Predicate = (icmp_ln45_31)> <Delay = 0.00> <CoreInst = "LogicGate">   --->   Core 74 'LogicGate' <Latency = 0> <II = 1> <Delay = 0.12> <FuncUnit> <Opcode : 'and' 'or' 'xor'> <InPorts = 2> <OutPorts = 1>
ST_1 : Operation 851 [1/1] (0.00ns) (grouped into LUT with out node add_ln46_31)   --->   "%and_ln46_62 = and i1 %or_ln46_93, i1 %tmp_186" [firmware/nnet_utils/nnet_activation.h:46]   --->   Operation 851 'and' 'and_ln46_62' <Predicate = (icmp_ln45_31)> <Delay = 0.00> <CoreInst = "LogicGate">   --->   Core 74 'LogicGate' <Latency = 0> <II = 1> <Delay = 0.12> <FuncUnit> <Opcode : 'and' 'or' 'xor'> <InPorts = 2> <OutPorts = 1>
ST_1 : Operation 852 [1/1] (0.00ns) (grouped into LUT with out node add_ln46_31)   --->   "%zext_ln46_31 = zext i1 %and_ln46_62" [firmware/nnet_utils/nnet_activation.h:46]   --->   Operation 852 'zext' 'zext_ln46_31' <Predicate = (icmp_ln45_31)> <Delay = 0.00>
ST_1 : Operation 853 [1/1] (0.70ns) (out node of the LUT)   --->   "%add_ln46_31 = add i6 %trunc_ln46_30, i6 %zext_ln46_31" [firmware/nnet_utils/nnet_activation.h:46]   --->   Operation 853 'add' 'add_ln46_31' <Predicate = (icmp_ln45_31)> <Delay = 0.70> <CoreInst = "Adder">   --->   Core 1 'Adder' <Latency = 0> <II = 1> <Delay = 0.70> <FuncUnit> <Opcode : 'add' 'sub'> <InPorts = 2> <OutPorts = 1>
ST_1 : Operation 854 [1/1] (0.00ns)   --->   "%tmp_189 = partselect i13 @_ssdm_op_PartSelect.i13.i27.i32.i32, i27 %data_31_val_read, i32 14, i32 26" [firmware/nnet_utils/nnet_activation.h:46]   --->   Operation 854 'partselect' 'tmp_189' <Predicate = (icmp_ln45_31)> <Delay = 0.00>
ST_1 : Operation 855 [1/1] (0.75ns)   --->   "%icmp_ln46_63 = icmp_eq  i13 %tmp_189, i13 0" [firmware/nnet_utils/nnet_activation.h:46]   --->   Operation 855 'icmp' 'icmp_ln46_63' <Predicate = (icmp_ln45_31)> <Delay = 0.75> <CoreInst = "Cmp">   --->   Core 9 'Cmp' <Latency = 0> <II = 1> <Delay = 0.75> <FuncUnit> <Opcode : 'seteq' 'setne' 'setle' 'setge' 'setlt' 'setgt'> <InPorts = 2> <OutPorts = 1>
ST_1 : Operation 856 [1/1] (0.00ns) (grouped into LUT with out node empty_49)   --->   "%tmp_190 = bitselect i1 @_ssdm_op_BitSelect.i1.i6.i32, i6 %add_ln46_31, i32 5" [firmware/nnet_utils/nnet_activation.h:46]   --->   Operation 856 'bitselect' 'tmp_190' <Predicate = (icmp_ln45_31)> <Delay = 0.00>
ST_1 : Operation 857 [1/1] (0.00ns) (grouped into LUT with out node empty_49)   --->   "%not_tmp_219 = xor i1 %tmp_187, i1 1" [firmware/nnet_utils/nnet_activation.h:46]   --->   Operation 857 'xor' 'not_tmp_219' <Predicate = (icmp_ln45_31)> <Delay = 0.00> <CoreInst = "LogicGate">   --->   Core 74 'LogicGate' <Latency = 0> <II = 1> <Delay = 0.12> <FuncUnit> <Opcode : 'and' 'or' 'xor'> <InPorts = 2> <OutPorts = 1>
ST_1 : Operation 858 [1/1] (0.00ns) (grouped into LUT with out node empty_49)   --->   "%and_ln46_63 = or i1 %tmp_190, i1 %not_tmp_219" [firmware/nnet_utils/nnet_activation.h:46]   --->   Operation 858 'or' 'and_ln46_63' <Predicate = (icmp_ln45_31)> <Delay = 0.00> <CoreInst = "LogicGate">   --->   Core 74 'LogicGate' <Latency = 0> <II = 1> <Delay = 0.12> <FuncUnit> <Opcode : 'and' 'or' 'xor'> <InPorts = 2> <OutPorts = 1>
ST_1 : Operation 859 [1/1] (0.12ns) (out node of the LUT)   --->   "%empty_49 = and i1 %icmp_ln46_63, i1 %and_ln46_63" [firmware/nnet_utils/nnet_activation.h:46]   --->   Operation 859 'and' 'empty_49' <Predicate = (icmp_ln45_31)> <Delay = 0.12> <CoreInst = "LogicGate">   --->   Core 74 'LogicGate' <Latency = 0> <II = 1> <Delay = 0.12> <FuncUnit> <Opcode : 'and' 'or' 'xor'> <InPorts = 2> <OutPorts = 1>
ST_1 : Operation 860 [1/1] (0.00ns) (grouped into LUT with out node select_ln46_94)   --->   "%or_ln46_94 = or i1 %empty_49, i1 %tmp_185" [firmware/nnet_utils/nnet_activation.h:46]   --->   Operation 860 'or' 'or_ln46_94' <Predicate = (or_ln46_95 & icmp_ln45_31)> <Delay = 0.00> <CoreInst = "LogicGate">   --->   Core 74 'LogicGate' <Latency = 0> <II = 1> <Delay = 0.12> <FuncUnit> <Opcode : 'and' 'or' 'xor'> <InPorts = 2> <OutPorts = 1>
ST_1 : Operation 861 [1/1] (0.00ns) (grouped into LUT with out node res_31_0)   --->   "%xor_ln46_31 = xor i1 %empty_49, i1 1" [firmware/nnet_utils/nnet_activation.h:46]   --->   Operation 861 'xor' 'xor_ln46_31' <Predicate = (icmp_ln45_31)> <Delay = 0.00> <CoreInst = "LogicGate">   --->   Core 74 'LogicGate' <Latency = 0> <II = 1> <Delay = 0.12> <FuncUnit> <Opcode : 'and' 'or' 'xor'> <InPorts = 2> <OutPorts = 1>
ST_1 : Operation 862 [1/1] (0.00ns) (grouped into LUT with out node res_31_0)   --->   "%or_ln46_95 = or i1 %tmp_185, i1 %xor_ln46_31" [firmware/nnet_utils/nnet_activation.h:46]   --->   Operation 862 'or' 'or_ln46_95' <Predicate = (icmp_ln45_31)> <Delay = 0.00> <CoreInst = "LogicGate">   --->   Core 74 'LogicGate' <Latency = 0> <II = 1> <Delay = 0.12> <FuncUnit> <Opcode : 'and' 'or' 'xor'> <InPorts = 2> <OutPorts = 1>
ST_1 : Operation 863 [1/1] (0.00ns) (grouped into LUT with out node select_ln46_94)   --->   "%select_ln46_93 = select i1 %tmp_185, i6 0, i6 %add_ln46_31" [firmware/nnet_utils/nnet_activation.h:46]   --->   Operation 863 'select' 'select_ln46_93' <Predicate = (or_ln46_94 & or_ln46_95 & icmp_ln45_31)> <Delay = 0.00> <CoreInst = "Sel">   --->   Core 73 'Sel' <Latency = 0> <II = 1> <Delay = 0.29> <FuncUnit> <Opcode : 'select'> <InPorts = 3> <OutPorts = 1>
ST_1 : Operation 864 [1/1] (0.29ns) (out node of the LUT)   --->   "%select_ln46_94 = select i1 %or_ln46_94, i6 %select_ln46_93, i6 63" [firmware/nnet_utils/nnet_activation.h:46]   --->   Operation 864 'select' 'select_ln46_94' <Predicate = (or_ln46_95 & icmp_ln45_31)> <Delay = 0.29> <CoreInst = "Sel">   --->   Core 73 'Sel' <Latency = 0> <II = 1> <Delay = 0.29> <FuncUnit> <Opcode : 'select'> <InPorts = 3> <OutPorts = 1>
ST_1 : Operation 865 [1/1] (0.00ns) (grouped into LUT with out node res_31_0)   --->   "%select_ln46_95 = select i1 %or_ln46_95, i6 %select_ln46_94, i6 %add_ln46_31" [firmware/nnet_utils/nnet_activation.h:46]   --->   Operation 865 'select' 'select_ln46_95' <Predicate = (icmp_ln45_31)> <Delay = 0.00> <CoreInst = "Sel">   --->   Core 73 'Sel' <Latency = 0> <II = 1> <Delay = 0.29> <FuncUnit> <Opcode : 'select'> <InPorts = 3> <OutPorts = 1>
ST_1 : Operation 866 [1/1] (0.29ns) (out node of the LUT)   --->   "%res_31_0 = select i1 %icmp_ln45_31, i6 %select_ln46_95, i6 0" [firmware/nnet_utils/nnet_activation.h:45]   --->   Operation 866 'select' 'res_31_0' <Predicate = true> <Delay = 0.29> <CoreInst = "Sel">   --->   Core 73 'Sel' <Latency = 0> <II = 1> <Delay = 0.29> <FuncUnit> <Opcode : 'select'> <InPorts = 3> <OutPorts = 1>
ST_1 : Operation 867 [1/1] (0.85ns)   --->   "%icmp_ln45_32 = icmp_sgt  i27 %data_32_val_read, i27 0" [firmware/nnet_utils/nnet_activation.h:45]   --->   Operation 867 'icmp' 'icmp_ln45_32' <Predicate = true> <Delay = 0.85> <CoreInst = "Cmp">   --->   Core 9 'Cmp' <Latency = 0> <II = 1> <Delay = 0.85> <FuncUnit> <Opcode : 'seteq' 'setne' 'setle' 'setge' 'setlt' 'setgt'> <InPorts = 2> <OutPorts = 1>
ST_1 : Operation 868 [1/1] (0.00ns)   --->   "%tmp_191 = bitselect i1 @_ssdm_op_BitSelect.i1.i27.i32, i27 %data_32_val_read, i32 26" [firmware/nnet_utils/nnet_activation.h:46]   --->   Operation 868 'bitselect' 'tmp_191' <Predicate = (icmp_ln45_32)> <Delay = 0.00>
ST_1 : Operation 869 [1/1] (0.00ns) (grouped into LUT with out node add_ln46_32)   --->   "%trunc_ln46_31 = partselect i6 @_ssdm_op_PartSelect.i6.i27.i32.i32, i27 %data_32_val_read, i32 8, i32 13" [firmware/nnet_utils/nnet_activation.h:46]   --->   Operation 869 'partselect' 'trunc_ln46_31' <Predicate = (icmp_ln45_32)> <Delay = 0.00>
ST_1 : Operation 870 [1/1] (0.00ns) (grouped into LUT with out node add_ln46_32)   --->   "%tmp_192 = bitselect i1 @_ssdm_op_BitSelect.i1.i27.i32, i27 %data_32_val_read, i32 7" [firmware/nnet_utils/nnet_activation.h:46]   --->   Operation 870 'bitselect' 'tmp_192' <Predicate = (icmp_ln45_32)> <Delay = 0.00>
ST_1 : Operation 871 [1/1] (0.00ns)   --->   "%trunc_ln46_94 = trunc i27 %data_32_val_read" [firmware/nnet_utils/nnet_activation.h:46]   --->   Operation 871 'trunc' 'trunc_ln46_94' <Predicate = (icmp_ln45_32)> <Delay = 0.00>
ST_1 : Operation 872 [1/1] (0.70ns)   --->   "%icmp_ln46_64 = icmp_ne  i7 %trunc_ln46_94, i7 0" [firmware/nnet_utils/nnet_activation.h:46]   --->   Operation 872 'icmp' 'icmp_ln46_64' <Predicate = (icmp_ln45_32)> <Delay = 0.70> <CoreInst = "Cmp">   --->   Core 9 'Cmp' <Latency = 0> <II = 1> <Delay = 0.70> <FuncUnit> <Opcode : 'seteq' 'setne' 'setle' 'setge' 'setlt' 'setgt'> <InPorts = 2> <OutPorts = 1>
ST_1 : Operation 873 [1/1] (0.00ns) (grouped into LUT with out node empty_50)   --->   "%tmp_193 = bitselect i1 @_ssdm_op_BitSelect.i1.i27.i32, i27 %data_32_val_read, i32 13" [firmware/nnet_utils/nnet_activation.h:46]   --->   Operation 873 'bitselect' 'tmp_193' <Predicate = (icmp_ln45_32)> <Delay = 0.00>
ST_1 : Operation 874 [1/1] (0.00ns) (grouped into LUT with out node add_ln46_32)   --->   "%tmp_194 = bitselect i1 @_ssdm_op_BitSelect.i1.i27.i32, i27 %data_32_val_read, i32 8" [firmware/nnet_utils/nnet_activation.h:46]   --->   Operation 874 'bitselect' 'tmp_194' <Predicate = (icmp_ln45_32)> <Delay = 0.00>
ST_1 : Operation 875 [1/1] (0.00ns) (grouped into LUT with out node add_ln46_32)   --->   "%or_ln46_96 = or i1 %tmp_194, i1 %icmp_ln46_64" [firmware/nnet_utils/nnet_activation.h:46]   --->   Operation 875 'or' 'or_ln46_96' <Predicate = (icmp_ln45_32)> <Delay = 0.00> <CoreInst = "LogicGate">   --->   Core 74 'LogicGate' <Latency = 0> <II = 1> <Delay = 0.12> <FuncUnit> <Opcode : 'and' 'or' 'xor'> <InPorts = 2> <OutPorts = 1>
ST_1 : Operation 876 [1/1] (0.00ns) (grouped into LUT with out node add_ln46_32)   --->   "%and_ln46_64 = and i1 %or_ln46_96, i1 %tmp_192" [firmware/nnet_utils/nnet_activation.h:46]   --->   Operation 876 'and' 'and_ln46_64' <Predicate = (icmp_ln45_32)> <Delay = 0.00> <CoreInst = "LogicGate">   --->   Core 74 'LogicGate' <Latency = 0> <II = 1> <Delay = 0.12> <FuncUnit> <Opcode : 'and' 'or' 'xor'> <InPorts = 2> <OutPorts = 1>
ST_1 : Operation 877 [1/1] (0.00ns) (grouped into LUT with out node add_ln46_32)   --->   "%zext_ln46_32 = zext i1 %and_ln46_64" [firmware/nnet_utils/nnet_activation.h:46]   --->   Operation 877 'zext' 'zext_ln46_32' <Predicate = (icmp_ln45_32)> <Delay = 0.00>
ST_1 : Operation 878 [1/1] (0.70ns) (out node of the LUT)   --->   "%add_ln46_32 = add i6 %trunc_ln46_31, i6 %zext_ln46_32" [firmware/nnet_utils/nnet_activation.h:46]   --->   Operation 878 'add' 'add_ln46_32' <Predicate = (icmp_ln45_32)> <Delay = 0.70> <CoreInst = "Adder">   --->   Core 1 'Adder' <Latency = 0> <II = 1> <Delay = 0.70> <FuncUnit> <Opcode : 'add' 'sub'> <InPorts = 2> <OutPorts = 1>
ST_1 : Operation 879 [1/1] (0.00ns)   --->   "%tmp_195 = partselect i13 @_ssdm_op_PartSelect.i13.i27.i32.i32, i27 %data_32_val_read, i32 14, i32 26" [firmware/nnet_utils/nnet_activation.h:46]   --->   Operation 879 'partselect' 'tmp_195' <Predicate = (icmp_ln45_32)> <Delay = 0.00>
ST_1 : Operation 880 [1/1] (0.75ns)   --->   "%icmp_ln46_65 = icmp_eq  i13 %tmp_195, i13 0" [firmware/nnet_utils/nnet_activation.h:46]   --->   Operation 880 'icmp' 'icmp_ln46_65' <Predicate = (icmp_ln45_32)> <Delay = 0.75> <CoreInst = "Cmp">   --->   Core 9 'Cmp' <Latency = 0> <II = 1> <Delay = 0.75> <FuncUnit> <Opcode : 'seteq' 'setne' 'setle' 'setge' 'setlt' 'setgt'> <InPorts = 2> <OutPorts = 1>
ST_1 : Operation 881 [1/1] (0.00ns) (grouped into LUT with out node empty_50)   --->   "%tmp_196 = bitselect i1 @_ssdm_op_BitSelect.i1.i6.i32, i6 %add_ln46_32, i32 5" [firmware/nnet_utils/nnet_activation.h:46]   --->   Operation 881 'bitselect' 'tmp_196' <Predicate = (icmp_ln45_32)> <Delay = 0.00>
ST_1 : Operation 882 [1/1] (0.00ns) (grouped into LUT with out node empty_50)   --->   "%not_tmp_226 = xor i1 %tmp_193, i1 1" [firmware/nnet_utils/nnet_activation.h:46]   --->   Operation 882 'xor' 'not_tmp_226' <Predicate = (icmp_ln45_32)> <Delay = 0.00> <CoreInst = "LogicGate">   --->   Core 74 'LogicGate' <Latency = 0> <II = 1> <Delay = 0.12> <FuncUnit> <Opcode : 'and' 'or' 'xor'> <InPorts = 2> <OutPorts = 1>
ST_1 : Operation 883 [1/1] (0.00ns) (grouped into LUT with out node empty_50)   --->   "%and_ln46_65 = or i1 %tmp_196, i1 %not_tmp_226" [firmware/nnet_utils/nnet_activation.h:46]   --->   Operation 883 'or' 'and_ln46_65' <Predicate = (icmp_ln45_32)> <Delay = 0.00> <CoreInst = "LogicGate">   --->   Core 74 'LogicGate' <Latency = 0> <II = 1> <Delay = 0.12> <FuncUnit> <Opcode : 'and' 'or' 'xor'> <InPorts = 2> <OutPorts = 1>
ST_1 : Operation 884 [1/1] (0.12ns) (out node of the LUT)   --->   "%empty_50 = and i1 %icmp_ln46_65, i1 %and_ln46_65" [firmware/nnet_utils/nnet_activation.h:46]   --->   Operation 884 'and' 'empty_50' <Predicate = (icmp_ln45_32)> <Delay = 0.12> <CoreInst = "LogicGate">   --->   Core 74 'LogicGate' <Latency = 0> <II = 1> <Delay = 0.12> <FuncUnit> <Opcode : 'and' 'or' 'xor'> <InPorts = 2> <OutPorts = 1>
ST_1 : Operation 885 [1/1] (0.00ns) (grouped into LUT with out node select_ln46_97)   --->   "%or_ln46_97 = or i1 %empty_50, i1 %tmp_191" [firmware/nnet_utils/nnet_activation.h:46]   --->   Operation 885 'or' 'or_ln46_97' <Predicate = (or_ln46_98 & icmp_ln45_32)> <Delay = 0.00> <CoreInst = "LogicGate">   --->   Core 74 'LogicGate' <Latency = 0> <II = 1> <Delay = 0.12> <FuncUnit> <Opcode : 'and' 'or' 'xor'> <InPorts = 2> <OutPorts = 1>
ST_1 : Operation 886 [1/1] (0.00ns) (grouped into LUT with out node res_32_0)   --->   "%xor_ln46_32 = xor i1 %empty_50, i1 1" [firmware/nnet_utils/nnet_activation.h:46]   --->   Operation 886 'xor' 'xor_ln46_32' <Predicate = (icmp_ln45_32)> <Delay = 0.00> <CoreInst = "LogicGate">   --->   Core 74 'LogicGate' <Latency = 0> <II = 1> <Delay = 0.12> <FuncUnit> <Opcode : 'and' 'or' 'xor'> <InPorts = 2> <OutPorts = 1>
ST_1 : Operation 887 [1/1] (0.00ns) (grouped into LUT with out node res_32_0)   --->   "%or_ln46_98 = or i1 %tmp_191, i1 %xor_ln46_32" [firmware/nnet_utils/nnet_activation.h:46]   --->   Operation 887 'or' 'or_ln46_98' <Predicate = (icmp_ln45_32)> <Delay = 0.00> <CoreInst = "LogicGate">   --->   Core 74 'LogicGate' <Latency = 0> <II = 1> <Delay = 0.12> <FuncUnit> <Opcode : 'and' 'or' 'xor'> <InPorts = 2> <OutPorts = 1>
ST_1 : Operation 888 [1/1] (0.00ns) (grouped into LUT with out node select_ln46_97)   --->   "%select_ln46_96 = select i1 %tmp_191, i6 0, i6 %add_ln46_32" [firmware/nnet_utils/nnet_activation.h:46]   --->   Operation 888 'select' 'select_ln46_96' <Predicate = (or_ln46_97 & or_ln46_98 & icmp_ln45_32)> <Delay = 0.00> <CoreInst = "Sel">   --->   Core 73 'Sel' <Latency = 0> <II = 1> <Delay = 0.29> <FuncUnit> <Opcode : 'select'> <InPorts = 3> <OutPorts = 1>
ST_1 : Operation 889 [1/1] (0.29ns) (out node of the LUT)   --->   "%select_ln46_97 = select i1 %or_ln46_97, i6 %select_ln46_96, i6 63" [firmware/nnet_utils/nnet_activation.h:46]   --->   Operation 889 'select' 'select_ln46_97' <Predicate = (or_ln46_98 & icmp_ln45_32)> <Delay = 0.29> <CoreInst = "Sel">   --->   Core 73 'Sel' <Latency = 0> <II = 1> <Delay = 0.29> <FuncUnit> <Opcode : 'select'> <InPorts = 3> <OutPorts = 1>
ST_1 : Operation 890 [1/1] (0.00ns) (grouped into LUT with out node res_32_0)   --->   "%select_ln46_98 = select i1 %or_ln46_98, i6 %select_ln46_97, i6 %add_ln46_32" [firmware/nnet_utils/nnet_activation.h:46]   --->   Operation 890 'select' 'select_ln46_98' <Predicate = (icmp_ln45_32)> <Delay = 0.00> <CoreInst = "Sel">   --->   Core 73 'Sel' <Latency = 0> <II = 1> <Delay = 0.29> <FuncUnit> <Opcode : 'select'> <InPorts = 3> <OutPorts = 1>
ST_1 : Operation 891 [1/1] (0.29ns) (out node of the LUT)   --->   "%res_32_0 = select i1 %icmp_ln45_32, i6 %select_ln46_98, i6 0" [firmware/nnet_utils/nnet_activation.h:45]   --->   Operation 891 'select' 'res_32_0' <Predicate = true> <Delay = 0.29> <CoreInst = "Sel">   --->   Core 73 'Sel' <Latency = 0> <II = 1> <Delay = 0.29> <FuncUnit> <Opcode : 'select'> <InPorts = 3> <OutPorts = 1>
ST_1 : Operation 892 [1/1] (0.85ns)   --->   "%icmp_ln45_33 = icmp_sgt  i27 %data_33_val_read, i27 0" [firmware/nnet_utils/nnet_activation.h:45]   --->   Operation 892 'icmp' 'icmp_ln45_33' <Predicate = true> <Delay = 0.85> <CoreInst = "Cmp">   --->   Core 9 'Cmp' <Latency = 0> <II = 1> <Delay = 0.85> <FuncUnit> <Opcode : 'seteq' 'setne' 'setle' 'setge' 'setlt' 'setgt'> <InPorts = 2> <OutPorts = 1>
ST_1 : Operation 893 [1/1] (0.00ns)   --->   "%tmp_197 = bitselect i1 @_ssdm_op_BitSelect.i1.i27.i32, i27 %data_33_val_read, i32 26" [firmware/nnet_utils/nnet_activation.h:46]   --->   Operation 893 'bitselect' 'tmp_197' <Predicate = (icmp_ln45_33)> <Delay = 0.00>
ST_1 : Operation 894 [1/1] (0.00ns) (grouped into LUT with out node add_ln46_33)   --->   "%trunc_ln46_32 = partselect i6 @_ssdm_op_PartSelect.i6.i27.i32.i32, i27 %data_33_val_read, i32 8, i32 13" [firmware/nnet_utils/nnet_activation.h:46]   --->   Operation 894 'partselect' 'trunc_ln46_32' <Predicate = (icmp_ln45_33)> <Delay = 0.00>
ST_1 : Operation 895 [1/1] (0.00ns) (grouped into LUT with out node add_ln46_33)   --->   "%tmp_198 = bitselect i1 @_ssdm_op_BitSelect.i1.i27.i32, i27 %data_33_val_read, i32 7" [firmware/nnet_utils/nnet_activation.h:46]   --->   Operation 895 'bitselect' 'tmp_198' <Predicate = (icmp_ln45_33)> <Delay = 0.00>
ST_1 : Operation 896 [1/1] (0.00ns)   --->   "%trunc_ln46_95 = trunc i27 %data_33_val_read" [firmware/nnet_utils/nnet_activation.h:46]   --->   Operation 896 'trunc' 'trunc_ln46_95' <Predicate = (icmp_ln45_33)> <Delay = 0.00>
ST_1 : Operation 897 [1/1] (0.70ns)   --->   "%icmp_ln46_66 = icmp_ne  i7 %trunc_ln46_95, i7 0" [firmware/nnet_utils/nnet_activation.h:46]   --->   Operation 897 'icmp' 'icmp_ln46_66' <Predicate = (icmp_ln45_33)> <Delay = 0.70> <CoreInst = "Cmp">   --->   Core 9 'Cmp' <Latency = 0> <II = 1> <Delay = 0.70> <FuncUnit> <Opcode : 'seteq' 'setne' 'setle' 'setge' 'setlt' 'setgt'> <InPorts = 2> <OutPorts = 1>
ST_1 : Operation 898 [1/1] (0.00ns) (grouped into LUT with out node empty_51)   --->   "%tmp_199 = bitselect i1 @_ssdm_op_BitSelect.i1.i27.i32, i27 %data_33_val_read, i32 13" [firmware/nnet_utils/nnet_activation.h:46]   --->   Operation 898 'bitselect' 'tmp_199' <Predicate = (icmp_ln45_33)> <Delay = 0.00>
ST_1 : Operation 899 [1/1] (0.00ns) (grouped into LUT with out node add_ln46_33)   --->   "%tmp_200 = bitselect i1 @_ssdm_op_BitSelect.i1.i27.i32, i27 %data_33_val_read, i32 8" [firmware/nnet_utils/nnet_activation.h:46]   --->   Operation 899 'bitselect' 'tmp_200' <Predicate = (icmp_ln45_33)> <Delay = 0.00>
ST_1 : Operation 900 [1/1] (0.00ns) (grouped into LUT with out node add_ln46_33)   --->   "%or_ln46_99 = or i1 %tmp_200, i1 %icmp_ln46_66" [firmware/nnet_utils/nnet_activation.h:46]   --->   Operation 900 'or' 'or_ln46_99' <Predicate = (icmp_ln45_33)> <Delay = 0.00> <CoreInst = "LogicGate">   --->   Core 74 'LogicGate' <Latency = 0> <II = 1> <Delay = 0.12> <FuncUnit> <Opcode : 'and' 'or' 'xor'> <InPorts = 2> <OutPorts = 1>
ST_1 : Operation 901 [1/1] (0.00ns) (grouped into LUT with out node add_ln46_33)   --->   "%and_ln46_66 = and i1 %or_ln46_99, i1 %tmp_198" [firmware/nnet_utils/nnet_activation.h:46]   --->   Operation 901 'and' 'and_ln46_66' <Predicate = (icmp_ln45_33)> <Delay = 0.00> <CoreInst = "LogicGate">   --->   Core 74 'LogicGate' <Latency = 0> <II = 1> <Delay = 0.12> <FuncUnit> <Opcode : 'and' 'or' 'xor'> <InPorts = 2> <OutPorts = 1>
ST_1 : Operation 902 [1/1] (0.00ns) (grouped into LUT with out node add_ln46_33)   --->   "%zext_ln46_33 = zext i1 %and_ln46_66" [firmware/nnet_utils/nnet_activation.h:46]   --->   Operation 902 'zext' 'zext_ln46_33' <Predicate = (icmp_ln45_33)> <Delay = 0.00>
ST_1 : Operation 903 [1/1] (0.70ns) (out node of the LUT)   --->   "%add_ln46_33 = add i6 %trunc_ln46_32, i6 %zext_ln46_33" [firmware/nnet_utils/nnet_activation.h:46]   --->   Operation 903 'add' 'add_ln46_33' <Predicate = (icmp_ln45_33)> <Delay = 0.70> <CoreInst = "Adder">   --->   Core 1 'Adder' <Latency = 0> <II = 1> <Delay = 0.70> <FuncUnit> <Opcode : 'add' 'sub'> <InPorts = 2> <OutPorts = 1>
ST_1 : Operation 904 [1/1] (0.00ns)   --->   "%tmp_201 = partselect i13 @_ssdm_op_PartSelect.i13.i27.i32.i32, i27 %data_33_val_read, i32 14, i32 26" [firmware/nnet_utils/nnet_activation.h:46]   --->   Operation 904 'partselect' 'tmp_201' <Predicate = (icmp_ln45_33)> <Delay = 0.00>
ST_1 : Operation 905 [1/1] (0.75ns)   --->   "%icmp_ln46_67 = icmp_eq  i13 %tmp_201, i13 0" [firmware/nnet_utils/nnet_activation.h:46]   --->   Operation 905 'icmp' 'icmp_ln46_67' <Predicate = (icmp_ln45_33)> <Delay = 0.75> <CoreInst = "Cmp">   --->   Core 9 'Cmp' <Latency = 0> <II = 1> <Delay = 0.75> <FuncUnit> <Opcode : 'seteq' 'setne' 'setle' 'setge' 'setlt' 'setgt'> <InPorts = 2> <OutPorts = 1>
ST_1 : Operation 906 [1/1] (0.00ns) (grouped into LUT with out node empty_51)   --->   "%tmp_202 = bitselect i1 @_ssdm_op_BitSelect.i1.i6.i32, i6 %add_ln46_33, i32 5" [firmware/nnet_utils/nnet_activation.h:46]   --->   Operation 906 'bitselect' 'tmp_202' <Predicate = (icmp_ln45_33)> <Delay = 0.00>
ST_1 : Operation 907 [1/1] (0.00ns) (grouped into LUT with out node empty_51)   --->   "%not_tmp_233 = xor i1 %tmp_199, i1 1" [firmware/nnet_utils/nnet_activation.h:46]   --->   Operation 907 'xor' 'not_tmp_233' <Predicate = (icmp_ln45_33)> <Delay = 0.00> <CoreInst = "LogicGate">   --->   Core 74 'LogicGate' <Latency = 0> <II = 1> <Delay = 0.12> <FuncUnit> <Opcode : 'and' 'or' 'xor'> <InPorts = 2> <OutPorts = 1>
ST_1 : Operation 908 [1/1] (0.00ns) (grouped into LUT with out node empty_51)   --->   "%and_ln46_67 = or i1 %tmp_202, i1 %not_tmp_233" [firmware/nnet_utils/nnet_activation.h:46]   --->   Operation 908 'or' 'and_ln46_67' <Predicate = (icmp_ln45_33)> <Delay = 0.00> <CoreInst = "LogicGate">   --->   Core 74 'LogicGate' <Latency = 0> <II = 1> <Delay = 0.12> <FuncUnit> <Opcode : 'and' 'or' 'xor'> <InPorts = 2> <OutPorts = 1>
ST_1 : Operation 909 [1/1] (0.12ns) (out node of the LUT)   --->   "%empty_51 = and i1 %icmp_ln46_67, i1 %and_ln46_67" [firmware/nnet_utils/nnet_activation.h:46]   --->   Operation 909 'and' 'empty_51' <Predicate = (icmp_ln45_33)> <Delay = 0.12> <CoreInst = "LogicGate">   --->   Core 74 'LogicGate' <Latency = 0> <II = 1> <Delay = 0.12> <FuncUnit> <Opcode : 'and' 'or' 'xor'> <InPorts = 2> <OutPorts = 1>
ST_1 : Operation 910 [1/1] (0.00ns) (grouped into LUT with out node select_ln46_100)   --->   "%or_ln46_100 = or i1 %empty_51, i1 %tmp_197" [firmware/nnet_utils/nnet_activation.h:46]   --->   Operation 910 'or' 'or_ln46_100' <Predicate = (or_ln46_101 & icmp_ln45_33)> <Delay = 0.00> <CoreInst = "LogicGate">   --->   Core 74 'LogicGate' <Latency = 0> <II = 1> <Delay = 0.12> <FuncUnit> <Opcode : 'and' 'or' 'xor'> <InPorts = 2> <OutPorts = 1>
ST_1 : Operation 911 [1/1] (0.00ns) (grouped into LUT with out node res_33_0)   --->   "%xor_ln46_33 = xor i1 %empty_51, i1 1" [firmware/nnet_utils/nnet_activation.h:46]   --->   Operation 911 'xor' 'xor_ln46_33' <Predicate = (icmp_ln45_33)> <Delay = 0.00> <CoreInst = "LogicGate">   --->   Core 74 'LogicGate' <Latency = 0> <II = 1> <Delay = 0.12> <FuncUnit> <Opcode : 'and' 'or' 'xor'> <InPorts = 2> <OutPorts = 1>
ST_1 : Operation 912 [1/1] (0.00ns) (grouped into LUT with out node res_33_0)   --->   "%or_ln46_101 = or i1 %tmp_197, i1 %xor_ln46_33" [firmware/nnet_utils/nnet_activation.h:46]   --->   Operation 912 'or' 'or_ln46_101' <Predicate = (icmp_ln45_33)> <Delay = 0.00> <CoreInst = "LogicGate">   --->   Core 74 'LogicGate' <Latency = 0> <II = 1> <Delay = 0.12> <FuncUnit> <Opcode : 'and' 'or' 'xor'> <InPorts = 2> <OutPorts = 1>
ST_1 : Operation 913 [1/1] (0.00ns) (grouped into LUT with out node select_ln46_100)   --->   "%select_ln46_99 = select i1 %tmp_197, i6 0, i6 %add_ln46_33" [firmware/nnet_utils/nnet_activation.h:46]   --->   Operation 913 'select' 'select_ln46_99' <Predicate = (or_ln46_100 & or_ln46_101 & icmp_ln45_33)> <Delay = 0.00> <CoreInst = "Sel">   --->   Core 73 'Sel' <Latency = 0> <II = 1> <Delay = 0.29> <FuncUnit> <Opcode : 'select'> <InPorts = 3> <OutPorts = 1>
ST_1 : Operation 914 [1/1] (0.29ns) (out node of the LUT)   --->   "%select_ln46_100 = select i1 %or_ln46_100, i6 %select_ln46_99, i6 63" [firmware/nnet_utils/nnet_activation.h:46]   --->   Operation 914 'select' 'select_ln46_100' <Predicate = (or_ln46_101 & icmp_ln45_33)> <Delay = 0.29> <CoreInst = "Sel">   --->   Core 73 'Sel' <Latency = 0> <II = 1> <Delay = 0.29> <FuncUnit> <Opcode : 'select'> <InPorts = 3> <OutPorts = 1>
ST_1 : Operation 915 [1/1] (0.00ns) (grouped into LUT with out node res_33_0)   --->   "%select_ln46_101 = select i1 %or_ln46_101, i6 %select_ln46_100, i6 %add_ln46_33" [firmware/nnet_utils/nnet_activation.h:46]   --->   Operation 915 'select' 'select_ln46_101' <Predicate = (icmp_ln45_33)> <Delay = 0.00> <CoreInst = "Sel">   --->   Core 73 'Sel' <Latency = 0> <II = 1> <Delay = 0.29> <FuncUnit> <Opcode : 'select'> <InPorts = 3> <OutPorts = 1>
ST_1 : Operation 916 [1/1] (0.29ns) (out node of the LUT)   --->   "%res_33_0 = select i1 %icmp_ln45_33, i6 %select_ln46_101, i6 0" [firmware/nnet_utils/nnet_activation.h:45]   --->   Operation 916 'select' 'res_33_0' <Predicate = true> <Delay = 0.29> <CoreInst = "Sel">   --->   Core 73 'Sel' <Latency = 0> <II = 1> <Delay = 0.29> <FuncUnit> <Opcode : 'select'> <InPorts = 3> <OutPorts = 1>
ST_1 : Operation 917 [1/1] (0.85ns)   --->   "%icmp_ln45_34 = icmp_sgt  i27 %data_34_val_read, i27 0" [firmware/nnet_utils/nnet_activation.h:45]   --->   Operation 917 'icmp' 'icmp_ln45_34' <Predicate = true> <Delay = 0.85> <CoreInst = "Cmp">   --->   Core 9 'Cmp' <Latency = 0> <II = 1> <Delay = 0.85> <FuncUnit> <Opcode : 'seteq' 'setne' 'setle' 'setge' 'setlt' 'setgt'> <InPorts = 2> <OutPorts = 1>
ST_1 : Operation 918 [1/1] (0.00ns)   --->   "%tmp_203 = bitselect i1 @_ssdm_op_BitSelect.i1.i27.i32, i27 %data_34_val_read, i32 26" [firmware/nnet_utils/nnet_activation.h:46]   --->   Operation 918 'bitselect' 'tmp_203' <Predicate = (icmp_ln45_34)> <Delay = 0.00>
ST_1 : Operation 919 [1/1] (0.00ns) (grouped into LUT with out node add_ln46_34)   --->   "%trunc_ln46_33 = partselect i6 @_ssdm_op_PartSelect.i6.i27.i32.i32, i27 %data_34_val_read, i32 8, i32 13" [firmware/nnet_utils/nnet_activation.h:46]   --->   Operation 919 'partselect' 'trunc_ln46_33' <Predicate = (icmp_ln45_34)> <Delay = 0.00>
ST_1 : Operation 920 [1/1] (0.00ns) (grouped into LUT with out node add_ln46_34)   --->   "%tmp_204 = bitselect i1 @_ssdm_op_BitSelect.i1.i27.i32, i27 %data_34_val_read, i32 7" [firmware/nnet_utils/nnet_activation.h:46]   --->   Operation 920 'bitselect' 'tmp_204' <Predicate = (icmp_ln45_34)> <Delay = 0.00>
ST_1 : Operation 921 [1/1] (0.00ns)   --->   "%trunc_ln46_96 = trunc i27 %data_34_val_read" [firmware/nnet_utils/nnet_activation.h:46]   --->   Operation 921 'trunc' 'trunc_ln46_96' <Predicate = (icmp_ln45_34)> <Delay = 0.00>
ST_1 : Operation 922 [1/1] (0.70ns)   --->   "%icmp_ln46_68 = icmp_ne  i7 %trunc_ln46_96, i7 0" [firmware/nnet_utils/nnet_activation.h:46]   --->   Operation 922 'icmp' 'icmp_ln46_68' <Predicate = (icmp_ln45_34)> <Delay = 0.70> <CoreInst = "Cmp">   --->   Core 9 'Cmp' <Latency = 0> <II = 1> <Delay = 0.70> <FuncUnit> <Opcode : 'seteq' 'setne' 'setle' 'setge' 'setlt' 'setgt'> <InPorts = 2> <OutPorts = 1>
ST_1 : Operation 923 [1/1] (0.00ns) (grouped into LUT with out node empty_52)   --->   "%tmp_205 = bitselect i1 @_ssdm_op_BitSelect.i1.i27.i32, i27 %data_34_val_read, i32 13" [firmware/nnet_utils/nnet_activation.h:46]   --->   Operation 923 'bitselect' 'tmp_205' <Predicate = (icmp_ln45_34)> <Delay = 0.00>
ST_1 : Operation 924 [1/1] (0.00ns) (grouped into LUT with out node add_ln46_34)   --->   "%tmp_206 = bitselect i1 @_ssdm_op_BitSelect.i1.i27.i32, i27 %data_34_val_read, i32 8" [firmware/nnet_utils/nnet_activation.h:46]   --->   Operation 924 'bitselect' 'tmp_206' <Predicate = (icmp_ln45_34)> <Delay = 0.00>
ST_1 : Operation 925 [1/1] (0.00ns) (grouped into LUT with out node add_ln46_34)   --->   "%or_ln46_102 = or i1 %tmp_206, i1 %icmp_ln46_68" [firmware/nnet_utils/nnet_activation.h:46]   --->   Operation 925 'or' 'or_ln46_102' <Predicate = (icmp_ln45_34)> <Delay = 0.00> <CoreInst = "LogicGate">   --->   Core 74 'LogicGate' <Latency = 0> <II = 1> <Delay = 0.12> <FuncUnit> <Opcode : 'and' 'or' 'xor'> <InPorts = 2> <OutPorts = 1>
ST_1 : Operation 926 [1/1] (0.00ns) (grouped into LUT with out node add_ln46_34)   --->   "%and_ln46_68 = and i1 %or_ln46_102, i1 %tmp_204" [firmware/nnet_utils/nnet_activation.h:46]   --->   Operation 926 'and' 'and_ln46_68' <Predicate = (icmp_ln45_34)> <Delay = 0.00> <CoreInst = "LogicGate">   --->   Core 74 'LogicGate' <Latency = 0> <II = 1> <Delay = 0.12> <FuncUnit> <Opcode : 'and' 'or' 'xor'> <InPorts = 2> <OutPorts = 1>
ST_1 : Operation 927 [1/1] (0.00ns) (grouped into LUT with out node add_ln46_34)   --->   "%zext_ln46_34 = zext i1 %and_ln46_68" [firmware/nnet_utils/nnet_activation.h:46]   --->   Operation 927 'zext' 'zext_ln46_34' <Predicate = (icmp_ln45_34)> <Delay = 0.00>
ST_1 : Operation 928 [1/1] (0.70ns) (out node of the LUT)   --->   "%add_ln46_34 = add i6 %trunc_ln46_33, i6 %zext_ln46_34" [firmware/nnet_utils/nnet_activation.h:46]   --->   Operation 928 'add' 'add_ln46_34' <Predicate = (icmp_ln45_34)> <Delay = 0.70> <CoreInst = "Adder">   --->   Core 1 'Adder' <Latency = 0> <II = 1> <Delay = 0.70> <FuncUnit> <Opcode : 'add' 'sub'> <InPorts = 2> <OutPorts = 1>
ST_1 : Operation 929 [1/1] (0.00ns)   --->   "%tmp_207 = partselect i13 @_ssdm_op_PartSelect.i13.i27.i32.i32, i27 %data_34_val_read, i32 14, i32 26" [firmware/nnet_utils/nnet_activation.h:46]   --->   Operation 929 'partselect' 'tmp_207' <Predicate = (icmp_ln45_34)> <Delay = 0.00>
ST_1 : Operation 930 [1/1] (0.75ns)   --->   "%icmp_ln46_69 = icmp_eq  i13 %tmp_207, i13 0" [firmware/nnet_utils/nnet_activation.h:46]   --->   Operation 930 'icmp' 'icmp_ln46_69' <Predicate = (icmp_ln45_34)> <Delay = 0.75> <CoreInst = "Cmp">   --->   Core 9 'Cmp' <Latency = 0> <II = 1> <Delay = 0.75> <FuncUnit> <Opcode : 'seteq' 'setne' 'setle' 'setge' 'setlt' 'setgt'> <InPorts = 2> <OutPorts = 1>
ST_1 : Operation 931 [1/1] (0.00ns) (grouped into LUT with out node empty_52)   --->   "%tmp_208 = bitselect i1 @_ssdm_op_BitSelect.i1.i6.i32, i6 %add_ln46_34, i32 5" [firmware/nnet_utils/nnet_activation.h:46]   --->   Operation 931 'bitselect' 'tmp_208' <Predicate = (icmp_ln45_34)> <Delay = 0.00>
ST_1 : Operation 932 [1/1] (0.00ns) (grouped into LUT with out node empty_52)   --->   "%not_tmp_240 = xor i1 %tmp_205, i1 1" [firmware/nnet_utils/nnet_activation.h:46]   --->   Operation 932 'xor' 'not_tmp_240' <Predicate = (icmp_ln45_34)> <Delay = 0.00> <CoreInst = "LogicGate">   --->   Core 74 'LogicGate' <Latency = 0> <II = 1> <Delay = 0.12> <FuncUnit> <Opcode : 'and' 'or' 'xor'> <InPorts = 2> <OutPorts = 1>
ST_1 : Operation 933 [1/1] (0.00ns) (grouped into LUT with out node empty_52)   --->   "%and_ln46_69 = or i1 %tmp_208, i1 %not_tmp_240" [firmware/nnet_utils/nnet_activation.h:46]   --->   Operation 933 'or' 'and_ln46_69' <Predicate = (icmp_ln45_34)> <Delay = 0.00> <CoreInst = "LogicGate">   --->   Core 74 'LogicGate' <Latency = 0> <II = 1> <Delay = 0.12> <FuncUnit> <Opcode : 'and' 'or' 'xor'> <InPorts = 2> <OutPorts = 1>
ST_1 : Operation 934 [1/1] (0.12ns) (out node of the LUT)   --->   "%empty_52 = and i1 %icmp_ln46_69, i1 %and_ln46_69" [firmware/nnet_utils/nnet_activation.h:46]   --->   Operation 934 'and' 'empty_52' <Predicate = (icmp_ln45_34)> <Delay = 0.12> <CoreInst = "LogicGate">   --->   Core 74 'LogicGate' <Latency = 0> <II = 1> <Delay = 0.12> <FuncUnit> <Opcode : 'and' 'or' 'xor'> <InPorts = 2> <OutPorts = 1>
ST_1 : Operation 935 [1/1] (0.00ns) (grouped into LUT with out node select_ln46_103)   --->   "%or_ln46_103 = or i1 %empty_52, i1 %tmp_203" [firmware/nnet_utils/nnet_activation.h:46]   --->   Operation 935 'or' 'or_ln46_103' <Predicate = (or_ln46_104 & icmp_ln45_34)> <Delay = 0.00> <CoreInst = "LogicGate">   --->   Core 74 'LogicGate' <Latency = 0> <II = 1> <Delay = 0.12> <FuncUnit> <Opcode : 'and' 'or' 'xor'> <InPorts = 2> <OutPorts = 1>
ST_1 : Operation 936 [1/1] (0.00ns) (grouped into LUT with out node res_34_0)   --->   "%xor_ln46_34 = xor i1 %empty_52, i1 1" [firmware/nnet_utils/nnet_activation.h:46]   --->   Operation 936 'xor' 'xor_ln46_34' <Predicate = (icmp_ln45_34)> <Delay = 0.00> <CoreInst = "LogicGate">   --->   Core 74 'LogicGate' <Latency = 0> <II = 1> <Delay = 0.12> <FuncUnit> <Opcode : 'and' 'or' 'xor'> <InPorts = 2> <OutPorts = 1>
ST_1 : Operation 937 [1/1] (0.00ns) (grouped into LUT with out node res_34_0)   --->   "%or_ln46_104 = or i1 %tmp_203, i1 %xor_ln46_34" [firmware/nnet_utils/nnet_activation.h:46]   --->   Operation 937 'or' 'or_ln46_104' <Predicate = (icmp_ln45_34)> <Delay = 0.00> <CoreInst = "LogicGate">   --->   Core 74 'LogicGate' <Latency = 0> <II = 1> <Delay = 0.12> <FuncUnit> <Opcode : 'and' 'or' 'xor'> <InPorts = 2> <OutPorts = 1>
ST_1 : Operation 938 [1/1] (0.00ns) (grouped into LUT with out node select_ln46_103)   --->   "%select_ln46_102 = select i1 %tmp_203, i6 0, i6 %add_ln46_34" [firmware/nnet_utils/nnet_activation.h:46]   --->   Operation 938 'select' 'select_ln46_102' <Predicate = (or_ln46_103 & or_ln46_104 & icmp_ln45_34)> <Delay = 0.00> <CoreInst = "Sel">   --->   Core 73 'Sel' <Latency = 0> <II = 1> <Delay = 0.29> <FuncUnit> <Opcode : 'select'> <InPorts = 3> <OutPorts = 1>
ST_1 : Operation 939 [1/1] (0.29ns) (out node of the LUT)   --->   "%select_ln46_103 = select i1 %or_ln46_103, i6 %select_ln46_102, i6 63" [firmware/nnet_utils/nnet_activation.h:46]   --->   Operation 939 'select' 'select_ln46_103' <Predicate = (or_ln46_104 & icmp_ln45_34)> <Delay = 0.29> <CoreInst = "Sel">   --->   Core 73 'Sel' <Latency = 0> <II = 1> <Delay = 0.29> <FuncUnit> <Opcode : 'select'> <InPorts = 3> <OutPorts = 1>
ST_1 : Operation 940 [1/1] (0.00ns) (grouped into LUT with out node res_34_0)   --->   "%select_ln46_104 = select i1 %or_ln46_104, i6 %select_ln46_103, i6 %add_ln46_34" [firmware/nnet_utils/nnet_activation.h:46]   --->   Operation 940 'select' 'select_ln46_104' <Predicate = (icmp_ln45_34)> <Delay = 0.00> <CoreInst = "Sel">   --->   Core 73 'Sel' <Latency = 0> <II = 1> <Delay = 0.29> <FuncUnit> <Opcode : 'select'> <InPorts = 3> <OutPorts = 1>
ST_1 : Operation 941 [1/1] (0.29ns) (out node of the LUT)   --->   "%res_34_0 = select i1 %icmp_ln45_34, i6 %select_ln46_104, i6 0" [firmware/nnet_utils/nnet_activation.h:45]   --->   Operation 941 'select' 'res_34_0' <Predicate = true> <Delay = 0.29> <CoreInst = "Sel">   --->   Core 73 'Sel' <Latency = 0> <II = 1> <Delay = 0.29> <FuncUnit> <Opcode : 'select'> <InPorts = 3> <OutPorts = 1>
ST_1 : Operation 942 [1/1] (0.85ns)   --->   "%icmp_ln45_35 = icmp_sgt  i27 %data_35_val_read, i27 0" [firmware/nnet_utils/nnet_activation.h:45]   --->   Operation 942 'icmp' 'icmp_ln45_35' <Predicate = true> <Delay = 0.85> <CoreInst = "Cmp">   --->   Core 9 'Cmp' <Latency = 0> <II = 1> <Delay = 0.85> <FuncUnit> <Opcode : 'seteq' 'setne' 'setle' 'setge' 'setlt' 'setgt'> <InPorts = 2> <OutPorts = 1>
ST_1 : Operation 943 [1/1] (0.00ns)   --->   "%tmp_209 = bitselect i1 @_ssdm_op_BitSelect.i1.i27.i32, i27 %data_35_val_read, i32 26" [firmware/nnet_utils/nnet_activation.h:46]   --->   Operation 943 'bitselect' 'tmp_209' <Predicate = (icmp_ln45_35)> <Delay = 0.00>
ST_1 : Operation 944 [1/1] (0.00ns) (grouped into LUT with out node add_ln46_35)   --->   "%trunc_ln46_34 = partselect i6 @_ssdm_op_PartSelect.i6.i27.i32.i32, i27 %data_35_val_read, i32 8, i32 13" [firmware/nnet_utils/nnet_activation.h:46]   --->   Operation 944 'partselect' 'trunc_ln46_34' <Predicate = (icmp_ln45_35)> <Delay = 0.00>
ST_1 : Operation 945 [1/1] (0.00ns) (grouped into LUT with out node add_ln46_35)   --->   "%tmp_210 = bitselect i1 @_ssdm_op_BitSelect.i1.i27.i32, i27 %data_35_val_read, i32 7" [firmware/nnet_utils/nnet_activation.h:46]   --->   Operation 945 'bitselect' 'tmp_210' <Predicate = (icmp_ln45_35)> <Delay = 0.00>
ST_1 : Operation 946 [1/1] (0.00ns)   --->   "%trunc_ln46_97 = trunc i27 %data_35_val_read" [firmware/nnet_utils/nnet_activation.h:46]   --->   Operation 946 'trunc' 'trunc_ln46_97' <Predicate = (icmp_ln45_35)> <Delay = 0.00>
ST_1 : Operation 947 [1/1] (0.70ns)   --->   "%icmp_ln46_70 = icmp_ne  i7 %trunc_ln46_97, i7 0" [firmware/nnet_utils/nnet_activation.h:46]   --->   Operation 947 'icmp' 'icmp_ln46_70' <Predicate = (icmp_ln45_35)> <Delay = 0.70> <CoreInst = "Cmp">   --->   Core 9 'Cmp' <Latency = 0> <II = 1> <Delay = 0.70> <FuncUnit> <Opcode : 'seteq' 'setne' 'setle' 'setge' 'setlt' 'setgt'> <InPorts = 2> <OutPorts = 1>
ST_1 : Operation 948 [1/1] (0.00ns) (grouped into LUT with out node empty_53)   --->   "%tmp_211 = bitselect i1 @_ssdm_op_BitSelect.i1.i27.i32, i27 %data_35_val_read, i32 13" [firmware/nnet_utils/nnet_activation.h:46]   --->   Operation 948 'bitselect' 'tmp_211' <Predicate = (icmp_ln45_35)> <Delay = 0.00>
ST_1 : Operation 949 [1/1] (0.00ns) (grouped into LUT with out node add_ln46_35)   --->   "%tmp_212 = bitselect i1 @_ssdm_op_BitSelect.i1.i27.i32, i27 %data_35_val_read, i32 8" [firmware/nnet_utils/nnet_activation.h:46]   --->   Operation 949 'bitselect' 'tmp_212' <Predicate = (icmp_ln45_35)> <Delay = 0.00>
ST_1 : Operation 950 [1/1] (0.00ns) (grouped into LUT with out node add_ln46_35)   --->   "%or_ln46_105 = or i1 %tmp_212, i1 %icmp_ln46_70" [firmware/nnet_utils/nnet_activation.h:46]   --->   Operation 950 'or' 'or_ln46_105' <Predicate = (icmp_ln45_35)> <Delay = 0.00> <CoreInst = "LogicGate">   --->   Core 74 'LogicGate' <Latency = 0> <II = 1> <Delay = 0.12> <FuncUnit> <Opcode : 'and' 'or' 'xor'> <InPorts = 2> <OutPorts = 1>
ST_1 : Operation 951 [1/1] (0.00ns) (grouped into LUT with out node add_ln46_35)   --->   "%and_ln46_70 = and i1 %or_ln46_105, i1 %tmp_210" [firmware/nnet_utils/nnet_activation.h:46]   --->   Operation 951 'and' 'and_ln46_70' <Predicate = (icmp_ln45_35)> <Delay = 0.00> <CoreInst = "LogicGate">   --->   Core 74 'LogicGate' <Latency = 0> <II = 1> <Delay = 0.12> <FuncUnit> <Opcode : 'and' 'or' 'xor'> <InPorts = 2> <OutPorts = 1>
ST_1 : Operation 952 [1/1] (0.00ns) (grouped into LUT with out node add_ln46_35)   --->   "%zext_ln46_35 = zext i1 %and_ln46_70" [firmware/nnet_utils/nnet_activation.h:46]   --->   Operation 952 'zext' 'zext_ln46_35' <Predicate = (icmp_ln45_35)> <Delay = 0.00>
ST_1 : Operation 953 [1/1] (0.70ns) (out node of the LUT)   --->   "%add_ln46_35 = add i6 %trunc_ln46_34, i6 %zext_ln46_35" [firmware/nnet_utils/nnet_activation.h:46]   --->   Operation 953 'add' 'add_ln46_35' <Predicate = (icmp_ln45_35)> <Delay = 0.70> <CoreInst = "Adder">   --->   Core 1 'Adder' <Latency = 0> <II = 1> <Delay = 0.70> <FuncUnit> <Opcode : 'add' 'sub'> <InPorts = 2> <OutPorts = 1>
ST_1 : Operation 954 [1/1] (0.00ns)   --->   "%tmp_213 = partselect i13 @_ssdm_op_PartSelect.i13.i27.i32.i32, i27 %data_35_val_read, i32 14, i32 26" [firmware/nnet_utils/nnet_activation.h:46]   --->   Operation 954 'partselect' 'tmp_213' <Predicate = (icmp_ln45_35)> <Delay = 0.00>
ST_1 : Operation 955 [1/1] (0.75ns)   --->   "%icmp_ln46_71 = icmp_eq  i13 %tmp_213, i13 0" [firmware/nnet_utils/nnet_activation.h:46]   --->   Operation 955 'icmp' 'icmp_ln46_71' <Predicate = (icmp_ln45_35)> <Delay = 0.75> <CoreInst = "Cmp">   --->   Core 9 'Cmp' <Latency = 0> <II = 1> <Delay = 0.75> <FuncUnit> <Opcode : 'seteq' 'setne' 'setle' 'setge' 'setlt' 'setgt'> <InPorts = 2> <OutPorts = 1>
ST_1 : Operation 956 [1/1] (0.00ns) (grouped into LUT with out node empty_53)   --->   "%tmp_214 = bitselect i1 @_ssdm_op_BitSelect.i1.i6.i32, i6 %add_ln46_35, i32 5" [firmware/nnet_utils/nnet_activation.h:46]   --->   Operation 956 'bitselect' 'tmp_214' <Predicate = (icmp_ln45_35)> <Delay = 0.00>
ST_1 : Operation 957 [1/1] (0.00ns) (grouped into LUT with out node empty_53)   --->   "%not_tmp_247 = xor i1 %tmp_211, i1 1" [firmware/nnet_utils/nnet_activation.h:46]   --->   Operation 957 'xor' 'not_tmp_247' <Predicate = (icmp_ln45_35)> <Delay = 0.00> <CoreInst = "LogicGate">   --->   Core 74 'LogicGate' <Latency = 0> <II = 1> <Delay = 0.12> <FuncUnit> <Opcode : 'and' 'or' 'xor'> <InPorts = 2> <OutPorts = 1>
ST_1 : Operation 958 [1/1] (0.00ns) (grouped into LUT with out node empty_53)   --->   "%and_ln46_71 = or i1 %tmp_214, i1 %not_tmp_247" [firmware/nnet_utils/nnet_activation.h:46]   --->   Operation 958 'or' 'and_ln46_71' <Predicate = (icmp_ln45_35)> <Delay = 0.00> <CoreInst = "LogicGate">   --->   Core 74 'LogicGate' <Latency = 0> <II = 1> <Delay = 0.12> <FuncUnit> <Opcode : 'and' 'or' 'xor'> <InPorts = 2> <OutPorts = 1>
ST_1 : Operation 959 [1/1] (0.12ns) (out node of the LUT)   --->   "%empty_53 = and i1 %icmp_ln46_71, i1 %and_ln46_71" [firmware/nnet_utils/nnet_activation.h:46]   --->   Operation 959 'and' 'empty_53' <Predicate = (icmp_ln45_35)> <Delay = 0.12> <CoreInst = "LogicGate">   --->   Core 74 'LogicGate' <Latency = 0> <II = 1> <Delay = 0.12> <FuncUnit> <Opcode : 'and' 'or' 'xor'> <InPorts = 2> <OutPorts = 1>
ST_1 : Operation 960 [1/1] (0.00ns) (grouped into LUT with out node select_ln46_106)   --->   "%or_ln46_106 = or i1 %empty_53, i1 %tmp_209" [firmware/nnet_utils/nnet_activation.h:46]   --->   Operation 960 'or' 'or_ln46_106' <Predicate = (or_ln46_107 & icmp_ln45_35)> <Delay = 0.00> <CoreInst = "LogicGate">   --->   Core 74 'LogicGate' <Latency = 0> <II = 1> <Delay = 0.12> <FuncUnit> <Opcode : 'and' 'or' 'xor'> <InPorts = 2> <OutPorts = 1>
ST_1 : Operation 961 [1/1] (0.00ns) (grouped into LUT with out node res_35_0)   --->   "%xor_ln46_35 = xor i1 %empty_53, i1 1" [firmware/nnet_utils/nnet_activation.h:46]   --->   Operation 961 'xor' 'xor_ln46_35' <Predicate = (icmp_ln45_35)> <Delay = 0.00> <CoreInst = "LogicGate">   --->   Core 74 'LogicGate' <Latency = 0> <II = 1> <Delay = 0.12> <FuncUnit> <Opcode : 'and' 'or' 'xor'> <InPorts = 2> <OutPorts = 1>
ST_1 : Operation 962 [1/1] (0.00ns) (grouped into LUT with out node res_35_0)   --->   "%or_ln46_107 = or i1 %tmp_209, i1 %xor_ln46_35" [firmware/nnet_utils/nnet_activation.h:46]   --->   Operation 962 'or' 'or_ln46_107' <Predicate = (icmp_ln45_35)> <Delay = 0.00> <CoreInst = "LogicGate">   --->   Core 74 'LogicGate' <Latency = 0> <II = 1> <Delay = 0.12> <FuncUnit> <Opcode : 'and' 'or' 'xor'> <InPorts = 2> <OutPorts = 1>
ST_1 : Operation 963 [1/1] (0.00ns) (grouped into LUT with out node select_ln46_106)   --->   "%select_ln46_105 = select i1 %tmp_209, i6 0, i6 %add_ln46_35" [firmware/nnet_utils/nnet_activation.h:46]   --->   Operation 963 'select' 'select_ln46_105' <Predicate = (or_ln46_106 & or_ln46_107 & icmp_ln45_35)> <Delay = 0.00> <CoreInst = "Sel">   --->   Core 73 'Sel' <Latency = 0> <II = 1> <Delay = 0.29> <FuncUnit> <Opcode : 'select'> <InPorts = 3> <OutPorts = 1>
ST_1 : Operation 964 [1/1] (0.29ns) (out node of the LUT)   --->   "%select_ln46_106 = select i1 %or_ln46_106, i6 %select_ln46_105, i6 63" [firmware/nnet_utils/nnet_activation.h:46]   --->   Operation 964 'select' 'select_ln46_106' <Predicate = (or_ln46_107 & icmp_ln45_35)> <Delay = 0.29> <CoreInst = "Sel">   --->   Core 73 'Sel' <Latency = 0> <II = 1> <Delay = 0.29> <FuncUnit> <Opcode : 'select'> <InPorts = 3> <OutPorts = 1>
ST_1 : Operation 965 [1/1] (0.00ns) (grouped into LUT with out node res_35_0)   --->   "%select_ln46_107 = select i1 %or_ln46_107, i6 %select_ln46_106, i6 %add_ln46_35" [firmware/nnet_utils/nnet_activation.h:46]   --->   Operation 965 'select' 'select_ln46_107' <Predicate = (icmp_ln45_35)> <Delay = 0.00> <CoreInst = "Sel">   --->   Core 73 'Sel' <Latency = 0> <II = 1> <Delay = 0.29> <FuncUnit> <Opcode : 'select'> <InPorts = 3> <OutPorts = 1>
ST_1 : Operation 966 [1/1] (0.29ns) (out node of the LUT)   --->   "%res_35_0 = select i1 %icmp_ln45_35, i6 %select_ln46_107, i6 0" [firmware/nnet_utils/nnet_activation.h:45]   --->   Operation 966 'select' 'res_35_0' <Predicate = true> <Delay = 0.29> <CoreInst = "Sel">   --->   Core 73 'Sel' <Latency = 0> <II = 1> <Delay = 0.29> <FuncUnit> <Opcode : 'select'> <InPorts = 3> <OutPorts = 1>
ST_1 : Operation 967 [1/1] (0.85ns)   --->   "%icmp_ln45_36 = icmp_sgt  i27 %data_36_val_read, i27 0" [firmware/nnet_utils/nnet_activation.h:45]   --->   Operation 967 'icmp' 'icmp_ln45_36' <Predicate = true> <Delay = 0.85> <CoreInst = "Cmp">   --->   Core 9 'Cmp' <Latency = 0> <II = 1> <Delay = 0.85> <FuncUnit> <Opcode : 'seteq' 'setne' 'setle' 'setge' 'setlt' 'setgt'> <InPorts = 2> <OutPorts = 1>
ST_1 : Operation 968 [1/1] (0.00ns)   --->   "%tmp_215 = bitselect i1 @_ssdm_op_BitSelect.i1.i27.i32, i27 %data_36_val_read, i32 26" [firmware/nnet_utils/nnet_activation.h:46]   --->   Operation 968 'bitselect' 'tmp_215' <Predicate = (icmp_ln45_36)> <Delay = 0.00>
ST_1 : Operation 969 [1/1] (0.00ns) (grouped into LUT with out node add_ln46_36)   --->   "%trunc_ln46_35 = partselect i6 @_ssdm_op_PartSelect.i6.i27.i32.i32, i27 %data_36_val_read, i32 8, i32 13" [firmware/nnet_utils/nnet_activation.h:46]   --->   Operation 969 'partselect' 'trunc_ln46_35' <Predicate = (icmp_ln45_36)> <Delay = 0.00>
ST_1 : Operation 970 [1/1] (0.00ns) (grouped into LUT with out node add_ln46_36)   --->   "%tmp_216 = bitselect i1 @_ssdm_op_BitSelect.i1.i27.i32, i27 %data_36_val_read, i32 7" [firmware/nnet_utils/nnet_activation.h:46]   --->   Operation 970 'bitselect' 'tmp_216' <Predicate = (icmp_ln45_36)> <Delay = 0.00>
ST_1 : Operation 971 [1/1] (0.00ns)   --->   "%trunc_ln46_98 = trunc i27 %data_36_val_read" [firmware/nnet_utils/nnet_activation.h:46]   --->   Operation 971 'trunc' 'trunc_ln46_98' <Predicate = (icmp_ln45_36)> <Delay = 0.00>
ST_1 : Operation 972 [1/1] (0.70ns)   --->   "%icmp_ln46_72 = icmp_ne  i7 %trunc_ln46_98, i7 0" [firmware/nnet_utils/nnet_activation.h:46]   --->   Operation 972 'icmp' 'icmp_ln46_72' <Predicate = (icmp_ln45_36)> <Delay = 0.70> <CoreInst = "Cmp">   --->   Core 9 'Cmp' <Latency = 0> <II = 1> <Delay = 0.70> <FuncUnit> <Opcode : 'seteq' 'setne' 'setle' 'setge' 'setlt' 'setgt'> <InPorts = 2> <OutPorts = 1>
ST_1 : Operation 973 [1/1] (0.00ns) (grouped into LUT with out node empty_54)   --->   "%tmp_217 = bitselect i1 @_ssdm_op_BitSelect.i1.i27.i32, i27 %data_36_val_read, i32 13" [firmware/nnet_utils/nnet_activation.h:46]   --->   Operation 973 'bitselect' 'tmp_217' <Predicate = (icmp_ln45_36)> <Delay = 0.00>
ST_1 : Operation 974 [1/1] (0.00ns) (grouped into LUT with out node add_ln46_36)   --->   "%tmp_218 = bitselect i1 @_ssdm_op_BitSelect.i1.i27.i32, i27 %data_36_val_read, i32 8" [firmware/nnet_utils/nnet_activation.h:46]   --->   Operation 974 'bitselect' 'tmp_218' <Predicate = (icmp_ln45_36)> <Delay = 0.00>
ST_1 : Operation 975 [1/1] (0.00ns) (grouped into LUT with out node add_ln46_36)   --->   "%or_ln46_108 = or i1 %tmp_218, i1 %icmp_ln46_72" [firmware/nnet_utils/nnet_activation.h:46]   --->   Operation 975 'or' 'or_ln46_108' <Predicate = (icmp_ln45_36)> <Delay = 0.00> <CoreInst = "LogicGate">   --->   Core 74 'LogicGate' <Latency = 0> <II = 1> <Delay = 0.12> <FuncUnit> <Opcode : 'and' 'or' 'xor'> <InPorts = 2> <OutPorts = 1>
ST_1 : Operation 976 [1/1] (0.00ns) (grouped into LUT with out node add_ln46_36)   --->   "%and_ln46_72 = and i1 %or_ln46_108, i1 %tmp_216" [firmware/nnet_utils/nnet_activation.h:46]   --->   Operation 976 'and' 'and_ln46_72' <Predicate = (icmp_ln45_36)> <Delay = 0.00> <CoreInst = "LogicGate">   --->   Core 74 'LogicGate' <Latency = 0> <II = 1> <Delay = 0.12> <FuncUnit> <Opcode : 'and' 'or' 'xor'> <InPorts = 2> <OutPorts = 1>
ST_1 : Operation 977 [1/1] (0.00ns) (grouped into LUT with out node add_ln46_36)   --->   "%zext_ln46_36 = zext i1 %and_ln46_72" [firmware/nnet_utils/nnet_activation.h:46]   --->   Operation 977 'zext' 'zext_ln46_36' <Predicate = (icmp_ln45_36)> <Delay = 0.00>
ST_1 : Operation 978 [1/1] (0.70ns) (out node of the LUT)   --->   "%add_ln46_36 = add i6 %trunc_ln46_35, i6 %zext_ln46_36" [firmware/nnet_utils/nnet_activation.h:46]   --->   Operation 978 'add' 'add_ln46_36' <Predicate = (icmp_ln45_36)> <Delay = 0.70> <CoreInst = "Adder">   --->   Core 1 'Adder' <Latency = 0> <II = 1> <Delay = 0.70> <FuncUnit> <Opcode : 'add' 'sub'> <InPorts = 2> <OutPorts = 1>
ST_1 : Operation 979 [1/1] (0.00ns)   --->   "%tmp_219 = partselect i13 @_ssdm_op_PartSelect.i13.i27.i32.i32, i27 %data_36_val_read, i32 14, i32 26" [firmware/nnet_utils/nnet_activation.h:46]   --->   Operation 979 'partselect' 'tmp_219' <Predicate = (icmp_ln45_36)> <Delay = 0.00>
ST_1 : Operation 980 [1/1] (0.75ns)   --->   "%icmp_ln46_73 = icmp_eq  i13 %tmp_219, i13 0" [firmware/nnet_utils/nnet_activation.h:46]   --->   Operation 980 'icmp' 'icmp_ln46_73' <Predicate = (icmp_ln45_36)> <Delay = 0.75> <CoreInst = "Cmp">   --->   Core 9 'Cmp' <Latency = 0> <II = 1> <Delay = 0.75> <FuncUnit> <Opcode : 'seteq' 'setne' 'setle' 'setge' 'setlt' 'setgt'> <InPorts = 2> <OutPorts = 1>
ST_1 : Operation 981 [1/1] (0.00ns) (grouped into LUT with out node empty_54)   --->   "%tmp_220 = bitselect i1 @_ssdm_op_BitSelect.i1.i6.i32, i6 %add_ln46_36, i32 5" [firmware/nnet_utils/nnet_activation.h:46]   --->   Operation 981 'bitselect' 'tmp_220' <Predicate = (icmp_ln45_36)> <Delay = 0.00>
ST_1 : Operation 982 [1/1] (0.00ns) (grouped into LUT with out node empty_54)   --->   "%not_tmp_254 = xor i1 %tmp_217, i1 1" [firmware/nnet_utils/nnet_activation.h:46]   --->   Operation 982 'xor' 'not_tmp_254' <Predicate = (icmp_ln45_36)> <Delay = 0.00> <CoreInst = "LogicGate">   --->   Core 74 'LogicGate' <Latency = 0> <II = 1> <Delay = 0.12> <FuncUnit> <Opcode : 'and' 'or' 'xor'> <InPorts = 2> <OutPorts = 1>
ST_1 : Operation 983 [1/1] (0.00ns) (grouped into LUT with out node empty_54)   --->   "%and_ln46_73 = or i1 %tmp_220, i1 %not_tmp_254" [firmware/nnet_utils/nnet_activation.h:46]   --->   Operation 983 'or' 'and_ln46_73' <Predicate = (icmp_ln45_36)> <Delay = 0.00> <CoreInst = "LogicGate">   --->   Core 74 'LogicGate' <Latency = 0> <II = 1> <Delay = 0.12> <FuncUnit> <Opcode : 'and' 'or' 'xor'> <InPorts = 2> <OutPorts = 1>
ST_1 : Operation 984 [1/1] (0.12ns) (out node of the LUT)   --->   "%empty_54 = and i1 %icmp_ln46_73, i1 %and_ln46_73" [firmware/nnet_utils/nnet_activation.h:46]   --->   Operation 984 'and' 'empty_54' <Predicate = (icmp_ln45_36)> <Delay = 0.12> <CoreInst = "LogicGate">   --->   Core 74 'LogicGate' <Latency = 0> <II = 1> <Delay = 0.12> <FuncUnit> <Opcode : 'and' 'or' 'xor'> <InPorts = 2> <OutPorts = 1>
ST_1 : Operation 985 [1/1] (0.00ns) (grouped into LUT with out node select_ln46_109)   --->   "%or_ln46_109 = or i1 %empty_54, i1 %tmp_215" [firmware/nnet_utils/nnet_activation.h:46]   --->   Operation 985 'or' 'or_ln46_109' <Predicate = (or_ln46_110 & icmp_ln45_36)> <Delay = 0.00> <CoreInst = "LogicGate">   --->   Core 74 'LogicGate' <Latency = 0> <II = 1> <Delay = 0.12> <FuncUnit> <Opcode : 'and' 'or' 'xor'> <InPorts = 2> <OutPorts = 1>
ST_1 : Operation 986 [1/1] (0.00ns) (grouped into LUT with out node res_36_0)   --->   "%xor_ln46_36 = xor i1 %empty_54, i1 1" [firmware/nnet_utils/nnet_activation.h:46]   --->   Operation 986 'xor' 'xor_ln46_36' <Predicate = (icmp_ln45_36)> <Delay = 0.00> <CoreInst = "LogicGate">   --->   Core 74 'LogicGate' <Latency = 0> <II = 1> <Delay = 0.12> <FuncUnit> <Opcode : 'and' 'or' 'xor'> <InPorts = 2> <OutPorts = 1>
ST_1 : Operation 987 [1/1] (0.00ns) (grouped into LUT with out node res_36_0)   --->   "%or_ln46_110 = or i1 %tmp_215, i1 %xor_ln46_36" [firmware/nnet_utils/nnet_activation.h:46]   --->   Operation 987 'or' 'or_ln46_110' <Predicate = (icmp_ln45_36)> <Delay = 0.00> <CoreInst = "LogicGate">   --->   Core 74 'LogicGate' <Latency = 0> <II = 1> <Delay = 0.12> <FuncUnit> <Opcode : 'and' 'or' 'xor'> <InPorts = 2> <OutPorts = 1>
ST_1 : Operation 988 [1/1] (0.00ns) (grouped into LUT with out node select_ln46_109)   --->   "%select_ln46_108 = select i1 %tmp_215, i6 0, i6 %add_ln46_36" [firmware/nnet_utils/nnet_activation.h:46]   --->   Operation 988 'select' 'select_ln46_108' <Predicate = (or_ln46_109 & or_ln46_110 & icmp_ln45_36)> <Delay = 0.00> <CoreInst = "Sel">   --->   Core 73 'Sel' <Latency = 0> <II = 1> <Delay = 0.29> <FuncUnit> <Opcode : 'select'> <InPorts = 3> <OutPorts = 1>
ST_1 : Operation 989 [1/1] (0.29ns) (out node of the LUT)   --->   "%select_ln46_109 = select i1 %or_ln46_109, i6 %select_ln46_108, i6 63" [firmware/nnet_utils/nnet_activation.h:46]   --->   Operation 989 'select' 'select_ln46_109' <Predicate = (or_ln46_110 & icmp_ln45_36)> <Delay = 0.29> <CoreInst = "Sel">   --->   Core 73 'Sel' <Latency = 0> <II = 1> <Delay = 0.29> <FuncUnit> <Opcode : 'select'> <InPorts = 3> <OutPorts = 1>
ST_1 : Operation 990 [1/1] (0.00ns) (grouped into LUT with out node res_36_0)   --->   "%select_ln46_110 = select i1 %or_ln46_110, i6 %select_ln46_109, i6 %add_ln46_36" [firmware/nnet_utils/nnet_activation.h:46]   --->   Operation 990 'select' 'select_ln46_110' <Predicate = (icmp_ln45_36)> <Delay = 0.00> <CoreInst = "Sel">   --->   Core 73 'Sel' <Latency = 0> <II = 1> <Delay = 0.29> <FuncUnit> <Opcode : 'select'> <InPorts = 3> <OutPorts = 1>
ST_1 : Operation 991 [1/1] (0.29ns) (out node of the LUT)   --->   "%res_36_0 = select i1 %icmp_ln45_36, i6 %select_ln46_110, i6 0" [firmware/nnet_utils/nnet_activation.h:45]   --->   Operation 991 'select' 'res_36_0' <Predicate = true> <Delay = 0.29> <CoreInst = "Sel">   --->   Core 73 'Sel' <Latency = 0> <II = 1> <Delay = 0.29> <FuncUnit> <Opcode : 'select'> <InPorts = 3> <OutPorts = 1>
ST_1 : Operation 992 [1/1] (0.85ns)   --->   "%icmp_ln45_37 = icmp_sgt  i27 %data_37_val_read, i27 0" [firmware/nnet_utils/nnet_activation.h:45]   --->   Operation 992 'icmp' 'icmp_ln45_37' <Predicate = true> <Delay = 0.85> <CoreInst = "Cmp">   --->   Core 9 'Cmp' <Latency = 0> <II = 1> <Delay = 0.85> <FuncUnit> <Opcode : 'seteq' 'setne' 'setle' 'setge' 'setlt' 'setgt'> <InPorts = 2> <OutPorts = 1>
ST_1 : Operation 993 [1/1] (0.00ns)   --->   "%tmp_221 = bitselect i1 @_ssdm_op_BitSelect.i1.i27.i32, i27 %data_37_val_read, i32 26" [firmware/nnet_utils/nnet_activation.h:46]   --->   Operation 993 'bitselect' 'tmp_221' <Predicate = (icmp_ln45_37)> <Delay = 0.00>
ST_1 : Operation 994 [1/1] (0.00ns) (grouped into LUT with out node add_ln46_37)   --->   "%trunc_ln46_36 = partselect i6 @_ssdm_op_PartSelect.i6.i27.i32.i32, i27 %data_37_val_read, i32 8, i32 13" [firmware/nnet_utils/nnet_activation.h:46]   --->   Operation 994 'partselect' 'trunc_ln46_36' <Predicate = (icmp_ln45_37)> <Delay = 0.00>
ST_1 : Operation 995 [1/1] (0.00ns) (grouped into LUT with out node add_ln46_37)   --->   "%tmp_222 = bitselect i1 @_ssdm_op_BitSelect.i1.i27.i32, i27 %data_37_val_read, i32 7" [firmware/nnet_utils/nnet_activation.h:46]   --->   Operation 995 'bitselect' 'tmp_222' <Predicate = (icmp_ln45_37)> <Delay = 0.00>
ST_1 : Operation 996 [1/1] (0.00ns)   --->   "%trunc_ln46_99 = trunc i27 %data_37_val_read" [firmware/nnet_utils/nnet_activation.h:46]   --->   Operation 996 'trunc' 'trunc_ln46_99' <Predicate = (icmp_ln45_37)> <Delay = 0.00>
ST_1 : Operation 997 [1/1] (0.70ns)   --->   "%icmp_ln46_74 = icmp_ne  i7 %trunc_ln46_99, i7 0" [firmware/nnet_utils/nnet_activation.h:46]   --->   Operation 997 'icmp' 'icmp_ln46_74' <Predicate = (icmp_ln45_37)> <Delay = 0.70> <CoreInst = "Cmp">   --->   Core 9 'Cmp' <Latency = 0> <II = 1> <Delay = 0.70> <FuncUnit> <Opcode : 'seteq' 'setne' 'setle' 'setge' 'setlt' 'setgt'> <InPorts = 2> <OutPorts = 1>
ST_1 : Operation 998 [1/1] (0.00ns) (grouped into LUT with out node empty_55)   --->   "%tmp_223 = bitselect i1 @_ssdm_op_BitSelect.i1.i27.i32, i27 %data_37_val_read, i32 13" [firmware/nnet_utils/nnet_activation.h:46]   --->   Operation 998 'bitselect' 'tmp_223' <Predicate = (icmp_ln45_37)> <Delay = 0.00>
ST_1 : Operation 999 [1/1] (0.00ns) (grouped into LUT with out node add_ln46_37)   --->   "%tmp_224 = bitselect i1 @_ssdm_op_BitSelect.i1.i27.i32, i27 %data_37_val_read, i32 8" [firmware/nnet_utils/nnet_activation.h:46]   --->   Operation 999 'bitselect' 'tmp_224' <Predicate = (icmp_ln45_37)> <Delay = 0.00>
ST_1 : Operation 1000 [1/1] (0.00ns) (grouped into LUT with out node add_ln46_37)   --->   "%or_ln46_111 = or i1 %tmp_224, i1 %icmp_ln46_74" [firmware/nnet_utils/nnet_activation.h:46]   --->   Operation 1000 'or' 'or_ln46_111' <Predicate = (icmp_ln45_37)> <Delay = 0.00> <CoreInst = "LogicGate">   --->   Core 74 'LogicGate' <Latency = 0> <II = 1> <Delay = 0.12> <FuncUnit> <Opcode : 'and' 'or' 'xor'> <InPorts = 2> <OutPorts = 1>
ST_1 : Operation 1001 [1/1] (0.00ns) (grouped into LUT with out node add_ln46_37)   --->   "%and_ln46_74 = and i1 %or_ln46_111, i1 %tmp_222" [firmware/nnet_utils/nnet_activation.h:46]   --->   Operation 1001 'and' 'and_ln46_74' <Predicate = (icmp_ln45_37)> <Delay = 0.00> <CoreInst = "LogicGate">   --->   Core 74 'LogicGate' <Latency = 0> <II = 1> <Delay = 0.12> <FuncUnit> <Opcode : 'and' 'or' 'xor'> <InPorts = 2> <OutPorts = 1>
ST_1 : Operation 1002 [1/1] (0.00ns) (grouped into LUT with out node add_ln46_37)   --->   "%zext_ln46_37 = zext i1 %and_ln46_74" [firmware/nnet_utils/nnet_activation.h:46]   --->   Operation 1002 'zext' 'zext_ln46_37' <Predicate = (icmp_ln45_37)> <Delay = 0.00>
ST_1 : Operation 1003 [1/1] (0.70ns) (out node of the LUT)   --->   "%add_ln46_37 = add i6 %trunc_ln46_36, i6 %zext_ln46_37" [firmware/nnet_utils/nnet_activation.h:46]   --->   Operation 1003 'add' 'add_ln46_37' <Predicate = (icmp_ln45_37)> <Delay = 0.70> <CoreInst = "Adder">   --->   Core 1 'Adder' <Latency = 0> <II = 1> <Delay = 0.70> <FuncUnit> <Opcode : 'add' 'sub'> <InPorts = 2> <OutPorts = 1>
ST_1 : Operation 1004 [1/1] (0.00ns)   --->   "%tmp_225 = partselect i13 @_ssdm_op_PartSelect.i13.i27.i32.i32, i27 %data_37_val_read, i32 14, i32 26" [firmware/nnet_utils/nnet_activation.h:46]   --->   Operation 1004 'partselect' 'tmp_225' <Predicate = (icmp_ln45_37)> <Delay = 0.00>
ST_1 : Operation 1005 [1/1] (0.75ns)   --->   "%icmp_ln46_75 = icmp_eq  i13 %tmp_225, i13 0" [firmware/nnet_utils/nnet_activation.h:46]   --->   Operation 1005 'icmp' 'icmp_ln46_75' <Predicate = (icmp_ln45_37)> <Delay = 0.75> <CoreInst = "Cmp">   --->   Core 9 'Cmp' <Latency = 0> <II = 1> <Delay = 0.75> <FuncUnit> <Opcode : 'seteq' 'setne' 'setle' 'setge' 'setlt' 'setgt'> <InPorts = 2> <OutPorts = 1>
ST_1 : Operation 1006 [1/1] (0.00ns) (grouped into LUT with out node empty_55)   --->   "%tmp_226 = bitselect i1 @_ssdm_op_BitSelect.i1.i6.i32, i6 %add_ln46_37, i32 5" [firmware/nnet_utils/nnet_activation.h:46]   --->   Operation 1006 'bitselect' 'tmp_226' <Predicate = (icmp_ln45_37)> <Delay = 0.00>
ST_1 : Operation 1007 [1/1] (0.00ns) (grouped into LUT with out node empty_55)   --->   "%not_tmp_261 = xor i1 %tmp_223, i1 1" [firmware/nnet_utils/nnet_activation.h:46]   --->   Operation 1007 'xor' 'not_tmp_261' <Predicate = (icmp_ln45_37)> <Delay = 0.00> <CoreInst = "LogicGate">   --->   Core 74 'LogicGate' <Latency = 0> <II = 1> <Delay = 0.12> <FuncUnit> <Opcode : 'and' 'or' 'xor'> <InPorts = 2> <OutPorts = 1>
ST_1 : Operation 1008 [1/1] (0.00ns) (grouped into LUT with out node empty_55)   --->   "%and_ln46_75 = or i1 %tmp_226, i1 %not_tmp_261" [firmware/nnet_utils/nnet_activation.h:46]   --->   Operation 1008 'or' 'and_ln46_75' <Predicate = (icmp_ln45_37)> <Delay = 0.00> <CoreInst = "LogicGate">   --->   Core 74 'LogicGate' <Latency = 0> <II = 1> <Delay = 0.12> <FuncUnit> <Opcode : 'and' 'or' 'xor'> <InPorts = 2> <OutPorts = 1>
ST_1 : Operation 1009 [1/1] (0.12ns) (out node of the LUT)   --->   "%empty_55 = and i1 %icmp_ln46_75, i1 %and_ln46_75" [firmware/nnet_utils/nnet_activation.h:46]   --->   Operation 1009 'and' 'empty_55' <Predicate = (icmp_ln45_37)> <Delay = 0.12> <CoreInst = "LogicGate">   --->   Core 74 'LogicGate' <Latency = 0> <II = 1> <Delay = 0.12> <FuncUnit> <Opcode : 'and' 'or' 'xor'> <InPorts = 2> <OutPorts = 1>
ST_1 : Operation 1010 [1/1] (0.00ns) (grouped into LUT with out node select_ln46_112)   --->   "%or_ln46_112 = or i1 %empty_55, i1 %tmp_221" [firmware/nnet_utils/nnet_activation.h:46]   --->   Operation 1010 'or' 'or_ln46_112' <Predicate = (or_ln46_113 & icmp_ln45_37)> <Delay = 0.00> <CoreInst = "LogicGate">   --->   Core 74 'LogicGate' <Latency = 0> <II = 1> <Delay = 0.12> <FuncUnit> <Opcode : 'and' 'or' 'xor'> <InPorts = 2> <OutPorts = 1>
ST_1 : Operation 1011 [1/1] (0.00ns) (grouped into LUT with out node res_37_0)   --->   "%xor_ln46_37 = xor i1 %empty_55, i1 1" [firmware/nnet_utils/nnet_activation.h:46]   --->   Operation 1011 'xor' 'xor_ln46_37' <Predicate = (icmp_ln45_37)> <Delay = 0.00> <CoreInst = "LogicGate">   --->   Core 74 'LogicGate' <Latency = 0> <II = 1> <Delay = 0.12> <FuncUnit> <Opcode : 'and' 'or' 'xor'> <InPorts = 2> <OutPorts = 1>
ST_1 : Operation 1012 [1/1] (0.00ns) (grouped into LUT with out node res_37_0)   --->   "%or_ln46_113 = or i1 %tmp_221, i1 %xor_ln46_37" [firmware/nnet_utils/nnet_activation.h:46]   --->   Operation 1012 'or' 'or_ln46_113' <Predicate = (icmp_ln45_37)> <Delay = 0.00> <CoreInst = "LogicGate">   --->   Core 74 'LogicGate' <Latency = 0> <II = 1> <Delay = 0.12> <FuncUnit> <Opcode : 'and' 'or' 'xor'> <InPorts = 2> <OutPorts = 1>
ST_1 : Operation 1013 [1/1] (0.00ns) (grouped into LUT with out node select_ln46_112)   --->   "%select_ln46_111 = select i1 %tmp_221, i6 0, i6 %add_ln46_37" [firmware/nnet_utils/nnet_activation.h:46]   --->   Operation 1013 'select' 'select_ln46_111' <Predicate = (or_ln46_112 & or_ln46_113 & icmp_ln45_37)> <Delay = 0.00> <CoreInst = "Sel">   --->   Core 73 'Sel' <Latency = 0> <II = 1> <Delay = 0.29> <FuncUnit> <Opcode : 'select'> <InPorts = 3> <OutPorts = 1>
ST_1 : Operation 1014 [1/1] (0.29ns) (out node of the LUT)   --->   "%select_ln46_112 = select i1 %or_ln46_112, i6 %select_ln46_111, i6 63" [firmware/nnet_utils/nnet_activation.h:46]   --->   Operation 1014 'select' 'select_ln46_112' <Predicate = (or_ln46_113 & icmp_ln45_37)> <Delay = 0.29> <CoreInst = "Sel">   --->   Core 73 'Sel' <Latency = 0> <II = 1> <Delay = 0.29> <FuncUnit> <Opcode : 'select'> <InPorts = 3> <OutPorts = 1>
ST_1 : Operation 1015 [1/1] (0.00ns) (grouped into LUT with out node res_37_0)   --->   "%select_ln46_113 = select i1 %or_ln46_113, i6 %select_ln46_112, i6 %add_ln46_37" [firmware/nnet_utils/nnet_activation.h:46]   --->   Operation 1015 'select' 'select_ln46_113' <Predicate = (icmp_ln45_37)> <Delay = 0.00> <CoreInst = "Sel">   --->   Core 73 'Sel' <Latency = 0> <II = 1> <Delay = 0.29> <FuncUnit> <Opcode : 'select'> <InPorts = 3> <OutPorts = 1>
ST_1 : Operation 1016 [1/1] (0.29ns) (out node of the LUT)   --->   "%res_37_0 = select i1 %icmp_ln45_37, i6 %select_ln46_113, i6 0" [firmware/nnet_utils/nnet_activation.h:45]   --->   Operation 1016 'select' 'res_37_0' <Predicate = true> <Delay = 0.29> <CoreInst = "Sel">   --->   Core 73 'Sel' <Latency = 0> <II = 1> <Delay = 0.29> <FuncUnit> <Opcode : 'select'> <InPorts = 3> <OutPorts = 1>
ST_1 : Operation 1017 [1/1] (0.85ns)   --->   "%icmp_ln45_38 = icmp_sgt  i27 %data_38_val_read, i27 0" [firmware/nnet_utils/nnet_activation.h:45]   --->   Operation 1017 'icmp' 'icmp_ln45_38' <Predicate = true> <Delay = 0.85> <CoreInst = "Cmp">   --->   Core 9 'Cmp' <Latency = 0> <II = 1> <Delay = 0.85> <FuncUnit> <Opcode : 'seteq' 'setne' 'setle' 'setge' 'setlt' 'setgt'> <InPorts = 2> <OutPorts = 1>
ST_1 : Operation 1018 [1/1] (0.00ns)   --->   "%tmp_227 = bitselect i1 @_ssdm_op_BitSelect.i1.i27.i32, i27 %data_38_val_read, i32 26" [firmware/nnet_utils/nnet_activation.h:46]   --->   Operation 1018 'bitselect' 'tmp_227' <Predicate = (icmp_ln45_38)> <Delay = 0.00>
ST_1 : Operation 1019 [1/1] (0.00ns) (grouped into LUT with out node add_ln46_38)   --->   "%trunc_ln46_37 = partselect i6 @_ssdm_op_PartSelect.i6.i27.i32.i32, i27 %data_38_val_read, i32 8, i32 13" [firmware/nnet_utils/nnet_activation.h:46]   --->   Operation 1019 'partselect' 'trunc_ln46_37' <Predicate = (icmp_ln45_38)> <Delay = 0.00>
ST_1 : Operation 1020 [1/1] (0.00ns) (grouped into LUT with out node add_ln46_38)   --->   "%tmp_228 = bitselect i1 @_ssdm_op_BitSelect.i1.i27.i32, i27 %data_38_val_read, i32 7" [firmware/nnet_utils/nnet_activation.h:46]   --->   Operation 1020 'bitselect' 'tmp_228' <Predicate = (icmp_ln45_38)> <Delay = 0.00>
ST_1 : Operation 1021 [1/1] (0.00ns)   --->   "%trunc_ln46_100 = trunc i27 %data_38_val_read" [firmware/nnet_utils/nnet_activation.h:46]   --->   Operation 1021 'trunc' 'trunc_ln46_100' <Predicate = (icmp_ln45_38)> <Delay = 0.00>
ST_1 : Operation 1022 [1/1] (0.70ns)   --->   "%icmp_ln46_76 = icmp_ne  i7 %trunc_ln46_100, i7 0" [firmware/nnet_utils/nnet_activation.h:46]   --->   Operation 1022 'icmp' 'icmp_ln46_76' <Predicate = (icmp_ln45_38)> <Delay = 0.70> <CoreInst = "Cmp">   --->   Core 9 'Cmp' <Latency = 0> <II = 1> <Delay = 0.70> <FuncUnit> <Opcode : 'seteq' 'setne' 'setle' 'setge' 'setlt' 'setgt'> <InPorts = 2> <OutPorts = 1>
ST_1 : Operation 1023 [1/1] (0.00ns) (grouped into LUT with out node empty_56)   --->   "%tmp_229 = bitselect i1 @_ssdm_op_BitSelect.i1.i27.i32, i27 %data_38_val_read, i32 13" [firmware/nnet_utils/nnet_activation.h:46]   --->   Operation 1023 'bitselect' 'tmp_229' <Predicate = (icmp_ln45_38)> <Delay = 0.00>
ST_1 : Operation 1024 [1/1] (0.00ns) (grouped into LUT with out node add_ln46_38)   --->   "%tmp_230 = bitselect i1 @_ssdm_op_BitSelect.i1.i27.i32, i27 %data_38_val_read, i32 8" [firmware/nnet_utils/nnet_activation.h:46]   --->   Operation 1024 'bitselect' 'tmp_230' <Predicate = (icmp_ln45_38)> <Delay = 0.00>
ST_1 : Operation 1025 [1/1] (0.00ns) (grouped into LUT with out node add_ln46_38)   --->   "%or_ln46_114 = or i1 %tmp_230, i1 %icmp_ln46_76" [firmware/nnet_utils/nnet_activation.h:46]   --->   Operation 1025 'or' 'or_ln46_114' <Predicate = (icmp_ln45_38)> <Delay = 0.00> <CoreInst = "LogicGate">   --->   Core 74 'LogicGate' <Latency = 0> <II = 1> <Delay = 0.12> <FuncUnit> <Opcode : 'and' 'or' 'xor'> <InPorts = 2> <OutPorts = 1>
ST_1 : Operation 1026 [1/1] (0.00ns) (grouped into LUT with out node add_ln46_38)   --->   "%and_ln46_76 = and i1 %or_ln46_114, i1 %tmp_228" [firmware/nnet_utils/nnet_activation.h:46]   --->   Operation 1026 'and' 'and_ln46_76' <Predicate = (icmp_ln45_38)> <Delay = 0.00> <CoreInst = "LogicGate">   --->   Core 74 'LogicGate' <Latency = 0> <II = 1> <Delay = 0.12> <FuncUnit> <Opcode : 'and' 'or' 'xor'> <InPorts = 2> <OutPorts = 1>
ST_1 : Operation 1027 [1/1] (0.00ns) (grouped into LUT with out node add_ln46_38)   --->   "%zext_ln46_38 = zext i1 %and_ln46_76" [firmware/nnet_utils/nnet_activation.h:46]   --->   Operation 1027 'zext' 'zext_ln46_38' <Predicate = (icmp_ln45_38)> <Delay = 0.00>
ST_1 : Operation 1028 [1/1] (0.70ns) (out node of the LUT)   --->   "%add_ln46_38 = add i6 %trunc_ln46_37, i6 %zext_ln46_38" [firmware/nnet_utils/nnet_activation.h:46]   --->   Operation 1028 'add' 'add_ln46_38' <Predicate = (icmp_ln45_38)> <Delay = 0.70> <CoreInst = "Adder">   --->   Core 1 'Adder' <Latency = 0> <II = 1> <Delay = 0.70> <FuncUnit> <Opcode : 'add' 'sub'> <InPorts = 2> <OutPorts = 1>
ST_1 : Operation 1029 [1/1] (0.00ns)   --->   "%tmp_231 = partselect i13 @_ssdm_op_PartSelect.i13.i27.i32.i32, i27 %data_38_val_read, i32 14, i32 26" [firmware/nnet_utils/nnet_activation.h:46]   --->   Operation 1029 'partselect' 'tmp_231' <Predicate = (icmp_ln45_38)> <Delay = 0.00>
ST_1 : Operation 1030 [1/1] (0.75ns)   --->   "%icmp_ln46_77 = icmp_eq  i13 %tmp_231, i13 0" [firmware/nnet_utils/nnet_activation.h:46]   --->   Operation 1030 'icmp' 'icmp_ln46_77' <Predicate = (icmp_ln45_38)> <Delay = 0.75> <CoreInst = "Cmp">   --->   Core 9 'Cmp' <Latency = 0> <II = 1> <Delay = 0.75> <FuncUnit> <Opcode : 'seteq' 'setne' 'setle' 'setge' 'setlt' 'setgt'> <InPorts = 2> <OutPorts = 1>
ST_1 : Operation 1031 [1/1] (0.00ns) (grouped into LUT with out node empty_56)   --->   "%tmp_232 = bitselect i1 @_ssdm_op_BitSelect.i1.i6.i32, i6 %add_ln46_38, i32 5" [firmware/nnet_utils/nnet_activation.h:46]   --->   Operation 1031 'bitselect' 'tmp_232' <Predicate = (icmp_ln45_38)> <Delay = 0.00>
ST_1 : Operation 1032 [1/1] (0.00ns) (grouped into LUT with out node empty_56)   --->   "%not_tmp_268 = xor i1 %tmp_229, i1 1" [firmware/nnet_utils/nnet_activation.h:46]   --->   Operation 1032 'xor' 'not_tmp_268' <Predicate = (icmp_ln45_38)> <Delay = 0.00> <CoreInst = "LogicGate">   --->   Core 74 'LogicGate' <Latency = 0> <II = 1> <Delay = 0.12> <FuncUnit> <Opcode : 'and' 'or' 'xor'> <InPorts = 2> <OutPorts = 1>
ST_1 : Operation 1033 [1/1] (0.00ns) (grouped into LUT with out node empty_56)   --->   "%and_ln46_77 = or i1 %tmp_232, i1 %not_tmp_268" [firmware/nnet_utils/nnet_activation.h:46]   --->   Operation 1033 'or' 'and_ln46_77' <Predicate = (icmp_ln45_38)> <Delay = 0.00> <CoreInst = "LogicGate">   --->   Core 74 'LogicGate' <Latency = 0> <II = 1> <Delay = 0.12> <FuncUnit> <Opcode : 'and' 'or' 'xor'> <InPorts = 2> <OutPorts = 1>
ST_1 : Operation 1034 [1/1] (0.12ns) (out node of the LUT)   --->   "%empty_56 = and i1 %icmp_ln46_77, i1 %and_ln46_77" [firmware/nnet_utils/nnet_activation.h:46]   --->   Operation 1034 'and' 'empty_56' <Predicate = (icmp_ln45_38)> <Delay = 0.12> <CoreInst = "LogicGate">   --->   Core 74 'LogicGate' <Latency = 0> <II = 1> <Delay = 0.12> <FuncUnit> <Opcode : 'and' 'or' 'xor'> <InPorts = 2> <OutPorts = 1>
ST_1 : Operation 1035 [1/1] (0.00ns) (grouped into LUT with out node select_ln46_115)   --->   "%or_ln46_115 = or i1 %empty_56, i1 %tmp_227" [firmware/nnet_utils/nnet_activation.h:46]   --->   Operation 1035 'or' 'or_ln46_115' <Predicate = (or_ln46_116 & icmp_ln45_38)> <Delay = 0.00> <CoreInst = "LogicGate">   --->   Core 74 'LogicGate' <Latency = 0> <II = 1> <Delay = 0.12> <FuncUnit> <Opcode : 'and' 'or' 'xor'> <InPorts = 2> <OutPorts = 1>
ST_1 : Operation 1036 [1/1] (0.00ns) (grouped into LUT with out node res_38_0)   --->   "%xor_ln46_38 = xor i1 %empty_56, i1 1" [firmware/nnet_utils/nnet_activation.h:46]   --->   Operation 1036 'xor' 'xor_ln46_38' <Predicate = (icmp_ln45_38)> <Delay = 0.00> <CoreInst = "LogicGate">   --->   Core 74 'LogicGate' <Latency = 0> <II = 1> <Delay = 0.12> <FuncUnit> <Opcode : 'and' 'or' 'xor'> <InPorts = 2> <OutPorts = 1>
ST_1 : Operation 1037 [1/1] (0.00ns) (grouped into LUT with out node res_38_0)   --->   "%or_ln46_116 = or i1 %tmp_227, i1 %xor_ln46_38" [firmware/nnet_utils/nnet_activation.h:46]   --->   Operation 1037 'or' 'or_ln46_116' <Predicate = (icmp_ln45_38)> <Delay = 0.00> <CoreInst = "LogicGate">   --->   Core 74 'LogicGate' <Latency = 0> <II = 1> <Delay = 0.12> <FuncUnit> <Opcode : 'and' 'or' 'xor'> <InPorts = 2> <OutPorts = 1>
ST_1 : Operation 1038 [1/1] (0.00ns) (grouped into LUT with out node select_ln46_115)   --->   "%select_ln46_114 = select i1 %tmp_227, i6 0, i6 %add_ln46_38" [firmware/nnet_utils/nnet_activation.h:46]   --->   Operation 1038 'select' 'select_ln46_114' <Predicate = (or_ln46_115 & or_ln46_116 & icmp_ln45_38)> <Delay = 0.00> <CoreInst = "Sel">   --->   Core 73 'Sel' <Latency = 0> <II = 1> <Delay = 0.29> <FuncUnit> <Opcode : 'select'> <InPorts = 3> <OutPorts = 1>
ST_1 : Operation 1039 [1/1] (0.29ns) (out node of the LUT)   --->   "%select_ln46_115 = select i1 %or_ln46_115, i6 %select_ln46_114, i6 63" [firmware/nnet_utils/nnet_activation.h:46]   --->   Operation 1039 'select' 'select_ln46_115' <Predicate = (or_ln46_116 & icmp_ln45_38)> <Delay = 0.29> <CoreInst = "Sel">   --->   Core 73 'Sel' <Latency = 0> <II = 1> <Delay = 0.29> <FuncUnit> <Opcode : 'select'> <InPorts = 3> <OutPorts = 1>
ST_1 : Operation 1040 [1/1] (0.00ns) (grouped into LUT with out node res_38_0)   --->   "%select_ln46_116 = select i1 %or_ln46_116, i6 %select_ln46_115, i6 %add_ln46_38" [firmware/nnet_utils/nnet_activation.h:46]   --->   Operation 1040 'select' 'select_ln46_116' <Predicate = (icmp_ln45_38)> <Delay = 0.00> <CoreInst = "Sel">   --->   Core 73 'Sel' <Latency = 0> <II = 1> <Delay = 0.29> <FuncUnit> <Opcode : 'select'> <InPorts = 3> <OutPorts = 1>
ST_1 : Operation 1041 [1/1] (0.29ns) (out node of the LUT)   --->   "%res_38_0 = select i1 %icmp_ln45_38, i6 %select_ln46_116, i6 0" [firmware/nnet_utils/nnet_activation.h:45]   --->   Operation 1041 'select' 'res_38_0' <Predicate = true> <Delay = 0.29> <CoreInst = "Sel">   --->   Core 73 'Sel' <Latency = 0> <II = 1> <Delay = 0.29> <FuncUnit> <Opcode : 'select'> <InPorts = 3> <OutPorts = 1>
ST_1 : Operation 1042 [1/1] (0.85ns)   --->   "%icmp_ln45_39 = icmp_sgt  i27 %data_39_val_read, i27 0" [firmware/nnet_utils/nnet_activation.h:45]   --->   Operation 1042 'icmp' 'icmp_ln45_39' <Predicate = true> <Delay = 0.85> <CoreInst = "Cmp">   --->   Core 9 'Cmp' <Latency = 0> <II = 1> <Delay = 0.85> <FuncUnit> <Opcode : 'seteq' 'setne' 'setle' 'setge' 'setlt' 'setgt'> <InPorts = 2> <OutPorts = 1>
ST_1 : Operation 1043 [1/1] (0.00ns)   --->   "%tmp_233 = bitselect i1 @_ssdm_op_BitSelect.i1.i27.i32, i27 %data_39_val_read, i32 26" [firmware/nnet_utils/nnet_activation.h:46]   --->   Operation 1043 'bitselect' 'tmp_233' <Predicate = (icmp_ln45_39)> <Delay = 0.00>
ST_1 : Operation 1044 [1/1] (0.00ns) (grouped into LUT with out node add_ln46_39)   --->   "%trunc_ln46_38 = partselect i6 @_ssdm_op_PartSelect.i6.i27.i32.i32, i27 %data_39_val_read, i32 8, i32 13" [firmware/nnet_utils/nnet_activation.h:46]   --->   Operation 1044 'partselect' 'trunc_ln46_38' <Predicate = (icmp_ln45_39)> <Delay = 0.00>
ST_1 : Operation 1045 [1/1] (0.00ns) (grouped into LUT with out node add_ln46_39)   --->   "%tmp_234 = bitselect i1 @_ssdm_op_BitSelect.i1.i27.i32, i27 %data_39_val_read, i32 7" [firmware/nnet_utils/nnet_activation.h:46]   --->   Operation 1045 'bitselect' 'tmp_234' <Predicate = (icmp_ln45_39)> <Delay = 0.00>
ST_1 : Operation 1046 [1/1] (0.00ns)   --->   "%trunc_ln46_101 = trunc i27 %data_39_val_read" [firmware/nnet_utils/nnet_activation.h:46]   --->   Operation 1046 'trunc' 'trunc_ln46_101' <Predicate = (icmp_ln45_39)> <Delay = 0.00>
ST_1 : Operation 1047 [1/1] (0.70ns)   --->   "%icmp_ln46_78 = icmp_ne  i7 %trunc_ln46_101, i7 0" [firmware/nnet_utils/nnet_activation.h:46]   --->   Operation 1047 'icmp' 'icmp_ln46_78' <Predicate = (icmp_ln45_39)> <Delay = 0.70> <CoreInst = "Cmp">   --->   Core 9 'Cmp' <Latency = 0> <II = 1> <Delay = 0.70> <FuncUnit> <Opcode : 'seteq' 'setne' 'setle' 'setge' 'setlt' 'setgt'> <InPorts = 2> <OutPorts = 1>
ST_1 : Operation 1048 [1/1] (0.00ns) (grouped into LUT with out node empty_57)   --->   "%tmp_235 = bitselect i1 @_ssdm_op_BitSelect.i1.i27.i32, i27 %data_39_val_read, i32 13" [firmware/nnet_utils/nnet_activation.h:46]   --->   Operation 1048 'bitselect' 'tmp_235' <Predicate = (icmp_ln45_39)> <Delay = 0.00>
ST_1 : Operation 1049 [1/1] (0.00ns) (grouped into LUT with out node add_ln46_39)   --->   "%tmp_236 = bitselect i1 @_ssdm_op_BitSelect.i1.i27.i32, i27 %data_39_val_read, i32 8" [firmware/nnet_utils/nnet_activation.h:46]   --->   Operation 1049 'bitselect' 'tmp_236' <Predicate = (icmp_ln45_39)> <Delay = 0.00>
ST_1 : Operation 1050 [1/1] (0.00ns) (grouped into LUT with out node add_ln46_39)   --->   "%or_ln46_117 = or i1 %tmp_236, i1 %icmp_ln46_78" [firmware/nnet_utils/nnet_activation.h:46]   --->   Operation 1050 'or' 'or_ln46_117' <Predicate = (icmp_ln45_39)> <Delay = 0.00> <CoreInst = "LogicGate">   --->   Core 74 'LogicGate' <Latency = 0> <II = 1> <Delay = 0.12> <FuncUnit> <Opcode : 'and' 'or' 'xor'> <InPorts = 2> <OutPorts = 1>
ST_1 : Operation 1051 [1/1] (0.00ns) (grouped into LUT with out node add_ln46_39)   --->   "%and_ln46_78 = and i1 %or_ln46_117, i1 %tmp_234" [firmware/nnet_utils/nnet_activation.h:46]   --->   Operation 1051 'and' 'and_ln46_78' <Predicate = (icmp_ln45_39)> <Delay = 0.00> <CoreInst = "LogicGate">   --->   Core 74 'LogicGate' <Latency = 0> <II = 1> <Delay = 0.12> <FuncUnit> <Opcode : 'and' 'or' 'xor'> <InPorts = 2> <OutPorts = 1>
ST_1 : Operation 1052 [1/1] (0.00ns) (grouped into LUT with out node add_ln46_39)   --->   "%zext_ln46_39 = zext i1 %and_ln46_78" [firmware/nnet_utils/nnet_activation.h:46]   --->   Operation 1052 'zext' 'zext_ln46_39' <Predicate = (icmp_ln45_39)> <Delay = 0.00>
ST_1 : Operation 1053 [1/1] (0.70ns) (out node of the LUT)   --->   "%add_ln46_39 = add i6 %trunc_ln46_38, i6 %zext_ln46_39" [firmware/nnet_utils/nnet_activation.h:46]   --->   Operation 1053 'add' 'add_ln46_39' <Predicate = (icmp_ln45_39)> <Delay = 0.70> <CoreInst = "Adder">   --->   Core 1 'Adder' <Latency = 0> <II = 1> <Delay = 0.70> <FuncUnit> <Opcode : 'add' 'sub'> <InPorts = 2> <OutPorts = 1>
ST_1 : Operation 1054 [1/1] (0.00ns)   --->   "%tmp_237 = partselect i13 @_ssdm_op_PartSelect.i13.i27.i32.i32, i27 %data_39_val_read, i32 14, i32 26" [firmware/nnet_utils/nnet_activation.h:46]   --->   Operation 1054 'partselect' 'tmp_237' <Predicate = (icmp_ln45_39)> <Delay = 0.00>
ST_1 : Operation 1055 [1/1] (0.75ns)   --->   "%icmp_ln46_79 = icmp_eq  i13 %tmp_237, i13 0" [firmware/nnet_utils/nnet_activation.h:46]   --->   Operation 1055 'icmp' 'icmp_ln46_79' <Predicate = (icmp_ln45_39)> <Delay = 0.75> <CoreInst = "Cmp">   --->   Core 9 'Cmp' <Latency = 0> <II = 1> <Delay = 0.75> <FuncUnit> <Opcode : 'seteq' 'setne' 'setle' 'setge' 'setlt' 'setgt'> <InPorts = 2> <OutPorts = 1>
ST_1 : Operation 1056 [1/1] (0.00ns) (grouped into LUT with out node empty_57)   --->   "%tmp_238 = bitselect i1 @_ssdm_op_BitSelect.i1.i6.i32, i6 %add_ln46_39, i32 5" [firmware/nnet_utils/nnet_activation.h:46]   --->   Operation 1056 'bitselect' 'tmp_238' <Predicate = (icmp_ln45_39)> <Delay = 0.00>
ST_1 : Operation 1057 [1/1] (0.00ns) (grouped into LUT with out node empty_57)   --->   "%not_tmp_275 = xor i1 %tmp_235, i1 1" [firmware/nnet_utils/nnet_activation.h:46]   --->   Operation 1057 'xor' 'not_tmp_275' <Predicate = (icmp_ln45_39)> <Delay = 0.00> <CoreInst = "LogicGate">   --->   Core 74 'LogicGate' <Latency = 0> <II = 1> <Delay = 0.12> <FuncUnit> <Opcode : 'and' 'or' 'xor'> <InPorts = 2> <OutPorts = 1>
ST_1 : Operation 1058 [1/1] (0.00ns) (grouped into LUT with out node empty_57)   --->   "%and_ln46_79 = or i1 %tmp_238, i1 %not_tmp_275" [firmware/nnet_utils/nnet_activation.h:46]   --->   Operation 1058 'or' 'and_ln46_79' <Predicate = (icmp_ln45_39)> <Delay = 0.00> <CoreInst = "LogicGate">   --->   Core 74 'LogicGate' <Latency = 0> <II = 1> <Delay = 0.12> <FuncUnit> <Opcode : 'and' 'or' 'xor'> <InPorts = 2> <OutPorts = 1>
ST_1 : Operation 1059 [1/1] (0.12ns) (out node of the LUT)   --->   "%empty_57 = and i1 %icmp_ln46_79, i1 %and_ln46_79" [firmware/nnet_utils/nnet_activation.h:46]   --->   Operation 1059 'and' 'empty_57' <Predicate = (icmp_ln45_39)> <Delay = 0.12> <CoreInst = "LogicGate">   --->   Core 74 'LogicGate' <Latency = 0> <II = 1> <Delay = 0.12> <FuncUnit> <Opcode : 'and' 'or' 'xor'> <InPorts = 2> <OutPorts = 1>
ST_1 : Operation 1060 [1/1] (0.00ns) (grouped into LUT with out node select_ln46_118)   --->   "%or_ln46_118 = or i1 %empty_57, i1 %tmp_233" [firmware/nnet_utils/nnet_activation.h:46]   --->   Operation 1060 'or' 'or_ln46_118' <Predicate = (or_ln46_119 & icmp_ln45_39)> <Delay = 0.00> <CoreInst = "LogicGate">   --->   Core 74 'LogicGate' <Latency = 0> <II = 1> <Delay = 0.12> <FuncUnit> <Opcode : 'and' 'or' 'xor'> <InPorts = 2> <OutPorts = 1>
ST_1 : Operation 1061 [1/1] (0.00ns) (grouped into LUT with out node res_39_0)   --->   "%xor_ln46_39 = xor i1 %empty_57, i1 1" [firmware/nnet_utils/nnet_activation.h:46]   --->   Operation 1061 'xor' 'xor_ln46_39' <Predicate = (icmp_ln45_39)> <Delay = 0.00> <CoreInst = "LogicGate">   --->   Core 74 'LogicGate' <Latency = 0> <II = 1> <Delay = 0.12> <FuncUnit> <Opcode : 'and' 'or' 'xor'> <InPorts = 2> <OutPorts = 1>
ST_1 : Operation 1062 [1/1] (0.00ns) (grouped into LUT with out node res_39_0)   --->   "%or_ln46_119 = or i1 %tmp_233, i1 %xor_ln46_39" [firmware/nnet_utils/nnet_activation.h:46]   --->   Operation 1062 'or' 'or_ln46_119' <Predicate = (icmp_ln45_39)> <Delay = 0.00> <CoreInst = "LogicGate">   --->   Core 74 'LogicGate' <Latency = 0> <II = 1> <Delay = 0.12> <FuncUnit> <Opcode : 'and' 'or' 'xor'> <InPorts = 2> <OutPorts = 1>
ST_1 : Operation 1063 [1/1] (0.00ns) (grouped into LUT with out node select_ln46_118)   --->   "%select_ln46_117 = select i1 %tmp_233, i6 0, i6 %add_ln46_39" [firmware/nnet_utils/nnet_activation.h:46]   --->   Operation 1063 'select' 'select_ln46_117' <Predicate = (or_ln46_118 & or_ln46_119 & icmp_ln45_39)> <Delay = 0.00> <CoreInst = "Sel">   --->   Core 73 'Sel' <Latency = 0> <II = 1> <Delay = 0.29> <FuncUnit> <Opcode : 'select'> <InPorts = 3> <OutPorts = 1>
ST_1 : Operation 1064 [1/1] (0.29ns) (out node of the LUT)   --->   "%select_ln46_118 = select i1 %or_ln46_118, i6 %select_ln46_117, i6 63" [firmware/nnet_utils/nnet_activation.h:46]   --->   Operation 1064 'select' 'select_ln46_118' <Predicate = (or_ln46_119 & icmp_ln45_39)> <Delay = 0.29> <CoreInst = "Sel">   --->   Core 73 'Sel' <Latency = 0> <II = 1> <Delay = 0.29> <FuncUnit> <Opcode : 'select'> <InPorts = 3> <OutPorts = 1>
ST_1 : Operation 1065 [1/1] (0.00ns) (grouped into LUT with out node res_39_0)   --->   "%select_ln46_119 = select i1 %or_ln46_119, i6 %select_ln46_118, i6 %add_ln46_39" [firmware/nnet_utils/nnet_activation.h:46]   --->   Operation 1065 'select' 'select_ln46_119' <Predicate = (icmp_ln45_39)> <Delay = 0.00> <CoreInst = "Sel">   --->   Core 73 'Sel' <Latency = 0> <II = 1> <Delay = 0.29> <FuncUnit> <Opcode : 'select'> <InPorts = 3> <OutPorts = 1>
ST_1 : Operation 1066 [1/1] (0.29ns) (out node of the LUT)   --->   "%res_39_0 = select i1 %icmp_ln45_39, i6 %select_ln46_119, i6 0" [firmware/nnet_utils/nnet_activation.h:45]   --->   Operation 1066 'select' 'res_39_0' <Predicate = true> <Delay = 0.29> <CoreInst = "Sel">   --->   Core 73 'Sel' <Latency = 0> <II = 1> <Delay = 0.29> <FuncUnit> <Opcode : 'select'> <InPorts = 3> <OutPorts = 1>
ST_1 : Operation 1067 [1/1] (0.85ns)   --->   "%icmp_ln45_40 = icmp_sgt  i27 %data_40_val_read, i27 0" [firmware/nnet_utils/nnet_activation.h:45]   --->   Operation 1067 'icmp' 'icmp_ln45_40' <Predicate = true> <Delay = 0.85> <CoreInst = "Cmp">   --->   Core 9 'Cmp' <Latency = 0> <II = 1> <Delay = 0.85> <FuncUnit> <Opcode : 'seteq' 'setne' 'setle' 'setge' 'setlt' 'setgt'> <InPorts = 2> <OutPorts = 1>
ST_1 : Operation 1068 [1/1] (0.00ns)   --->   "%tmp_239 = bitselect i1 @_ssdm_op_BitSelect.i1.i27.i32, i27 %data_40_val_read, i32 26" [firmware/nnet_utils/nnet_activation.h:46]   --->   Operation 1068 'bitselect' 'tmp_239' <Predicate = (icmp_ln45_40)> <Delay = 0.00>
ST_1 : Operation 1069 [1/1] (0.00ns) (grouped into LUT with out node add_ln46_40)   --->   "%trunc_ln46_39 = partselect i6 @_ssdm_op_PartSelect.i6.i27.i32.i32, i27 %data_40_val_read, i32 8, i32 13" [firmware/nnet_utils/nnet_activation.h:46]   --->   Operation 1069 'partselect' 'trunc_ln46_39' <Predicate = (icmp_ln45_40)> <Delay = 0.00>
ST_1 : Operation 1070 [1/1] (0.00ns) (grouped into LUT with out node add_ln46_40)   --->   "%tmp_240 = bitselect i1 @_ssdm_op_BitSelect.i1.i27.i32, i27 %data_40_val_read, i32 7" [firmware/nnet_utils/nnet_activation.h:46]   --->   Operation 1070 'bitselect' 'tmp_240' <Predicate = (icmp_ln45_40)> <Delay = 0.00>
ST_1 : Operation 1071 [1/1] (0.00ns)   --->   "%trunc_ln46_102 = trunc i27 %data_40_val_read" [firmware/nnet_utils/nnet_activation.h:46]   --->   Operation 1071 'trunc' 'trunc_ln46_102' <Predicate = (icmp_ln45_40)> <Delay = 0.00>
ST_1 : Operation 1072 [1/1] (0.70ns)   --->   "%icmp_ln46_80 = icmp_ne  i7 %trunc_ln46_102, i7 0" [firmware/nnet_utils/nnet_activation.h:46]   --->   Operation 1072 'icmp' 'icmp_ln46_80' <Predicate = (icmp_ln45_40)> <Delay = 0.70> <CoreInst = "Cmp">   --->   Core 9 'Cmp' <Latency = 0> <II = 1> <Delay = 0.70> <FuncUnit> <Opcode : 'seteq' 'setne' 'setle' 'setge' 'setlt' 'setgt'> <InPorts = 2> <OutPorts = 1>
ST_1 : Operation 1073 [1/1] (0.00ns) (grouped into LUT with out node empty_58)   --->   "%tmp_241 = bitselect i1 @_ssdm_op_BitSelect.i1.i27.i32, i27 %data_40_val_read, i32 13" [firmware/nnet_utils/nnet_activation.h:46]   --->   Operation 1073 'bitselect' 'tmp_241' <Predicate = (icmp_ln45_40)> <Delay = 0.00>
ST_1 : Operation 1074 [1/1] (0.00ns) (grouped into LUT with out node add_ln46_40)   --->   "%tmp_242 = bitselect i1 @_ssdm_op_BitSelect.i1.i27.i32, i27 %data_40_val_read, i32 8" [firmware/nnet_utils/nnet_activation.h:46]   --->   Operation 1074 'bitselect' 'tmp_242' <Predicate = (icmp_ln45_40)> <Delay = 0.00>
ST_1 : Operation 1075 [1/1] (0.00ns) (grouped into LUT with out node add_ln46_40)   --->   "%or_ln46_120 = or i1 %tmp_242, i1 %icmp_ln46_80" [firmware/nnet_utils/nnet_activation.h:46]   --->   Operation 1075 'or' 'or_ln46_120' <Predicate = (icmp_ln45_40)> <Delay = 0.00> <CoreInst = "LogicGate">   --->   Core 74 'LogicGate' <Latency = 0> <II = 1> <Delay = 0.12> <FuncUnit> <Opcode : 'and' 'or' 'xor'> <InPorts = 2> <OutPorts = 1>
ST_1 : Operation 1076 [1/1] (0.00ns) (grouped into LUT with out node add_ln46_40)   --->   "%and_ln46_80 = and i1 %or_ln46_120, i1 %tmp_240" [firmware/nnet_utils/nnet_activation.h:46]   --->   Operation 1076 'and' 'and_ln46_80' <Predicate = (icmp_ln45_40)> <Delay = 0.00> <CoreInst = "LogicGate">   --->   Core 74 'LogicGate' <Latency = 0> <II = 1> <Delay = 0.12> <FuncUnit> <Opcode : 'and' 'or' 'xor'> <InPorts = 2> <OutPorts = 1>
ST_1 : Operation 1077 [1/1] (0.00ns) (grouped into LUT with out node add_ln46_40)   --->   "%zext_ln46_40 = zext i1 %and_ln46_80" [firmware/nnet_utils/nnet_activation.h:46]   --->   Operation 1077 'zext' 'zext_ln46_40' <Predicate = (icmp_ln45_40)> <Delay = 0.00>
ST_1 : Operation 1078 [1/1] (0.70ns) (out node of the LUT)   --->   "%add_ln46_40 = add i6 %trunc_ln46_39, i6 %zext_ln46_40" [firmware/nnet_utils/nnet_activation.h:46]   --->   Operation 1078 'add' 'add_ln46_40' <Predicate = (icmp_ln45_40)> <Delay = 0.70> <CoreInst = "Adder">   --->   Core 1 'Adder' <Latency = 0> <II = 1> <Delay = 0.70> <FuncUnit> <Opcode : 'add' 'sub'> <InPorts = 2> <OutPorts = 1>
ST_1 : Operation 1079 [1/1] (0.00ns)   --->   "%tmp_243 = partselect i13 @_ssdm_op_PartSelect.i13.i27.i32.i32, i27 %data_40_val_read, i32 14, i32 26" [firmware/nnet_utils/nnet_activation.h:46]   --->   Operation 1079 'partselect' 'tmp_243' <Predicate = (icmp_ln45_40)> <Delay = 0.00>
ST_1 : Operation 1080 [1/1] (0.75ns)   --->   "%icmp_ln46_81 = icmp_eq  i13 %tmp_243, i13 0" [firmware/nnet_utils/nnet_activation.h:46]   --->   Operation 1080 'icmp' 'icmp_ln46_81' <Predicate = (icmp_ln45_40)> <Delay = 0.75> <CoreInst = "Cmp">   --->   Core 9 'Cmp' <Latency = 0> <II = 1> <Delay = 0.75> <FuncUnit> <Opcode : 'seteq' 'setne' 'setle' 'setge' 'setlt' 'setgt'> <InPorts = 2> <OutPorts = 1>
ST_1 : Operation 1081 [1/1] (0.00ns) (grouped into LUT with out node empty_58)   --->   "%tmp_244 = bitselect i1 @_ssdm_op_BitSelect.i1.i6.i32, i6 %add_ln46_40, i32 5" [firmware/nnet_utils/nnet_activation.h:46]   --->   Operation 1081 'bitselect' 'tmp_244' <Predicate = (icmp_ln45_40)> <Delay = 0.00>
ST_1 : Operation 1082 [1/1] (0.00ns) (grouped into LUT with out node empty_58)   --->   "%not_tmp_282 = xor i1 %tmp_241, i1 1" [firmware/nnet_utils/nnet_activation.h:46]   --->   Operation 1082 'xor' 'not_tmp_282' <Predicate = (icmp_ln45_40)> <Delay = 0.00> <CoreInst = "LogicGate">   --->   Core 74 'LogicGate' <Latency = 0> <II = 1> <Delay = 0.12> <FuncUnit> <Opcode : 'and' 'or' 'xor'> <InPorts = 2> <OutPorts = 1>
ST_1 : Operation 1083 [1/1] (0.00ns) (grouped into LUT with out node empty_58)   --->   "%and_ln46_81 = or i1 %tmp_244, i1 %not_tmp_282" [firmware/nnet_utils/nnet_activation.h:46]   --->   Operation 1083 'or' 'and_ln46_81' <Predicate = (icmp_ln45_40)> <Delay = 0.00> <CoreInst = "LogicGate">   --->   Core 74 'LogicGate' <Latency = 0> <II = 1> <Delay = 0.12> <FuncUnit> <Opcode : 'and' 'or' 'xor'> <InPorts = 2> <OutPorts = 1>
ST_1 : Operation 1084 [1/1] (0.12ns) (out node of the LUT)   --->   "%empty_58 = and i1 %icmp_ln46_81, i1 %and_ln46_81" [firmware/nnet_utils/nnet_activation.h:46]   --->   Operation 1084 'and' 'empty_58' <Predicate = (icmp_ln45_40)> <Delay = 0.12> <CoreInst = "LogicGate">   --->   Core 74 'LogicGate' <Latency = 0> <II = 1> <Delay = 0.12> <FuncUnit> <Opcode : 'and' 'or' 'xor'> <InPorts = 2> <OutPorts = 1>
ST_1 : Operation 1085 [1/1] (0.00ns) (grouped into LUT with out node select_ln46_121)   --->   "%or_ln46_121 = or i1 %empty_58, i1 %tmp_239" [firmware/nnet_utils/nnet_activation.h:46]   --->   Operation 1085 'or' 'or_ln46_121' <Predicate = (or_ln46_122 & icmp_ln45_40)> <Delay = 0.00> <CoreInst = "LogicGate">   --->   Core 74 'LogicGate' <Latency = 0> <II = 1> <Delay = 0.12> <FuncUnit> <Opcode : 'and' 'or' 'xor'> <InPorts = 2> <OutPorts = 1>
ST_1 : Operation 1086 [1/1] (0.00ns) (grouped into LUT with out node res_40_0)   --->   "%xor_ln46_40 = xor i1 %empty_58, i1 1" [firmware/nnet_utils/nnet_activation.h:46]   --->   Operation 1086 'xor' 'xor_ln46_40' <Predicate = (icmp_ln45_40)> <Delay = 0.00> <CoreInst = "LogicGate">   --->   Core 74 'LogicGate' <Latency = 0> <II = 1> <Delay = 0.12> <FuncUnit> <Opcode : 'and' 'or' 'xor'> <InPorts = 2> <OutPorts = 1>
ST_1 : Operation 1087 [1/1] (0.00ns) (grouped into LUT with out node res_40_0)   --->   "%or_ln46_122 = or i1 %tmp_239, i1 %xor_ln46_40" [firmware/nnet_utils/nnet_activation.h:46]   --->   Operation 1087 'or' 'or_ln46_122' <Predicate = (icmp_ln45_40)> <Delay = 0.00> <CoreInst = "LogicGate">   --->   Core 74 'LogicGate' <Latency = 0> <II = 1> <Delay = 0.12> <FuncUnit> <Opcode : 'and' 'or' 'xor'> <InPorts = 2> <OutPorts = 1>
ST_1 : Operation 1088 [1/1] (0.00ns) (grouped into LUT with out node select_ln46_121)   --->   "%select_ln46_120 = select i1 %tmp_239, i6 0, i6 %add_ln46_40" [firmware/nnet_utils/nnet_activation.h:46]   --->   Operation 1088 'select' 'select_ln46_120' <Predicate = (or_ln46_121 & or_ln46_122 & icmp_ln45_40)> <Delay = 0.00> <CoreInst = "Sel">   --->   Core 73 'Sel' <Latency = 0> <II = 1> <Delay = 0.29> <FuncUnit> <Opcode : 'select'> <InPorts = 3> <OutPorts = 1>
ST_1 : Operation 1089 [1/1] (0.29ns) (out node of the LUT)   --->   "%select_ln46_121 = select i1 %or_ln46_121, i6 %select_ln46_120, i6 63" [firmware/nnet_utils/nnet_activation.h:46]   --->   Operation 1089 'select' 'select_ln46_121' <Predicate = (or_ln46_122 & icmp_ln45_40)> <Delay = 0.29> <CoreInst = "Sel">   --->   Core 73 'Sel' <Latency = 0> <II = 1> <Delay = 0.29> <FuncUnit> <Opcode : 'select'> <InPorts = 3> <OutPorts = 1>
ST_1 : Operation 1090 [1/1] (0.00ns) (grouped into LUT with out node res_40_0)   --->   "%select_ln46_122 = select i1 %or_ln46_122, i6 %select_ln46_121, i6 %add_ln46_40" [firmware/nnet_utils/nnet_activation.h:46]   --->   Operation 1090 'select' 'select_ln46_122' <Predicate = (icmp_ln45_40)> <Delay = 0.00> <CoreInst = "Sel">   --->   Core 73 'Sel' <Latency = 0> <II = 1> <Delay = 0.29> <FuncUnit> <Opcode : 'select'> <InPorts = 3> <OutPorts = 1>
ST_1 : Operation 1091 [1/1] (0.29ns) (out node of the LUT)   --->   "%res_40_0 = select i1 %icmp_ln45_40, i6 %select_ln46_122, i6 0" [firmware/nnet_utils/nnet_activation.h:45]   --->   Operation 1091 'select' 'res_40_0' <Predicate = true> <Delay = 0.29> <CoreInst = "Sel">   --->   Core 73 'Sel' <Latency = 0> <II = 1> <Delay = 0.29> <FuncUnit> <Opcode : 'select'> <InPorts = 3> <OutPorts = 1>
ST_1 : Operation 1092 [1/1] (0.85ns)   --->   "%icmp_ln45_41 = icmp_sgt  i27 %data_41_val_read, i27 0" [firmware/nnet_utils/nnet_activation.h:45]   --->   Operation 1092 'icmp' 'icmp_ln45_41' <Predicate = true> <Delay = 0.85> <CoreInst = "Cmp">   --->   Core 9 'Cmp' <Latency = 0> <II = 1> <Delay = 0.85> <FuncUnit> <Opcode : 'seteq' 'setne' 'setle' 'setge' 'setlt' 'setgt'> <InPorts = 2> <OutPorts = 1>
ST_1 : Operation 1093 [1/1] (0.00ns)   --->   "%tmp_245 = bitselect i1 @_ssdm_op_BitSelect.i1.i27.i32, i27 %data_41_val_read, i32 26" [firmware/nnet_utils/nnet_activation.h:46]   --->   Operation 1093 'bitselect' 'tmp_245' <Predicate = (icmp_ln45_41)> <Delay = 0.00>
ST_1 : Operation 1094 [1/1] (0.00ns) (grouped into LUT with out node add_ln46_41)   --->   "%trunc_ln46_40 = partselect i6 @_ssdm_op_PartSelect.i6.i27.i32.i32, i27 %data_41_val_read, i32 8, i32 13" [firmware/nnet_utils/nnet_activation.h:46]   --->   Operation 1094 'partselect' 'trunc_ln46_40' <Predicate = (icmp_ln45_41)> <Delay = 0.00>
ST_1 : Operation 1095 [1/1] (0.00ns) (grouped into LUT with out node add_ln46_41)   --->   "%tmp_246 = bitselect i1 @_ssdm_op_BitSelect.i1.i27.i32, i27 %data_41_val_read, i32 7" [firmware/nnet_utils/nnet_activation.h:46]   --->   Operation 1095 'bitselect' 'tmp_246' <Predicate = (icmp_ln45_41)> <Delay = 0.00>
ST_1 : Operation 1096 [1/1] (0.00ns)   --->   "%trunc_ln46_103 = trunc i27 %data_41_val_read" [firmware/nnet_utils/nnet_activation.h:46]   --->   Operation 1096 'trunc' 'trunc_ln46_103' <Predicate = (icmp_ln45_41)> <Delay = 0.00>
ST_1 : Operation 1097 [1/1] (0.70ns)   --->   "%icmp_ln46_82 = icmp_ne  i7 %trunc_ln46_103, i7 0" [firmware/nnet_utils/nnet_activation.h:46]   --->   Operation 1097 'icmp' 'icmp_ln46_82' <Predicate = (icmp_ln45_41)> <Delay = 0.70> <CoreInst = "Cmp">   --->   Core 9 'Cmp' <Latency = 0> <II = 1> <Delay = 0.70> <FuncUnit> <Opcode : 'seteq' 'setne' 'setle' 'setge' 'setlt' 'setgt'> <InPorts = 2> <OutPorts = 1>
ST_1 : Operation 1098 [1/1] (0.00ns) (grouped into LUT with out node empty_59)   --->   "%tmp_247 = bitselect i1 @_ssdm_op_BitSelect.i1.i27.i32, i27 %data_41_val_read, i32 13" [firmware/nnet_utils/nnet_activation.h:46]   --->   Operation 1098 'bitselect' 'tmp_247' <Predicate = (icmp_ln45_41)> <Delay = 0.00>
ST_1 : Operation 1099 [1/1] (0.00ns) (grouped into LUT with out node add_ln46_41)   --->   "%tmp_248 = bitselect i1 @_ssdm_op_BitSelect.i1.i27.i32, i27 %data_41_val_read, i32 8" [firmware/nnet_utils/nnet_activation.h:46]   --->   Operation 1099 'bitselect' 'tmp_248' <Predicate = (icmp_ln45_41)> <Delay = 0.00>
ST_1 : Operation 1100 [1/1] (0.00ns) (grouped into LUT with out node add_ln46_41)   --->   "%or_ln46_123 = or i1 %tmp_248, i1 %icmp_ln46_82" [firmware/nnet_utils/nnet_activation.h:46]   --->   Operation 1100 'or' 'or_ln46_123' <Predicate = (icmp_ln45_41)> <Delay = 0.00> <CoreInst = "LogicGate">   --->   Core 74 'LogicGate' <Latency = 0> <II = 1> <Delay = 0.12> <FuncUnit> <Opcode : 'and' 'or' 'xor'> <InPorts = 2> <OutPorts = 1>
ST_1 : Operation 1101 [1/1] (0.00ns) (grouped into LUT with out node add_ln46_41)   --->   "%and_ln46_82 = and i1 %or_ln46_123, i1 %tmp_246" [firmware/nnet_utils/nnet_activation.h:46]   --->   Operation 1101 'and' 'and_ln46_82' <Predicate = (icmp_ln45_41)> <Delay = 0.00> <CoreInst = "LogicGate">   --->   Core 74 'LogicGate' <Latency = 0> <II = 1> <Delay = 0.12> <FuncUnit> <Opcode : 'and' 'or' 'xor'> <InPorts = 2> <OutPorts = 1>
ST_1 : Operation 1102 [1/1] (0.00ns) (grouped into LUT with out node add_ln46_41)   --->   "%zext_ln46_41 = zext i1 %and_ln46_82" [firmware/nnet_utils/nnet_activation.h:46]   --->   Operation 1102 'zext' 'zext_ln46_41' <Predicate = (icmp_ln45_41)> <Delay = 0.00>
ST_1 : Operation 1103 [1/1] (0.70ns) (out node of the LUT)   --->   "%add_ln46_41 = add i6 %trunc_ln46_40, i6 %zext_ln46_41" [firmware/nnet_utils/nnet_activation.h:46]   --->   Operation 1103 'add' 'add_ln46_41' <Predicate = (icmp_ln45_41)> <Delay = 0.70> <CoreInst = "Adder">   --->   Core 1 'Adder' <Latency = 0> <II = 1> <Delay = 0.70> <FuncUnit> <Opcode : 'add' 'sub'> <InPorts = 2> <OutPorts = 1>
ST_1 : Operation 1104 [1/1] (0.00ns)   --->   "%tmp_249 = partselect i13 @_ssdm_op_PartSelect.i13.i27.i32.i32, i27 %data_41_val_read, i32 14, i32 26" [firmware/nnet_utils/nnet_activation.h:46]   --->   Operation 1104 'partselect' 'tmp_249' <Predicate = (icmp_ln45_41)> <Delay = 0.00>
ST_1 : Operation 1105 [1/1] (0.75ns)   --->   "%icmp_ln46_83 = icmp_eq  i13 %tmp_249, i13 0" [firmware/nnet_utils/nnet_activation.h:46]   --->   Operation 1105 'icmp' 'icmp_ln46_83' <Predicate = (icmp_ln45_41)> <Delay = 0.75> <CoreInst = "Cmp">   --->   Core 9 'Cmp' <Latency = 0> <II = 1> <Delay = 0.75> <FuncUnit> <Opcode : 'seteq' 'setne' 'setle' 'setge' 'setlt' 'setgt'> <InPorts = 2> <OutPorts = 1>
ST_1 : Operation 1106 [1/1] (0.00ns) (grouped into LUT with out node empty_59)   --->   "%tmp_250 = bitselect i1 @_ssdm_op_BitSelect.i1.i6.i32, i6 %add_ln46_41, i32 5" [firmware/nnet_utils/nnet_activation.h:46]   --->   Operation 1106 'bitselect' 'tmp_250' <Predicate = (icmp_ln45_41)> <Delay = 0.00>
ST_1 : Operation 1107 [1/1] (0.00ns) (grouped into LUT with out node empty_59)   --->   "%not_tmp_289 = xor i1 %tmp_247, i1 1" [firmware/nnet_utils/nnet_activation.h:46]   --->   Operation 1107 'xor' 'not_tmp_289' <Predicate = (icmp_ln45_41)> <Delay = 0.00> <CoreInst = "LogicGate">   --->   Core 74 'LogicGate' <Latency = 0> <II = 1> <Delay = 0.12> <FuncUnit> <Opcode : 'and' 'or' 'xor'> <InPorts = 2> <OutPorts = 1>
ST_1 : Operation 1108 [1/1] (0.00ns) (grouped into LUT with out node empty_59)   --->   "%and_ln46_83 = or i1 %tmp_250, i1 %not_tmp_289" [firmware/nnet_utils/nnet_activation.h:46]   --->   Operation 1108 'or' 'and_ln46_83' <Predicate = (icmp_ln45_41)> <Delay = 0.00> <CoreInst = "LogicGate">   --->   Core 74 'LogicGate' <Latency = 0> <II = 1> <Delay = 0.12> <FuncUnit> <Opcode : 'and' 'or' 'xor'> <InPorts = 2> <OutPorts = 1>
ST_1 : Operation 1109 [1/1] (0.12ns) (out node of the LUT)   --->   "%empty_59 = and i1 %icmp_ln46_83, i1 %and_ln46_83" [firmware/nnet_utils/nnet_activation.h:46]   --->   Operation 1109 'and' 'empty_59' <Predicate = (icmp_ln45_41)> <Delay = 0.12> <CoreInst = "LogicGate">   --->   Core 74 'LogicGate' <Latency = 0> <II = 1> <Delay = 0.12> <FuncUnit> <Opcode : 'and' 'or' 'xor'> <InPorts = 2> <OutPorts = 1>
ST_1 : Operation 1110 [1/1] (0.00ns) (grouped into LUT with out node select_ln46_124)   --->   "%or_ln46_124 = or i1 %empty_59, i1 %tmp_245" [firmware/nnet_utils/nnet_activation.h:46]   --->   Operation 1110 'or' 'or_ln46_124' <Predicate = (or_ln46_125 & icmp_ln45_41)> <Delay = 0.00> <CoreInst = "LogicGate">   --->   Core 74 'LogicGate' <Latency = 0> <II = 1> <Delay = 0.12> <FuncUnit> <Opcode : 'and' 'or' 'xor'> <InPorts = 2> <OutPorts = 1>
ST_1 : Operation 1111 [1/1] (0.00ns) (grouped into LUT with out node res_41_0)   --->   "%xor_ln46_41 = xor i1 %empty_59, i1 1" [firmware/nnet_utils/nnet_activation.h:46]   --->   Operation 1111 'xor' 'xor_ln46_41' <Predicate = (icmp_ln45_41)> <Delay = 0.00> <CoreInst = "LogicGate">   --->   Core 74 'LogicGate' <Latency = 0> <II = 1> <Delay = 0.12> <FuncUnit> <Opcode : 'and' 'or' 'xor'> <InPorts = 2> <OutPorts = 1>
ST_1 : Operation 1112 [1/1] (0.00ns) (grouped into LUT with out node res_41_0)   --->   "%or_ln46_125 = or i1 %tmp_245, i1 %xor_ln46_41" [firmware/nnet_utils/nnet_activation.h:46]   --->   Operation 1112 'or' 'or_ln46_125' <Predicate = (icmp_ln45_41)> <Delay = 0.00> <CoreInst = "LogicGate">   --->   Core 74 'LogicGate' <Latency = 0> <II = 1> <Delay = 0.12> <FuncUnit> <Opcode : 'and' 'or' 'xor'> <InPorts = 2> <OutPorts = 1>
ST_1 : Operation 1113 [1/1] (0.00ns) (grouped into LUT with out node select_ln46_124)   --->   "%select_ln46_123 = select i1 %tmp_245, i6 0, i6 %add_ln46_41" [firmware/nnet_utils/nnet_activation.h:46]   --->   Operation 1113 'select' 'select_ln46_123' <Predicate = (or_ln46_124 & or_ln46_125 & icmp_ln45_41)> <Delay = 0.00> <CoreInst = "Sel">   --->   Core 73 'Sel' <Latency = 0> <II = 1> <Delay = 0.29> <FuncUnit> <Opcode : 'select'> <InPorts = 3> <OutPorts = 1>
ST_1 : Operation 1114 [1/1] (0.29ns) (out node of the LUT)   --->   "%select_ln46_124 = select i1 %or_ln46_124, i6 %select_ln46_123, i6 63" [firmware/nnet_utils/nnet_activation.h:46]   --->   Operation 1114 'select' 'select_ln46_124' <Predicate = (or_ln46_125 & icmp_ln45_41)> <Delay = 0.29> <CoreInst = "Sel">   --->   Core 73 'Sel' <Latency = 0> <II = 1> <Delay = 0.29> <FuncUnit> <Opcode : 'select'> <InPorts = 3> <OutPorts = 1>
ST_1 : Operation 1115 [1/1] (0.00ns) (grouped into LUT with out node res_41_0)   --->   "%select_ln46_125 = select i1 %or_ln46_125, i6 %select_ln46_124, i6 %add_ln46_41" [firmware/nnet_utils/nnet_activation.h:46]   --->   Operation 1115 'select' 'select_ln46_125' <Predicate = (icmp_ln45_41)> <Delay = 0.00> <CoreInst = "Sel">   --->   Core 73 'Sel' <Latency = 0> <II = 1> <Delay = 0.29> <FuncUnit> <Opcode : 'select'> <InPorts = 3> <OutPorts = 1>
ST_1 : Operation 1116 [1/1] (0.29ns) (out node of the LUT)   --->   "%res_41_0 = select i1 %icmp_ln45_41, i6 %select_ln46_125, i6 0" [firmware/nnet_utils/nnet_activation.h:45]   --->   Operation 1116 'select' 'res_41_0' <Predicate = true> <Delay = 0.29> <CoreInst = "Sel">   --->   Core 73 'Sel' <Latency = 0> <II = 1> <Delay = 0.29> <FuncUnit> <Opcode : 'select'> <InPorts = 3> <OutPorts = 1>
ST_1 : Operation 1117 [1/1] (0.85ns)   --->   "%icmp_ln45_42 = icmp_sgt  i27 %data_42_val_read, i27 0" [firmware/nnet_utils/nnet_activation.h:45]   --->   Operation 1117 'icmp' 'icmp_ln45_42' <Predicate = true> <Delay = 0.85> <CoreInst = "Cmp">   --->   Core 9 'Cmp' <Latency = 0> <II = 1> <Delay = 0.85> <FuncUnit> <Opcode : 'seteq' 'setne' 'setle' 'setge' 'setlt' 'setgt'> <InPorts = 2> <OutPorts = 1>
ST_1 : Operation 1118 [1/1] (0.00ns)   --->   "%tmp_251 = bitselect i1 @_ssdm_op_BitSelect.i1.i27.i32, i27 %data_42_val_read, i32 26" [firmware/nnet_utils/nnet_activation.h:46]   --->   Operation 1118 'bitselect' 'tmp_251' <Predicate = (icmp_ln45_42)> <Delay = 0.00>
ST_1 : Operation 1119 [1/1] (0.00ns) (grouped into LUT with out node add_ln46_42)   --->   "%trunc_ln46_41 = partselect i6 @_ssdm_op_PartSelect.i6.i27.i32.i32, i27 %data_42_val_read, i32 8, i32 13" [firmware/nnet_utils/nnet_activation.h:46]   --->   Operation 1119 'partselect' 'trunc_ln46_41' <Predicate = (icmp_ln45_42)> <Delay = 0.00>
ST_1 : Operation 1120 [1/1] (0.00ns) (grouped into LUT with out node add_ln46_42)   --->   "%tmp_252 = bitselect i1 @_ssdm_op_BitSelect.i1.i27.i32, i27 %data_42_val_read, i32 7" [firmware/nnet_utils/nnet_activation.h:46]   --->   Operation 1120 'bitselect' 'tmp_252' <Predicate = (icmp_ln45_42)> <Delay = 0.00>
ST_1 : Operation 1121 [1/1] (0.00ns)   --->   "%trunc_ln46_104 = trunc i27 %data_42_val_read" [firmware/nnet_utils/nnet_activation.h:46]   --->   Operation 1121 'trunc' 'trunc_ln46_104' <Predicate = (icmp_ln45_42)> <Delay = 0.00>
ST_1 : Operation 1122 [1/1] (0.70ns)   --->   "%icmp_ln46_84 = icmp_ne  i7 %trunc_ln46_104, i7 0" [firmware/nnet_utils/nnet_activation.h:46]   --->   Operation 1122 'icmp' 'icmp_ln46_84' <Predicate = (icmp_ln45_42)> <Delay = 0.70> <CoreInst = "Cmp">   --->   Core 9 'Cmp' <Latency = 0> <II = 1> <Delay = 0.70> <FuncUnit> <Opcode : 'seteq' 'setne' 'setle' 'setge' 'setlt' 'setgt'> <InPorts = 2> <OutPorts = 1>
ST_1 : Operation 1123 [1/1] (0.00ns) (grouped into LUT with out node empty_60)   --->   "%tmp_253 = bitselect i1 @_ssdm_op_BitSelect.i1.i27.i32, i27 %data_42_val_read, i32 13" [firmware/nnet_utils/nnet_activation.h:46]   --->   Operation 1123 'bitselect' 'tmp_253' <Predicate = (icmp_ln45_42)> <Delay = 0.00>
ST_1 : Operation 1124 [1/1] (0.00ns) (grouped into LUT with out node add_ln46_42)   --->   "%tmp_254 = bitselect i1 @_ssdm_op_BitSelect.i1.i27.i32, i27 %data_42_val_read, i32 8" [firmware/nnet_utils/nnet_activation.h:46]   --->   Operation 1124 'bitselect' 'tmp_254' <Predicate = (icmp_ln45_42)> <Delay = 0.00>
ST_1 : Operation 1125 [1/1] (0.00ns) (grouped into LUT with out node add_ln46_42)   --->   "%or_ln46_126 = or i1 %tmp_254, i1 %icmp_ln46_84" [firmware/nnet_utils/nnet_activation.h:46]   --->   Operation 1125 'or' 'or_ln46_126' <Predicate = (icmp_ln45_42)> <Delay = 0.00> <CoreInst = "LogicGate">   --->   Core 74 'LogicGate' <Latency = 0> <II = 1> <Delay = 0.12> <FuncUnit> <Opcode : 'and' 'or' 'xor'> <InPorts = 2> <OutPorts = 1>
ST_1 : Operation 1126 [1/1] (0.00ns) (grouped into LUT with out node add_ln46_42)   --->   "%and_ln46_84 = and i1 %or_ln46_126, i1 %tmp_252" [firmware/nnet_utils/nnet_activation.h:46]   --->   Operation 1126 'and' 'and_ln46_84' <Predicate = (icmp_ln45_42)> <Delay = 0.00> <CoreInst = "LogicGate">   --->   Core 74 'LogicGate' <Latency = 0> <II = 1> <Delay = 0.12> <FuncUnit> <Opcode : 'and' 'or' 'xor'> <InPorts = 2> <OutPorts = 1>
ST_1 : Operation 1127 [1/1] (0.00ns) (grouped into LUT with out node add_ln46_42)   --->   "%zext_ln46_42 = zext i1 %and_ln46_84" [firmware/nnet_utils/nnet_activation.h:46]   --->   Operation 1127 'zext' 'zext_ln46_42' <Predicate = (icmp_ln45_42)> <Delay = 0.00>
ST_1 : Operation 1128 [1/1] (0.70ns) (out node of the LUT)   --->   "%add_ln46_42 = add i6 %trunc_ln46_41, i6 %zext_ln46_42" [firmware/nnet_utils/nnet_activation.h:46]   --->   Operation 1128 'add' 'add_ln46_42' <Predicate = (icmp_ln45_42)> <Delay = 0.70> <CoreInst = "Adder">   --->   Core 1 'Adder' <Latency = 0> <II = 1> <Delay = 0.70> <FuncUnit> <Opcode : 'add' 'sub'> <InPorts = 2> <OutPorts = 1>
ST_1 : Operation 1129 [1/1] (0.00ns)   --->   "%tmp_255 = partselect i13 @_ssdm_op_PartSelect.i13.i27.i32.i32, i27 %data_42_val_read, i32 14, i32 26" [firmware/nnet_utils/nnet_activation.h:46]   --->   Operation 1129 'partselect' 'tmp_255' <Predicate = (icmp_ln45_42)> <Delay = 0.00>
ST_1 : Operation 1130 [1/1] (0.75ns)   --->   "%icmp_ln46_85 = icmp_eq  i13 %tmp_255, i13 0" [firmware/nnet_utils/nnet_activation.h:46]   --->   Operation 1130 'icmp' 'icmp_ln46_85' <Predicate = (icmp_ln45_42)> <Delay = 0.75> <CoreInst = "Cmp">   --->   Core 9 'Cmp' <Latency = 0> <II = 1> <Delay = 0.75> <FuncUnit> <Opcode : 'seteq' 'setne' 'setle' 'setge' 'setlt' 'setgt'> <InPorts = 2> <OutPorts = 1>
ST_1 : Operation 1131 [1/1] (0.00ns) (grouped into LUT with out node empty_60)   --->   "%tmp_256 = bitselect i1 @_ssdm_op_BitSelect.i1.i6.i32, i6 %add_ln46_42, i32 5" [firmware/nnet_utils/nnet_activation.h:46]   --->   Operation 1131 'bitselect' 'tmp_256' <Predicate = (icmp_ln45_42)> <Delay = 0.00>
ST_1 : Operation 1132 [1/1] (0.00ns) (grouped into LUT with out node empty_60)   --->   "%not_tmp_296 = xor i1 %tmp_253, i1 1" [firmware/nnet_utils/nnet_activation.h:46]   --->   Operation 1132 'xor' 'not_tmp_296' <Predicate = (icmp_ln45_42)> <Delay = 0.00> <CoreInst = "LogicGate">   --->   Core 74 'LogicGate' <Latency = 0> <II = 1> <Delay = 0.12> <FuncUnit> <Opcode : 'and' 'or' 'xor'> <InPorts = 2> <OutPorts = 1>
ST_1 : Operation 1133 [1/1] (0.00ns) (grouped into LUT with out node empty_60)   --->   "%and_ln46_85 = or i1 %tmp_256, i1 %not_tmp_296" [firmware/nnet_utils/nnet_activation.h:46]   --->   Operation 1133 'or' 'and_ln46_85' <Predicate = (icmp_ln45_42)> <Delay = 0.00> <CoreInst = "LogicGate">   --->   Core 74 'LogicGate' <Latency = 0> <II = 1> <Delay = 0.12> <FuncUnit> <Opcode : 'and' 'or' 'xor'> <InPorts = 2> <OutPorts = 1>
ST_1 : Operation 1134 [1/1] (0.12ns) (out node of the LUT)   --->   "%empty_60 = and i1 %icmp_ln46_85, i1 %and_ln46_85" [firmware/nnet_utils/nnet_activation.h:46]   --->   Operation 1134 'and' 'empty_60' <Predicate = (icmp_ln45_42)> <Delay = 0.12> <CoreInst = "LogicGate">   --->   Core 74 'LogicGate' <Latency = 0> <II = 1> <Delay = 0.12> <FuncUnit> <Opcode : 'and' 'or' 'xor'> <InPorts = 2> <OutPorts = 1>
ST_1 : Operation 1135 [1/1] (0.00ns) (grouped into LUT with out node select_ln46_127)   --->   "%or_ln46_127 = or i1 %empty_60, i1 %tmp_251" [firmware/nnet_utils/nnet_activation.h:46]   --->   Operation 1135 'or' 'or_ln46_127' <Predicate = (or_ln46_128 & icmp_ln45_42)> <Delay = 0.00> <CoreInst = "LogicGate">   --->   Core 74 'LogicGate' <Latency = 0> <II = 1> <Delay = 0.12> <FuncUnit> <Opcode : 'and' 'or' 'xor'> <InPorts = 2> <OutPorts = 1>
ST_1 : Operation 1136 [1/1] (0.00ns) (grouped into LUT with out node res_42_0)   --->   "%xor_ln46_42 = xor i1 %empty_60, i1 1" [firmware/nnet_utils/nnet_activation.h:46]   --->   Operation 1136 'xor' 'xor_ln46_42' <Predicate = (icmp_ln45_42)> <Delay = 0.00> <CoreInst = "LogicGate">   --->   Core 74 'LogicGate' <Latency = 0> <II = 1> <Delay = 0.12> <FuncUnit> <Opcode : 'and' 'or' 'xor'> <InPorts = 2> <OutPorts = 1>
ST_1 : Operation 1137 [1/1] (0.00ns) (grouped into LUT with out node res_42_0)   --->   "%or_ln46_128 = or i1 %tmp_251, i1 %xor_ln46_42" [firmware/nnet_utils/nnet_activation.h:46]   --->   Operation 1137 'or' 'or_ln46_128' <Predicate = (icmp_ln45_42)> <Delay = 0.00> <CoreInst = "LogicGate">   --->   Core 74 'LogicGate' <Latency = 0> <II = 1> <Delay = 0.12> <FuncUnit> <Opcode : 'and' 'or' 'xor'> <InPorts = 2> <OutPorts = 1>
ST_1 : Operation 1138 [1/1] (0.00ns) (grouped into LUT with out node select_ln46_127)   --->   "%select_ln46_126 = select i1 %tmp_251, i6 0, i6 %add_ln46_42" [firmware/nnet_utils/nnet_activation.h:46]   --->   Operation 1138 'select' 'select_ln46_126' <Predicate = (or_ln46_127 & or_ln46_128 & icmp_ln45_42)> <Delay = 0.00> <CoreInst = "Sel">   --->   Core 73 'Sel' <Latency = 0> <II = 1> <Delay = 0.29> <FuncUnit> <Opcode : 'select'> <InPorts = 3> <OutPorts = 1>
ST_1 : Operation 1139 [1/1] (0.29ns) (out node of the LUT)   --->   "%select_ln46_127 = select i1 %or_ln46_127, i6 %select_ln46_126, i6 63" [firmware/nnet_utils/nnet_activation.h:46]   --->   Operation 1139 'select' 'select_ln46_127' <Predicate = (or_ln46_128 & icmp_ln45_42)> <Delay = 0.29> <CoreInst = "Sel">   --->   Core 73 'Sel' <Latency = 0> <II = 1> <Delay = 0.29> <FuncUnit> <Opcode : 'select'> <InPorts = 3> <OutPorts = 1>
ST_1 : Operation 1140 [1/1] (0.00ns) (grouped into LUT with out node res_42_0)   --->   "%select_ln46_128 = select i1 %or_ln46_128, i6 %select_ln46_127, i6 %add_ln46_42" [firmware/nnet_utils/nnet_activation.h:46]   --->   Operation 1140 'select' 'select_ln46_128' <Predicate = (icmp_ln45_42)> <Delay = 0.00> <CoreInst = "Sel">   --->   Core 73 'Sel' <Latency = 0> <II = 1> <Delay = 0.29> <FuncUnit> <Opcode : 'select'> <InPorts = 3> <OutPorts = 1>
ST_1 : Operation 1141 [1/1] (0.29ns) (out node of the LUT)   --->   "%res_42_0 = select i1 %icmp_ln45_42, i6 %select_ln46_128, i6 0" [firmware/nnet_utils/nnet_activation.h:45]   --->   Operation 1141 'select' 'res_42_0' <Predicate = true> <Delay = 0.29> <CoreInst = "Sel">   --->   Core 73 'Sel' <Latency = 0> <II = 1> <Delay = 0.29> <FuncUnit> <Opcode : 'select'> <InPorts = 3> <OutPorts = 1>
ST_1 : Operation 1142 [1/1] (0.85ns)   --->   "%icmp_ln45_43 = icmp_sgt  i27 %data_43_val_read, i27 0" [firmware/nnet_utils/nnet_activation.h:45]   --->   Operation 1142 'icmp' 'icmp_ln45_43' <Predicate = true> <Delay = 0.85> <CoreInst = "Cmp">   --->   Core 9 'Cmp' <Latency = 0> <II = 1> <Delay = 0.85> <FuncUnit> <Opcode : 'seteq' 'setne' 'setle' 'setge' 'setlt' 'setgt'> <InPorts = 2> <OutPorts = 1>
ST_1 : Operation 1143 [1/1] (0.00ns)   --->   "%tmp_257 = bitselect i1 @_ssdm_op_BitSelect.i1.i27.i32, i27 %data_43_val_read, i32 26" [firmware/nnet_utils/nnet_activation.h:46]   --->   Operation 1143 'bitselect' 'tmp_257' <Predicate = (icmp_ln45_43)> <Delay = 0.00>
ST_1 : Operation 1144 [1/1] (0.00ns) (grouped into LUT with out node add_ln46_43)   --->   "%trunc_ln46_42 = partselect i6 @_ssdm_op_PartSelect.i6.i27.i32.i32, i27 %data_43_val_read, i32 8, i32 13" [firmware/nnet_utils/nnet_activation.h:46]   --->   Operation 1144 'partselect' 'trunc_ln46_42' <Predicate = (icmp_ln45_43)> <Delay = 0.00>
ST_1 : Operation 1145 [1/1] (0.00ns) (grouped into LUT with out node add_ln46_43)   --->   "%tmp_258 = bitselect i1 @_ssdm_op_BitSelect.i1.i27.i32, i27 %data_43_val_read, i32 7" [firmware/nnet_utils/nnet_activation.h:46]   --->   Operation 1145 'bitselect' 'tmp_258' <Predicate = (icmp_ln45_43)> <Delay = 0.00>
ST_1 : Operation 1146 [1/1] (0.00ns)   --->   "%trunc_ln46_105 = trunc i27 %data_43_val_read" [firmware/nnet_utils/nnet_activation.h:46]   --->   Operation 1146 'trunc' 'trunc_ln46_105' <Predicate = (icmp_ln45_43)> <Delay = 0.00>
ST_1 : Operation 1147 [1/1] (0.70ns)   --->   "%icmp_ln46_86 = icmp_ne  i7 %trunc_ln46_105, i7 0" [firmware/nnet_utils/nnet_activation.h:46]   --->   Operation 1147 'icmp' 'icmp_ln46_86' <Predicate = (icmp_ln45_43)> <Delay = 0.70> <CoreInst = "Cmp">   --->   Core 9 'Cmp' <Latency = 0> <II = 1> <Delay = 0.70> <FuncUnit> <Opcode : 'seteq' 'setne' 'setle' 'setge' 'setlt' 'setgt'> <InPorts = 2> <OutPorts = 1>
ST_1 : Operation 1148 [1/1] (0.00ns) (grouped into LUT with out node empty_61)   --->   "%tmp_259 = bitselect i1 @_ssdm_op_BitSelect.i1.i27.i32, i27 %data_43_val_read, i32 13" [firmware/nnet_utils/nnet_activation.h:46]   --->   Operation 1148 'bitselect' 'tmp_259' <Predicate = (icmp_ln45_43)> <Delay = 0.00>
ST_1 : Operation 1149 [1/1] (0.00ns) (grouped into LUT with out node add_ln46_43)   --->   "%tmp_260 = bitselect i1 @_ssdm_op_BitSelect.i1.i27.i32, i27 %data_43_val_read, i32 8" [firmware/nnet_utils/nnet_activation.h:46]   --->   Operation 1149 'bitselect' 'tmp_260' <Predicate = (icmp_ln45_43)> <Delay = 0.00>
ST_1 : Operation 1150 [1/1] (0.00ns) (grouped into LUT with out node add_ln46_43)   --->   "%or_ln46_129 = or i1 %tmp_260, i1 %icmp_ln46_86" [firmware/nnet_utils/nnet_activation.h:46]   --->   Operation 1150 'or' 'or_ln46_129' <Predicate = (icmp_ln45_43)> <Delay = 0.00> <CoreInst = "LogicGate">   --->   Core 74 'LogicGate' <Latency = 0> <II = 1> <Delay = 0.12> <FuncUnit> <Opcode : 'and' 'or' 'xor'> <InPorts = 2> <OutPorts = 1>
ST_1 : Operation 1151 [1/1] (0.00ns) (grouped into LUT with out node add_ln46_43)   --->   "%and_ln46_86 = and i1 %or_ln46_129, i1 %tmp_258" [firmware/nnet_utils/nnet_activation.h:46]   --->   Operation 1151 'and' 'and_ln46_86' <Predicate = (icmp_ln45_43)> <Delay = 0.00> <CoreInst = "LogicGate">   --->   Core 74 'LogicGate' <Latency = 0> <II = 1> <Delay = 0.12> <FuncUnit> <Opcode : 'and' 'or' 'xor'> <InPorts = 2> <OutPorts = 1>
ST_1 : Operation 1152 [1/1] (0.00ns) (grouped into LUT with out node add_ln46_43)   --->   "%zext_ln46_43 = zext i1 %and_ln46_86" [firmware/nnet_utils/nnet_activation.h:46]   --->   Operation 1152 'zext' 'zext_ln46_43' <Predicate = (icmp_ln45_43)> <Delay = 0.00>
ST_1 : Operation 1153 [1/1] (0.70ns) (out node of the LUT)   --->   "%add_ln46_43 = add i6 %trunc_ln46_42, i6 %zext_ln46_43" [firmware/nnet_utils/nnet_activation.h:46]   --->   Operation 1153 'add' 'add_ln46_43' <Predicate = (icmp_ln45_43)> <Delay = 0.70> <CoreInst = "Adder">   --->   Core 1 'Adder' <Latency = 0> <II = 1> <Delay = 0.70> <FuncUnit> <Opcode : 'add' 'sub'> <InPorts = 2> <OutPorts = 1>
ST_1 : Operation 1154 [1/1] (0.00ns)   --->   "%tmp_261 = partselect i13 @_ssdm_op_PartSelect.i13.i27.i32.i32, i27 %data_43_val_read, i32 14, i32 26" [firmware/nnet_utils/nnet_activation.h:46]   --->   Operation 1154 'partselect' 'tmp_261' <Predicate = (icmp_ln45_43)> <Delay = 0.00>
ST_1 : Operation 1155 [1/1] (0.75ns)   --->   "%icmp_ln46_87 = icmp_eq  i13 %tmp_261, i13 0" [firmware/nnet_utils/nnet_activation.h:46]   --->   Operation 1155 'icmp' 'icmp_ln46_87' <Predicate = (icmp_ln45_43)> <Delay = 0.75> <CoreInst = "Cmp">   --->   Core 9 'Cmp' <Latency = 0> <II = 1> <Delay = 0.75> <FuncUnit> <Opcode : 'seteq' 'setne' 'setle' 'setge' 'setlt' 'setgt'> <InPorts = 2> <OutPorts = 1>
ST_1 : Operation 1156 [1/1] (0.00ns) (grouped into LUT with out node empty_61)   --->   "%tmp_262 = bitselect i1 @_ssdm_op_BitSelect.i1.i6.i32, i6 %add_ln46_43, i32 5" [firmware/nnet_utils/nnet_activation.h:46]   --->   Operation 1156 'bitselect' 'tmp_262' <Predicate = (icmp_ln45_43)> <Delay = 0.00>
ST_1 : Operation 1157 [1/1] (0.00ns) (grouped into LUT with out node empty_61)   --->   "%not_tmp_303 = xor i1 %tmp_259, i1 1" [firmware/nnet_utils/nnet_activation.h:46]   --->   Operation 1157 'xor' 'not_tmp_303' <Predicate = (icmp_ln45_43)> <Delay = 0.00> <CoreInst = "LogicGate">   --->   Core 74 'LogicGate' <Latency = 0> <II = 1> <Delay = 0.12> <FuncUnit> <Opcode : 'and' 'or' 'xor'> <InPorts = 2> <OutPorts = 1>
ST_1 : Operation 1158 [1/1] (0.00ns) (grouped into LUT with out node empty_61)   --->   "%and_ln46_87 = or i1 %tmp_262, i1 %not_tmp_303" [firmware/nnet_utils/nnet_activation.h:46]   --->   Operation 1158 'or' 'and_ln46_87' <Predicate = (icmp_ln45_43)> <Delay = 0.00> <CoreInst = "LogicGate">   --->   Core 74 'LogicGate' <Latency = 0> <II = 1> <Delay = 0.12> <FuncUnit> <Opcode : 'and' 'or' 'xor'> <InPorts = 2> <OutPorts = 1>
ST_1 : Operation 1159 [1/1] (0.12ns) (out node of the LUT)   --->   "%empty_61 = and i1 %icmp_ln46_87, i1 %and_ln46_87" [firmware/nnet_utils/nnet_activation.h:46]   --->   Operation 1159 'and' 'empty_61' <Predicate = (icmp_ln45_43)> <Delay = 0.12> <CoreInst = "LogicGate">   --->   Core 74 'LogicGate' <Latency = 0> <II = 1> <Delay = 0.12> <FuncUnit> <Opcode : 'and' 'or' 'xor'> <InPorts = 2> <OutPorts = 1>
ST_1 : Operation 1160 [1/1] (0.00ns) (grouped into LUT with out node select_ln46_130)   --->   "%or_ln46_130 = or i1 %empty_61, i1 %tmp_257" [firmware/nnet_utils/nnet_activation.h:46]   --->   Operation 1160 'or' 'or_ln46_130' <Predicate = (or_ln46_131 & icmp_ln45_43)> <Delay = 0.00> <CoreInst = "LogicGate">   --->   Core 74 'LogicGate' <Latency = 0> <II = 1> <Delay = 0.12> <FuncUnit> <Opcode : 'and' 'or' 'xor'> <InPorts = 2> <OutPorts = 1>
ST_1 : Operation 1161 [1/1] (0.00ns) (grouped into LUT with out node res_43_0)   --->   "%xor_ln46_43 = xor i1 %empty_61, i1 1" [firmware/nnet_utils/nnet_activation.h:46]   --->   Operation 1161 'xor' 'xor_ln46_43' <Predicate = (icmp_ln45_43)> <Delay = 0.00> <CoreInst = "LogicGate">   --->   Core 74 'LogicGate' <Latency = 0> <II = 1> <Delay = 0.12> <FuncUnit> <Opcode : 'and' 'or' 'xor'> <InPorts = 2> <OutPorts = 1>
ST_1 : Operation 1162 [1/1] (0.00ns) (grouped into LUT with out node res_43_0)   --->   "%or_ln46_131 = or i1 %tmp_257, i1 %xor_ln46_43" [firmware/nnet_utils/nnet_activation.h:46]   --->   Operation 1162 'or' 'or_ln46_131' <Predicate = (icmp_ln45_43)> <Delay = 0.00> <CoreInst = "LogicGate">   --->   Core 74 'LogicGate' <Latency = 0> <II = 1> <Delay = 0.12> <FuncUnit> <Opcode : 'and' 'or' 'xor'> <InPorts = 2> <OutPorts = 1>
ST_1 : Operation 1163 [1/1] (0.00ns) (grouped into LUT with out node select_ln46_130)   --->   "%select_ln46_129 = select i1 %tmp_257, i6 0, i6 %add_ln46_43" [firmware/nnet_utils/nnet_activation.h:46]   --->   Operation 1163 'select' 'select_ln46_129' <Predicate = (or_ln46_130 & or_ln46_131 & icmp_ln45_43)> <Delay = 0.00> <CoreInst = "Sel">   --->   Core 73 'Sel' <Latency = 0> <II = 1> <Delay = 0.29> <FuncUnit> <Opcode : 'select'> <InPorts = 3> <OutPorts = 1>
ST_1 : Operation 1164 [1/1] (0.29ns) (out node of the LUT)   --->   "%select_ln46_130 = select i1 %or_ln46_130, i6 %select_ln46_129, i6 63" [firmware/nnet_utils/nnet_activation.h:46]   --->   Operation 1164 'select' 'select_ln46_130' <Predicate = (or_ln46_131 & icmp_ln45_43)> <Delay = 0.29> <CoreInst = "Sel">   --->   Core 73 'Sel' <Latency = 0> <II = 1> <Delay = 0.29> <FuncUnit> <Opcode : 'select'> <InPorts = 3> <OutPorts = 1>
ST_1 : Operation 1165 [1/1] (0.00ns) (grouped into LUT with out node res_43_0)   --->   "%select_ln46_131 = select i1 %or_ln46_131, i6 %select_ln46_130, i6 %add_ln46_43" [firmware/nnet_utils/nnet_activation.h:46]   --->   Operation 1165 'select' 'select_ln46_131' <Predicate = (icmp_ln45_43)> <Delay = 0.00> <CoreInst = "Sel">   --->   Core 73 'Sel' <Latency = 0> <II = 1> <Delay = 0.29> <FuncUnit> <Opcode : 'select'> <InPorts = 3> <OutPorts = 1>
ST_1 : Operation 1166 [1/1] (0.29ns) (out node of the LUT)   --->   "%res_43_0 = select i1 %icmp_ln45_43, i6 %select_ln46_131, i6 0" [firmware/nnet_utils/nnet_activation.h:45]   --->   Operation 1166 'select' 'res_43_0' <Predicate = true> <Delay = 0.29> <CoreInst = "Sel">   --->   Core 73 'Sel' <Latency = 0> <II = 1> <Delay = 0.29> <FuncUnit> <Opcode : 'select'> <InPorts = 3> <OutPorts = 1>
ST_1 : Operation 1167 [1/1] (0.85ns)   --->   "%icmp_ln45_44 = icmp_sgt  i27 %data_44_val_read, i27 0" [firmware/nnet_utils/nnet_activation.h:45]   --->   Operation 1167 'icmp' 'icmp_ln45_44' <Predicate = true> <Delay = 0.85> <CoreInst = "Cmp">   --->   Core 9 'Cmp' <Latency = 0> <II = 1> <Delay = 0.85> <FuncUnit> <Opcode : 'seteq' 'setne' 'setle' 'setge' 'setlt' 'setgt'> <InPorts = 2> <OutPorts = 1>
ST_1 : Operation 1168 [1/1] (0.00ns)   --->   "%tmp_263 = bitselect i1 @_ssdm_op_BitSelect.i1.i27.i32, i27 %data_44_val_read, i32 26" [firmware/nnet_utils/nnet_activation.h:46]   --->   Operation 1168 'bitselect' 'tmp_263' <Predicate = (icmp_ln45_44)> <Delay = 0.00>
ST_1 : Operation 1169 [1/1] (0.00ns) (grouped into LUT with out node add_ln46_44)   --->   "%trunc_ln46_43 = partselect i6 @_ssdm_op_PartSelect.i6.i27.i32.i32, i27 %data_44_val_read, i32 8, i32 13" [firmware/nnet_utils/nnet_activation.h:46]   --->   Operation 1169 'partselect' 'trunc_ln46_43' <Predicate = (icmp_ln45_44)> <Delay = 0.00>
ST_1 : Operation 1170 [1/1] (0.00ns) (grouped into LUT with out node add_ln46_44)   --->   "%tmp_264 = bitselect i1 @_ssdm_op_BitSelect.i1.i27.i32, i27 %data_44_val_read, i32 7" [firmware/nnet_utils/nnet_activation.h:46]   --->   Operation 1170 'bitselect' 'tmp_264' <Predicate = (icmp_ln45_44)> <Delay = 0.00>
ST_1 : Operation 1171 [1/1] (0.00ns)   --->   "%trunc_ln46_106 = trunc i27 %data_44_val_read" [firmware/nnet_utils/nnet_activation.h:46]   --->   Operation 1171 'trunc' 'trunc_ln46_106' <Predicate = (icmp_ln45_44)> <Delay = 0.00>
ST_1 : Operation 1172 [1/1] (0.70ns)   --->   "%icmp_ln46_88 = icmp_ne  i7 %trunc_ln46_106, i7 0" [firmware/nnet_utils/nnet_activation.h:46]   --->   Operation 1172 'icmp' 'icmp_ln46_88' <Predicate = (icmp_ln45_44)> <Delay = 0.70> <CoreInst = "Cmp">   --->   Core 9 'Cmp' <Latency = 0> <II = 1> <Delay = 0.70> <FuncUnit> <Opcode : 'seteq' 'setne' 'setle' 'setge' 'setlt' 'setgt'> <InPorts = 2> <OutPorts = 1>
ST_1 : Operation 1173 [1/1] (0.00ns) (grouped into LUT with out node empty_62)   --->   "%tmp_265 = bitselect i1 @_ssdm_op_BitSelect.i1.i27.i32, i27 %data_44_val_read, i32 13" [firmware/nnet_utils/nnet_activation.h:46]   --->   Operation 1173 'bitselect' 'tmp_265' <Predicate = (icmp_ln45_44)> <Delay = 0.00>
ST_1 : Operation 1174 [1/1] (0.00ns) (grouped into LUT with out node add_ln46_44)   --->   "%tmp_266 = bitselect i1 @_ssdm_op_BitSelect.i1.i27.i32, i27 %data_44_val_read, i32 8" [firmware/nnet_utils/nnet_activation.h:46]   --->   Operation 1174 'bitselect' 'tmp_266' <Predicate = (icmp_ln45_44)> <Delay = 0.00>
ST_1 : Operation 1175 [1/1] (0.00ns) (grouped into LUT with out node add_ln46_44)   --->   "%or_ln46_132 = or i1 %tmp_266, i1 %icmp_ln46_88" [firmware/nnet_utils/nnet_activation.h:46]   --->   Operation 1175 'or' 'or_ln46_132' <Predicate = (icmp_ln45_44)> <Delay = 0.00> <CoreInst = "LogicGate">   --->   Core 74 'LogicGate' <Latency = 0> <II = 1> <Delay = 0.12> <FuncUnit> <Opcode : 'and' 'or' 'xor'> <InPorts = 2> <OutPorts = 1>
ST_1 : Operation 1176 [1/1] (0.00ns) (grouped into LUT with out node add_ln46_44)   --->   "%and_ln46_88 = and i1 %or_ln46_132, i1 %tmp_264" [firmware/nnet_utils/nnet_activation.h:46]   --->   Operation 1176 'and' 'and_ln46_88' <Predicate = (icmp_ln45_44)> <Delay = 0.00> <CoreInst = "LogicGate">   --->   Core 74 'LogicGate' <Latency = 0> <II = 1> <Delay = 0.12> <FuncUnit> <Opcode : 'and' 'or' 'xor'> <InPorts = 2> <OutPorts = 1>
ST_1 : Operation 1177 [1/1] (0.00ns) (grouped into LUT with out node add_ln46_44)   --->   "%zext_ln46_44 = zext i1 %and_ln46_88" [firmware/nnet_utils/nnet_activation.h:46]   --->   Operation 1177 'zext' 'zext_ln46_44' <Predicate = (icmp_ln45_44)> <Delay = 0.00>
ST_1 : Operation 1178 [1/1] (0.70ns) (out node of the LUT)   --->   "%add_ln46_44 = add i6 %trunc_ln46_43, i6 %zext_ln46_44" [firmware/nnet_utils/nnet_activation.h:46]   --->   Operation 1178 'add' 'add_ln46_44' <Predicate = (icmp_ln45_44)> <Delay = 0.70> <CoreInst = "Adder">   --->   Core 1 'Adder' <Latency = 0> <II = 1> <Delay = 0.70> <FuncUnit> <Opcode : 'add' 'sub'> <InPorts = 2> <OutPorts = 1>
ST_1 : Operation 1179 [1/1] (0.00ns)   --->   "%tmp_267 = partselect i13 @_ssdm_op_PartSelect.i13.i27.i32.i32, i27 %data_44_val_read, i32 14, i32 26" [firmware/nnet_utils/nnet_activation.h:46]   --->   Operation 1179 'partselect' 'tmp_267' <Predicate = (icmp_ln45_44)> <Delay = 0.00>
ST_1 : Operation 1180 [1/1] (0.75ns)   --->   "%icmp_ln46_89 = icmp_eq  i13 %tmp_267, i13 0" [firmware/nnet_utils/nnet_activation.h:46]   --->   Operation 1180 'icmp' 'icmp_ln46_89' <Predicate = (icmp_ln45_44)> <Delay = 0.75> <CoreInst = "Cmp">   --->   Core 9 'Cmp' <Latency = 0> <II = 1> <Delay = 0.75> <FuncUnit> <Opcode : 'seteq' 'setne' 'setle' 'setge' 'setlt' 'setgt'> <InPorts = 2> <OutPorts = 1>
ST_1 : Operation 1181 [1/1] (0.00ns) (grouped into LUT with out node empty_62)   --->   "%tmp_268 = bitselect i1 @_ssdm_op_BitSelect.i1.i6.i32, i6 %add_ln46_44, i32 5" [firmware/nnet_utils/nnet_activation.h:46]   --->   Operation 1181 'bitselect' 'tmp_268' <Predicate = (icmp_ln45_44)> <Delay = 0.00>
ST_1 : Operation 1182 [1/1] (0.00ns) (grouped into LUT with out node empty_62)   --->   "%not_tmp_310 = xor i1 %tmp_265, i1 1" [firmware/nnet_utils/nnet_activation.h:46]   --->   Operation 1182 'xor' 'not_tmp_310' <Predicate = (icmp_ln45_44)> <Delay = 0.00> <CoreInst = "LogicGate">   --->   Core 74 'LogicGate' <Latency = 0> <II = 1> <Delay = 0.12> <FuncUnit> <Opcode : 'and' 'or' 'xor'> <InPorts = 2> <OutPorts = 1>
ST_1 : Operation 1183 [1/1] (0.00ns) (grouped into LUT with out node empty_62)   --->   "%and_ln46_89 = or i1 %tmp_268, i1 %not_tmp_310" [firmware/nnet_utils/nnet_activation.h:46]   --->   Operation 1183 'or' 'and_ln46_89' <Predicate = (icmp_ln45_44)> <Delay = 0.00> <CoreInst = "LogicGate">   --->   Core 74 'LogicGate' <Latency = 0> <II = 1> <Delay = 0.12> <FuncUnit> <Opcode : 'and' 'or' 'xor'> <InPorts = 2> <OutPorts = 1>
ST_1 : Operation 1184 [1/1] (0.12ns) (out node of the LUT)   --->   "%empty_62 = and i1 %icmp_ln46_89, i1 %and_ln46_89" [firmware/nnet_utils/nnet_activation.h:46]   --->   Operation 1184 'and' 'empty_62' <Predicate = (icmp_ln45_44)> <Delay = 0.12> <CoreInst = "LogicGate">   --->   Core 74 'LogicGate' <Latency = 0> <II = 1> <Delay = 0.12> <FuncUnit> <Opcode : 'and' 'or' 'xor'> <InPorts = 2> <OutPorts = 1>
ST_1 : Operation 1185 [1/1] (0.00ns) (grouped into LUT with out node select_ln46_133)   --->   "%or_ln46_133 = or i1 %empty_62, i1 %tmp_263" [firmware/nnet_utils/nnet_activation.h:46]   --->   Operation 1185 'or' 'or_ln46_133' <Predicate = (or_ln46_134 & icmp_ln45_44)> <Delay = 0.00> <CoreInst = "LogicGate">   --->   Core 74 'LogicGate' <Latency = 0> <II = 1> <Delay = 0.12> <FuncUnit> <Opcode : 'and' 'or' 'xor'> <InPorts = 2> <OutPorts = 1>
ST_1 : Operation 1186 [1/1] (0.00ns) (grouped into LUT with out node res_44_0)   --->   "%xor_ln46_44 = xor i1 %empty_62, i1 1" [firmware/nnet_utils/nnet_activation.h:46]   --->   Operation 1186 'xor' 'xor_ln46_44' <Predicate = (icmp_ln45_44)> <Delay = 0.00> <CoreInst = "LogicGate">   --->   Core 74 'LogicGate' <Latency = 0> <II = 1> <Delay = 0.12> <FuncUnit> <Opcode : 'and' 'or' 'xor'> <InPorts = 2> <OutPorts = 1>
ST_1 : Operation 1187 [1/1] (0.00ns) (grouped into LUT with out node res_44_0)   --->   "%or_ln46_134 = or i1 %tmp_263, i1 %xor_ln46_44" [firmware/nnet_utils/nnet_activation.h:46]   --->   Operation 1187 'or' 'or_ln46_134' <Predicate = (icmp_ln45_44)> <Delay = 0.00> <CoreInst = "LogicGate">   --->   Core 74 'LogicGate' <Latency = 0> <II = 1> <Delay = 0.12> <FuncUnit> <Opcode : 'and' 'or' 'xor'> <InPorts = 2> <OutPorts = 1>
ST_1 : Operation 1188 [1/1] (0.00ns) (grouped into LUT with out node select_ln46_133)   --->   "%select_ln46_132 = select i1 %tmp_263, i6 0, i6 %add_ln46_44" [firmware/nnet_utils/nnet_activation.h:46]   --->   Operation 1188 'select' 'select_ln46_132' <Predicate = (or_ln46_133 & or_ln46_134 & icmp_ln45_44)> <Delay = 0.00> <CoreInst = "Sel">   --->   Core 73 'Sel' <Latency = 0> <II = 1> <Delay = 0.29> <FuncUnit> <Opcode : 'select'> <InPorts = 3> <OutPorts = 1>
ST_1 : Operation 1189 [1/1] (0.29ns) (out node of the LUT)   --->   "%select_ln46_133 = select i1 %or_ln46_133, i6 %select_ln46_132, i6 63" [firmware/nnet_utils/nnet_activation.h:46]   --->   Operation 1189 'select' 'select_ln46_133' <Predicate = (or_ln46_134 & icmp_ln45_44)> <Delay = 0.29> <CoreInst = "Sel">   --->   Core 73 'Sel' <Latency = 0> <II = 1> <Delay = 0.29> <FuncUnit> <Opcode : 'select'> <InPorts = 3> <OutPorts = 1>
ST_1 : Operation 1190 [1/1] (0.00ns) (grouped into LUT with out node res_44_0)   --->   "%select_ln46_134 = select i1 %or_ln46_134, i6 %select_ln46_133, i6 %add_ln46_44" [firmware/nnet_utils/nnet_activation.h:46]   --->   Operation 1190 'select' 'select_ln46_134' <Predicate = (icmp_ln45_44)> <Delay = 0.00> <CoreInst = "Sel">   --->   Core 73 'Sel' <Latency = 0> <II = 1> <Delay = 0.29> <FuncUnit> <Opcode : 'select'> <InPorts = 3> <OutPorts = 1>
ST_1 : Operation 1191 [1/1] (0.29ns) (out node of the LUT)   --->   "%res_44_0 = select i1 %icmp_ln45_44, i6 %select_ln46_134, i6 0" [firmware/nnet_utils/nnet_activation.h:45]   --->   Operation 1191 'select' 'res_44_0' <Predicate = true> <Delay = 0.29> <CoreInst = "Sel">   --->   Core 73 'Sel' <Latency = 0> <II = 1> <Delay = 0.29> <FuncUnit> <Opcode : 'select'> <InPorts = 3> <OutPorts = 1>
ST_1 : Operation 1192 [1/1] (0.85ns)   --->   "%icmp_ln45_45 = icmp_sgt  i27 %data_45_val_read, i27 0" [firmware/nnet_utils/nnet_activation.h:45]   --->   Operation 1192 'icmp' 'icmp_ln45_45' <Predicate = true> <Delay = 0.85> <CoreInst = "Cmp">   --->   Core 9 'Cmp' <Latency = 0> <II = 1> <Delay = 0.85> <FuncUnit> <Opcode : 'seteq' 'setne' 'setle' 'setge' 'setlt' 'setgt'> <InPorts = 2> <OutPorts = 1>
ST_1 : Operation 1193 [1/1] (0.00ns)   --->   "%tmp_269 = bitselect i1 @_ssdm_op_BitSelect.i1.i27.i32, i27 %data_45_val_read, i32 26" [firmware/nnet_utils/nnet_activation.h:46]   --->   Operation 1193 'bitselect' 'tmp_269' <Predicate = (icmp_ln45_45)> <Delay = 0.00>
ST_1 : Operation 1194 [1/1] (0.00ns) (grouped into LUT with out node add_ln46_45)   --->   "%trunc_ln46_44 = partselect i6 @_ssdm_op_PartSelect.i6.i27.i32.i32, i27 %data_45_val_read, i32 8, i32 13" [firmware/nnet_utils/nnet_activation.h:46]   --->   Operation 1194 'partselect' 'trunc_ln46_44' <Predicate = (icmp_ln45_45)> <Delay = 0.00>
ST_1 : Operation 1195 [1/1] (0.00ns) (grouped into LUT with out node add_ln46_45)   --->   "%tmp_270 = bitselect i1 @_ssdm_op_BitSelect.i1.i27.i32, i27 %data_45_val_read, i32 7" [firmware/nnet_utils/nnet_activation.h:46]   --->   Operation 1195 'bitselect' 'tmp_270' <Predicate = (icmp_ln45_45)> <Delay = 0.00>
ST_1 : Operation 1196 [1/1] (0.00ns)   --->   "%trunc_ln46_107 = trunc i27 %data_45_val_read" [firmware/nnet_utils/nnet_activation.h:46]   --->   Operation 1196 'trunc' 'trunc_ln46_107' <Predicate = (icmp_ln45_45)> <Delay = 0.00>
ST_1 : Operation 1197 [1/1] (0.70ns)   --->   "%icmp_ln46_90 = icmp_ne  i7 %trunc_ln46_107, i7 0" [firmware/nnet_utils/nnet_activation.h:46]   --->   Operation 1197 'icmp' 'icmp_ln46_90' <Predicate = (icmp_ln45_45)> <Delay = 0.70> <CoreInst = "Cmp">   --->   Core 9 'Cmp' <Latency = 0> <II = 1> <Delay = 0.70> <FuncUnit> <Opcode : 'seteq' 'setne' 'setle' 'setge' 'setlt' 'setgt'> <InPorts = 2> <OutPorts = 1>
ST_1 : Operation 1198 [1/1] (0.00ns) (grouped into LUT with out node empty_63)   --->   "%tmp_271 = bitselect i1 @_ssdm_op_BitSelect.i1.i27.i32, i27 %data_45_val_read, i32 13" [firmware/nnet_utils/nnet_activation.h:46]   --->   Operation 1198 'bitselect' 'tmp_271' <Predicate = (icmp_ln45_45)> <Delay = 0.00>
ST_1 : Operation 1199 [1/1] (0.00ns) (grouped into LUT with out node add_ln46_45)   --->   "%tmp_272 = bitselect i1 @_ssdm_op_BitSelect.i1.i27.i32, i27 %data_45_val_read, i32 8" [firmware/nnet_utils/nnet_activation.h:46]   --->   Operation 1199 'bitselect' 'tmp_272' <Predicate = (icmp_ln45_45)> <Delay = 0.00>
ST_1 : Operation 1200 [1/1] (0.00ns) (grouped into LUT with out node add_ln46_45)   --->   "%or_ln46_135 = or i1 %tmp_272, i1 %icmp_ln46_90" [firmware/nnet_utils/nnet_activation.h:46]   --->   Operation 1200 'or' 'or_ln46_135' <Predicate = (icmp_ln45_45)> <Delay = 0.00> <CoreInst = "LogicGate">   --->   Core 74 'LogicGate' <Latency = 0> <II = 1> <Delay = 0.12> <FuncUnit> <Opcode : 'and' 'or' 'xor'> <InPorts = 2> <OutPorts = 1>
ST_1 : Operation 1201 [1/1] (0.00ns) (grouped into LUT with out node add_ln46_45)   --->   "%and_ln46_90 = and i1 %or_ln46_135, i1 %tmp_270" [firmware/nnet_utils/nnet_activation.h:46]   --->   Operation 1201 'and' 'and_ln46_90' <Predicate = (icmp_ln45_45)> <Delay = 0.00> <CoreInst = "LogicGate">   --->   Core 74 'LogicGate' <Latency = 0> <II = 1> <Delay = 0.12> <FuncUnit> <Opcode : 'and' 'or' 'xor'> <InPorts = 2> <OutPorts = 1>
ST_1 : Operation 1202 [1/1] (0.00ns) (grouped into LUT with out node add_ln46_45)   --->   "%zext_ln46_45 = zext i1 %and_ln46_90" [firmware/nnet_utils/nnet_activation.h:46]   --->   Operation 1202 'zext' 'zext_ln46_45' <Predicate = (icmp_ln45_45)> <Delay = 0.00>
ST_1 : Operation 1203 [1/1] (0.70ns) (out node of the LUT)   --->   "%add_ln46_45 = add i6 %trunc_ln46_44, i6 %zext_ln46_45" [firmware/nnet_utils/nnet_activation.h:46]   --->   Operation 1203 'add' 'add_ln46_45' <Predicate = (icmp_ln45_45)> <Delay = 0.70> <CoreInst = "Adder">   --->   Core 1 'Adder' <Latency = 0> <II = 1> <Delay = 0.70> <FuncUnit> <Opcode : 'add' 'sub'> <InPorts = 2> <OutPorts = 1>
ST_1 : Operation 1204 [1/1] (0.00ns)   --->   "%tmp_273 = partselect i13 @_ssdm_op_PartSelect.i13.i27.i32.i32, i27 %data_45_val_read, i32 14, i32 26" [firmware/nnet_utils/nnet_activation.h:46]   --->   Operation 1204 'partselect' 'tmp_273' <Predicate = (icmp_ln45_45)> <Delay = 0.00>
ST_1 : Operation 1205 [1/1] (0.75ns)   --->   "%icmp_ln46_91 = icmp_eq  i13 %tmp_273, i13 0" [firmware/nnet_utils/nnet_activation.h:46]   --->   Operation 1205 'icmp' 'icmp_ln46_91' <Predicate = (icmp_ln45_45)> <Delay = 0.75> <CoreInst = "Cmp">   --->   Core 9 'Cmp' <Latency = 0> <II = 1> <Delay = 0.75> <FuncUnit> <Opcode : 'seteq' 'setne' 'setle' 'setge' 'setlt' 'setgt'> <InPorts = 2> <OutPorts = 1>
ST_1 : Operation 1206 [1/1] (0.00ns) (grouped into LUT with out node empty_63)   --->   "%tmp_274 = bitselect i1 @_ssdm_op_BitSelect.i1.i6.i32, i6 %add_ln46_45, i32 5" [firmware/nnet_utils/nnet_activation.h:46]   --->   Operation 1206 'bitselect' 'tmp_274' <Predicate = (icmp_ln45_45)> <Delay = 0.00>
ST_1 : Operation 1207 [1/1] (0.00ns) (grouped into LUT with out node empty_63)   --->   "%not_tmp_317 = xor i1 %tmp_271, i1 1" [firmware/nnet_utils/nnet_activation.h:46]   --->   Operation 1207 'xor' 'not_tmp_317' <Predicate = (icmp_ln45_45)> <Delay = 0.00> <CoreInst = "LogicGate">   --->   Core 74 'LogicGate' <Latency = 0> <II = 1> <Delay = 0.12> <FuncUnit> <Opcode : 'and' 'or' 'xor'> <InPorts = 2> <OutPorts = 1>
ST_1 : Operation 1208 [1/1] (0.00ns) (grouped into LUT with out node empty_63)   --->   "%and_ln46_91 = or i1 %tmp_274, i1 %not_tmp_317" [firmware/nnet_utils/nnet_activation.h:46]   --->   Operation 1208 'or' 'and_ln46_91' <Predicate = (icmp_ln45_45)> <Delay = 0.00> <CoreInst = "LogicGate">   --->   Core 74 'LogicGate' <Latency = 0> <II = 1> <Delay = 0.12> <FuncUnit> <Opcode : 'and' 'or' 'xor'> <InPorts = 2> <OutPorts = 1>
ST_1 : Operation 1209 [1/1] (0.12ns) (out node of the LUT)   --->   "%empty_63 = and i1 %icmp_ln46_91, i1 %and_ln46_91" [firmware/nnet_utils/nnet_activation.h:46]   --->   Operation 1209 'and' 'empty_63' <Predicate = (icmp_ln45_45)> <Delay = 0.12> <CoreInst = "LogicGate">   --->   Core 74 'LogicGate' <Latency = 0> <II = 1> <Delay = 0.12> <FuncUnit> <Opcode : 'and' 'or' 'xor'> <InPorts = 2> <OutPorts = 1>
ST_1 : Operation 1210 [1/1] (0.00ns) (grouped into LUT with out node select_ln46_136)   --->   "%or_ln46_136 = or i1 %empty_63, i1 %tmp_269" [firmware/nnet_utils/nnet_activation.h:46]   --->   Operation 1210 'or' 'or_ln46_136' <Predicate = (or_ln46_137 & icmp_ln45_45)> <Delay = 0.00> <CoreInst = "LogicGate">   --->   Core 74 'LogicGate' <Latency = 0> <II = 1> <Delay = 0.12> <FuncUnit> <Opcode : 'and' 'or' 'xor'> <InPorts = 2> <OutPorts = 1>
ST_1 : Operation 1211 [1/1] (0.00ns) (grouped into LUT with out node res_45_0)   --->   "%xor_ln46_45 = xor i1 %empty_63, i1 1" [firmware/nnet_utils/nnet_activation.h:46]   --->   Operation 1211 'xor' 'xor_ln46_45' <Predicate = (icmp_ln45_45)> <Delay = 0.00> <CoreInst = "LogicGate">   --->   Core 74 'LogicGate' <Latency = 0> <II = 1> <Delay = 0.12> <FuncUnit> <Opcode : 'and' 'or' 'xor'> <InPorts = 2> <OutPorts = 1>
ST_1 : Operation 1212 [1/1] (0.00ns) (grouped into LUT with out node res_45_0)   --->   "%or_ln46_137 = or i1 %tmp_269, i1 %xor_ln46_45" [firmware/nnet_utils/nnet_activation.h:46]   --->   Operation 1212 'or' 'or_ln46_137' <Predicate = (icmp_ln45_45)> <Delay = 0.00> <CoreInst = "LogicGate">   --->   Core 74 'LogicGate' <Latency = 0> <II = 1> <Delay = 0.12> <FuncUnit> <Opcode : 'and' 'or' 'xor'> <InPorts = 2> <OutPorts = 1>
ST_1 : Operation 1213 [1/1] (0.00ns) (grouped into LUT with out node select_ln46_136)   --->   "%select_ln46_135 = select i1 %tmp_269, i6 0, i6 %add_ln46_45" [firmware/nnet_utils/nnet_activation.h:46]   --->   Operation 1213 'select' 'select_ln46_135' <Predicate = (or_ln46_136 & or_ln46_137 & icmp_ln45_45)> <Delay = 0.00> <CoreInst = "Sel">   --->   Core 73 'Sel' <Latency = 0> <II = 1> <Delay = 0.29> <FuncUnit> <Opcode : 'select'> <InPorts = 3> <OutPorts = 1>
ST_1 : Operation 1214 [1/1] (0.29ns) (out node of the LUT)   --->   "%select_ln46_136 = select i1 %or_ln46_136, i6 %select_ln46_135, i6 63" [firmware/nnet_utils/nnet_activation.h:46]   --->   Operation 1214 'select' 'select_ln46_136' <Predicate = (or_ln46_137 & icmp_ln45_45)> <Delay = 0.29> <CoreInst = "Sel">   --->   Core 73 'Sel' <Latency = 0> <II = 1> <Delay = 0.29> <FuncUnit> <Opcode : 'select'> <InPorts = 3> <OutPorts = 1>
ST_1 : Operation 1215 [1/1] (0.00ns) (grouped into LUT with out node res_45_0)   --->   "%select_ln46_137 = select i1 %or_ln46_137, i6 %select_ln46_136, i6 %add_ln46_45" [firmware/nnet_utils/nnet_activation.h:46]   --->   Operation 1215 'select' 'select_ln46_137' <Predicate = (icmp_ln45_45)> <Delay = 0.00> <CoreInst = "Sel">   --->   Core 73 'Sel' <Latency = 0> <II = 1> <Delay = 0.29> <FuncUnit> <Opcode : 'select'> <InPorts = 3> <OutPorts = 1>
ST_1 : Operation 1216 [1/1] (0.29ns) (out node of the LUT)   --->   "%res_45_0 = select i1 %icmp_ln45_45, i6 %select_ln46_137, i6 0" [firmware/nnet_utils/nnet_activation.h:45]   --->   Operation 1216 'select' 'res_45_0' <Predicate = true> <Delay = 0.29> <CoreInst = "Sel">   --->   Core 73 'Sel' <Latency = 0> <II = 1> <Delay = 0.29> <FuncUnit> <Opcode : 'select'> <InPorts = 3> <OutPorts = 1>
ST_1 : Operation 1217 [1/1] (0.85ns)   --->   "%icmp_ln45_46 = icmp_sgt  i27 %data_46_val_read, i27 0" [firmware/nnet_utils/nnet_activation.h:45]   --->   Operation 1217 'icmp' 'icmp_ln45_46' <Predicate = true> <Delay = 0.85> <CoreInst = "Cmp">   --->   Core 9 'Cmp' <Latency = 0> <II = 1> <Delay = 0.85> <FuncUnit> <Opcode : 'seteq' 'setne' 'setle' 'setge' 'setlt' 'setgt'> <InPorts = 2> <OutPorts = 1>
ST_1 : Operation 1218 [1/1] (0.00ns)   --->   "%tmp_275 = bitselect i1 @_ssdm_op_BitSelect.i1.i27.i32, i27 %data_46_val_read, i32 26" [firmware/nnet_utils/nnet_activation.h:46]   --->   Operation 1218 'bitselect' 'tmp_275' <Predicate = (icmp_ln45_46)> <Delay = 0.00>
ST_1 : Operation 1219 [1/1] (0.00ns) (grouped into LUT with out node add_ln46_46)   --->   "%trunc_ln46_45 = partselect i6 @_ssdm_op_PartSelect.i6.i27.i32.i32, i27 %data_46_val_read, i32 8, i32 13" [firmware/nnet_utils/nnet_activation.h:46]   --->   Operation 1219 'partselect' 'trunc_ln46_45' <Predicate = (icmp_ln45_46)> <Delay = 0.00>
ST_1 : Operation 1220 [1/1] (0.00ns) (grouped into LUT with out node add_ln46_46)   --->   "%tmp_276 = bitselect i1 @_ssdm_op_BitSelect.i1.i27.i32, i27 %data_46_val_read, i32 7" [firmware/nnet_utils/nnet_activation.h:46]   --->   Operation 1220 'bitselect' 'tmp_276' <Predicate = (icmp_ln45_46)> <Delay = 0.00>
ST_1 : Operation 1221 [1/1] (0.00ns)   --->   "%trunc_ln46_108 = trunc i27 %data_46_val_read" [firmware/nnet_utils/nnet_activation.h:46]   --->   Operation 1221 'trunc' 'trunc_ln46_108' <Predicate = (icmp_ln45_46)> <Delay = 0.00>
ST_1 : Operation 1222 [1/1] (0.70ns)   --->   "%icmp_ln46_92 = icmp_ne  i7 %trunc_ln46_108, i7 0" [firmware/nnet_utils/nnet_activation.h:46]   --->   Operation 1222 'icmp' 'icmp_ln46_92' <Predicate = (icmp_ln45_46)> <Delay = 0.70> <CoreInst = "Cmp">   --->   Core 9 'Cmp' <Latency = 0> <II = 1> <Delay = 0.70> <FuncUnit> <Opcode : 'seteq' 'setne' 'setle' 'setge' 'setlt' 'setgt'> <InPorts = 2> <OutPorts = 1>
ST_1 : Operation 1223 [1/1] (0.00ns) (grouped into LUT with out node empty_64)   --->   "%tmp_277 = bitselect i1 @_ssdm_op_BitSelect.i1.i27.i32, i27 %data_46_val_read, i32 13" [firmware/nnet_utils/nnet_activation.h:46]   --->   Operation 1223 'bitselect' 'tmp_277' <Predicate = (icmp_ln45_46)> <Delay = 0.00>
ST_1 : Operation 1224 [1/1] (0.00ns) (grouped into LUT with out node add_ln46_46)   --->   "%tmp_278 = bitselect i1 @_ssdm_op_BitSelect.i1.i27.i32, i27 %data_46_val_read, i32 8" [firmware/nnet_utils/nnet_activation.h:46]   --->   Operation 1224 'bitselect' 'tmp_278' <Predicate = (icmp_ln45_46)> <Delay = 0.00>
ST_1 : Operation 1225 [1/1] (0.00ns) (grouped into LUT with out node add_ln46_46)   --->   "%or_ln46_138 = or i1 %tmp_278, i1 %icmp_ln46_92" [firmware/nnet_utils/nnet_activation.h:46]   --->   Operation 1225 'or' 'or_ln46_138' <Predicate = (icmp_ln45_46)> <Delay = 0.00> <CoreInst = "LogicGate">   --->   Core 74 'LogicGate' <Latency = 0> <II = 1> <Delay = 0.12> <FuncUnit> <Opcode : 'and' 'or' 'xor'> <InPorts = 2> <OutPorts = 1>
ST_1 : Operation 1226 [1/1] (0.00ns) (grouped into LUT with out node add_ln46_46)   --->   "%and_ln46_92 = and i1 %or_ln46_138, i1 %tmp_276" [firmware/nnet_utils/nnet_activation.h:46]   --->   Operation 1226 'and' 'and_ln46_92' <Predicate = (icmp_ln45_46)> <Delay = 0.00> <CoreInst = "LogicGate">   --->   Core 74 'LogicGate' <Latency = 0> <II = 1> <Delay = 0.12> <FuncUnit> <Opcode : 'and' 'or' 'xor'> <InPorts = 2> <OutPorts = 1>
ST_1 : Operation 1227 [1/1] (0.00ns) (grouped into LUT with out node add_ln46_46)   --->   "%zext_ln46_46 = zext i1 %and_ln46_92" [firmware/nnet_utils/nnet_activation.h:46]   --->   Operation 1227 'zext' 'zext_ln46_46' <Predicate = (icmp_ln45_46)> <Delay = 0.00>
ST_1 : Operation 1228 [1/1] (0.70ns) (out node of the LUT)   --->   "%add_ln46_46 = add i6 %trunc_ln46_45, i6 %zext_ln46_46" [firmware/nnet_utils/nnet_activation.h:46]   --->   Operation 1228 'add' 'add_ln46_46' <Predicate = (icmp_ln45_46)> <Delay = 0.70> <CoreInst = "Adder">   --->   Core 1 'Adder' <Latency = 0> <II = 1> <Delay = 0.70> <FuncUnit> <Opcode : 'add' 'sub'> <InPorts = 2> <OutPorts = 1>
ST_1 : Operation 1229 [1/1] (0.00ns)   --->   "%tmp_279 = partselect i13 @_ssdm_op_PartSelect.i13.i27.i32.i32, i27 %data_46_val_read, i32 14, i32 26" [firmware/nnet_utils/nnet_activation.h:46]   --->   Operation 1229 'partselect' 'tmp_279' <Predicate = (icmp_ln45_46)> <Delay = 0.00>
ST_1 : Operation 1230 [1/1] (0.75ns)   --->   "%icmp_ln46_93 = icmp_eq  i13 %tmp_279, i13 0" [firmware/nnet_utils/nnet_activation.h:46]   --->   Operation 1230 'icmp' 'icmp_ln46_93' <Predicate = (icmp_ln45_46)> <Delay = 0.75> <CoreInst = "Cmp">   --->   Core 9 'Cmp' <Latency = 0> <II = 1> <Delay = 0.75> <FuncUnit> <Opcode : 'seteq' 'setne' 'setle' 'setge' 'setlt' 'setgt'> <InPorts = 2> <OutPorts = 1>
ST_1 : Operation 1231 [1/1] (0.00ns) (grouped into LUT with out node empty_64)   --->   "%tmp_280 = bitselect i1 @_ssdm_op_BitSelect.i1.i6.i32, i6 %add_ln46_46, i32 5" [firmware/nnet_utils/nnet_activation.h:46]   --->   Operation 1231 'bitselect' 'tmp_280' <Predicate = (icmp_ln45_46)> <Delay = 0.00>
ST_1 : Operation 1232 [1/1] (0.00ns) (grouped into LUT with out node empty_64)   --->   "%not_tmp_324 = xor i1 %tmp_277, i1 1" [firmware/nnet_utils/nnet_activation.h:46]   --->   Operation 1232 'xor' 'not_tmp_324' <Predicate = (icmp_ln45_46)> <Delay = 0.00> <CoreInst = "LogicGate">   --->   Core 74 'LogicGate' <Latency = 0> <II = 1> <Delay = 0.12> <FuncUnit> <Opcode : 'and' 'or' 'xor'> <InPorts = 2> <OutPorts = 1>
ST_1 : Operation 1233 [1/1] (0.00ns) (grouped into LUT with out node empty_64)   --->   "%and_ln46_93 = or i1 %tmp_280, i1 %not_tmp_324" [firmware/nnet_utils/nnet_activation.h:46]   --->   Operation 1233 'or' 'and_ln46_93' <Predicate = (icmp_ln45_46)> <Delay = 0.00> <CoreInst = "LogicGate">   --->   Core 74 'LogicGate' <Latency = 0> <II = 1> <Delay = 0.12> <FuncUnit> <Opcode : 'and' 'or' 'xor'> <InPorts = 2> <OutPorts = 1>
ST_1 : Operation 1234 [1/1] (0.12ns) (out node of the LUT)   --->   "%empty_64 = and i1 %icmp_ln46_93, i1 %and_ln46_93" [firmware/nnet_utils/nnet_activation.h:46]   --->   Operation 1234 'and' 'empty_64' <Predicate = (icmp_ln45_46)> <Delay = 0.12> <CoreInst = "LogicGate">   --->   Core 74 'LogicGate' <Latency = 0> <II = 1> <Delay = 0.12> <FuncUnit> <Opcode : 'and' 'or' 'xor'> <InPorts = 2> <OutPorts = 1>
ST_1 : Operation 1235 [1/1] (0.00ns) (grouped into LUT with out node select_ln46_139)   --->   "%or_ln46_139 = or i1 %empty_64, i1 %tmp_275" [firmware/nnet_utils/nnet_activation.h:46]   --->   Operation 1235 'or' 'or_ln46_139' <Predicate = (or_ln46_140 & icmp_ln45_46)> <Delay = 0.00> <CoreInst = "LogicGate">   --->   Core 74 'LogicGate' <Latency = 0> <II = 1> <Delay = 0.12> <FuncUnit> <Opcode : 'and' 'or' 'xor'> <InPorts = 2> <OutPorts = 1>
ST_1 : Operation 1236 [1/1] (0.00ns) (grouped into LUT with out node res_46_0)   --->   "%xor_ln46_46 = xor i1 %empty_64, i1 1" [firmware/nnet_utils/nnet_activation.h:46]   --->   Operation 1236 'xor' 'xor_ln46_46' <Predicate = (icmp_ln45_46)> <Delay = 0.00> <CoreInst = "LogicGate">   --->   Core 74 'LogicGate' <Latency = 0> <II = 1> <Delay = 0.12> <FuncUnit> <Opcode : 'and' 'or' 'xor'> <InPorts = 2> <OutPorts = 1>
ST_1 : Operation 1237 [1/1] (0.00ns) (grouped into LUT with out node res_46_0)   --->   "%or_ln46_140 = or i1 %tmp_275, i1 %xor_ln46_46" [firmware/nnet_utils/nnet_activation.h:46]   --->   Operation 1237 'or' 'or_ln46_140' <Predicate = (icmp_ln45_46)> <Delay = 0.00> <CoreInst = "LogicGate">   --->   Core 74 'LogicGate' <Latency = 0> <II = 1> <Delay = 0.12> <FuncUnit> <Opcode : 'and' 'or' 'xor'> <InPorts = 2> <OutPorts = 1>
ST_1 : Operation 1238 [1/1] (0.00ns) (grouped into LUT with out node select_ln46_139)   --->   "%select_ln46_138 = select i1 %tmp_275, i6 0, i6 %add_ln46_46" [firmware/nnet_utils/nnet_activation.h:46]   --->   Operation 1238 'select' 'select_ln46_138' <Predicate = (or_ln46_139 & or_ln46_140 & icmp_ln45_46)> <Delay = 0.00> <CoreInst = "Sel">   --->   Core 73 'Sel' <Latency = 0> <II = 1> <Delay = 0.29> <FuncUnit> <Opcode : 'select'> <InPorts = 3> <OutPorts = 1>
ST_1 : Operation 1239 [1/1] (0.29ns) (out node of the LUT)   --->   "%select_ln46_139 = select i1 %or_ln46_139, i6 %select_ln46_138, i6 63" [firmware/nnet_utils/nnet_activation.h:46]   --->   Operation 1239 'select' 'select_ln46_139' <Predicate = (or_ln46_140 & icmp_ln45_46)> <Delay = 0.29> <CoreInst = "Sel">   --->   Core 73 'Sel' <Latency = 0> <II = 1> <Delay = 0.29> <FuncUnit> <Opcode : 'select'> <InPorts = 3> <OutPorts = 1>
ST_1 : Operation 1240 [1/1] (0.00ns) (grouped into LUT with out node res_46_0)   --->   "%select_ln46_140 = select i1 %or_ln46_140, i6 %select_ln46_139, i6 %add_ln46_46" [firmware/nnet_utils/nnet_activation.h:46]   --->   Operation 1240 'select' 'select_ln46_140' <Predicate = (icmp_ln45_46)> <Delay = 0.00> <CoreInst = "Sel">   --->   Core 73 'Sel' <Latency = 0> <II = 1> <Delay = 0.29> <FuncUnit> <Opcode : 'select'> <InPorts = 3> <OutPorts = 1>
ST_1 : Operation 1241 [1/1] (0.29ns) (out node of the LUT)   --->   "%res_46_0 = select i1 %icmp_ln45_46, i6 %select_ln46_140, i6 0" [firmware/nnet_utils/nnet_activation.h:45]   --->   Operation 1241 'select' 'res_46_0' <Predicate = true> <Delay = 0.29> <CoreInst = "Sel">   --->   Core 73 'Sel' <Latency = 0> <II = 1> <Delay = 0.29> <FuncUnit> <Opcode : 'select'> <InPorts = 3> <OutPorts = 1>
ST_1 : Operation 1242 [1/1] (0.85ns)   --->   "%icmp_ln45_47 = icmp_sgt  i27 %data_47_val_read, i27 0" [firmware/nnet_utils/nnet_activation.h:45]   --->   Operation 1242 'icmp' 'icmp_ln45_47' <Predicate = true> <Delay = 0.85> <CoreInst = "Cmp">   --->   Core 9 'Cmp' <Latency = 0> <II = 1> <Delay = 0.85> <FuncUnit> <Opcode : 'seteq' 'setne' 'setle' 'setge' 'setlt' 'setgt'> <InPorts = 2> <OutPorts = 1>
ST_1 : Operation 1243 [1/1] (0.00ns)   --->   "%tmp_281 = bitselect i1 @_ssdm_op_BitSelect.i1.i27.i32, i27 %data_47_val_read, i32 26" [firmware/nnet_utils/nnet_activation.h:46]   --->   Operation 1243 'bitselect' 'tmp_281' <Predicate = (icmp_ln45_47)> <Delay = 0.00>
ST_1 : Operation 1244 [1/1] (0.00ns) (grouped into LUT with out node add_ln46_47)   --->   "%trunc_ln46_46 = partselect i6 @_ssdm_op_PartSelect.i6.i27.i32.i32, i27 %data_47_val_read, i32 8, i32 13" [firmware/nnet_utils/nnet_activation.h:46]   --->   Operation 1244 'partselect' 'trunc_ln46_46' <Predicate = (icmp_ln45_47)> <Delay = 0.00>
ST_1 : Operation 1245 [1/1] (0.00ns) (grouped into LUT with out node add_ln46_47)   --->   "%tmp_282 = bitselect i1 @_ssdm_op_BitSelect.i1.i27.i32, i27 %data_47_val_read, i32 7" [firmware/nnet_utils/nnet_activation.h:46]   --->   Operation 1245 'bitselect' 'tmp_282' <Predicate = (icmp_ln45_47)> <Delay = 0.00>
ST_1 : Operation 1246 [1/1] (0.00ns)   --->   "%trunc_ln46_109 = trunc i27 %data_47_val_read" [firmware/nnet_utils/nnet_activation.h:46]   --->   Operation 1246 'trunc' 'trunc_ln46_109' <Predicate = (icmp_ln45_47)> <Delay = 0.00>
ST_1 : Operation 1247 [1/1] (0.70ns)   --->   "%icmp_ln46_94 = icmp_ne  i7 %trunc_ln46_109, i7 0" [firmware/nnet_utils/nnet_activation.h:46]   --->   Operation 1247 'icmp' 'icmp_ln46_94' <Predicate = (icmp_ln45_47)> <Delay = 0.70> <CoreInst = "Cmp">   --->   Core 9 'Cmp' <Latency = 0> <II = 1> <Delay = 0.70> <FuncUnit> <Opcode : 'seteq' 'setne' 'setle' 'setge' 'setlt' 'setgt'> <InPorts = 2> <OutPorts = 1>
ST_1 : Operation 1248 [1/1] (0.00ns) (grouped into LUT with out node empty_65)   --->   "%tmp_283 = bitselect i1 @_ssdm_op_BitSelect.i1.i27.i32, i27 %data_47_val_read, i32 13" [firmware/nnet_utils/nnet_activation.h:46]   --->   Operation 1248 'bitselect' 'tmp_283' <Predicate = (icmp_ln45_47)> <Delay = 0.00>
ST_1 : Operation 1249 [1/1] (0.00ns) (grouped into LUT with out node add_ln46_47)   --->   "%tmp_284 = bitselect i1 @_ssdm_op_BitSelect.i1.i27.i32, i27 %data_47_val_read, i32 8" [firmware/nnet_utils/nnet_activation.h:46]   --->   Operation 1249 'bitselect' 'tmp_284' <Predicate = (icmp_ln45_47)> <Delay = 0.00>
ST_1 : Operation 1250 [1/1] (0.00ns) (grouped into LUT with out node add_ln46_47)   --->   "%or_ln46_141 = or i1 %tmp_284, i1 %icmp_ln46_94" [firmware/nnet_utils/nnet_activation.h:46]   --->   Operation 1250 'or' 'or_ln46_141' <Predicate = (icmp_ln45_47)> <Delay = 0.00> <CoreInst = "LogicGate">   --->   Core 74 'LogicGate' <Latency = 0> <II = 1> <Delay = 0.12> <FuncUnit> <Opcode : 'and' 'or' 'xor'> <InPorts = 2> <OutPorts = 1>
ST_1 : Operation 1251 [1/1] (0.00ns) (grouped into LUT with out node add_ln46_47)   --->   "%and_ln46_94 = and i1 %or_ln46_141, i1 %tmp_282" [firmware/nnet_utils/nnet_activation.h:46]   --->   Operation 1251 'and' 'and_ln46_94' <Predicate = (icmp_ln45_47)> <Delay = 0.00> <CoreInst = "LogicGate">   --->   Core 74 'LogicGate' <Latency = 0> <II = 1> <Delay = 0.12> <FuncUnit> <Opcode : 'and' 'or' 'xor'> <InPorts = 2> <OutPorts = 1>
ST_1 : Operation 1252 [1/1] (0.00ns) (grouped into LUT with out node add_ln46_47)   --->   "%zext_ln46_47 = zext i1 %and_ln46_94" [firmware/nnet_utils/nnet_activation.h:46]   --->   Operation 1252 'zext' 'zext_ln46_47' <Predicate = (icmp_ln45_47)> <Delay = 0.00>
ST_1 : Operation 1253 [1/1] (0.70ns) (out node of the LUT)   --->   "%add_ln46_47 = add i6 %trunc_ln46_46, i6 %zext_ln46_47" [firmware/nnet_utils/nnet_activation.h:46]   --->   Operation 1253 'add' 'add_ln46_47' <Predicate = (icmp_ln45_47)> <Delay = 0.70> <CoreInst = "Adder">   --->   Core 1 'Adder' <Latency = 0> <II = 1> <Delay = 0.70> <FuncUnit> <Opcode : 'add' 'sub'> <InPorts = 2> <OutPorts = 1>
ST_1 : Operation 1254 [1/1] (0.00ns)   --->   "%tmp_285 = partselect i13 @_ssdm_op_PartSelect.i13.i27.i32.i32, i27 %data_47_val_read, i32 14, i32 26" [firmware/nnet_utils/nnet_activation.h:46]   --->   Operation 1254 'partselect' 'tmp_285' <Predicate = (icmp_ln45_47)> <Delay = 0.00>
ST_1 : Operation 1255 [1/1] (0.75ns)   --->   "%icmp_ln46_95 = icmp_eq  i13 %tmp_285, i13 0" [firmware/nnet_utils/nnet_activation.h:46]   --->   Operation 1255 'icmp' 'icmp_ln46_95' <Predicate = (icmp_ln45_47)> <Delay = 0.75> <CoreInst = "Cmp">   --->   Core 9 'Cmp' <Latency = 0> <II = 1> <Delay = 0.75> <FuncUnit> <Opcode : 'seteq' 'setne' 'setle' 'setge' 'setlt' 'setgt'> <InPorts = 2> <OutPorts = 1>
ST_1 : Operation 1256 [1/1] (0.00ns) (grouped into LUT with out node empty_65)   --->   "%tmp_286 = bitselect i1 @_ssdm_op_BitSelect.i1.i6.i32, i6 %add_ln46_47, i32 5" [firmware/nnet_utils/nnet_activation.h:46]   --->   Operation 1256 'bitselect' 'tmp_286' <Predicate = (icmp_ln45_47)> <Delay = 0.00>
ST_1 : Operation 1257 [1/1] (0.00ns) (grouped into LUT with out node empty_65)   --->   "%not_tmp_331 = xor i1 %tmp_283, i1 1" [firmware/nnet_utils/nnet_activation.h:46]   --->   Operation 1257 'xor' 'not_tmp_331' <Predicate = (icmp_ln45_47)> <Delay = 0.00> <CoreInst = "LogicGate">   --->   Core 74 'LogicGate' <Latency = 0> <II = 1> <Delay = 0.12> <FuncUnit> <Opcode : 'and' 'or' 'xor'> <InPorts = 2> <OutPorts = 1>
ST_1 : Operation 1258 [1/1] (0.00ns) (grouped into LUT with out node empty_65)   --->   "%and_ln46_95 = or i1 %tmp_286, i1 %not_tmp_331" [firmware/nnet_utils/nnet_activation.h:46]   --->   Operation 1258 'or' 'and_ln46_95' <Predicate = (icmp_ln45_47)> <Delay = 0.00> <CoreInst = "LogicGate">   --->   Core 74 'LogicGate' <Latency = 0> <II = 1> <Delay = 0.12> <FuncUnit> <Opcode : 'and' 'or' 'xor'> <InPorts = 2> <OutPorts = 1>
ST_1 : Operation 1259 [1/1] (0.12ns) (out node of the LUT)   --->   "%empty_65 = and i1 %icmp_ln46_95, i1 %and_ln46_95" [firmware/nnet_utils/nnet_activation.h:46]   --->   Operation 1259 'and' 'empty_65' <Predicate = (icmp_ln45_47)> <Delay = 0.12> <CoreInst = "LogicGate">   --->   Core 74 'LogicGate' <Latency = 0> <II = 1> <Delay = 0.12> <FuncUnit> <Opcode : 'and' 'or' 'xor'> <InPorts = 2> <OutPorts = 1>
ST_1 : Operation 1260 [1/1] (0.00ns) (grouped into LUT with out node select_ln46_142)   --->   "%or_ln46_142 = or i1 %empty_65, i1 %tmp_281" [firmware/nnet_utils/nnet_activation.h:46]   --->   Operation 1260 'or' 'or_ln46_142' <Predicate = (or_ln46_143 & icmp_ln45_47)> <Delay = 0.00> <CoreInst = "LogicGate">   --->   Core 74 'LogicGate' <Latency = 0> <II = 1> <Delay = 0.12> <FuncUnit> <Opcode : 'and' 'or' 'xor'> <InPorts = 2> <OutPorts = 1>
ST_1 : Operation 1261 [1/1] (0.00ns) (grouped into LUT with out node res_47_0)   --->   "%xor_ln46_47 = xor i1 %empty_65, i1 1" [firmware/nnet_utils/nnet_activation.h:46]   --->   Operation 1261 'xor' 'xor_ln46_47' <Predicate = (icmp_ln45_47)> <Delay = 0.00> <CoreInst = "LogicGate">   --->   Core 74 'LogicGate' <Latency = 0> <II = 1> <Delay = 0.12> <FuncUnit> <Opcode : 'and' 'or' 'xor'> <InPorts = 2> <OutPorts = 1>
ST_1 : Operation 1262 [1/1] (0.00ns) (grouped into LUT with out node res_47_0)   --->   "%or_ln46_143 = or i1 %tmp_281, i1 %xor_ln46_47" [firmware/nnet_utils/nnet_activation.h:46]   --->   Operation 1262 'or' 'or_ln46_143' <Predicate = (icmp_ln45_47)> <Delay = 0.00> <CoreInst = "LogicGate">   --->   Core 74 'LogicGate' <Latency = 0> <II = 1> <Delay = 0.12> <FuncUnit> <Opcode : 'and' 'or' 'xor'> <InPorts = 2> <OutPorts = 1>
ST_1 : Operation 1263 [1/1] (0.00ns) (grouped into LUT with out node select_ln46_142)   --->   "%select_ln46_141 = select i1 %tmp_281, i6 0, i6 %add_ln46_47" [firmware/nnet_utils/nnet_activation.h:46]   --->   Operation 1263 'select' 'select_ln46_141' <Predicate = (or_ln46_142 & or_ln46_143 & icmp_ln45_47)> <Delay = 0.00> <CoreInst = "Sel">   --->   Core 73 'Sel' <Latency = 0> <II = 1> <Delay = 0.29> <FuncUnit> <Opcode : 'select'> <InPorts = 3> <OutPorts = 1>
ST_1 : Operation 1264 [1/1] (0.29ns) (out node of the LUT)   --->   "%select_ln46_142 = select i1 %or_ln46_142, i6 %select_ln46_141, i6 63" [firmware/nnet_utils/nnet_activation.h:46]   --->   Operation 1264 'select' 'select_ln46_142' <Predicate = (or_ln46_143 & icmp_ln45_47)> <Delay = 0.29> <CoreInst = "Sel">   --->   Core 73 'Sel' <Latency = 0> <II = 1> <Delay = 0.29> <FuncUnit> <Opcode : 'select'> <InPorts = 3> <OutPorts = 1>
ST_1 : Operation 1265 [1/1] (0.00ns) (grouped into LUT with out node res_47_0)   --->   "%select_ln46_143 = select i1 %or_ln46_143, i6 %select_ln46_142, i6 %add_ln46_47" [firmware/nnet_utils/nnet_activation.h:46]   --->   Operation 1265 'select' 'select_ln46_143' <Predicate = (icmp_ln45_47)> <Delay = 0.00> <CoreInst = "Sel">   --->   Core 73 'Sel' <Latency = 0> <II = 1> <Delay = 0.29> <FuncUnit> <Opcode : 'select'> <InPorts = 3> <OutPorts = 1>
ST_1 : Operation 1266 [1/1] (0.29ns) (out node of the LUT)   --->   "%res_47_0 = select i1 %icmp_ln45_47, i6 %select_ln46_143, i6 0" [firmware/nnet_utils/nnet_activation.h:45]   --->   Operation 1266 'select' 'res_47_0' <Predicate = true> <Delay = 0.29> <CoreInst = "Sel">   --->   Core 73 'Sel' <Latency = 0> <II = 1> <Delay = 0.29> <FuncUnit> <Opcode : 'select'> <InPorts = 3> <OutPorts = 1>
ST_1 : Operation 1267 [1/1] (0.85ns)   --->   "%icmp_ln45_48 = icmp_sgt  i27 %data_48_val_read, i27 0" [firmware/nnet_utils/nnet_activation.h:45]   --->   Operation 1267 'icmp' 'icmp_ln45_48' <Predicate = true> <Delay = 0.85> <CoreInst = "Cmp">   --->   Core 9 'Cmp' <Latency = 0> <II = 1> <Delay = 0.85> <FuncUnit> <Opcode : 'seteq' 'setne' 'setle' 'setge' 'setlt' 'setgt'> <InPorts = 2> <OutPorts = 1>
ST_1 : Operation 1268 [1/1] (0.00ns)   --->   "%tmp_287 = bitselect i1 @_ssdm_op_BitSelect.i1.i27.i32, i27 %data_48_val_read, i32 26" [firmware/nnet_utils/nnet_activation.h:46]   --->   Operation 1268 'bitselect' 'tmp_287' <Predicate = (icmp_ln45_48)> <Delay = 0.00>
ST_1 : Operation 1269 [1/1] (0.00ns) (grouped into LUT with out node add_ln46_48)   --->   "%trunc_ln46_47 = partselect i6 @_ssdm_op_PartSelect.i6.i27.i32.i32, i27 %data_48_val_read, i32 8, i32 13" [firmware/nnet_utils/nnet_activation.h:46]   --->   Operation 1269 'partselect' 'trunc_ln46_47' <Predicate = (icmp_ln45_48)> <Delay = 0.00>
ST_1 : Operation 1270 [1/1] (0.00ns) (grouped into LUT with out node add_ln46_48)   --->   "%tmp_288 = bitselect i1 @_ssdm_op_BitSelect.i1.i27.i32, i27 %data_48_val_read, i32 7" [firmware/nnet_utils/nnet_activation.h:46]   --->   Operation 1270 'bitselect' 'tmp_288' <Predicate = (icmp_ln45_48)> <Delay = 0.00>
ST_1 : Operation 1271 [1/1] (0.00ns)   --->   "%trunc_ln46_110 = trunc i27 %data_48_val_read" [firmware/nnet_utils/nnet_activation.h:46]   --->   Operation 1271 'trunc' 'trunc_ln46_110' <Predicate = (icmp_ln45_48)> <Delay = 0.00>
ST_1 : Operation 1272 [1/1] (0.70ns)   --->   "%icmp_ln46_96 = icmp_ne  i7 %trunc_ln46_110, i7 0" [firmware/nnet_utils/nnet_activation.h:46]   --->   Operation 1272 'icmp' 'icmp_ln46_96' <Predicate = (icmp_ln45_48)> <Delay = 0.70> <CoreInst = "Cmp">   --->   Core 9 'Cmp' <Latency = 0> <II = 1> <Delay = 0.70> <FuncUnit> <Opcode : 'seteq' 'setne' 'setle' 'setge' 'setlt' 'setgt'> <InPorts = 2> <OutPorts = 1>
ST_1 : Operation 1273 [1/1] (0.00ns) (grouped into LUT with out node empty_66)   --->   "%tmp_289 = bitselect i1 @_ssdm_op_BitSelect.i1.i27.i32, i27 %data_48_val_read, i32 13" [firmware/nnet_utils/nnet_activation.h:46]   --->   Operation 1273 'bitselect' 'tmp_289' <Predicate = (icmp_ln45_48)> <Delay = 0.00>
ST_1 : Operation 1274 [1/1] (0.00ns) (grouped into LUT with out node add_ln46_48)   --->   "%tmp_290 = bitselect i1 @_ssdm_op_BitSelect.i1.i27.i32, i27 %data_48_val_read, i32 8" [firmware/nnet_utils/nnet_activation.h:46]   --->   Operation 1274 'bitselect' 'tmp_290' <Predicate = (icmp_ln45_48)> <Delay = 0.00>
ST_1 : Operation 1275 [1/1] (0.00ns) (grouped into LUT with out node add_ln46_48)   --->   "%or_ln46_144 = or i1 %tmp_290, i1 %icmp_ln46_96" [firmware/nnet_utils/nnet_activation.h:46]   --->   Operation 1275 'or' 'or_ln46_144' <Predicate = (icmp_ln45_48)> <Delay = 0.00> <CoreInst = "LogicGate">   --->   Core 74 'LogicGate' <Latency = 0> <II = 1> <Delay = 0.12> <FuncUnit> <Opcode : 'and' 'or' 'xor'> <InPorts = 2> <OutPorts = 1>
ST_1 : Operation 1276 [1/1] (0.00ns) (grouped into LUT with out node add_ln46_48)   --->   "%and_ln46_96 = and i1 %or_ln46_144, i1 %tmp_288" [firmware/nnet_utils/nnet_activation.h:46]   --->   Operation 1276 'and' 'and_ln46_96' <Predicate = (icmp_ln45_48)> <Delay = 0.00> <CoreInst = "LogicGate">   --->   Core 74 'LogicGate' <Latency = 0> <II = 1> <Delay = 0.12> <FuncUnit> <Opcode : 'and' 'or' 'xor'> <InPorts = 2> <OutPorts = 1>
ST_1 : Operation 1277 [1/1] (0.00ns) (grouped into LUT with out node add_ln46_48)   --->   "%zext_ln46_48 = zext i1 %and_ln46_96" [firmware/nnet_utils/nnet_activation.h:46]   --->   Operation 1277 'zext' 'zext_ln46_48' <Predicate = (icmp_ln45_48)> <Delay = 0.00>
ST_1 : Operation 1278 [1/1] (0.70ns) (out node of the LUT)   --->   "%add_ln46_48 = add i6 %trunc_ln46_47, i6 %zext_ln46_48" [firmware/nnet_utils/nnet_activation.h:46]   --->   Operation 1278 'add' 'add_ln46_48' <Predicate = (icmp_ln45_48)> <Delay = 0.70> <CoreInst = "Adder">   --->   Core 1 'Adder' <Latency = 0> <II = 1> <Delay = 0.70> <FuncUnit> <Opcode : 'add' 'sub'> <InPorts = 2> <OutPorts = 1>
ST_1 : Operation 1279 [1/1] (0.00ns)   --->   "%tmp_291 = partselect i13 @_ssdm_op_PartSelect.i13.i27.i32.i32, i27 %data_48_val_read, i32 14, i32 26" [firmware/nnet_utils/nnet_activation.h:46]   --->   Operation 1279 'partselect' 'tmp_291' <Predicate = (icmp_ln45_48)> <Delay = 0.00>
ST_1 : Operation 1280 [1/1] (0.75ns)   --->   "%icmp_ln46_97 = icmp_eq  i13 %tmp_291, i13 0" [firmware/nnet_utils/nnet_activation.h:46]   --->   Operation 1280 'icmp' 'icmp_ln46_97' <Predicate = (icmp_ln45_48)> <Delay = 0.75> <CoreInst = "Cmp">   --->   Core 9 'Cmp' <Latency = 0> <II = 1> <Delay = 0.75> <FuncUnit> <Opcode : 'seteq' 'setne' 'setle' 'setge' 'setlt' 'setgt'> <InPorts = 2> <OutPorts = 1>
ST_1 : Operation 1281 [1/1] (0.00ns) (grouped into LUT with out node empty_66)   --->   "%tmp_292 = bitselect i1 @_ssdm_op_BitSelect.i1.i6.i32, i6 %add_ln46_48, i32 5" [firmware/nnet_utils/nnet_activation.h:46]   --->   Operation 1281 'bitselect' 'tmp_292' <Predicate = (icmp_ln45_48)> <Delay = 0.00>
ST_1 : Operation 1282 [1/1] (0.00ns) (grouped into LUT with out node empty_66)   --->   "%not_tmp_338 = xor i1 %tmp_289, i1 1" [firmware/nnet_utils/nnet_activation.h:46]   --->   Operation 1282 'xor' 'not_tmp_338' <Predicate = (icmp_ln45_48)> <Delay = 0.00> <CoreInst = "LogicGate">   --->   Core 74 'LogicGate' <Latency = 0> <II = 1> <Delay = 0.12> <FuncUnit> <Opcode : 'and' 'or' 'xor'> <InPorts = 2> <OutPorts = 1>
ST_1 : Operation 1283 [1/1] (0.00ns) (grouped into LUT with out node empty_66)   --->   "%and_ln46_97 = or i1 %tmp_292, i1 %not_tmp_338" [firmware/nnet_utils/nnet_activation.h:46]   --->   Operation 1283 'or' 'and_ln46_97' <Predicate = (icmp_ln45_48)> <Delay = 0.00> <CoreInst = "LogicGate">   --->   Core 74 'LogicGate' <Latency = 0> <II = 1> <Delay = 0.12> <FuncUnit> <Opcode : 'and' 'or' 'xor'> <InPorts = 2> <OutPorts = 1>
ST_1 : Operation 1284 [1/1] (0.12ns) (out node of the LUT)   --->   "%empty_66 = and i1 %icmp_ln46_97, i1 %and_ln46_97" [firmware/nnet_utils/nnet_activation.h:46]   --->   Operation 1284 'and' 'empty_66' <Predicate = (icmp_ln45_48)> <Delay = 0.12> <CoreInst = "LogicGate">   --->   Core 74 'LogicGate' <Latency = 0> <II = 1> <Delay = 0.12> <FuncUnit> <Opcode : 'and' 'or' 'xor'> <InPorts = 2> <OutPorts = 1>
ST_1 : Operation 1285 [1/1] (0.00ns) (grouped into LUT with out node select_ln46_145)   --->   "%or_ln46_145 = or i1 %empty_66, i1 %tmp_287" [firmware/nnet_utils/nnet_activation.h:46]   --->   Operation 1285 'or' 'or_ln46_145' <Predicate = (or_ln46_146 & icmp_ln45_48)> <Delay = 0.00> <CoreInst = "LogicGate">   --->   Core 74 'LogicGate' <Latency = 0> <II = 1> <Delay = 0.12> <FuncUnit> <Opcode : 'and' 'or' 'xor'> <InPorts = 2> <OutPorts = 1>
ST_1 : Operation 1286 [1/1] (0.00ns) (grouped into LUT with out node res_48_0)   --->   "%xor_ln46_48 = xor i1 %empty_66, i1 1" [firmware/nnet_utils/nnet_activation.h:46]   --->   Operation 1286 'xor' 'xor_ln46_48' <Predicate = (icmp_ln45_48)> <Delay = 0.00> <CoreInst = "LogicGate">   --->   Core 74 'LogicGate' <Latency = 0> <II = 1> <Delay = 0.12> <FuncUnit> <Opcode : 'and' 'or' 'xor'> <InPorts = 2> <OutPorts = 1>
ST_1 : Operation 1287 [1/1] (0.00ns) (grouped into LUT with out node res_48_0)   --->   "%or_ln46_146 = or i1 %tmp_287, i1 %xor_ln46_48" [firmware/nnet_utils/nnet_activation.h:46]   --->   Operation 1287 'or' 'or_ln46_146' <Predicate = (icmp_ln45_48)> <Delay = 0.00> <CoreInst = "LogicGate">   --->   Core 74 'LogicGate' <Latency = 0> <II = 1> <Delay = 0.12> <FuncUnit> <Opcode : 'and' 'or' 'xor'> <InPorts = 2> <OutPorts = 1>
ST_1 : Operation 1288 [1/1] (0.00ns) (grouped into LUT with out node select_ln46_145)   --->   "%select_ln46_144 = select i1 %tmp_287, i6 0, i6 %add_ln46_48" [firmware/nnet_utils/nnet_activation.h:46]   --->   Operation 1288 'select' 'select_ln46_144' <Predicate = (or_ln46_145 & or_ln46_146 & icmp_ln45_48)> <Delay = 0.00> <CoreInst = "Sel">   --->   Core 73 'Sel' <Latency = 0> <II = 1> <Delay = 0.29> <FuncUnit> <Opcode : 'select'> <InPorts = 3> <OutPorts = 1>
ST_1 : Operation 1289 [1/1] (0.29ns) (out node of the LUT)   --->   "%select_ln46_145 = select i1 %or_ln46_145, i6 %select_ln46_144, i6 63" [firmware/nnet_utils/nnet_activation.h:46]   --->   Operation 1289 'select' 'select_ln46_145' <Predicate = (or_ln46_146 & icmp_ln45_48)> <Delay = 0.29> <CoreInst = "Sel">   --->   Core 73 'Sel' <Latency = 0> <II = 1> <Delay = 0.29> <FuncUnit> <Opcode : 'select'> <InPorts = 3> <OutPorts = 1>
ST_1 : Operation 1290 [1/1] (0.00ns) (grouped into LUT with out node res_48_0)   --->   "%select_ln46_146 = select i1 %or_ln46_146, i6 %select_ln46_145, i6 %add_ln46_48" [firmware/nnet_utils/nnet_activation.h:46]   --->   Operation 1290 'select' 'select_ln46_146' <Predicate = (icmp_ln45_48)> <Delay = 0.00> <CoreInst = "Sel">   --->   Core 73 'Sel' <Latency = 0> <II = 1> <Delay = 0.29> <FuncUnit> <Opcode : 'select'> <InPorts = 3> <OutPorts = 1>
ST_1 : Operation 1291 [1/1] (0.29ns) (out node of the LUT)   --->   "%res_48_0 = select i1 %icmp_ln45_48, i6 %select_ln46_146, i6 0" [firmware/nnet_utils/nnet_activation.h:45]   --->   Operation 1291 'select' 'res_48_0' <Predicate = true> <Delay = 0.29> <CoreInst = "Sel">   --->   Core 73 'Sel' <Latency = 0> <II = 1> <Delay = 0.29> <FuncUnit> <Opcode : 'select'> <InPorts = 3> <OutPorts = 1>
ST_1 : Operation 1292 [1/1] (0.85ns)   --->   "%icmp_ln45_49 = icmp_sgt  i27 %data_49_val_read, i27 0" [firmware/nnet_utils/nnet_activation.h:45]   --->   Operation 1292 'icmp' 'icmp_ln45_49' <Predicate = true> <Delay = 0.85> <CoreInst = "Cmp">   --->   Core 9 'Cmp' <Latency = 0> <II = 1> <Delay = 0.85> <FuncUnit> <Opcode : 'seteq' 'setne' 'setle' 'setge' 'setlt' 'setgt'> <InPorts = 2> <OutPorts = 1>
ST_1 : Operation 1293 [1/1] (0.00ns)   --->   "%tmp_293 = bitselect i1 @_ssdm_op_BitSelect.i1.i27.i32, i27 %data_49_val_read, i32 26" [firmware/nnet_utils/nnet_activation.h:46]   --->   Operation 1293 'bitselect' 'tmp_293' <Predicate = (icmp_ln45_49)> <Delay = 0.00>
ST_1 : Operation 1294 [1/1] (0.00ns) (grouped into LUT with out node add_ln46_49)   --->   "%trunc_ln46_48 = partselect i6 @_ssdm_op_PartSelect.i6.i27.i32.i32, i27 %data_49_val_read, i32 8, i32 13" [firmware/nnet_utils/nnet_activation.h:46]   --->   Operation 1294 'partselect' 'trunc_ln46_48' <Predicate = (icmp_ln45_49)> <Delay = 0.00>
ST_1 : Operation 1295 [1/1] (0.00ns) (grouped into LUT with out node add_ln46_49)   --->   "%tmp_294 = bitselect i1 @_ssdm_op_BitSelect.i1.i27.i32, i27 %data_49_val_read, i32 7" [firmware/nnet_utils/nnet_activation.h:46]   --->   Operation 1295 'bitselect' 'tmp_294' <Predicate = (icmp_ln45_49)> <Delay = 0.00>
ST_1 : Operation 1296 [1/1] (0.00ns)   --->   "%trunc_ln46_111 = trunc i27 %data_49_val_read" [firmware/nnet_utils/nnet_activation.h:46]   --->   Operation 1296 'trunc' 'trunc_ln46_111' <Predicate = (icmp_ln45_49)> <Delay = 0.00>
ST_1 : Operation 1297 [1/1] (0.70ns)   --->   "%icmp_ln46_98 = icmp_ne  i7 %trunc_ln46_111, i7 0" [firmware/nnet_utils/nnet_activation.h:46]   --->   Operation 1297 'icmp' 'icmp_ln46_98' <Predicate = (icmp_ln45_49)> <Delay = 0.70> <CoreInst = "Cmp">   --->   Core 9 'Cmp' <Latency = 0> <II = 1> <Delay = 0.70> <FuncUnit> <Opcode : 'seteq' 'setne' 'setle' 'setge' 'setlt' 'setgt'> <InPorts = 2> <OutPorts = 1>
ST_1 : Operation 1298 [1/1] (0.00ns) (grouped into LUT with out node empty_67)   --->   "%tmp_295 = bitselect i1 @_ssdm_op_BitSelect.i1.i27.i32, i27 %data_49_val_read, i32 13" [firmware/nnet_utils/nnet_activation.h:46]   --->   Operation 1298 'bitselect' 'tmp_295' <Predicate = (icmp_ln45_49)> <Delay = 0.00>
ST_1 : Operation 1299 [1/1] (0.00ns) (grouped into LUT with out node add_ln46_49)   --->   "%tmp_296 = bitselect i1 @_ssdm_op_BitSelect.i1.i27.i32, i27 %data_49_val_read, i32 8" [firmware/nnet_utils/nnet_activation.h:46]   --->   Operation 1299 'bitselect' 'tmp_296' <Predicate = (icmp_ln45_49)> <Delay = 0.00>
ST_1 : Operation 1300 [1/1] (0.00ns) (grouped into LUT with out node add_ln46_49)   --->   "%or_ln46_147 = or i1 %tmp_296, i1 %icmp_ln46_98" [firmware/nnet_utils/nnet_activation.h:46]   --->   Operation 1300 'or' 'or_ln46_147' <Predicate = (icmp_ln45_49)> <Delay = 0.00> <CoreInst = "LogicGate">   --->   Core 74 'LogicGate' <Latency = 0> <II = 1> <Delay = 0.12> <FuncUnit> <Opcode : 'and' 'or' 'xor'> <InPorts = 2> <OutPorts = 1>
ST_1 : Operation 1301 [1/1] (0.00ns) (grouped into LUT with out node add_ln46_49)   --->   "%and_ln46_98 = and i1 %or_ln46_147, i1 %tmp_294" [firmware/nnet_utils/nnet_activation.h:46]   --->   Operation 1301 'and' 'and_ln46_98' <Predicate = (icmp_ln45_49)> <Delay = 0.00> <CoreInst = "LogicGate">   --->   Core 74 'LogicGate' <Latency = 0> <II = 1> <Delay = 0.12> <FuncUnit> <Opcode : 'and' 'or' 'xor'> <InPorts = 2> <OutPorts = 1>
ST_1 : Operation 1302 [1/1] (0.00ns) (grouped into LUT with out node add_ln46_49)   --->   "%zext_ln46_49 = zext i1 %and_ln46_98" [firmware/nnet_utils/nnet_activation.h:46]   --->   Operation 1302 'zext' 'zext_ln46_49' <Predicate = (icmp_ln45_49)> <Delay = 0.00>
ST_1 : Operation 1303 [1/1] (0.70ns) (out node of the LUT)   --->   "%add_ln46_49 = add i6 %trunc_ln46_48, i6 %zext_ln46_49" [firmware/nnet_utils/nnet_activation.h:46]   --->   Operation 1303 'add' 'add_ln46_49' <Predicate = (icmp_ln45_49)> <Delay = 0.70> <CoreInst = "Adder">   --->   Core 1 'Adder' <Latency = 0> <II = 1> <Delay = 0.70> <FuncUnit> <Opcode : 'add' 'sub'> <InPorts = 2> <OutPorts = 1>
ST_1 : Operation 1304 [1/1] (0.00ns)   --->   "%tmp_297 = partselect i13 @_ssdm_op_PartSelect.i13.i27.i32.i32, i27 %data_49_val_read, i32 14, i32 26" [firmware/nnet_utils/nnet_activation.h:46]   --->   Operation 1304 'partselect' 'tmp_297' <Predicate = (icmp_ln45_49)> <Delay = 0.00>
ST_1 : Operation 1305 [1/1] (0.75ns)   --->   "%icmp_ln46_99 = icmp_eq  i13 %tmp_297, i13 0" [firmware/nnet_utils/nnet_activation.h:46]   --->   Operation 1305 'icmp' 'icmp_ln46_99' <Predicate = (icmp_ln45_49)> <Delay = 0.75> <CoreInst = "Cmp">   --->   Core 9 'Cmp' <Latency = 0> <II = 1> <Delay = 0.75> <FuncUnit> <Opcode : 'seteq' 'setne' 'setle' 'setge' 'setlt' 'setgt'> <InPorts = 2> <OutPorts = 1>
ST_1 : Operation 1306 [1/1] (0.00ns) (grouped into LUT with out node empty_67)   --->   "%tmp_298 = bitselect i1 @_ssdm_op_BitSelect.i1.i6.i32, i6 %add_ln46_49, i32 5" [firmware/nnet_utils/nnet_activation.h:46]   --->   Operation 1306 'bitselect' 'tmp_298' <Predicate = (icmp_ln45_49)> <Delay = 0.00>
ST_1 : Operation 1307 [1/1] (0.00ns) (grouped into LUT with out node empty_67)   --->   "%not_tmp_345 = xor i1 %tmp_295, i1 1" [firmware/nnet_utils/nnet_activation.h:46]   --->   Operation 1307 'xor' 'not_tmp_345' <Predicate = (icmp_ln45_49)> <Delay = 0.00> <CoreInst = "LogicGate">   --->   Core 74 'LogicGate' <Latency = 0> <II = 1> <Delay = 0.12> <FuncUnit> <Opcode : 'and' 'or' 'xor'> <InPorts = 2> <OutPorts = 1>
ST_1 : Operation 1308 [1/1] (0.00ns) (grouped into LUT with out node empty_67)   --->   "%and_ln46_99 = or i1 %tmp_298, i1 %not_tmp_345" [firmware/nnet_utils/nnet_activation.h:46]   --->   Operation 1308 'or' 'and_ln46_99' <Predicate = (icmp_ln45_49)> <Delay = 0.00> <CoreInst = "LogicGate">   --->   Core 74 'LogicGate' <Latency = 0> <II = 1> <Delay = 0.12> <FuncUnit> <Opcode : 'and' 'or' 'xor'> <InPorts = 2> <OutPorts = 1>
ST_1 : Operation 1309 [1/1] (0.12ns) (out node of the LUT)   --->   "%empty_67 = and i1 %icmp_ln46_99, i1 %and_ln46_99" [firmware/nnet_utils/nnet_activation.h:46]   --->   Operation 1309 'and' 'empty_67' <Predicate = (icmp_ln45_49)> <Delay = 0.12> <CoreInst = "LogicGate">   --->   Core 74 'LogicGate' <Latency = 0> <II = 1> <Delay = 0.12> <FuncUnit> <Opcode : 'and' 'or' 'xor'> <InPorts = 2> <OutPorts = 1>
ST_1 : Operation 1310 [1/1] (0.00ns) (grouped into LUT with out node select_ln46_148)   --->   "%or_ln46_148 = or i1 %empty_67, i1 %tmp_293" [firmware/nnet_utils/nnet_activation.h:46]   --->   Operation 1310 'or' 'or_ln46_148' <Predicate = (or_ln46_149 & icmp_ln45_49)> <Delay = 0.00> <CoreInst = "LogicGate">   --->   Core 74 'LogicGate' <Latency = 0> <II = 1> <Delay = 0.12> <FuncUnit> <Opcode : 'and' 'or' 'xor'> <InPorts = 2> <OutPorts = 1>
ST_1 : Operation 1311 [1/1] (0.00ns) (grouped into LUT with out node res_49_0)   --->   "%xor_ln46_49 = xor i1 %empty_67, i1 1" [firmware/nnet_utils/nnet_activation.h:46]   --->   Operation 1311 'xor' 'xor_ln46_49' <Predicate = (icmp_ln45_49)> <Delay = 0.00> <CoreInst = "LogicGate">   --->   Core 74 'LogicGate' <Latency = 0> <II = 1> <Delay = 0.12> <FuncUnit> <Opcode : 'and' 'or' 'xor'> <InPorts = 2> <OutPorts = 1>
ST_1 : Operation 1312 [1/1] (0.00ns) (grouped into LUT with out node res_49_0)   --->   "%or_ln46_149 = or i1 %tmp_293, i1 %xor_ln46_49" [firmware/nnet_utils/nnet_activation.h:46]   --->   Operation 1312 'or' 'or_ln46_149' <Predicate = (icmp_ln45_49)> <Delay = 0.00> <CoreInst = "LogicGate">   --->   Core 74 'LogicGate' <Latency = 0> <II = 1> <Delay = 0.12> <FuncUnit> <Opcode : 'and' 'or' 'xor'> <InPorts = 2> <OutPorts = 1>
ST_1 : Operation 1313 [1/1] (0.00ns) (grouped into LUT with out node select_ln46_148)   --->   "%select_ln46_147 = select i1 %tmp_293, i6 0, i6 %add_ln46_49" [firmware/nnet_utils/nnet_activation.h:46]   --->   Operation 1313 'select' 'select_ln46_147' <Predicate = (or_ln46_148 & or_ln46_149 & icmp_ln45_49)> <Delay = 0.00> <CoreInst = "Sel">   --->   Core 73 'Sel' <Latency = 0> <II = 1> <Delay = 0.29> <FuncUnit> <Opcode : 'select'> <InPorts = 3> <OutPorts = 1>
ST_1 : Operation 1314 [1/1] (0.29ns) (out node of the LUT)   --->   "%select_ln46_148 = select i1 %or_ln46_148, i6 %select_ln46_147, i6 63" [firmware/nnet_utils/nnet_activation.h:46]   --->   Operation 1314 'select' 'select_ln46_148' <Predicate = (or_ln46_149 & icmp_ln45_49)> <Delay = 0.29> <CoreInst = "Sel">   --->   Core 73 'Sel' <Latency = 0> <II = 1> <Delay = 0.29> <FuncUnit> <Opcode : 'select'> <InPorts = 3> <OutPorts = 1>
ST_1 : Operation 1315 [1/1] (0.00ns) (grouped into LUT with out node res_49_0)   --->   "%select_ln46_149 = select i1 %or_ln46_149, i6 %select_ln46_148, i6 %add_ln46_49" [firmware/nnet_utils/nnet_activation.h:46]   --->   Operation 1315 'select' 'select_ln46_149' <Predicate = (icmp_ln45_49)> <Delay = 0.00> <CoreInst = "Sel">   --->   Core 73 'Sel' <Latency = 0> <II = 1> <Delay = 0.29> <FuncUnit> <Opcode : 'select'> <InPorts = 3> <OutPorts = 1>
ST_1 : Operation 1316 [1/1] (0.29ns) (out node of the LUT)   --->   "%res_49_0 = select i1 %icmp_ln45_49, i6 %select_ln46_149, i6 0" [firmware/nnet_utils/nnet_activation.h:45]   --->   Operation 1316 'select' 'res_49_0' <Predicate = true> <Delay = 0.29> <CoreInst = "Sel">   --->   Core 73 'Sel' <Latency = 0> <II = 1> <Delay = 0.29> <FuncUnit> <Opcode : 'select'> <InPorts = 3> <OutPorts = 1>
ST_1 : Operation 1317 [1/1] (0.85ns)   --->   "%icmp_ln45_50 = icmp_sgt  i27 %data_50_val_read, i27 0" [firmware/nnet_utils/nnet_activation.h:45]   --->   Operation 1317 'icmp' 'icmp_ln45_50' <Predicate = true> <Delay = 0.85> <CoreInst = "Cmp">   --->   Core 9 'Cmp' <Latency = 0> <II = 1> <Delay = 0.85> <FuncUnit> <Opcode : 'seteq' 'setne' 'setle' 'setge' 'setlt' 'setgt'> <InPorts = 2> <OutPorts = 1>
ST_1 : Operation 1318 [1/1] (0.00ns)   --->   "%tmp_299 = bitselect i1 @_ssdm_op_BitSelect.i1.i27.i32, i27 %data_50_val_read, i32 26" [firmware/nnet_utils/nnet_activation.h:46]   --->   Operation 1318 'bitselect' 'tmp_299' <Predicate = (icmp_ln45_50)> <Delay = 0.00>
ST_1 : Operation 1319 [1/1] (0.00ns) (grouped into LUT with out node add_ln46_50)   --->   "%trunc_ln46_49 = partselect i6 @_ssdm_op_PartSelect.i6.i27.i32.i32, i27 %data_50_val_read, i32 8, i32 13" [firmware/nnet_utils/nnet_activation.h:46]   --->   Operation 1319 'partselect' 'trunc_ln46_49' <Predicate = (icmp_ln45_50)> <Delay = 0.00>
ST_1 : Operation 1320 [1/1] (0.00ns) (grouped into LUT with out node add_ln46_50)   --->   "%tmp_300 = bitselect i1 @_ssdm_op_BitSelect.i1.i27.i32, i27 %data_50_val_read, i32 7" [firmware/nnet_utils/nnet_activation.h:46]   --->   Operation 1320 'bitselect' 'tmp_300' <Predicate = (icmp_ln45_50)> <Delay = 0.00>
ST_1 : Operation 1321 [1/1] (0.00ns)   --->   "%trunc_ln46_112 = trunc i27 %data_50_val_read" [firmware/nnet_utils/nnet_activation.h:46]   --->   Operation 1321 'trunc' 'trunc_ln46_112' <Predicate = (icmp_ln45_50)> <Delay = 0.00>
ST_1 : Operation 1322 [1/1] (0.70ns)   --->   "%icmp_ln46_100 = icmp_ne  i7 %trunc_ln46_112, i7 0" [firmware/nnet_utils/nnet_activation.h:46]   --->   Operation 1322 'icmp' 'icmp_ln46_100' <Predicate = (icmp_ln45_50)> <Delay = 0.70> <CoreInst = "Cmp">   --->   Core 9 'Cmp' <Latency = 0> <II = 1> <Delay = 0.70> <FuncUnit> <Opcode : 'seteq' 'setne' 'setle' 'setge' 'setlt' 'setgt'> <InPorts = 2> <OutPorts = 1>
ST_1 : Operation 1323 [1/1] (0.00ns) (grouped into LUT with out node empty_68)   --->   "%tmp_301 = bitselect i1 @_ssdm_op_BitSelect.i1.i27.i32, i27 %data_50_val_read, i32 13" [firmware/nnet_utils/nnet_activation.h:46]   --->   Operation 1323 'bitselect' 'tmp_301' <Predicate = (icmp_ln45_50)> <Delay = 0.00>
ST_1 : Operation 1324 [1/1] (0.00ns) (grouped into LUT with out node add_ln46_50)   --->   "%tmp_302 = bitselect i1 @_ssdm_op_BitSelect.i1.i27.i32, i27 %data_50_val_read, i32 8" [firmware/nnet_utils/nnet_activation.h:46]   --->   Operation 1324 'bitselect' 'tmp_302' <Predicate = (icmp_ln45_50)> <Delay = 0.00>
ST_1 : Operation 1325 [1/1] (0.00ns) (grouped into LUT with out node add_ln46_50)   --->   "%or_ln46_150 = or i1 %tmp_302, i1 %icmp_ln46_100" [firmware/nnet_utils/nnet_activation.h:46]   --->   Operation 1325 'or' 'or_ln46_150' <Predicate = (icmp_ln45_50)> <Delay = 0.00> <CoreInst = "LogicGate">   --->   Core 74 'LogicGate' <Latency = 0> <II = 1> <Delay = 0.12> <FuncUnit> <Opcode : 'and' 'or' 'xor'> <InPorts = 2> <OutPorts = 1>
ST_1 : Operation 1326 [1/1] (0.00ns) (grouped into LUT with out node add_ln46_50)   --->   "%and_ln46_100 = and i1 %or_ln46_150, i1 %tmp_300" [firmware/nnet_utils/nnet_activation.h:46]   --->   Operation 1326 'and' 'and_ln46_100' <Predicate = (icmp_ln45_50)> <Delay = 0.00> <CoreInst = "LogicGate">   --->   Core 74 'LogicGate' <Latency = 0> <II = 1> <Delay = 0.12> <FuncUnit> <Opcode : 'and' 'or' 'xor'> <InPorts = 2> <OutPorts = 1>
ST_1 : Operation 1327 [1/1] (0.00ns) (grouped into LUT with out node add_ln46_50)   --->   "%zext_ln46_50 = zext i1 %and_ln46_100" [firmware/nnet_utils/nnet_activation.h:46]   --->   Operation 1327 'zext' 'zext_ln46_50' <Predicate = (icmp_ln45_50)> <Delay = 0.00>
ST_1 : Operation 1328 [1/1] (0.70ns) (out node of the LUT)   --->   "%add_ln46_50 = add i6 %trunc_ln46_49, i6 %zext_ln46_50" [firmware/nnet_utils/nnet_activation.h:46]   --->   Operation 1328 'add' 'add_ln46_50' <Predicate = (icmp_ln45_50)> <Delay = 0.70> <CoreInst = "Adder">   --->   Core 1 'Adder' <Latency = 0> <II = 1> <Delay = 0.70> <FuncUnit> <Opcode : 'add' 'sub'> <InPorts = 2> <OutPorts = 1>
ST_1 : Operation 1329 [1/1] (0.00ns)   --->   "%tmp_303 = partselect i13 @_ssdm_op_PartSelect.i13.i27.i32.i32, i27 %data_50_val_read, i32 14, i32 26" [firmware/nnet_utils/nnet_activation.h:46]   --->   Operation 1329 'partselect' 'tmp_303' <Predicate = (icmp_ln45_50)> <Delay = 0.00>
ST_1 : Operation 1330 [1/1] (0.75ns)   --->   "%icmp_ln46_101 = icmp_eq  i13 %tmp_303, i13 0" [firmware/nnet_utils/nnet_activation.h:46]   --->   Operation 1330 'icmp' 'icmp_ln46_101' <Predicate = (icmp_ln45_50)> <Delay = 0.75> <CoreInst = "Cmp">   --->   Core 9 'Cmp' <Latency = 0> <II = 1> <Delay = 0.75> <FuncUnit> <Opcode : 'seteq' 'setne' 'setle' 'setge' 'setlt' 'setgt'> <InPorts = 2> <OutPorts = 1>
ST_1 : Operation 1331 [1/1] (0.00ns) (grouped into LUT with out node empty_68)   --->   "%tmp_304 = bitselect i1 @_ssdm_op_BitSelect.i1.i6.i32, i6 %add_ln46_50, i32 5" [firmware/nnet_utils/nnet_activation.h:46]   --->   Operation 1331 'bitselect' 'tmp_304' <Predicate = (icmp_ln45_50)> <Delay = 0.00>
ST_1 : Operation 1332 [1/1] (0.00ns) (grouped into LUT with out node empty_68)   --->   "%not_tmp_352 = xor i1 %tmp_301, i1 1" [firmware/nnet_utils/nnet_activation.h:46]   --->   Operation 1332 'xor' 'not_tmp_352' <Predicate = (icmp_ln45_50)> <Delay = 0.00> <CoreInst = "LogicGate">   --->   Core 74 'LogicGate' <Latency = 0> <II = 1> <Delay = 0.12> <FuncUnit> <Opcode : 'and' 'or' 'xor'> <InPorts = 2> <OutPorts = 1>
ST_1 : Operation 1333 [1/1] (0.00ns) (grouped into LUT with out node empty_68)   --->   "%and_ln46_101 = or i1 %tmp_304, i1 %not_tmp_352" [firmware/nnet_utils/nnet_activation.h:46]   --->   Operation 1333 'or' 'and_ln46_101' <Predicate = (icmp_ln45_50)> <Delay = 0.00> <CoreInst = "LogicGate">   --->   Core 74 'LogicGate' <Latency = 0> <II = 1> <Delay = 0.12> <FuncUnit> <Opcode : 'and' 'or' 'xor'> <InPorts = 2> <OutPorts = 1>
ST_1 : Operation 1334 [1/1] (0.12ns) (out node of the LUT)   --->   "%empty_68 = and i1 %icmp_ln46_101, i1 %and_ln46_101" [firmware/nnet_utils/nnet_activation.h:46]   --->   Operation 1334 'and' 'empty_68' <Predicate = (icmp_ln45_50)> <Delay = 0.12> <CoreInst = "LogicGate">   --->   Core 74 'LogicGate' <Latency = 0> <II = 1> <Delay = 0.12> <FuncUnit> <Opcode : 'and' 'or' 'xor'> <InPorts = 2> <OutPorts = 1>
ST_1 : Operation 1335 [1/1] (0.00ns) (grouped into LUT with out node select_ln46_151)   --->   "%or_ln46_151 = or i1 %empty_68, i1 %tmp_299" [firmware/nnet_utils/nnet_activation.h:46]   --->   Operation 1335 'or' 'or_ln46_151' <Predicate = (or_ln46_152 & icmp_ln45_50)> <Delay = 0.00> <CoreInst = "LogicGate">   --->   Core 74 'LogicGate' <Latency = 0> <II = 1> <Delay = 0.12> <FuncUnit> <Opcode : 'and' 'or' 'xor'> <InPorts = 2> <OutPorts = 1>
ST_1 : Operation 1336 [1/1] (0.00ns) (grouped into LUT with out node res_50_0)   --->   "%xor_ln46_50 = xor i1 %empty_68, i1 1" [firmware/nnet_utils/nnet_activation.h:46]   --->   Operation 1336 'xor' 'xor_ln46_50' <Predicate = (icmp_ln45_50)> <Delay = 0.00> <CoreInst = "LogicGate">   --->   Core 74 'LogicGate' <Latency = 0> <II = 1> <Delay = 0.12> <FuncUnit> <Opcode : 'and' 'or' 'xor'> <InPorts = 2> <OutPorts = 1>
ST_1 : Operation 1337 [1/1] (0.00ns) (grouped into LUT with out node res_50_0)   --->   "%or_ln46_152 = or i1 %tmp_299, i1 %xor_ln46_50" [firmware/nnet_utils/nnet_activation.h:46]   --->   Operation 1337 'or' 'or_ln46_152' <Predicate = (icmp_ln45_50)> <Delay = 0.00> <CoreInst = "LogicGate">   --->   Core 74 'LogicGate' <Latency = 0> <II = 1> <Delay = 0.12> <FuncUnit> <Opcode : 'and' 'or' 'xor'> <InPorts = 2> <OutPorts = 1>
ST_1 : Operation 1338 [1/1] (0.00ns) (grouped into LUT with out node select_ln46_151)   --->   "%select_ln46_150 = select i1 %tmp_299, i6 0, i6 %add_ln46_50" [firmware/nnet_utils/nnet_activation.h:46]   --->   Operation 1338 'select' 'select_ln46_150' <Predicate = (or_ln46_151 & or_ln46_152 & icmp_ln45_50)> <Delay = 0.00> <CoreInst = "Sel">   --->   Core 73 'Sel' <Latency = 0> <II = 1> <Delay = 0.29> <FuncUnit> <Opcode : 'select'> <InPorts = 3> <OutPorts = 1>
ST_1 : Operation 1339 [1/1] (0.29ns) (out node of the LUT)   --->   "%select_ln46_151 = select i1 %or_ln46_151, i6 %select_ln46_150, i6 63" [firmware/nnet_utils/nnet_activation.h:46]   --->   Operation 1339 'select' 'select_ln46_151' <Predicate = (or_ln46_152 & icmp_ln45_50)> <Delay = 0.29> <CoreInst = "Sel">   --->   Core 73 'Sel' <Latency = 0> <II = 1> <Delay = 0.29> <FuncUnit> <Opcode : 'select'> <InPorts = 3> <OutPorts = 1>
ST_1 : Operation 1340 [1/1] (0.00ns) (grouped into LUT with out node res_50_0)   --->   "%select_ln46_152 = select i1 %or_ln46_152, i6 %select_ln46_151, i6 %add_ln46_50" [firmware/nnet_utils/nnet_activation.h:46]   --->   Operation 1340 'select' 'select_ln46_152' <Predicate = (icmp_ln45_50)> <Delay = 0.00> <CoreInst = "Sel">   --->   Core 73 'Sel' <Latency = 0> <II = 1> <Delay = 0.29> <FuncUnit> <Opcode : 'select'> <InPorts = 3> <OutPorts = 1>
ST_1 : Operation 1341 [1/1] (0.29ns) (out node of the LUT)   --->   "%res_50_0 = select i1 %icmp_ln45_50, i6 %select_ln46_152, i6 0" [firmware/nnet_utils/nnet_activation.h:45]   --->   Operation 1341 'select' 'res_50_0' <Predicate = true> <Delay = 0.29> <CoreInst = "Sel">   --->   Core 73 'Sel' <Latency = 0> <II = 1> <Delay = 0.29> <FuncUnit> <Opcode : 'select'> <InPorts = 3> <OutPorts = 1>
ST_1 : Operation 1342 [1/1] (0.85ns)   --->   "%icmp_ln45_51 = icmp_sgt  i27 %data_51_val_read, i27 0" [firmware/nnet_utils/nnet_activation.h:45]   --->   Operation 1342 'icmp' 'icmp_ln45_51' <Predicate = true> <Delay = 0.85> <CoreInst = "Cmp">   --->   Core 9 'Cmp' <Latency = 0> <II = 1> <Delay = 0.85> <FuncUnit> <Opcode : 'seteq' 'setne' 'setle' 'setge' 'setlt' 'setgt'> <InPorts = 2> <OutPorts = 1>
ST_1 : Operation 1343 [1/1] (0.00ns)   --->   "%tmp_305 = bitselect i1 @_ssdm_op_BitSelect.i1.i27.i32, i27 %data_51_val_read, i32 26" [firmware/nnet_utils/nnet_activation.h:46]   --->   Operation 1343 'bitselect' 'tmp_305' <Predicate = (icmp_ln45_51)> <Delay = 0.00>
ST_1 : Operation 1344 [1/1] (0.00ns) (grouped into LUT with out node add_ln46_51)   --->   "%trunc_ln46_50 = partselect i6 @_ssdm_op_PartSelect.i6.i27.i32.i32, i27 %data_51_val_read, i32 8, i32 13" [firmware/nnet_utils/nnet_activation.h:46]   --->   Operation 1344 'partselect' 'trunc_ln46_50' <Predicate = (icmp_ln45_51)> <Delay = 0.00>
ST_1 : Operation 1345 [1/1] (0.00ns) (grouped into LUT with out node add_ln46_51)   --->   "%tmp_306 = bitselect i1 @_ssdm_op_BitSelect.i1.i27.i32, i27 %data_51_val_read, i32 7" [firmware/nnet_utils/nnet_activation.h:46]   --->   Operation 1345 'bitselect' 'tmp_306' <Predicate = (icmp_ln45_51)> <Delay = 0.00>
ST_1 : Operation 1346 [1/1] (0.00ns)   --->   "%trunc_ln46_113 = trunc i27 %data_51_val_read" [firmware/nnet_utils/nnet_activation.h:46]   --->   Operation 1346 'trunc' 'trunc_ln46_113' <Predicate = (icmp_ln45_51)> <Delay = 0.00>
ST_1 : Operation 1347 [1/1] (0.70ns)   --->   "%icmp_ln46_102 = icmp_ne  i7 %trunc_ln46_113, i7 0" [firmware/nnet_utils/nnet_activation.h:46]   --->   Operation 1347 'icmp' 'icmp_ln46_102' <Predicate = (icmp_ln45_51)> <Delay = 0.70> <CoreInst = "Cmp">   --->   Core 9 'Cmp' <Latency = 0> <II = 1> <Delay = 0.70> <FuncUnit> <Opcode : 'seteq' 'setne' 'setle' 'setge' 'setlt' 'setgt'> <InPorts = 2> <OutPorts = 1>
ST_1 : Operation 1348 [1/1] (0.00ns) (grouped into LUT with out node empty_69)   --->   "%tmp_307 = bitselect i1 @_ssdm_op_BitSelect.i1.i27.i32, i27 %data_51_val_read, i32 13" [firmware/nnet_utils/nnet_activation.h:46]   --->   Operation 1348 'bitselect' 'tmp_307' <Predicate = (icmp_ln45_51)> <Delay = 0.00>
ST_1 : Operation 1349 [1/1] (0.00ns) (grouped into LUT with out node add_ln46_51)   --->   "%tmp_308 = bitselect i1 @_ssdm_op_BitSelect.i1.i27.i32, i27 %data_51_val_read, i32 8" [firmware/nnet_utils/nnet_activation.h:46]   --->   Operation 1349 'bitselect' 'tmp_308' <Predicate = (icmp_ln45_51)> <Delay = 0.00>
ST_1 : Operation 1350 [1/1] (0.00ns) (grouped into LUT with out node add_ln46_51)   --->   "%or_ln46_153 = or i1 %tmp_308, i1 %icmp_ln46_102" [firmware/nnet_utils/nnet_activation.h:46]   --->   Operation 1350 'or' 'or_ln46_153' <Predicate = (icmp_ln45_51)> <Delay = 0.00> <CoreInst = "LogicGate">   --->   Core 74 'LogicGate' <Latency = 0> <II = 1> <Delay = 0.12> <FuncUnit> <Opcode : 'and' 'or' 'xor'> <InPorts = 2> <OutPorts = 1>
ST_1 : Operation 1351 [1/1] (0.00ns) (grouped into LUT with out node add_ln46_51)   --->   "%and_ln46_102 = and i1 %or_ln46_153, i1 %tmp_306" [firmware/nnet_utils/nnet_activation.h:46]   --->   Operation 1351 'and' 'and_ln46_102' <Predicate = (icmp_ln45_51)> <Delay = 0.00> <CoreInst = "LogicGate">   --->   Core 74 'LogicGate' <Latency = 0> <II = 1> <Delay = 0.12> <FuncUnit> <Opcode : 'and' 'or' 'xor'> <InPorts = 2> <OutPorts = 1>
ST_1 : Operation 1352 [1/1] (0.00ns) (grouped into LUT with out node add_ln46_51)   --->   "%zext_ln46_51 = zext i1 %and_ln46_102" [firmware/nnet_utils/nnet_activation.h:46]   --->   Operation 1352 'zext' 'zext_ln46_51' <Predicate = (icmp_ln45_51)> <Delay = 0.00>
ST_1 : Operation 1353 [1/1] (0.70ns) (out node of the LUT)   --->   "%add_ln46_51 = add i6 %trunc_ln46_50, i6 %zext_ln46_51" [firmware/nnet_utils/nnet_activation.h:46]   --->   Operation 1353 'add' 'add_ln46_51' <Predicate = (icmp_ln45_51)> <Delay = 0.70> <CoreInst = "Adder">   --->   Core 1 'Adder' <Latency = 0> <II = 1> <Delay = 0.70> <FuncUnit> <Opcode : 'add' 'sub'> <InPorts = 2> <OutPorts = 1>
ST_1 : Operation 1354 [1/1] (0.00ns)   --->   "%tmp_309 = partselect i13 @_ssdm_op_PartSelect.i13.i27.i32.i32, i27 %data_51_val_read, i32 14, i32 26" [firmware/nnet_utils/nnet_activation.h:46]   --->   Operation 1354 'partselect' 'tmp_309' <Predicate = (icmp_ln45_51)> <Delay = 0.00>
ST_1 : Operation 1355 [1/1] (0.75ns)   --->   "%icmp_ln46_103 = icmp_eq  i13 %tmp_309, i13 0" [firmware/nnet_utils/nnet_activation.h:46]   --->   Operation 1355 'icmp' 'icmp_ln46_103' <Predicate = (icmp_ln45_51)> <Delay = 0.75> <CoreInst = "Cmp">   --->   Core 9 'Cmp' <Latency = 0> <II = 1> <Delay = 0.75> <FuncUnit> <Opcode : 'seteq' 'setne' 'setle' 'setge' 'setlt' 'setgt'> <InPorts = 2> <OutPorts = 1>
ST_1 : Operation 1356 [1/1] (0.00ns) (grouped into LUT with out node empty_69)   --->   "%tmp_310 = bitselect i1 @_ssdm_op_BitSelect.i1.i6.i32, i6 %add_ln46_51, i32 5" [firmware/nnet_utils/nnet_activation.h:46]   --->   Operation 1356 'bitselect' 'tmp_310' <Predicate = (icmp_ln45_51)> <Delay = 0.00>
ST_1 : Operation 1357 [1/1] (0.00ns) (grouped into LUT with out node empty_69)   --->   "%not_tmp_359 = xor i1 %tmp_307, i1 1" [firmware/nnet_utils/nnet_activation.h:46]   --->   Operation 1357 'xor' 'not_tmp_359' <Predicate = (icmp_ln45_51)> <Delay = 0.00> <CoreInst = "LogicGate">   --->   Core 74 'LogicGate' <Latency = 0> <II = 1> <Delay = 0.12> <FuncUnit> <Opcode : 'and' 'or' 'xor'> <InPorts = 2> <OutPorts = 1>
ST_1 : Operation 1358 [1/1] (0.00ns) (grouped into LUT with out node empty_69)   --->   "%and_ln46_103 = or i1 %tmp_310, i1 %not_tmp_359" [firmware/nnet_utils/nnet_activation.h:46]   --->   Operation 1358 'or' 'and_ln46_103' <Predicate = (icmp_ln45_51)> <Delay = 0.00> <CoreInst = "LogicGate">   --->   Core 74 'LogicGate' <Latency = 0> <II = 1> <Delay = 0.12> <FuncUnit> <Opcode : 'and' 'or' 'xor'> <InPorts = 2> <OutPorts = 1>
ST_1 : Operation 1359 [1/1] (0.12ns) (out node of the LUT)   --->   "%empty_69 = and i1 %icmp_ln46_103, i1 %and_ln46_103" [firmware/nnet_utils/nnet_activation.h:46]   --->   Operation 1359 'and' 'empty_69' <Predicate = (icmp_ln45_51)> <Delay = 0.12> <CoreInst = "LogicGate">   --->   Core 74 'LogicGate' <Latency = 0> <II = 1> <Delay = 0.12> <FuncUnit> <Opcode : 'and' 'or' 'xor'> <InPorts = 2> <OutPorts = 1>
ST_1 : Operation 1360 [1/1] (0.00ns) (grouped into LUT with out node select_ln46_154)   --->   "%or_ln46_154 = or i1 %empty_69, i1 %tmp_305" [firmware/nnet_utils/nnet_activation.h:46]   --->   Operation 1360 'or' 'or_ln46_154' <Predicate = (or_ln46_155 & icmp_ln45_51)> <Delay = 0.00> <CoreInst = "LogicGate">   --->   Core 74 'LogicGate' <Latency = 0> <II = 1> <Delay = 0.12> <FuncUnit> <Opcode : 'and' 'or' 'xor'> <InPorts = 2> <OutPorts = 1>
ST_1 : Operation 1361 [1/1] (0.00ns) (grouped into LUT with out node res_51_0)   --->   "%xor_ln46_51 = xor i1 %empty_69, i1 1" [firmware/nnet_utils/nnet_activation.h:46]   --->   Operation 1361 'xor' 'xor_ln46_51' <Predicate = (icmp_ln45_51)> <Delay = 0.00> <CoreInst = "LogicGate">   --->   Core 74 'LogicGate' <Latency = 0> <II = 1> <Delay = 0.12> <FuncUnit> <Opcode : 'and' 'or' 'xor'> <InPorts = 2> <OutPorts = 1>
ST_1 : Operation 1362 [1/1] (0.00ns) (grouped into LUT with out node res_51_0)   --->   "%or_ln46_155 = or i1 %tmp_305, i1 %xor_ln46_51" [firmware/nnet_utils/nnet_activation.h:46]   --->   Operation 1362 'or' 'or_ln46_155' <Predicate = (icmp_ln45_51)> <Delay = 0.00> <CoreInst = "LogicGate">   --->   Core 74 'LogicGate' <Latency = 0> <II = 1> <Delay = 0.12> <FuncUnit> <Opcode : 'and' 'or' 'xor'> <InPorts = 2> <OutPorts = 1>
ST_1 : Operation 1363 [1/1] (0.00ns) (grouped into LUT with out node select_ln46_154)   --->   "%select_ln46_153 = select i1 %tmp_305, i6 0, i6 %add_ln46_51" [firmware/nnet_utils/nnet_activation.h:46]   --->   Operation 1363 'select' 'select_ln46_153' <Predicate = (or_ln46_154 & or_ln46_155 & icmp_ln45_51)> <Delay = 0.00> <CoreInst = "Sel">   --->   Core 73 'Sel' <Latency = 0> <II = 1> <Delay = 0.29> <FuncUnit> <Opcode : 'select'> <InPorts = 3> <OutPorts = 1>
ST_1 : Operation 1364 [1/1] (0.29ns) (out node of the LUT)   --->   "%select_ln46_154 = select i1 %or_ln46_154, i6 %select_ln46_153, i6 63" [firmware/nnet_utils/nnet_activation.h:46]   --->   Operation 1364 'select' 'select_ln46_154' <Predicate = (or_ln46_155 & icmp_ln45_51)> <Delay = 0.29> <CoreInst = "Sel">   --->   Core 73 'Sel' <Latency = 0> <II = 1> <Delay = 0.29> <FuncUnit> <Opcode : 'select'> <InPorts = 3> <OutPorts = 1>
ST_1 : Operation 1365 [1/1] (0.00ns) (grouped into LUT with out node res_51_0)   --->   "%select_ln46_155 = select i1 %or_ln46_155, i6 %select_ln46_154, i6 %add_ln46_51" [firmware/nnet_utils/nnet_activation.h:46]   --->   Operation 1365 'select' 'select_ln46_155' <Predicate = (icmp_ln45_51)> <Delay = 0.00> <CoreInst = "Sel">   --->   Core 73 'Sel' <Latency = 0> <II = 1> <Delay = 0.29> <FuncUnit> <Opcode : 'select'> <InPorts = 3> <OutPorts = 1>
ST_1 : Operation 1366 [1/1] (0.29ns) (out node of the LUT)   --->   "%res_51_0 = select i1 %icmp_ln45_51, i6 %select_ln46_155, i6 0" [firmware/nnet_utils/nnet_activation.h:45]   --->   Operation 1366 'select' 'res_51_0' <Predicate = true> <Delay = 0.29> <CoreInst = "Sel">   --->   Core 73 'Sel' <Latency = 0> <II = 1> <Delay = 0.29> <FuncUnit> <Opcode : 'select'> <InPorts = 3> <OutPorts = 1>
ST_1 : Operation 1367 [1/1] (0.85ns)   --->   "%icmp_ln45_52 = icmp_sgt  i27 %data_52_val_read, i27 0" [firmware/nnet_utils/nnet_activation.h:45]   --->   Operation 1367 'icmp' 'icmp_ln45_52' <Predicate = true> <Delay = 0.85> <CoreInst = "Cmp">   --->   Core 9 'Cmp' <Latency = 0> <II = 1> <Delay = 0.85> <FuncUnit> <Opcode : 'seteq' 'setne' 'setle' 'setge' 'setlt' 'setgt'> <InPorts = 2> <OutPorts = 1>
ST_1 : Operation 1368 [1/1] (0.00ns)   --->   "%tmp_311 = bitselect i1 @_ssdm_op_BitSelect.i1.i27.i32, i27 %data_52_val_read, i32 26" [firmware/nnet_utils/nnet_activation.h:46]   --->   Operation 1368 'bitselect' 'tmp_311' <Predicate = (icmp_ln45_52)> <Delay = 0.00>
ST_1 : Operation 1369 [1/1] (0.00ns) (grouped into LUT with out node add_ln46_52)   --->   "%trunc_ln46_51 = partselect i6 @_ssdm_op_PartSelect.i6.i27.i32.i32, i27 %data_52_val_read, i32 8, i32 13" [firmware/nnet_utils/nnet_activation.h:46]   --->   Operation 1369 'partselect' 'trunc_ln46_51' <Predicate = (icmp_ln45_52)> <Delay = 0.00>
ST_1 : Operation 1370 [1/1] (0.00ns) (grouped into LUT with out node add_ln46_52)   --->   "%tmp_312 = bitselect i1 @_ssdm_op_BitSelect.i1.i27.i32, i27 %data_52_val_read, i32 7" [firmware/nnet_utils/nnet_activation.h:46]   --->   Operation 1370 'bitselect' 'tmp_312' <Predicate = (icmp_ln45_52)> <Delay = 0.00>
ST_1 : Operation 1371 [1/1] (0.00ns)   --->   "%trunc_ln46_114 = trunc i27 %data_52_val_read" [firmware/nnet_utils/nnet_activation.h:46]   --->   Operation 1371 'trunc' 'trunc_ln46_114' <Predicate = (icmp_ln45_52)> <Delay = 0.00>
ST_1 : Operation 1372 [1/1] (0.70ns)   --->   "%icmp_ln46_104 = icmp_ne  i7 %trunc_ln46_114, i7 0" [firmware/nnet_utils/nnet_activation.h:46]   --->   Operation 1372 'icmp' 'icmp_ln46_104' <Predicate = (icmp_ln45_52)> <Delay = 0.70> <CoreInst = "Cmp">   --->   Core 9 'Cmp' <Latency = 0> <II = 1> <Delay = 0.70> <FuncUnit> <Opcode : 'seteq' 'setne' 'setle' 'setge' 'setlt' 'setgt'> <InPorts = 2> <OutPorts = 1>
ST_1 : Operation 1373 [1/1] (0.00ns) (grouped into LUT with out node empty_70)   --->   "%tmp_313 = bitselect i1 @_ssdm_op_BitSelect.i1.i27.i32, i27 %data_52_val_read, i32 13" [firmware/nnet_utils/nnet_activation.h:46]   --->   Operation 1373 'bitselect' 'tmp_313' <Predicate = (icmp_ln45_52)> <Delay = 0.00>
ST_1 : Operation 1374 [1/1] (0.00ns) (grouped into LUT with out node add_ln46_52)   --->   "%tmp_314 = bitselect i1 @_ssdm_op_BitSelect.i1.i27.i32, i27 %data_52_val_read, i32 8" [firmware/nnet_utils/nnet_activation.h:46]   --->   Operation 1374 'bitselect' 'tmp_314' <Predicate = (icmp_ln45_52)> <Delay = 0.00>
ST_1 : Operation 1375 [1/1] (0.00ns) (grouped into LUT with out node add_ln46_52)   --->   "%or_ln46_156 = or i1 %tmp_314, i1 %icmp_ln46_104" [firmware/nnet_utils/nnet_activation.h:46]   --->   Operation 1375 'or' 'or_ln46_156' <Predicate = (icmp_ln45_52)> <Delay = 0.00> <CoreInst = "LogicGate">   --->   Core 74 'LogicGate' <Latency = 0> <II = 1> <Delay = 0.12> <FuncUnit> <Opcode : 'and' 'or' 'xor'> <InPorts = 2> <OutPorts = 1>
ST_1 : Operation 1376 [1/1] (0.00ns) (grouped into LUT with out node add_ln46_52)   --->   "%and_ln46_104 = and i1 %or_ln46_156, i1 %tmp_312" [firmware/nnet_utils/nnet_activation.h:46]   --->   Operation 1376 'and' 'and_ln46_104' <Predicate = (icmp_ln45_52)> <Delay = 0.00> <CoreInst = "LogicGate">   --->   Core 74 'LogicGate' <Latency = 0> <II = 1> <Delay = 0.12> <FuncUnit> <Opcode : 'and' 'or' 'xor'> <InPorts = 2> <OutPorts = 1>
ST_1 : Operation 1377 [1/1] (0.00ns) (grouped into LUT with out node add_ln46_52)   --->   "%zext_ln46_52 = zext i1 %and_ln46_104" [firmware/nnet_utils/nnet_activation.h:46]   --->   Operation 1377 'zext' 'zext_ln46_52' <Predicate = (icmp_ln45_52)> <Delay = 0.00>
ST_1 : Operation 1378 [1/1] (0.70ns) (out node of the LUT)   --->   "%add_ln46_52 = add i6 %trunc_ln46_51, i6 %zext_ln46_52" [firmware/nnet_utils/nnet_activation.h:46]   --->   Operation 1378 'add' 'add_ln46_52' <Predicate = (icmp_ln45_52)> <Delay = 0.70> <CoreInst = "Adder">   --->   Core 1 'Adder' <Latency = 0> <II = 1> <Delay = 0.70> <FuncUnit> <Opcode : 'add' 'sub'> <InPorts = 2> <OutPorts = 1>
ST_1 : Operation 1379 [1/1] (0.00ns)   --->   "%tmp_315 = partselect i13 @_ssdm_op_PartSelect.i13.i27.i32.i32, i27 %data_52_val_read, i32 14, i32 26" [firmware/nnet_utils/nnet_activation.h:46]   --->   Operation 1379 'partselect' 'tmp_315' <Predicate = (icmp_ln45_52)> <Delay = 0.00>
ST_1 : Operation 1380 [1/1] (0.75ns)   --->   "%icmp_ln46_105 = icmp_eq  i13 %tmp_315, i13 0" [firmware/nnet_utils/nnet_activation.h:46]   --->   Operation 1380 'icmp' 'icmp_ln46_105' <Predicate = (icmp_ln45_52)> <Delay = 0.75> <CoreInst = "Cmp">   --->   Core 9 'Cmp' <Latency = 0> <II = 1> <Delay = 0.75> <FuncUnit> <Opcode : 'seteq' 'setne' 'setle' 'setge' 'setlt' 'setgt'> <InPorts = 2> <OutPorts = 1>
ST_1 : Operation 1381 [1/1] (0.00ns) (grouped into LUT with out node empty_70)   --->   "%tmp_316 = bitselect i1 @_ssdm_op_BitSelect.i1.i6.i32, i6 %add_ln46_52, i32 5" [firmware/nnet_utils/nnet_activation.h:46]   --->   Operation 1381 'bitselect' 'tmp_316' <Predicate = (icmp_ln45_52)> <Delay = 0.00>
ST_1 : Operation 1382 [1/1] (0.00ns) (grouped into LUT with out node empty_70)   --->   "%not_tmp_366 = xor i1 %tmp_313, i1 1" [firmware/nnet_utils/nnet_activation.h:46]   --->   Operation 1382 'xor' 'not_tmp_366' <Predicate = (icmp_ln45_52)> <Delay = 0.00> <CoreInst = "LogicGate">   --->   Core 74 'LogicGate' <Latency = 0> <II = 1> <Delay = 0.12> <FuncUnit> <Opcode : 'and' 'or' 'xor'> <InPorts = 2> <OutPorts = 1>
ST_1 : Operation 1383 [1/1] (0.00ns) (grouped into LUT with out node empty_70)   --->   "%and_ln46_105 = or i1 %tmp_316, i1 %not_tmp_366" [firmware/nnet_utils/nnet_activation.h:46]   --->   Operation 1383 'or' 'and_ln46_105' <Predicate = (icmp_ln45_52)> <Delay = 0.00> <CoreInst = "LogicGate">   --->   Core 74 'LogicGate' <Latency = 0> <II = 1> <Delay = 0.12> <FuncUnit> <Opcode : 'and' 'or' 'xor'> <InPorts = 2> <OutPorts = 1>
ST_1 : Operation 1384 [1/1] (0.12ns) (out node of the LUT)   --->   "%empty_70 = and i1 %icmp_ln46_105, i1 %and_ln46_105" [firmware/nnet_utils/nnet_activation.h:46]   --->   Operation 1384 'and' 'empty_70' <Predicate = (icmp_ln45_52)> <Delay = 0.12> <CoreInst = "LogicGate">   --->   Core 74 'LogicGate' <Latency = 0> <II = 1> <Delay = 0.12> <FuncUnit> <Opcode : 'and' 'or' 'xor'> <InPorts = 2> <OutPorts = 1>
ST_1 : Operation 1385 [1/1] (0.00ns) (grouped into LUT with out node select_ln46_157)   --->   "%or_ln46_157 = or i1 %empty_70, i1 %tmp_311" [firmware/nnet_utils/nnet_activation.h:46]   --->   Operation 1385 'or' 'or_ln46_157' <Predicate = (or_ln46_158 & icmp_ln45_52)> <Delay = 0.00> <CoreInst = "LogicGate">   --->   Core 74 'LogicGate' <Latency = 0> <II = 1> <Delay = 0.12> <FuncUnit> <Opcode : 'and' 'or' 'xor'> <InPorts = 2> <OutPorts = 1>
ST_1 : Operation 1386 [1/1] (0.00ns) (grouped into LUT with out node res_52_0)   --->   "%xor_ln46_52 = xor i1 %empty_70, i1 1" [firmware/nnet_utils/nnet_activation.h:46]   --->   Operation 1386 'xor' 'xor_ln46_52' <Predicate = (icmp_ln45_52)> <Delay = 0.00> <CoreInst = "LogicGate">   --->   Core 74 'LogicGate' <Latency = 0> <II = 1> <Delay = 0.12> <FuncUnit> <Opcode : 'and' 'or' 'xor'> <InPorts = 2> <OutPorts = 1>
ST_1 : Operation 1387 [1/1] (0.00ns) (grouped into LUT with out node res_52_0)   --->   "%or_ln46_158 = or i1 %tmp_311, i1 %xor_ln46_52" [firmware/nnet_utils/nnet_activation.h:46]   --->   Operation 1387 'or' 'or_ln46_158' <Predicate = (icmp_ln45_52)> <Delay = 0.00> <CoreInst = "LogicGate">   --->   Core 74 'LogicGate' <Latency = 0> <II = 1> <Delay = 0.12> <FuncUnit> <Opcode : 'and' 'or' 'xor'> <InPorts = 2> <OutPorts = 1>
ST_1 : Operation 1388 [1/1] (0.00ns) (grouped into LUT with out node select_ln46_157)   --->   "%select_ln46_156 = select i1 %tmp_311, i6 0, i6 %add_ln46_52" [firmware/nnet_utils/nnet_activation.h:46]   --->   Operation 1388 'select' 'select_ln46_156' <Predicate = (or_ln46_157 & or_ln46_158 & icmp_ln45_52)> <Delay = 0.00> <CoreInst = "Sel">   --->   Core 73 'Sel' <Latency = 0> <II = 1> <Delay = 0.29> <FuncUnit> <Opcode : 'select'> <InPorts = 3> <OutPorts = 1>
ST_1 : Operation 1389 [1/1] (0.29ns) (out node of the LUT)   --->   "%select_ln46_157 = select i1 %or_ln46_157, i6 %select_ln46_156, i6 63" [firmware/nnet_utils/nnet_activation.h:46]   --->   Operation 1389 'select' 'select_ln46_157' <Predicate = (or_ln46_158 & icmp_ln45_52)> <Delay = 0.29> <CoreInst = "Sel">   --->   Core 73 'Sel' <Latency = 0> <II = 1> <Delay = 0.29> <FuncUnit> <Opcode : 'select'> <InPorts = 3> <OutPorts = 1>
ST_1 : Operation 1390 [1/1] (0.00ns) (grouped into LUT with out node res_52_0)   --->   "%select_ln46_158 = select i1 %or_ln46_158, i6 %select_ln46_157, i6 %add_ln46_52" [firmware/nnet_utils/nnet_activation.h:46]   --->   Operation 1390 'select' 'select_ln46_158' <Predicate = (icmp_ln45_52)> <Delay = 0.00> <CoreInst = "Sel">   --->   Core 73 'Sel' <Latency = 0> <II = 1> <Delay = 0.29> <FuncUnit> <Opcode : 'select'> <InPorts = 3> <OutPorts = 1>
ST_1 : Operation 1391 [1/1] (0.29ns) (out node of the LUT)   --->   "%res_52_0 = select i1 %icmp_ln45_52, i6 %select_ln46_158, i6 0" [firmware/nnet_utils/nnet_activation.h:45]   --->   Operation 1391 'select' 'res_52_0' <Predicate = true> <Delay = 0.29> <CoreInst = "Sel">   --->   Core 73 'Sel' <Latency = 0> <II = 1> <Delay = 0.29> <FuncUnit> <Opcode : 'select'> <InPorts = 3> <OutPorts = 1>
ST_1 : Operation 1392 [1/1] (0.85ns)   --->   "%icmp_ln45_53 = icmp_sgt  i27 %data_53_val_read, i27 0" [firmware/nnet_utils/nnet_activation.h:45]   --->   Operation 1392 'icmp' 'icmp_ln45_53' <Predicate = true> <Delay = 0.85> <CoreInst = "Cmp">   --->   Core 9 'Cmp' <Latency = 0> <II = 1> <Delay = 0.85> <FuncUnit> <Opcode : 'seteq' 'setne' 'setle' 'setge' 'setlt' 'setgt'> <InPorts = 2> <OutPorts = 1>
ST_1 : Operation 1393 [1/1] (0.00ns)   --->   "%tmp_317 = bitselect i1 @_ssdm_op_BitSelect.i1.i27.i32, i27 %data_53_val_read, i32 26" [firmware/nnet_utils/nnet_activation.h:46]   --->   Operation 1393 'bitselect' 'tmp_317' <Predicate = (icmp_ln45_53)> <Delay = 0.00>
ST_1 : Operation 1394 [1/1] (0.00ns) (grouped into LUT with out node add_ln46_53)   --->   "%trunc_ln46_52 = partselect i6 @_ssdm_op_PartSelect.i6.i27.i32.i32, i27 %data_53_val_read, i32 8, i32 13" [firmware/nnet_utils/nnet_activation.h:46]   --->   Operation 1394 'partselect' 'trunc_ln46_52' <Predicate = (icmp_ln45_53)> <Delay = 0.00>
ST_1 : Operation 1395 [1/1] (0.00ns) (grouped into LUT with out node add_ln46_53)   --->   "%tmp_318 = bitselect i1 @_ssdm_op_BitSelect.i1.i27.i32, i27 %data_53_val_read, i32 7" [firmware/nnet_utils/nnet_activation.h:46]   --->   Operation 1395 'bitselect' 'tmp_318' <Predicate = (icmp_ln45_53)> <Delay = 0.00>
ST_1 : Operation 1396 [1/1] (0.00ns)   --->   "%trunc_ln46_115 = trunc i27 %data_53_val_read" [firmware/nnet_utils/nnet_activation.h:46]   --->   Operation 1396 'trunc' 'trunc_ln46_115' <Predicate = (icmp_ln45_53)> <Delay = 0.00>
ST_1 : Operation 1397 [1/1] (0.70ns)   --->   "%icmp_ln46_106 = icmp_ne  i7 %trunc_ln46_115, i7 0" [firmware/nnet_utils/nnet_activation.h:46]   --->   Operation 1397 'icmp' 'icmp_ln46_106' <Predicate = (icmp_ln45_53)> <Delay = 0.70> <CoreInst = "Cmp">   --->   Core 9 'Cmp' <Latency = 0> <II = 1> <Delay = 0.70> <FuncUnit> <Opcode : 'seteq' 'setne' 'setle' 'setge' 'setlt' 'setgt'> <InPorts = 2> <OutPorts = 1>
ST_1 : Operation 1398 [1/1] (0.00ns) (grouped into LUT with out node empty_71)   --->   "%tmp_319 = bitselect i1 @_ssdm_op_BitSelect.i1.i27.i32, i27 %data_53_val_read, i32 13" [firmware/nnet_utils/nnet_activation.h:46]   --->   Operation 1398 'bitselect' 'tmp_319' <Predicate = (icmp_ln45_53)> <Delay = 0.00>
ST_1 : Operation 1399 [1/1] (0.00ns) (grouped into LUT with out node add_ln46_53)   --->   "%tmp_320 = bitselect i1 @_ssdm_op_BitSelect.i1.i27.i32, i27 %data_53_val_read, i32 8" [firmware/nnet_utils/nnet_activation.h:46]   --->   Operation 1399 'bitselect' 'tmp_320' <Predicate = (icmp_ln45_53)> <Delay = 0.00>
ST_1 : Operation 1400 [1/1] (0.00ns) (grouped into LUT with out node add_ln46_53)   --->   "%or_ln46_159 = or i1 %tmp_320, i1 %icmp_ln46_106" [firmware/nnet_utils/nnet_activation.h:46]   --->   Operation 1400 'or' 'or_ln46_159' <Predicate = (icmp_ln45_53)> <Delay = 0.00> <CoreInst = "LogicGate">   --->   Core 74 'LogicGate' <Latency = 0> <II = 1> <Delay = 0.12> <FuncUnit> <Opcode : 'and' 'or' 'xor'> <InPorts = 2> <OutPorts = 1>
ST_1 : Operation 1401 [1/1] (0.00ns) (grouped into LUT with out node add_ln46_53)   --->   "%and_ln46_106 = and i1 %or_ln46_159, i1 %tmp_318" [firmware/nnet_utils/nnet_activation.h:46]   --->   Operation 1401 'and' 'and_ln46_106' <Predicate = (icmp_ln45_53)> <Delay = 0.00> <CoreInst = "LogicGate">   --->   Core 74 'LogicGate' <Latency = 0> <II = 1> <Delay = 0.12> <FuncUnit> <Opcode : 'and' 'or' 'xor'> <InPorts = 2> <OutPorts = 1>
ST_1 : Operation 1402 [1/1] (0.00ns) (grouped into LUT with out node add_ln46_53)   --->   "%zext_ln46_53 = zext i1 %and_ln46_106" [firmware/nnet_utils/nnet_activation.h:46]   --->   Operation 1402 'zext' 'zext_ln46_53' <Predicate = (icmp_ln45_53)> <Delay = 0.00>
ST_1 : Operation 1403 [1/1] (0.70ns) (out node of the LUT)   --->   "%add_ln46_53 = add i6 %trunc_ln46_52, i6 %zext_ln46_53" [firmware/nnet_utils/nnet_activation.h:46]   --->   Operation 1403 'add' 'add_ln46_53' <Predicate = (icmp_ln45_53)> <Delay = 0.70> <CoreInst = "Adder">   --->   Core 1 'Adder' <Latency = 0> <II = 1> <Delay = 0.70> <FuncUnit> <Opcode : 'add' 'sub'> <InPorts = 2> <OutPorts = 1>
ST_1 : Operation 1404 [1/1] (0.00ns)   --->   "%tmp_321 = partselect i13 @_ssdm_op_PartSelect.i13.i27.i32.i32, i27 %data_53_val_read, i32 14, i32 26" [firmware/nnet_utils/nnet_activation.h:46]   --->   Operation 1404 'partselect' 'tmp_321' <Predicate = (icmp_ln45_53)> <Delay = 0.00>
ST_1 : Operation 1405 [1/1] (0.75ns)   --->   "%icmp_ln46_107 = icmp_eq  i13 %tmp_321, i13 0" [firmware/nnet_utils/nnet_activation.h:46]   --->   Operation 1405 'icmp' 'icmp_ln46_107' <Predicate = (icmp_ln45_53)> <Delay = 0.75> <CoreInst = "Cmp">   --->   Core 9 'Cmp' <Latency = 0> <II = 1> <Delay = 0.75> <FuncUnit> <Opcode : 'seteq' 'setne' 'setle' 'setge' 'setlt' 'setgt'> <InPorts = 2> <OutPorts = 1>
ST_1 : Operation 1406 [1/1] (0.00ns) (grouped into LUT with out node empty_71)   --->   "%tmp_322 = bitselect i1 @_ssdm_op_BitSelect.i1.i6.i32, i6 %add_ln46_53, i32 5" [firmware/nnet_utils/nnet_activation.h:46]   --->   Operation 1406 'bitselect' 'tmp_322' <Predicate = (icmp_ln45_53)> <Delay = 0.00>
ST_1 : Operation 1407 [1/1] (0.00ns) (grouped into LUT with out node empty_71)   --->   "%not_tmp_373 = xor i1 %tmp_319, i1 1" [firmware/nnet_utils/nnet_activation.h:46]   --->   Operation 1407 'xor' 'not_tmp_373' <Predicate = (icmp_ln45_53)> <Delay = 0.00> <CoreInst = "LogicGate">   --->   Core 74 'LogicGate' <Latency = 0> <II = 1> <Delay = 0.12> <FuncUnit> <Opcode : 'and' 'or' 'xor'> <InPorts = 2> <OutPorts = 1>
ST_1 : Operation 1408 [1/1] (0.00ns) (grouped into LUT with out node empty_71)   --->   "%and_ln46_107 = or i1 %tmp_322, i1 %not_tmp_373" [firmware/nnet_utils/nnet_activation.h:46]   --->   Operation 1408 'or' 'and_ln46_107' <Predicate = (icmp_ln45_53)> <Delay = 0.00> <CoreInst = "LogicGate">   --->   Core 74 'LogicGate' <Latency = 0> <II = 1> <Delay = 0.12> <FuncUnit> <Opcode : 'and' 'or' 'xor'> <InPorts = 2> <OutPorts = 1>
ST_1 : Operation 1409 [1/1] (0.12ns) (out node of the LUT)   --->   "%empty_71 = and i1 %icmp_ln46_107, i1 %and_ln46_107" [firmware/nnet_utils/nnet_activation.h:46]   --->   Operation 1409 'and' 'empty_71' <Predicate = (icmp_ln45_53)> <Delay = 0.12> <CoreInst = "LogicGate">   --->   Core 74 'LogicGate' <Latency = 0> <II = 1> <Delay = 0.12> <FuncUnit> <Opcode : 'and' 'or' 'xor'> <InPorts = 2> <OutPorts = 1>
ST_1 : Operation 1410 [1/1] (0.00ns) (grouped into LUT with out node select_ln46_160)   --->   "%or_ln46_160 = or i1 %empty_71, i1 %tmp_317" [firmware/nnet_utils/nnet_activation.h:46]   --->   Operation 1410 'or' 'or_ln46_160' <Predicate = (or_ln46_161 & icmp_ln45_53)> <Delay = 0.00> <CoreInst = "LogicGate">   --->   Core 74 'LogicGate' <Latency = 0> <II = 1> <Delay = 0.12> <FuncUnit> <Opcode : 'and' 'or' 'xor'> <InPorts = 2> <OutPorts = 1>
ST_1 : Operation 1411 [1/1] (0.00ns) (grouped into LUT with out node res_53_0)   --->   "%xor_ln46_53 = xor i1 %empty_71, i1 1" [firmware/nnet_utils/nnet_activation.h:46]   --->   Operation 1411 'xor' 'xor_ln46_53' <Predicate = (icmp_ln45_53)> <Delay = 0.00> <CoreInst = "LogicGate">   --->   Core 74 'LogicGate' <Latency = 0> <II = 1> <Delay = 0.12> <FuncUnit> <Opcode : 'and' 'or' 'xor'> <InPorts = 2> <OutPorts = 1>
ST_1 : Operation 1412 [1/1] (0.00ns) (grouped into LUT with out node res_53_0)   --->   "%or_ln46_161 = or i1 %tmp_317, i1 %xor_ln46_53" [firmware/nnet_utils/nnet_activation.h:46]   --->   Operation 1412 'or' 'or_ln46_161' <Predicate = (icmp_ln45_53)> <Delay = 0.00> <CoreInst = "LogicGate">   --->   Core 74 'LogicGate' <Latency = 0> <II = 1> <Delay = 0.12> <FuncUnit> <Opcode : 'and' 'or' 'xor'> <InPorts = 2> <OutPorts = 1>
ST_1 : Operation 1413 [1/1] (0.00ns) (grouped into LUT with out node select_ln46_160)   --->   "%select_ln46_159 = select i1 %tmp_317, i6 0, i6 %add_ln46_53" [firmware/nnet_utils/nnet_activation.h:46]   --->   Operation 1413 'select' 'select_ln46_159' <Predicate = (or_ln46_160 & or_ln46_161 & icmp_ln45_53)> <Delay = 0.00> <CoreInst = "Sel">   --->   Core 73 'Sel' <Latency = 0> <II = 1> <Delay = 0.29> <FuncUnit> <Opcode : 'select'> <InPorts = 3> <OutPorts = 1>
ST_1 : Operation 1414 [1/1] (0.29ns) (out node of the LUT)   --->   "%select_ln46_160 = select i1 %or_ln46_160, i6 %select_ln46_159, i6 63" [firmware/nnet_utils/nnet_activation.h:46]   --->   Operation 1414 'select' 'select_ln46_160' <Predicate = (or_ln46_161 & icmp_ln45_53)> <Delay = 0.29> <CoreInst = "Sel">   --->   Core 73 'Sel' <Latency = 0> <II = 1> <Delay = 0.29> <FuncUnit> <Opcode : 'select'> <InPorts = 3> <OutPorts = 1>
ST_1 : Operation 1415 [1/1] (0.00ns) (grouped into LUT with out node res_53_0)   --->   "%select_ln46_161 = select i1 %or_ln46_161, i6 %select_ln46_160, i6 %add_ln46_53" [firmware/nnet_utils/nnet_activation.h:46]   --->   Operation 1415 'select' 'select_ln46_161' <Predicate = (icmp_ln45_53)> <Delay = 0.00> <CoreInst = "Sel">   --->   Core 73 'Sel' <Latency = 0> <II = 1> <Delay = 0.29> <FuncUnit> <Opcode : 'select'> <InPorts = 3> <OutPorts = 1>
ST_1 : Operation 1416 [1/1] (0.29ns) (out node of the LUT)   --->   "%res_53_0 = select i1 %icmp_ln45_53, i6 %select_ln46_161, i6 0" [firmware/nnet_utils/nnet_activation.h:45]   --->   Operation 1416 'select' 'res_53_0' <Predicate = true> <Delay = 0.29> <CoreInst = "Sel">   --->   Core 73 'Sel' <Latency = 0> <II = 1> <Delay = 0.29> <FuncUnit> <Opcode : 'select'> <InPorts = 3> <OutPorts = 1>
ST_1 : Operation 1417 [1/1] (0.85ns)   --->   "%icmp_ln45_54 = icmp_sgt  i27 %data_54_val_read, i27 0" [firmware/nnet_utils/nnet_activation.h:45]   --->   Operation 1417 'icmp' 'icmp_ln45_54' <Predicate = true> <Delay = 0.85> <CoreInst = "Cmp">   --->   Core 9 'Cmp' <Latency = 0> <II = 1> <Delay = 0.85> <FuncUnit> <Opcode : 'seteq' 'setne' 'setle' 'setge' 'setlt' 'setgt'> <InPorts = 2> <OutPorts = 1>
ST_1 : Operation 1418 [1/1] (0.00ns)   --->   "%tmp_323 = bitselect i1 @_ssdm_op_BitSelect.i1.i27.i32, i27 %data_54_val_read, i32 26" [firmware/nnet_utils/nnet_activation.h:46]   --->   Operation 1418 'bitselect' 'tmp_323' <Predicate = (icmp_ln45_54)> <Delay = 0.00>
ST_1 : Operation 1419 [1/1] (0.00ns) (grouped into LUT with out node add_ln46_54)   --->   "%trunc_ln46_53 = partselect i6 @_ssdm_op_PartSelect.i6.i27.i32.i32, i27 %data_54_val_read, i32 8, i32 13" [firmware/nnet_utils/nnet_activation.h:46]   --->   Operation 1419 'partselect' 'trunc_ln46_53' <Predicate = (icmp_ln45_54)> <Delay = 0.00>
ST_1 : Operation 1420 [1/1] (0.00ns) (grouped into LUT with out node add_ln46_54)   --->   "%tmp_324 = bitselect i1 @_ssdm_op_BitSelect.i1.i27.i32, i27 %data_54_val_read, i32 7" [firmware/nnet_utils/nnet_activation.h:46]   --->   Operation 1420 'bitselect' 'tmp_324' <Predicate = (icmp_ln45_54)> <Delay = 0.00>
ST_1 : Operation 1421 [1/1] (0.00ns)   --->   "%trunc_ln46_116 = trunc i27 %data_54_val_read" [firmware/nnet_utils/nnet_activation.h:46]   --->   Operation 1421 'trunc' 'trunc_ln46_116' <Predicate = (icmp_ln45_54)> <Delay = 0.00>
ST_1 : Operation 1422 [1/1] (0.70ns)   --->   "%icmp_ln46_108 = icmp_ne  i7 %trunc_ln46_116, i7 0" [firmware/nnet_utils/nnet_activation.h:46]   --->   Operation 1422 'icmp' 'icmp_ln46_108' <Predicate = (icmp_ln45_54)> <Delay = 0.70> <CoreInst = "Cmp">   --->   Core 9 'Cmp' <Latency = 0> <II = 1> <Delay = 0.70> <FuncUnit> <Opcode : 'seteq' 'setne' 'setle' 'setge' 'setlt' 'setgt'> <InPorts = 2> <OutPorts = 1>
ST_1 : Operation 1423 [1/1] (0.00ns) (grouped into LUT with out node empty_72)   --->   "%tmp_325 = bitselect i1 @_ssdm_op_BitSelect.i1.i27.i32, i27 %data_54_val_read, i32 13" [firmware/nnet_utils/nnet_activation.h:46]   --->   Operation 1423 'bitselect' 'tmp_325' <Predicate = (icmp_ln45_54)> <Delay = 0.00>
ST_1 : Operation 1424 [1/1] (0.00ns) (grouped into LUT with out node add_ln46_54)   --->   "%tmp_326 = bitselect i1 @_ssdm_op_BitSelect.i1.i27.i32, i27 %data_54_val_read, i32 8" [firmware/nnet_utils/nnet_activation.h:46]   --->   Operation 1424 'bitselect' 'tmp_326' <Predicate = (icmp_ln45_54)> <Delay = 0.00>
ST_1 : Operation 1425 [1/1] (0.00ns) (grouped into LUT with out node add_ln46_54)   --->   "%or_ln46_162 = or i1 %tmp_326, i1 %icmp_ln46_108" [firmware/nnet_utils/nnet_activation.h:46]   --->   Operation 1425 'or' 'or_ln46_162' <Predicate = (icmp_ln45_54)> <Delay = 0.00> <CoreInst = "LogicGate">   --->   Core 74 'LogicGate' <Latency = 0> <II = 1> <Delay = 0.12> <FuncUnit> <Opcode : 'and' 'or' 'xor'> <InPorts = 2> <OutPorts = 1>
ST_1 : Operation 1426 [1/1] (0.00ns) (grouped into LUT with out node add_ln46_54)   --->   "%and_ln46_108 = and i1 %or_ln46_162, i1 %tmp_324" [firmware/nnet_utils/nnet_activation.h:46]   --->   Operation 1426 'and' 'and_ln46_108' <Predicate = (icmp_ln45_54)> <Delay = 0.00> <CoreInst = "LogicGate">   --->   Core 74 'LogicGate' <Latency = 0> <II = 1> <Delay = 0.12> <FuncUnit> <Opcode : 'and' 'or' 'xor'> <InPorts = 2> <OutPorts = 1>
ST_1 : Operation 1427 [1/1] (0.00ns) (grouped into LUT with out node add_ln46_54)   --->   "%zext_ln46_54 = zext i1 %and_ln46_108" [firmware/nnet_utils/nnet_activation.h:46]   --->   Operation 1427 'zext' 'zext_ln46_54' <Predicate = (icmp_ln45_54)> <Delay = 0.00>
ST_1 : Operation 1428 [1/1] (0.70ns) (out node of the LUT)   --->   "%add_ln46_54 = add i6 %trunc_ln46_53, i6 %zext_ln46_54" [firmware/nnet_utils/nnet_activation.h:46]   --->   Operation 1428 'add' 'add_ln46_54' <Predicate = (icmp_ln45_54)> <Delay = 0.70> <CoreInst = "Adder">   --->   Core 1 'Adder' <Latency = 0> <II = 1> <Delay = 0.70> <FuncUnit> <Opcode : 'add' 'sub'> <InPorts = 2> <OutPorts = 1>
ST_1 : Operation 1429 [1/1] (0.00ns)   --->   "%tmp_327 = partselect i13 @_ssdm_op_PartSelect.i13.i27.i32.i32, i27 %data_54_val_read, i32 14, i32 26" [firmware/nnet_utils/nnet_activation.h:46]   --->   Operation 1429 'partselect' 'tmp_327' <Predicate = (icmp_ln45_54)> <Delay = 0.00>
ST_1 : Operation 1430 [1/1] (0.75ns)   --->   "%icmp_ln46_109 = icmp_eq  i13 %tmp_327, i13 0" [firmware/nnet_utils/nnet_activation.h:46]   --->   Operation 1430 'icmp' 'icmp_ln46_109' <Predicate = (icmp_ln45_54)> <Delay = 0.75> <CoreInst = "Cmp">   --->   Core 9 'Cmp' <Latency = 0> <II = 1> <Delay = 0.75> <FuncUnit> <Opcode : 'seteq' 'setne' 'setle' 'setge' 'setlt' 'setgt'> <InPorts = 2> <OutPorts = 1>
ST_1 : Operation 1431 [1/1] (0.00ns) (grouped into LUT with out node empty_72)   --->   "%tmp_328 = bitselect i1 @_ssdm_op_BitSelect.i1.i6.i32, i6 %add_ln46_54, i32 5" [firmware/nnet_utils/nnet_activation.h:46]   --->   Operation 1431 'bitselect' 'tmp_328' <Predicate = (icmp_ln45_54)> <Delay = 0.00>
ST_1 : Operation 1432 [1/1] (0.00ns) (grouped into LUT with out node empty_72)   --->   "%not_tmp_380 = xor i1 %tmp_325, i1 1" [firmware/nnet_utils/nnet_activation.h:46]   --->   Operation 1432 'xor' 'not_tmp_380' <Predicate = (icmp_ln45_54)> <Delay = 0.00> <CoreInst = "LogicGate">   --->   Core 74 'LogicGate' <Latency = 0> <II = 1> <Delay = 0.12> <FuncUnit> <Opcode : 'and' 'or' 'xor'> <InPorts = 2> <OutPorts = 1>
ST_1 : Operation 1433 [1/1] (0.00ns) (grouped into LUT with out node empty_72)   --->   "%and_ln46_109 = or i1 %tmp_328, i1 %not_tmp_380" [firmware/nnet_utils/nnet_activation.h:46]   --->   Operation 1433 'or' 'and_ln46_109' <Predicate = (icmp_ln45_54)> <Delay = 0.00> <CoreInst = "LogicGate">   --->   Core 74 'LogicGate' <Latency = 0> <II = 1> <Delay = 0.12> <FuncUnit> <Opcode : 'and' 'or' 'xor'> <InPorts = 2> <OutPorts = 1>
ST_1 : Operation 1434 [1/1] (0.12ns) (out node of the LUT)   --->   "%empty_72 = and i1 %icmp_ln46_109, i1 %and_ln46_109" [firmware/nnet_utils/nnet_activation.h:46]   --->   Operation 1434 'and' 'empty_72' <Predicate = (icmp_ln45_54)> <Delay = 0.12> <CoreInst = "LogicGate">   --->   Core 74 'LogicGate' <Latency = 0> <II = 1> <Delay = 0.12> <FuncUnit> <Opcode : 'and' 'or' 'xor'> <InPorts = 2> <OutPorts = 1>
ST_1 : Operation 1435 [1/1] (0.00ns) (grouped into LUT with out node select_ln46_163)   --->   "%or_ln46_163 = or i1 %empty_72, i1 %tmp_323" [firmware/nnet_utils/nnet_activation.h:46]   --->   Operation 1435 'or' 'or_ln46_163' <Predicate = (or_ln46_164 & icmp_ln45_54)> <Delay = 0.00> <CoreInst = "LogicGate">   --->   Core 74 'LogicGate' <Latency = 0> <II = 1> <Delay = 0.12> <FuncUnit> <Opcode : 'and' 'or' 'xor'> <InPorts = 2> <OutPorts = 1>
ST_1 : Operation 1436 [1/1] (0.00ns) (grouped into LUT with out node res_54_0)   --->   "%xor_ln46_54 = xor i1 %empty_72, i1 1" [firmware/nnet_utils/nnet_activation.h:46]   --->   Operation 1436 'xor' 'xor_ln46_54' <Predicate = (icmp_ln45_54)> <Delay = 0.00> <CoreInst = "LogicGate">   --->   Core 74 'LogicGate' <Latency = 0> <II = 1> <Delay = 0.12> <FuncUnit> <Opcode : 'and' 'or' 'xor'> <InPorts = 2> <OutPorts = 1>
ST_1 : Operation 1437 [1/1] (0.00ns) (grouped into LUT with out node res_54_0)   --->   "%or_ln46_164 = or i1 %tmp_323, i1 %xor_ln46_54" [firmware/nnet_utils/nnet_activation.h:46]   --->   Operation 1437 'or' 'or_ln46_164' <Predicate = (icmp_ln45_54)> <Delay = 0.00> <CoreInst = "LogicGate">   --->   Core 74 'LogicGate' <Latency = 0> <II = 1> <Delay = 0.12> <FuncUnit> <Opcode : 'and' 'or' 'xor'> <InPorts = 2> <OutPorts = 1>
ST_1 : Operation 1438 [1/1] (0.00ns) (grouped into LUT with out node select_ln46_163)   --->   "%select_ln46_162 = select i1 %tmp_323, i6 0, i6 %add_ln46_54" [firmware/nnet_utils/nnet_activation.h:46]   --->   Operation 1438 'select' 'select_ln46_162' <Predicate = (or_ln46_163 & or_ln46_164 & icmp_ln45_54)> <Delay = 0.00> <CoreInst = "Sel">   --->   Core 73 'Sel' <Latency = 0> <II = 1> <Delay = 0.29> <FuncUnit> <Opcode : 'select'> <InPorts = 3> <OutPorts = 1>
ST_1 : Operation 1439 [1/1] (0.29ns) (out node of the LUT)   --->   "%select_ln46_163 = select i1 %or_ln46_163, i6 %select_ln46_162, i6 63" [firmware/nnet_utils/nnet_activation.h:46]   --->   Operation 1439 'select' 'select_ln46_163' <Predicate = (or_ln46_164 & icmp_ln45_54)> <Delay = 0.29> <CoreInst = "Sel">   --->   Core 73 'Sel' <Latency = 0> <II = 1> <Delay = 0.29> <FuncUnit> <Opcode : 'select'> <InPorts = 3> <OutPorts = 1>
ST_1 : Operation 1440 [1/1] (0.00ns) (grouped into LUT with out node res_54_0)   --->   "%select_ln46_164 = select i1 %or_ln46_164, i6 %select_ln46_163, i6 %add_ln46_54" [firmware/nnet_utils/nnet_activation.h:46]   --->   Operation 1440 'select' 'select_ln46_164' <Predicate = (icmp_ln45_54)> <Delay = 0.00> <CoreInst = "Sel">   --->   Core 73 'Sel' <Latency = 0> <II = 1> <Delay = 0.29> <FuncUnit> <Opcode : 'select'> <InPorts = 3> <OutPorts = 1>
ST_1 : Operation 1441 [1/1] (0.29ns) (out node of the LUT)   --->   "%res_54_0 = select i1 %icmp_ln45_54, i6 %select_ln46_164, i6 0" [firmware/nnet_utils/nnet_activation.h:45]   --->   Operation 1441 'select' 'res_54_0' <Predicate = true> <Delay = 0.29> <CoreInst = "Sel">   --->   Core 73 'Sel' <Latency = 0> <II = 1> <Delay = 0.29> <FuncUnit> <Opcode : 'select'> <InPorts = 3> <OutPorts = 1>
ST_1 : Operation 1442 [1/1] (0.85ns)   --->   "%icmp_ln45_55 = icmp_sgt  i27 %data_55_val_read, i27 0" [firmware/nnet_utils/nnet_activation.h:45]   --->   Operation 1442 'icmp' 'icmp_ln45_55' <Predicate = true> <Delay = 0.85> <CoreInst = "Cmp">   --->   Core 9 'Cmp' <Latency = 0> <II = 1> <Delay = 0.85> <FuncUnit> <Opcode : 'seteq' 'setne' 'setle' 'setge' 'setlt' 'setgt'> <InPorts = 2> <OutPorts = 1>
ST_1 : Operation 1443 [1/1] (0.00ns)   --->   "%tmp_329 = bitselect i1 @_ssdm_op_BitSelect.i1.i27.i32, i27 %data_55_val_read, i32 26" [firmware/nnet_utils/nnet_activation.h:46]   --->   Operation 1443 'bitselect' 'tmp_329' <Predicate = (icmp_ln45_55)> <Delay = 0.00>
ST_1 : Operation 1444 [1/1] (0.00ns) (grouped into LUT with out node add_ln46_55)   --->   "%trunc_ln46_54 = partselect i6 @_ssdm_op_PartSelect.i6.i27.i32.i32, i27 %data_55_val_read, i32 8, i32 13" [firmware/nnet_utils/nnet_activation.h:46]   --->   Operation 1444 'partselect' 'trunc_ln46_54' <Predicate = (icmp_ln45_55)> <Delay = 0.00>
ST_1 : Operation 1445 [1/1] (0.00ns) (grouped into LUT with out node add_ln46_55)   --->   "%tmp_330 = bitselect i1 @_ssdm_op_BitSelect.i1.i27.i32, i27 %data_55_val_read, i32 7" [firmware/nnet_utils/nnet_activation.h:46]   --->   Operation 1445 'bitselect' 'tmp_330' <Predicate = (icmp_ln45_55)> <Delay = 0.00>
ST_1 : Operation 1446 [1/1] (0.00ns)   --->   "%trunc_ln46_117 = trunc i27 %data_55_val_read" [firmware/nnet_utils/nnet_activation.h:46]   --->   Operation 1446 'trunc' 'trunc_ln46_117' <Predicate = (icmp_ln45_55)> <Delay = 0.00>
ST_1 : Operation 1447 [1/1] (0.70ns)   --->   "%icmp_ln46_110 = icmp_ne  i7 %trunc_ln46_117, i7 0" [firmware/nnet_utils/nnet_activation.h:46]   --->   Operation 1447 'icmp' 'icmp_ln46_110' <Predicate = (icmp_ln45_55)> <Delay = 0.70> <CoreInst = "Cmp">   --->   Core 9 'Cmp' <Latency = 0> <II = 1> <Delay = 0.70> <FuncUnit> <Opcode : 'seteq' 'setne' 'setle' 'setge' 'setlt' 'setgt'> <InPorts = 2> <OutPorts = 1>
ST_1 : Operation 1448 [1/1] (0.00ns) (grouped into LUT with out node empty_73)   --->   "%tmp_331 = bitselect i1 @_ssdm_op_BitSelect.i1.i27.i32, i27 %data_55_val_read, i32 13" [firmware/nnet_utils/nnet_activation.h:46]   --->   Operation 1448 'bitselect' 'tmp_331' <Predicate = (icmp_ln45_55)> <Delay = 0.00>
ST_1 : Operation 1449 [1/1] (0.00ns) (grouped into LUT with out node add_ln46_55)   --->   "%tmp_332 = bitselect i1 @_ssdm_op_BitSelect.i1.i27.i32, i27 %data_55_val_read, i32 8" [firmware/nnet_utils/nnet_activation.h:46]   --->   Operation 1449 'bitselect' 'tmp_332' <Predicate = (icmp_ln45_55)> <Delay = 0.00>
ST_1 : Operation 1450 [1/1] (0.00ns) (grouped into LUT with out node add_ln46_55)   --->   "%or_ln46_165 = or i1 %tmp_332, i1 %icmp_ln46_110" [firmware/nnet_utils/nnet_activation.h:46]   --->   Operation 1450 'or' 'or_ln46_165' <Predicate = (icmp_ln45_55)> <Delay = 0.00> <CoreInst = "LogicGate">   --->   Core 74 'LogicGate' <Latency = 0> <II = 1> <Delay = 0.12> <FuncUnit> <Opcode : 'and' 'or' 'xor'> <InPorts = 2> <OutPorts = 1>
ST_1 : Operation 1451 [1/1] (0.00ns) (grouped into LUT with out node add_ln46_55)   --->   "%and_ln46_110 = and i1 %or_ln46_165, i1 %tmp_330" [firmware/nnet_utils/nnet_activation.h:46]   --->   Operation 1451 'and' 'and_ln46_110' <Predicate = (icmp_ln45_55)> <Delay = 0.00> <CoreInst = "LogicGate">   --->   Core 74 'LogicGate' <Latency = 0> <II = 1> <Delay = 0.12> <FuncUnit> <Opcode : 'and' 'or' 'xor'> <InPorts = 2> <OutPorts = 1>
ST_1 : Operation 1452 [1/1] (0.00ns) (grouped into LUT with out node add_ln46_55)   --->   "%zext_ln46_55 = zext i1 %and_ln46_110" [firmware/nnet_utils/nnet_activation.h:46]   --->   Operation 1452 'zext' 'zext_ln46_55' <Predicate = (icmp_ln45_55)> <Delay = 0.00>
ST_1 : Operation 1453 [1/1] (0.70ns) (out node of the LUT)   --->   "%add_ln46_55 = add i6 %trunc_ln46_54, i6 %zext_ln46_55" [firmware/nnet_utils/nnet_activation.h:46]   --->   Operation 1453 'add' 'add_ln46_55' <Predicate = (icmp_ln45_55)> <Delay = 0.70> <CoreInst = "Adder">   --->   Core 1 'Adder' <Latency = 0> <II = 1> <Delay = 0.70> <FuncUnit> <Opcode : 'add' 'sub'> <InPorts = 2> <OutPorts = 1>
ST_1 : Operation 1454 [1/1] (0.00ns)   --->   "%tmp_333 = partselect i13 @_ssdm_op_PartSelect.i13.i27.i32.i32, i27 %data_55_val_read, i32 14, i32 26" [firmware/nnet_utils/nnet_activation.h:46]   --->   Operation 1454 'partselect' 'tmp_333' <Predicate = (icmp_ln45_55)> <Delay = 0.00>
ST_1 : Operation 1455 [1/1] (0.75ns)   --->   "%icmp_ln46_111 = icmp_eq  i13 %tmp_333, i13 0" [firmware/nnet_utils/nnet_activation.h:46]   --->   Operation 1455 'icmp' 'icmp_ln46_111' <Predicate = (icmp_ln45_55)> <Delay = 0.75> <CoreInst = "Cmp">   --->   Core 9 'Cmp' <Latency = 0> <II = 1> <Delay = 0.75> <FuncUnit> <Opcode : 'seteq' 'setne' 'setle' 'setge' 'setlt' 'setgt'> <InPorts = 2> <OutPorts = 1>
ST_1 : Operation 1456 [1/1] (0.00ns) (grouped into LUT with out node empty_73)   --->   "%tmp_334 = bitselect i1 @_ssdm_op_BitSelect.i1.i6.i32, i6 %add_ln46_55, i32 5" [firmware/nnet_utils/nnet_activation.h:46]   --->   Operation 1456 'bitselect' 'tmp_334' <Predicate = (icmp_ln45_55)> <Delay = 0.00>
ST_1 : Operation 1457 [1/1] (0.00ns) (grouped into LUT with out node empty_73)   --->   "%not_tmp_387 = xor i1 %tmp_331, i1 1" [firmware/nnet_utils/nnet_activation.h:46]   --->   Operation 1457 'xor' 'not_tmp_387' <Predicate = (icmp_ln45_55)> <Delay = 0.00> <CoreInst = "LogicGate">   --->   Core 74 'LogicGate' <Latency = 0> <II = 1> <Delay = 0.12> <FuncUnit> <Opcode : 'and' 'or' 'xor'> <InPorts = 2> <OutPorts = 1>
ST_1 : Operation 1458 [1/1] (0.00ns) (grouped into LUT with out node empty_73)   --->   "%and_ln46_111 = or i1 %tmp_334, i1 %not_tmp_387" [firmware/nnet_utils/nnet_activation.h:46]   --->   Operation 1458 'or' 'and_ln46_111' <Predicate = (icmp_ln45_55)> <Delay = 0.00> <CoreInst = "LogicGate">   --->   Core 74 'LogicGate' <Latency = 0> <II = 1> <Delay = 0.12> <FuncUnit> <Opcode : 'and' 'or' 'xor'> <InPorts = 2> <OutPorts = 1>
ST_1 : Operation 1459 [1/1] (0.12ns) (out node of the LUT)   --->   "%empty_73 = and i1 %icmp_ln46_111, i1 %and_ln46_111" [firmware/nnet_utils/nnet_activation.h:46]   --->   Operation 1459 'and' 'empty_73' <Predicate = (icmp_ln45_55)> <Delay = 0.12> <CoreInst = "LogicGate">   --->   Core 74 'LogicGate' <Latency = 0> <II = 1> <Delay = 0.12> <FuncUnit> <Opcode : 'and' 'or' 'xor'> <InPorts = 2> <OutPorts = 1>
ST_1 : Operation 1460 [1/1] (0.00ns) (grouped into LUT with out node select_ln46_166)   --->   "%or_ln46_166 = or i1 %empty_73, i1 %tmp_329" [firmware/nnet_utils/nnet_activation.h:46]   --->   Operation 1460 'or' 'or_ln46_166' <Predicate = (or_ln46_167 & icmp_ln45_55)> <Delay = 0.00> <CoreInst = "LogicGate">   --->   Core 74 'LogicGate' <Latency = 0> <II = 1> <Delay = 0.12> <FuncUnit> <Opcode : 'and' 'or' 'xor'> <InPorts = 2> <OutPorts = 1>
ST_1 : Operation 1461 [1/1] (0.00ns) (grouped into LUT with out node res_55_0)   --->   "%xor_ln46_55 = xor i1 %empty_73, i1 1" [firmware/nnet_utils/nnet_activation.h:46]   --->   Operation 1461 'xor' 'xor_ln46_55' <Predicate = (icmp_ln45_55)> <Delay = 0.00> <CoreInst = "LogicGate">   --->   Core 74 'LogicGate' <Latency = 0> <II = 1> <Delay = 0.12> <FuncUnit> <Opcode : 'and' 'or' 'xor'> <InPorts = 2> <OutPorts = 1>
ST_1 : Operation 1462 [1/1] (0.00ns) (grouped into LUT with out node res_55_0)   --->   "%or_ln46_167 = or i1 %tmp_329, i1 %xor_ln46_55" [firmware/nnet_utils/nnet_activation.h:46]   --->   Operation 1462 'or' 'or_ln46_167' <Predicate = (icmp_ln45_55)> <Delay = 0.00> <CoreInst = "LogicGate">   --->   Core 74 'LogicGate' <Latency = 0> <II = 1> <Delay = 0.12> <FuncUnit> <Opcode : 'and' 'or' 'xor'> <InPorts = 2> <OutPorts = 1>
ST_1 : Operation 1463 [1/1] (0.00ns) (grouped into LUT with out node select_ln46_166)   --->   "%select_ln46_165 = select i1 %tmp_329, i6 0, i6 %add_ln46_55" [firmware/nnet_utils/nnet_activation.h:46]   --->   Operation 1463 'select' 'select_ln46_165' <Predicate = (or_ln46_166 & or_ln46_167 & icmp_ln45_55)> <Delay = 0.00> <CoreInst = "Sel">   --->   Core 73 'Sel' <Latency = 0> <II = 1> <Delay = 0.29> <FuncUnit> <Opcode : 'select'> <InPorts = 3> <OutPorts = 1>
ST_1 : Operation 1464 [1/1] (0.29ns) (out node of the LUT)   --->   "%select_ln46_166 = select i1 %or_ln46_166, i6 %select_ln46_165, i6 63" [firmware/nnet_utils/nnet_activation.h:46]   --->   Operation 1464 'select' 'select_ln46_166' <Predicate = (or_ln46_167 & icmp_ln45_55)> <Delay = 0.29> <CoreInst = "Sel">   --->   Core 73 'Sel' <Latency = 0> <II = 1> <Delay = 0.29> <FuncUnit> <Opcode : 'select'> <InPorts = 3> <OutPorts = 1>
ST_1 : Operation 1465 [1/1] (0.00ns) (grouped into LUT with out node res_55_0)   --->   "%select_ln46_167 = select i1 %or_ln46_167, i6 %select_ln46_166, i6 %add_ln46_55" [firmware/nnet_utils/nnet_activation.h:46]   --->   Operation 1465 'select' 'select_ln46_167' <Predicate = (icmp_ln45_55)> <Delay = 0.00> <CoreInst = "Sel">   --->   Core 73 'Sel' <Latency = 0> <II = 1> <Delay = 0.29> <FuncUnit> <Opcode : 'select'> <InPorts = 3> <OutPorts = 1>
ST_1 : Operation 1466 [1/1] (0.29ns) (out node of the LUT)   --->   "%res_55_0 = select i1 %icmp_ln45_55, i6 %select_ln46_167, i6 0" [firmware/nnet_utils/nnet_activation.h:45]   --->   Operation 1466 'select' 'res_55_0' <Predicate = true> <Delay = 0.29> <CoreInst = "Sel">   --->   Core 73 'Sel' <Latency = 0> <II = 1> <Delay = 0.29> <FuncUnit> <Opcode : 'select'> <InPorts = 3> <OutPorts = 1>
ST_1 : Operation 1467 [1/1] (0.85ns)   --->   "%icmp_ln45_56 = icmp_sgt  i27 %data_56_val_read, i27 0" [firmware/nnet_utils/nnet_activation.h:45]   --->   Operation 1467 'icmp' 'icmp_ln45_56' <Predicate = true> <Delay = 0.85> <CoreInst = "Cmp">   --->   Core 9 'Cmp' <Latency = 0> <II = 1> <Delay = 0.85> <FuncUnit> <Opcode : 'seteq' 'setne' 'setle' 'setge' 'setlt' 'setgt'> <InPorts = 2> <OutPorts = 1>
ST_1 : Operation 1468 [1/1] (0.00ns)   --->   "%tmp_335 = bitselect i1 @_ssdm_op_BitSelect.i1.i27.i32, i27 %data_56_val_read, i32 26" [firmware/nnet_utils/nnet_activation.h:46]   --->   Operation 1468 'bitselect' 'tmp_335' <Predicate = (icmp_ln45_56)> <Delay = 0.00>
ST_1 : Operation 1469 [1/1] (0.00ns) (grouped into LUT with out node add_ln46_56)   --->   "%trunc_ln46_55 = partselect i6 @_ssdm_op_PartSelect.i6.i27.i32.i32, i27 %data_56_val_read, i32 8, i32 13" [firmware/nnet_utils/nnet_activation.h:46]   --->   Operation 1469 'partselect' 'trunc_ln46_55' <Predicate = (icmp_ln45_56)> <Delay = 0.00>
ST_1 : Operation 1470 [1/1] (0.00ns) (grouped into LUT with out node add_ln46_56)   --->   "%tmp_336 = bitselect i1 @_ssdm_op_BitSelect.i1.i27.i32, i27 %data_56_val_read, i32 7" [firmware/nnet_utils/nnet_activation.h:46]   --->   Operation 1470 'bitselect' 'tmp_336' <Predicate = (icmp_ln45_56)> <Delay = 0.00>
ST_1 : Operation 1471 [1/1] (0.00ns)   --->   "%trunc_ln46_118 = trunc i27 %data_56_val_read" [firmware/nnet_utils/nnet_activation.h:46]   --->   Operation 1471 'trunc' 'trunc_ln46_118' <Predicate = (icmp_ln45_56)> <Delay = 0.00>
ST_1 : Operation 1472 [1/1] (0.70ns)   --->   "%icmp_ln46_112 = icmp_ne  i7 %trunc_ln46_118, i7 0" [firmware/nnet_utils/nnet_activation.h:46]   --->   Operation 1472 'icmp' 'icmp_ln46_112' <Predicate = (icmp_ln45_56)> <Delay = 0.70> <CoreInst = "Cmp">   --->   Core 9 'Cmp' <Latency = 0> <II = 1> <Delay = 0.70> <FuncUnit> <Opcode : 'seteq' 'setne' 'setle' 'setge' 'setlt' 'setgt'> <InPorts = 2> <OutPorts = 1>
ST_1 : Operation 1473 [1/1] (0.00ns) (grouped into LUT with out node empty_74)   --->   "%tmp_337 = bitselect i1 @_ssdm_op_BitSelect.i1.i27.i32, i27 %data_56_val_read, i32 13" [firmware/nnet_utils/nnet_activation.h:46]   --->   Operation 1473 'bitselect' 'tmp_337' <Predicate = (icmp_ln45_56)> <Delay = 0.00>
ST_1 : Operation 1474 [1/1] (0.00ns) (grouped into LUT with out node add_ln46_56)   --->   "%tmp_338 = bitselect i1 @_ssdm_op_BitSelect.i1.i27.i32, i27 %data_56_val_read, i32 8" [firmware/nnet_utils/nnet_activation.h:46]   --->   Operation 1474 'bitselect' 'tmp_338' <Predicate = (icmp_ln45_56)> <Delay = 0.00>
ST_1 : Operation 1475 [1/1] (0.00ns) (grouped into LUT with out node add_ln46_56)   --->   "%or_ln46_168 = or i1 %tmp_338, i1 %icmp_ln46_112" [firmware/nnet_utils/nnet_activation.h:46]   --->   Operation 1475 'or' 'or_ln46_168' <Predicate = (icmp_ln45_56)> <Delay = 0.00> <CoreInst = "LogicGate">   --->   Core 74 'LogicGate' <Latency = 0> <II = 1> <Delay = 0.12> <FuncUnit> <Opcode : 'and' 'or' 'xor'> <InPorts = 2> <OutPorts = 1>
ST_1 : Operation 1476 [1/1] (0.00ns) (grouped into LUT with out node add_ln46_56)   --->   "%and_ln46_112 = and i1 %or_ln46_168, i1 %tmp_336" [firmware/nnet_utils/nnet_activation.h:46]   --->   Operation 1476 'and' 'and_ln46_112' <Predicate = (icmp_ln45_56)> <Delay = 0.00> <CoreInst = "LogicGate">   --->   Core 74 'LogicGate' <Latency = 0> <II = 1> <Delay = 0.12> <FuncUnit> <Opcode : 'and' 'or' 'xor'> <InPorts = 2> <OutPorts = 1>
ST_1 : Operation 1477 [1/1] (0.00ns) (grouped into LUT with out node add_ln46_56)   --->   "%zext_ln46_56 = zext i1 %and_ln46_112" [firmware/nnet_utils/nnet_activation.h:46]   --->   Operation 1477 'zext' 'zext_ln46_56' <Predicate = (icmp_ln45_56)> <Delay = 0.00>
ST_1 : Operation 1478 [1/1] (0.70ns) (out node of the LUT)   --->   "%add_ln46_56 = add i6 %trunc_ln46_55, i6 %zext_ln46_56" [firmware/nnet_utils/nnet_activation.h:46]   --->   Operation 1478 'add' 'add_ln46_56' <Predicate = (icmp_ln45_56)> <Delay = 0.70> <CoreInst = "Adder">   --->   Core 1 'Adder' <Latency = 0> <II = 1> <Delay = 0.70> <FuncUnit> <Opcode : 'add' 'sub'> <InPorts = 2> <OutPorts = 1>
ST_1 : Operation 1479 [1/1] (0.00ns)   --->   "%tmp_339 = partselect i13 @_ssdm_op_PartSelect.i13.i27.i32.i32, i27 %data_56_val_read, i32 14, i32 26" [firmware/nnet_utils/nnet_activation.h:46]   --->   Operation 1479 'partselect' 'tmp_339' <Predicate = (icmp_ln45_56)> <Delay = 0.00>
ST_1 : Operation 1480 [1/1] (0.75ns)   --->   "%icmp_ln46_113 = icmp_eq  i13 %tmp_339, i13 0" [firmware/nnet_utils/nnet_activation.h:46]   --->   Operation 1480 'icmp' 'icmp_ln46_113' <Predicate = (icmp_ln45_56)> <Delay = 0.75> <CoreInst = "Cmp">   --->   Core 9 'Cmp' <Latency = 0> <II = 1> <Delay = 0.75> <FuncUnit> <Opcode : 'seteq' 'setne' 'setle' 'setge' 'setlt' 'setgt'> <InPorts = 2> <OutPorts = 1>
ST_1 : Operation 1481 [1/1] (0.00ns) (grouped into LUT with out node empty_74)   --->   "%tmp_340 = bitselect i1 @_ssdm_op_BitSelect.i1.i6.i32, i6 %add_ln46_56, i32 5" [firmware/nnet_utils/nnet_activation.h:46]   --->   Operation 1481 'bitselect' 'tmp_340' <Predicate = (icmp_ln45_56)> <Delay = 0.00>
ST_1 : Operation 1482 [1/1] (0.00ns) (grouped into LUT with out node empty_74)   --->   "%not_tmp_394 = xor i1 %tmp_337, i1 1" [firmware/nnet_utils/nnet_activation.h:46]   --->   Operation 1482 'xor' 'not_tmp_394' <Predicate = (icmp_ln45_56)> <Delay = 0.00> <CoreInst = "LogicGate">   --->   Core 74 'LogicGate' <Latency = 0> <II = 1> <Delay = 0.12> <FuncUnit> <Opcode : 'and' 'or' 'xor'> <InPorts = 2> <OutPorts = 1>
ST_1 : Operation 1483 [1/1] (0.00ns) (grouped into LUT with out node empty_74)   --->   "%and_ln46_113 = or i1 %tmp_340, i1 %not_tmp_394" [firmware/nnet_utils/nnet_activation.h:46]   --->   Operation 1483 'or' 'and_ln46_113' <Predicate = (icmp_ln45_56)> <Delay = 0.00> <CoreInst = "LogicGate">   --->   Core 74 'LogicGate' <Latency = 0> <II = 1> <Delay = 0.12> <FuncUnit> <Opcode : 'and' 'or' 'xor'> <InPorts = 2> <OutPorts = 1>
ST_1 : Operation 1484 [1/1] (0.12ns) (out node of the LUT)   --->   "%empty_74 = and i1 %icmp_ln46_113, i1 %and_ln46_113" [firmware/nnet_utils/nnet_activation.h:46]   --->   Operation 1484 'and' 'empty_74' <Predicate = (icmp_ln45_56)> <Delay = 0.12> <CoreInst = "LogicGate">   --->   Core 74 'LogicGate' <Latency = 0> <II = 1> <Delay = 0.12> <FuncUnit> <Opcode : 'and' 'or' 'xor'> <InPorts = 2> <OutPorts = 1>
ST_1 : Operation 1485 [1/1] (0.00ns) (grouped into LUT with out node select_ln46_169)   --->   "%or_ln46_169 = or i1 %empty_74, i1 %tmp_335" [firmware/nnet_utils/nnet_activation.h:46]   --->   Operation 1485 'or' 'or_ln46_169' <Predicate = (or_ln46_170 & icmp_ln45_56)> <Delay = 0.00> <CoreInst = "LogicGate">   --->   Core 74 'LogicGate' <Latency = 0> <II = 1> <Delay = 0.12> <FuncUnit> <Opcode : 'and' 'or' 'xor'> <InPorts = 2> <OutPorts = 1>
ST_1 : Operation 1486 [1/1] (0.00ns) (grouped into LUT with out node res_56_0)   --->   "%xor_ln46_56 = xor i1 %empty_74, i1 1" [firmware/nnet_utils/nnet_activation.h:46]   --->   Operation 1486 'xor' 'xor_ln46_56' <Predicate = (icmp_ln45_56)> <Delay = 0.00> <CoreInst = "LogicGate">   --->   Core 74 'LogicGate' <Latency = 0> <II = 1> <Delay = 0.12> <FuncUnit> <Opcode : 'and' 'or' 'xor'> <InPorts = 2> <OutPorts = 1>
ST_1 : Operation 1487 [1/1] (0.00ns) (grouped into LUT with out node res_56_0)   --->   "%or_ln46_170 = or i1 %tmp_335, i1 %xor_ln46_56" [firmware/nnet_utils/nnet_activation.h:46]   --->   Operation 1487 'or' 'or_ln46_170' <Predicate = (icmp_ln45_56)> <Delay = 0.00> <CoreInst = "LogicGate">   --->   Core 74 'LogicGate' <Latency = 0> <II = 1> <Delay = 0.12> <FuncUnit> <Opcode : 'and' 'or' 'xor'> <InPorts = 2> <OutPorts = 1>
ST_1 : Operation 1488 [1/1] (0.00ns) (grouped into LUT with out node select_ln46_169)   --->   "%select_ln46_168 = select i1 %tmp_335, i6 0, i6 %add_ln46_56" [firmware/nnet_utils/nnet_activation.h:46]   --->   Operation 1488 'select' 'select_ln46_168' <Predicate = (or_ln46_169 & or_ln46_170 & icmp_ln45_56)> <Delay = 0.00> <CoreInst = "Sel">   --->   Core 73 'Sel' <Latency = 0> <II = 1> <Delay = 0.29> <FuncUnit> <Opcode : 'select'> <InPorts = 3> <OutPorts = 1>
ST_1 : Operation 1489 [1/1] (0.29ns) (out node of the LUT)   --->   "%select_ln46_169 = select i1 %or_ln46_169, i6 %select_ln46_168, i6 63" [firmware/nnet_utils/nnet_activation.h:46]   --->   Operation 1489 'select' 'select_ln46_169' <Predicate = (or_ln46_170 & icmp_ln45_56)> <Delay = 0.29> <CoreInst = "Sel">   --->   Core 73 'Sel' <Latency = 0> <II = 1> <Delay = 0.29> <FuncUnit> <Opcode : 'select'> <InPorts = 3> <OutPorts = 1>
ST_1 : Operation 1490 [1/1] (0.00ns) (grouped into LUT with out node res_56_0)   --->   "%select_ln46_170 = select i1 %or_ln46_170, i6 %select_ln46_169, i6 %add_ln46_56" [firmware/nnet_utils/nnet_activation.h:46]   --->   Operation 1490 'select' 'select_ln46_170' <Predicate = (icmp_ln45_56)> <Delay = 0.00> <CoreInst = "Sel">   --->   Core 73 'Sel' <Latency = 0> <II = 1> <Delay = 0.29> <FuncUnit> <Opcode : 'select'> <InPorts = 3> <OutPorts = 1>
ST_1 : Operation 1491 [1/1] (0.29ns) (out node of the LUT)   --->   "%res_56_0 = select i1 %icmp_ln45_56, i6 %select_ln46_170, i6 0" [firmware/nnet_utils/nnet_activation.h:45]   --->   Operation 1491 'select' 'res_56_0' <Predicate = true> <Delay = 0.29> <CoreInst = "Sel">   --->   Core 73 'Sel' <Latency = 0> <II = 1> <Delay = 0.29> <FuncUnit> <Opcode : 'select'> <InPorts = 3> <OutPorts = 1>
ST_1 : Operation 1492 [1/1] (0.85ns)   --->   "%icmp_ln45_57 = icmp_sgt  i27 %data_57_val_read, i27 0" [firmware/nnet_utils/nnet_activation.h:45]   --->   Operation 1492 'icmp' 'icmp_ln45_57' <Predicate = true> <Delay = 0.85> <CoreInst = "Cmp">   --->   Core 9 'Cmp' <Latency = 0> <II = 1> <Delay = 0.85> <FuncUnit> <Opcode : 'seteq' 'setne' 'setle' 'setge' 'setlt' 'setgt'> <InPorts = 2> <OutPorts = 1>
ST_1 : Operation 1493 [1/1] (0.00ns)   --->   "%tmp_341 = bitselect i1 @_ssdm_op_BitSelect.i1.i27.i32, i27 %data_57_val_read, i32 26" [firmware/nnet_utils/nnet_activation.h:46]   --->   Operation 1493 'bitselect' 'tmp_341' <Predicate = (icmp_ln45_57)> <Delay = 0.00>
ST_1 : Operation 1494 [1/1] (0.00ns) (grouped into LUT with out node add_ln46_57)   --->   "%trunc_ln46_56 = partselect i6 @_ssdm_op_PartSelect.i6.i27.i32.i32, i27 %data_57_val_read, i32 8, i32 13" [firmware/nnet_utils/nnet_activation.h:46]   --->   Operation 1494 'partselect' 'trunc_ln46_56' <Predicate = (icmp_ln45_57)> <Delay = 0.00>
ST_1 : Operation 1495 [1/1] (0.00ns) (grouped into LUT with out node add_ln46_57)   --->   "%tmp_342 = bitselect i1 @_ssdm_op_BitSelect.i1.i27.i32, i27 %data_57_val_read, i32 7" [firmware/nnet_utils/nnet_activation.h:46]   --->   Operation 1495 'bitselect' 'tmp_342' <Predicate = (icmp_ln45_57)> <Delay = 0.00>
ST_1 : Operation 1496 [1/1] (0.00ns)   --->   "%trunc_ln46_119 = trunc i27 %data_57_val_read" [firmware/nnet_utils/nnet_activation.h:46]   --->   Operation 1496 'trunc' 'trunc_ln46_119' <Predicate = (icmp_ln45_57)> <Delay = 0.00>
ST_1 : Operation 1497 [1/1] (0.70ns)   --->   "%icmp_ln46_114 = icmp_ne  i7 %trunc_ln46_119, i7 0" [firmware/nnet_utils/nnet_activation.h:46]   --->   Operation 1497 'icmp' 'icmp_ln46_114' <Predicate = (icmp_ln45_57)> <Delay = 0.70> <CoreInst = "Cmp">   --->   Core 9 'Cmp' <Latency = 0> <II = 1> <Delay = 0.70> <FuncUnit> <Opcode : 'seteq' 'setne' 'setle' 'setge' 'setlt' 'setgt'> <InPorts = 2> <OutPorts = 1>
ST_1 : Operation 1498 [1/1] (0.00ns) (grouped into LUT with out node empty_75)   --->   "%tmp_343 = bitselect i1 @_ssdm_op_BitSelect.i1.i27.i32, i27 %data_57_val_read, i32 13" [firmware/nnet_utils/nnet_activation.h:46]   --->   Operation 1498 'bitselect' 'tmp_343' <Predicate = (icmp_ln45_57)> <Delay = 0.00>
ST_1 : Operation 1499 [1/1] (0.00ns) (grouped into LUT with out node add_ln46_57)   --->   "%tmp_344 = bitselect i1 @_ssdm_op_BitSelect.i1.i27.i32, i27 %data_57_val_read, i32 8" [firmware/nnet_utils/nnet_activation.h:46]   --->   Operation 1499 'bitselect' 'tmp_344' <Predicate = (icmp_ln45_57)> <Delay = 0.00>
ST_1 : Operation 1500 [1/1] (0.00ns) (grouped into LUT with out node add_ln46_57)   --->   "%or_ln46_171 = or i1 %tmp_344, i1 %icmp_ln46_114" [firmware/nnet_utils/nnet_activation.h:46]   --->   Operation 1500 'or' 'or_ln46_171' <Predicate = (icmp_ln45_57)> <Delay = 0.00> <CoreInst = "LogicGate">   --->   Core 74 'LogicGate' <Latency = 0> <II = 1> <Delay = 0.12> <FuncUnit> <Opcode : 'and' 'or' 'xor'> <InPorts = 2> <OutPorts = 1>
ST_1 : Operation 1501 [1/1] (0.00ns) (grouped into LUT with out node add_ln46_57)   --->   "%and_ln46_114 = and i1 %or_ln46_171, i1 %tmp_342" [firmware/nnet_utils/nnet_activation.h:46]   --->   Operation 1501 'and' 'and_ln46_114' <Predicate = (icmp_ln45_57)> <Delay = 0.00> <CoreInst = "LogicGate">   --->   Core 74 'LogicGate' <Latency = 0> <II = 1> <Delay = 0.12> <FuncUnit> <Opcode : 'and' 'or' 'xor'> <InPorts = 2> <OutPorts = 1>
ST_1 : Operation 1502 [1/1] (0.00ns) (grouped into LUT with out node add_ln46_57)   --->   "%zext_ln46_57 = zext i1 %and_ln46_114" [firmware/nnet_utils/nnet_activation.h:46]   --->   Operation 1502 'zext' 'zext_ln46_57' <Predicate = (icmp_ln45_57)> <Delay = 0.00>
ST_1 : Operation 1503 [1/1] (0.70ns) (out node of the LUT)   --->   "%add_ln46_57 = add i6 %trunc_ln46_56, i6 %zext_ln46_57" [firmware/nnet_utils/nnet_activation.h:46]   --->   Operation 1503 'add' 'add_ln46_57' <Predicate = (icmp_ln45_57)> <Delay = 0.70> <CoreInst = "Adder">   --->   Core 1 'Adder' <Latency = 0> <II = 1> <Delay = 0.70> <FuncUnit> <Opcode : 'add' 'sub'> <InPorts = 2> <OutPorts = 1>
ST_1 : Operation 1504 [1/1] (0.00ns)   --->   "%tmp_345 = partselect i13 @_ssdm_op_PartSelect.i13.i27.i32.i32, i27 %data_57_val_read, i32 14, i32 26" [firmware/nnet_utils/nnet_activation.h:46]   --->   Operation 1504 'partselect' 'tmp_345' <Predicate = (icmp_ln45_57)> <Delay = 0.00>
ST_1 : Operation 1505 [1/1] (0.75ns)   --->   "%icmp_ln46_115 = icmp_eq  i13 %tmp_345, i13 0" [firmware/nnet_utils/nnet_activation.h:46]   --->   Operation 1505 'icmp' 'icmp_ln46_115' <Predicate = (icmp_ln45_57)> <Delay = 0.75> <CoreInst = "Cmp">   --->   Core 9 'Cmp' <Latency = 0> <II = 1> <Delay = 0.75> <FuncUnit> <Opcode : 'seteq' 'setne' 'setle' 'setge' 'setlt' 'setgt'> <InPorts = 2> <OutPorts = 1>
ST_1 : Operation 1506 [1/1] (0.00ns) (grouped into LUT with out node empty_75)   --->   "%tmp_346 = bitselect i1 @_ssdm_op_BitSelect.i1.i6.i32, i6 %add_ln46_57, i32 5" [firmware/nnet_utils/nnet_activation.h:46]   --->   Operation 1506 'bitselect' 'tmp_346' <Predicate = (icmp_ln45_57)> <Delay = 0.00>
ST_1 : Operation 1507 [1/1] (0.00ns) (grouped into LUT with out node empty_75)   --->   "%not_tmp_401 = xor i1 %tmp_343, i1 1" [firmware/nnet_utils/nnet_activation.h:46]   --->   Operation 1507 'xor' 'not_tmp_401' <Predicate = (icmp_ln45_57)> <Delay = 0.00> <CoreInst = "LogicGate">   --->   Core 74 'LogicGate' <Latency = 0> <II = 1> <Delay = 0.12> <FuncUnit> <Opcode : 'and' 'or' 'xor'> <InPorts = 2> <OutPorts = 1>
ST_1 : Operation 1508 [1/1] (0.00ns) (grouped into LUT with out node empty_75)   --->   "%and_ln46_115 = or i1 %tmp_346, i1 %not_tmp_401" [firmware/nnet_utils/nnet_activation.h:46]   --->   Operation 1508 'or' 'and_ln46_115' <Predicate = (icmp_ln45_57)> <Delay = 0.00> <CoreInst = "LogicGate">   --->   Core 74 'LogicGate' <Latency = 0> <II = 1> <Delay = 0.12> <FuncUnit> <Opcode : 'and' 'or' 'xor'> <InPorts = 2> <OutPorts = 1>
ST_1 : Operation 1509 [1/1] (0.12ns) (out node of the LUT)   --->   "%empty_75 = and i1 %icmp_ln46_115, i1 %and_ln46_115" [firmware/nnet_utils/nnet_activation.h:46]   --->   Operation 1509 'and' 'empty_75' <Predicate = (icmp_ln45_57)> <Delay = 0.12> <CoreInst = "LogicGate">   --->   Core 74 'LogicGate' <Latency = 0> <II = 1> <Delay = 0.12> <FuncUnit> <Opcode : 'and' 'or' 'xor'> <InPorts = 2> <OutPorts = 1>
ST_1 : Operation 1510 [1/1] (0.00ns) (grouped into LUT with out node select_ln46_172)   --->   "%or_ln46_172 = or i1 %empty_75, i1 %tmp_341" [firmware/nnet_utils/nnet_activation.h:46]   --->   Operation 1510 'or' 'or_ln46_172' <Predicate = (or_ln46_173 & icmp_ln45_57)> <Delay = 0.00> <CoreInst = "LogicGate">   --->   Core 74 'LogicGate' <Latency = 0> <II = 1> <Delay = 0.12> <FuncUnit> <Opcode : 'and' 'or' 'xor'> <InPorts = 2> <OutPorts = 1>
ST_1 : Operation 1511 [1/1] (0.00ns) (grouped into LUT with out node res_57_0)   --->   "%xor_ln46_57 = xor i1 %empty_75, i1 1" [firmware/nnet_utils/nnet_activation.h:46]   --->   Operation 1511 'xor' 'xor_ln46_57' <Predicate = (icmp_ln45_57)> <Delay = 0.00> <CoreInst = "LogicGate">   --->   Core 74 'LogicGate' <Latency = 0> <II = 1> <Delay = 0.12> <FuncUnit> <Opcode : 'and' 'or' 'xor'> <InPorts = 2> <OutPorts = 1>
ST_1 : Operation 1512 [1/1] (0.00ns) (grouped into LUT with out node res_57_0)   --->   "%or_ln46_173 = or i1 %tmp_341, i1 %xor_ln46_57" [firmware/nnet_utils/nnet_activation.h:46]   --->   Operation 1512 'or' 'or_ln46_173' <Predicate = (icmp_ln45_57)> <Delay = 0.00> <CoreInst = "LogicGate">   --->   Core 74 'LogicGate' <Latency = 0> <II = 1> <Delay = 0.12> <FuncUnit> <Opcode : 'and' 'or' 'xor'> <InPorts = 2> <OutPorts = 1>
ST_1 : Operation 1513 [1/1] (0.00ns) (grouped into LUT with out node select_ln46_172)   --->   "%select_ln46_171 = select i1 %tmp_341, i6 0, i6 %add_ln46_57" [firmware/nnet_utils/nnet_activation.h:46]   --->   Operation 1513 'select' 'select_ln46_171' <Predicate = (or_ln46_172 & or_ln46_173 & icmp_ln45_57)> <Delay = 0.00> <CoreInst = "Sel">   --->   Core 73 'Sel' <Latency = 0> <II = 1> <Delay = 0.29> <FuncUnit> <Opcode : 'select'> <InPorts = 3> <OutPorts = 1>
ST_1 : Operation 1514 [1/1] (0.29ns) (out node of the LUT)   --->   "%select_ln46_172 = select i1 %or_ln46_172, i6 %select_ln46_171, i6 63" [firmware/nnet_utils/nnet_activation.h:46]   --->   Operation 1514 'select' 'select_ln46_172' <Predicate = (or_ln46_173 & icmp_ln45_57)> <Delay = 0.29> <CoreInst = "Sel">   --->   Core 73 'Sel' <Latency = 0> <II = 1> <Delay = 0.29> <FuncUnit> <Opcode : 'select'> <InPorts = 3> <OutPorts = 1>
ST_1 : Operation 1515 [1/1] (0.00ns) (grouped into LUT with out node res_57_0)   --->   "%select_ln46_173 = select i1 %or_ln46_173, i6 %select_ln46_172, i6 %add_ln46_57" [firmware/nnet_utils/nnet_activation.h:46]   --->   Operation 1515 'select' 'select_ln46_173' <Predicate = (icmp_ln45_57)> <Delay = 0.00> <CoreInst = "Sel">   --->   Core 73 'Sel' <Latency = 0> <II = 1> <Delay = 0.29> <FuncUnit> <Opcode : 'select'> <InPorts = 3> <OutPorts = 1>
ST_1 : Operation 1516 [1/1] (0.29ns) (out node of the LUT)   --->   "%res_57_0 = select i1 %icmp_ln45_57, i6 %select_ln46_173, i6 0" [firmware/nnet_utils/nnet_activation.h:45]   --->   Operation 1516 'select' 'res_57_0' <Predicate = true> <Delay = 0.29> <CoreInst = "Sel">   --->   Core 73 'Sel' <Latency = 0> <II = 1> <Delay = 0.29> <FuncUnit> <Opcode : 'select'> <InPorts = 3> <OutPorts = 1>
ST_1 : Operation 1517 [1/1] (0.85ns)   --->   "%icmp_ln45_58 = icmp_sgt  i27 %data_58_val_read, i27 0" [firmware/nnet_utils/nnet_activation.h:45]   --->   Operation 1517 'icmp' 'icmp_ln45_58' <Predicate = true> <Delay = 0.85> <CoreInst = "Cmp">   --->   Core 9 'Cmp' <Latency = 0> <II = 1> <Delay = 0.85> <FuncUnit> <Opcode : 'seteq' 'setne' 'setle' 'setge' 'setlt' 'setgt'> <InPorts = 2> <OutPorts = 1>
ST_1 : Operation 1518 [1/1] (0.00ns)   --->   "%tmp_347 = bitselect i1 @_ssdm_op_BitSelect.i1.i27.i32, i27 %data_58_val_read, i32 26" [firmware/nnet_utils/nnet_activation.h:46]   --->   Operation 1518 'bitselect' 'tmp_347' <Predicate = (icmp_ln45_58)> <Delay = 0.00>
ST_1 : Operation 1519 [1/1] (0.00ns) (grouped into LUT with out node add_ln46_58)   --->   "%trunc_ln46_57 = partselect i6 @_ssdm_op_PartSelect.i6.i27.i32.i32, i27 %data_58_val_read, i32 8, i32 13" [firmware/nnet_utils/nnet_activation.h:46]   --->   Operation 1519 'partselect' 'trunc_ln46_57' <Predicate = (icmp_ln45_58)> <Delay = 0.00>
ST_1 : Operation 1520 [1/1] (0.00ns) (grouped into LUT with out node add_ln46_58)   --->   "%tmp_348 = bitselect i1 @_ssdm_op_BitSelect.i1.i27.i32, i27 %data_58_val_read, i32 7" [firmware/nnet_utils/nnet_activation.h:46]   --->   Operation 1520 'bitselect' 'tmp_348' <Predicate = (icmp_ln45_58)> <Delay = 0.00>
ST_1 : Operation 1521 [1/1] (0.00ns)   --->   "%trunc_ln46_120 = trunc i27 %data_58_val_read" [firmware/nnet_utils/nnet_activation.h:46]   --->   Operation 1521 'trunc' 'trunc_ln46_120' <Predicate = (icmp_ln45_58)> <Delay = 0.00>
ST_1 : Operation 1522 [1/1] (0.70ns)   --->   "%icmp_ln46_116 = icmp_ne  i7 %trunc_ln46_120, i7 0" [firmware/nnet_utils/nnet_activation.h:46]   --->   Operation 1522 'icmp' 'icmp_ln46_116' <Predicate = (icmp_ln45_58)> <Delay = 0.70> <CoreInst = "Cmp">   --->   Core 9 'Cmp' <Latency = 0> <II = 1> <Delay = 0.70> <FuncUnit> <Opcode : 'seteq' 'setne' 'setle' 'setge' 'setlt' 'setgt'> <InPorts = 2> <OutPorts = 1>
ST_1 : Operation 1523 [1/1] (0.00ns) (grouped into LUT with out node empty_76)   --->   "%tmp_349 = bitselect i1 @_ssdm_op_BitSelect.i1.i27.i32, i27 %data_58_val_read, i32 13" [firmware/nnet_utils/nnet_activation.h:46]   --->   Operation 1523 'bitselect' 'tmp_349' <Predicate = (icmp_ln45_58)> <Delay = 0.00>
ST_1 : Operation 1524 [1/1] (0.00ns) (grouped into LUT with out node add_ln46_58)   --->   "%tmp_350 = bitselect i1 @_ssdm_op_BitSelect.i1.i27.i32, i27 %data_58_val_read, i32 8" [firmware/nnet_utils/nnet_activation.h:46]   --->   Operation 1524 'bitselect' 'tmp_350' <Predicate = (icmp_ln45_58)> <Delay = 0.00>
ST_1 : Operation 1525 [1/1] (0.00ns) (grouped into LUT with out node add_ln46_58)   --->   "%or_ln46_174 = or i1 %tmp_350, i1 %icmp_ln46_116" [firmware/nnet_utils/nnet_activation.h:46]   --->   Operation 1525 'or' 'or_ln46_174' <Predicate = (icmp_ln45_58)> <Delay = 0.00> <CoreInst = "LogicGate">   --->   Core 74 'LogicGate' <Latency = 0> <II = 1> <Delay = 0.12> <FuncUnit> <Opcode : 'and' 'or' 'xor'> <InPorts = 2> <OutPorts = 1>
ST_1 : Operation 1526 [1/1] (0.00ns) (grouped into LUT with out node add_ln46_58)   --->   "%and_ln46_116 = and i1 %or_ln46_174, i1 %tmp_348" [firmware/nnet_utils/nnet_activation.h:46]   --->   Operation 1526 'and' 'and_ln46_116' <Predicate = (icmp_ln45_58)> <Delay = 0.00> <CoreInst = "LogicGate">   --->   Core 74 'LogicGate' <Latency = 0> <II = 1> <Delay = 0.12> <FuncUnit> <Opcode : 'and' 'or' 'xor'> <InPorts = 2> <OutPorts = 1>
ST_1 : Operation 1527 [1/1] (0.00ns) (grouped into LUT with out node add_ln46_58)   --->   "%zext_ln46_58 = zext i1 %and_ln46_116" [firmware/nnet_utils/nnet_activation.h:46]   --->   Operation 1527 'zext' 'zext_ln46_58' <Predicate = (icmp_ln45_58)> <Delay = 0.00>
ST_1 : Operation 1528 [1/1] (0.70ns) (out node of the LUT)   --->   "%add_ln46_58 = add i6 %trunc_ln46_57, i6 %zext_ln46_58" [firmware/nnet_utils/nnet_activation.h:46]   --->   Operation 1528 'add' 'add_ln46_58' <Predicate = (icmp_ln45_58)> <Delay = 0.70> <CoreInst = "Adder">   --->   Core 1 'Adder' <Latency = 0> <II = 1> <Delay = 0.70> <FuncUnit> <Opcode : 'add' 'sub'> <InPorts = 2> <OutPorts = 1>
ST_1 : Operation 1529 [1/1] (0.00ns)   --->   "%tmp_351 = partselect i13 @_ssdm_op_PartSelect.i13.i27.i32.i32, i27 %data_58_val_read, i32 14, i32 26" [firmware/nnet_utils/nnet_activation.h:46]   --->   Operation 1529 'partselect' 'tmp_351' <Predicate = (icmp_ln45_58)> <Delay = 0.00>
ST_1 : Operation 1530 [1/1] (0.75ns)   --->   "%icmp_ln46_117 = icmp_eq  i13 %tmp_351, i13 0" [firmware/nnet_utils/nnet_activation.h:46]   --->   Operation 1530 'icmp' 'icmp_ln46_117' <Predicate = (icmp_ln45_58)> <Delay = 0.75> <CoreInst = "Cmp">   --->   Core 9 'Cmp' <Latency = 0> <II = 1> <Delay = 0.75> <FuncUnit> <Opcode : 'seteq' 'setne' 'setle' 'setge' 'setlt' 'setgt'> <InPorts = 2> <OutPorts = 1>
ST_1 : Operation 1531 [1/1] (0.00ns) (grouped into LUT with out node empty_76)   --->   "%tmp_352 = bitselect i1 @_ssdm_op_BitSelect.i1.i6.i32, i6 %add_ln46_58, i32 5" [firmware/nnet_utils/nnet_activation.h:46]   --->   Operation 1531 'bitselect' 'tmp_352' <Predicate = (icmp_ln45_58)> <Delay = 0.00>
ST_1 : Operation 1532 [1/1] (0.00ns) (grouped into LUT with out node empty_76)   --->   "%not_tmp_408 = xor i1 %tmp_349, i1 1" [firmware/nnet_utils/nnet_activation.h:46]   --->   Operation 1532 'xor' 'not_tmp_408' <Predicate = (icmp_ln45_58)> <Delay = 0.00> <CoreInst = "LogicGate">   --->   Core 74 'LogicGate' <Latency = 0> <II = 1> <Delay = 0.12> <FuncUnit> <Opcode : 'and' 'or' 'xor'> <InPorts = 2> <OutPorts = 1>
ST_1 : Operation 1533 [1/1] (0.00ns) (grouped into LUT with out node empty_76)   --->   "%and_ln46_117 = or i1 %tmp_352, i1 %not_tmp_408" [firmware/nnet_utils/nnet_activation.h:46]   --->   Operation 1533 'or' 'and_ln46_117' <Predicate = (icmp_ln45_58)> <Delay = 0.00> <CoreInst = "LogicGate">   --->   Core 74 'LogicGate' <Latency = 0> <II = 1> <Delay = 0.12> <FuncUnit> <Opcode : 'and' 'or' 'xor'> <InPorts = 2> <OutPorts = 1>
ST_1 : Operation 1534 [1/1] (0.12ns) (out node of the LUT)   --->   "%empty_76 = and i1 %icmp_ln46_117, i1 %and_ln46_117" [firmware/nnet_utils/nnet_activation.h:46]   --->   Operation 1534 'and' 'empty_76' <Predicate = (icmp_ln45_58)> <Delay = 0.12> <CoreInst = "LogicGate">   --->   Core 74 'LogicGate' <Latency = 0> <II = 1> <Delay = 0.12> <FuncUnit> <Opcode : 'and' 'or' 'xor'> <InPorts = 2> <OutPorts = 1>
ST_1 : Operation 1535 [1/1] (0.00ns) (grouped into LUT with out node select_ln46_175)   --->   "%or_ln46_175 = or i1 %empty_76, i1 %tmp_347" [firmware/nnet_utils/nnet_activation.h:46]   --->   Operation 1535 'or' 'or_ln46_175' <Predicate = (or_ln46_176 & icmp_ln45_58)> <Delay = 0.00> <CoreInst = "LogicGate">   --->   Core 74 'LogicGate' <Latency = 0> <II = 1> <Delay = 0.12> <FuncUnit> <Opcode : 'and' 'or' 'xor'> <InPorts = 2> <OutPorts = 1>
ST_1 : Operation 1536 [1/1] (0.00ns) (grouped into LUT with out node res_58_0)   --->   "%xor_ln46_58 = xor i1 %empty_76, i1 1" [firmware/nnet_utils/nnet_activation.h:46]   --->   Operation 1536 'xor' 'xor_ln46_58' <Predicate = (icmp_ln45_58)> <Delay = 0.00> <CoreInst = "LogicGate">   --->   Core 74 'LogicGate' <Latency = 0> <II = 1> <Delay = 0.12> <FuncUnit> <Opcode : 'and' 'or' 'xor'> <InPorts = 2> <OutPorts = 1>
ST_1 : Operation 1537 [1/1] (0.00ns) (grouped into LUT with out node res_58_0)   --->   "%or_ln46_176 = or i1 %tmp_347, i1 %xor_ln46_58" [firmware/nnet_utils/nnet_activation.h:46]   --->   Operation 1537 'or' 'or_ln46_176' <Predicate = (icmp_ln45_58)> <Delay = 0.00> <CoreInst = "LogicGate">   --->   Core 74 'LogicGate' <Latency = 0> <II = 1> <Delay = 0.12> <FuncUnit> <Opcode : 'and' 'or' 'xor'> <InPorts = 2> <OutPorts = 1>
ST_1 : Operation 1538 [1/1] (0.00ns) (grouped into LUT with out node select_ln46_175)   --->   "%select_ln46_174 = select i1 %tmp_347, i6 0, i6 %add_ln46_58" [firmware/nnet_utils/nnet_activation.h:46]   --->   Operation 1538 'select' 'select_ln46_174' <Predicate = (or_ln46_175 & or_ln46_176 & icmp_ln45_58)> <Delay = 0.00> <CoreInst = "Sel">   --->   Core 73 'Sel' <Latency = 0> <II = 1> <Delay = 0.29> <FuncUnit> <Opcode : 'select'> <InPorts = 3> <OutPorts = 1>
ST_1 : Operation 1539 [1/1] (0.29ns) (out node of the LUT)   --->   "%select_ln46_175 = select i1 %or_ln46_175, i6 %select_ln46_174, i6 63" [firmware/nnet_utils/nnet_activation.h:46]   --->   Operation 1539 'select' 'select_ln46_175' <Predicate = (or_ln46_176 & icmp_ln45_58)> <Delay = 0.29> <CoreInst = "Sel">   --->   Core 73 'Sel' <Latency = 0> <II = 1> <Delay = 0.29> <FuncUnit> <Opcode : 'select'> <InPorts = 3> <OutPorts = 1>
ST_1 : Operation 1540 [1/1] (0.00ns) (grouped into LUT with out node res_58_0)   --->   "%select_ln46_176 = select i1 %or_ln46_176, i6 %select_ln46_175, i6 %add_ln46_58" [firmware/nnet_utils/nnet_activation.h:46]   --->   Operation 1540 'select' 'select_ln46_176' <Predicate = (icmp_ln45_58)> <Delay = 0.00> <CoreInst = "Sel">   --->   Core 73 'Sel' <Latency = 0> <II = 1> <Delay = 0.29> <FuncUnit> <Opcode : 'select'> <InPorts = 3> <OutPorts = 1>
ST_1 : Operation 1541 [1/1] (0.29ns) (out node of the LUT)   --->   "%res_58_0 = select i1 %icmp_ln45_58, i6 %select_ln46_176, i6 0" [firmware/nnet_utils/nnet_activation.h:45]   --->   Operation 1541 'select' 'res_58_0' <Predicate = true> <Delay = 0.29> <CoreInst = "Sel">   --->   Core 73 'Sel' <Latency = 0> <II = 1> <Delay = 0.29> <FuncUnit> <Opcode : 'select'> <InPorts = 3> <OutPorts = 1>
ST_1 : Operation 1542 [1/1] (0.85ns)   --->   "%icmp_ln45_59 = icmp_sgt  i27 %data_59_val_read, i27 0" [firmware/nnet_utils/nnet_activation.h:45]   --->   Operation 1542 'icmp' 'icmp_ln45_59' <Predicate = true> <Delay = 0.85> <CoreInst = "Cmp">   --->   Core 9 'Cmp' <Latency = 0> <II = 1> <Delay = 0.85> <FuncUnit> <Opcode : 'seteq' 'setne' 'setle' 'setge' 'setlt' 'setgt'> <InPorts = 2> <OutPorts = 1>
ST_1 : Operation 1543 [1/1] (0.00ns)   --->   "%tmp_353 = bitselect i1 @_ssdm_op_BitSelect.i1.i27.i32, i27 %data_59_val_read, i32 26" [firmware/nnet_utils/nnet_activation.h:46]   --->   Operation 1543 'bitselect' 'tmp_353' <Predicate = (icmp_ln45_59)> <Delay = 0.00>
ST_1 : Operation 1544 [1/1] (0.00ns) (grouped into LUT with out node add_ln46_59)   --->   "%trunc_ln46_58 = partselect i6 @_ssdm_op_PartSelect.i6.i27.i32.i32, i27 %data_59_val_read, i32 8, i32 13" [firmware/nnet_utils/nnet_activation.h:46]   --->   Operation 1544 'partselect' 'trunc_ln46_58' <Predicate = (icmp_ln45_59)> <Delay = 0.00>
ST_1 : Operation 1545 [1/1] (0.00ns) (grouped into LUT with out node add_ln46_59)   --->   "%tmp_354 = bitselect i1 @_ssdm_op_BitSelect.i1.i27.i32, i27 %data_59_val_read, i32 7" [firmware/nnet_utils/nnet_activation.h:46]   --->   Operation 1545 'bitselect' 'tmp_354' <Predicate = (icmp_ln45_59)> <Delay = 0.00>
ST_1 : Operation 1546 [1/1] (0.00ns)   --->   "%trunc_ln46_121 = trunc i27 %data_59_val_read" [firmware/nnet_utils/nnet_activation.h:46]   --->   Operation 1546 'trunc' 'trunc_ln46_121' <Predicate = (icmp_ln45_59)> <Delay = 0.00>
ST_1 : Operation 1547 [1/1] (0.70ns)   --->   "%icmp_ln46_118 = icmp_ne  i7 %trunc_ln46_121, i7 0" [firmware/nnet_utils/nnet_activation.h:46]   --->   Operation 1547 'icmp' 'icmp_ln46_118' <Predicate = (icmp_ln45_59)> <Delay = 0.70> <CoreInst = "Cmp">   --->   Core 9 'Cmp' <Latency = 0> <II = 1> <Delay = 0.70> <FuncUnit> <Opcode : 'seteq' 'setne' 'setle' 'setge' 'setlt' 'setgt'> <InPorts = 2> <OutPorts = 1>
ST_1 : Operation 1548 [1/1] (0.00ns) (grouped into LUT with out node empty_77)   --->   "%tmp_355 = bitselect i1 @_ssdm_op_BitSelect.i1.i27.i32, i27 %data_59_val_read, i32 13" [firmware/nnet_utils/nnet_activation.h:46]   --->   Operation 1548 'bitselect' 'tmp_355' <Predicate = (icmp_ln45_59)> <Delay = 0.00>
ST_1 : Operation 1549 [1/1] (0.00ns) (grouped into LUT with out node add_ln46_59)   --->   "%tmp_356 = bitselect i1 @_ssdm_op_BitSelect.i1.i27.i32, i27 %data_59_val_read, i32 8" [firmware/nnet_utils/nnet_activation.h:46]   --->   Operation 1549 'bitselect' 'tmp_356' <Predicate = (icmp_ln45_59)> <Delay = 0.00>
ST_1 : Operation 1550 [1/1] (0.00ns) (grouped into LUT with out node add_ln46_59)   --->   "%or_ln46_177 = or i1 %tmp_356, i1 %icmp_ln46_118" [firmware/nnet_utils/nnet_activation.h:46]   --->   Operation 1550 'or' 'or_ln46_177' <Predicate = (icmp_ln45_59)> <Delay = 0.00> <CoreInst = "LogicGate">   --->   Core 74 'LogicGate' <Latency = 0> <II = 1> <Delay = 0.12> <FuncUnit> <Opcode : 'and' 'or' 'xor'> <InPorts = 2> <OutPorts = 1>
ST_1 : Operation 1551 [1/1] (0.00ns) (grouped into LUT with out node add_ln46_59)   --->   "%and_ln46_118 = and i1 %or_ln46_177, i1 %tmp_354" [firmware/nnet_utils/nnet_activation.h:46]   --->   Operation 1551 'and' 'and_ln46_118' <Predicate = (icmp_ln45_59)> <Delay = 0.00> <CoreInst = "LogicGate">   --->   Core 74 'LogicGate' <Latency = 0> <II = 1> <Delay = 0.12> <FuncUnit> <Opcode : 'and' 'or' 'xor'> <InPorts = 2> <OutPorts = 1>
ST_1 : Operation 1552 [1/1] (0.00ns) (grouped into LUT with out node add_ln46_59)   --->   "%zext_ln46_59 = zext i1 %and_ln46_118" [firmware/nnet_utils/nnet_activation.h:46]   --->   Operation 1552 'zext' 'zext_ln46_59' <Predicate = (icmp_ln45_59)> <Delay = 0.00>
ST_1 : Operation 1553 [1/1] (0.70ns) (out node of the LUT)   --->   "%add_ln46_59 = add i6 %trunc_ln46_58, i6 %zext_ln46_59" [firmware/nnet_utils/nnet_activation.h:46]   --->   Operation 1553 'add' 'add_ln46_59' <Predicate = (icmp_ln45_59)> <Delay = 0.70> <CoreInst = "Adder">   --->   Core 1 'Adder' <Latency = 0> <II = 1> <Delay = 0.70> <FuncUnit> <Opcode : 'add' 'sub'> <InPorts = 2> <OutPorts = 1>
ST_1 : Operation 1554 [1/1] (0.00ns)   --->   "%tmp_357 = partselect i13 @_ssdm_op_PartSelect.i13.i27.i32.i32, i27 %data_59_val_read, i32 14, i32 26" [firmware/nnet_utils/nnet_activation.h:46]   --->   Operation 1554 'partselect' 'tmp_357' <Predicate = (icmp_ln45_59)> <Delay = 0.00>
ST_1 : Operation 1555 [1/1] (0.75ns)   --->   "%icmp_ln46_119 = icmp_eq  i13 %tmp_357, i13 0" [firmware/nnet_utils/nnet_activation.h:46]   --->   Operation 1555 'icmp' 'icmp_ln46_119' <Predicate = (icmp_ln45_59)> <Delay = 0.75> <CoreInst = "Cmp">   --->   Core 9 'Cmp' <Latency = 0> <II = 1> <Delay = 0.75> <FuncUnit> <Opcode : 'seteq' 'setne' 'setle' 'setge' 'setlt' 'setgt'> <InPorts = 2> <OutPorts = 1>
ST_1 : Operation 1556 [1/1] (0.00ns) (grouped into LUT with out node empty_77)   --->   "%tmp_358 = bitselect i1 @_ssdm_op_BitSelect.i1.i6.i32, i6 %add_ln46_59, i32 5" [firmware/nnet_utils/nnet_activation.h:46]   --->   Operation 1556 'bitselect' 'tmp_358' <Predicate = (icmp_ln45_59)> <Delay = 0.00>
ST_1 : Operation 1557 [1/1] (0.00ns) (grouped into LUT with out node empty_77)   --->   "%not_tmp_415 = xor i1 %tmp_355, i1 1" [firmware/nnet_utils/nnet_activation.h:46]   --->   Operation 1557 'xor' 'not_tmp_415' <Predicate = (icmp_ln45_59)> <Delay = 0.00> <CoreInst = "LogicGate">   --->   Core 74 'LogicGate' <Latency = 0> <II = 1> <Delay = 0.12> <FuncUnit> <Opcode : 'and' 'or' 'xor'> <InPorts = 2> <OutPorts = 1>
ST_1 : Operation 1558 [1/1] (0.00ns) (grouped into LUT with out node empty_77)   --->   "%and_ln46_119 = or i1 %tmp_358, i1 %not_tmp_415" [firmware/nnet_utils/nnet_activation.h:46]   --->   Operation 1558 'or' 'and_ln46_119' <Predicate = (icmp_ln45_59)> <Delay = 0.00> <CoreInst = "LogicGate">   --->   Core 74 'LogicGate' <Latency = 0> <II = 1> <Delay = 0.12> <FuncUnit> <Opcode : 'and' 'or' 'xor'> <InPorts = 2> <OutPorts = 1>
ST_1 : Operation 1559 [1/1] (0.12ns) (out node of the LUT)   --->   "%empty_77 = and i1 %icmp_ln46_119, i1 %and_ln46_119" [firmware/nnet_utils/nnet_activation.h:46]   --->   Operation 1559 'and' 'empty_77' <Predicate = (icmp_ln45_59)> <Delay = 0.12> <CoreInst = "LogicGate">   --->   Core 74 'LogicGate' <Latency = 0> <II = 1> <Delay = 0.12> <FuncUnit> <Opcode : 'and' 'or' 'xor'> <InPorts = 2> <OutPorts = 1>
ST_1 : Operation 1560 [1/1] (0.00ns) (grouped into LUT with out node select_ln46_178)   --->   "%or_ln46_178 = or i1 %empty_77, i1 %tmp_353" [firmware/nnet_utils/nnet_activation.h:46]   --->   Operation 1560 'or' 'or_ln46_178' <Predicate = (or_ln46_179 & icmp_ln45_59)> <Delay = 0.00> <CoreInst = "LogicGate">   --->   Core 74 'LogicGate' <Latency = 0> <II = 1> <Delay = 0.12> <FuncUnit> <Opcode : 'and' 'or' 'xor'> <InPorts = 2> <OutPorts = 1>
ST_1 : Operation 1561 [1/1] (0.00ns) (grouped into LUT with out node res_59_0)   --->   "%xor_ln46_59 = xor i1 %empty_77, i1 1" [firmware/nnet_utils/nnet_activation.h:46]   --->   Operation 1561 'xor' 'xor_ln46_59' <Predicate = (icmp_ln45_59)> <Delay = 0.00> <CoreInst = "LogicGate">   --->   Core 74 'LogicGate' <Latency = 0> <II = 1> <Delay = 0.12> <FuncUnit> <Opcode : 'and' 'or' 'xor'> <InPorts = 2> <OutPorts = 1>
ST_1 : Operation 1562 [1/1] (0.00ns) (grouped into LUT with out node res_59_0)   --->   "%or_ln46_179 = or i1 %tmp_353, i1 %xor_ln46_59" [firmware/nnet_utils/nnet_activation.h:46]   --->   Operation 1562 'or' 'or_ln46_179' <Predicate = (icmp_ln45_59)> <Delay = 0.00> <CoreInst = "LogicGate">   --->   Core 74 'LogicGate' <Latency = 0> <II = 1> <Delay = 0.12> <FuncUnit> <Opcode : 'and' 'or' 'xor'> <InPorts = 2> <OutPorts = 1>
ST_1 : Operation 1563 [1/1] (0.00ns) (grouped into LUT with out node select_ln46_178)   --->   "%select_ln46_177 = select i1 %tmp_353, i6 0, i6 %add_ln46_59" [firmware/nnet_utils/nnet_activation.h:46]   --->   Operation 1563 'select' 'select_ln46_177' <Predicate = (or_ln46_178 & or_ln46_179 & icmp_ln45_59)> <Delay = 0.00> <CoreInst = "Sel">   --->   Core 73 'Sel' <Latency = 0> <II = 1> <Delay = 0.29> <FuncUnit> <Opcode : 'select'> <InPorts = 3> <OutPorts = 1>
ST_1 : Operation 1564 [1/1] (0.29ns) (out node of the LUT)   --->   "%select_ln46_178 = select i1 %or_ln46_178, i6 %select_ln46_177, i6 63" [firmware/nnet_utils/nnet_activation.h:46]   --->   Operation 1564 'select' 'select_ln46_178' <Predicate = (or_ln46_179 & icmp_ln45_59)> <Delay = 0.29> <CoreInst = "Sel">   --->   Core 73 'Sel' <Latency = 0> <II = 1> <Delay = 0.29> <FuncUnit> <Opcode : 'select'> <InPorts = 3> <OutPorts = 1>
ST_1 : Operation 1565 [1/1] (0.00ns) (grouped into LUT with out node res_59_0)   --->   "%select_ln46_179 = select i1 %or_ln46_179, i6 %select_ln46_178, i6 %add_ln46_59" [firmware/nnet_utils/nnet_activation.h:46]   --->   Operation 1565 'select' 'select_ln46_179' <Predicate = (icmp_ln45_59)> <Delay = 0.00> <CoreInst = "Sel">   --->   Core 73 'Sel' <Latency = 0> <II = 1> <Delay = 0.29> <FuncUnit> <Opcode : 'select'> <InPorts = 3> <OutPorts = 1>
ST_1 : Operation 1566 [1/1] (0.29ns) (out node of the LUT)   --->   "%res_59_0 = select i1 %icmp_ln45_59, i6 %select_ln46_179, i6 0" [firmware/nnet_utils/nnet_activation.h:45]   --->   Operation 1566 'select' 'res_59_0' <Predicate = true> <Delay = 0.29> <CoreInst = "Sel">   --->   Core 73 'Sel' <Latency = 0> <II = 1> <Delay = 0.29> <FuncUnit> <Opcode : 'select'> <InPorts = 3> <OutPorts = 1>
ST_1 : Operation 1567 [1/1] (0.85ns)   --->   "%icmp_ln45_60 = icmp_sgt  i27 %data_60_val_read, i27 0" [firmware/nnet_utils/nnet_activation.h:45]   --->   Operation 1567 'icmp' 'icmp_ln45_60' <Predicate = true> <Delay = 0.85> <CoreInst = "Cmp">   --->   Core 9 'Cmp' <Latency = 0> <II = 1> <Delay = 0.85> <FuncUnit> <Opcode : 'seteq' 'setne' 'setle' 'setge' 'setlt' 'setgt'> <InPorts = 2> <OutPorts = 1>
ST_1 : Operation 1568 [1/1] (0.00ns)   --->   "%tmp_359 = bitselect i1 @_ssdm_op_BitSelect.i1.i27.i32, i27 %data_60_val_read, i32 26" [firmware/nnet_utils/nnet_activation.h:46]   --->   Operation 1568 'bitselect' 'tmp_359' <Predicate = (icmp_ln45_60)> <Delay = 0.00>
ST_1 : Operation 1569 [1/1] (0.00ns) (grouped into LUT with out node add_ln46_60)   --->   "%trunc_ln46_59 = partselect i6 @_ssdm_op_PartSelect.i6.i27.i32.i32, i27 %data_60_val_read, i32 8, i32 13" [firmware/nnet_utils/nnet_activation.h:46]   --->   Operation 1569 'partselect' 'trunc_ln46_59' <Predicate = (icmp_ln45_60)> <Delay = 0.00>
ST_1 : Operation 1570 [1/1] (0.00ns) (grouped into LUT with out node add_ln46_60)   --->   "%tmp_360 = bitselect i1 @_ssdm_op_BitSelect.i1.i27.i32, i27 %data_60_val_read, i32 7" [firmware/nnet_utils/nnet_activation.h:46]   --->   Operation 1570 'bitselect' 'tmp_360' <Predicate = (icmp_ln45_60)> <Delay = 0.00>
ST_1 : Operation 1571 [1/1] (0.00ns)   --->   "%trunc_ln46_122 = trunc i27 %data_60_val_read" [firmware/nnet_utils/nnet_activation.h:46]   --->   Operation 1571 'trunc' 'trunc_ln46_122' <Predicate = (icmp_ln45_60)> <Delay = 0.00>
ST_1 : Operation 1572 [1/1] (0.70ns)   --->   "%icmp_ln46_120 = icmp_ne  i7 %trunc_ln46_122, i7 0" [firmware/nnet_utils/nnet_activation.h:46]   --->   Operation 1572 'icmp' 'icmp_ln46_120' <Predicate = (icmp_ln45_60)> <Delay = 0.70> <CoreInst = "Cmp">   --->   Core 9 'Cmp' <Latency = 0> <II = 1> <Delay = 0.70> <FuncUnit> <Opcode : 'seteq' 'setne' 'setle' 'setge' 'setlt' 'setgt'> <InPorts = 2> <OutPorts = 1>
ST_1 : Operation 1573 [1/1] (0.00ns) (grouped into LUT with out node empty_78)   --->   "%tmp_361 = bitselect i1 @_ssdm_op_BitSelect.i1.i27.i32, i27 %data_60_val_read, i32 13" [firmware/nnet_utils/nnet_activation.h:46]   --->   Operation 1573 'bitselect' 'tmp_361' <Predicate = (icmp_ln45_60)> <Delay = 0.00>
ST_1 : Operation 1574 [1/1] (0.00ns) (grouped into LUT with out node add_ln46_60)   --->   "%tmp_362 = bitselect i1 @_ssdm_op_BitSelect.i1.i27.i32, i27 %data_60_val_read, i32 8" [firmware/nnet_utils/nnet_activation.h:46]   --->   Operation 1574 'bitselect' 'tmp_362' <Predicate = (icmp_ln45_60)> <Delay = 0.00>
ST_1 : Operation 1575 [1/1] (0.00ns) (grouped into LUT with out node add_ln46_60)   --->   "%or_ln46_180 = or i1 %tmp_362, i1 %icmp_ln46_120" [firmware/nnet_utils/nnet_activation.h:46]   --->   Operation 1575 'or' 'or_ln46_180' <Predicate = (icmp_ln45_60)> <Delay = 0.00> <CoreInst = "LogicGate">   --->   Core 74 'LogicGate' <Latency = 0> <II = 1> <Delay = 0.12> <FuncUnit> <Opcode : 'and' 'or' 'xor'> <InPorts = 2> <OutPorts = 1>
ST_1 : Operation 1576 [1/1] (0.00ns) (grouped into LUT with out node add_ln46_60)   --->   "%and_ln46_120 = and i1 %or_ln46_180, i1 %tmp_360" [firmware/nnet_utils/nnet_activation.h:46]   --->   Operation 1576 'and' 'and_ln46_120' <Predicate = (icmp_ln45_60)> <Delay = 0.00> <CoreInst = "LogicGate">   --->   Core 74 'LogicGate' <Latency = 0> <II = 1> <Delay = 0.12> <FuncUnit> <Opcode : 'and' 'or' 'xor'> <InPorts = 2> <OutPorts = 1>
ST_1 : Operation 1577 [1/1] (0.00ns) (grouped into LUT with out node add_ln46_60)   --->   "%zext_ln46_60 = zext i1 %and_ln46_120" [firmware/nnet_utils/nnet_activation.h:46]   --->   Operation 1577 'zext' 'zext_ln46_60' <Predicate = (icmp_ln45_60)> <Delay = 0.00>
ST_1 : Operation 1578 [1/1] (0.70ns) (out node of the LUT)   --->   "%add_ln46_60 = add i6 %trunc_ln46_59, i6 %zext_ln46_60" [firmware/nnet_utils/nnet_activation.h:46]   --->   Operation 1578 'add' 'add_ln46_60' <Predicate = (icmp_ln45_60)> <Delay = 0.70> <CoreInst = "Adder">   --->   Core 1 'Adder' <Latency = 0> <II = 1> <Delay = 0.70> <FuncUnit> <Opcode : 'add' 'sub'> <InPorts = 2> <OutPorts = 1>
ST_1 : Operation 1579 [1/1] (0.00ns)   --->   "%tmp_363 = partselect i13 @_ssdm_op_PartSelect.i13.i27.i32.i32, i27 %data_60_val_read, i32 14, i32 26" [firmware/nnet_utils/nnet_activation.h:46]   --->   Operation 1579 'partselect' 'tmp_363' <Predicate = (icmp_ln45_60)> <Delay = 0.00>
ST_1 : Operation 1580 [1/1] (0.75ns)   --->   "%icmp_ln46_121 = icmp_eq  i13 %tmp_363, i13 0" [firmware/nnet_utils/nnet_activation.h:46]   --->   Operation 1580 'icmp' 'icmp_ln46_121' <Predicate = (icmp_ln45_60)> <Delay = 0.75> <CoreInst = "Cmp">   --->   Core 9 'Cmp' <Latency = 0> <II = 1> <Delay = 0.75> <FuncUnit> <Opcode : 'seteq' 'setne' 'setle' 'setge' 'setlt' 'setgt'> <InPorts = 2> <OutPorts = 1>
ST_1 : Operation 1581 [1/1] (0.00ns) (grouped into LUT with out node empty_78)   --->   "%tmp_364 = bitselect i1 @_ssdm_op_BitSelect.i1.i6.i32, i6 %add_ln46_60, i32 5" [firmware/nnet_utils/nnet_activation.h:46]   --->   Operation 1581 'bitselect' 'tmp_364' <Predicate = (icmp_ln45_60)> <Delay = 0.00>
ST_1 : Operation 1582 [1/1] (0.00ns) (grouped into LUT with out node empty_78)   --->   "%not_tmp_422 = xor i1 %tmp_361, i1 1" [firmware/nnet_utils/nnet_activation.h:46]   --->   Operation 1582 'xor' 'not_tmp_422' <Predicate = (icmp_ln45_60)> <Delay = 0.00> <CoreInst = "LogicGate">   --->   Core 74 'LogicGate' <Latency = 0> <II = 1> <Delay = 0.12> <FuncUnit> <Opcode : 'and' 'or' 'xor'> <InPorts = 2> <OutPorts = 1>
ST_1 : Operation 1583 [1/1] (0.00ns) (grouped into LUT with out node empty_78)   --->   "%and_ln46_121 = or i1 %tmp_364, i1 %not_tmp_422" [firmware/nnet_utils/nnet_activation.h:46]   --->   Operation 1583 'or' 'and_ln46_121' <Predicate = (icmp_ln45_60)> <Delay = 0.00> <CoreInst = "LogicGate">   --->   Core 74 'LogicGate' <Latency = 0> <II = 1> <Delay = 0.12> <FuncUnit> <Opcode : 'and' 'or' 'xor'> <InPorts = 2> <OutPorts = 1>
ST_1 : Operation 1584 [1/1] (0.12ns) (out node of the LUT)   --->   "%empty_78 = and i1 %icmp_ln46_121, i1 %and_ln46_121" [firmware/nnet_utils/nnet_activation.h:46]   --->   Operation 1584 'and' 'empty_78' <Predicate = (icmp_ln45_60)> <Delay = 0.12> <CoreInst = "LogicGate">   --->   Core 74 'LogicGate' <Latency = 0> <II = 1> <Delay = 0.12> <FuncUnit> <Opcode : 'and' 'or' 'xor'> <InPorts = 2> <OutPorts = 1>
ST_1 : Operation 1585 [1/1] (0.00ns) (grouped into LUT with out node select_ln46_181)   --->   "%or_ln46_181 = or i1 %empty_78, i1 %tmp_359" [firmware/nnet_utils/nnet_activation.h:46]   --->   Operation 1585 'or' 'or_ln46_181' <Predicate = (or_ln46_182 & icmp_ln45_60)> <Delay = 0.00> <CoreInst = "LogicGate">   --->   Core 74 'LogicGate' <Latency = 0> <II = 1> <Delay = 0.12> <FuncUnit> <Opcode : 'and' 'or' 'xor'> <InPorts = 2> <OutPorts = 1>
ST_1 : Operation 1586 [1/1] (0.00ns) (grouped into LUT with out node res_60_0)   --->   "%xor_ln46_60 = xor i1 %empty_78, i1 1" [firmware/nnet_utils/nnet_activation.h:46]   --->   Operation 1586 'xor' 'xor_ln46_60' <Predicate = (icmp_ln45_60)> <Delay = 0.00> <CoreInst = "LogicGate">   --->   Core 74 'LogicGate' <Latency = 0> <II = 1> <Delay = 0.12> <FuncUnit> <Opcode : 'and' 'or' 'xor'> <InPorts = 2> <OutPorts = 1>
ST_1 : Operation 1587 [1/1] (0.00ns) (grouped into LUT with out node res_60_0)   --->   "%or_ln46_182 = or i1 %tmp_359, i1 %xor_ln46_60" [firmware/nnet_utils/nnet_activation.h:46]   --->   Operation 1587 'or' 'or_ln46_182' <Predicate = (icmp_ln45_60)> <Delay = 0.00> <CoreInst = "LogicGate">   --->   Core 74 'LogicGate' <Latency = 0> <II = 1> <Delay = 0.12> <FuncUnit> <Opcode : 'and' 'or' 'xor'> <InPorts = 2> <OutPorts = 1>
ST_1 : Operation 1588 [1/1] (0.00ns) (grouped into LUT with out node select_ln46_181)   --->   "%select_ln46_180 = select i1 %tmp_359, i6 0, i6 %add_ln46_60" [firmware/nnet_utils/nnet_activation.h:46]   --->   Operation 1588 'select' 'select_ln46_180' <Predicate = (or_ln46_181 & or_ln46_182 & icmp_ln45_60)> <Delay = 0.00> <CoreInst = "Sel">   --->   Core 73 'Sel' <Latency = 0> <II = 1> <Delay = 0.29> <FuncUnit> <Opcode : 'select'> <InPorts = 3> <OutPorts = 1>
ST_1 : Operation 1589 [1/1] (0.29ns) (out node of the LUT)   --->   "%select_ln46_181 = select i1 %or_ln46_181, i6 %select_ln46_180, i6 63" [firmware/nnet_utils/nnet_activation.h:46]   --->   Operation 1589 'select' 'select_ln46_181' <Predicate = (or_ln46_182 & icmp_ln45_60)> <Delay = 0.29> <CoreInst = "Sel">   --->   Core 73 'Sel' <Latency = 0> <II = 1> <Delay = 0.29> <FuncUnit> <Opcode : 'select'> <InPorts = 3> <OutPorts = 1>
ST_1 : Operation 1590 [1/1] (0.00ns) (grouped into LUT with out node res_60_0)   --->   "%select_ln46_182 = select i1 %or_ln46_182, i6 %select_ln46_181, i6 %add_ln46_60" [firmware/nnet_utils/nnet_activation.h:46]   --->   Operation 1590 'select' 'select_ln46_182' <Predicate = (icmp_ln45_60)> <Delay = 0.00> <CoreInst = "Sel">   --->   Core 73 'Sel' <Latency = 0> <II = 1> <Delay = 0.29> <FuncUnit> <Opcode : 'select'> <InPorts = 3> <OutPorts = 1>
ST_1 : Operation 1591 [1/1] (0.29ns) (out node of the LUT)   --->   "%res_60_0 = select i1 %icmp_ln45_60, i6 %select_ln46_182, i6 0" [firmware/nnet_utils/nnet_activation.h:45]   --->   Operation 1591 'select' 'res_60_0' <Predicate = true> <Delay = 0.29> <CoreInst = "Sel">   --->   Core 73 'Sel' <Latency = 0> <II = 1> <Delay = 0.29> <FuncUnit> <Opcode : 'select'> <InPorts = 3> <OutPorts = 1>
ST_1 : Operation 1592 [1/1] (0.85ns)   --->   "%icmp_ln45_61 = icmp_sgt  i27 %data_61_val_read, i27 0" [firmware/nnet_utils/nnet_activation.h:45]   --->   Operation 1592 'icmp' 'icmp_ln45_61' <Predicate = true> <Delay = 0.85> <CoreInst = "Cmp">   --->   Core 9 'Cmp' <Latency = 0> <II = 1> <Delay = 0.85> <FuncUnit> <Opcode : 'seteq' 'setne' 'setle' 'setge' 'setlt' 'setgt'> <InPorts = 2> <OutPorts = 1>
ST_1 : Operation 1593 [1/1] (0.00ns)   --->   "%tmp_365 = bitselect i1 @_ssdm_op_BitSelect.i1.i27.i32, i27 %data_61_val_read, i32 26" [firmware/nnet_utils/nnet_activation.h:46]   --->   Operation 1593 'bitselect' 'tmp_365' <Predicate = (icmp_ln45_61)> <Delay = 0.00>
ST_1 : Operation 1594 [1/1] (0.00ns) (grouped into LUT with out node add_ln46_61)   --->   "%trunc_ln46_60 = partselect i6 @_ssdm_op_PartSelect.i6.i27.i32.i32, i27 %data_61_val_read, i32 8, i32 13" [firmware/nnet_utils/nnet_activation.h:46]   --->   Operation 1594 'partselect' 'trunc_ln46_60' <Predicate = (icmp_ln45_61)> <Delay = 0.00>
ST_1 : Operation 1595 [1/1] (0.00ns) (grouped into LUT with out node add_ln46_61)   --->   "%tmp_366 = bitselect i1 @_ssdm_op_BitSelect.i1.i27.i32, i27 %data_61_val_read, i32 7" [firmware/nnet_utils/nnet_activation.h:46]   --->   Operation 1595 'bitselect' 'tmp_366' <Predicate = (icmp_ln45_61)> <Delay = 0.00>
ST_1 : Operation 1596 [1/1] (0.00ns)   --->   "%trunc_ln46_123 = trunc i27 %data_61_val_read" [firmware/nnet_utils/nnet_activation.h:46]   --->   Operation 1596 'trunc' 'trunc_ln46_123' <Predicate = (icmp_ln45_61)> <Delay = 0.00>
ST_1 : Operation 1597 [1/1] (0.70ns)   --->   "%icmp_ln46_122 = icmp_ne  i7 %trunc_ln46_123, i7 0" [firmware/nnet_utils/nnet_activation.h:46]   --->   Operation 1597 'icmp' 'icmp_ln46_122' <Predicate = (icmp_ln45_61)> <Delay = 0.70> <CoreInst = "Cmp">   --->   Core 9 'Cmp' <Latency = 0> <II = 1> <Delay = 0.70> <FuncUnit> <Opcode : 'seteq' 'setne' 'setle' 'setge' 'setlt' 'setgt'> <InPorts = 2> <OutPorts = 1>
ST_1 : Operation 1598 [1/1] (0.00ns) (grouped into LUT with out node empty_79)   --->   "%tmp_367 = bitselect i1 @_ssdm_op_BitSelect.i1.i27.i32, i27 %data_61_val_read, i32 13" [firmware/nnet_utils/nnet_activation.h:46]   --->   Operation 1598 'bitselect' 'tmp_367' <Predicate = (icmp_ln45_61)> <Delay = 0.00>
ST_1 : Operation 1599 [1/1] (0.00ns) (grouped into LUT with out node add_ln46_61)   --->   "%tmp_368 = bitselect i1 @_ssdm_op_BitSelect.i1.i27.i32, i27 %data_61_val_read, i32 8" [firmware/nnet_utils/nnet_activation.h:46]   --->   Operation 1599 'bitselect' 'tmp_368' <Predicate = (icmp_ln45_61)> <Delay = 0.00>
ST_1 : Operation 1600 [1/1] (0.00ns) (grouped into LUT with out node add_ln46_61)   --->   "%or_ln46_183 = or i1 %tmp_368, i1 %icmp_ln46_122" [firmware/nnet_utils/nnet_activation.h:46]   --->   Operation 1600 'or' 'or_ln46_183' <Predicate = (icmp_ln45_61)> <Delay = 0.00> <CoreInst = "LogicGate">   --->   Core 74 'LogicGate' <Latency = 0> <II = 1> <Delay = 0.12> <FuncUnit> <Opcode : 'and' 'or' 'xor'> <InPorts = 2> <OutPorts = 1>
ST_1 : Operation 1601 [1/1] (0.00ns) (grouped into LUT with out node add_ln46_61)   --->   "%and_ln46_122 = and i1 %or_ln46_183, i1 %tmp_366" [firmware/nnet_utils/nnet_activation.h:46]   --->   Operation 1601 'and' 'and_ln46_122' <Predicate = (icmp_ln45_61)> <Delay = 0.00> <CoreInst = "LogicGate">   --->   Core 74 'LogicGate' <Latency = 0> <II = 1> <Delay = 0.12> <FuncUnit> <Opcode : 'and' 'or' 'xor'> <InPorts = 2> <OutPorts = 1>
ST_1 : Operation 1602 [1/1] (0.00ns) (grouped into LUT with out node add_ln46_61)   --->   "%zext_ln46_61 = zext i1 %and_ln46_122" [firmware/nnet_utils/nnet_activation.h:46]   --->   Operation 1602 'zext' 'zext_ln46_61' <Predicate = (icmp_ln45_61)> <Delay = 0.00>
ST_1 : Operation 1603 [1/1] (0.70ns) (out node of the LUT)   --->   "%add_ln46_61 = add i6 %trunc_ln46_60, i6 %zext_ln46_61" [firmware/nnet_utils/nnet_activation.h:46]   --->   Operation 1603 'add' 'add_ln46_61' <Predicate = (icmp_ln45_61)> <Delay = 0.70> <CoreInst = "Adder">   --->   Core 1 'Adder' <Latency = 0> <II = 1> <Delay = 0.70> <FuncUnit> <Opcode : 'add' 'sub'> <InPorts = 2> <OutPorts = 1>
ST_1 : Operation 1604 [1/1] (0.00ns)   --->   "%tmp_369 = partselect i13 @_ssdm_op_PartSelect.i13.i27.i32.i32, i27 %data_61_val_read, i32 14, i32 26" [firmware/nnet_utils/nnet_activation.h:46]   --->   Operation 1604 'partselect' 'tmp_369' <Predicate = (icmp_ln45_61)> <Delay = 0.00>
ST_1 : Operation 1605 [1/1] (0.75ns)   --->   "%icmp_ln46_123 = icmp_eq  i13 %tmp_369, i13 0" [firmware/nnet_utils/nnet_activation.h:46]   --->   Operation 1605 'icmp' 'icmp_ln46_123' <Predicate = (icmp_ln45_61)> <Delay = 0.75> <CoreInst = "Cmp">   --->   Core 9 'Cmp' <Latency = 0> <II = 1> <Delay = 0.75> <FuncUnit> <Opcode : 'seteq' 'setne' 'setle' 'setge' 'setlt' 'setgt'> <InPorts = 2> <OutPorts = 1>
ST_1 : Operation 1606 [1/1] (0.00ns) (grouped into LUT with out node empty_79)   --->   "%tmp_370 = bitselect i1 @_ssdm_op_BitSelect.i1.i6.i32, i6 %add_ln46_61, i32 5" [firmware/nnet_utils/nnet_activation.h:46]   --->   Operation 1606 'bitselect' 'tmp_370' <Predicate = (icmp_ln45_61)> <Delay = 0.00>
ST_1 : Operation 1607 [1/1] (0.00ns) (grouped into LUT with out node empty_79)   --->   "%not_tmp_429 = xor i1 %tmp_367, i1 1" [firmware/nnet_utils/nnet_activation.h:46]   --->   Operation 1607 'xor' 'not_tmp_429' <Predicate = (icmp_ln45_61)> <Delay = 0.00> <CoreInst = "LogicGate">   --->   Core 74 'LogicGate' <Latency = 0> <II = 1> <Delay = 0.12> <FuncUnit> <Opcode : 'and' 'or' 'xor'> <InPorts = 2> <OutPorts = 1>
ST_1 : Operation 1608 [1/1] (0.00ns) (grouped into LUT with out node empty_79)   --->   "%and_ln46_123 = or i1 %tmp_370, i1 %not_tmp_429" [firmware/nnet_utils/nnet_activation.h:46]   --->   Operation 1608 'or' 'and_ln46_123' <Predicate = (icmp_ln45_61)> <Delay = 0.00> <CoreInst = "LogicGate">   --->   Core 74 'LogicGate' <Latency = 0> <II = 1> <Delay = 0.12> <FuncUnit> <Opcode : 'and' 'or' 'xor'> <InPorts = 2> <OutPorts = 1>
ST_1 : Operation 1609 [1/1] (0.12ns) (out node of the LUT)   --->   "%empty_79 = and i1 %icmp_ln46_123, i1 %and_ln46_123" [firmware/nnet_utils/nnet_activation.h:46]   --->   Operation 1609 'and' 'empty_79' <Predicate = (icmp_ln45_61)> <Delay = 0.12> <CoreInst = "LogicGate">   --->   Core 74 'LogicGate' <Latency = 0> <II = 1> <Delay = 0.12> <FuncUnit> <Opcode : 'and' 'or' 'xor'> <InPorts = 2> <OutPorts = 1>
ST_1 : Operation 1610 [1/1] (0.00ns) (grouped into LUT with out node select_ln46_184)   --->   "%or_ln46_184 = or i1 %empty_79, i1 %tmp_365" [firmware/nnet_utils/nnet_activation.h:46]   --->   Operation 1610 'or' 'or_ln46_184' <Predicate = (or_ln46_185 & icmp_ln45_61)> <Delay = 0.00> <CoreInst = "LogicGate">   --->   Core 74 'LogicGate' <Latency = 0> <II = 1> <Delay = 0.12> <FuncUnit> <Opcode : 'and' 'or' 'xor'> <InPorts = 2> <OutPorts = 1>
ST_1 : Operation 1611 [1/1] (0.00ns) (grouped into LUT with out node res_61_0)   --->   "%xor_ln46_61 = xor i1 %empty_79, i1 1" [firmware/nnet_utils/nnet_activation.h:46]   --->   Operation 1611 'xor' 'xor_ln46_61' <Predicate = (icmp_ln45_61)> <Delay = 0.00> <CoreInst = "LogicGate">   --->   Core 74 'LogicGate' <Latency = 0> <II = 1> <Delay = 0.12> <FuncUnit> <Opcode : 'and' 'or' 'xor'> <InPorts = 2> <OutPorts = 1>
ST_1 : Operation 1612 [1/1] (0.00ns) (grouped into LUT with out node res_61_0)   --->   "%or_ln46_185 = or i1 %tmp_365, i1 %xor_ln46_61" [firmware/nnet_utils/nnet_activation.h:46]   --->   Operation 1612 'or' 'or_ln46_185' <Predicate = (icmp_ln45_61)> <Delay = 0.00> <CoreInst = "LogicGate">   --->   Core 74 'LogicGate' <Latency = 0> <II = 1> <Delay = 0.12> <FuncUnit> <Opcode : 'and' 'or' 'xor'> <InPorts = 2> <OutPorts = 1>
ST_1 : Operation 1613 [1/1] (0.00ns) (grouped into LUT with out node select_ln46_184)   --->   "%select_ln46_183 = select i1 %tmp_365, i6 0, i6 %add_ln46_61" [firmware/nnet_utils/nnet_activation.h:46]   --->   Operation 1613 'select' 'select_ln46_183' <Predicate = (or_ln46_184 & or_ln46_185 & icmp_ln45_61)> <Delay = 0.00> <CoreInst = "Sel">   --->   Core 73 'Sel' <Latency = 0> <II = 1> <Delay = 0.29> <FuncUnit> <Opcode : 'select'> <InPorts = 3> <OutPorts = 1>
ST_1 : Operation 1614 [1/1] (0.29ns) (out node of the LUT)   --->   "%select_ln46_184 = select i1 %or_ln46_184, i6 %select_ln46_183, i6 63" [firmware/nnet_utils/nnet_activation.h:46]   --->   Operation 1614 'select' 'select_ln46_184' <Predicate = (or_ln46_185 & icmp_ln45_61)> <Delay = 0.29> <CoreInst = "Sel">   --->   Core 73 'Sel' <Latency = 0> <II = 1> <Delay = 0.29> <FuncUnit> <Opcode : 'select'> <InPorts = 3> <OutPorts = 1>
ST_1 : Operation 1615 [1/1] (0.00ns) (grouped into LUT with out node res_61_0)   --->   "%select_ln46_185 = select i1 %or_ln46_185, i6 %select_ln46_184, i6 %add_ln46_61" [firmware/nnet_utils/nnet_activation.h:46]   --->   Operation 1615 'select' 'select_ln46_185' <Predicate = (icmp_ln45_61)> <Delay = 0.00> <CoreInst = "Sel">   --->   Core 73 'Sel' <Latency = 0> <II = 1> <Delay = 0.29> <FuncUnit> <Opcode : 'select'> <InPorts = 3> <OutPorts = 1>
ST_1 : Operation 1616 [1/1] (0.29ns) (out node of the LUT)   --->   "%res_61_0 = select i1 %icmp_ln45_61, i6 %select_ln46_185, i6 0" [firmware/nnet_utils/nnet_activation.h:45]   --->   Operation 1616 'select' 'res_61_0' <Predicate = true> <Delay = 0.29> <CoreInst = "Sel">   --->   Core 73 'Sel' <Latency = 0> <II = 1> <Delay = 0.29> <FuncUnit> <Opcode : 'select'> <InPorts = 3> <OutPorts = 1>
ST_1 : Operation 1617 [1/1] (0.85ns)   --->   "%icmp_ln45_62 = icmp_sgt  i27 %data_62_val_read, i27 0" [firmware/nnet_utils/nnet_activation.h:45]   --->   Operation 1617 'icmp' 'icmp_ln45_62' <Predicate = true> <Delay = 0.85> <CoreInst = "Cmp">   --->   Core 9 'Cmp' <Latency = 0> <II = 1> <Delay = 0.85> <FuncUnit> <Opcode : 'seteq' 'setne' 'setle' 'setge' 'setlt' 'setgt'> <InPorts = 2> <OutPorts = 1>
ST_1 : Operation 1618 [1/1] (0.00ns)   --->   "%tmp_371 = bitselect i1 @_ssdm_op_BitSelect.i1.i27.i32, i27 %data_62_val_read, i32 26" [firmware/nnet_utils/nnet_activation.h:46]   --->   Operation 1618 'bitselect' 'tmp_371' <Predicate = (icmp_ln45_62)> <Delay = 0.00>
ST_1 : Operation 1619 [1/1] (0.00ns) (grouped into LUT with out node add_ln46_62)   --->   "%trunc_ln46_61 = partselect i6 @_ssdm_op_PartSelect.i6.i27.i32.i32, i27 %data_62_val_read, i32 8, i32 13" [firmware/nnet_utils/nnet_activation.h:46]   --->   Operation 1619 'partselect' 'trunc_ln46_61' <Predicate = (icmp_ln45_62)> <Delay = 0.00>
ST_1 : Operation 1620 [1/1] (0.00ns) (grouped into LUT with out node add_ln46_62)   --->   "%tmp_372 = bitselect i1 @_ssdm_op_BitSelect.i1.i27.i32, i27 %data_62_val_read, i32 7" [firmware/nnet_utils/nnet_activation.h:46]   --->   Operation 1620 'bitselect' 'tmp_372' <Predicate = (icmp_ln45_62)> <Delay = 0.00>
ST_1 : Operation 1621 [1/1] (0.00ns)   --->   "%trunc_ln46_124 = trunc i27 %data_62_val_read" [firmware/nnet_utils/nnet_activation.h:46]   --->   Operation 1621 'trunc' 'trunc_ln46_124' <Predicate = (icmp_ln45_62)> <Delay = 0.00>
ST_1 : Operation 1622 [1/1] (0.70ns)   --->   "%icmp_ln46_124 = icmp_ne  i7 %trunc_ln46_124, i7 0" [firmware/nnet_utils/nnet_activation.h:46]   --->   Operation 1622 'icmp' 'icmp_ln46_124' <Predicate = (icmp_ln45_62)> <Delay = 0.70> <CoreInst = "Cmp">   --->   Core 9 'Cmp' <Latency = 0> <II = 1> <Delay = 0.70> <FuncUnit> <Opcode : 'seteq' 'setne' 'setle' 'setge' 'setlt' 'setgt'> <InPorts = 2> <OutPorts = 1>
ST_1 : Operation 1623 [1/1] (0.00ns) (grouped into LUT with out node empty_80)   --->   "%tmp_373 = bitselect i1 @_ssdm_op_BitSelect.i1.i27.i32, i27 %data_62_val_read, i32 13" [firmware/nnet_utils/nnet_activation.h:46]   --->   Operation 1623 'bitselect' 'tmp_373' <Predicate = (icmp_ln45_62)> <Delay = 0.00>
ST_1 : Operation 1624 [1/1] (0.00ns) (grouped into LUT with out node add_ln46_62)   --->   "%tmp_374 = bitselect i1 @_ssdm_op_BitSelect.i1.i27.i32, i27 %data_62_val_read, i32 8" [firmware/nnet_utils/nnet_activation.h:46]   --->   Operation 1624 'bitselect' 'tmp_374' <Predicate = (icmp_ln45_62)> <Delay = 0.00>
ST_1 : Operation 1625 [1/1] (0.00ns) (grouped into LUT with out node add_ln46_62)   --->   "%or_ln46_186 = or i1 %tmp_374, i1 %icmp_ln46_124" [firmware/nnet_utils/nnet_activation.h:46]   --->   Operation 1625 'or' 'or_ln46_186' <Predicate = (icmp_ln45_62)> <Delay = 0.00> <CoreInst = "LogicGate">   --->   Core 74 'LogicGate' <Latency = 0> <II = 1> <Delay = 0.12> <FuncUnit> <Opcode : 'and' 'or' 'xor'> <InPorts = 2> <OutPorts = 1>
ST_1 : Operation 1626 [1/1] (0.00ns) (grouped into LUT with out node add_ln46_62)   --->   "%and_ln46_124 = and i1 %or_ln46_186, i1 %tmp_372" [firmware/nnet_utils/nnet_activation.h:46]   --->   Operation 1626 'and' 'and_ln46_124' <Predicate = (icmp_ln45_62)> <Delay = 0.00> <CoreInst = "LogicGate">   --->   Core 74 'LogicGate' <Latency = 0> <II = 1> <Delay = 0.12> <FuncUnit> <Opcode : 'and' 'or' 'xor'> <InPorts = 2> <OutPorts = 1>
ST_1 : Operation 1627 [1/1] (0.00ns) (grouped into LUT with out node add_ln46_62)   --->   "%zext_ln46_62 = zext i1 %and_ln46_124" [firmware/nnet_utils/nnet_activation.h:46]   --->   Operation 1627 'zext' 'zext_ln46_62' <Predicate = (icmp_ln45_62)> <Delay = 0.00>
ST_1 : Operation 1628 [1/1] (0.70ns) (out node of the LUT)   --->   "%add_ln46_62 = add i6 %trunc_ln46_61, i6 %zext_ln46_62" [firmware/nnet_utils/nnet_activation.h:46]   --->   Operation 1628 'add' 'add_ln46_62' <Predicate = (icmp_ln45_62)> <Delay = 0.70> <CoreInst = "Adder">   --->   Core 1 'Adder' <Latency = 0> <II = 1> <Delay = 0.70> <FuncUnit> <Opcode : 'add' 'sub'> <InPorts = 2> <OutPorts = 1>
ST_1 : Operation 1629 [1/1] (0.00ns)   --->   "%tmp_375 = partselect i13 @_ssdm_op_PartSelect.i13.i27.i32.i32, i27 %data_62_val_read, i32 14, i32 26" [firmware/nnet_utils/nnet_activation.h:46]   --->   Operation 1629 'partselect' 'tmp_375' <Predicate = (icmp_ln45_62)> <Delay = 0.00>
ST_1 : Operation 1630 [1/1] (0.75ns)   --->   "%icmp_ln46_125 = icmp_eq  i13 %tmp_375, i13 0" [firmware/nnet_utils/nnet_activation.h:46]   --->   Operation 1630 'icmp' 'icmp_ln46_125' <Predicate = (icmp_ln45_62)> <Delay = 0.75> <CoreInst = "Cmp">   --->   Core 9 'Cmp' <Latency = 0> <II = 1> <Delay = 0.75> <FuncUnit> <Opcode : 'seteq' 'setne' 'setle' 'setge' 'setlt' 'setgt'> <InPorts = 2> <OutPorts = 1>
ST_1 : Operation 1631 [1/1] (0.00ns) (grouped into LUT with out node empty_80)   --->   "%tmp_376 = bitselect i1 @_ssdm_op_BitSelect.i1.i6.i32, i6 %add_ln46_62, i32 5" [firmware/nnet_utils/nnet_activation.h:46]   --->   Operation 1631 'bitselect' 'tmp_376' <Predicate = (icmp_ln45_62)> <Delay = 0.00>
ST_1 : Operation 1632 [1/1] (0.00ns) (grouped into LUT with out node empty_80)   --->   "%not_tmp_436 = xor i1 %tmp_373, i1 1" [firmware/nnet_utils/nnet_activation.h:46]   --->   Operation 1632 'xor' 'not_tmp_436' <Predicate = (icmp_ln45_62)> <Delay = 0.00> <CoreInst = "LogicGate">   --->   Core 74 'LogicGate' <Latency = 0> <II = 1> <Delay = 0.12> <FuncUnit> <Opcode : 'and' 'or' 'xor'> <InPorts = 2> <OutPorts = 1>
ST_1 : Operation 1633 [1/1] (0.00ns) (grouped into LUT with out node empty_80)   --->   "%and_ln46_125 = or i1 %tmp_376, i1 %not_tmp_436" [firmware/nnet_utils/nnet_activation.h:46]   --->   Operation 1633 'or' 'and_ln46_125' <Predicate = (icmp_ln45_62)> <Delay = 0.00> <CoreInst = "LogicGate">   --->   Core 74 'LogicGate' <Latency = 0> <II = 1> <Delay = 0.12> <FuncUnit> <Opcode : 'and' 'or' 'xor'> <InPorts = 2> <OutPorts = 1>
ST_1 : Operation 1634 [1/1] (0.12ns) (out node of the LUT)   --->   "%empty_80 = and i1 %icmp_ln46_125, i1 %and_ln46_125" [firmware/nnet_utils/nnet_activation.h:46]   --->   Operation 1634 'and' 'empty_80' <Predicate = (icmp_ln45_62)> <Delay = 0.12> <CoreInst = "LogicGate">   --->   Core 74 'LogicGate' <Latency = 0> <II = 1> <Delay = 0.12> <FuncUnit> <Opcode : 'and' 'or' 'xor'> <InPorts = 2> <OutPorts = 1>
ST_1 : Operation 1635 [1/1] (0.00ns) (grouped into LUT with out node select_ln46_187)   --->   "%or_ln46_187 = or i1 %empty_80, i1 %tmp_371" [firmware/nnet_utils/nnet_activation.h:46]   --->   Operation 1635 'or' 'or_ln46_187' <Predicate = (or_ln46_188 & icmp_ln45_62)> <Delay = 0.00> <CoreInst = "LogicGate">   --->   Core 74 'LogicGate' <Latency = 0> <II = 1> <Delay = 0.12> <FuncUnit> <Opcode : 'and' 'or' 'xor'> <InPorts = 2> <OutPorts = 1>
ST_1 : Operation 1636 [1/1] (0.00ns) (grouped into LUT with out node res_62_0)   --->   "%xor_ln46_62 = xor i1 %empty_80, i1 1" [firmware/nnet_utils/nnet_activation.h:46]   --->   Operation 1636 'xor' 'xor_ln46_62' <Predicate = (icmp_ln45_62)> <Delay = 0.00> <CoreInst = "LogicGate">   --->   Core 74 'LogicGate' <Latency = 0> <II = 1> <Delay = 0.12> <FuncUnit> <Opcode : 'and' 'or' 'xor'> <InPorts = 2> <OutPorts = 1>
ST_1 : Operation 1637 [1/1] (0.00ns) (grouped into LUT with out node res_62_0)   --->   "%or_ln46_188 = or i1 %tmp_371, i1 %xor_ln46_62" [firmware/nnet_utils/nnet_activation.h:46]   --->   Operation 1637 'or' 'or_ln46_188' <Predicate = (icmp_ln45_62)> <Delay = 0.00> <CoreInst = "LogicGate">   --->   Core 74 'LogicGate' <Latency = 0> <II = 1> <Delay = 0.12> <FuncUnit> <Opcode : 'and' 'or' 'xor'> <InPorts = 2> <OutPorts = 1>
ST_1 : Operation 1638 [1/1] (0.00ns) (grouped into LUT with out node select_ln46_187)   --->   "%select_ln46_186 = select i1 %tmp_371, i6 0, i6 %add_ln46_62" [firmware/nnet_utils/nnet_activation.h:46]   --->   Operation 1638 'select' 'select_ln46_186' <Predicate = (or_ln46_187 & or_ln46_188 & icmp_ln45_62)> <Delay = 0.00> <CoreInst = "Sel">   --->   Core 73 'Sel' <Latency = 0> <II = 1> <Delay = 0.29> <FuncUnit> <Opcode : 'select'> <InPorts = 3> <OutPorts = 1>
ST_1 : Operation 1639 [1/1] (0.29ns) (out node of the LUT)   --->   "%select_ln46_187 = select i1 %or_ln46_187, i6 %select_ln46_186, i6 63" [firmware/nnet_utils/nnet_activation.h:46]   --->   Operation 1639 'select' 'select_ln46_187' <Predicate = (or_ln46_188 & icmp_ln45_62)> <Delay = 0.29> <CoreInst = "Sel">   --->   Core 73 'Sel' <Latency = 0> <II = 1> <Delay = 0.29> <FuncUnit> <Opcode : 'select'> <InPorts = 3> <OutPorts = 1>
ST_1 : Operation 1640 [1/1] (0.00ns) (grouped into LUT with out node res_62_0)   --->   "%select_ln46_188 = select i1 %or_ln46_188, i6 %select_ln46_187, i6 %add_ln46_62" [firmware/nnet_utils/nnet_activation.h:46]   --->   Operation 1640 'select' 'select_ln46_188' <Predicate = (icmp_ln45_62)> <Delay = 0.00> <CoreInst = "Sel">   --->   Core 73 'Sel' <Latency = 0> <II = 1> <Delay = 0.29> <FuncUnit> <Opcode : 'select'> <InPorts = 3> <OutPorts = 1>
ST_1 : Operation 1641 [1/1] (0.29ns) (out node of the LUT)   --->   "%res_62_0 = select i1 %icmp_ln45_62, i6 %select_ln46_188, i6 0" [firmware/nnet_utils/nnet_activation.h:45]   --->   Operation 1641 'select' 'res_62_0' <Predicate = true> <Delay = 0.29> <CoreInst = "Sel">   --->   Core 73 'Sel' <Latency = 0> <II = 1> <Delay = 0.29> <FuncUnit> <Opcode : 'select'> <InPorts = 3> <OutPorts = 1>
ST_1 : Operation 1642 [1/1] (0.85ns)   --->   "%icmp_ln45_63 = icmp_sgt  i27 %data_63_val_read, i27 0" [firmware/nnet_utils/nnet_activation.h:45]   --->   Operation 1642 'icmp' 'icmp_ln45_63' <Predicate = true> <Delay = 0.85> <CoreInst = "Cmp">   --->   Core 9 'Cmp' <Latency = 0> <II = 1> <Delay = 0.85> <FuncUnit> <Opcode : 'seteq' 'setne' 'setle' 'setge' 'setlt' 'setgt'> <InPorts = 2> <OutPorts = 1>
ST_1 : Operation 1643 [1/1] (0.00ns)   --->   "%tmp_377 = bitselect i1 @_ssdm_op_BitSelect.i1.i27.i32, i27 %data_63_val_read, i32 26" [firmware/nnet_utils/nnet_activation.h:46]   --->   Operation 1643 'bitselect' 'tmp_377' <Predicate = (icmp_ln45_63)> <Delay = 0.00>
ST_1 : Operation 1644 [1/1] (0.00ns) (grouped into LUT with out node add_ln46_63)   --->   "%trunc_ln46_62 = partselect i6 @_ssdm_op_PartSelect.i6.i27.i32.i32, i27 %data_63_val_read, i32 8, i32 13" [firmware/nnet_utils/nnet_activation.h:46]   --->   Operation 1644 'partselect' 'trunc_ln46_62' <Predicate = (icmp_ln45_63)> <Delay = 0.00>
ST_1 : Operation 1645 [1/1] (0.00ns) (grouped into LUT with out node add_ln46_63)   --->   "%tmp_378 = bitselect i1 @_ssdm_op_BitSelect.i1.i27.i32, i27 %data_63_val_read, i32 7" [firmware/nnet_utils/nnet_activation.h:46]   --->   Operation 1645 'bitselect' 'tmp_378' <Predicate = (icmp_ln45_63)> <Delay = 0.00>
ST_1 : Operation 1646 [1/1] (0.00ns)   --->   "%trunc_ln46_125 = trunc i27 %data_63_val_read" [firmware/nnet_utils/nnet_activation.h:46]   --->   Operation 1646 'trunc' 'trunc_ln46_125' <Predicate = (icmp_ln45_63)> <Delay = 0.00>
ST_1 : Operation 1647 [1/1] (0.70ns)   --->   "%icmp_ln46_126 = icmp_ne  i7 %trunc_ln46_125, i7 0" [firmware/nnet_utils/nnet_activation.h:46]   --->   Operation 1647 'icmp' 'icmp_ln46_126' <Predicate = (icmp_ln45_63)> <Delay = 0.70> <CoreInst = "Cmp">   --->   Core 9 'Cmp' <Latency = 0> <II = 1> <Delay = 0.70> <FuncUnit> <Opcode : 'seteq' 'setne' 'setle' 'setge' 'setlt' 'setgt'> <InPorts = 2> <OutPorts = 1>
ST_1 : Operation 1648 [1/1] (0.00ns) (grouped into LUT with out node empty_81)   --->   "%tmp_379 = bitselect i1 @_ssdm_op_BitSelect.i1.i27.i32, i27 %data_63_val_read, i32 13" [firmware/nnet_utils/nnet_activation.h:46]   --->   Operation 1648 'bitselect' 'tmp_379' <Predicate = (icmp_ln45_63)> <Delay = 0.00>
ST_1 : Operation 1649 [1/1] (0.00ns) (grouped into LUT with out node add_ln46_63)   --->   "%tmp_380 = bitselect i1 @_ssdm_op_BitSelect.i1.i27.i32, i27 %data_63_val_read, i32 8" [firmware/nnet_utils/nnet_activation.h:46]   --->   Operation 1649 'bitselect' 'tmp_380' <Predicate = (icmp_ln45_63)> <Delay = 0.00>
ST_1 : Operation 1650 [1/1] (0.00ns) (grouped into LUT with out node add_ln46_63)   --->   "%or_ln46_189 = or i1 %tmp_380, i1 %icmp_ln46_126" [firmware/nnet_utils/nnet_activation.h:46]   --->   Operation 1650 'or' 'or_ln46_189' <Predicate = (icmp_ln45_63)> <Delay = 0.00> <CoreInst = "LogicGate">   --->   Core 74 'LogicGate' <Latency = 0> <II = 1> <Delay = 0.12> <FuncUnit> <Opcode : 'and' 'or' 'xor'> <InPorts = 2> <OutPorts = 1>
ST_1 : Operation 1651 [1/1] (0.00ns) (grouped into LUT with out node add_ln46_63)   --->   "%and_ln46_126 = and i1 %or_ln46_189, i1 %tmp_378" [firmware/nnet_utils/nnet_activation.h:46]   --->   Operation 1651 'and' 'and_ln46_126' <Predicate = (icmp_ln45_63)> <Delay = 0.00> <CoreInst = "LogicGate">   --->   Core 74 'LogicGate' <Latency = 0> <II = 1> <Delay = 0.12> <FuncUnit> <Opcode : 'and' 'or' 'xor'> <InPorts = 2> <OutPorts = 1>
ST_1 : Operation 1652 [1/1] (0.00ns) (grouped into LUT with out node add_ln46_63)   --->   "%zext_ln46_63 = zext i1 %and_ln46_126" [firmware/nnet_utils/nnet_activation.h:46]   --->   Operation 1652 'zext' 'zext_ln46_63' <Predicate = (icmp_ln45_63)> <Delay = 0.00>
ST_1 : Operation 1653 [1/1] (0.70ns) (out node of the LUT)   --->   "%add_ln46_63 = add i6 %trunc_ln46_62, i6 %zext_ln46_63" [firmware/nnet_utils/nnet_activation.h:46]   --->   Operation 1653 'add' 'add_ln46_63' <Predicate = (icmp_ln45_63)> <Delay = 0.70> <CoreInst = "Adder">   --->   Core 1 'Adder' <Latency = 0> <II = 1> <Delay = 0.70> <FuncUnit> <Opcode : 'add' 'sub'> <InPorts = 2> <OutPorts = 1>
ST_1 : Operation 1654 [1/1] (0.00ns)   --->   "%tmp_381 = partselect i13 @_ssdm_op_PartSelect.i13.i27.i32.i32, i27 %data_63_val_read, i32 14, i32 26" [firmware/nnet_utils/nnet_activation.h:46]   --->   Operation 1654 'partselect' 'tmp_381' <Predicate = (icmp_ln45_63)> <Delay = 0.00>
ST_1 : Operation 1655 [1/1] (0.75ns)   --->   "%icmp_ln46_127 = icmp_eq  i13 %tmp_381, i13 0" [firmware/nnet_utils/nnet_activation.h:46]   --->   Operation 1655 'icmp' 'icmp_ln46_127' <Predicate = (icmp_ln45_63)> <Delay = 0.75> <CoreInst = "Cmp">   --->   Core 9 'Cmp' <Latency = 0> <II = 1> <Delay = 0.75> <FuncUnit> <Opcode : 'seteq' 'setne' 'setle' 'setge' 'setlt' 'setgt'> <InPorts = 2> <OutPorts = 1>
ST_1 : Operation 1656 [1/1] (0.00ns) (grouped into LUT with out node empty_81)   --->   "%tmp_382 = bitselect i1 @_ssdm_op_BitSelect.i1.i6.i32, i6 %add_ln46_63, i32 5" [firmware/nnet_utils/nnet_activation.h:46]   --->   Operation 1656 'bitselect' 'tmp_382' <Predicate = (icmp_ln45_63)> <Delay = 0.00>
ST_1 : Operation 1657 [1/1] (0.00ns) (grouped into LUT with out node empty_81)   --->   "%not_tmp_443 = xor i1 %tmp_379, i1 1" [firmware/nnet_utils/nnet_activation.h:46]   --->   Operation 1657 'xor' 'not_tmp_443' <Predicate = (icmp_ln45_63)> <Delay = 0.00> <CoreInst = "LogicGate">   --->   Core 74 'LogicGate' <Latency = 0> <II = 1> <Delay = 0.12> <FuncUnit> <Opcode : 'and' 'or' 'xor'> <InPorts = 2> <OutPorts = 1>
ST_1 : Operation 1658 [1/1] (0.00ns) (grouped into LUT with out node empty_81)   --->   "%and_ln46_127 = or i1 %tmp_382, i1 %not_tmp_443" [firmware/nnet_utils/nnet_activation.h:46]   --->   Operation 1658 'or' 'and_ln46_127' <Predicate = (icmp_ln45_63)> <Delay = 0.00> <CoreInst = "LogicGate">   --->   Core 74 'LogicGate' <Latency = 0> <II = 1> <Delay = 0.12> <FuncUnit> <Opcode : 'and' 'or' 'xor'> <InPorts = 2> <OutPorts = 1>
ST_1 : Operation 1659 [1/1] (0.12ns) (out node of the LUT)   --->   "%empty_81 = and i1 %icmp_ln46_127, i1 %and_ln46_127" [firmware/nnet_utils/nnet_activation.h:46]   --->   Operation 1659 'and' 'empty_81' <Predicate = (icmp_ln45_63)> <Delay = 0.12> <CoreInst = "LogicGate">   --->   Core 74 'LogicGate' <Latency = 0> <II = 1> <Delay = 0.12> <FuncUnit> <Opcode : 'and' 'or' 'xor'> <InPorts = 2> <OutPorts = 1>
ST_1 : Operation 1660 [1/1] (0.00ns) (grouped into LUT with out node select_ln46_190)   --->   "%or_ln46_190 = or i1 %empty_81, i1 %tmp_377" [firmware/nnet_utils/nnet_activation.h:46]   --->   Operation 1660 'or' 'or_ln46_190' <Predicate = (or_ln46_191 & icmp_ln45_63)> <Delay = 0.00> <CoreInst = "LogicGate">   --->   Core 74 'LogicGate' <Latency = 0> <II = 1> <Delay = 0.12> <FuncUnit> <Opcode : 'and' 'or' 'xor'> <InPorts = 2> <OutPorts = 1>
ST_1 : Operation 1661 [1/1] (0.00ns) (grouped into LUT with out node res_63_0)   --->   "%xor_ln46_63 = xor i1 %empty_81, i1 1" [firmware/nnet_utils/nnet_activation.h:46]   --->   Operation 1661 'xor' 'xor_ln46_63' <Predicate = (icmp_ln45_63)> <Delay = 0.00> <CoreInst = "LogicGate">   --->   Core 74 'LogicGate' <Latency = 0> <II = 1> <Delay = 0.12> <FuncUnit> <Opcode : 'and' 'or' 'xor'> <InPorts = 2> <OutPorts = 1>
ST_1 : Operation 1662 [1/1] (0.00ns) (grouped into LUT with out node res_63_0)   --->   "%or_ln46_191 = or i1 %tmp_377, i1 %xor_ln46_63" [firmware/nnet_utils/nnet_activation.h:46]   --->   Operation 1662 'or' 'or_ln46_191' <Predicate = (icmp_ln45_63)> <Delay = 0.00> <CoreInst = "LogicGate">   --->   Core 74 'LogicGate' <Latency = 0> <II = 1> <Delay = 0.12> <FuncUnit> <Opcode : 'and' 'or' 'xor'> <InPorts = 2> <OutPorts = 1>
ST_1 : Operation 1663 [1/1] (0.00ns) (grouped into LUT with out node select_ln46_190)   --->   "%select_ln46_189 = select i1 %tmp_377, i6 0, i6 %add_ln46_63" [firmware/nnet_utils/nnet_activation.h:46]   --->   Operation 1663 'select' 'select_ln46_189' <Predicate = (or_ln46_190 & or_ln46_191 & icmp_ln45_63)> <Delay = 0.00> <CoreInst = "Sel">   --->   Core 73 'Sel' <Latency = 0> <II = 1> <Delay = 0.29> <FuncUnit> <Opcode : 'select'> <InPorts = 3> <OutPorts = 1>
ST_1 : Operation 1664 [1/1] (0.29ns) (out node of the LUT)   --->   "%select_ln46_190 = select i1 %or_ln46_190, i6 %select_ln46_189, i6 63" [firmware/nnet_utils/nnet_activation.h:46]   --->   Operation 1664 'select' 'select_ln46_190' <Predicate = (or_ln46_191 & icmp_ln45_63)> <Delay = 0.29> <CoreInst = "Sel">   --->   Core 73 'Sel' <Latency = 0> <II = 1> <Delay = 0.29> <FuncUnit> <Opcode : 'select'> <InPorts = 3> <OutPorts = 1>
ST_1 : Operation 1665 [1/1] (0.00ns) (grouped into LUT with out node res_63_0)   --->   "%select_ln46_191 = select i1 %or_ln46_191, i6 %select_ln46_190, i6 %add_ln46_63" [firmware/nnet_utils/nnet_activation.h:46]   --->   Operation 1665 'select' 'select_ln46_191' <Predicate = (icmp_ln45_63)> <Delay = 0.00> <CoreInst = "Sel">   --->   Core 73 'Sel' <Latency = 0> <II = 1> <Delay = 0.29> <FuncUnit> <Opcode : 'select'> <InPorts = 3> <OutPorts = 1>
ST_1 : Operation 1666 [1/1] (0.29ns) (out node of the LUT)   --->   "%res_63_0 = select i1 %icmp_ln45_63, i6 %select_ln46_191, i6 0" [firmware/nnet_utils/nnet_activation.h:45]   --->   Operation 1666 'select' 'res_63_0' <Predicate = true> <Delay = 0.29> <CoreInst = "Sel">   --->   Core 73 'Sel' <Latency = 0> <II = 1> <Delay = 0.29> <FuncUnit> <Opcode : 'select'> <InPorts = 3> <OutPorts = 1>
ST_1 : Operation 1667 [1/1] (0.00ns)   --->   "%mrv = insertvalue i384 <undef>, i6 %res_0_0" [firmware/nnet_utils/nnet_activation.h:50]   --->   Operation 1667 'insertvalue' 'mrv' <Predicate = true> <Delay = 0.00>
ST_1 : Operation 1668 [1/1] (0.00ns)   --->   "%mrv_1 = insertvalue i384 %mrv, i6 %res_1_0" [firmware/nnet_utils/nnet_activation.h:50]   --->   Operation 1668 'insertvalue' 'mrv_1' <Predicate = true> <Delay = 0.00>
ST_1 : Operation 1669 [1/1] (0.00ns)   --->   "%mrv_2 = insertvalue i384 %mrv_1, i6 %res_2_0" [firmware/nnet_utils/nnet_activation.h:50]   --->   Operation 1669 'insertvalue' 'mrv_2' <Predicate = true> <Delay = 0.00>
ST_1 : Operation 1670 [1/1] (0.00ns)   --->   "%mrv_3 = insertvalue i384 %mrv_2, i6 %res_3_0" [firmware/nnet_utils/nnet_activation.h:50]   --->   Operation 1670 'insertvalue' 'mrv_3' <Predicate = true> <Delay = 0.00>
ST_1 : Operation 1671 [1/1] (0.00ns)   --->   "%mrv_4 = insertvalue i384 %mrv_3, i6 %res_4_0" [firmware/nnet_utils/nnet_activation.h:50]   --->   Operation 1671 'insertvalue' 'mrv_4' <Predicate = true> <Delay = 0.00>
ST_1 : Operation 1672 [1/1] (0.00ns)   --->   "%mrv_5 = insertvalue i384 %mrv_4, i6 %res_5_0" [firmware/nnet_utils/nnet_activation.h:50]   --->   Operation 1672 'insertvalue' 'mrv_5' <Predicate = true> <Delay = 0.00>
ST_1 : Operation 1673 [1/1] (0.00ns)   --->   "%mrv_6 = insertvalue i384 %mrv_5, i6 %res_6_0" [firmware/nnet_utils/nnet_activation.h:50]   --->   Operation 1673 'insertvalue' 'mrv_6' <Predicate = true> <Delay = 0.00>
ST_1 : Operation 1674 [1/1] (0.00ns)   --->   "%mrv_7 = insertvalue i384 %mrv_6, i6 %res_7_0" [firmware/nnet_utils/nnet_activation.h:50]   --->   Operation 1674 'insertvalue' 'mrv_7' <Predicate = true> <Delay = 0.00>
ST_1 : Operation 1675 [1/1] (0.00ns)   --->   "%mrv_8 = insertvalue i384 %mrv_7, i6 %res_8_0" [firmware/nnet_utils/nnet_activation.h:50]   --->   Operation 1675 'insertvalue' 'mrv_8' <Predicate = true> <Delay = 0.00>
ST_1 : Operation 1676 [1/1] (0.00ns)   --->   "%mrv_9 = insertvalue i384 %mrv_8, i6 %res_9_0" [firmware/nnet_utils/nnet_activation.h:50]   --->   Operation 1676 'insertvalue' 'mrv_9' <Predicate = true> <Delay = 0.00>
ST_1 : Operation 1677 [1/1] (0.00ns)   --->   "%mrv_s = insertvalue i384 %mrv_9, i6 %res_10_0" [firmware/nnet_utils/nnet_activation.h:50]   --->   Operation 1677 'insertvalue' 'mrv_s' <Predicate = true> <Delay = 0.00>
ST_1 : Operation 1678 [1/1] (0.00ns)   --->   "%mrv_10 = insertvalue i384 %mrv_s, i6 %res_11_0" [firmware/nnet_utils/nnet_activation.h:50]   --->   Operation 1678 'insertvalue' 'mrv_10' <Predicate = true> <Delay = 0.00>
ST_1 : Operation 1679 [1/1] (0.00ns)   --->   "%mrv_11 = insertvalue i384 %mrv_10, i6 %res_12_0" [firmware/nnet_utils/nnet_activation.h:50]   --->   Operation 1679 'insertvalue' 'mrv_11' <Predicate = true> <Delay = 0.00>
ST_1 : Operation 1680 [1/1] (0.00ns)   --->   "%mrv_12 = insertvalue i384 %mrv_11, i6 %res_13_0" [firmware/nnet_utils/nnet_activation.h:50]   --->   Operation 1680 'insertvalue' 'mrv_12' <Predicate = true> <Delay = 0.00>
ST_1 : Operation 1681 [1/1] (0.00ns)   --->   "%mrv_13 = insertvalue i384 %mrv_12, i6 %res_1445_0" [firmware/nnet_utils/nnet_activation.h:50]   --->   Operation 1681 'insertvalue' 'mrv_13' <Predicate = true> <Delay = 0.00>
ST_1 : Operation 1682 [1/1] (0.00ns)   --->   "%mrv_14 = insertvalue i384 %mrv_13, i6 %res_15_0" [firmware/nnet_utils/nnet_activation.h:50]   --->   Operation 1682 'insertvalue' 'mrv_14' <Predicate = true> <Delay = 0.00>
ST_1 : Operation 1683 [1/1] (0.00ns)   --->   "%mrv_15 = insertvalue i384 %mrv_14, i6 %res_16_0" [firmware/nnet_utils/nnet_activation.h:50]   --->   Operation 1683 'insertvalue' 'mrv_15' <Predicate = true> <Delay = 0.00>
ST_1 : Operation 1684 [1/1] (0.00ns)   --->   "%mrv_16 = insertvalue i384 %mrv_15, i6 %res_17_0" [firmware/nnet_utils/nnet_activation.h:50]   --->   Operation 1684 'insertvalue' 'mrv_16' <Predicate = true> <Delay = 0.00>
ST_1 : Operation 1685 [1/1] (0.00ns)   --->   "%mrv_17 = insertvalue i384 %mrv_16, i6 %res_18_0" [firmware/nnet_utils/nnet_activation.h:50]   --->   Operation 1685 'insertvalue' 'mrv_17' <Predicate = true> <Delay = 0.00>
ST_1 : Operation 1686 [1/1] (0.00ns)   --->   "%mrv_18 = insertvalue i384 %mrv_17, i6 %res_19_0" [firmware/nnet_utils/nnet_activation.h:50]   --->   Operation 1686 'insertvalue' 'mrv_18' <Predicate = true> <Delay = 0.00>
ST_1 : Operation 1687 [1/1] (0.00ns)   --->   "%mrv_19 = insertvalue i384 %mrv_18, i6 %res_20_0" [firmware/nnet_utils/nnet_activation.h:50]   --->   Operation 1687 'insertvalue' 'mrv_19' <Predicate = true> <Delay = 0.00>
ST_1 : Operation 1688 [1/1] (0.00ns)   --->   "%mrv_20 = insertvalue i384 %mrv_19, i6 %res_21_0" [firmware/nnet_utils/nnet_activation.h:50]   --->   Operation 1688 'insertvalue' 'mrv_20' <Predicate = true> <Delay = 0.00>
ST_1 : Operation 1689 [1/1] (0.00ns)   --->   "%mrv_21 = insertvalue i384 %mrv_20, i6 %res_22_0" [firmware/nnet_utils/nnet_activation.h:50]   --->   Operation 1689 'insertvalue' 'mrv_21' <Predicate = true> <Delay = 0.00>
ST_1 : Operation 1690 [1/1] (0.00ns)   --->   "%mrv_22 = insertvalue i384 %mrv_21, i6 %res_23_0" [firmware/nnet_utils/nnet_activation.h:50]   --->   Operation 1690 'insertvalue' 'mrv_22' <Predicate = true> <Delay = 0.00>
ST_1 : Operation 1691 [1/1] (0.00ns)   --->   "%mrv_23 = insertvalue i384 %mrv_22, i6 %res_24_0" [firmware/nnet_utils/nnet_activation.h:50]   --->   Operation 1691 'insertvalue' 'mrv_23' <Predicate = true> <Delay = 0.00>
ST_1 : Operation 1692 [1/1] (0.00ns)   --->   "%mrv_24 = insertvalue i384 %mrv_23, i6 %res_25_0" [firmware/nnet_utils/nnet_activation.h:50]   --->   Operation 1692 'insertvalue' 'mrv_24' <Predicate = true> <Delay = 0.00>
ST_1 : Operation 1693 [1/1] (0.00ns)   --->   "%mrv_25 = insertvalue i384 %mrv_24, i6 %res_26_0" [firmware/nnet_utils/nnet_activation.h:50]   --->   Operation 1693 'insertvalue' 'mrv_25' <Predicate = true> <Delay = 0.00>
ST_1 : Operation 1694 [1/1] (0.00ns)   --->   "%mrv_26 = insertvalue i384 %mrv_25, i6 %res_2786_0" [firmware/nnet_utils/nnet_activation.h:50]   --->   Operation 1694 'insertvalue' 'mrv_26' <Predicate = true> <Delay = 0.00>
ST_1 : Operation 1695 [1/1] (0.00ns)   --->   "%mrv_27 = insertvalue i384 %mrv_26, i6 %res_28_0" [firmware/nnet_utils/nnet_activation.h:50]   --->   Operation 1695 'insertvalue' 'mrv_27' <Predicate = true> <Delay = 0.00>
ST_1 : Operation 1696 [1/1] (0.00ns)   --->   "%mrv_28 = insertvalue i384 %mrv_27, i6 %res_29_0" [firmware/nnet_utils/nnet_activation.h:50]   --->   Operation 1696 'insertvalue' 'mrv_28' <Predicate = true> <Delay = 0.00>
ST_1 : Operation 1697 [1/1] (0.00ns)   --->   "%mrv_29 = insertvalue i384 %mrv_28, i6 %res_30_0" [firmware/nnet_utils/nnet_activation.h:50]   --->   Operation 1697 'insertvalue' 'mrv_29' <Predicate = true> <Delay = 0.00>
ST_1 : Operation 1698 [1/1] (0.00ns)   --->   "%mrv_30 = insertvalue i384 %mrv_29, i6 %res_31_0" [firmware/nnet_utils/nnet_activation.h:50]   --->   Operation 1698 'insertvalue' 'mrv_30' <Predicate = true> <Delay = 0.00>
ST_1 : Operation 1699 [1/1] (0.00ns)   --->   "%mrv_31 = insertvalue i384 %mrv_30, i6 %res_32_0" [firmware/nnet_utils/nnet_activation.h:50]   --->   Operation 1699 'insertvalue' 'mrv_31' <Predicate = true> <Delay = 0.00>
ST_1 : Operation 1700 [1/1] (0.00ns)   --->   "%mrv_32 = insertvalue i384 %mrv_31, i6 %res_33_0" [firmware/nnet_utils/nnet_activation.h:50]   --->   Operation 1700 'insertvalue' 'mrv_32' <Predicate = true> <Delay = 0.00>
ST_1 : Operation 1701 [1/1] (0.00ns)   --->   "%mrv_33 = insertvalue i384 %mrv_32, i6 %res_34_0" [firmware/nnet_utils/nnet_activation.h:50]   --->   Operation 1701 'insertvalue' 'mrv_33' <Predicate = true> <Delay = 0.00>
ST_1 : Operation 1702 [1/1] (0.00ns)   --->   "%mrv_34 = insertvalue i384 %mrv_33, i6 %res_35_0" [firmware/nnet_utils/nnet_activation.h:50]   --->   Operation 1702 'insertvalue' 'mrv_34' <Predicate = true> <Delay = 0.00>
ST_1 : Operation 1703 [1/1] (0.00ns)   --->   "%mrv_35 = insertvalue i384 %mrv_34, i6 %res_36_0" [firmware/nnet_utils/nnet_activation.h:50]   --->   Operation 1703 'insertvalue' 'mrv_35' <Predicate = true> <Delay = 0.00>
ST_1 : Operation 1704 [1/1] (0.00ns)   --->   "%mrv_36 = insertvalue i384 %mrv_35, i6 %res_37_0" [firmware/nnet_utils/nnet_activation.h:50]   --->   Operation 1704 'insertvalue' 'mrv_36' <Predicate = true> <Delay = 0.00>
ST_1 : Operation 1705 [1/1] (0.00ns)   --->   "%mrv_37 = insertvalue i384 %mrv_36, i6 %res_38_0" [firmware/nnet_utils/nnet_activation.h:50]   --->   Operation 1705 'insertvalue' 'mrv_37' <Predicate = true> <Delay = 0.00>
ST_1 : Operation 1706 [1/1] (0.00ns)   --->   "%mrv_38 = insertvalue i384 %mrv_37, i6 %res_39_0" [firmware/nnet_utils/nnet_activation.h:50]   --->   Operation 1706 'insertvalue' 'mrv_38' <Predicate = true> <Delay = 0.00>
ST_1 : Operation 1707 [1/1] (0.00ns)   --->   "%mrv_39 = insertvalue i384 %mrv_38, i6 %res_40_0" [firmware/nnet_utils/nnet_activation.h:50]   --->   Operation 1707 'insertvalue' 'mrv_39' <Predicate = true> <Delay = 0.00>
ST_1 : Operation 1708 [1/1] (0.00ns)   --->   "%mrv_40 = insertvalue i384 %mrv_39, i6 %res_41_0" [firmware/nnet_utils/nnet_activation.h:50]   --->   Operation 1708 'insertvalue' 'mrv_40' <Predicate = true> <Delay = 0.00>
ST_1 : Operation 1709 [1/1] (0.00ns)   --->   "%mrv_41 = insertvalue i384 %mrv_40, i6 %res_42_0" [firmware/nnet_utils/nnet_activation.h:50]   --->   Operation 1709 'insertvalue' 'mrv_41' <Predicate = true> <Delay = 0.00>
ST_1 : Operation 1710 [1/1] (0.00ns)   --->   "%mrv_42 = insertvalue i384 %mrv_41, i6 %res_43_0" [firmware/nnet_utils/nnet_activation.h:50]   --->   Operation 1710 'insertvalue' 'mrv_42' <Predicate = true> <Delay = 0.00>
ST_1 : Operation 1711 [1/1] (0.00ns)   --->   "%mrv_43 = insertvalue i384 %mrv_42, i6 %res_44_0" [firmware/nnet_utils/nnet_activation.h:50]   --->   Operation 1711 'insertvalue' 'mrv_43' <Predicate = true> <Delay = 0.00>
ST_1 : Operation 1712 [1/1] (0.00ns)   --->   "%mrv_44 = insertvalue i384 %mrv_43, i6 %res_45_0" [firmware/nnet_utils/nnet_activation.h:50]   --->   Operation 1712 'insertvalue' 'mrv_44' <Predicate = true> <Delay = 0.00>
ST_1 : Operation 1713 [1/1] (0.00ns)   --->   "%mrv_45 = insertvalue i384 %mrv_44, i6 %res_46_0" [firmware/nnet_utils/nnet_activation.h:50]   --->   Operation 1713 'insertvalue' 'mrv_45' <Predicate = true> <Delay = 0.00>
ST_1 : Operation 1714 [1/1] (0.00ns)   --->   "%mrv_46 = insertvalue i384 %mrv_45, i6 %res_47_0" [firmware/nnet_utils/nnet_activation.h:50]   --->   Operation 1714 'insertvalue' 'mrv_46' <Predicate = true> <Delay = 0.00>
ST_1 : Operation 1715 [1/1] (0.00ns)   --->   "%mrv_47 = insertvalue i384 %mrv_46, i6 %res_48_0" [firmware/nnet_utils/nnet_activation.h:50]   --->   Operation 1715 'insertvalue' 'mrv_47' <Predicate = true> <Delay = 0.00>
ST_1 : Operation 1716 [1/1] (0.00ns)   --->   "%mrv_48 = insertvalue i384 %mrv_47, i6 %res_49_0" [firmware/nnet_utils/nnet_activation.h:50]   --->   Operation 1716 'insertvalue' 'mrv_48' <Predicate = true> <Delay = 0.00>
ST_1 : Operation 1717 [1/1] (0.00ns)   --->   "%mrv_49 = insertvalue i384 %mrv_48, i6 %res_50_0" [firmware/nnet_utils/nnet_activation.h:50]   --->   Operation 1717 'insertvalue' 'mrv_49' <Predicate = true> <Delay = 0.00>
ST_1 : Operation 1718 [1/1] (0.00ns)   --->   "%mrv_50 = insertvalue i384 %mrv_49, i6 %res_51_0" [firmware/nnet_utils/nnet_activation.h:50]   --->   Operation 1718 'insertvalue' 'mrv_50' <Predicate = true> <Delay = 0.00>
ST_1 : Operation 1719 [1/1] (0.00ns)   --->   "%mrv_51 = insertvalue i384 %mrv_50, i6 %res_52_0" [firmware/nnet_utils/nnet_activation.h:50]   --->   Operation 1719 'insertvalue' 'mrv_51' <Predicate = true> <Delay = 0.00>
ST_1 : Operation 1720 [1/1] (0.00ns)   --->   "%mrv_52 = insertvalue i384 %mrv_51, i6 %res_53_0" [firmware/nnet_utils/nnet_activation.h:50]   --->   Operation 1720 'insertvalue' 'mrv_52' <Predicate = true> <Delay = 0.00>
ST_1 : Operation 1721 [1/1] (0.00ns)   --->   "%mrv_53 = insertvalue i384 %mrv_52, i6 %res_54_0" [firmware/nnet_utils/nnet_activation.h:50]   --->   Operation 1721 'insertvalue' 'mrv_53' <Predicate = true> <Delay = 0.00>
ST_1 : Operation 1722 [1/1] (0.00ns)   --->   "%mrv_54 = insertvalue i384 %mrv_53, i6 %res_55_0" [firmware/nnet_utils/nnet_activation.h:50]   --->   Operation 1722 'insertvalue' 'mrv_54' <Predicate = true> <Delay = 0.00>
ST_1 : Operation 1723 [1/1] (0.00ns)   --->   "%mrv_55 = insertvalue i384 %mrv_54, i6 %res_56_0" [firmware/nnet_utils/nnet_activation.h:50]   --->   Operation 1723 'insertvalue' 'mrv_55' <Predicate = true> <Delay = 0.00>
ST_1 : Operation 1724 [1/1] (0.00ns)   --->   "%mrv_56 = insertvalue i384 %mrv_55, i6 %res_57_0" [firmware/nnet_utils/nnet_activation.h:50]   --->   Operation 1724 'insertvalue' 'mrv_56' <Predicate = true> <Delay = 0.00>
ST_1 : Operation 1725 [1/1] (0.00ns)   --->   "%mrv_57 = insertvalue i384 %mrv_56, i6 %res_58_0" [firmware/nnet_utils/nnet_activation.h:50]   --->   Operation 1725 'insertvalue' 'mrv_57' <Predicate = true> <Delay = 0.00>
ST_1 : Operation 1726 [1/1] (0.00ns)   --->   "%mrv_58 = insertvalue i384 %mrv_57, i6 %res_59_0" [firmware/nnet_utils/nnet_activation.h:50]   --->   Operation 1726 'insertvalue' 'mrv_58' <Predicate = true> <Delay = 0.00>
ST_1 : Operation 1727 [1/1] (0.00ns)   --->   "%mrv_59 = insertvalue i384 %mrv_58, i6 %res_60_0" [firmware/nnet_utils/nnet_activation.h:50]   --->   Operation 1727 'insertvalue' 'mrv_59' <Predicate = true> <Delay = 0.00>
ST_1 : Operation 1728 [1/1] (0.00ns)   --->   "%mrv_60 = insertvalue i384 %mrv_59, i6 %res_61_0" [firmware/nnet_utils/nnet_activation.h:50]   --->   Operation 1728 'insertvalue' 'mrv_60' <Predicate = true> <Delay = 0.00>
ST_1 : Operation 1729 [1/1] (0.00ns)   --->   "%mrv_61 = insertvalue i384 %mrv_60, i6 %res_62_0" [firmware/nnet_utils/nnet_activation.h:50]   --->   Operation 1729 'insertvalue' 'mrv_61' <Predicate = true> <Delay = 0.00>
ST_1 : Operation 1730 [1/1] (0.00ns)   --->   "%mrv_62 = insertvalue i384 %mrv_61, i6 %res_63_0" [firmware/nnet_utils/nnet_activation.h:50]   --->   Operation 1730 'insertvalue' 'mrv_62' <Predicate = true> <Delay = 0.00>
ST_1 : Operation 1731 [1/1] (0.00ns)   --->   "%ret_ln50 = ret i384 %mrv_62" [firmware/nnet_utils/nnet_activation.h:50]   --->   Operation 1731 'ret' 'ret_ln50' <Predicate = true> <Delay = 0.00>


============================================================
+ Verbose Summary: Timing violations
============================================================
Target clock period: 5.000ns, clock uncertainty: 1.350ns.

 <State 1>: 2.120ns
The critical path consists of the following:
	wire read operation ('data_0_val_read', firmware/nnet_utils/nnet_activation.h:42) on port 'data_0_val' (firmware/nnet_utils/nnet_activation.h:42) [129]  (0.000 ns)
	'icmp' operation 1 bit ('icmp_ln46', firmware/nnet_utils/nnet_activation.h:46) [135]  (0.706 ns)
	'or' operation 1 bit ('or_ln46', firmware/nnet_utils/nnet_activation.h:46) [138]  (0.000 ns)
	'and' operation 1 bit ('and_ln46', firmware/nnet_utils/nnet_activation.h:46) [139]  (0.000 ns)
	'add' operation 6 bit ('add_ln46', firmware/nnet_utils/nnet_activation.h:46) [141]  (0.706 ns)
	'or' operation 1 bit ('and_ln46_1', firmware/nnet_utils/nnet_activation.h:46) [146]  (0.000 ns)
	'and' operation 1 bit ('empty', firmware/nnet_utils/nnet_activation.h:46) [147]  (0.122 ns)
	'or' operation 1 bit ('or_ln46_1', firmware/nnet_utils/nnet_activation.h:46) [148]  (0.000 ns)
	'select' operation 6 bit ('select_ln46_1', firmware/nnet_utils/nnet_activation.h:46) [152]  (0.293 ns)
	'select' operation 6 bit ('select_ln46_2', firmware/nnet_utils/nnet_activation.h:46) [153]  (0.000 ns)
	'select' operation 6 bit ('res_0_0', firmware/nnet_utils/nnet_activation.h:45) [154]  (0.293 ns)


============================================================
+ Verbose Summary: Binding
============================================================
N/A
* FSMD analyzer results:
  - Output states:
 - Input state : 
  - Chain level:
	State 1


============================================================
+ Verbose Summary: Datapath Resource usage 
============================================================
N/A
