

================================================================
== Vitis HLS Report for 'relu_ap_fixed_19_8_5_3_0_ap_ufixed_6_0_4_0_0_relu_config7_s'
================================================================
* Date:           Mon Nov 10 15:41:36 2025

* Version:        2024.1 (Build 5069499 on May 21 2024)
* Project:        myproject_prj
* Solution:       solution1 (Vivado IP Flow Target)
* Product family: virtexuplus
* Target device:  xcu250-figd2104-2L-e


================================================================
== Performance Estimates
================================================================
+ Timing: 
    * Summary: 
    +--------+---------+----------+------------+
    |  Clock |  Target | Estimated| Uncertainty|
    +--------+---------+----------+------------+
    |ap_clk  |  5.00 ns|  2.122 ns|     1.35 ns|
    +--------+---------+----------+------------+

+ Latency: 
    * Summary: 
    +---------+---------+----------+----------+-----+-----+---------+
    |  Latency (cycles) |  Latency (absolute) |  Interval | Pipeline|
    |   min   |   max   |    min   |    max   | min | max |   Type  |
    +---------+---------+----------+----------+-----+-----+---------+
    |        0|        0|      0 ns|      0 ns|    1|    1|      yes|
    +---------+---------+----------+----------+-----+-----+---------+

    + Detail: 
        * Instance: 
        N/A

        * Loop: 
        N/A

============================================================
+ Verbose Summary: Synthesis Manager
============================================================
InlineROM: 1
ExposeGlobal: 0
============================================================
+ Verbose Summary: CDFG Model
============================================================
IsTopModel: 0
ResetActiveHigh: 1
IsCombinational: 0
IsDatapathOnly: 0
HasWiredReturn: 1
HasMFsm: 2
HasVarLatency: 0
IsPipeline: 1
IsRtlPipelined: 0
IsInstanceOverlapped: 0
IsDontTouch: 0
HasImplIP: 0
IsGatedGlobalClock: 0

+ Individual pipeline summary: 
  * Pipeline-0: initiation interval (II) = 1, depth = 1


============================================================
+ Verbose Summary: Schedule
============================================================
* Number of FSM states : 1
* Pipeline : 1
  Pipeline-0 : II = 1, D = 1, States = { 1 }
* Dataflow Pipeline: 0

* FSM state transitions: 
1 --> 

* FSM state operations: 

State 1 <SV = 0> <Delay = 2.12>
ST_1 : Operation 2 [1/1] (0.00ns)   --->   "%specpipeline_ln42 = specpipeline void @_ssdm_op_SpecPipeline, i32 4294967295, i32 0, i32 0, i32 0, void @empty_0" [firmware/nnet_utils/nnet_activation.h:42]   --->   Operation 2 'specpipeline' 'specpipeline_ln42' <Predicate = true> <Delay = 0.00>
ST_1 : Operation 3 [1/1] (0.00ns)   --->   "%data_31_val_read = read i19 @_ssdm_op_Read.ap_auto.i19, i19 %data_31_val" [firmware/nnet_utils/nnet_activation.h:42]   --->   Operation 3 'read' 'data_31_val_read' <Predicate = true> <Delay = 0.00>
ST_1 : Operation 4 [1/1] (0.00ns)   --->   "%data_30_val_read = read i19 @_ssdm_op_Read.ap_auto.i19, i19 %data_30_val" [firmware/nnet_utils/nnet_activation.h:42]   --->   Operation 4 'read' 'data_30_val_read' <Predicate = true> <Delay = 0.00>
ST_1 : Operation 5 [1/1] (0.00ns)   --->   "%data_29_val_read = read i19 @_ssdm_op_Read.ap_auto.i19, i19 %data_29_val" [firmware/nnet_utils/nnet_activation.h:42]   --->   Operation 5 'read' 'data_29_val_read' <Predicate = true> <Delay = 0.00>
ST_1 : Operation 6 [1/1] (0.00ns)   --->   "%data_28_val_read = read i19 @_ssdm_op_Read.ap_auto.i19, i19 %data_28_val" [firmware/nnet_utils/nnet_activation.h:42]   --->   Operation 6 'read' 'data_28_val_read' <Predicate = true> <Delay = 0.00>
ST_1 : Operation 7 [1/1] (0.00ns)   --->   "%data_27_val_read = read i19 @_ssdm_op_Read.ap_auto.i19, i19 %data_27_val" [firmware/nnet_utils/nnet_activation.h:42]   --->   Operation 7 'read' 'data_27_val_read' <Predicate = true> <Delay = 0.00>
ST_1 : Operation 8 [1/1] (0.00ns)   --->   "%data_25_val_read = read i19 @_ssdm_op_Read.ap_auto.i19, i19 %data_25_val" [firmware/nnet_utils/nnet_activation.h:42]   --->   Operation 8 'read' 'data_25_val_read' <Predicate = true> <Delay = 0.00>
ST_1 : Operation 9 [1/1] (0.00ns)   --->   "%data_24_val_read = read i19 @_ssdm_op_Read.ap_auto.i19, i19 %data_24_val" [firmware/nnet_utils/nnet_activation.h:42]   --->   Operation 9 'read' 'data_24_val_read' <Predicate = true> <Delay = 0.00>
ST_1 : Operation 10 [1/1] (0.00ns)   --->   "%data_23_val_read = read i19 @_ssdm_op_Read.ap_auto.i19, i19 %data_23_val" [firmware/nnet_utils/nnet_activation.h:42]   --->   Operation 10 'read' 'data_23_val_read' <Predicate = true> <Delay = 0.00>
ST_1 : Operation 11 [1/1] (0.00ns)   --->   "%data_22_val_read = read i19 @_ssdm_op_Read.ap_auto.i19, i19 %data_22_val" [firmware/nnet_utils/nnet_activation.h:42]   --->   Operation 11 'read' 'data_22_val_read' <Predicate = true> <Delay = 0.00>
ST_1 : Operation 12 [1/1] (0.00ns)   --->   "%data_21_val_read = read i19 @_ssdm_op_Read.ap_auto.i19, i19 %data_21_val" [firmware/nnet_utils/nnet_activation.h:42]   --->   Operation 12 'read' 'data_21_val_read' <Predicate = true> <Delay = 0.00>
ST_1 : Operation 13 [1/1] (0.00ns)   --->   "%data_19_val_read = read i19 @_ssdm_op_Read.ap_auto.i19, i19 %data_19_val" [firmware/nnet_utils/nnet_activation.h:42]   --->   Operation 13 'read' 'data_19_val_read' <Predicate = true> <Delay = 0.00>
ST_1 : Operation 14 [1/1] (0.00ns)   --->   "%data_18_val_read = read i19 @_ssdm_op_Read.ap_auto.i19, i19 %data_18_val" [firmware/nnet_utils/nnet_activation.h:42]   --->   Operation 14 'read' 'data_18_val_read' <Predicate = true> <Delay = 0.00>
ST_1 : Operation 15 [1/1] (0.00ns)   --->   "%data_17_val_read = read i19 @_ssdm_op_Read.ap_auto.i19, i19 %data_17_val" [firmware/nnet_utils/nnet_activation.h:42]   --->   Operation 15 'read' 'data_17_val_read' <Predicate = true> <Delay = 0.00>
ST_1 : Operation 16 [1/1] (0.00ns)   --->   "%data_16_val_read = read i19 @_ssdm_op_Read.ap_auto.i19, i19 %data_16_val" [firmware/nnet_utils/nnet_activation.h:42]   --->   Operation 16 'read' 'data_16_val_read' <Predicate = true> <Delay = 0.00>
ST_1 : Operation 17 [1/1] (0.00ns)   --->   "%data_15_val_read = read i19 @_ssdm_op_Read.ap_auto.i19, i19 %data_15_val" [firmware/nnet_utils/nnet_activation.h:42]   --->   Operation 17 'read' 'data_15_val_read' <Predicate = true> <Delay = 0.00>
ST_1 : Operation 18 [1/1] (0.00ns)   --->   "%data_13_val_read = read i19 @_ssdm_op_Read.ap_auto.i19, i19 %data_13_val" [firmware/nnet_utils/nnet_activation.h:42]   --->   Operation 18 'read' 'data_13_val_read' <Predicate = true> <Delay = 0.00>
ST_1 : Operation 19 [1/1] (0.00ns)   --->   "%data_11_val_read = read i19 @_ssdm_op_Read.ap_auto.i19, i19 %data_11_val" [firmware/nnet_utils/nnet_activation.h:42]   --->   Operation 19 'read' 'data_11_val_read' <Predicate = true> <Delay = 0.00>
ST_1 : Operation 20 [1/1] (0.00ns)   --->   "%data_10_val_read = read i19 @_ssdm_op_Read.ap_auto.i19, i19 %data_10_val" [firmware/nnet_utils/nnet_activation.h:42]   --->   Operation 20 'read' 'data_10_val_read' <Predicate = true> <Delay = 0.00>
ST_1 : Operation 21 [1/1] (0.00ns)   --->   "%data_9_val_read = read i19 @_ssdm_op_Read.ap_auto.i19, i19 %data_9_val" [firmware/nnet_utils/nnet_activation.h:42]   --->   Operation 21 'read' 'data_9_val_read' <Predicate = true> <Delay = 0.00>
ST_1 : Operation 22 [1/1] (0.00ns)   --->   "%data_8_val_read = read i19 @_ssdm_op_Read.ap_auto.i19, i19 %data_8_val" [firmware/nnet_utils/nnet_activation.h:42]   --->   Operation 22 'read' 'data_8_val_read' <Predicate = true> <Delay = 0.00>
ST_1 : Operation 23 [1/1] (0.00ns)   --->   "%data_7_val_read = read i19 @_ssdm_op_Read.ap_auto.i19, i19 %data_7_val" [firmware/nnet_utils/nnet_activation.h:42]   --->   Operation 23 'read' 'data_7_val_read' <Predicate = true> <Delay = 0.00>
ST_1 : Operation 24 [1/1] (0.00ns)   --->   "%data_6_val_read = read i19 @_ssdm_op_Read.ap_auto.i19, i19 %data_6_val" [firmware/nnet_utils/nnet_activation.h:42]   --->   Operation 24 'read' 'data_6_val_read' <Predicate = true> <Delay = 0.00>
ST_1 : Operation 25 [1/1] (0.00ns)   --->   "%data_5_val_read = read i19 @_ssdm_op_Read.ap_auto.i19, i19 %data_5_val" [firmware/nnet_utils/nnet_activation.h:42]   --->   Operation 25 'read' 'data_5_val_read' <Predicate = true> <Delay = 0.00>
ST_1 : Operation 26 [1/1] (0.00ns)   --->   "%data_4_val_read = read i19 @_ssdm_op_Read.ap_auto.i19, i19 %data_4_val" [firmware/nnet_utils/nnet_activation.h:42]   --->   Operation 26 'read' 'data_4_val_read' <Predicate = true> <Delay = 0.00>
ST_1 : Operation 27 [1/1] (0.00ns)   --->   "%data_3_val_read = read i19 @_ssdm_op_Read.ap_auto.i19, i19 %data_3_val" [firmware/nnet_utils/nnet_activation.h:42]   --->   Operation 27 'read' 'data_3_val_read' <Predicate = true> <Delay = 0.00>
ST_1 : Operation 28 [1/1] (0.00ns)   --->   "%data_2_val_read = read i19 @_ssdm_op_Read.ap_auto.i19, i19 %data_2_val" [firmware/nnet_utils/nnet_activation.h:42]   --->   Operation 28 'read' 'data_2_val_read' <Predicate = true> <Delay = 0.00>
ST_1 : Operation 29 [1/1] (0.00ns)   --->   "%data_1_val_read = read i19 @_ssdm_op_Read.ap_auto.i19, i19 %data_1_val" [firmware/nnet_utils/nnet_activation.h:42]   --->   Operation 29 'read' 'data_1_val_read' <Predicate = true> <Delay = 0.00>
ST_1 : Operation 30 [1/1] (0.80ns)   --->   "%icmp_ln45 = icmp_sgt  i19 %data_1_val_read, i19 0" [firmware/nnet_utils/nnet_activation.h:45]   --->   Operation 30 'icmp' 'icmp_ln45' <Predicate = true> <Delay = 0.80> <CoreInst = "Cmp">   --->   Core 9 'Cmp' <Latency = 0> <II = 1> <Delay = 0.80> <FuncUnit> <Opcode : 'seteq' 'setne' 'setle' 'setge' 'setlt' 'setgt'> <InPorts = 2> <OutPorts = 1>
ST_1 : Operation 31 [1/1] (0.00ns)   --->   "%tmp = bitselect i1 @_ssdm_op_BitSelect.i1.i19.i32, i19 %data_1_val_read, i32 18" [firmware/nnet_utils/nnet_activation.h:46]   --->   Operation 31 'bitselect' 'tmp' <Predicate = (icmp_ln45)> <Delay = 0.00>
ST_1 : Operation 32 [1/1] (0.00ns) (grouped into LUT with out node add_ln46)   --->   "%trunc_ln = partselect i6 @_ssdm_op_PartSelect.i6.i19.i32.i32, i19 %data_1_val_read, i32 5, i32 10" [firmware/nnet_utils/nnet_activation.h:46]   --->   Operation 32 'partselect' 'trunc_ln' <Predicate = (icmp_ln45)> <Delay = 0.00>
ST_1 : Operation 33 [1/1] (0.00ns) (grouped into LUT with out node add_ln46)   --->   "%tmp_383 = bitselect i1 @_ssdm_op_BitSelect.i1.i19.i32, i19 %data_1_val_read, i32 4" [firmware/nnet_utils/nnet_activation.h:46]   --->   Operation 33 'bitselect' 'tmp_383' <Predicate = (icmp_ln45)> <Delay = 0.00>
ST_1 : Operation 34 [1/1] (0.00ns)   --->   "%trunc_ln46 = trunc i19 %data_1_val_read" [firmware/nnet_utils/nnet_activation.h:46]   --->   Operation 34 'trunc' 'trunc_ln46' <Predicate = (icmp_ln45)> <Delay = 0.00>
ST_1 : Operation 35 [1/1] (0.70ns)   --->   "%icmp_ln46 = icmp_ne  i4 %trunc_ln46, i4 0" [firmware/nnet_utils/nnet_activation.h:46]   --->   Operation 35 'icmp' 'icmp_ln46' <Predicate = (icmp_ln45)> <Delay = 0.70> <CoreInst = "Cmp">   --->   Core 9 'Cmp' <Latency = 0> <II = 1> <Delay = 0.70> <FuncUnit> <Opcode : 'seteq' 'setne' 'setle' 'setge' 'setlt' 'setgt'> <InPorts = 2> <OutPorts = 1>
ST_1 : Operation 36 [1/1] (0.00ns) (grouped into LUT with out node empty)   --->   "%tmp_384 = bitselect i1 @_ssdm_op_BitSelect.i1.i19.i32, i19 %data_1_val_read, i32 10" [firmware/nnet_utils/nnet_activation.h:46]   --->   Operation 36 'bitselect' 'tmp_384' <Predicate = (icmp_ln45)> <Delay = 0.00>
ST_1 : Operation 37 [1/1] (0.00ns) (grouped into LUT with out node add_ln46)   --->   "%tmp_385 = bitselect i1 @_ssdm_op_BitSelect.i1.i19.i32, i19 %data_1_val_read, i32 5" [firmware/nnet_utils/nnet_activation.h:46]   --->   Operation 37 'bitselect' 'tmp_385' <Predicate = (icmp_ln45)> <Delay = 0.00>
ST_1 : Operation 38 [1/1] (0.00ns) (grouped into LUT with out node add_ln46)   --->   "%or_ln46 = or i1 %tmp_385, i1 %icmp_ln46" [firmware/nnet_utils/nnet_activation.h:46]   --->   Operation 38 'or' 'or_ln46' <Predicate = (icmp_ln45)> <Delay = 0.00> <CoreInst = "LogicGate">   --->   Core 74 'LogicGate' <Latency = 0> <II = 1> <Delay = 0.12> <FuncUnit> <Opcode : 'and' 'or' 'xor'> <InPorts = 2> <OutPorts = 1>
ST_1 : Operation 39 [1/1] (0.00ns) (grouped into LUT with out node add_ln46)   --->   "%and_ln46 = and i1 %or_ln46, i1 %tmp_383" [firmware/nnet_utils/nnet_activation.h:46]   --->   Operation 39 'and' 'and_ln46' <Predicate = (icmp_ln45)> <Delay = 0.00> <CoreInst = "LogicGate">   --->   Core 74 'LogicGate' <Latency = 0> <II = 1> <Delay = 0.12> <FuncUnit> <Opcode : 'and' 'or' 'xor'> <InPorts = 2> <OutPorts = 1>
ST_1 : Operation 40 [1/1] (0.00ns) (grouped into LUT with out node add_ln46)   --->   "%zext_ln46 = zext i1 %and_ln46" [firmware/nnet_utils/nnet_activation.h:46]   --->   Operation 40 'zext' 'zext_ln46' <Predicate = (icmp_ln45)> <Delay = 0.00>
ST_1 : Operation 41 [1/1] (0.70ns) (out node of the LUT)   --->   "%add_ln46 = add i6 %trunc_ln, i6 %zext_ln46" [firmware/nnet_utils/nnet_activation.h:46]   --->   Operation 41 'add' 'add_ln46' <Predicate = (icmp_ln45)> <Delay = 0.70> <CoreInst = "Adder">   --->   Core 1 'Adder' <Latency = 0> <II = 1> <Delay = 0.70> <FuncUnit> <Opcode : 'add' 'sub'> <InPorts = 2> <OutPorts = 1>
ST_1 : Operation 42 [1/1] (0.00ns)   --->   "%tmp_s = partselect i8 @_ssdm_op_PartSelect.i8.i19.i32.i32, i19 %data_1_val_read, i32 11, i32 18" [firmware/nnet_utils/nnet_activation.h:46]   --->   Operation 42 'partselect' 'tmp_s' <Predicate = (icmp_ln45)> <Delay = 0.00>
ST_1 : Operation 43 [1/1] (0.70ns)   --->   "%icmp_ln46_128 = icmp_eq  i8 %tmp_s, i8 0" [firmware/nnet_utils/nnet_activation.h:46]   --->   Operation 43 'icmp' 'icmp_ln46_128' <Predicate = (icmp_ln45)> <Delay = 0.70> <CoreInst = "Cmp">   --->   Core 9 'Cmp' <Latency = 0> <II = 1> <Delay = 0.70> <FuncUnit> <Opcode : 'seteq' 'setne' 'setle' 'setge' 'setlt' 'setgt'> <InPorts = 2> <OutPorts = 1>
ST_1 : Operation 44 [1/1] (0.00ns) (grouped into LUT with out node empty)   --->   "%tmp_386 = bitselect i1 @_ssdm_op_BitSelect.i1.i6.i32, i6 %add_ln46, i32 5" [firmware/nnet_utils/nnet_activation.h:46]   --->   Operation 44 'bitselect' 'tmp_386' <Predicate = (icmp_ln45)> <Delay = 0.00>
ST_1 : Operation 45 [1/1] (0.00ns) (grouped into LUT with out node empty)   --->   "%not_tmp_449 = xor i1 %tmp_384, i1 1" [firmware/nnet_utils/nnet_activation.h:46]   --->   Operation 45 'xor' 'not_tmp_449' <Predicate = (icmp_ln45)> <Delay = 0.00> <CoreInst = "LogicGate">   --->   Core 74 'LogicGate' <Latency = 0> <II = 1> <Delay = 0.12> <FuncUnit> <Opcode : 'and' 'or' 'xor'> <InPorts = 2> <OutPorts = 1>
ST_1 : Operation 46 [1/1] (0.00ns) (grouped into LUT with out node empty)   --->   "%and_ln46_128 = or i1 %tmp_386, i1 %not_tmp_449" [firmware/nnet_utils/nnet_activation.h:46]   --->   Operation 46 'or' 'and_ln46_128' <Predicate = (icmp_ln45)> <Delay = 0.00> <CoreInst = "LogicGate">   --->   Core 74 'LogicGate' <Latency = 0> <II = 1> <Delay = 0.12> <FuncUnit> <Opcode : 'and' 'or' 'xor'> <InPorts = 2> <OutPorts = 1>
ST_1 : Operation 47 [1/1] (0.12ns) (out node of the LUT)   --->   "%empty = and i1 %icmp_ln46_128, i1 %and_ln46_128" [firmware/nnet_utils/nnet_activation.h:46]   --->   Operation 47 'and' 'empty' <Predicate = (icmp_ln45)> <Delay = 0.12> <CoreInst = "LogicGate">   --->   Core 74 'LogicGate' <Latency = 0> <II = 1> <Delay = 0.12> <FuncUnit> <Opcode : 'and' 'or' 'xor'> <InPorts = 2> <OutPorts = 1>
ST_1 : Operation 48 [1/1] (0.00ns) (grouped into LUT with out node select_ln46_192)   --->   "%or_ln46_192 = or i1 %empty, i1 %tmp" [firmware/nnet_utils/nnet_activation.h:46]   --->   Operation 48 'or' 'or_ln46_192' <Predicate = (or_ln46_193 & icmp_ln45)> <Delay = 0.00> <CoreInst = "LogicGate">   --->   Core 74 'LogicGate' <Latency = 0> <II = 1> <Delay = 0.12> <FuncUnit> <Opcode : 'and' 'or' 'xor'> <InPorts = 2> <OutPorts = 1>
ST_1 : Operation 49 [1/1] (0.00ns) (grouped into LUT with out node res_1_0)   --->   "%xor_ln46 = xor i1 %empty, i1 1" [firmware/nnet_utils/nnet_activation.h:46]   --->   Operation 49 'xor' 'xor_ln46' <Predicate = (icmp_ln45)> <Delay = 0.00> <CoreInst = "LogicGate">   --->   Core 74 'LogicGate' <Latency = 0> <II = 1> <Delay = 0.12> <FuncUnit> <Opcode : 'and' 'or' 'xor'> <InPorts = 2> <OutPorts = 1>
ST_1 : Operation 50 [1/1] (0.00ns) (grouped into LUT with out node res_1_0)   --->   "%or_ln46_193 = or i1 %tmp, i1 %xor_ln46" [firmware/nnet_utils/nnet_activation.h:46]   --->   Operation 50 'or' 'or_ln46_193' <Predicate = (icmp_ln45)> <Delay = 0.00> <CoreInst = "LogicGate">   --->   Core 74 'LogicGate' <Latency = 0> <II = 1> <Delay = 0.12> <FuncUnit> <Opcode : 'and' 'or' 'xor'> <InPorts = 2> <OutPorts = 1>
ST_1 : Operation 51 [1/1] (0.00ns) (grouped into LUT with out node select_ln46_192)   --->   "%select_ln46 = select i1 %tmp, i6 0, i6 %add_ln46" [firmware/nnet_utils/nnet_activation.h:46]   --->   Operation 51 'select' 'select_ln46' <Predicate = (or_ln46_192 & or_ln46_193 & icmp_ln45)> <Delay = 0.00> <CoreInst = "Sel">   --->   Core 73 'Sel' <Latency = 0> <II = 1> <Delay = 0.29> <FuncUnit> <Opcode : 'select'> <InPorts = 3> <OutPorts = 1>
ST_1 : Operation 52 [1/1] (0.29ns) (out node of the LUT)   --->   "%select_ln46_192 = select i1 %or_ln46_192, i6 %select_ln46, i6 63" [firmware/nnet_utils/nnet_activation.h:46]   --->   Operation 52 'select' 'select_ln46_192' <Predicate = (or_ln46_193 & icmp_ln45)> <Delay = 0.29> <CoreInst = "Sel">   --->   Core 73 'Sel' <Latency = 0> <II = 1> <Delay = 0.29> <FuncUnit> <Opcode : 'select'> <InPorts = 3> <OutPorts = 1>
ST_1 : Operation 53 [1/1] (0.00ns) (grouped into LUT with out node res_1_0)   --->   "%select_ln46_193 = select i1 %or_ln46_193, i6 %select_ln46_192, i6 %add_ln46" [firmware/nnet_utils/nnet_activation.h:46]   --->   Operation 53 'select' 'select_ln46_193' <Predicate = (icmp_ln45)> <Delay = 0.00> <CoreInst = "Sel">   --->   Core 73 'Sel' <Latency = 0> <II = 1> <Delay = 0.29> <FuncUnit> <Opcode : 'select'> <InPorts = 3> <OutPorts = 1>
ST_1 : Operation 54 [1/1] (0.29ns) (out node of the LUT)   --->   "%res_1_0 = select i1 %icmp_ln45, i6 %select_ln46_193, i6 0" [firmware/nnet_utils/nnet_activation.h:45]   --->   Operation 54 'select' 'res_1_0' <Predicate = true> <Delay = 0.29> <CoreInst = "Sel">   --->   Core 73 'Sel' <Latency = 0> <II = 1> <Delay = 0.29> <FuncUnit> <Opcode : 'select'> <InPorts = 3> <OutPorts = 1>
ST_1 : Operation 55 [1/1] (0.80ns)   --->   "%icmp_ln45_64 = icmp_sgt  i19 %data_2_val_read, i19 0" [firmware/nnet_utils/nnet_activation.h:45]   --->   Operation 55 'icmp' 'icmp_ln45_64' <Predicate = true> <Delay = 0.80> <CoreInst = "Cmp">   --->   Core 9 'Cmp' <Latency = 0> <II = 1> <Delay = 0.80> <FuncUnit> <Opcode : 'seteq' 'setne' 'setle' 'setge' 'setlt' 'setgt'> <InPorts = 2> <OutPorts = 1>
ST_1 : Operation 56 [1/1] (0.00ns)   --->   "%tmp_387 = bitselect i1 @_ssdm_op_BitSelect.i1.i19.i32, i19 %data_2_val_read, i32 18" [firmware/nnet_utils/nnet_activation.h:46]   --->   Operation 56 'bitselect' 'tmp_387' <Predicate = (icmp_ln45_64)> <Delay = 0.00>
ST_1 : Operation 57 [1/1] (0.00ns) (grouped into LUT with out node add_ln46_64)   --->   "%trunc_ln46_s = partselect i6 @_ssdm_op_PartSelect.i6.i19.i32.i32, i19 %data_2_val_read, i32 5, i32 10" [firmware/nnet_utils/nnet_activation.h:46]   --->   Operation 57 'partselect' 'trunc_ln46_s' <Predicate = (icmp_ln45_64)> <Delay = 0.00>
ST_1 : Operation 58 [1/1] (0.00ns) (grouped into LUT with out node add_ln46_64)   --->   "%tmp_388 = bitselect i1 @_ssdm_op_BitSelect.i1.i19.i32, i19 %data_2_val_read, i32 4" [firmware/nnet_utils/nnet_activation.h:46]   --->   Operation 58 'bitselect' 'tmp_388' <Predicate = (icmp_ln45_64)> <Delay = 0.00>
ST_1 : Operation 59 [1/1] (0.00ns)   --->   "%trunc_ln46_126 = trunc i19 %data_2_val_read" [firmware/nnet_utils/nnet_activation.h:46]   --->   Operation 59 'trunc' 'trunc_ln46_126' <Predicate = (icmp_ln45_64)> <Delay = 0.00>
ST_1 : Operation 60 [1/1] (0.70ns)   --->   "%icmp_ln46_129 = icmp_ne  i4 %trunc_ln46_126, i4 0" [firmware/nnet_utils/nnet_activation.h:46]   --->   Operation 60 'icmp' 'icmp_ln46_129' <Predicate = (icmp_ln45_64)> <Delay = 0.70> <CoreInst = "Cmp">   --->   Core 9 'Cmp' <Latency = 0> <II = 1> <Delay = 0.70> <FuncUnit> <Opcode : 'seteq' 'setne' 'setle' 'setge' 'setlt' 'setgt'> <InPorts = 2> <OutPorts = 1>
ST_1 : Operation 61 [1/1] (0.00ns) (grouped into LUT with out node empty_82)   --->   "%tmp_389 = bitselect i1 @_ssdm_op_BitSelect.i1.i19.i32, i19 %data_2_val_read, i32 10" [firmware/nnet_utils/nnet_activation.h:46]   --->   Operation 61 'bitselect' 'tmp_389' <Predicate = (icmp_ln45_64)> <Delay = 0.00>
ST_1 : Operation 62 [1/1] (0.00ns) (grouped into LUT with out node add_ln46_64)   --->   "%tmp_390 = bitselect i1 @_ssdm_op_BitSelect.i1.i19.i32, i19 %data_2_val_read, i32 5" [firmware/nnet_utils/nnet_activation.h:46]   --->   Operation 62 'bitselect' 'tmp_390' <Predicate = (icmp_ln45_64)> <Delay = 0.00>
ST_1 : Operation 63 [1/1] (0.00ns) (grouped into LUT with out node add_ln46_64)   --->   "%or_ln46_194 = or i1 %tmp_390, i1 %icmp_ln46_129" [firmware/nnet_utils/nnet_activation.h:46]   --->   Operation 63 'or' 'or_ln46_194' <Predicate = (icmp_ln45_64)> <Delay = 0.00> <CoreInst = "LogicGate">   --->   Core 74 'LogicGate' <Latency = 0> <II = 1> <Delay = 0.12> <FuncUnit> <Opcode : 'and' 'or' 'xor'> <InPorts = 2> <OutPorts = 1>
ST_1 : Operation 64 [1/1] (0.00ns) (grouped into LUT with out node add_ln46_64)   --->   "%and_ln46_127 = and i1 %or_ln46_194, i1 %tmp_388" [firmware/nnet_utils/nnet_activation.h:46]   --->   Operation 64 'and' 'and_ln46_127' <Predicate = (icmp_ln45_64)> <Delay = 0.00> <CoreInst = "LogicGate">   --->   Core 74 'LogicGate' <Latency = 0> <II = 1> <Delay = 0.12> <FuncUnit> <Opcode : 'and' 'or' 'xor'> <InPorts = 2> <OutPorts = 1>
ST_1 : Operation 65 [1/1] (0.00ns) (grouped into LUT with out node add_ln46_64)   --->   "%zext_ln46_64 = zext i1 %and_ln46_127" [firmware/nnet_utils/nnet_activation.h:46]   --->   Operation 65 'zext' 'zext_ln46_64' <Predicate = (icmp_ln45_64)> <Delay = 0.00>
ST_1 : Operation 66 [1/1] (0.70ns) (out node of the LUT)   --->   "%add_ln46_64 = add i6 %trunc_ln46_s, i6 %zext_ln46_64" [firmware/nnet_utils/nnet_activation.h:46]   --->   Operation 66 'add' 'add_ln46_64' <Predicate = (icmp_ln45_64)> <Delay = 0.70> <CoreInst = "Adder">   --->   Core 1 'Adder' <Latency = 0> <II = 1> <Delay = 0.70> <FuncUnit> <Opcode : 'add' 'sub'> <InPorts = 2> <OutPorts = 1>
ST_1 : Operation 67 [1/1] (0.00ns)   --->   "%tmp_382 = partselect i8 @_ssdm_op_PartSelect.i8.i19.i32.i32, i19 %data_2_val_read, i32 11, i32 18" [firmware/nnet_utils/nnet_activation.h:46]   --->   Operation 67 'partselect' 'tmp_382' <Predicate = (icmp_ln45_64)> <Delay = 0.00>
ST_1 : Operation 68 [1/1] (0.70ns)   --->   "%icmp_ln46_130 = icmp_eq  i8 %tmp_382, i8 0" [firmware/nnet_utils/nnet_activation.h:46]   --->   Operation 68 'icmp' 'icmp_ln46_130' <Predicate = (icmp_ln45_64)> <Delay = 0.70> <CoreInst = "Cmp">   --->   Core 9 'Cmp' <Latency = 0> <II = 1> <Delay = 0.70> <FuncUnit> <Opcode : 'seteq' 'setne' 'setle' 'setge' 'setlt' 'setgt'> <InPorts = 2> <OutPorts = 1>
ST_1 : Operation 69 [1/1] (0.00ns) (grouped into LUT with out node empty_82)   --->   "%tmp_391 = bitselect i1 @_ssdm_op_BitSelect.i1.i6.i32, i6 %add_ln46_64, i32 5" [firmware/nnet_utils/nnet_activation.h:46]   --->   Operation 69 'bitselect' 'tmp_391' <Predicate = (icmp_ln45_64)> <Delay = 0.00>
ST_1 : Operation 70 [1/1] (0.00ns) (grouped into LUT with out node empty_82)   --->   "%not_tmp_456 = xor i1 %tmp_389, i1 1" [firmware/nnet_utils/nnet_activation.h:46]   --->   Operation 70 'xor' 'not_tmp_456' <Predicate = (icmp_ln45_64)> <Delay = 0.00> <CoreInst = "LogicGate">   --->   Core 74 'LogicGate' <Latency = 0> <II = 1> <Delay = 0.12> <FuncUnit> <Opcode : 'and' 'or' 'xor'> <InPorts = 2> <OutPorts = 1>
ST_1 : Operation 71 [1/1] (0.00ns) (grouped into LUT with out node empty_82)   --->   "%and_ln46_130 = or i1 %tmp_391, i1 %not_tmp_456" [firmware/nnet_utils/nnet_activation.h:46]   --->   Operation 71 'or' 'and_ln46_130' <Predicate = (icmp_ln45_64)> <Delay = 0.00> <CoreInst = "LogicGate">   --->   Core 74 'LogicGate' <Latency = 0> <II = 1> <Delay = 0.12> <FuncUnit> <Opcode : 'and' 'or' 'xor'> <InPorts = 2> <OutPorts = 1>
ST_1 : Operation 72 [1/1] (0.12ns) (out node of the LUT)   --->   "%empty_82 = and i1 %icmp_ln46_130, i1 %and_ln46_130" [firmware/nnet_utils/nnet_activation.h:46]   --->   Operation 72 'and' 'empty_82' <Predicate = (icmp_ln45_64)> <Delay = 0.12> <CoreInst = "LogicGate">   --->   Core 74 'LogicGate' <Latency = 0> <II = 1> <Delay = 0.12> <FuncUnit> <Opcode : 'and' 'or' 'xor'> <InPorts = 2> <OutPorts = 1>
ST_1 : Operation 73 [1/1] (0.00ns) (grouped into LUT with out node select_ln46_195)   --->   "%or_ln46_195 = or i1 %empty_82, i1 %tmp_387" [firmware/nnet_utils/nnet_activation.h:46]   --->   Operation 73 'or' 'or_ln46_195' <Predicate = (or_ln46_196 & icmp_ln45_64)> <Delay = 0.00> <CoreInst = "LogicGate">   --->   Core 74 'LogicGate' <Latency = 0> <II = 1> <Delay = 0.12> <FuncUnit> <Opcode : 'and' 'or' 'xor'> <InPorts = 2> <OutPorts = 1>
ST_1 : Operation 74 [1/1] (0.00ns) (grouped into LUT with out node res_2_0)   --->   "%xor_ln46_64 = xor i1 %empty_82, i1 1" [firmware/nnet_utils/nnet_activation.h:46]   --->   Operation 74 'xor' 'xor_ln46_64' <Predicate = (icmp_ln45_64)> <Delay = 0.00> <CoreInst = "LogicGate">   --->   Core 74 'LogicGate' <Latency = 0> <II = 1> <Delay = 0.12> <FuncUnit> <Opcode : 'and' 'or' 'xor'> <InPorts = 2> <OutPorts = 1>
ST_1 : Operation 75 [1/1] (0.00ns) (grouped into LUT with out node res_2_0)   --->   "%or_ln46_196 = or i1 %tmp_387, i1 %xor_ln46_64" [firmware/nnet_utils/nnet_activation.h:46]   --->   Operation 75 'or' 'or_ln46_196' <Predicate = (icmp_ln45_64)> <Delay = 0.00> <CoreInst = "LogicGate">   --->   Core 74 'LogicGate' <Latency = 0> <II = 1> <Delay = 0.12> <FuncUnit> <Opcode : 'and' 'or' 'xor'> <InPorts = 2> <OutPorts = 1>
ST_1 : Operation 76 [1/1] (0.00ns) (grouped into LUT with out node select_ln46_195)   --->   "%select_ln46_194 = select i1 %tmp_387, i6 0, i6 %add_ln46_64" [firmware/nnet_utils/nnet_activation.h:46]   --->   Operation 76 'select' 'select_ln46_194' <Predicate = (or_ln46_195 & or_ln46_196 & icmp_ln45_64)> <Delay = 0.00> <CoreInst = "Sel">   --->   Core 73 'Sel' <Latency = 0> <II = 1> <Delay = 0.29> <FuncUnit> <Opcode : 'select'> <InPorts = 3> <OutPorts = 1>
ST_1 : Operation 77 [1/1] (0.29ns) (out node of the LUT)   --->   "%select_ln46_195 = select i1 %or_ln46_195, i6 %select_ln46_194, i6 63" [firmware/nnet_utils/nnet_activation.h:46]   --->   Operation 77 'select' 'select_ln46_195' <Predicate = (or_ln46_196 & icmp_ln45_64)> <Delay = 0.29> <CoreInst = "Sel">   --->   Core 73 'Sel' <Latency = 0> <II = 1> <Delay = 0.29> <FuncUnit> <Opcode : 'select'> <InPorts = 3> <OutPorts = 1>
ST_1 : Operation 78 [1/1] (0.00ns) (grouped into LUT with out node res_2_0)   --->   "%select_ln46_196 = select i1 %or_ln46_196, i6 %select_ln46_195, i6 %add_ln46_64" [firmware/nnet_utils/nnet_activation.h:46]   --->   Operation 78 'select' 'select_ln46_196' <Predicate = (icmp_ln45_64)> <Delay = 0.00> <CoreInst = "Sel">   --->   Core 73 'Sel' <Latency = 0> <II = 1> <Delay = 0.29> <FuncUnit> <Opcode : 'select'> <InPorts = 3> <OutPorts = 1>
ST_1 : Operation 79 [1/1] (0.29ns) (out node of the LUT)   --->   "%res_2_0 = select i1 %icmp_ln45_64, i6 %select_ln46_196, i6 0" [firmware/nnet_utils/nnet_activation.h:45]   --->   Operation 79 'select' 'res_2_0' <Predicate = true> <Delay = 0.29> <CoreInst = "Sel">   --->   Core 73 'Sel' <Latency = 0> <II = 1> <Delay = 0.29> <FuncUnit> <Opcode : 'select'> <InPorts = 3> <OutPorts = 1>
ST_1 : Operation 80 [1/1] (0.80ns)   --->   "%icmp_ln45_65 = icmp_sgt  i19 %data_3_val_read, i19 0" [firmware/nnet_utils/nnet_activation.h:45]   --->   Operation 80 'icmp' 'icmp_ln45_65' <Predicate = true> <Delay = 0.80> <CoreInst = "Cmp">   --->   Core 9 'Cmp' <Latency = 0> <II = 1> <Delay = 0.80> <FuncUnit> <Opcode : 'seteq' 'setne' 'setle' 'setge' 'setlt' 'setgt'> <InPorts = 2> <OutPorts = 1>
ST_1 : Operation 81 [1/1] (0.00ns)   --->   "%tmp_392 = bitselect i1 @_ssdm_op_BitSelect.i1.i19.i32, i19 %data_3_val_read, i32 18" [firmware/nnet_utils/nnet_activation.h:46]   --->   Operation 81 'bitselect' 'tmp_392' <Predicate = (icmp_ln45_65)> <Delay = 0.00>
ST_1 : Operation 82 [1/1] (0.00ns) (grouped into LUT with out node add_ln46_65)   --->   "%trunc_ln46_63 = partselect i6 @_ssdm_op_PartSelect.i6.i19.i32.i32, i19 %data_3_val_read, i32 5, i32 10" [firmware/nnet_utils/nnet_activation.h:46]   --->   Operation 82 'partselect' 'trunc_ln46_63' <Predicate = (icmp_ln45_65)> <Delay = 0.00>
ST_1 : Operation 83 [1/1] (0.00ns) (grouped into LUT with out node add_ln46_65)   --->   "%tmp_393 = bitselect i1 @_ssdm_op_BitSelect.i1.i19.i32, i19 %data_3_val_read, i32 4" [firmware/nnet_utils/nnet_activation.h:46]   --->   Operation 83 'bitselect' 'tmp_393' <Predicate = (icmp_ln45_65)> <Delay = 0.00>
ST_1 : Operation 84 [1/1] (0.00ns)   --->   "%trunc_ln46_127 = trunc i19 %data_3_val_read" [firmware/nnet_utils/nnet_activation.h:46]   --->   Operation 84 'trunc' 'trunc_ln46_127' <Predicate = (icmp_ln45_65)> <Delay = 0.00>
ST_1 : Operation 85 [1/1] (0.70ns)   --->   "%icmp_ln46_131 = icmp_ne  i4 %trunc_ln46_127, i4 0" [firmware/nnet_utils/nnet_activation.h:46]   --->   Operation 85 'icmp' 'icmp_ln46_131' <Predicate = (icmp_ln45_65)> <Delay = 0.70> <CoreInst = "Cmp">   --->   Core 9 'Cmp' <Latency = 0> <II = 1> <Delay = 0.70> <FuncUnit> <Opcode : 'seteq' 'setne' 'setle' 'setge' 'setlt' 'setgt'> <InPorts = 2> <OutPorts = 1>
ST_1 : Operation 86 [1/1] (0.00ns) (grouped into LUT with out node empty_83)   --->   "%tmp_394 = bitselect i1 @_ssdm_op_BitSelect.i1.i19.i32, i19 %data_3_val_read, i32 10" [firmware/nnet_utils/nnet_activation.h:46]   --->   Operation 86 'bitselect' 'tmp_394' <Predicate = (icmp_ln45_65)> <Delay = 0.00>
ST_1 : Operation 87 [1/1] (0.00ns) (grouped into LUT with out node add_ln46_65)   --->   "%tmp_395 = bitselect i1 @_ssdm_op_BitSelect.i1.i19.i32, i19 %data_3_val_read, i32 5" [firmware/nnet_utils/nnet_activation.h:46]   --->   Operation 87 'bitselect' 'tmp_395' <Predicate = (icmp_ln45_65)> <Delay = 0.00>
ST_1 : Operation 88 [1/1] (0.00ns) (grouped into LUT with out node add_ln46_65)   --->   "%or_ln46_197 = or i1 %tmp_395, i1 %icmp_ln46_131" [firmware/nnet_utils/nnet_activation.h:46]   --->   Operation 88 'or' 'or_ln46_197' <Predicate = (icmp_ln45_65)> <Delay = 0.00> <CoreInst = "LogicGate">   --->   Core 74 'LogicGate' <Latency = 0> <II = 1> <Delay = 0.12> <FuncUnit> <Opcode : 'and' 'or' 'xor'> <InPorts = 2> <OutPorts = 1>
ST_1 : Operation 89 [1/1] (0.00ns) (grouped into LUT with out node add_ln46_65)   --->   "%and_ln46_129 = and i1 %or_ln46_197, i1 %tmp_393" [firmware/nnet_utils/nnet_activation.h:46]   --->   Operation 89 'and' 'and_ln46_129' <Predicate = (icmp_ln45_65)> <Delay = 0.00> <CoreInst = "LogicGate">   --->   Core 74 'LogicGate' <Latency = 0> <II = 1> <Delay = 0.12> <FuncUnit> <Opcode : 'and' 'or' 'xor'> <InPorts = 2> <OutPorts = 1>
ST_1 : Operation 90 [1/1] (0.00ns) (grouped into LUT with out node add_ln46_65)   --->   "%zext_ln46_65 = zext i1 %and_ln46_129" [firmware/nnet_utils/nnet_activation.h:46]   --->   Operation 90 'zext' 'zext_ln46_65' <Predicate = (icmp_ln45_65)> <Delay = 0.00>
ST_1 : Operation 91 [1/1] (0.70ns) (out node of the LUT)   --->   "%add_ln46_65 = add i6 %trunc_ln46_63, i6 %zext_ln46_65" [firmware/nnet_utils/nnet_activation.h:46]   --->   Operation 91 'add' 'add_ln46_65' <Predicate = (icmp_ln45_65)> <Delay = 0.70> <CoreInst = "Adder">   --->   Core 1 'Adder' <Latency = 0> <II = 1> <Delay = 0.70> <FuncUnit> <Opcode : 'add' 'sub'> <InPorts = 2> <OutPorts = 1>
ST_1 : Operation 92 [1/1] (0.00ns)   --->   "%tmp_396 = partselect i8 @_ssdm_op_PartSelect.i8.i19.i32.i32, i19 %data_3_val_read, i32 11, i32 18" [firmware/nnet_utils/nnet_activation.h:46]   --->   Operation 92 'partselect' 'tmp_396' <Predicate = (icmp_ln45_65)> <Delay = 0.00>
ST_1 : Operation 93 [1/1] (0.70ns)   --->   "%icmp_ln46_132 = icmp_eq  i8 %tmp_396, i8 0" [firmware/nnet_utils/nnet_activation.h:46]   --->   Operation 93 'icmp' 'icmp_ln46_132' <Predicate = (icmp_ln45_65)> <Delay = 0.70> <CoreInst = "Cmp">   --->   Core 9 'Cmp' <Latency = 0> <II = 1> <Delay = 0.70> <FuncUnit> <Opcode : 'seteq' 'setne' 'setle' 'setge' 'setlt' 'setgt'> <InPorts = 2> <OutPorts = 1>
ST_1 : Operation 94 [1/1] (0.00ns) (grouped into LUT with out node empty_83)   --->   "%tmp_397 = bitselect i1 @_ssdm_op_BitSelect.i1.i6.i32, i6 %add_ln46_65, i32 5" [firmware/nnet_utils/nnet_activation.h:46]   --->   Operation 94 'bitselect' 'tmp_397' <Predicate = (icmp_ln45_65)> <Delay = 0.00>
ST_1 : Operation 95 [1/1] (0.00ns) (grouped into LUT with out node empty_83)   --->   "%not_tmp_463 = xor i1 %tmp_394, i1 1" [firmware/nnet_utils/nnet_activation.h:46]   --->   Operation 95 'xor' 'not_tmp_463' <Predicate = (icmp_ln45_65)> <Delay = 0.00> <CoreInst = "LogicGate">   --->   Core 74 'LogicGate' <Latency = 0> <II = 1> <Delay = 0.12> <FuncUnit> <Opcode : 'and' 'or' 'xor'> <InPorts = 2> <OutPorts = 1>
ST_1 : Operation 96 [1/1] (0.00ns) (grouped into LUT with out node empty_83)   --->   "%and_ln46_132 = or i1 %tmp_397, i1 %not_tmp_463" [firmware/nnet_utils/nnet_activation.h:46]   --->   Operation 96 'or' 'and_ln46_132' <Predicate = (icmp_ln45_65)> <Delay = 0.00> <CoreInst = "LogicGate">   --->   Core 74 'LogicGate' <Latency = 0> <II = 1> <Delay = 0.12> <FuncUnit> <Opcode : 'and' 'or' 'xor'> <InPorts = 2> <OutPorts = 1>
ST_1 : Operation 97 [1/1] (0.12ns) (out node of the LUT)   --->   "%empty_83 = and i1 %icmp_ln46_132, i1 %and_ln46_132" [firmware/nnet_utils/nnet_activation.h:46]   --->   Operation 97 'and' 'empty_83' <Predicate = (icmp_ln45_65)> <Delay = 0.12> <CoreInst = "LogicGate">   --->   Core 74 'LogicGate' <Latency = 0> <II = 1> <Delay = 0.12> <FuncUnit> <Opcode : 'and' 'or' 'xor'> <InPorts = 2> <OutPorts = 1>
ST_1 : Operation 98 [1/1] (0.00ns) (grouped into LUT with out node select_ln46_198)   --->   "%or_ln46_198 = or i1 %empty_83, i1 %tmp_392" [firmware/nnet_utils/nnet_activation.h:46]   --->   Operation 98 'or' 'or_ln46_198' <Predicate = (or_ln46_199 & icmp_ln45_65)> <Delay = 0.00> <CoreInst = "LogicGate">   --->   Core 74 'LogicGate' <Latency = 0> <II = 1> <Delay = 0.12> <FuncUnit> <Opcode : 'and' 'or' 'xor'> <InPorts = 2> <OutPorts = 1>
ST_1 : Operation 99 [1/1] (0.00ns) (grouped into LUT with out node res_3_0)   --->   "%xor_ln46_65 = xor i1 %empty_83, i1 1" [firmware/nnet_utils/nnet_activation.h:46]   --->   Operation 99 'xor' 'xor_ln46_65' <Predicate = (icmp_ln45_65)> <Delay = 0.00> <CoreInst = "LogicGate">   --->   Core 74 'LogicGate' <Latency = 0> <II = 1> <Delay = 0.12> <FuncUnit> <Opcode : 'and' 'or' 'xor'> <InPorts = 2> <OutPorts = 1>
ST_1 : Operation 100 [1/1] (0.00ns) (grouped into LUT with out node res_3_0)   --->   "%or_ln46_199 = or i1 %tmp_392, i1 %xor_ln46_65" [firmware/nnet_utils/nnet_activation.h:46]   --->   Operation 100 'or' 'or_ln46_199' <Predicate = (icmp_ln45_65)> <Delay = 0.00> <CoreInst = "LogicGate">   --->   Core 74 'LogicGate' <Latency = 0> <II = 1> <Delay = 0.12> <FuncUnit> <Opcode : 'and' 'or' 'xor'> <InPorts = 2> <OutPorts = 1>
ST_1 : Operation 101 [1/1] (0.00ns) (grouped into LUT with out node select_ln46_198)   --->   "%select_ln46_197 = select i1 %tmp_392, i6 0, i6 %add_ln46_65" [firmware/nnet_utils/nnet_activation.h:46]   --->   Operation 101 'select' 'select_ln46_197' <Predicate = (or_ln46_198 & or_ln46_199 & icmp_ln45_65)> <Delay = 0.00> <CoreInst = "Sel">   --->   Core 73 'Sel' <Latency = 0> <II = 1> <Delay = 0.29> <FuncUnit> <Opcode : 'select'> <InPorts = 3> <OutPorts = 1>
ST_1 : Operation 102 [1/1] (0.29ns) (out node of the LUT)   --->   "%select_ln46_198 = select i1 %or_ln46_198, i6 %select_ln46_197, i6 63" [firmware/nnet_utils/nnet_activation.h:46]   --->   Operation 102 'select' 'select_ln46_198' <Predicate = (or_ln46_199 & icmp_ln45_65)> <Delay = 0.29> <CoreInst = "Sel">   --->   Core 73 'Sel' <Latency = 0> <II = 1> <Delay = 0.29> <FuncUnit> <Opcode : 'select'> <InPorts = 3> <OutPorts = 1>
ST_1 : Operation 103 [1/1] (0.00ns) (grouped into LUT with out node res_3_0)   --->   "%select_ln46_199 = select i1 %or_ln46_199, i6 %select_ln46_198, i6 %add_ln46_65" [firmware/nnet_utils/nnet_activation.h:46]   --->   Operation 103 'select' 'select_ln46_199' <Predicate = (icmp_ln45_65)> <Delay = 0.00> <CoreInst = "Sel">   --->   Core 73 'Sel' <Latency = 0> <II = 1> <Delay = 0.29> <FuncUnit> <Opcode : 'select'> <InPorts = 3> <OutPorts = 1>
ST_1 : Operation 104 [1/1] (0.29ns) (out node of the LUT)   --->   "%res_3_0 = select i1 %icmp_ln45_65, i6 %select_ln46_199, i6 0" [firmware/nnet_utils/nnet_activation.h:45]   --->   Operation 104 'select' 'res_3_0' <Predicate = true> <Delay = 0.29> <CoreInst = "Sel">   --->   Core 73 'Sel' <Latency = 0> <II = 1> <Delay = 0.29> <FuncUnit> <Opcode : 'select'> <InPorts = 3> <OutPorts = 1>
ST_1 : Operation 105 [1/1] (0.80ns)   --->   "%icmp_ln45_66 = icmp_sgt  i19 %data_4_val_read, i19 0" [firmware/nnet_utils/nnet_activation.h:45]   --->   Operation 105 'icmp' 'icmp_ln45_66' <Predicate = true> <Delay = 0.80> <CoreInst = "Cmp">   --->   Core 9 'Cmp' <Latency = 0> <II = 1> <Delay = 0.80> <FuncUnit> <Opcode : 'seteq' 'setne' 'setle' 'setge' 'setlt' 'setgt'> <InPorts = 2> <OutPorts = 1>
ST_1 : Operation 106 [1/1] (0.00ns)   --->   "%tmp_398 = bitselect i1 @_ssdm_op_BitSelect.i1.i19.i32, i19 %data_4_val_read, i32 18" [firmware/nnet_utils/nnet_activation.h:46]   --->   Operation 106 'bitselect' 'tmp_398' <Predicate = (icmp_ln45_66)> <Delay = 0.00>
ST_1 : Operation 107 [1/1] (0.00ns) (grouped into LUT with out node add_ln46_66)   --->   "%trunc_ln46_64 = partselect i6 @_ssdm_op_PartSelect.i6.i19.i32.i32, i19 %data_4_val_read, i32 5, i32 10" [firmware/nnet_utils/nnet_activation.h:46]   --->   Operation 107 'partselect' 'trunc_ln46_64' <Predicate = (icmp_ln45_66)> <Delay = 0.00>
ST_1 : Operation 108 [1/1] (0.00ns) (grouped into LUT with out node add_ln46_66)   --->   "%tmp_399 = bitselect i1 @_ssdm_op_BitSelect.i1.i19.i32, i19 %data_4_val_read, i32 4" [firmware/nnet_utils/nnet_activation.h:46]   --->   Operation 108 'bitselect' 'tmp_399' <Predicate = (icmp_ln45_66)> <Delay = 0.00>
ST_1 : Operation 109 [1/1] (0.00ns)   --->   "%trunc_ln46_128 = trunc i19 %data_4_val_read" [firmware/nnet_utils/nnet_activation.h:46]   --->   Operation 109 'trunc' 'trunc_ln46_128' <Predicate = (icmp_ln45_66)> <Delay = 0.00>
ST_1 : Operation 110 [1/1] (0.70ns)   --->   "%icmp_ln46_133 = icmp_ne  i4 %trunc_ln46_128, i4 0" [firmware/nnet_utils/nnet_activation.h:46]   --->   Operation 110 'icmp' 'icmp_ln46_133' <Predicate = (icmp_ln45_66)> <Delay = 0.70> <CoreInst = "Cmp">   --->   Core 9 'Cmp' <Latency = 0> <II = 1> <Delay = 0.70> <FuncUnit> <Opcode : 'seteq' 'setne' 'setle' 'setge' 'setlt' 'setgt'> <InPorts = 2> <OutPorts = 1>
ST_1 : Operation 111 [1/1] (0.00ns) (grouped into LUT with out node empty_84)   --->   "%tmp_400 = bitselect i1 @_ssdm_op_BitSelect.i1.i19.i32, i19 %data_4_val_read, i32 10" [firmware/nnet_utils/nnet_activation.h:46]   --->   Operation 111 'bitselect' 'tmp_400' <Predicate = (icmp_ln45_66)> <Delay = 0.00>
ST_1 : Operation 112 [1/1] (0.00ns) (grouped into LUT with out node add_ln46_66)   --->   "%tmp_401 = bitselect i1 @_ssdm_op_BitSelect.i1.i19.i32, i19 %data_4_val_read, i32 5" [firmware/nnet_utils/nnet_activation.h:46]   --->   Operation 112 'bitselect' 'tmp_401' <Predicate = (icmp_ln45_66)> <Delay = 0.00>
ST_1 : Operation 113 [1/1] (0.00ns) (grouped into LUT with out node add_ln46_66)   --->   "%or_ln46_200 = or i1 %tmp_401, i1 %icmp_ln46_133" [firmware/nnet_utils/nnet_activation.h:46]   --->   Operation 113 'or' 'or_ln46_200' <Predicate = (icmp_ln45_66)> <Delay = 0.00> <CoreInst = "LogicGate">   --->   Core 74 'LogicGate' <Latency = 0> <II = 1> <Delay = 0.12> <FuncUnit> <Opcode : 'and' 'or' 'xor'> <InPorts = 2> <OutPorts = 1>
ST_1 : Operation 114 [1/1] (0.00ns) (grouped into LUT with out node add_ln46_66)   --->   "%and_ln46_131 = and i1 %or_ln46_200, i1 %tmp_399" [firmware/nnet_utils/nnet_activation.h:46]   --->   Operation 114 'and' 'and_ln46_131' <Predicate = (icmp_ln45_66)> <Delay = 0.00> <CoreInst = "LogicGate">   --->   Core 74 'LogicGate' <Latency = 0> <II = 1> <Delay = 0.12> <FuncUnit> <Opcode : 'and' 'or' 'xor'> <InPorts = 2> <OutPorts = 1>
ST_1 : Operation 115 [1/1] (0.00ns) (grouped into LUT with out node add_ln46_66)   --->   "%zext_ln46_66 = zext i1 %and_ln46_131" [firmware/nnet_utils/nnet_activation.h:46]   --->   Operation 115 'zext' 'zext_ln46_66' <Predicate = (icmp_ln45_66)> <Delay = 0.00>
ST_1 : Operation 116 [1/1] (0.70ns) (out node of the LUT)   --->   "%add_ln46_66 = add i6 %trunc_ln46_64, i6 %zext_ln46_66" [firmware/nnet_utils/nnet_activation.h:46]   --->   Operation 116 'add' 'add_ln46_66' <Predicate = (icmp_ln45_66)> <Delay = 0.70> <CoreInst = "Adder">   --->   Core 1 'Adder' <Latency = 0> <II = 1> <Delay = 0.70> <FuncUnit> <Opcode : 'add' 'sub'> <InPorts = 2> <OutPorts = 1>
ST_1 : Operation 117 [1/1] (0.00ns)   --->   "%tmp_402 = partselect i8 @_ssdm_op_PartSelect.i8.i19.i32.i32, i19 %data_4_val_read, i32 11, i32 18" [firmware/nnet_utils/nnet_activation.h:46]   --->   Operation 117 'partselect' 'tmp_402' <Predicate = (icmp_ln45_66)> <Delay = 0.00>
ST_1 : Operation 118 [1/1] (0.70ns)   --->   "%icmp_ln46_134 = icmp_eq  i8 %tmp_402, i8 0" [firmware/nnet_utils/nnet_activation.h:46]   --->   Operation 118 'icmp' 'icmp_ln46_134' <Predicate = (icmp_ln45_66)> <Delay = 0.70> <CoreInst = "Cmp">   --->   Core 9 'Cmp' <Latency = 0> <II = 1> <Delay = 0.70> <FuncUnit> <Opcode : 'seteq' 'setne' 'setle' 'setge' 'setlt' 'setgt'> <InPorts = 2> <OutPorts = 1>
ST_1 : Operation 119 [1/1] (0.00ns) (grouped into LUT with out node empty_84)   --->   "%tmp_403 = bitselect i1 @_ssdm_op_BitSelect.i1.i6.i32, i6 %add_ln46_66, i32 5" [firmware/nnet_utils/nnet_activation.h:46]   --->   Operation 119 'bitselect' 'tmp_403' <Predicate = (icmp_ln45_66)> <Delay = 0.00>
ST_1 : Operation 120 [1/1] (0.00ns) (grouped into LUT with out node empty_84)   --->   "%not_tmp_470 = xor i1 %tmp_400, i1 1" [firmware/nnet_utils/nnet_activation.h:46]   --->   Operation 120 'xor' 'not_tmp_470' <Predicate = (icmp_ln45_66)> <Delay = 0.00> <CoreInst = "LogicGate">   --->   Core 74 'LogicGate' <Latency = 0> <II = 1> <Delay = 0.12> <FuncUnit> <Opcode : 'and' 'or' 'xor'> <InPorts = 2> <OutPorts = 1>
ST_1 : Operation 121 [1/1] (0.00ns) (grouped into LUT with out node empty_84)   --->   "%and_ln46_134 = or i1 %tmp_403, i1 %not_tmp_470" [firmware/nnet_utils/nnet_activation.h:46]   --->   Operation 121 'or' 'and_ln46_134' <Predicate = (icmp_ln45_66)> <Delay = 0.00> <CoreInst = "LogicGate">   --->   Core 74 'LogicGate' <Latency = 0> <II = 1> <Delay = 0.12> <FuncUnit> <Opcode : 'and' 'or' 'xor'> <InPorts = 2> <OutPorts = 1>
ST_1 : Operation 122 [1/1] (0.12ns) (out node of the LUT)   --->   "%empty_84 = and i1 %icmp_ln46_134, i1 %and_ln46_134" [firmware/nnet_utils/nnet_activation.h:46]   --->   Operation 122 'and' 'empty_84' <Predicate = (icmp_ln45_66)> <Delay = 0.12> <CoreInst = "LogicGate">   --->   Core 74 'LogicGate' <Latency = 0> <II = 1> <Delay = 0.12> <FuncUnit> <Opcode : 'and' 'or' 'xor'> <InPorts = 2> <OutPorts = 1>
ST_1 : Operation 123 [1/1] (0.00ns) (grouped into LUT with out node select_ln46_201)   --->   "%or_ln46_201 = or i1 %empty_84, i1 %tmp_398" [firmware/nnet_utils/nnet_activation.h:46]   --->   Operation 123 'or' 'or_ln46_201' <Predicate = (or_ln46_202 & icmp_ln45_66)> <Delay = 0.00> <CoreInst = "LogicGate">   --->   Core 74 'LogicGate' <Latency = 0> <II = 1> <Delay = 0.12> <FuncUnit> <Opcode : 'and' 'or' 'xor'> <InPorts = 2> <OutPorts = 1>
ST_1 : Operation 124 [1/1] (0.00ns) (grouped into LUT with out node res_4_0)   --->   "%xor_ln46_66 = xor i1 %empty_84, i1 1" [firmware/nnet_utils/nnet_activation.h:46]   --->   Operation 124 'xor' 'xor_ln46_66' <Predicate = (icmp_ln45_66)> <Delay = 0.00> <CoreInst = "LogicGate">   --->   Core 74 'LogicGate' <Latency = 0> <II = 1> <Delay = 0.12> <FuncUnit> <Opcode : 'and' 'or' 'xor'> <InPorts = 2> <OutPorts = 1>
ST_1 : Operation 125 [1/1] (0.00ns) (grouped into LUT with out node res_4_0)   --->   "%or_ln46_202 = or i1 %tmp_398, i1 %xor_ln46_66" [firmware/nnet_utils/nnet_activation.h:46]   --->   Operation 125 'or' 'or_ln46_202' <Predicate = (icmp_ln45_66)> <Delay = 0.00> <CoreInst = "LogicGate">   --->   Core 74 'LogicGate' <Latency = 0> <II = 1> <Delay = 0.12> <FuncUnit> <Opcode : 'and' 'or' 'xor'> <InPorts = 2> <OutPorts = 1>
ST_1 : Operation 126 [1/1] (0.00ns) (grouped into LUT with out node select_ln46_201)   --->   "%select_ln46_200 = select i1 %tmp_398, i6 0, i6 %add_ln46_66" [firmware/nnet_utils/nnet_activation.h:46]   --->   Operation 126 'select' 'select_ln46_200' <Predicate = (or_ln46_201 & or_ln46_202 & icmp_ln45_66)> <Delay = 0.00> <CoreInst = "Sel">   --->   Core 73 'Sel' <Latency = 0> <II = 1> <Delay = 0.29> <FuncUnit> <Opcode : 'select'> <InPorts = 3> <OutPorts = 1>
ST_1 : Operation 127 [1/1] (0.29ns) (out node of the LUT)   --->   "%select_ln46_201 = select i1 %or_ln46_201, i6 %select_ln46_200, i6 63" [firmware/nnet_utils/nnet_activation.h:46]   --->   Operation 127 'select' 'select_ln46_201' <Predicate = (or_ln46_202 & icmp_ln45_66)> <Delay = 0.29> <CoreInst = "Sel">   --->   Core 73 'Sel' <Latency = 0> <II = 1> <Delay = 0.29> <FuncUnit> <Opcode : 'select'> <InPorts = 3> <OutPorts = 1>
ST_1 : Operation 128 [1/1] (0.00ns) (grouped into LUT with out node res_4_0)   --->   "%select_ln46_202 = select i1 %or_ln46_202, i6 %select_ln46_201, i6 %add_ln46_66" [firmware/nnet_utils/nnet_activation.h:46]   --->   Operation 128 'select' 'select_ln46_202' <Predicate = (icmp_ln45_66)> <Delay = 0.00> <CoreInst = "Sel">   --->   Core 73 'Sel' <Latency = 0> <II = 1> <Delay = 0.29> <FuncUnit> <Opcode : 'select'> <InPorts = 3> <OutPorts = 1>
ST_1 : Operation 129 [1/1] (0.29ns) (out node of the LUT)   --->   "%res_4_0 = select i1 %icmp_ln45_66, i6 %select_ln46_202, i6 0" [firmware/nnet_utils/nnet_activation.h:45]   --->   Operation 129 'select' 'res_4_0' <Predicate = true> <Delay = 0.29> <CoreInst = "Sel">   --->   Core 73 'Sel' <Latency = 0> <II = 1> <Delay = 0.29> <FuncUnit> <Opcode : 'select'> <InPorts = 3> <OutPorts = 1>
ST_1 : Operation 130 [1/1] (0.80ns)   --->   "%icmp_ln45_67 = icmp_sgt  i19 %data_5_val_read, i19 0" [firmware/nnet_utils/nnet_activation.h:45]   --->   Operation 130 'icmp' 'icmp_ln45_67' <Predicate = true> <Delay = 0.80> <CoreInst = "Cmp">   --->   Core 9 'Cmp' <Latency = 0> <II = 1> <Delay = 0.80> <FuncUnit> <Opcode : 'seteq' 'setne' 'setle' 'setge' 'setlt' 'setgt'> <InPorts = 2> <OutPorts = 1>
ST_1 : Operation 131 [1/1] (0.00ns)   --->   "%tmp_404 = bitselect i1 @_ssdm_op_BitSelect.i1.i19.i32, i19 %data_5_val_read, i32 18" [firmware/nnet_utils/nnet_activation.h:46]   --->   Operation 131 'bitselect' 'tmp_404' <Predicate = (icmp_ln45_67)> <Delay = 0.00>
ST_1 : Operation 132 [1/1] (0.00ns) (grouped into LUT with out node add_ln46_67)   --->   "%trunc_ln46_65 = partselect i6 @_ssdm_op_PartSelect.i6.i19.i32.i32, i19 %data_5_val_read, i32 5, i32 10" [firmware/nnet_utils/nnet_activation.h:46]   --->   Operation 132 'partselect' 'trunc_ln46_65' <Predicate = (icmp_ln45_67)> <Delay = 0.00>
ST_1 : Operation 133 [1/1] (0.00ns) (grouped into LUT with out node add_ln46_67)   --->   "%tmp_405 = bitselect i1 @_ssdm_op_BitSelect.i1.i19.i32, i19 %data_5_val_read, i32 4" [firmware/nnet_utils/nnet_activation.h:46]   --->   Operation 133 'bitselect' 'tmp_405' <Predicate = (icmp_ln45_67)> <Delay = 0.00>
ST_1 : Operation 134 [1/1] (0.00ns)   --->   "%trunc_ln46_129 = trunc i19 %data_5_val_read" [firmware/nnet_utils/nnet_activation.h:46]   --->   Operation 134 'trunc' 'trunc_ln46_129' <Predicate = (icmp_ln45_67)> <Delay = 0.00>
ST_1 : Operation 135 [1/1] (0.70ns)   --->   "%icmp_ln46_135 = icmp_ne  i4 %trunc_ln46_129, i4 0" [firmware/nnet_utils/nnet_activation.h:46]   --->   Operation 135 'icmp' 'icmp_ln46_135' <Predicate = (icmp_ln45_67)> <Delay = 0.70> <CoreInst = "Cmp">   --->   Core 9 'Cmp' <Latency = 0> <II = 1> <Delay = 0.70> <FuncUnit> <Opcode : 'seteq' 'setne' 'setle' 'setge' 'setlt' 'setgt'> <InPorts = 2> <OutPorts = 1>
ST_1 : Operation 136 [1/1] (0.00ns) (grouped into LUT with out node empty_85)   --->   "%tmp_406 = bitselect i1 @_ssdm_op_BitSelect.i1.i19.i32, i19 %data_5_val_read, i32 10" [firmware/nnet_utils/nnet_activation.h:46]   --->   Operation 136 'bitselect' 'tmp_406' <Predicate = (icmp_ln45_67)> <Delay = 0.00>
ST_1 : Operation 137 [1/1] (0.00ns) (grouped into LUT with out node add_ln46_67)   --->   "%tmp_407 = bitselect i1 @_ssdm_op_BitSelect.i1.i19.i32, i19 %data_5_val_read, i32 5" [firmware/nnet_utils/nnet_activation.h:46]   --->   Operation 137 'bitselect' 'tmp_407' <Predicate = (icmp_ln45_67)> <Delay = 0.00>
ST_1 : Operation 138 [1/1] (0.00ns) (grouped into LUT with out node add_ln46_67)   --->   "%or_ln46_203 = or i1 %tmp_407, i1 %icmp_ln46_135" [firmware/nnet_utils/nnet_activation.h:46]   --->   Operation 138 'or' 'or_ln46_203' <Predicate = (icmp_ln45_67)> <Delay = 0.00> <CoreInst = "LogicGate">   --->   Core 74 'LogicGate' <Latency = 0> <II = 1> <Delay = 0.12> <FuncUnit> <Opcode : 'and' 'or' 'xor'> <InPorts = 2> <OutPorts = 1>
ST_1 : Operation 139 [1/1] (0.00ns) (grouped into LUT with out node add_ln46_67)   --->   "%and_ln46_133 = and i1 %or_ln46_203, i1 %tmp_405" [firmware/nnet_utils/nnet_activation.h:46]   --->   Operation 139 'and' 'and_ln46_133' <Predicate = (icmp_ln45_67)> <Delay = 0.00> <CoreInst = "LogicGate">   --->   Core 74 'LogicGate' <Latency = 0> <II = 1> <Delay = 0.12> <FuncUnit> <Opcode : 'and' 'or' 'xor'> <InPorts = 2> <OutPorts = 1>
ST_1 : Operation 140 [1/1] (0.00ns) (grouped into LUT with out node add_ln46_67)   --->   "%zext_ln46_67 = zext i1 %and_ln46_133" [firmware/nnet_utils/nnet_activation.h:46]   --->   Operation 140 'zext' 'zext_ln46_67' <Predicate = (icmp_ln45_67)> <Delay = 0.00>
ST_1 : Operation 141 [1/1] (0.70ns) (out node of the LUT)   --->   "%add_ln46_67 = add i6 %trunc_ln46_65, i6 %zext_ln46_67" [firmware/nnet_utils/nnet_activation.h:46]   --->   Operation 141 'add' 'add_ln46_67' <Predicate = (icmp_ln45_67)> <Delay = 0.70> <CoreInst = "Adder">   --->   Core 1 'Adder' <Latency = 0> <II = 1> <Delay = 0.70> <FuncUnit> <Opcode : 'add' 'sub'> <InPorts = 2> <OutPorts = 1>
ST_1 : Operation 142 [1/1] (0.00ns)   --->   "%tmp_408 = partselect i8 @_ssdm_op_PartSelect.i8.i19.i32.i32, i19 %data_5_val_read, i32 11, i32 18" [firmware/nnet_utils/nnet_activation.h:46]   --->   Operation 142 'partselect' 'tmp_408' <Predicate = (icmp_ln45_67)> <Delay = 0.00>
ST_1 : Operation 143 [1/1] (0.70ns)   --->   "%icmp_ln46_136 = icmp_eq  i8 %tmp_408, i8 0" [firmware/nnet_utils/nnet_activation.h:46]   --->   Operation 143 'icmp' 'icmp_ln46_136' <Predicate = (icmp_ln45_67)> <Delay = 0.70> <CoreInst = "Cmp">   --->   Core 9 'Cmp' <Latency = 0> <II = 1> <Delay = 0.70> <FuncUnit> <Opcode : 'seteq' 'setne' 'setle' 'setge' 'setlt' 'setgt'> <InPorts = 2> <OutPorts = 1>
ST_1 : Operation 144 [1/1] (0.00ns) (grouped into LUT with out node empty_85)   --->   "%tmp_409 = bitselect i1 @_ssdm_op_BitSelect.i1.i6.i32, i6 %add_ln46_67, i32 5" [firmware/nnet_utils/nnet_activation.h:46]   --->   Operation 144 'bitselect' 'tmp_409' <Predicate = (icmp_ln45_67)> <Delay = 0.00>
ST_1 : Operation 145 [1/1] (0.00ns) (grouped into LUT with out node empty_85)   --->   "%not_tmp_477 = xor i1 %tmp_406, i1 1" [firmware/nnet_utils/nnet_activation.h:46]   --->   Operation 145 'xor' 'not_tmp_477' <Predicate = (icmp_ln45_67)> <Delay = 0.00> <CoreInst = "LogicGate">   --->   Core 74 'LogicGate' <Latency = 0> <II = 1> <Delay = 0.12> <FuncUnit> <Opcode : 'and' 'or' 'xor'> <InPorts = 2> <OutPorts = 1>
ST_1 : Operation 146 [1/1] (0.00ns) (grouped into LUT with out node empty_85)   --->   "%and_ln46_136 = or i1 %tmp_409, i1 %not_tmp_477" [firmware/nnet_utils/nnet_activation.h:46]   --->   Operation 146 'or' 'and_ln46_136' <Predicate = (icmp_ln45_67)> <Delay = 0.00> <CoreInst = "LogicGate">   --->   Core 74 'LogicGate' <Latency = 0> <II = 1> <Delay = 0.12> <FuncUnit> <Opcode : 'and' 'or' 'xor'> <InPorts = 2> <OutPorts = 1>
ST_1 : Operation 147 [1/1] (0.12ns) (out node of the LUT)   --->   "%empty_85 = and i1 %icmp_ln46_136, i1 %and_ln46_136" [firmware/nnet_utils/nnet_activation.h:46]   --->   Operation 147 'and' 'empty_85' <Predicate = (icmp_ln45_67)> <Delay = 0.12> <CoreInst = "LogicGate">   --->   Core 74 'LogicGate' <Latency = 0> <II = 1> <Delay = 0.12> <FuncUnit> <Opcode : 'and' 'or' 'xor'> <InPorts = 2> <OutPorts = 1>
ST_1 : Operation 148 [1/1] (0.00ns) (grouped into LUT with out node select_ln46_204)   --->   "%or_ln46_204 = or i1 %empty_85, i1 %tmp_404" [firmware/nnet_utils/nnet_activation.h:46]   --->   Operation 148 'or' 'or_ln46_204' <Predicate = (or_ln46_205 & icmp_ln45_67)> <Delay = 0.00> <CoreInst = "LogicGate">   --->   Core 74 'LogicGate' <Latency = 0> <II = 1> <Delay = 0.12> <FuncUnit> <Opcode : 'and' 'or' 'xor'> <InPorts = 2> <OutPorts = 1>
ST_1 : Operation 149 [1/1] (0.00ns) (grouped into LUT with out node res_5_0)   --->   "%xor_ln46_67 = xor i1 %empty_85, i1 1" [firmware/nnet_utils/nnet_activation.h:46]   --->   Operation 149 'xor' 'xor_ln46_67' <Predicate = (icmp_ln45_67)> <Delay = 0.00> <CoreInst = "LogicGate">   --->   Core 74 'LogicGate' <Latency = 0> <II = 1> <Delay = 0.12> <FuncUnit> <Opcode : 'and' 'or' 'xor'> <InPorts = 2> <OutPorts = 1>
ST_1 : Operation 150 [1/1] (0.00ns) (grouped into LUT with out node res_5_0)   --->   "%or_ln46_205 = or i1 %tmp_404, i1 %xor_ln46_67" [firmware/nnet_utils/nnet_activation.h:46]   --->   Operation 150 'or' 'or_ln46_205' <Predicate = (icmp_ln45_67)> <Delay = 0.00> <CoreInst = "LogicGate">   --->   Core 74 'LogicGate' <Latency = 0> <II = 1> <Delay = 0.12> <FuncUnit> <Opcode : 'and' 'or' 'xor'> <InPorts = 2> <OutPorts = 1>
ST_1 : Operation 151 [1/1] (0.00ns) (grouped into LUT with out node select_ln46_204)   --->   "%select_ln46_203 = select i1 %tmp_404, i6 0, i6 %add_ln46_67" [firmware/nnet_utils/nnet_activation.h:46]   --->   Operation 151 'select' 'select_ln46_203' <Predicate = (or_ln46_204 & or_ln46_205 & icmp_ln45_67)> <Delay = 0.00> <CoreInst = "Sel">   --->   Core 73 'Sel' <Latency = 0> <II = 1> <Delay = 0.29> <FuncUnit> <Opcode : 'select'> <InPorts = 3> <OutPorts = 1>
ST_1 : Operation 152 [1/1] (0.29ns) (out node of the LUT)   --->   "%select_ln46_204 = select i1 %or_ln46_204, i6 %select_ln46_203, i6 63" [firmware/nnet_utils/nnet_activation.h:46]   --->   Operation 152 'select' 'select_ln46_204' <Predicate = (or_ln46_205 & icmp_ln45_67)> <Delay = 0.29> <CoreInst = "Sel">   --->   Core 73 'Sel' <Latency = 0> <II = 1> <Delay = 0.29> <FuncUnit> <Opcode : 'select'> <InPorts = 3> <OutPorts = 1>
ST_1 : Operation 153 [1/1] (0.00ns) (grouped into LUT with out node res_5_0)   --->   "%select_ln46_205 = select i1 %or_ln46_205, i6 %select_ln46_204, i6 %add_ln46_67" [firmware/nnet_utils/nnet_activation.h:46]   --->   Operation 153 'select' 'select_ln46_205' <Predicate = (icmp_ln45_67)> <Delay = 0.00> <CoreInst = "Sel">   --->   Core 73 'Sel' <Latency = 0> <II = 1> <Delay = 0.29> <FuncUnit> <Opcode : 'select'> <InPorts = 3> <OutPorts = 1>
ST_1 : Operation 154 [1/1] (0.29ns) (out node of the LUT)   --->   "%res_5_0 = select i1 %icmp_ln45_67, i6 %select_ln46_205, i6 0" [firmware/nnet_utils/nnet_activation.h:45]   --->   Operation 154 'select' 'res_5_0' <Predicate = true> <Delay = 0.29> <CoreInst = "Sel">   --->   Core 73 'Sel' <Latency = 0> <II = 1> <Delay = 0.29> <FuncUnit> <Opcode : 'select'> <InPorts = 3> <OutPorts = 1>
ST_1 : Operation 155 [1/1] (0.80ns)   --->   "%icmp_ln45_68 = icmp_sgt  i19 %data_6_val_read, i19 0" [firmware/nnet_utils/nnet_activation.h:45]   --->   Operation 155 'icmp' 'icmp_ln45_68' <Predicate = true> <Delay = 0.80> <CoreInst = "Cmp">   --->   Core 9 'Cmp' <Latency = 0> <II = 1> <Delay = 0.80> <FuncUnit> <Opcode : 'seteq' 'setne' 'setle' 'setge' 'setlt' 'setgt'> <InPorts = 2> <OutPorts = 1>
ST_1 : Operation 156 [1/1] (0.00ns)   --->   "%tmp_410 = bitselect i1 @_ssdm_op_BitSelect.i1.i19.i32, i19 %data_6_val_read, i32 18" [firmware/nnet_utils/nnet_activation.h:46]   --->   Operation 156 'bitselect' 'tmp_410' <Predicate = (icmp_ln45_68)> <Delay = 0.00>
ST_1 : Operation 157 [1/1] (0.00ns) (grouped into LUT with out node add_ln46_68)   --->   "%trunc_ln46_66 = partselect i6 @_ssdm_op_PartSelect.i6.i19.i32.i32, i19 %data_6_val_read, i32 5, i32 10" [firmware/nnet_utils/nnet_activation.h:46]   --->   Operation 157 'partselect' 'trunc_ln46_66' <Predicate = (icmp_ln45_68)> <Delay = 0.00>
ST_1 : Operation 158 [1/1] (0.00ns) (grouped into LUT with out node add_ln46_68)   --->   "%tmp_411 = bitselect i1 @_ssdm_op_BitSelect.i1.i19.i32, i19 %data_6_val_read, i32 4" [firmware/nnet_utils/nnet_activation.h:46]   --->   Operation 158 'bitselect' 'tmp_411' <Predicate = (icmp_ln45_68)> <Delay = 0.00>
ST_1 : Operation 159 [1/1] (0.00ns)   --->   "%trunc_ln46_130 = trunc i19 %data_6_val_read" [firmware/nnet_utils/nnet_activation.h:46]   --->   Operation 159 'trunc' 'trunc_ln46_130' <Predicate = (icmp_ln45_68)> <Delay = 0.00>
ST_1 : Operation 160 [1/1] (0.70ns)   --->   "%icmp_ln46_137 = icmp_ne  i4 %trunc_ln46_130, i4 0" [firmware/nnet_utils/nnet_activation.h:46]   --->   Operation 160 'icmp' 'icmp_ln46_137' <Predicate = (icmp_ln45_68)> <Delay = 0.70> <CoreInst = "Cmp">   --->   Core 9 'Cmp' <Latency = 0> <II = 1> <Delay = 0.70> <FuncUnit> <Opcode : 'seteq' 'setne' 'setle' 'setge' 'setlt' 'setgt'> <InPorts = 2> <OutPorts = 1>
ST_1 : Operation 161 [1/1] (0.00ns) (grouped into LUT with out node empty_86)   --->   "%tmp_412 = bitselect i1 @_ssdm_op_BitSelect.i1.i19.i32, i19 %data_6_val_read, i32 10" [firmware/nnet_utils/nnet_activation.h:46]   --->   Operation 161 'bitselect' 'tmp_412' <Predicate = (icmp_ln45_68)> <Delay = 0.00>
ST_1 : Operation 162 [1/1] (0.00ns) (grouped into LUT with out node add_ln46_68)   --->   "%tmp_413 = bitselect i1 @_ssdm_op_BitSelect.i1.i19.i32, i19 %data_6_val_read, i32 5" [firmware/nnet_utils/nnet_activation.h:46]   --->   Operation 162 'bitselect' 'tmp_413' <Predicate = (icmp_ln45_68)> <Delay = 0.00>
ST_1 : Operation 163 [1/1] (0.00ns) (grouped into LUT with out node add_ln46_68)   --->   "%or_ln46_206 = or i1 %tmp_413, i1 %icmp_ln46_137" [firmware/nnet_utils/nnet_activation.h:46]   --->   Operation 163 'or' 'or_ln46_206' <Predicate = (icmp_ln45_68)> <Delay = 0.00> <CoreInst = "LogicGate">   --->   Core 74 'LogicGate' <Latency = 0> <II = 1> <Delay = 0.12> <FuncUnit> <Opcode : 'and' 'or' 'xor'> <InPorts = 2> <OutPorts = 1>
ST_1 : Operation 164 [1/1] (0.00ns) (grouped into LUT with out node add_ln46_68)   --->   "%and_ln46_135 = and i1 %or_ln46_206, i1 %tmp_411" [firmware/nnet_utils/nnet_activation.h:46]   --->   Operation 164 'and' 'and_ln46_135' <Predicate = (icmp_ln45_68)> <Delay = 0.00> <CoreInst = "LogicGate">   --->   Core 74 'LogicGate' <Latency = 0> <II = 1> <Delay = 0.12> <FuncUnit> <Opcode : 'and' 'or' 'xor'> <InPorts = 2> <OutPorts = 1>
ST_1 : Operation 165 [1/1] (0.00ns) (grouped into LUT with out node add_ln46_68)   --->   "%zext_ln46_68 = zext i1 %and_ln46_135" [firmware/nnet_utils/nnet_activation.h:46]   --->   Operation 165 'zext' 'zext_ln46_68' <Predicate = (icmp_ln45_68)> <Delay = 0.00>
ST_1 : Operation 166 [1/1] (0.70ns) (out node of the LUT)   --->   "%add_ln46_68 = add i6 %trunc_ln46_66, i6 %zext_ln46_68" [firmware/nnet_utils/nnet_activation.h:46]   --->   Operation 166 'add' 'add_ln46_68' <Predicate = (icmp_ln45_68)> <Delay = 0.70> <CoreInst = "Adder">   --->   Core 1 'Adder' <Latency = 0> <II = 1> <Delay = 0.70> <FuncUnit> <Opcode : 'add' 'sub'> <InPorts = 2> <OutPorts = 1>
ST_1 : Operation 167 [1/1] (0.00ns)   --->   "%tmp_414 = partselect i8 @_ssdm_op_PartSelect.i8.i19.i32.i32, i19 %data_6_val_read, i32 11, i32 18" [firmware/nnet_utils/nnet_activation.h:46]   --->   Operation 167 'partselect' 'tmp_414' <Predicate = (icmp_ln45_68)> <Delay = 0.00>
ST_1 : Operation 168 [1/1] (0.70ns)   --->   "%icmp_ln46_138 = icmp_eq  i8 %tmp_414, i8 0" [firmware/nnet_utils/nnet_activation.h:46]   --->   Operation 168 'icmp' 'icmp_ln46_138' <Predicate = (icmp_ln45_68)> <Delay = 0.70> <CoreInst = "Cmp">   --->   Core 9 'Cmp' <Latency = 0> <II = 1> <Delay = 0.70> <FuncUnit> <Opcode : 'seteq' 'setne' 'setle' 'setge' 'setlt' 'setgt'> <InPorts = 2> <OutPorts = 1>
ST_1 : Operation 169 [1/1] (0.00ns) (grouped into LUT with out node empty_86)   --->   "%tmp_415 = bitselect i1 @_ssdm_op_BitSelect.i1.i6.i32, i6 %add_ln46_68, i32 5" [firmware/nnet_utils/nnet_activation.h:46]   --->   Operation 169 'bitselect' 'tmp_415' <Predicate = (icmp_ln45_68)> <Delay = 0.00>
ST_1 : Operation 170 [1/1] (0.00ns) (grouped into LUT with out node empty_86)   --->   "%not_tmp_484 = xor i1 %tmp_412, i1 1" [firmware/nnet_utils/nnet_activation.h:46]   --->   Operation 170 'xor' 'not_tmp_484' <Predicate = (icmp_ln45_68)> <Delay = 0.00> <CoreInst = "LogicGate">   --->   Core 74 'LogicGate' <Latency = 0> <II = 1> <Delay = 0.12> <FuncUnit> <Opcode : 'and' 'or' 'xor'> <InPorts = 2> <OutPorts = 1>
ST_1 : Operation 171 [1/1] (0.00ns) (grouped into LUT with out node empty_86)   --->   "%and_ln46_138 = or i1 %tmp_415, i1 %not_tmp_484" [firmware/nnet_utils/nnet_activation.h:46]   --->   Operation 171 'or' 'and_ln46_138' <Predicate = (icmp_ln45_68)> <Delay = 0.00> <CoreInst = "LogicGate">   --->   Core 74 'LogicGate' <Latency = 0> <II = 1> <Delay = 0.12> <FuncUnit> <Opcode : 'and' 'or' 'xor'> <InPorts = 2> <OutPorts = 1>
ST_1 : Operation 172 [1/1] (0.12ns) (out node of the LUT)   --->   "%empty_86 = and i1 %icmp_ln46_138, i1 %and_ln46_138" [firmware/nnet_utils/nnet_activation.h:46]   --->   Operation 172 'and' 'empty_86' <Predicate = (icmp_ln45_68)> <Delay = 0.12> <CoreInst = "LogicGate">   --->   Core 74 'LogicGate' <Latency = 0> <II = 1> <Delay = 0.12> <FuncUnit> <Opcode : 'and' 'or' 'xor'> <InPorts = 2> <OutPorts = 1>
ST_1 : Operation 173 [1/1] (0.00ns) (grouped into LUT with out node select_ln46_207)   --->   "%or_ln46_207 = or i1 %empty_86, i1 %tmp_410" [firmware/nnet_utils/nnet_activation.h:46]   --->   Operation 173 'or' 'or_ln46_207' <Predicate = (or_ln46_208 & icmp_ln45_68)> <Delay = 0.00> <CoreInst = "LogicGate">   --->   Core 74 'LogicGate' <Latency = 0> <II = 1> <Delay = 0.12> <FuncUnit> <Opcode : 'and' 'or' 'xor'> <InPorts = 2> <OutPorts = 1>
ST_1 : Operation 174 [1/1] (0.00ns) (grouped into LUT with out node res_6_0)   --->   "%xor_ln46_68 = xor i1 %empty_86, i1 1" [firmware/nnet_utils/nnet_activation.h:46]   --->   Operation 174 'xor' 'xor_ln46_68' <Predicate = (icmp_ln45_68)> <Delay = 0.00> <CoreInst = "LogicGate">   --->   Core 74 'LogicGate' <Latency = 0> <II = 1> <Delay = 0.12> <FuncUnit> <Opcode : 'and' 'or' 'xor'> <InPorts = 2> <OutPorts = 1>
ST_1 : Operation 175 [1/1] (0.00ns) (grouped into LUT with out node res_6_0)   --->   "%or_ln46_208 = or i1 %tmp_410, i1 %xor_ln46_68" [firmware/nnet_utils/nnet_activation.h:46]   --->   Operation 175 'or' 'or_ln46_208' <Predicate = (icmp_ln45_68)> <Delay = 0.00> <CoreInst = "LogicGate">   --->   Core 74 'LogicGate' <Latency = 0> <II = 1> <Delay = 0.12> <FuncUnit> <Opcode : 'and' 'or' 'xor'> <InPorts = 2> <OutPorts = 1>
ST_1 : Operation 176 [1/1] (0.00ns) (grouped into LUT with out node select_ln46_207)   --->   "%select_ln46_206 = select i1 %tmp_410, i6 0, i6 %add_ln46_68" [firmware/nnet_utils/nnet_activation.h:46]   --->   Operation 176 'select' 'select_ln46_206' <Predicate = (or_ln46_207 & or_ln46_208 & icmp_ln45_68)> <Delay = 0.00> <CoreInst = "Sel">   --->   Core 73 'Sel' <Latency = 0> <II = 1> <Delay = 0.29> <FuncUnit> <Opcode : 'select'> <InPorts = 3> <OutPorts = 1>
ST_1 : Operation 177 [1/1] (0.29ns) (out node of the LUT)   --->   "%select_ln46_207 = select i1 %or_ln46_207, i6 %select_ln46_206, i6 63" [firmware/nnet_utils/nnet_activation.h:46]   --->   Operation 177 'select' 'select_ln46_207' <Predicate = (or_ln46_208 & icmp_ln45_68)> <Delay = 0.29> <CoreInst = "Sel">   --->   Core 73 'Sel' <Latency = 0> <II = 1> <Delay = 0.29> <FuncUnit> <Opcode : 'select'> <InPorts = 3> <OutPorts = 1>
ST_1 : Operation 178 [1/1] (0.00ns) (grouped into LUT with out node res_6_0)   --->   "%select_ln46_208 = select i1 %or_ln46_208, i6 %select_ln46_207, i6 %add_ln46_68" [firmware/nnet_utils/nnet_activation.h:46]   --->   Operation 178 'select' 'select_ln46_208' <Predicate = (icmp_ln45_68)> <Delay = 0.00> <CoreInst = "Sel">   --->   Core 73 'Sel' <Latency = 0> <II = 1> <Delay = 0.29> <FuncUnit> <Opcode : 'select'> <InPorts = 3> <OutPorts = 1>
ST_1 : Operation 179 [1/1] (0.29ns) (out node of the LUT)   --->   "%res_6_0 = select i1 %icmp_ln45_68, i6 %select_ln46_208, i6 0" [firmware/nnet_utils/nnet_activation.h:45]   --->   Operation 179 'select' 'res_6_0' <Predicate = true> <Delay = 0.29> <CoreInst = "Sel">   --->   Core 73 'Sel' <Latency = 0> <II = 1> <Delay = 0.29> <FuncUnit> <Opcode : 'select'> <InPorts = 3> <OutPorts = 1>
ST_1 : Operation 180 [1/1] (0.80ns)   --->   "%icmp_ln45_69 = icmp_sgt  i19 %data_7_val_read, i19 0" [firmware/nnet_utils/nnet_activation.h:45]   --->   Operation 180 'icmp' 'icmp_ln45_69' <Predicate = true> <Delay = 0.80> <CoreInst = "Cmp">   --->   Core 9 'Cmp' <Latency = 0> <II = 1> <Delay = 0.80> <FuncUnit> <Opcode : 'seteq' 'setne' 'setle' 'setge' 'setlt' 'setgt'> <InPorts = 2> <OutPorts = 1>
ST_1 : Operation 181 [1/1] (0.00ns)   --->   "%tmp_416 = bitselect i1 @_ssdm_op_BitSelect.i1.i19.i32, i19 %data_7_val_read, i32 18" [firmware/nnet_utils/nnet_activation.h:46]   --->   Operation 181 'bitselect' 'tmp_416' <Predicate = (icmp_ln45_69)> <Delay = 0.00>
ST_1 : Operation 182 [1/1] (0.00ns) (grouped into LUT with out node add_ln46_69)   --->   "%trunc_ln46_67 = partselect i6 @_ssdm_op_PartSelect.i6.i19.i32.i32, i19 %data_7_val_read, i32 5, i32 10" [firmware/nnet_utils/nnet_activation.h:46]   --->   Operation 182 'partselect' 'trunc_ln46_67' <Predicate = (icmp_ln45_69)> <Delay = 0.00>
ST_1 : Operation 183 [1/1] (0.00ns) (grouped into LUT with out node add_ln46_69)   --->   "%tmp_417 = bitselect i1 @_ssdm_op_BitSelect.i1.i19.i32, i19 %data_7_val_read, i32 4" [firmware/nnet_utils/nnet_activation.h:46]   --->   Operation 183 'bitselect' 'tmp_417' <Predicate = (icmp_ln45_69)> <Delay = 0.00>
ST_1 : Operation 184 [1/1] (0.00ns)   --->   "%trunc_ln46_131 = trunc i19 %data_7_val_read" [firmware/nnet_utils/nnet_activation.h:46]   --->   Operation 184 'trunc' 'trunc_ln46_131' <Predicate = (icmp_ln45_69)> <Delay = 0.00>
ST_1 : Operation 185 [1/1] (0.70ns)   --->   "%icmp_ln46_139 = icmp_ne  i4 %trunc_ln46_131, i4 0" [firmware/nnet_utils/nnet_activation.h:46]   --->   Operation 185 'icmp' 'icmp_ln46_139' <Predicate = (icmp_ln45_69)> <Delay = 0.70> <CoreInst = "Cmp">   --->   Core 9 'Cmp' <Latency = 0> <II = 1> <Delay = 0.70> <FuncUnit> <Opcode : 'seteq' 'setne' 'setle' 'setge' 'setlt' 'setgt'> <InPorts = 2> <OutPorts = 1>
ST_1 : Operation 186 [1/1] (0.00ns) (grouped into LUT with out node empty_87)   --->   "%tmp_418 = bitselect i1 @_ssdm_op_BitSelect.i1.i19.i32, i19 %data_7_val_read, i32 10" [firmware/nnet_utils/nnet_activation.h:46]   --->   Operation 186 'bitselect' 'tmp_418' <Predicate = (icmp_ln45_69)> <Delay = 0.00>
ST_1 : Operation 187 [1/1] (0.00ns) (grouped into LUT with out node add_ln46_69)   --->   "%tmp_419 = bitselect i1 @_ssdm_op_BitSelect.i1.i19.i32, i19 %data_7_val_read, i32 5" [firmware/nnet_utils/nnet_activation.h:46]   --->   Operation 187 'bitselect' 'tmp_419' <Predicate = (icmp_ln45_69)> <Delay = 0.00>
ST_1 : Operation 188 [1/1] (0.00ns) (grouped into LUT with out node add_ln46_69)   --->   "%or_ln46_209 = or i1 %tmp_419, i1 %icmp_ln46_139" [firmware/nnet_utils/nnet_activation.h:46]   --->   Operation 188 'or' 'or_ln46_209' <Predicate = (icmp_ln45_69)> <Delay = 0.00> <CoreInst = "LogicGate">   --->   Core 74 'LogicGate' <Latency = 0> <II = 1> <Delay = 0.12> <FuncUnit> <Opcode : 'and' 'or' 'xor'> <InPorts = 2> <OutPorts = 1>
ST_1 : Operation 189 [1/1] (0.00ns) (grouped into LUT with out node add_ln46_69)   --->   "%and_ln46_137 = and i1 %or_ln46_209, i1 %tmp_417" [firmware/nnet_utils/nnet_activation.h:46]   --->   Operation 189 'and' 'and_ln46_137' <Predicate = (icmp_ln45_69)> <Delay = 0.00> <CoreInst = "LogicGate">   --->   Core 74 'LogicGate' <Latency = 0> <II = 1> <Delay = 0.12> <FuncUnit> <Opcode : 'and' 'or' 'xor'> <InPorts = 2> <OutPorts = 1>
ST_1 : Operation 190 [1/1] (0.00ns) (grouped into LUT with out node add_ln46_69)   --->   "%zext_ln46_69 = zext i1 %and_ln46_137" [firmware/nnet_utils/nnet_activation.h:46]   --->   Operation 190 'zext' 'zext_ln46_69' <Predicate = (icmp_ln45_69)> <Delay = 0.00>
ST_1 : Operation 191 [1/1] (0.70ns) (out node of the LUT)   --->   "%add_ln46_69 = add i6 %trunc_ln46_67, i6 %zext_ln46_69" [firmware/nnet_utils/nnet_activation.h:46]   --->   Operation 191 'add' 'add_ln46_69' <Predicate = (icmp_ln45_69)> <Delay = 0.70> <CoreInst = "Adder">   --->   Core 1 'Adder' <Latency = 0> <II = 1> <Delay = 0.70> <FuncUnit> <Opcode : 'add' 'sub'> <InPorts = 2> <OutPorts = 1>
ST_1 : Operation 192 [1/1] (0.00ns)   --->   "%tmp_420 = partselect i8 @_ssdm_op_PartSelect.i8.i19.i32.i32, i19 %data_7_val_read, i32 11, i32 18" [firmware/nnet_utils/nnet_activation.h:46]   --->   Operation 192 'partselect' 'tmp_420' <Predicate = (icmp_ln45_69)> <Delay = 0.00>
ST_1 : Operation 193 [1/1] (0.70ns)   --->   "%icmp_ln46_140 = icmp_eq  i8 %tmp_420, i8 0" [firmware/nnet_utils/nnet_activation.h:46]   --->   Operation 193 'icmp' 'icmp_ln46_140' <Predicate = (icmp_ln45_69)> <Delay = 0.70> <CoreInst = "Cmp">   --->   Core 9 'Cmp' <Latency = 0> <II = 1> <Delay = 0.70> <FuncUnit> <Opcode : 'seteq' 'setne' 'setle' 'setge' 'setlt' 'setgt'> <InPorts = 2> <OutPorts = 1>
ST_1 : Operation 194 [1/1] (0.00ns) (grouped into LUT with out node empty_87)   --->   "%tmp_421 = bitselect i1 @_ssdm_op_BitSelect.i1.i6.i32, i6 %add_ln46_69, i32 5" [firmware/nnet_utils/nnet_activation.h:46]   --->   Operation 194 'bitselect' 'tmp_421' <Predicate = (icmp_ln45_69)> <Delay = 0.00>
ST_1 : Operation 195 [1/1] (0.00ns) (grouped into LUT with out node empty_87)   --->   "%not_tmp_491 = xor i1 %tmp_418, i1 1" [firmware/nnet_utils/nnet_activation.h:46]   --->   Operation 195 'xor' 'not_tmp_491' <Predicate = (icmp_ln45_69)> <Delay = 0.00> <CoreInst = "LogicGate">   --->   Core 74 'LogicGate' <Latency = 0> <II = 1> <Delay = 0.12> <FuncUnit> <Opcode : 'and' 'or' 'xor'> <InPorts = 2> <OutPorts = 1>
ST_1 : Operation 196 [1/1] (0.00ns) (grouped into LUT with out node empty_87)   --->   "%and_ln46_140 = or i1 %tmp_421, i1 %not_tmp_491" [firmware/nnet_utils/nnet_activation.h:46]   --->   Operation 196 'or' 'and_ln46_140' <Predicate = (icmp_ln45_69)> <Delay = 0.00> <CoreInst = "LogicGate">   --->   Core 74 'LogicGate' <Latency = 0> <II = 1> <Delay = 0.12> <FuncUnit> <Opcode : 'and' 'or' 'xor'> <InPorts = 2> <OutPorts = 1>
ST_1 : Operation 197 [1/1] (0.12ns) (out node of the LUT)   --->   "%empty_87 = and i1 %icmp_ln46_140, i1 %and_ln46_140" [firmware/nnet_utils/nnet_activation.h:46]   --->   Operation 197 'and' 'empty_87' <Predicate = (icmp_ln45_69)> <Delay = 0.12> <CoreInst = "LogicGate">   --->   Core 74 'LogicGate' <Latency = 0> <II = 1> <Delay = 0.12> <FuncUnit> <Opcode : 'and' 'or' 'xor'> <InPorts = 2> <OutPorts = 1>
ST_1 : Operation 198 [1/1] (0.00ns) (grouped into LUT with out node select_ln46_210)   --->   "%or_ln46_210 = or i1 %empty_87, i1 %tmp_416" [firmware/nnet_utils/nnet_activation.h:46]   --->   Operation 198 'or' 'or_ln46_210' <Predicate = (or_ln46_211 & icmp_ln45_69)> <Delay = 0.00> <CoreInst = "LogicGate">   --->   Core 74 'LogicGate' <Latency = 0> <II = 1> <Delay = 0.12> <FuncUnit> <Opcode : 'and' 'or' 'xor'> <InPorts = 2> <OutPorts = 1>
ST_1 : Operation 199 [1/1] (0.00ns) (grouped into LUT with out node res_7_0)   --->   "%xor_ln46_69 = xor i1 %empty_87, i1 1" [firmware/nnet_utils/nnet_activation.h:46]   --->   Operation 199 'xor' 'xor_ln46_69' <Predicate = (icmp_ln45_69)> <Delay = 0.00> <CoreInst = "LogicGate">   --->   Core 74 'LogicGate' <Latency = 0> <II = 1> <Delay = 0.12> <FuncUnit> <Opcode : 'and' 'or' 'xor'> <InPorts = 2> <OutPorts = 1>
ST_1 : Operation 200 [1/1] (0.00ns) (grouped into LUT with out node res_7_0)   --->   "%or_ln46_211 = or i1 %tmp_416, i1 %xor_ln46_69" [firmware/nnet_utils/nnet_activation.h:46]   --->   Operation 200 'or' 'or_ln46_211' <Predicate = (icmp_ln45_69)> <Delay = 0.00> <CoreInst = "LogicGate">   --->   Core 74 'LogicGate' <Latency = 0> <II = 1> <Delay = 0.12> <FuncUnit> <Opcode : 'and' 'or' 'xor'> <InPorts = 2> <OutPorts = 1>
ST_1 : Operation 201 [1/1] (0.00ns) (grouped into LUT with out node select_ln46_210)   --->   "%select_ln46_209 = select i1 %tmp_416, i6 0, i6 %add_ln46_69" [firmware/nnet_utils/nnet_activation.h:46]   --->   Operation 201 'select' 'select_ln46_209' <Predicate = (or_ln46_210 & or_ln46_211 & icmp_ln45_69)> <Delay = 0.00> <CoreInst = "Sel">   --->   Core 73 'Sel' <Latency = 0> <II = 1> <Delay = 0.29> <FuncUnit> <Opcode : 'select'> <InPorts = 3> <OutPorts = 1>
ST_1 : Operation 202 [1/1] (0.29ns) (out node of the LUT)   --->   "%select_ln46_210 = select i1 %or_ln46_210, i6 %select_ln46_209, i6 63" [firmware/nnet_utils/nnet_activation.h:46]   --->   Operation 202 'select' 'select_ln46_210' <Predicate = (or_ln46_211 & icmp_ln45_69)> <Delay = 0.29> <CoreInst = "Sel">   --->   Core 73 'Sel' <Latency = 0> <II = 1> <Delay = 0.29> <FuncUnit> <Opcode : 'select'> <InPorts = 3> <OutPorts = 1>
ST_1 : Operation 203 [1/1] (0.00ns) (grouped into LUT with out node res_7_0)   --->   "%select_ln46_211 = select i1 %or_ln46_211, i6 %select_ln46_210, i6 %add_ln46_69" [firmware/nnet_utils/nnet_activation.h:46]   --->   Operation 203 'select' 'select_ln46_211' <Predicate = (icmp_ln45_69)> <Delay = 0.00> <CoreInst = "Sel">   --->   Core 73 'Sel' <Latency = 0> <II = 1> <Delay = 0.29> <FuncUnit> <Opcode : 'select'> <InPorts = 3> <OutPorts = 1>
ST_1 : Operation 204 [1/1] (0.29ns) (out node of the LUT)   --->   "%res_7_0 = select i1 %icmp_ln45_69, i6 %select_ln46_211, i6 0" [firmware/nnet_utils/nnet_activation.h:45]   --->   Operation 204 'select' 'res_7_0' <Predicate = true> <Delay = 0.29> <CoreInst = "Sel">   --->   Core 73 'Sel' <Latency = 0> <II = 1> <Delay = 0.29> <FuncUnit> <Opcode : 'select'> <InPorts = 3> <OutPorts = 1>
ST_1 : Operation 205 [1/1] (0.80ns)   --->   "%icmp_ln45_70 = icmp_sgt  i19 %data_8_val_read, i19 0" [firmware/nnet_utils/nnet_activation.h:45]   --->   Operation 205 'icmp' 'icmp_ln45_70' <Predicate = true> <Delay = 0.80> <CoreInst = "Cmp">   --->   Core 9 'Cmp' <Latency = 0> <II = 1> <Delay = 0.80> <FuncUnit> <Opcode : 'seteq' 'setne' 'setle' 'setge' 'setlt' 'setgt'> <InPorts = 2> <OutPorts = 1>
ST_1 : Operation 206 [1/1] (0.00ns)   --->   "%tmp_422 = bitselect i1 @_ssdm_op_BitSelect.i1.i19.i32, i19 %data_8_val_read, i32 18" [firmware/nnet_utils/nnet_activation.h:46]   --->   Operation 206 'bitselect' 'tmp_422' <Predicate = (icmp_ln45_70)> <Delay = 0.00>
ST_1 : Operation 207 [1/1] (0.00ns) (grouped into LUT with out node add_ln46_70)   --->   "%trunc_ln46_68 = partselect i6 @_ssdm_op_PartSelect.i6.i19.i32.i32, i19 %data_8_val_read, i32 5, i32 10" [firmware/nnet_utils/nnet_activation.h:46]   --->   Operation 207 'partselect' 'trunc_ln46_68' <Predicate = (icmp_ln45_70)> <Delay = 0.00>
ST_1 : Operation 208 [1/1] (0.00ns) (grouped into LUT with out node add_ln46_70)   --->   "%tmp_423 = bitselect i1 @_ssdm_op_BitSelect.i1.i19.i32, i19 %data_8_val_read, i32 4" [firmware/nnet_utils/nnet_activation.h:46]   --->   Operation 208 'bitselect' 'tmp_423' <Predicate = (icmp_ln45_70)> <Delay = 0.00>
ST_1 : Operation 209 [1/1] (0.00ns)   --->   "%trunc_ln46_132 = trunc i19 %data_8_val_read" [firmware/nnet_utils/nnet_activation.h:46]   --->   Operation 209 'trunc' 'trunc_ln46_132' <Predicate = (icmp_ln45_70)> <Delay = 0.00>
ST_1 : Operation 210 [1/1] (0.70ns)   --->   "%icmp_ln46_141 = icmp_ne  i4 %trunc_ln46_132, i4 0" [firmware/nnet_utils/nnet_activation.h:46]   --->   Operation 210 'icmp' 'icmp_ln46_141' <Predicate = (icmp_ln45_70)> <Delay = 0.70> <CoreInst = "Cmp">   --->   Core 9 'Cmp' <Latency = 0> <II = 1> <Delay = 0.70> <FuncUnit> <Opcode : 'seteq' 'setne' 'setle' 'setge' 'setlt' 'setgt'> <InPorts = 2> <OutPorts = 1>
ST_1 : Operation 211 [1/1] (0.00ns) (grouped into LUT with out node empty_88)   --->   "%tmp_424 = bitselect i1 @_ssdm_op_BitSelect.i1.i19.i32, i19 %data_8_val_read, i32 10" [firmware/nnet_utils/nnet_activation.h:46]   --->   Operation 211 'bitselect' 'tmp_424' <Predicate = (icmp_ln45_70)> <Delay = 0.00>
ST_1 : Operation 212 [1/1] (0.00ns) (grouped into LUT with out node add_ln46_70)   --->   "%tmp_425 = bitselect i1 @_ssdm_op_BitSelect.i1.i19.i32, i19 %data_8_val_read, i32 5" [firmware/nnet_utils/nnet_activation.h:46]   --->   Operation 212 'bitselect' 'tmp_425' <Predicate = (icmp_ln45_70)> <Delay = 0.00>
ST_1 : Operation 213 [1/1] (0.00ns) (grouped into LUT with out node add_ln46_70)   --->   "%or_ln46_212 = or i1 %tmp_425, i1 %icmp_ln46_141" [firmware/nnet_utils/nnet_activation.h:46]   --->   Operation 213 'or' 'or_ln46_212' <Predicate = (icmp_ln45_70)> <Delay = 0.00> <CoreInst = "LogicGate">   --->   Core 74 'LogicGate' <Latency = 0> <II = 1> <Delay = 0.12> <FuncUnit> <Opcode : 'and' 'or' 'xor'> <InPorts = 2> <OutPorts = 1>
ST_1 : Operation 214 [1/1] (0.00ns) (grouped into LUT with out node add_ln46_70)   --->   "%and_ln46_139 = and i1 %or_ln46_212, i1 %tmp_423" [firmware/nnet_utils/nnet_activation.h:46]   --->   Operation 214 'and' 'and_ln46_139' <Predicate = (icmp_ln45_70)> <Delay = 0.00> <CoreInst = "LogicGate">   --->   Core 74 'LogicGate' <Latency = 0> <II = 1> <Delay = 0.12> <FuncUnit> <Opcode : 'and' 'or' 'xor'> <InPorts = 2> <OutPorts = 1>
ST_1 : Operation 215 [1/1] (0.00ns) (grouped into LUT with out node add_ln46_70)   --->   "%zext_ln46_70 = zext i1 %and_ln46_139" [firmware/nnet_utils/nnet_activation.h:46]   --->   Operation 215 'zext' 'zext_ln46_70' <Predicate = (icmp_ln45_70)> <Delay = 0.00>
ST_1 : Operation 216 [1/1] (0.70ns) (out node of the LUT)   --->   "%add_ln46_70 = add i6 %trunc_ln46_68, i6 %zext_ln46_70" [firmware/nnet_utils/nnet_activation.h:46]   --->   Operation 216 'add' 'add_ln46_70' <Predicate = (icmp_ln45_70)> <Delay = 0.70> <CoreInst = "Adder">   --->   Core 1 'Adder' <Latency = 0> <II = 1> <Delay = 0.70> <FuncUnit> <Opcode : 'add' 'sub'> <InPorts = 2> <OutPorts = 1>
ST_1 : Operation 217 [1/1] (0.00ns)   --->   "%tmp_426 = partselect i8 @_ssdm_op_PartSelect.i8.i19.i32.i32, i19 %data_8_val_read, i32 11, i32 18" [firmware/nnet_utils/nnet_activation.h:46]   --->   Operation 217 'partselect' 'tmp_426' <Predicate = (icmp_ln45_70)> <Delay = 0.00>
ST_1 : Operation 218 [1/1] (0.70ns)   --->   "%icmp_ln46_142 = icmp_eq  i8 %tmp_426, i8 0" [firmware/nnet_utils/nnet_activation.h:46]   --->   Operation 218 'icmp' 'icmp_ln46_142' <Predicate = (icmp_ln45_70)> <Delay = 0.70> <CoreInst = "Cmp">   --->   Core 9 'Cmp' <Latency = 0> <II = 1> <Delay = 0.70> <FuncUnit> <Opcode : 'seteq' 'setne' 'setle' 'setge' 'setlt' 'setgt'> <InPorts = 2> <OutPorts = 1>
ST_1 : Operation 219 [1/1] (0.00ns) (grouped into LUT with out node empty_88)   --->   "%tmp_427 = bitselect i1 @_ssdm_op_BitSelect.i1.i6.i32, i6 %add_ln46_70, i32 5" [firmware/nnet_utils/nnet_activation.h:46]   --->   Operation 219 'bitselect' 'tmp_427' <Predicate = (icmp_ln45_70)> <Delay = 0.00>
ST_1 : Operation 220 [1/1] (0.00ns) (grouped into LUT with out node empty_88)   --->   "%not_tmp_498 = xor i1 %tmp_424, i1 1" [firmware/nnet_utils/nnet_activation.h:46]   --->   Operation 220 'xor' 'not_tmp_498' <Predicate = (icmp_ln45_70)> <Delay = 0.00> <CoreInst = "LogicGate">   --->   Core 74 'LogicGate' <Latency = 0> <II = 1> <Delay = 0.12> <FuncUnit> <Opcode : 'and' 'or' 'xor'> <InPorts = 2> <OutPorts = 1>
ST_1 : Operation 221 [1/1] (0.00ns) (grouped into LUT with out node empty_88)   --->   "%and_ln46_142 = or i1 %tmp_427, i1 %not_tmp_498" [firmware/nnet_utils/nnet_activation.h:46]   --->   Operation 221 'or' 'and_ln46_142' <Predicate = (icmp_ln45_70)> <Delay = 0.00> <CoreInst = "LogicGate">   --->   Core 74 'LogicGate' <Latency = 0> <II = 1> <Delay = 0.12> <FuncUnit> <Opcode : 'and' 'or' 'xor'> <InPorts = 2> <OutPorts = 1>
ST_1 : Operation 222 [1/1] (0.12ns) (out node of the LUT)   --->   "%empty_88 = and i1 %icmp_ln46_142, i1 %and_ln46_142" [firmware/nnet_utils/nnet_activation.h:46]   --->   Operation 222 'and' 'empty_88' <Predicate = (icmp_ln45_70)> <Delay = 0.12> <CoreInst = "LogicGate">   --->   Core 74 'LogicGate' <Latency = 0> <II = 1> <Delay = 0.12> <FuncUnit> <Opcode : 'and' 'or' 'xor'> <InPorts = 2> <OutPorts = 1>
ST_1 : Operation 223 [1/1] (0.00ns) (grouped into LUT with out node select_ln46_213)   --->   "%or_ln46_213 = or i1 %empty_88, i1 %tmp_422" [firmware/nnet_utils/nnet_activation.h:46]   --->   Operation 223 'or' 'or_ln46_213' <Predicate = (or_ln46_214 & icmp_ln45_70)> <Delay = 0.00> <CoreInst = "LogicGate">   --->   Core 74 'LogicGate' <Latency = 0> <II = 1> <Delay = 0.12> <FuncUnit> <Opcode : 'and' 'or' 'xor'> <InPorts = 2> <OutPorts = 1>
ST_1 : Operation 224 [1/1] (0.00ns) (grouped into LUT with out node res_8_0)   --->   "%xor_ln46_70 = xor i1 %empty_88, i1 1" [firmware/nnet_utils/nnet_activation.h:46]   --->   Operation 224 'xor' 'xor_ln46_70' <Predicate = (icmp_ln45_70)> <Delay = 0.00> <CoreInst = "LogicGate">   --->   Core 74 'LogicGate' <Latency = 0> <II = 1> <Delay = 0.12> <FuncUnit> <Opcode : 'and' 'or' 'xor'> <InPorts = 2> <OutPorts = 1>
ST_1 : Operation 225 [1/1] (0.00ns) (grouped into LUT with out node res_8_0)   --->   "%or_ln46_214 = or i1 %tmp_422, i1 %xor_ln46_70" [firmware/nnet_utils/nnet_activation.h:46]   --->   Operation 225 'or' 'or_ln46_214' <Predicate = (icmp_ln45_70)> <Delay = 0.00> <CoreInst = "LogicGate">   --->   Core 74 'LogicGate' <Latency = 0> <II = 1> <Delay = 0.12> <FuncUnit> <Opcode : 'and' 'or' 'xor'> <InPorts = 2> <OutPorts = 1>
ST_1 : Operation 226 [1/1] (0.00ns) (grouped into LUT with out node select_ln46_213)   --->   "%select_ln46_212 = select i1 %tmp_422, i6 0, i6 %add_ln46_70" [firmware/nnet_utils/nnet_activation.h:46]   --->   Operation 226 'select' 'select_ln46_212' <Predicate = (or_ln46_213 & or_ln46_214 & icmp_ln45_70)> <Delay = 0.00> <CoreInst = "Sel">   --->   Core 73 'Sel' <Latency = 0> <II = 1> <Delay = 0.29> <FuncUnit> <Opcode : 'select'> <InPorts = 3> <OutPorts = 1>
ST_1 : Operation 227 [1/1] (0.29ns) (out node of the LUT)   --->   "%select_ln46_213 = select i1 %or_ln46_213, i6 %select_ln46_212, i6 63" [firmware/nnet_utils/nnet_activation.h:46]   --->   Operation 227 'select' 'select_ln46_213' <Predicate = (or_ln46_214 & icmp_ln45_70)> <Delay = 0.29> <CoreInst = "Sel">   --->   Core 73 'Sel' <Latency = 0> <II = 1> <Delay = 0.29> <FuncUnit> <Opcode : 'select'> <InPorts = 3> <OutPorts = 1>
ST_1 : Operation 228 [1/1] (0.00ns) (grouped into LUT with out node res_8_0)   --->   "%select_ln46_214 = select i1 %or_ln46_214, i6 %select_ln46_213, i6 %add_ln46_70" [firmware/nnet_utils/nnet_activation.h:46]   --->   Operation 228 'select' 'select_ln46_214' <Predicate = (icmp_ln45_70)> <Delay = 0.00> <CoreInst = "Sel">   --->   Core 73 'Sel' <Latency = 0> <II = 1> <Delay = 0.29> <FuncUnit> <Opcode : 'select'> <InPorts = 3> <OutPorts = 1>
ST_1 : Operation 229 [1/1] (0.29ns) (out node of the LUT)   --->   "%res_8_0 = select i1 %icmp_ln45_70, i6 %select_ln46_214, i6 0" [firmware/nnet_utils/nnet_activation.h:45]   --->   Operation 229 'select' 'res_8_0' <Predicate = true> <Delay = 0.29> <CoreInst = "Sel">   --->   Core 73 'Sel' <Latency = 0> <II = 1> <Delay = 0.29> <FuncUnit> <Opcode : 'select'> <InPorts = 3> <OutPorts = 1>
ST_1 : Operation 230 [1/1] (0.80ns)   --->   "%icmp_ln45_71 = icmp_sgt  i19 %data_9_val_read, i19 0" [firmware/nnet_utils/nnet_activation.h:45]   --->   Operation 230 'icmp' 'icmp_ln45_71' <Predicate = true> <Delay = 0.80> <CoreInst = "Cmp">   --->   Core 9 'Cmp' <Latency = 0> <II = 1> <Delay = 0.80> <FuncUnit> <Opcode : 'seteq' 'setne' 'setle' 'setge' 'setlt' 'setgt'> <InPorts = 2> <OutPorts = 1>
ST_1 : Operation 231 [1/1] (0.00ns)   --->   "%tmp_428 = bitselect i1 @_ssdm_op_BitSelect.i1.i19.i32, i19 %data_9_val_read, i32 18" [firmware/nnet_utils/nnet_activation.h:46]   --->   Operation 231 'bitselect' 'tmp_428' <Predicate = (icmp_ln45_71)> <Delay = 0.00>
ST_1 : Operation 232 [1/1] (0.00ns) (grouped into LUT with out node add_ln46_71)   --->   "%trunc_ln46_69 = partselect i6 @_ssdm_op_PartSelect.i6.i19.i32.i32, i19 %data_9_val_read, i32 5, i32 10" [firmware/nnet_utils/nnet_activation.h:46]   --->   Operation 232 'partselect' 'trunc_ln46_69' <Predicate = (icmp_ln45_71)> <Delay = 0.00>
ST_1 : Operation 233 [1/1] (0.00ns) (grouped into LUT with out node add_ln46_71)   --->   "%tmp_429 = bitselect i1 @_ssdm_op_BitSelect.i1.i19.i32, i19 %data_9_val_read, i32 4" [firmware/nnet_utils/nnet_activation.h:46]   --->   Operation 233 'bitselect' 'tmp_429' <Predicate = (icmp_ln45_71)> <Delay = 0.00>
ST_1 : Operation 234 [1/1] (0.00ns)   --->   "%trunc_ln46_133 = trunc i19 %data_9_val_read" [firmware/nnet_utils/nnet_activation.h:46]   --->   Operation 234 'trunc' 'trunc_ln46_133' <Predicate = (icmp_ln45_71)> <Delay = 0.00>
ST_1 : Operation 235 [1/1] (0.70ns)   --->   "%icmp_ln46_143 = icmp_ne  i4 %trunc_ln46_133, i4 0" [firmware/nnet_utils/nnet_activation.h:46]   --->   Operation 235 'icmp' 'icmp_ln46_143' <Predicate = (icmp_ln45_71)> <Delay = 0.70> <CoreInst = "Cmp">   --->   Core 9 'Cmp' <Latency = 0> <II = 1> <Delay = 0.70> <FuncUnit> <Opcode : 'seteq' 'setne' 'setle' 'setge' 'setlt' 'setgt'> <InPorts = 2> <OutPorts = 1>
ST_1 : Operation 236 [1/1] (0.00ns) (grouped into LUT with out node empty_89)   --->   "%tmp_430 = bitselect i1 @_ssdm_op_BitSelect.i1.i19.i32, i19 %data_9_val_read, i32 10" [firmware/nnet_utils/nnet_activation.h:46]   --->   Operation 236 'bitselect' 'tmp_430' <Predicate = (icmp_ln45_71)> <Delay = 0.00>
ST_1 : Operation 237 [1/1] (0.00ns) (grouped into LUT with out node add_ln46_71)   --->   "%tmp_431 = bitselect i1 @_ssdm_op_BitSelect.i1.i19.i32, i19 %data_9_val_read, i32 5" [firmware/nnet_utils/nnet_activation.h:46]   --->   Operation 237 'bitselect' 'tmp_431' <Predicate = (icmp_ln45_71)> <Delay = 0.00>
ST_1 : Operation 238 [1/1] (0.00ns) (grouped into LUT with out node add_ln46_71)   --->   "%or_ln46_215 = or i1 %tmp_431, i1 %icmp_ln46_143" [firmware/nnet_utils/nnet_activation.h:46]   --->   Operation 238 'or' 'or_ln46_215' <Predicate = (icmp_ln45_71)> <Delay = 0.00> <CoreInst = "LogicGate">   --->   Core 74 'LogicGate' <Latency = 0> <II = 1> <Delay = 0.12> <FuncUnit> <Opcode : 'and' 'or' 'xor'> <InPorts = 2> <OutPorts = 1>
ST_1 : Operation 239 [1/1] (0.00ns) (grouped into LUT with out node add_ln46_71)   --->   "%and_ln46_141 = and i1 %or_ln46_215, i1 %tmp_429" [firmware/nnet_utils/nnet_activation.h:46]   --->   Operation 239 'and' 'and_ln46_141' <Predicate = (icmp_ln45_71)> <Delay = 0.00> <CoreInst = "LogicGate">   --->   Core 74 'LogicGate' <Latency = 0> <II = 1> <Delay = 0.12> <FuncUnit> <Opcode : 'and' 'or' 'xor'> <InPorts = 2> <OutPorts = 1>
ST_1 : Operation 240 [1/1] (0.00ns) (grouped into LUT with out node add_ln46_71)   --->   "%zext_ln46_71 = zext i1 %and_ln46_141" [firmware/nnet_utils/nnet_activation.h:46]   --->   Operation 240 'zext' 'zext_ln46_71' <Predicate = (icmp_ln45_71)> <Delay = 0.00>
ST_1 : Operation 241 [1/1] (0.70ns) (out node of the LUT)   --->   "%add_ln46_71 = add i6 %trunc_ln46_69, i6 %zext_ln46_71" [firmware/nnet_utils/nnet_activation.h:46]   --->   Operation 241 'add' 'add_ln46_71' <Predicate = (icmp_ln45_71)> <Delay = 0.70> <CoreInst = "Adder">   --->   Core 1 'Adder' <Latency = 0> <II = 1> <Delay = 0.70> <FuncUnit> <Opcode : 'add' 'sub'> <InPorts = 2> <OutPorts = 1>
ST_1 : Operation 242 [1/1] (0.00ns)   --->   "%tmp_432 = partselect i8 @_ssdm_op_PartSelect.i8.i19.i32.i32, i19 %data_9_val_read, i32 11, i32 18" [firmware/nnet_utils/nnet_activation.h:46]   --->   Operation 242 'partselect' 'tmp_432' <Predicate = (icmp_ln45_71)> <Delay = 0.00>
ST_1 : Operation 243 [1/1] (0.70ns)   --->   "%icmp_ln46_144 = icmp_eq  i8 %tmp_432, i8 0" [firmware/nnet_utils/nnet_activation.h:46]   --->   Operation 243 'icmp' 'icmp_ln46_144' <Predicate = (icmp_ln45_71)> <Delay = 0.70> <CoreInst = "Cmp">   --->   Core 9 'Cmp' <Latency = 0> <II = 1> <Delay = 0.70> <FuncUnit> <Opcode : 'seteq' 'setne' 'setle' 'setge' 'setlt' 'setgt'> <InPorts = 2> <OutPorts = 1>
ST_1 : Operation 244 [1/1] (0.00ns) (grouped into LUT with out node empty_89)   --->   "%tmp_433 = bitselect i1 @_ssdm_op_BitSelect.i1.i6.i32, i6 %add_ln46_71, i32 5" [firmware/nnet_utils/nnet_activation.h:46]   --->   Operation 244 'bitselect' 'tmp_433' <Predicate = (icmp_ln45_71)> <Delay = 0.00>
ST_1 : Operation 245 [1/1] (0.00ns) (grouped into LUT with out node empty_89)   --->   "%not_tmp_505 = xor i1 %tmp_430, i1 1" [firmware/nnet_utils/nnet_activation.h:46]   --->   Operation 245 'xor' 'not_tmp_505' <Predicate = (icmp_ln45_71)> <Delay = 0.00> <CoreInst = "LogicGate">   --->   Core 74 'LogicGate' <Latency = 0> <II = 1> <Delay = 0.12> <FuncUnit> <Opcode : 'and' 'or' 'xor'> <InPorts = 2> <OutPorts = 1>
ST_1 : Operation 246 [1/1] (0.00ns) (grouped into LUT with out node empty_89)   --->   "%and_ln46_144 = or i1 %tmp_433, i1 %not_tmp_505" [firmware/nnet_utils/nnet_activation.h:46]   --->   Operation 246 'or' 'and_ln46_144' <Predicate = (icmp_ln45_71)> <Delay = 0.00> <CoreInst = "LogicGate">   --->   Core 74 'LogicGate' <Latency = 0> <II = 1> <Delay = 0.12> <FuncUnit> <Opcode : 'and' 'or' 'xor'> <InPorts = 2> <OutPorts = 1>
ST_1 : Operation 247 [1/1] (0.12ns) (out node of the LUT)   --->   "%empty_89 = and i1 %icmp_ln46_144, i1 %and_ln46_144" [firmware/nnet_utils/nnet_activation.h:46]   --->   Operation 247 'and' 'empty_89' <Predicate = (icmp_ln45_71)> <Delay = 0.12> <CoreInst = "LogicGate">   --->   Core 74 'LogicGate' <Latency = 0> <II = 1> <Delay = 0.12> <FuncUnit> <Opcode : 'and' 'or' 'xor'> <InPorts = 2> <OutPorts = 1>
ST_1 : Operation 248 [1/1] (0.00ns) (grouped into LUT with out node select_ln46_216)   --->   "%or_ln46_216 = or i1 %empty_89, i1 %tmp_428" [firmware/nnet_utils/nnet_activation.h:46]   --->   Operation 248 'or' 'or_ln46_216' <Predicate = (or_ln46_217 & icmp_ln45_71)> <Delay = 0.00> <CoreInst = "LogicGate">   --->   Core 74 'LogicGate' <Latency = 0> <II = 1> <Delay = 0.12> <FuncUnit> <Opcode : 'and' 'or' 'xor'> <InPorts = 2> <OutPorts = 1>
ST_1 : Operation 249 [1/1] (0.00ns) (grouped into LUT with out node res_9_0)   --->   "%xor_ln46_71 = xor i1 %empty_89, i1 1" [firmware/nnet_utils/nnet_activation.h:46]   --->   Operation 249 'xor' 'xor_ln46_71' <Predicate = (icmp_ln45_71)> <Delay = 0.00> <CoreInst = "LogicGate">   --->   Core 74 'LogicGate' <Latency = 0> <II = 1> <Delay = 0.12> <FuncUnit> <Opcode : 'and' 'or' 'xor'> <InPorts = 2> <OutPorts = 1>
ST_1 : Operation 250 [1/1] (0.00ns) (grouped into LUT with out node res_9_0)   --->   "%or_ln46_217 = or i1 %tmp_428, i1 %xor_ln46_71" [firmware/nnet_utils/nnet_activation.h:46]   --->   Operation 250 'or' 'or_ln46_217' <Predicate = (icmp_ln45_71)> <Delay = 0.00> <CoreInst = "LogicGate">   --->   Core 74 'LogicGate' <Latency = 0> <II = 1> <Delay = 0.12> <FuncUnit> <Opcode : 'and' 'or' 'xor'> <InPorts = 2> <OutPorts = 1>
ST_1 : Operation 251 [1/1] (0.00ns) (grouped into LUT with out node select_ln46_216)   --->   "%select_ln46_215 = select i1 %tmp_428, i6 0, i6 %add_ln46_71" [firmware/nnet_utils/nnet_activation.h:46]   --->   Operation 251 'select' 'select_ln46_215' <Predicate = (or_ln46_216 & or_ln46_217 & icmp_ln45_71)> <Delay = 0.00> <CoreInst = "Sel">   --->   Core 73 'Sel' <Latency = 0> <II = 1> <Delay = 0.29> <FuncUnit> <Opcode : 'select'> <InPorts = 3> <OutPorts = 1>
ST_1 : Operation 252 [1/1] (0.29ns) (out node of the LUT)   --->   "%select_ln46_216 = select i1 %or_ln46_216, i6 %select_ln46_215, i6 63" [firmware/nnet_utils/nnet_activation.h:46]   --->   Operation 252 'select' 'select_ln46_216' <Predicate = (or_ln46_217 & icmp_ln45_71)> <Delay = 0.29> <CoreInst = "Sel">   --->   Core 73 'Sel' <Latency = 0> <II = 1> <Delay = 0.29> <FuncUnit> <Opcode : 'select'> <InPorts = 3> <OutPorts = 1>
ST_1 : Operation 253 [1/1] (0.00ns) (grouped into LUT with out node res_9_0)   --->   "%select_ln46_217 = select i1 %or_ln46_217, i6 %select_ln46_216, i6 %add_ln46_71" [firmware/nnet_utils/nnet_activation.h:46]   --->   Operation 253 'select' 'select_ln46_217' <Predicate = (icmp_ln45_71)> <Delay = 0.00> <CoreInst = "Sel">   --->   Core 73 'Sel' <Latency = 0> <II = 1> <Delay = 0.29> <FuncUnit> <Opcode : 'select'> <InPorts = 3> <OutPorts = 1>
ST_1 : Operation 254 [1/1] (0.29ns) (out node of the LUT)   --->   "%res_9_0 = select i1 %icmp_ln45_71, i6 %select_ln46_217, i6 0" [firmware/nnet_utils/nnet_activation.h:45]   --->   Operation 254 'select' 'res_9_0' <Predicate = true> <Delay = 0.29> <CoreInst = "Sel">   --->   Core 73 'Sel' <Latency = 0> <II = 1> <Delay = 0.29> <FuncUnit> <Opcode : 'select'> <InPorts = 3> <OutPorts = 1>
ST_1 : Operation 255 [1/1] (0.80ns)   --->   "%icmp_ln45_72 = icmp_sgt  i19 %data_10_val_read, i19 0" [firmware/nnet_utils/nnet_activation.h:45]   --->   Operation 255 'icmp' 'icmp_ln45_72' <Predicate = true> <Delay = 0.80> <CoreInst = "Cmp">   --->   Core 9 'Cmp' <Latency = 0> <II = 1> <Delay = 0.80> <FuncUnit> <Opcode : 'seteq' 'setne' 'setle' 'setge' 'setlt' 'setgt'> <InPorts = 2> <OutPorts = 1>
ST_1 : Operation 256 [1/1] (0.00ns)   --->   "%tmp_434 = bitselect i1 @_ssdm_op_BitSelect.i1.i19.i32, i19 %data_10_val_read, i32 18" [firmware/nnet_utils/nnet_activation.h:46]   --->   Operation 256 'bitselect' 'tmp_434' <Predicate = (icmp_ln45_72)> <Delay = 0.00>
ST_1 : Operation 257 [1/1] (0.00ns) (grouped into LUT with out node add_ln46_72)   --->   "%trunc_ln46_70 = partselect i6 @_ssdm_op_PartSelect.i6.i19.i32.i32, i19 %data_10_val_read, i32 5, i32 10" [firmware/nnet_utils/nnet_activation.h:46]   --->   Operation 257 'partselect' 'trunc_ln46_70' <Predicate = (icmp_ln45_72)> <Delay = 0.00>
ST_1 : Operation 258 [1/1] (0.00ns) (grouped into LUT with out node add_ln46_72)   --->   "%tmp_435 = bitselect i1 @_ssdm_op_BitSelect.i1.i19.i32, i19 %data_10_val_read, i32 4" [firmware/nnet_utils/nnet_activation.h:46]   --->   Operation 258 'bitselect' 'tmp_435' <Predicate = (icmp_ln45_72)> <Delay = 0.00>
ST_1 : Operation 259 [1/1] (0.00ns)   --->   "%trunc_ln46_134 = trunc i19 %data_10_val_read" [firmware/nnet_utils/nnet_activation.h:46]   --->   Operation 259 'trunc' 'trunc_ln46_134' <Predicate = (icmp_ln45_72)> <Delay = 0.00>
ST_1 : Operation 260 [1/1] (0.70ns)   --->   "%icmp_ln46_145 = icmp_ne  i4 %trunc_ln46_134, i4 0" [firmware/nnet_utils/nnet_activation.h:46]   --->   Operation 260 'icmp' 'icmp_ln46_145' <Predicate = (icmp_ln45_72)> <Delay = 0.70> <CoreInst = "Cmp">   --->   Core 9 'Cmp' <Latency = 0> <II = 1> <Delay = 0.70> <FuncUnit> <Opcode : 'seteq' 'setne' 'setle' 'setge' 'setlt' 'setgt'> <InPorts = 2> <OutPorts = 1>
ST_1 : Operation 261 [1/1] (0.00ns) (grouped into LUT with out node empty_90)   --->   "%tmp_436 = bitselect i1 @_ssdm_op_BitSelect.i1.i19.i32, i19 %data_10_val_read, i32 10" [firmware/nnet_utils/nnet_activation.h:46]   --->   Operation 261 'bitselect' 'tmp_436' <Predicate = (icmp_ln45_72)> <Delay = 0.00>
ST_1 : Operation 262 [1/1] (0.00ns) (grouped into LUT with out node add_ln46_72)   --->   "%tmp_437 = bitselect i1 @_ssdm_op_BitSelect.i1.i19.i32, i19 %data_10_val_read, i32 5" [firmware/nnet_utils/nnet_activation.h:46]   --->   Operation 262 'bitselect' 'tmp_437' <Predicate = (icmp_ln45_72)> <Delay = 0.00>
ST_1 : Operation 263 [1/1] (0.00ns) (grouped into LUT with out node add_ln46_72)   --->   "%or_ln46_218 = or i1 %tmp_437, i1 %icmp_ln46_145" [firmware/nnet_utils/nnet_activation.h:46]   --->   Operation 263 'or' 'or_ln46_218' <Predicate = (icmp_ln45_72)> <Delay = 0.00> <CoreInst = "LogicGate">   --->   Core 74 'LogicGate' <Latency = 0> <II = 1> <Delay = 0.12> <FuncUnit> <Opcode : 'and' 'or' 'xor'> <InPorts = 2> <OutPorts = 1>
ST_1 : Operation 264 [1/1] (0.00ns) (grouped into LUT with out node add_ln46_72)   --->   "%and_ln46_143 = and i1 %or_ln46_218, i1 %tmp_435" [firmware/nnet_utils/nnet_activation.h:46]   --->   Operation 264 'and' 'and_ln46_143' <Predicate = (icmp_ln45_72)> <Delay = 0.00> <CoreInst = "LogicGate">   --->   Core 74 'LogicGate' <Latency = 0> <II = 1> <Delay = 0.12> <FuncUnit> <Opcode : 'and' 'or' 'xor'> <InPorts = 2> <OutPorts = 1>
ST_1 : Operation 265 [1/1] (0.00ns) (grouped into LUT with out node add_ln46_72)   --->   "%zext_ln46_72 = zext i1 %and_ln46_143" [firmware/nnet_utils/nnet_activation.h:46]   --->   Operation 265 'zext' 'zext_ln46_72' <Predicate = (icmp_ln45_72)> <Delay = 0.00>
ST_1 : Operation 266 [1/1] (0.70ns) (out node of the LUT)   --->   "%add_ln46_72 = add i6 %trunc_ln46_70, i6 %zext_ln46_72" [firmware/nnet_utils/nnet_activation.h:46]   --->   Operation 266 'add' 'add_ln46_72' <Predicate = (icmp_ln45_72)> <Delay = 0.70> <CoreInst = "Adder">   --->   Core 1 'Adder' <Latency = 0> <II = 1> <Delay = 0.70> <FuncUnit> <Opcode : 'add' 'sub'> <InPorts = 2> <OutPorts = 1>
ST_1 : Operation 267 [1/1] (0.00ns)   --->   "%tmp_438 = partselect i8 @_ssdm_op_PartSelect.i8.i19.i32.i32, i19 %data_10_val_read, i32 11, i32 18" [firmware/nnet_utils/nnet_activation.h:46]   --->   Operation 267 'partselect' 'tmp_438' <Predicate = (icmp_ln45_72)> <Delay = 0.00>
ST_1 : Operation 268 [1/1] (0.70ns)   --->   "%icmp_ln46_146 = icmp_eq  i8 %tmp_438, i8 0" [firmware/nnet_utils/nnet_activation.h:46]   --->   Operation 268 'icmp' 'icmp_ln46_146' <Predicate = (icmp_ln45_72)> <Delay = 0.70> <CoreInst = "Cmp">   --->   Core 9 'Cmp' <Latency = 0> <II = 1> <Delay = 0.70> <FuncUnit> <Opcode : 'seteq' 'setne' 'setle' 'setge' 'setlt' 'setgt'> <InPorts = 2> <OutPorts = 1>
ST_1 : Operation 269 [1/1] (0.00ns) (grouped into LUT with out node empty_90)   --->   "%tmp_439 = bitselect i1 @_ssdm_op_BitSelect.i1.i6.i32, i6 %add_ln46_72, i32 5" [firmware/nnet_utils/nnet_activation.h:46]   --->   Operation 269 'bitselect' 'tmp_439' <Predicate = (icmp_ln45_72)> <Delay = 0.00>
ST_1 : Operation 270 [1/1] (0.00ns) (grouped into LUT with out node empty_90)   --->   "%not_tmp_512 = xor i1 %tmp_436, i1 1" [firmware/nnet_utils/nnet_activation.h:46]   --->   Operation 270 'xor' 'not_tmp_512' <Predicate = (icmp_ln45_72)> <Delay = 0.00> <CoreInst = "LogicGate">   --->   Core 74 'LogicGate' <Latency = 0> <II = 1> <Delay = 0.12> <FuncUnit> <Opcode : 'and' 'or' 'xor'> <InPorts = 2> <OutPorts = 1>
ST_1 : Operation 271 [1/1] (0.00ns) (grouped into LUT with out node empty_90)   --->   "%and_ln46_146 = or i1 %tmp_439, i1 %not_tmp_512" [firmware/nnet_utils/nnet_activation.h:46]   --->   Operation 271 'or' 'and_ln46_146' <Predicate = (icmp_ln45_72)> <Delay = 0.00> <CoreInst = "LogicGate">   --->   Core 74 'LogicGate' <Latency = 0> <II = 1> <Delay = 0.12> <FuncUnit> <Opcode : 'and' 'or' 'xor'> <InPorts = 2> <OutPorts = 1>
ST_1 : Operation 272 [1/1] (0.12ns) (out node of the LUT)   --->   "%empty_90 = and i1 %icmp_ln46_146, i1 %and_ln46_146" [firmware/nnet_utils/nnet_activation.h:46]   --->   Operation 272 'and' 'empty_90' <Predicate = (icmp_ln45_72)> <Delay = 0.12> <CoreInst = "LogicGate">   --->   Core 74 'LogicGate' <Latency = 0> <II = 1> <Delay = 0.12> <FuncUnit> <Opcode : 'and' 'or' 'xor'> <InPorts = 2> <OutPorts = 1>
ST_1 : Operation 273 [1/1] (0.00ns) (grouped into LUT with out node select_ln46_219)   --->   "%or_ln46_219 = or i1 %empty_90, i1 %tmp_434" [firmware/nnet_utils/nnet_activation.h:46]   --->   Operation 273 'or' 'or_ln46_219' <Predicate = (or_ln46_220 & icmp_ln45_72)> <Delay = 0.00> <CoreInst = "LogicGate">   --->   Core 74 'LogicGate' <Latency = 0> <II = 1> <Delay = 0.12> <FuncUnit> <Opcode : 'and' 'or' 'xor'> <InPorts = 2> <OutPorts = 1>
ST_1 : Operation 274 [1/1] (0.00ns) (grouped into LUT with out node res_10_0)   --->   "%xor_ln46_72 = xor i1 %empty_90, i1 1" [firmware/nnet_utils/nnet_activation.h:46]   --->   Operation 274 'xor' 'xor_ln46_72' <Predicate = (icmp_ln45_72)> <Delay = 0.00> <CoreInst = "LogicGate">   --->   Core 74 'LogicGate' <Latency = 0> <II = 1> <Delay = 0.12> <FuncUnit> <Opcode : 'and' 'or' 'xor'> <InPorts = 2> <OutPorts = 1>
ST_1 : Operation 275 [1/1] (0.00ns) (grouped into LUT with out node res_10_0)   --->   "%or_ln46_220 = or i1 %tmp_434, i1 %xor_ln46_72" [firmware/nnet_utils/nnet_activation.h:46]   --->   Operation 275 'or' 'or_ln46_220' <Predicate = (icmp_ln45_72)> <Delay = 0.00> <CoreInst = "LogicGate">   --->   Core 74 'LogicGate' <Latency = 0> <II = 1> <Delay = 0.12> <FuncUnit> <Opcode : 'and' 'or' 'xor'> <InPorts = 2> <OutPorts = 1>
ST_1 : Operation 276 [1/1] (0.00ns) (grouped into LUT with out node select_ln46_219)   --->   "%select_ln46_218 = select i1 %tmp_434, i6 0, i6 %add_ln46_72" [firmware/nnet_utils/nnet_activation.h:46]   --->   Operation 276 'select' 'select_ln46_218' <Predicate = (or_ln46_219 & or_ln46_220 & icmp_ln45_72)> <Delay = 0.00> <CoreInst = "Sel">   --->   Core 73 'Sel' <Latency = 0> <II = 1> <Delay = 0.29> <FuncUnit> <Opcode : 'select'> <InPorts = 3> <OutPorts = 1>
ST_1 : Operation 277 [1/1] (0.29ns) (out node of the LUT)   --->   "%select_ln46_219 = select i1 %or_ln46_219, i6 %select_ln46_218, i6 63" [firmware/nnet_utils/nnet_activation.h:46]   --->   Operation 277 'select' 'select_ln46_219' <Predicate = (or_ln46_220 & icmp_ln45_72)> <Delay = 0.29> <CoreInst = "Sel">   --->   Core 73 'Sel' <Latency = 0> <II = 1> <Delay = 0.29> <FuncUnit> <Opcode : 'select'> <InPorts = 3> <OutPorts = 1>
ST_1 : Operation 278 [1/1] (0.00ns) (grouped into LUT with out node res_10_0)   --->   "%select_ln46_220 = select i1 %or_ln46_220, i6 %select_ln46_219, i6 %add_ln46_72" [firmware/nnet_utils/nnet_activation.h:46]   --->   Operation 278 'select' 'select_ln46_220' <Predicate = (icmp_ln45_72)> <Delay = 0.00> <CoreInst = "Sel">   --->   Core 73 'Sel' <Latency = 0> <II = 1> <Delay = 0.29> <FuncUnit> <Opcode : 'select'> <InPorts = 3> <OutPorts = 1>
ST_1 : Operation 279 [1/1] (0.29ns) (out node of the LUT)   --->   "%res_10_0 = select i1 %icmp_ln45_72, i6 %select_ln46_220, i6 0" [firmware/nnet_utils/nnet_activation.h:45]   --->   Operation 279 'select' 'res_10_0' <Predicate = true> <Delay = 0.29> <CoreInst = "Sel">   --->   Core 73 'Sel' <Latency = 0> <II = 1> <Delay = 0.29> <FuncUnit> <Opcode : 'select'> <InPorts = 3> <OutPorts = 1>
ST_1 : Operation 280 [1/1] (0.80ns)   --->   "%icmp_ln45_73 = icmp_sgt  i19 %data_11_val_read, i19 0" [firmware/nnet_utils/nnet_activation.h:45]   --->   Operation 280 'icmp' 'icmp_ln45_73' <Predicate = true> <Delay = 0.80> <CoreInst = "Cmp">   --->   Core 9 'Cmp' <Latency = 0> <II = 1> <Delay = 0.80> <FuncUnit> <Opcode : 'seteq' 'setne' 'setle' 'setge' 'setlt' 'setgt'> <InPorts = 2> <OutPorts = 1>
ST_1 : Operation 281 [1/1] (0.00ns)   --->   "%tmp_440 = bitselect i1 @_ssdm_op_BitSelect.i1.i19.i32, i19 %data_11_val_read, i32 18" [firmware/nnet_utils/nnet_activation.h:46]   --->   Operation 281 'bitselect' 'tmp_440' <Predicate = (icmp_ln45_73)> <Delay = 0.00>
ST_1 : Operation 282 [1/1] (0.00ns) (grouped into LUT with out node add_ln46_73)   --->   "%trunc_ln46_71 = partselect i6 @_ssdm_op_PartSelect.i6.i19.i32.i32, i19 %data_11_val_read, i32 5, i32 10" [firmware/nnet_utils/nnet_activation.h:46]   --->   Operation 282 'partselect' 'trunc_ln46_71' <Predicate = (icmp_ln45_73)> <Delay = 0.00>
ST_1 : Operation 283 [1/1] (0.00ns) (grouped into LUT with out node add_ln46_73)   --->   "%tmp_441 = bitselect i1 @_ssdm_op_BitSelect.i1.i19.i32, i19 %data_11_val_read, i32 4" [firmware/nnet_utils/nnet_activation.h:46]   --->   Operation 283 'bitselect' 'tmp_441' <Predicate = (icmp_ln45_73)> <Delay = 0.00>
ST_1 : Operation 284 [1/1] (0.00ns)   --->   "%trunc_ln46_135 = trunc i19 %data_11_val_read" [firmware/nnet_utils/nnet_activation.h:46]   --->   Operation 284 'trunc' 'trunc_ln46_135' <Predicate = (icmp_ln45_73)> <Delay = 0.00>
ST_1 : Operation 285 [1/1] (0.70ns)   --->   "%icmp_ln46_147 = icmp_ne  i4 %trunc_ln46_135, i4 0" [firmware/nnet_utils/nnet_activation.h:46]   --->   Operation 285 'icmp' 'icmp_ln46_147' <Predicate = (icmp_ln45_73)> <Delay = 0.70> <CoreInst = "Cmp">   --->   Core 9 'Cmp' <Latency = 0> <II = 1> <Delay = 0.70> <FuncUnit> <Opcode : 'seteq' 'setne' 'setle' 'setge' 'setlt' 'setgt'> <InPorts = 2> <OutPorts = 1>
ST_1 : Operation 286 [1/1] (0.00ns) (grouped into LUT with out node empty_91)   --->   "%tmp_442 = bitselect i1 @_ssdm_op_BitSelect.i1.i19.i32, i19 %data_11_val_read, i32 10" [firmware/nnet_utils/nnet_activation.h:46]   --->   Operation 286 'bitselect' 'tmp_442' <Predicate = (icmp_ln45_73)> <Delay = 0.00>
ST_1 : Operation 287 [1/1] (0.00ns) (grouped into LUT with out node add_ln46_73)   --->   "%tmp_443 = bitselect i1 @_ssdm_op_BitSelect.i1.i19.i32, i19 %data_11_val_read, i32 5" [firmware/nnet_utils/nnet_activation.h:46]   --->   Operation 287 'bitselect' 'tmp_443' <Predicate = (icmp_ln45_73)> <Delay = 0.00>
ST_1 : Operation 288 [1/1] (0.00ns) (grouped into LUT with out node add_ln46_73)   --->   "%or_ln46_221 = or i1 %tmp_443, i1 %icmp_ln46_147" [firmware/nnet_utils/nnet_activation.h:46]   --->   Operation 288 'or' 'or_ln46_221' <Predicate = (icmp_ln45_73)> <Delay = 0.00> <CoreInst = "LogicGate">   --->   Core 74 'LogicGate' <Latency = 0> <II = 1> <Delay = 0.12> <FuncUnit> <Opcode : 'and' 'or' 'xor'> <InPorts = 2> <OutPorts = 1>
ST_1 : Operation 289 [1/1] (0.00ns) (grouped into LUT with out node add_ln46_73)   --->   "%and_ln46_145 = and i1 %or_ln46_221, i1 %tmp_441" [firmware/nnet_utils/nnet_activation.h:46]   --->   Operation 289 'and' 'and_ln46_145' <Predicate = (icmp_ln45_73)> <Delay = 0.00> <CoreInst = "LogicGate">   --->   Core 74 'LogicGate' <Latency = 0> <II = 1> <Delay = 0.12> <FuncUnit> <Opcode : 'and' 'or' 'xor'> <InPorts = 2> <OutPorts = 1>
ST_1 : Operation 290 [1/1] (0.00ns) (grouped into LUT with out node add_ln46_73)   --->   "%zext_ln46_73 = zext i1 %and_ln46_145" [firmware/nnet_utils/nnet_activation.h:46]   --->   Operation 290 'zext' 'zext_ln46_73' <Predicate = (icmp_ln45_73)> <Delay = 0.00>
ST_1 : Operation 291 [1/1] (0.70ns) (out node of the LUT)   --->   "%add_ln46_73 = add i6 %trunc_ln46_71, i6 %zext_ln46_73" [firmware/nnet_utils/nnet_activation.h:46]   --->   Operation 291 'add' 'add_ln46_73' <Predicate = (icmp_ln45_73)> <Delay = 0.70> <CoreInst = "Adder">   --->   Core 1 'Adder' <Latency = 0> <II = 1> <Delay = 0.70> <FuncUnit> <Opcode : 'add' 'sub'> <InPorts = 2> <OutPorts = 1>
ST_1 : Operation 292 [1/1] (0.00ns)   --->   "%tmp_444 = partselect i8 @_ssdm_op_PartSelect.i8.i19.i32.i32, i19 %data_11_val_read, i32 11, i32 18" [firmware/nnet_utils/nnet_activation.h:46]   --->   Operation 292 'partselect' 'tmp_444' <Predicate = (icmp_ln45_73)> <Delay = 0.00>
ST_1 : Operation 293 [1/1] (0.70ns)   --->   "%icmp_ln46_148 = icmp_eq  i8 %tmp_444, i8 0" [firmware/nnet_utils/nnet_activation.h:46]   --->   Operation 293 'icmp' 'icmp_ln46_148' <Predicate = (icmp_ln45_73)> <Delay = 0.70> <CoreInst = "Cmp">   --->   Core 9 'Cmp' <Latency = 0> <II = 1> <Delay = 0.70> <FuncUnit> <Opcode : 'seteq' 'setne' 'setle' 'setge' 'setlt' 'setgt'> <InPorts = 2> <OutPorts = 1>
ST_1 : Operation 294 [1/1] (0.00ns) (grouped into LUT with out node empty_91)   --->   "%tmp_445 = bitselect i1 @_ssdm_op_BitSelect.i1.i6.i32, i6 %add_ln46_73, i32 5" [firmware/nnet_utils/nnet_activation.h:46]   --->   Operation 294 'bitselect' 'tmp_445' <Predicate = (icmp_ln45_73)> <Delay = 0.00>
ST_1 : Operation 295 [1/1] (0.00ns) (grouped into LUT with out node empty_91)   --->   "%not_tmp_519 = xor i1 %tmp_442, i1 1" [firmware/nnet_utils/nnet_activation.h:46]   --->   Operation 295 'xor' 'not_tmp_519' <Predicate = (icmp_ln45_73)> <Delay = 0.00> <CoreInst = "LogicGate">   --->   Core 74 'LogicGate' <Latency = 0> <II = 1> <Delay = 0.12> <FuncUnit> <Opcode : 'and' 'or' 'xor'> <InPorts = 2> <OutPorts = 1>
ST_1 : Operation 296 [1/1] (0.00ns) (grouped into LUT with out node empty_91)   --->   "%and_ln46_148 = or i1 %tmp_445, i1 %not_tmp_519" [firmware/nnet_utils/nnet_activation.h:46]   --->   Operation 296 'or' 'and_ln46_148' <Predicate = (icmp_ln45_73)> <Delay = 0.00> <CoreInst = "LogicGate">   --->   Core 74 'LogicGate' <Latency = 0> <II = 1> <Delay = 0.12> <FuncUnit> <Opcode : 'and' 'or' 'xor'> <InPorts = 2> <OutPorts = 1>
ST_1 : Operation 297 [1/1] (0.12ns) (out node of the LUT)   --->   "%empty_91 = and i1 %icmp_ln46_148, i1 %and_ln46_148" [firmware/nnet_utils/nnet_activation.h:46]   --->   Operation 297 'and' 'empty_91' <Predicate = (icmp_ln45_73)> <Delay = 0.12> <CoreInst = "LogicGate">   --->   Core 74 'LogicGate' <Latency = 0> <II = 1> <Delay = 0.12> <FuncUnit> <Opcode : 'and' 'or' 'xor'> <InPorts = 2> <OutPorts = 1>
ST_1 : Operation 298 [1/1] (0.00ns) (grouped into LUT with out node select_ln46_222)   --->   "%or_ln46_222 = or i1 %empty_91, i1 %tmp_440" [firmware/nnet_utils/nnet_activation.h:46]   --->   Operation 298 'or' 'or_ln46_222' <Predicate = (or_ln46_223 & icmp_ln45_73)> <Delay = 0.00> <CoreInst = "LogicGate">   --->   Core 74 'LogicGate' <Latency = 0> <II = 1> <Delay = 0.12> <FuncUnit> <Opcode : 'and' 'or' 'xor'> <InPorts = 2> <OutPorts = 1>
ST_1 : Operation 299 [1/1] (0.00ns) (grouped into LUT with out node res_11_0)   --->   "%xor_ln46_73 = xor i1 %empty_91, i1 1" [firmware/nnet_utils/nnet_activation.h:46]   --->   Operation 299 'xor' 'xor_ln46_73' <Predicate = (icmp_ln45_73)> <Delay = 0.00> <CoreInst = "LogicGate">   --->   Core 74 'LogicGate' <Latency = 0> <II = 1> <Delay = 0.12> <FuncUnit> <Opcode : 'and' 'or' 'xor'> <InPorts = 2> <OutPorts = 1>
ST_1 : Operation 300 [1/1] (0.00ns) (grouped into LUT with out node res_11_0)   --->   "%or_ln46_223 = or i1 %tmp_440, i1 %xor_ln46_73" [firmware/nnet_utils/nnet_activation.h:46]   --->   Operation 300 'or' 'or_ln46_223' <Predicate = (icmp_ln45_73)> <Delay = 0.00> <CoreInst = "LogicGate">   --->   Core 74 'LogicGate' <Latency = 0> <II = 1> <Delay = 0.12> <FuncUnit> <Opcode : 'and' 'or' 'xor'> <InPorts = 2> <OutPorts = 1>
ST_1 : Operation 301 [1/1] (0.00ns) (grouped into LUT with out node select_ln46_222)   --->   "%select_ln46_221 = select i1 %tmp_440, i6 0, i6 %add_ln46_73" [firmware/nnet_utils/nnet_activation.h:46]   --->   Operation 301 'select' 'select_ln46_221' <Predicate = (or_ln46_222 & or_ln46_223 & icmp_ln45_73)> <Delay = 0.00> <CoreInst = "Sel">   --->   Core 73 'Sel' <Latency = 0> <II = 1> <Delay = 0.29> <FuncUnit> <Opcode : 'select'> <InPorts = 3> <OutPorts = 1>
ST_1 : Operation 302 [1/1] (0.29ns) (out node of the LUT)   --->   "%select_ln46_222 = select i1 %or_ln46_222, i6 %select_ln46_221, i6 63" [firmware/nnet_utils/nnet_activation.h:46]   --->   Operation 302 'select' 'select_ln46_222' <Predicate = (or_ln46_223 & icmp_ln45_73)> <Delay = 0.29> <CoreInst = "Sel">   --->   Core 73 'Sel' <Latency = 0> <II = 1> <Delay = 0.29> <FuncUnit> <Opcode : 'select'> <InPorts = 3> <OutPorts = 1>
ST_1 : Operation 303 [1/1] (0.00ns) (grouped into LUT with out node res_11_0)   --->   "%select_ln46_223 = select i1 %or_ln46_223, i6 %select_ln46_222, i6 %add_ln46_73" [firmware/nnet_utils/nnet_activation.h:46]   --->   Operation 303 'select' 'select_ln46_223' <Predicate = (icmp_ln45_73)> <Delay = 0.00> <CoreInst = "Sel">   --->   Core 73 'Sel' <Latency = 0> <II = 1> <Delay = 0.29> <FuncUnit> <Opcode : 'select'> <InPorts = 3> <OutPorts = 1>
ST_1 : Operation 304 [1/1] (0.29ns) (out node of the LUT)   --->   "%res_11_0 = select i1 %icmp_ln45_73, i6 %select_ln46_223, i6 0" [firmware/nnet_utils/nnet_activation.h:45]   --->   Operation 304 'select' 'res_11_0' <Predicate = true> <Delay = 0.29> <CoreInst = "Sel">   --->   Core 73 'Sel' <Latency = 0> <II = 1> <Delay = 0.29> <FuncUnit> <Opcode : 'select'> <InPorts = 3> <OutPorts = 1>
ST_1 : Operation 305 [1/1] (0.80ns)   --->   "%icmp_ln45_74 = icmp_sgt  i19 %data_13_val_read, i19 0" [firmware/nnet_utils/nnet_activation.h:45]   --->   Operation 305 'icmp' 'icmp_ln45_74' <Predicate = true> <Delay = 0.80> <CoreInst = "Cmp">   --->   Core 9 'Cmp' <Latency = 0> <II = 1> <Delay = 0.80> <FuncUnit> <Opcode : 'seteq' 'setne' 'setle' 'setge' 'setlt' 'setgt'> <InPorts = 2> <OutPorts = 1>
ST_1 : Operation 306 [1/1] (0.00ns)   --->   "%tmp_446 = bitselect i1 @_ssdm_op_BitSelect.i1.i19.i32, i19 %data_13_val_read, i32 18" [firmware/nnet_utils/nnet_activation.h:46]   --->   Operation 306 'bitselect' 'tmp_446' <Predicate = (icmp_ln45_74)> <Delay = 0.00>
ST_1 : Operation 307 [1/1] (0.00ns) (grouped into LUT with out node add_ln46_74)   --->   "%trunc_ln46_72 = partselect i6 @_ssdm_op_PartSelect.i6.i19.i32.i32, i19 %data_13_val_read, i32 5, i32 10" [firmware/nnet_utils/nnet_activation.h:46]   --->   Operation 307 'partselect' 'trunc_ln46_72' <Predicate = (icmp_ln45_74)> <Delay = 0.00>
ST_1 : Operation 308 [1/1] (0.00ns) (grouped into LUT with out node add_ln46_74)   --->   "%tmp_447 = bitselect i1 @_ssdm_op_BitSelect.i1.i19.i32, i19 %data_13_val_read, i32 4" [firmware/nnet_utils/nnet_activation.h:46]   --->   Operation 308 'bitselect' 'tmp_447' <Predicate = (icmp_ln45_74)> <Delay = 0.00>
ST_1 : Operation 309 [1/1] (0.00ns)   --->   "%trunc_ln46_136 = trunc i19 %data_13_val_read" [firmware/nnet_utils/nnet_activation.h:46]   --->   Operation 309 'trunc' 'trunc_ln46_136' <Predicate = (icmp_ln45_74)> <Delay = 0.00>
ST_1 : Operation 310 [1/1] (0.70ns)   --->   "%icmp_ln46_149 = icmp_ne  i4 %trunc_ln46_136, i4 0" [firmware/nnet_utils/nnet_activation.h:46]   --->   Operation 310 'icmp' 'icmp_ln46_149' <Predicate = (icmp_ln45_74)> <Delay = 0.70> <CoreInst = "Cmp">   --->   Core 9 'Cmp' <Latency = 0> <II = 1> <Delay = 0.70> <FuncUnit> <Opcode : 'seteq' 'setne' 'setle' 'setge' 'setlt' 'setgt'> <InPorts = 2> <OutPorts = 1>
ST_1 : Operation 311 [1/1] (0.00ns) (grouped into LUT with out node empty_92)   --->   "%tmp_448 = bitselect i1 @_ssdm_op_BitSelect.i1.i19.i32, i19 %data_13_val_read, i32 10" [firmware/nnet_utils/nnet_activation.h:46]   --->   Operation 311 'bitselect' 'tmp_448' <Predicate = (icmp_ln45_74)> <Delay = 0.00>
ST_1 : Operation 312 [1/1] (0.00ns) (grouped into LUT with out node add_ln46_74)   --->   "%tmp_449 = bitselect i1 @_ssdm_op_BitSelect.i1.i19.i32, i19 %data_13_val_read, i32 5" [firmware/nnet_utils/nnet_activation.h:46]   --->   Operation 312 'bitselect' 'tmp_449' <Predicate = (icmp_ln45_74)> <Delay = 0.00>
ST_1 : Operation 313 [1/1] (0.00ns) (grouped into LUT with out node add_ln46_74)   --->   "%or_ln46_224 = or i1 %tmp_449, i1 %icmp_ln46_149" [firmware/nnet_utils/nnet_activation.h:46]   --->   Operation 313 'or' 'or_ln46_224' <Predicate = (icmp_ln45_74)> <Delay = 0.00> <CoreInst = "LogicGate">   --->   Core 74 'LogicGate' <Latency = 0> <II = 1> <Delay = 0.12> <FuncUnit> <Opcode : 'and' 'or' 'xor'> <InPorts = 2> <OutPorts = 1>
ST_1 : Operation 314 [1/1] (0.00ns) (grouped into LUT with out node add_ln46_74)   --->   "%and_ln46_147 = and i1 %or_ln46_224, i1 %tmp_447" [firmware/nnet_utils/nnet_activation.h:46]   --->   Operation 314 'and' 'and_ln46_147' <Predicate = (icmp_ln45_74)> <Delay = 0.00> <CoreInst = "LogicGate">   --->   Core 74 'LogicGate' <Latency = 0> <II = 1> <Delay = 0.12> <FuncUnit> <Opcode : 'and' 'or' 'xor'> <InPorts = 2> <OutPorts = 1>
ST_1 : Operation 315 [1/1] (0.00ns) (grouped into LUT with out node add_ln46_74)   --->   "%zext_ln46_74 = zext i1 %and_ln46_147" [firmware/nnet_utils/nnet_activation.h:46]   --->   Operation 315 'zext' 'zext_ln46_74' <Predicate = (icmp_ln45_74)> <Delay = 0.00>
ST_1 : Operation 316 [1/1] (0.70ns) (out node of the LUT)   --->   "%add_ln46_74 = add i6 %trunc_ln46_72, i6 %zext_ln46_74" [firmware/nnet_utils/nnet_activation.h:46]   --->   Operation 316 'add' 'add_ln46_74' <Predicate = (icmp_ln45_74)> <Delay = 0.70> <CoreInst = "Adder">   --->   Core 1 'Adder' <Latency = 0> <II = 1> <Delay = 0.70> <FuncUnit> <Opcode : 'add' 'sub'> <InPorts = 2> <OutPorts = 1>
ST_1 : Operation 317 [1/1] (0.00ns)   --->   "%tmp_450 = partselect i8 @_ssdm_op_PartSelect.i8.i19.i32.i32, i19 %data_13_val_read, i32 11, i32 18" [firmware/nnet_utils/nnet_activation.h:46]   --->   Operation 317 'partselect' 'tmp_450' <Predicate = (icmp_ln45_74)> <Delay = 0.00>
ST_1 : Operation 318 [1/1] (0.70ns)   --->   "%icmp_ln46_150 = icmp_eq  i8 %tmp_450, i8 0" [firmware/nnet_utils/nnet_activation.h:46]   --->   Operation 318 'icmp' 'icmp_ln46_150' <Predicate = (icmp_ln45_74)> <Delay = 0.70> <CoreInst = "Cmp">   --->   Core 9 'Cmp' <Latency = 0> <II = 1> <Delay = 0.70> <FuncUnit> <Opcode : 'seteq' 'setne' 'setle' 'setge' 'setlt' 'setgt'> <InPorts = 2> <OutPorts = 1>
ST_1 : Operation 319 [1/1] (0.00ns) (grouped into LUT with out node empty_92)   --->   "%tmp_451 = bitselect i1 @_ssdm_op_BitSelect.i1.i6.i32, i6 %add_ln46_74, i32 5" [firmware/nnet_utils/nnet_activation.h:46]   --->   Operation 319 'bitselect' 'tmp_451' <Predicate = (icmp_ln45_74)> <Delay = 0.00>
ST_1 : Operation 320 [1/1] (0.00ns) (grouped into LUT with out node empty_92)   --->   "%not_tmp_526 = xor i1 %tmp_448, i1 1" [firmware/nnet_utils/nnet_activation.h:46]   --->   Operation 320 'xor' 'not_tmp_526' <Predicate = (icmp_ln45_74)> <Delay = 0.00> <CoreInst = "LogicGate">   --->   Core 74 'LogicGate' <Latency = 0> <II = 1> <Delay = 0.12> <FuncUnit> <Opcode : 'and' 'or' 'xor'> <InPorts = 2> <OutPorts = 1>
ST_1 : Operation 321 [1/1] (0.00ns) (grouped into LUT with out node empty_92)   --->   "%and_ln46_150 = or i1 %tmp_451, i1 %not_tmp_526" [firmware/nnet_utils/nnet_activation.h:46]   --->   Operation 321 'or' 'and_ln46_150' <Predicate = (icmp_ln45_74)> <Delay = 0.00> <CoreInst = "LogicGate">   --->   Core 74 'LogicGate' <Latency = 0> <II = 1> <Delay = 0.12> <FuncUnit> <Opcode : 'and' 'or' 'xor'> <InPorts = 2> <OutPorts = 1>
ST_1 : Operation 322 [1/1] (0.12ns) (out node of the LUT)   --->   "%empty_92 = and i1 %icmp_ln46_150, i1 %and_ln46_150" [firmware/nnet_utils/nnet_activation.h:46]   --->   Operation 322 'and' 'empty_92' <Predicate = (icmp_ln45_74)> <Delay = 0.12> <CoreInst = "LogicGate">   --->   Core 74 'LogicGate' <Latency = 0> <II = 1> <Delay = 0.12> <FuncUnit> <Opcode : 'and' 'or' 'xor'> <InPorts = 2> <OutPorts = 1>
ST_1 : Operation 323 [1/1] (0.00ns) (grouped into LUT with out node select_ln46_225)   --->   "%or_ln46_225 = or i1 %empty_92, i1 %tmp_446" [firmware/nnet_utils/nnet_activation.h:46]   --->   Operation 323 'or' 'or_ln46_225' <Predicate = (or_ln46_226 & icmp_ln45_74)> <Delay = 0.00> <CoreInst = "LogicGate">   --->   Core 74 'LogicGate' <Latency = 0> <II = 1> <Delay = 0.12> <FuncUnit> <Opcode : 'and' 'or' 'xor'> <InPorts = 2> <OutPorts = 1>
ST_1 : Operation 324 [1/1] (0.00ns) (grouped into LUT with out node res_13_0)   --->   "%xor_ln46_74 = xor i1 %empty_92, i1 1" [firmware/nnet_utils/nnet_activation.h:46]   --->   Operation 324 'xor' 'xor_ln46_74' <Predicate = (icmp_ln45_74)> <Delay = 0.00> <CoreInst = "LogicGate">   --->   Core 74 'LogicGate' <Latency = 0> <II = 1> <Delay = 0.12> <FuncUnit> <Opcode : 'and' 'or' 'xor'> <InPorts = 2> <OutPorts = 1>
ST_1 : Operation 325 [1/1] (0.00ns) (grouped into LUT with out node res_13_0)   --->   "%or_ln46_226 = or i1 %tmp_446, i1 %xor_ln46_74" [firmware/nnet_utils/nnet_activation.h:46]   --->   Operation 325 'or' 'or_ln46_226' <Predicate = (icmp_ln45_74)> <Delay = 0.00> <CoreInst = "LogicGate">   --->   Core 74 'LogicGate' <Latency = 0> <II = 1> <Delay = 0.12> <FuncUnit> <Opcode : 'and' 'or' 'xor'> <InPorts = 2> <OutPorts = 1>
ST_1 : Operation 326 [1/1] (0.00ns) (grouped into LUT with out node select_ln46_225)   --->   "%select_ln46_224 = select i1 %tmp_446, i6 0, i6 %add_ln46_74" [firmware/nnet_utils/nnet_activation.h:46]   --->   Operation 326 'select' 'select_ln46_224' <Predicate = (or_ln46_225 & or_ln46_226 & icmp_ln45_74)> <Delay = 0.00> <CoreInst = "Sel">   --->   Core 73 'Sel' <Latency = 0> <II = 1> <Delay = 0.29> <FuncUnit> <Opcode : 'select'> <InPorts = 3> <OutPorts = 1>
ST_1 : Operation 327 [1/1] (0.29ns) (out node of the LUT)   --->   "%select_ln46_225 = select i1 %or_ln46_225, i6 %select_ln46_224, i6 63" [firmware/nnet_utils/nnet_activation.h:46]   --->   Operation 327 'select' 'select_ln46_225' <Predicate = (or_ln46_226 & icmp_ln45_74)> <Delay = 0.29> <CoreInst = "Sel">   --->   Core 73 'Sel' <Latency = 0> <II = 1> <Delay = 0.29> <FuncUnit> <Opcode : 'select'> <InPorts = 3> <OutPorts = 1>
ST_1 : Operation 328 [1/1] (0.00ns) (grouped into LUT with out node res_13_0)   --->   "%select_ln46_226 = select i1 %or_ln46_226, i6 %select_ln46_225, i6 %add_ln46_74" [firmware/nnet_utils/nnet_activation.h:46]   --->   Operation 328 'select' 'select_ln46_226' <Predicate = (icmp_ln45_74)> <Delay = 0.00> <CoreInst = "Sel">   --->   Core 73 'Sel' <Latency = 0> <II = 1> <Delay = 0.29> <FuncUnit> <Opcode : 'select'> <InPorts = 3> <OutPorts = 1>
ST_1 : Operation 329 [1/1] (0.29ns) (out node of the LUT)   --->   "%res_13_0 = select i1 %icmp_ln45_74, i6 %select_ln46_226, i6 0" [firmware/nnet_utils/nnet_activation.h:45]   --->   Operation 329 'select' 'res_13_0' <Predicate = true> <Delay = 0.29> <CoreInst = "Sel">   --->   Core 73 'Sel' <Latency = 0> <II = 1> <Delay = 0.29> <FuncUnit> <Opcode : 'select'> <InPorts = 3> <OutPorts = 1>
ST_1 : Operation 330 [1/1] (0.80ns)   --->   "%icmp_ln45_75 = icmp_sgt  i19 %data_15_val_read, i19 0" [firmware/nnet_utils/nnet_activation.h:45]   --->   Operation 330 'icmp' 'icmp_ln45_75' <Predicate = true> <Delay = 0.80> <CoreInst = "Cmp">   --->   Core 9 'Cmp' <Latency = 0> <II = 1> <Delay = 0.80> <FuncUnit> <Opcode : 'seteq' 'setne' 'setle' 'setge' 'setlt' 'setgt'> <InPorts = 2> <OutPorts = 1>
ST_1 : Operation 331 [1/1] (0.00ns)   --->   "%tmp_452 = bitselect i1 @_ssdm_op_BitSelect.i1.i19.i32, i19 %data_15_val_read, i32 18" [firmware/nnet_utils/nnet_activation.h:46]   --->   Operation 331 'bitselect' 'tmp_452' <Predicate = (icmp_ln45_75)> <Delay = 0.00>
ST_1 : Operation 332 [1/1] (0.00ns) (grouped into LUT with out node add_ln46_75)   --->   "%trunc_ln46_73 = partselect i6 @_ssdm_op_PartSelect.i6.i19.i32.i32, i19 %data_15_val_read, i32 5, i32 10" [firmware/nnet_utils/nnet_activation.h:46]   --->   Operation 332 'partselect' 'trunc_ln46_73' <Predicate = (icmp_ln45_75)> <Delay = 0.00>
ST_1 : Operation 333 [1/1] (0.00ns) (grouped into LUT with out node add_ln46_75)   --->   "%tmp_453 = bitselect i1 @_ssdm_op_BitSelect.i1.i19.i32, i19 %data_15_val_read, i32 4" [firmware/nnet_utils/nnet_activation.h:46]   --->   Operation 333 'bitselect' 'tmp_453' <Predicate = (icmp_ln45_75)> <Delay = 0.00>
ST_1 : Operation 334 [1/1] (0.00ns)   --->   "%trunc_ln46_137 = trunc i19 %data_15_val_read" [firmware/nnet_utils/nnet_activation.h:46]   --->   Operation 334 'trunc' 'trunc_ln46_137' <Predicate = (icmp_ln45_75)> <Delay = 0.00>
ST_1 : Operation 335 [1/1] (0.70ns)   --->   "%icmp_ln46_151 = icmp_ne  i4 %trunc_ln46_137, i4 0" [firmware/nnet_utils/nnet_activation.h:46]   --->   Operation 335 'icmp' 'icmp_ln46_151' <Predicate = (icmp_ln45_75)> <Delay = 0.70> <CoreInst = "Cmp">   --->   Core 9 'Cmp' <Latency = 0> <II = 1> <Delay = 0.70> <FuncUnit> <Opcode : 'seteq' 'setne' 'setle' 'setge' 'setlt' 'setgt'> <InPorts = 2> <OutPorts = 1>
ST_1 : Operation 336 [1/1] (0.00ns) (grouped into LUT with out node empty_93)   --->   "%tmp_454 = bitselect i1 @_ssdm_op_BitSelect.i1.i19.i32, i19 %data_15_val_read, i32 10" [firmware/nnet_utils/nnet_activation.h:46]   --->   Operation 336 'bitselect' 'tmp_454' <Predicate = (icmp_ln45_75)> <Delay = 0.00>
ST_1 : Operation 337 [1/1] (0.00ns) (grouped into LUT with out node add_ln46_75)   --->   "%tmp_455 = bitselect i1 @_ssdm_op_BitSelect.i1.i19.i32, i19 %data_15_val_read, i32 5" [firmware/nnet_utils/nnet_activation.h:46]   --->   Operation 337 'bitselect' 'tmp_455' <Predicate = (icmp_ln45_75)> <Delay = 0.00>
ST_1 : Operation 338 [1/1] (0.00ns) (grouped into LUT with out node add_ln46_75)   --->   "%or_ln46_227 = or i1 %tmp_455, i1 %icmp_ln46_151" [firmware/nnet_utils/nnet_activation.h:46]   --->   Operation 338 'or' 'or_ln46_227' <Predicate = (icmp_ln45_75)> <Delay = 0.00> <CoreInst = "LogicGate">   --->   Core 74 'LogicGate' <Latency = 0> <II = 1> <Delay = 0.12> <FuncUnit> <Opcode : 'and' 'or' 'xor'> <InPorts = 2> <OutPorts = 1>
ST_1 : Operation 339 [1/1] (0.00ns) (grouped into LUT with out node add_ln46_75)   --->   "%and_ln46_149 = and i1 %or_ln46_227, i1 %tmp_453" [firmware/nnet_utils/nnet_activation.h:46]   --->   Operation 339 'and' 'and_ln46_149' <Predicate = (icmp_ln45_75)> <Delay = 0.00> <CoreInst = "LogicGate">   --->   Core 74 'LogicGate' <Latency = 0> <II = 1> <Delay = 0.12> <FuncUnit> <Opcode : 'and' 'or' 'xor'> <InPorts = 2> <OutPorts = 1>
ST_1 : Operation 340 [1/1] (0.00ns) (grouped into LUT with out node add_ln46_75)   --->   "%zext_ln46_75 = zext i1 %and_ln46_149" [firmware/nnet_utils/nnet_activation.h:46]   --->   Operation 340 'zext' 'zext_ln46_75' <Predicate = (icmp_ln45_75)> <Delay = 0.00>
ST_1 : Operation 341 [1/1] (0.70ns) (out node of the LUT)   --->   "%add_ln46_75 = add i6 %trunc_ln46_73, i6 %zext_ln46_75" [firmware/nnet_utils/nnet_activation.h:46]   --->   Operation 341 'add' 'add_ln46_75' <Predicate = (icmp_ln45_75)> <Delay = 0.70> <CoreInst = "Adder">   --->   Core 1 'Adder' <Latency = 0> <II = 1> <Delay = 0.70> <FuncUnit> <Opcode : 'add' 'sub'> <InPorts = 2> <OutPorts = 1>
ST_1 : Operation 342 [1/1] (0.00ns)   --->   "%tmp_456 = partselect i8 @_ssdm_op_PartSelect.i8.i19.i32.i32, i19 %data_15_val_read, i32 11, i32 18" [firmware/nnet_utils/nnet_activation.h:46]   --->   Operation 342 'partselect' 'tmp_456' <Predicate = (icmp_ln45_75)> <Delay = 0.00>
ST_1 : Operation 343 [1/1] (0.70ns)   --->   "%icmp_ln46_152 = icmp_eq  i8 %tmp_456, i8 0" [firmware/nnet_utils/nnet_activation.h:46]   --->   Operation 343 'icmp' 'icmp_ln46_152' <Predicate = (icmp_ln45_75)> <Delay = 0.70> <CoreInst = "Cmp">   --->   Core 9 'Cmp' <Latency = 0> <II = 1> <Delay = 0.70> <FuncUnit> <Opcode : 'seteq' 'setne' 'setle' 'setge' 'setlt' 'setgt'> <InPorts = 2> <OutPorts = 1>
ST_1 : Operation 344 [1/1] (0.00ns) (grouped into LUT with out node empty_93)   --->   "%tmp_457 = bitselect i1 @_ssdm_op_BitSelect.i1.i6.i32, i6 %add_ln46_75, i32 5" [firmware/nnet_utils/nnet_activation.h:46]   --->   Operation 344 'bitselect' 'tmp_457' <Predicate = (icmp_ln45_75)> <Delay = 0.00>
ST_1 : Operation 345 [1/1] (0.00ns) (grouped into LUT with out node empty_93)   --->   "%not_tmp_533 = xor i1 %tmp_454, i1 1" [firmware/nnet_utils/nnet_activation.h:46]   --->   Operation 345 'xor' 'not_tmp_533' <Predicate = (icmp_ln45_75)> <Delay = 0.00> <CoreInst = "LogicGate">   --->   Core 74 'LogicGate' <Latency = 0> <II = 1> <Delay = 0.12> <FuncUnit> <Opcode : 'and' 'or' 'xor'> <InPorts = 2> <OutPorts = 1>
ST_1 : Operation 346 [1/1] (0.00ns) (grouped into LUT with out node empty_93)   --->   "%and_ln46_152 = or i1 %tmp_457, i1 %not_tmp_533" [firmware/nnet_utils/nnet_activation.h:46]   --->   Operation 346 'or' 'and_ln46_152' <Predicate = (icmp_ln45_75)> <Delay = 0.00> <CoreInst = "LogicGate">   --->   Core 74 'LogicGate' <Latency = 0> <II = 1> <Delay = 0.12> <FuncUnit> <Opcode : 'and' 'or' 'xor'> <InPorts = 2> <OutPorts = 1>
ST_1 : Operation 347 [1/1] (0.12ns) (out node of the LUT)   --->   "%empty_93 = and i1 %icmp_ln46_152, i1 %and_ln46_152" [firmware/nnet_utils/nnet_activation.h:46]   --->   Operation 347 'and' 'empty_93' <Predicate = (icmp_ln45_75)> <Delay = 0.12> <CoreInst = "LogicGate">   --->   Core 74 'LogicGate' <Latency = 0> <II = 1> <Delay = 0.12> <FuncUnit> <Opcode : 'and' 'or' 'xor'> <InPorts = 2> <OutPorts = 1>
ST_1 : Operation 348 [1/1] (0.00ns) (grouped into LUT with out node select_ln46_228)   --->   "%or_ln46_228 = or i1 %empty_93, i1 %tmp_452" [firmware/nnet_utils/nnet_activation.h:46]   --->   Operation 348 'or' 'or_ln46_228' <Predicate = (or_ln46_229 & icmp_ln45_75)> <Delay = 0.00> <CoreInst = "LogicGate">   --->   Core 74 'LogicGate' <Latency = 0> <II = 1> <Delay = 0.12> <FuncUnit> <Opcode : 'and' 'or' 'xor'> <InPorts = 2> <OutPorts = 1>
ST_1 : Operation 349 [1/1] (0.00ns) (grouped into LUT with out node res_15_0)   --->   "%xor_ln46_75 = xor i1 %empty_93, i1 1" [firmware/nnet_utils/nnet_activation.h:46]   --->   Operation 349 'xor' 'xor_ln46_75' <Predicate = (icmp_ln45_75)> <Delay = 0.00> <CoreInst = "LogicGate">   --->   Core 74 'LogicGate' <Latency = 0> <II = 1> <Delay = 0.12> <FuncUnit> <Opcode : 'and' 'or' 'xor'> <InPorts = 2> <OutPorts = 1>
ST_1 : Operation 350 [1/1] (0.00ns) (grouped into LUT with out node res_15_0)   --->   "%or_ln46_229 = or i1 %tmp_452, i1 %xor_ln46_75" [firmware/nnet_utils/nnet_activation.h:46]   --->   Operation 350 'or' 'or_ln46_229' <Predicate = (icmp_ln45_75)> <Delay = 0.00> <CoreInst = "LogicGate">   --->   Core 74 'LogicGate' <Latency = 0> <II = 1> <Delay = 0.12> <FuncUnit> <Opcode : 'and' 'or' 'xor'> <InPorts = 2> <OutPorts = 1>
ST_1 : Operation 351 [1/1] (0.00ns) (grouped into LUT with out node select_ln46_228)   --->   "%select_ln46_227 = select i1 %tmp_452, i6 0, i6 %add_ln46_75" [firmware/nnet_utils/nnet_activation.h:46]   --->   Operation 351 'select' 'select_ln46_227' <Predicate = (or_ln46_228 & or_ln46_229 & icmp_ln45_75)> <Delay = 0.00> <CoreInst = "Sel">   --->   Core 73 'Sel' <Latency = 0> <II = 1> <Delay = 0.29> <FuncUnit> <Opcode : 'select'> <InPorts = 3> <OutPorts = 1>
ST_1 : Operation 352 [1/1] (0.29ns) (out node of the LUT)   --->   "%select_ln46_228 = select i1 %or_ln46_228, i6 %select_ln46_227, i6 63" [firmware/nnet_utils/nnet_activation.h:46]   --->   Operation 352 'select' 'select_ln46_228' <Predicate = (or_ln46_229 & icmp_ln45_75)> <Delay = 0.29> <CoreInst = "Sel">   --->   Core 73 'Sel' <Latency = 0> <II = 1> <Delay = 0.29> <FuncUnit> <Opcode : 'select'> <InPorts = 3> <OutPorts = 1>
ST_1 : Operation 353 [1/1] (0.00ns) (grouped into LUT with out node res_15_0)   --->   "%select_ln46_229 = select i1 %or_ln46_229, i6 %select_ln46_228, i6 %add_ln46_75" [firmware/nnet_utils/nnet_activation.h:46]   --->   Operation 353 'select' 'select_ln46_229' <Predicate = (icmp_ln45_75)> <Delay = 0.00> <CoreInst = "Sel">   --->   Core 73 'Sel' <Latency = 0> <II = 1> <Delay = 0.29> <FuncUnit> <Opcode : 'select'> <InPorts = 3> <OutPorts = 1>
ST_1 : Operation 354 [1/1] (0.29ns) (out node of the LUT)   --->   "%res_15_0 = select i1 %icmp_ln45_75, i6 %select_ln46_229, i6 0" [firmware/nnet_utils/nnet_activation.h:45]   --->   Operation 354 'select' 'res_15_0' <Predicate = true> <Delay = 0.29> <CoreInst = "Sel">   --->   Core 73 'Sel' <Latency = 0> <II = 1> <Delay = 0.29> <FuncUnit> <Opcode : 'select'> <InPorts = 3> <OutPorts = 1>
ST_1 : Operation 355 [1/1] (0.80ns)   --->   "%icmp_ln45_76 = icmp_sgt  i19 %data_16_val_read, i19 0" [firmware/nnet_utils/nnet_activation.h:45]   --->   Operation 355 'icmp' 'icmp_ln45_76' <Predicate = true> <Delay = 0.80> <CoreInst = "Cmp">   --->   Core 9 'Cmp' <Latency = 0> <II = 1> <Delay = 0.80> <FuncUnit> <Opcode : 'seteq' 'setne' 'setle' 'setge' 'setlt' 'setgt'> <InPorts = 2> <OutPorts = 1>
ST_1 : Operation 356 [1/1] (0.00ns)   --->   "%tmp_458 = bitselect i1 @_ssdm_op_BitSelect.i1.i19.i32, i19 %data_16_val_read, i32 18" [firmware/nnet_utils/nnet_activation.h:46]   --->   Operation 356 'bitselect' 'tmp_458' <Predicate = (icmp_ln45_76)> <Delay = 0.00>
ST_1 : Operation 357 [1/1] (0.00ns) (grouped into LUT with out node add_ln46_76)   --->   "%trunc_ln46_74 = partselect i6 @_ssdm_op_PartSelect.i6.i19.i32.i32, i19 %data_16_val_read, i32 5, i32 10" [firmware/nnet_utils/nnet_activation.h:46]   --->   Operation 357 'partselect' 'trunc_ln46_74' <Predicate = (icmp_ln45_76)> <Delay = 0.00>
ST_1 : Operation 358 [1/1] (0.00ns) (grouped into LUT with out node add_ln46_76)   --->   "%tmp_459 = bitselect i1 @_ssdm_op_BitSelect.i1.i19.i32, i19 %data_16_val_read, i32 4" [firmware/nnet_utils/nnet_activation.h:46]   --->   Operation 358 'bitselect' 'tmp_459' <Predicate = (icmp_ln45_76)> <Delay = 0.00>
ST_1 : Operation 359 [1/1] (0.00ns)   --->   "%trunc_ln46_138 = trunc i19 %data_16_val_read" [firmware/nnet_utils/nnet_activation.h:46]   --->   Operation 359 'trunc' 'trunc_ln46_138' <Predicate = (icmp_ln45_76)> <Delay = 0.00>
ST_1 : Operation 360 [1/1] (0.70ns)   --->   "%icmp_ln46_153 = icmp_ne  i4 %trunc_ln46_138, i4 0" [firmware/nnet_utils/nnet_activation.h:46]   --->   Operation 360 'icmp' 'icmp_ln46_153' <Predicate = (icmp_ln45_76)> <Delay = 0.70> <CoreInst = "Cmp">   --->   Core 9 'Cmp' <Latency = 0> <II = 1> <Delay = 0.70> <FuncUnit> <Opcode : 'seteq' 'setne' 'setle' 'setge' 'setlt' 'setgt'> <InPorts = 2> <OutPorts = 1>
ST_1 : Operation 361 [1/1] (0.00ns) (grouped into LUT with out node empty_94)   --->   "%tmp_460 = bitselect i1 @_ssdm_op_BitSelect.i1.i19.i32, i19 %data_16_val_read, i32 10" [firmware/nnet_utils/nnet_activation.h:46]   --->   Operation 361 'bitselect' 'tmp_460' <Predicate = (icmp_ln45_76)> <Delay = 0.00>
ST_1 : Operation 362 [1/1] (0.00ns) (grouped into LUT with out node add_ln46_76)   --->   "%tmp_461 = bitselect i1 @_ssdm_op_BitSelect.i1.i19.i32, i19 %data_16_val_read, i32 5" [firmware/nnet_utils/nnet_activation.h:46]   --->   Operation 362 'bitselect' 'tmp_461' <Predicate = (icmp_ln45_76)> <Delay = 0.00>
ST_1 : Operation 363 [1/1] (0.00ns) (grouped into LUT with out node add_ln46_76)   --->   "%or_ln46_230 = or i1 %tmp_461, i1 %icmp_ln46_153" [firmware/nnet_utils/nnet_activation.h:46]   --->   Operation 363 'or' 'or_ln46_230' <Predicate = (icmp_ln45_76)> <Delay = 0.00> <CoreInst = "LogicGate">   --->   Core 74 'LogicGate' <Latency = 0> <II = 1> <Delay = 0.12> <FuncUnit> <Opcode : 'and' 'or' 'xor'> <InPorts = 2> <OutPorts = 1>
ST_1 : Operation 364 [1/1] (0.00ns) (grouped into LUT with out node add_ln46_76)   --->   "%and_ln46_151 = and i1 %or_ln46_230, i1 %tmp_459" [firmware/nnet_utils/nnet_activation.h:46]   --->   Operation 364 'and' 'and_ln46_151' <Predicate = (icmp_ln45_76)> <Delay = 0.00> <CoreInst = "LogicGate">   --->   Core 74 'LogicGate' <Latency = 0> <II = 1> <Delay = 0.12> <FuncUnit> <Opcode : 'and' 'or' 'xor'> <InPorts = 2> <OutPorts = 1>
ST_1 : Operation 365 [1/1] (0.00ns) (grouped into LUT with out node add_ln46_76)   --->   "%zext_ln46_76 = zext i1 %and_ln46_151" [firmware/nnet_utils/nnet_activation.h:46]   --->   Operation 365 'zext' 'zext_ln46_76' <Predicate = (icmp_ln45_76)> <Delay = 0.00>
ST_1 : Operation 366 [1/1] (0.70ns) (out node of the LUT)   --->   "%add_ln46_76 = add i6 %trunc_ln46_74, i6 %zext_ln46_76" [firmware/nnet_utils/nnet_activation.h:46]   --->   Operation 366 'add' 'add_ln46_76' <Predicate = (icmp_ln45_76)> <Delay = 0.70> <CoreInst = "Adder">   --->   Core 1 'Adder' <Latency = 0> <II = 1> <Delay = 0.70> <FuncUnit> <Opcode : 'add' 'sub'> <InPorts = 2> <OutPorts = 1>
ST_1 : Operation 367 [1/1] (0.00ns)   --->   "%tmp_462 = partselect i8 @_ssdm_op_PartSelect.i8.i19.i32.i32, i19 %data_16_val_read, i32 11, i32 18" [firmware/nnet_utils/nnet_activation.h:46]   --->   Operation 367 'partselect' 'tmp_462' <Predicate = (icmp_ln45_76)> <Delay = 0.00>
ST_1 : Operation 368 [1/1] (0.70ns)   --->   "%icmp_ln46_154 = icmp_eq  i8 %tmp_462, i8 0" [firmware/nnet_utils/nnet_activation.h:46]   --->   Operation 368 'icmp' 'icmp_ln46_154' <Predicate = (icmp_ln45_76)> <Delay = 0.70> <CoreInst = "Cmp">   --->   Core 9 'Cmp' <Latency = 0> <II = 1> <Delay = 0.70> <FuncUnit> <Opcode : 'seteq' 'setne' 'setle' 'setge' 'setlt' 'setgt'> <InPorts = 2> <OutPorts = 1>
ST_1 : Operation 369 [1/1] (0.00ns) (grouped into LUT with out node empty_94)   --->   "%tmp_463 = bitselect i1 @_ssdm_op_BitSelect.i1.i6.i32, i6 %add_ln46_76, i32 5" [firmware/nnet_utils/nnet_activation.h:46]   --->   Operation 369 'bitselect' 'tmp_463' <Predicate = (icmp_ln45_76)> <Delay = 0.00>
ST_1 : Operation 370 [1/1] (0.00ns) (grouped into LUT with out node empty_94)   --->   "%not_tmp_540 = xor i1 %tmp_460, i1 1" [firmware/nnet_utils/nnet_activation.h:46]   --->   Operation 370 'xor' 'not_tmp_540' <Predicate = (icmp_ln45_76)> <Delay = 0.00> <CoreInst = "LogicGate">   --->   Core 74 'LogicGate' <Latency = 0> <II = 1> <Delay = 0.12> <FuncUnit> <Opcode : 'and' 'or' 'xor'> <InPorts = 2> <OutPorts = 1>
ST_1 : Operation 371 [1/1] (0.00ns) (grouped into LUT with out node empty_94)   --->   "%and_ln46_154 = or i1 %tmp_463, i1 %not_tmp_540" [firmware/nnet_utils/nnet_activation.h:46]   --->   Operation 371 'or' 'and_ln46_154' <Predicate = (icmp_ln45_76)> <Delay = 0.00> <CoreInst = "LogicGate">   --->   Core 74 'LogicGate' <Latency = 0> <II = 1> <Delay = 0.12> <FuncUnit> <Opcode : 'and' 'or' 'xor'> <InPorts = 2> <OutPorts = 1>
ST_1 : Operation 372 [1/1] (0.12ns) (out node of the LUT)   --->   "%empty_94 = and i1 %icmp_ln46_154, i1 %and_ln46_154" [firmware/nnet_utils/nnet_activation.h:46]   --->   Operation 372 'and' 'empty_94' <Predicate = (icmp_ln45_76)> <Delay = 0.12> <CoreInst = "LogicGate">   --->   Core 74 'LogicGate' <Latency = 0> <II = 1> <Delay = 0.12> <FuncUnit> <Opcode : 'and' 'or' 'xor'> <InPorts = 2> <OutPorts = 1>
ST_1 : Operation 373 [1/1] (0.00ns) (grouped into LUT with out node select_ln46_231)   --->   "%or_ln46_231 = or i1 %empty_94, i1 %tmp_458" [firmware/nnet_utils/nnet_activation.h:46]   --->   Operation 373 'or' 'or_ln46_231' <Predicate = (or_ln46_232 & icmp_ln45_76)> <Delay = 0.00> <CoreInst = "LogicGate">   --->   Core 74 'LogicGate' <Latency = 0> <II = 1> <Delay = 0.12> <FuncUnit> <Opcode : 'and' 'or' 'xor'> <InPorts = 2> <OutPorts = 1>
ST_1 : Operation 374 [1/1] (0.00ns) (grouped into LUT with out node res_16_0)   --->   "%xor_ln46_76 = xor i1 %empty_94, i1 1" [firmware/nnet_utils/nnet_activation.h:46]   --->   Operation 374 'xor' 'xor_ln46_76' <Predicate = (icmp_ln45_76)> <Delay = 0.00> <CoreInst = "LogicGate">   --->   Core 74 'LogicGate' <Latency = 0> <II = 1> <Delay = 0.12> <FuncUnit> <Opcode : 'and' 'or' 'xor'> <InPorts = 2> <OutPorts = 1>
ST_1 : Operation 375 [1/1] (0.00ns) (grouped into LUT with out node res_16_0)   --->   "%or_ln46_232 = or i1 %tmp_458, i1 %xor_ln46_76" [firmware/nnet_utils/nnet_activation.h:46]   --->   Operation 375 'or' 'or_ln46_232' <Predicate = (icmp_ln45_76)> <Delay = 0.00> <CoreInst = "LogicGate">   --->   Core 74 'LogicGate' <Latency = 0> <II = 1> <Delay = 0.12> <FuncUnit> <Opcode : 'and' 'or' 'xor'> <InPorts = 2> <OutPorts = 1>
ST_1 : Operation 376 [1/1] (0.00ns) (grouped into LUT with out node select_ln46_231)   --->   "%select_ln46_230 = select i1 %tmp_458, i6 0, i6 %add_ln46_76" [firmware/nnet_utils/nnet_activation.h:46]   --->   Operation 376 'select' 'select_ln46_230' <Predicate = (or_ln46_231 & or_ln46_232 & icmp_ln45_76)> <Delay = 0.00> <CoreInst = "Sel">   --->   Core 73 'Sel' <Latency = 0> <II = 1> <Delay = 0.29> <FuncUnit> <Opcode : 'select'> <InPorts = 3> <OutPorts = 1>
ST_1 : Operation 377 [1/1] (0.29ns) (out node of the LUT)   --->   "%select_ln46_231 = select i1 %or_ln46_231, i6 %select_ln46_230, i6 63" [firmware/nnet_utils/nnet_activation.h:46]   --->   Operation 377 'select' 'select_ln46_231' <Predicate = (or_ln46_232 & icmp_ln45_76)> <Delay = 0.29> <CoreInst = "Sel">   --->   Core 73 'Sel' <Latency = 0> <II = 1> <Delay = 0.29> <FuncUnit> <Opcode : 'select'> <InPorts = 3> <OutPorts = 1>
ST_1 : Operation 378 [1/1] (0.00ns) (grouped into LUT with out node res_16_0)   --->   "%select_ln46_232 = select i1 %or_ln46_232, i6 %select_ln46_231, i6 %add_ln46_76" [firmware/nnet_utils/nnet_activation.h:46]   --->   Operation 378 'select' 'select_ln46_232' <Predicate = (icmp_ln45_76)> <Delay = 0.00> <CoreInst = "Sel">   --->   Core 73 'Sel' <Latency = 0> <II = 1> <Delay = 0.29> <FuncUnit> <Opcode : 'select'> <InPorts = 3> <OutPorts = 1>
ST_1 : Operation 379 [1/1] (0.29ns) (out node of the LUT)   --->   "%res_16_0 = select i1 %icmp_ln45_76, i6 %select_ln46_232, i6 0" [firmware/nnet_utils/nnet_activation.h:45]   --->   Operation 379 'select' 'res_16_0' <Predicate = true> <Delay = 0.29> <CoreInst = "Sel">   --->   Core 73 'Sel' <Latency = 0> <II = 1> <Delay = 0.29> <FuncUnit> <Opcode : 'select'> <InPorts = 3> <OutPorts = 1>
ST_1 : Operation 380 [1/1] (0.80ns)   --->   "%icmp_ln45_77 = icmp_sgt  i19 %data_17_val_read, i19 0" [firmware/nnet_utils/nnet_activation.h:45]   --->   Operation 380 'icmp' 'icmp_ln45_77' <Predicate = true> <Delay = 0.80> <CoreInst = "Cmp">   --->   Core 9 'Cmp' <Latency = 0> <II = 1> <Delay = 0.80> <FuncUnit> <Opcode : 'seteq' 'setne' 'setle' 'setge' 'setlt' 'setgt'> <InPorts = 2> <OutPorts = 1>
ST_1 : Operation 381 [1/1] (0.00ns)   --->   "%tmp_464 = bitselect i1 @_ssdm_op_BitSelect.i1.i19.i32, i19 %data_17_val_read, i32 18" [firmware/nnet_utils/nnet_activation.h:46]   --->   Operation 381 'bitselect' 'tmp_464' <Predicate = (icmp_ln45_77)> <Delay = 0.00>
ST_1 : Operation 382 [1/1] (0.00ns) (grouped into LUT with out node add_ln46_77)   --->   "%trunc_ln46_75 = partselect i6 @_ssdm_op_PartSelect.i6.i19.i32.i32, i19 %data_17_val_read, i32 5, i32 10" [firmware/nnet_utils/nnet_activation.h:46]   --->   Operation 382 'partselect' 'trunc_ln46_75' <Predicate = (icmp_ln45_77)> <Delay = 0.00>
ST_1 : Operation 383 [1/1] (0.00ns) (grouped into LUT with out node add_ln46_77)   --->   "%tmp_465 = bitselect i1 @_ssdm_op_BitSelect.i1.i19.i32, i19 %data_17_val_read, i32 4" [firmware/nnet_utils/nnet_activation.h:46]   --->   Operation 383 'bitselect' 'tmp_465' <Predicate = (icmp_ln45_77)> <Delay = 0.00>
ST_1 : Operation 384 [1/1] (0.00ns)   --->   "%trunc_ln46_139 = trunc i19 %data_17_val_read" [firmware/nnet_utils/nnet_activation.h:46]   --->   Operation 384 'trunc' 'trunc_ln46_139' <Predicate = (icmp_ln45_77)> <Delay = 0.00>
ST_1 : Operation 385 [1/1] (0.70ns)   --->   "%icmp_ln46_155 = icmp_ne  i4 %trunc_ln46_139, i4 0" [firmware/nnet_utils/nnet_activation.h:46]   --->   Operation 385 'icmp' 'icmp_ln46_155' <Predicate = (icmp_ln45_77)> <Delay = 0.70> <CoreInst = "Cmp">   --->   Core 9 'Cmp' <Latency = 0> <II = 1> <Delay = 0.70> <FuncUnit> <Opcode : 'seteq' 'setne' 'setle' 'setge' 'setlt' 'setgt'> <InPorts = 2> <OutPorts = 1>
ST_1 : Operation 386 [1/1] (0.00ns) (grouped into LUT with out node empty_95)   --->   "%tmp_466 = bitselect i1 @_ssdm_op_BitSelect.i1.i19.i32, i19 %data_17_val_read, i32 10" [firmware/nnet_utils/nnet_activation.h:46]   --->   Operation 386 'bitselect' 'tmp_466' <Predicate = (icmp_ln45_77)> <Delay = 0.00>
ST_1 : Operation 387 [1/1] (0.00ns) (grouped into LUT with out node add_ln46_77)   --->   "%tmp_467 = bitselect i1 @_ssdm_op_BitSelect.i1.i19.i32, i19 %data_17_val_read, i32 5" [firmware/nnet_utils/nnet_activation.h:46]   --->   Operation 387 'bitselect' 'tmp_467' <Predicate = (icmp_ln45_77)> <Delay = 0.00>
ST_1 : Operation 388 [1/1] (0.00ns) (grouped into LUT with out node add_ln46_77)   --->   "%or_ln46_233 = or i1 %tmp_467, i1 %icmp_ln46_155" [firmware/nnet_utils/nnet_activation.h:46]   --->   Operation 388 'or' 'or_ln46_233' <Predicate = (icmp_ln45_77)> <Delay = 0.00> <CoreInst = "LogicGate">   --->   Core 74 'LogicGate' <Latency = 0> <II = 1> <Delay = 0.12> <FuncUnit> <Opcode : 'and' 'or' 'xor'> <InPorts = 2> <OutPorts = 1>
ST_1 : Operation 389 [1/1] (0.00ns) (grouped into LUT with out node add_ln46_77)   --->   "%and_ln46_153 = and i1 %or_ln46_233, i1 %tmp_465" [firmware/nnet_utils/nnet_activation.h:46]   --->   Operation 389 'and' 'and_ln46_153' <Predicate = (icmp_ln45_77)> <Delay = 0.00> <CoreInst = "LogicGate">   --->   Core 74 'LogicGate' <Latency = 0> <II = 1> <Delay = 0.12> <FuncUnit> <Opcode : 'and' 'or' 'xor'> <InPorts = 2> <OutPorts = 1>
ST_1 : Operation 390 [1/1] (0.00ns) (grouped into LUT with out node add_ln46_77)   --->   "%zext_ln46_77 = zext i1 %and_ln46_153" [firmware/nnet_utils/nnet_activation.h:46]   --->   Operation 390 'zext' 'zext_ln46_77' <Predicate = (icmp_ln45_77)> <Delay = 0.00>
ST_1 : Operation 391 [1/1] (0.70ns) (out node of the LUT)   --->   "%add_ln46_77 = add i6 %trunc_ln46_75, i6 %zext_ln46_77" [firmware/nnet_utils/nnet_activation.h:46]   --->   Operation 391 'add' 'add_ln46_77' <Predicate = (icmp_ln45_77)> <Delay = 0.70> <CoreInst = "Adder">   --->   Core 1 'Adder' <Latency = 0> <II = 1> <Delay = 0.70> <FuncUnit> <Opcode : 'add' 'sub'> <InPorts = 2> <OutPorts = 1>
ST_1 : Operation 392 [1/1] (0.00ns)   --->   "%tmp_468 = partselect i8 @_ssdm_op_PartSelect.i8.i19.i32.i32, i19 %data_17_val_read, i32 11, i32 18" [firmware/nnet_utils/nnet_activation.h:46]   --->   Operation 392 'partselect' 'tmp_468' <Predicate = (icmp_ln45_77)> <Delay = 0.00>
ST_1 : Operation 393 [1/1] (0.70ns)   --->   "%icmp_ln46_156 = icmp_eq  i8 %tmp_468, i8 0" [firmware/nnet_utils/nnet_activation.h:46]   --->   Operation 393 'icmp' 'icmp_ln46_156' <Predicate = (icmp_ln45_77)> <Delay = 0.70> <CoreInst = "Cmp">   --->   Core 9 'Cmp' <Latency = 0> <II = 1> <Delay = 0.70> <FuncUnit> <Opcode : 'seteq' 'setne' 'setle' 'setge' 'setlt' 'setgt'> <InPorts = 2> <OutPorts = 1>
ST_1 : Operation 394 [1/1] (0.00ns) (grouped into LUT with out node empty_95)   --->   "%tmp_469 = bitselect i1 @_ssdm_op_BitSelect.i1.i6.i32, i6 %add_ln46_77, i32 5" [firmware/nnet_utils/nnet_activation.h:46]   --->   Operation 394 'bitselect' 'tmp_469' <Predicate = (icmp_ln45_77)> <Delay = 0.00>
ST_1 : Operation 395 [1/1] (0.00ns) (grouped into LUT with out node empty_95)   --->   "%not_tmp_547 = xor i1 %tmp_466, i1 1" [firmware/nnet_utils/nnet_activation.h:46]   --->   Operation 395 'xor' 'not_tmp_547' <Predicate = (icmp_ln45_77)> <Delay = 0.00> <CoreInst = "LogicGate">   --->   Core 74 'LogicGate' <Latency = 0> <II = 1> <Delay = 0.12> <FuncUnit> <Opcode : 'and' 'or' 'xor'> <InPorts = 2> <OutPorts = 1>
ST_1 : Operation 396 [1/1] (0.00ns) (grouped into LUT with out node empty_95)   --->   "%and_ln46_156 = or i1 %tmp_469, i1 %not_tmp_547" [firmware/nnet_utils/nnet_activation.h:46]   --->   Operation 396 'or' 'and_ln46_156' <Predicate = (icmp_ln45_77)> <Delay = 0.00> <CoreInst = "LogicGate">   --->   Core 74 'LogicGate' <Latency = 0> <II = 1> <Delay = 0.12> <FuncUnit> <Opcode : 'and' 'or' 'xor'> <InPorts = 2> <OutPorts = 1>
ST_1 : Operation 397 [1/1] (0.12ns) (out node of the LUT)   --->   "%empty_95 = and i1 %icmp_ln46_156, i1 %and_ln46_156" [firmware/nnet_utils/nnet_activation.h:46]   --->   Operation 397 'and' 'empty_95' <Predicate = (icmp_ln45_77)> <Delay = 0.12> <CoreInst = "LogicGate">   --->   Core 74 'LogicGate' <Latency = 0> <II = 1> <Delay = 0.12> <FuncUnit> <Opcode : 'and' 'or' 'xor'> <InPorts = 2> <OutPorts = 1>
ST_1 : Operation 398 [1/1] (0.00ns) (grouped into LUT with out node select_ln46_234)   --->   "%or_ln46_234 = or i1 %empty_95, i1 %tmp_464" [firmware/nnet_utils/nnet_activation.h:46]   --->   Operation 398 'or' 'or_ln46_234' <Predicate = (or_ln46_235 & icmp_ln45_77)> <Delay = 0.00> <CoreInst = "LogicGate">   --->   Core 74 'LogicGate' <Latency = 0> <II = 1> <Delay = 0.12> <FuncUnit> <Opcode : 'and' 'or' 'xor'> <InPorts = 2> <OutPorts = 1>
ST_1 : Operation 399 [1/1] (0.00ns) (grouped into LUT with out node res_17_0)   --->   "%xor_ln46_77 = xor i1 %empty_95, i1 1" [firmware/nnet_utils/nnet_activation.h:46]   --->   Operation 399 'xor' 'xor_ln46_77' <Predicate = (icmp_ln45_77)> <Delay = 0.00> <CoreInst = "LogicGate">   --->   Core 74 'LogicGate' <Latency = 0> <II = 1> <Delay = 0.12> <FuncUnit> <Opcode : 'and' 'or' 'xor'> <InPorts = 2> <OutPorts = 1>
ST_1 : Operation 400 [1/1] (0.00ns) (grouped into LUT with out node res_17_0)   --->   "%or_ln46_235 = or i1 %tmp_464, i1 %xor_ln46_77" [firmware/nnet_utils/nnet_activation.h:46]   --->   Operation 400 'or' 'or_ln46_235' <Predicate = (icmp_ln45_77)> <Delay = 0.00> <CoreInst = "LogicGate">   --->   Core 74 'LogicGate' <Latency = 0> <II = 1> <Delay = 0.12> <FuncUnit> <Opcode : 'and' 'or' 'xor'> <InPorts = 2> <OutPorts = 1>
ST_1 : Operation 401 [1/1] (0.00ns) (grouped into LUT with out node select_ln46_234)   --->   "%select_ln46_233 = select i1 %tmp_464, i6 0, i6 %add_ln46_77" [firmware/nnet_utils/nnet_activation.h:46]   --->   Operation 401 'select' 'select_ln46_233' <Predicate = (or_ln46_234 & or_ln46_235 & icmp_ln45_77)> <Delay = 0.00> <CoreInst = "Sel">   --->   Core 73 'Sel' <Latency = 0> <II = 1> <Delay = 0.29> <FuncUnit> <Opcode : 'select'> <InPorts = 3> <OutPorts = 1>
ST_1 : Operation 402 [1/1] (0.29ns) (out node of the LUT)   --->   "%select_ln46_234 = select i1 %or_ln46_234, i6 %select_ln46_233, i6 63" [firmware/nnet_utils/nnet_activation.h:46]   --->   Operation 402 'select' 'select_ln46_234' <Predicate = (or_ln46_235 & icmp_ln45_77)> <Delay = 0.29> <CoreInst = "Sel">   --->   Core 73 'Sel' <Latency = 0> <II = 1> <Delay = 0.29> <FuncUnit> <Opcode : 'select'> <InPorts = 3> <OutPorts = 1>
ST_1 : Operation 403 [1/1] (0.00ns) (grouped into LUT with out node res_17_0)   --->   "%select_ln46_235 = select i1 %or_ln46_235, i6 %select_ln46_234, i6 %add_ln46_77" [firmware/nnet_utils/nnet_activation.h:46]   --->   Operation 403 'select' 'select_ln46_235' <Predicate = (icmp_ln45_77)> <Delay = 0.00> <CoreInst = "Sel">   --->   Core 73 'Sel' <Latency = 0> <II = 1> <Delay = 0.29> <FuncUnit> <Opcode : 'select'> <InPorts = 3> <OutPorts = 1>
ST_1 : Operation 404 [1/1] (0.29ns) (out node of the LUT)   --->   "%res_17_0 = select i1 %icmp_ln45_77, i6 %select_ln46_235, i6 0" [firmware/nnet_utils/nnet_activation.h:45]   --->   Operation 404 'select' 'res_17_0' <Predicate = true> <Delay = 0.29> <CoreInst = "Sel">   --->   Core 73 'Sel' <Latency = 0> <II = 1> <Delay = 0.29> <FuncUnit> <Opcode : 'select'> <InPorts = 3> <OutPorts = 1>
ST_1 : Operation 405 [1/1] (0.80ns)   --->   "%icmp_ln45_78 = icmp_sgt  i19 %data_18_val_read, i19 0" [firmware/nnet_utils/nnet_activation.h:45]   --->   Operation 405 'icmp' 'icmp_ln45_78' <Predicate = true> <Delay = 0.80> <CoreInst = "Cmp">   --->   Core 9 'Cmp' <Latency = 0> <II = 1> <Delay = 0.80> <FuncUnit> <Opcode : 'seteq' 'setne' 'setle' 'setge' 'setlt' 'setgt'> <InPorts = 2> <OutPorts = 1>
ST_1 : Operation 406 [1/1] (0.00ns)   --->   "%tmp_470 = bitselect i1 @_ssdm_op_BitSelect.i1.i19.i32, i19 %data_18_val_read, i32 18" [firmware/nnet_utils/nnet_activation.h:46]   --->   Operation 406 'bitselect' 'tmp_470' <Predicate = (icmp_ln45_78)> <Delay = 0.00>
ST_1 : Operation 407 [1/1] (0.00ns) (grouped into LUT with out node add_ln46_78)   --->   "%trunc_ln46_76 = partselect i6 @_ssdm_op_PartSelect.i6.i19.i32.i32, i19 %data_18_val_read, i32 5, i32 10" [firmware/nnet_utils/nnet_activation.h:46]   --->   Operation 407 'partselect' 'trunc_ln46_76' <Predicate = (icmp_ln45_78)> <Delay = 0.00>
ST_1 : Operation 408 [1/1] (0.00ns) (grouped into LUT with out node add_ln46_78)   --->   "%tmp_471 = bitselect i1 @_ssdm_op_BitSelect.i1.i19.i32, i19 %data_18_val_read, i32 4" [firmware/nnet_utils/nnet_activation.h:46]   --->   Operation 408 'bitselect' 'tmp_471' <Predicate = (icmp_ln45_78)> <Delay = 0.00>
ST_1 : Operation 409 [1/1] (0.00ns)   --->   "%trunc_ln46_140 = trunc i19 %data_18_val_read" [firmware/nnet_utils/nnet_activation.h:46]   --->   Operation 409 'trunc' 'trunc_ln46_140' <Predicate = (icmp_ln45_78)> <Delay = 0.00>
ST_1 : Operation 410 [1/1] (0.70ns)   --->   "%icmp_ln46_157 = icmp_ne  i4 %trunc_ln46_140, i4 0" [firmware/nnet_utils/nnet_activation.h:46]   --->   Operation 410 'icmp' 'icmp_ln46_157' <Predicate = (icmp_ln45_78)> <Delay = 0.70> <CoreInst = "Cmp">   --->   Core 9 'Cmp' <Latency = 0> <II = 1> <Delay = 0.70> <FuncUnit> <Opcode : 'seteq' 'setne' 'setle' 'setge' 'setlt' 'setgt'> <InPorts = 2> <OutPorts = 1>
ST_1 : Operation 411 [1/1] (0.00ns) (grouped into LUT with out node empty_96)   --->   "%tmp_472 = bitselect i1 @_ssdm_op_BitSelect.i1.i19.i32, i19 %data_18_val_read, i32 10" [firmware/nnet_utils/nnet_activation.h:46]   --->   Operation 411 'bitselect' 'tmp_472' <Predicate = (icmp_ln45_78)> <Delay = 0.00>
ST_1 : Operation 412 [1/1] (0.00ns) (grouped into LUT with out node add_ln46_78)   --->   "%tmp_473 = bitselect i1 @_ssdm_op_BitSelect.i1.i19.i32, i19 %data_18_val_read, i32 5" [firmware/nnet_utils/nnet_activation.h:46]   --->   Operation 412 'bitselect' 'tmp_473' <Predicate = (icmp_ln45_78)> <Delay = 0.00>
ST_1 : Operation 413 [1/1] (0.00ns) (grouped into LUT with out node add_ln46_78)   --->   "%or_ln46_236 = or i1 %tmp_473, i1 %icmp_ln46_157" [firmware/nnet_utils/nnet_activation.h:46]   --->   Operation 413 'or' 'or_ln46_236' <Predicate = (icmp_ln45_78)> <Delay = 0.00> <CoreInst = "LogicGate">   --->   Core 74 'LogicGate' <Latency = 0> <II = 1> <Delay = 0.12> <FuncUnit> <Opcode : 'and' 'or' 'xor'> <InPorts = 2> <OutPorts = 1>
ST_1 : Operation 414 [1/1] (0.00ns) (grouped into LUT with out node add_ln46_78)   --->   "%and_ln46_155 = and i1 %or_ln46_236, i1 %tmp_471" [firmware/nnet_utils/nnet_activation.h:46]   --->   Operation 414 'and' 'and_ln46_155' <Predicate = (icmp_ln45_78)> <Delay = 0.00> <CoreInst = "LogicGate">   --->   Core 74 'LogicGate' <Latency = 0> <II = 1> <Delay = 0.12> <FuncUnit> <Opcode : 'and' 'or' 'xor'> <InPorts = 2> <OutPorts = 1>
ST_1 : Operation 415 [1/1] (0.00ns) (grouped into LUT with out node add_ln46_78)   --->   "%zext_ln46_78 = zext i1 %and_ln46_155" [firmware/nnet_utils/nnet_activation.h:46]   --->   Operation 415 'zext' 'zext_ln46_78' <Predicate = (icmp_ln45_78)> <Delay = 0.00>
ST_1 : Operation 416 [1/1] (0.70ns) (out node of the LUT)   --->   "%add_ln46_78 = add i6 %trunc_ln46_76, i6 %zext_ln46_78" [firmware/nnet_utils/nnet_activation.h:46]   --->   Operation 416 'add' 'add_ln46_78' <Predicate = (icmp_ln45_78)> <Delay = 0.70> <CoreInst = "Adder">   --->   Core 1 'Adder' <Latency = 0> <II = 1> <Delay = 0.70> <FuncUnit> <Opcode : 'add' 'sub'> <InPorts = 2> <OutPorts = 1>
ST_1 : Operation 417 [1/1] (0.00ns)   --->   "%tmp_474 = partselect i8 @_ssdm_op_PartSelect.i8.i19.i32.i32, i19 %data_18_val_read, i32 11, i32 18" [firmware/nnet_utils/nnet_activation.h:46]   --->   Operation 417 'partselect' 'tmp_474' <Predicate = (icmp_ln45_78)> <Delay = 0.00>
ST_1 : Operation 418 [1/1] (0.70ns)   --->   "%icmp_ln46_158 = icmp_eq  i8 %tmp_474, i8 0" [firmware/nnet_utils/nnet_activation.h:46]   --->   Operation 418 'icmp' 'icmp_ln46_158' <Predicate = (icmp_ln45_78)> <Delay = 0.70> <CoreInst = "Cmp">   --->   Core 9 'Cmp' <Latency = 0> <II = 1> <Delay = 0.70> <FuncUnit> <Opcode : 'seteq' 'setne' 'setle' 'setge' 'setlt' 'setgt'> <InPorts = 2> <OutPorts = 1>
ST_1 : Operation 419 [1/1] (0.00ns) (grouped into LUT with out node empty_96)   --->   "%tmp_475 = bitselect i1 @_ssdm_op_BitSelect.i1.i6.i32, i6 %add_ln46_78, i32 5" [firmware/nnet_utils/nnet_activation.h:46]   --->   Operation 419 'bitselect' 'tmp_475' <Predicate = (icmp_ln45_78)> <Delay = 0.00>
ST_1 : Operation 420 [1/1] (0.00ns) (grouped into LUT with out node empty_96)   --->   "%not_tmp_554 = xor i1 %tmp_472, i1 1" [firmware/nnet_utils/nnet_activation.h:46]   --->   Operation 420 'xor' 'not_tmp_554' <Predicate = (icmp_ln45_78)> <Delay = 0.00> <CoreInst = "LogicGate">   --->   Core 74 'LogicGate' <Latency = 0> <II = 1> <Delay = 0.12> <FuncUnit> <Opcode : 'and' 'or' 'xor'> <InPorts = 2> <OutPorts = 1>
ST_1 : Operation 421 [1/1] (0.00ns) (grouped into LUT with out node empty_96)   --->   "%and_ln46_158 = or i1 %tmp_475, i1 %not_tmp_554" [firmware/nnet_utils/nnet_activation.h:46]   --->   Operation 421 'or' 'and_ln46_158' <Predicate = (icmp_ln45_78)> <Delay = 0.00> <CoreInst = "LogicGate">   --->   Core 74 'LogicGate' <Latency = 0> <II = 1> <Delay = 0.12> <FuncUnit> <Opcode : 'and' 'or' 'xor'> <InPorts = 2> <OutPorts = 1>
ST_1 : Operation 422 [1/1] (0.12ns) (out node of the LUT)   --->   "%empty_96 = and i1 %icmp_ln46_158, i1 %and_ln46_158" [firmware/nnet_utils/nnet_activation.h:46]   --->   Operation 422 'and' 'empty_96' <Predicate = (icmp_ln45_78)> <Delay = 0.12> <CoreInst = "LogicGate">   --->   Core 74 'LogicGate' <Latency = 0> <II = 1> <Delay = 0.12> <FuncUnit> <Opcode : 'and' 'or' 'xor'> <InPorts = 2> <OutPorts = 1>
ST_1 : Operation 423 [1/1] (0.00ns) (grouped into LUT with out node select_ln46_237)   --->   "%or_ln46_237 = or i1 %empty_96, i1 %tmp_470" [firmware/nnet_utils/nnet_activation.h:46]   --->   Operation 423 'or' 'or_ln46_237' <Predicate = (or_ln46_238 & icmp_ln45_78)> <Delay = 0.00> <CoreInst = "LogicGate">   --->   Core 74 'LogicGate' <Latency = 0> <II = 1> <Delay = 0.12> <FuncUnit> <Opcode : 'and' 'or' 'xor'> <InPorts = 2> <OutPorts = 1>
ST_1 : Operation 424 [1/1] (0.00ns) (grouped into LUT with out node res_18_0)   --->   "%xor_ln46_78 = xor i1 %empty_96, i1 1" [firmware/nnet_utils/nnet_activation.h:46]   --->   Operation 424 'xor' 'xor_ln46_78' <Predicate = (icmp_ln45_78)> <Delay = 0.00> <CoreInst = "LogicGate">   --->   Core 74 'LogicGate' <Latency = 0> <II = 1> <Delay = 0.12> <FuncUnit> <Opcode : 'and' 'or' 'xor'> <InPorts = 2> <OutPorts = 1>
ST_1 : Operation 425 [1/1] (0.00ns) (grouped into LUT with out node res_18_0)   --->   "%or_ln46_238 = or i1 %tmp_470, i1 %xor_ln46_78" [firmware/nnet_utils/nnet_activation.h:46]   --->   Operation 425 'or' 'or_ln46_238' <Predicate = (icmp_ln45_78)> <Delay = 0.00> <CoreInst = "LogicGate">   --->   Core 74 'LogicGate' <Latency = 0> <II = 1> <Delay = 0.12> <FuncUnit> <Opcode : 'and' 'or' 'xor'> <InPorts = 2> <OutPorts = 1>
ST_1 : Operation 426 [1/1] (0.00ns) (grouped into LUT with out node select_ln46_237)   --->   "%select_ln46_236 = select i1 %tmp_470, i6 0, i6 %add_ln46_78" [firmware/nnet_utils/nnet_activation.h:46]   --->   Operation 426 'select' 'select_ln46_236' <Predicate = (or_ln46_237 & or_ln46_238 & icmp_ln45_78)> <Delay = 0.00> <CoreInst = "Sel">   --->   Core 73 'Sel' <Latency = 0> <II = 1> <Delay = 0.29> <FuncUnit> <Opcode : 'select'> <InPorts = 3> <OutPorts = 1>
ST_1 : Operation 427 [1/1] (0.29ns) (out node of the LUT)   --->   "%select_ln46_237 = select i1 %or_ln46_237, i6 %select_ln46_236, i6 63" [firmware/nnet_utils/nnet_activation.h:46]   --->   Operation 427 'select' 'select_ln46_237' <Predicate = (or_ln46_238 & icmp_ln45_78)> <Delay = 0.29> <CoreInst = "Sel">   --->   Core 73 'Sel' <Latency = 0> <II = 1> <Delay = 0.29> <FuncUnit> <Opcode : 'select'> <InPorts = 3> <OutPorts = 1>
ST_1 : Operation 428 [1/1] (0.00ns) (grouped into LUT with out node res_18_0)   --->   "%select_ln46_238 = select i1 %or_ln46_238, i6 %select_ln46_237, i6 %add_ln46_78" [firmware/nnet_utils/nnet_activation.h:46]   --->   Operation 428 'select' 'select_ln46_238' <Predicate = (icmp_ln45_78)> <Delay = 0.00> <CoreInst = "Sel">   --->   Core 73 'Sel' <Latency = 0> <II = 1> <Delay = 0.29> <FuncUnit> <Opcode : 'select'> <InPorts = 3> <OutPorts = 1>
ST_1 : Operation 429 [1/1] (0.29ns) (out node of the LUT)   --->   "%res_18_0 = select i1 %icmp_ln45_78, i6 %select_ln46_238, i6 0" [firmware/nnet_utils/nnet_activation.h:45]   --->   Operation 429 'select' 'res_18_0' <Predicate = true> <Delay = 0.29> <CoreInst = "Sel">   --->   Core 73 'Sel' <Latency = 0> <II = 1> <Delay = 0.29> <FuncUnit> <Opcode : 'select'> <InPorts = 3> <OutPorts = 1>
ST_1 : Operation 430 [1/1] (0.80ns)   --->   "%icmp_ln45_79 = icmp_sgt  i19 %data_19_val_read, i19 0" [firmware/nnet_utils/nnet_activation.h:45]   --->   Operation 430 'icmp' 'icmp_ln45_79' <Predicate = true> <Delay = 0.80> <CoreInst = "Cmp">   --->   Core 9 'Cmp' <Latency = 0> <II = 1> <Delay = 0.80> <FuncUnit> <Opcode : 'seteq' 'setne' 'setle' 'setge' 'setlt' 'setgt'> <InPorts = 2> <OutPorts = 1>
ST_1 : Operation 431 [1/1] (0.00ns)   --->   "%tmp_476 = bitselect i1 @_ssdm_op_BitSelect.i1.i19.i32, i19 %data_19_val_read, i32 18" [firmware/nnet_utils/nnet_activation.h:46]   --->   Operation 431 'bitselect' 'tmp_476' <Predicate = (icmp_ln45_79)> <Delay = 0.00>
ST_1 : Operation 432 [1/1] (0.00ns) (grouped into LUT with out node add_ln46_79)   --->   "%trunc_ln46_77 = partselect i6 @_ssdm_op_PartSelect.i6.i19.i32.i32, i19 %data_19_val_read, i32 5, i32 10" [firmware/nnet_utils/nnet_activation.h:46]   --->   Operation 432 'partselect' 'trunc_ln46_77' <Predicate = (icmp_ln45_79)> <Delay = 0.00>
ST_1 : Operation 433 [1/1] (0.00ns) (grouped into LUT with out node add_ln46_79)   --->   "%tmp_477 = bitselect i1 @_ssdm_op_BitSelect.i1.i19.i32, i19 %data_19_val_read, i32 4" [firmware/nnet_utils/nnet_activation.h:46]   --->   Operation 433 'bitselect' 'tmp_477' <Predicate = (icmp_ln45_79)> <Delay = 0.00>
ST_1 : Operation 434 [1/1] (0.00ns)   --->   "%trunc_ln46_141 = trunc i19 %data_19_val_read" [firmware/nnet_utils/nnet_activation.h:46]   --->   Operation 434 'trunc' 'trunc_ln46_141' <Predicate = (icmp_ln45_79)> <Delay = 0.00>
ST_1 : Operation 435 [1/1] (0.70ns)   --->   "%icmp_ln46_159 = icmp_ne  i4 %trunc_ln46_141, i4 0" [firmware/nnet_utils/nnet_activation.h:46]   --->   Operation 435 'icmp' 'icmp_ln46_159' <Predicate = (icmp_ln45_79)> <Delay = 0.70> <CoreInst = "Cmp">   --->   Core 9 'Cmp' <Latency = 0> <II = 1> <Delay = 0.70> <FuncUnit> <Opcode : 'seteq' 'setne' 'setle' 'setge' 'setlt' 'setgt'> <InPorts = 2> <OutPorts = 1>
ST_1 : Operation 436 [1/1] (0.00ns) (grouped into LUT with out node empty_97)   --->   "%tmp_478 = bitselect i1 @_ssdm_op_BitSelect.i1.i19.i32, i19 %data_19_val_read, i32 10" [firmware/nnet_utils/nnet_activation.h:46]   --->   Operation 436 'bitselect' 'tmp_478' <Predicate = (icmp_ln45_79)> <Delay = 0.00>
ST_1 : Operation 437 [1/1] (0.00ns) (grouped into LUT with out node add_ln46_79)   --->   "%tmp_479 = bitselect i1 @_ssdm_op_BitSelect.i1.i19.i32, i19 %data_19_val_read, i32 5" [firmware/nnet_utils/nnet_activation.h:46]   --->   Operation 437 'bitselect' 'tmp_479' <Predicate = (icmp_ln45_79)> <Delay = 0.00>
ST_1 : Operation 438 [1/1] (0.00ns) (grouped into LUT with out node add_ln46_79)   --->   "%or_ln46_239 = or i1 %tmp_479, i1 %icmp_ln46_159" [firmware/nnet_utils/nnet_activation.h:46]   --->   Operation 438 'or' 'or_ln46_239' <Predicate = (icmp_ln45_79)> <Delay = 0.00> <CoreInst = "LogicGate">   --->   Core 74 'LogicGate' <Latency = 0> <II = 1> <Delay = 0.12> <FuncUnit> <Opcode : 'and' 'or' 'xor'> <InPorts = 2> <OutPorts = 1>
ST_1 : Operation 439 [1/1] (0.00ns) (grouped into LUT with out node add_ln46_79)   --->   "%and_ln46_157 = and i1 %or_ln46_239, i1 %tmp_477" [firmware/nnet_utils/nnet_activation.h:46]   --->   Operation 439 'and' 'and_ln46_157' <Predicate = (icmp_ln45_79)> <Delay = 0.00> <CoreInst = "LogicGate">   --->   Core 74 'LogicGate' <Latency = 0> <II = 1> <Delay = 0.12> <FuncUnit> <Opcode : 'and' 'or' 'xor'> <InPorts = 2> <OutPorts = 1>
ST_1 : Operation 440 [1/1] (0.00ns) (grouped into LUT with out node add_ln46_79)   --->   "%zext_ln46_79 = zext i1 %and_ln46_157" [firmware/nnet_utils/nnet_activation.h:46]   --->   Operation 440 'zext' 'zext_ln46_79' <Predicate = (icmp_ln45_79)> <Delay = 0.00>
ST_1 : Operation 441 [1/1] (0.70ns) (out node of the LUT)   --->   "%add_ln46_79 = add i6 %trunc_ln46_77, i6 %zext_ln46_79" [firmware/nnet_utils/nnet_activation.h:46]   --->   Operation 441 'add' 'add_ln46_79' <Predicate = (icmp_ln45_79)> <Delay = 0.70> <CoreInst = "Adder">   --->   Core 1 'Adder' <Latency = 0> <II = 1> <Delay = 0.70> <FuncUnit> <Opcode : 'add' 'sub'> <InPorts = 2> <OutPorts = 1>
ST_1 : Operation 442 [1/1] (0.00ns)   --->   "%tmp_480 = partselect i8 @_ssdm_op_PartSelect.i8.i19.i32.i32, i19 %data_19_val_read, i32 11, i32 18" [firmware/nnet_utils/nnet_activation.h:46]   --->   Operation 442 'partselect' 'tmp_480' <Predicate = (icmp_ln45_79)> <Delay = 0.00>
ST_1 : Operation 443 [1/1] (0.70ns)   --->   "%icmp_ln46_160 = icmp_eq  i8 %tmp_480, i8 0" [firmware/nnet_utils/nnet_activation.h:46]   --->   Operation 443 'icmp' 'icmp_ln46_160' <Predicate = (icmp_ln45_79)> <Delay = 0.70> <CoreInst = "Cmp">   --->   Core 9 'Cmp' <Latency = 0> <II = 1> <Delay = 0.70> <FuncUnit> <Opcode : 'seteq' 'setne' 'setle' 'setge' 'setlt' 'setgt'> <InPorts = 2> <OutPorts = 1>
ST_1 : Operation 444 [1/1] (0.00ns) (grouped into LUT with out node empty_97)   --->   "%tmp_481 = bitselect i1 @_ssdm_op_BitSelect.i1.i6.i32, i6 %add_ln46_79, i32 5" [firmware/nnet_utils/nnet_activation.h:46]   --->   Operation 444 'bitselect' 'tmp_481' <Predicate = (icmp_ln45_79)> <Delay = 0.00>
ST_1 : Operation 445 [1/1] (0.00ns) (grouped into LUT with out node empty_97)   --->   "%not_tmp_561 = xor i1 %tmp_478, i1 1" [firmware/nnet_utils/nnet_activation.h:46]   --->   Operation 445 'xor' 'not_tmp_561' <Predicate = (icmp_ln45_79)> <Delay = 0.00> <CoreInst = "LogicGate">   --->   Core 74 'LogicGate' <Latency = 0> <II = 1> <Delay = 0.12> <FuncUnit> <Opcode : 'and' 'or' 'xor'> <InPorts = 2> <OutPorts = 1>
ST_1 : Operation 446 [1/1] (0.00ns) (grouped into LUT with out node empty_97)   --->   "%and_ln46_160 = or i1 %tmp_481, i1 %not_tmp_561" [firmware/nnet_utils/nnet_activation.h:46]   --->   Operation 446 'or' 'and_ln46_160' <Predicate = (icmp_ln45_79)> <Delay = 0.00> <CoreInst = "LogicGate">   --->   Core 74 'LogicGate' <Latency = 0> <II = 1> <Delay = 0.12> <FuncUnit> <Opcode : 'and' 'or' 'xor'> <InPorts = 2> <OutPorts = 1>
ST_1 : Operation 447 [1/1] (0.12ns) (out node of the LUT)   --->   "%empty_97 = and i1 %icmp_ln46_160, i1 %and_ln46_160" [firmware/nnet_utils/nnet_activation.h:46]   --->   Operation 447 'and' 'empty_97' <Predicate = (icmp_ln45_79)> <Delay = 0.12> <CoreInst = "LogicGate">   --->   Core 74 'LogicGate' <Latency = 0> <II = 1> <Delay = 0.12> <FuncUnit> <Opcode : 'and' 'or' 'xor'> <InPorts = 2> <OutPorts = 1>
ST_1 : Operation 448 [1/1] (0.00ns) (grouped into LUT with out node select_ln46_240)   --->   "%or_ln46_240 = or i1 %empty_97, i1 %tmp_476" [firmware/nnet_utils/nnet_activation.h:46]   --->   Operation 448 'or' 'or_ln46_240' <Predicate = (or_ln46_241 & icmp_ln45_79)> <Delay = 0.00> <CoreInst = "LogicGate">   --->   Core 74 'LogicGate' <Latency = 0> <II = 1> <Delay = 0.12> <FuncUnit> <Opcode : 'and' 'or' 'xor'> <InPorts = 2> <OutPorts = 1>
ST_1 : Operation 449 [1/1] (0.00ns) (grouped into LUT with out node res_19_0)   --->   "%xor_ln46_79 = xor i1 %empty_97, i1 1" [firmware/nnet_utils/nnet_activation.h:46]   --->   Operation 449 'xor' 'xor_ln46_79' <Predicate = (icmp_ln45_79)> <Delay = 0.00> <CoreInst = "LogicGate">   --->   Core 74 'LogicGate' <Latency = 0> <II = 1> <Delay = 0.12> <FuncUnit> <Opcode : 'and' 'or' 'xor'> <InPorts = 2> <OutPorts = 1>
ST_1 : Operation 450 [1/1] (0.00ns) (grouped into LUT with out node res_19_0)   --->   "%or_ln46_241 = or i1 %tmp_476, i1 %xor_ln46_79" [firmware/nnet_utils/nnet_activation.h:46]   --->   Operation 450 'or' 'or_ln46_241' <Predicate = (icmp_ln45_79)> <Delay = 0.00> <CoreInst = "LogicGate">   --->   Core 74 'LogicGate' <Latency = 0> <II = 1> <Delay = 0.12> <FuncUnit> <Opcode : 'and' 'or' 'xor'> <InPorts = 2> <OutPorts = 1>
ST_1 : Operation 451 [1/1] (0.00ns) (grouped into LUT with out node select_ln46_240)   --->   "%select_ln46_239 = select i1 %tmp_476, i6 0, i6 %add_ln46_79" [firmware/nnet_utils/nnet_activation.h:46]   --->   Operation 451 'select' 'select_ln46_239' <Predicate = (or_ln46_240 & or_ln46_241 & icmp_ln45_79)> <Delay = 0.00> <CoreInst = "Sel">   --->   Core 73 'Sel' <Latency = 0> <II = 1> <Delay = 0.29> <FuncUnit> <Opcode : 'select'> <InPorts = 3> <OutPorts = 1>
ST_1 : Operation 452 [1/1] (0.29ns) (out node of the LUT)   --->   "%select_ln46_240 = select i1 %or_ln46_240, i6 %select_ln46_239, i6 63" [firmware/nnet_utils/nnet_activation.h:46]   --->   Operation 452 'select' 'select_ln46_240' <Predicate = (or_ln46_241 & icmp_ln45_79)> <Delay = 0.29> <CoreInst = "Sel">   --->   Core 73 'Sel' <Latency = 0> <II = 1> <Delay = 0.29> <FuncUnit> <Opcode : 'select'> <InPorts = 3> <OutPorts = 1>
ST_1 : Operation 453 [1/1] (0.00ns) (grouped into LUT with out node res_19_0)   --->   "%select_ln46_241 = select i1 %or_ln46_241, i6 %select_ln46_240, i6 %add_ln46_79" [firmware/nnet_utils/nnet_activation.h:46]   --->   Operation 453 'select' 'select_ln46_241' <Predicate = (icmp_ln45_79)> <Delay = 0.00> <CoreInst = "Sel">   --->   Core 73 'Sel' <Latency = 0> <II = 1> <Delay = 0.29> <FuncUnit> <Opcode : 'select'> <InPorts = 3> <OutPorts = 1>
ST_1 : Operation 454 [1/1] (0.29ns) (out node of the LUT)   --->   "%res_19_0 = select i1 %icmp_ln45_79, i6 %select_ln46_241, i6 0" [firmware/nnet_utils/nnet_activation.h:45]   --->   Operation 454 'select' 'res_19_0' <Predicate = true> <Delay = 0.29> <CoreInst = "Sel">   --->   Core 73 'Sel' <Latency = 0> <II = 1> <Delay = 0.29> <FuncUnit> <Opcode : 'select'> <InPorts = 3> <OutPorts = 1>
ST_1 : Operation 455 [1/1] (0.80ns)   --->   "%icmp_ln45_80 = icmp_sgt  i19 %data_21_val_read, i19 0" [firmware/nnet_utils/nnet_activation.h:45]   --->   Operation 455 'icmp' 'icmp_ln45_80' <Predicate = true> <Delay = 0.80> <CoreInst = "Cmp">   --->   Core 9 'Cmp' <Latency = 0> <II = 1> <Delay = 0.80> <FuncUnit> <Opcode : 'seteq' 'setne' 'setle' 'setge' 'setlt' 'setgt'> <InPorts = 2> <OutPorts = 1>
ST_1 : Operation 456 [1/1] (0.00ns)   --->   "%tmp_482 = bitselect i1 @_ssdm_op_BitSelect.i1.i19.i32, i19 %data_21_val_read, i32 18" [firmware/nnet_utils/nnet_activation.h:46]   --->   Operation 456 'bitselect' 'tmp_482' <Predicate = (icmp_ln45_80)> <Delay = 0.00>
ST_1 : Operation 457 [1/1] (0.00ns) (grouped into LUT with out node add_ln46_80)   --->   "%trunc_ln46_78 = partselect i6 @_ssdm_op_PartSelect.i6.i19.i32.i32, i19 %data_21_val_read, i32 5, i32 10" [firmware/nnet_utils/nnet_activation.h:46]   --->   Operation 457 'partselect' 'trunc_ln46_78' <Predicate = (icmp_ln45_80)> <Delay = 0.00>
ST_1 : Operation 458 [1/1] (0.00ns) (grouped into LUT with out node add_ln46_80)   --->   "%tmp_483 = bitselect i1 @_ssdm_op_BitSelect.i1.i19.i32, i19 %data_21_val_read, i32 4" [firmware/nnet_utils/nnet_activation.h:46]   --->   Operation 458 'bitselect' 'tmp_483' <Predicate = (icmp_ln45_80)> <Delay = 0.00>
ST_1 : Operation 459 [1/1] (0.00ns)   --->   "%trunc_ln46_142 = trunc i19 %data_21_val_read" [firmware/nnet_utils/nnet_activation.h:46]   --->   Operation 459 'trunc' 'trunc_ln46_142' <Predicate = (icmp_ln45_80)> <Delay = 0.00>
ST_1 : Operation 460 [1/1] (0.70ns)   --->   "%icmp_ln46_161 = icmp_ne  i4 %trunc_ln46_142, i4 0" [firmware/nnet_utils/nnet_activation.h:46]   --->   Operation 460 'icmp' 'icmp_ln46_161' <Predicate = (icmp_ln45_80)> <Delay = 0.70> <CoreInst = "Cmp">   --->   Core 9 'Cmp' <Latency = 0> <II = 1> <Delay = 0.70> <FuncUnit> <Opcode : 'seteq' 'setne' 'setle' 'setge' 'setlt' 'setgt'> <InPorts = 2> <OutPorts = 1>
ST_1 : Operation 461 [1/1] (0.00ns) (grouped into LUT with out node empty_98)   --->   "%tmp_484 = bitselect i1 @_ssdm_op_BitSelect.i1.i19.i32, i19 %data_21_val_read, i32 10" [firmware/nnet_utils/nnet_activation.h:46]   --->   Operation 461 'bitselect' 'tmp_484' <Predicate = (icmp_ln45_80)> <Delay = 0.00>
ST_1 : Operation 462 [1/1] (0.00ns) (grouped into LUT with out node add_ln46_80)   --->   "%tmp_485 = bitselect i1 @_ssdm_op_BitSelect.i1.i19.i32, i19 %data_21_val_read, i32 5" [firmware/nnet_utils/nnet_activation.h:46]   --->   Operation 462 'bitselect' 'tmp_485' <Predicate = (icmp_ln45_80)> <Delay = 0.00>
ST_1 : Operation 463 [1/1] (0.00ns) (grouped into LUT with out node add_ln46_80)   --->   "%or_ln46_242 = or i1 %tmp_485, i1 %icmp_ln46_161" [firmware/nnet_utils/nnet_activation.h:46]   --->   Operation 463 'or' 'or_ln46_242' <Predicate = (icmp_ln45_80)> <Delay = 0.00> <CoreInst = "LogicGate">   --->   Core 74 'LogicGate' <Latency = 0> <II = 1> <Delay = 0.12> <FuncUnit> <Opcode : 'and' 'or' 'xor'> <InPorts = 2> <OutPorts = 1>
ST_1 : Operation 464 [1/1] (0.00ns) (grouped into LUT with out node add_ln46_80)   --->   "%and_ln46_159 = and i1 %or_ln46_242, i1 %tmp_483" [firmware/nnet_utils/nnet_activation.h:46]   --->   Operation 464 'and' 'and_ln46_159' <Predicate = (icmp_ln45_80)> <Delay = 0.00> <CoreInst = "LogicGate">   --->   Core 74 'LogicGate' <Latency = 0> <II = 1> <Delay = 0.12> <FuncUnit> <Opcode : 'and' 'or' 'xor'> <InPorts = 2> <OutPorts = 1>
ST_1 : Operation 465 [1/1] (0.00ns) (grouped into LUT with out node add_ln46_80)   --->   "%zext_ln46_80 = zext i1 %and_ln46_159" [firmware/nnet_utils/nnet_activation.h:46]   --->   Operation 465 'zext' 'zext_ln46_80' <Predicate = (icmp_ln45_80)> <Delay = 0.00>
ST_1 : Operation 466 [1/1] (0.70ns) (out node of the LUT)   --->   "%add_ln46_80 = add i6 %trunc_ln46_78, i6 %zext_ln46_80" [firmware/nnet_utils/nnet_activation.h:46]   --->   Operation 466 'add' 'add_ln46_80' <Predicate = (icmp_ln45_80)> <Delay = 0.70> <CoreInst = "Adder">   --->   Core 1 'Adder' <Latency = 0> <II = 1> <Delay = 0.70> <FuncUnit> <Opcode : 'add' 'sub'> <InPorts = 2> <OutPorts = 1>
ST_1 : Operation 467 [1/1] (0.00ns)   --->   "%tmp_486 = partselect i8 @_ssdm_op_PartSelect.i8.i19.i32.i32, i19 %data_21_val_read, i32 11, i32 18" [firmware/nnet_utils/nnet_activation.h:46]   --->   Operation 467 'partselect' 'tmp_486' <Predicate = (icmp_ln45_80)> <Delay = 0.00>
ST_1 : Operation 468 [1/1] (0.70ns)   --->   "%icmp_ln46_162 = icmp_eq  i8 %tmp_486, i8 0" [firmware/nnet_utils/nnet_activation.h:46]   --->   Operation 468 'icmp' 'icmp_ln46_162' <Predicate = (icmp_ln45_80)> <Delay = 0.70> <CoreInst = "Cmp">   --->   Core 9 'Cmp' <Latency = 0> <II = 1> <Delay = 0.70> <FuncUnit> <Opcode : 'seteq' 'setne' 'setle' 'setge' 'setlt' 'setgt'> <InPorts = 2> <OutPorts = 1>
ST_1 : Operation 469 [1/1] (0.00ns) (grouped into LUT with out node empty_98)   --->   "%tmp_487 = bitselect i1 @_ssdm_op_BitSelect.i1.i6.i32, i6 %add_ln46_80, i32 5" [firmware/nnet_utils/nnet_activation.h:46]   --->   Operation 469 'bitselect' 'tmp_487' <Predicate = (icmp_ln45_80)> <Delay = 0.00>
ST_1 : Operation 470 [1/1] (0.00ns) (grouped into LUT with out node empty_98)   --->   "%not_tmp_568 = xor i1 %tmp_484, i1 1" [firmware/nnet_utils/nnet_activation.h:46]   --->   Operation 470 'xor' 'not_tmp_568' <Predicate = (icmp_ln45_80)> <Delay = 0.00> <CoreInst = "LogicGate">   --->   Core 74 'LogicGate' <Latency = 0> <II = 1> <Delay = 0.12> <FuncUnit> <Opcode : 'and' 'or' 'xor'> <InPorts = 2> <OutPorts = 1>
ST_1 : Operation 471 [1/1] (0.00ns) (grouped into LUT with out node empty_98)   --->   "%and_ln46_162 = or i1 %tmp_487, i1 %not_tmp_568" [firmware/nnet_utils/nnet_activation.h:46]   --->   Operation 471 'or' 'and_ln46_162' <Predicate = (icmp_ln45_80)> <Delay = 0.00> <CoreInst = "LogicGate">   --->   Core 74 'LogicGate' <Latency = 0> <II = 1> <Delay = 0.12> <FuncUnit> <Opcode : 'and' 'or' 'xor'> <InPorts = 2> <OutPorts = 1>
ST_1 : Operation 472 [1/1] (0.12ns) (out node of the LUT)   --->   "%empty_98 = and i1 %icmp_ln46_162, i1 %and_ln46_162" [firmware/nnet_utils/nnet_activation.h:46]   --->   Operation 472 'and' 'empty_98' <Predicate = (icmp_ln45_80)> <Delay = 0.12> <CoreInst = "LogicGate">   --->   Core 74 'LogicGate' <Latency = 0> <II = 1> <Delay = 0.12> <FuncUnit> <Opcode : 'and' 'or' 'xor'> <InPorts = 2> <OutPorts = 1>
ST_1 : Operation 473 [1/1] (0.00ns) (grouped into LUT with out node select_ln46_243)   --->   "%or_ln46_243 = or i1 %empty_98, i1 %tmp_482" [firmware/nnet_utils/nnet_activation.h:46]   --->   Operation 473 'or' 'or_ln46_243' <Predicate = (or_ln46_244 & icmp_ln45_80)> <Delay = 0.00> <CoreInst = "LogicGate">   --->   Core 74 'LogicGate' <Latency = 0> <II = 1> <Delay = 0.12> <FuncUnit> <Opcode : 'and' 'or' 'xor'> <InPorts = 2> <OutPorts = 1>
ST_1 : Operation 474 [1/1] (0.00ns) (grouped into LUT with out node res_21_0)   --->   "%xor_ln46_80 = xor i1 %empty_98, i1 1" [firmware/nnet_utils/nnet_activation.h:46]   --->   Operation 474 'xor' 'xor_ln46_80' <Predicate = (icmp_ln45_80)> <Delay = 0.00> <CoreInst = "LogicGate">   --->   Core 74 'LogicGate' <Latency = 0> <II = 1> <Delay = 0.12> <FuncUnit> <Opcode : 'and' 'or' 'xor'> <InPorts = 2> <OutPorts = 1>
ST_1 : Operation 475 [1/1] (0.00ns) (grouped into LUT with out node res_21_0)   --->   "%or_ln46_244 = or i1 %tmp_482, i1 %xor_ln46_80" [firmware/nnet_utils/nnet_activation.h:46]   --->   Operation 475 'or' 'or_ln46_244' <Predicate = (icmp_ln45_80)> <Delay = 0.00> <CoreInst = "LogicGate">   --->   Core 74 'LogicGate' <Latency = 0> <II = 1> <Delay = 0.12> <FuncUnit> <Opcode : 'and' 'or' 'xor'> <InPorts = 2> <OutPorts = 1>
ST_1 : Operation 476 [1/1] (0.00ns) (grouped into LUT with out node select_ln46_243)   --->   "%select_ln46_242 = select i1 %tmp_482, i6 0, i6 %add_ln46_80" [firmware/nnet_utils/nnet_activation.h:46]   --->   Operation 476 'select' 'select_ln46_242' <Predicate = (or_ln46_243 & or_ln46_244 & icmp_ln45_80)> <Delay = 0.00> <CoreInst = "Sel">   --->   Core 73 'Sel' <Latency = 0> <II = 1> <Delay = 0.29> <FuncUnit> <Opcode : 'select'> <InPorts = 3> <OutPorts = 1>
ST_1 : Operation 477 [1/1] (0.29ns) (out node of the LUT)   --->   "%select_ln46_243 = select i1 %or_ln46_243, i6 %select_ln46_242, i6 63" [firmware/nnet_utils/nnet_activation.h:46]   --->   Operation 477 'select' 'select_ln46_243' <Predicate = (or_ln46_244 & icmp_ln45_80)> <Delay = 0.29> <CoreInst = "Sel">   --->   Core 73 'Sel' <Latency = 0> <II = 1> <Delay = 0.29> <FuncUnit> <Opcode : 'select'> <InPorts = 3> <OutPorts = 1>
ST_1 : Operation 478 [1/1] (0.00ns) (grouped into LUT with out node res_21_0)   --->   "%select_ln46_244 = select i1 %or_ln46_244, i6 %select_ln46_243, i6 %add_ln46_80" [firmware/nnet_utils/nnet_activation.h:46]   --->   Operation 478 'select' 'select_ln46_244' <Predicate = (icmp_ln45_80)> <Delay = 0.00> <CoreInst = "Sel">   --->   Core 73 'Sel' <Latency = 0> <II = 1> <Delay = 0.29> <FuncUnit> <Opcode : 'select'> <InPorts = 3> <OutPorts = 1>
ST_1 : Operation 479 [1/1] (0.29ns) (out node of the LUT)   --->   "%res_21_0 = select i1 %icmp_ln45_80, i6 %select_ln46_244, i6 0" [firmware/nnet_utils/nnet_activation.h:45]   --->   Operation 479 'select' 'res_21_0' <Predicate = true> <Delay = 0.29> <CoreInst = "Sel">   --->   Core 73 'Sel' <Latency = 0> <II = 1> <Delay = 0.29> <FuncUnit> <Opcode : 'select'> <InPorts = 3> <OutPorts = 1>
ST_1 : Operation 480 [1/1] (0.80ns)   --->   "%icmp_ln45_81 = icmp_sgt  i19 %data_22_val_read, i19 0" [firmware/nnet_utils/nnet_activation.h:45]   --->   Operation 480 'icmp' 'icmp_ln45_81' <Predicate = true> <Delay = 0.80> <CoreInst = "Cmp">   --->   Core 9 'Cmp' <Latency = 0> <II = 1> <Delay = 0.80> <FuncUnit> <Opcode : 'seteq' 'setne' 'setle' 'setge' 'setlt' 'setgt'> <InPorts = 2> <OutPorts = 1>
ST_1 : Operation 481 [1/1] (0.00ns)   --->   "%tmp_488 = bitselect i1 @_ssdm_op_BitSelect.i1.i19.i32, i19 %data_22_val_read, i32 18" [firmware/nnet_utils/nnet_activation.h:46]   --->   Operation 481 'bitselect' 'tmp_488' <Predicate = (icmp_ln45_81)> <Delay = 0.00>
ST_1 : Operation 482 [1/1] (0.00ns) (grouped into LUT with out node add_ln46_81)   --->   "%trunc_ln46_79 = partselect i6 @_ssdm_op_PartSelect.i6.i19.i32.i32, i19 %data_22_val_read, i32 5, i32 10" [firmware/nnet_utils/nnet_activation.h:46]   --->   Operation 482 'partselect' 'trunc_ln46_79' <Predicate = (icmp_ln45_81)> <Delay = 0.00>
ST_1 : Operation 483 [1/1] (0.00ns) (grouped into LUT with out node add_ln46_81)   --->   "%tmp_489 = bitselect i1 @_ssdm_op_BitSelect.i1.i19.i32, i19 %data_22_val_read, i32 4" [firmware/nnet_utils/nnet_activation.h:46]   --->   Operation 483 'bitselect' 'tmp_489' <Predicate = (icmp_ln45_81)> <Delay = 0.00>
ST_1 : Operation 484 [1/1] (0.00ns)   --->   "%trunc_ln46_143 = trunc i19 %data_22_val_read" [firmware/nnet_utils/nnet_activation.h:46]   --->   Operation 484 'trunc' 'trunc_ln46_143' <Predicate = (icmp_ln45_81)> <Delay = 0.00>
ST_1 : Operation 485 [1/1] (0.70ns)   --->   "%icmp_ln46_163 = icmp_ne  i4 %trunc_ln46_143, i4 0" [firmware/nnet_utils/nnet_activation.h:46]   --->   Operation 485 'icmp' 'icmp_ln46_163' <Predicate = (icmp_ln45_81)> <Delay = 0.70> <CoreInst = "Cmp">   --->   Core 9 'Cmp' <Latency = 0> <II = 1> <Delay = 0.70> <FuncUnit> <Opcode : 'seteq' 'setne' 'setle' 'setge' 'setlt' 'setgt'> <InPorts = 2> <OutPorts = 1>
ST_1 : Operation 486 [1/1] (0.00ns) (grouped into LUT with out node empty_99)   --->   "%tmp_490 = bitselect i1 @_ssdm_op_BitSelect.i1.i19.i32, i19 %data_22_val_read, i32 10" [firmware/nnet_utils/nnet_activation.h:46]   --->   Operation 486 'bitselect' 'tmp_490' <Predicate = (icmp_ln45_81)> <Delay = 0.00>
ST_1 : Operation 487 [1/1] (0.00ns) (grouped into LUT with out node add_ln46_81)   --->   "%tmp_491 = bitselect i1 @_ssdm_op_BitSelect.i1.i19.i32, i19 %data_22_val_read, i32 5" [firmware/nnet_utils/nnet_activation.h:46]   --->   Operation 487 'bitselect' 'tmp_491' <Predicate = (icmp_ln45_81)> <Delay = 0.00>
ST_1 : Operation 488 [1/1] (0.00ns) (grouped into LUT with out node add_ln46_81)   --->   "%or_ln46_245 = or i1 %tmp_491, i1 %icmp_ln46_163" [firmware/nnet_utils/nnet_activation.h:46]   --->   Operation 488 'or' 'or_ln46_245' <Predicate = (icmp_ln45_81)> <Delay = 0.00> <CoreInst = "LogicGate">   --->   Core 74 'LogicGate' <Latency = 0> <II = 1> <Delay = 0.12> <FuncUnit> <Opcode : 'and' 'or' 'xor'> <InPorts = 2> <OutPorts = 1>
ST_1 : Operation 489 [1/1] (0.00ns) (grouped into LUT with out node add_ln46_81)   --->   "%and_ln46_161 = and i1 %or_ln46_245, i1 %tmp_489" [firmware/nnet_utils/nnet_activation.h:46]   --->   Operation 489 'and' 'and_ln46_161' <Predicate = (icmp_ln45_81)> <Delay = 0.00> <CoreInst = "LogicGate">   --->   Core 74 'LogicGate' <Latency = 0> <II = 1> <Delay = 0.12> <FuncUnit> <Opcode : 'and' 'or' 'xor'> <InPorts = 2> <OutPorts = 1>
ST_1 : Operation 490 [1/1] (0.00ns) (grouped into LUT with out node add_ln46_81)   --->   "%zext_ln46_81 = zext i1 %and_ln46_161" [firmware/nnet_utils/nnet_activation.h:46]   --->   Operation 490 'zext' 'zext_ln46_81' <Predicate = (icmp_ln45_81)> <Delay = 0.00>
ST_1 : Operation 491 [1/1] (0.70ns) (out node of the LUT)   --->   "%add_ln46_81 = add i6 %trunc_ln46_79, i6 %zext_ln46_81" [firmware/nnet_utils/nnet_activation.h:46]   --->   Operation 491 'add' 'add_ln46_81' <Predicate = (icmp_ln45_81)> <Delay = 0.70> <CoreInst = "Adder">   --->   Core 1 'Adder' <Latency = 0> <II = 1> <Delay = 0.70> <FuncUnit> <Opcode : 'add' 'sub'> <InPorts = 2> <OutPorts = 1>
ST_1 : Operation 492 [1/1] (0.00ns)   --->   "%tmp_492 = partselect i8 @_ssdm_op_PartSelect.i8.i19.i32.i32, i19 %data_22_val_read, i32 11, i32 18" [firmware/nnet_utils/nnet_activation.h:46]   --->   Operation 492 'partselect' 'tmp_492' <Predicate = (icmp_ln45_81)> <Delay = 0.00>
ST_1 : Operation 493 [1/1] (0.70ns)   --->   "%icmp_ln46_164 = icmp_eq  i8 %tmp_492, i8 0" [firmware/nnet_utils/nnet_activation.h:46]   --->   Operation 493 'icmp' 'icmp_ln46_164' <Predicate = (icmp_ln45_81)> <Delay = 0.70> <CoreInst = "Cmp">   --->   Core 9 'Cmp' <Latency = 0> <II = 1> <Delay = 0.70> <FuncUnit> <Opcode : 'seteq' 'setne' 'setle' 'setge' 'setlt' 'setgt'> <InPorts = 2> <OutPorts = 1>
ST_1 : Operation 494 [1/1] (0.00ns) (grouped into LUT with out node empty_99)   --->   "%tmp_493 = bitselect i1 @_ssdm_op_BitSelect.i1.i6.i32, i6 %add_ln46_81, i32 5" [firmware/nnet_utils/nnet_activation.h:46]   --->   Operation 494 'bitselect' 'tmp_493' <Predicate = (icmp_ln45_81)> <Delay = 0.00>
ST_1 : Operation 495 [1/1] (0.00ns) (grouped into LUT with out node empty_99)   --->   "%not_tmp_575 = xor i1 %tmp_490, i1 1" [firmware/nnet_utils/nnet_activation.h:46]   --->   Operation 495 'xor' 'not_tmp_575' <Predicate = (icmp_ln45_81)> <Delay = 0.00> <CoreInst = "LogicGate">   --->   Core 74 'LogicGate' <Latency = 0> <II = 1> <Delay = 0.12> <FuncUnit> <Opcode : 'and' 'or' 'xor'> <InPorts = 2> <OutPorts = 1>
ST_1 : Operation 496 [1/1] (0.00ns) (grouped into LUT with out node empty_99)   --->   "%and_ln46_164 = or i1 %tmp_493, i1 %not_tmp_575" [firmware/nnet_utils/nnet_activation.h:46]   --->   Operation 496 'or' 'and_ln46_164' <Predicate = (icmp_ln45_81)> <Delay = 0.00> <CoreInst = "LogicGate">   --->   Core 74 'LogicGate' <Latency = 0> <II = 1> <Delay = 0.12> <FuncUnit> <Opcode : 'and' 'or' 'xor'> <InPorts = 2> <OutPorts = 1>
ST_1 : Operation 497 [1/1] (0.12ns) (out node of the LUT)   --->   "%empty_99 = and i1 %icmp_ln46_164, i1 %and_ln46_164" [firmware/nnet_utils/nnet_activation.h:46]   --->   Operation 497 'and' 'empty_99' <Predicate = (icmp_ln45_81)> <Delay = 0.12> <CoreInst = "LogicGate">   --->   Core 74 'LogicGate' <Latency = 0> <II = 1> <Delay = 0.12> <FuncUnit> <Opcode : 'and' 'or' 'xor'> <InPorts = 2> <OutPorts = 1>
ST_1 : Operation 498 [1/1] (0.00ns) (grouped into LUT with out node select_ln46_246)   --->   "%or_ln46_246 = or i1 %empty_99, i1 %tmp_488" [firmware/nnet_utils/nnet_activation.h:46]   --->   Operation 498 'or' 'or_ln46_246' <Predicate = (or_ln46_247 & icmp_ln45_81)> <Delay = 0.00> <CoreInst = "LogicGate">   --->   Core 74 'LogicGate' <Latency = 0> <II = 1> <Delay = 0.12> <FuncUnit> <Opcode : 'and' 'or' 'xor'> <InPorts = 2> <OutPorts = 1>
ST_1 : Operation 499 [1/1] (0.00ns) (grouped into LUT with out node res_22_0)   --->   "%xor_ln46_81 = xor i1 %empty_99, i1 1" [firmware/nnet_utils/nnet_activation.h:46]   --->   Operation 499 'xor' 'xor_ln46_81' <Predicate = (icmp_ln45_81)> <Delay = 0.00> <CoreInst = "LogicGate">   --->   Core 74 'LogicGate' <Latency = 0> <II = 1> <Delay = 0.12> <FuncUnit> <Opcode : 'and' 'or' 'xor'> <InPorts = 2> <OutPorts = 1>
ST_1 : Operation 500 [1/1] (0.00ns) (grouped into LUT with out node res_22_0)   --->   "%or_ln46_247 = or i1 %tmp_488, i1 %xor_ln46_81" [firmware/nnet_utils/nnet_activation.h:46]   --->   Operation 500 'or' 'or_ln46_247' <Predicate = (icmp_ln45_81)> <Delay = 0.00> <CoreInst = "LogicGate">   --->   Core 74 'LogicGate' <Latency = 0> <II = 1> <Delay = 0.12> <FuncUnit> <Opcode : 'and' 'or' 'xor'> <InPorts = 2> <OutPorts = 1>
ST_1 : Operation 501 [1/1] (0.00ns) (grouped into LUT with out node select_ln46_246)   --->   "%select_ln46_245 = select i1 %tmp_488, i6 0, i6 %add_ln46_81" [firmware/nnet_utils/nnet_activation.h:46]   --->   Operation 501 'select' 'select_ln46_245' <Predicate = (or_ln46_246 & or_ln46_247 & icmp_ln45_81)> <Delay = 0.00> <CoreInst = "Sel">   --->   Core 73 'Sel' <Latency = 0> <II = 1> <Delay = 0.29> <FuncUnit> <Opcode : 'select'> <InPorts = 3> <OutPorts = 1>
ST_1 : Operation 502 [1/1] (0.29ns) (out node of the LUT)   --->   "%select_ln46_246 = select i1 %or_ln46_246, i6 %select_ln46_245, i6 63" [firmware/nnet_utils/nnet_activation.h:46]   --->   Operation 502 'select' 'select_ln46_246' <Predicate = (or_ln46_247 & icmp_ln45_81)> <Delay = 0.29> <CoreInst = "Sel">   --->   Core 73 'Sel' <Latency = 0> <II = 1> <Delay = 0.29> <FuncUnit> <Opcode : 'select'> <InPorts = 3> <OutPorts = 1>
ST_1 : Operation 503 [1/1] (0.00ns) (grouped into LUT with out node res_22_0)   --->   "%select_ln46_247 = select i1 %or_ln46_247, i6 %select_ln46_246, i6 %add_ln46_81" [firmware/nnet_utils/nnet_activation.h:46]   --->   Operation 503 'select' 'select_ln46_247' <Predicate = (icmp_ln45_81)> <Delay = 0.00> <CoreInst = "Sel">   --->   Core 73 'Sel' <Latency = 0> <II = 1> <Delay = 0.29> <FuncUnit> <Opcode : 'select'> <InPorts = 3> <OutPorts = 1>
ST_1 : Operation 504 [1/1] (0.29ns) (out node of the LUT)   --->   "%res_22_0 = select i1 %icmp_ln45_81, i6 %select_ln46_247, i6 0" [firmware/nnet_utils/nnet_activation.h:45]   --->   Operation 504 'select' 'res_22_0' <Predicate = true> <Delay = 0.29> <CoreInst = "Sel">   --->   Core 73 'Sel' <Latency = 0> <II = 1> <Delay = 0.29> <FuncUnit> <Opcode : 'select'> <InPorts = 3> <OutPorts = 1>
ST_1 : Operation 505 [1/1] (0.80ns)   --->   "%icmp_ln45_82 = icmp_sgt  i19 %data_23_val_read, i19 0" [firmware/nnet_utils/nnet_activation.h:45]   --->   Operation 505 'icmp' 'icmp_ln45_82' <Predicate = true> <Delay = 0.80> <CoreInst = "Cmp">   --->   Core 9 'Cmp' <Latency = 0> <II = 1> <Delay = 0.80> <FuncUnit> <Opcode : 'seteq' 'setne' 'setle' 'setge' 'setlt' 'setgt'> <InPorts = 2> <OutPorts = 1>
ST_1 : Operation 506 [1/1] (0.00ns)   --->   "%tmp_494 = bitselect i1 @_ssdm_op_BitSelect.i1.i19.i32, i19 %data_23_val_read, i32 18" [firmware/nnet_utils/nnet_activation.h:46]   --->   Operation 506 'bitselect' 'tmp_494' <Predicate = (icmp_ln45_82)> <Delay = 0.00>
ST_1 : Operation 507 [1/1] (0.00ns) (grouped into LUT with out node add_ln46_82)   --->   "%trunc_ln46_80 = partselect i6 @_ssdm_op_PartSelect.i6.i19.i32.i32, i19 %data_23_val_read, i32 5, i32 10" [firmware/nnet_utils/nnet_activation.h:46]   --->   Operation 507 'partselect' 'trunc_ln46_80' <Predicate = (icmp_ln45_82)> <Delay = 0.00>
ST_1 : Operation 508 [1/1] (0.00ns) (grouped into LUT with out node add_ln46_82)   --->   "%tmp_495 = bitselect i1 @_ssdm_op_BitSelect.i1.i19.i32, i19 %data_23_val_read, i32 4" [firmware/nnet_utils/nnet_activation.h:46]   --->   Operation 508 'bitselect' 'tmp_495' <Predicate = (icmp_ln45_82)> <Delay = 0.00>
ST_1 : Operation 509 [1/1] (0.00ns)   --->   "%trunc_ln46_144 = trunc i19 %data_23_val_read" [firmware/nnet_utils/nnet_activation.h:46]   --->   Operation 509 'trunc' 'trunc_ln46_144' <Predicate = (icmp_ln45_82)> <Delay = 0.00>
ST_1 : Operation 510 [1/1] (0.70ns)   --->   "%icmp_ln46_165 = icmp_ne  i4 %trunc_ln46_144, i4 0" [firmware/nnet_utils/nnet_activation.h:46]   --->   Operation 510 'icmp' 'icmp_ln46_165' <Predicate = (icmp_ln45_82)> <Delay = 0.70> <CoreInst = "Cmp">   --->   Core 9 'Cmp' <Latency = 0> <II = 1> <Delay = 0.70> <FuncUnit> <Opcode : 'seteq' 'setne' 'setle' 'setge' 'setlt' 'setgt'> <InPorts = 2> <OutPorts = 1>
ST_1 : Operation 511 [1/1] (0.00ns) (grouped into LUT with out node empty_100)   --->   "%tmp_496 = bitselect i1 @_ssdm_op_BitSelect.i1.i19.i32, i19 %data_23_val_read, i32 10" [firmware/nnet_utils/nnet_activation.h:46]   --->   Operation 511 'bitselect' 'tmp_496' <Predicate = (icmp_ln45_82)> <Delay = 0.00>
ST_1 : Operation 512 [1/1] (0.00ns) (grouped into LUT with out node add_ln46_82)   --->   "%tmp_497 = bitselect i1 @_ssdm_op_BitSelect.i1.i19.i32, i19 %data_23_val_read, i32 5" [firmware/nnet_utils/nnet_activation.h:46]   --->   Operation 512 'bitselect' 'tmp_497' <Predicate = (icmp_ln45_82)> <Delay = 0.00>
ST_1 : Operation 513 [1/1] (0.00ns) (grouped into LUT with out node add_ln46_82)   --->   "%or_ln46_248 = or i1 %tmp_497, i1 %icmp_ln46_165" [firmware/nnet_utils/nnet_activation.h:46]   --->   Operation 513 'or' 'or_ln46_248' <Predicate = (icmp_ln45_82)> <Delay = 0.00> <CoreInst = "LogicGate">   --->   Core 74 'LogicGate' <Latency = 0> <II = 1> <Delay = 0.12> <FuncUnit> <Opcode : 'and' 'or' 'xor'> <InPorts = 2> <OutPorts = 1>
ST_1 : Operation 514 [1/1] (0.00ns) (grouped into LUT with out node add_ln46_82)   --->   "%and_ln46_163 = and i1 %or_ln46_248, i1 %tmp_495" [firmware/nnet_utils/nnet_activation.h:46]   --->   Operation 514 'and' 'and_ln46_163' <Predicate = (icmp_ln45_82)> <Delay = 0.00> <CoreInst = "LogicGate">   --->   Core 74 'LogicGate' <Latency = 0> <II = 1> <Delay = 0.12> <FuncUnit> <Opcode : 'and' 'or' 'xor'> <InPorts = 2> <OutPorts = 1>
ST_1 : Operation 515 [1/1] (0.00ns) (grouped into LUT with out node add_ln46_82)   --->   "%zext_ln46_82 = zext i1 %and_ln46_163" [firmware/nnet_utils/nnet_activation.h:46]   --->   Operation 515 'zext' 'zext_ln46_82' <Predicate = (icmp_ln45_82)> <Delay = 0.00>
ST_1 : Operation 516 [1/1] (0.70ns) (out node of the LUT)   --->   "%add_ln46_82 = add i6 %trunc_ln46_80, i6 %zext_ln46_82" [firmware/nnet_utils/nnet_activation.h:46]   --->   Operation 516 'add' 'add_ln46_82' <Predicate = (icmp_ln45_82)> <Delay = 0.70> <CoreInst = "Adder">   --->   Core 1 'Adder' <Latency = 0> <II = 1> <Delay = 0.70> <FuncUnit> <Opcode : 'add' 'sub'> <InPorts = 2> <OutPorts = 1>
ST_1 : Operation 517 [1/1] (0.00ns)   --->   "%tmp_498 = partselect i8 @_ssdm_op_PartSelect.i8.i19.i32.i32, i19 %data_23_val_read, i32 11, i32 18" [firmware/nnet_utils/nnet_activation.h:46]   --->   Operation 517 'partselect' 'tmp_498' <Predicate = (icmp_ln45_82)> <Delay = 0.00>
ST_1 : Operation 518 [1/1] (0.70ns)   --->   "%icmp_ln46_166 = icmp_eq  i8 %tmp_498, i8 0" [firmware/nnet_utils/nnet_activation.h:46]   --->   Operation 518 'icmp' 'icmp_ln46_166' <Predicate = (icmp_ln45_82)> <Delay = 0.70> <CoreInst = "Cmp">   --->   Core 9 'Cmp' <Latency = 0> <II = 1> <Delay = 0.70> <FuncUnit> <Opcode : 'seteq' 'setne' 'setle' 'setge' 'setlt' 'setgt'> <InPorts = 2> <OutPorts = 1>
ST_1 : Operation 519 [1/1] (0.00ns) (grouped into LUT with out node empty_100)   --->   "%tmp_499 = bitselect i1 @_ssdm_op_BitSelect.i1.i6.i32, i6 %add_ln46_82, i32 5" [firmware/nnet_utils/nnet_activation.h:46]   --->   Operation 519 'bitselect' 'tmp_499' <Predicate = (icmp_ln45_82)> <Delay = 0.00>
ST_1 : Operation 520 [1/1] (0.00ns) (grouped into LUT with out node empty_100)   --->   "%not_tmp_582 = xor i1 %tmp_496, i1 1" [firmware/nnet_utils/nnet_activation.h:46]   --->   Operation 520 'xor' 'not_tmp_582' <Predicate = (icmp_ln45_82)> <Delay = 0.00> <CoreInst = "LogicGate">   --->   Core 74 'LogicGate' <Latency = 0> <II = 1> <Delay = 0.12> <FuncUnit> <Opcode : 'and' 'or' 'xor'> <InPorts = 2> <OutPorts = 1>
ST_1 : Operation 521 [1/1] (0.00ns) (grouped into LUT with out node empty_100)   --->   "%and_ln46_166 = or i1 %tmp_499, i1 %not_tmp_582" [firmware/nnet_utils/nnet_activation.h:46]   --->   Operation 521 'or' 'and_ln46_166' <Predicate = (icmp_ln45_82)> <Delay = 0.00> <CoreInst = "LogicGate">   --->   Core 74 'LogicGate' <Latency = 0> <II = 1> <Delay = 0.12> <FuncUnit> <Opcode : 'and' 'or' 'xor'> <InPorts = 2> <OutPorts = 1>
ST_1 : Operation 522 [1/1] (0.12ns) (out node of the LUT)   --->   "%empty_100 = and i1 %icmp_ln46_166, i1 %and_ln46_166" [firmware/nnet_utils/nnet_activation.h:46]   --->   Operation 522 'and' 'empty_100' <Predicate = (icmp_ln45_82)> <Delay = 0.12> <CoreInst = "LogicGate">   --->   Core 74 'LogicGate' <Latency = 0> <II = 1> <Delay = 0.12> <FuncUnit> <Opcode : 'and' 'or' 'xor'> <InPorts = 2> <OutPorts = 1>
ST_1 : Operation 523 [1/1] (0.00ns) (grouped into LUT with out node select_ln46_249)   --->   "%or_ln46_249 = or i1 %empty_100, i1 %tmp_494" [firmware/nnet_utils/nnet_activation.h:46]   --->   Operation 523 'or' 'or_ln46_249' <Predicate = (or_ln46_250 & icmp_ln45_82)> <Delay = 0.00> <CoreInst = "LogicGate">   --->   Core 74 'LogicGate' <Latency = 0> <II = 1> <Delay = 0.12> <FuncUnit> <Opcode : 'and' 'or' 'xor'> <InPorts = 2> <OutPorts = 1>
ST_1 : Operation 524 [1/1] (0.00ns) (grouped into LUT with out node res_23_0)   --->   "%xor_ln46_82 = xor i1 %empty_100, i1 1" [firmware/nnet_utils/nnet_activation.h:46]   --->   Operation 524 'xor' 'xor_ln46_82' <Predicate = (icmp_ln45_82)> <Delay = 0.00> <CoreInst = "LogicGate">   --->   Core 74 'LogicGate' <Latency = 0> <II = 1> <Delay = 0.12> <FuncUnit> <Opcode : 'and' 'or' 'xor'> <InPorts = 2> <OutPorts = 1>
ST_1 : Operation 525 [1/1] (0.00ns) (grouped into LUT with out node res_23_0)   --->   "%or_ln46_250 = or i1 %tmp_494, i1 %xor_ln46_82" [firmware/nnet_utils/nnet_activation.h:46]   --->   Operation 525 'or' 'or_ln46_250' <Predicate = (icmp_ln45_82)> <Delay = 0.00> <CoreInst = "LogicGate">   --->   Core 74 'LogicGate' <Latency = 0> <II = 1> <Delay = 0.12> <FuncUnit> <Opcode : 'and' 'or' 'xor'> <InPorts = 2> <OutPorts = 1>
ST_1 : Operation 526 [1/1] (0.00ns) (grouped into LUT with out node select_ln46_249)   --->   "%select_ln46_248 = select i1 %tmp_494, i6 0, i6 %add_ln46_82" [firmware/nnet_utils/nnet_activation.h:46]   --->   Operation 526 'select' 'select_ln46_248' <Predicate = (or_ln46_249 & or_ln46_250 & icmp_ln45_82)> <Delay = 0.00> <CoreInst = "Sel">   --->   Core 73 'Sel' <Latency = 0> <II = 1> <Delay = 0.29> <FuncUnit> <Opcode : 'select'> <InPorts = 3> <OutPorts = 1>
ST_1 : Operation 527 [1/1] (0.29ns) (out node of the LUT)   --->   "%select_ln46_249 = select i1 %or_ln46_249, i6 %select_ln46_248, i6 63" [firmware/nnet_utils/nnet_activation.h:46]   --->   Operation 527 'select' 'select_ln46_249' <Predicate = (or_ln46_250 & icmp_ln45_82)> <Delay = 0.29> <CoreInst = "Sel">   --->   Core 73 'Sel' <Latency = 0> <II = 1> <Delay = 0.29> <FuncUnit> <Opcode : 'select'> <InPorts = 3> <OutPorts = 1>
ST_1 : Operation 528 [1/1] (0.00ns) (grouped into LUT with out node res_23_0)   --->   "%select_ln46_250 = select i1 %or_ln46_250, i6 %select_ln46_249, i6 %add_ln46_82" [firmware/nnet_utils/nnet_activation.h:46]   --->   Operation 528 'select' 'select_ln46_250' <Predicate = (icmp_ln45_82)> <Delay = 0.00> <CoreInst = "Sel">   --->   Core 73 'Sel' <Latency = 0> <II = 1> <Delay = 0.29> <FuncUnit> <Opcode : 'select'> <InPorts = 3> <OutPorts = 1>
ST_1 : Operation 529 [1/1] (0.29ns) (out node of the LUT)   --->   "%res_23_0 = select i1 %icmp_ln45_82, i6 %select_ln46_250, i6 0" [firmware/nnet_utils/nnet_activation.h:45]   --->   Operation 529 'select' 'res_23_0' <Predicate = true> <Delay = 0.29> <CoreInst = "Sel">   --->   Core 73 'Sel' <Latency = 0> <II = 1> <Delay = 0.29> <FuncUnit> <Opcode : 'select'> <InPorts = 3> <OutPorts = 1>
ST_1 : Operation 530 [1/1] (0.80ns)   --->   "%icmp_ln45_83 = icmp_sgt  i19 %data_24_val_read, i19 0" [firmware/nnet_utils/nnet_activation.h:45]   --->   Operation 530 'icmp' 'icmp_ln45_83' <Predicate = true> <Delay = 0.80> <CoreInst = "Cmp">   --->   Core 9 'Cmp' <Latency = 0> <II = 1> <Delay = 0.80> <FuncUnit> <Opcode : 'seteq' 'setne' 'setle' 'setge' 'setlt' 'setgt'> <InPorts = 2> <OutPorts = 1>
ST_1 : Operation 531 [1/1] (0.00ns)   --->   "%tmp_500 = bitselect i1 @_ssdm_op_BitSelect.i1.i19.i32, i19 %data_24_val_read, i32 18" [firmware/nnet_utils/nnet_activation.h:46]   --->   Operation 531 'bitselect' 'tmp_500' <Predicate = (icmp_ln45_83)> <Delay = 0.00>
ST_1 : Operation 532 [1/1] (0.00ns) (grouped into LUT with out node add_ln46_83)   --->   "%trunc_ln46_81 = partselect i6 @_ssdm_op_PartSelect.i6.i19.i32.i32, i19 %data_24_val_read, i32 5, i32 10" [firmware/nnet_utils/nnet_activation.h:46]   --->   Operation 532 'partselect' 'trunc_ln46_81' <Predicate = (icmp_ln45_83)> <Delay = 0.00>
ST_1 : Operation 533 [1/1] (0.00ns) (grouped into LUT with out node add_ln46_83)   --->   "%tmp_501 = bitselect i1 @_ssdm_op_BitSelect.i1.i19.i32, i19 %data_24_val_read, i32 4" [firmware/nnet_utils/nnet_activation.h:46]   --->   Operation 533 'bitselect' 'tmp_501' <Predicate = (icmp_ln45_83)> <Delay = 0.00>
ST_1 : Operation 534 [1/1] (0.00ns)   --->   "%trunc_ln46_145 = trunc i19 %data_24_val_read" [firmware/nnet_utils/nnet_activation.h:46]   --->   Operation 534 'trunc' 'trunc_ln46_145' <Predicate = (icmp_ln45_83)> <Delay = 0.00>
ST_1 : Operation 535 [1/1] (0.70ns)   --->   "%icmp_ln46_167 = icmp_ne  i4 %trunc_ln46_145, i4 0" [firmware/nnet_utils/nnet_activation.h:46]   --->   Operation 535 'icmp' 'icmp_ln46_167' <Predicate = (icmp_ln45_83)> <Delay = 0.70> <CoreInst = "Cmp">   --->   Core 9 'Cmp' <Latency = 0> <II = 1> <Delay = 0.70> <FuncUnit> <Opcode : 'seteq' 'setne' 'setle' 'setge' 'setlt' 'setgt'> <InPorts = 2> <OutPorts = 1>
ST_1 : Operation 536 [1/1] (0.00ns) (grouped into LUT with out node empty_101)   --->   "%tmp_502 = bitselect i1 @_ssdm_op_BitSelect.i1.i19.i32, i19 %data_24_val_read, i32 10" [firmware/nnet_utils/nnet_activation.h:46]   --->   Operation 536 'bitselect' 'tmp_502' <Predicate = (icmp_ln45_83)> <Delay = 0.00>
ST_1 : Operation 537 [1/1] (0.00ns) (grouped into LUT with out node add_ln46_83)   --->   "%tmp_503 = bitselect i1 @_ssdm_op_BitSelect.i1.i19.i32, i19 %data_24_val_read, i32 5" [firmware/nnet_utils/nnet_activation.h:46]   --->   Operation 537 'bitselect' 'tmp_503' <Predicate = (icmp_ln45_83)> <Delay = 0.00>
ST_1 : Operation 538 [1/1] (0.00ns) (grouped into LUT with out node add_ln46_83)   --->   "%or_ln46_251 = or i1 %tmp_503, i1 %icmp_ln46_167" [firmware/nnet_utils/nnet_activation.h:46]   --->   Operation 538 'or' 'or_ln46_251' <Predicate = (icmp_ln45_83)> <Delay = 0.00> <CoreInst = "LogicGate">   --->   Core 74 'LogicGate' <Latency = 0> <II = 1> <Delay = 0.12> <FuncUnit> <Opcode : 'and' 'or' 'xor'> <InPorts = 2> <OutPorts = 1>
ST_1 : Operation 539 [1/1] (0.00ns) (grouped into LUT with out node add_ln46_83)   --->   "%and_ln46_165 = and i1 %or_ln46_251, i1 %tmp_501" [firmware/nnet_utils/nnet_activation.h:46]   --->   Operation 539 'and' 'and_ln46_165' <Predicate = (icmp_ln45_83)> <Delay = 0.00> <CoreInst = "LogicGate">   --->   Core 74 'LogicGate' <Latency = 0> <II = 1> <Delay = 0.12> <FuncUnit> <Opcode : 'and' 'or' 'xor'> <InPorts = 2> <OutPorts = 1>
ST_1 : Operation 540 [1/1] (0.00ns) (grouped into LUT with out node add_ln46_83)   --->   "%zext_ln46_83 = zext i1 %and_ln46_165" [firmware/nnet_utils/nnet_activation.h:46]   --->   Operation 540 'zext' 'zext_ln46_83' <Predicate = (icmp_ln45_83)> <Delay = 0.00>
ST_1 : Operation 541 [1/1] (0.70ns) (out node of the LUT)   --->   "%add_ln46_83 = add i6 %trunc_ln46_81, i6 %zext_ln46_83" [firmware/nnet_utils/nnet_activation.h:46]   --->   Operation 541 'add' 'add_ln46_83' <Predicate = (icmp_ln45_83)> <Delay = 0.70> <CoreInst = "Adder">   --->   Core 1 'Adder' <Latency = 0> <II = 1> <Delay = 0.70> <FuncUnit> <Opcode : 'add' 'sub'> <InPorts = 2> <OutPorts = 1>
ST_1 : Operation 542 [1/1] (0.00ns)   --->   "%tmp_504 = partselect i8 @_ssdm_op_PartSelect.i8.i19.i32.i32, i19 %data_24_val_read, i32 11, i32 18" [firmware/nnet_utils/nnet_activation.h:46]   --->   Operation 542 'partselect' 'tmp_504' <Predicate = (icmp_ln45_83)> <Delay = 0.00>
ST_1 : Operation 543 [1/1] (0.70ns)   --->   "%icmp_ln46_168 = icmp_eq  i8 %tmp_504, i8 0" [firmware/nnet_utils/nnet_activation.h:46]   --->   Operation 543 'icmp' 'icmp_ln46_168' <Predicate = (icmp_ln45_83)> <Delay = 0.70> <CoreInst = "Cmp">   --->   Core 9 'Cmp' <Latency = 0> <II = 1> <Delay = 0.70> <FuncUnit> <Opcode : 'seteq' 'setne' 'setle' 'setge' 'setlt' 'setgt'> <InPorts = 2> <OutPorts = 1>
ST_1 : Operation 544 [1/1] (0.00ns) (grouped into LUT with out node empty_101)   --->   "%tmp_505 = bitselect i1 @_ssdm_op_BitSelect.i1.i6.i32, i6 %add_ln46_83, i32 5" [firmware/nnet_utils/nnet_activation.h:46]   --->   Operation 544 'bitselect' 'tmp_505' <Predicate = (icmp_ln45_83)> <Delay = 0.00>
ST_1 : Operation 545 [1/1] (0.00ns) (grouped into LUT with out node empty_101)   --->   "%not_tmp_589 = xor i1 %tmp_502, i1 1" [firmware/nnet_utils/nnet_activation.h:46]   --->   Operation 545 'xor' 'not_tmp_589' <Predicate = (icmp_ln45_83)> <Delay = 0.00> <CoreInst = "LogicGate">   --->   Core 74 'LogicGate' <Latency = 0> <II = 1> <Delay = 0.12> <FuncUnit> <Opcode : 'and' 'or' 'xor'> <InPorts = 2> <OutPorts = 1>
ST_1 : Operation 546 [1/1] (0.00ns) (grouped into LUT with out node empty_101)   --->   "%and_ln46_168 = or i1 %tmp_505, i1 %not_tmp_589" [firmware/nnet_utils/nnet_activation.h:46]   --->   Operation 546 'or' 'and_ln46_168' <Predicate = (icmp_ln45_83)> <Delay = 0.00> <CoreInst = "LogicGate">   --->   Core 74 'LogicGate' <Latency = 0> <II = 1> <Delay = 0.12> <FuncUnit> <Opcode : 'and' 'or' 'xor'> <InPorts = 2> <OutPorts = 1>
ST_1 : Operation 547 [1/1] (0.12ns) (out node of the LUT)   --->   "%empty_101 = and i1 %icmp_ln46_168, i1 %and_ln46_168" [firmware/nnet_utils/nnet_activation.h:46]   --->   Operation 547 'and' 'empty_101' <Predicate = (icmp_ln45_83)> <Delay = 0.12> <CoreInst = "LogicGate">   --->   Core 74 'LogicGate' <Latency = 0> <II = 1> <Delay = 0.12> <FuncUnit> <Opcode : 'and' 'or' 'xor'> <InPorts = 2> <OutPorts = 1>
ST_1 : Operation 548 [1/1] (0.00ns) (grouped into LUT with out node select_ln46_252)   --->   "%or_ln46_252 = or i1 %empty_101, i1 %tmp_500" [firmware/nnet_utils/nnet_activation.h:46]   --->   Operation 548 'or' 'or_ln46_252' <Predicate = (or_ln46_253 & icmp_ln45_83)> <Delay = 0.00> <CoreInst = "LogicGate">   --->   Core 74 'LogicGate' <Latency = 0> <II = 1> <Delay = 0.12> <FuncUnit> <Opcode : 'and' 'or' 'xor'> <InPorts = 2> <OutPorts = 1>
ST_1 : Operation 549 [1/1] (0.00ns) (grouped into LUT with out node res_24_0)   --->   "%xor_ln46_83 = xor i1 %empty_101, i1 1" [firmware/nnet_utils/nnet_activation.h:46]   --->   Operation 549 'xor' 'xor_ln46_83' <Predicate = (icmp_ln45_83)> <Delay = 0.00> <CoreInst = "LogicGate">   --->   Core 74 'LogicGate' <Latency = 0> <II = 1> <Delay = 0.12> <FuncUnit> <Opcode : 'and' 'or' 'xor'> <InPorts = 2> <OutPorts = 1>
ST_1 : Operation 550 [1/1] (0.00ns) (grouped into LUT with out node res_24_0)   --->   "%or_ln46_253 = or i1 %tmp_500, i1 %xor_ln46_83" [firmware/nnet_utils/nnet_activation.h:46]   --->   Operation 550 'or' 'or_ln46_253' <Predicate = (icmp_ln45_83)> <Delay = 0.00> <CoreInst = "LogicGate">   --->   Core 74 'LogicGate' <Latency = 0> <II = 1> <Delay = 0.12> <FuncUnit> <Opcode : 'and' 'or' 'xor'> <InPorts = 2> <OutPorts = 1>
ST_1 : Operation 551 [1/1] (0.00ns) (grouped into LUT with out node select_ln46_252)   --->   "%select_ln46_251 = select i1 %tmp_500, i6 0, i6 %add_ln46_83" [firmware/nnet_utils/nnet_activation.h:46]   --->   Operation 551 'select' 'select_ln46_251' <Predicate = (or_ln46_252 & or_ln46_253 & icmp_ln45_83)> <Delay = 0.00> <CoreInst = "Sel">   --->   Core 73 'Sel' <Latency = 0> <II = 1> <Delay = 0.29> <FuncUnit> <Opcode : 'select'> <InPorts = 3> <OutPorts = 1>
ST_1 : Operation 552 [1/1] (0.29ns) (out node of the LUT)   --->   "%select_ln46_252 = select i1 %or_ln46_252, i6 %select_ln46_251, i6 63" [firmware/nnet_utils/nnet_activation.h:46]   --->   Operation 552 'select' 'select_ln46_252' <Predicate = (or_ln46_253 & icmp_ln45_83)> <Delay = 0.29> <CoreInst = "Sel">   --->   Core 73 'Sel' <Latency = 0> <II = 1> <Delay = 0.29> <FuncUnit> <Opcode : 'select'> <InPorts = 3> <OutPorts = 1>
ST_1 : Operation 553 [1/1] (0.00ns) (grouped into LUT with out node res_24_0)   --->   "%select_ln46_253 = select i1 %or_ln46_253, i6 %select_ln46_252, i6 %add_ln46_83" [firmware/nnet_utils/nnet_activation.h:46]   --->   Operation 553 'select' 'select_ln46_253' <Predicate = (icmp_ln45_83)> <Delay = 0.00> <CoreInst = "Sel">   --->   Core 73 'Sel' <Latency = 0> <II = 1> <Delay = 0.29> <FuncUnit> <Opcode : 'select'> <InPorts = 3> <OutPorts = 1>
ST_1 : Operation 554 [1/1] (0.29ns) (out node of the LUT)   --->   "%res_24_0 = select i1 %icmp_ln45_83, i6 %select_ln46_253, i6 0" [firmware/nnet_utils/nnet_activation.h:45]   --->   Operation 554 'select' 'res_24_0' <Predicate = true> <Delay = 0.29> <CoreInst = "Sel">   --->   Core 73 'Sel' <Latency = 0> <II = 1> <Delay = 0.29> <FuncUnit> <Opcode : 'select'> <InPorts = 3> <OutPorts = 1>
ST_1 : Operation 555 [1/1] (0.80ns)   --->   "%icmp_ln45_84 = icmp_sgt  i19 %data_25_val_read, i19 0" [firmware/nnet_utils/nnet_activation.h:45]   --->   Operation 555 'icmp' 'icmp_ln45_84' <Predicate = true> <Delay = 0.80> <CoreInst = "Cmp">   --->   Core 9 'Cmp' <Latency = 0> <II = 1> <Delay = 0.80> <FuncUnit> <Opcode : 'seteq' 'setne' 'setle' 'setge' 'setlt' 'setgt'> <InPorts = 2> <OutPorts = 1>
ST_1 : Operation 556 [1/1] (0.00ns)   --->   "%tmp_506 = bitselect i1 @_ssdm_op_BitSelect.i1.i19.i32, i19 %data_25_val_read, i32 18" [firmware/nnet_utils/nnet_activation.h:46]   --->   Operation 556 'bitselect' 'tmp_506' <Predicate = (icmp_ln45_84)> <Delay = 0.00>
ST_1 : Operation 557 [1/1] (0.00ns) (grouped into LUT with out node add_ln46_84)   --->   "%trunc_ln46_82 = partselect i6 @_ssdm_op_PartSelect.i6.i19.i32.i32, i19 %data_25_val_read, i32 5, i32 10" [firmware/nnet_utils/nnet_activation.h:46]   --->   Operation 557 'partselect' 'trunc_ln46_82' <Predicate = (icmp_ln45_84)> <Delay = 0.00>
ST_1 : Operation 558 [1/1] (0.00ns) (grouped into LUT with out node add_ln46_84)   --->   "%tmp_507 = bitselect i1 @_ssdm_op_BitSelect.i1.i19.i32, i19 %data_25_val_read, i32 4" [firmware/nnet_utils/nnet_activation.h:46]   --->   Operation 558 'bitselect' 'tmp_507' <Predicate = (icmp_ln45_84)> <Delay = 0.00>
ST_1 : Operation 559 [1/1] (0.00ns)   --->   "%trunc_ln46_146 = trunc i19 %data_25_val_read" [firmware/nnet_utils/nnet_activation.h:46]   --->   Operation 559 'trunc' 'trunc_ln46_146' <Predicate = (icmp_ln45_84)> <Delay = 0.00>
ST_1 : Operation 560 [1/1] (0.70ns)   --->   "%icmp_ln46_169 = icmp_ne  i4 %trunc_ln46_146, i4 0" [firmware/nnet_utils/nnet_activation.h:46]   --->   Operation 560 'icmp' 'icmp_ln46_169' <Predicate = (icmp_ln45_84)> <Delay = 0.70> <CoreInst = "Cmp">   --->   Core 9 'Cmp' <Latency = 0> <II = 1> <Delay = 0.70> <FuncUnit> <Opcode : 'seteq' 'setne' 'setle' 'setge' 'setlt' 'setgt'> <InPorts = 2> <OutPorts = 1>
ST_1 : Operation 561 [1/1] (0.00ns) (grouped into LUT with out node empty_102)   --->   "%tmp_508 = bitselect i1 @_ssdm_op_BitSelect.i1.i19.i32, i19 %data_25_val_read, i32 10" [firmware/nnet_utils/nnet_activation.h:46]   --->   Operation 561 'bitselect' 'tmp_508' <Predicate = (icmp_ln45_84)> <Delay = 0.00>
ST_1 : Operation 562 [1/1] (0.00ns) (grouped into LUT with out node add_ln46_84)   --->   "%tmp_509 = bitselect i1 @_ssdm_op_BitSelect.i1.i19.i32, i19 %data_25_val_read, i32 5" [firmware/nnet_utils/nnet_activation.h:46]   --->   Operation 562 'bitselect' 'tmp_509' <Predicate = (icmp_ln45_84)> <Delay = 0.00>
ST_1 : Operation 563 [1/1] (0.00ns) (grouped into LUT with out node add_ln46_84)   --->   "%or_ln46_254 = or i1 %tmp_509, i1 %icmp_ln46_169" [firmware/nnet_utils/nnet_activation.h:46]   --->   Operation 563 'or' 'or_ln46_254' <Predicate = (icmp_ln45_84)> <Delay = 0.00> <CoreInst = "LogicGate">   --->   Core 74 'LogicGate' <Latency = 0> <II = 1> <Delay = 0.12> <FuncUnit> <Opcode : 'and' 'or' 'xor'> <InPorts = 2> <OutPorts = 1>
ST_1 : Operation 564 [1/1] (0.00ns) (grouped into LUT with out node add_ln46_84)   --->   "%and_ln46_167 = and i1 %or_ln46_254, i1 %tmp_507" [firmware/nnet_utils/nnet_activation.h:46]   --->   Operation 564 'and' 'and_ln46_167' <Predicate = (icmp_ln45_84)> <Delay = 0.00> <CoreInst = "LogicGate">   --->   Core 74 'LogicGate' <Latency = 0> <II = 1> <Delay = 0.12> <FuncUnit> <Opcode : 'and' 'or' 'xor'> <InPorts = 2> <OutPorts = 1>
ST_1 : Operation 565 [1/1] (0.00ns) (grouped into LUT with out node add_ln46_84)   --->   "%zext_ln46_84 = zext i1 %and_ln46_167" [firmware/nnet_utils/nnet_activation.h:46]   --->   Operation 565 'zext' 'zext_ln46_84' <Predicate = (icmp_ln45_84)> <Delay = 0.00>
ST_1 : Operation 566 [1/1] (0.70ns) (out node of the LUT)   --->   "%add_ln46_84 = add i6 %trunc_ln46_82, i6 %zext_ln46_84" [firmware/nnet_utils/nnet_activation.h:46]   --->   Operation 566 'add' 'add_ln46_84' <Predicate = (icmp_ln45_84)> <Delay = 0.70> <CoreInst = "Adder">   --->   Core 1 'Adder' <Latency = 0> <II = 1> <Delay = 0.70> <FuncUnit> <Opcode : 'add' 'sub'> <InPorts = 2> <OutPorts = 1>
ST_1 : Operation 567 [1/1] (0.00ns)   --->   "%tmp_510 = partselect i8 @_ssdm_op_PartSelect.i8.i19.i32.i32, i19 %data_25_val_read, i32 11, i32 18" [firmware/nnet_utils/nnet_activation.h:46]   --->   Operation 567 'partselect' 'tmp_510' <Predicate = (icmp_ln45_84)> <Delay = 0.00>
ST_1 : Operation 568 [1/1] (0.70ns)   --->   "%icmp_ln46_170 = icmp_eq  i8 %tmp_510, i8 0" [firmware/nnet_utils/nnet_activation.h:46]   --->   Operation 568 'icmp' 'icmp_ln46_170' <Predicate = (icmp_ln45_84)> <Delay = 0.70> <CoreInst = "Cmp">   --->   Core 9 'Cmp' <Latency = 0> <II = 1> <Delay = 0.70> <FuncUnit> <Opcode : 'seteq' 'setne' 'setle' 'setge' 'setlt' 'setgt'> <InPorts = 2> <OutPorts = 1>
ST_1 : Operation 569 [1/1] (0.00ns) (grouped into LUT with out node empty_102)   --->   "%tmp_511 = bitselect i1 @_ssdm_op_BitSelect.i1.i6.i32, i6 %add_ln46_84, i32 5" [firmware/nnet_utils/nnet_activation.h:46]   --->   Operation 569 'bitselect' 'tmp_511' <Predicate = (icmp_ln45_84)> <Delay = 0.00>
ST_1 : Operation 570 [1/1] (0.00ns) (grouped into LUT with out node empty_102)   --->   "%not_tmp_596 = xor i1 %tmp_508, i1 1" [firmware/nnet_utils/nnet_activation.h:46]   --->   Operation 570 'xor' 'not_tmp_596' <Predicate = (icmp_ln45_84)> <Delay = 0.00> <CoreInst = "LogicGate">   --->   Core 74 'LogicGate' <Latency = 0> <II = 1> <Delay = 0.12> <FuncUnit> <Opcode : 'and' 'or' 'xor'> <InPorts = 2> <OutPorts = 1>
ST_1 : Operation 571 [1/1] (0.00ns) (grouped into LUT with out node empty_102)   --->   "%and_ln46_170 = or i1 %tmp_511, i1 %not_tmp_596" [firmware/nnet_utils/nnet_activation.h:46]   --->   Operation 571 'or' 'and_ln46_170' <Predicate = (icmp_ln45_84)> <Delay = 0.00> <CoreInst = "LogicGate">   --->   Core 74 'LogicGate' <Latency = 0> <II = 1> <Delay = 0.12> <FuncUnit> <Opcode : 'and' 'or' 'xor'> <InPorts = 2> <OutPorts = 1>
ST_1 : Operation 572 [1/1] (0.12ns) (out node of the LUT)   --->   "%empty_102 = and i1 %icmp_ln46_170, i1 %and_ln46_170" [firmware/nnet_utils/nnet_activation.h:46]   --->   Operation 572 'and' 'empty_102' <Predicate = (icmp_ln45_84)> <Delay = 0.12> <CoreInst = "LogicGate">   --->   Core 74 'LogicGate' <Latency = 0> <II = 1> <Delay = 0.12> <FuncUnit> <Opcode : 'and' 'or' 'xor'> <InPorts = 2> <OutPorts = 1>
ST_1 : Operation 573 [1/1] (0.00ns) (grouped into LUT with out node select_ln46_255)   --->   "%or_ln46_255 = or i1 %empty_102, i1 %tmp_506" [firmware/nnet_utils/nnet_activation.h:46]   --->   Operation 573 'or' 'or_ln46_255' <Predicate = (or_ln46_256 & icmp_ln45_84)> <Delay = 0.00> <CoreInst = "LogicGate">   --->   Core 74 'LogicGate' <Latency = 0> <II = 1> <Delay = 0.12> <FuncUnit> <Opcode : 'and' 'or' 'xor'> <InPorts = 2> <OutPorts = 1>
ST_1 : Operation 574 [1/1] (0.00ns) (grouped into LUT with out node res_25_0)   --->   "%xor_ln46_84 = xor i1 %empty_102, i1 1" [firmware/nnet_utils/nnet_activation.h:46]   --->   Operation 574 'xor' 'xor_ln46_84' <Predicate = (icmp_ln45_84)> <Delay = 0.00> <CoreInst = "LogicGate">   --->   Core 74 'LogicGate' <Latency = 0> <II = 1> <Delay = 0.12> <FuncUnit> <Opcode : 'and' 'or' 'xor'> <InPorts = 2> <OutPorts = 1>
ST_1 : Operation 575 [1/1] (0.00ns) (grouped into LUT with out node res_25_0)   --->   "%or_ln46_256 = or i1 %tmp_506, i1 %xor_ln46_84" [firmware/nnet_utils/nnet_activation.h:46]   --->   Operation 575 'or' 'or_ln46_256' <Predicate = (icmp_ln45_84)> <Delay = 0.00> <CoreInst = "LogicGate">   --->   Core 74 'LogicGate' <Latency = 0> <II = 1> <Delay = 0.12> <FuncUnit> <Opcode : 'and' 'or' 'xor'> <InPorts = 2> <OutPorts = 1>
ST_1 : Operation 576 [1/1] (0.00ns) (grouped into LUT with out node select_ln46_255)   --->   "%select_ln46_254 = select i1 %tmp_506, i6 0, i6 %add_ln46_84" [firmware/nnet_utils/nnet_activation.h:46]   --->   Operation 576 'select' 'select_ln46_254' <Predicate = (or_ln46_255 & or_ln46_256 & icmp_ln45_84)> <Delay = 0.00> <CoreInst = "Sel">   --->   Core 73 'Sel' <Latency = 0> <II = 1> <Delay = 0.29> <FuncUnit> <Opcode : 'select'> <InPorts = 3> <OutPorts = 1>
ST_1 : Operation 577 [1/1] (0.29ns) (out node of the LUT)   --->   "%select_ln46_255 = select i1 %or_ln46_255, i6 %select_ln46_254, i6 63" [firmware/nnet_utils/nnet_activation.h:46]   --->   Operation 577 'select' 'select_ln46_255' <Predicate = (or_ln46_256 & icmp_ln45_84)> <Delay = 0.29> <CoreInst = "Sel">   --->   Core 73 'Sel' <Latency = 0> <II = 1> <Delay = 0.29> <FuncUnit> <Opcode : 'select'> <InPorts = 3> <OutPorts = 1>
ST_1 : Operation 578 [1/1] (0.00ns) (grouped into LUT with out node res_25_0)   --->   "%select_ln46_256 = select i1 %or_ln46_256, i6 %select_ln46_255, i6 %add_ln46_84" [firmware/nnet_utils/nnet_activation.h:46]   --->   Operation 578 'select' 'select_ln46_256' <Predicate = (icmp_ln45_84)> <Delay = 0.00> <CoreInst = "Sel">   --->   Core 73 'Sel' <Latency = 0> <II = 1> <Delay = 0.29> <FuncUnit> <Opcode : 'select'> <InPorts = 3> <OutPorts = 1>
ST_1 : Operation 579 [1/1] (0.29ns) (out node of the LUT)   --->   "%res_25_0 = select i1 %icmp_ln45_84, i6 %select_ln46_256, i6 0" [firmware/nnet_utils/nnet_activation.h:45]   --->   Operation 579 'select' 'res_25_0' <Predicate = true> <Delay = 0.29> <CoreInst = "Sel">   --->   Core 73 'Sel' <Latency = 0> <II = 1> <Delay = 0.29> <FuncUnit> <Opcode : 'select'> <InPorts = 3> <OutPorts = 1>
ST_1 : Operation 580 [1/1] (0.80ns)   --->   "%icmp_ln45_85 = icmp_sgt  i19 %data_27_val_read, i19 0" [firmware/nnet_utils/nnet_activation.h:45]   --->   Operation 580 'icmp' 'icmp_ln45_85' <Predicate = true> <Delay = 0.80> <CoreInst = "Cmp">   --->   Core 9 'Cmp' <Latency = 0> <II = 1> <Delay = 0.80> <FuncUnit> <Opcode : 'seteq' 'setne' 'setle' 'setge' 'setlt' 'setgt'> <InPorts = 2> <OutPorts = 1>
ST_1 : Operation 581 [1/1] (0.00ns)   --->   "%tmp_512 = bitselect i1 @_ssdm_op_BitSelect.i1.i19.i32, i19 %data_27_val_read, i32 18" [firmware/nnet_utils/nnet_activation.h:46]   --->   Operation 581 'bitselect' 'tmp_512' <Predicate = (icmp_ln45_85)> <Delay = 0.00>
ST_1 : Operation 582 [1/1] (0.00ns) (grouped into LUT with out node add_ln46_85)   --->   "%trunc_ln46_83 = partselect i6 @_ssdm_op_PartSelect.i6.i19.i32.i32, i19 %data_27_val_read, i32 5, i32 10" [firmware/nnet_utils/nnet_activation.h:46]   --->   Operation 582 'partselect' 'trunc_ln46_83' <Predicate = (icmp_ln45_85)> <Delay = 0.00>
ST_1 : Operation 583 [1/1] (0.00ns) (grouped into LUT with out node add_ln46_85)   --->   "%tmp_513 = bitselect i1 @_ssdm_op_BitSelect.i1.i19.i32, i19 %data_27_val_read, i32 4" [firmware/nnet_utils/nnet_activation.h:46]   --->   Operation 583 'bitselect' 'tmp_513' <Predicate = (icmp_ln45_85)> <Delay = 0.00>
ST_1 : Operation 584 [1/1] (0.00ns)   --->   "%trunc_ln46_147 = trunc i19 %data_27_val_read" [firmware/nnet_utils/nnet_activation.h:46]   --->   Operation 584 'trunc' 'trunc_ln46_147' <Predicate = (icmp_ln45_85)> <Delay = 0.00>
ST_1 : Operation 585 [1/1] (0.70ns)   --->   "%icmp_ln46_171 = icmp_ne  i4 %trunc_ln46_147, i4 0" [firmware/nnet_utils/nnet_activation.h:46]   --->   Operation 585 'icmp' 'icmp_ln46_171' <Predicate = (icmp_ln45_85)> <Delay = 0.70> <CoreInst = "Cmp">   --->   Core 9 'Cmp' <Latency = 0> <II = 1> <Delay = 0.70> <FuncUnit> <Opcode : 'seteq' 'setne' 'setle' 'setge' 'setlt' 'setgt'> <InPorts = 2> <OutPorts = 1>
ST_1 : Operation 586 [1/1] (0.00ns) (grouped into LUT with out node empty_103)   --->   "%tmp_514 = bitselect i1 @_ssdm_op_BitSelect.i1.i19.i32, i19 %data_27_val_read, i32 10" [firmware/nnet_utils/nnet_activation.h:46]   --->   Operation 586 'bitselect' 'tmp_514' <Predicate = (icmp_ln45_85)> <Delay = 0.00>
ST_1 : Operation 587 [1/1] (0.00ns) (grouped into LUT with out node add_ln46_85)   --->   "%tmp_515 = bitselect i1 @_ssdm_op_BitSelect.i1.i19.i32, i19 %data_27_val_read, i32 5" [firmware/nnet_utils/nnet_activation.h:46]   --->   Operation 587 'bitselect' 'tmp_515' <Predicate = (icmp_ln45_85)> <Delay = 0.00>
ST_1 : Operation 588 [1/1] (0.00ns) (grouped into LUT with out node add_ln46_85)   --->   "%or_ln46_257 = or i1 %tmp_515, i1 %icmp_ln46_171" [firmware/nnet_utils/nnet_activation.h:46]   --->   Operation 588 'or' 'or_ln46_257' <Predicate = (icmp_ln45_85)> <Delay = 0.00> <CoreInst = "LogicGate">   --->   Core 74 'LogicGate' <Latency = 0> <II = 1> <Delay = 0.12> <FuncUnit> <Opcode : 'and' 'or' 'xor'> <InPorts = 2> <OutPorts = 1>
ST_1 : Operation 589 [1/1] (0.00ns) (grouped into LUT with out node add_ln46_85)   --->   "%and_ln46_169 = and i1 %or_ln46_257, i1 %tmp_513" [firmware/nnet_utils/nnet_activation.h:46]   --->   Operation 589 'and' 'and_ln46_169' <Predicate = (icmp_ln45_85)> <Delay = 0.00> <CoreInst = "LogicGate">   --->   Core 74 'LogicGate' <Latency = 0> <II = 1> <Delay = 0.12> <FuncUnit> <Opcode : 'and' 'or' 'xor'> <InPorts = 2> <OutPorts = 1>
ST_1 : Operation 590 [1/1] (0.00ns) (grouped into LUT with out node add_ln46_85)   --->   "%zext_ln46_85 = zext i1 %and_ln46_169" [firmware/nnet_utils/nnet_activation.h:46]   --->   Operation 590 'zext' 'zext_ln46_85' <Predicate = (icmp_ln45_85)> <Delay = 0.00>
ST_1 : Operation 591 [1/1] (0.70ns) (out node of the LUT)   --->   "%add_ln46_85 = add i6 %trunc_ln46_83, i6 %zext_ln46_85" [firmware/nnet_utils/nnet_activation.h:46]   --->   Operation 591 'add' 'add_ln46_85' <Predicate = (icmp_ln45_85)> <Delay = 0.70> <CoreInst = "Adder">   --->   Core 1 'Adder' <Latency = 0> <II = 1> <Delay = 0.70> <FuncUnit> <Opcode : 'add' 'sub'> <InPorts = 2> <OutPorts = 1>
ST_1 : Operation 592 [1/1] (0.00ns)   --->   "%tmp_516 = partselect i8 @_ssdm_op_PartSelect.i8.i19.i32.i32, i19 %data_27_val_read, i32 11, i32 18" [firmware/nnet_utils/nnet_activation.h:46]   --->   Operation 592 'partselect' 'tmp_516' <Predicate = (icmp_ln45_85)> <Delay = 0.00>
ST_1 : Operation 593 [1/1] (0.70ns)   --->   "%icmp_ln46_172 = icmp_eq  i8 %tmp_516, i8 0" [firmware/nnet_utils/nnet_activation.h:46]   --->   Operation 593 'icmp' 'icmp_ln46_172' <Predicate = (icmp_ln45_85)> <Delay = 0.70> <CoreInst = "Cmp">   --->   Core 9 'Cmp' <Latency = 0> <II = 1> <Delay = 0.70> <FuncUnit> <Opcode : 'seteq' 'setne' 'setle' 'setge' 'setlt' 'setgt'> <InPorts = 2> <OutPorts = 1>
ST_1 : Operation 594 [1/1] (0.00ns) (grouped into LUT with out node empty_103)   --->   "%tmp_517 = bitselect i1 @_ssdm_op_BitSelect.i1.i6.i32, i6 %add_ln46_85, i32 5" [firmware/nnet_utils/nnet_activation.h:46]   --->   Operation 594 'bitselect' 'tmp_517' <Predicate = (icmp_ln45_85)> <Delay = 0.00>
ST_1 : Operation 595 [1/1] (0.00ns) (grouped into LUT with out node empty_103)   --->   "%not_tmp_603 = xor i1 %tmp_514, i1 1" [firmware/nnet_utils/nnet_activation.h:46]   --->   Operation 595 'xor' 'not_tmp_603' <Predicate = (icmp_ln45_85)> <Delay = 0.00> <CoreInst = "LogicGate">   --->   Core 74 'LogicGate' <Latency = 0> <II = 1> <Delay = 0.12> <FuncUnit> <Opcode : 'and' 'or' 'xor'> <InPorts = 2> <OutPorts = 1>
ST_1 : Operation 596 [1/1] (0.00ns) (grouped into LUT with out node empty_103)   --->   "%and_ln46_172 = or i1 %tmp_517, i1 %not_tmp_603" [firmware/nnet_utils/nnet_activation.h:46]   --->   Operation 596 'or' 'and_ln46_172' <Predicate = (icmp_ln45_85)> <Delay = 0.00> <CoreInst = "LogicGate">   --->   Core 74 'LogicGate' <Latency = 0> <II = 1> <Delay = 0.12> <FuncUnit> <Opcode : 'and' 'or' 'xor'> <InPorts = 2> <OutPorts = 1>
ST_1 : Operation 597 [1/1] (0.12ns) (out node of the LUT)   --->   "%empty_103 = and i1 %icmp_ln46_172, i1 %and_ln46_172" [firmware/nnet_utils/nnet_activation.h:46]   --->   Operation 597 'and' 'empty_103' <Predicate = (icmp_ln45_85)> <Delay = 0.12> <CoreInst = "LogicGate">   --->   Core 74 'LogicGate' <Latency = 0> <II = 1> <Delay = 0.12> <FuncUnit> <Opcode : 'and' 'or' 'xor'> <InPorts = 2> <OutPorts = 1>
ST_1 : Operation 598 [1/1] (0.00ns) (grouped into LUT with out node select_ln46_258)   --->   "%or_ln46_258 = or i1 %empty_103, i1 %tmp_512" [firmware/nnet_utils/nnet_activation.h:46]   --->   Operation 598 'or' 'or_ln46_258' <Predicate = (or_ln46_259 & icmp_ln45_85)> <Delay = 0.00> <CoreInst = "LogicGate">   --->   Core 74 'LogicGate' <Latency = 0> <II = 1> <Delay = 0.12> <FuncUnit> <Opcode : 'and' 'or' 'xor'> <InPorts = 2> <OutPorts = 1>
ST_1 : Operation 599 [1/1] (0.00ns) (grouped into LUT with out node res_2786_0)   --->   "%xor_ln46_85 = xor i1 %empty_103, i1 1" [firmware/nnet_utils/nnet_activation.h:46]   --->   Operation 599 'xor' 'xor_ln46_85' <Predicate = (icmp_ln45_85)> <Delay = 0.00> <CoreInst = "LogicGate">   --->   Core 74 'LogicGate' <Latency = 0> <II = 1> <Delay = 0.12> <FuncUnit> <Opcode : 'and' 'or' 'xor'> <InPorts = 2> <OutPorts = 1>
ST_1 : Operation 600 [1/1] (0.00ns) (grouped into LUT with out node res_2786_0)   --->   "%or_ln46_259 = or i1 %tmp_512, i1 %xor_ln46_85" [firmware/nnet_utils/nnet_activation.h:46]   --->   Operation 600 'or' 'or_ln46_259' <Predicate = (icmp_ln45_85)> <Delay = 0.00> <CoreInst = "LogicGate">   --->   Core 74 'LogicGate' <Latency = 0> <II = 1> <Delay = 0.12> <FuncUnit> <Opcode : 'and' 'or' 'xor'> <InPorts = 2> <OutPorts = 1>
ST_1 : Operation 601 [1/1] (0.00ns) (grouped into LUT with out node select_ln46_258)   --->   "%select_ln46_257 = select i1 %tmp_512, i6 0, i6 %add_ln46_85" [firmware/nnet_utils/nnet_activation.h:46]   --->   Operation 601 'select' 'select_ln46_257' <Predicate = (or_ln46_258 & or_ln46_259 & icmp_ln45_85)> <Delay = 0.00> <CoreInst = "Sel">   --->   Core 73 'Sel' <Latency = 0> <II = 1> <Delay = 0.29> <FuncUnit> <Opcode : 'select'> <InPorts = 3> <OutPorts = 1>
ST_1 : Operation 602 [1/1] (0.29ns) (out node of the LUT)   --->   "%select_ln46_258 = select i1 %or_ln46_258, i6 %select_ln46_257, i6 63" [firmware/nnet_utils/nnet_activation.h:46]   --->   Operation 602 'select' 'select_ln46_258' <Predicate = (or_ln46_259 & icmp_ln45_85)> <Delay = 0.29> <CoreInst = "Sel">   --->   Core 73 'Sel' <Latency = 0> <II = 1> <Delay = 0.29> <FuncUnit> <Opcode : 'select'> <InPorts = 3> <OutPorts = 1>
ST_1 : Operation 603 [1/1] (0.00ns) (grouped into LUT with out node res_2786_0)   --->   "%select_ln46_259 = select i1 %or_ln46_259, i6 %select_ln46_258, i6 %add_ln46_85" [firmware/nnet_utils/nnet_activation.h:46]   --->   Operation 603 'select' 'select_ln46_259' <Predicate = (icmp_ln45_85)> <Delay = 0.00> <CoreInst = "Sel">   --->   Core 73 'Sel' <Latency = 0> <II = 1> <Delay = 0.29> <FuncUnit> <Opcode : 'select'> <InPorts = 3> <OutPorts = 1>
ST_1 : Operation 604 [1/1] (0.29ns) (out node of the LUT)   --->   "%res_2786_0 = select i1 %icmp_ln45_85, i6 %select_ln46_259, i6 0" [firmware/nnet_utils/nnet_activation.h:45]   --->   Operation 604 'select' 'res_2786_0' <Predicate = true> <Delay = 0.29> <CoreInst = "Sel">   --->   Core 73 'Sel' <Latency = 0> <II = 1> <Delay = 0.29> <FuncUnit> <Opcode : 'select'> <InPorts = 3> <OutPorts = 1>
ST_1 : Operation 605 [1/1] (0.80ns)   --->   "%icmp_ln45_86 = icmp_sgt  i19 %data_28_val_read, i19 0" [firmware/nnet_utils/nnet_activation.h:45]   --->   Operation 605 'icmp' 'icmp_ln45_86' <Predicate = true> <Delay = 0.80> <CoreInst = "Cmp">   --->   Core 9 'Cmp' <Latency = 0> <II = 1> <Delay = 0.80> <FuncUnit> <Opcode : 'seteq' 'setne' 'setle' 'setge' 'setlt' 'setgt'> <InPorts = 2> <OutPorts = 1>
ST_1 : Operation 606 [1/1] (0.00ns)   --->   "%tmp_518 = bitselect i1 @_ssdm_op_BitSelect.i1.i19.i32, i19 %data_28_val_read, i32 18" [firmware/nnet_utils/nnet_activation.h:46]   --->   Operation 606 'bitselect' 'tmp_518' <Predicate = (icmp_ln45_86)> <Delay = 0.00>
ST_1 : Operation 607 [1/1] (0.00ns) (grouped into LUT with out node add_ln46_86)   --->   "%trunc_ln46_84 = partselect i6 @_ssdm_op_PartSelect.i6.i19.i32.i32, i19 %data_28_val_read, i32 5, i32 10" [firmware/nnet_utils/nnet_activation.h:46]   --->   Operation 607 'partselect' 'trunc_ln46_84' <Predicate = (icmp_ln45_86)> <Delay = 0.00>
ST_1 : Operation 608 [1/1] (0.00ns) (grouped into LUT with out node add_ln46_86)   --->   "%tmp_519 = bitselect i1 @_ssdm_op_BitSelect.i1.i19.i32, i19 %data_28_val_read, i32 4" [firmware/nnet_utils/nnet_activation.h:46]   --->   Operation 608 'bitselect' 'tmp_519' <Predicate = (icmp_ln45_86)> <Delay = 0.00>
ST_1 : Operation 609 [1/1] (0.00ns)   --->   "%trunc_ln46_148 = trunc i19 %data_28_val_read" [firmware/nnet_utils/nnet_activation.h:46]   --->   Operation 609 'trunc' 'trunc_ln46_148' <Predicate = (icmp_ln45_86)> <Delay = 0.00>
ST_1 : Operation 610 [1/1] (0.70ns)   --->   "%icmp_ln46_173 = icmp_ne  i4 %trunc_ln46_148, i4 0" [firmware/nnet_utils/nnet_activation.h:46]   --->   Operation 610 'icmp' 'icmp_ln46_173' <Predicate = (icmp_ln45_86)> <Delay = 0.70> <CoreInst = "Cmp">   --->   Core 9 'Cmp' <Latency = 0> <II = 1> <Delay = 0.70> <FuncUnit> <Opcode : 'seteq' 'setne' 'setle' 'setge' 'setlt' 'setgt'> <InPorts = 2> <OutPorts = 1>
ST_1 : Operation 611 [1/1] (0.00ns) (grouped into LUT with out node empty_104)   --->   "%tmp_520 = bitselect i1 @_ssdm_op_BitSelect.i1.i19.i32, i19 %data_28_val_read, i32 10" [firmware/nnet_utils/nnet_activation.h:46]   --->   Operation 611 'bitselect' 'tmp_520' <Predicate = (icmp_ln45_86)> <Delay = 0.00>
ST_1 : Operation 612 [1/1] (0.00ns) (grouped into LUT with out node add_ln46_86)   --->   "%tmp_521 = bitselect i1 @_ssdm_op_BitSelect.i1.i19.i32, i19 %data_28_val_read, i32 5" [firmware/nnet_utils/nnet_activation.h:46]   --->   Operation 612 'bitselect' 'tmp_521' <Predicate = (icmp_ln45_86)> <Delay = 0.00>
ST_1 : Operation 613 [1/1] (0.00ns) (grouped into LUT with out node add_ln46_86)   --->   "%or_ln46_260 = or i1 %tmp_521, i1 %icmp_ln46_173" [firmware/nnet_utils/nnet_activation.h:46]   --->   Operation 613 'or' 'or_ln46_260' <Predicate = (icmp_ln45_86)> <Delay = 0.00> <CoreInst = "LogicGate">   --->   Core 74 'LogicGate' <Latency = 0> <II = 1> <Delay = 0.12> <FuncUnit> <Opcode : 'and' 'or' 'xor'> <InPorts = 2> <OutPorts = 1>
ST_1 : Operation 614 [1/1] (0.00ns) (grouped into LUT with out node add_ln46_86)   --->   "%and_ln46_171 = and i1 %or_ln46_260, i1 %tmp_519" [firmware/nnet_utils/nnet_activation.h:46]   --->   Operation 614 'and' 'and_ln46_171' <Predicate = (icmp_ln45_86)> <Delay = 0.00> <CoreInst = "LogicGate">   --->   Core 74 'LogicGate' <Latency = 0> <II = 1> <Delay = 0.12> <FuncUnit> <Opcode : 'and' 'or' 'xor'> <InPorts = 2> <OutPorts = 1>
ST_1 : Operation 615 [1/1] (0.00ns) (grouped into LUT with out node add_ln46_86)   --->   "%zext_ln46_86 = zext i1 %and_ln46_171" [firmware/nnet_utils/nnet_activation.h:46]   --->   Operation 615 'zext' 'zext_ln46_86' <Predicate = (icmp_ln45_86)> <Delay = 0.00>
ST_1 : Operation 616 [1/1] (0.70ns) (out node of the LUT)   --->   "%add_ln46_86 = add i6 %trunc_ln46_84, i6 %zext_ln46_86" [firmware/nnet_utils/nnet_activation.h:46]   --->   Operation 616 'add' 'add_ln46_86' <Predicate = (icmp_ln45_86)> <Delay = 0.70> <CoreInst = "Adder">   --->   Core 1 'Adder' <Latency = 0> <II = 1> <Delay = 0.70> <FuncUnit> <Opcode : 'add' 'sub'> <InPorts = 2> <OutPorts = 1>
ST_1 : Operation 617 [1/1] (0.00ns)   --->   "%tmp_522 = partselect i8 @_ssdm_op_PartSelect.i8.i19.i32.i32, i19 %data_28_val_read, i32 11, i32 18" [firmware/nnet_utils/nnet_activation.h:46]   --->   Operation 617 'partselect' 'tmp_522' <Predicate = (icmp_ln45_86)> <Delay = 0.00>
ST_1 : Operation 618 [1/1] (0.70ns)   --->   "%icmp_ln46_174 = icmp_eq  i8 %tmp_522, i8 0" [firmware/nnet_utils/nnet_activation.h:46]   --->   Operation 618 'icmp' 'icmp_ln46_174' <Predicate = (icmp_ln45_86)> <Delay = 0.70> <CoreInst = "Cmp">   --->   Core 9 'Cmp' <Latency = 0> <II = 1> <Delay = 0.70> <FuncUnit> <Opcode : 'seteq' 'setne' 'setle' 'setge' 'setlt' 'setgt'> <InPorts = 2> <OutPorts = 1>
ST_1 : Operation 619 [1/1] (0.00ns) (grouped into LUT with out node empty_104)   --->   "%tmp_523 = bitselect i1 @_ssdm_op_BitSelect.i1.i6.i32, i6 %add_ln46_86, i32 5" [firmware/nnet_utils/nnet_activation.h:46]   --->   Operation 619 'bitselect' 'tmp_523' <Predicate = (icmp_ln45_86)> <Delay = 0.00>
ST_1 : Operation 620 [1/1] (0.00ns) (grouped into LUT with out node empty_104)   --->   "%not_tmp_610 = xor i1 %tmp_520, i1 1" [firmware/nnet_utils/nnet_activation.h:46]   --->   Operation 620 'xor' 'not_tmp_610' <Predicate = (icmp_ln45_86)> <Delay = 0.00> <CoreInst = "LogicGate">   --->   Core 74 'LogicGate' <Latency = 0> <II = 1> <Delay = 0.12> <FuncUnit> <Opcode : 'and' 'or' 'xor'> <InPorts = 2> <OutPorts = 1>
ST_1 : Operation 621 [1/1] (0.00ns) (grouped into LUT with out node empty_104)   --->   "%and_ln46_174 = or i1 %tmp_523, i1 %not_tmp_610" [firmware/nnet_utils/nnet_activation.h:46]   --->   Operation 621 'or' 'and_ln46_174' <Predicate = (icmp_ln45_86)> <Delay = 0.00> <CoreInst = "LogicGate">   --->   Core 74 'LogicGate' <Latency = 0> <II = 1> <Delay = 0.12> <FuncUnit> <Opcode : 'and' 'or' 'xor'> <InPorts = 2> <OutPorts = 1>
ST_1 : Operation 622 [1/1] (0.12ns) (out node of the LUT)   --->   "%empty_104 = and i1 %icmp_ln46_174, i1 %and_ln46_174" [firmware/nnet_utils/nnet_activation.h:46]   --->   Operation 622 'and' 'empty_104' <Predicate = (icmp_ln45_86)> <Delay = 0.12> <CoreInst = "LogicGate">   --->   Core 74 'LogicGate' <Latency = 0> <II = 1> <Delay = 0.12> <FuncUnit> <Opcode : 'and' 'or' 'xor'> <InPorts = 2> <OutPorts = 1>
ST_1 : Operation 623 [1/1] (0.00ns) (grouped into LUT with out node select_ln46_261)   --->   "%or_ln46_261 = or i1 %empty_104, i1 %tmp_518" [firmware/nnet_utils/nnet_activation.h:46]   --->   Operation 623 'or' 'or_ln46_261' <Predicate = (or_ln46_262 & icmp_ln45_86)> <Delay = 0.00> <CoreInst = "LogicGate">   --->   Core 74 'LogicGate' <Latency = 0> <II = 1> <Delay = 0.12> <FuncUnit> <Opcode : 'and' 'or' 'xor'> <InPorts = 2> <OutPorts = 1>
ST_1 : Operation 624 [1/1] (0.00ns) (grouped into LUT with out node res_28_0)   --->   "%xor_ln46_86 = xor i1 %empty_104, i1 1" [firmware/nnet_utils/nnet_activation.h:46]   --->   Operation 624 'xor' 'xor_ln46_86' <Predicate = (icmp_ln45_86)> <Delay = 0.00> <CoreInst = "LogicGate">   --->   Core 74 'LogicGate' <Latency = 0> <II = 1> <Delay = 0.12> <FuncUnit> <Opcode : 'and' 'or' 'xor'> <InPorts = 2> <OutPorts = 1>
ST_1 : Operation 625 [1/1] (0.00ns) (grouped into LUT with out node res_28_0)   --->   "%or_ln46_262 = or i1 %tmp_518, i1 %xor_ln46_86" [firmware/nnet_utils/nnet_activation.h:46]   --->   Operation 625 'or' 'or_ln46_262' <Predicate = (icmp_ln45_86)> <Delay = 0.00> <CoreInst = "LogicGate">   --->   Core 74 'LogicGate' <Latency = 0> <II = 1> <Delay = 0.12> <FuncUnit> <Opcode : 'and' 'or' 'xor'> <InPorts = 2> <OutPorts = 1>
ST_1 : Operation 626 [1/1] (0.00ns) (grouped into LUT with out node select_ln46_261)   --->   "%select_ln46_260 = select i1 %tmp_518, i6 0, i6 %add_ln46_86" [firmware/nnet_utils/nnet_activation.h:46]   --->   Operation 626 'select' 'select_ln46_260' <Predicate = (or_ln46_261 & or_ln46_262 & icmp_ln45_86)> <Delay = 0.00> <CoreInst = "Sel">   --->   Core 73 'Sel' <Latency = 0> <II = 1> <Delay = 0.29> <FuncUnit> <Opcode : 'select'> <InPorts = 3> <OutPorts = 1>
ST_1 : Operation 627 [1/1] (0.29ns) (out node of the LUT)   --->   "%select_ln46_261 = select i1 %or_ln46_261, i6 %select_ln46_260, i6 63" [firmware/nnet_utils/nnet_activation.h:46]   --->   Operation 627 'select' 'select_ln46_261' <Predicate = (or_ln46_262 & icmp_ln45_86)> <Delay = 0.29> <CoreInst = "Sel">   --->   Core 73 'Sel' <Latency = 0> <II = 1> <Delay = 0.29> <FuncUnit> <Opcode : 'select'> <InPorts = 3> <OutPorts = 1>
ST_1 : Operation 628 [1/1] (0.00ns) (grouped into LUT with out node res_28_0)   --->   "%select_ln46_262 = select i1 %or_ln46_262, i6 %select_ln46_261, i6 %add_ln46_86" [firmware/nnet_utils/nnet_activation.h:46]   --->   Operation 628 'select' 'select_ln46_262' <Predicate = (icmp_ln45_86)> <Delay = 0.00> <CoreInst = "Sel">   --->   Core 73 'Sel' <Latency = 0> <II = 1> <Delay = 0.29> <FuncUnit> <Opcode : 'select'> <InPorts = 3> <OutPorts = 1>
ST_1 : Operation 629 [1/1] (0.29ns) (out node of the LUT)   --->   "%res_28_0 = select i1 %icmp_ln45_86, i6 %select_ln46_262, i6 0" [firmware/nnet_utils/nnet_activation.h:45]   --->   Operation 629 'select' 'res_28_0' <Predicate = true> <Delay = 0.29> <CoreInst = "Sel">   --->   Core 73 'Sel' <Latency = 0> <II = 1> <Delay = 0.29> <FuncUnit> <Opcode : 'select'> <InPorts = 3> <OutPorts = 1>
ST_1 : Operation 630 [1/1] (0.80ns)   --->   "%icmp_ln45_87 = icmp_sgt  i19 %data_29_val_read, i19 0" [firmware/nnet_utils/nnet_activation.h:45]   --->   Operation 630 'icmp' 'icmp_ln45_87' <Predicate = true> <Delay = 0.80> <CoreInst = "Cmp">   --->   Core 9 'Cmp' <Latency = 0> <II = 1> <Delay = 0.80> <FuncUnit> <Opcode : 'seteq' 'setne' 'setle' 'setge' 'setlt' 'setgt'> <InPorts = 2> <OutPorts = 1>
ST_1 : Operation 631 [1/1] (0.00ns)   --->   "%tmp_524 = bitselect i1 @_ssdm_op_BitSelect.i1.i19.i32, i19 %data_29_val_read, i32 18" [firmware/nnet_utils/nnet_activation.h:46]   --->   Operation 631 'bitselect' 'tmp_524' <Predicate = (icmp_ln45_87)> <Delay = 0.00>
ST_1 : Operation 632 [1/1] (0.00ns) (grouped into LUT with out node add_ln46_87)   --->   "%trunc_ln46_85 = partselect i6 @_ssdm_op_PartSelect.i6.i19.i32.i32, i19 %data_29_val_read, i32 5, i32 10" [firmware/nnet_utils/nnet_activation.h:46]   --->   Operation 632 'partselect' 'trunc_ln46_85' <Predicate = (icmp_ln45_87)> <Delay = 0.00>
ST_1 : Operation 633 [1/1] (0.00ns) (grouped into LUT with out node add_ln46_87)   --->   "%tmp_525 = bitselect i1 @_ssdm_op_BitSelect.i1.i19.i32, i19 %data_29_val_read, i32 4" [firmware/nnet_utils/nnet_activation.h:46]   --->   Operation 633 'bitselect' 'tmp_525' <Predicate = (icmp_ln45_87)> <Delay = 0.00>
ST_1 : Operation 634 [1/1] (0.00ns)   --->   "%trunc_ln46_149 = trunc i19 %data_29_val_read" [firmware/nnet_utils/nnet_activation.h:46]   --->   Operation 634 'trunc' 'trunc_ln46_149' <Predicate = (icmp_ln45_87)> <Delay = 0.00>
ST_1 : Operation 635 [1/1] (0.70ns)   --->   "%icmp_ln46_175 = icmp_ne  i4 %trunc_ln46_149, i4 0" [firmware/nnet_utils/nnet_activation.h:46]   --->   Operation 635 'icmp' 'icmp_ln46_175' <Predicate = (icmp_ln45_87)> <Delay = 0.70> <CoreInst = "Cmp">   --->   Core 9 'Cmp' <Latency = 0> <II = 1> <Delay = 0.70> <FuncUnit> <Opcode : 'seteq' 'setne' 'setle' 'setge' 'setlt' 'setgt'> <InPorts = 2> <OutPorts = 1>
ST_1 : Operation 636 [1/1] (0.00ns) (grouped into LUT with out node empty_105)   --->   "%tmp_526 = bitselect i1 @_ssdm_op_BitSelect.i1.i19.i32, i19 %data_29_val_read, i32 10" [firmware/nnet_utils/nnet_activation.h:46]   --->   Operation 636 'bitselect' 'tmp_526' <Predicate = (icmp_ln45_87)> <Delay = 0.00>
ST_1 : Operation 637 [1/1] (0.00ns) (grouped into LUT with out node add_ln46_87)   --->   "%tmp_527 = bitselect i1 @_ssdm_op_BitSelect.i1.i19.i32, i19 %data_29_val_read, i32 5" [firmware/nnet_utils/nnet_activation.h:46]   --->   Operation 637 'bitselect' 'tmp_527' <Predicate = (icmp_ln45_87)> <Delay = 0.00>
ST_1 : Operation 638 [1/1] (0.00ns) (grouped into LUT with out node add_ln46_87)   --->   "%or_ln46_263 = or i1 %tmp_527, i1 %icmp_ln46_175" [firmware/nnet_utils/nnet_activation.h:46]   --->   Operation 638 'or' 'or_ln46_263' <Predicate = (icmp_ln45_87)> <Delay = 0.00> <CoreInst = "LogicGate">   --->   Core 74 'LogicGate' <Latency = 0> <II = 1> <Delay = 0.12> <FuncUnit> <Opcode : 'and' 'or' 'xor'> <InPorts = 2> <OutPorts = 1>
ST_1 : Operation 639 [1/1] (0.00ns) (grouped into LUT with out node add_ln46_87)   --->   "%and_ln46_173 = and i1 %or_ln46_263, i1 %tmp_525" [firmware/nnet_utils/nnet_activation.h:46]   --->   Operation 639 'and' 'and_ln46_173' <Predicate = (icmp_ln45_87)> <Delay = 0.00> <CoreInst = "LogicGate">   --->   Core 74 'LogicGate' <Latency = 0> <II = 1> <Delay = 0.12> <FuncUnit> <Opcode : 'and' 'or' 'xor'> <InPorts = 2> <OutPorts = 1>
ST_1 : Operation 640 [1/1] (0.00ns) (grouped into LUT with out node add_ln46_87)   --->   "%zext_ln46_87 = zext i1 %and_ln46_173" [firmware/nnet_utils/nnet_activation.h:46]   --->   Operation 640 'zext' 'zext_ln46_87' <Predicate = (icmp_ln45_87)> <Delay = 0.00>
ST_1 : Operation 641 [1/1] (0.70ns) (out node of the LUT)   --->   "%add_ln46_87 = add i6 %trunc_ln46_85, i6 %zext_ln46_87" [firmware/nnet_utils/nnet_activation.h:46]   --->   Operation 641 'add' 'add_ln46_87' <Predicate = (icmp_ln45_87)> <Delay = 0.70> <CoreInst = "Adder">   --->   Core 1 'Adder' <Latency = 0> <II = 1> <Delay = 0.70> <FuncUnit> <Opcode : 'add' 'sub'> <InPorts = 2> <OutPorts = 1>
ST_1 : Operation 642 [1/1] (0.00ns)   --->   "%tmp_528 = partselect i8 @_ssdm_op_PartSelect.i8.i19.i32.i32, i19 %data_29_val_read, i32 11, i32 18" [firmware/nnet_utils/nnet_activation.h:46]   --->   Operation 642 'partselect' 'tmp_528' <Predicate = (icmp_ln45_87)> <Delay = 0.00>
ST_1 : Operation 643 [1/1] (0.70ns)   --->   "%icmp_ln46_176 = icmp_eq  i8 %tmp_528, i8 0" [firmware/nnet_utils/nnet_activation.h:46]   --->   Operation 643 'icmp' 'icmp_ln46_176' <Predicate = (icmp_ln45_87)> <Delay = 0.70> <CoreInst = "Cmp">   --->   Core 9 'Cmp' <Latency = 0> <II = 1> <Delay = 0.70> <FuncUnit> <Opcode : 'seteq' 'setne' 'setle' 'setge' 'setlt' 'setgt'> <InPorts = 2> <OutPorts = 1>
ST_1 : Operation 644 [1/1] (0.00ns) (grouped into LUT with out node empty_105)   --->   "%tmp_529 = bitselect i1 @_ssdm_op_BitSelect.i1.i6.i32, i6 %add_ln46_87, i32 5" [firmware/nnet_utils/nnet_activation.h:46]   --->   Operation 644 'bitselect' 'tmp_529' <Predicate = (icmp_ln45_87)> <Delay = 0.00>
ST_1 : Operation 645 [1/1] (0.00ns) (grouped into LUT with out node empty_105)   --->   "%not_tmp_617 = xor i1 %tmp_526, i1 1" [firmware/nnet_utils/nnet_activation.h:46]   --->   Operation 645 'xor' 'not_tmp_617' <Predicate = (icmp_ln45_87)> <Delay = 0.00> <CoreInst = "LogicGate">   --->   Core 74 'LogicGate' <Latency = 0> <II = 1> <Delay = 0.12> <FuncUnit> <Opcode : 'and' 'or' 'xor'> <InPorts = 2> <OutPorts = 1>
ST_1 : Operation 646 [1/1] (0.00ns) (grouped into LUT with out node empty_105)   --->   "%and_ln46_176 = or i1 %tmp_529, i1 %not_tmp_617" [firmware/nnet_utils/nnet_activation.h:46]   --->   Operation 646 'or' 'and_ln46_176' <Predicate = (icmp_ln45_87)> <Delay = 0.00> <CoreInst = "LogicGate">   --->   Core 74 'LogicGate' <Latency = 0> <II = 1> <Delay = 0.12> <FuncUnit> <Opcode : 'and' 'or' 'xor'> <InPorts = 2> <OutPorts = 1>
ST_1 : Operation 647 [1/1] (0.12ns) (out node of the LUT)   --->   "%empty_105 = and i1 %icmp_ln46_176, i1 %and_ln46_176" [firmware/nnet_utils/nnet_activation.h:46]   --->   Operation 647 'and' 'empty_105' <Predicate = (icmp_ln45_87)> <Delay = 0.12> <CoreInst = "LogicGate">   --->   Core 74 'LogicGate' <Latency = 0> <II = 1> <Delay = 0.12> <FuncUnit> <Opcode : 'and' 'or' 'xor'> <InPorts = 2> <OutPorts = 1>
ST_1 : Operation 648 [1/1] (0.00ns) (grouped into LUT with out node select_ln46_264)   --->   "%or_ln46_264 = or i1 %empty_105, i1 %tmp_524" [firmware/nnet_utils/nnet_activation.h:46]   --->   Operation 648 'or' 'or_ln46_264' <Predicate = (or_ln46_265 & icmp_ln45_87)> <Delay = 0.00> <CoreInst = "LogicGate">   --->   Core 74 'LogicGate' <Latency = 0> <II = 1> <Delay = 0.12> <FuncUnit> <Opcode : 'and' 'or' 'xor'> <InPorts = 2> <OutPorts = 1>
ST_1 : Operation 649 [1/1] (0.00ns) (grouped into LUT with out node res_29_0)   --->   "%xor_ln46_87 = xor i1 %empty_105, i1 1" [firmware/nnet_utils/nnet_activation.h:46]   --->   Operation 649 'xor' 'xor_ln46_87' <Predicate = (icmp_ln45_87)> <Delay = 0.00> <CoreInst = "LogicGate">   --->   Core 74 'LogicGate' <Latency = 0> <II = 1> <Delay = 0.12> <FuncUnit> <Opcode : 'and' 'or' 'xor'> <InPorts = 2> <OutPorts = 1>
ST_1 : Operation 650 [1/1] (0.00ns) (grouped into LUT with out node res_29_0)   --->   "%or_ln46_265 = or i1 %tmp_524, i1 %xor_ln46_87" [firmware/nnet_utils/nnet_activation.h:46]   --->   Operation 650 'or' 'or_ln46_265' <Predicate = (icmp_ln45_87)> <Delay = 0.00> <CoreInst = "LogicGate">   --->   Core 74 'LogicGate' <Latency = 0> <II = 1> <Delay = 0.12> <FuncUnit> <Opcode : 'and' 'or' 'xor'> <InPorts = 2> <OutPorts = 1>
ST_1 : Operation 651 [1/1] (0.00ns) (grouped into LUT with out node select_ln46_264)   --->   "%select_ln46_263 = select i1 %tmp_524, i6 0, i6 %add_ln46_87" [firmware/nnet_utils/nnet_activation.h:46]   --->   Operation 651 'select' 'select_ln46_263' <Predicate = (or_ln46_264 & or_ln46_265 & icmp_ln45_87)> <Delay = 0.00> <CoreInst = "Sel">   --->   Core 73 'Sel' <Latency = 0> <II = 1> <Delay = 0.29> <FuncUnit> <Opcode : 'select'> <InPorts = 3> <OutPorts = 1>
ST_1 : Operation 652 [1/1] (0.29ns) (out node of the LUT)   --->   "%select_ln46_264 = select i1 %or_ln46_264, i6 %select_ln46_263, i6 63" [firmware/nnet_utils/nnet_activation.h:46]   --->   Operation 652 'select' 'select_ln46_264' <Predicate = (or_ln46_265 & icmp_ln45_87)> <Delay = 0.29> <CoreInst = "Sel">   --->   Core 73 'Sel' <Latency = 0> <II = 1> <Delay = 0.29> <FuncUnit> <Opcode : 'select'> <InPorts = 3> <OutPorts = 1>
ST_1 : Operation 653 [1/1] (0.00ns) (grouped into LUT with out node res_29_0)   --->   "%select_ln46_265 = select i1 %or_ln46_265, i6 %select_ln46_264, i6 %add_ln46_87" [firmware/nnet_utils/nnet_activation.h:46]   --->   Operation 653 'select' 'select_ln46_265' <Predicate = (icmp_ln45_87)> <Delay = 0.00> <CoreInst = "Sel">   --->   Core 73 'Sel' <Latency = 0> <II = 1> <Delay = 0.29> <FuncUnit> <Opcode : 'select'> <InPorts = 3> <OutPorts = 1>
ST_1 : Operation 654 [1/1] (0.29ns) (out node of the LUT)   --->   "%res_29_0 = select i1 %icmp_ln45_87, i6 %select_ln46_265, i6 0" [firmware/nnet_utils/nnet_activation.h:45]   --->   Operation 654 'select' 'res_29_0' <Predicate = true> <Delay = 0.29> <CoreInst = "Sel">   --->   Core 73 'Sel' <Latency = 0> <II = 1> <Delay = 0.29> <FuncUnit> <Opcode : 'select'> <InPorts = 3> <OutPorts = 1>
ST_1 : Operation 655 [1/1] (0.80ns)   --->   "%icmp_ln45_88 = icmp_sgt  i19 %data_30_val_read, i19 0" [firmware/nnet_utils/nnet_activation.h:45]   --->   Operation 655 'icmp' 'icmp_ln45_88' <Predicate = true> <Delay = 0.80> <CoreInst = "Cmp">   --->   Core 9 'Cmp' <Latency = 0> <II = 1> <Delay = 0.80> <FuncUnit> <Opcode : 'seteq' 'setne' 'setle' 'setge' 'setlt' 'setgt'> <InPorts = 2> <OutPorts = 1>
ST_1 : Operation 656 [1/1] (0.00ns)   --->   "%tmp_530 = bitselect i1 @_ssdm_op_BitSelect.i1.i19.i32, i19 %data_30_val_read, i32 18" [firmware/nnet_utils/nnet_activation.h:46]   --->   Operation 656 'bitselect' 'tmp_530' <Predicate = (icmp_ln45_88)> <Delay = 0.00>
ST_1 : Operation 657 [1/1] (0.00ns) (grouped into LUT with out node add_ln46_88)   --->   "%trunc_ln46_86 = partselect i6 @_ssdm_op_PartSelect.i6.i19.i32.i32, i19 %data_30_val_read, i32 5, i32 10" [firmware/nnet_utils/nnet_activation.h:46]   --->   Operation 657 'partselect' 'trunc_ln46_86' <Predicate = (icmp_ln45_88)> <Delay = 0.00>
ST_1 : Operation 658 [1/1] (0.00ns) (grouped into LUT with out node add_ln46_88)   --->   "%tmp_531 = bitselect i1 @_ssdm_op_BitSelect.i1.i19.i32, i19 %data_30_val_read, i32 4" [firmware/nnet_utils/nnet_activation.h:46]   --->   Operation 658 'bitselect' 'tmp_531' <Predicate = (icmp_ln45_88)> <Delay = 0.00>
ST_1 : Operation 659 [1/1] (0.00ns)   --->   "%trunc_ln46_150 = trunc i19 %data_30_val_read" [firmware/nnet_utils/nnet_activation.h:46]   --->   Operation 659 'trunc' 'trunc_ln46_150' <Predicate = (icmp_ln45_88)> <Delay = 0.00>
ST_1 : Operation 660 [1/1] (0.70ns)   --->   "%icmp_ln46_177 = icmp_ne  i4 %trunc_ln46_150, i4 0" [firmware/nnet_utils/nnet_activation.h:46]   --->   Operation 660 'icmp' 'icmp_ln46_177' <Predicate = (icmp_ln45_88)> <Delay = 0.70> <CoreInst = "Cmp">   --->   Core 9 'Cmp' <Latency = 0> <II = 1> <Delay = 0.70> <FuncUnit> <Opcode : 'seteq' 'setne' 'setle' 'setge' 'setlt' 'setgt'> <InPorts = 2> <OutPorts = 1>
ST_1 : Operation 661 [1/1] (0.00ns) (grouped into LUT with out node empty_106)   --->   "%tmp_532 = bitselect i1 @_ssdm_op_BitSelect.i1.i19.i32, i19 %data_30_val_read, i32 10" [firmware/nnet_utils/nnet_activation.h:46]   --->   Operation 661 'bitselect' 'tmp_532' <Predicate = (icmp_ln45_88)> <Delay = 0.00>
ST_1 : Operation 662 [1/1] (0.00ns) (grouped into LUT with out node add_ln46_88)   --->   "%tmp_533 = bitselect i1 @_ssdm_op_BitSelect.i1.i19.i32, i19 %data_30_val_read, i32 5" [firmware/nnet_utils/nnet_activation.h:46]   --->   Operation 662 'bitselect' 'tmp_533' <Predicate = (icmp_ln45_88)> <Delay = 0.00>
ST_1 : Operation 663 [1/1] (0.00ns) (grouped into LUT with out node add_ln46_88)   --->   "%or_ln46_266 = or i1 %tmp_533, i1 %icmp_ln46_177" [firmware/nnet_utils/nnet_activation.h:46]   --->   Operation 663 'or' 'or_ln46_266' <Predicate = (icmp_ln45_88)> <Delay = 0.00> <CoreInst = "LogicGate">   --->   Core 74 'LogicGate' <Latency = 0> <II = 1> <Delay = 0.12> <FuncUnit> <Opcode : 'and' 'or' 'xor'> <InPorts = 2> <OutPorts = 1>
ST_1 : Operation 664 [1/1] (0.00ns) (grouped into LUT with out node add_ln46_88)   --->   "%and_ln46_175 = and i1 %or_ln46_266, i1 %tmp_531" [firmware/nnet_utils/nnet_activation.h:46]   --->   Operation 664 'and' 'and_ln46_175' <Predicate = (icmp_ln45_88)> <Delay = 0.00> <CoreInst = "LogicGate">   --->   Core 74 'LogicGate' <Latency = 0> <II = 1> <Delay = 0.12> <FuncUnit> <Opcode : 'and' 'or' 'xor'> <InPorts = 2> <OutPorts = 1>
ST_1 : Operation 665 [1/1] (0.00ns) (grouped into LUT with out node add_ln46_88)   --->   "%zext_ln46_88 = zext i1 %and_ln46_175" [firmware/nnet_utils/nnet_activation.h:46]   --->   Operation 665 'zext' 'zext_ln46_88' <Predicate = (icmp_ln45_88)> <Delay = 0.00>
ST_1 : Operation 666 [1/1] (0.70ns) (out node of the LUT)   --->   "%add_ln46_88 = add i6 %trunc_ln46_86, i6 %zext_ln46_88" [firmware/nnet_utils/nnet_activation.h:46]   --->   Operation 666 'add' 'add_ln46_88' <Predicate = (icmp_ln45_88)> <Delay = 0.70> <CoreInst = "Adder">   --->   Core 1 'Adder' <Latency = 0> <II = 1> <Delay = 0.70> <FuncUnit> <Opcode : 'add' 'sub'> <InPorts = 2> <OutPorts = 1>
ST_1 : Operation 667 [1/1] (0.00ns)   --->   "%tmp_534 = partselect i8 @_ssdm_op_PartSelect.i8.i19.i32.i32, i19 %data_30_val_read, i32 11, i32 18" [firmware/nnet_utils/nnet_activation.h:46]   --->   Operation 667 'partselect' 'tmp_534' <Predicate = (icmp_ln45_88)> <Delay = 0.00>
ST_1 : Operation 668 [1/1] (0.70ns)   --->   "%icmp_ln46_178 = icmp_eq  i8 %tmp_534, i8 0" [firmware/nnet_utils/nnet_activation.h:46]   --->   Operation 668 'icmp' 'icmp_ln46_178' <Predicate = (icmp_ln45_88)> <Delay = 0.70> <CoreInst = "Cmp">   --->   Core 9 'Cmp' <Latency = 0> <II = 1> <Delay = 0.70> <FuncUnit> <Opcode : 'seteq' 'setne' 'setle' 'setge' 'setlt' 'setgt'> <InPorts = 2> <OutPorts = 1>
ST_1 : Operation 669 [1/1] (0.00ns) (grouped into LUT with out node empty_106)   --->   "%tmp_535 = bitselect i1 @_ssdm_op_BitSelect.i1.i6.i32, i6 %add_ln46_88, i32 5" [firmware/nnet_utils/nnet_activation.h:46]   --->   Operation 669 'bitselect' 'tmp_535' <Predicate = (icmp_ln45_88)> <Delay = 0.00>
ST_1 : Operation 670 [1/1] (0.00ns) (grouped into LUT with out node empty_106)   --->   "%not_tmp_624 = xor i1 %tmp_532, i1 1" [firmware/nnet_utils/nnet_activation.h:46]   --->   Operation 670 'xor' 'not_tmp_624' <Predicate = (icmp_ln45_88)> <Delay = 0.00> <CoreInst = "LogicGate">   --->   Core 74 'LogicGate' <Latency = 0> <II = 1> <Delay = 0.12> <FuncUnit> <Opcode : 'and' 'or' 'xor'> <InPorts = 2> <OutPorts = 1>
ST_1 : Operation 671 [1/1] (0.00ns) (grouped into LUT with out node empty_106)   --->   "%and_ln46_178 = or i1 %tmp_535, i1 %not_tmp_624" [firmware/nnet_utils/nnet_activation.h:46]   --->   Operation 671 'or' 'and_ln46_178' <Predicate = (icmp_ln45_88)> <Delay = 0.00> <CoreInst = "LogicGate">   --->   Core 74 'LogicGate' <Latency = 0> <II = 1> <Delay = 0.12> <FuncUnit> <Opcode : 'and' 'or' 'xor'> <InPorts = 2> <OutPorts = 1>
ST_1 : Operation 672 [1/1] (0.12ns) (out node of the LUT)   --->   "%empty_106 = and i1 %icmp_ln46_178, i1 %and_ln46_178" [firmware/nnet_utils/nnet_activation.h:46]   --->   Operation 672 'and' 'empty_106' <Predicate = (icmp_ln45_88)> <Delay = 0.12> <CoreInst = "LogicGate">   --->   Core 74 'LogicGate' <Latency = 0> <II = 1> <Delay = 0.12> <FuncUnit> <Opcode : 'and' 'or' 'xor'> <InPorts = 2> <OutPorts = 1>
ST_1 : Operation 673 [1/1] (0.00ns) (grouped into LUT with out node select_ln46_267)   --->   "%or_ln46_267 = or i1 %empty_106, i1 %tmp_530" [firmware/nnet_utils/nnet_activation.h:46]   --->   Operation 673 'or' 'or_ln46_267' <Predicate = (or_ln46_268 & icmp_ln45_88)> <Delay = 0.00> <CoreInst = "LogicGate">   --->   Core 74 'LogicGate' <Latency = 0> <II = 1> <Delay = 0.12> <FuncUnit> <Opcode : 'and' 'or' 'xor'> <InPorts = 2> <OutPorts = 1>
ST_1 : Operation 674 [1/1] (0.00ns) (grouped into LUT with out node res_30_0)   --->   "%xor_ln46_88 = xor i1 %empty_106, i1 1" [firmware/nnet_utils/nnet_activation.h:46]   --->   Operation 674 'xor' 'xor_ln46_88' <Predicate = (icmp_ln45_88)> <Delay = 0.00> <CoreInst = "LogicGate">   --->   Core 74 'LogicGate' <Latency = 0> <II = 1> <Delay = 0.12> <FuncUnit> <Opcode : 'and' 'or' 'xor'> <InPorts = 2> <OutPorts = 1>
ST_1 : Operation 675 [1/1] (0.00ns) (grouped into LUT with out node res_30_0)   --->   "%or_ln46_268 = or i1 %tmp_530, i1 %xor_ln46_88" [firmware/nnet_utils/nnet_activation.h:46]   --->   Operation 675 'or' 'or_ln46_268' <Predicate = (icmp_ln45_88)> <Delay = 0.00> <CoreInst = "LogicGate">   --->   Core 74 'LogicGate' <Latency = 0> <II = 1> <Delay = 0.12> <FuncUnit> <Opcode : 'and' 'or' 'xor'> <InPorts = 2> <OutPorts = 1>
ST_1 : Operation 676 [1/1] (0.00ns) (grouped into LUT with out node select_ln46_267)   --->   "%select_ln46_266 = select i1 %tmp_530, i6 0, i6 %add_ln46_88" [firmware/nnet_utils/nnet_activation.h:46]   --->   Operation 676 'select' 'select_ln46_266' <Predicate = (or_ln46_267 & or_ln46_268 & icmp_ln45_88)> <Delay = 0.00> <CoreInst = "Sel">   --->   Core 73 'Sel' <Latency = 0> <II = 1> <Delay = 0.29> <FuncUnit> <Opcode : 'select'> <InPorts = 3> <OutPorts = 1>
ST_1 : Operation 677 [1/1] (0.29ns) (out node of the LUT)   --->   "%select_ln46_267 = select i1 %or_ln46_267, i6 %select_ln46_266, i6 63" [firmware/nnet_utils/nnet_activation.h:46]   --->   Operation 677 'select' 'select_ln46_267' <Predicate = (or_ln46_268 & icmp_ln45_88)> <Delay = 0.29> <CoreInst = "Sel">   --->   Core 73 'Sel' <Latency = 0> <II = 1> <Delay = 0.29> <FuncUnit> <Opcode : 'select'> <InPorts = 3> <OutPorts = 1>
ST_1 : Operation 678 [1/1] (0.00ns) (grouped into LUT with out node res_30_0)   --->   "%select_ln46_268 = select i1 %or_ln46_268, i6 %select_ln46_267, i6 %add_ln46_88" [firmware/nnet_utils/nnet_activation.h:46]   --->   Operation 678 'select' 'select_ln46_268' <Predicate = (icmp_ln45_88)> <Delay = 0.00> <CoreInst = "Sel">   --->   Core 73 'Sel' <Latency = 0> <II = 1> <Delay = 0.29> <FuncUnit> <Opcode : 'select'> <InPorts = 3> <OutPorts = 1>
ST_1 : Operation 679 [1/1] (0.29ns) (out node of the LUT)   --->   "%res_30_0 = select i1 %icmp_ln45_88, i6 %select_ln46_268, i6 0" [firmware/nnet_utils/nnet_activation.h:45]   --->   Operation 679 'select' 'res_30_0' <Predicate = true> <Delay = 0.29> <CoreInst = "Sel">   --->   Core 73 'Sel' <Latency = 0> <II = 1> <Delay = 0.29> <FuncUnit> <Opcode : 'select'> <InPorts = 3> <OutPorts = 1>
ST_1 : Operation 680 [1/1] (0.80ns)   --->   "%icmp_ln45_89 = icmp_sgt  i19 %data_31_val_read, i19 0" [firmware/nnet_utils/nnet_activation.h:45]   --->   Operation 680 'icmp' 'icmp_ln45_89' <Predicate = true> <Delay = 0.80> <CoreInst = "Cmp">   --->   Core 9 'Cmp' <Latency = 0> <II = 1> <Delay = 0.80> <FuncUnit> <Opcode : 'seteq' 'setne' 'setle' 'setge' 'setlt' 'setgt'> <InPorts = 2> <OutPorts = 1>
ST_1 : Operation 681 [1/1] (0.00ns)   --->   "%tmp_536 = bitselect i1 @_ssdm_op_BitSelect.i1.i19.i32, i19 %data_31_val_read, i32 18" [firmware/nnet_utils/nnet_activation.h:46]   --->   Operation 681 'bitselect' 'tmp_536' <Predicate = (icmp_ln45_89)> <Delay = 0.00>
ST_1 : Operation 682 [1/1] (0.00ns) (grouped into LUT with out node add_ln46_89)   --->   "%trunc_ln46_87 = partselect i6 @_ssdm_op_PartSelect.i6.i19.i32.i32, i19 %data_31_val_read, i32 5, i32 10" [firmware/nnet_utils/nnet_activation.h:46]   --->   Operation 682 'partselect' 'trunc_ln46_87' <Predicate = (icmp_ln45_89)> <Delay = 0.00>
ST_1 : Operation 683 [1/1] (0.00ns) (grouped into LUT with out node add_ln46_89)   --->   "%tmp_537 = bitselect i1 @_ssdm_op_BitSelect.i1.i19.i32, i19 %data_31_val_read, i32 4" [firmware/nnet_utils/nnet_activation.h:46]   --->   Operation 683 'bitselect' 'tmp_537' <Predicate = (icmp_ln45_89)> <Delay = 0.00>
ST_1 : Operation 684 [1/1] (0.00ns)   --->   "%trunc_ln46_151 = trunc i19 %data_31_val_read" [firmware/nnet_utils/nnet_activation.h:46]   --->   Operation 684 'trunc' 'trunc_ln46_151' <Predicate = (icmp_ln45_89)> <Delay = 0.00>
ST_1 : Operation 685 [1/1] (0.70ns)   --->   "%icmp_ln46_179 = icmp_ne  i4 %trunc_ln46_151, i4 0" [firmware/nnet_utils/nnet_activation.h:46]   --->   Operation 685 'icmp' 'icmp_ln46_179' <Predicate = (icmp_ln45_89)> <Delay = 0.70> <CoreInst = "Cmp">   --->   Core 9 'Cmp' <Latency = 0> <II = 1> <Delay = 0.70> <FuncUnit> <Opcode : 'seteq' 'setne' 'setle' 'setge' 'setlt' 'setgt'> <InPorts = 2> <OutPorts = 1>
ST_1 : Operation 686 [1/1] (0.00ns) (grouped into LUT with out node empty_107)   --->   "%tmp_538 = bitselect i1 @_ssdm_op_BitSelect.i1.i19.i32, i19 %data_31_val_read, i32 10" [firmware/nnet_utils/nnet_activation.h:46]   --->   Operation 686 'bitselect' 'tmp_538' <Predicate = (icmp_ln45_89)> <Delay = 0.00>
ST_1 : Operation 687 [1/1] (0.00ns) (grouped into LUT with out node add_ln46_89)   --->   "%tmp_539 = bitselect i1 @_ssdm_op_BitSelect.i1.i19.i32, i19 %data_31_val_read, i32 5" [firmware/nnet_utils/nnet_activation.h:46]   --->   Operation 687 'bitselect' 'tmp_539' <Predicate = (icmp_ln45_89)> <Delay = 0.00>
ST_1 : Operation 688 [1/1] (0.00ns) (grouped into LUT with out node add_ln46_89)   --->   "%or_ln46_269 = or i1 %tmp_539, i1 %icmp_ln46_179" [firmware/nnet_utils/nnet_activation.h:46]   --->   Operation 688 'or' 'or_ln46_269' <Predicate = (icmp_ln45_89)> <Delay = 0.00> <CoreInst = "LogicGate">   --->   Core 74 'LogicGate' <Latency = 0> <II = 1> <Delay = 0.12> <FuncUnit> <Opcode : 'and' 'or' 'xor'> <InPorts = 2> <OutPorts = 1>
ST_1 : Operation 689 [1/1] (0.00ns) (grouped into LUT with out node add_ln46_89)   --->   "%and_ln46_177 = and i1 %or_ln46_269, i1 %tmp_537" [firmware/nnet_utils/nnet_activation.h:46]   --->   Operation 689 'and' 'and_ln46_177' <Predicate = (icmp_ln45_89)> <Delay = 0.00> <CoreInst = "LogicGate">   --->   Core 74 'LogicGate' <Latency = 0> <II = 1> <Delay = 0.12> <FuncUnit> <Opcode : 'and' 'or' 'xor'> <InPorts = 2> <OutPorts = 1>
ST_1 : Operation 690 [1/1] (0.00ns) (grouped into LUT with out node add_ln46_89)   --->   "%zext_ln46_89 = zext i1 %and_ln46_177" [firmware/nnet_utils/nnet_activation.h:46]   --->   Operation 690 'zext' 'zext_ln46_89' <Predicate = (icmp_ln45_89)> <Delay = 0.00>
ST_1 : Operation 691 [1/1] (0.70ns) (out node of the LUT)   --->   "%add_ln46_89 = add i6 %trunc_ln46_87, i6 %zext_ln46_89" [firmware/nnet_utils/nnet_activation.h:46]   --->   Operation 691 'add' 'add_ln46_89' <Predicate = (icmp_ln45_89)> <Delay = 0.70> <CoreInst = "Adder">   --->   Core 1 'Adder' <Latency = 0> <II = 1> <Delay = 0.70> <FuncUnit> <Opcode : 'add' 'sub'> <InPorts = 2> <OutPorts = 1>
ST_1 : Operation 692 [1/1] (0.00ns)   --->   "%tmp_540 = partselect i8 @_ssdm_op_PartSelect.i8.i19.i32.i32, i19 %data_31_val_read, i32 11, i32 18" [firmware/nnet_utils/nnet_activation.h:46]   --->   Operation 692 'partselect' 'tmp_540' <Predicate = (icmp_ln45_89)> <Delay = 0.00>
ST_1 : Operation 693 [1/1] (0.70ns)   --->   "%icmp_ln46_180 = icmp_eq  i8 %tmp_540, i8 0" [firmware/nnet_utils/nnet_activation.h:46]   --->   Operation 693 'icmp' 'icmp_ln46_180' <Predicate = (icmp_ln45_89)> <Delay = 0.70> <CoreInst = "Cmp">   --->   Core 9 'Cmp' <Latency = 0> <II = 1> <Delay = 0.70> <FuncUnit> <Opcode : 'seteq' 'setne' 'setle' 'setge' 'setlt' 'setgt'> <InPorts = 2> <OutPorts = 1>
ST_1 : Operation 694 [1/1] (0.00ns) (grouped into LUT with out node empty_107)   --->   "%tmp_541 = bitselect i1 @_ssdm_op_BitSelect.i1.i6.i32, i6 %add_ln46_89, i32 5" [firmware/nnet_utils/nnet_activation.h:46]   --->   Operation 694 'bitselect' 'tmp_541' <Predicate = (icmp_ln45_89)> <Delay = 0.00>
ST_1 : Operation 695 [1/1] (0.00ns) (grouped into LUT with out node empty_107)   --->   "%not_tmp_631 = xor i1 %tmp_538, i1 1" [firmware/nnet_utils/nnet_activation.h:46]   --->   Operation 695 'xor' 'not_tmp_631' <Predicate = (icmp_ln45_89)> <Delay = 0.00> <CoreInst = "LogicGate">   --->   Core 74 'LogicGate' <Latency = 0> <II = 1> <Delay = 0.12> <FuncUnit> <Opcode : 'and' 'or' 'xor'> <InPorts = 2> <OutPorts = 1>
ST_1 : Operation 696 [1/1] (0.00ns) (grouped into LUT with out node empty_107)   --->   "%and_ln46_180 = or i1 %tmp_541, i1 %not_tmp_631" [firmware/nnet_utils/nnet_activation.h:46]   --->   Operation 696 'or' 'and_ln46_180' <Predicate = (icmp_ln45_89)> <Delay = 0.00> <CoreInst = "LogicGate">   --->   Core 74 'LogicGate' <Latency = 0> <II = 1> <Delay = 0.12> <FuncUnit> <Opcode : 'and' 'or' 'xor'> <InPorts = 2> <OutPorts = 1>
ST_1 : Operation 697 [1/1] (0.12ns) (out node of the LUT)   --->   "%empty_107 = and i1 %icmp_ln46_180, i1 %and_ln46_180" [firmware/nnet_utils/nnet_activation.h:46]   --->   Operation 697 'and' 'empty_107' <Predicate = (icmp_ln45_89)> <Delay = 0.12> <CoreInst = "LogicGate">   --->   Core 74 'LogicGate' <Latency = 0> <II = 1> <Delay = 0.12> <FuncUnit> <Opcode : 'and' 'or' 'xor'> <InPorts = 2> <OutPorts = 1>
ST_1 : Operation 698 [1/1] (0.00ns) (grouped into LUT with out node select_ln46_270)   --->   "%or_ln46_270 = or i1 %empty_107, i1 %tmp_536" [firmware/nnet_utils/nnet_activation.h:46]   --->   Operation 698 'or' 'or_ln46_270' <Predicate = (or_ln46_271 & icmp_ln45_89)> <Delay = 0.00> <CoreInst = "LogicGate">   --->   Core 74 'LogicGate' <Latency = 0> <II = 1> <Delay = 0.12> <FuncUnit> <Opcode : 'and' 'or' 'xor'> <InPorts = 2> <OutPorts = 1>
ST_1 : Operation 699 [1/1] (0.00ns) (grouped into LUT with out node res_31_0)   --->   "%xor_ln46_89 = xor i1 %empty_107, i1 1" [firmware/nnet_utils/nnet_activation.h:46]   --->   Operation 699 'xor' 'xor_ln46_89' <Predicate = (icmp_ln45_89)> <Delay = 0.00> <CoreInst = "LogicGate">   --->   Core 74 'LogicGate' <Latency = 0> <II = 1> <Delay = 0.12> <FuncUnit> <Opcode : 'and' 'or' 'xor'> <InPorts = 2> <OutPorts = 1>
ST_1 : Operation 700 [1/1] (0.00ns) (grouped into LUT with out node res_31_0)   --->   "%or_ln46_271 = or i1 %tmp_536, i1 %xor_ln46_89" [firmware/nnet_utils/nnet_activation.h:46]   --->   Operation 700 'or' 'or_ln46_271' <Predicate = (icmp_ln45_89)> <Delay = 0.00> <CoreInst = "LogicGate">   --->   Core 74 'LogicGate' <Latency = 0> <II = 1> <Delay = 0.12> <FuncUnit> <Opcode : 'and' 'or' 'xor'> <InPorts = 2> <OutPorts = 1>
ST_1 : Operation 701 [1/1] (0.00ns) (grouped into LUT with out node select_ln46_270)   --->   "%select_ln46_269 = select i1 %tmp_536, i6 0, i6 %add_ln46_89" [firmware/nnet_utils/nnet_activation.h:46]   --->   Operation 701 'select' 'select_ln46_269' <Predicate = (or_ln46_270 & or_ln46_271 & icmp_ln45_89)> <Delay = 0.00> <CoreInst = "Sel">   --->   Core 73 'Sel' <Latency = 0> <II = 1> <Delay = 0.29> <FuncUnit> <Opcode : 'select'> <InPorts = 3> <OutPorts = 1>
ST_1 : Operation 702 [1/1] (0.29ns) (out node of the LUT)   --->   "%select_ln46_270 = select i1 %or_ln46_270, i6 %select_ln46_269, i6 63" [firmware/nnet_utils/nnet_activation.h:46]   --->   Operation 702 'select' 'select_ln46_270' <Predicate = (or_ln46_271 & icmp_ln45_89)> <Delay = 0.29> <CoreInst = "Sel">   --->   Core 73 'Sel' <Latency = 0> <II = 1> <Delay = 0.29> <FuncUnit> <Opcode : 'select'> <InPorts = 3> <OutPorts = 1>
ST_1 : Operation 703 [1/1] (0.00ns) (grouped into LUT with out node res_31_0)   --->   "%select_ln46_271 = select i1 %or_ln46_271, i6 %select_ln46_270, i6 %add_ln46_89" [firmware/nnet_utils/nnet_activation.h:46]   --->   Operation 703 'select' 'select_ln46_271' <Predicate = (icmp_ln45_89)> <Delay = 0.00> <CoreInst = "Sel">   --->   Core 73 'Sel' <Latency = 0> <II = 1> <Delay = 0.29> <FuncUnit> <Opcode : 'select'> <InPorts = 3> <OutPorts = 1>
ST_1 : Operation 704 [1/1] (0.29ns) (out node of the LUT)   --->   "%res_31_0 = select i1 %icmp_ln45_89, i6 %select_ln46_271, i6 0" [firmware/nnet_utils/nnet_activation.h:45]   --->   Operation 704 'select' 'res_31_0' <Predicate = true> <Delay = 0.29> <CoreInst = "Sel">   --->   Core 73 'Sel' <Latency = 0> <II = 1> <Delay = 0.29> <FuncUnit> <Opcode : 'select'> <InPorts = 3> <OutPorts = 1>
ST_1 : Operation 705 [1/1] (0.00ns)   --->   "%newret = insertvalue i162 <undef>, i6 %res_1_0" [firmware/nnet_utils/nnet_activation.h:45]   --->   Operation 705 'insertvalue' 'newret' <Predicate = true> <Delay = 0.00>
ST_1 : Operation 706 [1/1] (0.00ns)   --->   "%newret2 = insertvalue i162 %newret, i6 %res_2_0" [firmware/nnet_utils/nnet_activation.h:45]   --->   Operation 706 'insertvalue' 'newret2' <Predicate = true> <Delay = 0.00>
ST_1 : Operation 707 [1/1] (0.00ns)   --->   "%newret4 = insertvalue i162 %newret2, i6 %res_3_0" [firmware/nnet_utils/nnet_activation.h:45]   --->   Operation 707 'insertvalue' 'newret4' <Predicate = true> <Delay = 0.00>
ST_1 : Operation 708 [1/1] (0.00ns)   --->   "%newret6 = insertvalue i162 %newret4, i6 %res_4_0" [firmware/nnet_utils/nnet_activation.h:45]   --->   Operation 708 'insertvalue' 'newret6' <Predicate = true> <Delay = 0.00>
ST_1 : Operation 709 [1/1] (0.00ns)   --->   "%newret8 = insertvalue i162 %newret6, i6 %res_5_0" [firmware/nnet_utils/nnet_activation.h:45]   --->   Operation 709 'insertvalue' 'newret8' <Predicate = true> <Delay = 0.00>
ST_1 : Operation 710 [1/1] (0.00ns)   --->   "%newret1 = insertvalue i162 %newret8, i6 %res_6_0" [firmware/nnet_utils/nnet_activation.h:45]   --->   Operation 710 'insertvalue' 'newret1' <Predicate = true> <Delay = 0.00>
ST_1 : Operation 711 [1/1] (0.00ns)   --->   "%newret3 = insertvalue i162 %newret1, i6 %res_7_0" [firmware/nnet_utils/nnet_activation.h:45]   --->   Operation 711 'insertvalue' 'newret3' <Predicate = true> <Delay = 0.00>
ST_1 : Operation 712 [1/1] (0.00ns)   --->   "%newret5 = insertvalue i162 %newret3, i6 %res_8_0" [firmware/nnet_utils/nnet_activation.h:45]   --->   Operation 712 'insertvalue' 'newret5' <Predicate = true> <Delay = 0.00>
ST_1 : Operation 713 [1/1] (0.00ns)   --->   "%newret7 = insertvalue i162 %newret5, i6 %res_9_0" [firmware/nnet_utils/nnet_activation.h:45]   --->   Operation 713 'insertvalue' 'newret7' <Predicate = true> <Delay = 0.00>
ST_1 : Operation 714 [1/1] (0.00ns)   --->   "%newret9 = insertvalue i162 %newret7, i6 %res_10_0" [firmware/nnet_utils/nnet_activation.h:45]   --->   Operation 714 'insertvalue' 'newret9' <Predicate = true> <Delay = 0.00>
ST_1 : Operation 715 [1/1] (0.00ns)   --->   "%newret10 = insertvalue i162 %newret9, i6 %res_11_0" [firmware/nnet_utils/nnet_activation.h:45]   --->   Operation 715 'insertvalue' 'newret10' <Predicate = true> <Delay = 0.00>
ST_1 : Operation 716 [1/1] (0.00ns)   --->   "%newret11 = insertvalue i162 %newret10, i6 %res_13_0" [firmware/nnet_utils/nnet_activation.h:45]   --->   Operation 716 'insertvalue' 'newret11' <Predicate = true> <Delay = 0.00>
ST_1 : Operation 717 [1/1] (0.00ns)   --->   "%newret12 = insertvalue i162 %newret11, i6 %res_15_0" [firmware/nnet_utils/nnet_activation.h:45]   --->   Operation 717 'insertvalue' 'newret12' <Predicate = true> <Delay = 0.00>
ST_1 : Operation 718 [1/1] (0.00ns)   --->   "%newret13 = insertvalue i162 %newret12, i6 %res_16_0" [firmware/nnet_utils/nnet_activation.h:45]   --->   Operation 718 'insertvalue' 'newret13' <Predicate = true> <Delay = 0.00>
ST_1 : Operation 719 [1/1] (0.00ns)   --->   "%newret14 = insertvalue i162 %newret13, i6 %res_17_0" [firmware/nnet_utils/nnet_activation.h:45]   --->   Operation 719 'insertvalue' 'newret14' <Predicate = true> <Delay = 0.00>
ST_1 : Operation 720 [1/1] (0.00ns)   --->   "%newret15 = insertvalue i162 %newret14, i6 %res_18_0" [firmware/nnet_utils/nnet_activation.h:45]   --->   Operation 720 'insertvalue' 'newret15' <Predicate = true> <Delay = 0.00>
ST_1 : Operation 721 [1/1] (0.00ns)   --->   "%newret16 = insertvalue i162 %newret15, i6 %res_19_0" [firmware/nnet_utils/nnet_activation.h:45]   --->   Operation 721 'insertvalue' 'newret16' <Predicate = true> <Delay = 0.00>
ST_1 : Operation 722 [1/1] (0.00ns)   --->   "%newret17 = insertvalue i162 %newret16, i6 %res_21_0" [firmware/nnet_utils/nnet_activation.h:45]   --->   Operation 722 'insertvalue' 'newret17' <Predicate = true> <Delay = 0.00>
ST_1 : Operation 723 [1/1] (0.00ns)   --->   "%newret18 = insertvalue i162 %newret17, i6 %res_22_0" [firmware/nnet_utils/nnet_activation.h:45]   --->   Operation 723 'insertvalue' 'newret18' <Predicate = true> <Delay = 0.00>
ST_1 : Operation 724 [1/1] (0.00ns)   --->   "%newret19 = insertvalue i162 %newret18, i6 %res_23_0" [firmware/nnet_utils/nnet_activation.h:45]   --->   Operation 724 'insertvalue' 'newret19' <Predicate = true> <Delay = 0.00>
ST_1 : Operation 725 [1/1] (0.00ns)   --->   "%newret20 = insertvalue i162 %newret19, i6 %res_24_0" [firmware/nnet_utils/nnet_activation.h:45]   --->   Operation 725 'insertvalue' 'newret20' <Predicate = true> <Delay = 0.00>
ST_1 : Operation 726 [1/1] (0.00ns)   --->   "%newret21 = insertvalue i162 %newret20, i6 %res_25_0" [firmware/nnet_utils/nnet_activation.h:45]   --->   Operation 726 'insertvalue' 'newret21' <Predicate = true> <Delay = 0.00>
ST_1 : Operation 727 [1/1] (0.00ns)   --->   "%newret22 = insertvalue i162 %newret21, i6 %res_2786_0" [firmware/nnet_utils/nnet_activation.h:45]   --->   Operation 727 'insertvalue' 'newret22' <Predicate = true> <Delay = 0.00>
ST_1 : Operation 728 [1/1] (0.00ns)   --->   "%newret23 = insertvalue i162 %newret22, i6 %res_28_0" [firmware/nnet_utils/nnet_activation.h:45]   --->   Operation 728 'insertvalue' 'newret23' <Predicate = true> <Delay = 0.00>
ST_1 : Operation 729 [1/1] (0.00ns)   --->   "%newret24 = insertvalue i162 %newret23, i6 %res_29_0" [firmware/nnet_utils/nnet_activation.h:45]   --->   Operation 729 'insertvalue' 'newret24' <Predicate = true> <Delay = 0.00>
ST_1 : Operation 730 [1/1] (0.00ns)   --->   "%newret25 = insertvalue i162 %newret24, i6 %res_30_0" [firmware/nnet_utils/nnet_activation.h:45]   --->   Operation 730 'insertvalue' 'newret25' <Predicate = true> <Delay = 0.00>
ST_1 : Operation 731 [1/1] (0.00ns)   --->   "%newret26 = insertvalue i162 %newret25, i6 %res_31_0" [firmware/nnet_utils/nnet_activation.h:45]   --->   Operation 731 'insertvalue' 'newret26' <Predicate = true> <Delay = 0.00>
ST_1 : Operation 732 [1/1] (0.00ns)   --->   "%ret_ln45 = ret i162 %newret26" [firmware/nnet_utils/nnet_activation.h:45]   --->   Operation 732 'ret' 'ret_ln45' <Predicate = true> <Delay = 0.00>


============================================================
+ Verbose Summary: Timing violations
============================================================
Target clock period: 5.000ns, clock uncertainty: 1.350ns.

 <State 1>: 2.122ns
The critical path consists of the following:
	wire read operation ('data_1_val_read', firmware/nnet_utils/nnet_activation.h:42) on port 'data_1_val' (firmware/nnet_utils/nnet_activation.h:42) [55]  (0.000 ns)
	'icmp' operation 1 bit ('icmp_ln46', firmware/nnet_utils/nnet_activation.h:46) [61]  (0.708 ns)
	'or' operation 1 bit ('or_ln46', firmware/nnet_utils/nnet_activation.h:46) [64]  (0.000 ns)
	'and' operation 1 bit ('and_ln46', firmware/nnet_utils/nnet_activation.h:46) [65]  (0.000 ns)
	'add' operation 6 bit ('add_ln46', firmware/nnet_utils/nnet_activation.h:46) [67]  (0.706 ns)
	'or' operation 1 bit ('and_ln46_128', firmware/nnet_utils/nnet_activation.h:46) [72]  (0.000 ns)
	'and' operation 1 bit ('empty', firmware/nnet_utils/nnet_activation.h:46) [73]  (0.122 ns)
	'or' operation 1 bit ('or_ln46_192', firmware/nnet_utils/nnet_activation.h:46) [74]  (0.000 ns)
	'select' operation 6 bit ('select_ln46_192', firmware/nnet_utils/nnet_activation.h:46) [78]  (0.293 ns)
	'select' operation 6 bit ('select_ln46_193', firmware/nnet_utils/nnet_activation.h:46) [79]  (0.000 ns)
	'select' operation 6 bit ('res_1_0', firmware/nnet_utils/nnet_activation.h:45) [80]  (0.293 ns)


============================================================
+ Verbose Summary: Binding
============================================================
N/A
* FSMD analyzer results:
  - Output states:
 - Input state : 
  - Chain level:
	State 1


============================================================
+ Verbose Summary: Datapath Resource usage 
============================================================
N/A
