

================================================================
== Vitis HLS Report for 'relu_ap_fixed_19_8_5_3_0_ap_ufixed_6_0_4_0_0_relu_config7_s'
================================================================
* Date:           Mon Nov 10 15:41:36 2025

* Version:        2024.1 (Build 5069499 on May 21 2024)
* Project:        myproject_prj
* Solution:       solution1 (Vivado IP Flow Target)
* Product family: virtexuplus
* Target device:  xcu250-figd2104-2L-e


================================================================
== Performance Estimates
================================================================
+ Timing: 
    * Summary: 
    +--------+---------+----------+------------+
    |  Clock |  Target | Estimated| Uncertainty|
    +--------+---------+----------+------------+
    |ap_clk  |  5.00 ns|  2.122 ns|     1.35 ns|
    +--------+---------+----------+------------+

+ Latency: 
    * Summary: 
    +---------+---------+----------+----------+-----+-----+---------+
    |  Latency (cycles) |  Latency (absolute) |  Interval | Pipeline|
    |   min   |   max   |    min   |    max   | min | max |   Type  |
    +---------+---------+----------+----------+-----+-----+---------+
    |        0|        0|      0 ns|      0 ns|    1|    1|      yes|
    +---------+---------+----------+----------+-----+-----+---------+

    + Detail: 
        * Instance: 
        N/A

        * Loop: 
        N/A

============================================================
+ Verbose Summary: Synthesis Manager
============================================================
InlineROM: 1
ExposeGlobal: 0
============================================================
+ Verbose Summary: CDFG Model
============================================================
IsTopModel: 0
ResetActiveHigh: 1
IsCombinational: 0
IsDatapathOnly: 0
HasWiredReturn: 1
HasMFsm: 2
HasVarLatency: 0
IsPipeline: 1
IsRtlPipelined: 0
IsInstanceOverlapped: 0
IsDontTouch: 0
HasImplIP: 0
IsGatedGlobalClock: 0

+ Individual pipeline summary: 
  * Pipeline-0: initiation interval (II) = 1, depth = 1


============================================================
+ Verbose Summary: Schedule
============================================================
* Number of FSM states : 1
* Pipeline : 1
  Pipeline-0 : II = 1, D = 1, States = { 1 }
* Dataflow Pipeline: 0

* FSM state transitions: 
1 --> 

* FSM state operations: 

State 1 <SV = 0> <Delay = 2.12>
ST_1 : Operation 2 [1/1] (0.00ns)   --->   "%specpipeline_ln42 = specpipeline void @_ssdm_op_SpecPipeline, i32 4294967295, i32 0, i32 0, i32 0, void @empty_0" [firmware/nnet_utils/nnet_activation.h:42]   --->   Operation 2 'specpipeline' 'specpipeline_ln42' <Predicate = true> <Delay = 0.00>
ST_1 : Operation 3 [1/1] (0.00ns)   --->   "%data_31_val_read = read i19 @_ssdm_op_Read.ap_auto.i19, i19 %data_31_val" [firmware/nnet_utils/nnet_activation.h:42]   --->   Operation 3 'read' 'data_31_val_read' <Predicate = true> <Delay = 0.00>
ST_1 : Operation 4 [1/1] (0.00ns)   --->   "%data_30_val_read = read i19 @_ssdm_op_Read.ap_auto.i19, i19 %data_30_val" [firmware/nnet_utils/nnet_activation.h:42]   --->   Operation 4 'read' 'data_30_val_read' <Predicate = true> <Delay = 0.00>
ST_1 : Operation 5 [1/1] (0.00ns)   --->   "%data_29_val_read = read i19 @_ssdm_op_Read.ap_auto.i19, i19 %data_29_val" [firmware/nnet_utils/nnet_activation.h:42]   --->   Operation 5 'read' 'data_29_val_read' <Predicate = true> <Delay = 0.00>
ST_1 : Operation 6 [1/1] (0.00ns)   --->   "%data_28_val_read = read i19 @_ssdm_op_Read.ap_auto.i19, i19 %data_28_val" [firmware/nnet_utils/nnet_activation.h:42]   --->   Operation 6 'read' 'data_28_val_read' <Predicate = true> <Delay = 0.00>
ST_1 : Operation 7 [1/1] (0.00ns)   --->   "%data_27_val_read = read i19 @_ssdm_op_Read.ap_auto.i19, i19 %data_27_val" [firmware/nnet_utils/nnet_activation.h:42]   --->   Operation 7 'read' 'data_27_val_read' <Predicate = true> <Delay = 0.00>
ST_1 : Operation 8 [1/1] (0.00ns)   --->   "%data_25_val_read = read i19 @_ssdm_op_Read.ap_auto.i19, i19 %data_25_val" [firmware/nnet_utils/nnet_activation.h:42]   --->   Operation 8 'read' 'data_25_val_read' <Predicate = true> <Delay = 0.00>
ST_1 : Operation 9 [1/1] (0.00ns)   --->   "%data_24_val_read = read i19 @_ssdm_op_Read.ap_auto.i19, i19 %data_24_val" [firmware/nnet_utils/nnet_activation.h:42]   --->   Operation 9 'read' 'data_24_val_read' <Predicate = true> <Delay = 0.00>
ST_1 : Operation 10 [1/1] (0.00ns)   --->   "%data_23_val_read = read i19 @_ssdm_op_Read.ap_auto.i19, i19 %data_23_val" [firmware/nnet_utils/nnet_activation.h:42]   --->   Operation 10 'read' 'data_23_val_read' <Predicate = true> <Delay = 0.00>
ST_1 : Operation 11 [1/1] (0.00ns)   --->   "%data_22_val_read = read i19 @_ssdm_op_Read.ap_auto.i19, i19 %data_22_val" [firmware/nnet_utils/nnet_activation.h:42]   --->   Operation 11 'read' 'data_22_val_read' <Predicate = true> <Delay = 0.00>
ST_1 : Operation 12 [1/1] (0.00ns)   --->   "%data_21_val_read = read i19 @_ssdm_op_Read.ap_auto.i19, i19 %data_21_val" [firmware/nnet_utils/nnet_activation.h:42]   --->   Operation 12 'read' 'data_21_val_read' <Predicate = true> <Delay = 0.00>
ST_1 : Operation 13 [1/1] (0.00ns)   --->   "%data_19_val_read = read i19 @_ssdm_op_Read.ap_auto.i19, i19 %data_19_val" [firmware/nnet_utils/nnet_activation.h:42]   --->   Operation 13 'read' 'data_19_val_read' <Predicate = true> <Delay = 0.00>
ST_1 : Operation 14 [1/1] (0.00ns)   --->   "%data_18_val_read = read i19 @_ssdm_op_Read.ap_auto.i19, i19 %data_18_val" [firmware/nnet_utils/nnet_activation.h:42]   --->   Operation 14 'read' 'data_18_val_read' <Predicate = true> <Delay = 0.00>
ST_1 : Operation 15 [1/1] (0.00ns)   --->   "%data_17_val_read = read i19 @_ssdm_op_Read.ap_auto.i19, i19 %data_17_val" [firmware/nnet_utils/nnet_activation.h:42]   --->   Operation 15 'read' 'data_17_val_read' <Predicate = true> <Delay = 0.00>
ST_1 : Operation 16 [1/1] (0.00ns)   --->   "%data_16_val_read = read i19 @_ssdm_op_Read.ap_auto.i19, i19 %data_16_val" [firmware/nnet_utils/nnet_activation.h:42]   --->   Operation 16 'read' 'data_16_val_read' <Predicate = true> <Delay = 0.00>
ST_1 : Operation 17 [1/1] (0.00ns)   --->   "%data_15_val_read = read i19 @_ssdm_op_Read.ap_auto.i19, i19 %data_15_val" [firmware/nnet_utils/nnet_activation.h:42]   --->   Operation 17 'read' 'data_15_val_read' <Predicate = true> <Delay = 0.00>
ST_1 : Operation 18 [1/1] (0.00ns)   --->   "%data_13_val_read = read i19 @_ssdm_op_Read.ap_auto.i19, i19 %data_13_val" [firmware/nnet_utils/nnet_activation.h:42]   --->   Operation 18 'read' 'data_13_val_read' <Predicate = true> <Delay = 0.00>
ST_1 : Operation 19 [1/1] (0.00ns)   --->   "%data_11_val_read = read i19 @_ssdm_op_Read.ap_auto.i19, i19 %data_11_val" [firmware/nnet_utils/nnet_activation.h:42]   --->   Operation 19 'read' 'data_11_val_read' <Predicate = true> <Delay = 0.00>
ST_1 : Operation 20 [1/1] (0.00ns)   --->   "%data_10_val_read = read i19 @_ssdm_op_Read.ap_auto.i19, i19 %data_10_val" [firmware/nnet_utils/nnet_activation.h:42]   --->   Operation 20 'read' 'data_10_val_read' <Predicate = true> <Delay = 0.00>
ST_1 : Operation 21 [1/1] (0.00ns)   --->   "%data_9_val_read = read i19 @_ssdm_op_Read.ap_auto.i19, i19 %data_9_val" [firmware/nnet_utils/nnet_activation.h:42]   --->   Operation 21 'read' 'data_9_val_read' <Predicate = true> <Delay = 0.00>
ST_1 : Operation 22 [1/1] (0.00ns)   --->   "%data_8_val_read = read i19 @_ssdm_op_Read.ap_auto.i19, i19 %data_8_val" [firmware/nnet_utils/nnet_activation.h:42]   --->   Operation 22 'read' 'data_8_val_read' <Predicate = true> <Delay = 0.00>
ST_1 : Operation 23 [1/1] (0.00ns)   --->   "%data_7_val_read = read i19 @_ssdm_op_Read.ap_auto.i19, i19 %data_7_val" [firmware/nnet_utils/nnet_activation.h:42]   --->   Operation 23 'read' 'data_7_val_read' <Predicate = true> <Delay = 0.00>
ST_1 : Operation 24 [1/1] (0.00ns)   --->   "%data_6_val_read = read i19 @_ssdm_op_Read.ap_auto.i19, i19 %data_6_val" [firmware/nnet_utils/nnet_activation.h:42]   --->   Operation 24 'read' 'data_6_val_read' <Predicate = true> <Delay = 0.00>
ST_1 : Operation 25 [1/1] (0.00ns)   --->   "%data_5_val_read = read i19 @_ssdm_op_Read.ap_auto.i19, i19 %data_5_val" [firmware/nnet_utils/nnet_activation.h:42]   --->   Operation 25 'read' 'data_5_val_read' <Predicate = true> <Delay = 0.00>
ST_1 : Operation 26 [1/1] (0.00ns)   --->   "%data_4_val_read = read i19 @_ssdm_op_Read.ap_auto.i19, i19 %data_4_val" [firmware/nnet_utils/nnet_activation.h:42]   --->   Operation 26 'read' 'data_4_val_read' <Predicate = true> <Delay = 0.00>
ST_1 : Operation 27 [1/1] (0.00ns)   --->   "%data_3_val_read = read i19 @_ssdm_op_Read.ap_auto.i19, i19 %data_3_val" [firmware/nnet_utils/nnet_activation.h:42]   --->   Operation 27 'read' 'data_3_val_read' <Predicate = true> <Delay = 0.00>
ST_1 : Operation 28 [1/1] (0.00ns)   --->   "%data_2_val_read = read i19 @_ssdm_op_Read.ap_auto.i19, i19 %data_2_val" [firmware/nnet_utils/nnet_activation.h:42]   --->   Operation 28 'read' 'data_2_val_read' <Predicate = true> <Delay = 0.00>
ST_1 : Operation 29 [1/1] (0.00ns)   --->   "%data_1_val_read = read i19 @_ssdm_op_Read.ap_auto.i19, i19 %data_1_val" [firmware/nnet_utils/nnet_activation.h:42]   --->   Operation 29 'read' 'data_1_val_read' <Predicate = true> <Delay = 0.00>
ST_1 : Operation 30 [1/1] (0.80ns)   --->   "%icmp_ln45 = icmp_sgt  i19 %data_1_val_read, i19 0" [firmware/nnet_utils/nnet_activation.h:45]   --->   Operation 30 'icmp' 'icmp_ln45' <Predicate = true> <Delay = 0.80> <CoreInst = "Cmp">   --->   Core 9 'Cmp' <Latency = 0> <II = 1> <Delay = 0.80> <FuncUnit> <Opcode : 'seteq' 'setne' 'setle' 'setge' 'setlt' 'setgt'> <InPorts = 2> <OutPorts = 1>
ST_1 : Operation 31 [1/1] (0.00ns)   --->   "%tmp = bitselect i1 @_ssdm_op_BitSelect.i1.i19.i32, i19 %data_1_val_read, i32 18" [firmware/nnet_utils/nnet_activation.h:46]   --->   Operation 31 'bitselect' 'tmp' <Predicate = (icmp_ln45)> <Delay = 0.00>
ST_1 : Operation 32 [1/1] (0.00ns) (grouped into LUT with out node add_ln46)   --->   "%trunc_ln = partselect i6 @_ssdm_op_PartSelect.i6.i19.i32.i32, i19 %data_1_val_read, i32 5, i32 10" [firmware/nnet_utils/nnet_activation.h:46]   --->   Operation 32 'partselect' 'trunc_ln' <Predicate = (icmp_ln45)> <Delay = 0.00>
ST_1 : Operation 33 [1/1] (0.00ns) (grouped into LUT with out node add_ln46)   --->   "%tmp_383 = bitselect i1 @_ssdm_op_BitSelect.i1.i19.i32, i19 %data_1_val_read, i32 4" [firmware/nnet_utils/nnet_activation.h:46]   --->   Operation 33 'bitselect' 'tmp_383' <Predicate = (icmp_ln45)> <Delay = 0.00>
ST_1 : Operation 34 [1/1] (0.00ns)   --->   "%trunc_ln46 = trunc i19 %data_1_val_read" [firmware/nnet_utils/nnet_activation.h:46]   --->   Operation 34 'trunc' 'trunc_ln46' <Predicate = (icmp_ln45)> <Delay = 0.00>
ST_1 : Operation 35 [1/1] (0.70ns)   --->   "%icmp_ln46 = icmp_ne  i4 %trunc_ln46, i4 0" [firmware/nnet_utils/nnet_activation.h:46]   --->   Operation 35 'icmp' 'icmp_ln46' <Predicate = (icmp_ln45)> <Delay = 0.70> <CoreInst = "Cmp">   --->   Core 9 'Cmp' <Latency = 0> <II = 1> <Delay = 0.70> <FuncUnit> <Opcode : 'seteq' 'setne' 'setle' 'setge' 'setlt' 'setgt'> <InPorts = 2> <OutPorts = 1>
ST_1 : Operation 36 [1/1] (0.00ns) (grouped into LUT with out node empty)   --->   "%tmp_384 = bitselect i1 @_ssdm_op_BitSelect.i1.i19.i32, i19 %data_1_val_read, i32 10" [firmware/nnet_utils/nnet_activation.h:46]   --->   Operation 36 'bitselect' 'tmp_384' <Predicate = (icmp_ln45)> <Delay = 0.00>
ST_1 : Operation 37 [1/1] (0.00ns) (grouped into LUT with out node add_ln46)   --->   "%tmp_385 = bitselect i1 @_ssdm_op_BitSelect.i1.i19.i32, i19 %data_1_val_read, i32 5" [firmware/nnet_utils/nnet_activation.h:46]   --->   Operation 37 'bitselect' 'tmp_385' <Predicate = (icmp_ln45)> <Delay = 0.00>
ST_1 : Operation 38 [1/1] (0.00ns) (grouped into LUT with out node add_ln46)   --->   "%or_ln46 = or i1 %tmp_385, i1 %icmp_ln46" [firmware/nnet_utils/nnet_activation.h:46]   --->   Operation 38 'or' 'or_ln46' <Predicate = (icmp_ln45)> <Delay = 0.00> <CoreInst = "LogicGate">   --->   Core 74 'LogicGate' <Latency = 0> <II = 1> <Delay = 0.12> <FuncUnit> <Opcode : 'and' 'or' 'xor'> <InPorts = 2> <OutPorts = 1>
ST_1 : Operation 39 [1/1] (0.00ns) (grouped into LUT with out node add_ln46)   --->   "%and_ln46 = and i1 %or_ln46, i1 %tmp_383" [firmware/nnet_utils/nnet_activation.h:46]   --->   Operation 39 'and' 'and_ln46' <Predicate = (icmp_ln45)> <Delay = 0.00> <CoreInst = "LogicGate">   --->   Core 74 'LogicGate' <Latency = 0> <II = 1> <Delay = 0.12> <FuncUnit> <Opcode : 'and' 'or' 'xor'> <InPorts = 2> <OutPorts = 1>
ST_1 : Operation 40 [1/1] (0.00ns) (grouped into LUT with out node add_ln46)   --->   "%zext_ln46 = zext i1 %and_ln46" [firmware/nnet_utils/nnet_activation.h:46]   --->   Operation 40 'zext' 'zext_ln46' <Predicate = (icmp_ln45)> <Delay = 0.00>
ST_1 : Operation 41 [1/1] (0.70ns) (out node of the LUT)   --->   "%add_ln46 = add i6 %trunc_ln, i6 %zext_ln46" [firmware/nnet_utils/nnet_activation.h:46]   --->   Operation 41 'add' 'add_ln46' <Predicate = (icmp_ln45)> <Delay = 0.70> <CoreInst = "Adder">   --->   Core 1 'Adder' <Latency = 0> <II = 1> <Delay = 0.70> <FuncUnit> <Opcode : 'add' 'sub'> <InPorts = 2> <OutPorts = 1>
ST_1 : Operation 42 [1/1] (0.00ns)   --->   "%tmp_s = partselect i8 @_ssdm_op_PartSelect.i8.i19.i32.i32, i19 %data_1_val_read, i32 11, i32 18" [firmware/nnet_utils/nnet_activation.h:46]   --->   Operation 42 'partselect' 'tmp_s' <Predicate = (icmp_ln45)> <Delay = 0.00>
ST_1 : Operation 43 [1/1] (0.70ns)   --->   "%icmp_ln46_128 = icmp_eq  i8 %tmp_s, i8 0" [firmware/nnet_utils/nnet_activation.h:46]   --->   Operation 43 'icmp' 'icmp_ln46_128' <Predicate = (icmp_ln45)> <Delay = 0.70> <CoreInst = "Cmp">   --->   Core 9 'Cmp' <Latency = 0> <II = 1> <Delay = 0.70> <FuncUnit> <Opcode : 'seteq' 'setne' 'setle' 'setge' 'setlt' 'setgt'> <InPorts = 2> <OutPorts = 1>
ST_1 : Operation 44 [1/1] (0.00ns) (grouped into LUT with out node empty)   --->   "%tmp_386 = bitselect i1 @_ssdm_op_BitSelect.i1.i6.i32, i6 %add_ln46, i32 5" [firmware/nnet_utils/nnet_activation.h:46]   --->   Operation 44 'bitselect' 'tmp_386' <Predicate = (icmp_ln45)> <Delay = 0.00>
ST_1 : Operation 45 [1/1] (0.00ns) (grouped into LUT with out node empty)   --->   "%not_tmp_449 = xor i1 %tmp_384, i1 1" [firmware/nnet_utils/nnet_activation.h:46]   --->   Operation 45 'xor' 'not_tmp_449' <Predicate = (icmp_ln45)> <Delay = 0.00> <CoreInst = "LogicGate">   --->   Core 74 'LogicGate' <Latency = 0> <II = 1> <Delay = 0.12> <FuncUnit> <Opcode : 'and' 'or' 'xor'> <InPorts = 2> <OutPorts = 1>
ST_1 : Operation 46 [1/1] (0.00ns) (grouped into LUT with out node empty)   --->   "%and_ln46_128 = or i1 %tmp_386, i1 %not_tmp_449" [firmware/nnet_utils/nnet_activation.h:46]   --->   Operation 46 'or' 'and_ln46_128' <Predicate = (icmp_ln45)> <Delay = 0.00> <CoreInst = "LogicGate">   --->   Core 74 'LogicGate' <Latency = 0> <II = 1> <Delay = 0.12> <FuncUnit> <Opcode : 'and' 'or' 'xor'> <InPorts = 2> <OutPorts = 1>
ST_1 : Operation 47 [1/1] (0.12ns) (out node of the LUT)   --->   "%empty = and i1 %icmp_ln46_128, i1 %and_ln46_128" [firmware/nnet_utils/nnet_activation.h:46]   --->   Operation 47 'and' 'empty' <Predicate = (icmp_ln45)> <Delay = 0.12> <CoreInst = "LogicGate">   --->   Core 74 'LogicGate' <Latency = 0> <II = 1> <Delay = 0.12> <FuncUnit> <Opcode : 'and' 'or' 'xor'> <InPorts = 2> <OutPorts = 1>
ST_1 : Operation 48 [1/1] (0.00ns) (grouped into LUT with out node select_ln46_192)   --->   "%or_ln46_192 = or i1 %empty, i1 %tmp" [firmware/nnet_utils/nnet_activation.h:46]   --->   Operation 48 'or' 'or_ln46_192' <Predicate = (or_ln46_193 & icmp_ln45)> <Delay = 0.00> <CoreInst = "LogicGate">   --->   Core 74 'LogicGate' <Latency = 0> <II = 1> <Delay = 0.12> <FuncUnit> <Opcode : 'and' 'or' 'xor'> <InPorts = 2> <OutPorts = 1>
ST_1 : Operation 49 [1/1] (0.00ns) (grouped into LUT with out node res_1_0)   --->   "%xor_ln46 = xor i1 %empty, i1 1" [firmware/nnet_utils/nnet_activation.h:46]   --->   Operation 49 'xor' 'xor_ln46' <Predicate = (icmp_ln45)> <Delay = 0.00> <CoreInst = "LogicGate">   --->   Core 74 'LogicGate' <Latency = 0> <II = 1> <Delay = 0.12> <FuncUnit> <Opcode : 'and' 'or' 'xor'> <InPorts = 2> <OutPorts = 1>
ST_1 : Operation 50 [1/1] (0.00ns) (grouped into LUT with out node res_1_0)   --->   "%or_ln46_193 = or i1 %tmp, i1 %xor_ln46" [firmware/nnet_utils/nnet_activation.h:46]   --->   Operation 50 'or' 'or_ln46_193' <Predicate = (icmp_ln45)> <Delay = 0.00> <CoreInst = "LogicGate">   --->   Core 74 'LogicGate' <Latency = 0> <II = 1> <Delay = 0.12> <FuncUnit> <Opcode : 'and' 'or' 'xor'> <InPorts = 2> <OutPorts = 1>
ST_1 : Operation 51 [1/1] (0.00ns) (grouped into LUT with out node select_ln46_192)   --->   "%select_ln46 = select i1 %tmp, i6 0, i6 %add_ln46" [firmware/nnet_utils/nnet_activation.h:46]   --->   Operation 51 'select' 'select_ln46' <Predicate = (or_ln46_192 & or_ln46_193 & icmp_ln45)> <Delay = 0.00> <CoreInst = "Sel">   --->   Core 73 'Sel' <Latency = 0> <II = 1> <Delay = 0.29> <FuncUnit> <Opcode : 'select'> <InPorts = 3> <OutPorts = 1>
ST_1 : Operation 52 [1/1] (0.29ns) (out node of the LUT)   --->   "%select_ln46_192 = select i1 %or_ln46_192, i6 %select_ln46, i6 63" [firmware/nnet_utils/nnet_activation.h:46]   --->   Operation 52 'select' 'select_ln46_192' <Predicate = (or_ln46_193 & icmp_ln45)> <Delay = 0.29> <CoreInst = "Sel">   --->   Core 73 'Sel' <Latency = 0> <II = 1> <Delay = 0.29> <FuncUnit> <Opcode : 'select'> <InPorts = 3> <OutPorts = 1>
ST_1 : Operation 53 [1/1] (0.00ns) (grouped into LUT with out node res_1_0)   --->   "%select_ln46_193 = select i1 %or_ln46_193, i6 %select_ln46_192, i6 %add_ln46" [firmware/nnet_utils/nnet_activation.h:46]   --->   Operation 53 'select' 'select_ln46_193' <Predicate = (icmp_ln45)> <Delay = 0.00> <CoreInst = "Sel">   --->   Core 73 'Sel' <Latency = 0> <II = 1> <Delay = 0.29> <FuncUnit> <Opcode : 'select'> <InPorts = 3> <OutPorts = 1>
ST_1 : Operation 54 [1/1] (0.29ns) (out node of the LUT)   --->   "%res_1_0 = select i1 %icmp_ln45, i6 %select_ln46_193, i6 0" [firmware/nnet_utils/nnet_activation.h:45]   --->   Operation 54 'select' 'res_1_0' <Predicate = true> <Delay = 0.29> <CoreInst = "Sel">   --->   Core 73 'Sel' <Latency = 0> <II = 1> <Delay = 0.29> <FuncUnit> <Opcode : 'select'> <InPorts = 3> <OutPorts = 1>
ST_1 : Operation 55 [1/1] (0.80ns)   --->   "%icmp_ln45_64 = icmp_sgt  i19 %data_2_val_read, i19 0" [firmware/nnet_utils/nnet_activation.h:45]   --->   Operation 55 'icmp' 'icmp_ln45_64' <Predicate = true> <Delay = 0.80> <CoreInst = "Cmp">   --->   Core 9 'Cmp' <Latency = 0> <II = 1> <Delay = 0.80> <FuncUnit> <Opcode : 'seteq' 'setne' 'setle' 'setge' 'setlt' 'setgt'> <InPorts = 2> <OutPorts = 1>
ST_1 : Operation 56 [1/1] (0.00ns)   --->   "%tmp_387 = bitselect i1 @_ssdm_op_BitSelect.i1.i19.i32, i19 %data_2_val_read, i32 18" [firmware/nnet_utils/nnet_activation.h:46]   --->   Operation 56 'bitselect' 'tmp_387' <Predicate = (icmp_ln45_64)> <Delay = 0.00>
ST_1 : Operation 57 [1/1] (0.00ns) (grouped into LUT with out node add_ln46_64)   --->   "%trunc_ln46_s = partselect i6 @_ssdm_op_PartSelect.i6.i19.i32.i32, i19 %data_2_val_read, i32 5, i32 10" [firmware/nnet_utils/nnet_activation.h:46]   --->   Operation 57 'partselect' 'trunc_ln46_s' <Predicate = (icmp_ln45_64)> <Delay = 0.00>
ST_1 : Operation 58 [1/1] (0.00ns) (grouped into LUT with out node add_ln46_64)   --->   "%tmp_388 = bitselect i1 @_ssdm_op_BitSelect.i1.i19.i32, i19 %data_2_val_read, i32 4" [firmware/nnet_utils/nnet_activation.h:46]   --->   Operation 58 'bitselect' 'tmp_388' <Predicate = (icmp_ln45_64)> <Delay = 0.00>
ST_1 : Operation 59 [1/1] (0.00ns)   --->   "%trunc_ln46_126 = trunc i19 %data_2_val_read" [firmware/nnet_utils/nnet_activation.h:46]   --->   Operation 59 'trunc' 'trunc_ln46_126' <Predicate = (icmp_ln45_64)> <Delay = 0.00>
ST_1 : Operation 60 [1/1] (0.70ns)   --->   "%icmp_ln46_129 = icmp_ne  i4 %trunc_ln46_126, i4 0" [firmware/nnet_utils/nnet_activation.h:46]   --->   Operation 60 'icmp' 'icmp_ln46_129' <Predicate = (icmp_ln45_64)> <Delay = 0.70> <CoreInst = "Cmp">   --->   Core 9 'Cmp' <Latency = 0> <II = 1> <Delay = 0.70> <FuncUnit> <Opcode : 'seteq' 'setne' 'setle' 'setge' 'setlt' 'setgt'> <InPorts = 2> <OutPorts = 1>
ST_1 : Operation 61 [1/1] (0.00ns) (grouped into LUT with out node empty_82)   --->   "%tmp_389 = bitselect i1 @_ssdm_op_BitSelect.i1.i19.i32, i19 %data_2_val_read, i32 10" [firmware/nnet_utils/nnet_activation.h:46]   --->   Operation 61 'bitselect' 'tmp_389' <Predicate = (icmp_ln45_64)> <Delay = 0.00>
ST_1 : Operation 62 [1/1] (0.00ns) (grouped into LUT with out node add_ln46_64)   --->   "%tmp_390 = bitselect i1 @_ssdm_op_BitSelect.i1.i19.i32, i19 %data_2_val_read, i32 5" [firmware/nnet_utils/nnet_activation.h:46]   --->   Operation 62 'bitselect' 'tmp_390' <Predicate = (icmp_ln45_64)> <Delay = 0.00>
ST_1 : Operation 63 [1/1] (0.00ns) (grouped into LUT with out node add_ln46_64)   --->   "%or_ln46_194 = or i1 %tmp_390, i1 %icmp_ln46_129" [firmware/nnet_utils/nnet_activation.h:46]   --->   Operation 63 'or' 'or_ln46_194' <Predicate = (icmp_ln45_64)> <Delay = 0.00> <CoreInst = "LogicGate">   --->   Core 74 'LogicGate' <Latency = 0> <II = 1> <Delay = 0.12> <FuncUnit> <Opcode : 'and' 'or' 'xor'> <InPorts = 2> <OutPorts = 1>
ST_1 : Operation 64 [1/1] (0.00ns) (grouped into LUT with out node add_ln46_64)   --->   "%and_ln46_127 = and i1 %or_ln46_194, i1 %tmp_388" [firmware/nnet_utils/nnet_activation.h:46]   --->   Operation 64 'and' 'and_ln46_127' <Predicate = (icmp_ln45_64)> <Delay = 0.00> <CoreInst = "LogicGate">   --->   Core 74 'LogicGate' <Latency = 0> <II = 1> <Delay = 0.12> <FuncUnit> <Opcode : 'and' 'or' 'xor'> <InPorts = 2> <OutPorts = 1>
ST_1 : Operation 65 [1/1] (0.00ns) (grouped into LUT with out node add_ln46_64)   --->   "%zext_ln46_64 = zext i1 %and_ln46_127" [firmware/nnet_utils/nnet_activation.h:46]   --->   Operation 65 'zext' 'zext_ln46_64' <Predicate = (icmp_ln45_64)> <Delay = 0.00>
ST_1 : Operation 66 [1/1] (0.70ns) (out node of the LUT)   --->   "%add_ln46_64 = add i6 %trunc_ln46_s, i6 %zext_ln46_64" [firmware/nnet_utils/nnet_activation.h:46]   --->   Operation 66 'add' 'add_ln46_64' <Predicate = (icmp_ln45_64)> <Delay = 0.70> <CoreInst = "Adder">   --->   Core 1 'Adder' <Latency = 0> <II = 1> <Delay = 0.70> <FuncUnit> <Opcode : 'add' 'sub'> <InPorts = 2> <OutPorts = 1>
ST_1 : Operation 67 [1/1] (0.00ns)   --->   "%tmp_382 = partselect i8 @_ssdm_op_PartSelect.i8.i19.i32.i32, i19 %data_2_val_read, i32 11, i32 18" [firmware/nnet_utils/nnet_activation.h:46]   --->   Operation 67 'partselect' 'tmp_382' <Predicate = (icmp_ln45_64)> <Delay = 0.00>
ST_1 : Operation 68 [1/1] (0.70ns)   --->   "%icmp_ln46_130 = icmp_eq  i8 %tmp_382, i8 0" [firmware/nnet_utils/nnet_activation.h:46]   --->   Operation 68 'icmp' 'icmp_ln46_130' <Predicate = (icmp_ln45_64)> <Delay = 0.70> <CoreInst = "Cmp">   --->   Core 9 'Cmp' <Latency = 0> <II = 1> <Delay = 0.70> <FuncUnit> <Opcode : 'seteq' 'setne' 'setle' 'setge' 'setlt' 'setgt'> <InPorts = 2> <OutPorts = 1>
ST_1 : Operation 69 [1/1] (0.00ns) (grouped into LUT with out node empty_82)   --->   "%tmp_391 = bitselect i1 @_ssdm_op_BitSelect.i1.i6.i32, i6 %add_ln46_64, i32 5" [firmware/nnet_utils/nnet_activation.h:46]   --->   Operation 69 'bitselect' 'tmp_391' <Predicate = (icmp_ln45_64)> <Delay = 0.00>
ST_1 : Operation 70 [1/1] (0.00ns) (grouped into LUT with out node empty_82)   --->   "%not_tmp_456 = xor i1 %tmp_389, i1 1" [firmware/nnet_utils/nnet_activation.h:46]   --->   Operation 70 'xor' 'not_tmp_456' <Predicate = (icmp_ln45_64)> <Delay = 0.00> <CoreInst = "LogicGate">   --->   Core 74 'LogicGate' <Latency = 0> <II = 1> <Delay = 0.12> <FuncUnit> <Opcode : 'and' 'or' 'xor'> <InPorts = 2> <OutPorts = 1>
ST_1 : Operation 71 [1/1] (0.00ns) (grouped into LUT with out node empty_82)   --->   "%and_ln46_130 = or i1 %tmp_391, i1 %not_tmp_456" [firmware/nnet_utils/nnet_activation.h:46]   --->   Operation 71 'or' 'and_ln46_130' <Predicate = (icmp_ln45_64)> <Delay = 0.00> <CoreInst = "LogicGate">   --->   Core 74 'LogicGate' <Latency = 0> <II = 1> <Delay = 0.12> <FuncUnit> <Opcode : 'and' 'or' 'xor'> <InPorts = 2> <OutPorts = 1>
ST_1 : Operation 72 [1/1] (0.12ns) (out node of the LUT)   --->   "%empty_82 = and i1 %icmp_ln46_130, i1 %and_ln46_130" [firmware/nnet_utils/nnet_activation.h:46]   --->   Operation 72 'and' 'empty_82' <Predicate = (icmp_ln45_64)> <Delay = 0.12> <CoreInst = "LogicGate">   --->   Core 74 'LogicGate' <Latency = 0> <II = 1> <Delay = 0.12> <FuncUnit> <Opcode : 'and' 'or' 'xor'> <InPorts = 2> <OutPorts = 1>
ST_1 : Operation 73 [1/1] (0.00ns) (grouped into LUT with out node select_ln46_195)   --->   "%or_ln46_195 = or i1 %empty_82, i1 %tmp_387" [firmware/nnet_utils/nnet_activation.h:46]   --->   Operation 73 'or' 'or_ln46_195' <Predicate = (or_ln46_196 & icmp_ln45_64)> <Delay = 0.00> <CoreInst = "LogicGate">   --->   Core 74 'LogicGate' <Latency = 0> <II = 1> <Delay = 0.12> <FuncUnit> <Opcode : 'and' 'or' 'xor'> <InPorts = 2> <OutPorts = 1>
ST_1 : Operation 74 [1/1] (0.00ns) (grouped into LUT with out node res_2_0)   --->   "%xor_ln46_64 = xor i1 %empty_82, i1 1" [firmware/nnet_utils/nnet_activation.h:46]   --->   Operation 74 'xor' 'xor_ln46_64' <Predicate = (icmp_ln45_64)> <Delay = 0.00> <CoreInst = "LogicGate">   --->   Core 74 'LogicGate' <Latency = 0> <II = 1> <Delay = 0.12> <FuncUnit> <Opcode : 'and' 'or' 'xor'> <InPorts = 2> <OutPorts = 1>
ST_1 : Operation 75 [1/1] (0.00ns) (grouped into LUT with out node res_2_0)   --->   "%or_ln46_196 = or i1 %tmp_387, i1 %xor_ln46_64" [firmware/nnet_utils/nnet_activation.h:46]   --->   Operation 75 'or' 'or_ln46_196' <Predicate = (icmp_ln45_64)> <Delay = 0.00> <CoreInst = "LogicGate">   --->   Core 74 'LogicGate' <Latency = 0> <II = 1> <Delay = 0.12> <FuncUnit> <Opcode : 'and' 'or' 'xor'> <InPorts = 2> <OutPorts = 1>
ST_1 : Operation 76 [1/1] (0.00ns) (grouped into LUT with out node select_ln46_195)   --->   "%select_ln46_194 = select i1 %tmp_387, i6 0, i6 %add_ln46_64" [firmware/nnet_utils/nnet_activation.h:46]   --->   Operation 76 'select' 'select_ln46_194' <Predicate = (or_ln46_195 & or_ln46_196 & icmp_ln45_64)> <Delay = 0.00> <CoreInst = "Sel">   --->   Core 73 'Sel' <Latency = 0> <II = 1> <Delay = 0.29> <FuncUnit> <Opcode : 'select'> <InPorts = 3> <OutPorts = 1>
ST_1 : Operation 77 [1/1] (0.29ns) (out node of the LUT)   --->   "%select_ln46_195 = select i1 %or_ln46_195, i6 %select_ln46_194, i6 63" [firmware/nnet_utils/nnet_activation.h:46]   --->   Operation 77 'select' 'select_ln46_195' <Predicate = (or_ln46_196 & icmp_ln45_64)> <Delay = 0.29> <CoreInst = "Sel">   --->   Core 73 'Sel' <Latency = 0> <II = 1> <Delay = 0.29> <FuncUnit> <Opcode : 'select'> <InPorts = 3> <OutPorts = 1>
ST_1 : Operation 78 [1/1] (0.00ns) (grouped into LUT with out node res_2_0)   --->   "%select_ln46_196 = select i1 %or_ln46_196, i6 %select_ln46_195, i6 %add_ln46_64" [firmware/nnet_utils/nnet_activation.h:46]   --->   Operation 78 'select' 'select_ln46_196' <Predicate = (icmp_ln45_64)> <Delay = 0.00> <CoreInst = "Sel">   --->   Core 73 'Sel' <Latency = 0> <II = 1> <Delay = 0.29> <FuncUnit> <Opcode : 'select'> <InPorts = 3> <OutPorts = 1>
ST_1 : Operation 79 [1/1] (0.29ns) (out node of the LUT)   --->   "%res_2_0 = select i1 %icmp_ln45_64, i6 %select_ln46_196, i6 0" [firmware/nnet_utils/nnet_activation.h:45]   --->   Operation 79 'select' 'res_2_0' <Predicate = true> <Delay = 0.29> <CoreInst = "Sel">   --->   Core 73 'Sel' <Latency = 0> <II = 1> <Delay = 0.29> <FuncUnit> <Opcode : 'select'> <InPorts = 3> <OutPorts = 1>
ST_1 : Operation 80 [1/1] (0.80ns)   --->   "%icmp_ln45_65 = icmp_sgt  i19 %data_3_val_read, i19 0" [firmware/nnet_utils/nnet_activation.h:45]   --->   Operation 80 'icmp' 'icmp_ln45_65' <Predicate = true> <Delay = 0.80> <CoreInst = "Cmp">   --->   Core 9 'Cmp' <Latency = 0> <II = 1> <Delay = 0.80> <FuncUnit> <Opcode : 'seteq' 'setne' 'setle' 'setge' 'setlt' 'setgt'> <InPorts = 2> <OutPorts = 1>
ST_1 : Operation 81 [1/1] (0.00ns)   --->   "%tmp_392 = bitselect i1 @_ssdm_op_BitSelect.i1.i19.i32, i19 %data_3_val_read, i32 18" [firmware/nnet_utils/nnet_activation.h:46]   --->   Operation 81 'bitselect' 'tmp_392' <Predicate = (icmp_ln45_65)> <Delay = 0.00>
ST_1 : Operation 82 [1/1] (0.00ns) (grouped into LUT with out node add_ln46_65)   --->   "%trunc_ln46_63 = partselect i6 @_ssdm_op_PartSelect.i6.i19.i32.i32, i19 %data_3_val_read, i32 5, i32 10" [firmware/nnet_utils/nnet_activation.h:46]   --->   Operation 82 'partselect' 'trunc_ln46_63' <Predicate = (icmp_ln45_65)> <Delay = 0.00>
ST_1 : Operation 83 [1/1] (0.00ns) (grouped into LUT with out node add_ln46_65)   --->   "%tmp_393 = bitselect i1 @_ssdm_op_BitSelect.i1.i19.i32, i19 %data_3_val_read, i32 4" [firmware/nnet_utils/nnet_activation.h:46]   --->   Operation 83 'bitselect' 'tmp_393' <Predicate = (icmp_ln45_65)> <Delay = 0.00>
ST_1 : Operation 84 [1/1] (0.00ns)   --->   "%trunc_ln46_127 = trunc i19 %data_3_val_read" [firmware/nnet_utils/nnet_activation.h:46]   --->   Operation 84 'trunc' 'trunc_ln46_127' <Predicate = (icmp_ln45_65)> <Delay = 0.00>
ST_1 : Operation 85 [1/1] (0.70ns)   --->   "%icmp_ln46_131 = icmp_ne  i4 %trunc_ln46_127, i4 0" [firmware/nnet_utils/nnet_activation.h:46]   --->   Operation 85 'icmp' 'icmp_ln46_131' <Predicate = (icmp_ln45_65)> <Delay = 0.70> <CoreInst = "Cmp">   --->   Core 9 'Cmp' <Latency = 0> <II = 1> <Delay = 0.70> <FuncUnit> <Opcode : 'seteq' 'setne' 'setle' 'setge' 'setlt' 'setgt'> <InPorts = 2> <OutPorts = 1>
ST_1 : Operation 86 [1/1] (0.00ns) (grouped into LUT with out node empty_83)   --->   "%tmp_394 = bitselect i1 @_ssdm_op_BitSelect.i1.i19.i32, i19 %data_3_val_read, i32 10" [firmware/nnet_utils/nnet_activation.h:46]   --->   Operation 86 'bitselect' 'tmp_394' <Predicate = (icmp_ln45_65)> <Delay = 0.00>
ST_1 : Operation 87 [1/1] (0.00ns) (grouped into LUT with out node add_ln46_65)   --->   "%tmp_395 = bitselect i1 @_ssdm_op_BitSelect.i1.i19.i32, i19 %data_3_val_read, i32 5" [firmware/nnet_utils/nnet_activation.h:46]   --->   Operation 87 'bitselect' 'tmp_395' <Predicate = (icmp_ln45_65)> <Delay = 0.00>
ST_1 : Operation 88 [1/1] (0.00ns) (grouped into LUT with out node add_ln46_65)   --->   "%or_ln46_197 = or i1 %tmp_395, i1 %icmp_ln46_131" [firmware/nnet_utils/nnet_activation.h:46]   --->   Operation 88 'or' 'or_ln46_197' <Predicate = (icmp_ln45_65)> <Delay = 0.00> <CoreInst = "LogicGate">   --->   Core 74 'LogicGate' <Latency = 0> <II = 1> <Delay = 0.12> <FuncUnit> <Opcode : 'and' 'or' 'xor'> <InPorts = 2> <OutPorts = 1>
ST_1 : Operation 89 [1/1] (0.00ns) (grouped into LUT with out node add_ln46_65)   --->   "%and_ln46_129 = and i1 %or_ln46_197, i1 %tmp_393" [firmware/nnet_utils/nnet_activation.h:46]   --->   Operation 89 'and' 'and_ln46_129' <Predicate = (icmp_ln45_65)> <Delay = 0.00> <CoreInst = "LogicGate">   --->   Core 74 'LogicGate' <Latency = 0> <II = 1> <Delay = 0.12> <FuncUnit> <Opcode : 'and' 'or' 'xor'> <InPorts = 2> <OutPorts = 1>
ST_1 : Operation 90 [1/1] (0.00ns) (grouped into LUT with out node add_ln46_65)   --->   "%zext_ln46_65 = zext i1 %and_ln46_129" [firmware/nnet_utils/nnet_activation.h:46]   --->   Operation 90 'zext' 'zext_ln46_65' <Predicate = (icmp_ln45_65)> <Delay = 0.00>
ST_1 : Operation 91 [1/1] (0.70ns) (out node of the LUT)   --->   "%add_ln46_65 = add i6 %trunc_ln46_63, i6 %zext_ln46_65" [firmware/nnet_utils/nnet_activation.h:46]   --->   Operation 91 'add' 'add_ln46_65' <Predicate = (icmp_ln45_65)> <Delay = 0.70> <CoreInst = "Adder">   --->   Core 1 'Adder' <Latency = 0> <II = 1> <Delay = 0.70> <FuncUnit> <Opcode : 'add' 'sub'> <InPorts = 2> <OutPorts = 1>
ST_1 : Operation 92 [1/1] (0.00ns)   --->   "%tmp_396 = partselect i8 @_ssdm_op_PartSelect.i8.i19.i32.i32, i19 %data_3_val_read, i32 11, i32 18" [firmware/nnet_utils/nnet_activation.h:46]   --->   Operation 92 'partselect' 'tmp_396' <Predicate = (icmp_ln45_65)> <Delay = 0.00>
ST_1 : Operation 93 [1/1] (0.70ns)   --->   "%icmp_ln46_132 = icmp_eq  i8 %tmp_396, i8 0" [firmware/nnet_utils/nnet_activation.h:46]   --->   Operation 93 'icmp' 'icmp_ln46_132' <Predicate = (icmp_ln45_65)> <Delay = 0.70> <CoreInst = "Cmp">   --->   Core 9 'Cmp' <Latency = 0> <II = 1> <Delay = 0.70> <FuncUnit> <Opcode : 'seteq' 'setne' 'setle' 'setge' 'setlt' 'setgt'> <InPorts = 2> <OutPorts = 1>
ST_1 : Operation 94 [1/1] (0.00ns) (grouped into LUT with out node empty_83)   --->   "%tmp_397 = bitselect i1 @_ssdm_op_BitSelect.i1.i6.i32, i6 %add_ln46_65, i32 5" [firmware/nnet_utils/nnet_activation.h:46]   --->   Operation 94 'bitselect' 'tmp_397' <Predicate = (icmp_ln45_65)> <Delay = 0.00>
ST_1 : Operation 95 [1/1] (0.00ns) (grouped into LUT with out node empty_83)   --->   "%not_tmp_463 = xor i1 %tmp_394, i1 1" [firmware/nnet_utils/nnet_activation.h:46]   --->   Operation 95 'xor' 'not_tmp_463' <Predicate = (icmp_ln45_65)> <Delay = 0.00> <CoreInst = "LogicGate">   --->   Core 74 'LogicGate' <Latency = 0> <II = 1> <Delay = 0.12> <FuncUnit> <Opcode : 'and' 'or' 'xor'> <InPorts = 2> <OutPorts = 1>
ST_1 : Operation 96 [1/1] (0.00ns) (grouped into LUT with out node empty_83)   --->   "%and_ln46_132 = or i1 %tmp_397, i1 %not_tmp_463" [firmware/nnet_utils/nnet_activation.h:46]   --->   Operation 96 'or' 'and_ln46_132' <Predicate = (icmp_ln45_65)> <Delay = 0.00> <CoreInst = "LogicGate">   --->   Core 74 'LogicGate' <Latency = 0> <II = 1> <Delay = 0.12> <FuncUnit> <Opcode : 'and' 'or' 'xor'> <InPorts = 2> <OutPorts = 1>
ST_1 : Operation 97 [1/1] (0.12ns) (out node of the LUT)   --->   "%empty_83 = and i1 %icmp_ln46_132, i1 %and_ln46_132" [firmware/nnet_utils/nnet_activation.h:46]   --->   Operation 97 'and' 'empty_83' <Predicate = (icmp_ln45_65)> <Delay = 0.12> <CoreInst = "LogicGate">   --->   Core 74 'LogicGate' <Latency = 0> <II = 1> <Delay = 0.12> <FuncUnit> <Opcode : 'and' 'or' 'xor'> <InPorts = 2> <OutPorts = 1>
ST_1 : Operation 98 [1/1] (0.00ns) (grouped into LUT with out node select_ln46_198)   --->   "%or_ln46_198 = or i1 %empty_83, i1 %tmp_392" [firmware/nnet_utils/nnet_activation.h:46]   --->   Operation 98 'or' 'or_ln46_198' <Predicate = (or_ln46_199 & icmp_ln45_65)> <Delay = 0.00> <CoreInst = "LogicGate">   --->   Core 74 'LogicGate' <Latency = 0> <II = 1> <Delay = 0.12> <FuncUnit> <Opcode : 'and' 'or' 'xor'> <InPorts = 2> <OutPorts = 1>
ST_1 : Operation 99 [1/1] (0.00ns) (grouped into LUT with out node res_3_0)   --->   "%xor_ln46_65 = xor i1 %empty_83, i1 1" [firmware/nnet_utils/nnet_activation.h:46]   --->   Operation 99 'xor' 'xor_ln46_65' <Predicate = (icmp_ln45_65)> <Delay = 0.00> <CoreInst = "LogicGate">   --->   Core 74 'LogicGate' <Latency = 0> <II = 1> <Delay = 0.12> <FuncUnit> <Opcode : 'and' 'or' 'xor'> <InPorts = 2> <OutPorts = 1>
ST_1 : Operation 100 [1/1] (0.00ns) (grouped into LUT with out node res_3_0)   --->   "%or_ln46_199 = or i1 %tmp_392, i1 %xor_ln46_65" [firmware/nnet_utils/nnet_activation.h:46]   --->   Operation 100 'or' 'or_ln46_199' <Predicate = (icmp_ln45_65)> <Delay = 0.00> <CoreInst = "LogicGate">   --->   Core 74 'LogicGate' <Latency = 0> <II = 1> <Delay = 0.12> <FuncUnit> <Opcode : 'and' 'or' 'xor'> <InPorts = 2> <OutPorts = 1>
ST_1 : Operation 101 [1/1] (0.00ns) (grouped into LUT with out node select_ln46_198)   --->   "%select_ln46_197 = select i1 %tmp_392, i6 0, i6 %add_ln46_65" [firmware/nnet_utils/nnet_activation.h:46]   --->   Operation 101 'select' 'select_ln46_197' <Predicate = (or_ln46_198 & or_ln46_199 & icmp_ln45_65)> <Delay = 0.00> <CoreInst = "Sel">   --->   Core 73 'Sel' <Latency = 0> <II = 1> <Delay = 0.29> <FuncUnit> <Opcode : 'select'> <InPorts = 3> <OutPorts = 1>
ST_1 : Operation 102 [1/1] (0.29ns) (out node of the LUT)   --->   "%select_ln46_198 = select i1 %or_ln46_198, i6 %select_ln46_197, i6 63" [firmware/nnet_utils/nnet_activation.h:46]   --->   Operation 102 'select' 'select_ln46_198' <Predicate = (or_ln46_199 & icmp_ln45_65)> <Delay = 0.29> <CoreInst = "Sel">   --->   Core 73 'Sel' <Latency = 0> <II = 1> <Delay = 0.29> <FuncUnit> <Opcode : 'select'> <InPorts = 3> <OutPorts = 1>
ST_1 : Operation 103 [1/1] (0.00ns) (grouped into LUT with out node res_3_0)   --->   "%select_ln46_199 = select i1 %or_ln46_199, i6 %select_ln46_198, i6 %add_ln46_65" [firmware/nnet_utils/nnet_activation.h:46]   --->   Operation 103 'select' 'select_ln46_199' <Predicate = (icmp_ln45_65)> <Delay = 0.00> <CoreInst = "Sel">   --->   Core 73 'Sel' <Latency = 0> <II = 1> <Delay = 0.29> <FuncUnit> <Opcode : 'select'> <InPorts = 3> <OutPorts = 1>
ST_1 : Operation 104 [1/1] (0.29ns) (out node of the LUT)   --->   "%res_3_0 = select i1 %icmp_ln45_65, i6 %select_ln46_199, i6 0" [firmware/nnet_utils/nnet_activation.h:45]   --->   Operation 104 'select' 'res_3_0' <Predicate = true> <Delay = 0.29> <CoreInst = "Sel">   --->   Core 73 'Sel' <Latency = 0> <II = 1> <Delay = 0.29> <FuncUnit> <Opcode : 'select'> <InPorts = 3> <OutPorts = 1>
ST_1 : Operation 105 [1/1] (0.80ns)   --->   "%icmp_ln45_66 = icmp_sgt  i19 %data_4_val_read, i19 0" [firmware/nnet_utils/nnet_activation.h:45]   --->   Operation 105 'icmp' 'icmp_ln45_66' <Predicate = true> <Delay = 0.80> <CoreInst = "Cmp">   --->   Core 9 'Cmp' <Latency = 0> <II = 1> <Delay = 0.80> <FuncUnit> <Opcode : 'seteq' 'setne' 'setle' 'setge' 'setlt' 'setgt'> <InPorts = 2> <OutPorts = 1>
ST_1 : Operation 106 [1/1] (0.00ns)   --->   "%tmp_398 = bitselect i1 @_ssdm_op_BitSelect.i1.i19.i32, i19 %data_4_val_read, i32 18" [firmware/nnet_utils/nnet_activation.h:46]   --->   Operation 106 'bitselect' 'tmp_398' <Predicate = (icmp_ln45_66)> <Delay = 0.00>
ST_1 : Operation 107 [1/1] (0.00ns) (grouped into LUT with out node add_ln46_66)   --->   "%trunc_ln46_64 = partselect i6 @_ssdm_op_PartSelect.i6.i19.i32.i32, i19 %data_4_val_read, i32 5, i32 10" [firmware/nnet_utils/nnet_activation.h:46]   --->   Operation 107 'partselect' 'trunc_ln46_64' <Predicate = (icmp_ln45_66)> <Delay = 0.00>
ST_1 : Operation 108 [1/1] (0.00ns) (grouped into LUT with out node add_ln46_66)   --->   "%tmp_399 = bitselect i1 @_ssdm_op_BitSelect.i1.i19.i32, i19 %data_4_val_read, i32 4" [firmware/nnet_utils/nnet_activation.h:46]   --->   Operation 108 'bitselect' 'tmp_399' <Predicate = (icmp_ln45_66)> <Delay = 0.00>
ST_1 : Operation 109 [1/1] (0.00ns)   --->   "%trunc_ln46_128 = trunc i19 %data_4_val_read" [firmware/nnet_utils/nnet_activation.h:46]   --->   Operation 109 'trunc' 'trunc_ln46_128' <Predicate = (icmp_ln45_66)> <Delay = 0.00>
ST_1 : Operation 110 [1/1] (0.70ns)   --->   "%icmp_ln46_133 = icmp_ne  i4 %trunc_ln46_128, i4 0" [firmware/nnet_utils/nnet_activation.h:46]   --->   Operation 110 'icmp' 'icmp_ln46_133' <Predicate = (icmp_ln45_66)> <Delay = 0.70> <CoreInst = "Cmp">   --->   Core 9 'Cmp' <Latency = 0> <II = 1> <Delay = 0.70> <FuncUnit> <Opcode : 'seteq' 'setne' 'setle' 'setge' 'setlt' 'setgt'> <InPorts = 2> <OutPorts = 1>
ST_1 : Operation 111 [1/1] (0.00ns) (grouped into LUT with out node empty_84)   --->   "%tmp_400 = bitselect i1 @_ssdm_op_BitSelect.i1.i19.i32, i19 %data_4_val_read, i32 10" [firmware/nnet_utils/nnet_activation.h:46]   --->   Operation 111 'bitselect' 'tmp_400' <Predicate = (icmp_ln45_66)> <Delay = 0.00>
ST_1 : Operation 112 [1/1] (0.00ns) (grouped into LUT with out node add_ln46_66)   --->   "%tmp_401 = bitselect i1 @_ssdm_op_BitSelect.i1.i19.i32, i19 %data_4_val_read, i32 5" [firmware/nnet_utils/nnet_activation.h:46]   --->   Operation 112 'bitselect' 'tmp_401' <Predicate = (icmp_ln45_66)> <Delay = 0.00>
ST_1 : Operation 113 [1/1] (0.00ns) (grouped into LUT with out node add_ln46_66)   --->   "%or_ln46_200 = or i1 %tmp_401, i1 %icmp_ln46_133" [firmware/nnet_utils/nnet_activation.h:46]   --->   Operation 113 'or' 'or_ln46_200' <Predicate = (icmp_ln45_66)> <Delay = 0.00> <CoreInst = "LogicGate">   --->   Core 74 'LogicGate' <Latency = 0> <II = 1> <Delay = 0.12> <FuncUnit> <Opcode : 'and' 'or' 'xor'> <InPorts = 2> <OutPorts = 1>
ST_1 : Operation 114 [1/1] (0.00ns) (grouped into LUT with out node add_ln46_66)   --->   "%and_ln46_131 = and i1 %or_ln46_200, i1 %tmp_399" [firmware/nnet_utils/nnet_activation.h:46]   --->   Operation 114 'and' 'and_ln46_131' <Predicate = (icmp_ln45_66)> <Delay = 0.00> <CoreInst = "LogicGate">   --->   Core 74 'LogicGate' <Latency = 0> <II = 1> <Delay = 0.12> <FuncUnit> <Opcode : 'and' 'or' 'xor'> <InPorts = 2> <OutPorts = 1>
ST_1 : Operation 115 [1/1] (0.00ns) (grouped into LUT with out node add_ln46_66)   --->   "%zext_ln46_66 = zext i1 %and_ln46_131" [firmware/nnet_utils/nnet_activation.h:46]   --->   Operation 115 'zext' 'zext_ln46_66' <Predicate = (icmp_ln45_66)> <Delay = 0.00>
ST_1 : Operation 116 [1/1] (0.70ns) (out node of the LUT)   --->   "%add_ln46_66 = add i6 %trunc_ln46_64, i6 %zext_ln46_66" [firmware/nnet_utils/nnet_activation.h:46]   --->   Operation 116 'add' 'add_ln46_66' <Predicate = (icmp_ln45_66)> <Delay = 0.70> <CoreInst = "Adder">   --->   Core 1 'Adder' <Latency = 0> <II = 1> <Delay = 0.70> <FuncUnit> <Opcode : 'add' 'sub'> <InPorts = 2> <OutPorts = 1>
ST_1 : Operation 117 [1/1] (0.00ns)   --->   "%tmp_402 = partselect i8 @_ssdm_op_PartSelect.i8.i19.i32.i32, i19 %data_4_val_read, i32 11, i32 18" [firmware/nnet_utils/nnet_activation.h:46]   --->   Operation 117 'partselect' 'tmp_402' <Predicate = (icmp_ln45_66)> <Delay = 0.00>
ST_1 : Operation 118 [1/1] (0.70ns)   --->   "%icmp_ln46_134 = icmp_eq  i8 %tmp_402, i8 0" [firmware/nnet_utils/nnet_activation.h:46]   --->   Operation 118 'icmp' 'icmp_ln46_134' <Predicate = (icmp_ln45_66)> <Delay = 0.70> <CoreInst = "Cmp">   --->   Core 9 'Cmp' <Latency = 0> <II = 1> <Delay = 0.70> <FuncUnit> <Opcode : 'seteq' 'setne' 'setle' 'setge' 'setlt' 'setgt'> <InPorts = 2> <OutPorts = 1>
ST_1 : Operation 119 [1/1] (0.00ns) (grouped into LUT with out node empty_84)   --->   "%tmp_403 = bitselect i1 @_ssdm_op_BitSelect.i1.i6.i32, i6 %add_ln46_66, i32 5" [firmware/nnet_utils/nnet_activation.h:46]   --->   Operation 119 'bitselect' 'tmp_403' <Predicate = (icmp_ln45_66)> <Delay = 0.00>
ST_1 : Operation 120 [1/1] (0.00ns) (grouped into LUT with out node empty_84)   --->   "%not_tmp_470 = xor i1 %tmp_400, i1 1" [firmware/nnet_utils/nnet_activation.h:46]   --->   Operation 120 'xor' 'not_tmp_470' <Predicate = (icmp_ln45_66)> <Delay = 0.00> <CoreInst = "LogicGate">   --->   Core 74 'LogicGate' <Latency = 0> <II = 1> <Delay = 0.12> <FuncUnit> <Opcode : 'and' 'or' 'xor'> <InPorts = 2> <OutPorts = 1>
ST_1 : Operation 121 [1/1] (0.00ns) (grouped into LUT with out node empty_84)   --->   "%and_ln46_134 = or i1 %tmp_403, i1 %not_tmp_470" [firmware/nnet_utils/nnet_activation.h:46]   --->   Operation 121 'or' 'and_ln46_134' <Predicate = (icmp_ln45_66)> <Delay = 0.00> <CoreInst = "LogicGate">   --->   Core 74 'LogicGate' <Latency = 0> <II = 1> <Delay = 0.12> <FuncUnit> <Opcode : 'and' 'or' 'xor'> <InPorts = 2> <OutPorts = 1>
ST_1 : Operation 122 [1/1] (0.12ns) (out node of the LUT)   --->   "%empty_84 = and i1 %icmp_ln46_134, i1 %and_ln46_134" [firmware/nnet_utils/nnet_activation.h:46]   --->   Operation 122 'and' 'empty_84' <Predicate = (icmp_ln45_66)> <Delay = 0.12> <CoreInst = "LogicGate">   --->   Core 74 'LogicGate' <Latency = 0> <II = 1> <Delay = 0.12> <FuncUnit> <Opcode : 'and' 'or' 'xor'> <InPorts = 2> <OutPorts = 1>
ST_1 : Operation 123 [1/1] (0.00ns) (grouped into LUT with out node select_ln46_201)   --->   "%or_ln46_201 = or i1 %empty_84, i1 %tmp_398" [firmware/nnet_utils/nnet_activation.h:46]   --->   Operation 123 'or' 'or_ln46_201' <Predicate = (or_ln46_202 & icmp_ln45_66)> <Delay = 0.00> <CoreInst = "LogicGate">   --->   Core 74 'LogicGate' <Latency = 0> <II = 1> <Delay = 0.12> <FuncUnit> <Opcode : 'and' 'or' 'xor'> <InPorts = 2> <OutPorts = 1>
ST_1 : Operation 124 [1/1] (0.00ns) (grouped into LUT with out node res_4_0)   --->   "%xor_ln46_66 = xor i1 %empty_84, i1 1" [firmware/nnet_utils/nnet_activation.h:46]   --->   Operation 124 'xor' 'xor_ln46_66' <Predicate = (icmp_ln45_66)> <Delay = 0.00> <CoreInst = "LogicGate">   --->   Core 74 'LogicGate' <Latency = 0> <II = 1> <Delay = 0.12> <FuncUnit> <Opcode : 'and' 'or' 'xor'> <InPorts = 2> <OutPorts = 1>
ST_1 : Operation 125 [1/1] (0.00ns) (grouped into LUT with out node res_4_0)   --->   "%or_ln46_202 = or i1 %tmp_398, i1 %xor_ln46_66" [firmware/nnet_utils/nnet_activation.h:46]   --->   Operation 125 'or' 'or_ln46_202' <Predicate = (icmp_ln45_66)> <Delay = 0.00> <CoreInst = "LogicGate">   --->   Core 74 'LogicGate' <Latency = 0> <II = 1> <Delay = 0.12> <FuncUnit> <Opcode : 'and' 'or' 'xor'> <InPorts = 2> <OutPorts = 1>
ST_1 : Operation 126 [1/1] (0.00ns) (grouped into LUT with out node select_ln46_201)   --->   "%select_ln46_200 = select i1 %tmp_398, i6 0, i6 %add_ln46_66" [firmware/nnet_utils/nnet_activation.h:46]   --->   Operation 126 'select' 'select_ln46_200' <Predicate = (or_ln46_201 & or_ln46_202 & icmp_ln45_66)> <Delay = 0.00> <CoreInst = "Sel">   --->   Core 73 'Sel' <Latency = 0> <II = 1> <Delay = 0.29> <FuncUnit> <Opcode : 'select'> <InPorts = 3> <OutPorts = 1>
ST_1 : Operation 127 [1/1] (0.29ns) (out node of the LUT)   --->   "%select_ln46_201 = select i1 %or_ln46_201, i6 %select_ln46_200, i6 63" [firmware/nnet_utils/nnet_activation.h:46]   --->   Operation 127 'select' 'select_ln46_201' <Predicate = (or_ln46_202 & icmp_ln45_66)> <Delay = 0.29> <CoreInst = "Sel">   --->   Core 73 'Sel' <Latency = 0> <II = 1> <Delay = 0.29> <FuncUnit> <Opcode : 'select'> <InPorts = 3> <OutPorts = 1>
ST_1 : Operation 128 [1/1] (0.00ns) (grouped into LUT with out node res_4_0)   --->   "%select_ln46_202 = select i1 %or_ln46_202, i6 %select_ln46_201, i6 %add_ln46_66" [firmware/nnet_utils/nnet_activation.h:46]   --->   Operation 128 'select' 'select_ln46_202' <Predicate = (icmp_ln45_66)> <Delay = 0.00> <CoreInst = "Sel">   --->   Core 73 'Sel' <Latency = 0> <II = 1> <Delay = 0.29> <FuncUnit> <Opcode : 'select'> <InPorts = 3> <OutPorts = 1>
ST_1 : Operation 129 [1/1] (0.29ns) (out node of the LUT)   --->   "%res_4_0 = select i1 %icmp_ln45_66, i6 %select_ln46_202, i6 0" [firmware/nnet_utils/nnet_activation.h:45]   --->   Operation 129 'select' 'res_4_0' <Predicate = true> <Delay = 0.29> <CoreInst = "Sel">   --->   Core 73 'Sel' <Latency = 0> <II = 1> <Delay = 0.29> <FuncUnit> <Opcode : 'select'> <InPorts = 3> <OutPorts = 1>
ST_1 : Operation 130 [1/1] (0.80ns)   --->   "%icmp_ln45_67 = icmp_sgt  i19 %data_5_val_read, i19 0" [firmware/nnet_utils/nnet_activation.h:45]   --->   Operation 130 'icmp' 'icmp_ln45_67' <Predicate = true> <Delay = 0.80> <CoreInst = "Cmp">   --->   Core 9 'Cmp' <Latency = 0> <II = 1> <Delay = 0.80> <FuncUnit> <Opcode : 'seteq' 'setne' 'setle' 'setge' 'setlt' 'setgt'> <InPorts = 2> <OutPorts = 1>
ST_1 : Operation 131 [1/1] (0.00ns)   --->   "%tmp_404 = bitselect i1 @_ssdm_op_BitSelect.i1.i19.i32, i19 %data_5_val_read, i32 18" [firmware/nnet_utils/nnet_activation.h:46]   --->   Operation 131 'bitselect' 'tmp_404' <Predicate = (icmp_ln45_67)> <Delay = 0.00>
ST_1 : Operation 132 [1/1] (0.00ns) (grouped into LUT with out node add_ln46_67)   --->   "%trunc_ln46_65 = partselect i6 @_ssdm_op_PartSelect.i6.i19.i32.i32, i19 %data_5_val_read, i32 5, i32 10" [firmware/nnet_utils/nnet_activation.h:46]   --->   Operation 132 'partselect' 'trunc_ln46_65' <Predicate = (icmp_ln45_67)> <Delay = 0.00>
ST_1 : Operation 133 [1/1] (0.00ns) (grouped into LUT with out node add_ln46_67)   --->   "%tmp_405 = bitselect i1 @_ssdm_op_BitSelect.i1.i19.i32, i19 %data_5_val_read, i32 4" [firmware/nnet_utils/nnet_activation.h:46]   --->   Operation 133 'bitselect' 'tmp_405' <Predicate = (icmp_ln45_67)> <Delay = 0.00>
ST_1 : Operation 134 [1/1] (0.00ns)   --->   "%trunc_ln46_129 = trunc i19 %data_5_val_read" [firmware/nnet_utils/nnet_activation.h:46]   --->   Operation 134 'trunc' 'trunc_ln46_129' <Predicate = (icmp_ln45_67)> <Delay = 0.00>
ST_1 : Operation 135 [1/1] (0.70ns)   --->   "%icmp_ln46_135 = icmp_ne  i4 %trunc_ln46_129, i4 0" [firmware/nnet_utils/nnet_activation.h:46]   --->   Operation 135 'icmp' 'icmp_ln46_135' <Predicate = (icmp_ln45_67)> <Delay = 0.70> <CoreInst = "Cmp">   --->   Core 9 'Cmp' <Latency = 0> <II = 1> <Delay = 0.70> <FuncUnit> <Opcode : 'seteq' 'setne' 'setle' 'setge' 'setlt' 'setgt'> <InPorts = 2> <OutPorts = 1>
ST_1 : Operation 136 [1/1] (0.00ns) (grouped into LUT with out node empty_85)   --->   "%tmp_406 = bitselect i1 @_ssdm_op_BitSelect.i1.i19.i32, i19 %data_5_val_read, i32 10" [firmware/nnet_utils/nnet_activation.h:46]   --->   Operation 136 'bitselect' 'tmp_406' <Predicate = (icmp_ln45_67)> <Delay = 0.00>
ST_1 : Operation 137 [1/1] (0.00ns) (grouped into LUT with out node add_ln46_67)   --->   "%tmp_407 = bitselect i1 @_ssdm_op_BitSelect.i1.i19.i32, i19 %data_5_val_read, i32 5" [firmware/nnet_utils/nnet_activation.h:46]   --->   Operation 137 'bitselect' 'tmp_407' <Predicate = (icmp_ln45_67)> <Delay = 0.00>
ST_1 : Operation 138 [1/1] (0.00ns) (grouped into LUT with out node add_ln46_67)   --->   "%or_ln46_203 = or i1 %tmp_407, i1 %icmp_ln46_135" [firmware/nnet_utils/nnet_activation.h:46]   --->   Operation 138 'or' 'or_ln46_203' <Predicate = (icmp_ln45_67)> <Delay = 0.00> <CoreInst = "LogicGate">   --->   Core 74 'LogicGate' <Latency = 0> <II = 1> <Delay = 0.12> <FuncUnit> <Opcode : 'and' 'or' 'xor'> <InPorts = 2> <OutPorts = 1>
ST_1 : Operation 139 [1/1] (0.00ns) (grouped into LUT with out node add_ln46_67)   --->   "%and_ln46_133 = and i1 %or_ln46_203, i1 %tmp_405" [firmware/nnet_utils/nnet_activation.h:46]   --->   Operation 139 'and' 'and_ln46_133' <Predicate = (icmp_ln45_67)> <Delay = 0.00> <CoreInst = "LogicGate">   --->   Core 74 'LogicGate' <Latency = 0> <II = 1> <Delay = 0.12> <FuncUnit> <Opcode : 'and' 'or' 'xor'> <InPorts = 2> <OutPorts = 1>
ST_1 : Operation 140 [1/1] (0.00ns) (grouped into LUT with out node add_ln46_67)   --->   "%zext_ln46_67 = zext i1 %and_ln46_133" [firmware/nnet_utils/nnet_activation.h:46]   --->   Operation 140 'zext' 'zext_ln46_67' <Predicate = (icmp_ln45_67)> <Delay = 0.00>
ST_1 : Operation 141 [1/1] (0.70ns) (out node of the LUT)   --->   "%add_ln46_67 = add i6 %trunc_ln46_65, i6 %zext_ln46_67" [firmware/nnet_utils/nnet_activation.h:46]   --->   Operation 141 'add' 'add_ln46_67' <Predicate = (icmp_ln45_67)> <Delay = 0.70> <CoreInst = "Adder">   --->   Core 1 'Adder' <Latency = 0> <II = 1> <Delay = 0.70> <FuncUnit> <Opcode : 'add' 'sub'> <InPorts = 2> <OutPorts = 1>
ST_1 : Operation 142 [1/1] (0.00ns)   --->   "%tmp_408 = partselect i8 @_ssdm_op_PartSelect.i8.i19.i32.i32, i19 %data_5_val_read, i32 11, i32 18" [firmware/nnet_utils/nnet_activation.h:46]   --->   Operation 142 'partselect' 'tmp_408' <Predicate = (icmp_ln45_67)> <Delay = 0.00>
ST_1 : Operation 143 [1/1] (0.70ns)   --->   "%icmp_ln46_136 = icmp_eq  i8 %tmp_408, i8 0" [firmware/nnet_utils/nnet_activation.h:46]   --->   Operation 143 'icmp' 'icmp_ln46_136' <Predicate = (icmp_ln45_67)> <Delay = 0.70> <CoreInst = "Cmp">   --->   Core 9 'Cmp' <Latency = 0> <II = 1> <Delay = 0.70> <FuncUnit> <Opcode : 'seteq' 'setne' 'setle' 'setge' 'setlt' 'setgt'> <InPorts = 2> <OutPorts = 1>
ST_1 : Operation 144 [1/1] (0.00ns) (grouped into LUT with out node empty_85)   --->   "%tmp_409 = bitselect i1 @_ssdm_op_BitSelect.i1.i6.i32, i6 %add_ln46_67, i32 5" [firmware/nnet_utils/nnet_activation.h:46]   --->   Operation 144 'bitselect' 'tmp_409' <Predicate = (icmp_ln45_67)> <Delay = 0.00>
ST_1 : Operation 145 [1/1] (0.00ns) (grouped into LUT with out node empty_85)   --->   "%not_tmp_477 = xor i1 %tmp_406, i1 1" [firmware/nnet_utils/nnet_activation.h:46]   --->   Operation 145 'xor' 'not_tmp_477' <Predicate = (icmp_ln45_67)> <Delay = 0.00> <CoreInst = "LogicGate">   --->   Core 74 'LogicGate' <Latency = 0> <II = 1> <Delay = 0.12> <FuncUnit> <Opcode : 'and' 'or' 'xor'> <InPorts = 2> <OutPorts = 1>
ST_1 : Operation 146 [1/1] (0.00ns) (grouped into LUT with out node empty_85)   --->   "%and_ln46_136 = or i1 %tmp_409, i1 %not_tmp_477" [firmware/nnet_utils/nnet_activation.h:46]   --->   Operation 146 'or' 'and_ln46_136' <Predicate = (icmp_ln45_67)> <Delay = 0.00> <CoreInst = "LogicGate">   --->   Core 74 'LogicGate' <Latency = 0> <II = 1> <Delay = 0.12> <FuncUnit> <Opcode : 'and' 'or' 'xor'> <InPorts = 2> <OutPorts = 1>
ST_1 : Operation 147 [1/1] (0.12ns) (out node of the LUT)   --->   "%empty_85 = and i1 %icmp_ln46_136, i1 %and_ln46_136" [firmware/nnet_utils/nnet_activation.h:46]   --->   Operation 147 'and' 'empty_85' <Predicate = (icmp_ln45_67)> <Delay = 0.12> <CoreInst = "LogicGate">   --->   Core 74 'LogicGate' <Latency = 0> <II = 1> <Delay = 0.12> <FuncUnit> <Opcode : 'and' 'or' 'xor'> <InPorts = 2> <OutPorts = 1>
ST_1 : Operation 148 [1/1] (0.00ns) (grouped into LUT with out node select_ln46_204)   --->   "%or_ln46_204 = or i1 %empty_85, i1 %tmp_404" [firmware/nnet_utils/nnet_activation.h:46]   --->   Operation 148 'or' 'or_ln46_204' <Predicate = (or_ln46_205 & icmp_ln45_67)> <Delay = 0.00> <CoreInst = "LogicGate">   --->   Core 74 'LogicGate' <Latency = 0> <II = 1> <Delay = 0.12> <FuncUnit> <Opcode : 'and' 'or' 'xor'> <InPorts = 2> <OutPorts = 1>
ST_1 : Operation 149 [1/1] (0.00ns) (grouped into LUT with out node res_5_0)   --->   "%xor_ln46_67 = xor i1 %empty_85, i1 1" [firmware/nnet_utils/nnet_activation.h:46]   --->   Operation 149 'xor' 'xor_ln46_67' <Predicate = (icmp_ln45_67)> <Delay = 0.00> <CoreInst = "LogicGate">   --->   Core 74 'LogicGate' <Latency = 0> <II = 1> <Delay = 0.12> <FuncUnit> <Opcode : 'and' 'or' 'xor'> <InPorts = 2> <OutPorts = 1>
ST_1 : Operation 150 [1/1] (0.00ns) (grouped into LUT with out node res_5_0)   --->   "%or_ln46_205 = or i1 %tmp_404, i1 %xor_ln46_67" [firmware/nnet_utils/nnet_activation.h:46]   --->   Operation 150 'or' 'or_ln46_205' <Predicate = (icmp_ln45_67)> <Delay = 0.00> <CoreInst = "LogicGate">   --->   Core 74 'LogicGate' <Latency = 0> <II = 1> <Delay = 0.12> <FuncUnit> <Opcode : 'and' 'or' 'xor'> <InPorts = 2> <OutPorts = 1>
ST_1 : Operation 151 [1/1] (0.00ns) (grouped into LUT with out node select_ln46_204)   --->   "%select_ln46_203 = select i1 %tmp_404, i6 0, i6 %add_ln46_67" [firmware/nnet_utils/nnet_activation.h:46]   --->   Operation 151 'select' 'select_ln46_203' <Predicate = (or_ln46_204 & or_ln46_205 & icmp_ln45_67)> <Delay = 0.00> <CoreInst = "Sel">   --->   Core 73 'Sel' <Latency = 0> <II = 1> <Delay = 0.29> <FuncUnit> <Opcode : 'select'> <InPorts = 3> <OutPorts = 1>
ST_1 : Operation 152 [1/1] (0.29ns) (out node of the LUT)   --->   "%select_ln46_204 = select i1 %or_ln46_204, i6 %select_ln46_203, i6 63" [firmware/nnet_utils/nnet_activation.h:46]   --->   Operation 152 'select' 'select_ln46_204' <Predicate = (or_ln46_205 & icmp_ln45_67)> <Delay = 0.29> <CoreInst = "Sel">   --->   Core 73 'Sel' <Latency = 0> <II = 1> <Delay = 0.29> <FuncUnit> <Opcode : 'select'> <InPorts = 3> <OutPorts = 1>
ST_1 : Operation 153 [1/1] (0.00ns) (grouped into LUT with out node res_5_0)   --->   "%select_ln46_205 = select i1 %or_ln46_205, i6 %select_ln46_204, i6 %add_ln46_67" [firmware/nnet_utils/nnet_activation.h:46]   --->   Operation 153 'select' 'select_ln46_205' <Predicate = (icmp_ln45_67)> <Delay = 0.00> <CoreInst = "Sel">   --->   Core 73 'Sel' <Latency = 0> <II = 1> <Delay = 0.29> <FuncUnit> <Opcode : 'select'> <InPorts = 3> <OutPorts = 1>
ST_1 : Operation 154 [1/1] (0.29ns) (out node of the LUT)   --->   "%res_5_0 = select i1 %icmp_ln45_67, i6 %select_ln46_205, i6 0" [firmware/nnet_utils/nnet_activation.h:45]   --->   Operation 154 'select' 'res_5_0' <Predicate = true> <Delay = 0.29> <CoreInst = "Sel">   --->   Core 73 'Sel' <Latency = 0> <II = 1> <Delay = 0.29> <FuncUnit> <Opcode : 'select'> <InPorts = 3> <OutPorts = 1>
ST_1 : Operation 155 [1/1] (0.80ns)   --->   "%icmp_ln45_68 = icmp_sgt  i19 %data_6_val_read, i19 0" [firmware/nnet_utils/nnet_activation.h:45]   --->   Operation 155 'icmp' 'icmp_ln45_68' <Predicate = true> <Delay = 0.80> <CoreInst = "Cmp">   --->   Core 9 'Cmp' <Latency = 0> <II = 1> <Delay = 0.80> <FuncUnit> <Opcode : 'seteq' 'setne' 'setle' 'setge' 'setlt' 'setgt'> <InPorts = 2> <OutPorts = 1>
ST_1 : Operation 156 [1/1] (0.00ns)   --->   "%tmp_410 = bitselect i1 @_ssdm_op_BitSelect.i1.i19.i32, i19 %data_6_val_read, i32 18" [firmware/nnet_utils/nnet_activation.h:46]   --->   Operation 156 'bitselect' 'tmp_410' <Predicate = (icmp_ln45_68)> <Delay = 0.00>
ST_1 : Operation 157 [1/1] (0.00ns) (grouped into LUT with out node add_ln46_68)   --->   "%trunc_ln46_66 = partselect i6 @_ssdm_op_PartSelect.i6.i19.i32.i32, i19 %data_6_val_read, i32 5, i32 10" [firmware/nnet_utils/nnet_activation.h:46]   --->   Operation 157 'partselect' 'trunc_ln46_66' <Predicate = (icmp_ln45_68)> <Delay = 0.00>
ST_1 : Operation 158 [1/1] (0.00ns) (grouped into LUT with out node add_ln46_68)   --->   "%tmp_411 = bitselect i1 @_ssdm_op_BitSelect.i1.i19.i32, i19 %data_6_val_read, i32 4" [firmware/nnet_utils/nnet_activation.h:46]   --->   Operation 158 'bitselect' 'tmp_411' <Predicate = (icmp_ln45_68)> <Delay = 0.00>
ST_1 : Operation 159 [1/1] (0.00ns)   --->   "%trunc_ln46_130 = trunc i19 %data_6_val_read" [firmware/nnet_utils/nnet_activation.h:46]   --->   Operation 159 'trunc' 'trunc_ln46_130' <Predicate = (icmp_ln45_68)> <Delay = 0.00>
ST_1 : Operation 160 [1/1] (0.70ns)   --->   "%icmp_ln46_137 = icmp_ne  i4 %trunc_ln46_130, i4 0" [firmware/nnet_utils/nnet_activation.h:46]   --->   Operation 160 'icmp' 'icmp_ln46_137' <Predicate = (icmp_ln45_68)> <Delay = 0.70> <CoreInst = "Cmp">   --->   Core 9 'Cmp' <Latency = 0> <II = 1> <Delay = 0.70> <FuncUnit> <Opcode : 'seteq' 'setne' 'setle' 'setge' 'setlt' 'setgt'> <InPorts = 2> <OutPorts = 1>
ST_1 : Operation 161 [1/1] (0.00ns) (grouped into LUT with out node empty_86)   --->   "%tmp_412 = bitselect i1 @_ssdm_op_BitSelect.i1.i19.i32, i19 %data_6_val_read, i32 10" [firmware/nnet_utils/nnet_activation.h:46]   --->   Operation 161 'bitselect' 'tmp_412' <Predicate = (icmp_ln45_68)> <Delay = 0.00>
ST_1 : Operation 162 [1/1] (0.00ns) (grouped into LUT with out node add_ln46_68)   --->   "%tmp_413 = bitselect i1 @_ssdm_op_BitSelect.i1.i19.i32, i19 %data_6_val_read, i32 5" [firmware/nnet_utils/nnet_activation.h:46]   --->   Operation 162 'bitselect' 'tmp_413' <Predicate = (icmp_ln45_68)> <Delay = 0.00>
ST_1 : Operation 163 [1/1] (0.00ns) (grouped into LUT with out node add_ln46_68)   --->   "%or_ln46_206 = or i1 %tmp_413, i1 %icmp_ln46_137" [firmware/nnet_utils/nnet_activation.h:46]   --->   Operation 163 'or' 'or_ln46_206' <Predicate = (icmp_ln45_68)> <Delay = 0.00> <CoreInst = "LogicGate">   --->   Core 74 'LogicGate' <Latency = 0> <II = 1> <Delay = 0.12> <FuncUnit> <Opcode : 'and' 'or' 'xor'> <InPorts = 2> <OutPorts = 1>
ST_1 : Operation 164 [1/1] (0.00ns) (grouped into LUT with out node add_ln46_68)   --->   "%and_ln46_135 = and i1 %or_ln46_206, i1 %tmp_411" [firmware/nnet_utils/nnet_activation.h:46]   --->   Operation 164 'and' 'and_ln46_135' <Predicate = (icmp_ln45_68)> <Delay = 0.00> <CoreInst = "LogicGate">   --->   Core 74 'LogicGate' <Latency = 0> <II = 1> <Delay = 0.12> <FuncUnit> <Opcode : 'and' 'or' 'xor'> <InPorts = 2> <OutPorts = 1>
ST_1 : Operation 165 [1/1] (0.00ns) (grouped into LUT with out node add_ln46_68)   --->   "%zext_ln46_68 = zext i1 %and_ln46_135" [firmware/nnet_utils/nnet_activation.h:46]   --->   Operation 165 'zext' 'zext_ln46_68' <Predicate = (icmp_ln45_68)> <Delay = 0.00>
ST_1 : Operation 166 [1/1] (0.70ns) (out node of the LUT)   --->   "%add_ln46_68 = add i6 %trunc_ln46_66, i6 %zext_ln46_68" [firmware/nnet_utils/nnet_activation.h:46]   --->   Operation 166 'add' 'add_ln46_68' <Predicate = (icmp_ln45_68)> <Delay = 0.70> <CoreInst = "Adder">   --->   Core 1 'Adder' <Latency = 0> <II = 1> <Delay = 0.70> <FuncUnit> <Opcode : 'add' 'sub'> <InPorts = 2> <OutPorts = 1>
ST_1 : Operation 167 [1/1] (0.00ns)   --->   "%tmp_414 = partselect i8 @_ssdm_op_PartSelect.i8.i19.i32.i32, i19 %data_6_val_read, i32 11, i32 18" [firmware/nnet_utils/nnet_activation.h:46]   --->   Operation 167 'partselect' 'tmp_414' <Predicate = (icmp_ln45_68)> <Delay = 0.00>
ST_1 : Operation 168 [1/1] (0.70ns)   --->   "%icmp_ln46_138 = icmp_eq  i8 %tmp_414, i8 0" [firmware/nnet_utils/nnet_activation.h:46]   --->   Operation 168 'icmp' 'icmp_ln46_138' <Predicate = (icmp_ln45_68)> <Delay = 0.70> <CoreInst = "Cmp">   --->   Core 9 'Cmp' <Latency = 0> <II = 1> <Delay = 0.70> <FuncUnit> <Opcode : 'seteq' 'setne' 'setle' 'setge' 'setlt' 'setgt'> <InPorts = 2> <OutPorts = 1>
ST_1 : Operation 169 [1/1] (0.00ns) (grouped into LUT with out node empty_86)   --->   "%tmp_415 = bitselect i1 @_ssdm_op_BitSelect.i1.i6.i32, i6 %add_ln46_68, i32 5" [firmware/nnet_utils/nnet_activation.h:46]   --->   Operation 169 'bitselect' 'tmp_415' <Predicate = (icmp_ln45_68)> <Delay = 0.00>
ST_1 : Operation 170 [1/1] (0.00ns) (grouped into LUT with out node empty_86)   --->   "%not_tmp_484 = xor i1 %tmp_412, i1 1" [firmware/nnet_utils/nnet_activation.h:46]   --->   Operation 170 'xor' 'not_tmp_484' <Predicate = (icmp_ln45_68)> <Delay = 0.00> <CoreInst = "LogicGate">   --->   Core 74 'LogicGate' <Latency = 0> <II = 1> <Delay = 0.12> <FuncUnit> <Opcode : 'and' 'or' 'xor'> <InPorts = 2> <OutPorts = 1>
ST_1 : Operation 171 [1/1] (0.00ns) (grouped into LUT with out node empty_86)   --->   "%and_ln46_138 = or i1 %tmp_415, i1 %not_tmp_484" [firmware/nnet_utils/nnet_activation.h:46]   --->   Operation 171 'or' 'and_ln46_138' <Predicate = (icmp_ln45_68)> <Delay = 0.00> <CoreInst = "LogicGate">   --->   Core 74 'LogicGate' <Latency = 0> <II = 1> <Delay = 0.12> <FuncUnit> <Opcode : 'and' 'or' 'xor'> <InPorts = 2> <OutPorts = 1>
ST_1 : Operation 172 [1/1] (0.12ns) (out node of the LUT)   --->   "%empty_86 = and i1 %icmp_ln46_138, i1 %and_ln46_138" [firmware/nnet_utils/nnet_activation.h:46]   --->   Operation 172 'and' 'empty_86' <Predicate = (icmp_ln45_68)> <Delay = 0.12> <CoreInst = "LogicGate">   --->   Core 74 'LogicGate' <Latency = 0> <II = 1> <Delay = 0.12> <FuncUnit> <Opcode : 'and' 'or' 'xor'> <InPorts = 2> <OutPorts = 1>
ST_1 : Operation 173 [1/1] (0.00ns) (grouped into LUT with out node select_ln46_207)   --->   "%or_ln46_207 = or i1 %empty_86, i1 %tmp_410" [firmware/nnet_utils/nnet_activation.h:46]   --->   Operation 173 'or' 'or_ln46_207' <Predicate = (or_ln46_208 & icmp_ln45_68)> <Delay = 0.00> <CoreInst = "LogicGate">   --->   Core 74 'LogicGate' <Latency = 0> <II = 1> <Delay = 0.12> <FuncUnit> <Opcode : 'and' 'or' 'xor'> <InPorts = 2> <OutPorts = 1>
ST_1 : Operation 174 [1/1] (0.00ns) (grouped into LUT with out node res_6_0)   --->   "%xor_ln46_68 = xor i1 %empty_86, i1 1" [firmware/nnet_utils/nnet_activation.h:46]   --->   Operation 174 'xor' 'xor_ln46_68' <Predicate = (icmp_ln45_68)> <Delay = 0.00> <CoreInst = "LogicGate">   --->   Core 74 'LogicGate' <Latency = 0> <II = 1> <Delay = 0.12> <FuncUnit> <Opcode : 'and' 'or' 'xor'> <InPorts = 2> <OutPorts = 1>
ST_1 : Operation 175 [1/1] (0.00ns) (grouped into LUT with out node res_6_0)   --->   "%or_ln46_208 = or i1 %tmp_410, i1 %xor_ln46_68" [firmware/nnet_utils/nnet_activation.h:46]   --->   Operation 175 'or' 'or_ln46_208' <Predicate = (icmp_ln45_68)> <Delay = 0.00> <CoreInst = "LogicGate">   --->   Core 74 'LogicGate' <Latency = 0> <II = 1> <Delay = 0.12> <FuncUnit> <Opcode : 'and' 'or' 'xor'> <InPorts = 2> <OutPorts = 1>
ST_1 : Operation 176 [1/1] (0.00ns) (grouped into LUT with out node select_ln46_207)   --->   "%select_ln46_206 = select i1 %tmp_410, i6 0, i6 %add_ln46_68" [firmware/nnet_utils/nnet_activation.h:46]   --->   Operation 176 'select' 'select_ln46_206' <Predicate = (or_ln46_207 & or_ln46_208 & icmp_ln45_68)> <Delay = 0.00> <CoreInst = "Sel">   --->   Core 73 'Sel' <Latency = 0> <II = 1> <Delay = 0.29> <FuncUnit> <Opcode : 'select'> <InPorts = 3> <OutPorts = 1>
ST_1 : Operation 177 [1/1] (0.29ns) (out node of the LUT)   --->   "%select_ln46_207 = select i1 %or_ln46_207, i6 %select_ln46_206, i6 63" [firmware/nnet_utils/nnet_activation.h:46]   --->   Operation 177 'select' 'select_ln46_207' <Predicate = (or_ln46_208 & icmp_ln45_68)> <Delay = 0.29> <CoreInst = "Sel">   --->   Core 73 'Sel' <Latency = 0> <II = 1> <Delay = 0.29> <FuncUnit> <Opcode : 'select'> <InPorts = 3> <OutPorts = 1>
ST_1 : Operation 178 [1/1] (0.00ns) (grouped into LUT with out node res_6_0)   --->   "%select_ln46_208 = select i1 %or_ln46_208, i6 %select_ln46_207, i6 %add_ln46_68" [firmware/nnet_utils/nnet_activation.h:46]   --->   Operation 178 'select' 'select_ln46_208' <Predicate = (icmp_ln45_68)> <Delay = 0.00> <CoreInst = "Sel">   --->   Core 73 'Sel' <Latency = 0> <II = 1> <Delay = 0.29> <FuncUnit> <Opcode : 'select'> <InPorts = 3> <OutPorts = 1>
ST_1 : Operation 179 [1/1] (0.29ns) (out node of the LUT)   --->   "%res_6_0 = select i1 %icmp_ln45_68, i6 %select_ln46_208, i6 0" [firmware/nnet_utils/nnet_activation.h:45]   --->   Operation 179 'select' 'res_6_0' <Predicate = true> <Delay = 0.29> <CoreInst = "Sel">   --->   Core 73 'Sel' <Latency = 0> <II = 1> <Delay = 0.29> <FuncUnit> <Opcode : 'select'> <InPorts = 3> <OutPorts = 1>
ST_1 : Operation 180 [1/1] (0.80ns)   --->   "%icmp_ln45_69 = icmp_sgt  i19 %data_7_val_read, i19 0" [firmware/nnet_utils/nnet_activation.h:45]   --->   Operation 180 'icmp' 'icmp_ln45_69' <Predicate = true> <Delay = 0.80> <CoreInst = "Cmp">   --->   Core 9 'Cmp' <Latency = 0> <II = 1> <Delay = 0.80> <FuncUnit> <Opcode : 'seteq' 'setne' 'setle' 'setge' 'setlt' 'setgt'> <InPorts = 2> <OutPorts = 1>
ST_1 : Operation 181 [1/1] (0.00ns)   --->   "%tmp_416 = bitselect i1 @_ssdm_op_BitSelect.i1.i19.i32, i19 %data_7_val_read, i32 18" [firmware/nnet_utils/nnet_activation.h:46]   --->   Operation 181 'bitselect' 'tmp_416' <Predicate = (icmp_ln45_69)> <Delay = 0.00>
ST_1 : Operation 182 [1/1] (0.00ns) (grouped into LUT with out node add_ln46_69)   --->   "%trunc_ln46_67 = partselect i6 @_ssdm_op_PartSelect.i6.i19.i32.i32, i19 %data_7_val_read, i32 5, i32 10" [firmware/nnet_utils/nnet_activation.h:46]   --->   Operation 182 'partselect' 'trunc_ln46_67' <Predicate = (icmp_ln45_69)> <Delay = 0.00>
ST_1 : Operation 183 [1/1] (0.00ns) (grouped into LUT with out node add_ln46_69)   --->   "%tmp_417 = bitselect i1 @_ssdm_op_BitSelect.i1.i19.i32, i19 %data_7_val_read, i32 4" [firmware/nnet_utils/nnet_activation.h:46]   --->   Operation 183 'bitselect' 'tmp_417' <Predicate = (icmp_ln45_69)> <Delay = 0.00>
ST_1 : Operation 184 [1/1] (0.00ns)   --->   "%trunc_ln46_131 = trunc i19 %data_7_val_read" [firmware/nnet_utils/nnet_activation.h:46]   --->   Operation 184 'trunc' 'trunc_ln46_131' <Predicate = (icmp_ln45_69)> <Delay = 0.00>
ST_1 : Operation 185 [1/1] (0.70ns)   --->   "%icmp_ln46_139 = icmp_ne  i4 %trunc_ln46_131, i4 0" [firmware/nnet_utils/nnet_activation.h:46]   --->   Operation 185 'icmp' 'icmp_ln46_139' <Predicate = (icmp_ln45_69)> <Delay = 0.70> <CoreInst = "Cmp">   --->   Core 9 'Cmp' <Latency = 0> <II = 1> <Delay = 0.70> <FuncUnit> <Opcode : 'seteq' 'setne' 'setle' 'setge' 'setlt' 'setgt'> <InPorts = 2> <OutPorts = 1>
ST_1 : Operation 186 [1/1] (0.00ns) (grouped into LUT with out node empty_87)   --->   "%tmp_418 = bitselect i1 @_ssdm_op_BitSelect.i1.i19.i32, i19 %data_7_val_read, i32 10" [firmware/nnet_utils/nnet_activation.h:46]   --->   Operation 186 'bitselect' 'tmp_418' <Predicate = (icmp_ln45_69)> <Delay = 0.00>
ST_1 : Operation 187 [1/1] (0.00ns) (grouped into LUT with out node add_ln46_69)   --->   "%tmp_419 = bitselect i1 @_ssdm_op_BitSelect.i1.i19.i32, i19 %data_7_val_read, i32 5" [firmware/nnet_utils/nnet_activation.h:46]   --->   Operation 187 'bitselect' 'tmp_419' <Predicate = (icmp_ln45_69)> <Delay = 0.00>
ST_1 : Operation 188 [1/1] (0.00ns) (grouped into LUT with out node add_ln46_69)   --->   "%or_ln46_209 = or i1 %tmp_419, i1 %icmp_ln46_139" [firmware/nnet_utils/nnet_activation.h:46]   --->   Operation 188 'or' 'or_ln46_209' <Predicate = (icmp_ln45_69)> <Delay = 0.00> <CoreInst = "LogicGate">   --->   Core 74 'LogicGate' <Latency = 0> <II = 1> <Delay = 0.12> <FuncUnit> <Opcode : 'and' 'or' 'xor'> <InPorts = 2> <OutPorts = 1>
ST_1 : Operation 189 [1/1] (0.00ns) (grouped into LUT with out node add_ln46_69)   --->   "%and_ln46_137 = and i1 %or_ln46_209, i1 %tmp_417" [firmware/nnet_utils/nnet_activation.h:46]   --->   Operation 189 'and' 'and_ln46_137' <Predicate = (icmp_ln45_69)> <Delay = 0.00> <CoreInst = "LogicGate">   --->   Core 74 'LogicGate' <Latency = 0> <II = 1> <Delay = 0.12> <FuncUnit> <Opcode : 'and' 'or' 'xor'> <InPorts = 2> <OutPorts = 1>
ST_1 : Operation 190 [1/1] (0.00ns) (grouped into LUT with out node add_ln46_69)   --->   "%zext_ln46_69 = zext i1 %and_ln46_137" [firmware/nnet_utils/nnet_activation.h:46]   --->   Operation 190 'zext' 'zext_ln46_69' <Predicate = (icmp_ln45_69)> <Delay = 0.00>
ST_1 : Operation 191 [1/1] (0.70ns) (out node of the LUT)   --->   "%add_ln46_69 = add i6 %trunc_ln46_67, i6 %zext_ln46_69" [firmware/nnet_utils/nnet_activation.h:46]   --->   Operation 191 'add' 'add_ln46_69' <Predicate = (icmp_ln45_69)> <Delay = 0.70> <CoreInst = "Adder">   --->   Core 1 'Adder' <Latency = 0> <II = 1> <Delay = 0.70> <FuncUnit> <Opcode : 'add' 'sub'> <InPorts = 2> <OutPorts = 1>
ST_1 : Operation 192 [1/1] (0.00ns)   --->   "%tmp_420 = partselect i8 @_ssdm_op_PartSelect.i8.i19.i32.i32, i19 %data_7_val_read, i32 11, i32 18" [firmware/nnet_utils/nnet_activation.h:46]   --->   Operation 192 'partselect' 'tmp_420' <Predicate = (icmp_ln45_69)> <Delay = 0.00>
ST_1 : Operation 193 [1/1] (0.70ns)   --->   "%icmp_ln46_140 = icmp_eq  i8 %tmp_420, i8 0" [firmware/nnet_utils/nnet_activation.h:46]   --->   Operation 193 'icmp' 'icmp_ln46_140' <Predicate = (icmp_ln45_69)> <Delay = 0.70> <CoreInst = "Cmp">   --->   Core 9 'Cmp' <Latency = 0> <II = 1> <Delay = 0.70> <FuncUnit> <Opcode : 'seteq' 'setne' 'setle' 'setge' 'setlt' 'setgt'> <InPorts = 2> <OutPorts = 1>
ST_1 : Operation 194 [1/1] (0.00ns) (grouped into LUT with out node empty_87)   --->   "%tmp_421 = bitselect i1 @_ssdm_op_BitSelect.i1.i6.i32, i6 %add_ln46_69, i32 5" [firmware/nnet_utils/nnet_activation.h:46]   --->   Operation 194 'bitselect' 'tmp_421' <Predicate = (icmp_ln45_69)> <Delay = 0.00>
ST_1 : Operation 195 [1/1] (0.00ns) (grouped into LUT with out node empty_87)   --->   "%not_tmp_491 = xor i1 %tmp_418, i1 1" [firmware/nnet_utils/nnet_activation.h:46]   --->   Operation 195 'xor' 'not_tmp_491' <Predicate = (icmp_ln45_69)> <Delay = 0.00> <CoreInst = "LogicGate">   --->   Core 74 'LogicGate' <Latency = 0> <II = 1> <Delay = 0.12> <FuncUnit> <Opcode : 'and' 'or' 'xor'> <InPorts = 2> <OutPorts = 1>
ST_1 : Operation 196 [1/1] (0.00ns) (grouped into LUT with out node empty_87)   --->   "%and_ln46_140 = or i1 %tmp_421, i1 %not_tmp_491" [firmware/nnet_utils/nnet_activation.h:46]   --->   Operation 196 'or' 'and_ln46_140' <Predicate = (icmp_ln45_69)> <Delay = 0.00> <CoreInst = "LogicGate">   --->   Core 74 'LogicGate' <Latency = 0> <II = 1> <Delay = 0.12> <FuncUnit> <Opcode : 'and' 'or' 'xor'> <InPorts = 2> <OutPorts = 1>
ST_1 : Operation 197 [1/1] (0.12ns) (out node of the LUT)   --->   "%empty_87 = and i1 %icmp_ln46_140, i1 %and_ln46_140" [firmware/nnet_utils/nnet_activation.h:46]   --->   Operation 197 'and' 'empty_87' <Predicate = (icmp_ln45_69)> <Delay = 0.12> <CoreInst = "LogicGate">   --->   Core 74 'LogicGate' <Latency = 0> <II = 1> <Delay = 0.12> <FuncUnit> <Opcode : 'and' 'or' 'xor'> <InPorts = 2> <OutPorts = 1>
ST_1 : Operation 198 [1/1] (0.00ns) (grouped into LUT with out node select_ln46_210)   --->   "%or_ln46_210 = or i1 %empty_87, i1 %tmp_416" [firmware/nnet_utils/nnet_activation.h:46]   --->   Operation 198 'or' 'or_ln46_210' <Predicate = (or_ln46_211 & icmp_ln45_69)> <Delay = 0.00> <CoreInst = "LogicGate">   --->   Core 74 'LogicGate' <Latency = 0> <II = 1> <Delay = 0.12> <FuncUnit> <Opcode : 'and' 'or' 'xor'> <InPorts = 2> <OutPorts = 1>
ST_1 : Operation 199 [1/1] (0.00ns) (grouped into LUT with out node res_7_0)   --->   "%xor_ln46_69 = xor i1 %empty_87, i1 1" [firmware/nnet_utils/nnet_activation.h:46]   --->   Operation 199 'xor' 'xor_ln46_69' <Predicate = (icmp_ln45_69)> <Delay = 0.00> <CoreInst = "LogicGate">   --->   Core 74 'LogicGate' <Latency = 0> <II = 1> <Delay = 0.12> <FuncUnit> <Opcode : 'and' 'or' 'xor'> <InPorts = 2> <OutPorts = 1>
ST_1 : Operation 200 [1/1] (0.00ns) (grouped into LUT with out node res_7_0)   --->   "%or_ln46_211 = or i1 %tmp_416, i1 %xor_ln46_69" [firmware/nnet_utils/nnet_activation.h:46]   --->   Operation 200 'or' 'or_ln46_211' <Predicate = (icmp_ln45_69)> <Delay = 0.00> <CoreInst = "LogicGate">   --->   Core 74 'LogicGate' <Latency = 0> <II = 1> <Delay = 0.12> <FuncUnit> <Opcode : 'and' 'or' 'xor'> <InPorts = 2> <OutPorts = 1>
ST_1 : Operation 201 [1/1] (0.00ns) (grouped into LUT with out node select_ln46_210)   --->   "%select_ln46_209 = select i1 %tmp_416, i6 0, i6 %add_ln46_69" [firmware/nnet_utils/nnet_activation.h:46]   --->   Operation 201 'select' 'select_ln46_209' <Predicate = (or_ln46_210 & or_ln46_211 & icmp_ln45_69)> <Delay = 0.00> <CoreInst = "Sel">   --->   Core 73 'Sel' <Latency = 0> <II = 1> <Delay = 0.29> <FuncUnit> <Opcode : 'select'> <InPorts = 3> <OutPorts = 1>
ST_1 : Operation 202 [1/1] (0.29ns) (out node of the LUT)   --->   "%select_ln46_210 = select i1 %or_ln46_210, i6 %select_ln46_209, i6 63" [firmware/nnet_utils/nnet_activation.h:46]   --->   Operation 202 'select' 'select_ln46_210' <Predicate = (or_ln46_211 & icmp_ln45_69)> <Delay = 0.29> <CoreInst = "Sel">   --->   Core 73 'Sel' <Latency = 0> <II = 1> <Delay = 0.29> <FuncUnit> <Opcode : 'select'> <InPorts = 3> <OutPorts = 1>
ST_1 : Operation 203 [1/1] (0.00ns) (grouped into LUT with out node res_7_0)   --->   "%select_ln46_211 = select i1 %or_ln46_211, i6 %select_ln46_210, i6 %add_ln46_69" [firmware/nnet_utils/nnet_activation.h:46]   --->   Operation 203 'select' 'select_ln46_211' <Predicate = (icmp_ln45_69)> <Delay = 0.00> <CoreInst = "Sel">   --->   Core 73 'Sel' <Latency = 0> <II = 1> <Delay = 0.29> <FuncUnit> <Opcode : 'select'> <InPorts = 3> <OutPorts = 1>
ST_1 : Operation 204 [1/1] (0.29ns) (out node of the LUT)   --->   "%res_7_0 = select i1 %icmp_ln45_69, i6 %select_ln46_211, i6 0" [firmware/nnet_utils/nnet_activation.h:45]   --->   Operation 204 'select' 'res_7_0' <Predicate = true> <Delay = 0.29> <CoreInst = "Sel">   --->   Core 73 'Sel' <Latency = 0> <II = 1> <Delay = 0.29> <FuncUnit> <Opcode : 'select'> <InPorts = 3> <OutPorts = 1>
ST_1 : Operation 205 [1/1] (0.80ns)   --->   "%icmp_ln45_70 = icmp_sgt  i19 %data_8_val_read, i19 0" [firmware/nnet_utils/nnet_activation.h:45]   --->   Operation 205 'icmp' 'icmp_ln45_70' <Predicate = true> <Delay = 0.80> <CoreInst = "Cmp">   --->   Core 9 'Cmp' <Latency = 0> <II = 1> <Delay = 0.80> <FuncUnit> <Opcode : 'seteq' 'setne' 'setle' 'setge' 'setlt' 'setgt'> <InPorts = 2> <OutPorts = 1>
ST_1 : Operation 206 [1/1] (0.00ns)   --->   "%tmp_422 = bitselect i1 @_ssdm_op_BitSelect.i1.i19.i32, i19 %data_8_val_read, i32 18" [firmware/nnet_utils/nnet_activation.h:46]   --->   Operation 206 'bitselect' 'tmp_422' <Predicate = (icmp_ln45_70)> <Delay = 0.00>
ST_1 : Operation 207 [1/1] (0.00ns) (grouped into LUT with out node add_ln46_70)   --->   "%trunc_ln46_68 = partselect i6 @_ssdm_op_PartSelect.i6.i19.i32.i32, i19 %data_8_val_read, i32 5, i32 10" [firmware/nnet_utils/nnet_activation.h:46]   --->   Operation 207 'partselect' 'trunc_ln46_68' <Predicate = (icmp_ln45_70)> <Delay = 0.00>
ST_1 : Operation 208 [1/1] (0.00ns) (grouped into LUT with out node add_ln46_70)   --->   "%tmp_423 = bitselect i1 @_ssdm_op_BitSelect.i1.i19.i32, i19 %data_8_val_read, i32 4" [firmware/nnet_utils/nnet_activation.h:46]   --->   Operation 208 'bitselect' 'tmp_423' <Predicate = (icmp_ln45_70)> <Delay = 0.00>
ST_1 : Operation 209 [1/1] (0.00ns)   --->   "%trunc_ln46_132 = trunc i19 %data_8_val_read" [firmware/nnet_utils/nnet_activation.h:46]   --->   Operation 209 'trunc' 'trunc_ln46_132' <Predicate = (icmp_ln45_70)> <Delay = 0.00>
ST_1 : Operation 210 [1/1] (0.70ns)   --->   "%icmp_ln46_141 = icmp_ne  i4 %trunc_ln46_132, i4 0" [firmware/nnet_utils/nnet_activation.h:46]   --->   Operation 210 'icmp' 'icmp_ln46_141' <Predicate = (icmp_ln45_70)> <Delay = 0.70> <CoreInst = "Cmp">   --->   Core 9 'Cmp' <Latency = 0> <II = 1> <Delay = 0.70> <FuncUnit> <Opcode : 'seteq' 'setne' 'setle' 'setge' 'setlt' 'setgt'> <InPorts = 2> <OutPorts = 1>
ST_1 : Operation 211 [1/1] (0.00ns) (grouped into LUT with out node empty_88)   --->   "%tmp_424 = bitselect i1 @_ssdm_op_BitSelect.i1.i19.i32, i19 %data_8_val_read, i32 10" [firmware/nnet_utils/nnet_activation.h:46]   --->   Operation 211 'bitselect' 'tmp_424' <Predicate = (icmp_ln45_70)> <Delay = 0.00>
ST_1 : Operation 212 [1/1] (0.00ns) (grouped into LUT with out node add_ln46_70)   --->   "%tmp_425 = bitselect i1 @_ssdm_op_BitSelect.i1.i19.i32, i19 %data_8_val_read, i32 5" [firmware/nnet_utils/nnet_activation.h:46]   --->   Operation 212 'bitselect' 'tmp_425' <Predicate = (icmp_ln45_70)> <Delay = 0.00>
ST_1 : Operation 213 [1/1] (0.00ns) (grouped into LUT with out node add_ln46_70)   --->   "%or_ln46_212 = or i1 %tmp_425, i1 %icmp_ln46_141" [firmware/nnet_utils/nnet_activation.h:46]   --->   Operation 213 'or' 'or_ln46_212' <Predicate = (icmp_ln45_70)> <Delay = 0.00> <CoreInst = "LogicGate">   --->   Core 74 'LogicGate' <Latency = 0> <II = 1> <Delay = 0.12> <FuncUnit> <Opcode : 'and' 'or' 'xor'> <InPorts = 2> <OutPorts = 1>
ST_1 : Operation 214 [1/1] (0.00ns) (grouped into LUT with out node add_ln46_70)   --->   "%and_ln46_139 = and i1 %or_ln46_212, i1 %tmp_423" [firmware/nnet_utils/nnet_activation.h:46]   --->   Operation 214 'and' 'and_ln46_139' <Predicate = (icmp_ln45_70)> <Delay = 0.00> <CoreInst = "LogicGate">   --->   Core 74 'LogicGate' <Latency = 0> <II = 1> <Delay = 0.12> <FuncUnit> <Opcode : 'and' 'or' 'xor'> <InPorts = 2> <OutPorts = 1>
ST_1 : Operation 215 [1/1] (0.00ns) (grouped into LUT with out node add_ln46_70)   --->   "%zext_ln46_70 = zext i1 %and_ln46_139" [firmware/nnet_utils/nnet_activation.h:46]   --->   Operation 215 'zext' 'zext_ln46_70' <Predicate = (icmp_ln45_70)> <Delay = 0.00>
ST_1 : Operation 216 [1/1] (0.70ns) (out node of the LUT)   --->   "%add_ln46_70 = add i6 %trunc_ln46_68, i6 %zext_ln46_70" [firmware/nnet_utils/nnet_activation.h:46]   --->   Operation 216 'add' 'add_ln46_70' <Predicate = (icmp_ln45_70)> <Delay = 0.70> <CoreInst = "Adder">   --->   Core 1 'Adder' <Latency = 0> <II = 1> <Delay = 0.70> <FuncUnit> <Opcode : 'add' 'sub'> <InPorts = 2> <OutPorts = 1>
ST_1 : Operation 217 [1/1] (0.00ns)   --->   "%tmp_426 = partselect i8 @_ssdm_op_PartSelect.i8.i19.i32.i32, i19 %data_8_val_read, i32 11, i32 18" [firmware/nnet_utils/nnet_activation.h:46]   --->   Operation 217 'partselect' 'tmp_426' <Predicate = (icmp_ln45_70)> <Delay = 0.00>
ST_1 : Operation 218 [1/1] (0.70ns)   --->   "%icmp_ln46_142 = icmp_eq  i8 %tmp_426, i8 0" [firmware/nnet_utils/nnet_activation.h:46]   --->   Operation 218 'icmp' 'icmp_ln46_142' <Predicate = (icmp_ln45_70)> <Delay = 0.70> <CoreInst = "Cmp">   --->   Core 9 'Cmp' <Latency = 0> <II = 1> <Delay = 0.70> <FuncUnit> <Opcode : 'seteq' 'setne' 'setle' 'setge' 'setlt' 'setgt'> <InPorts = 2> <OutPorts = 1>
ST_1 : Operation 219 [1/1] (0.00ns) (grouped into LUT with out node empty_88)   --->   "%tmp_427 = bitselect i1 @_ssdm_op_BitSelect.i1.i6.i32, i6 %add_ln46_70, i32 5" [firmware/nnet_utils/nnet_activation.h:46]   --->   Operation 219 'bitselect' 'tmp_427' <Predicate = (icmp_ln45_70)> <Delay = 0.00>
ST_1 : Operation 220 [1/1] (0.00ns) (grouped into LUT with out node empty_88)   --->   "%not_tmp_498 = xor i1 %tmp_424, i1 1" [firmware/nnet_utils/nnet_activation.h:46]   --->   Operation 220 'xor' 'not_tmp_498' <Predicate = (icmp_ln45_70)> <Delay = 0.00> <CoreInst = "LogicGate">   --->   Core 74 'LogicGate' <Latency = 0> <II = 1> <Delay = 0.12> <FuncUnit> <Opcode : 'and' 'or' 'xor'> <InPorts = 2> <OutPorts = 1>
ST_1 : Operation 221 [1/1] (0.00ns) (grouped into LUT with out node empty_88)   --->   "%and_ln46_142 = or i1 %tmp_427, i1 %not_tmp_498" [firmware/nnet_utils/nnet_activation.h:46]   --->   Operation 221 'or' 'and_ln46_142' <Predicate = (icmp_ln45_70)> <Delay = 0.00> <CoreInst = "LogicGate">   --->   Core 74 'LogicGate' <Latency = 0> <II = 1> <Delay = 0.12> <FuncUnit> <Opcode : 'and' 'or' 'xor'> <InPorts = 2> <OutPorts = 1>
ST_1 : Operation 222 [1/1] (0.12ns) (out node of the LUT)   --->   "%empty_88 = and i1 %icmp_ln46_142, i1 %and_ln46_142" [firmware/nnet_utils/nnet_activation.h:46]   --->   Operation 222 'and' 'empty_88' <Predicate = (icmp_ln45_70)> <Delay = 0.12> <CoreInst = "LogicGate">   --->   Core 74 'LogicGate' <Latency = 0> <II = 1> <Delay = 0.12> <FuncUnit> <Opcode : 'and' 'or' 'xor'> <InPorts = 2> <OutPorts = 1>
ST_1 : Operation 223 [1/1] (0.00ns) (grouped into LUT with out node select_ln46_213)   --->   "%or_ln46_213 = or i1 %empty_88, i1 %tmp_422" [firmware/nnet_utils/nnet_activation.h:46]   --->   Operation 223 'or' 'or_ln46_213' <Predicate = (or_ln46_214 & icmp_ln45_70)> <Delay = 0.00> <CoreInst = "LogicGate">   --->   Core 74 'LogicGate' <Latency = 0> <II = 1> <Delay = 0.12> <FuncUnit> <Opcode : 'and' 'or' 'xor'> <InPorts = 2> <OutPorts = 1>
ST_1 : Operation 224 [1/1] (0.00ns) (grouped into LUT with out node res_8_0)   --->   "%xor_ln46_70 = xor i1 %empty_88, i1 1" [firmware/nnet_utils/nnet_activation.h:46]   --->   Operation 224 'xor' 'xor_ln46_70' <Predicate = (icmp_ln45_70)> <Delay = 0.00> <CoreInst = "LogicGate">   --->   Core 74 'LogicGate' <Latency = 0> <II = 1> <Delay = 0.12> <FuncUnit> <Opcode : 'and' 'or' 'xor'> <InPorts = 2> <OutPorts = 1>
ST_1 : Operation 225 [1/1] (0.00ns) (grouped into LUT with out node res_8_0)   --->   "%or_ln46_214 = or i1 %tmp_422, i1 %xor_ln46_70" [firmware/nnet_utils/nnet_activation.h:46]   --->   Operation 225 'or' 'or_ln46_214' <Predicate = (icmp_ln45_70)> <Delay = 0.00> <CoreInst = "LogicGate">   --->   Core 74 'LogicGate' <Latency = 0> <II = 1> <Delay = 0.12> <FuncUnit> <Opcode : 'and' 'or' 'xor'> <InPorts = 2> <OutPorts = 1>
ST_1 : Operation 226 [1/1] (0.00ns) (grouped into LUT with out node select_ln46_213)   --->   "%select_ln46_212 = select i1 %tmp_422, i6 0, i6 %add_ln46_70" [firmware/nnet_utils/nnet_activation.h:46]   --->   Operation 226 'select' 'select_ln46_212' <Predicate = (or_ln46_213 & or_ln46_214 & icmp_ln45_70)> <Delay = 0.00> <CoreInst = "Sel">   --->   Core 73 'Sel' <Latency = 0> <II = 1> <Delay = 0.29> <FuncUnit> <Opcode : 'select'> <InPorts = 3> <OutPorts = 1>
ST_1 : Operation 227 [1/1] (0.29ns) (out node of the LUT)   --->   "%select_ln46_213 = select i1 %or_ln46_213, i6 %select_ln46_212, i6 63" [firmware/nnet_utils/nnet_activation.h:46]   --->   Operation 227 'select' 'select_ln46_213' <Predicate = (or_ln46_214 & icmp_ln45_70)> <Delay = 0.29> <CoreInst = "Sel">   --->   Core 73 'Sel' <Latency = 0> <II = 1> <Delay = 0.29> <FuncUnit> <Opcode : 'select'> <InPorts = 3> <OutPorts = 1>
ST_1 : Operation 228 [1/1] (0.00ns) (grouped into LUT with out node res_8_0)   --->   "%select_ln46_214 = select i1 %or_ln46_214, i6 %select_ln46_213, i6 %add_ln46_70" [firmware/nnet_utils/nnet_activation.h:46]   --->   Operation 228 'select' 'select_ln46_214' <Predicate = (icmp_ln45_70)> <Delay = 0.00> <CoreInst = "Sel">   --->   Core 73 'Sel' <Latency = 0> <II = 1> <Delay = 0.29> <FuncUnit> <Opcode : 'select'> <InPorts = 3> <OutPorts = 1>
ST_1 : Operation 229 [1/1] (0.29ns) (out node of the LUT)   --->   "%res_8_0 = select i1 %icmp_ln45_70, i6 %select_ln46_214, i6 0" [firmware/nnet_utils/nnet_activation.h:45]   --->   Operation 229 'select' 'res_8_0' <Predicate = true> <Delay = 0.29> <CoreInst = "Sel">   --->   Core 73 'Sel' <Latency = 0> <II = 1> <Delay = 0.29> <FuncUnit> <Opcode : 'select'> <InPorts = 3> <OutPorts = 1>
ST_1 : Operation 230 [1/1] (0.80ns)   --->   "%icmp_ln45_71 = icmp_sgt  i19 %data_9_val_read, i19 0" [firmware/nnet_utils/nnet_activation.h:45]   --->   Operation 230 'icmp' 'icmp_ln45_71' <Predicate = true> <Delay = 0.80> <CoreInst = "Cmp">   --->   Core 9 'Cmp' <Latency = 0> <II = 1> <Delay = 0.80> <FuncUnit> <Opcode : 'seteq' 'setne' 'setle' 'setge' 'setlt' 'setgt'> <InPorts = 2> <OutPorts = 1>
ST_1 : Operation 231 [1/1] (0.00ns)   --->   "%tmp_428 = bitselect i1 @_ssdm_op_BitSelect.i1.i19.i32, i19 %data_9_val_read, i32 18" [firmware/nnet_utils/nnet_activation.h:46]   --->   Operation 231 'bitselect' 'tmp_428' <Predicate = (icmp_ln45_71)> <Delay = 0.00>
ST_1 : Operation 232 [1/1] (0.00ns) (grouped into LUT with out node add_ln46_71)   --->   "%trunc_ln46_69 = partselect i6 @_ssdm_op_PartSelect.i6.i19.i32.i32, i19 %data_9_val_read, i32 5, i32 10" [firmware/nnet_utils/nnet_activation.h:46]   --->   Operation 232 'partselect' 'trunc_ln46_69' <Predicate = (icmp_ln45_71)> <Delay = 0.00>
ST_1 : Operation 233 [1/1] (0.00ns) (grouped into LUT with out node add_ln46_71)   --->   "%tmp_429 = bitselect i1 @_ssdm_op_BitSelect.i1.i19.i32, i19 %data_9_val_read, i32 4" [firmware/nnet_utils/nnet_activation.h:46]   --->   Operation 233 'bitselect' 'tmp_429' <Predicate = (icmp_ln45_71)> <Delay = 0.00>
ST_1 : Operation 234 [1/1] (0.00ns)   --->   "%trunc_ln46_133 = trunc i19 %data_9_val_read" [firmware/nnet_utils/nnet_activation.h:46]   --->   Operation 234 'trunc' 'trunc_ln46_133' <Predicate = (icmp_ln45_71)> <Delay = 0.00>
ST_1 : Operation 235 [1/1] (0.70ns)   --->   "%icmp_ln46_143 = icmp_ne  i4 %trunc_ln46_133, i4 0" [firmware/nnet_utils/nnet_activation.h:46]   --->   Operation 235 'icmp' 'icmp_ln46_143' <Predicate = (icmp_ln45_71)> <Delay = 0.70> <CoreInst = "Cmp">   --->   Core 9 'Cmp' <Latency = 0> <II = 1> <Delay = 0.70> <FuncUnit> <Opcode : 'seteq' 'setne' 'setle' 'setge' 'setlt' 'setgt'> <InPorts = 2> <OutPorts = 1>
ST_1 : Operation 236 [1/1] (0.00ns) (grouped into LUT with out node empty_89)   --->   "%tmp_430 = bitselect i1 @_ssdm_op_BitSelect.i1.i19.i32, i19 %data_9_val_read, i32 10" [firmware/nnet_utils/nnet_activation.h:46]   --->   Operation 236 'bitselect' 'tmp_430' <Predicate = (icmp_ln45_71)> <Delay = 0.00>
ST_1 : Operation 237 [1/1] (0.00ns) (grouped into LUT with out node add_ln46_71)   --->   "%tmp_431 = bitselect i1 @_ssdm_op_BitSelect.i1.i19.i32, i19 %data_9_val_read, i32 5" [firmware/nnet_utils/nnet_activation.h:46]   --->   Operation 237 'bitselect' 'tmp_431' <Predicate = (icmp_ln45_71)> <Delay = 0.00>
ST_1 : Operation 238 [1/1] (0.00ns) (grouped into LUT with out node add_ln46_71)   --->   "%or_ln46_215 = or i1 %tmp_431, i1 %icmp_ln46_143" [firmware/nnet_utils/nnet_activation.h:46]   --->   Operation 238 'or' 'or_ln46_215' <Predicate = (icmp_ln45_71)> <Delay = 0.00> <CoreInst = "LogicGate">   --->   Core 74 'LogicGate' <Latency = 0> <II = 1> <Delay = 0.12> <FuncUnit> <Opcode : 'and' 'or' 'xor'> <InPorts = 2> <OutPorts = 1>
ST_1 : Operation 239 [1/1] (0.00ns) (grouped into LUT with out node add_ln46_71)   --->   "%and_ln46_141 = and i1 %or_ln46_215, i1 %tmp_429" [firmware/nnet_utils/nnet_activation.h:46]   --->   Operation 239 'and' 'and_ln46_141' <Predicate = (icmp_ln45_71)> <Delay = 0.00> <CoreInst = "LogicGate">   --->   Core 74 'LogicGate' <Latency = 0> <II = 1> <Delay = 0.12> <FuncUnit> <Opcode : 'and' 'or' 'xor'> <InPorts = 2> <OutPorts = 1>
ST_1 : Operation 240 [1/1] (0.00ns) (grouped into LUT with out node add_ln46_71)   --->   "%zext_ln46_71 = zext i1 %and_ln46_141" [firmware/nnet_utils/nnet_activation.h:46]   --->   Operation 240 'zext' 'zext_ln46_71' <Predicate = (icmp_ln45_71)> <Delay = 0.00>
ST_1 : Operation 241 [1/1] (0.70ns) (out node of the LUT)   --->   "%add_ln46_71 = add i6 %trunc_ln46_69, i6 %zext_ln46_71" [firmware/nnet_utils/nnet_activation.h:46]   --->   Operation 241 'add' 'add_ln46_71' <Predicate = (icmp_ln45_71)> <Delay = 0.70> <CoreInst = "Adder">   --->   Core 1 'Adder' <Latency = 0> <II = 1> <Delay = 0.70> <FuncUnit> <Opcode : 'add' 'sub'> <InPorts = 2> <OutPorts = 1>
ST_1 : Operation 242 [1/1] (0.00ns)   --->   "%tmp_432 = partselect i8 @_ssdm_op_PartSelect.i8.i19.i32.i32, i19 %data_9_val_read, i32 11, i32 18" [firmware/nnet_utils/nnet_activation.h:46]   --->   Operation 242 'partselect' 'tmp_432' <Predicate = (icmp_ln45_71)> <Delay = 0.00>
ST_1 : Operation 243 [1/1] (0.70ns)   --->   "%icmp_ln46_144 = icmp_eq  i8 %tmp_432, i8 0" [firmware/nnet_utils/nnet_activation.h:46]   --->   Operation 243 'icmp' 'icmp_ln46_144' <Predicate = (icmp_ln45_71)> <Delay = 0.70> <CoreInst = "Cmp">   --->   Core 9 'Cmp' <Latency = 0> <II = 1> <Delay = 0.70> <FuncUnit> <Opcode : 'seteq' 'setne' 'setle' 'setge' 'setlt' 'setgt'> <InPorts = 2> <OutPorts = 1>
ST_1 : Operation 244 [1/1] (0.00ns) (grouped into LUT with out node empty_89)   --->   "%tmp_433 = bitselect i1 @_ssdm_op_BitSelect.i1.i6.i32, i6 %add_ln46_71, i32 5" [firmware/nnet_utils/nnet_activation.h:46]   --->   Operation 244 'bitselect' 'tmp_433' <Predicate = (icmp_ln45_71)> <Delay = 0.00>
ST_1 : Operation 245 [1/1] (0.00ns) (grouped into LUT with out node empty_89)   --->   "%not_tmp_505 = xor i1 %tmp_430, i1 1" [firmware/nnet_utils/nnet_activation.h:46]   --->   Operation 245 'xor' 'not_tmp_505' <Predicate = (icmp_ln45_71)> <Delay = 0.00> <CoreInst = "LogicGate">   --->   Core 74 'LogicGate' <Latency = 0> <II = 1> <Delay = 0.12> <FuncUnit> <Opcode : 'and' 'or' 'xor'> <InPorts = 2> <OutPorts = 1>
ST_1 : Operation 246 [1/1] (0.00ns) (grouped into LUT with out node empty_89)   --->   "%and_ln46_144 = or i1 %tmp_433, i1 %not_tmp_505" [firmware/nnet_utils/nnet_activation.h:46]   --->   Operation 246 'or' 'and_ln46_144' <Predicate = (icmp_ln45_71)> <Delay = 0.00> <CoreInst = "LogicGate">   --->   Core 74 'LogicGate' <Latency = 0> <II = 1> <Delay = 0.12> <FuncUnit> <Opcode : 'and' 'or' 'xor'> <InPorts = 2> <OutPorts = 1>
ST_1 : Operation 247 [1/1] (0.12ns) (out node of the LUT)   --->   "%empty_89 = and i1 %icmp_ln46_144, i1 %and_ln46_144" [firmware/nnet_utils/nnet_activation.h:46]   --->   Operation 247 'and' 'empty_89' <Predicate = (icmp_ln45_71)> <Delay = 0.12> <CoreInst = "LogicGate">   --->   Core 74 'LogicGate' <Latency = 0> <II = 1> <Delay = 0.12> <FuncUnit> <Opcode : 'and' 'or' 'xor'> <InPorts = 2> <OutPorts = 1>
ST_1 : Operation 248 [1/1] (0.00ns) (grouped into LUT with out node select_ln46_216)   --->   "%or_ln46_216 = or i1 %empty_89, i1 %tmp_428" [firmware/nnet_utils/nnet_activation.h:46]   --->   Operation 248 'or' 'or_ln46_216' <Predicate = (or_ln46_217 & icmp_ln45_71)> <Delay = 0.00> <CoreInst = "LogicGate">   --->   Core 74 'LogicGate' <Latency = 0> <II = 1> <Delay = 0.12> <FuncUnit> <Opcode : 'and' 'or' 'xor'> <InPorts = 2> <OutPorts = 1>
ST_1 : Operation 249 [1/1] (0.00ns) (grouped into LUT with out node res_9_0)   --->   "%xor_ln46_71 = xor i1 %empty_89, i1 1" [firmware/nnet_utils/nnet_activation.h:46]   --->   Operation 249 'xor' 'xor_ln46_71' <Predicate = (icmp_ln45_71)> <Delay = 0.00> <CoreInst = "LogicGate">   --->   Core 74 'LogicGate' <Latency = 0> <II = 1> <Delay = 0.12> <FuncUnit> <Opcode : 'and' 'or' 'xor'> <InPorts = 2> <OutPorts = 1>
ST_1 : Operation 250 [1/1] (0.00ns) (grouped into LUT with out node res_9_0)   --->   "%or_ln46_217 = or i1 %tmp_428, i1 %xor_ln46_71" [firmware/nnet_utils/nnet_activation.h:46]   --->   Operation 250 'or' 'or_ln46_217' <Predicate = (icmp_ln45_71)> <Delay = 0.00> <CoreInst = "LogicGate">   --->   Core 74 'LogicGate' <Latency = 0> <II = 1> <Delay = 0.12> <FuncUnit> <Opcode : 'and' 'or' 'xor'> <InPorts = 2> <OutPorts = 1>
ST_1 : Operation 251 [1/1] (0.00ns) (grouped into LUT with out node select_ln46_216)   --->   "%select_ln46_215 = select i1 %tmp_428, i6 0, i6 %add_ln46_71" [firmware/nnet_utils/nnet_activation.h:46]   --->   Operation 251 'select' 'select_ln46_215' <Predicate = (or_ln46_216 & or_ln46_217 & icmp_ln45_71)> <Delay = 0.00> <CoreInst = "Sel">   --->   Core 73 'Sel' <Latency = 0> <II = 1> <Delay = 0.29> <FuncUnit> <Opcode : 'select'> <InPorts = 3> <OutPorts = 1>
ST_1 : Operation 252 [1/1] (0.29ns) (out node of the LUT)   --->   "%select_ln46_216 = select i1 %or_ln46_216, i6 %select_ln46_215, i6 63" [firmware/nnet_utils/nnet_activation.h:46]   --->   Operation 252 'select' 'select_ln46_216' <Predicate = (or_ln46_217 & icmp_ln45_71)> <Delay = 0.29> <CoreInst = "Sel">   --->   Core 73 'Sel' <Latency = 0> <II = 1> <Delay = 0.29> <FuncUnit> <Opcode : 'select'> <InPorts = 3> <OutPorts = 1>
ST_1 : Operation 253 [1/1] (0.00ns) (grouped into LUT with out node res_9_0)   --->   "%select_ln46_217 = select i1 %or_ln46_217, i6 %select_ln46_216, i6 %add_ln46_71" [firmware/nnet_utils/nnet_activation.h:46]   --->   Operation 253 'select' 'select_ln46_217' <Predicate = (icmp_ln45_71)> <Delay = 0.00> <CoreInst = "Sel">   --->   Core 73 'Sel' <Latency = 0> <II = 1> <Delay = 0.29> <FuncUnit> <Opcode : 'select'> <InPorts = 3> <OutPorts = 1>
ST_1 : Operation 254 [1/1] (0.29ns) (out node of the LUT)   --->   "%res_9_0 = select i1 %icmp_ln45_71, i6 %select_ln46_217, i6 0" [firmware/nnet_utils/nnet_activation.h:45]   --->   Operation 254 'select' 'res_9_0' <Predicate = true> <Delay = 0.29> <CoreInst = "Sel">   --->   Core 73 'Sel' <Latency = 0> <II = 1> <Delay = 0.29> <FuncUnit> <Opcode : 'select'> <InPorts = 3> <OutPorts = 1>
ST_1 : Operation 255 [1/1] (0.80ns)   --->   "%icmp_ln45_72 = icmp_sgt  i19 %data_10_val_read, i19 0" [firmware/nnet_utils/nnet_activation.h:45]   --->   Operation 255 'icmp' 'icmp_ln45_72' <Predicate = true> <Delay = 0.80> <CoreInst = "Cmp">   --->   Core 9 'Cmp' <Latency = 0> <II = 1> <Delay = 0.80> <FuncUnit> <Opcode : 'seteq' 'setne' 'setle' 'setge' 'setlt' 'setgt'> <InPorts = 2> <OutPorts = 1>
ST_1 : Operation 256 [1/1] (0.00ns)   --->   "%tmp_434 = bitselect i1 @_ssdm_op_BitSelect.i1.i19.i32, i19 %data_10_val_read, i32 18" [firmware/nnet_utils/nnet_activation.h:46]   --->   Operation 256 'bitselect' 'tmp_434' <Predicate = (icmp_ln45_72)> <Delay = 0.00>
ST_1 : Operation 257 [1/1] (0.00ns) (grouped into LUT with out node add_ln46_72)   --->   "%trunc_ln46_70 = partselect i6 @_ssdm_op_PartSelect.i6.i19.i32.i32, i19 %data_10_val_read, i32 5, i32 10" [firmware/nnet_utils/nnet_activation.h:46]   --->   Operation 257 'partselect' 'trunc_ln46_70' <Predicate = (icmp_ln45_72)> <Delay = 0.00>
ST_1 : Operation 258 [1/1] (0.00ns) (grouped into LUT with out node add_ln46_72)   --->   "%tmp_435 = bitselect i1 @_ssdm_op_BitSelect.i1.i19.i32, i19 %data_10_val_read, i32 4" [firmware/nnet_utils/nnet_activation.h:46]   --->   Operation 258 'bitselect' 'tmp_435' <Predicate = (icmp_ln45_72)> <Delay = 0.00>
ST_1 : Operation 259 [1/1] (0.00ns)   --->   "%trunc_ln46_134 = trunc i19 %data_10_val_read" [firmware/nnet_utils/nnet_activation.h:46]   --->   Operation 259 'trunc' 'trunc_ln46_134' <Predicate = (icmp_ln45_72)> <Delay = 0.00>
ST_1 : Operation 260 [1/1] (0.70ns)   --->   "%icmp_ln46_145 = icmp_ne  i4 %trunc_ln46_134, i4 0" [firmware/nnet_utils/nnet_activation.h:46]   --->   Operation 260 'icmp' 'icmp_ln46_145' <Predicate = (icmp_ln45_72)> <Delay = 0.70> <CoreInst = "Cmp">   --->   Core 9 'Cmp' <Latency = 0> <II = 1> <Delay = 0.70> <FuncUnit> <Opcode : 'seteq' 'setne' 'setle' 'setge' 'setlt' 'setgt'> <InPorts = 2> <OutPorts = 1>
ST_1 : Operation 261 [1/1] (0.00ns) (grouped into LUT with out node empty_90)   --->   "%tmp_436 = bitselect i1 @_ssdm_op_BitSelect.i1.i19.i32, i19 %data_10_val_read, i32 10" [firmware/nnet_utils/nnet_activation.h:46]   --->   Operation 261 'bitselect' 'tmp_436' <Predicate = (icmp_ln45_72)> <Delay = 0.00>
ST_1 : Operation 262 [1/1] (0.00ns) (grouped into LUT with out node add_ln46_72)   --->   "%tmp_437 = bitselect i1 @_ssdm_op_BitSelect.i1.i19.i32, i19 %data_10_val_read, i32 5" [firmware/nnet_utils/nnet_activation.h:46]   --->   Operation 262 'bitselect' 'tmp_437' <Predicate = (icmp_ln45_72)> <Delay = 0.00>
ST_1 : Operation 263 [1/1] (0.00ns) (grouped into LUT with out node add_ln46_72)   --->   "%or_ln46_218 = or i1 %tmp_437, i1 %icmp_ln46_145" [firmware/nnet_utils/nnet_activation.h:46]   --->   Operation 263 'or' 'or_ln46_218' <Predicate = (icmp_ln45_72)> <Delay = 0.00> <CoreInst = "LogicGate">   --->   Core 74 'LogicGate' <Latency = 0> <II = 1> <Delay = 0.12> <FuncUnit> <Opcode : 'and' 'or' 'xor'> <InPorts = 2> <OutPorts = 1>
ST_1 : Operation 264 [1/1] (0.00ns) (grouped into LUT with out node add_ln46_72)   --->   "%and_ln46_143 = and i1 %or_ln46_218, i1 %tmp_435" [firmware/nnet_utils/nnet_activation.h:46]   --->   Operation 264 'and' 'and_ln46_143' <Predicate = (icmp_ln45_72)> <Delay = 0.00> <CoreInst = "LogicGate">   --->   Core 74 'LogicGate' <Latency = 0> <II = 1> <Delay = 0.12> <FuncUnit> <Opcode : 'and' 'or' 'xor'> <InPorts = 2> <OutPorts = 1>
ST_1 : Operation 265 [1/1] (0.00ns) (grouped into LUT with out node add_ln46_72)   --->   "%zext_ln46_72 = zext i1 %and_ln46_143" [firmware/nnet_utils/nnet_activation.h:46]   --->   Operation 265 'zext' 'zext_ln46_72' <Predicate = (icmp_ln45_72)> <Delay = 0.00>
ST_1 : Operation 266 [1/1] (0.70ns) (out node of the LUT)   --->   "%add_ln46_72 = add i6 %trunc_ln46_70, i6 %zext_ln46_72" [firmware/nnet_utils/nnet_activation.h:46]   --->   Operation 266 'add' 'add_ln46_72' <Predicate = (icmp_ln45_72)> <Delay = 0.70> <CoreInst = "Adder">   --->   Core 1 'Adder' <Latency = 0> <II = 1> <Delay = 0.70> <FuncUnit> <Opcode : 'add' 'sub'> <InPorts = 2> <OutPorts = 1>
ST_1 : Operation 267 [1/1] (0.00ns)   --->   "%tmp_438 = partselect i8 @_ssdm_op_PartSelect.i8.i19.i32.i32, i19 %data_10_val_read, i32 11, i32 18" [firmware/nnet_utils/nnet_activation.h:46]   --->   Operation 267 'partselect' 'tmp_438' <Predicate = (icmp_ln45_72)> <Delay = 0.00>
ST_1 : Operation 268 [1/1] (0.70ns)   --->   "%icmp_ln46_146 = icmp_eq  i8 %tmp_438, i8 0" [firmware/nnet_utils/nnet_activation.h:46]   --->   Operation 268 'icmp' 'icmp_ln46_146' <Predicate = (icmp_ln45_72)> <Delay = 0.70> <CoreInst = "Cmp">   --->   Core 9 'Cmp' <Latency = 0> <II = 1> <Delay = 0.70> <FuncUnit> <Opcode : 'seteq' 'setne' 'setle' 'setge' 'setlt' 'setgt'> <InPorts = 2> <OutPorts = 1>
ST_1 : Operation 269 [1/1] (0.00ns) (grouped into LUT with out node empty_90)   --->   "%tmp_439 = bitselect i1 @_ssdm_op_BitSelect.i1.i6.i32, i6 %add_ln46_72, i32 5" [firmware/nnet_utils/nnet_activation.h:46]   --->   Operation 269 'bitselect' 'tmp_439' <Predicate = (icmp_ln45_72)> <Delay = 0.00>
ST_1 : Operation 270 [1/1] (0.00ns) (grouped into LUT with out node empty_90)   --->   "%not_tmp_512 = xor i1 %tmp_436, i1 1" [firmware/nnet_utils/nnet_activation.h:46]   --->   Operation 270 'xor' 'not_tmp_512' <Predicate = (icmp_ln45_72)> <Delay = 0.00> <CoreInst = "LogicGate">   --->   Core 74 'LogicGate' <Latency = 0> <II = 1> <Delay = 0.12> <FuncUnit> <Opcode : 'and' 'or' 'xor'> <InPorts = 2> <OutPorts = 1>
ST_1 : Operation 271 [1/1] (0.00ns) (grouped into LUT with out node empty_90)   --->   "%and_ln46_146 = or i1 %tmp_439, i1 %not_tmp_512" [firmware/nnet_utils/nnet_activation.h:46]   --->   Operation 271 'or' 'and_ln46_146' <Predicate = (icmp_ln45_72)> <Delay = 0.00> <CoreInst = "LogicGate">   --->   Core 74 'LogicGate' <Latency = 0> <II = 1> <Delay = 0.12> <FuncUnit> <Opcode : 'and' 'or' 'xor'> <InPorts = 2> <OutPorts = 1>
ST_1 : Operation 272 [1/1] (0.12ns) (out node of the LUT)   --->   "%empty_90 = and i1 %icmp_ln46_146, i1 %and_ln46_146" [firmware/nnet_utils/nnet_activation.h:46]   --->   Operation 272 'and' 'empty_90' <Predicate = (icmp_ln45_72)> <Delay = 0.12> <CoreInst = "LogicGate">   --->   Core 74 'LogicGate' <Latency = 0> <II = 1> <Delay = 0.12> <FuncUnit> <Opcode : 'and' 'or' 'xor'> <InPorts = 2> <OutPorts = 1>
ST_1 : Operation 273 [1/1] (0.00ns) (grouped into LUT with out node select_ln46_219)   --->   "%or_ln46_219 = or i1 %empty_90, i1 %tmp_434" [firmware/nnet_utils/nnet_activation.h:46]   --->   Operation 273 'or' 'or_ln46_219' <Predicate = (or_ln46_220 & icmp_ln45_72)> <Delay = 0.00> <CoreInst = "LogicGate">   --->   Core 74 'LogicGate' <Latency = 0> <II = 1> <Delay = 0.12> <FuncUnit> <Opcode : 'and' 'or' 'xor'> <InPorts = 2> <OutPorts = 1>
ST_1 : Operation 274 [1/1] (0.00ns) (grouped into LUT with out node res_10_0)   --->   "%xor_ln46_72 = xor i1 %empty_90, i1 1" [firmware/nnet_utils/nnet_activation.h:46]   --->   Operation 274 'xor' 'xor_ln46_72' <Predicate = (icmp_ln45_72)> <Delay = 0.00> <CoreInst = "LogicGate">   --->   Core 74 'LogicGate' <Latency = 0> <II = 1> <Delay = 0.12> <FuncUnit> <Opcode : 'and' 'or' 'xor'> <InPorts = 2> <OutPorts = 1>
ST_1 : Operation 275 [1/1] (0.00ns) (grouped into LUT with out node res_10_0)   --->   "%or_ln46_220 = or i1 %tmp_434, i1 %xor_ln46_72" [firmware/nnet_utils/nnet_activation.h:46]   --->   Operation 275 'or' 'or_ln46_220' <Predicate = (icmp_ln45_72)> <Delay = 0.00> <CoreInst = "LogicGate">   --->   Core 74 'LogicGate' <Latency = 0> <II = 1> <Delay = 0.12> <FuncUnit> <Opcode : 'and' 'or' 'xor'> <InPorts = 2> <OutPorts = 1>
ST_1 : Operation 276 [1/1] (0.00ns) (grouped into LUT with out node select_ln46_219)   --->   "%select_ln46_218 = select i1 %tmp_434, i6 0, i6 %add_ln46_72" [firmware/nnet_utils/nnet_activation.h:46]   --->   Operation 276 'select' 'select_ln46_218' <Predicate = (or_ln46_219 & or_ln46_220 & icmp_ln45_72)> <Delay = 0.00> <CoreInst = "Sel">   --->   Core 73 'Sel' <Latency = 0> <II = 1> <Delay = 0.29> <FuncUnit> <Opcode : 'select'> <InPorts = 3> <OutPorts = 1>
ST_1 : Operation 277 [1/1] (0.29ns) (out node of the LUT)   --->   "%select_ln46_219 = select i1 %or_ln46_219, i6 %select_ln46_218, i6 63" [firmware/nnet_utils/nnet_activation.h:46]   --->   Operation 277 'select' 'select_ln46_219' <Predicate = (or_ln46_220 & icmp_ln45_72)> <Delay = 0.29> <CoreInst = "Sel">   --->   Core 73 'Sel' <Latency = 0> <II = 1> <Delay = 0.29> <FuncUnit> <Opcode : 'select'> <InPorts = 3> <OutPorts = 1>
ST_1 : Operation 278 [1/1] (0.00ns) (grouped into LUT with out node res_10_0)   --->   "%select_ln46_220 = select i1 %or_ln46_220, i6 %select_ln46_219, i6 %add_ln46_72" [firmware/nnet_utils/nnet_activation.h:46]   --->   Operation 278 'select' 'select_ln46_220' <Predicate = (icmp_ln45_72)> <Delay = 0.00> <CoreInst = "Sel">   --->   Core 73 'Sel' <Latency = 0> <II = 1> <Delay = 0.29> <FuncUnit> <Opcode : 'select'> <InPorts = 3> <OutPorts = 1>
ST_1 : Operation 279 [1/1] (0.29ns) (out node of the LUT)   --->   "%res_10_0 = select i1 %icmp_ln45_72, i6 %select_ln46_220, i6 0" [firmware/nnet_utils/nnet_activation.h:45]   --->   Operation 279 'select' 'res_10_0' <Predicate = true> <Delay = 0.29> <CoreInst = "Sel">   --->   Core 73 'Sel' <Latency = 0> <II = 1> <Delay = 0.29> <FuncUnit> <Opcode : 'select'> <InPorts = 3> <OutPorts = 1>
ST_1 : Operation 280 [1/1] (0.80ns)   --->   "%icmp_ln45_73 = icmp_sgt  i19 %data_11_val_read, i19 0" [firmware/nnet_utils/nnet_activation.h:45]   --->   Operation 280 'icmp' 'icmp_ln45_73' <Predicate = true> <Delay = 0.80> <CoreInst = "Cmp">   --->   Core 9 'Cmp' <Latency = 0> <II = 1> <Delay = 0.80> <FuncUnit> <Opcode : 'seteq' 'setne' 'setle' 'setge' 'setlt' 'setgt'> <InPorts = 2> <OutPorts = 1>
ST_1 : Operation 281 [1/1] (0.00ns)   --->   "%tmp_440 = bitselect i1 @_ssdm_op_BitSelect.i1.i19.i32, i19 %data_11_val_read, i32 18" [firmware/nnet_utils/nnet_activation.h:46]   --->   Operation 281 'bitselect' 'tmp_440' <Predicate = (icmp_ln45_73)> <Delay = 0.00>
ST_1 : Operation 282 [1/1] (0.00ns) (grouped into LUT with out node add_ln46_73)   --->   "%trunc_ln46_71 = partselect i6 @_ssdm_op_PartSelect.i6.i19.i32.i32, i19 %data_11_val_read, i32 5, i32 10" [firmware/nnet_utils/nnet_activation.h:46]   --->   Operation 282 'partselect' 'trunc_ln46_71' <Predicate = (icmp_ln45_73)> <Delay = 0.00>
ST_1 : Operation 283 [1/1] (0.00ns) (grouped into LUT with out node add_ln46_73)   --->   "%tmp_441 = bitselect i1 @_ssdm_op_BitSelect.i1.i19.i32, i19 %data_11_val_read, i32 4" [firmware/nnet_utils/nnet_activation.h:46]   --->   Operation 283 'bitselect' 'tmp_441' <Predicate = (icmp_ln45_73)> <Delay = 0.00>
ST_1 : Operation 284 [1/1] (0.00ns)   --->   "%trunc_ln46_135 = trunc i19 %data_11_val_read" [firmware/nnet_utils/nnet_activation.h:46]   --->   Operation 284 'trunc' 'trunc_ln46_135' <Predicate = (icmp_ln45_73)> <Delay = 0.00>
ST_1 : Operation 285 [1/1] (0.70ns)   --->   "%icmp_ln46_147 = icmp_ne  i4 %trunc_ln46_135, i4 0" [firmware/nnet_utils/nnet_activation.h:46]   --->   Operation 285 'icmp' 'icmp_ln46_147' <Predicate = (icmp_ln45_73)> <Delay = 0.70> <CoreInst = "Cmp">   --->   Core 9 'Cmp' <Latency = 0> <II = 1> <Delay = 0.70> <FuncUnit> <Opcode : 'seteq' 'setne' 'setle' 'setge' 'setlt' 'setgt'> <InPorts = 2> <OutPorts = 1>
ST_1 : Operation 286 [1/1] (0.00ns) (grouped into LUT with out node empty_91)   --->   "%tmp_442 = bitselect i1 @_ssdm_op_BitSelect.i1.i19.i32, i19 %data_11_val_read, i32 10" [firmware/nnet_utils/nnet_activation.h:46]   --->   Operation 286 'bitselect' 'tmp_442' <Predicate = (icmp_ln45_73)> <Delay = 0.00>
ST_1 : Operation 287 [1/1] (0.00ns) (grouped into LUT with out node add_ln46_73)   --->   "%tmp_443 = bitselect i1 @_ssdm_op_BitSelect.i1.i19.i32, i19 %data_11_val_read, i32 5" [firmware/nnet_utils/nnet_activation.h:46]   --->   Operation 287 'bitselect' 'tmp_443' <Predicate = (icmp_ln45_73)> <Delay = 0.00>
ST_1 : Operation 288 [1/1] (0.00ns) (grouped into LUT with out node add_ln46_73)   --->   "%or_ln46_221 = or i1 %tmp_443, i1 %icmp_ln46_147" [firmware/nnet_utils/nnet_activation.h:46]   --->   Operation 288 'or' 'or_ln46_221' <Predicate = (icmp_ln45_73)> <Delay = 0.00> <CoreInst = "LogicGate">   --->   Core 74 'LogicGate' <Latency = 0> <II = 1> <Delay = 0.12> <FuncUnit> <Opcode : 'and' 'or' 'xor'> <InPorts = 2> <OutPorts = 1>
ST_1 : Operation 289 [1/1] (0.00ns) (grouped into LUT with out node add_ln46_73)   --->   "%and_ln46_145 = and i1 %or_ln46_221, i1 %tmp_441" [firmware/nnet_utils/nnet_activation.h:46]   --->   Operation 289 'and' 'and_ln46_145' <Predicate = (icmp_ln45_73)> <Delay = 0.00> <CoreInst = "LogicGate">   --->   Core 74 'LogicGate' <Latency = 0> <II = 1> <Delay = 0.12> <FuncUnit> <Opcode : 'and' 'or' 'xor'> <InPorts = 2> <OutPorts = 1>
ST_1 : Operation 290 [1/1] (0.00ns) (grouped into LUT with out node add_ln46_73)   --->   "%zext_ln46_73 = zext i1 %and_ln46_145" [firmware/nnet_utils/nnet_activation.h:46]   --->   Operation 290 'zext' 'zext_ln46_73' <Predicate = (icmp_ln45_73)> <Delay = 0.00>
ST_1 : Operation 291 [1/1] (0.70ns) (out node of the LUT)   --->   "%add_ln46_73 = add i6 %trunc_ln46_71, i6 %zext_ln46_73" [firmware/nnet_utils/nnet_activation.h:46]   --->   Operation 291 'add' 'add_ln46_73' <Predicate = (icmp_ln45_73)> <Delay = 0.70> <CoreInst = "Adder">   --->   Core 1 'Adder' <Latency = 0> <II = 1> <Delay = 0.70> <FuncUnit> <Opcode : 'add' 'sub'> <InPorts = 2> <OutPorts = 1>
ST_1 : Operation 292 [1/1] (0.00ns)   --->   "%tmp_444 = partselect i8 @_ssdm_op_PartSelect.i8.i19.i32.i32, i19 %data_11_val_read, i32 11, i32 18" [firmware/nnet_utils/nnet_activation.h:46]   --->   Operation 292 'partselect' 'tmp_444' <Predicate = (icmp_ln45_73)> <Delay = 0.00>
ST_1 : Operation 293 [1/1] (0.70ns)   --->   "%icmp_ln46_148 = icmp_eq  i8 %tmp_444, i8 0" [firmware/nnet_utils/nnet_activation.h:46]   --->   Operation 293 'icmp' 'icmp_ln46_148' <Predicate = (icmp_ln45_73)> <Delay = 0.70> <CoreInst = "Cmp">   --->   Core 9 'Cmp' <Latency = 0> <II = 1> <Delay = 0.70> <FuncUnit> <Opcode : 'seteq' 'setne' 'setle' 'setge' 'setlt' 'setgt'> <InPorts = 2> <OutPorts = 1>
ST_1 : Operation 294 [1/1] (0.00ns) (grouped into LUT with out node empty_91)   --->   "%tmp_445 = bitselect i1 @_ssdm_op_BitSelect.i1.i6.i32, i6 %add_ln46_73, i32 5" [firmware/nnet_utils/nnet_activation.h:46]   --->   Operation 294 'bitselect' 'tmp_445' <Predicate = (icmp_ln45_73)> <Delay = 0.00>
ST_1 : Operation 295 [1/1] (0.00ns) (grouped into LUT with out node empty_91)   --->   "%not_tmp_519 = xor i1 %tmp_442, i1 1" [firmware/nnet_utils/nnet_activation.h:46]   --->   Operation 295 'xor' 'not_tmp_519' <Predicate = (icmp_ln45_73)> <Delay = 0.00> <CoreInst = "LogicGate">   --->   Core 74 'LogicGate' <Latency = 0> <II = 1> <Delay = 0.12> <FuncUnit> <Opcode : 'and' 'or' 'xor'> <InPorts = 2> <OutPorts = 1>
ST_1 : Operation 296 [1/1] (0.00ns) (grouped into LUT with out node empty_91)   --->   "%and_ln46_148 = or i1 %tmp_445, i1 %not_tmp_519" [firmware/nnet_utils/nnet_activation.h:46]   --->   Operation 296 'or' 'and_ln46_148' <Predicate = (icmp_ln45_73)> <Delay = 0.00> <CoreInst = "LogicGate">   --->   Core 74 'LogicGate' <Latency = 0> <II = 1> <Delay = 0.12> <FuncUnit> <Opcode : 'and' 'or' 'xor'> <InPorts = 2> <OutPorts = 1>
ST_1 : Operation 297 [1/1] (0.12ns) (out node of the LUT)   --->   "%empty_91 = and i1 %icmp_ln46_148, i1 %and_ln46_148" [firmware/nnet_utils/nnet_activation.h:46]   --->   Operation 297 'and' 'empty_91' <Predicate = (icmp_ln45_73)> <Delay = 0.12> <CoreInst = "LogicGate">   --->   Core 74 'LogicGate' <Latency = 0> <II = 1> <Delay = 0.12> <FuncUnit> <Opcode : 'and' 'or' 'xor'> <InPorts = 2> <OutPorts = 1>
ST_1 : Operation 298 [1/1] (0.00ns) (grouped into LUT with out node select_ln46_222)   --->   "%or_ln46_222 = or i1 %empty_91, i1 %tmp_440" [firmware/nnet_utils/nnet_activation.h:46]   --->   Operation 298 'or' 'or_ln46_222' <Predicate = (or_ln46_223 & icmp_ln45_73)> <Delay = 0.00> <CoreInst = "LogicGate">   --->   Core 74 'LogicGate' <Latency = 0> <II = 1> <Delay = 0.12> <FuncUnit> <Opcode : 'and' 'or' 'xor'> <InPorts = 2> <OutPorts = 1>
ST_1 : Operation 299 [1/1] (0.00ns) (grouped into LUT with out node res_11_0)   --->   "%xor_ln46_73 = xor i1 %empty_91, i1 1" [firmware/nnet_utils/nnet_activation.h:46]   --->   Operation 299 'xor' 'xor_ln46_73' <Predicate = (icmp_ln45_73)> <Delay = 0.00> <CoreInst = "LogicGate">   --->   Core 74 'LogicGate' <Latency = 0> <II = 1> <Delay = 0.12> <FuncUnit> <Opcode : 'and' 'or' 'xor'> <InPorts = 2> <OutPorts = 1>
ST_1 : Operation 300 [1/1] (0.00ns) (grouped into LUT with out node res_11_0)   --->   "%or_ln46_223 = or i1 %tmp_440, i1 %xor_ln46_73" [firmware/nnet_utils/nnet_activation.h:46]   --->   Operation 300 'or' 'or_ln46_223' <Predicate = (icmp_ln45_73)> <Delay = 0.00> <CoreInst = "LogicGate">   --->   Core 74 'LogicGate' <Latency = 0> <II = 1> <Delay = 0.12> <FuncUnit> <Opcode : 'and' 'or' 'xor'> <InPorts = 2> <OutPorts = 1>
ST_1 : Operation 301 [1/1] (0.00ns) (grouped into LUT with out node select_ln46_222)   --->   "%select_ln46_221 = select i1 %tmp_440, i6 0, i6 %add_ln46_73" [firmware/nnet_utils/nnet_activation.h:46]   --->   Operation 301 'select' 'select_ln46_221' <Predicate = (or_ln46_222 & or_ln46_223 & icmp_ln45_73)> <Delay = 0.00> <CoreInst = "Sel">   --->   Core 73 'Sel' <Latency = 0> <II = 1> <Delay = 0.29> <FuncUnit> <Opcode : 'select'> <InPorts = 3> <OutPorts = 1>
ST_1 : Operation 302 [1/1] (0.29ns) (out node of the LUT)   --->   "%select_ln46_222 = select i1 %or_ln46_222, i6 %select_ln46_221, i6 63" [firmware/nnet_utils/nnet_activation.h:46]   --->   Operation 302 'select' 'select_ln46_222' <Predicate = (or_ln46_223 & icmp_ln45_73)> <Delay = 0.29> <CoreInst = "Sel">   --->   Core 73 'Sel' <Latency = 0> <II = 1> <Delay = 0.29> <FuncUnit> <Opcode : 'select'> <InPorts = 3> <OutPorts = 1>
ST_1 : Operation 303 [1/1] (0.00ns) (grouped into LUT with out node res_11_0)   --->   "%select_ln46_223 = select i1 %or_ln46_223, i6 %select_ln46_222, i6 %add_ln46_73" [firmware/nnet_utils/nnet_activation.h:46]   --->   Operation 303 'select' 'select_ln46_223' <Predicate = (icmp_ln45_73)> <Delay = 0.00> <CoreInst = "Sel">   --->   Core 73 'Sel' <Latency = 0> <II = 1> <Delay = 0.29> <FuncUnit> <Opcode : 'select'> <InPorts = 3> <OutPorts = 1>
ST_1 : Operation 304 [1/1] (0.29ns) (out node of the LUT)   --->   "%res_11_0 = select i1 %icmp_ln45_73, i6 %select_ln46_223, i6 0" [firmware/nnet_utils/nnet_activation.h:45]   --->   Operation 304 'select' 'res_11_0' <Predicate = true> <Delay = 0.29> <CoreInst = "Sel">   --->   Core 73 'Sel' <Latency = 0> <II = 1> <Delay = 0.29> <FuncUnit> <Opcode : 'select'> <InPorts = 3> <OutPorts = 1>
ST_1 : Operation 305 [1/1] (0.80ns)   --->   "%icmp_ln45_74 = icmp_sgt  i19 %data_13_val_read, i19 0" [firmware/nnet_utils/nnet_activation.h:45]   --->   Operation 305 'icmp' 'icmp_ln45_74' <Predicate = true> <Delay = 0.80> <CoreInst = "Cmp">   --->   Core 9 'Cmp' <Latency = 0> <II = 1> <Delay = 0.80> <FuncUnit> <Opcode : 'seteq' 'setne' 'setle' 'setge' 'setlt' 'setgt'> <InPorts = 2> <OutPorts = 1>
ST_1 : Operation 306 [1/1] (0.00ns)   --->   "%tmp_446 = bitselect i1 @_ssdm_op_BitSelect.i1.i19.i32, i19 %data_13_val_read, i32 18" [firmware/nnet_utils/nnet_activation.h:46]   --->   Operation 306 'bitselect' 'tmp_446' <Predicate = (icmp_ln45_74)> <Delay = 0.00>
ST_1 : Operation 307 [1/1] (0.00ns) (grouped into LUT with out node add_ln46_74)   --->   "%trunc_ln46_72 = partselect i6 @_ssdm_op_PartSelect.i6.i19.i32.i32, i19 %data_13_val_read, i32 5, i32 10" [firmware/nnet_utils/nnet_activation.h:46]   --->   Operation 307 'partselect' 'trunc_ln46_72' <Predicate = (icmp_ln45_74)> <Delay = 0.00>
ST_1 : Operation 308 [1/1] (0.00ns) (grouped into LUT with out node add_ln46_74)   --->   "%tmp_447 = bitselect i1 @_ssdm_op_BitSelect.i1.i19.i32, i19 %data_13_val_read, i32 4" [firmware/nnet_utils/nnet_activation.h:46]   --->   Operation 308 'bitselect' 'tmp_447' <Predicate = (icmp_ln45_74)> <Delay = 0.00>
ST_1 : Operation 309 [1/1] (0.00ns)   --->   "%trunc_ln46_136 = trunc i19 %data_13_val_read" [firmware/nnet_utils/nnet_activation.h:46]   --->   Operation 309 'trunc' 'trunc_ln46_136' <Predicate = (icmp_ln45_74)> <Delay = 0.00>
ST_1 : Operation 310 [1/1] (0.70ns)   --->   "%icmp_ln46_149 = icmp_ne  i4 %trunc_ln46_136, i4 0" [firmware/nnet_utils/nnet_activation.h:46]   --->   Operation 310 'icmp' 'icmp_ln46_149' <Predicate = (icmp_ln45_74)> <Delay = 0.70> <CoreInst = "Cmp">   --->   Core 9 'Cmp' <Latency = 0> <II = 1> <Delay = 0.70> <FuncUnit> <Opcode : 'seteq' 'setne' 'setle' 'setge' 'setlt' 'setgt'> <InPorts = 2> <OutPorts = 1>
ST_1 : Operation 311 [1/1] (0.00ns) (grouped into LUT with out node empty_92)   --->   "%tmp_448 = bitselect i1 @_ssdm_op_BitSelect.i1.i19.i32, i19 %data_13_val_read, i32 10" [firmware/nnet_utils/nnet_activation.h:46]   --->   Operation 311 'bitselect' 'tmp_448' <Predicate = (icmp_ln45_74)> <Delay = 0.00>
ST_1 : Operation 312 [1/1] (0.00ns) (grouped into LUT with out node add_ln46_74)   --->   "%tmp_449 = bitselect i1 @_ssdm_op_BitSelect.i1.i19.i32, i19 %data_13_val_read, i32 5" [firmware/nnet_utils/nnet_activation.h:46]   --->   Operation 312 'bitselect' 'tmp_449' <Predicate = (icmp_ln45_74)> <Delay = 0.00>
ST_1 : Operation 313 [1/1] (0.00ns) (grouped into LUT with out node add_ln46_74)   --->   "%or_ln46_224 = or i1 %tmp_449, i1 %icmp_ln46_149" [firmware/nnet_utils/nnet_activation.h:46]   --->   Operation 313 'or' 'or_ln46_224' <Predicate = (icmp_ln45_74)> <Delay = 0.00> <CoreInst = "LogicGate">   --->   Core 74 'LogicGate' <Latency = 0> <II = 1> <Delay = 0.12> <FuncUnit> <Opcode : 'and' 'or' 'xor'> <InPorts = 2> <OutPorts = 1>
ST_1 : Operation 314 [1/1] (0.00ns) (grouped into LUT with out node add_ln46_74)   --->   "%and_ln46_147 = and i1 %or_ln46_224, i1 %tmp_447" [firmware/nnet_utils/nnet_activation.h:46]   --->   Operation 314 'and' 'and_ln46_147' <Predicate = (icmp_ln45_74)> <Delay = 0.00> <CoreInst = "LogicGate">   --->   Core 74 'LogicGate' <Latency = 0> <II = 1> <Delay = 0.12> <FuncUnit> <Opcode : 'and' 'or' 'xor'> <InPorts = 2> <OutPorts = 1>
ST_1 : Operation 315 [1/1] (0.00ns) (grouped into LUT with out node add_ln46_74)   --->   "%zext_ln46_74 = zext i1 %and_ln46_147" [firmware/nnet_utils/nnet_activation.h:46]   --->   Operation 315 'zext' 'zext_ln46_74' <Predicate = (icmp_ln45_74)> <Delay = 0.00>
ST_1 : Operation 316 [1/1] (0.70ns) (out node of the LUT)   --->   "%add_ln46_74 = add i6 %trunc_ln46_72, i6 %zext_ln46_74" [firmware/nnet_utils/nnet_activation.h:46]   --->   Operation 316 'add' 'add_ln46_74' <Predicate = (icmp_ln45_74)> <Delay = 0.70> <CoreInst = "Adder">   --->   Core 1 'Adder' <Latency = 0> <II = 1> <Delay = 0.70> <FuncUnit> <Opcode : 'add' 'sub'> <InPorts = 2> <OutPorts = 1>
ST_1 : Operation 317 [1/1] (0.00ns)   --->   "%tmp_450 = partselect i8 @_ssdm_op_PartSelect.i8.i19.i32.i32, i19 %data_13_val_read, i32 11, i32 18" [firmware/nnet_utils/nnet_activation.h:46]   --->   Operation 317 'partselect' 'tmp_450' <Predicate = (icmp_ln45_74)> <Delay = 0.00>
ST_1 : Operation 318 [1/1] (0.70ns)   --->   "%icmp_ln46_150 = icmp_eq  i8 %tmp_450, i8 0" [firmware/nnet_utils/nnet_activation.h:46]   --->   Operation 318 'icmp' 'icmp_ln46_150' <Predicate = (icmp_ln45_74)> <Delay = 0.70> <CoreInst = "Cmp">   --->   Core 9 'Cmp' <Latency = 0> <II = 1> <Delay = 0.70> <FuncUnit> <Opcode : 'seteq' 'setne' 'setle' 'setge' 'setlt' 'setgt'> <InPorts = 2> <OutPorts = 1>
ST_1 : Operation 319 [1/1] (0.00ns) (grouped into LUT with out node empty_92)   --->   "%tmp_451 = bitselect i1 @_ssdm_op_BitSelect.i1.i6.i32, i6 %add_ln46_74, i32 5" [firmware/nnet_utils/nnet_activation.h:46]   --->   Operation 319 'bitselect' 'tmp_451' <Predicate = (icmp_ln45_74)> <Delay = 0.00>
ST_1 : Operation 320 [1/1] (0.00ns) (grouped into LUT with out node empty_92)   --->   "%not_tmp_526 = xor i1 %tmp_448, i1 1" [firmware/nnet_utils/nnet_activation.h:46]   --->   Operation 320 'xor' 'not_tmp_526' <Predicate = (icmp_ln45_74)> <Delay = 0.00> <CoreInst = "LogicGate">   --->   Core 74 'LogicGate' <Latency = 0> <II = 1> <Delay = 0.12> <FuncUnit> <Opcode : 'and' 'or' 'xor'> <InPorts = 2> <OutPorts = 1>
ST_1 : Operation 321 [1/1] (0.00ns) (grouped into LUT with out node empty_92)   --->   "%and_ln46_150 = or i1 %tmp_451, i1 %not_tmp_526" [firmware/nnet_utils/nnet_activation.h:46]   --->   Operation 321 'or' 'and_ln46_150' <Predicate = (icmp_ln45_74)> <Delay = 0.00> <CoreInst = "LogicGate">   --->   Core 74 'LogicGate' <Latency = 0> <II = 1> <Delay = 0.12> <FuncUnit> <Opcode : 'and' 'or' 'xor'> <InPorts = 2> <OutPorts = 1>
ST_1 : Operation 322 [1/1] (0.12ns) (out node of the LUT)   --->   "%empty_92 = and i1 %icmp_ln46_150, i1 %and_ln46_150" [firmware/nnet_utils/nnet_activation.h:46]   --->   Operation 322 'and' 'empty_92' <Predicate = (icmp_ln45_74)> <Delay = 0.12> <CoreInst = "LogicGate">   --->   Core 74 'LogicGate' <Latency = 0> <II = 1> <Delay = 0.12> <FuncUnit> <Opcode : 'and' 'or' 'xor'> <InPorts = 2> <OutPorts = 1>
ST_1 : Operation 323 [1/1] (0.00ns) (grouped into LUT with out node select_ln46_225)   --->   "%or_ln46_225 = or i1 %empty_92, i1 %tmp_446" [firmware/nnet_utils/nnet_activation.h:46]   --->   Operation 323 'or' 'or_ln46_225' <Predicate = (or_ln46_226 & icmp_ln45_74)> <Delay = 0.00> <CoreInst = "LogicGate">   --->   Core 74 'LogicGate' <Latency = 0> <II = 1> <Delay = 0.12> <FuncUnit> <Opcode : 'and' 'or' 'xor'> <InPorts = 2> <OutPorts = 1>
ST_1 : Operation 324 [1/1] (0.00ns) (grouped into LUT with out node res_13_0)   --->   "%xor_ln46_74 = xor i1 %empty_92, i1 1" [firmware/nnet_utils/nnet_activation.h:46]   --->   Operation 324 'xor' 'xor_ln46_74' <Predicate = (icmp_ln45_74)> <Delay = 0.00> <CoreInst = "LogicGate">   --->   Core 74 'LogicGate' <Latency = 0> <II = 1> <Delay = 0.12> <FuncUnit> <Opcode : 'and' 'or' 'xor'> <InPorts = 2> <OutPorts = 1>
ST_1 : Operation 325 [1/1] (0.00ns) (grouped into LUT with out node res_13_0)   --->   "%or_ln46_226 = or i1 %tmp_446, i1 %xor_ln46_74" [firmware/nnet_utils/nnet_activation.h:46]   --->   Operation 325 'or' 'or_ln46_226' <Predicate = (icmp_ln45_74)> <Delay = 0.00> <CoreInst = "LogicGate">   --->   Core 74 'LogicGate' <Latency = 0> <II = 1> <Delay = 0.12> <FuncUnit> <Opcode : 'and' 'or' 'xor'> <InPorts = 2> <OutPorts = 1>
ST_1 : Operation 326 [1/1] (0.00ns) (grouped into LUT with out node select_ln46_225)   --->   "%select_ln46_224 = select i1 %tmp_446, i6 0, i6 %add_ln46_74" [firmware/nnet_utils/nnet_activation.h:46]   --->   Operation 326 'select' 'select_ln46_224' <Predicate = (or_ln46_225 & or_ln46_226 & icmp_ln45_74)> <Delay = 0.00> <CoreInst = "Sel">   --->   Core 73 'Sel' <Latency = 0> <II = 1> <Delay = 0.29> <FuncUnit> <Opcode : 'select'> <InPorts = 3> <OutPorts = 1>
ST_1 : Operation 327 [1/1] (0.29ns) (out node of the LUT)   --->   "%select_ln46_225 = select i1 %or_ln46_225, i6 %select_ln46_224, i6 63" [firmware/nnet_utils/nnet_activation.h:46]   --->   Operation 327 'select' 'select_ln46_225' <Predicate = (or_ln46_226 & icmp_ln45_74)> <Delay = 0.29> <CoreInst = "Sel">   --->   Core 73 'Sel' <Latency = 0> <II = 1> <Delay = 0.29> <FuncUnit> <Opcode : 'select'> <InPorts = 3> <OutPorts = 1>
ST_1 : Operation 328 [1/1] (0.00ns) (grouped into LUT with out node res_13_0)   --->   "%select_ln46_226 = select i1 %or_ln46_226, i6 %select_ln46_225, i6 %add_ln46_74" [firmware/nnet_utils/nnet_activation.h:46]   --->   Operation 328 'select' 'select_ln46_226' <Predicate = (icmp_ln45_74)> <Delay = 0.00> <CoreInst = "Sel">   --->   Core 73 'Sel' <Latency = 0> <II = 1> <Delay = 0.29> <FuncUnit> <Opcode : 'select'> <InPorts = 3> <OutPorts = 1>
ST_1 : Operation 329 [1/1] (0.29ns) (out node of the LUT)   --->   "%res_13_0 = select i1 %icmp_ln45_74, i6 %select_ln46_226, i6 0" [firmware/nnet_utils/nnet_activation.h:45]   --->   Operation 329 'select' 'res_13_0' <Predicate = true> <Delay = 0.29> <CoreInst = "Sel">   --->   Core 73 'Sel' <Latency = 0> <II = 1> <Delay = 0.29> <FuncUnit> <Opcode : 'select'> <InPorts = 3> <OutPorts = 1>
ST_1 : Operation 330 [1/1] (0.80ns)   --->   "%icmp_ln45_75 = icmp_sgt  i19 %data_15_val_read, i19 0" [firmware/nnet_utils/nnet_activation.h:45]   --->   Operation 330 'icmp' 'icmp_ln45_75' <Predicate = true> <Delay = 0.80> <CoreInst = "Cmp">   --->   Core 9 'Cmp' <Latency = 0> <II = 1> <Delay = 0.80> <FuncUnit> <Opcode : 'seteq' 'setne' 'setle' 'setge' 'setlt' 'setgt'> <InPorts = 2> <OutPorts = 1>
ST_1 : Operation 331 [1/1] (0.00ns)   --->   "%tmp_452 = bitselect i1 @_ssdm_op_BitSelect.i1.i19.i32, i19 %data_15_val_read, i32 18" [firmware/nnet_utils/nnet_activation.h:46]   --->   Operation 331 'bitselect' 'tmp_452' <Predicate = (icmp_ln45_75)> <Delay = 0.00>
ST_1 : Operation 332 [1/1] (0.00ns) (grouped into LUT with out node add_ln46_75)   --->   "%trunc_ln46_73 = partselect i6 @_ssdm_op_PartSelect.i6.i19.i32.i32, i19 %data_15_val_read, i32 5, i32 10" [firmware/nnet_utils/nnet_activation.h:46]   --->   Operation 332 'partselect' 'trunc_ln46_73' <Predicate = (icmp_ln45_75)> <Delay = 0.00>
ST_1 : Operation 333 [1/1] (0.00ns) (grouped into LUT with out node add_ln46_75)   --->   "%tmp_453 = bitselect i1 @_ssdm_op_BitSelect.i1.i19.i32, i19 %data_15_val_read, i32 4" [firmware/nnet_utils/nnet_activation.h:46]   --->   Operation 333 'bitselect' 'tmp_453' <Predicate = (icmp_ln45_75)> <Delay = 0.00>
ST_1 : Operation 334 [1/1] (0.00ns)   --->   "%trunc_ln46_137 = trunc i19 %data_15_val_read" [firmware/nnet_utils/nnet_activation.h:46]   --->   Operation 334 'trunc' 'trunc_ln46_137' <Predicate = (icmp_ln45_75)> <Delay = 0.00>
ST_1 : Operation 335 [1/1] (0.70ns)   --->   "%icmp_ln46_151 = icmp_ne  i4 %trunc_ln46_137, i4 0" [firmware/nnet_utils/nnet_activation.h:46]   --->   Operation 335 'icmp' 'icmp_ln46_151' <Predicate = (icmp_ln45_75)> <Delay = 0.70> <CoreInst = "Cmp">   --->   Core 9 'Cmp' <Latency = 0> <II = 1> <Delay = 0.70> <FuncUnit> <Opcode : 'seteq' 'setne' 'setle' 'setge' 'setlt' 'setgt'> <InPorts = 2> <OutPorts = 1>
ST_1 : Operation 336 [1/1] (0.00ns) (grouped into LUT with out node empty_93)   --->   "%tmp_454 = bitselect i1 @_ssdm_op_BitSelect.i1.i19.i32, i19 %data_15_val_read, i32 10" [firmware/nnet_utils/nnet_activation.h:46]   --->   Operation 336 'bitselect' 'tmp_454' <Predicate = (icmp_ln45_75)> <Delay = 0.00>
ST_1 : Operation 337 [1/1] (0.00ns) (grouped into LUT with out node add_ln46_75)   --->   "%tmp_455 = bitselect i1 @_ssdm_op_BitSelect.i1.i19.i32, i19 %data_15_val_read, i32 5" [firmware/nnet_utils/nnet_activation.h:46]   --->   Operation 337 'bitselect' 'tmp_455' <Predicate = (icmp_ln45_75)> <Delay = 0.00>
ST_1 : Operation 338 [1/1] (0.00ns) (grouped into LUT with out node add_ln46_75)   --->   "%or_ln46_227 = or i1 %tmp_455, i1 %icmp_ln46_151" [firmware/nnet_utils/nnet_activation.h:46]   --->   Operation 338 'or' 'or_ln46_227' <Predicate = (icmp_ln45_75)> <Delay = 0.00> <CoreInst = "LogicGate">   --->   Core 74 'LogicGate' <Latency = 0> <II = 1> <Delay = 0.12> <FuncUnit> <Opcode : 'and' 'or' 'xor'> <InPorts = 2> <OutPorts = 1>
ST_1 : Operation 339 [1/1] (0.00ns) (grouped into LUT with out node add_ln46_75)   --->   "%and_ln46_149 = and i1 %or_ln46_227, i1 %tmp_453" [firmware/nnet_utils/nnet_activation.h:46]   --->   Operation 339 'and' 'and_ln46_149' <Predicate = (icmp_ln45_75)> <Delay = 0.00> <CoreInst = "LogicGate">   --->   Core 74 'LogicGate' <Latency = 0> <II = 1> <Delay = 0.12> <FuncUnit> <Opcode : 'and' 'or' 'xor'> <InPorts = 2> <OutPorts = 1>
ST_1 : Operation 340 [1/1] (0.00ns) (grouped into LUT with out node add_ln46_75)   --->   "%zext_ln46_75 = zext i1 %and_ln46_149" [firmware/nnet_utils/nnet_activation.h:46]   --->   Operation 340 'zext' 'zext_ln46_75' <Predicate = (icmp_ln45_75)> <Delay = 0.00>
ST_1 : Operation 341 [1/1] (0.70ns) (out node of the LUT)   --->   "%add_ln46_75 = add i6 %trunc_ln46_73, i6 %zext_ln46_75" [firmware/nnet_utils/nnet_activation.h:46]   --->   Operation 341 'add' 'add_ln46_75' <Predicate = (icmp_ln45_75)> <Delay = 0.70> <CoreInst = "Adder">   --->   Core 1 'Adder' <Latency = 0> <II = 1> <Delay = 0.70> <FuncUnit> <Opcode : 'add' 'sub'> <InPorts = 2> <OutPorts = 1>
ST_1 : Operation 342 [1/1] (0.00ns)   --->   "%tmp_456 = partselect i8 @_ssdm_op_PartSelect.i8.i19.i32.i32, i19 %data_15_val_read, i32 11, i32 18" [firmware/nnet_utils/nnet_activation.h:46]   --->   Operation 342 'partselect' 'tmp_456' <Predicate = (icmp_ln45_75)> <Delay = 0.00>
ST_1 : Operation 343 [1/1] (0.70ns)   --->   "%icmp_ln46_152 = icmp_eq  i8 %tmp_456, i8 0" [firmware/nnet_utils/nnet_activation.h:46]   --->   Operation 343 'icmp' 'icmp_ln46_152' <Predicate = (icmp_ln45_75)> <Delay = 0.70> <CoreInst = "Cmp">   --->   Core 9 'Cmp' <Latency = 0> <II = 1> <Delay = 0.70> <FuncUnit> <Opcode : 'seteq' 'setne' 'setle' 'setge' 'setlt' 'setgt'> <InPorts = 2> <OutPorts = 1>
ST_1 : Operation 344 [1/1] (0.00ns) (grouped into LUT with out node empty_93)   --->   "%tmp_457 = bitselect i1 @_ssdm_op_BitSelect.i1.i6.i32, i6 %add_ln46_75, i32 5" [firmware/nnet_utils/nnet_activation.h:46]   --->   Operation 344 'bitselect' 'tmp_457' <Predicate = (icmp_ln45_75)> <Delay = 0.00>
ST_1 : Operation 345 [1/1] (0.00ns) (grouped into LUT with out node empty_93)   --->   "%not_tmp_533 = xor i1 %tmp_454, i1 1" [firmware/nnet_utils/nnet_activation.h:46]   --->   Operation 345 'xor' 'not_tmp_533' <Predicate = (icmp_ln45_75)> <Delay = 0.00> <CoreInst = "LogicGate">   --->   Core 74 'LogicGate' <Latency = 0> <II = 1> <Delay = 0.12> <FuncUnit> <Opcode : 'and' 'or' 'xor'> <InPorts = 2> <OutPorts = 1>
ST_1 : Operation 346 [1/1] (0.00ns) (grouped into LUT with out node empty_93)   --->   "%and_ln46_152 = or i1 %tmp_457, i1 %not_tmp_533" [firmware/nnet_utils/nnet_activation.h:46]   --->   Operation 346 'or' 'and_ln46_152' <Predicate = (icmp_ln45_75)> <Delay = 0.00> <CoreInst = "LogicGate">   --->   Core 74 'LogicGate' <Latency = 0> <II = 1> <Delay = 0.12> <FuncUnit> <Opcode : 'and' 'or' 'xor'> <InPorts = 2> <OutPorts = 1>
ST_1 : Operation 347 [1/1] (0.12ns) (out node of the LUT)   --->   "%empty_93 = and i1 %icmp_ln46_152, i1 %and_ln46_152" [firmware/nnet_utils/nnet_activation.h:46]   --->   Operation 347 'and' 'empty_93' <Predicate = (icmp_ln45_75)> <Delay = 0.12> <CoreInst = "LogicGate">   --->   Core 74 'LogicGate' <Latency = 0> <II = 1> <Delay = 0.12> <FuncUnit> <Opcode : 'and' 'or' 'xor'> <InPorts = 2> <OutPorts = 1>
ST_1 : Operation 348 [1/1] (0.00ns) (grouped into LUT with out node select_ln46_228)   --->   "%or_ln46_228 = or i1 %empty_93, i1 %tmp_452" [firmware/nnet_utils/nnet_activation.h:46]   --->   Operation 348 'or' 'or_ln46_228' <Predicate = (or_ln46_229 & icmp_ln45_75)> <Delay = 0.00> <CoreInst = "LogicGate">   --->   Core 74 'LogicGate' <Latency = 0> <II = 1> <Delay = 0.12> <FuncUnit> <Opcode : 'and' 'or' 'xor'> <InPorts = 2> <OutPorts = 1>
ST_1 : Operation 349 [1/1] (0.00ns) (grouped into LUT with out node res_15_0)   --->   "%xor_ln46_75 = xor i1 %empty_93, i1 1" [firmware/nnet_utils/nnet_activation.h:46]   --->   Operation 349 'xor' 'xor_ln46_75' <Predicate = (icmp_ln45_75)> <Delay = 0.00> <CoreInst = "LogicGate">   --->   Core 74 'LogicGate' <Latency = 0> <II = 1> <Delay = 0.12> <FuncUnit> <Opcode : 'and' 'or' 'xor'> <InPorts = 2> <OutPorts = 1>
ST_1 : Operation 350 [1/1] (0.00ns) (grouped into LUT with out node res_15_0)   --->   "%or_ln46_229 = or i1 %tmp_452, i1 %xor_ln46_75" [firmware/nnet_utils/nnet_activation.h:46]   --->   Operation 350 'or' 'or_ln46_229' <Predicate = (icmp_ln45_75)> <Delay = 0.00> <CoreInst = "LogicGate">   --->   Core 74 'LogicGate' <Latency = 0> <II = 1> <Delay = 0.12> <FuncUnit> <Opcode : 'and' 'or' 'xor'> <InPorts = 2> <OutPorts = 1>
ST_1 : Operation 351 [1/1] (0.00ns) (grouped into LUT with out node select_ln46_228)   --->   "%select_ln46_227 = select i1 %tmp_452, i6 0, i6 %add_ln46_75" [firmware/nnet_utils/nnet_activation.h:46]   --->   Operation 351 'select' 'select_ln46_227' <Predicate = (or_ln46_228 & or_ln46_229 & icmp_ln45_75)> <Delay = 0.00> <CoreInst = "Sel">   --->   Core 73 'Sel' <Latency = 0> <II = 1> <Delay = 0.29> <FuncUnit> <Opcode : 'select'> <InPorts = 3> <OutPorts = 1>
ST_1 : Operation 352 [1/1] (0.29ns) (out node of the LUT)   --->   "%select_ln46_228 = select i1 %or_ln46_228, i6 %select_ln46_227, i6 63" [firmware/nnet_utils/nnet_activation.h:46]   --->   Operation 352 'select' 'select_ln46_228' <Predicate = (or_ln46_229 & icmp_ln45_75)> <Delay = 0.29> <CoreInst = "Sel">   --->   Core 73 'Sel' <Latency = 0> <II = 1> <Delay = 0.29> <FuncUnit> <Opcode : 'select'> <InPorts = 3> <OutPorts = 1>
ST_1 : Operation 353 [1/1] (0.00ns) (grouped into LUT with out node res_15_0)   --->   "%select_ln46_229 = select i1 %or_ln46_229, i6 %select_ln46_228, i6 %add_ln46_75" [firmware/nnet_utils/nnet_activation.h:46]   --->   Operation 353 'select' 'select_ln46_229' <Predicate = (icmp_ln45_75)> <Delay = 0.00> <CoreInst = "Sel">   --->   Core 73 'Sel' <Latency = 0> <II = 1> <Delay = 0.29> <FuncUnit> <Opcode : 'select'> <InPorts = 3> <OutPorts = 1>
ST_1 : Operation 354 [1/1] (0.29ns) (out node of the LUT)   --->   "%res_15_0 = select i1 %icmp_ln45_75, i6 %select_ln46_229, i6 0" [firmware/nnet_utils/nnet_activation.h:45]   --->   Operation 354 'select' 'res_15_0' <Predicate = true> <Delay = 0.29> <CoreInst = "Sel">   --->   Core 73 'Sel' <Latency = 0> <II = 1> <Delay = 0.29> <FuncUnit> <Opcode : 'select'> <InPorts = 3> <OutPorts = 1>
ST_1 : Operation 355 [1/1] (0.80ns)   --->   "%icmp_ln45_76 = icmp_sgt  i19 %data_16_val_read, i19 0" [firmware/nnet_utils/nnet_activation.h:45]   --->   Operation 355 'icmp' 'icmp_ln45_76' <Predicate = true> <Delay = 0.80> <CoreInst = "Cmp">   --->   Core 9 'Cmp' <Latency = 0> <II = 1> <Delay = 0.80> <FuncUnit> <Opcode : 'seteq' 'setne' 'setle' 'setge' 'setlt' 'setgt'> <InPorts = 2> <OutPorts = 1>
ST_1 : Operation 356 [1/1] (0.00ns)   --->   "%tmp_458 = bitselect i1 @_ssdm_op_BitSelect.i1.i19.i32, i19 %data_16_val_read, i32 18" [firmware/nnet_utils/nnet_activation.h:46]   --->   Operation 356 'bitselect' 'tmp_458' <Predicate = (icmp_ln45_76)> <Delay = 0.00>
ST_1 : Operation 357 [1/1] (0.00ns) (grouped into LUT with out node add_ln46_76)   --->   "%trunc_ln46_74 = partselect i6 @_ssdm_op_PartSelect.i6.i19.i32.i32, i19 %data_16_val_read, i32 5, i32 10" [firmware/nnet_utils/nnet_activation.h:46]   --->   Operation 357 'partselect' 'trunc_ln46_74' <Predicate = (icmp_ln45_76)> <Delay = 0.00>
ST_1 : Operation 358 [1/1] (0.00ns) (grouped into LUT with out node add_ln46_76)   --->   "%tmp_459 = bitselect i1 @_ssdm_op_BitSelect.i1.i19.i32, i19 %data_16_val_read, i32 4" [firmware/nnet_utils/nnet_activation.h:46]   --->   Operation 358 'bitselect' 'tmp_459' <Predicate = (icmp_ln45_76)> <Delay = 0.00>
ST_1 : Operation 359 [1/1] (0.00ns)   --->   "%trunc_ln46_138 = trunc i19 %data_16_val_read" [firmware/nnet_utils/nnet_activation.h:46]   --->   Operation 359 'trunc' 'trunc_ln46_138' <Predicate = (icmp_ln45_76)> <Delay = 0.00>
ST_1 : Operation 360 [1/1] (0.70ns)   --->   "%icmp_ln46_153 = icmp_ne  i4 %trunc_ln46_138, i4 0" [firmware/nnet_utils/nnet_activation.h:46]   --->   Operation 360 'icmp' 'icmp_ln46_153' <Predicate = (icmp_ln45_76)> <Delay = 0.70> <CoreInst = "Cmp">   --->   Core 9 'Cmp' <Latency = 0> <II = 1> <Delay = 0.70> <FuncUnit> <Opcode : 'seteq' 'setne' 'setle' 'setge' 'setlt' 'setgt'> <InPorts = 2> <OutPorts = 1>
ST_1 : Operation 361 [1/1] (0.00ns) (grouped into LUT with out node empty_94)   --->   "%tmp_460 = bitselect i1 @_ssdm_op_BitSelect.i1.i19.i32, i19 %data_16_val_read, i32 10" [firmware/nnet_utils/nnet_activation.h:46]   --->   Operation 361 'bitselect' 'tmp_460' <Predicate = (icmp_ln45_76)> <Delay = 0.00>
ST_1 : Operation 362 [1/1] (0.00ns) (grouped into LUT with out node add_ln46_76)   --->   "%tmp_461 = bitselect i1 @_ssdm_op_BitSelect.i1.i19.i32, i19 %data_16_val_read, i32 5" [firmware/nnet_utils/nnet_activation.h:46]   --->   Operation 362 'bitselect' 'tmp_461' <Predicate = (icmp_ln45_76)> <Delay = 0.00>
ST_1 : Operation 363 [1/1] (0.00ns) (grouped into LUT with out node add_ln46_76)   --->   "%or_ln46_230 = or i1 %tmp_461, i1 %icmp_ln46_153" [firmware/nnet_utils/nnet_activation.h:46]   --->   Operation 363 'or' 'or_ln46_230' <Predicate = (icmp_ln45_76)> <Delay = 0.00> <CoreInst = "LogicGate">   --->   Core 74 'LogicGate' <Latency = 0> <II = 1> <Delay = 0.12> <FuncUnit> <Opcode : 'and' 'or' 'xor'> <InPorts = 2> <OutPorts = 1>
ST_1 : Operation 364 [1/1] (0.00ns) (grouped into LUT with out node add_ln46_76)   --->   "%and_ln46_151 = and i1 %or_ln46_230, i1 %tmp_459" [firmware/nnet_utils/nnet_activation.h:46]   --->   Operation 364 'and' 'and_ln46_151' <Predicate = (icmp_ln45_76)> <Delay = 0.00> <CoreInst = "LogicGate">   --->   Core 74 'LogicGate' <Latency = 0> <II = 1> <Delay = 0.12> <FuncUnit> <Opcode : 'and' 'or' 'xor'> <InPorts = 2> <OutPorts = 1>
ST_1 : Operation 365 [1/1] (0.00ns) (grouped into LUT with out node add_ln46_76)   --->   "%zext_ln46_76 = zext i1 %and_ln46_151" [firmware/nnet_utils/nnet_activation.h:46]   --->   Operation 365 'zext' 'zext_ln46_76' <Predicate = (icmp_ln45_76)> <Delay = 0.00>
ST_1 : Operation 366 [1/1] (0.70ns) (out node of the LUT)   --->   "%add_ln46_76 = add i6 %trunc_ln46_74, i6 %zext_ln46_76" [firmware/nnet_utils/nnet_activation.h:46]   --->   Operation 366 'add' 'add_ln46_76' <Predicate = (icmp_ln45_76)> <Delay = 0.70> <CoreInst = "Adder">   --->   Core 1 'Adder' <Latency = 0> <II = 1> <Delay = 0.70> <FuncUnit> <Opcode : 'add' 'sub'> <InPorts = 2> <OutPorts = 1>
ST_1 : Operation 367 [1/1] (0.00ns)   --->   "%tmp_462 = partselect i8 @_ssdm_op_PartSelect.i8.i19.i32.i32, i19 %data_16_val_read, i32 11, i32 18" [firmware/nnet_utils/nnet_activation.h:46]   --->   Operation 367 'partselect' 'tmp_462' <Predicate = (icmp_ln45_76)> <Delay = 0.00>
ST_1 : Operation 368 [1/1] (0.70ns)   --->   "%icmp_ln46_154 = icmp_eq  i8 %tmp_462, i8 0" [firmware/nnet_utils/nnet_activation.h:46]   --->   Operation 368 'icmp' 'icmp_ln46_154' <Predicate = (icmp_ln45_76)> <Delay = 0.70> <CoreInst = "Cmp">   --->   Core 9 'Cmp' <Latency = 0> <II = 1> <Delay = 0.70> <FuncUnit> <Opcode : 'seteq' 'setne' 'setle' 'setge' 'setlt' 'setgt'> <InPorts = 2> <OutPorts = 1>
ST_1 : Operation 369 [1/1] (0.00ns) (grouped into LUT with out node empty_94)   --->   "%tmp_463 = bitselect i1 @_ssdm_op_BitSelect.i1.i6.i32, i6 %add_ln46_76, i32 5" [firmware/nnet_utils/nnet_activation.h:46]   --->   Operation 369 'bitselect' 'tmp_463' <Predicate = (icmp_ln45_76)> <Delay = 0.00>
ST_1 : Operation 370 [1/1] (0.00ns) (grouped into LUT with out node empty_94)   --->   "%not_tmp_540 = xor i1 %tmp_460, i1 1" [firmware/nnet_utils/nnet_activation.h:46]   --->   Operation 370 'xor' 'not_tmp_540' <Predicate = (icmp_ln45_76)> <Delay = 0.00> <CoreInst = "LogicGate">   --->   Core 74 'LogicGate' <Latency = 0> <II = 1> <Delay = 0.12> <FuncUnit> <Opcode : 'and' 'or' 'xor'> <InPorts = 2> <OutPorts = 1>
ST_1 : Operation 371 [1/1] (0.00ns) (grouped into LUT with out node empty_94)   --->   "%and_ln46_154 = or i1 %tmp_463, i1 %not_tmp_540" [firmware/nnet_utils/nnet_activation.h:46]   --->   Operation 371 'or' 'and_ln46_154' <Predicate = (icmp_ln45_76)> <Delay = 0.00> <CoreInst = "LogicGate">   --->   Core 74 'LogicGate' <Latency = 0> <II = 1> <Delay = 0.12> <FuncUnit> <Opcode : 'and' 'or' 'xor'> <InPorts = 2> <OutPorts = 1>
ST_1 : Operation 372 [1/1] (0.12ns) (out node of the LUT)   --->   "%empty_94 = and i1 %icmp_ln46_154, i1 %and_ln46_154" [firmware/nnet_utils/nnet_activation.h:46]   --->   Operation 372 'and' 'empty_94' <Predicate = (icmp_ln45_76)> <Delay = 0.12> <CoreInst = "LogicGate">   --->   Core 74 'LogicGate' <Latency = 0> <II = 1> <Delay = 0.12> <FuncUnit> <Opcode : 'and' 'or' 'xor'> <InPorts = 2> <OutPorts = 1>
ST_1 : Operation 373 [1/1] (0.00ns) (grouped into LUT with out node select_ln46_231)   --->   "%or_ln46_231 = or i1 %empty_94, i1 %tmp_458" [firmware/nnet_utils/nnet_activation.h:46]   --->   Operation 373 'or' 'or_ln46_231' <Predicate = (or_ln46_232 & icmp_ln45_76)> <Delay = 0.00> <CoreInst = "LogicGate">   --->   Core 74 'LogicGate' <Latency = 0> <II = 1> <Delay = 0.12> <FuncUnit> <Opcode : 'and' 'or' 'xor'> <InPorts = 2> <OutPorts = 1>
ST_1 : Operation 374 [1/1] (0.00ns) (grouped into LUT with out node res_16_0)   --->   "%xor_ln46_76 = xor i1 %empty_94, i1 1" [firmware/nnet_utils/nnet_activation.h:46]   --->   Operation 374 'xor' 'xor_ln46_76' <Predicate = (icmp_ln45_76)> <Delay = 0.00> <CoreInst = "LogicGate">   --->   Core 74 'LogicGate' <Latency = 0> <II = 1> <Delay = 0.12> <FuncUnit> <Opcode : 'and' 'or' 'xor'> <InPorts = 2> <OutPorts = 1>
ST_1 : Operation 375 [1/1] (0.00ns) (grouped into LUT with out node res_16_0)   --->   "%or_ln46_232 = or i1 %tmp_458, i1 %xor_ln46_76" [firmware/nnet_utils/nnet_activation.h:46]   --->   Operation 375 'or' 'or_ln46_232' <Predicate = (icmp_ln45_76)> <Delay = 0.00> <CoreInst = "LogicGate">   --->   Core 74 'LogicGate' <Latency = 0> <II = 1> <Delay = 0.12> <FuncUnit> <Opcode : 'and' 'or' 'xor'> <InPorts = 2> <OutPorts = 1>
ST_1 : Operation 376 [1/1] (0.00ns) (grouped into LUT with out node select_ln46_231)   --->   "%select_ln46_230 = select i1 %tmp_458, i6 0, i6 %add_ln46_76" [firmware/nnet_utils/nnet_activation.h:46]   --->   Operation 376 'select' 'select_ln46_230' <Predicate = (or_ln46_231 & or_ln46_232 & icmp_ln45_76)> <Delay = 0.00> <CoreInst = "Sel">   --->   Core 73 'Sel' <Latency = 0> <II = 1> <Delay = 0.29> <FuncUnit> <Opcode : 'select'> <InPorts = 3> <OutPorts = 1>
ST_1 : Operation 377 [1/1] (0.29ns) (out node of the LUT)   --->   "%select_ln46_231 = select i1 %or_ln46_231, i6 %select_ln46_230, i6 63" [firmware/nnet_utils/nnet_activation.h:46]   --->   Operation 377 'select' 'select_ln46_231' <Predicate = (or_ln46_232 & icmp_ln45_76)> <Delay = 0.29> <CoreInst = "Sel">   --->   Core 73 'Sel' <Latency = 0> <II = 1> <Delay = 0.29> <FuncUnit> <Opcode : 'select'> <InPorts = 3> <OutPorts = 1>
ST_1 : Operation 378 [1/1] (0.00ns) (grouped into LUT with out node res_16_0)   --->   "%select_ln46_232 = select i1 %or_ln46_232, i6 %select_ln46_231, i6 %add_ln46_76" [firmware/nnet_utils/nnet_activation.h:46]   --->   Operation 378 'select' 'select_ln46_232' <Predicate = (icmp_ln45_76)> <Delay = 0.00> <CoreInst = "Sel">   --->   Core 73 'Sel' <Latency = 0> <II = 1> <Delay = 0.29> <FuncUnit> <Opcode : 'select'> <InPorts = 3> <OutPorts = 1>
ST_1 : Operation 379 [1/1] (0.29ns) (out node of the LUT)   --->   "%res_16_0 = select i1 %icmp_ln45_76, i6 %select_ln46_232, i6 0" [firmware/nnet_utils/nnet_activation.h:45]   --->   Operation 379 'select' 'res_16_0' <Predicate = true> <Delay = 0.29> <CoreInst = "Sel">   --->   Core 73 'Sel' <Latency = 0> <II = 1> <Delay = 0.29> <FuncUnit> <Opcode : 'select'> <InPorts = 3> <OutPorts = 1>
ST_1 : Operation 380 [1/1] (0.80ns)   --->   "%icmp_ln45_77 = icmp_sgt  i19 %data_17_val_read, i19 0" [firmware/nnet_utils/nnet_activation.h:45]   --->   Operation 380 'icmp' 'icmp_ln45_77' <Predicate = true> <Delay = 0.80> <CoreInst = "Cmp">   --->   Core 9 'Cmp' <Latency = 0> <II = 1> <Delay = 0.80> <FuncUnit> <Opcode : 'seteq' 'setne' 'setle' 'setge' 'setlt' 'setgt'> <InPorts = 2> <OutPorts = 1>
ST_1 : Operation 381 [1/1] (0.00ns)   --->   "%tmp_464 = bitselect i1 @_ssdm_op_BitSelect.i1.i19.i32, i19 %data_17_val_read, i32 18" [firmware/nnet_utils/nnet_activation.h:46]   --->   Operation 381 'bitselect' 'tmp_464' <Predicate = (icmp_ln45_77)> <Delay = 0.00>
ST_1 : Operation 382 [1/1] (0.00ns) (grouped into LUT with out node add_ln46_77)   --->   "%trunc_ln46_75 = partselect i6 @_ssdm_op_PartSelect.i6.i19.i32.i32, i19 %data_17_val_read, i32 5, i32 10" [firmware/nnet_utils/nnet_activation.h:46]   --->   Operation 382 'partselect' 'trunc_ln46_75' <Predicate = (icmp_ln45_77)> <Delay = 0.00>
ST_1 : Operation 383 [1/1] (0.00ns) (grouped into LUT with out node add_ln46_77)   --->   "%tmp_465 = bitselect i1 @_ssdm_op_BitSelect.i1.i19.i32, i19 %data_17_val_read, i32 4" [firmware/nnet_utils/nnet_activation.h:46]   --->   Operation 383 'bitselect' 'tmp_465' <Predicate = (icmp_ln45_77)> <Delay = 0.00>
ST_1 : Operation 384 [1/1] (0.00ns)   --->   "%trunc_ln46_139 = trunc i19 %data_17_val_read" [firmware/nnet_utils/nnet_activation.h:46]   --->   Operation 384 'trunc' 'trunc_ln46_139' <Predicate = (icmp_ln45_77)> <Delay = 0.00>
ST_1 : Operation 385 [1/1] (0.70ns)   --->   "%icmp_ln46_155 = icmp_ne  i4 %trunc_ln46_139, i4 0" [firmware/nnet_utils/nnet_activation.h:46]   --->   Operation 385 'icmp' 'icmp_ln46_155' <Predicate = (icmp_ln45_77)> <Delay = 0.70> <CoreInst = "Cmp">   --->   Core 9 'Cmp' <Latency = 0> <II = 1> <Delay = 0.70> <FuncUnit> <Opcode : 'seteq' 'setne' 'setle' 'setge' 'setlt' 'setgt'> <InPorts = 2> <OutPorts = 1>
ST_1 : Operation 386 [1/1] (0.00ns) (grouped into LUT with out node empty_95)   --->   "%tmp_466 = bitselect i1 @_ssdm_op_BitSelect.i1.i19.i32, i19 %data_17_val_read, i32 10" [firmware/nnet_utils/nnet_activation.h:46]   --->   Operation 386 'bitselect' 'tmp_466' <Predicate = (icmp_ln45_77)> <Delay = 0.00>
ST_1 : Operation 387 [1/1] (0.00ns) (grouped into LUT with out node add_ln46_77)   --->   "%tmp_467 = bitselect i1 @_ssdm_op_BitSelect.i1.i19.i32, i19 %data_17_val_read, i32 5" [firmware/nnet_utils/nnet_activation.h:46]   --->   Operation 387 'bitselect' 'tmp_467' <Predicate = (icmp_ln45_77)> <Delay = 0.00>
ST_1 : Operation 388 [1/1] (0.00ns) (grouped into LUT with out node add_ln46_77)   --->   "%or_ln46_233 = or i1 %tmp_467, i1 %icmp_ln46_155" [firmware/nnet_utils/nnet_activation.h:46]   --->   Operation 388 'or' 'or_ln46_233' <Predicate = (icmp_ln45_77)> <Delay = 0.00> <CoreInst = "LogicGate">   --->   Core 74 'LogicGate' <Latency = 0> <II = 1> <Delay = 0.12> <FuncUnit> <Opcode : 'and' 'or' 'xor'> <InPorts = 2> <OutPorts = 1>
ST_1 : Operation 389 [1/1] (0.00ns) (grouped into LUT with out node add_ln46_77)   --->   "%and_ln46_153 = and i1 %or_ln46_233, i1 %tmp_465" [firmware/nnet_utils/nnet_activation.h:46]   --->   Operation 389 'and' 'and_ln46_153' <Predicate = (icmp_ln45_77)> <Delay = 0.00> <CoreInst = "LogicGate">   --->   Core 74 'LogicGate' <Latency = 0> <II = 1> <Delay = 0.12> <FuncUnit> <Opcode : 'and' 'or' 'xor'> <InPorts = 2> <OutPorts = 1>
ST_1 : Operation 390 [1/1] (0.00ns) (grouped into LUT with out node add_ln46_77)   --->   "%zext_ln46_77 = zext i1 %and_ln46_153" [firmware/nnet_utils/nnet_activation.h:46]   --->   Operation 390 'zext' 'zext_ln46_77' <Predicate = (icmp_ln45_77)> <Delay = 0.00>
ST_1 : Operation 391 [1/1] (0.70ns) (out node of the LUT)   --->   "%add_ln46_77 = add i6 %trunc_ln46_75, i6 %zext_ln46_77" [firmware/nnet_utils/nnet_activation.h:46]   --->   Operation 391 'add' 'add_ln46_77' <Predicate = (icmp_ln45_77)> <Delay = 0.70> <CoreInst = "Adder">   --->   Core 1 'Adder' <Latency = 0> <II = 1> <Delay = 0.70> <FuncUnit> <Opcode : 'add' 'sub'> <InPorts = 2> <OutPorts = 1>
ST_1 : Operation 392 [1/1] (0.00ns)   --->   "%tmp_468 = partselect i8 @_ssdm_op_PartSelect.i8.i19.i32.i32, i19 %data_17_val_read, i32 11, i32 18" [firmware/nnet_utils/nnet_activation.h:46]   --->   Operation 392 'partselect' 'tmp_468' <Predicate = (icmp_ln45_77)> <Delay = 0.00>
ST_1 : Operation 393 [1/1] (0.70ns)   --->   "%icmp_ln46_156 = icmp_eq  i8 %tmp_468, i8 0" [firmware/nnet_utils/nnet_activation.h:46]   --->   Operation 393 'icmp' 'icmp_ln46_156' <Predicate = (icmp_ln45_77)> <Delay = 0.70> <CoreInst = "Cmp">   --->   Core 9 'Cmp' <Latency = 0> <II = 1> <Delay = 0.70> <FuncUnit> <Opcode : 'seteq' 'setne' 'setle' 'setge' 'setlt' 'setgt'> <InPorts = 2> <OutPorts = 1>
ST_1 : Operation 394 [1/1] (0.00ns) (grouped into LUT with out node empty_95)   --->   "%tmp_469 = bitselect i1 @_ssdm_op_BitSelect.i1.i6.i32, i6 %add_ln46_77, i32 5" [firmware/nnet_utils/nnet_activation.h:46]   --->   Operation 394 'bitselect' 'tmp_469' <Predicate = (icmp_ln45_77)> <Delay = 0.00>
ST_1 : Operation 395 [1/1] (0.00ns) (grouped into LUT with out node empty_95)   --->   "%not_tmp_547 = xor i1 %tmp_466, i1 1" [firmware/nnet_utils/nnet_activation.h:46]   --->   Operation 395 'xor' 'not_tmp_547' <Predicate = (icmp_ln45_77)> <Delay = 0.00> <CoreInst = "LogicGate">   --->   Core 74 'LogicGate' <Latency = 0> <II = 1> <Delay = 0.12> <FuncUnit> <Opcode : 'and' 'or' 'xor'> <InPorts = 2> <OutPorts = 1>
ST_1 : Operation 396 [1/1] (0.00ns) (grouped into LUT with out node empty_95)   --->   "%and_ln46_156 = or i1 %tmp_469, i1 %not_tmp_547" [firmware/nnet_utils/nnet_activation.h:46]   --->   Operation 396 'or' 'and_ln46_156' <Predicate = (icmp_ln45_77)> <Delay = 0.00> <CoreInst = "LogicGate">   --->   Core 74 'LogicGate' <Latency = 0> <II = 1> <Delay = 0.12> <FuncUnit> <Opcode : 'and' 'or' 'xor'> <InPorts = 2> <OutPorts = 1>
ST_1 : Operation 397 [1/1] (0.12ns) (out node of the LUT)   --->   "%empty_95 = and i1 %icmp_ln46_156, i1 %and_ln46_156" [firmware/nnet_utils/nnet_activation.h:46]   --->   Operation 397 'and' 'empty_95' <Predicate = (icmp_ln45_77)> <Delay = 0.12> <CoreInst = "LogicGate">   --->   Core 74 'LogicGate' <Latency = 0> <II = 1> <Delay = 0.12> <FuncUnit> <Opcode : 'and' 'or' 'xor'> <InPorts = 2> <OutPorts = 1>
ST_1 : Operation 398 [1/1] (0.00ns) (grouped into LUT with out node select_ln46_234)   --->   "%or_ln46_234 = or i1 %empty_95, i1 %tmp_464" [firmware/nnet_utils/nnet_activation.h:46]   --->   Operation 398 'or' 'or_ln46_234' <Predicate = (or_ln46_235 & icmp_ln45_77)> <Delay = 0.00> <CoreInst = "LogicGate">   --->   Core 74 'LogicGate' <Latency = 0> <II = 1> <Delay = 0.12> <FuncUnit> <Opcode : 'and' 'or' 'xor'> <InPorts = 2> <OutPorts = 1>
ST_1 : Operation 399 [1/1] (0.00ns) (grouped into LUT with out node res_17_0)   --->   "%xor_ln46_77 = xor i1 %empty_95, i1 1" [firmware/nnet_utils/nnet_activation.h:46]   --->   Operation 399 'xor' 'xor_ln46_77' <Predicate = (icmp_ln45_77)> <Delay = 0.00> <CoreInst = "LogicGate">   --->   Core 74 'LogicGate' <Latency = 0> <II = 1> <Delay = 0.12> <FuncUnit> <Opcode : 'and' 'or' 'xor'> <InPorts = 2> <OutPorts = 1>
ST_1 : Operation 400 [1/1] (0.00ns) (grouped into LUT with out node res_17_0)   --->   "%or_ln46_235 = or i1 %tmp_464, i1 %xor_ln46_77" [firmware/nnet_utils/nnet_activation.h:46]   --->   Operation 400 'or' 'or_ln46_235' <Predicate = (icmp_ln45_77)> <Delay = 0.00> <CoreInst = "LogicGate">   --->   Core 74 'LogicGate' <Latency = 0> <II = 1> <Delay = 0.12> <FuncUnit> <Opcode : 'and' 'or' 'xor'> <InPorts = 2> <OutPorts = 1>
ST_1 : Operation 401 [1/1] (0.00ns) (grouped into LUT with out node select_ln46_234)   --->   "%select_ln46_233 = select i1 %tmp_464, i6 0, i6 %add_ln46_77" [firmware/nnet_utils/nnet_activation.h:46]   --->   Operation 401 'select' 'select_ln46_233' <Predicate = (or_ln46_234 & or_ln46_235 & icmp_ln45_77)> <Delay = 0.00> <CoreInst = "Sel">   --->   Core 73 'Sel' <Latency = 0> <II = 1> <Delay = 0.29> <FuncUnit> <Opcode : 'select'> <InPorts = 3> <OutPorts = 1>
ST_1 : Operation 402 [1/1] (0.29ns) (out node of the LUT)   --->   "%select_ln46_234 = select i1 %or_ln46_234, i6 %select_ln46_233, i6 63" [firmware/nnet_utils/nnet_activation.h:46]   --->   Operation 402 'select' 'select_ln46_234' <Predicate = (or_ln46_235 & icmp_ln45_77)> <Delay = 0.29> <CoreInst = "Sel">   --->   Core 73 'Sel' <Latency = 0> <II = 1> <Delay = 0.29> <FuncUnit> <Opcode : 'select'> <InPorts = 3> <OutPorts = 1>
ST_1 : Operation 403 [1/1] (0.00ns) (grouped into LUT with out node res_17_0)   --->   "%select_ln46_235 = select i1 %or_ln46_235, i6 %select_ln46_234, i6 %add_ln46_77" [firmware/nnet_utils/nnet_activation.h:46]   --->   Operation 403 'select' 'select_ln46_235' <Predicate = (icmp_ln45_77)> <Delay = 0.00> <CoreInst = "Sel">   --->   Core 73 'Sel' <Latency = 0> <II = 1> <Delay = 0.29> <FuncUnit> <Opcode : 'select'> <InPorts = 3> <OutPorts = 1>
ST_1 : Operation 404 [1/1] (0.29ns) (out node of the LUT)   --->   "%res_17_0 = select i1 %icmp_ln45_77, i6 %select_ln46_235, i6 0" [firmware/nnet_utils/nnet_activation.h:45]   --->   Operation 404 'select' 'res_17_0' <Predicate = true> <Delay = 0.29> <CoreInst = "Sel">   --->   Core 73 'Sel' <Latency = 0> <II = 1> <Delay = 0.29> <FuncUnit> <Opcode : 'select'> <InPorts = 3> <OutPorts = 1>
ST_1 : Operation 405 [1/1] (0.80ns)   --->   "%icmp_ln45_78 = icmp_sgt  i19 %data_18_val_read, i19 0" [firmware/nnet_utils/nnet_activation.h:45]   --->   Operation 405 'icmp' 'icmp_ln45_78' <Predicate = true> <Delay = 0.80> <CoreInst = "Cmp">   --->   Core 9 'Cmp' <Latency = 0> <II = 1> <Delay = 0.80> <FuncUnit> <Opcode : 'seteq' 'setne' 'setle' 'setge' 'setlt' 'setgt'> <InPorts = 2> <OutPorts = 1>
ST_1 : Operation 406 [1/1] (0.00ns)   --->   "%tmp_470 = bitselect i1 @_ssdm_op_BitSelect.i1.i19.i32, i19 %data_18_val_read, i32 18" [firmware/nnet_utils/nnet_activation.h:46]   --->   Operation 406 'bitselect' 'tmp_470' <Predicate = (icmp_ln45_78)> <Delay = 0.00>
ST_1 : Operation 407 [1/1] (0.00ns) (grouped into LUT with out node add_ln46_78)   --->   "%trunc_ln46_76 = partselect i6 @_ssdm_op_PartSelect.i6.i19.i32.i32, i19 %data_18_val_read, i32 5, i32 10" [firmware/nnet_utils/nnet_activation.h:46]   --->   Operation 407 'partselect' 'trunc_ln46_76' <Predicate = (icmp_ln45_78)> <Delay = 0.00>
ST_1 : Operation 408 [1/1] (0.00ns) (grouped into LUT with out node add_ln46_78)   --->   "%tmp_471 = bitselect i1 @_ssdm_op_BitSelect.i1.i19.i32, i19 %data_18_val_read, i32 4" [firmware/nnet_utils/nnet_activation.h:46]   --->   Operation 408 'bitselect' 'tmp_471' <Predicate = (icmp_ln45_78)> <Delay = 0.00>
ST_1 : Operation 409 [1/1] (0.00ns)   --->   "%trunc_ln46_140 = trunc i19 %data_18_val_read" [firmware/nnet_utils/nnet_activation.h:46]   --->   Operation 409 'trunc' 'trunc_ln46_140' <Predicate = (icmp_ln45_78)> <Delay = 0.00>
ST_1 : Operation 410 [1/1] (0.70ns)   --->   "%icmp_ln46_157 = icmp_ne  i4 %trunc_ln46_140, i4 0" [firmware/nnet_utils/nnet_activation.h:46]   --->   Operation 410 'icmp' 'icmp_ln46_157' <Predicate = (icmp_ln45_78)> <Delay = 0.70> <CoreInst = "Cmp">   --->   Core 9 'Cmp' <Latency = 0> <II = 1> <Delay = 0.70> <FuncUnit> <Opcode : 'seteq' 'setne' 'setle' 'setge' 'setlt' 'setgt'> <InPorts = 2> <OutPorts = 1>
ST_1 : Operation 411 [1/1] (0.00ns) (grouped into LUT with out node empty_96)   --->   "%tmp_472 = bitselect i1 @_ssdm_op_BitSelect.i1.i19.i32, i19 %data_18_val_read, i32 10" [firmware/nnet_utils/nnet_activation.h:46]   --->   Operation 411 'bitselect' 'tmp_472' <Predicate = (icmp_ln45_78)> <Delay = 0.00>
ST_1 : Operation 412 [1/1] (0.00ns) (grouped into LUT with out node add_ln46_78)   --->   "%tmp_473 = bitselect i1 @_ssdm_op_BitSelect.i1.i19.i32, i19 %data_18_val_read, i32 5" [firmware/nnet_utils/nnet_activation.h:46]   --->   Operation 412 'bitselect' 'tmp_473' <Predicate = (icmp_ln45_78)> <Delay = 0.00>
ST_1 : Operation 413 [1/1] (0.00ns) (grouped into LUT with out node add_ln46_78)   --->   "%or_ln46_236 = or i1 %tmp_473, i1 %icmp_ln46_157" [firmware/nnet_utils/nnet_activation.h:46]   --->   Operation 413 'or' 'or_ln46_236' <Predicate = (icmp_ln45_78)> <Delay = 0.00> <CoreInst = "LogicGate">   --->   Core 74 'LogicGate' <Latency = 0> <II = 1> <Delay = 0.12> <FuncUnit> <Opcode : 'and' 'or' 'xor'> <InPorts = 2> <OutPorts = 1>
ST_1 : Operation 414 [1/1] (0.00ns) (grouped into LUT with out node add_ln46_78)   --->   "%and_ln46_155 = and i1 %or_ln46_236, i1 %tmp_471" [firmware/nnet_utils/nnet_activation.h:46]   --->   Operation 414 'and' 'and_ln46_155' <Predicate = (icmp_ln45_78)> <Delay = 0.00> <CoreInst = "LogicGate">   --->   Core 74 'LogicGate' <Latency = 0> <II = 1> <Delay = 0.12> <FuncUnit> <Opcode : 'and' 'or' 'xor'> <InPorts = 2> <OutPorts = 1>
ST_1 : Operation 415 [1/1] (0.00ns) (grouped into LUT with out node add_ln46_78)   --->   "%zext_ln46_78 = zext i1 %and_ln46_155" [firmware/nnet_utils/nnet_activation.h:46]   --->   Operation 415 'zext' 'zext_ln46_78' <Predicate = (icmp_ln45_78)> <Delay = 0.00>
ST_1 : Operation 416 [1/1] (0.70ns) (out node of the LUT)   --->   "%add_ln46_78 = add i6 %trunc_ln46_76, i6 %zext_ln46_78" [firmware/nnet_utils/nnet_activation.h:46]   --->   Operation 416 'add' 'add_ln46_78' <Predicate = (icmp_ln45_78)> <Delay = 0.70> <CoreInst = "Adder">   --->   Core 1 'Adder' <Latency = 0> <II = 1> <Delay = 0.70> <FuncUnit> <Opcode : 'add' 'sub'> <InPorts = 2> <OutPorts = 1>
ST_1 : Operation 417 [1/1] (0.00ns)   --->   "%tmp_474 = partselect i8 @_ssdm_op_PartSelect.i8.i19.i32.i32, i19 %data_18_val_read, i32 11, i32 18" [firmware/nnet_utils/nnet_activation.h:46]   --->   Operation 417 'partselect' 'tmp_474' <Predicate = (icmp_ln45_78)> <Delay = 0.00>
ST_1 : Operation 418 [1/1] (0.70ns)   --->   "%icmp_ln46_158 = icmp_eq  i8 %tmp_474, i8 0" [firmware/nnet_utils/nnet_activation.h:46]   --->   Operation 418 'icmp' 'icmp_ln46_158' <Predicate = (icmp_ln45_78)> <Delay = 0.70> <CoreInst = "Cmp">   --->   Core 9 'Cmp' <Latency = 0> <II = 1> <Delay = 0.70> <FuncUnit> <Opcode : 'seteq' 'setne' 'setle' 'setge' 'setlt' 'setgt'> <InPorts = 2> <OutPorts = 1>
ST_1 : Operation 419 [1/1] (0.00ns) (grouped into LUT with out node empty_96)   --->   "%tmp_475 = bitselect i1 @_ssdm_op_BitSelect.i1.i6.i32, i6 %add_ln46_78, i32 5" [firmware/nnet_utils/nnet_activation.h:46]   --->   Operation 419 'bitselect' 'tmp_475' <Predicate = (icmp_ln45_78)> <Delay = 0.00>
ST_1 : Operation 420 [1/1] (0.00ns) (grouped into LUT with out node empty_96)   --->   "%not_tmp_554 = xor i1 %tmp_472, i1 1" [firmware/nnet_utils/nnet_activation.h:46]   --->   Operation 420 'xor' 'not_tmp_554' <Predicate = (icmp_ln45_78)> <Delay = 0.00> <CoreInst = "LogicGate">   --->   Core 74 'LogicGate' <Latency = 0> <II = 1> <Delay = 0.12> <FuncUnit> <Opcode : 'and' 'or' 'xor'> <InPorts = 2> <OutPorts = 1>
ST_1 : Operation 421 [1/1] (0.00ns) (grouped into LUT with out node empty_96)   --->   "%and_ln46_158 = or i1 %tmp_475, i1 %not_tmp_554" [firmware/nnet_utils/nnet_activation.h:46]   --->   Operation 421 'or' 'and_ln46_158' <Predicate = (icmp_ln45_78)> <Delay = 0.00> <CoreInst = "LogicGate">   --->   Core 74 'LogicGate' <Latency = 0> <II = 1> <Delay = 0.12> <FuncUnit> <Opcode : 'and' 'or' 'xor'> <InPorts = 2> <OutPorts = 1>
ST_1 : Operation 422 [1/1] (0.12ns) (out node of the LUT)   --->   "%empty_96 = and i1 %icmp_ln46_158, i1 %and_ln46_158" [firmware/nnet_utils/nnet_activation.h:46]   --->   Operation 422 'and' 'empty_96' <Predicate = (icmp_ln45_78)> <Delay = 0.12> <CoreInst = "LogicGate">   --->   Core 74 'LogicGate' <Latency = 0> <II = 1> <Delay = 0.12> <FuncUnit> <Opcode : 'and' 'or' 'xor'> <InPorts = 2> <OutPorts = 1>
ST_1 : Operation 423 [1/1] (0.00ns) (grouped into LUT with out node select_ln46_237)   --->   "%or_ln46_237 = or i1 %empty_96, i1 %tmp_470" [firmware/nnet_utils/nnet_activation.h:46]   --->   Operation 423 'or' 'or_ln46_237' <Predicate = (or_ln46_238 & icmp_ln45_78)> <Delay = 0.00> <CoreInst = "LogicGate">   --->   Core 74 'LogicGate' <Latency = 0> <II = 1> <Delay = 0.12> <FuncUnit> <Opcode : 'and' 'or' 'xor'> <InPorts = 2> <OutPorts = 1>
ST_1 : Operation 424 [1/1] (0.00ns) (grouped into LUT with out node res_18_0)   --->   "%xor_ln46_78 = xor i1 %empty_96, i1 1" [firmware/nnet_utils/nnet_activation.h:46]   --->   Operation 424 'xor' 'xor_ln46_78' <Predicate = (icmp_ln45_78)> <Delay = 0.00> <CoreInst = "LogicGate">   --->   Core 74 'LogicGate' <Latency = 0> <II = 1> <Delay = 0.12> <FuncUnit> <Opcode : 'and' 'or' 'xor'> <InPorts = 2> <OutPorts = 1>
ST_1 : Operation 425 [1/1] (0.00ns) (grouped into LUT with out node res_18_0)   --->   "%or_ln46_238 = or i1 %tmp_470, i1 %xor_ln46_78" [firmware/nnet_utils/nnet_activation.h:46]   --->   Operation 425 'or' 'or_ln46_238' <Predicate = (icmp_ln45_78)> <Delay = 0.00> <CoreInst = "LogicGate">   --->   Core 74 'LogicGate' <Latency = 0> <II = 1> <Delay = 0.12> <FuncUnit> <Opcode : 'and' 'or' 'xor'> <InPorts = 2> <OutPorts = 1>
ST_1 : Operation 426 [1/1] (0.00ns) (grouped into LUT with out node select_ln46_237)   --->   "%select_ln46_236 = select i1 %tmp_470, i6 0, i6 %add_ln46_78" [firmware/nnet_utils/nnet_activation.h:46]   --->   Operation 426 'select' 'select_ln46_236' <Predicate = (or_ln46_237 & or_ln46_238 & icmp_ln45_78)> <Delay = 0.00> <CoreInst = "Sel">   --->   Core 73 'Sel' <Latency = 0> <II = 1> <Delay = 0.29> <FuncUnit> <Opcode : 'select'> <InPorts = 3> <OutPorts = 1>
ST_1 : Operation 427 [1/1] (0.29ns) (out node of the LUT)   --->   "%select_ln46_237 = select i1 %or_ln46_237, i6 %select_ln46_236, i6 63" [firmware/nnet_utils/nnet_activation.h:46]   --->   Operation 427 'select' 'select_ln46_237' <Predicate = (or_ln46_238 & icmp_ln45_78)> <Delay = 0.29> <CoreInst = "Sel">   --->   Core 73 'Sel' <Latency = 0> <II = 1> <Delay = 0.29> <FuncUnit> <Opcode : 'select'> <InPorts = 3> <OutPorts = 1>
ST_1 : Operation 428 [1/1] (0.00ns) (grouped into LUT with out node res_18_0)   --->   "%select_ln46_238 = select i1 %or_ln46_238, i6 %select_ln46_237, i6 %add_ln46_78" [firmware/nnet_utils/nnet_activation.h:46]   --->   Operation 428 'select' 'select_ln46_238' <Predicate = (icmp_ln45_78)> <Delay = 0.00> <CoreInst = "Sel">   --->   Core 73 'Sel' <Latency = 0> <II = 1> <Delay = 0.29> <FuncUnit> <Opcode : 'select'> <InPorts = 3> <OutPorts = 1>
ST_1 : Operation 429 [1/1] (0.29ns) (out node of the LUT)   --->   "%res_18_0 = select i1 %icmp_ln45_78, i6 %select_ln46_238, i6 0" [firmware/nnet_utils/nnet_activation.h:45]   --->   Operation 429 'select' 'res_18_0' <Predicate = true> <Delay = 0.29> <CoreInst = "Sel">   --->   Core 73 'Sel' <Latency = 0> <II = 1> <Delay = 0.29> <FuncUnit> <Opcode : 'select'> <InPorts = 3> <OutPorts = 1>
ST_1 : Operation 430 [1/1] (0.80ns)   --->   "%icmp_ln45_79 = icmp_sgt  i19 %data_19_val_read, i19 0" [firmware/nnet_utils/nnet_activation.h:45]   --->   Operation 430 'icmp' 'icmp_ln45_79' <Predicate = true> <Delay = 0.80> <CoreInst = "Cmp">   --->   Core 9 'Cmp' <Latency = 0> <II = 1> <Delay = 0.80> <FuncUnit> <Opcode : 'seteq' 'setne' 'setle' 'setge' 'setlt' 'setgt'> <InPorts = 2> <OutPorts = 1>
ST_1 : Operation 431 [1/1] (0.00ns)   --->   "%tmp_476 = bitselect i1 @_ssdm_op_BitSelect.i1.i19.i32, i19 %data_19_val_read, i32 18" [firmware/nnet_utils/nnet_activation.h:46]   --->   Operation 431 'bitselect' 'tmp_476' <Predicate = (icmp_ln45_79)> <Delay = 0.00>
ST_1 : Operation 432 [1/1] (0.00ns) (grouped into LUT with out node add_ln46_79)   --->   "%trunc_ln46_77 = partselect i6 @_ssdm_op_PartSelect.i6.i19.i32.i32, i19 %data_19_val_read, i32 5, i32 10" [firmware/nnet_utils/nnet_activation.h:46]   --->   Operation 432 'partselect' 'trunc_ln46_77' <Predicate = (icmp_ln45_79)> <Delay = 0.00>
ST_1 : Operation 433 [1/1] (0.00ns) (grouped into LUT with out node add_ln46_79)   --->   "%tmp_477 = bitselect i1 @_ssdm_op_BitSelect.i1.i19.i32, i19 %data_19_val_read, i32 4" [firmware/nnet_utils/nnet_activation.h:46]   --->   Operation 433 'bitselect' 'tmp_477' <Predicate = (icmp_ln45_79)> <Delay = 0.00>
ST_1 : Operation 434 [1/1] (0.00ns)   --->   "%trunc_ln46_141 = trunc i19 %data_19_val_read" [firmware/nnet_utils/nnet_activation.h:46]   --->   Operation 434 'trunc' 'trunc_ln46_141' <Predicate = (icmp_ln45_79)> <Delay = 0.00>
ST_1 : Operation 435 [1/1] (0.70ns)   --->   "%icmp_ln46_159 = icmp_ne  i4 %trunc_ln46_141, i4 0" [firmware/nnet_utils/nnet_activation.h:46]   --->   Operation 435 'icmp' 'icmp_ln46_159' <Predicate = (icmp_ln45_79)> <Delay = 0.70> <CoreInst = "Cmp">   --->   Core 9 'Cmp' <Latency = 0> <II = 1> <Delay = 0.70> <FuncUnit> <Opcode : 'seteq' 'setne' 'setle' 'setge' 'setlt' 'setgt'> <InPorts = 2> <OutPorts = 1>
ST_1 : Operation 436 [1/1] (0.00ns) (grouped into LUT with out node empty_97)   --->   "%tmp_478 = bitselect i1 @_ssdm_op_BitSelect.i1.i19.i32, i19 %data_19_val_read, i32 10" [firmware/nnet_utils/nnet_activation.h:46]   --->   Operation 436 'bitselect' 'tmp_478' <Predicate = (icmp_ln45_79)> <Delay = 0.00>
ST_1 : Operation 437 [1/1] (0.00ns) (grouped into LUT with out node add_ln46_79)   --->   "%tmp_479 = bitselect i1 @_ssdm_op_BitSelect.i1.i19.i32, i19 %data_19_val_read, i32 5" [firmware/nnet_utils/nnet_activation.h:46]   --->   Operation 437 'bitselect' 'tmp_479' <Predicate = (icmp_ln45_79)> <Delay = 0.00>
ST_1 : Operation 438 [1/1] (0.00ns) (grouped into LUT with out node add_ln46_79)   --->   "%or_ln46_239 = or i1 %tmp_479, i1 %icmp_ln46_159" [firmware/nnet_utils/nnet_activation.h:46]   --->   Operation 438 'or' 'or_ln46_239' <Predicate = (icmp_ln45_79)> <Delay = 0.00> <CoreInst = "LogicGate">   --->   Core 74 'LogicGate' <Latency = 0> <II = 1> <Delay = 0.12> <FuncUnit> <Opcode : 'and' 'or' 'xor'> <InPorts = 2> <OutPorts = 1>
ST_1 : Operation 439 [1/1] (0.00ns) (grouped into LUT with out node add_ln46_79)   --->   "%and_ln46_157 = and i1 %or_ln46_239, i1 %tmp_477" [firmware/nnet_utils/nnet_activation.h:46]   --->   Operation 439 'and' 'and_ln46_157' <Predicate = (icmp_ln45_79)> <Delay = 0.00> <CoreInst = "LogicGate">   --->   Core 74 'LogicGate' <Latency = 0> <II = 1> <Delay = 0.12> <FuncUnit> <Opcode : 'and' 'or' 'xor'> <InPorts = 2> <OutPorts = 1>
ST_1 : Operation 440 [1/1] (0.00ns) (grouped into LUT with out node add_ln46_79)   --->   "%zext_ln46_79 = zext i1 %and_ln46_157" [firmware/nnet_utils/nnet_activation.h:46]   --->   Operation 440 'zext' 'zext_ln46_79' <Predicate = (icmp_ln45_79)> <Delay = 0.00>
ST_1 : Operation 441 [1/1] (0.70ns) (out node of the LUT)   --->   "%add_ln46_79 = add i6 %trunc_ln46_77, i6 %zext_ln46_79" [firmware/nnet_utils/nnet_activation.h:46]   --->   Operation 441 'add' 'add_ln46_79' <Predicate = (icmp_ln45_79)> <Delay = 0.70> <CoreInst = "Adder">   --->   Core 1 'Adder' <Latency = 0> <II = 1> <Delay = 0.70> <FuncUnit> <Opcode : 'add' 'sub'> <InPorts = 2> <OutPorts = 1>
ST_1 : Operation 442 [1/1] (0.00ns)   --->   "%tmp_480 = partselect i8 @_ssdm_op_PartSelect.i8.i19.i32.i32, i19 %data_19_val_read, i32 11, i32 18" [firmware/nnet_utils/nnet_activation.h:46]   --->   Operation 442 'partselect' 'tmp_480' <Predicate = (icmp_ln45_79)> <Delay = 0.00>
ST_1 : Operation 443 [1/1] (0.70ns)   --->   "%icmp_ln46_160 = icmp_eq  i8 %tmp_480, i8 0" [firmware/nnet_utils/nnet_activation.h:46]   --->   Operation 443 'icmp' 'icmp_ln46_160' <Predicate = (icmp_ln45_79)> <Delay = 0.70> <CoreInst = "Cmp">   --->   Core 9 'Cmp' <Latency = 0> <II = 1> <Delay = 0.70> <FuncUnit> <Opcode : 'seteq' 'setne' 'setle' 'setge' 'setlt' 'setgt'> <InPorts = 2> <OutPorts = 1>
ST_1 : Operation 444 [1/1] (0.00ns) (grouped into LUT with out node empty_97)   --->   "%tmp_481 = bitselect i1 @_ssdm_op_BitSelect.i1.i6.i32, i6 %add_ln46_79, i32 5" [firmware/nnet_utils/nnet_activation.h:46]   --->   Operation 444 'bitselect' 'tmp_481' <Predicate = (icmp_ln45_79)> <Delay = 0.00>
ST_1 : Operation 445 [1/1] (0.00ns) (grouped into LUT with out node empty_97)   --->   "%not_tmp_561 = xor i1 %tmp_478, i1 1" [firmware/nnet_utils/nnet_activation.h:46]   --->   Operation 445 'xor' 'not_tmp_561' <Predicate = (icmp_ln45_79)> <Delay = 0.00> <CoreInst = "LogicGate">   --->   Core 74 'LogicGate' <Latency = 0> <II = 1> <Delay = 0.12> <FuncUnit> <Opcode : 'and' 'or' 'xor'> <InPorts = 2> <OutPorts = 1>
ST_1 : Operation 446 [1/1] (0.00ns) (grouped into LUT with out node empty_97)   --->   "%and_ln46_160 = or i1 %tmp_481, i1 %not_tmp_561" [firmware/nnet_utils/nnet_activation.h:46]   --->   Operation 446 'or' 'and_ln46_160' <Predicate = (icmp_ln45_79)> <Delay = 0.00> <CoreInst = "LogicGate">   --->   Core 74 'LogicGate' <Latency = 0> <II = 1> <Delay = 0.12> <FuncUnit> <Opcode : 'and' 'or' 'xor'> <InPorts = 2> <OutPorts = 1>
ST_1 : Operation 447 [1/1] (0.12ns) (out node of the LUT)   --->   "%empty_97 = and i1 %icmp_ln46_160, i1 %and_ln46_160" [firmware/nnet_utils/nnet_activation.h:46]   --->   Operation 447 'and' 'empty_97' <Predicate = (icmp_ln45_79)> <Delay = 0.12> <CoreInst = "LogicGate">   --->   Core 74 'LogicGate' <Latency = 0> <II = 1> <Delay = 0.12> <FuncUnit> <Opcode : 'and' 'or' 'xor'> <InPorts = 2> <OutPorts = 1>
ST_1 : Operation 448 [1/1] (0.00ns) (grouped into LUT with out node select_ln46_240)   --->   "%or_ln46_240 = or i1 %empty_97, i1 %tmp_476" [firmware/nnet_utils/nnet_activation.h:46]   --->   Operation 448 'or' 'or_ln46_240' <Predicate = (or_ln46_241 & icmp_ln45_79)> <Delay = 0.00> <CoreInst = "LogicGate">   --->   Core 74 'LogicGate' <Latency = 0> <II = 1> <Delay = 0.12> <FuncUnit> <Opcode : 'and' 'or' 'xor'> <InPorts = 2> <OutPorts = 1>
ST_1 : Operation 449 [1/1] (0.00ns) (grouped into LUT with out node res_19_0)   --->   "%xor_ln46_79 = xor i1 %empty_97, i1 1" [firmware/nnet_utils/nnet_activation.h:46]   --->   Operation 449 'xor' 'xor_ln46_79' <Predicate = (icmp_ln45_79)> <Delay = 0.00> <CoreInst = "LogicGate">   --->   Core 74 'LogicGate' <Latency = 0> <II = 1> <Delay = 0.12> <FuncUnit> <Opcode : 'and' 'or' 'xor'> <InPorts = 2> <OutPorts = 1>
ST_1 : Operation 450 [1/1] (0.00ns) (grouped into LUT with out node res_19_0)   --->   "%or_ln46_241 = or i1 %tmp_476, i1 %xor_ln46_79" [firmware/nnet_utils/nnet_activation.h:46]   --->   Operation 450 'or' 'or_ln46_241' <Predicate = (icmp_ln45_79)> <Delay = 0.00> <CoreInst = "LogicGate">   --->   Core 74 'LogicGate' <Latency = 0> <II = 1> <Delay = 0.12> <FuncUnit> <Opcode : 'and' 'or' 'xor'> <InPorts = 2> <OutPorts = 1>
ST_1 : Operation 451 [1/1] (0.00ns) (grouped into LUT with out node select_ln46_240)   --->   "%select_ln46_239 = select i1 %tmp_476, i6 0, i6 %add_ln46_79" [firmware/nnet_utils/nnet_activation.h:46]   --->   Operation 451 'select' 'select_ln46_239' <Predicate = (or_ln46_240 & or_ln46_241 & icmp_ln45_79)> <Delay = 0.00> <CoreInst = "Sel">   --->   Core 73 'Sel' <Latency = 0> <II = 1> <Delay = 0.29> <FuncUnit> <Opcode : 'select'> <InPorts = 3> <OutPorts = 1>
ST_1 : Operation 452 [1/1] (0.29ns) (out node of the LUT)   --->   "%select_ln46_240 = select i1 %or_ln46_240, i6 %select_ln46_239, i6 63" [firmware/nnet_utils/nnet_activation.h:46]   --->   Operation 452 'select' 'select_ln46_240' <Predicate = (or_ln46_241 & icmp_ln45_79)> <Delay = 0.29> <CoreInst = "Sel">   --->   Core 73 'Sel' <Latency = 0> <II = 1> <Delay = 0.29> <FuncUnit> <Opcode : 'select'> <InPorts = 3> <OutPorts = 1>
ST_1 : Operation 453 [1/1] (0.00ns) (grouped into LUT with out node res_19_0)   --->   "%select_ln46_241 = select i1 %or_ln46_241, i6 %select_ln46_240, i6 %add_ln46_79" [firmware/nnet_utils/nnet_activation.h:46]   --->   Operation 453 'select' 'select_ln46_241' <Predicate = (icmp_ln45_79)> <Delay = 0.00> <CoreInst = "Sel">   --->   Core 73 'Sel' <Latency = 0> <II = 1> <Delay = 0.29> <FuncUnit> <Opcode : 'select'> <InPorts = 3> <OutPorts = 1>
ST_1 : Operation 454 [1/1] (0.29ns) (out node of the LUT)   --->   "%res_19_0 = select i1 %icmp_ln45_79, i6 %select_ln46_241, i6 0" [firmware/nnet_utils/nnet_activation.h:45]   --->   Operation 454 'select' 'res_19_0' <Predicate = true> <Delay = 0.29> <CoreInst = "Sel">   --->   Core 73 'Sel' <Latency = 0> <II = 1> <Delay = 0.29> <FuncUnit> <Opcode : 'select'> <InPorts = 3> <OutPorts = 1>
ST_1 : Operation 455 [1/1] (0.80ns)   --->   "%icmp_ln45_80 = icmp_sgt  i19 %data_21_val_read, i19 0" [firmware/nnet_utils/nnet_activation.h:45]   --->   Operation 455 'icmp' 'icmp_ln45_80' <Predicate = true> <Delay = 0.80> <CoreInst = "Cmp">   --->   Core 9 'Cmp' <Latency = 0> <II = 1> <Delay = 0.80> <FuncUnit> <Opcode : 'seteq' 'setne' 'setle' 'setge' 'setlt' 'setgt'> <InPorts = 2> <OutPorts = 1>
ST_1 : Operation 456 [1/1] (0.00ns)   --->   "%tmp_482 = bitselect i1 @_ssdm_op_BitSelect.i1.i19.i32, i19 %data_21_val_read, i32 18" [firmware/nnet_utils/nnet_activation.h:46]   --->   Operation 456 'bitselect' 'tmp_482' <Predicate = (icmp_ln45_80)> <Delay = 0.00>
ST_1 : Operation 457 [1/1] (0.00ns) (grouped into LUT with out node add_ln46_80)   --->   "%trunc_ln46_78 = partselect i6 @_ssdm_op_PartSelect.i6.i19.i32.i32, i19 %data_21_val_read, i32 5, i32 10" [firmware/nnet_utils/nnet_activation.h:46]   --->   Operation 457 'partselect' 'trunc_ln46_78' <Predicate = (icmp_ln45_80)> <Delay = 0.00>
ST_1 : Operation 458 [1/1] (0.00ns) (grouped into LUT with out node add_ln46_80)   --->   "%tmp_483 = bitselect i1 @_ssdm_op_BitSelect.i1.i19.i32, i19 %data_21_val_read, i32 4" [firmware/nnet_utils/nnet_activation.h:46]   --->   Operation 458 'bitselect' 'tmp_483' <Predicate = (icmp_ln45_80)> <Delay = 0.00>
ST_1 : Operation 459 [1/1] (0.00ns)   --->   "%trunc_ln46_142 = trunc i19 %data_21_val_read" [firmware/nnet_utils/nnet_activation.h:46]   --->   Operation 459 'trunc' 'trunc_ln46_142' <Predicate = (icmp_ln45_80)> <Delay = 0.00>
ST_1 : Operation 460 [1/1] (0.70ns)   --->   "%icmp_ln46_161 = icmp_ne  i4 %trunc_ln46_142, i4 0" [firmware/nnet_utils/nnet_activation.h:46]   --->   Operation 460 'icmp' 'icmp_ln46_161' <Predicate = (icmp_ln45_80)> <Delay = 0.70> <CoreInst = "Cmp">   --->   Core 9 'Cmp' <Latency = 0> <II = 1> <Delay = 0.70> <FuncUnit> <Opcode : 'seteq' 'setne' 'setle' 'setge' 'setlt' 'setgt'> <InPorts = 2> <OutPorts = 1>
ST_1 : Operation 461 [1/1] (0.00ns) (grouped into LUT with out node empty_98)   --->   "%tmp_484 = bitselect i1 @_ssdm_op_BitSelect.i1.i19.i32, i19 %data_21_val_read, i32 10" [firmware/nnet_utils/nnet_activation.h:46]   --->   Operation 461 'bitselect' 'tmp_484' <Predicate = (icmp_ln45_80)> <Delay = 0.00>
ST_1 : Operation 462 [1/1] (0.00ns) (grouped into LUT with out node add_ln46_80)   --->   "%tmp_485 = bitselect i1 @_ssdm_op_BitSelect.i1.i19.i32, i19 %data_21_val_read, i32 5" [firmware/nnet_utils/nnet_activation.h:46]   --->   Operation 462 'bitselect' 'tmp_485' <Predicate = (icmp_ln45_80)> <Delay = 0.00>
ST_1 : Operation 463 [1/1] (0.00ns) (grouped into LUT with out node add_ln46_80)   --->   "%or_ln46_242 = or i1 %tmp_485, i1 %icmp_ln46_161" [firmware/nnet_utils/nnet_activation.h:46]   --->   Operation 463 'or' 'or_ln46_242' <Predicate = (icmp_ln45_80)> <Delay = 0.00> <CoreInst = "LogicGate">   --->   Core 74 'LogicGate' <Latency = 0> <II = 1> <Delay = 0.12> <FuncUnit> <Opcode : 'and' 'or' 'xor'> <InPorts = 2> <OutPorts = 1>
ST_1 : Operation 464 [1/1] (0.00ns) (grouped into LUT with out node add_ln46_80)   --->   "%and_ln46_159 = and i1 %or_ln46_242, i1 %tmp_483" [firmware/nnet_utils/nnet_activation.h:46]   --->   Operation 464 'and' 'and_ln46_159' <Predicate = (icmp_ln45_80)> <Delay = 0.00> <CoreInst = "LogicGate">   --->   Core 74 'LogicGate' <Latency = 0> <II = 1> <Delay = 0.12> <FuncUnit> <Opcode : 'and' 'or' 'xor'> <InPorts = 2> <OutPorts = 1>
ST_1 : Operation 465 [1/1] (0.00ns) (grouped into LUT with out node add_ln46_80)   --->   "%zext_ln46_80 = zext i1 %and_ln46_159" [firmware/nnet_utils/nnet_activation.h:46]   --->   Operation 465 'zext' 'zext_ln46_80' <Predicate = (icmp_ln45_80)> <Delay = 0.00>
ST_1 : Operation 466 [1/1] (0.70ns) (out node of the LUT)   --->   "%add_ln46_80 = add i6 %trunc_ln46_78, i6 %zext_ln46_80" [firmware/nnet_utils/nnet_activation.h:46]   --->   Operation 466 'add' 'add_ln46_80' <Predicate = (icmp_ln45_80)> <Delay = 0.70> <CoreInst = "Adder">   --->   Core 1 'Adder' <Latency = 0> <II = 1> <Delay = 0.70> <FuncUnit> <Opcode : 'add' 'sub'> <InPorts = 2> <OutPorts = 1>
ST_1 : Operation 467 [1/1] (0.00ns)   --->   "%tmp_486 = partselect i8 @_ssdm_op_PartSelect.i8.i19.i32.i32, i19 %data_21_val_read, i32 11, i32 18" [firmware/nnet_utils/nnet_activation.h:46]   --->   Operation 467 'partselect' 'tmp_486' <Predicate = (icmp_ln45_80)> <Delay = 0.00>
ST_1 : Operation 468 [1/1] (0.70ns)   --->   "%icmp_ln46_162 = icmp_eq  i8 %tmp_486, i8 0" [firmware/nnet_utils/nnet_activation.h:46]   --->   Operation 468 'icmp' 'icmp_ln46_162' <Predicate = (icmp_ln45_80)> <Delay = 0.70> <CoreInst = "Cmp">   --->   Core 9 'Cmp' <Latency = 0> <II = 1> <Delay = 0.70> <FuncUnit> <Opcode : 'seteq' 'setne' 'setle' 'setge' 'setlt' 'setgt'> <InPorts = 2> <OutPorts = 1>
ST_1 : Operation 469 [1/1] (0.00ns) (grouped into LUT with out node empty_98)   --->   "%tmp_487 = bitselect i1 @_ssdm_op_BitSelect.i1.i6.i32, i6 %add_ln46_80, i32 5" [firmware/nnet_utils/nnet_activation.h:46]   --->   Operation 469 'bitselect' 'tmp_487' <Predicate = (icmp_ln45_80)> <Delay = 0.00>
ST_1 : Operation 470 [1/1] (0.00ns) (grouped into LUT with out node empty_98)   --->   "%not_tmp_568 = xor i1 %tmp_484, i1 1" [firmware/nnet_utils/nnet_activation.h:46]   --->   Operation 470 'xor' 'not_tmp_568' <Predicate = (icmp_ln45_80)> <Delay = 0.00> <CoreInst = "LogicGate">   --->   Core 74 'LogicGate' <Latency = 0> <II = 1> <Delay = 0.12> <FuncUnit> <Opcode : 'and' 'or' 'xor'> <InPorts = 2> <OutPorts = 1>
ST_1 : Operation 471 [1/1] (0.00ns) (grouped into LUT with out node empty_98)   --->   "%and_ln46_162 = or i1 %tmp_487, i1 %not_tmp_568" [firmware/nnet_utils/nnet_activation.h:46]   --->   Operation 471 'or' 'and_ln46_162' <Predicate = (icmp_ln45_80)> <Delay = 0.00> <CoreInst = "LogicGate">   --->   Core 74 'LogicGate' <Latency = 0> <II = 1> <Delay = 0.12> <FuncUnit> <Opcode : 'and' 'or' 'xor'> <InPorts = 2> <OutPorts = 1>
ST_1 : Operation 472 [1/1] (0.12ns) (out node of the LUT)   --->   "%empty_98 = and i1 %icmp_ln46_162, i1 %and_ln46_162" [firmware/nnet_utils/nnet_activation.h:46]   --->   Operation 472 'and' 'empty_98' <Predicate = (icmp_ln45_80)> <Delay = 0.12> <CoreInst = "LogicGate">   --->   Core 74 'LogicGate' <Latency = 0> <II = 1> <Delay = 0.12> <FuncUnit> <Opcode : 'and' 'or' 'xor'> <InPorts = 2> <OutPorts = 1>
ST_1 : Operation 473 [1/1] (0.00ns) (grouped into LUT with out node select_ln46_243)   --->   "%or_ln46_243 = or i1 %empty_98, i1 %tmp_482" [firmware/nnet_utils/nnet_activation.h:46]   --->   Operation 473 'or' 'or_ln46_243' <Predicate = (or_ln46_244 & icmp_ln45_80)> <Delay = 0.00> <CoreInst = "LogicGate">   --->   Core 74 'LogicGate' <Latency = 0> <II = 1> <Delay = 0.12> <FuncUnit> <Opcode : 'and' 'or' 'xor'> <InPorts = 2> <OutPorts = 1>
ST_1 : Operation 474 [1/1] (0.00ns) (grouped into LUT with out node res_21_0)   --->   "%xor_ln46_80 = xor i1 %empty_98, i1 1" [firmware/nnet_utils/nnet_activation.h:46]   --->   Operation 474 'xor' 'xor_ln46_80' <Predicate = (icmp_ln45_80)> <Delay = 0.00> <CoreInst = "LogicGate">   --->   Core 74 'LogicGate' <Latency = 0> <II = 1> <Delay = 0.12> <FuncUnit> <Opcode : 'and' 'or' 'xor'> <InPorts = 2> <OutPorts = 1>
ST_1 : Operation 475 [1/1] (0.00ns) (grouped into LUT with out node res_21_0)   --->   "%or_ln46_244 = or i1 %tmp_482, i1 %xor_ln46_80" [firmware/nnet_utils/nnet_activation.h:46]   --->   Operation 475 'or' 'or_ln46_244' <Predicate = (icmp_ln45_80)> <Delay = 0.00> <CoreInst = "LogicGate">   --->   Core 74 'LogicGate' <Latency = 0> <II = 1> <Delay = 0.12> <FuncUnit> <Opcode : 'and' 'or' 'xor'> <InPorts = 2> <OutPorts = 1>
ST_1 : Operation 476 [1/1] (0.00ns) (grouped into LUT with out node select_ln46_243)   --->   "%select_ln46_242 = select i1 %tmp_482, i6 0, i6 %add_ln46_80" [firmware/nnet_utils/nnet_activation.h:46]   --->   Operation 476 'select' 'select_ln46_242' <Predicate = (or_ln46_243 & or_ln46_244 & icmp_ln45_80)> <Delay = 0.00> <CoreInst = "Sel">   --->   Core 73 'Sel' <Latency = 0> <II = 1> <Delay = 0.29> <FuncUnit> <Opcode : 'select'> <InPorts = 3> <OutPorts = 1>
ST_1 : Operation 477 [1/1] (0.29ns) (out node of the LUT)   --->   "%select_ln46_243 = select i1 %or_ln46_243, i6 %select_ln46_242, i6 63" [firmware/nnet_utils/nnet_activation.h:46]   --->   Operation 477 'select' 'select_ln46_243' <Predicate = (or_ln46_244 & icmp_ln45_80)> <Delay = 0.29> <CoreInst = "Sel">   --->   Core 73 'Sel' <Latency = 0> <II = 1> <Delay = 0.29> <FuncUnit> <Opcode : 'select'> <InPorts = 3> <OutPorts = 1>
ST_1 : Operation 478 [1/1] (0.00ns) (grouped into LUT with out node res_21_0)   --->   "%select_ln46_244 = select i1 %or_ln46_244, i6 %select_ln46_243, i6 %add_ln46_80" [firmware/nnet_utils/nnet_activation.h:46]   --->   Operation 478 'select' 'select_ln46_244' <Predicate = (icmp_ln45_80)> <Delay = 0.00> <CoreInst = "Sel">   --->   Core 73 'Sel' <Latency = 0> <II = 1> <Delay = 0.29> <FuncUnit> <Opcode : 'select'> <InPorts = 3> <OutPorts = 1>
ST_1 : Operation 479 [1/1] (0.29ns) (out node of the LUT)   --->   "%res_21_0 = select i1 %icmp_ln45_80, i6 %select_ln46_244, i6 0" [firmware/nnet_utils/nnet_activation.h:45]   --->   Operation 479 'select' 'res_21_0' <Predicate = true> <Delay = 0.29> <CoreInst = "Sel">   --->   Core 73 'Sel' <Latency = 0> <II = 1> <Delay = 0.29> <FuncUnit> <Opcode : 'select'> <InPorts = 3> <OutPorts = 1>
ST_1 : Operation 480 [1/1] (0.80ns)   --->   "%icmp_ln45_81 = icmp_sgt  i19 %data_22_val_read, i19 0" [firmware/nnet_utils/nnet_activation.h:45]   --->   Operation 480 'icmp' 'icmp_ln45_81' <Predicate = true> <Delay = 0.80> <CoreInst = "Cmp">   --->   Core 9 'Cmp' <Latency = 0> <II = 1> <Delay = 0.80> <FuncUnit> <Opcode : 'seteq' 'setne' 'setle' 'setge' 'setlt' 'setgt'> <InPorts = 2> <OutPorts = 1>
ST_1 : Operation 481 [1/1] (0.00ns)   --->   "%tmp_488 = bitselect i1 @_ssdm_op_BitSelect.i1.i19.i32, i19 %data_22_val_read, i32 18" [firmware/nnet_utils/nnet_activation.h:46]   --->   Operation 481 'bitselect' 'tmp_488' <Predicate = (icmp_ln45_81)> <Delay = 0.00>
ST_1 : Operation 482 [1/1] (0.00ns) (grouped into LUT with out node add_ln46_81)   --->   "%trunc_ln46_79 = partselect i6 @_ssdm_op_PartSelect.i6.i19.i32.i32, i19 %data_22_val_read, i32 5, i32 10" [firmware/nnet_utils/nnet_activation.h:46]   --->   Operation 482 'partselect' 'trunc_ln46_79' <Predicate = (icmp_ln45_81)> <Delay = 0.00>
ST_1 : Operation 483 [1/1] (0.00ns) (grouped into LUT with out node add_ln46_81)   --->   "%tmp_489 = bitselect i1 @_ssdm_op_BitSelect.i1.i19.i32, i19 %data_22_val_read, i32 4" [firmware/nnet_utils/nnet_activation.h:46]   --->   Operation 483 'bitselect' 'tmp_489' <Predicate = (icmp_ln45_81)> <Delay = 0.00>
ST_1 : Operation 484 [1/1] (0.00ns)   --->   "%trunc_ln46_143 = trunc i19 %data_22_val_read" [firmware/nnet_utils/nnet_activation.h:46]   --->   Operation 484 'trunc' 'trunc_ln46_143' <Predicate = (icmp_ln45_81)> <Delay = 0.00>
ST_1 : Operation 485 [1/1] (0.70ns)   --->   "%icmp_ln46_163 = icmp_ne  i4 %trunc_ln46_143, i4 0" [firmware/nnet_utils/nnet_activation.h:46]   --->   Operation 485 'icmp' 'icmp_ln46_163' <Predicate = (icmp_ln45_81)> <Delay = 0.70> <CoreInst = "Cmp">   --->   Core 9 'Cmp' <Latency = 0> <II = 1> <Delay = 0.70> <FuncUnit> <Opcode : 'seteq' 'setne' 'setle' 'setge' 'setlt' 'setgt'> <InPorts = 2> <OutPorts = 1>
ST_1 : Operation 486 [1/1] (0.00ns) (grouped into LUT with out node empty_99)   --->   "%tmp_490 = bitselect i1 @_ssdm_op_BitSelect.i1.i19.i32, i19 %data_22_val_read, i32 10" [firmware/nnet_utils/nnet_activation.h:46]   --->   Operation 486 'bitselect' 'tmp_490' <Predicate = (icmp_ln45_81)> <Delay = 0.00>
ST_1 : Operation 487 [1/1] (0.00ns) (grouped into LUT with out node add_ln46_81)   --->   "%tmp_491 = bitselect i1 @_ssdm_op_BitSelect.i1.i19.i32, i19 %data_22_val_read, i32 5" [firmware/nnet_utils/nnet_activation.h:46]   --->   Operation 487 'bitselect' 'tmp_491' <Predicate = (icmp_ln45_81)> <Delay = 0.00>
ST_1 : Operation 488 [1/1] (0.00ns) (grouped into LUT with out node add_ln46_81)   --->   "%or_ln46_245 = or i1 %tmp_491, i1 %icmp_ln46_163" [firmware/nnet_utils/nnet_activation.h:46]   --->   Operation 488 'or' 'or_ln46_245' <Predicate = (icmp_ln45_81)> <Delay = 0.00> <CoreInst = "LogicGate">   --->   Core 74 'LogicGate' <Latency = 0> <II = 1> <Delay = 0.12> <FuncUnit> <Opcode : 'and' 'or' 'xor'> <InPorts = 2> <OutPorts = 1>
ST_1 : Operation 489 [1/1] (0.00ns) (grouped into LUT with out node add_ln46_81)   --->   "%and_ln46_161 = and i1 %or_ln46_245, i1 %tmp_489" [firmware/nnet_utils/nnet_activation.h:46]   --->   Operation 489 'and' 'and_ln46_161' <Predicate = (icmp_ln45_81)> <Delay = 0.00> <CoreInst = "LogicGate">   --->   Core 74 'LogicGate' <Latency = 0> <II = 1> <Delay = 0.12> <FuncUnit> <Opcode : 'and' 'or' 'xor'> <InPorts = 2> <OutPorts = 1>
ST_1 : Operation 490 [1/1] (0.00ns) (grouped into LUT with out node add_ln46_81)   --->   "%zext_ln46_81 = zext i1 %and_ln46_161" [firmware/nnet_utils/nnet_activation.h:46]   --->   Operation 490 'zext' 'zext_ln46_81' <Predicate = (icmp_ln45_81)> <Delay = 0.00>
ST_1 : Operation 491 [1/1] (0.70ns) (out node of the LUT)   --->   "%add_ln46_81 = add i6 %trunc_ln46_79, i6 %zext_ln46_81" [firmware/nnet_utils/nnet_activation.h:46]   --->   Operation 491 'add' 'add_ln46_81' <Predicate = (icmp_ln45_81)> <Delay = 0.70> <CoreInst = "Adder">   --->   Core 1 'Adder' <Latency = 0> <II = 1> <Delay = 0.70> <FuncUnit> <Opcode : 'add' 'sub'> <InPorts = 2> <OutPorts = 1>
ST_1 : Operation 492 [1/1] (0.00ns)   --->   "%tmp_492 = partselect i8 @_ssdm_op_PartSelect.i8.i19.i32.i32, i19 %data_22_val_read, i32 11, i32 18" [firmware/nnet_utils/nnet_activation.h:46]   --->   Operation 492 'partselect' 'tmp_492' <Predicate = (icmp_ln45_81)> <Delay = 0.00>
ST_1 : Operation 493 [1/1] (0.70ns)   --->   "%icmp_ln46_164 = icmp_eq  i8 %tmp_492, i8 0" [firmware/nnet_utils/nnet_activation.h:46]   --->   Operation 493 'icmp' 'icmp_ln46_164' <Predicate = (icmp_ln45_81)> <Delay = 0.70> <CoreInst = "Cmp">   --->   Core 9 'Cmp' <Latency = 0> <II = 1> <Delay = 0.70> <FuncUnit> <Opcode : 'seteq' 'setne' 'setle' 'setge' 'setlt' 'setgt'> <InPorts = 2> <OutPorts = 1>
ST_1 : Operation 494 [1/1] (0.00ns) (grouped into LUT with out node empty_99)   --->   "%tmp_493 = bitselect i1 @_ssdm_op_BitSelect.i1.i6.i32, i6 %add_ln46_81, i32 5" [firmware/nnet_utils/nnet_activation.h:46]   --->   Operation 494 'bitselect' 'tmp_493' <Predicate = (icmp_ln45_81)> <Delay = 0.00>
ST_1 : Operation 495 [1/1] (0.00ns) (grouped into LUT with out node empty_99)   --->   "%not_tmp_575 = xor i1 %tmp_490, i1 1" [firmware/nnet_utils/nnet_activation.h:46]   --->   Operation 495 'xor' 'not_tmp_575' <Predicate = (icmp_ln45_81)> <Delay = 0.00> <CoreInst = "LogicGate">   --->   Core 74 'LogicGate' <Latency = 0> <II = 1> <Delay = 0.12> <FuncUnit> <Opcode : 'and' 'or' 'xor'> <InPorts = 2> <OutPorts = 1>
ST_1 : Operation 496 [1/1] (0.00ns) (grouped into LUT with out node empty_99)   --->   "%and_ln46_164 = or i1 %tmp_493, i1 %not_tmp_575" [firmware/nnet_utils/nnet_activation.h:46]   --->   Operation 496 'or' 'and_ln46_164' <Predicate = (icmp_ln45_81)> <Delay = 0.00> <CoreInst = "LogicGate">   --->   Core 74 'LogicGate' <Latency = 0> <II = 1> <Delay = 0.12> <FuncUnit> <Opcode : 'and' 'or' 'xor'> <InPorts = 2> <OutPorts = 1>
ST_1 : Operation 497 [1/1] (0.12ns) (out node of the LUT)   --->   "%empty_99 = and i1 %icmp_ln46_164, i1 %and_ln46_164" [firmware/nnet_utils/nnet_activation.h:46]   --->   Operation 497 'and' 'empty_99' <Predicate = (icmp_ln45_81)> <Delay = 0.12> <CoreInst = "LogicGate">   --->   Core 74 'LogicGate' <Latency = 0> <II = 1> <Delay = 0.12> <FuncUnit> <Opcode : 'and' 'or' 'xor'> <InPorts = 2> <OutPorts = 1>
ST_1 : Operation 498 [1/1] (0.00ns) (grouped into LUT with out node select_ln46_246)   --->   "%or_ln46_246 = or i1 %empty_99, i1 %tmp_488" [firmware/nnet_utils/nnet_activation.h:46]   --->   Operation 498 'or' 'or_ln46_246' <Predicate = (or_ln46_247 & icmp_ln45_81)> <Delay = 0.00> <CoreInst = "LogicGate">   --->   Core 74 'LogicGate' <Latency = 0> <II = 1> <Delay = 0.12> <FuncUnit> <Opcode : 'and' 'or' 'xor'> <InPorts = 2> <OutPorts = 1>
ST_1 : Operation 499 [1/1] (0.00ns) (grouped into LUT with out node res_22_0)   --->   "%xor_ln46_81 = xor i1 %empty_99, i1 1" [firmware/nnet_utils/nnet_activation.h:46]   --->   Operation 499 'xor' 'xor_ln46_81' <Predicate = (icmp_ln45_81)> <Delay = 0.00> <CoreInst = "LogicGate">   --->   Core 74 'LogicGate' <Latency = 0> <II = 1> <Delay = 0.12> <FuncUnit> <Opcode : 'and' 'or' 'xor'> <InPorts = 2> <OutPorts = 1>
ST_1 : Operation 500 [1/1] (0.00ns) (grouped into LUT with out node res_22_0)   --->   "%or_ln46_247 = or i1 %tmp_488, i1 %xor_ln46_81" [firmware/nnet_utils/nnet_activation.h:46]   --->   Operation 500 'or' 'or_ln46_247' <Predicate = (icmp_ln45_81)> <Delay = 0.00> <CoreInst = "LogicGate">   --->   Core 74 'LogicGate' <Latency = 0> <II = 1> <Delay = 0.12> <FuncUnit> <Opcode : 'and' 'or' 'xor'> <InPorts = 2> <OutPorts = 1>
ST_1 : Operation 501 [1/1] (0.00ns) (grouped into LUT with out node select_ln46_246)   --->   "%select_ln46_245 = select i1 %tmp_488, i6 0, i6 %add_ln46_81" [firmware/nnet_utils/nnet_activation.h:46]   --->   Operation 501 'select' 'select_ln46_245' <Predicate = (or_ln46_246 & or_ln46_247 & icmp_ln45_81)> <Delay = 0.00> <CoreInst = "Sel">   --->   Core 73 'Sel' <Latency = 0> <II = 1> <Delay = 0.29> <FuncUnit> <Opcode : 'select'> <InPorts = 3> <OutPorts = 1>
ST_1 : Operation 502 [1/1] (0.29ns) (out node of the LUT)   --->   "%select_ln46_246 = select i1 %or_ln46_246, i6 %select_ln46_245, i6 63" [firmware/nnet_utils/nnet_activation.h:46]   --->   Operation 502 'select' 'select_ln46_246' <Predicate = (or_ln46_247 & icmp_ln45_81)> <Delay = 0.29> <CoreInst = "Sel">   --->   Core 73 'Sel' <Latency = 0> <II = 1> <Delay = 0.29> <FuncUnit> <Opcode : 'select'> <InPorts = 3> <OutPorts = 1>
ST_1 : Operation 503 [1/1] (0.00ns) (grouped into LUT with out node res_22_0)   --->   "%select_ln46_247 = select i1 %or_ln46_247, i6 %select_ln46_246, i6 %add_ln46_81" [firmware/nnet_utils/nnet_activation.h:46]   --->   Operation 503 'select' 'select_ln46_247' <Predicate = (icmp_ln45_81)> <Delay = 0.00> <CoreInst = "Sel">   --->   Core 73 'Sel' <Latency = 0> <II = 1> <Delay = 0.29> <FuncUnit> <Opcode : 'select'> <InPorts = 3> <OutPorts = 1>
ST_1 : Operation 504 [1/1] (0.29ns) (out node of the LUT)   --->   "%res_22_0 = select i1 %icmp_ln45_81, i6 %select_ln46_247, i6 0" [firmware/nnet_utils/nnet_activation.h:45]   --->   Operation 504 'select' 'res_22_0' <Predicate = true> <Delay = 0.29> <CoreInst = "Sel">   --->   Core 73 'Sel' <Latency = 0> <II = 1> <Delay = 0.29> <FuncUnit> <Opcode : 'select'> <InPorts = 3> <OutPorts = 1>
ST_1 : Operation 505 [1/1] (0.80ns)   --->   "%icmp_ln45_82 = icmp_sgt  i19 %data_23_val_read, i19 0" [firmware/nnet_utils/nnet_activation.h:45]   --->   Operation 505 'icmp' 'icmp_ln45_82' <Predicate = true> <Delay = 0.80> <CoreInst = "Cmp">   --->   Core 9 'Cmp' <Latency = 0> <II = 1> <Delay = 0.80> <FuncUnit> <Opcode : 'seteq' 'setne' 'setle' 'setge' 'setlt' 'setgt'> <InPorts = 2> <OutPorts = 1>
ST_1 : Operation 506 [1/1] (0.00ns)   --->   "%tmp_494 = bitselect i1 @_ssdm_op_BitSelect.i1.i19.i32, i19 %data_23_val_read, i32 18" [firmware/nnet_utils/nnet_activation.h:46]   --->   Operation 506 'bitselect' 'tmp_494' <Predicate = (icmp_ln45_82)> <Delay = 0.00>
ST_1 : Operation 507 [1/1] (0.00ns) (grouped into LUT with out node add_ln46_82)   --->   "%trunc_ln46_80 = partselect i6 @_ssdm_op_PartSelect.i6.i19.i32.i32, i19 %data_23_val_read, i32 5, i32 10" [firmware/nnet_utils/nnet_activation.h:46]   --->   Operation 507 'partselect' 'trunc_ln46_80' <Predicate = (icmp_ln45_82)> <Delay = 0.00>
ST_1 : Operation 508 [1/1] (0.00ns) (grouped into LUT with out node add_ln46_82)   --->   "%tmp_495 = bitselect i1 @_ssdm_op_BitSelect.i1.i19.i32, i19 %data_23_val_read, i32 4" [firmware/nnet_utils/nnet_activation.h:46]   --->   Operation 508 'bitselect' 'tmp_495' <Predicate = (icmp_ln45_82)> <Delay = 0.00>
ST_1 : Operation 509 [1/1] (0.00ns)   --->   "%trunc_ln46_144 = trunc i19 %data_23_val_read" [firmware/nnet_utils/nnet_activation.h:46]   --->   Operation 509 'trunc' 'trunc_ln46_144' <Predicate = (icmp_ln45_82)> <Delay = 0.00>
ST_1 : Operation 510 [1/1] (0.70ns)   --->   "%icmp_ln46_165 = icmp_ne  i4 %trunc_ln46_144, i4 0" [firmware/nnet_utils/nnet_activation.h:46]   --->   Operation 510 'icmp' 'icmp_ln46_165' <Predicate = (icmp_ln45_82)> <Delay = 0.70> <CoreInst = "Cmp">   --->   Core 9 'Cmp' <Latency = 0> <II = 1> <Delay = 0.70> <FuncUnit> <Opcode : 'seteq' 'setne' 'setle' 'setge' 'setlt' 'setgt'> <InPorts = 2> <OutPorts = 1>
ST_1 : Operation 511 [1/1] (0.00ns) (grouped into LUT with out node empty_100)   --->   "%tmp_496 = bitselect i1 @_ssdm_op_BitSelect.i1.i19.i32, i19 %data_23_val_read, i32 10" [firmware/nnet_utils/nnet_activation.h:46]   --->   Operation 511 'bitselect' 'tmp_496' <Predicate = (icmp_ln45_82)> <Delay = 0.00>
ST_1 : Operation 512 [1/1] (0.00ns) (grouped into LUT with out node add_ln46_82)   --->   "%tmp_497 = bitselect i1 @_ssdm_op_BitSelect.i1.i19.i32, i19 %data_23_val_read, i32 5" [firmware/nnet_utils/nnet_activation.h:46]   --->   Operation 512 'bitselect' 'tmp_497' <Predicate = (icmp_ln45_82)> <Delay = 0.00>
ST_1 : Operation 513 [1/1] (0.00ns) (grouped into LUT with out node add_ln46_82)   --->   "%or_ln46_248 = or i1 %tmp_497, i1 %icmp_ln46_165" [firmware/nnet_utils/nnet_activation.h:46]   --->   Operation 513 'or' 'or_ln46_248' <Predicate = (icmp_ln45_82)> <Delay = 0.00> <CoreInst = "LogicGate">   --->   Core 74 'LogicGate' <Latency = 0> <II = 1> <Delay = 0.12> <FuncUnit> <Opcode : 'and' 'or' 'xor'> <InPorts = 2> <OutPorts = 1>
ST_1 : Operation 514 [1/1] (0.00ns) (grouped into LUT with out node add_ln46_82)   --->   "%and_ln46_163 = and i1 %or_ln46_248, i1 %tmp_495" [firmware/nnet_utils/nnet_activation.h:46]   --->   Operation 514 'and' 'and_ln46_163' <Predicate = (icmp_ln45_82)> <Delay = 0.00> <CoreInst = "LogicGate">   --->   Core 74 'LogicGate' <Latency = 0> <II = 1> <Delay = 0.12> <FuncUnit> <Opcode : 'and' 'or' 'xor'> <InPorts = 2> <OutPorts = 1>
ST_1 : Operation 515 [1/1] (0.00ns) (grouped into LUT with out node add_ln46_82)   --->   "%zext_ln46_82 = zext i1 %and_ln46_163" [firmware/nnet_utils/nnet_activation.h:46]   --->   Operation 515 'zext' 'zext_ln46_82' <Predicate = (icmp_ln45_82)> <Delay = 0.00>
ST_1 : Operation 516 [1/1] (0.70ns) (out node of the LUT)   --->   "%add_ln46_82 = add i6 %trunc_ln46_80, i6 %zext_ln46_82" [firmware/nnet_utils/nnet_activation.h:46]   --->   Operation 516 'add' 'add_ln46_82' <Predicate = (icmp_ln45_82)> <Delay = 0.70> <CoreInst = "Adder">   --->   Core 1 'Adder' <Latency = 0> <II = 1> <Delay = 0.70> <FuncUnit> <Opcode : 'add' 'sub'> <InPorts = 2> <OutPorts = 1>
ST_1 : Operation 517 [1/1] (0.00ns)   --->   "%tmp_498 = partselect i8 @_ssdm_op_PartSelect.i8.i19.i32.i32, i19 %data_23_val_read, i32 11, i32 18" [firmware/nnet_utils/nnet_activation.h:46]   --->   Operation 517 'partselect' 'tmp_498' <Predicate = (icmp_ln45_82)> <Delay = 0.00>
ST_1 : Operation 518 [1/1] (0.70ns)   --->   "%icmp_ln46_166 = icmp_eq  i8 %tmp_498, i8 0" [firmware/nnet_utils/nnet_activation.h:46]   --->   Operation 518 'icmp' 'icmp_ln46_166' <Predicate = (icmp_ln45_82)> <Delay = 0.70> <CoreInst = "Cmp">   --->   Core 9 'Cmp' <Latency = 0> <II = 1> <Delay = 0.70> <FuncUnit> <Opcode : 'seteq' 'setne' 'setle' 'setge' 'setlt' 'setgt'> <InPorts = 2> <OutPorts = 1>
ST_1 : Operation 519 [1/1] (0.00ns) (grouped into LUT with out node empty_100)   --->   "%tmp_499 = bitselect i1 @_ssdm_op_BitSelect.i1.i6.i32, i6 %add_ln46_82, i32 5" [firmware/nnet_utils/nnet_activation.h:46]   --->   Operation 519 'bitselect' 'tmp_499' <Predicate = (icmp_ln45_82)> <Delay = 0.00>
ST_1 : Operation 520 [1/1] (0.00ns) (grouped into LUT with out node empty_100)   --->   "%not_tmp_582 = xor i1 %tmp_496, i1 1" [firmware/nnet_utils/nnet_activation.h:46]   --->   Operation 520 'xor' 'not_tmp_582' <Predicate = (icmp_ln45_82)> <Delay = 0.00> <CoreInst = "LogicGate">   --->   Core 74 'LogicGate' <Latency = 0> <II = 1> <Delay = 0.12> <FuncUnit> <Opcode : 'and' 'or' 'xor'> <InPorts = 2> <OutPorts = 1>
ST_1 : Operation 521 [1/1] (0.00ns) (grouped into LUT with out node empty_100)   --->   "%and_ln46_166 = or i1 %tmp_499, i1 %not_tmp_582" [firmware/nnet_utils/nnet_activation.h:46]   --->   Operation 521 'or' 'and_ln46_166' <Predicate = (icmp_ln45_82)> <Delay = 0.00> <CoreInst = "LogicGate">   --->   Core 74 'LogicGate' <Latency = 0> <II = 1> <Delay = 0.12> <FuncUnit> <Opcode : 'and' 'or' 'xor'> <InPorts = 2> <OutPorts = 1>
ST_1 : Operation 522 [1/1] (0.12ns) (out node of the LUT)   --->   "%empty_100 = and i1 %icmp_ln46_166, i1 %and_ln46_166" [firmware/nnet_utils/nnet_activation.h:46]   --->   Operation 522 'and' 'empty_100' <Predicate = (icmp_ln45_82)> <Delay = 0.12> <CoreInst = "LogicGate">   --->   Core 74 'LogicGate' <Latency = 0> <II = 1> <Delay = 0.12> <FuncUnit> <Opcode : 'and' 'or' 'xor'> <InPorts = 2> <OutPorts = 1>
ST_1 : Operation 523 [1/1] (0.00ns) (grouped into LUT with out node select_ln46_249)   --->   "%or_ln46_249 = or i1 %empty_100, i1 %tmp_494" [firmware/nnet_utils/nnet_activation.h:46]   --->   Operation 523 'or' 'or_ln46_249' <Predicate = (or_ln46_250 & icmp_ln45_82)> <Delay = 0.00> <CoreInst = "LogicGate">   --->   Core 74 'LogicGate' <Latency = 0> <II = 1> <Delay = 0.12> <FuncUnit> <Opcode : 'and' 'or' 'xor'> <InPorts = 2> <OutPorts = 1>
ST_1 : Operation 524 [1/1] (0.00ns) (grouped into LUT with out node res_23_0)   --->   "%xor_ln46_82 = xor i1 %empty_100, i1 1" [firmware/nnet_utils/nnet_activation.h:46]   --->   Operation 524 'xor' 'xor_ln46_82' <Predicate = (icmp_ln45_82)> <Delay = 0.00> <CoreInst = "LogicGate">   --->   Core 74 'LogicGate' <Latency = 0> <II = 1> <Delay = 0.12> <FuncUnit> <Opcode : 'and' 'or' 'xor'> <InPorts = 2> <OutPorts = 1>
ST_1 : Operation 525 [1/1] (0.00ns) (grouped into LUT with out node res_23_0)   --->   "%or_ln46_250 = or i1 %tmp_494, i1 %xor_ln46_82" [firmware/nnet_utils/nnet_activation.h:46]   --->   Operation 525 'or' 'or_ln46_250' <Predicate = (icmp_ln45_82)> <Delay = 0.00> <CoreInst = "LogicGate">   --->   Core 74 'LogicGate' <Latency = 0> <II = 1> <Delay = 0.12> <FuncUnit> <Opcode : 'and' 'or' 'xor'> <InPorts = 2> <OutPorts = 1>
ST_1 : Operation 526 [1/1] (0.00ns) (grouped into LUT with out node select_ln46_249)   --->   "%select_ln46_248 = select i1 %tmp_494, i6 0, i6 %add_ln46_82" [firmware/nnet_utils/nnet_activation.h:46]   --->   Operation 526 'select' 'select_ln46_248' <Predicate = (or_ln46_249 & or_ln46_250 & icmp_ln45_82)> <Delay = 0.00> <CoreInst = "Sel">   --->   Core 73 'Sel' <Latency = 0> <II = 1> <Delay = 0.29> <FuncUnit> <Opcode : 'select'> <InPorts = 3> <OutPorts = 1>
ST_1 : Operation 527 [1/1] (0.29ns) (out node of the LUT)   --->   "%select_ln46_249 = select i1 %or_ln46_249, i6 %select_ln46_248, i6 63" [firmware/nnet_utils/nnet_activation.h:46]   --->   Operation 527 'select' 'select_ln46_249' <Predicate = (or_ln46_250 & icmp_ln45_82)> <Delay = 0.29> <CoreInst = "Sel">   --->   Core 73 'Sel' <Latency = 0> <II = 1> <Delay = 0.29> <FuncUnit> <Opcode : 'select'> <InPorts = 3> <OutPorts = 1>
ST_1 : Operation 528 [1/1] (0.00ns) (grouped into LUT with out node res_23_0)   --->   "%select_ln46_250 = select i1 %or_ln46_250, i6 %select_ln46_249, i6 %add_ln46_82" [firmware/nnet_utils/nnet_activation.h:46]   --->   Operation 528 'select' 'select_ln46_250' <Predicate = (icmp_ln45_82)> <Delay = 0.00> <CoreInst = "Sel">   --->   Core 73 'Sel' <Latency = 0> <II = 1> <Delay = 0.29> <FuncUnit> <Opcode : 'select'> <InPorts = 3> <OutPorts = 1>
ST_1 : Operation 529 [1/1] (0.29ns) (out node of the LUT)   --->   "%res_23_0 = select i1 %icmp_ln45_82, i6 %select_ln46_250, i6 0" [firmware/nnet_utils/nnet_activation.h:45]   --->   Operation 529 'select' 'res_23_0' <Predicate = true> <Delay = 0.29> <CoreInst = "Sel">   --->   Core 73 'Sel' <Latency = 0> <II = 1> <Delay = 0.29> <FuncUnit> <Opcode : 'select'> <InPorts = 3> <OutPorts = 1>
ST_1 : Operation 530 [1/1] (0.80ns)   --->   "%icmp_ln45_83 = icmp_sgt  i19 %data_24_val_read, i19 0" [firmware/nnet_utils/nnet_activation.h:45]   --->   Operation 530 'icmp' 'icmp_ln45_83' <Predicate = true> <Delay = 0.80> <CoreInst = "Cmp">   --->   Core 9 'Cmp' <Latency = 0> <II = 1> <Delay = 0.80> <FuncUnit> <Opcode : 'seteq' 'setne' 'setle' 'setge' 'setlt' 'setgt'> <InPorts = 2> <OutPorts = 1>
ST_1 : Operation 531 [1/1] (0.00ns)   --->   "%tmp_500 = bitselect i1 @_ssdm_op_BitSelect.i1.i19.i32, i19 %data_24_val_read, i32 18" [firmware/nnet_utils/nnet_activation.h:46]   --->   Operation 531 'bitselect' 'tmp_500' <Predicate = (icmp_ln45_83)> <Delay = 0.00>
ST_1 : Operation 532 [1/1] (0.00ns) (grouped into LUT with out node add_ln46_83)   --->   "%trunc_ln46_81 = partselect i6 @_ssdm_op_PartSelect.i6.i19.i32.i32, i19 %data_24_val_read, i32 5, i32 10" [firmware/nnet_utils/nnet_activation.h:46]   --->   Operation 532 'partselect' 'trunc_ln46_81' <Predicate = (icmp_ln45_83)> <Delay = 0.00>
ST_1 : Operation 533 [1/1] (0.00ns) (grouped into LUT with out node add_ln46_83)   --->   "%tmp_501 = bitselect i1 @_ssdm_op_BitSelect.i1.i19.i32, i19 %data_24_val_read, i32 4" [firmware/nnet_utils/nnet_activation.h:46]   --->   Operation 533 'bitselect' 'tmp_501' <Predicate = (icmp_ln45_83)> <Delay = 0.00>
ST_1 : Operation 534 [1/1] (0.00ns)   --->   "%trunc_ln46_145 = trunc i19 %data_24_val_read" [firmware/nnet_utils/nnet_activation.h:46]   --->   Operation 534 'trunc' 'trunc_ln46_145' <Predicate = (icmp_ln45_83)> <Delay = 0.00>
ST_1 : Operation 535 [1/1] (0.70ns)   --->   "%icmp_ln46_167 = icmp_ne  i4 %trunc_ln46_145, i4 0" [firmware/nnet_utils/nnet_activation.h:46]   --->   Operation 535 'icmp' 'icmp_ln46_167' <Predicate = (icmp_ln45_83)> <Delay = 0.70> <CoreInst = "Cmp">   --->   Core 9 'Cmp' <Latency = 0> <II = 1> <Delay = 0.70> <FuncUnit> <Opcode : 'seteq' 'setne' 'setle' 'setge' 'setlt' 'setgt'> <InPorts = 2> <OutPorts = 1>
ST_1 : Operation 536 [1/1] (0.00ns) (grouped into LUT with out node empty_101)   --->   "%tmp_502 = bitselect i1 @_ssdm_op_BitSelect.i1.i19.i32, i19 %data_24_val_read, i32 10" [firmware/nnet_utils/nnet_activation.h:46]   --->   Operation 536 'bitselect' 'tmp_502' <Predicate = (icmp_ln45_83)> <Delay = 0.00>
ST_1 : Operation 537 [1/1] (0.00ns) (grouped into LUT with out node add_ln46_83)   --->   "%tmp_503 = bitselect i1 @_ssdm_op_BitSelect.i1.i19.i32, i19 %data_24_val_read, i32 5" [firmware/nnet_utils/nnet_activation.h:46]   --->   Operation 537 'bitselect' 'tmp_503' <Predicate = (icmp_ln45_83)> <Delay = 0.00>
ST_1 : Operation 538 [1/1] (0.00ns) (grouped into LUT with out node add_ln46_83)   --->   "%or_ln46_251 = or i1 %tmp_503, i1 %icmp_ln46_167" [firmware/nnet_utils/nnet_activation.h:46]   --->   Operation 538 'or' 'or_ln46_251' <Predicate = (icmp_ln45_83)> <Delay = 0.00> <CoreInst = "LogicGate">   --->   Core 74 'LogicGate' <Latency = 0> <II = 1> <Delay = 0.12> <FuncUnit> <Opcode : 'and' 'or' 'xor'> <InPorts = 2> <OutPorts = 1>
ST_1 : Operation 539 [1/1] (0.00ns) (grouped into LUT with out node add_ln46_83)   --->   "%and_ln46_165 = and i1 %or_ln46_251, i1 %tmp_501" [firmware/nnet_utils/nnet_activation.h:46]   --->   Operation 539 'and' 'and_ln46_165' <Predicate = (icmp_ln45_83)> <Delay = 0.00> <CoreInst = "LogicGate">   --->   Core 74 'LogicGate' <Latency = 0> <II = 1> <Delay = 0.12> <FuncUnit> <Opcode : 'and' 'or' 'xor'> <InPorts = 2> <OutPorts = 1>
ST_1 : Operation 540 [1/1] (0.00ns) (grouped into LUT with out node add_ln46_83)   --->   "%zext_ln46_83 = zext i1 %and_ln46_165" [firmware/nnet_utils/nnet_activation.h:46]   --->   Operation 540 'zext' 'zext_ln46_83' <Predicate = (icmp_ln45_83)> <Delay = 0.00>
ST_1 : Operation 541 [1/1] (0.70ns) (out node of the LUT)   --->   "%add_ln46_83 = add i6 %trunc_ln46_81, i6 %zext_ln46_83" [firmware/nnet_utils/nnet_activation.h:46]   --->   Operation 541 'add' 'add_ln46_83' <Predicate = (icmp_ln45_83)> <Delay = 0.70> <CoreInst = "Adder">   --->   Core 1 'Adder' <Latency = 0> <II = 1> <Delay = 0.70> <FuncUnit> <Opcode : 'add' 'sub'> <InPorts = 2> <OutPorts = 1>
ST_1 : Operation 542 [1/1] (0.00ns)   --->   "%tmp_504 = partselect i8 @_ssdm_op_PartSelect.i8.i19.i32.i32, i19 %data_24_val_read, i32 11, i32 18" [firmware/nnet_utils/nnet_activation.h:46]   --->   Operation 542 'partselect' 'tmp_504' <Predicate = (icmp_ln45_83)> <Delay = 0.00>
ST_1 : Operation 543 [1/1] (0.70ns)   --->   "%icmp_ln46_168 = icmp_eq  i8 %tmp_504, i8 0" [firmware/nnet_utils/nnet_activation.h:46]   --->   Operation 543 'icmp' 'icmp_ln46_168' <Predicate = (icmp_ln45_83)> <Delay = 0.70> <CoreInst = "Cmp">   --->   Core 9 'Cmp' <Latency = 0> <II = 1> <Delay = 0.70> <FuncUnit> <Opcode : 'seteq' 'setne' 'setle' 'setge' 'setlt' 'setgt'> <InPorts = 2> <OutPorts = 1>
ST_1 : Operation 544 [1/1] (0.00ns) (grouped into LUT with out node empty_101)   --->   "%tmp_505 = bitselect i1 @_ssdm_op_BitSelect.i1.i6.i32, i6 %add_ln46_83, i32 5" [firmware/nnet_utils/nnet_activation.h:46]   --->   Operation 544 'bitselect' 'tmp_505' <Predicate = (icmp_ln45_83)> <Delay = 0.00>
ST_1 : Operation 545 [1/1] (0.00ns) (grouped into LUT with out node empty_101)   --->   "%not_tmp_589 = xor i1 %tmp_502, i1 1" [firmware/nnet_utils/nnet_activation.h:46]   --->   Operation 545 'xor' 'not_tmp_589' <Predicate = (icmp_ln45_83)> <Delay = 0.00> <CoreInst = "LogicGate">   --->   Core 74 'LogicGate' <Latency = 0> <II = 1> <Delay = 0.12> <FuncUnit> <Opcode : 'and' 'or' 'xor'> <InPorts = 2> <OutPorts = 1>
ST_1 : Operation 546 [1/1] (0.00ns) (grouped into LUT with out node empty_101)   --->   "%and_ln46_168 = or i1 %tmp_505, i1 %not_tmp_589" [firmware/nnet_utils/nnet_activation.h:46]   --->   Operation 546 'or' 'and_ln46_168' <Predicate = (icmp_ln45_83)> <Delay = 0.00> <CoreInst = "LogicGate">   --->   Core 74 'LogicGate' <Latency = 0> <II = 1> <Delay = 0.12> <FuncUnit> <Opcode : 'and' 'or' 'xor'> <InPorts = 2> <OutPorts = 1>
ST_1 : Operation 547 [1/1] (0.12ns) (out node of the LUT)   --->   "%empty_101 = and i1 %icmp_ln46_168, i1 %and_ln46_168" [firmware/nnet_utils/nnet_activation.h:46]   --->   Operation 547 'and' 'empty_101' <Predicate = (icmp_ln45_83)> <Delay = 0.12> <CoreInst = "LogicGate">   --->   Core 74 'LogicGate' <Latency = 0> <II = 1> <Delay = 0.12> <FuncUnit> <Opcode : 'and' 'or' 'xor'> <InPorts = 2> <OutPorts = 1>
ST_1 : Operation 548 [1/1] (0.00ns) (grouped into LUT with out node select_ln46_252)   --->   "%or_ln46_252 = or i1 %empty_101, i1 %tmp_500" [firmware/nnet_utils/nnet_activation.h:46]   --->   Operation 548 'or' 'or_ln46_252' <Predicate = (or_ln46_253 & icmp_ln45_83)> <Delay = 0.00> <CoreInst = "LogicGate">   --->   Core 74 'LogicGate' <Latency = 0> <II = 1> <Delay = 0.12> <FuncUnit> <Opcode : 'and' 'or' 'xor'> <InPorts = 2> <OutPorts = 1>
ST_1 : Operation 549 [1/1] (0.00ns) (grouped into LUT with out node res_24_0)   --->   "%xor_ln46_83 = xor i1 %empty_101, i1 1" [firmware/nnet_utils/nnet_activation.h:46]   --->   Operation 549 'xor' 'xor_ln46_83' <Predicate = (icmp_ln45_83)> <Delay = 0.00> <CoreInst = "LogicGate">   --->   Core 74 'LogicGate' <Latency = 0> <II = 1> <Delay = 0.12> <FuncUnit> <Opcode : 'and' 'or' 'xor'> <InPorts = 2> <OutPorts = 1>
ST_1 : Operation 550 [1/1] (0.00ns) (grouped into LUT with out node res_24_0)   --->   "%or_ln46_253 = or i1 %tmp_500, i1 %xor_ln46_83" [firmware/nnet_utils/nnet_activation.h:46]   --->   Operation 550 'or' 'or_ln46_253' <Predicate = (icmp_ln45_83)> <Delay = 0.00> <CoreInst = "LogicGate">   --->   Core 74 'LogicGate' <Latency = 0> <II = 1> <Delay = 0.12> <FuncUnit> <Opcode : 'and' 'or' 'xor'> <InPorts = 2> <OutPorts = 1>
ST_1 : Operation 551 [1/1] (0.00ns) (grouped into LUT with out node select_ln46_252)   --->   "%select_ln46_251 = select i1 %tmp_500, i6 0, i6 %add_ln46_83" [firmware/nnet_utils/nnet_activation.h:46]   --->   Operation 551 'select' 'select_ln46_251' <Predicate = (or_ln46_252 & or_ln46_253 & icmp_ln45_83)> <Delay = 0.00> <CoreInst = "Sel">   --->   Core 73 'Sel' <Latency = 0> <II = 1> <Delay = 0.29> <FuncUnit> <Opcode : 'select'> <InPorts = 3> <OutPorts = 1>
ST_1 : Operation 552 [1/1] (0.29ns) (out node of the LUT)   --->   "%select_ln46_252 = select i1 %or_ln46_252, i6 %select_ln46_251, i6 63" [firmware/nnet_utils/nnet_activation.h:46]   --->   Operation 552 'select' 'select_ln46_252' <Predicate = (or_ln46_253 & icmp_ln45_83)> <Delay = 0.29> <CoreInst = "Sel">   --->   Core 73 'Sel' <Latency = 0> <II = 1> <Delay = 0.29> <FuncUnit> <Opcode : 'select'> <InPorts = 3> <OutPorts = 1>
ST_1 : Operation 553 [1/1] (0.00ns) (grouped into LUT with out node res_24_0)   --->   "%select_ln46_253 = select i1 %or_ln46_253, i6 %select_ln46_252, i6 %add_ln46_83" [firmware/nnet_utils/nnet_activation.h:46]   --->   Operation 553 'select' 'select_ln46_253' <Predicate = (icmp_ln45_83)> <Delay = 0.00> <CoreInst = "Sel">   --->   Core 73 'Sel' <Latency = 0> <II = 1> <Delay = 0.29> <FuncUnit> <Opcode : 'select'> <InPorts = 3> <OutPorts = 1>
ST_1 : Operation 554 [1/1] (0.29ns) (out node of the LUT)   --->   "%res_24_0 = select i1 %icmp_ln45_83, i6 %select_ln46_253, i6 0" [firmware/nnet_utils/nnet_activation.h:45]   --->   Operation 554 'select' 'res_24_0' <Predicate = true> <Delay = 0.29> <CoreInst = "Sel">   --->   Core 73 'Sel' <Latency = 0> <II = 1> <Delay = 0.29> <FuncUnit> <Opcode : 'select'> <InPorts = 3> <OutPorts = 1>
ST_1 : Operation 555 [1/1] (0.80ns)   --->   "%icmp_ln45_84 = icmp_sgt  i19 %data_25_val_read, i19 0" [firmware/nnet_utils/nnet_activation.h:45]   --->   Operation 555 'icmp' 'icmp_ln45_84' <Predicate = true> <Delay = 0.80> <CoreInst = "Cmp">   --->   Core 9 'Cmp' <Latency = 0> <II = 1> <Delay = 0.80> <FuncUnit> <Opcode : 'seteq' 'setne' 'setle' 'setge' 'setlt' 'setgt'> <InPorts = 2> <OutPorts = 1>
ST_1 : Operation 556 [1/1] (0.00ns)   --->   "%tmp_506 = bitselect i1 @_ssdm_op_BitSelect.i1.i19.i32, i19 %data_25_val_read, i32 18" [firmware/nnet_utils/nnet_activation.h:46]   --->   Operation 556 'bitselect' 'tmp_506' <Predicate = (icmp_ln45_84)> <Delay = 0.00>
ST_1 : Operation 557 [1/1] (0.00ns) (grouped into LUT with out node add_ln46_84)   --->   "%trunc_ln46_82 = partselect i6 @_ssdm_op_PartSelect.i6.i19.i32.i32, i19 %data_25_val_read, i32 5, i32 10" [firmware/nnet_utils/nnet_activation.h:46]   --->   Operation 557 'partselect' 'trunc_ln46_82' <Predicate = (icmp_ln45_84)> <Delay = 0.00>
ST_1 : Operation 558 [1/1] (0.00ns) (grouped into LUT with out node add_ln46_84)   --->   "%tmp_507 = bitselect i1 @_ssdm_op_BitSelect.i1.i19.i32, i19 %data_25_val_read, i32 4" [firmware/nnet_utils/nnet_activation.h:46]   --->   Operation 558 'bitselect' 'tmp_507' <Predicate = (icmp_ln45_84)> <Delay = 0.00>
ST_1 : Operation 559 [1/1] (0.00ns)   --->   "%trunc_ln46_146 = trunc i19 %data_25_val_read" [firmware/nnet_utils/nnet_activation.h:46]   --->   Operation 559 'trunc' 'trunc_ln46_146' <Predicate = (icmp_ln45_84)> <Delay = 0.00>
ST_1 : Operation 560 [1/1] (0.70ns)   --->   "%icmp_ln46_169 = icmp_ne  i4 %trunc_ln46_146, i4 0" [firmware/nnet_utils/nnet_activation.h:46]   --->   Operation 560 'icmp' 'icmp_ln46_169' <Predicate = (icmp_ln45_84)> <Delay = 0.70> <CoreInst = "Cmp">   --->   Core 9 'Cmp' <Latency = 0> <II = 1> <Delay = 0.70> <FuncUnit> <Opcode : 'seteq' 'setne' 'setle' 'setge' 'setlt' 'setgt'> <InPorts = 2> <OutPorts = 1>
ST_1 : Operation 561 [1/1] (0.00ns) (grouped into LUT with out node empty_102)   --->   "%tmp_508 = bitselect i1 @_ssdm_op_BitSelect.i1.i19.i32, i19 %data_25_val_read, i32 10" [firmware/nnet_utils/nnet_activation.h:46]   --->   Operation 561 'bitselect' 'tmp_508' <Predicate = (icmp_ln45_84)> <Delay = 0.00>
ST_1 : Operation 562 [1/1] (0.00ns) (grouped into LUT with out node add_ln46_84)   --->   "%tmp_509 = bitselect i1 @_ssdm_op_BitSelect.i1.i19.i32, i19 %data_25_val_read, i32 5" [firmware/nnet_utils/nnet_activation.h:46]   --->   Operation 562 'bitselect' 'tmp_509' <Predicate = (icmp_ln45_84)> <Delay = 0.00>
ST_1 : Operation 563 [1/1] (0.00ns) (grouped into LUT with out node add_ln46_84)   --->   "%or_ln46_254 = or i1 %tmp_509, i1 %icmp_ln46_169" [firmware/nnet_utils/nnet_activation.h:46]   --->   Operation 563 'or' 'or_ln46_254' <Predicate = (icmp_ln45_84)> <Delay = 0.00> <CoreInst = "LogicGate">   --->   Core 74 'LogicGate' <Latency = 0> <II = 1> <Delay = 0.12> <FuncUnit> <Opcode : 'and' 'or' 'xor'> <InPorts = 2> <OutPorts = 1>
ST_1 : Operation 564 [1/1] (0.00ns) (grouped into LUT with out node add_ln46_84)   --->   "%and_ln46_167 = and i1 %or_ln46_254, i1 %tmp_507" [firmware/nnet_utils/nnet_activation.h:46]   --->   Operation 564 'and' 'and_ln46_167' <Predicate = (icmp_ln45_84)> <Delay = 0.00> <CoreInst = "LogicGate">   --->   Core 74 'LogicGate' <Latency = 0> <II = 1> <Delay = 0.12> <FuncUnit> <Opcode : 'and' 'or' 'xor'> <InPorts = 2> <OutPorts = 1>
ST_1 : Operation 565 [1/1] (0.00ns) (grouped into LUT with out node add_ln46_84)   --->   "%zext_ln46_84 = zext i1 %and_ln46_167" [firmware/nnet_utils/nnet_activation.h:46]   --->   Operation 565 'zext' 'zext_ln46_84' <Predicate = (icmp_ln45_84)> <Delay = 0.00>
ST_1 : Operation 566 [1/1] (0.70ns) (out node of the LUT)   --->   "%add_ln46_84 = add i6 %trunc_ln46_82, i6 %zext_ln46_84" [firmware/nnet_utils/nnet_activation.h:46]   --->   Operation 566 'add' 'add_ln46_84' <Predicate = (icmp_ln45_84)> <Delay = 0.70> <CoreInst = "Adder">   --->   Core 1 'Adder' <Latency = 0> <II = 1> <Delay = 0.70> <FuncUnit> <Opcode : 'add' 'sub'> <InPorts = 2> <OutPorts = 1>
ST_1 : Operation 567 [1/1] (0.00ns)   --->   "%tmp_510 = partselect i8 @_ssdm_op_PartSelect.i8.i19.i32.i32, i19 %data_25_val_read, i32 11, i32 18" [firmware/nnet_utils/nnet_activation.h:46]   --->   Operation 567 'partselect' 'tmp_510' <Predicate = (icmp_ln45_84)> <Delay = 0.00>
ST_1 : Operation 568 [1/1] (0.70ns)   --->   "%icmp_ln46_170 = icmp_eq  i8 %tmp_510, i8 0" [firmware/nnet_utils/nnet_activation.h:46]   --->   Operation 568 'icmp' 'icmp_ln46_170' <Predicate = (icmp_ln45_84)> <Delay = 0.70> <CoreInst = "Cmp">   --->   Core 9 'Cmp' <Latency = 0> <II = 1> <Delay = 0.70> <FuncUnit> <Opcode : 'seteq' 'setne' 'setle' 'setge' 'setlt' 'setgt'> <InPorts = 2> <OutPorts = 1>
ST_1 : Operation 569 [1/1] (0.00ns) (grouped into LUT with out node empty_102)   --->   "%tmp_511 = bitselect i1 @_ssdm_op_BitSelect.i1.i6.i32, i6 %add_ln46_84, i32 5" [firmware/nnet_utils/nnet_activation.h:46]   --->   Operation 569 'bitselect' 'tmp_511' <Predicate = (icmp_ln45_84)> <Delay = 0.00>
ST_1 : Operation 570 [1/1] (0.00ns) (grouped into LUT with out node empty_102)   --->   "%not_tmp_596 = xor i1 %tmp_508, i1 1" [firmware/nnet_utils/nnet_activation.h:46]   --->   Operation 570 'xor' 'not_tmp_596' <Predicate = (icmp_ln45_84)> <Delay = 0.00> <CoreInst = "LogicGate">   --->   Core 74 'LogicGate' <Latency = 0> <II = 1> <Delay = 0.12> <FuncUnit> <Opcode : 'and' 'or' 'xor'> <InPorts = 2> <OutPorts = 1>
ST_1 : Operation 571 [1/1] (0.00ns) (grouped into LUT with out node empty_102)   --->   "%and_ln46_170 = or i1 %tmp_511, i1 %not_tmp_596" [firmware/nnet_utils/nnet_activation.h:46]   --->   Operation 571 'or' 'and_ln46_170' <Predicate = (icmp_ln45_84)> <Delay = 0.00> <CoreInst = "LogicGate">   --->   Core 74 'LogicGate' <Latency = 0> <II = 1> <Delay = 0.12> <FuncUnit> <Opcode : 'and' 'or' 'xor'> <InPorts = 2> <OutPorts = 1>
ST_1 : Operation 572 [1/1] (0.12ns) (out node of the LUT)   --->   "%empty_102 = and i1 %icmp_ln46_170, i1 %and_ln46_170" [firmware/nnet_utils/nnet_activation.h:46]   --->   Operation 572 'and' 'empty_102' <Predicate = (icmp_ln45_84)> <Delay = 0.12> <CoreInst = "LogicGate">   --->   Core 74 'LogicGate' <Latency = 0> <II = 1> <Delay = 0.12> <FuncUnit> <Opcode : 'and' 'or' 'xor'> <InPorts = 2> <OutPorts = 1>
ST_1 : Operation 573 [1/1] (0.00ns) (grouped into LUT with out node select_ln46_255)   --->   "%or_ln46_255 = or i1 %empty_102, i1 %tmp_506" [firmware/nnet_utils/nnet_activation.h:46]   --->   Operation 573 'or' 'or_ln46_255' <Predicate = (or_ln46_256 & icmp_ln45_84)> <Delay = 0.00> <CoreInst = "LogicGate">   --->   Core 74 'LogicGate' <Latency = 0> <II = 1> <Delay = 0.12> <FuncUnit> <Opcode : 'and' 'or' 'xor'> <InPorts = 2> <OutPorts = 1>
ST_1 : Operation 574 [1/1] (0.00ns) (grouped into LUT with out node res_25_0)   --->   "%xor_ln46_84 = xor i1 %empty_102, i1 1" [firmware/nnet_utils/nnet_activation.h:46]   --->   Operation 574 'xor' 'xor_ln46_84' <Predicate = (icmp_ln45_84)> <Delay = 0.00> <CoreInst = "LogicGate">   --->   Core 74 'LogicGate' <Latency = 0> <II = 1> <Delay = 0.12> <FuncUnit> <Opcode : 'and' 'or' 'xor'> <InPorts = 2> <OutPorts = 1>
ST_1 : Operation 575 [1/1] (0.00ns) (grouped into LUT with out node res_25_0)   --->   "%or_ln46_256 = or i1 %tmp_506, i1 %xor_ln46_84" [firmware/nnet_utils/nnet_activation.h:46]   --->   Operation 575 'or' 'or_ln46_256' <Predicate = (icmp_ln45_84)> <Delay = 0.00> <CoreInst = "LogicGate">   --->   Core 74 'LogicGate' <Latency = 0> <II = 1> <Delay = 0.12> <FuncUnit> <Opcode : 'and' 'or' 'xor'> <InPorts = 2> <OutPorts = 1>
ST_1 : Operation 576 [1/1] (0.00ns) (grouped into LUT with out node select_ln46_255)   --->   "%select_ln46_254 = select i1 %tmp_506, i6 0, i6 %add_ln46_84" [firmware/nnet_utils/nnet_activation.h:46]   --->   Operation 576 'select' 'select_ln46_254' <Predicate = (or_ln46_255 & or_ln46_256 & icmp_ln45_84)> <Delay = 0.00> <CoreInst = "Sel">   --->   Core 73 'Sel' <Latency = 0> <II = 1> <Delay = 0.29> <FuncUnit> <Opcode : 'select'> <InPorts = 3> <OutPorts = 1>
ST_1 : Operation 577 [1/1] (0.29ns) (out node of the LUT)   --->   "%select_ln46_255 = select i1 %or_ln46_255, i6 %select_ln46_254, i6 63" [firmware/nnet_utils/nnet_activation.h:46]   --->   Operation 577 'select' 'select_ln46_255' <Predicate = (or_ln46_256 & icmp_ln45_84)> <Delay = 0.29> <CoreInst = "Sel">   --->   Core 73 'Sel' <Latency = 0> <II = 1> <Delay = 0.29> <FuncUnit> <Opcode : 'select'> <InPorts = 3> <OutPorts = 1>
ST_1 : Operation 578 [1/1] (0.00ns) (grouped into LUT with out node res_25_0)   --->   "%select_ln46_256 = select i1 %or_ln46_256, i6 %select_ln46_255, i6 %add_ln46_84" [firmware/nnet_utils/nnet_activation.h:46]   --->   Operation 578 'select' 'select_ln46_256' <Predicate = (icmp_ln45_84)> <Delay = 0.00> <CoreInst = "Sel">   --->   Core 73 'Sel' <Latency = 0> <II = 1> <Delay = 0.29> <FuncUnit> <Opcode : 'select'> <InPorts = 3> <OutPorts = 1>
ST_1 : Operation 579 [1/1] (0.29ns) (out node of the LUT)   --->   "%res_25_0 = select i1 %icmp_ln45_84, i6 %select_ln46_256, i6 0" [firmware/nnet_utils/nnet_activation.h:45]   --->   Operation 579 'select' 'res_25_0' <Predicate = true> <Delay = 0.29> <CoreInst = "Sel">   --->   Core 73 'Sel' <Latency = 0> <II = 1> <Delay = 0.29> <FuncUnit> <Opcode : 'select'> <InPorts = 3> <OutPorts = 1>
ST_1 : Operation 580 [1/1] (0.80ns)   --->   "%icmp_ln45_85 = icmp_sgt  i19 %data_27_val_read, i19 0" [firmware/nnet_utils/nnet_activation.h:45]   --->   Operation 580 'icmp' 'icmp_ln45_85' <Predicate = true> <Delay = 0.80> <CoreInst = "Cmp">   --->   Core 9 'Cmp' <Latency = 0> <II = 1> <Delay = 0.80> <FuncUnit> <Opcode : 'seteq' 'setne' 'setle' 'setge' 'setlt' 'setgt'> <InPorts = 2> <OutPorts = 1>
ST_1 : Operation 581 [1/1] (0.00ns)   --->   "%tmp_512 = bitselect i1 @_ssdm_op_BitSelect.i1.i19.i32, i19 %data_27_val_read, i32 18" [firmware/nnet_utils/nnet_activation.h:46]   --->   Operation 581 'bitselect' 'tmp_512' <Predicate = (icmp_ln45_85)> <Delay = 0.00>
ST_1 : Operation 582 [1/1] (0.00ns) (grouped into LUT with out node add_ln46_85)   --->   "%trunc_ln46_83 = partselect i6 @_ssdm_op_PartSelect.i6.i19.i32.i32, i19 %data_27_val_read, i32 5, i32 10" [firmware/nnet_utils/nnet_activation.h:46]   --->   Operation 582 'partselect' 'trunc_ln46_83' <Predicate = (icmp_ln45_85)> <Delay = 0.00>
ST_1 : Operation 583 [1/1] (0.00ns) (grouped into LUT with out node add_ln46_85)   --->   "%tmp_513 = bitselect i1 @_ssdm_op_BitSelect.i1.i19.i32, i19 %data_27_val_read, i32 4" [firmware/nnet_utils/nnet_activation.h:46]   --->   Operation 583 'bitselect' 'tmp_513' <Predicate = (icmp_ln45_85)> <Delay = 0.00>
ST_1 : Operation 584 [1/1] (0.00ns)   --->   "%trunc_ln46_147 = trunc i19 %data_27_val_read" [firmware/nnet_utils/nnet_activation.h:46]   --->   Operation 584 'trunc' 'trunc_ln46_147' <Predicate = (icmp_ln45_85)> <Delay = 0.00>
ST_1 : Operation 585 [1/1] (0.70ns)   --->   "%icmp_ln46_171 = icmp_ne  i4 %trunc_ln46_147, i4 0" [firmware/nnet_utils/nnet_activation.h:46]   --->   Operation 585 'icmp' 'icmp_ln46_171' <Predicate = (icmp_ln45_85)> <Delay = 0.70> <CoreInst = "Cmp">   --->   Core 9 'Cmp' <Latency = 0> <II = 1> <Delay = 0.70> <FuncUnit> <Opcode : 'seteq' 'setne' 'setle' 'setge' 'setlt' 'setgt'> <InPorts = 2> <OutPorts = 1>
ST_1 : Operation 586 [1/1] (0.00ns) (grouped into LUT with out node empty_103)   --->   "%tmp_514 = bitselect i1 @_ssdm_op_BitSelect.i1.i19.i32, i19 %data_27_val_read, i32 10" [firmware/nnet_utils/nnet_activation.h:46]   --->   Operation 586 'bitselect' 'tmp_514' <Predicate = (icmp_ln45_85)> <Delay = 0.00>
ST_1 : Operation 587 [1/1] (0.00ns) (grouped into LUT with out node add_ln46_85)   --->   "%tmp_515 = bitselect i1 @_ssdm_op_BitSelect.i1.i19.i32, i19 %data_27_val_read, i32 5" [firmware/nnet_utils/nnet_activation.h:46]   --->   Operation 587 'bitselect' 'tmp_515' <Predicate = (icmp_ln45_85)> <Delay = 0.00>
ST_1 : Operation 588 [1/1] (0.00ns) (grouped into LUT with out node add_ln46_85)   --->   "%or_ln46_257 = or i1 %tmp_515, i1 %icmp_ln46_171" [firmware/nnet_utils/nnet_activation.h:46]   --->   Operation 588 'or' 'or_ln46_257' <Predicate = (icmp_ln45_85)> <Delay = 0.00> <CoreInst = "LogicGate">   --->   Core 74 'LogicGate' <Latency = 0> <II = 1> <Delay = 0.12> <FuncUnit> <Opcode : 'and' 'or' 'xor'> <InPorts = 2> <OutPorts = 1>
ST_1 : Operation 589 [1/1] (0.00ns) (grouped into LUT with out node add_ln46_85)   --->   "%and_ln46_169 = and i1 %or_ln46_257, i1 %tmp_513" [firmware/nnet_utils/nnet_activation.h:46]   --->   Operation 589 'and' 'and_ln46_169' <Predicate = (icmp_ln45_85)> <Delay = 0.00> <CoreInst = "LogicGate">   --->   Core 74 'LogicGate' <Latency = 0> <II = 1> <Delay = 0.12> <FuncUnit> <Opcode : 'and' 'or' 'xor'> <InPorts = 2> <OutPorts = 1>
ST_1 : Operation 590 [1/1] (0.00ns) (grouped into LUT with out node add_ln46_85)   --->   "%zext_ln46_85 = zext i1 %and_ln46_169" [firmware/nnet_utils/nnet_activation.h:46]   --->   Operation 590 'zext' 'zext_ln46_85' <Predicate = (icmp_ln45_85)> <Delay = 0.00>
ST_1 : Operation 591 [1/1] (0.70ns) (out node of the LUT)   --->   "%add_ln46_85 = add i6 %trunc_ln46_83, i6 %zext_ln46_85" [firmware/nnet_utils/nnet_activation.h:46]   --->   Operation 591 'add' 'add_ln46_85' <Predicate = (icmp_ln45_85)> <Delay = 0.70> <CoreInst = "Adder">   --->   Core 1 'Adder' <Latency = 0> <II = 1> <Delay = 0.70> <FuncUnit> <Opcode : 'add' 'sub'> <InPorts = 2> <OutPorts = 1>
ST_1 : Operation 592 [1/1] (0.00ns)   --->   "%tmp_516 = partselect i8 @_ssdm_op_PartSelect.i8.i19.i32.i32, i19 %data_27_val_read, i32 11, i32 18" [firmware/nnet_utils/nnet_activation.h:46]   --->   Operation 592 'partselect' 'tmp_516' <Predicate = (icmp_ln45_85)> <Delay = 0.00>
ST_1 : Operation 593 [1/1] (0.70ns)   --->   "%icmp_ln46_172 = icmp_eq  i8 %tmp_516, i8 0" [firmware/nnet_utils/nnet_activation.h:46]   --->   Operation 593 'icmp' 'icmp_ln46_172' <Predicate = (icmp_ln45_85)> <Delay = 0.70> <CoreInst = "Cmp">   --->   Core 9 'Cmp' <Latency = 0> <II = 1> <Delay = 0.70> <FuncUnit> <Opcode : 'seteq' 'setne' 'setle' 'setge' 'setlt' 'setgt'> <InPorts = 2> <OutPorts = 1>
ST_1 : Operation 594 [1/1] (0.00ns) (grouped into LUT with out node empty_103)   --->   "%tmp_517 = bitselect i1 @_ssdm_op_BitSelect.i1.i6.i32, i6 %add_ln46_85, i32 5" [firmware/nnet_utils/nnet_activation.h:46]   --->   Operation 594 'bitselect' 'tmp_517' <Predicate = (icmp_ln45_85)> <Delay = 0.00>
ST_1 : Operation 595 [1/1] (0.00ns) (grouped into LUT with out node empty_103)   --->   "%not_tmp_603 = xor i1 %tmp_514, i1 1" [firmware/nnet_utils/nnet_activation.h:46]   --->   Operation 595 'xor' 'not_tmp_603' <Predicate = (icmp_ln45_85)> <Delay = 0.00> <CoreInst = "LogicGate">   --->   Core 74 'LogicGate' <Latency = 0> <II = 1> <Delay = 0.12> <FuncUnit> <Opcode : 'and' 'or' 'xor'> <InPorts = 2> <OutPorts = 1>
ST_1 : Operation 596 [1/1] (0.00ns) (grouped into LUT with out node empty_103)   --->   "%and_ln46_172 = or i1 %tmp_517, i1 %not_tmp_603" [firmware/nnet_utils/nnet_activation.h:46]   --->   Operation 596 'or' 'and_ln46_172' <Predicate = (icmp_ln45_85)> <Delay = 0.00> <CoreInst = "LogicGate">   --->   Core 74 'LogicGate' <Latency = 0> <II = 1> <Delay = 0.12> <FuncUnit> <Opcode : 'and' 'or' 'xor'> <InPorts = 2> <OutPorts = 1>
ST_1 : Operation 597 [1/1] (0.12ns) (out node of the LUT)   --->   "%empty_103 = and i1 %icmp_ln46_172, i1 %and_ln46_172" [firmware/nnet_utils/nnet_activation.h:46]   --->   Operation 597 'and' 'empty_103' <Predicate = (icmp_ln45_85)> <Delay = 0.12> <CoreInst = "LogicGate">   --->   Core 74 'LogicGate' <Latency = 0> <II = 1> <Delay = 0.12> <FuncUnit> <Opcode : 'and' 'or' 'xor'> <InPorts = 2> <OutPorts = 1>
ST_1 : Operation 598 [1/1] (0.00ns) (grouped into LUT with out node select_ln46_258)   --->   "%or_ln46_258 = or i1 %empty_103, i1 %tmp_512" [firmware/nnet_utils/nnet_activation.h:46]   --->   Operation 598 'or' 'or_ln46_258' <Predicate = (or_ln46_259 & icmp_ln45_85)> <Delay = 0.00> <CoreInst = "LogicGate">   --->   Core 74 'LogicGate' <Latency = 0> <II = 1> <Delay = 0.12> <FuncUnit> <Opcode : 'and' 'or' 'xor'> <InPorts = 2> <OutPorts = 1>
ST_1 : Operation 599 [1/1] (0.00ns) (grouped into LUT with out node res_2786_0)   --->   "%xor_ln46_85 = xor i1 %empty_103, i1 1" [firmware/nnet_utils/nnet_activation.h:46]   --->   Operation 599 'xor' 'xor_ln46_85' <Predicate = (icmp_ln45_85)> <Delay = 0.00> <CoreInst = "LogicGate">   --->   Core 74 'LogicGate' <Latency = 0> <II = 1> <Delay = 0.12> <FuncUnit> <Opcode : 'and' 'or' 'xor'> <InPorts = 2> <OutPorts = 1>
ST_1 : Operation 600 [1/1] (0.00ns) (grouped into LUT with out node res_2786_0)   --->   "%or_ln46_259 = or i1 %tmp_512, i1 %xor_ln46_85" [firmware/nnet_utils/nnet_activation.h:46]   --->   Operation 600 'or' 'or_ln46_259' <Predicate = (icmp_ln45_85)> <Delay = 0.00> <CoreInst = "LogicGate">   --->   Core 74 'LogicGate' <Latency = 0> <II = 1> <Delay = 0.12> <FuncUnit> <Opcode : 'and' 'or' 'xor'> <InPorts = 2> <OutPorts = 1>
ST_1 : Operation 601 [1/1] (0.00ns) (grouped into LUT with out node select_ln46_258)   --->   "%select_ln46_257 = select i1 %tmp_512, i6 0, i6 %add_ln46_85" [firmware/nnet_utils/nnet_activation.h:46]   --->   Operation 601 'select' 'select_ln46_257' <Predicate = (or_ln46_258 & or_ln46_259 & icmp_ln45_85)> <Delay = 0.00> <CoreInst = "Sel">   --->   Core 73 'Sel' <Latency = 0> <II = 1> <Delay = 0.29> <FuncUnit> <Opcode : 'select'> <InPorts = 3> <OutPorts = 1>
ST_1 : Operation 602 [1/1] (0.29ns) (out node of the LUT)   --->   "%select_ln46_258 = select i1 %or_ln46_258, i6 %select_ln46_257, i6 63" [firmware/nnet_utils/nnet_activation.h:46]   --->   Operation 602 'select' 'select_ln46_258' <Predicate = (or_ln46_259 & icmp_ln45_85)> <Delay = 0.29> <CoreInst = "Sel">   --->   Core 73 'Sel' <Latency = 0> <II = 1> <Delay = 0.29> <FuncUnit> <Opcode : 'select'> <InPorts = 3> <OutPorts = 1>
ST_1 : Operation 603 [1/1] (0.00ns) (grouped into LUT with out node res_2786_0)   --->   "%select_ln46_259 = select i1 %or_ln46_259, i6 %select_ln46_258, i6 %add_ln46_85" [firmware/nnet_utils/nnet_activation.h:46]   --->   Operation 603 'select' 'select_ln46_259' <Predicate = (icmp_ln45_85)> <Delay = 0.00> <CoreInst = "Sel">   --->   Core 73 'Sel' <Latency = 0> <II = 1> <Delay = 0.29> <FuncUnit> <Opcode : 'select'> <InPorts = 3> <OutPorts = 1>
ST_1 : Operation 604 [1/1] (0.29ns) (out node of the LUT)   --->   "%res_2786_0 = select i1 %icmp_ln45_85, i6 %select_ln46_259, i6 0" [firmware/nnet_utils/nnet_activation.h:45]   --->   Operation 604 'select' 'res_2786_0' <Predicate = true> <Delay = 0.29> <CoreInst = "Sel">   --->   Core 73 'Sel' <Latency = 0> <II = 1> <Delay = 0.29> <FuncUnit> <Opcode : 'select'> <InPorts = 3> <OutPorts = 1>
ST_1 : Operation 605 [1/1] (0.80ns)   --->   "%icmp_ln45_86 = icmp_sgt  i19 %data_28_val_read, i19 0" [firmware/nnet_utils/nnet_activation.h:45]   --->   Operation 605 'icmp' 'icmp_ln45_86' <Predicate = true> <Delay = 0.80> <CoreInst = "Cmp">   --->   Core 9 'Cmp' <Latency = 0> <II = 1> <Delay = 0.80> <FuncUnit> <Opcode : 'seteq' 'setne' 'setle' 'setge' 'setlt' 'setgt'> <InPorts = 2> <OutPorts = 1>
ST_1 : Operation 606 [1/1] (0.00ns)   --->   "%tmp_518 = bitselect i1 @_ssdm_op_BitSelect.i1.i19.i32, i19 %data_28_val_read, i32 18" [firmware/nnet_utils/nnet_activation.h:46]   --->   Operation 606 'bitselect' 'tmp_518' <Predicate = (icmp_ln45_86)> <Delay = 0.00>
ST_1 : Operation 607 [1/1] (0.00ns) (grouped into LUT with out node add_ln46_86)   --->   "%trunc_ln46_84 = partselect i6 @_ssdm_op_PartSelect.i6.i19.i32.i32, i19 %data_28_val_read, i32 5, i32 10" [firmware/nnet_utils/nnet_activation.h:46]   --->   Operation 607 'partselect' 'trunc_ln46_84' <Predicate = (icmp_ln45_86)> <Delay = 0.00>
ST_1 : Operation 608 [1/1] (0.00ns) (grouped into LUT with out node add_ln46_86)   --->   "%tmp_519 = bitselect i1 @_ssdm_op_BitSelect.i1.i19.i32, i19 %data_28_val_read, i32 4" [firmware/nnet_utils/nnet_activation.h:46]   --->   Operation 608 'bitselect' 'tmp_519' <Predicate = (icmp_ln45_86)> <Delay = 0.00>
ST_1 : Operation 609 [1/1] (0.00ns)   --->   "%trunc_ln46_148 = trunc i19 %data_28_val_read" [firmware/nnet_utils/nnet_activation.h:46]   --->   Operation 609 'trunc' 'trunc_ln46_148' <Predicate = (icmp_ln45_86)> <Delay = 0.00>
ST_1 : Operation 610 [1/1] (0.70ns)   --->   "%icmp_ln46_173 = icmp_ne  i4 %trunc_ln46_148, i4 0" [firmware/nnet_utils/nnet_activation.h:46]   --->   Operation 610 'icmp' 'icmp_ln46_173' <Predicate = (icmp_ln45_86)> <Delay = 0.70> <CoreInst = "Cmp">   --->   Core 9 'Cmp' <Latency = 0> <II = 1> <Delay = 0.70> <FuncUnit> <Opcode : 'seteq' 'setne' 'setle' 'setge' 'setlt' 'setgt'> <InPorts = 2> <OutPorts = 1>
ST_1 : Operation 611 [1/1] (0.00ns) (grouped into LUT with out node empty_104)   --->   "%tmp_520 = bitselect i1 @_ssdm_op_BitSelect.i1.i19.i32, i19 %data_28_val_read, i32 10" [firmware/nnet_utils/nnet_activation.h:46]   --->   Operation 611 'bitselect' 'tmp_520' <Predicate = (icmp_ln45_86)> <Delay = 0.00>
ST_1 : Operation 612 [1/1] (0.00ns) (grouped into LUT with out node add_ln46_86)   --->   "%tmp_521 = bitselect i1 @_ssdm_op_BitSelect.i1.i19.i32, i19 %data_28_val_read, i32 5" [firmware/nnet_utils/nnet_activation.h:46]   --->   Operation 612 'bitselect' 'tmp_521' <Predicate = (icmp_ln45_86)> <Delay = 0.00>
ST_1 : Operation 613 [1/1] (0.00ns) (grouped into LUT with out node add_ln46_86)   --->   "%or_ln46_260 = or i1 %tmp_521, i1 %icmp_ln46_173" [firmware/nnet_utils/nnet_activation.h:46]   --->   Operation 613 'or' 'or_ln46_260' <Predicate = (icmp_ln45_86)> <Delay = 0.00> <CoreInst = "LogicGate">   --->   Core 74 'LogicGate' <Latency = 0> <II = 1> <Delay = 0.12> <FuncUnit> <Opcode : 'and' 'or' 'xor'> <InPorts = 2> <OutPorts = 1>
ST_1 : Operation 614 [1/1] (0.00ns) (grouped into LUT with out node add_ln46_86)   --->   "%and_ln46_171 = and i1 %or_ln46_260, i1 %tmp_519" [firmware/nnet_utils/nnet_activation.h:46]   --->   Operation 614 'and' 'and_ln46_171' <Predicate = (icmp_ln45_86)> <Delay = 0.00> <CoreInst = "LogicGate">   --->   Core 74 'LogicGate' <Latency = 0> <II = 1> <Delay = 0.12> <FuncUnit> <Opcode : 'and' 'or' 'xor'> <InPorts = 2> <OutPorts = 1>
ST_1 : Operation 615 [1/1] (0.00ns) (grouped into LUT with out node add_ln46_86)   --->   "%zext_ln46_86 = zext i1 %and_ln46_171" [firmware/nnet_utils/nnet_activation.h:46]   --->   Operation 615 'zext' 'zext_ln46_86' <Predicate = (icmp_ln45_86)> <Delay = 0.00>
ST_1 : Operation 616 [1/1] (0.70ns) (out node of the LUT)   --->   "%add_ln46_86 = add i6 %trunc_ln46_84, i6 %zext_ln46_86" [firmware/nnet_utils/nnet_activation.h:46]   --->   Operation 616 'add' 'add_ln46_86' <Predicate = (icmp_ln45_86)> <Delay = 0.70> <CoreInst = "Adder">   --->   Core 1 'Adder' <Latency = 0> <II = 1> <Delay = 0.70> <FuncUnit> <Opcode : 'add' 'sub'> <InPorts = 2> <OutPorts = 1>
ST_1 : Operation 617 [1/1] (0.00ns)   --->   "%tmp_522 = partselect i8 @_ssdm_op_PartSelect.i8.i19.i32.i32, i19 %data_28_val_read, i32 11, i32 18" [firmware/nnet_utils/nnet_activation.h:46]   --->   Operation 617 'partselect' 'tmp_522' <Predicate = (icmp_ln45_86)> <Delay = 0.00>
ST_1 : Operation 618 [1/1] (0.70ns)   --->   "%icmp_ln46_174 = icmp_eq  i8 %tmp_522, i8 0" [firmware/nnet_utils/nnet_activation.h:46]   --->   Operation 618 'icmp' 'icmp_ln46_174' <Predicate = (icmp_ln45_86)> <Delay = 0.70> <CoreInst = "Cmp">   --->   Core 9 'Cmp' <Latency = 0> <II = 1> <Delay = 0.70> <FuncUnit> <Opcode : 'seteq' 'setne' 'setle' 'setge' 'setlt' 'setgt'> <InPorts = 2> <OutPorts = 1>
ST_1 : Operation 619 [1/1] (0.00ns) (grouped into LUT with out node empty_104)   --->   "%tmp_523 = bitselect i1 @_ssdm_op_BitSelect.i1.i6.i32, i6 %add_ln46_86, i32 5" [firmware/nnet_utils/nnet_activation.h:46]   --->   Operation 619 'bitselect' 'tmp_523' <Predicate = (icmp_ln45_86)> <Delay = 0.00>
ST_1 : Operation 620 [1/1] (0.00ns) (grouped into LUT with out node empty_104)   --->   "%not_tmp_610 = xor i1 %tmp_520, i1 1" [firmware/nnet_utils/nnet_activation.h:46]   --->   Operation 620 'xor' 'not_tmp_610' <Predicate = (icmp_ln45_86)> <Delay = 0.00> <CoreInst = "LogicGate">   --->   Core 74 'LogicGate' <Latency = 0> <II = 1> <Delay = 0.12> <FuncUnit> <Opcode : 'and' 'or' 'xor'> <InPorts = 2> <OutPorts = 1>
ST_1 : Operation 621 [1/1] (0.00ns) (grouped into LUT with out node empty_104)   --->   "%and_ln46_174 = or i1 %tmp_523, i1 %not_tmp_610" [firmware/nnet_utils/nnet_activation.h:46]   --->   Operation 621 'or' 'and_ln46_174' <Predicate = (icmp_ln45_86)> <Delay = 0.00> <CoreInst = "LogicGate">   --->   Core 74 'LogicGate' <Latency = 0> <II = 1> <Delay = 0.12> <FuncUnit> <Opcode : 'and' 'or' 'xor'> <InPorts = 2> <OutPorts = 1>
ST_1 : Operation 622 [1/1] (0.12ns) (out node of the LUT)   --->   "%empty_104 = and i1 %icmp_ln46_174, i1 %and_ln46_174" [firmware/nnet_utils/nnet_activation.h:46]   --->   Operation 622 'and' 'empty_104' <Predicate = (icmp_ln45_86)> <Delay = 0.12> <CoreInst = "LogicGate">   --->   Core 74 'LogicGate' <Latency = 0> <II = 1> <Delay = 0.12> <FuncUnit> <Opcode : 'and' 'or' 'xor'> <InPorts = 2> <OutPorts = 1>
ST_1 : Operation 623 [1/1] (0.00ns) (grouped into LUT with out node select_ln46_261)   --->   "%or_ln46_261 = or i1 %empty_104, i1 %tmp_518" [firmware/nnet_utils/nnet_activation.h:46]   --->   Operation 623 'or' 'or_ln46_261' <Predicate = (or_ln46_262 & icmp_ln45_86)> <Delay = 0.00> <CoreInst = "LogicGate">   --->   Core 74 'LogicGate' <Latency = 0> <II = 1> <Delay = 0.12> <FuncUnit> <Opcode : 'and' 'or' 'xor'> <InPorts = 2> <OutPorts = 1>
ST_1 : Operation 624 [1/1] (0.00ns) (grouped into LUT with out node res_28_0)   --->   "%xor_ln46_86 = xor i1 %empty_104, i1 1" [firmware/nnet_utils/nnet_activation.h:46]   --->   Operation 624 'xor' 'xor_ln46_86' <Predicate = (icmp_ln45_86)> <Delay = 0.00> <CoreInst = "LogicGate">   --->   Core 74 'LogicGate' <Latency = 0> <II = 1> <Delay = 0.12> <FuncUnit> <Opcode : 'and' 'or' 'xor'> <InPorts = 2> <OutPorts = 1>
ST_1 : Operation 625 [1/1] (0.00ns) (grouped into LUT with out node res_28_0)   --->   "%or_ln46_262 = or i1 %tmp_518, i1 %xor_ln46_86" [firmware/nnet_utils/nnet_activation.h:46]   --->   Operation 625 'or' 'or_ln46_262' <Predicate = (icmp_ln45_86)> <Delay = 0.00> <CoreInst = "LogicGate">   --->   Core 74 'LogicGate' <Latency = 0> <II = 1> <Delay = 0.12> <FuncUnit> <Opcode : 'and' 'or' 'xor'> <InPorts = 2> <OutPorts = 1>
ST_1 : Operation 626 [1/1] (0.00ns) (grouped into LUT with out node select_ln46_261)   --->   "%select_ln46_260 = select i1 %tmp_518, i6 0, i6 %add_ln46_86" [firmware/nnet_utils/nnet_activation.h:46]   --->   Operation 626 'select' 'select_ln46_260' <Predicate = (or_ln46_261 & or_ln46_262 & icmp_ln45_86)> <Delay = 0.00> <CoreInst = "Sel">   --->   Core 73 'Sel' <Latency = 0> <II = 1> <Delay = 0.29> <FuncUnit> <Opcode : 'select'> <InPorts = 3> <OutPorts = 1>
ST_1 : Operation 627 [1/1] (0.29ns) (out node of the LUT)   --->   "%select_ln46_261 = select i1 %or_ln46_261, i6 %select_ln46_260, i6 63" [firmware/nnet_utils/nnet_activation.h:46]   --->   Operation 627 'select' 'select_ln46_261' <Predicate = (or_ln46_262 & icmp_ln45_86)> <Delay = 0.29> <CoreInst = "Sel">   --->   Core 73 'Sel' <Latency = 0> <II = 1> <Delay = 0.29> <FuncUnit> <Opcode : 'select'> <InPorts = 3> <OutPorts = 1>
ST_1 : Operation 628 [1/1] (0.00ns) (grouped into LUT with out node res_28_0)   --->   "%select_ln46_262 = select i1 %or_ln46_262, i6 %select_ln46_261, i6 %add_ln46_86" [firmware/nnet_utils/nnet_activation.h:46]   --->   Operation 628 'select' 'select_ln46_262' <Predicate = (icmp_ln45_86)> <Delay = 0.00> <CoreInst = "Sel">   --->   Core 73 'Sel' <Latency = 0> <II = 1> <Delay = 0.29> <FuncUnit> <Opcode : 'select'> <InPorts = 3> <OutPorts = 1>
ST_1 : Operation 629 [1/1] (0.29ns) (out node of the LUT)   --->   "%res_28_0 = select i1 %icmp_ln45_86, i6 %select_ln46_262, i6 0" [firmware/nnet_utils/nnet_activation.h:45]   --->   Operation 629 'select' 'res_28_0' <Predicate = true> <Delay = 0.29> <CoreInst = "Sel">   --->   Core 73 'Sel' <Latency = 0> <II = 1> <Delay = 0.29> <FuncUnit> <Opcode : 'select'> <InPorts = 3> <OutPorts = 1>
ST_1 : Operation 630 [1/1] (0.80ns)   --->   "%icmp_ln45_87 = icmp_sgt  i19 %data_29_val_read, i19 0" [firmware/nnet_utils/nnet_activation.h:45]   --->   Operation 630 'icmp' 'icmp_ln45_87' <Predicate = true> <Delay = 0.80> <CoreInst = "Cmp">   --->   Core 9 'Cmp' <Latency = 0> <II = 1> <Delay = 0.80> <FuncUnit> <Opcode : 'seteq' 'setne' 'setle' 'setge' 'setlt' 'setgt'> <InPorts = 2> <OutPorts = 1>
ST_1 : Operation 631 [1/1] (0.00ns)   --->   "%tmp_524 = bitselect i1 @_ssdm_op_BitSelect.i1.i19.i32, i19 %data_29_val_read, i32 18" [firmware/nnet_utils/nnet_activation.h:46]   --->   Operation 631 'bitselect' 'tmp_524' <Predicate = (icmp_ln45_87)> <Delay = 0.00>
ST_1 : Operation 632 [1/1] (0.00ns) (grouped into LUT with out node add_ln46_87)   --->   "%trunc_ln46_85 = partselect i6 @_ssdm_op_PartSelect.i6.i19.i32.i32, i19 %data_29_val_read, i32 5, i32 10" [firmware/nnet_utils/nnet_activation.h:46]   --->   Operation 632 'partselect' 'trunc_ln46_85' <Predicate = (icmp_ln45_87)> <Delay = 0.00>
ST_1 : Operation 633 [1/1] (0.00ns) (grouped into LUT with out node add_ln46_87)   --->   "%tmp_525 = bitselect i1 @_ssdm_op_BitSelect.i1.i19.i32, i19 %data_29_val_read, i32 4" [firmware/nnet_utils/nnet_activation.h:46]   --->   Operation 633 'bitselect' 'tmp_525' <Predicate = (icmp_ln45_87)> <Delay = 0.00>
ST_1 : Operation 634 [1/1] (0.00ns)   --->   "%trunc_ln46_149 = trunc i19 %data_29_val_read" [firmware/nnet_utils/nnet_activation.h:46]   --->   Operation 634 'trunc' 'trunc_ln46_149' <Predicate = (icmp_ln45_87)> <Delay = 0.00>
ST_1 : Operation 635 [1/1] (0.70ns)   --->   "%icmp_ln46_175 = icmp_ne  i4 %trunc_ln46_149, i4 0" [firmware/nnet_utils/nnet_activation.h:46]   --->   Operation 635 'icmp' 'icmp_ln46_175' <Predicate = (icmp_ln45_87)> <Delay = 0.70> <CoreInst = "Cmp">   --->   Core 9 'Cmp' <Latency = 0> <II = 1> <Delay = 0.70> <FuncUnit> <Opcode : 'seteq' 'setne' 'setle' 'setge' 'setlt' 'setgt'> <InPorts = 2> <OutPorts = 1>
ST_1 : Operation 636 [1/1] (0.00ns) (grouped into LUT with out node empty_105)   --->   "%tmp_526 = bitselect i1 @_ssdm_op_BitSelect.i1.i19.i32, i19 %data_29_val_read, i32 10" [firmware/nnet_utils/nnet_activation.h:46]   --->   Operation 636 'bitselect' 'tmp_526' <Predicate = (icmp_ln45_87)> <Delay = 0.00>
ST_1 : Operation 637 [1/1] (0.00ns) (grouped into LUT with out node add_ln46_87)   --->   "%tmp_527 = bitselect i1 @_ssdm_op_BitSelect.i1.i19.i32, i19 %data_29_val_read, i32 5" [firmware/nnet_utils/nnet_activation.h:46]   --->   Operation 637 'bitselect' 'tmp_527' <Predicate = (icmp_ln45_87)> <Delay = 0.00>
ST_1 : Operation 638 [1/1] (0.00ns) (grouped into LUT with out node add_ln46_87)   --->   "%or_ln46_263 = or i1 %tmp_527, i1 %icmp_ln46_175" [firmware/nnet_utils/nnet_activation.h:46]   --->   Operation 638 'or' 'or_ln46_263' <Predicate = (icmp_ln45_87)> <Delay = 0.00> <CoreInst = "LogicGate">   --->   Core 74 'LogicGate' <Latency = 0> <II = 1> <Delay = 0.12> <FuncUnit> <Opcode : 'and' 'or' 'xor'> <InPorts = 2> <OutPorts = 1>
ST_1 : Operation 639 [1/1] (0.00ns) (grouped into LUT with out node add_ln46_87)   --->   "%and_ln46_173 = and i1 %or_ln46_263, i1 %tmp_525" [firmware/nnet_utils/nnet_activation.h:46]   --->   Operation 639 'and' 'and_ln46_173' <Predicate = (icmp_ln45_87)> <Delay = 0.00> <CoreInst = "LogicGate">   --->   Core 74 'LogicGate' <Latency = 0> <II = 1> <Delay = 0.12> <FuncUnit> <Opcode : 'and' 'or' 'xor'> <InPorts = 2> <OutPorts = 1>
ST_1 : Operation 640 [1/1] (0.00ns) (grouped into LUT with out node add_ln46_87)   --->   "%zext_ln46_87 = zext i1 %and_ln46_173" [firmware/nnet_utils/nnet_activation.h:46]   --->   Operation 640 'zext' 'zext_ln46_87' <Predicate = (icmp_ln45_87)> <Delay = 0.00>
ST_1 : Operation 641 [1/1] (0.70ns) (out node of the LUT)   --->   "%add_ln46_87 = add i6 %trunc_ln46_85, i6 %zext_ln46_87" [firmware/nnet_utils/nnet_activation.h:46]   --->   Operation 641 'add' 'add_ln46_87' <Predicate = (icmp_ln45_87)> <Delay = 0.70> <CoreInst = "Adder">   --->   Core 1 'Adder' <Latency = 0> <II = 1> <Delay = 0.70> <FuncUnit> <Opcode : 'add' 'sub'> <InPorts = 2> <OutPorts = 1>
ST_1 : Operation 642 [1/1] (0.00ns)   --->   "%tmp_528 = partselect i8 @_ssdm_op_PartSelect.i8.i19.i32.i32, i19 %data_29_val_read, i32 11, i32 18" [firmware/nnet_utils/nnet_activation.h:46]   --->   Operation 642 'partselect' 'tmp_528' <Predicate = (icmp_ln45_87)> <Delay = 0.00>
ST_1 : Operation 643 [1/1] (0.70ns)   --->   "%icmp_ln46_176 = icmp_eq  i8 %tmp_528, i8 0" [firmware/nnet_utils/nnet_activation.h:46]   --->   Operation 643 'icmp' 'icmp_ln46_176' <Predicate = (icmp_ln45_87)> <Delay = 0.70> <CoreInst = "Cmp">   --->   Core 9 'Cmp' <Latency = 0> <II = 1> <Delay = 0.70> <FuncUnit> <Opcode : 'seteq' 'setne' 'setle' 'setge' 'setlt' 'setgt'> <InPorts = 2> <OutPorts = 1>
ST_1 : Operation 644 [1/1] (0.00ns) (grouped into LUT with out node empty_105)   --->   "%tmp_529 = bitselect i1 @_ssdm_op_BitSelect.i1.i6.i32, i6 %add_ln46_87, i32 5" [firmware/nnet_utils/nnet_activation.h:46]   --->   Operation 644 'bitselect' 'tmp_529' <Predicate = (icmp_ln45_87)> <Delay = 0.00>
ST_1 : Operation 645 [1/1] (0.00ns) (grouped into LUT with out node empty_105)   --->   "%not_tmp_617 = xor i1 %tmp_526, i1 1" [firmware/nnet_utils/nnet_activation.h:46]   --->   Operation 645 'xor' 'not_tmp_617' <Predicate = (icmp_ln45_87)> <Delay = 0.00> <CoreInst = "LogicGate">   --->   Core 74 'LogicGate' <Latency = 0> <II = 1> <Delay = 0.12> <FuncUnit> <Opcode : 'and' 'or' 'xor'> <InPorts = 2> <OutPorts = 1>
ST_1 : Operation 646 [1/1] (0.00ns) (grouped into LUT with out node empty_105)   --->   "%and_ln46_176 = or i1 %tmp_529, i1 %not_tmp_617" [firmware/nnet_utils/nnet_activation.h:46]   --->   Operation 646 'or' 'and_ln46_176' <Predicate = (icmp_ln45_87)> <Delay = 0.00> <CoreInst = "LogicGate">   --->   Core 74 'LogicGate' <Latency = 0> <II = 1> <Delay = 0.12> <FuncUnit> <Opcode : 'and' 'or' 'xor'> <InPorts = 2> <OutPorts = 1>
ST_1 : Operation 647 [1/1] (0.12ns) (out node of the LUT)   --->   "%empty_105 = and i1 %icmp_ln46_176, i1 %and_ln46_176" [firmware/nnet_utils/nnet_activation.h:46]   --->   Operation 647 'and' 'empty_105' <Predicate = (icmp_ln45_87)> <Delay = 0.12> <CoreInst = "LogicGate">   --->   Core 74 'LogicGate' <Latency = 0> <II = 1> <Delay = 0.12> <FuncUnit> <Opcode : 'and' 'or' 'xor'> <InPorts = 2> <OutPorts = 1>
ST_1 : Operation 648 [1/1] (0.00ns) (grouped into LUT with out node select_ln46_264)   --->   "%or_ln46_264 = or i1 %empty_105, i1 %tmp_524" [firmware/nnet_utils/nnet_activation.h:46]   --->   Operation 648 'or' 'or_ln46_264' <Predicate = (or_ln46_265 & icmp_ln45_87)> <Delay = 0.00> <CoreInst = "LogicGate">   --->   Core 74 'LogicGate' <Latency = 0> <II = 1> <Delay = 0.12> <FuncUnit> <Opcode : 'and' 'or' 'xor'> <InPorts = 2> <OutPorts = 1>
ST_1 : Operation 649 [1/1] (0.00ns) (grouped into LUT with out node res_29_0)   --->   "%xor_ln46_87 = xor i1 %empty_105, i1 1" [firmware/nnet_utils/nnet_activation.h:46]   --->   Operation 649 'xor' 'xor_ln46_87' <Predicate = (icmp_ln45_87)> <Delay = 0.00> <CoreInst = "LogicGate">   --->   Core 74 'LogicGate' <Latency = 0> <II = 1> <Delay = 0.12> <FuncUnit> <Opcode : 'and' 'or' 'xor'> <InPorts = 2> <OutPorts = 1>
ST_1 : Operation 650 [1/1] (0.00ns) (grouped into LUT with out node res_29_0)   --->   "%or_ln46_265 = or i1 %tmp_524, i1 %xor_ln46_87" [firmware/nnet_utils/nnet_activation.h:46]   --->   Operation 650 'or' 'or_ln46_265' <Predicate = (icmp_ln45_87)> <Delay = 0.00> <CoreInst = "LogicGate">   --->   Core 74 'LogicGate' <Latency = 0> <II = 1> <Delay = 0.12> <FuncUnit> <Opcode : 'and' 'or' 'xor'> <InPorts = 2> <OutPorts = 1>
ST_1 : Operation 651 [1/1] (0.00ns) (grouped into LUT with out node select_ln46_264)   --->   "%select_ln46_263 = select i1 %tmp_524, i6 0, i6 %add_ln46_87" [firmware/nnet_utils/nnet_activation.h:46]   --->   Operation 651 'select' 'select_ln46_263' <Predicate = (or_ln46_264 & or_ln46_265 & icmp_ln45_87)> <Delay = 0.00> <CoreInst = "Sel">   --->   Core 73 'Sel' <Latency = 0> <II = 1> <Delay = 0.29> <FuncUnit> <Opcode : 'select'> <InPorts = 3> <OutPorts = 1>
ST_1 : Operation 652 [1/1] (0.29ns) (out node of the LUT)   --->   "%select_ln46_264 = select i1 %or_ln46_264, i6 %select_ln46_263, i6 63" [firmware/nnet_utils/nnet_activation.h:46]   --->   Operation 652 'select' 'select_ln46_264' <Predicate = (or_ln46_265 & icmp_ln45_87)> <Delay = 0.29> <CoreInst = "Sel">   --->   Core 73 'Sel' <Latency = 0> <II = 1> <Delay = 0.29> <FuncUnit> <Opcode : 'select'> <InPorts = 3> <OutPorts = 1>
ST_1 : Operation 653 [1/1] (0.00ns) (grouped into LUT with out node res_29_0)   --->   "%select_ln46_265 = select i1 %or_ln46_265, i6 %select_ln46_264, i6 %add_ln46_87" [firmware/nnet_utils/nnet_activation.h:46]   --->   Operation 653 'select' 'select_ln46_265' <Predicate = (icmp_ln45_87)> <Delay = 0.00> <CoreInst = "Sel">   --->   Core 73 'Sel' <Latency = 0> <II = 1> <Delay = 0.29> <FuncUnit> <Opcode : 'select'> <InPorts = 3> <OutPorts = 1>
ST_1 : Operation 654 [1/1] (0.29ns) (out node of the LUT)   --->   "%res_29_0 = select i1 %icmp_ln45_87, i6 %select_ln46_265, i6 0" [firmware/nnet_utils/nnet_activation.h:45]   --->   Operation 654 'select' 'res_29_0' <Predicate = true> <Delay = 0.29> <CoreInst = "Sel">   --->   Core 73 'Sel' <Latency = 0> <II = 1> <Delay = 0.29> <FuncUnit> <Opcode : 'select'> <InPorts = 3> <OutPorts = 1>
ST_1 : Operation 655 [1/1] (0.80ns)   --->   "%icmp_ln45_88 = icmp_sgt  i19 %data_30_val_read, i19 0" [firmware/nnet_utils/nnet_activation.h:45]   --->   Operation 655 'icmp' 'icmp_ln45_88' <Predicate = true> <Delay = 0.80> <CoreInst = "Cmp">   --->   Core 9 'Cmp' <Latency = 0> <II = 1> <Delay = 0.80> <FuncUnit> <Opcode : 'seteq' 'setne' 'setle' 'setge' 'setlt' 'setgt'> <InPorts = 2> <OutPorts = 1>
ST_1 : Operation 656 [1/1] (0.00ns)   --->   "%tmp_530 = bitselect i1 @_ssdm_op_BitSelect.i1.i19.i32, i19 %data_30_val_read, i32 18" [firmware/nnet_utils/nnet_activation.h:46]   --->   Operation 656 'bitselect' 'tmp_530' <Predicate = (icmp_ln45_88)> <Delay = 0.00>
ST_1 : Operation 657 [1/1] (0.00ns) (grouped into LUT with out node add_ln46_88)   --->   "%trunc_ln46_86 = partselect i6 @_ssdm_op_PartSelect.i6.i19.i32.i32, i19 %data_30_val_read, i32 5, i32 10" [firmware/nnet_utils/nnet_activation.h:46]   --->   Operation 657 'partselect' 'trunc_ln46_86' <Predicate = (icmp_ln45_88)> <Delay = 0.00>
ST_1 : Operation 658 [1/1] (0.00ns) (grouped into LUT with out node add_ln46_88)   --->   "%tmp_531 = bitselect i1 @_ssdm_op_BitSelect.i1.i19.i32, i19 %data_30_val_read, i32 4" [firmware/nnet_utils/nnet_activation.h:46]   --->   Operation 658 'bitselect' 'tmp_531' <Predicate = (icmp_ln45_88)> <Delay = 0.00>
ST_1 : Operation 659 [1/1] (0.00ns)   --->   "%trunc_ln46_150 = trunc i19 %data_30_val_read" [firmware/nnet_utils/nnet_activation.h:46]   --->   Operation 659 'trunc' 'trunc_ln46_150' <Predicate = (icmp_ln45_88)> <Delay = 0.00>
ST_1 : Operation 660 [1/1] (0.70ns)   --->   "%icmp_ln46_177 = icmp_ne  i4 %trunc_ln46_150, i4 0" [firmware/nnet_utils/nnet_activation.h:46]   --->   Operation 660 'icmp' 'icmp_ln46_177' <Predicate = (icmp_ln45_88)> <Delay = 0.70> <CoreInst = "Cmp">   --->   Core 9 'Cmp' <Latency = 0> <II = 1> <Delay = 0.70> <FuncUnit> <Opcode : 'seteq' 'setne' 'setle' 'setge' 'setlt' 'setgt'> <InPorts = 2> <OutPorts = 1>
ST_1 : Operation 661 [1/1] (0.00ns) (grouped into LUT with out node empty_106)   --->   "%tmp_532 = bitselect i1 @_ssdm_op_BitSelect.i1.i19.i32, i19 %data_30_val_read, i32 10" [firmware/nnet_utils/nnet_activation.h:46]   --->   Operation 661 'bitselect' 'tmp_532' <Predicate = (icmp_ln45_88)> <Delay = 0.00>
ST_1 : Operation 662 [1/1] (0.00ns) (grouped into LUT with out node add_ln46_88)   --->   "%tmp_533 = bitselect i1 @_ssdm_op_BitSelect.i1.i19.i32, i19 %data_30_val_read, i32 5" [firmware/nnet_utils/nnet_activation.h:46]   --->   Operation 662 'bitselect' 'tmp_533' <Predicate = (icmp_ln45_88)> <Delay = 0.00>
ST_1 : Operation 663 [1/1] (0.00ns) (grouped into LUT with out node add_ln46_88)   --->   "%or_ln46_266 = or i1 %tmp_533, i1 %icmp_ln46_177" [firmware/nnet_utils/nnet_activation.h:46]   --->   Operation 663 'or' 'or_ln46_266' <Predicate = (icmp_ln45_88)> <Delay = 0.00> <CoreInst = "LogicGate">   --->   Core 74 'LogicGate' <Latency = 0> <II = 1> <Delay = 0.12> <FuncUnit> <Opcode : 'and' 'or' 'xor'> <InPorts = 2> <OutPorts = 1>
ST_1 : Operation 664 [1/1] (0.00ns) (grouped into LUT with out node add_ln46_88)   --->   "%and_ln46_175 = and i1 %or_ln46_266, i1 %tmp_531" [firmware/nnet_utils/nnet_activation.h:46]   --->   Operation 664 'and' 'and_ln46_175' <Predicate = (icmp_ln45_88)> <Delay = 0.00> <CoreInst = "LogicGate">   --->   Core 74 'LogicGate' <Latency = 0> <II = 1> <Delay = 0.12> <FuncUnit> <Opcode : 'and' 'or' 'xor'> <InPorts = 2> <OutPorts = 1>
ST_1 : Operation 665 [1/1] (0.00ns) (grouped into LUT with out node add_ln46_88)   --->   "%zext_ln46_88 = zext i1 %and_ln46_175" [firmware/nnet_utils/nnet_activation.h:46]   --->   Operation 665 'zext' 'zext_ln46_88' <Predicate = (icmp_ln45_88)> <Delay = 0.00>
ST_1 : Operation 666 [1/1] (0.70ns) (out node of the LUT)   --->   "%add_ln46_88 = add i6 %trunc_ln46_86, i6 %zext_ln46_88" [firmware/nnet_utils/nnet_activation.h:46]   --->   Operation 666 'add' 'add_ln46_88' <Predicate = (icmp_ln45_88)> <Delay = 0.70> <CoreInst = "Adder">   --->   Core 1 'Adder' <Latency = 0> <II = 1> <Delay = 0.70> <FuncUnit> <Opcode : 'add' 'sub'> <InPorts = 2> <OutPorts = 1>
ST_1 : Operation 667 [1/1] (0.00ns)   --->   "%tmp_534 = partselect i8 @_ssdm_op_PartSelect.i8.i19.i32.i32, i19 %data_30_val_read, i32 11, i32 18" [firmware/nnet_utils/nnet_activation.h:46]   --->   Operation 667 'partselect' 'tmp_534' <Predicate = (icmp_ln45_88)> <Delay = 0.00>
ST_1 : Operation 668 [1/1] (0.70ns)   --->   "%icmp_ln46_178 = icmp_eq  i8 %tmp_534, i8 0" [firmware/nnet_utils/nnet_activation.h:46]   --->   Operation 668 'icmp' 'icmp_ln46_178' <Predicate = (icmp_ln45_88)> <Delay = 0.70> <CoreInst = "Cmp">   --->   Core 9 'Cmp' <Latency = 0> <II = 1> <Delay = 0.70> <FuncUnit> <Opcode : 'seteq' 'setne' 'setle' 'setge' 'setlt' 'setgt'> <InPorts = 2> <OutPorts = 1>
ST_1 : Operation 669 [1/1] (0.00ns) (grouped into LUT with out node empty_106)   --->   "%tmp_535 = bitselect i1 @_ssdm_op_BitSelect.i1.i6.i32, i6 %add_ln46_88, i32 5" [firmware/nnet_utils/nnet_activation.h:46]   --->   Operation 669 'bitselect' 'tmp_535' <Predicate = (icmp_ln45_88)> <Delay = 0.00>
ST_1 : Operation 670 [1/1] (0.00ns) (grouped into LUT with out node empty_106)   --->   "%not_tmp_624 = xor i1 %tmp_532, i1 1" [firmware/nnet_utils/nnet_activation.h:46]   --->   Operation 670 'xor' 'not_tmp_624' <Predicate = (icmp_ln45_88)> <Delay = 0.00> <CoreInst = "LogicGate">   --->   Core 74 'LogicGate' <Latency = 0> <II = 1> <Delay = 0.12> <FuncUnit> <Opcode : 'and' 'or' 'xor'> <InPorts = 2> <OutPorts = 1>
ST_1 : Operation 671 [1/1] (0.00ns) (grouped into LUT with out node empty_106)   --->   "%and_ln46_178 = or i1 %tmp_535, i1 %not_tmp_624" [firmware/nnet_utils/nnet_activation.h:46]   --->   Operation 671 'or' 'and_ln46_178' <Predicate = (icmp_ln45_88)> <Delay = 0.00> <CoreInst = "LogicGate">   --->   Core 74 'LogicGate' <Latency = 0> <II = 1> <Delay = 0.12> <FuncUnit> <Opcode : 'and' 'or' 'xor'> <InPorts = 2> <OutPorts = 1>
ST_1 : Operation 672 [1/1] (0.12ns) (out node of the LUT)   --->   "%empty_106 = and i1 %icmp_ln46_178, i1 %and_ln46_178" [firmware/nnet_utils/nnet_activation.h:46]   --->   Operation 672 'and' 'empty_106' <Predicate = (icmp_ln45_88)> <Delay = 0.12> <CoreInst = "LogicGate">   --->   Core 74 'LogicGate' <Latency = 0> <II = 1> <Delay = 0.12> <FuncUnit> <Opcode : 'and' 'or' 'xor'> <InPorts = 2> <OutPorts = 1>
ST_1 : Operation 673 [1/1] (0.00ns) (grouped into LUT with out node select_ln46_267)   --->   "%or_ln46_267 = or i1 %empty_106, i1 %tmp_530" [firmware/nnet_utils/nnet_activation.h:46]   --->   Operation 673 'or' 'or_ln46_267' <Predicate = (or_ln46_268 & icmp_ln45_88)> <Delay = 0.00> <CoreInst = "LogicGate">   --->   Core 74 'LogicGate' <Latency = 0> <II = 1> <Delay = 0.12> <FuncUnit> <Opcode : 'and' 'or' 'xor'> <InPorts = 2> <OutPorts = 1>
ST_1 : Operation 674 [1/1] (0.00ns) (grouped into LUT with out node res_30_0)   --->   "%xor_ln46_88 = xor i1 %empty_106, i1 1" [firmware/nnet_utils/nnet_activation.h:46]   --->   Operation 674 'xor' 'xor_ln46_88' <Predicate = (icmp_ln45_88)> <Delay = 0.00> <CoreInst = "LogicGate">   --->   Core 74 'LogicGate' <Latency = 0> <II = 1> <Delay = 0.12> <FuncUnit> <Opcode : 'and' 'or' 'xor'> <InPorts = 2> <OutPorts = 1>
ST_1 : Operation 675 [1/1] (0.00ns) (grouped into LUT with out node res_30_0)   --->   "%or_ln46_268 = or i1 %tmp_530, i1 %xor_ln46_88" [firmware/nnet_utils/nnet_activation.h:46]   --->   Operation 675 'or' 'or_ln46_268' <Predicate = (icmp_ln45_88)> <Delay = 0.00> <CoreInst = "LogicGate">   --->   Core 74 'LogicGate' <Latency = 0> <II = 1> <Delay = 0.12> <FuncUnit> <Opcode : 'and' 'or' 'xor'> <InPorts = 2> <OutPorts = 1>
ST_1 : Operation 676 [1/1] (0.00ns) (grouped into LUT with out node select_ln46_267)   --->   "%select_ln46_266 = select i1 %tmp_530, i6 0, i6 %add_ln46_88" [firmware/nnet_utils/nnet_activation.h:46]   --->   Operation 676 'select' 'select_ln46_266' <Predicate = (or_ln46_267 & or_ln46_268 & icmp_ln45_88)> <Delay = 0.00> <CoreInst = "Sel">   --->   Core 73 'Sel' <Latency = 0> <II = 1> <Delay = 0.29> <FuncUnit> <Opcode : 'select'> <InPorts = 3> <OutPorts = 1>
ST_1 : Operation 677 [1/1] (0.29ns) (out node of the LUT)   --->   "%select_ln46_267 = select i1 %or_ln46_267, i6 %select_ln46_266, i6 63" [firmware/nnet_utils/nnet_activation.h:46]   --->   Operation 677 'select' 'select_ln46_267' <Predicate = (or_ln46_268 & icmp_ln45_88)> <Delay = 0.29> <CoreInst = "Sel">   --->   Core 73 'Sel' <Latency = 0> <II = 1> <Delay = 0.29> <FuncUnit> <Opcode : 'select'> <InPorts = 3> <OutPorts = 1>
ST_1 : Operation 678 [1/1] (0.00ns) (grouped into LUT with out node res_30_0)   --->   "%select_ln46_268 = select i1 %or_ln46_268, i6 %select_ln46_267, i6 %add_ln46_88" [firmware/nnet_utils/nnet_activation.h:46]   --->   Operation 678 'select' 'select_ln46_268' <Predicate = (icmp_ln45_88)> <Delay = 0.00> <CoreInst = "Sel">   --->   Core 73 'Sel' <Latency = 0> <II = 1> <Delay = 0.29> <FuncUnit> <Opcode : 'select'> <InPorts = 3> <OutPorts = 1>
ST_1 : Operation 679 [1/1] (0.29ns) (out node of the LUT)   --->   "%res_30_0 = select i1 %icmp_ln45_88, i6 %select_ln46_268, i6 0" [firmware/nnet_utils/nnet_activation.h:45]   --->   Operation 679 'select' 'res_30_0' <Predicate = true> <Delay = 0.29> <CoreInst = "Sel">   --->   Core 73 'Sel' <Latency = 0> <II = 1> <Delay = 0.29> <FuncUnit> <Opcode : 'select'> <InPorts = 3> <OutPorts = 1>
ST_1 : Operation 680 [1/1] (0.80ns)   --->   "%icmp_ln45_89 = icmp_sgt  i19 %data_31_val_read, i19 0" [firmware/nnet_utils/nnet_activation.h:45]   --->   Operation 680 'icmp' 'icmp_ln45_89' <Predicate = true> <Delay = 0.80> <CoreInst = "Cmp">   --->   Core 9 'Cmp' <Latency = 0> <II = 1> <Delay = 0.80> <FuncUnit> <Opcode : 'seteq' 'setne' 'setle' 'setge' 'setlt' 'setgt'> <InPorts = 2> <OutPorts = 1>
ST_1 : Operation 681 [1/1] (0.00ns)   --->   "%tmp_536 = bitselect i1 @_ssdm_op_BitSelect.i1.i19.i32, i19 %data_31_val_read, i32 18" [firmware/nnet_utils/nnet_activation.h:46]   --->   Operation 681 'bitselect' 'tmp_536' <Predicate = (icmp_ln45_89)> <Delay = 0.00>
ST_1 : Operation 682 [1/1] (0.00ns) (grouped into LUT with out node add_ln46_89)   --->   "%trunc_ln46_87 = partselect i6 @_ssdm_op_PartSelect.i6.i19.i32.i32, i19 %data_31_val_read, i32 5, i32 10" [firmware/nnet_utils/nnet_activation.h:46]   --->   Operation 682 'partselect' 'trunc_ln46_87' <Predicate = (icmp_ln45_89)> <Delay = 0.00>
ST_1 : Operation 683 [1/1] (0.00ns) (grouped into LUT with out node add_ln46_89)   --->   "%tmp_537 = bitselect i1 @_ssdm_op_BitSelect.i1.i19.i32, i19 %data_31_val_read, i32 4" [firmware/nnet_utils/nnet_activation.h:46]   --->   Operation 683 'bitselect' 'tmp_537' <Predicate = (icmp_ln45_89)> <Delay = 0.00>
ST_1 : Operation 684 [1/1] (0.00ns)   --->   "%trunc_ln46_151 = trunc i19 %data_31_val_read" [firmware/nnet_utils/nnet_activation.h:46]   --->   Operation 684 'trunc' 'trunc_ln46_151' <Predicate = (icmp_ln45_89)> <Delay = 0.00>
ST_1 : Operation 685 [1/1] (0.70ns)   --->   "%icmp_ln46_179 = icmp_ne  i4 %trunc_ln46_151, i4 0" [firmware/nnet_utils/nnet_activation.h:46]   --->   Operation 685 'icmp' 'icmp_ln46_179' <Predicate = (icmp_ln45_89)> <Delay = 0.70> <CoreInst = "Cmp">   --->   Core 9 'Cmp' <Latency = 0> <II = 1> <Delay = 0.70> <FuncUnit> <Opcode : 'seteq' 'setne' 'setle' 'setge' 'setlt' 'setgt'> <InPorts = 2> <OutPorts = 1>
ST_1 : Operation 686 [1/1] (0.00ns) (grouped into LUT with out node empty_107)   --->   "%tmp_538 = bitselect i1 @_ssdm_op_BitSelect.i1.i19.i32, i19 %data_31_val_read, i32 10" [firmware/nnet_utils/nnet_activation.h:46]   --->   Operation 686 'bitselect' 'tmp_538' <Predicate = (icmp_ln45_89)> <Delay = 0.00>
ST_1 : Operation 687 [1/1] (0.00ns) (grouped into LUT with out node add_ln46_89)   --->   "%tmp_539 = bitselect i1 @_ssdm_op_BitSelect.i1.i19.i32, i19 %data_31_val_read, i32 5" [firmware/nnet_utils/nnet_activation.h:46]   --->   Operation 687 'bitselect' 'tmp_539' <Predicate = (icmp_ln45_89)> <Delay = 0.00>
ST_1 : Operation 688 [1/1] (0.00ns) (grouped into LUT with out node add_ln46_89)   --->   "%or_ln46_269 = or i1 %tmp_539, i1 %icmp_ln46_179" [firmware/nnet_utils/nnet_activation.h:46]   --->   Operation 688 'or' 'or_ln46_269' <Predicate = (icmp_ln45_89)> <Delay = 0.00> <CoreInst = "LogicGate">   --->   Core 74 'LogicGate' <Latency = 0> <II = 1> <Delay = 0.12> <FuncUnit> <Opcode : 'and' 'or' 'xor'> <InPorts = 2> <OutPorts = 1>
ST_1 : Operation 689 [1/1] (0.00ns) (grouped into LUT with out node add_ln46_89)   --->   "%and_ln46_177 = and i1 %or_ln46_269, i1 %tmp_537" [firmware/nnet_utils/nnet_activation.h:46]   --->   Operation 689 'and' 'and_ln46_177' <Predicate = (icmp_ln45_89)> <Delay = 0.00> <CoreInst = "LogicGate">   --->   Core 74 'LogicGate' <Latency = 0> <II = 1> <Delay = 0.12> <FuncUnit> <Opcode : 'and' 'or' 'xor'> <InPorts = 2> <OutPorts = 1>
ST_1 : Operation 690 [1/1] (0.00ns) (grouped into LUT with out node add_ln46_89)   --->   "%zext_ln46_89 = zext i1 %and_ln46_177" [firmware/nnet_utils/nnet_activation.h:46]   --->   Operation 690 'zext' 'zext_ln46_89' <Predicate = (icmp_ln45_89)> <Delay = 0.00>
ST_1 : Operation 691 [1/1] (0.70ns) (out node of the LUT)   --->   "%add_ln46_89 = add i6 %trunc_ln46_87, i6 %zext_ln46_89" [firmware/nnet_utils/nnet_activation.h:46]   --->   Operation 691 'add' 'add_ln46_89' <Predicate = (icmp_ln45_89)> <Delay = 0.70> <CoreInst = "Adder">   --->   Core 1 'Adder' <Latency = 0> <II = 1> <Delay = 0.70> <FuncUnit> <Opcode : 'add' 'sub'> <InPorts = 2> <OutPorts = 1>
ST_1 : Operation 692 [1/1] (0.00ns)   --->   "%tmp_540 = partselect i8 @_ssdm_op_PartSelect.i8.i19.i32.i32, i19 %data_31_val_read, i32 11, i32 18" [firmware/nnet_utils/nnet_activation.h:46]   --->   Operation 692 'partselect' 'tmp_540' <Predicate = (icmp_ln45_89)> <Delay = 0.00>
ST_1 : Operation 693 [1/1] (0.70ns)   --->   "%icmp_ln46_180 = icmp_eq  i8 %tmp_540, i8 0" [firmware/nnet_utils/nnet_activation.h:46]   --->   Operation 693 'icmp' 'icmp_ln46_180' <Predicate = (icmp_ln45_89)> <Delay = 0.70> <CoreInst = "Cmp">   --->   Core 9 'Cmp' <Latency = 0> <II = 1> <Delay = 0.70> <FuncUnit> <Opcode : 'seteq' 'setne' 'setle' 'setge' 'setlt' 'setgt'> <InPorts = 2> <OutPorts = 1>
ST_1 : Operation 694 [1/1] (0.00ns) (grouped into LUT with out node empty_107)   --->   "%tmp_541 = bitselect i1 @_ssdm_op_BitSelect.i1.i6.i32, i6 %add_ln46_89, i32 5" [firmware/nnet_utils/nnet_activation.h:46]   --->   Operation 694 'bitselect' 'tmp_541' <Predicate = (icmp_ln45_89)> <Delay = 0.00>
ST_1 : Operation 695 [1/1] (0.00ns) (grouped into LUT with out node empty_107)   --->   "%not_tmp_631 = xor i1 %tmp_538, i1 1" [firmware/nnet_utils/nnet_activation.h:46]   --->   Operation 695 'xor' 'not_tmp_631' <Predicate = (icmp_ln45_89)> <Delay = 0.00> <CoreInst = "LogicGate">   --->   Core 74 'LogicGate' <Latency = 0> <II = 1> <Delay = 0.12> <FuncUnit> <Opcode : 'and' 'or' 'xor'> <InPorts = 2> <OutPorts = 1>
ST_1 : Operation 696 [1/1] (0.00ns) (grouped into LUT with out node empty_107)   --->   "%and_ln46_180 = or i1 %tmp_541, i1 %not_tmp_631" [firmware/nnet_utils/nnet_activation.h:46]   --->   Operation 696 'or' 'and_ln46_180' <Predicate = (icmp_ln45_89)> <Delay = 0.00> <CoreInst = "LogicGate">   --->   Core 74 'LogicGate' <Latency = 0> <II = 1> <Delay = 0.12> <FuncUnit> <Opcode : 'and' 'or' 'xor'> <InPorts = 2> <OutPorts = 1>
ST_1 : Operation 697 [1/1] (0.12ns) (out node of the LUT)   --->   "%empty_107 = and i1 %icmp_ln46_180, i1 %and_ln46_180" [firmware/nnet_utils/nnet_activation.h:46]   --->   Operation 697 'and' 'empty_107' <Predicate = (icmp_ln45_89)> <Delay = 0.12> <CoreInst = "LogicGate">   --->   Core 74 'LogicGate' <Latency = 0> <II = 1> <Delay = 0.12> <FuncUnit> <Opcode : 'and' 'or' 'xor'> <InPorts = 2> <OutPorts = 1>
ST_1 : Operation 698 [1/1] (0.00ns) (grouped into LUT with out node select_ln46_270)   --->   "%or_ln46_270 = or i1 %empty_107, i1 %tmp_536" [firmware/nnet_utils/nnet_activation.h:46]   --->   Operation 698 'or' 'or_ln46_270' <Predicate = (or_ln46_271 & icmp_ln45_89)> <Delay = 0.00> <CoreInst = "LogicGate">   --->   Core 74 'LogicGate' <Latency = 0> <II = 1> <Delay = 0.12> <FuncUnit> <Opcode : 'and' 'or' 'xor'> <InPorts = 2> <OutPorts = 1>
ST_1 : Operation 699 [1/1] (0.00ns) (grouped into LUT with out node res_31_0)   --->   "%xor_ln46_89 = xor i1 %empty_107, i1 1" [firmware/nnet_utils/nnet_activation.h:46]   --->   Operation 699 'xor' 'xor_ln46_89' <Predicate = (icmp_ln45_89)> <Delay = 0.00> <CoreInst = "LogicGate">   --->   Core 74 'LogicGate' <Latency = 0> <II = 1> <Delay = 0.12> <FuncUnit> <Opcode : 'and' 'or' 'xor'> <InPorts = 2> <OutPorts = 1>
ST_1 : Operation 700 [1/1] (0.00ns) (grouped into LUT with out node res_31_0)   --->   "%or_ln46_271 = or i1 %tmp_536, i1 %xor_ln46_89" [firmware/nnet_utils/nnet_activation.h:46]   --->   Operation 700 'or' 'or_ln46_271' <Predicate = (icmp_ln45_89)> <Delay = 0.00> <CoreInst = "LogicGate">   --->   Core 74 'LogicGate' <Latency = 0> <II = 1> <Delay = 0.12> <FuncUnit> <Opcode : 'and' 'or' 'xor'> <InPorts = 2> <OutPorts = 1>
ST_1 : Operation 701 [1/1] (0.00ns) (grouped into LUT with out node select_ln46_270)   --->   "%select_ln46_269 = select i1 %tmp_536, i6 0, i6 %add_ln46_89" [firmware/nnet_utils/nnet_activation.h:46]   --->   Operation 701 'select' 'select_ln46_269' <Predicate = (or_ln46_270 & or_ln46_271 & icmp_ln45_89)> <Delay = 0.00> <CoreInst = "Sel">   --->   Core 73 'Sel' <Latency = 0> <II = 1> <Delay = 0.29> <FuncUnit> <Opcode : 'select'> <InPorts = 3> <OutPorts = 1>
ST_1 : Operation 702 [1/1] (0.29ns) (out node of the LUT)   --->   "%select_ln46_270 = select i1 %or_ln46_270, i6 %select_ln46_269, i6 63" [firmware/nnet_utils/nnet_activation.h:46]   --->   Operation 702 'select' 'select_ln46_270' <Predicate = (or_ln46_271 & icmp_ln45_89)> <Delay = 0.29> <CoreInst = "Sel">   --->   Core 73 'Sel' <Latency = 0> <II = 1> <Delay = 0.29> <FuncUnit> <Opcode : 'select'> <InPorts = 3> <OutPorts = 1>
ST_1 : Operation 703 [1/1] (0.00ns) (grouped into LUT with out node res_31_0)   --->   "%select_ln46_271 = select i1 %or_ln46_271, i6 %select_ln46_270, i6 %add_ln46_89" [firmware/nnet_utils/nnet_activation.h:46]   --->   Operation 703 'select' 'select_ln46_271' <Predicate = (icmp_ln45_89)> <Delay = 0.00> <CoreInst = "Sel">   --->   Core 73 'Sel' <Latency = 0> <II = 1> <Delay = 0.29> <FuncUnit> <Opcode : 'select'> <InPorts = 3> <OutPorts = 1>
ST_1 : Operation 704 [1/1] (0.29ns) (out node of the LUT)   --->   "%res_31_0 = select i1 %icmp_ln45_89, i6 %select_ln46_271, i6 0" [firmware/nnet_utils/nnet_activation.h:45]   --->   Operation 704 'select' 'res_31_0' <Predicate = true> <Delay = 0.29> <CoreInst = "Sel">   --->   Core 73 'Sel' <Latency = 0> <II = 1> <Delay = 0.29> <FuncUnit> <Opcode : 'select'> <InPorts = 3> <OutPorts = 1>
ST_1 : Operation 705 [1/1] (0.00ns)   --->   "%newret = insertvalue i162 <undef>, i6 %res_1_0" [firmware/nnet_utils/nnet_activation.h:45]   --->   Operation 705 'insertvalue' 'newret' <Predicate = true> <Delay = 0.00>
ST_1 : Operation 706 [1/1] (0.00ns)   --->   "%newret2 = insertvalue i162 %newret, i6 %res_2_0" [firmware/nnet_utils/nnet_activation.h:45]   --->   Operation 706 'insertvalue' 'newret2' <Predicate = true> <Delay = 0.00>
ST_1 : Operation 707 [1/1] (0.00ns)   --->   "%newret4 = insertvalue i162 %newret2, i6 %res_3_0" [firmware/nnet_utils/nnet_activation.h:45]   --->   Operation 707 'insertvalue' 'newret4' <Predicate = true> <Delay = 0.00>
ST_1 : Operation 708 [1/1] (0.00ns)   --->   "%newret6 = insertvalue i162 %newret4, i6 %res_4_0" [firmware/nnet_utils/nnet_activation.h:45]   --->   Operation 708 'insertvalue' 'newret6' <Predicate = true> <Delay = 0.00>
ST_1 : Operation 709 [1/1] (0.00ns)   --->   "%newret8 = insertvalue i162 %newret6, i6 %res_5_0" [firmware/nnet_utils/nnet_activation.h:45]   --->   Operation 709 'insertvalue' 'newret8' <Predicate = true> <Delay = 0.00>
ST_1 : Operation 710 [1/1] (0.00ns)   --->   "%newret1 = insertvalue i162 %newret8, i6 %res_6_0" [firmware/nnet_utils/nnet_activation.h:45]   --->   Operation 710 'insertvalue' 'newret1' <Predicate = true> <Delay = 0.00>
ST_1 : Operation 711 [1/1] (0.00ns)   --->   "%newret3 = insertvalue i162 %newret1, i6 %res_7_0" [firmware/nnet_utils/nnet_activation.h:45]   --->   Operation 711 'insertvalue' 'newret3' <Predicate = true> <Delay = 0.00>
ST_1 : Operation 712 [1/1] (0.00ns)   --->   "%newret5 = insertvalue i162 %newret3, i6 %res_8_0" [firmware/nnet_utils/nnet_activation.h:45]   --->   Operation 712 'insertvalue' 'newret5' <Predicate = true> <Delay = 0.00>
ST_1 : Operation 713 [1/1] (0.00ns)   --->   "%newret7 = insertvalue i162 %newret5, i6 %res_9_0" [firmware/nnet_utils/nnet_activation.h:45]   --->   Operation 713 'insertvalue' 'newret7' <Predicate = true> <Delay = 0.00>
ST_1 : Operation 714 [1/1] (0.00ns)   --->   "%newret9 = insertvalue i162 %newret7, i6 %res_10_0" [firmware/nnet_utils/nnet_activation.h:45]   --->   Operation 714 'insertvalue' 'newret9' <Predicate = true> <Delay = 0.00>
ST_1 : Operation 715 [1/1] (0.00ns)   --->   "%newret10 = insertvalue i162 %newret9, i6 %res_11_0" [firmware/nnet_utils/nnet_activation.h:45]   --->   Operation 715 'insertvalue' 'newret10' <Predicate = true> <Delay = 0.00>
ST_1 : Operation 716 [1/1] (0.00ns)   --->   "%newret11 = insertvalue i162 %newret10, i6 %res_13_0" [firmware/nnet_utils/nnet_activation.h:45]   --->   Operation 716 'insertvalue' 'newret11' <Predicate = true> <Delay = 0.00>
ST_1 : Operation 717 [1/1] (0.00ns)   --->   "%newret12 = insertvalue i162 %newret11, i6 %res_15_0" [firmware/nnet_utils/nnet_activation.h:45]   --->   Operation 717 'insertvalue' 'newret12' <Predicate = true> <Delay = 0.00>
ST_1 : Operation 718 [1/1] (0.00ns)   --->   "%newret13 = insertvalue i162 %newret12, i6 %res_16_0" [firmware/nnet_utils/nnet_activation.h:45]   --->   Operation 718 'insertvalue' 'newret13' <Predicate = true> <Delay = 0.00>
ST_1 : Operation 719 [1/1] (0.00ns)   --->   "%newret14 = insertvalue i162 %newret13, i6 %res_17_0" [firmware/nnet_utils/nnet_activation.h:45]   --->   Operation 719 'insertvalue' 'newret14' <Predicate = true> <Delay = 0.00>
ST_1 : Operation 720 [1/1] (0.00ns)   --->   "%newret15 = insertvalue i162 %newret14, i6 %res_18_0" [firmware/nnet_utils/nnet_activation.h:45]   --->   Operation 720 'insertvalue' 'newret15' <Predicate = true> <Delay = 0.00>
ST_1 : Operation 721 [1/1] (0.00ns)   --->   "%newret16 = insertvalue i162 %newret15, i6 %res_19_0" [firmware/nnet_utils/nnet_activation.h:45]   --->   Operation 721 'insertvalue' 'newret16' <Predicate = true> <Delay = 0.00>
ST_1 : Operation 722 [1/1] (0.00ns)   --->   "%newret17 = insertvalue i162 %newret16, i6 %res_21_0" [firmware/nnet_utils/nnet_activation.h:45]   --->   Operation 722 'insertvalue' 'newret17' <Predicate = true> <Delay = 0.00>
ST_1 : Operation 723 [1/1] (0.00ns)   --->   "%newret18 = insertvalue i162 %newret17, i6 %res_22_0" [firmware/nnet_utils/nnet_activation.h:45]   --->   Operation 723 'insertvalue' 'newret18' <Predicate = true> <Delay = 0.00>
ST_1 : Operation 724 [1/1] (0.00ns)   --->   "%newret19 = insertvalue i162 %newret18, i6 %res_23_0" [firmware/nnet_utils/nnet_activation.h:45]   --->   Operation 724 'insertvalue' 'newret19' <Predicate = true> <Delay = 0.00>
ST_1 : Operation 725 [1/1] (0.00ns)   --->   "%newret20 = insertvalue i162 %newret19, i6 %res_24_0" [firmware/nnet_utils/nnet_activation.h:45]   --->   Operation 725 'insertvalue' 'newret20' <Predicate = true> <Delay = 0.00>
ST_1 : Operation 726 [1/1] (0.00ns)   --->   "%newret21 = insertvalue i162 %newret20, i6 %res_25_0" [firmware/nnet_utils/nnet_activation.h:45]   --->   Operation 726 'insertvalue' 'newret21' <Predicate = true> <Delay = 0.00>
ST_1 : Operation 727 [1/1] (0.00ns)   --->   "%newret22 = insertvalue i162 %newret21, i6 %res_2786_0" [firmware/nnet_utils/nnet_activation.h:45]   --->   Operation 727 'insertvalue' 'newret22' <Predicate = true> <Delay = 0.00>
ST_1 : Operation 728 [1/1] (0.00ns)   --->   "%newret23 = insertvalue i162 %newret22, i6 %res_28_0" [firmware/nnet_utils/nnet_activation.h:45]   --->   Operation 728 'insertvalue' 'newret23' <Predicate = true> <Delay = 0.00>
ST_1 : Operation 729 [1/1] (0.00ns)   --->   "%newret24 = insertvalue i162 %newret23, i6 %res_29_0" [firmware/nnet_utils/nnet_activation.h:45]   --->   Operation 729 'insertvalue' 'newret24' <Predicate = true> <Delay = 0.00>
ST_1 : Operation 730 [1/1] (0.00ns)   --->   "%newret25 = insertvalue i162 %newret24, i6 %res_30_0" [firmware/nnet_utils/nnet_activation.h:45]   --->   Operation 730 'insertvalue' 'newret25' <Predicate = true> <Delay = 0.00>
ST_1 : Operation 731 [1/1] (0.00ns)   --->   "%newret26 = insertvalue i162 %newret25, i6 %res_31_0" [firmware/nnet_utils/nnet_activation.h:45]   --->   Operation 731 'insertvalue' 'newret26' <Predicate = true> <Delay = 0.00>
ST_1 : Operation 732 [1/1] (0.00ns)   --->   "%ret_ln45 = ret i162 %newret26" [firmware/nnet_utils/nnet_activation.h:45]   --->   Operation 732 'ret' 'ret_ln45' <Predicate = true> <Delay = 0.00>


============================================================
+ Verbose Summary: Binding
============================================================
STG Binding: 
---------------- STG Properties BEGIN ----------------
- Is combinational: 1
- Is one-state seq: 0
- Is datapath-only: 0
- Is pipelined: 1
- Is top level: 0
Port [ Return ] is wired: 1; IO mode=ap_ctrl_hs:ce=0
Port [ data_1_val]:  wired=1; compound=0; hidden=0; nouse=0; global=0; static=0; extern=0; dir=0; type=0; pingpong=0; private_global=0; IO mode=ap_none:ce=0
Port [ data_2_val]:  wired=1; compound=0; hidden=0; nouse=0; global=0; static=0; extern=0; dir=0; type=0; pingpong=0; private_global=0; IO mode=ap_none:ce=0
Port [ data_3_val]:  wired=1; compound=0; hidden=0; nouse=0; global=0; static=0; extern=0; dir=0; type=0; pingpong=0; private_global=0; IO mode=ap_none:ce=0
Port [ data_4_val]:  wired=1; compound=0; hidden=0; nouse=0; global=0; static=0; extern=0; dir=0; type=0; pingpong=0; private_global=0; IO mode=ap_none:ce=0
Port [ data_5_val]:  wired=1; compound=0; hidden=0; nouse=0; global=0; static=0; extern=0; dir=0; type=0; pingpong=0; private_global=0; IO mode=ap_none:ce=0
Port [ data_6_val]:  wired=1; compound=0; hidden=0; nouse=0; global=0; static=0; extern=0; dir=0; type=0; pingpong=0; private_global=0; IO mode=ap_none:ce=0
Port [ data_7_val]:  wired=1; compound=0; hidden=0; nouse=0; global=0; static=0; extern=0; dir=0; type=0; pingpong=0; private_global=0; IO mode=ap_none:ce=0
Port [ data_8_val]:  wired=1; compound=0; hidden=0; nouse=0; global=0; static=0; extern=0; dir=0; type=0; pingpong=0; private_global=0; IO mode=ap_none:ce=0
Port [ data_9_val]:  wired=1; compound=0; hidden=0; nouse=0; global=0; static=0; extern=0; dir=0; type=0; pingpong=0; private_global=0; IO mode=ap_none:ce=0
Port [ data_10_val]:  wired=1; compound=0; hidden=0; nouse=0; global=0; static=0; extern=0; dir=0; type=0; pingpong=0; private_global=0; IO mode=ap_none:ce=0
Port [ data_11_val]:  wired=1; compound=0; hidden=0; nouse=0; global=0; static=0; extern=0; dir=0; type=0; pingpong=0; private_global=0; IO mode=ap_none:ce=0
Port [ data_13_val]:  wired=1; compound=0; hidden=0; nouse=0; global=0; static=0; extern=0; dir=0; type=0; pingpong=0; private_global=0; IO mode=ap_none:ce=0
Port [ data_15_val]:  wired=1; compound=0; hidden=0; nouse=0; global=0; static=0; extern=0; dir=0; type=0; pingpong=0; private_global=0; IO mode=ap_none:ce=0
Port [ data_16_val]:  wired=1; compound=0; hidden=0; nouse=0; global=0; static=0; extern=0; dir=0; type=0; pingpong=0; private_global=0; IO mode=ap_none:ce=0
Port [ data_17_val]:  wired=1; compound=0; hidden=0; nouse=0; global=0; static=0; extern=0; dir=0; type=0; pingpong=0; private_global=0; IO mode=ap_none:ce=0
Port [ data_18_val]:  wired=1; compound=0; hidden=0; nouse=0; global=0; static=0; extern=0; dir=0; type=0; pingpong=0; private_global=0; IO mode=ap_none:ce=0
Port [ data_19_val]:  wired=1; compound=0; hidden=0; nouse=0; global=0; static=0; extern=0; dir=0; type=0; pingpong=0; private_global=0; IO mode=ap_none:ce=0
Port [ data_21_val]:  wired=1; compound=0; hidden=0; nouse=0; global=0; static=0; extern=0; dir=0; type=0; pingpong=0; private_global=0; IO mode=ap_none:ce=0
Port [ data_22_val]:  wired=1; compound=0; hidden=0; nouse=0; global=0; static=0; extern=0; dir=0; type=0; pingpong=0; private_global=0; IO mode=ap_none:ce=0
Port [ data_23_val]:  wired=1; compound=0; hidden=0; nouse=0; global=0; static=0; extern=0; dir=0; type=0; pingpong=0; private_global=0; IO mode=ap_none:ce=0
Port [ data_24_val]:  wired=1; compound=0; hidden=0; nouse=0; global=0; static=0; extern=0; dir=0; type=0; pingpong=0; private_global=0; IO mode=ap_none:ce=0
Port [ data_25_val]:  wired=1; compound=0; hidden=0; nouse=0; global=0; static=0; extern=0; dir=0; type=0; pingpong=0; private_global=0; IO mode=ap_none:ce=0
Port [ data_27_val]:  wired=1; compound=0; hidden=0; nouse=0; global=0; static=0; extern=0; dir=0; type=0; pingpong=0; private_global=0; IO mode=ap_none:ce=0
Port [ data_28_val]:  wired=1; compound=0; hidden=0; nouse=0; global=0; static=0; extern=0; dir=0; type=0; pingpong=0; private_global=0; IO mode=ap_none:ce=0
Port [ data_29_val]:  wired=1; compound=0; hidden=0; nouse=0; global=0; static=0; extern=0; dir=0; type=0; pingpong=0; private_global=0; IO mode=ap_none:ce=0
Port [ data_30_val]:  wired=1; compound=0; hidden=0; nouse=0; global=0; static=0; extern=0; dir=0; type=0; pingpong=0; private_global=0; IO mode=ap_none:ce=0
Port [ data_31_val]:  wired=1; compound=0; hidden=0; nouse=0; global=0; static=0; extern=0; dir=0; type=0; pingpong=0; private_global=0; IO mode=ap_none:ce=0
---------------- STG Properties END ------------------

---------------- Datapath Model BEGIN ----------------

<LifeTime>
<method=bitvector/>
specpipeline_ln42 (specpipeline) [ 00]
data_31_val_read  (read        ) [ 00]
data_30_val_read  (read        ) [ 00]
data_29_val_read  (read        ) [ 00]
data_28_val_read  (read        ) [ 00]
data_27_val_read  (read        ) [ 00]
data_25_val_read  (read        ) [ 00]
data_24_val_read  (read        ) [ 00]
data_23_val_read  (read        ) [ 00]
data_22_val_read  (read        ) [ 00]
data_21_val_read  (read        ) [ 00]
data_19_val_read  (read        ) [ 00]
data_18_val_read  (read        ) [ 00]
data_17_val_read  (read        ) [ 00]
data_16_val_read  (read        ) [ 00]
data_15_val_read  (read        ) [ 00]
data_13_val_read  (read        ) [ 00]
data_11_val_read  (read        ) [ 00]
data_10_val_read  (read        ) [ 00]
data_9_val_read   (read        ) [ 00]
data_8_val_read   (read        ) [ 00]
data_7_val_read   (read        ) [ 00]
data_6_val_read   (read        ) [ 00]
data_5_val_read   (read        ) [ 00]
data_4_val_read   (read        ) [ 00]
data_3_val_read   (read        ) [ 00]
data_2_val_read   (read        ) [ 00]
data_1_val_read   (read        ) [ 00]
icmp_ln45         (icmp        ) [ 01]
tmp               (bitselect   ) [ 00]
trunc_ln          (partselect  ) [ 00]
tmp_383           (bitselect   ) [ 00]
trunc_ln46        (trunc       ) [ 00]
icmp_ln46         (icmp        ) [ 00]
tmp_384           (bitselect   ) [ 00]
tmp_385           (bitselect   ) [ 00]
or_ln46           (or          ) [ 00]
and_ln46          (and         ) [ 00]
zext_ln46         (zext        ) [ 00]
add_ln46          (add         ) [ 00]
tmp_s             (partselect  ) [ 00]
icmp_ln46_128     (icmp        ) [ 00]
tmp_386           (bitselect   ) [ 00]
not_tmp_449       (xor         ) [ 00]
and_ln46_128      (or          ) [ 00]
empty             (and         ) [ 00]
or_ln46_192       (or          ) [ 01]
xor_ln46          (xor         ) [ 00]
or_ln46_193       (or          ) [ 01]
select_ln46       (select      ) [ 00]
select_ln46_192   (select      ) [ 00]
select_ln46_193   (select      ) [ 00]
res_1_0           (select      ) [ 00]
icmp_ln45_64      (icmp        ) [ 01]
tmp_387           (bitselect   ) [ 00]
trunc_ln46_s      (partselect  ) [ 00]
tmp_388           (bitselect   ) [ 00]
trunc_ln46_126    (trunc       ) [ 00]
icmp_ln46_129     (icmp        ) [ 00]
tmp_389           (bitselect   ) [ 00]
tmp_390           (bitselect   ) [ 00]
or_ln46_194       (or          ) [ 00]
and_ln46_127      (and         ) [ 00]
zext_ln46_64      (zext        ) [ 00]
add_ln46_64       (add         ) [ 00]
tmp_382           (partselect  ) [ 00]
icmp_ln46_130     (icmp        ) [ 00]
tmp_391           (bitselect   ) [ 00]
not_tmp_456       (xor         ) [ 00]
and_ln46_130      (or          ) [ 00]
empty_82          (and         ) [ 00]
or_ln46_195       (or          ) [ 01]
xor_ln46_64       (xor         ) [ 00]
or_ln46_196       (or          ) [ 01]
select_ln46_194   (select      ) [ 00]
select_ln46_195   (select      ) [ 00]
select_ln46_196   (select      ) [ 00]
res_2_0           (select      ) [ 00]
icmp_ln45_65      (icmp        ) [ 01]
tmp_392           (bitselect   ) [ 00]
trunc_ln46_63     (partselect  ) [ 00]
tmp_393           (bitselect   ) [ 00]
trunc_ln46_127    (trunc       ) [ 00]
icmp_ln46_131     (icmp        ) [ 00]
tmp_394           (bitselect   ) [ 00]
tmp_395           (bitselect   ) [ 00]
or_ln46_197       (or          ) [ 00]
and_ln46_129      (and         ) [ 00]
zext_ln46_65      (zext        ) [ 00]
add_ln46_65       (add         ) [ 00]
tmp_396           (partselect  ) [ 00]
icmp_ln46_132     (icmp        ) [ 00]
tmp_397           (bitselect   ) [ 00]
not_tmp_463       (xor         ) [ 00]
and_ln46_132      (or          ) [ 00]
empty_83          (and         ) [ 00]
or_ln46_198       (or          ) [ 01]
xor_ln46_65       (xor         ) [ 00]
or_ln46_199       (or          ) [ 01]
select_ln46_197   (select      ) [ 00]
select_ln46_198   (select      ) [ 00]
select_ln46_199   (select      ) [ 00]
res_3_0           (select      ) [ 00]
icmp_ln45_66      (icmp        ) [ 01]
tmp_398           (bitselect   ) [ 00]
trunc_ln46_64     (partselect  ) [ 00]
tmp_399           (bitselect   ) [ 00]
trunc_ln46_128    (trunc       ) [ 00]
icmp_ln46_133     (icmp        ) [ 00]
tmp_400           (bitselect   ) [ 00]
tmp_401           (bitselect   ) [ 00]
or_ln46_200       (or          ) [ 00]
and_ln46_131      (and         ) [ 00]
zext_ln46_66      (zext        ) [ 00]
add_ln46_66       (add         ) [ 00]
tmp_402           (partselect  ) [ 00]
icmp_ln46_134     (icmp        ) [ 00]
tmp_403           (bitselect   ) [ 00]
not_tmp_470       (xor         ) [ 00]
and_ln46_134      (or          ) [ 00]
empty_84          (and         ) [ 00]
or_ln46_201       (or          ) [ 01]
xor_ln46_66       (xor         ) [ 00]
or_ln46_202       (or          ) [ 01]
select_ln46_200   (select      ) [ 00]
select_ln46_201   (select      ) [ 00]
select_ln46_202   (select      ) [ 00]
res_4_0           (select      ) [ 00]
icmp_ln45_67      (icmp        ) [ 01]
tmp_404           (bitselect   ) [ 00]
trunc_ln46_65     (partselect  ) [ 00]
tmp_405           (bitselect   ) [ 00]
trunc_ln46_129    (trunc       ) [ 00]
icmp_ln46_135     (icmp        ) [ 00]
tmp_406           (bitselect   ) [ 00]
tmp_407           (bitselect   ) [ 00]
or_ln46_203       (or          ) [ 00]
and_ln46_133      (and         ) [ 00]
zext_ln46_67      (zext        ) [ 00]
add_ln46_67       (add         ) [ 00]
tmp_408           (partselect  ) [ 00]
icmp_ln46_136     (icmp        ) [ 00]
tmp_409           (bitselect   ) [ 00]
not_tmp_477       (xor         ) [ 00]
and_ln46_136      (or          ) [ 00]
empty_85          (and         ) [ 00]
or_ln46_204       (or          ) [ 01]
xor_ln46_67       (xor         ) [ 00]
or_ln46_205       (or          ) [ 01]
select_ln46_203   (select      ) [ 00]
select_ln46_204   (select      ) [ 00]
select_ln46_205   (select      ) [ 00]
res_5_0           (select      ) [ 00]
icmp_ln45_68      (icmp        ) [ 01]
tmp_410           (bitselect   ) [ 00]
trunc_ln46_66     (partselect  ) [ 00]
tmp_411           (bitselect   ) [ 00]
trunc_ln46_130    (trunc       ) [ 00]
icmp_ln46_137     (icmp        ) [ 00]
tmp_412           (bitselect   ) [ 00]
tmp_413           (bitselect   ) [ 00]
or_ln46_206       (or          ) [ 00]
and_ln46_135      (and         ) [ 00]
zext_ln46_68      (zext        ) [ 00]
add_ln46_68       (add         ) [ 00]
tmp_414           (partselect  ) [ 00]
icmp_ln46_138     (icmp        ) [ 00]
tmp_415           (bitselect   ) [ 00]
not_tmp_484       (xor         ) [ 00]
and_ln46_138      (or          ) [ 00]
empty_86          (and         ) [ 00]
or_ln46_207       (or          ) [ 01]
xor_ln46_68       (xor         ) [ 00]
or_ln46_208       (or          ) [ 01]
select_ln46_206   (select      ) [ 00]
select_ln46_207   (select      ) [ 00]
select_ln46_208   (select      ) [ 00]
res_6_0           (select      ) [ 00]
icmp_ln45_69      (icmp        ) [ 01]
tmp_416           (bitselect   ) [ 00]
trunc_ln46_67     (partselect  ) [ 00]
tmp_417           (bitselect   ) [ 00]
trunc_ln46_131    (trunc       ) [ 00]
icmp_ln46_139     (icmp        ) [ 00]
tmp_418           (bitselect   ) [ 00]
tmp_419           (bitselect   ) [ 00]
or_ln46_209       (or          ) [ 00]
and_ln46_137      (and         ) [ 00]
zext_ln46_69      (zext        ) [ 00]
add_ln46_69       (add         ) [ 00]
tmp_420           (partselect  ) [ 00]
icmp_ln46_140     (icmp        ) [ 00]
tmp_421           (bitselect   ) [ 00]
not_tmp_491       (xor         ) [ 00]
and_ln46_140      (or          ) [ 00]
empty_87          (and         ) [ 00]
or_ln46_210       (or          ) [ 01]
xor_ln46_69       (xor         ) [ 00]
or_ln46_211       (or          ) [ 01]
select_ln46_209   (select      ) [ 00]
select_ln46_210   (select      ) [ 00]
select_ln46_211   (select      ) [ 00]
res_7_0           (select      ) [ 00]
icmp_ln45_70      (icmp        ) [ 01]
tmp_422           (bitselect   ) [ 00]
trunc_ln46_68     (partselect  ) [ 00]
tmp_423           (bitselect   ) [ 00]
trunc_ln46_132    (trunc       ) [ 00]
icmp_ln46_141     (icmp        ) [ 00]
tmp_424           (bitselect   ) [ 00]
tmp_425           (bitselect   ) [ 00]
or_ln46_212       (or          ) [ 00]
and_ln46_139      (and         ) [ 00]
zext_ln46_70      (zext        ) [ 00]
add_ln46_70       (add         ) [ 00]
tmp_426           (partselect  ) [ 00]
icmp_ln46_142     (icmp        ) [ 00]
tmp_427           (bitselect   ) [ 00]
not_tmp_498       (xor         ) [ 00]
and_ln46_142      (or          ) [ 00]
empty_88          (and         ) [ 00]
or_ln46_213       (or          ) [ 01]
xor_ln46_70       (xor         ) [ 00]
or_ln46_214       (or          ) [ 01]
select_ln46_212   (select      ) [ 00]
select_ln46_213   (select      ) [ 00]
select_ln46_214   (select      ) [ 00]
res_8_0           (select      ) [ 00]
icmp_ln45_71      (icmp        ) [ 01]
tmp_428           (bitselect   ) [ 00]
trunc_ln46_69     (partselect  ) [ 00]
tmp_429           (bitselect   ) [ 00]
trunc_ln46_133    (trunc       ) [ 00]
icmp_ln46_143     (icmp        ) [ 00]
tmp_430           (bitselect   ) [ 00]
tmp_431           (bitselect   ) [ 00]
or_ln46_215       (or          ) [ 00]
and_ln46_141      (and         ) [ 00]
zext_ln46_71      (zext        ) [ 00]
add_ln46_71       (add         ) [ 00]
tmp_432           (partselect  ) [ 00]
icmp_ln46_144     (icmp        ) [ 00]
tmp_433           (bitselect   ) [ 00]
not_tmp_505       (xor         ) [ 00]
and_ln46_144      (or          ) [ 00]
empty_89          (and         ) [ 00]
or_ln46_216       (or          ) [ 01]
xor_ln46_71       (xor         ) [ 00]
or_ln46_217       (or          ) [ 01]
select_ln46_215   (select      ) [ 00]
select_ln46_216   (select      ) [ 00]
select_ln46_217   (select      ) [ 00]
res_9_0           (select      ) [ 00]
icmp_ln45_72      (icmp        ) [ 01]
tmp_434           (bitselect   ) [ 00]
trunc_ln46_70     (partselect  ) [ 00]
tmp_435           (bitselect   ) [ 00]
trunc_ln46_134    (trunc       ) [ 00]
icmp_ln46_145     (icmp        ) [ 00]
tmp_436           (bitselect   ) [ 00]
tmp_437           (bitselect   ) [ 00]
or_ln46_218       (or          ) [ 00]
and_ln46_143      (and         ) [ 00]
zext_ln46_72      (zext        ) [ 00]
add_ln46_72       (add         ) [ 00]
tmp_438           (partselect  ) [ 00]
icmp_ln46_146     (icmp        ) [ 00]
tmp_439           (bitselect   ) [ 00]
not_tmp_512       (xor         ) [ 00]
and_ln46_146      (or          ) [ 00]
empty_90          (and         ) [ 00]
or_ln46_219       (or          ) [ 01]
xor_ln46_72       (xor         ) [ 00]
or_ln46_220       (or          ) [ 01]
select_ln46_218   (select      ) [ 00]
select_ln46_219   (select      ) [ 00]
select_ln46_220   (select      ) [ 00]
res_10_0          (select      ) [ 00]
icmp_ln45_73      (icmp        ) [ 01]
tmp_440           (bitselect   ) [ 00]
trunc_ln46_71     (partselect  ) [ 00]
tmp_441           (bitselect   ) [ 00]
trunc_ln46_135    (trunc       ) [ 00]
icmp_ln46_147     (icmp        ) [ 00]
tmp_442           (bitselect   ) [ 00]
tmp_443           (bitselect   ) [ 00]
or_ln46_221       (or          ) [ 00]
and_ln46_145      (and         ) [ 00]
zext_ln46_73      (zext        ) [ 00]
add_ln46_73       (add         ) [ 00]
tmp_444           (partselect  ) [ 00]
icmp_ln46_148     (icmp        ) [ 00]
tmp_445           (bitselect   ) [ 00]
not_tmp_519       (xor         ) [ 00]
and_ln46_148      (or          ) [ 00]
empty_91          (and         ) [ 00]
or_ln46_222       (or          ) [ 01]
xor_ln46_73       (xor         ) [ 00]
or_ln46_223       (or          ) [ 01]
select_ln46_221   (select      ) [ 00]
select_ln46_222   (select      ) [ 00]
select_ln46_223   (select      ) [ 00]
res_11_0          (select      ) [ 00]
icmp_ln45_74      (icmp        ) [ 01]
tmp_446           (bitselect   ) [ 00]
trunc_ln46_72     (partselect  ) [ 00]
tmp_447           (bitselect   ) [ 00]
trunc_ln46_136    (trunc       ) [ 00]
icmp_ln46_149     (icmp        ) [ 00]
tmp_448           (bitselect   ) [ 00]
tmp_449           (bitselect   ) [ 00]
or_ln46_224       (or          ) [ 00]
and_ln46_147      (and         ) [ 00]
zext_ln46_74      (zext        ) [ 00]
add_ln46_74       (add         ) [ 00]
tmp_450           (partselect  ) [ 00]
icmp_ln46_150     (icmp        ) [ 00]
tmp_451           (bitselect   ) [ 00]
not_tmp_526       (xor         ) [ 00]
and_ln46_150      (or          ) [ 00]
empty_92          (and         ) [ 00]
or_ln46_225       (or          ) [ 01]
xor_ln46_74       (xor         ) [ 00]
or_ln46_226       (or          ) [ 01]
select_ln46_224   (select      ) [ 00]
select_ln46_225   (select      ) [ 00]
select_ln46_226   (select      ) [ 00]
res_13_0          (select      ) [ 00]
icmp_ln45_75      (icmp        ) [ 01]
tmp_452           (bitselect   ) [ 00]
trunc_ln46_73     (partselect  ) [ 00]
tmp_453           (bitselect   ) [ 00]
trunc_ln46_137    (trunc       ) [ 00]
icmp_ln46_151     (icmp        ) [ 00]
tmp_454           (bitselect   ) [ 00]
tmp_455           (bitselect   ) [ 00]
or_ln46_227       (or          ) [ 00]
and_ln46_149      (and         ) [ 00]
zext_ln46_75      (zext        ) [ 00]
add_ln46_75       (add         ) [ 00]
tmp_456           (partselect  ) [ 00]
icmp_ln46_152     (icmp        ) [ 00]
tmp_457           (bitselect   ) [ 00]
not_tmp_533       (xor         ) [ 00]
and_ln46_152      (or          ) [ 00]
empty_93          (and         ) [ 00]
or_ln46_228       (or          ) [ 01]
xor_ln46_75       (xor         ) [ 00]
or_ln46_229       (or          ) [ 01]
select_ln46_227   (select      ) [ 00]
select_ln46_228   (select      ) [ 00]
select_ln46_229   (select      ) [ 00]
res_15_0          (select      ) [ 00]
icmp_ln45_76      (icmp        ) [ 01]
tmp_458           (bitselect   ) [ 00]
trunc_ln46_74     (partselect  ) [ 00]
tmp_459           (bitselect   ) [ 00]
trunc_ln46_138    (trunc       ) [ 00]
icmp_ln46_153     (icmp        ) [ 00]
tmp_460           (bitselect   ) [ 00]
tmp_461           (bitselect   ) [ 00]
or_ln46_230       (or          ) [ 00]
and_ln46_151      (and         ) [ 00]
zext_ln46_76      (zext        ) [ 00]
add_ln46_76       (add         ) [ 00]
tmp_462           (partselect  ) [ 00]
icmp_ln46_154     (icmp        ) [ 00]
tmp_463           (bitselect   ) [ 00]
not_tmp_540       (xor         ) [ 00]
and_ln46_154      (or          ) [ 00]
empty_94          (and         ) [ 00]
or_ln46_231       (or          ) [ 01]
xor_ln46_76       (xor         ) [ 00]
or_ln46_232       (or          ) [ 01]
select_ln46_230   (select      ) [ 00]
select_ln46_231   (select      ) [ 00]
select_ln46_232   (select      ) [ 00]
res_16_0          (select      ) [ 00]
icmp_ln45_77      (icmp        ) [ 01]
tmp_464           (bitselect   ) [ 00]
trunc_ln46_75     (partselect  ) [ 00]
tmp_465           (bitselect   ) [ 00]
trunc_ln46_139    (trunc       ) [ 00]
icmp_ln46_155     (icmp        ) [ 00]
tmp_466           (bitselect   ) [ 00]
tmp_467           (bitselect   ) [ 00]
or_ln46_233       (or          ) [ 00]
and_ln46_153      (and         ) [ 00]
zext_ln46_77      (zext        ) [ 00]
add_ln46_77       (add         ) [ 00]
tmp_468           (partselect  ) [ 00]
icmp_ln46_156     (icmp        ) [ 00]
tmp_469           (bitselect   ) [ 00]
not_tmp_547       (xor         ) [ 00]
and_ln46_156      (or          ) [ 00]
empty_95          (and         ) [ 00]
or_ln46_234       (or          ) [ 01]
xor_ln46_77       (xor         ) [ 00]
or_ln46_235       (or          ) [ 01]
select_ln46_233   (select      ) [ 00]
select_ln46_234   (select      ) [ 00]
select_ln46_235   (select      ) [ 00]
res_17_0          (select      ) [ 00]
icmp_ln45_78      (icmp        ) [ 01]
tmp_470           (bitselect   ) [ 00]
trunc_ln46_76     (partselect  ) [ 00]
tmp_471           (bitselect   ) [ 00]
trunc_ln46_140    (trunc       ) [ 00]
icmp_ln46_157     (icmp        ) [ 00]
tmp_472           (bitselect   ) [ 00]
tmp_473           (bitselect   ) [ 00]
or_ln46_236       (or          ) [ 00]
and_ln46_155      (and         ) [ 00]
zext_ln46_78      (zext        ) [ 00]
add_ln46_78       (add         ) [ 00]
tmp_474           (partselect  ) [ 00]
icmp_ln46_158     (icmp        ) [ 00]
tmp_475           (bitselect   ) [ 00]
not_tmp_554       (xor         ) [ 00]
and_ln46_158      (or          ) [ 00]
empty_96          (and         ) [ 00]
or_ln46_237       (or          ) [ 01]
xor_ln46_78       (xor         ) [ 00]
or_ln46_238       (or          ) [ 01]
select_ln46_236   (select      ) [ 00]
select_ln46_237   (select      ) [ 00]
select_ln46_238   (select      ) [ 00]
res_18_0          (select      ) [ 00]
icmp_ln45_79      (icmp        ) [ 01]
tmp_476           (bitselect   ) [ 00]
trunc_ln46_77     (partselect  ) [ 00]
tmp_477           (bitselect   ) [ 00]
trunc_ln46_141    (trunc       ) [ 00]
icmp_ln46_159     (icmp        ) [ 00]
tmp_478           (bitselect   ) [ 00]
tmp_479           (bitselect   ) [ 00]
or_ln46_239       (or          ) [ 00]
and_ln46_157      (and         ) [ 00]
zext_ln46_79      (zext        ) [ 00]
add_ln46_79       (add         ) [ 00]
tmp_480           (partselect  ) [ 00]
icmp_ln46_160     (icmp        ) [ 00]
tmp_481           (bitselect   ) [ 00]
not_tmp_561       (xor         ) [ 00]
and_ln46_160      (or          ) [ 00]
empty_97          (and         ) [ 00]
or_ln46_240       (or          ) [ 01]
xor_ln46_79       (xor         ) [ 00]
or_ln46_241       (or          ) [ 01]
select_ln46_239   (select      ) [ 00]
select_ln46_240   (select      ) [ 00]
select_ln46_241   (select      ) [ 00]
res_19_0          (select      ) [ 00]
icmp_ln45_80      (icmp        ) [ 01]
tmp_482           (bitselect   ) [ 00]
trunc_ln46_78     (partselect  ) [ 00]
tmp_483           (bitselect   ) [ 00]
trunc_ln46_142    (trunc       ) [ 00]
icmp_ln46_161     (icmp        ) [ 00]
tmp_484           (bitselect   ) [ 00]
tmp_485           (bitselect   ) [ 00]
or_ln46_242       (or          ) [ 00]
and_ln46_159      (and         ) [ 00]
zext_ln46_80      (zext        ) [ 00]
add_ln46_80       (add         ) [ 00]
tmp_486           (partselect  ) [ 00]
icmp_ln46_162     (icmp        ) [ 00]
tmp_487           (bitselect   ) [ 00]
not_tmp_568       (xor         ) [ 00]
and_ln46_162      (or          ) [ 00]
empty_98          (and         ) [ 00]
or_ln46_243       (or          ) [ 01]
xor_ln46_80       (xor         ) [ 00]
or_ln46_244       (or          ) [ 01]
select_ln46_242   (select      ) [ 00]
select_ln46_243   (select      ) [ 00]
select_ln46_244   (select      ) [ 00]
res_21_0          (select      ) [ 00]
icmp_ln45_81      (icmp        ) [ 01]
tmp_488           (bitselect   ) [ 00]
trunc_ln46_79     (partselect  ) [ 00]
tmp_489           (bitselect   ) [ 00]
trunc_ln46_143    (trunc       ) [ 00]
icmp_ln46_163     (icmp        ) [ 00]
tmp_490           (bitselect   ) [ 00]
tmp_491           (bitselect   ) [ 00]
or_ln46_245       (or          ) [ 00]
and_ln46_161      (and         ) [ 00]
zext_ln46_81      (zext        ) [ 00]
add_ln46_81       (add         ) [ 00]
tmp_492           (partselect  ) [ 00]
icmp_ln46_164     (icmp        ) [ 00]
tmp_493           (bitselect   ) [ 00]
not_tmp_575       (xor         ) [ 00]
and_ln46_164      (or          ) [ 00]
empty_99          (and         ) [ 00]
or_ln46_246       (or          ) [ 01]
xor_ln46_81       (xor         ) [ 00]
or_ln46_247       (or          ) [ 01]
select_ln46_245   (select      ) [ 00]
select_ln46_246   (select      ) [ 00]
select_ln46_247   (select      ) [ 00]
res_22_0          (select      ) [ 00]
icmp_ln45_82      (icmp        ) [ 01]
tmp_494           (bitselect   ) [ 00]
trunc_ln46_80     (partselect  ) [ 00]
tmp_495           (bitselect   ) [ 00]
trunc_ln46_144    (trunc       ) [ 00]
icmp_ln46_165     (icmp        ) [ 00]
tmp_496           (bitselect   ) [ 00]
tmp_497           (bitselect   ) [ 00]
or_ln46_248       (or          ) [ 00]
and_ln46_163      (and         ) [ 00]
zext_ln46_82      (zext        ) [ 00]
add_ln46_82       (add         ) [ 00]
tmp_498           (partselect  ) [ 00]
icmp_ln46_166     (icmp        ) [ 00]
tmp_499           (bitselect   ) [ 00]
not_tmp_582       (xor         ) [ 00]
and_ln46_166      (or          ) [ 00]
empty_100         (and         ) [ 00]
or_ln46_249       (or          ) [ 01]
xor_ln46_82       (xor         ) [ 00]
or_ln46_250       (or          ) [ 01]
select_ln46_248   (select      ) [ 00]
select_ln46_249   (select      ) [ 00]
select_ln46_250   (select      ) [ 00]
res_23_0          (select      ) [ 00]
icmp_ln45_83      (icmp        ) [ 01]
tmp_500           (bitselect   ) [ 00]
trunc_ln46_81     (partselect  ) [ 00]
tmp_501           (bitselect   ) [ 00]
trunc_ln46_145    (trunc       ) [ 00]
icmp_ln46_167     (icmp        ) [ 00]
tmp_502           (bitselect   ) [ 00]
tmp_503           (bitselect   ) [ 00]
or_ln46_251       (or          ) [ 00]
and_ln46_165      (and         ) [ 00]
zext_ln46_83      (zext        ) [ 00]
add_ln46_83       (add         ) [ 00]
tmp_504           (partselect  ) [ 00]
icmp_ln46_168     (icmp        ) [ 00]
tmp_505           (bitselect   ) [ 00]
not_tmp_589       (xor         ) [ 00]
and_ln46_168      (or          ) [ 00]
empty_101         (and         ) [ 00]
or_ln46_252       (or          ) [ 01]
xor_ln46_83       (xor         ) [ 00]
or_ln46_253       (or          ) [ 01]
select_ln46_251   (select      ) [ 00]
select_ln46_252   (select      ) [ 00]
select_ln46_253   (select      ) [ 00]
res_24_0          (select      ) [ 00]
icmp_ln45_84      (icmp        ) [ 01]
tmp_506           (bitselect   ) [ 00]
trunc_ln46_82     (partselect  ) [ 00]
tmp_507           (bitselect   ) [ 00]
trunc_ln46_146    (trunc       ) [ 00]
icmp_ln46_169     (icmp        ) [ 00]
tmp_508           (bitselect   ) [ 00]
tmp_509           (bitselect   ) [ 00]
or_ln46_254       (or          ) [ 00]
and_ln46_167      (and         ) [ 00]
zext_ln46_84      (zext        ) [ 00]
add_ln46_84       (add         ) [ 00]
tmp_510           (partselect  ) [ 00]
icmp_ln46_170     (icmp        ) [ 00]
tmp_511           (bitselect   ) [ 00]
not_tmp_596       (xor         ) [ 00]
and_ln46_170      (or          ) [ 00]
empty_102         (and         ) [ 00]
or_ln46_255       (or          ) [ 01]
xor_ln46_84       (xor         ) [ 00]
or_ln46_256       (or          ) [ 01]
select_ln46_254   (select      ) [ 00]
select_ln46_255   (select      ) [ 00]
select_ln46_256   (select      ) [ 00]
res_25_0          (select      ) [ 00]
icmp_ln45_85      (icmp        ) [ 01]
tmp_512           (bitselect   ) [ 00]
trunc_ln46_83     (partselect  ) [ 00]
tmp_513           (bitselect   ) [ 00]
trunc_ln46_147    (trunc       ) [ 00]
icmp_ln46_171     (icmp        ) [ 00]
tmp_514           (bitselect   ) [ 00]
tmp_515           (bitselect   ) [ 00]
or_ln46_257       (or          ) [ 00]
and_ln46_169      (and         ) [ 00]
zext_ln46_85      (zext        ) [ 00]
add_ln46_85       (add         ) [ 00]
tmp_516           (partselect  ) [ 00]
icmp_ln46_172     (icmp        ) [ 00]
tmp_517           (bitselect   ) [ 00]
not_tmp_603       (xor         ) [ 00]
and_ln46_172      (or          ) [ 00]
empty_103         (and         ) [ 00]
or_ln46_258       (or          ) [ 01]
xor_ln46_85       (xor         ) [ 00]
or_ln46_259       (or          ) [ 01]
select_ln46_257   (select      ) [ 00]
select_ln46_258   (select      ) [ 00]
select_ln46_259   (select      ) [ 00]
res_2786_0        (select      ) [ 00]
icmp_ln45_86      (icmp        ) [ 01]
tmp_518           (bitselect   ) [ 00]
trunc_ln46_84     (partselect  ) [ 00]
tmp_519           (bitselect   ) [ 00]
trunc_ln46_148    (trunc       ) [ 00]
icmp_ln46_173     (icmp        ) [ 00]
tmp_520           (bitselect   ) [ 00]
tmp_521           (bitselect   ) [ 00]
or_ln46_260       (or          ) [ 00]
and_ln46_171      (and         ) [ 00]
zext_ln46_86      (zext        ) [ 00]
add_ln46_86       (add         ) [ 00]
tmp_522           (partselect  ) [ 00]
icmp_ln46_174     (icmp        ) [ 00]
tmp_523           (bitselect   ) [ 00]
not_tmp_610       (xor         ) [ 00]
and_ln46_174      (or          ) [ 00]
empty_104         (and         ) [ 00]
or_ln46_261       (or          ) [ 01]
xor_ln46_86       (xor         ) [ 00]
or_ln46_262       (or          ) [ 01]
select_ln46_260   (select      ) [ 00]
select_ln46_261   (select      ) [ 00]
select_ln46_262   (select      ) [ 00]
res_28_0          (select      ) [ 00]
icmp_ln45_87      (icmp        ) [ 01]
tmp_524           (bitselect   ) [ 00]
trunc_ln46_85     (partselect  ) [ 00]
tmp_525           (bitselect   ) [ 00]
trunc_ln46_149    (trunc       ) [ 00]
icmp_ln46_175     (icmp        ) [ 00]
tmp_526           (bitselect   ) [ 00]
tmp_527           (bitselect   ) [ 00]
or_ln46_263       (or          ) [ 00]
and_ln46_173      (and         ) [ 00]
zext_ln46_87      (zext        ) [ 00]
add_ln46_87       (add         ) [ 00]
tmp_528           (partselect  ) [ 00]
icmp_ln46_176     (icmp        ) [ 00]
tmp_529           (bitselect   ) [ 00]
not_tmp_617       (xor         ) [ 00]
and_ln46_176      (or          ) [ 00]
empty_105         (and         ) [ 00]
or_ln46_264       (or          ) [ 01]
xor_ln46_87       (xor         ) [ 00]
or_ln46_265       (or          ) [ 01]
select_ln46_263   (select      ) [ 00]
select_ln46_264   (select      ) [ 00]
select_ln46_265   (select      ) [ 00]
res_29_0          (select      ) [ 00]
icmp_ln45_88      (icmp        ) [ 01]
tmp_530           (bitselect   ) [ 00]
trunc_ln46_86     (partselect  ) [ 00]
tmp_531           (bitselect   ) [ 00]
trunc_ln46_150    (trunc       ) [ 00]
icmp_ln46_177     (icmp        ) [ 00]
tmp_532           (bitselect   ) [ 00]
tmp_533           (bitselect   ) [ 00]
or_ln46_266       (or          ) [ 00]
and_ln46_175      (and         ) [ 00]
zext_ln46_88      (zext        ) [ 00]
add_ln46_88       (add         ) [ 00]
tmp_534           (partselect  ) [ 00]
icmp_ln46_178     (icmp        ) [ 00]
tmp_535           (bitselect   ) [ 00]
not_tmp_624       (xor         ) [ 00]
and_ln46_178      (or          ) [ 00]
empty_106         (and         ) [ 00]
or_ln46_267       (or          ) [ 01]
xor_ln46_88       (xor         ) [ 00]
or_ln46_268       (or          ) [ 01]
select_ln46_266   (select      ) [ 00]
select_ln46_267   (select      ) [ 00]
select_ln46_268   (select      ) [ 00]
res_30_0          (select      ) [ 00]
icmp_ln45_89      (icmp        ) [ 01]
tmp_536           (bitselect   ) [ 00]
trunc_ln46_87     (partselect  ) [ 00]
tmp_537           (bitselect   ) [ 00]
trunc_ln46_151    (trunc       ) [ 00]
icmp_ln46_179     (icmp        ) [ 00]
tmp_538           (bitselect   ) [ 00]
tmp_539           (bitselect   ) [ 00]
or_ln46_269       (or          ) [ 00]
and_ln46_177      (and         ) [ 00]
zext_ln46_89      (zext        ) [ 00]
add_ln46_89       (add         ) [ 00]
tmp_540           (partselect  ) [ 00]
icmp_ln46_180     (icmp        ) [ 00]
tmp_541           (bitselect   ) [ 00]
not_tmp_631       (xor         ) [ 00]
and_ln46_180      (or          ) [ 00]
empty_107         (and         ) [ 00]
or_ln46_270       (or          ) [ 01]
xor_ln46_89       (xor         ) [ 00]
or_ln46_271       (or          ) [ 01]
select_ln46_269   (select      ) [ 00]
select_ln46_270   (select      ) [ 00]
select_ln46_271   (select      ) [ 00]
res_31_0          (select      ) [ 00]
newret            (insertvalue ) [ 00]
newret2           (insertvalue ) [ 00]
newret4           (insertvalue ) [ 00]
newret6           (insertvalue ) [ 00]
newret8           (insertvalue ) [ 00]
newret1           (insertvalue ) [ 00]
newret3           (insertvalue ) [ 00]
newret5           (insertvalue ) [ 00]
newret7           (insertvalue ) [ 00]
newret9           (insertvalue ) [ 00]
newret10          (insertvalue ) [ 00]
newret11          (insertvalue ) [ 00]
newret12          (insertvalue ) [ 00]
newret13          (insertvalue ) [ 00]
newret14          (insertvalue ) [ 00]
newret15          (insertvalue ) [ 00]
newret16          (insertvalue ) [ 00]
newret17          (insertvalue ) [ 00]
newret18          (insertvalue ) [ 00]
newret19          (insertvalue ) [ 00]
newret20          (insertvalue ) [ 00]
newret21          (insertvalue ) [ 00]
newret22          (insertvalue ) [ 00]
newret23          (insertvalue ) [ 00]
newret24          (insertvalue ) [ 00]
newret25          (insertvalue ) [ 00]
newret26          (insertvalue ) [ 00]
ret_ln45          (ret         ) [ 00]
</LifeTime>

<model>

<comp_list>
<comp id="0" class="1000" name="data_1_val">
<pin_list>
<pin id="1" dir="1" index="0" bw="1" slack="0"/>
</pin_list>
<bind>
<StgValue><ssdm name="data_1_val"/></StgValue>
</bind>
</comp>

<comp id="2" class="1000" name="data_2_val">
<pin_list>
<pin id="3" dir="1" index="0" bw="1" slack="0"/>
</pin_list>
<bind>
<StgValue><ssdm name="data_2_val"/></StgValue>
</bind>
</comp>

<comp id="4" class="1000" name="data_3_val">
<pin_list>
<pin id="5" dir="1" index="0" bw="1" slack="0"/>
</pin_list>
<bind>
<StgValue><ssdm name="data_3_val"/></StgValue>
</bind>
</comp>

<comp id="6" class="1000" name="data_4_val">
<pin_list>
<pin id="7" dir="1" index="0" bw="1" slack="0"/>
</pin_list>
<bind>
<StgValue><ssdm name="data_4_val"/></StgValue>
</bind>
</comp>

<comp id="8" class="1000" name="data_5_val">
<pin_list>
<pin id="9" dir="1" index="0" bw="1" slack="0"/>
</pin_list>
<bind>
<StgValue><ssdm name="data_5_val"/></StgValue>
</bind>
</comp>

<comp id="10" class="1000" name="data_6_val">
<pin_list>
<pin id="11" dir="1" index="0" bw="1" slack="0"/>
</pin_list>
<bind>
<StgValue><ssdm name="data_6_val"/></StgValue>
</bind>
</comp>

<comp id="12" class="1000" name="data_7_val">
<pin_list>
<pin id="13" dir="1" index="0" bw="1" slack="0"/>
</pin_list>
<bind>
<StgValue><ssdm name="data_7_val"/></StgValue>
</bind>
</comp>

<comp id="14" class="1000" name="data_8_val">
<pin_list>
<pin id="15" dir="1" index="0" bw="1" slack="0"/>
</pin_list>
<bind>
<StgValue><ssdm name="data_8_val"/></StgValue>
</bind>
</comp>

<comp id="16" class="1000" name="data_9_val">
<pin_list>
<pin id="17" dir="1" index="0" bw="1" slack="0"/>
</pin_list>
<bind>
<StgValue><ssdm name="data_9_val"/></StgValue>
</bind>
</comp>

<comp id="18" class="1000" name="data_10_val">
<pin_list>
<pin id="19" dir="1" index="0" bw="1" slack="0"/>
</pin_list>
<bind>
<StgValue><ssdm name="data_10_val"/></StgValue>
</bind>
</comp>

<comp id="20" class="1000" name="data_11_val">
<pin_list>
<pin id="21" dir="1" index="0" bw="1" slack="0"/>
</pin_list>
<bind>
<StgValue><ssdm name="data_11_val"/></StgValue>
</bind>
</comp>

<comp id="22" class="1000" name="data_13_val">
<pin_list>
<pin id="23" dir="1" index="0" bw="1" slack="0"/>
</pin_list>
<bind>
<StgValue><ssdm name="data_13_val"/></StgValue>
</bind>
</comp>

<comp id="24" class="1000" name="data_15_val">
<pin_list>
<pin id="25" dir="1" index="0" bw="1" slack="0"/>
</pin_list>
<bind>
<StgValue><ssdm name="data_15_val"/></StgValue>
</bind>
</comp>

<comp id="26" class="1000" name="data_16_val">
<pin_list>
<pin id="27" dir="1" index="0" bw="1" slack="0"/>
</pin_list>
<bind>
<StgValue><ssdm name="data_16_val"/></StgValue>
</bind>
</comp>

<comp id="28" class="1000" name="data_17_val">
<pin_list>
<pin id="29" dir="1" index="0" bw="1" slack="0"/>
</pin_list>
<bind>
<StgValue><ssdm name="data_17_val"/></StgValue>
</bind>
</comp>

<comp id="30" class="1000" name="data_18_val">
<pin_list>
<pin id="31" dir="1" index="0" bw="1" slack="0"/>
</pin_list>
<bind>
<StgValue><ssdm name="data_18_val"/></StgValue>
</bind>
</comp>

<comp id="32" class="1000" name="data_19_val">
<pin_list>
<pin id="33" dir="1" index="0" bw="1" slack="0"/>
</pin_list>
<bind>
<StgValue><ssdm name="data_19_val"/></StgValue>
</bind>
</comp>

<comp id="34" class="1000" name="data_21_val">
<pin_list>
<pin id="35" dir="1" index="0" bw="1" slack="0"/>
</pin_list>
<bind>
<StgValue><ssdm name="data_21_val"/></StgValue>
</bind>
</comp>

<comp id="36" class="1000" name="data_22_val">
<pin_list>
<pin id="37" dir="1" index="0" bw="1" slack="0"/>
</pin_list>
<bind>
<StgValue><ssdm name="data_22_val"/></StgValue>
</bind>
</comp>

<comp id="38" class="1000" name="data_23_val">
<pin_list>
<pin id="39" dir="1" index="0" bw="1" slack="0"/>
</pin_list>
<bind>
<StgValue><ssdm name="data_23_val"/></StgValue>
</bind>
</comp>

<comp id="40" class="1000" name="data_24_val">
<pin_list>
<pin id="41" dir="1" index="0" bw="1" slack="0"/>
</pin_list>
<bind>
<StgValue><ssdm name="data_24_val"/></StgValue>
</bind>
</comp>

<comp id="42" class="1000" name="data_25_val">
<pin_list>
<pin id="43" dir="1" index="0" bw="1" slack="0"/>
</pin_list>
<bind>
<StgValue><ssdm name="data_25_val"/></StgValue>
</bind>
</comp>

<comp id="44" class="1000" name="data_27_val">
<pin_list>
<pin id="45" dir="1" index="0" bw="1" slack="0"/>
</pin_list>
<bind>
<StgValue><ssdm name="data_27_val"/></StgValue>
</bind>
</comp>

<comp id="46" class="1000" name="data_28_val">
<pin_list>
<pin id="47" dir="1" index="0" bw="1" slack="0"/>
</pin_list>
<bind>
<StgValue><ssdm name="data_28_val"/></StgValue>
</bind>
</comp>

<comp id="48" class="1000" name="data_29_val">
<pin_list>
<pin id="49" dir="1" index="0" bw="1" slack="0"/>
</pin_list>
<bind>
<StgValue><ssdm name="data_29_val"/></StgValue>
</bind>
</comp>

<comp id="50" class="1000" name="data_30_val">
<pin_list>
<pin id="51" dir="1" index="0" bw="1" slack="0"/>
</pin_list>
<bind>
<StgValue><ssdm name="data_30_val"/></StgValue>
</bind>
</comp>

<comp id="52" class="1000" name="data_31_val">
<pin_list>
<pin id="53" dir="1" index="0" bw="1" slack="0"/>
</pin_list>
<bind>
<StgValue><ssdm name="data_31_val"/></StgValue>
</bind>
</comp>

<comp id="54" class="1001" name="const_54">
<pin_list>
<pin id="55" dir="1" index="0" bw="1" slack="2147483647"/>
</pin_list>
<bind>
<StgValue><ssdm name="_ssdm_op_SpecPipeline"/></StgValue>
</bind>
</comp>

<comp id="56" class="1001" name="const_56">
<pin_list>
<pin id="57" dir="1" index="0" bw="1" slack="2147483647"/>
</pin_list>
<bind>
<StgValue><ssdm name=""/></StgValue>
</bind>
</comp>

<comp id="58" class="1001" name="const_58">
<pin_list>
<pin id="59" dir="1" index="0" bw="1" slack="2147483647"/>
</pin_list>
<bind>
<StgValue><ssdm name=""/></StgValue>
</bind>
</comp>

<comp id="60" class="1001" name="const_60">
<pin_list>
<pin id="61" dir="1" index="0" bw="1" slack="2147483647"/>
</pin_list>
<bind>
<StgValue><ssdm name="empty_0"/></StgValue>
</bind>
</comp>

<comp id="62" class="1001" name="const_62">
<pin_list>
<pin id="63" dir="1" index="0" bw="1" slack="0"/>
</pin_list>
<bind>
<StgValue><ssdm name="_ssdm_op_Read.ap_auto.i19"/></StgValue>
</bind>
</comp>

<comp id="64" class="1001" name="const_64">
<pin_list>
<pin id="65" dir="1" index="0" bw="1" slack="0"/>
</pin_list>
<bind>
<StgValue><ssdm name=""/></StgValue>
</bind>
</comp>

<comp id="66" class="1001" name="const_66">
<pin_list>
<pin id="67" dir="1" index="0" bw="1" slack="0"/>
</pin_list>
<bind>
<StgValue><ssdm name="_ssdm_op_BitSelect.i1.i19.i32"/></StgValue>
</bind>
</comp>

<comp id="68" class="1001" name="const_68">
<pin_list>
<pin id="69" dir="1" index="0" bw="1" slack="0"/>
</pin_list>
<bind>
<StgValue><ssdm name=""/></StgValue>
</bind>
</comp>

<comp id="70" class="1001" name="const_70">
<pin_list>
<pin id="71" dir="1" index="0" bw="1" slack="0"/>
</pin_list>
<bind>
<StgValue><ssdm name="_ssdm_op_PartSelect.i6.i19.i32.i32"/></StgValue>
</bind>
</comp>

<comp id="72" class="1001" name="const_72">
<pin_list>
<pin id="73" dir="1" index="0" bw="1" slack="0"/>
</pin_list>
<bind>
<StgValue><ssdm name=""/></StgValue>
</bind>
</comp>

<comp id="74" class="1001" name="const_74">
<pin_list>
<pin id="75" dir="1" index="0" bw="1" slack="0"/>
</pin_list>
<bind>
<StgValue><ssdm name=""/></StgValue>
</bind>
</comp>

<comp id="76" class="1001" name="const_76">
<pin_list>
<pin id="77" dir="1" index="0" bw="1" slack="0"/>
</pin_list>
<bind>
<StgValue><ssdm name=""/></StgValue>
</bind>
</comp>

<comp id="78" class="1001" name="const_78">
<pin_list>
<pin id="79" dir="1" index="0" bw="1" slack="0"/>
</pin_list>
<bind>
<StgValue><ssdm name=""/></StgValue>
</bind>
</comp>

<comp id="80" class="1001" name="const_80">
<pin_list>
<pin id="81" dir="1" index="0" bw="1" slack="0"/>
</pin_list>
<bind>
<StgValue><ssdm name="_ssdm_op_PartSelect.i8.i19.i32.i32"/></StgValue>
</bind>
</comp>

<comp id="82" class="1001" name="const_82">
<pin_list>
<pin id="83" dir="1" index="0" bw="1" slack="0"/>
</pin_list>
<bind>
<StgValue><ssdm name=""/></StgValue>
</bind>
</comp>

<comp id="84" class="1001" name="const_84">
<pin_list>
<pin id="85" dir="1" index="0" bw="1" slack="0"/>
</pin_list>
<bind>
<StgValue><ssdm name=""/></StgValue>
</bind>
</comp>

<comp id="86" class="1001" name="const_86">
<pin_list>
<pin id="87" dir="1" index="0" bw="1" slack="0"/>
</pin_list>
<bind>
<StgValue><ssdm name="_ssdm_op_BitSelect.i1.i6.i32"/></StgValue>
</bind>
</comp>

<comp id="88" class="1001" name="const_88">
<pin_list>
<pin id="89" dir="1" index="0" bw="1" slack="0"/>
</pin_list>
<bind>
<StgValue><ssdm name=""/></StgValue>
</bind>
</comp>

<comp id="90" class="1001" name="const_90">
<pin_list>
<pin id="91" dir="1" index="0" bw="1" slack="0"/>
</pin_list>
<bind>
<StgValue><ssdm name=""/></StgValue>
</bind>
</comp>

<comp id="92" class="1001" name="const_92">
<pin_list>
<pin id="93" dir="1" index="0" bw="1" slack="0"/>
</pin_list>
<bind>
<StgValue><ssdm name=""/></StgValue>
</bind>
</comp>

<comp id="94" class="1001" name="const_94">
<pin_list>
<pin id="95" dir="1" index="0" bw="1" slack="0"/>
</pin_list>
<bind>
<StgValue><ssdm name=""/></StgValue>
</bind>
</comp>

<comp id="96" class="1004" name="data_31_val_read_read_fu_96">
<pin_list>
<pin id="97" dir="0" index="0" bw="19" slack="0"/>
<pin id="98" dir="0" index="1" bw="19" slack="0"/>
<pin id="99" dir="1" index="2" bw="19" slack="0"/>
</pin_list>
<bind>
<opcode="read(1150) " fcode="read"/>
<opset="data_31_val_read/1 "/>
</bind>
</comp>

<comp id="102" class="1004" name="data_30_val_read_read_fu_102">
<pin_list>
<pin id="103" dir="0" index="0" bw="19" slack="0"/>
<pin id="104" dir="0" index="1" bw="19" slack="0"/>
<pin id="105" dir="1" index="2" bw="19" slack="0"/>
</pin_list>
<bind>
<opcode="read(1150) " fcode="read"/>
<opset="data_30_val_read/1 "/>
</bind>
</comp>

<comp id="108" class="1004" name="data_29_val_read_read_fu_108">
<pin_list>
<pin id="109" dir="0" index="0" bw="19" slack="0"/>
<pin id="110" dir="0" index="1" bw="19" slack="0"/>
<pin id="111" dir="1" index="2" bw="19" slack="0"/>
</pin_list>
<bind>
<opcode="read(1150) " fcode="read"/>
<opset="data_29_val_read/1 "/>
</bind>
</comp>

<comp id="114" class="1004" name="data_28_val_read_read_fu_114">
<pin_list>
<pin id="115" dir="0" index="0" bw="19" slack="0"/>
<pin id="116" dir="0" index="1" bw="19" slack="0"/>
<pin id="117" dir="1" index="2" bw="19" slack="0"/>
</pin_list>
<bind>
<opcode="read(1150) " fcode="read"/>
<opset="data_28_val_read/1 "/>
</bind>
</comp>

<comp id="120" class="1004" name="data_27_val_read_read_fu_120">
<pin_list>
<pin id="121" dir="0" index="0" bw="19" slack="0"/>
<pin id="122" dir="0" index="1" bw="19" slack="0"/>
<pin id="123" dir="1" index="2" bw="19" slack="0"/>
</pin_list>
<bind>
<opcode="read(1150) " fcode="read"/>
<opset="data_27_val_read/1 "/>
</bind>
</comp>

<comp id="126" class="1004" name="data_25_val_read_read_fu_126">
<pin_list>
<pin id="127" dir="0" index="0" bw="19" slack="0"/>
<pin id="128" dir="0" index="1" bw="19" slack="0"/>
<pin id="129" dir="1" index="2" bw="19" slack="0"/>
</pin_list>
<bind>
<opcode="read(1150) " fcode="read"/>
<opset="data_25_val_read/1 "/>
</bind>
</comp>

<comp id="132" class="1004" name="data_24_val_read_read_fu_132">
<pin_list>
<pin id="133" dir="0" index="0" bw="19" slack="0"/>
<pin id="134" dir="0" index="1" bw="19" slack="0"/>
<pin id="135" dir="1" index="2" bw="19" slack="0"/>
</pin_list>
<bind>
<opcode="read(1150) " fcode="read"/>
<opset="data_24_val_read/1 "/>
</bind>
</comp>

<comp id="138" class="1004" name="data_23_val_read_read_fu_138">
<pin_list>
<pin id="139" dir="0" index="0" bw="19" slack="0"/>
<pin id="140" dir="0" index="1" bw="19" slack="0"/>
<pin id="141" dir="1" index="2" bw="19" slack="0"/>
</pin_list>
<bind>
<opcode="read(1150) " fcode="read"/>
<opset="data_23_val_read/1 "/>
</bind>
</comp>

<comp id="144" class="1004" name="data_22_val_read_read_fu_144">
<pin_list>
<pin id="145" dir="0" index="0" bw="19" slack="0"/>
<pin id="146" dir="0" index="1" bw="19" slack="0"/>
<pin id="147" dir="1" index="2" bw="19" slack="0"/>
</pin_list>
<bind>
<opcode="read(1150) " fcode="read"/>
<opset="data_22_val_read/1 "/>
</bind>
</comp>

<comp id="150" class="1004" name="data_21_val_read_read_fu_150">
<pin_list>
<pin id="151" dir="0" index="0" bw="19" slack="0"/>
<pin id="152" dir="0" index="1" bw="19" slack="0"/>
<pin id="153" dir="1" index="2" bw="19" slack="0"/>
</pin_list>
<bind>
<opcode="read(1150) " fcode="read"/>
<opset="data_21_val_read/1 "/>
</bind>
</comp>

<comp id="156" class="1004" name="data_19_val_read_read_fu_156">
<pin_list>
<pin id="157" dir="0" index="0" bw="19" slack="0"/>
<pin id="158" dir="0" index="1" bw="19" slack="0"/>
<pin id="159" dir="1" index="2" bw="19" slack="0"/>
</pin_list>
<bind>
<opcode="read(1150) " fcode="read"/>
<opset="data_19_val_read/1 "/>
</bind>
</comp>

<comp id="162" class="1004" name="data_18_val_read_read_fu_162">
<pin_list>
<pin id="163" dir="0" index="0" bw="19" slack="0"/>
<pin id="164" dir="0" index="1" bw="19" slack="0"/>
<pin id="165" dir="1" index="2" bw="19" slack="0"/>
</pin_list>
<bind>
<opcode="read(1150) " fcode="read"/>
<opset="data_18_val_read/1 "/>
</bind>
</comp>

<comp id="168" class="1004" name="data_17_val_read_read_fu_168">
<pin_list>
<pin id="169" dir="0" index="0" bw="19" slack="0"/>
<pin id="170" dir="0" index="1" bw="19" slack="0"/>
<pin id="171" dir="1" index="2" bw="19" slack="0"/>
</pin_list>
<bind>
<opcode="read(1150) " fcode="read"/>
<opset="data_17_val_read/1 "/>
</bind>
</comp>

<comp id="174" class="1004" name="data_16_val_read_read_fu_174">
<pin_list>
<pin id="175" dir="0" index="0" bw="19" slack="0"/>
<pin id="176" dir="0" index="1" bw="19" slack="0"/>
<pin id="177" dir="1" index="2" bw="19" slack="0"/>
</pin_list>
<bind>
<opcode="read(1150) " fcode="read"/>
<opset="data_16_val_read/1 "/>
</bind>
</comp>

<comp id="180" class="1004" name="data_15_val_read_read_fu_180">
<pin_list>
<pin id="181" dir="0" index="0" bw="19" slack="0"/>
<pin id="182" dir="0" index="1" bw="19" slack="0"/>
<pin id="183" dir="1" index="2" bw="19" slack="0"/>
</pin_list>
<bind>
<opcode="read(1150) " fcode="read"/>
<opset="data_15_val_read/1 "/>
</bind>
</comp>

<comp id="186" class="1004" name="data_13_val_read_read_fu_186">
<pin_list>
<pin id="187" dir="0" index="0" bw="19" slack="0"/>
<pin id="188" dir="0" index="1" bw="19" slack="0"/>
<pin id="189" dir="1" index="2" bw="19" slack="0"/>
</pin_list>
<bind>
<opcode="read(1150) " fcode="read"/>
<opset="data_13_val_read/1 "/>
</bind>
</comp>

<comp id="192" class="1004" name="data_11_val_read_read_fu_192">
<pin_list>
<pin id="193" dir="0" index="0" bw="19" slack="0"/>
<pin id="194" dir="0" index="1" bw="19" slack="0"/>
<pin id="195" dir="1" index="2" bw="19" slack="0"/>
</pin_list>
<bind>
<opcode="read(1150) " fcode="read"/>
<opset="data_11_val_read/1 "/>
</bind>
</comp>

<comp id="198" class="1004" name="data_10_val_read_read_fu_198">
<pin_list>
<pin id="199" dir="0" index="0" bw="19" slack="0"/>
<pin id="200" dir="0" index="1" bw="19" slack="0"/>
<pin id="201" dir="1" index="2" bw="19" slack="0"/>
</pin_list>
<bind>
<opcode="read(1150) " fcode="read"/>
<opset="data_10_val_read/1 "/>
</bind>
</comp>

<comp id="204" class="1004" name="data_9_val_read_read_fu_204">
<pin_list>
<pin id="205" dir="0" index="0" bw="19" slack="0"/>
<pin id="206" dir="0" index="1" bw="19" slack="0"/>
<pin id="207" dir="1" index="2" bw="19" slack="0"/>
</pin_list>
<bind>
<opcode="read(1150) " fcode="read"/>
<opset="data_9_val_read/1 "/>
</bind>
</comp>

<comp id="210" class="1004" name="data_8_val_read_read_fu_210">
<pin_list>
<pin id="211" dir="0" index="0" bw="19" slack="0"/>
<pin id="212" dir="0" index="1" bw="19" slack="0"/>
<pin id="213" dir="1" index="2" bw="19" slack="0"/>
</pin_list>
<bind>
<opcode="read(1150) " fcode="read"/>
<opset="data_8_val_read/1 "/>
</bind>
</comp>

<comp id="216" class="1004" name="data_7_val_read_read_fu_216">
<pin_list>
<pin id="217" dir="0" index="0" bw="19" slack="0"/>
<pin id="218" dir="0" index="1" bw="19" slack="0"/>
<pin id="219" dir="1" index="2" bw="19" slack="0"/>
</pin_list>
<bind>
<opcode="read(1150) " fcode="read"/>
<opset="data_7_val_read/1 "/>
</bind>
</comp>

<comp id="222" class="1004" name="data_6_val_read_read_fu_222">
<pin_list>
<pin id="223" dir="0" index="0" bw="19" slack="0"/>
<pin id="224" dir="0" index="1" bw="19" slack="0"/>
<pin id="225" dir="1" index="2" bw="19" slack="0"/>
</pin_list>
<bind>
<opcode="read(1150) " fcode="read"/>
<opset="data_6_val_read/1 "/>
</bind>
</comp>

<comp id="228" class="1004" name="data_5_val_read_read_fu_228">
<pin_list>
<pin id="229" dir="0" index="0" bw="19" slack="0"/>
<pin id="230" dir="0" index="1" bw="19" slack="0"/>
<pin id="231" dir="1" index="2" bw="19" slack="0"/>
</pin_list>
<bind>
<opcode="read(1150) " fcode="read"/>
<opset="data_5_val_read/1 "/>
</bind>
</comp>

<comp id="234" class="1004" name="data_4_val_read_read_fu_234">
<pin_list>
<pin id="235" dir="0" index="0" bw="19" slack="0"/>
<pin id="236" dir="0" index="1" bw="19" slack="0"/>
<pin id="237" dir="1" index="2" bw="19" slack="0"/>
</pin_list>
<bind>
<opcode="read(1150) " fcode="read"/>
<opset="data_4_val_read/1 "/>
</bind>
</comp>

<comp id="240" class="1004" name="data_3_val_read_read_fu_240">
<pin_list>
<pin id="241" dir="0" index="0" bw="19" slack="0"/>
<pin id="242" dir="0" index="1" bw="19" slack="0"/>
<pin id="243" dir="1" index="2" bw="19" slack="0"/>
</pin_list>
<bind>
<opcode="read(1150) " fcode="read"/>
<opset="data_3_val_read/1 "/>
</bind>
</comp>

<comp id="246" class="1004" name="data_2_val_read_read_fu_246">
<pin_list>
<pin id="247" dir="0" index="0" bw="19" slack="0"/>
<pin id="248" dir="0" index="1" bw="19" slack="0"/>
<pin id="249" dir="1" index="2" bw="19" slack="0"/>
</pin_list>
<bind>
<opcode="read(1150) " fcode="read"/>
<opset="data_2_val_read/1 "/>
</bind>
</comp>

<comp id="252" class="1004" name="data_1_val_read_read_fu_252">
<pin_list>
<pin id="253" dir="0" index="0" bw="19" slack="0"/>
<pin id="254" dir="0" index="1" bw="19" slack="0"/>
<pin id="255" dir="1" index="2" bw="19" slack="0"/>
</pin_list>
<bind>
<opcode="read(1150) " fcode="read"/>
<opset="data_1_val_read/1 "/>
</bind>
</comp>

<comp id="258" class="1004" name="icmp_ln45_fu_258">
<pin_list>
<pin id="259" dir="0" index="0" bw="19" slack="0"/>
<pin id="260" dir="0" index="1" bw="1" slack="0"/>
<pin id="261" dir="1" index="2" bw="1" slack="0"/>
</pin_list>
<bind>
<opcode="icmp(45) " fcode="icmp"/>
<opset="icmp_ln45/1 "/>
</bind>
</comp>

<comp id="264" class="1004" name="tmp_fu_264">
<pin_list>
<pin id="265" dir="0" index="0" bw="1" slack="0"/>
<pin id="266" dir="0" index="1" bw="19" slack="0"/>
<pin id="267" dir="0" index="2" bw="6" slack="0"/>
<pin id="268" dir="1" index="3" bw="1" slack="0"/>
</pin_list>
<bind>
<opcode="bitselect(1000) " fcode="bitselect"/>
<opset="tmp/1 "/>
</bind>
</comp>

<comp id="272" class="1004" name="trunc_ln_fu_272">
<pin_list>
<pin id="273" dir="0" index="0" bw="6" slack="0"/>
<pin id="274" dir="0" index="1" bw="19" slack="0"/>
<pin id="275" dir="0" index="2" bw="4" slack="0"/>
<pin id="276" dir="0" index="3" bw="5" slack="0"/>
<pin id="277" dir="1" index="4" bw="6" slack="0"/>
</pin_list>
<bind>
<opcode="partselect(1002) " fcode="partselect"/>
<opset="trunc_ln/1 "/>
</bind>
</comp>

<comp id="282" class="1004" name="tmp_383_fu_282">
<pin_list>
<pin id="283" dir="0" index="0" bw="1" slack="0"/>
<pin id="284" dir="0" index="1" bw="19" slack="0"/>
<pin id="285" dir="0" index="2" bw="4" slack="0"/>
<pin id="286" dir="1" index="3" bw="1" slack="0"/>
</pin_list>
<bind>
<opcode="bitselect(1000) " fcode="bitselect"/>
<opset="tmp_383/1 "/>
</bind>
</comp>

<comp id="290" class="1004" name="trunc_ln46_fu_290">
<pin_list>
<pin id="291" dir="0" index="0" bw="19" slack="0"/>
<pin id="292" dir="1" index="1" bw="4" slack="0"/>
</pin_list>
<bind>
<opcode="trunc(33) " fcode="trunc"/>
<opset="trunc_ln46/1 "/>
</bind>
</comp>

<comp id="294" class="1004" name="icmp_ln46_fu_294">
<pin_list>
<pin id="295" dir="0" index="0" bw="4" slack="0"/>
<pin id="296" dir="0" index="1" bw="1" slack="0"/>
<pin id="297" dir="1" index="2" bw="1" slack="0"/>
</pin_list>
<bind>
<opcode="icmp(45) " fcode="icmp"/>
<opset="icmp_ln46/1 "/>
</bind>
</comp>

<comp id="300" class="1004" name="tmp_384_fu_300">
<pin_list>
<pin id="301" dir="0" index="0" bw="1" slack="0"/>
<pin id="302" dir="0" index="1" bw="19" slack="0"/>
<pin id="303" dir="0" index="2" bw="5" slack="0"/>
<pin id="304" dir="1" index="3" bw="1" slack="0"/>
</pin_list>
<bind>
<opcode="bitselect(1000) " fcode="bitselect"/>
<opset="tmp_384/1 "/>
</bind>
</comp>

<comp id="308" class="1004" name="tmp_385_fu_308">
<pin_list>
<pin id="309" dir="0" index="0" bw="1" slack="0"/>
<pin id="310" dir="0" index="1" bw="19" slack="0"/>
<pin id="311" dir="0" index="2" bw="4" slack="0"/>
<pin id="312" dir="1" index="3" bw="1" slack="0"/>
</pin_list>
<bind>
<opcode="bitselect(1000) " fcode="bitselect"/>
<opset="tmp_385/1 "/>
</bind>
</comp>

<comp id="316" class="1004" name="or_ln46_fu_316">
<pin_list>
<pin id="317" dir="0" index="0" bw="1" slack="0"/>
<pin id="318" dir="0" index="1" bw="1" slack="0"/>
<pin id="319" dir="1" index="2" bw="1" slack="0"/>
</pin_list>
<bind>
<opcode="or(24) " fcode="or"/>
<opset="or_ln46/1 "/>
</bind>
</comp>

<comp id="322" class="1004" name="and_ln46_fu_322">
<pin_list>
<pin id="323" dir="0" index="0" bw="1" slack="0"/>
<pin id="324" dir="0" index="1" bw="1" slack="0"/>
<pin id="325" dir="1" index="2" bw="1" slack="0"/>
</pin_list>
<bind>
<opcode="and(23) " fcode="and"/>
<opset="and_ln46/1 "/>
</bind>
</comp>

<comp id="328" class="1004" name="zext_ln46_fu_328">
<pin_list>
<pin id="329" dir="0" index="0" bw="1" slack="0"/>
<pin id="330" dir="1" index="1" bw="6" slack="0"/>
</pin_list>
<bind>
<opcode="zext(34) " fcode="zext"/>
<opset="zext_ln46/1 "/>
</bind>
</comp>

<comp id="332" class="1004" name="add_ln46_fu_332">
<pin_list>
<pin id="333" dir="0" index="0" bw="6" slack="0"/>
<pin id="334" dir="0" index="1" bw="1" slack="0"/>
<pin id="335" dir="1" index="2" bw="6" slack="0"/>
</pin_list>
<bind>
<opcode="add(8) " fcode="add"/>
<opset="add_ln46/1 "/>
</bind>
</comp>

<comp id="338" class="1004" name="tmp_s_fu_338">
<pin_list>
<pin id="339" dir="0" index="0" bw="8" slack="0"/>
<pin id="340" dir="0" index="1" bw="19" slack="0"/>
<pin id="341" dir="0" index="2" bw="5" slack="0"/>
<pin id="342" dir="0" index="3" bw="6" slack="0"/>
<pin id="343" dir="1" index="4" bw="8" slack="0"/>
</pin_list>
<bind>
<opcode="partselect(1002) " fcode="partselect"/>
<opset="tmp_s/1 "/>
</bind>
</comp>

<comp id="348" class="1004" name="icmp_ln46_128_fu_348">
<pin_list>
<pin id="349" dir="0" index="0" bw="8" slack="0"/>
<pin id="350" dir="0" index="1" bw="1" slack="0"/>
<pin id="351" dir="1" index="2" bw="1" slack="0"/>
</pin_list>
<bind>
<opcode="icmp(45) " fcode="icmp"/>
<opset="icmp_ln46_128/1 "/>
</bind>
</comp>

<comp id="354" class="1004" name="tmp_386_fu_354">
<pin_list>
<pin id="355" dir="0" index="0" bw="1" slack="0"/>
<pin id="356" dir="0" index="1" bw="6" slack="0"/>
<pin id="357" dir="0" index="2" bw="4" slack="0"/>
<pin id="358" dir="1" index="3" bw="1" slack="0"/>
</pin_list>
<bind>
<opcode="bitselect(1000) " fcode="bitselect"/>
<opset="tmp_386/1 "/>
</bind>
</comp>

<comp id="362" class="1004" name="not_tmp_449_fu_362">
<pin_list>
<pin id="363" dir="0" index="0" bw="1" slack="0"/>
<pin id="364" dir="0" index="1" bw="1" slack="0"/>
<pin id="365" dir="1" index="2" bw="1" slack="0"/>
</pin_list>
<bind>
<opcode="xor(25) " fcode="xor"/>
<opset="not_tmp_449/1 "/>
</bind>
</comp>

<comp id="368" class="1004" name="and_ln46_128_fu_368">
<pin_list>
<pin id="369" dir="0" index="0" bw="1" slack="0"/>
<pin id="370" dir="0" index="1" bw="1" slack="0"/>
<pin id="371" dir="1" index="2" bw="1" slack="0"/>
</pin_list>
<bind>
<opcode="or(24) " fcode="or"/>
<opset="and_ln46_128/1 "/>
</bind>
</comp>

<comp id="374" class="1004" name="empty_fu_374">
<pin_list>
<pin id="375" dir="0" index="0" bw="1" slack="0"/>
<pin id="376" dir="0" index="1" bw="1" slack="0"/>
<pin id="377" dir="1" index="2" bw="1" slack="0"/>
</pin_list>
<bind>
<opcode="and(23) " fcode="and"/>
<opset="empty/1 "/>
</bind>
</comp>

<comp id="380" class="1004" name="or_ln46_192_fu_380">
<pin_list>
<pin id="381" dir="0" index="0" bw="1" slack="0"/>
<pin id="382" dir="0" index="1" bw="1" slack="0"/>
<pin id="383" dir="1" index="2" bw="1" slack="0"/>
</pin_list>
<bind>
<opcode="or(24) " fcode="or"/>
<opset="or_ln46_192/1 "/>
</bind>
</comp>

<comp id="386" class="1004" name="xor_ln46_fu_386">
<pin_list>
<pin id="387" dir="0" index="0" bw="1" slack="0"/>
<pin id="388" dir="0" index="1" bw="1" slack="0"/>
<pin id="389" dir="1" index="2" bw="1" slack="0"/>
</pin_list>
<bind>
<opcode="xor(25) " fcode="xor"/>
<opset="xor_ln46/1 "/>
</bind>
</comp>

<comp id="392" class="1004" name="or_ln46_193_fu_392">
<pin_list>
<pin id="393" dir="0" index="0" bw="1" slack="0"/>
<pin id="394" dir="0" index="1" bw="1" slack="0"/>
<pin id="395" dir="1" index="2" bw="1" slack="0"/>
</pin_list>
<bind>
<opcode="or(24) " fcode="or"/>
<opset="or_ln46_193/1 "/>
</bind>
</comp>

<comp id="398" class="1004" name="select_ln46_fu_398">
<pin_list>
<pin id="399" dir="0" index="0" bw="1" slack="0"/>
<pin id="400" dir="0" index="1" bw="1" slack="0"/>
<pin id="401" dir="0" index="2" bw="6" slack="0"/>
<pin id="402" dir="1" index="3" bw="6" slack="0"/>
</pin_list>
<bind>
<opcode="select(49) " fcode="select"/>
<opset="select_ln46/1 "/>
</bind>
</comp>

<comp id="406" class="1004" name="select_ln46_192_fu_406">
<pin_list>
<pin id="407" dir="0" index="0" bw="1" slack="0"/>
<pin id="408" dir="0" index="1" bw="6" slack="0"/>
<pin id="409" dir="0" index="2" bw="1" slack="0"/>
<pin id="410" dir="1" index="3" bw="6" slack="0"/>
</pin_list>
<bind>
<opcode="select(49) " fcode="select"/>
<opset="select_ln46_192/1 "/>
</bind>
</comp>

<comp id="414" class="1004" name="select_ln46_193_fu_414">
<pin_list>
<pin id="415" dir="0" index="0" bw="1" slack="0"/>
<pin id="416" dir="0" index="1" bw="6" slack="0"/>
<pin id="417" dir="0" index="2" bw="6" slack="0"/>
<pin id="418" dir="1" index="3" bw="6" slack="0"/>
</pin_list>
<bind>
<opcode="select(49) " fcode="select"/>
<opset="select_ln46_193/1 "/>
</bind>
</comp>

<comp id="422" class="1004" name="res_1_0_fu_422">
<pin_list>
<pin id="423" dir="0" index="0" bw="1" slack="0"/>
<pin id="424" dir="0" index="1" bw="6" slack="0"/>
<pin id="425" dir="0" index="2" bw="1" slack="0"/>
<pin id="426" dir="1" index="3" bw="6" slack="0"/>
</pin_list>
<bind>
<opcode="select(49) " fcode="select"/>
<opset="res_1_0/1 "/>
</bind>
</comp>

<comp id="430" class="1004" name="icmp_ln45_64_fu_430">
<pin_list>
<pin id="431" dir="0" index="0" bw="19" slack="0"/>
<pin id="432" dir="0" index="1" bw="1" slack="0"/>
<pin id="433" dir="1" index="2" bw="1" slack="0"/>
</pin_list>
<bind>
<opcode="icmp(45) " fcode="icmp"/>
<opset="icmp_ln45_64/1 "/>
</bind>
</comp>

<comp id="436" class="1004" name="tmp_387_fu_436">
<pin_list>
<pin id="437" dir="0" index="0" bw="1" slack="0"/>
<pin id="438" dir="0" index="1" bw="19" slack="0"/>
<pin id="439" dir="0" index="2" bw="6" slack="0"/>
<pin id="440" dir="1" index="3" bw="1" slack="0"/>
</pin_list>
<bind>
<opcode="bitselect(1000) " fcode="bitselect"/>
<opset="tmp_387/1 "/>
</bind>
</comp>

<comp id="444" class="1004" name="trunc_ln46_s_fu_444">
<pin_list>
<pin id="445" dir="0" index="0" bw="6" slack="0"/>
<pin id="446" dir="0" index="1" bw="19" slack="0"/>
<pin id="447" dir="0" index="2" bw="4" slack="0"/>
<pin id="448" dir="0" index="3" bw="5" slack="0"/>
<pin id="449" dir="1" index="4" bw="6" slack="0"/>
</pin_list>
<bind>
<opcode="partselect(1002) " fcode="partselect"/>
<opset="trunc_ln46_s/1 "/>
</bind>
</comp>

<comp id="454" class="1004" name="tmp_388_fu_454">
<pin_list>
<pin id="455" dir="0" index="0" bw="1" slack="0"/>
<pin id="456" dir="0" index="1" bw="19" slack="0"/>
<pin id="457" dir="0" index="2" bw="4" slack="0"/>
<pin id="458" dir="1" index="3" bw="1" slack="0"/>
</pin_list>
<bind>
<opcode="bitselect(1000) " fcode="bitselect"/>
<opset="tmp_388/1 "/>
</bind>
</comp>

<comp id="462" class="1004" name="trunc_ln46_126_fu_462">
<pin_list>
<pin id="463" dir="0" index="0" bw="19" slack="0"/>
<pin id="464" dir="1" index="1" bw="4" slack="0"/>
</pin_list>
<bind>
<opcode="trunc(33) " fcode="trunc"/>
<opset="trunc_ln46_126/1 "/>
</bind>
</comp>

<comp id="466" class="1004" name="icmp_ln46_129_fu_466">
<pin_list>
<pin id="467" dir="0" index="0" bw="4" slack="0"/>
<pin id="468" dir="0" index="1" bw="1" slack="0"/>
<pin id="469" dir="1" index="2" bw="1" slack="0"/>
</pin_list>
<bind>
<opcode="icmp(45) " fcode="icmp"/>
<opset="icmp_ln46_129/1 "/>
</bind>
</comp>

<comp id="472" class="1004" name="tmp_389_fu_472">
<pin_list>
<pin id="473" dir="0" index="0" bw="1" slack="0"/>
<pin id="474" dir="0" index="1" bw="19" slack="0"/>
<pin id="475" dir="0" index="2" bw="5" slack="0"/>
<pin id="476" dir="1" index="3" bw="1" slack="0"/>
</pin_list>
<bind>
<opcode="bitselect(1000) " fcode="bitselect"/>
<opset="tmp_389/1 "/>
</bind>
</comp>

<comp id="480" class="1004" name="tmp_390_fu_480">
<pin_list>
<pin id="481" dir="0" index="0" bw="1" slack="0"/>
<pin id="482" dir="0" index="1" bw="19" slack="0"/>
<pin id="483" dir="0" index="2" bw="4" slack="0"/>
<pin id="484" dir="1" index="3" bw="1" slack="0"/>
</pin_list>
<bind>
<opcode="bitselect(1000) " fcode="bitselect"/>
<opset="tmp_390/1 "/>
</bind>
</comp>

<comp id="488" class="1004" name="or_ln46_194_fu_488">
<pin_list>
<pin id="489" dir="0" index="0" bw="1" slack="0"/>
<pin id="490" dir="0" index="1" bw="1" slack="0"/>
<pin id="491" dir="1" index="2" bw="1" slack="0"/>
</pin_list>
<bind>
<opcode="or(24) " fcode="or"/>
<opset="or_ln46_194/1 "/>
</bind>
</comp>

<comp id="494" class="1004" name="and_ln46_127_fu_494">
<pin_list>
<pin id="495" dir="0" index="0" bw="1" slack="0"/>
<pin id="496" dir="0" index="1" bw="1" slack="0"/>
<pin id="497" dir="1" index="2" bw="1" slack="0"/>
</pin_list>
<bind>
<opcode="and(23) " fcode="and"/>
<opset="and_ln46_127/1 "/>
</bind>
</comp>

<comp id="500" class="1004" name="zext_ln46_64_fu_500">
<pin_list>
<pin id="501" dir="0" index="0" bw="1" slack="0"/>
<pin id="502" dir="1" index="1" bw="6" slack="0"/>
</pin_list>
<bind>
<opcode="zext(34) " fcode="zext"/>
<opset="zext_ln46_64/1 "/>
</bind>
</comp>

<comp id="504" class="1004" name="add_ln46_64_fu_504">
<pin_list>
<pin id="505" dir="0" index="0" bw="6" slack="0"/>
<pin id="506" dir="0" index="1" bw="1" slack="0"/>
<pin id="507" dir="1" index="2" bw="6" slack="0"/>
</pin_list>
<bind>
<opcode="add(8) " fcode="add"/>
<opset="add_ln46_64/1 "/>
</bind>
</comp>

<comp id="510" class="1004" name="tmp_382_fu_510">
<pin_list>
<pin id="511" dir="0" index="0" bw="8" slack="0"/>
<pin id="512" dir="0" index="1" bw="19" slack="0"/>
<pin id="513" dir="0" index="2" bw="5" slack="0"/>
<pin id="514" dir="0" index="3" bw="6" slack="0"/>
<pin id="515" dir="1" index="4" bw="8" slack="0"/>
</pin_list>
<bind>
<opcode="partselect(1002) " fcode="partselect"/>
<opset="tmp_382/1 "/>
</bind>
</comp>

<comp id="520" class="1004" name="icmp_ln46_130_fu_520">
<pin_list>
<pin id="521" dir="0" index="0" bw="8" slack="0"/>
<pin id="522" dir="0" index="1" bw="1" slack="0"/>
<pin id="523" dir="1" index="2" bw="1" slack="0"/>
</pin_list>
<bind>
<opcode="icmp(45) " fcode="icmp"/>
<opset="icmp_ln46_130/1 "/>
</bind>
</comp>

<comp id="526" class="1004" name="tmp_391_fu_526">
<pin_list>
<pin id="527" dir="0" index="0" bw="1" slack="0"/>
<pin id="528" dir="0" index="1" bw="6" slack="0"/>
<pin id="529" dir="0" index="2" bw="4" slack="0"/>
<pin id="530" dir="1" index="3" bw="1" slack="0"/>
</pin_list>
<bind>
<opcode="bitselect(1000) " fcode="bitselect"/>
<opset="tmp_391/1 "/>
</bind>
</comp>

<comp id="534" class="1004" name="not_tmp_456_fu_534">
<pin_list>
<pin id="535" dir="0" index="0" bw="1" slack="0"/>
<pin id="536" dir="0" index="1" bw="1" slack="0"/>
<pin id="537" dir="1" index="2" bw="1" slack="0"/>
</pin_list>
<bind>
<opcode="xor(25) " fcode="xor"/>
<opset="not_tmp_456/1 "/>
</bind>
</comp>

<comp id="540" class="1004" name="and_ln46_130_fu_540">
<pin_list>
<pin id="541" dir="0" index="0" bw="1" slack="0"/>
<pin id="542" dir="0" index="1" bw="1" slack="0"/>
<pin id="543" dir="1" index="2" bw="1" slack="0"/>
</pin_list>
<bind>
<opcode="or(24) " fcode="or"/>
<opset="and_ln46_130/1 "/>
</bind>
</comp>

<comp id="546" class="1004" name="empty_82_fu_546">
<pin_list>
<pin id="547" dir="0" index="0" bw="1" slack="0"/>
<pin id="548" dir="0" index="1" bw="1" slack="0"/>
<pin id="549" dir="1" index="2" bw="1" slack="0"/>
</pin_list>
<bind>
<opcode="and(23) " fcode="and"/>
<opset="empty_82/1 "/>
</bind>
</comp>

<comp id="552" class="1004" name="or_ln46_195_fu_552">
<pin_list>
<pin id="553" dir="0" index="0" bw="1" slack="0"/>
<pin id="554" dir="0" index="1" bw="1" slack="0"/>
<pin id="555" dir="1" index="2" bw="1" slack="0"/>
</pin_list>
<bind>
<opcode="or(24) " fcode="or"/>
<opset="or_ln46_195/1 "/>
</bind>
</comp>

<comp id="558" class="1004" name="xor_ln46_64_fu_558">
<pin_list>
<pin id="559" dir="0" index="0" bw="1" slack="0"/>
<pin id="560" dir="0" index="1" bw="1" slack="0"/>
<pin id="561" dir="1" index="2" bw="1" slack="0"/>
</pin_list>
<bind>
<opcode="xor(25) " fcode="xor"/>
<opset="xor_ln46_64/1 "/>
</bind>
</comp>

<comp id="564" class="1004" name="or_ln46_196_fu_564">
<pin_list>
<pin id="565" dir="0" index="0" bw="1" slack="0"/>
<pin id="566" dir="0" index="1" bw="1" slack="0"/>
<pin id="567" dir="1" index="2" bw="1" slack="0"/>
</pin_list>
<bind>
<opcode="or(24) " fcode="or"/>
<opset="or_ln46_196/1 "/>
</bind>
</comp>

<comp id="570" class="1004" name="select_ln46_194_fu_570">
<pin_list>
<pin id="571" dir="0" index="0" bw="1" slack="0"/>
<pin id="572" dir="0" index="1" bw="1" slack="0"/>
<pin id="573" dir="0" index="2" bw="6" slack="0"/>
<pin id="574" dir="1" index="3" bw="6" slack="0"/>
</pin_list>
<bind>
<opcode="select(49) " fcode="select"/>
<opset="select_ln46_194/1 "/>
</bind>
</comp>

<comp id="578" class="1004" name="select_ln46_195_fu_578">
<pin_list>
<pin id="579" dir="0" index="0" bw="1" slack="0"/>
<pin id="580" dir="0" index="1" bw="6" slack="0"/>
<pin id="581" dir="0" index="2" bw="1" slack="0"/>
<pin id="582" dir="1" index="3" bw="6" slack="0"/>
</pin_list>
<bind>
<opcode="select(49) " fcode="select"/>
<opset="select_ln46_195/1 "/>
</bind>
</comp>

<comp id="586" class="1004" name="select_ln46_196_fu_586">
<pin_list>
<pin id="587" dir="0" index="0" bw="1" slack="0"/>
<pin id="588" dir="0" index="1" bw="6" slack="0"/>
<pin id="589" dir="0" index="2" bw="6" slack="0"/>
<pin id="590" dir="1" index="3" bw="6" slack="0"/>
</pin_list>
<bind>
<opcode="select(49) " fcode="select"/>
<opset="select_ln46_196/1 "/>
</bind>
</comp>

<comp id="594" class="1004" name="res_2_0_fu_594">
<pin_list>
<pin id="595" dir="0" index="0" bw="1" slack="0"/>
<pin id="596" dir="0" index="1" bw="6" slack="0"/>
<pin id="597" dir="0" index="2" bw="1" slack="0"/>
<pin id="598" dir="1" index="3" bw="6" slack="0"/>
</pin_list>
<bind>
<opcode="select(49) " fcode="select"/>
<opset="res_2_0/1 "/>
</bind>
</comp>

<comp id="602" class="1004" name="icmp_ln45_65_fu_602">
<pin_list>
<pin id="603" dir="0" index="0" bw="19" slack="0"/>
<pin id="604" dir="0" index="1" bw="1" slack="0"/>
<pin id="605" dir="1" index="2" bw="1" slack="0"/>
</pin_list>
<bind>
<opcode="icmp(45) " fcode="icmp"/>
<opset="icmp_ln45_65/1 "/>
</bind>
</comp>

<comp id="608" class="1004" name="tmp_392_fu_608">
<pin_list>
<pin id="609" dir="0" index="0" bw="1" slack="0"/>
<pin id="610" dir="0" index="1" bw="19" slack="0"/>
<pin id="611" dir="0" index="2" bw="6" slack="0"/>
<pin id="612" dir="1" index="3" bw="1" slack="0"/>
</pin_list>
<bind>
<opcode="bitselect(1000) " fcode="bitselect"/>
<opset="tmp_392/1 "/>
</bind>
</comp>

<comp id="616" class="1004" name="trunc_ln46_63_fu_616">
<pin_list>
<pin id="617" dir="0" index="0" bw="6" slack="0"/>
<pin id="618" dir="0" index="1" bw="19" slack="0"/>
<pin id="619" dir="0" index="2" bw="4" slack="0"/>
<pin id="620" dir="0" index="3" bw="5" slack="0"/>
<pin id="621" dir="1" index="4" bw="6" slack="0"/>
</pin_list>
<bind>
<opcode="partselect(1002) " fcode="partselect"/>
<opset="trunc_ln46_63/1 "/>
</bind>
</comp>

<comp id="626" class="1004" name="tmp_393_fu_626">
<pin_list>
<pin id="627" dir="0" index="0" bw="1" slack="0"/>
<pin id="628" dir="0" index="1" bw="19" slack="0"/>
<pin id="629" dir="0" index="2" bw="4" slack="0"/>
<pin id="630" dir="1" index="3" bw="1" slack="0"/>
</pin_list>
<bind>
<opcode="bitselect(1000) " fcode="bitselect"/>
<opset="tmp_393/1 "/>
</bind>
</comp>

<comp id="634" class="1004" name="trunc_ln46_127_fu_634">
<pin_list>
<pin id="635" dir="0" index="0" bw="19" slack="0"/>
<pin id="636" dir="1" index="1" bw="4" slack="0"/>
</pin_list>
<bind>
<opcode="trunc(33) " fcode="trunc"/>
<opset="trunc_ln46_127/1 "/>
</bind>
</comp>

<comp id="638" class="1004" name="icmp_ln46_131_fu_638">
<pin_list>
<pin id="639" dir="0" index="0" bw="4" slack="0"/>
<pin id="640" dir="0" index="1" bw="1" slack="0"/>
<pin id="641" dir="1" index="2" bw="1" slack="0"/>
</pin_list>
<bind>
<opcode="icmp(45) " fcode="icmp"/>
<opset="icmp_ln46_131/1 "/>
</bind>
</comp>

<comp id="644" class="1004" name="tmp_394_fu_644">
<pin_list>
<pin id="645" dir="0" index="0" bw="1" slack="0"/>
<pin id="646" dir="0" index="1" bw="19" slack="0"/>
<pin id="647" dir="0" index="2" bw="5" slack="0"/>
<pin id="648" dir="1" index="3" bw="1" slack="0"/>
</pin_list>
<bind>
<opcode="bitselect(1000) " fcode="bitselect"/>
<opset="tmp_394/1 "/>
</bind>
</comp>

<comp id="652" class="1004" name="tmp_395_fu_652">
<pin_list>
<pin id="653" dir="0" index="0" bw="1" slack="0"/>
<pin id="654" dir="0" index="1" bw="19" slack="0"/>
<pin id="655" dir="0" index="2" bw="4" slack="0"/>
<pin id="656" dir="1" index="3" bw="1" slack="0"/>
</pin_list>
<bind>
<opcode="bitselect(1000) " fcode="bitselect"/>
<opset="tmp_395/1 "/>
</bind>
</comp>

<comp id="660" class="1004" name="or_ln46_197_fu_660">
<pin_list>
<pin id="661" dir="0" index="0" bw="1" slack="0"/>
<pin id="662" dir="0" index="1" bw="1" slack="0"/>
<pin id="663" dir="1" index="2" bw="1" slack="0"/>
</pin_list>
<bind>
<opcode="or(24) " fcode="or"/>
<opset="or_ln46_197/1 "/>
</bind>
</comp>

<comp id="666" class="1004" name="and_ln46_129_fu_666">
<pin_list>
<pin id="667" dir="0" index="0" bw="1" slack="0"/>
<pin id="668" dir="0" index="1" bw="1" slack="0"/>
<pin id="669" dir="1" index="2" bw="1" slack="0"/>
</pin_list>
<bind>
<opcode="and(23) " fcode="and"/>
<opset="and_ln46_129/1 "/>
</bind>
</comp>

<comp id="672" class="1004" name="zext_ln46_65_fu_672">
<pin_list>
<pin id="673" dir="0" index="0" bw="1" slack="0"/>
<pin id="674" dir="1" index="1" bw="6" slack="0"/>
</pin_list>
<bind>
<opcode="zext(34) " fcode="zext"/>
<opset="zext_ln46_65/1 "/>
</bind>
</comp>

<comp id="676" class="1004" name="add_ln46_65_fu_676">
<pin_list>
<pin id="677" dir="0" index="0" bw="6" slack="0"/>
<pin id="678" dir="0" index="1" bw="1" slack="0"/>
<pin id="679" dir="1" index="2" bw="6" slack="0"/>
</pin_list>
<bind>
<opcode="add(8) " fcode="add"/>
<opset="add_ln46_65/1 "/>
</bind>
</comp>

<comp id="682" class="1004" name="tmp_396_fu_682">
<pin_list>
<pin id="683" dir="0" index="0" bw="8" slack="0"/>
<pin id="684" dir="0" index="1" bw="19" slack="0"/>
<pin id="685" dir="0" index="2" bw="5" slack="0"/>
<pin id="686" dir="0" index="3" bw="6" slack="0"/>
<pin id="687" dir="1" index="4" bw="8" slack="0"/>
</pin_list>
<bind>
<opcode="partselect(1002) " fcode="partselect"/>
<opset="tmp_396/1 "/>
</bind>
</comp>

<comp id="692" class="1004" name="icmp_ln46_132_fu_692">
<pin_list>
<pin id="693" dir="0" index="0" bw="8" slack="0"/>
<pin id="694" dir="0" index="1" bw="1" slack="0"/>
<pin id="695" dir="1" index="2" bw="1" slack="0"/>
</pin_list>
<bind>
<opcode="icmp(45) " fcode="icmp"/>
<opset="icmp_ln46_132/1 "/>
</bind>
</comp>

<comp id="698" class="1004" name="tmp_397_fu_698">
<pin_list>
<pin id="699" dir="0" index="0" bw="1" slack="0"/>
<pin id="700" dir="0" index="1" bw="6" slack="0"/>
<pin id="701" dir="0" index="2" bw="4" slack="0"/>
<pin id="702" dir="1" index="3" bw="1" slack="0"/>
</pin_list>
<bind>
<opcode="bitselect(1000) " fcode="bitselect"/>
<opset="tmp_397/1 "/>
</bind>
</comp>

<comp id="706" class="1004" name="not_tmp_463_fu_706">
<pin_list>
<pin id="707" dir="0" index="0" bw="1" slack="0"/>
<pin id="708" dir="0" index="1" bw="1" slack="0"/>
<pin id="709" dir="1" index="2" bw="1" slack="0"/>
</pin_list>
<bind>
<opcode="xor(25) " fcode="xor"/>
<opset="not_tmp_463/1 "/>
</bind>
</comp>

<comp id="712" class="1004" name="and_ln46_132_fu_712">
<pin_list>
<pin id="713" dir="0" index="0" bw="1" slack="0"/>
<pin id="714" dir="0" index="1" bw="1" slack="0"/>
<pin id="715" dir="1" index="2" bw="1" slack="0"/>
</pin_list>
<bind>
<opcode="or(24) " fcode="or"/>
<opset="and_ln46_132/1 "/>
</bind>
</comp>

<comp id="718" class="1004" name="empty_83_fu_718">
<pin_list>
<pin id="719" dir="0" index="0" bw="1" slack="0"/>
<pin id="720" dir="0" index="1" bw="1" slack="0"/>
<pin id="721" dir="1" index="2" bw="1" slack="0"/>
</pin_list>
<bind>
<opcode="and(23) " fcode="and"/>
<opset="empty_83/1 "/>
</bind>
</comp>

<comp id="724" class="1004" name="or_ln46_198_fu_724">
<pin_list>
<pin id="725" dir="0" index="0" bw="1" slack="0"/>
<pin id="726" dir="0" index="1" bw="1" slack="0"/>
<pin id="727" dir="1" index="2" bw="1" slack="0"/>
</pin_list>
<bind>
<opcode="or(24) " fcode="or"/>
<opset="or_ln46_198/1 "/>
</bind>
</comp>

<comp id="730" class="1004" name="xor_ln46_65_fu_730">
<pin_list>
<pin id="731" dir="0" index="0" bw="1" slack="0"/>
<pin id="732" dir="0" index="1" bw="1" slack="0"/>
<pin id="733" dir="1" index="2" bw="1" slack="0"/>
</pin_list>
<bind>
<opcode="xor(25) " fcode="xor"/>
<opset="xor_ln46_65/1 "/>
</bind>
</comp>

<comp id="736" class="1004" name="or_ln46_199_fu_736">
<pin_list>
<pin id="737" dir="0" index="0" bw="1" slack="0"/>
<pin id="738" dir="0" index="1" bw="1" slack="0"/>
<pin id="739" dir="1" index="2" bw="1" slack="0"/>
</pin_list>
<bind>
<opcode="or(24) " fcode="or"/>
<opset="or_ln46_199/1 "/>
</bind>
</comp>

<comp id="742" class="1004" name="select_ln46_197_fu_742">
<pin_list>
<pin id="743" dir="0" index="0" bw="1" slack="0"/>
<pin id="744" dir="0" index="1" bw="1" slack="0"/>
<pin id="745" dir="0" index="2" bw="6" slack="0"/>
<pin id="746" dir="1" index="3" bw="6" slack="0"/>
</pin_list>
<bind>
<opcode="select(49) " fcode="select"/>
<opset="select_ln46_197/1 "/>
</bind>
</comp>

<comp id="750" class="1004" name="select_ln46_198_fu_750">
<pin_list>
<pin id="751" dir="0" index="0" bw="1" slack="0"/>
<pin id="752" dir="0" index="1" bw="6" slack="0"/>
<pin id="753" dir="0" index="2" bw="1" slack="0"/>
<pin id="754" dir="1" index="3" bw="6" slack="0"/>
</pin_list>
<bind>
<opcode="select(49) " fcode="select"/>
<opset="select_ln46_198/1 "/>
</bind>
</comp>

<comp id="758" class="1004" name="select_ln46_199_fu_758">
<pin_list>
<pin id="759" dir="0" index="0" bw="1" slack="0"/>
<pin id="760" dir="0" index="1" bw="6" slack="0"/>
<pin id="761" dir="0" index="2" bw="6" slack="0"/>
<pin id="762" dir="1" index="3" bw="6" slack="0"/>
</pin_list>
<bind>
<opcode="select(49) " fcode="select"/>
<opset="select_ln46_199/1 "/>
</bind>
</comp>

<comp id="766" class="1004" name="res_3_0_fu_766">
<pin_list>
<pin id="767" dir="0" index="0" bw="1" slack="0"/>
<pin id="768" dir="0" index="1" bw="6" slack="0"/>
<pin id="769" dir="0" index="2" bw="1" slack="0"/>
<pin id="770" dir="1" index="3" bw="6" slack="0"/>
</pin_list>
<bind>
<opcode="select(49) " fcode="select"/>
<opset="res_3_0/1 "/>
</bind>
</comp>

<comp id="774" class="1004" name="icmp_ln45_66_fu_774">
<pin_list>
<pin id="775" dir="0" index="0" bw="19" slack="0"/>
<pin id="776" dir="0" index="1" bw="1" slack="0"/>
<pin id="777" dir="1" index="2" bw="1" slack="0"/>
</pin_list>
<bind>
<opcode="icmp(45) " fcode="icmp"/>
<opset="icmp_ln45_66/1 "/>
</bind>
</comp>

<comp id="780" class="1004" name="tmp_398_fu_780">
<pin_list>
<pin id="781" dir="0" index="0" bw="1" slack="0"/>
<pin id="782" dir="0" index="1" bw="19" slack="0"/>
<pin id="783" dir="0" index="2" bw="6" slack="0"/>
<pin id="784" dir="1" index="3" bw="1" slack="0"/>
</pin_list>
<bind>
<opcode="bitselect(1000) " fcode="bitselect"/>
<opset="tmp_398/1 "/>
</bind>
</comp>

<comp id="788" class="1004" name="trunc_ln46_64_fu_788">
<pin_list>
<pin id="789" dir="0" index="0" bw="6" slack="0"/>
<pin id="790" dir="0" index="1" bw="19" slack="0"/>
<pin id="791" dir="0" index="2" bw="4" slack="0"/>
<pin id="792" dir="0" index="3" bw="5" slack="0"/>
<pin id="793" dir="1" index="4" bw="6" slack="0"/>
</pin_list>
<bind>
<opcode="partselect(1002) " fcode="partselect"/>
<opset="trunc_ln46_64/1 "/>
</bind>
</comp>

<comp id="798" class="1004" name="tmp_399_fu_798">
<pin_list>
<pin id="799" dir="0" index="0" bw="1" slack="0"/>
<pin id="800" dir="0" index="1" bw="19" slack="0"/>
<pin id="801" dir="0" index="2" bw="4" slack="0"/>
<pin id="802" dir="1" index="3" bw="1" slack="0"/>
</pin_list>
<bind>
<opcode="bitselect(1000) " fcode="bitselect"/>
<opset="tmp_399/1 "/>
</bind>
</comp>

<comp id="806" class="1004" name="trunc_ln46_128_fu_806">
<pin_list>
<pin id="807" dir="0" index="0" bw="19" slack="0"/>
<pin id="808" dir="1" index="1" bw="4" slack="0"/>
</pin_list>
<bind>
<opcode="trunc(33) " fcode="trunc"/>
<opset="trunc_ln46_128/1 "/>
</bind>
</comp>

<comp id="810" class="1004" name="icmp_ln46_133_fu_810">
<pin_list>
<pin id="811" dir="0" index="0" bw="4" slack="0"/>
<pin id="812" dir="0" index="1" bw="1" slack="0"/>
<pin id="813" dir="1" index="2" bw="1" slack="0"/>
</pin_list>
<bind>
<opcode="icmp(45) " fcode="icmp"/>
<opset="icmp_ln46_133/1 "/>
</bind>
</comp>

<comp id="816" class="1004" name="tmp_400_fu_816">
<pin_list>
<pin id="817" dir="0" index="0" bw="1" slack="0"/>
<pin id="818" dir="0" index="1" bw="19" slack="0"/>
<pin id="819" dir="0" index="2" bw="5" slack="0"/>
<pin id="820" dir="1" index="3" bw="1" slack="0"/>
</pin_list>
<bind>
<opcode="bitselect(1000) " fcode="bitselect"/>
<opset="tmp_400/1 "/>
</bind>
</comp>

<comp id="824" class="1004" name="tmp_401_fu_824">
<pin_list>
<pin id="825" dir="0" index="0" bw="1" slack="0"/>
<pin id="826" dir="0" index="1" bw="19" slack="0"/>
<pin id="827" dir="0" index="2" bw="4" slack="0"/>
<pin id="828" dir="1" index="3" bw="1" slack="0"/>
</pin_list>
<bind>
<opcode="bitselect(1000) " fcode="bitselect"/>
<opset="tmp_401/1 "/>
</bind>
</comp>

<comp id="832" class="1004" name="or_ln46_200_fu_832">
<pin_list>
<pin id="833" dir="0" index="0" bw="1" slack="0"/>
<pin id="834" dir="0" index="1" bw="1" slack="0"/>
<pin id="835" dir="1" index="2" bw="1" slack="0"/>
</pin_list>
<bind>
<opcode="or(24) " fcode="or"/>
<opset="or_ln46_200/1 "/>
</bind>
</comp>

<comp id="838" class="1004" name="and_ln46_131_fu_838">
<pin_list>
<pin id="839" dir="0" index="0" bw="1" slack="0"/>
<pin id="840" dir="0" index="1" bw="1" slack="0"/>
<pin id="841" dir="1" index="2" bw="1" slack="0"/>
</pin_list>
<bind>
<opcode="and(23) " fcode="and"/>
<opset="and_ln46_131/1 "/>
</bind>
</comp>

<comp id="844" class="1004" name="zext_ln46_66_fu_844">
<pin_list>
<pin id="845" dir="0" index="0" bw="1" slack="0"/>
<pin id="846" dir="1" index="1" bw="6" slack="0"/>
</pin_list>
<bind>
<opcode="zext(34) " fcode="zext"/>
<opset="zext_ln46_66/1 "/>
</bind>
</comp>

<comp id="848" class="1004" name="add_ln46_66_fu_848">
<pin_list>
<pin id="849" dir="0" index="0" bw="6" slack="0"/>
<pin id="850" dir="0" index="1" bw="1" slack="0"/>
<pin id="851" dir="1" index="2" bw="6" slack="0"/>
</pin_list>
<bind>
<opcode="add(8) " fcode="add"/>
<opset="add_ln46_66/1 "/>
</bind>
</comp>

<comp id="854" class="1004" name="tmp_402_fu_854">
<pin_list>
<pin id="855" dir="0" index="0" bw="8" slack="0"/>
<pin id="856" dir="0" index="1" bw="19" slack="0"/>
<pin id="857" dir="0" index="2" bw="5" slack="0"/>
<pin id="858" dir="0" index="3" bw="6" slack="0"/>
<pin id="859" dir="1" index="4" bw="8" slack="0"/>
</pin_list>
<bind>
<opcode="partselect(1002) " fcode="partselect"/>
<opset="tmp_402/1 "/>
</bind>
</comp>

<comp id="864" class="1004" name="icmp_ln46_134_fu_864">
<pin_list>
<pin id="865" dir="0" index="0" bw="8" slack="0"/>
<pin id="866" dir="0" index="1" bw="1" slack="0"/>
<pin id="867" dir="1" index="2" bw="1" slack="0"/>
</pin_list>
<bind>
<opcode="icmp(45) " fcode="icmp"/>
<opset="icmp_ln46_134/1 "/>
</bind>
</comp>

<comp id="870" class="1004" name="tmp_403_fu_870">
<pin_list>
<pin id="871" dir="0" index="0" bw="1" slack="0"/>
<pin id="872" dir="0" index="1" bw="6" slack="0"/>
<pin id="873" dir="0" index="2" bw="4" slack="0"/>
<pin id="874" dir="1" index="3" bw="1" slack="0"/>
</pin_list>
<bind>
<opcode="bitselect(1000) " fcode="bitselect"/>
<opset="tmp_403/1 "/>
</bind>
</comp>

<comp id="878" class="1004" name="not_tmp_470_fu_878">
<pin_list>
<pin id="879" dir="0" index="0" bw="1" slack="0"/>
<pin id="880" dir="0" index="1" bw="1" slack="0"/>
<pin id="881" dir="1" index="2" bw="1" slack="0"/>
</pin_list>
<bind>
<opcode="xor(25) " fcode="xor"/>
<opset="not_tmp_470/1 "/>
</bind>
</comp>

<comp id="884" class="1004" name="and_ln46_134_fu_884">
<pin_list>
<pin id="885" dir="0" index="0" bw="1" slack="0"/>
<pin id="886" dir="0" index="1" bw="1" slack="0"/>
<pin id="887" dir="1" index="2" bw="1" slack="0"/>
</pin_list>
<bind>
<opcode="or(24) " fcode="or"/>
<opset="and_ln46_134/1 "/>
</bind>
</comp>

<comp id="890" class="1004" name="empty_84_fu_890">
<pin_list>
<pin id="891" dir="0" index="0" bw="1" slack="0"/>
<pin id="892" dir="0" index="1" bw="1" slack="0"/>
<pin id="893" dir="1" index="2" bw="1" slack="0"/>
</pin_list>
<bind>
<opcode="and(23) " fcode="and"/>
<opset="empty_84/1 "/>
</bind>
</comp>

<comp id="896" class="1004" name="or_ln46_201_fu_896">
<pin_list>
<pin id="897" dir="0" index="0" bw="1" slack="0"/>
<pin id="898" dir="0" index="1" bw="1" slack="0"/>
<pin id="899" dir="1" index="2" bw="1" slack="0"/>
</pin_list>
<bind>
<opcode="or(24) " fcode="or"/>
<opset="or_ln46_201/1 "/>
</bind>
</comp>

<comp id="902" class="1004" name="xor_ln46_66_fu_902">
<pin_list>
<pin id="903" dir="0" index="0" bw="1" slack="0"/>
<pin id="904" dir="0" index="1" bw="1" slack="0"/>
<pin id="905" dir="1" index="2" bw="1" slack="0"/>
</pin_list>
<bind>
<opcode="xor(25) " fcode="xor"/>
<opset="xor_ln46_66/1 "/>
</bind>
</comp>

<comp id="908" class="1004" name="or_ln46_202_fu_908">
<pin_list>
<pin id="909" dir="0" index="0" bw="1" slack="0"/>
<pin id="910" dir="0" index="1" bw="1" slack="0"/>
<pin id="911" dir="1" index="2" bw="1" slack="0"/>
</pin_list>
<bind>
<opcode="or(24) " fcode="or"/>
<opset="or_ln46_202/1 "/>
</bind>
</comp>

<comp id="914" class="1004" name="select_ln46_200_fu_914">
<pin_list>
<pin id="915" dir="0" index="0" bw="1" slack="0"/>
<pin id="916" dir="0" index="1" bw="1" slack="0"/>
<pin id="917" dir="0" index="2" bw="6" slack="0"/>
<pin id="918" dir="1" index="3" bw="6" slack="0"/>
</pin_list>
<bind>
<opcode="select(49) " fcode="select"/>
<opset="select_ln46_200/1 "/>
</bind>
</comp>

<comp id="922" class="1004" name="select_ln46_201_fu_922">
<pin_list>
<pin id="923" dir="0" index="0" bw="1" slack="0"/>
<pin id="924" dir="0" index="1" bw="6" slack="0"/>
<pin id="925" dir="0" index="2" bw="1" slack="0"/>
<pin id="926" dir="1" index="3" bw="6" slack="0"/>
</pin_list>
<bind>
<opcode="select(49) " fcode="select"/>
<opset="select_ln46_201/1 "/>
</bind>
</comp>

<comp id="930" class="1004" name="select_ln46_202_fu_930">
<pin_list>
<pin id="931" dir="0" index="0" bw="1" slack="0"/>
<pin id="932" dir="0" index="1" bw="6" slack="0"/>
<pin id="933" dir="0" index="2" bw="6" slack="0"/>
<pin id="934" dir="1" index="3" bw="6" slack="0"/>
</pin_list>
<bind>
<opcode="select(49) " fcode="select"/>
<opset="select_ln46_202/1 "/>
</bind>
</comp>

<comp id="938" class="1004" name="res_4_0_fu_938">
<pin_list>
<pin id="939" dir="0" index="0" bw="1" slack="0"/>
<pin id="940" dir="0" index="1" bw="6" slack="0"/>
<pin id="941" dir="0" index="2" bw="1" slack="0"/>
<pin id="942" dir="1" index="3" bw="6" slack="0"/>
</pin_list>
<bind>
<opcode="select(49) " fcode="select"/>
<opset="res_4_0/1 "/>
</bind>
</comp>

<comp id="946" class="1004" name="icmp_ln45_67_fu_946">
<pin_list>
<pin id="947" dir="0" index="0" bw="19" slack="0"/>
<pin id="948" dir="0" index="1" bw="1" slack="0"/>
<pin id="949" dir="1" index="2" bw="1" slack="0"/>
</pin_list>
<bind>
<opcode="icmp(45) " fcode="icmp"/>
<opset="icmp_ln45_67/1 "/>
</bind>
</comp>

<comp id="952" class="1004" name="tmp_404_fu_952">
<pin_list>
<pin id="953" dir="0" index="0" bw="1" slack="0"/>
<pin id="954" dir="0" index="1" bw="19" slack="0"/>
<pin id="955" dir="0" index="2" bw="6" slack="0"/>
<pin id="956" dir="1" index="3" bw="1" slack="0"/>
</pin_list>
<bind>
<opcode="bitselect(1000) " fcode="bitselect"/>
<opset="tmp_404/1 "/>
</bind>
</comp>

<comp id="960" class="1004" name="trunc_ln46_65_fu_960">
<pin_list>
<pin id="961" dir="0" index="0" bw="6" slack="0"/>
<pin id="962" dir="0" index="1" bw="19" slack="0"/>
<pin id="963" dir="0" index="2" bw="4" slack="0"/>
<pin id="964" dir="0" index="3" bw="5" slack="0"/>
<pin id="965" dir="1" index="4" bw="6" slack="0"/>
</pin_list>
<bind>
<opcode="partselect(1002) " fcode="partselect"/>
<opset="trunc_ln46_65/1 "/>
</bind>
</comp>

<comp id="970" class="1004" name="tmp_405_fu_970">
<pin_list>
<pin id="971" dir="0" index="0" bw="1" slack="0"/>
<pin id="972" dir="0" index="1" bw="19" slack="0"/>
<pin id="973" dir="0" index="2" bw="4" slack="0"/>
<pin id="974" dir="1" index="3" bw="1" slack="0"/>
</pin_list>
<bind>
<opcode="bitselect(1000) " fcode="bitselect"/>
<opset="tmp_405/1 "/>
</bind>
</comp>

<comp id="978" class="1004" name="trunc_ln46_129_fu_978">
<pin_list>
<pin id="979" dir="0" index="0" bw="19" slack="0"/>
<pin id="980" dir="1" index="1" bw="4" slack="0"/>
</pin_list>
<bind>
<opcode="trunc(33) " fcode="trunc"/>
<opset="trunc_ln46_129/1 "/>
</bind>
</comp>

<comp id="982" class="1004" name="icmp_ln46_135_fu_982">
<pin_list>
<pin id="983" dir="0" index="0" bw="4" slack="0"/>
<pin id="984" dir="0" index="1" bw="1" slack="0"/>
<pin id="985" dir="1" index="2" bw="1" slack="0"/>
</pin_list>
<bind>
<opcode="icmp(45) " fcode="icmp"/>
<opset="icmp_ln46_135/1 "/>
</bind>
</comp>

<comp id="988" class="1004" name="tmp_406_fu_988">
<pin_list>
<pin id="989" dir="0" index="0" bw="1" slack="0"/>
<pin id="990" dir="0" index="1" bw="19" slack="0"/>
<pin id="991" dir="0" index="2" bw="5" slack="0"/>
<pin id="992" dir="1" index="3" bw="1" slack="0"/>
</pin_list>
<bind>
<opcode="bitselect(1000) " fcode="bitselect"/>
<opset="tmp_406/1 "/>
</bind>
</comp>

<comp id="996" class="1004" name="tmp_407_fu_996">
<pin_list>
<pin id="997" dir="0" index="0" bw="1" slack="0"/>
<pin id="998" dir="0" index="1" bw="19" slack="0"/>
<pin id="999" dir="0" index="2" bw="4" slack="0"/>
<pin id="1000" dir="1" index="3" bw="1" slack="0"/>
</pin_list>
<bind>
<opcode="bitselect(1000) " fcode="bitselect"/>
<opset="tmp_407/1 "/>
</bind>
</comp>

<comp id="1004" class="1004" name="or_ln46_203_fu_1004">
<pin_list>
<pin id="1005" dir="0" index="0" bw="1" slack="0"/>
<pin id="1006" dir="0" index="1" bw="1" slack="0"/>
<pin id="1007" dir="1" index="2" bw="1" slack="0"/>
</pin_list>
<bind>
<opcode="or(24) " fcode="or"/>
<opset="or_ln46_203/1 "/>
</bind>
</comp>

<comp id="1010" class="1004" name="and_ln46_133_fu_1010">
<pin_list>
<pin id="1011" dir="0" index="0" bw="1" slack="0"/>
<pin id="1012" dir="0" index="1" bw="1" slack="0"/>
<pin id="1013" dir="1" index="2" bw="1" slack="0"/>
</pin_list>
<bind>
<opcode="and(23) " fcode="and"/>
<opset="and_ln46_133/1 "/>
</bind>
</comp>

<comp id="1016" class="1004" name="zext_ln46_67_fu_1016">
<pin_list>
<pin id="1017" dir="0" index="0" bw="1" slack="0"/>
<pin id="1018" dir="1" index="1" bw="6" slack="0"/>
</pin_list>
<bind>
<opcode="zext(34) " fcode="zext"/>
<opset="zext_ln46_67/1 "/>
</bind>
</comp>

<comp id="1020" class="1004" name="add_ln46_67_fu_1020">
<pin_list>
<pin id="1021" dir="0" index="0" bw="6" slack="0"/>
<pin id="1022" dir="0" index="1" bw="1" slack="0"/>
<pin id="1023" dir="1" index="2" bw="6" slack="0"/>
</pin_list>
<bind>
<opcode="add(8) " fcode="add"/>
<opset="add_ln46_67/1 "/>
</bind>
</comp>

<comp id="1026" class="1004" name="tmp_408_fu_1026">
<pin_list>
<pin id="1027" dir="0" index="0" bw="8" slack="0"/>
<pin id="1028" dir="0" index="1" bw="19" slack="0"/>
<pin id="1029" dir="0" index="2" bw="5" slack="0"/>
<pin id="1030" dir="0" index="3" bw="6" slack="0"/>
<pin id="1031" dir="1" index="4" bw="8" slack="0"/>
</pin_list>
<bind>
<opcode="partselect(1002) " fcode="partselect"/>
<opset="tmp_408/1 "/>
</bind>
</comp>

<comp id="1036" class="1004" name="icmp_ln46_136_fu_1036">
<pin_list>
<pin id="1037" dir="0" index="0" bw="8" slack="0"/>
<pin id="1038" dir="0" index="1" bw="1" slack="0"/>
<pin id="1039" dir="1" index="2" bw="1" slack="0"/>
</pin_list>
<bind>
<opcode="icmp(45) " fcode="icmp"/>
<opset="icmp_ln46_136/1 "/>
</bind>
</comp>

<comp id="1042" class="1004" name="tmp_409_fu_1042">
<pin_list>
<pin id="1043" dir="0" index="0" bw="1" slack="0"/>
<pin id="1044" dir="0" index="1" bw="6" slack="0"/>
<pin id="1045" dir="0" index="2" bw="4" slack="0"/>
<pin id="1046" dir="1" index="3" bw="1" slack="0"/>
</pin_list>
<bind>
<opcode="bitselect(1000) " fcode="bitselect"/>
<opset="tmp_409/1 "/>
</bind>
</comp>

<comp id="1050" class="1004" name="not_tmp_477_fu_1050">
<pin_list>
<pin id="1051" dir="0" index="0" bw="1" slack="0"/>
<pin id="1052" dir="0" index="1" bw="1" slack="0"/>
<pin id="1053" dir="1" index="2" bw="1" slack="0"/>
</pin_list>
<bind>
<opcode="xor(25) " fcode="xor"/>
<opset="not_tmp_477/1 "/>
</bind>
</comp>

<comp id="1056" class="1004" name="and_ln46_136_fu_1056">
<pin_list>
<pin id="1057" dir="0" index="0" bw="1" slack="0"/>
<pin id="1058" dir="0" index="1" bw="1" slack="0"/>
<pin id="1059" dir="1" index="2" bw="1" slack="0"/>
</pin_list>
<bind>
<opcode="or(24) " fcode="or"/>
<opset="and_ln46_136/1 "/>
</bind>
</comp>

<comp id="1062" class="1004" name="empty_85_fu_1062">
<pin_list>
<pin id="1063" dir="0" index="0" bw="1" slack="0"/>
<pin id="1064" dir="0" index="1" bw="1" slack="0"/>
<pin id="1065" dir="1" index="2" bw="1" slack="0"/>
</pin_list>
<bind>
<opcode="and(23) " fcode="and"/>
<opset="empty_85/1 "/>
</bind>
</comp>

<comp id="1068" class="1004" name="or_ln46_204_fu_1068">
<pin_list>
<pin id="1069" dir="0" index="0" bw="1" slack="0"/>
<pin id="1070" dir="0" index="1" bw="1" slack="0"/>
<pin id="1071" dir="1" index="2" bw="1" slack="0"/>
</pin_list>
<bind>
<opcode="or(24) " fcode="or"/>
<opset="or_ln46_204/1 "/>
</bind>
</comp>

<comp id="1074" class="1004" name="xor_ln46_67_fu_1074">
<pin_list>
<pin id="1075" dir="0" index="0" bw="1" slack="0"/>
<pin id="1076" dir="0" index="1" bw="1" slack="0"/>
<pin id="1077" dir="1" index="2" bw="1" slack="0"/>
</pin_list>
<bind>
<opcode="xor(25) " fcode="xor"/>
<opset="xor_ln46_67/1 "/>
</bind>
</comp>

<comp id="1080" class="1004" name="or_ln46_205_fu_1080">
<pin_list>
<pin id="1081" dir="0" index="0" bw="1" slack="0"/>
<pin id="1082" dir="0" index="1" bw="1" slack="0"/>
<pin id="1083" dir="1" index="2" bw="1" slack="0"/>
</pin_list>
<bind>
<opcode="or(24) " fcode="or"/>
<opset="or_ln46_205/1 "/>
</bind>
</comp>

<comp id="1086" class="1004" name="select_ln46_203_fu_1086">
<pin_list>
<pin id="1087" dir="0" index="0" bw="1" slack="0"/>
<pin id="1088" dir="0" index="1" bw="1" slack="0"/>
<pin id="1089" dir="0" index="2" bw="6" slack="0"/>
<pin id="1090" dir="1" index="3" bw="6" slack="0"/>
</pin_list>
<bind>
<opcode="select(49) " fcode="select"/>
<opset="select_ln46_203/1 "/>
</bind>
</comp>

<comp id="1094" class="1004" name="select_ln46_204_fu_1094">
<pin_list>
<pin id="1095" dir="0" index="0" bw="1" slack="0"/>
<pin id="1096" dir="0" index="1" bw="6" slack="0"/>
<pin id="1097" dir="0" index="2" bw="1" slack="0"/>
<pin id="1098" dir="1" index="3" bw="6" slack="0"/>
</pin_list>
<bind>
<opcode="select(49) " fcode="select"/>
<opset="select_ln46_204/1 "/>
</bind>
</comp>

<comp id="1102" class="1004" name="select_ln46_205_fu_1102">
<pin_list>
<pin id="1103" dir="0" index="0" bw="1" slack="0"/>
<pin id="1104" dir="0" index="1" bw="6" slack="0"/>
<pin id="1105" dir="0" index="2" bw="6" slack="0"/>
<pin id="1106" dir="1" index="3" bw="6" slack="0"/>
</pin_list>
<bind>
<opcode="select(49) " fcode="select"/>
<opset="select_ln46_205/1 "/>
</bind>
</comp>

<comp id="1110" class="1004" name="res_5_0_fu_1110">
<pin_list>
<pin id="1111" dir="0" index="0" bw="1" slack="0"/>
<pin id="1112" dir="0" index="1" bw="6" slack="0"/>
<pin id="1113" dir="0" index="2" bw="1" slack="0"/>
<pin id="1114" dir="1" index="3" bw="6" slack="0"/>
</pin_list>
<bind>
<opcode="select(49) " fcode="select"/>
<opset="res_5_0/1 "/>
</bind>
</comp>

<comp id="1118" class="1004" name="icmp_ln45_68_fu_1118">
<pin_list>
<pin id="1119" dir="0" index="0" bw="19" slack="0"/>
<pin id="1120" dir="0" index="1" bw="1" slack="0"/>
<pin id="1121" dir="1" index="2" bw="1" slack="0"/>
</pin_list>
<bind>
<opcode="icmp(45) " fcode="icmp"/>
<opset="icmp_ln45_68/1 "/>
</bind>
</comp>

<comp id="1124" class="1004" name="tmp_410_fu_1124">
<pin_list>
<pin id="1125" dir="0" index="0" bw="1" slack="0"/>
<pin id="1126" dir="0" index="1" bw="19" slack="0"/>
<pin id="1127" dir="0" index="2" bw="6" slack="0"/>
<pin id="1128" dir="1" index="3" bw="1" slack="0"/>
</pin_list>
<bind>
<opcode="bitselect(1000) " fcode="bitselect"/>
<opset="tmp_410/1 "/>
</bind>
</comp>

<comp id="1132" class="1004" name="trunc_ln46_66_fu_1132">
<pin_list>
<pin id="1133" dir="0" index="0" bw="6" slack="0"/>
<pin id="1134" dir="0" index="1" bw="19" slack="0"/>
<pin id="1135" dir="0" index="2" bw="4" slack="0"/>
<pin id="1136" dir="0" index="3" bw="5" slack="0"/>
<pin id="1137" dir="1" index="4" bw="6" slack="0"/>
</pin_list>
<bind>
<opcode="partselect(1002) " fcode="partselect"/>
<opset="trunc_ln46_66/1 "/>
</bind>
</comp>

<comp id="1142" class="1004" name="tmp_411_fu_1142">
<pin_list>
<pin id="1143" dir="0" index="0" bw="1" slack="0"/>
<pin id="1144" dir="0" index="1" bw="19" slack="0"/>
<pin id="1145" dir="0" index="2" bw="4" slack="0"/>
<pin id="1146" dir="1" index="3" bw="1" slack="0"/>
</pin_list>
<bind>
<opcode="bitselect(1000) " fcode="bitselect"/>
<opset="tmp_411/1 "/>
</bind>
</comp>

<comp id="1150" class="1004" name="trunc_ln46_130_fu_1150">
<pin_list>
<pin id="1151" dir="0" index="0" bw="19" slack="0"/>
<pin id="1152" dir="1" index="1" bw="4" slack="0"/>
</pin_list>
<bind>
<opcode="trunc(33) " fcode="trunc"/>
<opset="trunc_ln46_130/1 "/>
</bind>
</comp>

<comp id="1154" class="1004" name="icmp_ln46_137_fu_1154">
<pin_list>
<pin id="1155" dir="0" index="0" bw="4" slack="0"/>
<pin id="1156" dir="0" index="1" bw="1" slack="0"/>
<pin id="1157" dir="1" index="2" bw="1" slack="0"/>
</pin_list>
<bind>
<opcode="icmp(45) " fcode="icmp"/>
<opset="icmp_ln46_137/1 "/>
</bind>
</comp>

<comp id="1160" class="1004" name="tmp_412_fu_1160">
<pin_list>
<pin id="1161" dir="0" index="0" bw="1" slack="0"/>
<pin id="1162" dir="0" index="1" bw="19" slack="0"/>
<pin id="1163" dir="0" index="2" bw="5" slack="0"/>
<pin id="1164" dir="1" index="3" bw="1" slack="0"/>
</pin_list>
<bind>
<opcode="bitselect(1000) " fcode="bitselect"/>
<opset="tmp_412/1 "/>
</bind>
</comp>

<comp id="1168" class="1004" name="tmp_413_fu_1168">
<pin_list>
<pin id="1169" dir="0" index="0" bw="1" slack="0"/>
<pin id="1170" dir="0" index="1" bw="19" slack="0"/>
<pin id="1171" dir="0" index="2" bw="4" slack="0"/>
<pin id="1172" dir="1" index="3" bw="1" slack="0"/>
</pin_list>
<bind>
<opcode="bitselect(1000) " fcode="bitselect"/>
<opset="tmp_413/1 "/>
</bind>
</comp>

<comp id="1176" class="1004" name="or_ln46_206_fu_1176">
<pin_list>
<pin id="1177" dir="0" index="0" bw="1" slack="0"/>
<pin id="1178" dir="0" index="1" bw="1" slack="0"/>
<pin id="1179" dir="1" index="2" bw="1" slack="0"/>
</pin_list>
<bind>
<opcode="or(24) " fcode="or"/>
<opset="or_ln46_206/1 "/>
</bind>
</comp>

<comp id="1182" class="1004" name="and_ln46_135_fu_1182">
<pin_list>
<pin id="1183" dir="0" index="0" bw="1" slack="0"/>
<pin id="1184" dir="0" index="1" bw="1" slack="0"/>
<pin id="1185" dir="1" index="2" bw="1" slack="0"/>
</pin_list>
<bind>
<opcode="and(23) " fcode="and"/>
<opset="and_ln46_135/1 "/>
</bind>
</comp>

<comp id="1188" class="1004" name="zext_ln46_68_fu_1188">
<pin_list>
<pin id="1189" dir="0" index="0" bw="1" slack="0"/>
<pin id="1190" dir="1" index="1" bw="6" slack="0"/>
</pin_list>
<bind>
<opcode="zext(34) " fcode="zext"/>
<opset="zext_ln46_68/1 "/>
</bind>
</comp>

<comp id="1192" class="1004" name="add_ln46_68_fu_1192">
<pin_list>
<pin id="1193" dir="0" index="0" bw="6" slack="0"/>
<pin id="1194" dir="0" index="1" bw="1" slack="0"/>
<pin id="1195" dir="1" index="2" bw="6" slack="0"/>
</pin_list>
<bind>
<opcode="add(8) " fcode="add"/>
<opset="add_ln46_68/1 "/>
</bind>
</comp>

<comp id="1198" class="1004" name="tmp_414_fu_1198">
<pin_list>
<pin id="1199" dir="0" index="0" bw="8" slack="0"/>
<pin id="1200" dir="0" index="1" bw="19" slack="0"/>
<pin id="1201" dir="0" index="2" bw="5" slack="0"/>
<pin id="1202" dir="0" index="3" bw="6" slack="0"/>
<pin id="1203" dir="1" index="4" bw="8" slack="0"/>
</pin_list>
<bind>
<opcode="partselect(1002) " fcode="partselect"/>
<opset="tmp_414/1 "/>
</bind>
</comp>

<comp id="1208" class="1004" name="icmp_ln46_138_fu_1208">
<pin_list>
<pin id="1209" dir="0" index="0" bw="8" slack="0"/>
<pin id="1210" dir="0" index="1" bw="1" slack="0"/>
<pin id="1211" dir="1" index="2" bw="1" slack="0"/>
</pin_list>
<bind>
<opcode="icmp(45) " fcode="icmp"/>
<opset="icmp_ln46_138/1 "/>
</bind>
</comp>

<comp id="1214" class="1004" name="tmp_415_fu_1214">
<pin_list>
<pin id="1215" dir="0" index="0" bw="1" slack="0"/>
<pin id="1216" dir="0" index="1" bw="6" slack="0"/>
<pin id="1217" dir="0" index="2" bw="4" slack="0"/>
<pin id="1218" dir="1" index="3" bw="1" slack="0"/>
</pin_list>
<bind>
<opcode="bitselect(1000) " fcode="bitselect"/>
<opset="tmp_415/1 "/>
</bind>
</comp>

<comp id="1222" class="1004" name="not_tmp_484_fu_1222">
<pin_list>
<pin id="1223" dir="0" index="0" bw="1" slack="0"/>
<pin id="1224" dir="0" index="1" bw="1" slack="0"/>
<pin id="1225" dir="1" index="2" bw="1" slack="0"/>
</pin_list>
<bind>
<opcode="xor(25) " fcode="xor"/>
<opset="not_tmp_484/1 "/>
</bind>
</comp>

<comp id="1228" class="1004" name="and_ln46_138_fu_1228">
<pin_list>
<pin id="1229" dir="0" index="0" bw="1" slack="0"/>
<pin id="1230" dir="0" index="1" bw="1" slack="0"/>
<pin id="1231" dir="1" index="2" bw="1" slack="0"/>
</pin_list>
<bind>
<opcode="or(24) " fcode="or"/>
<opset="and_ln46_138/1 "/>
</bind>
</comp>

<comp id="1234" class="1004" name="empty_86_fu_1234">
<pin_list>
<pin id="1235" dir="0" index="0" bw="1" slack="0"/>
<pin id="1236" dir="0" index="1" bw="1" slack="0"/>
<pin id="1237" dir="1" index="2" bw="1" slack="0"/>
</pin_list>
<bind>
<opcode="and(23) " fcode="and"/>
<opset="empty_86/1 "/>
</bind>
</comp>

<comp id="1240" class="1004" name="or_ln46_207_fu_1240">
<pin_list>
<pin id="1241" dir="0" index="0" bw="1" slack="0"/>
<pin id="1242" dir="0" index="1" bw="1" slack="0"/>
<pin id="1243" dir="1" index="2" bw="1" slack="0"/>
</pin_list>
<bind>
<opcode="or(24) " fcode="or"/>
<opset="or_ln46_207/1 "/>
</bind>
</comp>

<comp id="1246" class="1004" name="xor_ln46_68_fu_1246">
<pin_list>
<pin id="1247" dir="0" index="0" bw="1" slack="0"/>
<pin id="1248" dir="0" index="1" bw="1" slack="0"/>
<pin id="1249" dir="1" index="2" bw="1" slack="0"/>
</pin_list>
<bind>
<opcode="xor(25) " fcode="xor"/>
<opset="xor_ln46_68/1 "/>
</bind>
</comp>

<comp id="1252" class="1004" name="or_ln46_208_fu_1252">
<pin_list>
<pin id="1253" dir="0" index="0" bw="1" slack="0"/>
<pin id="1254" dir="0" index="1" bw="1" slack="0"/>
<pin id="1255" dir="1" index="2" bw="1" slack="0"/>
</pin_list>
<bind>
<opcode="or(24) " fcode="or"/>
<opset="or_ln46_208/1 "/>
</bind>
</comp>

<comp id="1258" class="1004" name="select_ln46_206_fu_1258">
<pin_list>
<pin id="1259" dir="0" index="0" bw="1" slack="0"/>
<pin id="1260" dir="0" index="1" bw="1" slack="0"/>
<pin id="1261" dir="0" index="2" bw="6" slack="0"/>
<pin id="1262" dir="1" index="3" bw="6" slack="0"/>
</pin_list>
<bind>
<opcode="select(49) " fcode="select"/>
<opset="select_ln46_206/1 "/>
</bind>
</comp>

<comp id="1266" class="1004" name="select_ln46_207_fu_1266">
<pin_list>
<pin id="1267" dir="0" index="0" bw="1" slack="0"/>
<pin id="1268" dir="0" index="1" bw="6" slack="0"/>
<pin id="1269" dir="0" index="2" bw="1" slack="0"/>
<pin id="1270" dir="1" index="3" bw="6" slack="0"/>
</pin_list>
<bind>
<opcode="select(49) " fcode="select"/>
<opset="select_ln46_207/1 "/>
</bind>
</comp>

<comp id="1274" class="1004" name="select_ln46_208_fu_1274">
<pin_list>
<pin id="1275" dir="0" index="0" bw="1" slack="0"/>
<pin id="1276" dir="0" index="1" bw="6" slack="0"/>
<pin id="1277" dir="0" index="2" bw="6" slack="0"/>
<pin id="1278" dir="1" index="3" bw="6" slack="0"/>
</pin_list>
<bind>
<opcode="select(49) " fcode="select"/>
<opset="select_ln46_208/1 "/>
</bind>
</comp>

<comp id="1282" class="1004" name="res_6_0_fu_1282">
<pin_list>
<pin id="1283" dir="0" index="0" bw="1" slack="0"/>
<pin id="1284" dir="0" index="1" bw="6" slack="0"/>
<pin id="1285" dir="0" index="2" bw="1" slack="0"/>
<pin id="1286" dir="1" index="3" bw="6" slack="0"/>
</pin_list>
<bind>
<opcode="select(49) " fcode="select"/>
<opset="res_6_0/1 "/>
</bind>
</comp>

<comp id="1290" class="1004" name="icmp_ln45_69_fu_1290">
<pin_list>
<pin id="1291" dir="0" index="0" bw="19" slack="0"/>
<pin id="1292" dir="0" index="1" bw="1" slack="0"/>
<pin id="1293" dir="1" index="2" bw="1" slack="0"/>
</pin_list>
<bind>
<opcode="icmp(45) " fcode="icmp"/>
<opset="icmp_ln45_69/1 "/>
</bind>
</comp>

<comp id="1296" class="1004" name="tmp_416_fu_1296">
<pin_list>
<pin id="1297" dir="0" index="0" bw="1" slack="0"/>
<pin id="1298" dir="0" index="1" bw="19" slack="0"/>
<pin id="1299" dir="0" index="2" bw="6" slack="0"/>
<pin id="1300" dir="1" index="3" bw="1" slack="0"/>
</pin_list>
<bind>
<opcode="bitselect(1000) " fcode="bitselect"/>
<opset="tmp_416/1 "/>
</bind>
</comp>

<comp id="1304" class="1004" name="trunc_ln46_67_fu_1304">
<pin_list>
<pin id="1305" dir="0" index="0" bw="6" slack="0"/>
<pin id="1306" dir="0" index="1" bw="19" slack="0"/>
<pin id="1307" dir="0" index="2" bw="4" slack="0"/>
<pin id="1308" dir="0" index="3" bw="5" slack="0"/>
<pin id="1309" dir="1" index="4" bw="6" slack="0"/>
</pin_list>
<bind>
<opcode="partselect(1002) " fcode="partselect"/>
<opset="trunc_ln46_67/1 "/>
</bind>
</comp>

<comp id="1314" class="1004" name="tmp_417_fu_1314">
<pin_list>
<pin id="1315" dir="0" index="0" bw="1" slack="0"/>
<pin id="1316" dir="0" index="1" bw="19" slack="0"/>
<pin id="1317" dir="0" index="2" bw="4" slack="0"/>
<pin id="1318" dir="1" index="3" bw="1" slack="0"/>
</pin_list>
<bind>
<opcode="bitselect(1000) " fcode="bitselect"/>
<opset="tmp_417/1 "/>
</bind>
</comp>

<comp id="1322" class="1004" name="trunc_ln46_131_fu_1322">
<pin_list>
<pin id="1323" dir="0" index="0" bw="19" slack="0"/>
<pin id="1324" dir="1" index="1" bw="4" slack="0"/>
</pin_list>
<bind>
<opcode="trunc(33) " fcode="trunc"/>
<opset="trunc_ln46_131/1 "/>
</bind>
</comp>

<comp id="1326" class="1004" name="icmp_ln46_139_fu_1326">
<pin_list>
<pin id="1327" dir="0" index="0" bw="4" slack="0"/>
<pin id="1328" dir="0" index="1" bw="1" slack="0"/>
<pin id="1329" dir="1" index="2" bw="1" slack="0"/>
</pin_list>
<bind>
<opcode="icmp(45) " fcode="icmp"/>
<opset="icmp_ln46_139/1 "/>
</bind>
</comp>

<comp id="1332" class="1004" name="tmp_418_fu_1332">
<pin_list>
<pin id="1333" dir="0" index="0" bw="1" slack="0"/>
<pin id="1334" dir="0" index="1" bw="19" slack="0"/>
<pin id="1335" dir="0" index="2" bw="5" slack="0"/>
<pin id="1336" dir="1" index="3" bw="1" slack="0"/>
</pin_list>
<bind>
<opcode="bitselect(1000) " fcode="bitselect"/>
<opset="tmp_418/1 "/>
</bind>
</comp>

<comp id="1340" class="1004" name="tmp_419_fu_1340">
<pin_list>
<pin id="1341" dir="0" index="0" bw="1" slack="0"/>
<pin id="1342" dir="0" index="1" bw="19" slack="0"/>
<pin id="1343" dir="0" index="2" bw="4" slack="0"/>
<pin id="1344" dir="1" index="3" bw="1" slack="0"/>
</pin_list>
<bind>
<opcode="bitselect(1000) " fcode="bitselect"/>
<opset="tmp_419/1 "/>
</bind>
</comp>

<comp id="1348" class="1004" name="or_ln46_209_fu_1348">
<pin_list>
<pin id="1349" dir="0" index="0" bw="1" slack="0"/>
<pin id="1350" dir="0" index="1" bw="1" slack="0"/>
<pin id="1351" dir="1" index="2" bw="1" slack="0"/>
</pin_list>
<bind>
<opcode="or(24) " fcode="or"/>
<opset="or_ln46_209/1 "/>
</bind>
</comp>

<comp id="1354" class="1004" name="and_ln46_137_fu_1354">
<pin_list>
<pin id="1355" dir="0" index="0" bw="1" slack="0"/>
<pin id="1356" dir="0" index="1" bw="1" slack="0"/>
<pin id="1357" dir="1" index="2" bw="1" slack="0"/>
</pin_list>
<bind>
<opcode="and(23) " fcode="and"/>
<opset="and_ln46_137/1 "/>
</bind>
</comp>

<comp id="1360" class="1004" name="zext_ln46_69_fu_1360">
<pin_list>
<pin id="1361" dir="0" index="0" bw="1" slack="0"/>
<pin id="1362" dir="1" index="1" bw="6" slack="0"/>
</pin_list>
<bind>
<opcode="zext(34) " fcode="zext"/>
<opset="zext_ln46_69/1 "/>
</bind>
</comp>

<comp id="1364" class="1004" name="add_ln46_69_fu_1364">
<pin_list>
<pin id="1365" dir="0" index="0" bw="6" slack="0"/>
<pin id="1366" dir="0" index="1" bw="1" slack="0"/>
<pin id="1367" dir="1" index="2" bw="6" slack="0"/>
</pin_list>
<bind>
<opcode="add(8) " fcode="add"/>
<opset="add_ln46_69/1 "/>
</bind>
</comp>

<comp id="1370" class="1004" name="tmp_420_fu_1370">
<pin_list>
<pin id="1371" dir="0" index="0" bw="8" slack="0"/>
<pin id="1372" dir="0" index="1" bw="19" slack="0"/>
<pin id="1373" dir="0" index="2" bw="5" slack="0"/>
<pin id="1374" dir="0" index="3" bw="6" slack="0"/>
<pin id="1375" dir="1" index="4" bw="8" slack="0"/>
</pin_list>
<bind>
<opcode="partselect(1002) " fcode="partselect"/>
<opset="tmp_420/1 "/>
</bind>
</comp>

<comp id="1380" class="1004" name="icmp_ln46_140_fu_1380">
<pin_list>
<pin id="1381" dir="0" index="0" bw="8" slack="0"/>
<pin id="1382" dir="0" index="1" bw="1" slack="0"/>
<pin id="1383" dir="1" index="2" bw="1" slack="0"/>
</pin_list>
<bind>
<opcode="icmp(45) " fcode="icmp"/>
<opset="icmp_ln46_140/1 "/>
</bind>
</comp>

<comp id="1386" class="1004" name="tmp_421_fu_1386">
<pin_list>
<pin id="1387" dir="0" index="0" bw="1" slack="0"/>
<pin id="1388" dir="0" index="1" bw="6" slack="0"/>
<pin id="1389" dir="0" index="2" bw="4" slack="0"/>
<pin id="1390" dir="1" index="3" bw="1" slack="0"/>
</pin_list>
<bind>
<opcode="bitselect(1000) " fcode="bitselect"/>
<opset="tmp_421/1 "/>
</bind>
</comp>

<comp id="1394" class="1004" name="not_tmp_491_fu_1394">
<pin_list>
<pin id="1395" dir="0" index="0" bw="1" slack="0"/>
<pin id="1396" dir="0" index="1" bw="1" slack="0"/>
<pin id="1397" dir="1" index="2" bw="1" slack="0"/>
</pin_list>
<bind>
<opcode="xor(25) " fcode="xor"/>
<opset="not_tmp_491/1 "/>
</bind>
</comp>

<comp id="1400" class="1004" name="and_ln46_140_fu_1400">
<pin_list>
<pin id="1401" dir="0" index="0" bw="1" slack="0"/>
<pin id="1402" dir="0" index="1" bw="1" slack="0"/>
<pin id="1403" dir="1" index="2" bw="1" slack="0"/>
</pin_list>
<bind>
<opcode="or(24) " fcode="or"/>
<opset="and_ln46_140/1 "/>
</bind>
</comp>

<comp id="1406" class="1004" name="empty_87_fu_1406">
<pin_list>
<pin id="1407" dir="0" index="0" bw="1" slack="0"/>
<pin id="1408" dir="0" index="1" bw="1" slack="0"/>
<pin id="1409" dir="1" index="2" bw="1" slack="0"/>
</pin_list>
<bind>
<opcode="and(23) " fcode="and"/>
<opset="empty_87/1 "/>
</bind>
</comp>

<comp id="1412" class="1004" name="or_ln46_210_fu_1412">
<pin_list>
<pin id="1413" dir="0" index="0" bw="1" slack="0"/>
<pin id="1414" dir="0" index="1" bw="1" slack="0"/>
<pin id="1415" dir="1" index="2" bw="1" slack="0"/>
</pin_list>
<bind>
<opcode="or(24) " fcode="or"/>
<opset="or_ln46_210/1 "/>
</bind>
</comp>

<comp id="1418" class="1004" name="xor_ln46_69_fu_1418">
<pin_list>
<pin id="1419" dir="0" index="0" bw="1" slack="0"/>
<pin id="1420" dir="0" index="1" bw="1" slack="0"/>
<pin id="1421" dir="1" index="2" bw="1" slack="0"/>
</pin_list>
<bind>
<opcode="xor(25) " fcode="xor"/>
<opset="xor_ln46_69/1 "/>
</bind>
</comp>

<comp id="1424" class="1004" name="or_ln46_211_fu_1424">
<pin_list>
<pin id="1425" dir="0" index="0" bw="1" slack="0"/>
<pin id="1426" dir="0" index="1" bw="1" slack="0"/>
<pin id="1427" dir="1" index="2" bw="1" slack="0"/>
</pin_list>
<bind>
<opcode="or(24) " fcode="or"/>
<opset="or_ln46_211/1 "/>
</bind>
</comp>

<comp id="1430" class="1004" name="select_ln46_209_fu_1430">
<pin_list>
<pin id="1431" dir="0" index="0" bw="1" slack="0"/>
<pin id="1432" dir="0" index="1" bw="1" slack="0"/>
<pin id="1433" dir="0" index="2" bw="6" slack="0"/>
<pin id="1434" dir="1" index="3" bw="6" slack="0"/>
</pin_list>
<bind>
<opcode="select(49) " fcode="select"/>
<opset="select_ln46_209/1 "/>
</bind>
</comp>

<comp id="1438" class="1004" name="select_ln46_210_fu_1438">
<pin_list>
<pin id="1439" dir="0" index="0" bw="1" slack="0"/>
<pin id="1440" dir="0" index="1" bw="6" slack="0"/>
<pin id="1441" dir="0" index="2" bw="1" slack="0"/>
<pin id="1442" dir="1" index="3" bw="6" slack="0"/>
</pin_list>
<bind>
<opcode="select(49) " fcode="select"/>
<opset="select_ln46_210/1 "/>
</bind>
</comp>

<comp id="1446" class="1004" name="select_ln46_211_fu_1446">
<pin_list>
<pin id="1447" dir="0" index="0" bw="1" slack="0"/>
<pin id="1448" dir="0" index="1" bw="6" slack="0"/>
<pin id="1449" dir="0" index="2" bw="6" slack="0"/>
<pin id="1450" dir="1" index="3" bw="6" slack="0"/>
</pin_list>
<bind>
<opcode="select(49) " fcode="select"/>
<opset="select_ln46_211/1 "/>
</bind>
</comp>

<comp id="1454" class="1004" name="res_7_0_fu_1454">
<pin_list>
<pin id="1455" dir="0" index="0" bw="1" slack="0"/>
<pin id="1456" dir="0" index="1" bw="6" slack="0"/>
<pin id="1457" dir="0" index="2" bw="1" slack="0"/>
<pin id="1458" dir="1" index="3" bw="6" slack="0"/>
</pin_list>
<bind>
<opcode="select(49) " fcode="select"/>
<opset="res_7_0/1 "/>
</bind>
</comp>

<comp id="1462" class="1004" name="icmp_ln45_70_fu_1462">
<pin_list>
<pin id="1463" dir="0" index="0" bw="19" slack="0"/>
<pin id="1464" dir="0" index="1" bw="1" slack="0"/>
<pin id="1465" dir="1" index="2" bw="1" slack="0"/>
</pin_list>
<bind>
<opcode="icmp(45) " fcode="icmp"/>
<opset="icmp_ln45_70/1 "/>
</bind>
</comp>

<comp id="1468" class="1004" name="tmp_422_fu_1468">
<pin_list>
<pin id="1469" dir="0" index="0" bw="1" slack="0"/>
<pin id="1470" dir="0" index="1" bw="19" slack="0"/>
<pin id="1471" dir="0" index="2" bw="6" slack="0"/>
<pin id="1472" dir="1" index="3" bw="1" slack="0"/>
</pin_list>
<bind>
<opcode="bitselect(1000) " fcode="bitselect"/>
<opset="tmp_422/1 "/>
</bind>
</comp>

<comp id="1476" class="1004" name="trunc_ln46_68_fu_1476">
<pin_list>
<pin id="1477" dir="0" index="0" bw="6" slack="0"/>
<pin id="1478" dir="0" index="1" bw="19" slack="0"/>
<pin id="1479" dir="0" index="2" bw="4" slack="0"/>
<pin id="1480" dir="0" index="3" bw="5" slack="0"/>
<pin id="1481" dir="1" index="4" bw="6" slack="0"/>
</pin_list>
<bind>
<opcode="partselect(1002) " fcode="partselect"/>
<opset="trunc_ln46_68/1 "/>
</bind>
</comp>

<comp id="1486" class="1004" name="tmp_423_fu_1486">
<pin_list>
<pin id="1487" dir="0" index="0" bw="1" slack="0"/>
<pin id="1488" dir="0" index="1" bw="19" slack="0"/>
<pin id="1489" dir="0" index="2" bw="4" slack="0"/>
<pin id="1490" dir="1" index="3" bw="1" slack="0"/>
</pin_list>
<bind>
<opcode="bitselect(1000) " fcode="bitselect"/>
<opset="tmp_423/1 "/>
</bind>
</comp>

<comp id="1494" class="1004" name="trunc_ln46_132_fu_1494">
<pin_list>
<pin id="1495" dir="0" index="0" bw="19" slack="0"/>
<pin id="1496" dir="1" index="1" bw="4" slack="0"/>
</pin_list>
<bind>
<opcode="trunc(33) " fcode="trunc"/>
<opset="trunc_ln46_132/1 "/>
</bind>
</comp>

<comp id="1498" class="1004" name="icmp_ln46_141_fu_1498">
<pin_list>
<pin id="1499" dir="0" index="0" bw="4" slack="0"/>
<pin id="1500" dir="0" index="1" bw="1" slack="0"/>
<pin id="1501" dir="1" index="2" bw="1" slack="0"/>
</pin_list>
<bind>
<opcode="icmp(45) " fcode="icmp"/>
<opset="icmp_ln46_141/1 "/>
</bind>
</comp>

<comp id="1504" class="1004" name="tmp_424_fu_1504">
<pin_list>
<pin id="1505" dir="0" index="0" bw="1" slack="0"/>
<pin id="1506" dir="0" index="1" bw="19" slack="0"/>
<pin id="1507" dir="0" index="2" bw="5" slack="0"/>
<pin id="1508" dir="1" index="3" bw="1" slack="0"/>
</pin_list>
<bind>
<opcode="bitselect(1000) " fcode="bitselect"/>
<opset="tmp_424/1 "/>
</bind>
</comp>

<comp id="1512" class="1004" name="tmp_425_fu_1512">
<pin_list>
<pin id="1513" dir="0" index="0" bw="1" slack="0"/>
<pin id="1514" dir="0" index="1" bw="19" slack="0"/>
<pin id="1515" dir="0" index="2" bw="4" slack="0"/>
<pin id="1516" dir="1" index="3" bw="1" slack="0"/>
</pin_list>
<bind>
<opcode="bitselect(1000) " fcode="bitselect"/>
<opset="tmp_425/1 "/>
</bind>
</comp>

<comp id="1520" class="1004" name="or_ln46_212_fu_1520">
<pin_list>
<pin id="1521" dir="0" index="0" bw="1" slack="0"/>
<pin id="1522" dir="0" index="1" bw="1" slack="0"/>
<pin id="1523" dir="1" index="2" bw="1" slack="0"/>
</pin_list>
<bind>
<opcode="or(24) " fcode="or"/>
<opset="or_ln46_212/1 "/>
</bind>
</comp>

<comp id="1526" class="1004" name="and_ln46_139_fu_1526">
<pin_list>
<pin id="1527" dir="0" index="0" bw="1" slack="0"/>
<pin id="1528" dir="0" index="1" bw="1" slack="0"/>
<pin id="1529" dir="1" index="2" bw="1" slack="0"/>
</pin_list>
<bind>
<opcode="and(23) " fcode="and"/>
<opset="and_ln46_139/1 "/>
</bind>
</comp>

<comp id="1532" class="1004" name="zext_ln46_70_fu_1532">
<pin_list>
<pin id="1533" dir="0" index="0" bw="1" slack="0"/>
<pin id="1534" dir="1" index="1" bw="6" slack="0"/>
</pin_list>
<bind>
<opcode="zext(34) " fcode="zext"/>
<opset="zext_ln46_70/1 "/>
</bind>
</comp>

<comp id="1536" class="1004" name="add_ln46_70_fu_1536">
<pin_list>
<pin id="1537" dir="0" index="0" bw="6" slack="0"/>
<pin id="1538" dir="0" index="1" bw="1" slack="0"/>
<pin id="1539" dir="1" index="2" bw="6" slack="0"/>
</pin_list>
<bind>
<opcode="add(8) " fcode="add"/>
<opset="add_ln46_70/1 "/>
</bind>
</comp>

<comp id="1542" class="1004" name="tmp_426_fu_1542">
<pin_list>
<pin id="1543" dir="0" index="0" bw="8" slack="0"/>
<pin id="1544" dir="0" index="1" bw="19" slack="0"/>
<pin id="1545" dir="0" index="2" bw="5" slack="0"/>
<pin id="1546" dir="0" index="3" bw="6" slack="0"/>
<pin id="1547" dir="1" index="4" bw="8" slack="0"/>
</pin_list>
<bind>
<opcode="partselect(1002) " fcode="partselect"/>
<opset="tmp_426/1 "/>
</bind>
</comp>

<comp id="1552" class="1004" name="icmp_ln46_142_fu_1552">
<pin_list>
<pin id="1553" dir="0" index="0" bw="8" slack="0"/>
<pin id="1554" dir="0" index="1" bw="1" slack="0"/>
<pin id="1555" dir="1" index="2" bw="1" slack="0"/>
</pin_list>
<bind>
<opcode="icmp(45) " fcode="icmp"/>
<opset="icmp_ln46_142/1 "/>
</bind>
</comp>

<comp id="1558" class="1004" name="tmp_427_fu_1558">
<pin_list>
<pin id="1559" dir="0" index="0" bw="1" slack="0"/>
<pin id="1560" dir="0" index="1" bw="6" slack="0"/>
<pin id="1561" dir="0" index="2" bw="4" slack="0"/>
<pin id="1562" dir="1" index="3" bw="1" slack="0"/>
</pin_list>
<bind>
<opcode="bitselect(1000) " fcode="bitselect"/>
<opset="tmp_427/1 "/>
</bind>
</comp>

<comp id="1566" class="1004" name="not_tmp_498_fu_1566">
<pin_list>
<pin id="1567" dir="0" index="0" bw="1" slack="0"/>
<pin id="1568" dir="0" index="1" bw="1" slack="0"/>
<pin id="1569" dir="1" index="2" bw="1" slack="0"/>
</pin_list>
<bind>
<opcode="xor(25) " fcode="xor"/>
<opset="not_tmp_498/1 "/>
</bind>
</comp>

<comp id="1572" class="1004" name="and_ln46_142_fu_1572">
<pin_list>
<pin id="1573" dir="0" index="0" bw="1" slack="0"/>
<pin id="1574" dir="0" index="1" bw="1" slack="0"/>
<pin id="1575" dir="1" index="2" bw="1" slack="0"/>
</pin_list>
<bind>
<opcode="or(24) " fcode="or"/>
<opset="and_ln46_142/1 "/>
</bind>
</comp>

<comp id="1578" class="1004" name="empty_88_fu_1578">
<pin_list>
<pin id="1579" dir="0" index="0" bw="1" slack="0"/>
<pin id="1580" dir="0" index="1" bw="1" slack="0"/>
<pin id="1581" dir="1" index="2" bw="1" slack="0"/>
</pin_list>
<bind>
<opcode="and(23) " fcode="and"/>
<opset="empty_88/1 "/>
</bind>
</comp>

<comp id="1584" class="1004" name="or_ln46_213_fu_1584">
<pin_list>
<pin id="1585" dir="0" index="0" bw="1" slack="0"/>
<pin id="1586" dir="0" index="1" bw="1" slack="0"/>
<pin id="1587" dir="1" index="2" bw="1" slack="0"/>
</pin_list>
<bind>
<opcode="or(24) " fcode="or"/>
<opset="or_ln46_213/1 "/>
</bind>
</comp>

<comp id="1590" class="1004" name="xor_ln46_70_fu_1590">
<pin_list>
<pin id="1591" dir="0" index="0" bw="1" slack="0"/>
<pin id="1592" dir="0" index="1" bw="1" slack="0"/>
<pin id="1593" dir="1" index="2" bw="1" slack="0"/>
</pin_list>
<bind>
<opcode="xor(25) " fcode="xor"/>
<opset="xor_ln46_70/1 "/>
</bind>
</comp>

<comp id="1596" class="1004" name="or_ln46_214_fu_1596">
<pin_list>
<pin id="1597" dir="0" index="0" bw="1" slack="0"/>
<pin id="1598" dir="0" index="1" bw="1" slack="0"/>
<pin id="1599" dir="1" index="2" bw="1" slack="0"/>
</pin_list>
<bind>
<opcode="or(24) " fcode="or"/>
<opset="or_ln46_214/1 "/>
</bind>
</comp>

<comp id="1602" class="1004" name="select_ln46_212_fu_1602">
<pin_list>
<pin id="1603" dir="0" index="0" bw="1" slack="0"/>
<pin id="1604" dir="0" index="1" bw="1" slack="0"/>
<pin id="1605" dir="0" index="2" bw="6" slack="0"/>
<pin id="1606" dir="1" index="3" bw="6" slack="0"/>
</pin_list>
<bind>
<opcode="select(49) " fcode="select"/>
<opset="select_ln46_212/1 "/>
</bind>
</comp>

<comp id="1610" class="1004" name="select_ln46_213_fu_1610">
<pin_list>
<pin id="1611" dir="0" index="0" bw="1" slack="0"/>
<pin id="1612" dir="0" index="1" bw="6" slack="0"/>
<pin id="1613" dir="0" index="2" bw="1" slack="0"/>
<pin id="1614" dir="1" index="3" bw="6" slack="0"/>
</pin_list>
<bind>
<opcode="select(49) " fcode="select"/>
<opset="select_ln46_213/1 "/>
</bind>
</comp>

<comp id="1618" class="1004" name="select_ln46_214_fu_1618">
<pin_list>
<pin id="1619" dir="0" index="0" bw="1" slack="0"/>
<pin id="1620" dir="0" index="1" bw="6" slack="0"/>
<pin id="1621" dir="0" index="2" bw="6" slack="0"/>
<pin id="1622" dir="1" index="3" bw="6" slack="0"/>
</pin_list>
<bind>
<opcode="select(49) " fcode="select"/>
<opset="select_ln46_214/1 "/>
</bind>
</comp>

<comp id="1626" class="1004" name="res_8_0_fu_1626">
<pin_list>
<pin id="1627" dir="0" index="0" bw="1" slack="0"/>
<pin id="1628" dir="0" index="1" bw="6" slack="0"/>
<pin id="1629" dir="0" index="2" bw="1" slack="0"/>
<pin id="1630" dir="1" index="3" bw="6" slack="0"/>
</pin_list>
<bind>
<opcode="select(49) " fcode="select"/>
<opset="res_8_0/1 "/>
</bind>
</comp>

<comp id="1634" class="1004" name="icmp_ln45_71_fu_1634">
<pin_list>
<pin id="1635" dir="0" index="0" bw="19" slack="0"/>
<pin id="1636" dir="0" index="1" bw="1" slack="0"/>
<pin id="1637" dir="1" index="2" bw="1" slack="0"/>
</pin_list>
<bind>
<opcode="icmp(45) " fcode="icmp"/>
<opset="icmp_ln45_71/1 "/>
</bind>
</comp>

<comp id="1640" class="1004" name="tmp_428_fu_1640">
<pin_list>
<pin id="1641" dir="0" index="0" bw="1" slack="0"/>
<pin id="1642" dir="0" index="1" bw="19" slack="0"/>
<pin id="1643" dir="0" index="2" bw="6" slack="0"/>
<pin id="1644" dir="1" index="3" bw="1" slack="0"/>
</pin_list>
<bind>
<opcode="bitselect(1000) " fcode="bitselect"/>
<opset="tmp_428/1 "/>
</bind>
</comp>

<comp id="1648" class="1004" name="trunc_ln46_69_fu_1648">
<pin_list>
<pin id="1649" dir="0" index="0" bw="6" slack="0"/>
<pin id="1650" dir="0" index="1" bw="19" slack="0"/>
<pin id="1651" dir="0" index="2" bw="4" slack="0"/>
<pin id="1652" dir="0" index="3" bw="5" slack="0"/>
<pin id="1653" dir="1" index="4" bw="6" slack="0"/>
</pin_list>
<bind>
<opcode="partselect(1002) " fcode="partselect"/>
<opset="trunc_ln46_69/1 "/>
</bind>
</comp>

<comp id="1658" class="1004" name="tmp_429_fu_1658">
<pin_list>
<pin id="1659" dir="0" index="0" bw="1" slack="0"/>
<pin id="1660" dir="0" index="1" bw="19" slack="0"/>
<pin id="1661" dir="0" index="2" bw="4" slack="0"/>
<pin id="1662" dir="1" index="3" bw="1" slack="0"/>
</pin_list>
<bind>
<opcode="bitselect(1000) " fcode="bitselect"/>
<opset="tmp_429/1 "/>
</bind>
</comp>

<comp id="1666" class="1004" name="trunc_ln46_133_fu_1666">
<pin_list>
<pin id="1667" dir="0" index="0" bw="19" slack="0"/>
<pin id="1668" dir="1" index="1" bw="4" slack="0"/>
</pin_list>
<bind>
<opcode="trunc(33) " fcode="trunc"/>
<opset="trunc_ln46_133/1 "/>
</bind>
</comp>

<comp id="1670" class="1004" name="icmp_ln46_143_fu_1670">
<pin_list>
<pin id="1671" dir="0" index="0" bw="4" slack="0"/>
<pin id="1672" dir="0" index="1" bw="1" slack="0"/>
<pin id="1673" dir="1" index="2" bw="1" slack="0"/>
</pin_list>
<bind>
<opcode="icmp(45) " fcode="icmp"/>
<opset="icmp_ln46_143/1 "/>
</bind>
</comp>

<comp id="1676" class="1004" name="tmp_430_fu_1676">
<pin_list>
<pin id="1677" dir="0" index="0" bw="1" slack="0"/>
<pin id="1678" dir="0" index="1" bw="19" slack="0"/>
<pin id="1679" dir="0" index="2" bw="5" slack="0"/>
<pin id="1680" dir="1" index="3" bw="1" slack="0"/>
</pin_list>
<bind>
<opcode="bitselect(1000) " fcode="bitselect"/>
<opset="tmp_430/1 "/>
</bind>
</comp>

<comp id="1684" class="1004" name="tmp_431_fu_1684">
<pin_list>
<pin id="1685" dir="0" index="0" bw="1" slack="0"/>
<pin id="1686" dir="0" index="1" bw="19" slack="0"/>
<pin id="1687" dir="0" index="2" bw="4" slack="0"/>
<pin id="1688" dir="1" index="3" bw="1" slack="0"/>
</pin_list>
<bind>
<opcode="bitselect(1000) " fcode="bitselect"/>
<opset="tmp_431/1 "/>
</bind>
</comp>

<comp id="1692" class="1004" name="or_ln46_215_fu_1692">
<pin_list>
<pin id="1693" dir="0" index="0" bw="1" slack="0"/>
<pin id="1694" dir="0" index="1" bw="1" slack="0"/>
<pin id="1695" dir="1" index="2" bw="1" slack="0"/>
</pin_list>
<bind>
<opcode="or(24) " fcode="or"/>
<opset="or_ln46_215/1 "/>
</bind>
</comp>

<comp id="1698" class="1004" name="and_ln46_141_fu_1698">
<pin_list>
<pin id="1699" dir="0" index="0" bw="1" slack="0"/>
<pin id="1700" dir="0" index="1" bw="1" slack="0"/>
<pin id="1701" dir="1" index="2" bw="1" slack="0"/>
</pin_list>
<bind>
<opcode="and(23) " fcode="and"/>
<opset="and_ln46_141/1 "/>
</bind>
</comp>

<comp id="1704" class="1004" name="zext_ln46_71_fu_1704">
<pin_list>
<pin id="1705" dir="0" index="0" bw="1" slack="0"/>
<pin id="1706" dir="1" index="1" bw="6" slack="0"/>
</pin_list>
<bind>
<opcode="zext(34) " fcode="zext"/>
<opset="zext_ln46_71/1 "/>
</bind>
</comp>

<comp id="1708" class="1004" name="add_ln46_71_fu_1708">
<pin_list>
<pin id="1709" dir="0" index="0" bw="6" slack="0"/>
<pin id="1710" dir="0" index="1" bw="1" slack="0"/>
<pin id="1711" dir="1" index="2" bw="6" slack="0"/>
</pin_list>
<bind>
<opcode="add(8) " fcode="add"/>
<opset="add_ln46_71/1 "/>
</bind>
</comp>

<comp id="1714" class="1004" name="tmp_432_fu_1714">
<pin_list>
<pin id="1715" dir="0" index="0" bw="8" slack="0"/>
<pin id="1716" dir="0" index="1" bw="19" slack="0"/>
<pin id="1717" dir="0" index="2" bw="5" slack="0"/>
<pin id="1718" dir="0" index="3" bw="6" slack="0"/>
<pin id="1719" dir="1" index="4" bw="8" slack="0"/>
</pin_list>
<bind>
<opcode="partselect(1002) " fcode="partselect"/>
<opset="tmp_432/1 "/>
</bind>
</comp>

<comp id="1724" class="1004" name="icmp_ln46_144_fu_1724">
<pin_list>
<pin id="1725" dir="0" index="0" bw="8" slack="0"/>
<pin id="1726" dir="0" index="1" bw="1" slack="0"/>
<pin id="1727" dir="1" index="2" bw="1" slack="0"/>
</pin_list>
<bind>
<opcode="icmp(45) " fcode="icmp"/>
<opset="icmp_ln46_144/1 "/>
</bind>
</comp>

<comp id="1730" class="1004" name="tmp_433_fu_1730">
<pin_list>
<pin id="1731" dir="0" index="0" bw="1" slack="0"/>
<pin id="1732" dir="0" index="1" bw="6" slack="0"/>
<pin id="1733" dir="0" index="2" bw="4" slack="0"/>
<pin id="1734" dir="1" index="3" bw="1" slack="0"/>
</pin_list>
<bind>
<opcode="bitselect(1000) " fcode="bitselect"/>
<opset="tmp_433/1 "/>
</bind>
</comp>

<comp id="1738" class="1004" name="not_tmp_505_fu_1738">
<pin_list>
<pin id="1739" dir="0" index="0" bw="1" slack="0"/>
<pin id="1740" dir="0" index="1" bw="1" slack="0"/>
<pin id="1741" dir="1" index="2" bw="1" slack="0"/>
</pin_list>
<bind>
<opcode="xor(25) " fcode="xor"/>
<opset="not_tmp_505/1 "/>
</bind>
</comp>

<comp id="1744" class="1004" name="and_ln46_144_fu_1744">
<pin_list>
<pin id="1745" dir="0" index="0" bw="1" slack="0"/>
<pin id="1746" dir="0" index="1" bw="1" slack="0"/>
<pin id="1747" dir="1" index="2" bw="1" slack="0"/>
</pin_list>
<bind>
<opcode="or(24) " fcode="or"/>
<opset="and_ln46_144/1 "/>
</bind>
</comp>

<comp id="1750" class="1004" name="empty_89_fu_1750">
<pin_list>
<pin id="1751" dir="0" index="0" bw="1" slack="0"/>
<pin id="1752" dir="0" index="1" bw="1" slack="0"/>
<pin id="1753" dir="1" index="2" bw="1" slack="0"/>
</pin_list>
<bind>
<opcode="and(23) " fcode="and"/>
<opset="empty_89/1 "/>
</bind>
</comp>

<comp id="1756" class="1004" name="or_ln46_216_fu_1756">
<pin_list>
<pin id="1757" dir="0" index="0" bw="1" slack="0"/>
<pin id="1758" dir="0" index="1" bw="1" slack="0"/>
<pin id="1759" dir="1" index="2" bw="1" slack="0"/>
</pin_list>
<bind>
<opcode="or(24) " fcode="or"/>
<opset="or_ln46_216/1 "/>
</bind>
</comp>

<comp id="1762" class="1004" name="xor_ln46_71_fu_1762">
<pin_list>
<pin id="1763" dir="0" index="0" bw="1" slack="0"/>
<pin id="1764" dir="0" index="1" bw="1" slack="0"/>
<pin id="1765" dir="1" index="2" bw="1" slack="0"/>
</pin_list>
<bind>
<opcode="xor(25) " fcode="xor"/>
<opset="xor_ln46_71/1 "/>
</bind>
</comp>

<comp id="1768" class="1004" name="or_ln46_217_fu_1768">
<pin_list>
<pin id="1769" dir="0" index="0" bw="1" slack="0"/>
<pin id="1770" dir="0" index="1" bw="1" slack="0"/>
<pin id="1771" dir="1" index="2" bw="1" slack="0"/>
</pin_list>
<bind>
<opcode="or(24) " fcode="or"/>
<opset="or_ln46_217/1 "/>
</bind>
</comp>

<comp id="1774" class="1004" name="select_ln46_215_fu_1774">
<pin_list>
<pin id="1775" dir="0" index="0" bw="1" slack="0"/>
<pin id="1776" dir="0" index="1" bw="1" slack="0"/>
<pin id="1777" dir="0" index="2" bw="6" slack="0"/>
<pin id="1778" dir="1" index="3" bw="6" slack="0"/>
</pin_list>
<bind>
<opcode="select(49) " fcode="select"/>
<opset="select_ln46_215/1 "/>
</bind>
</comp>

<comp id="1782" class="1004" name="select_ln46_216_fu_1782">
<pin_list>
<pin id="1783" dir="0" index="0" bw="1" slack="0"/>
<pin id="1784" dir="0" index="1" bw="6" slack="0"/>
<pin id="1785" dir="0" index="2" bw="1" slack="0"/>
<pin id="1786" dir="1" index="3" bw="6" slack="0"/>
</pin_list>
<bind>
<opcode="select(49) " fcode="select"/>
<opset="select_ln46_216/1 "/>
</bind>
</comp>

<comp id="1790" class="1004" name="select_ln46_217_fu_1790">
<pin_list>
<pin id="1791" dir="0" index="0" bw="1" slack="0"/>
<pin id="1792" dir="0" index="1" bw="6" slack="0"/>
<pin id="1793" dir="0" index="2" bw="6" slack="0"/>
<pin id="1794" dir="1" index="3" bw="6" slack="0"/>
</pin_list>
<bind>
<opcode="select(49) " fcode="select"/>
<opset="select_ln46_217/1 "/>
</bind>
</comp>

<comp id="1798" class="1004" name="res_9_0_fu_1798">
<pin_list>
<pin id="1799" dir="0" index="0" bw="1" slack="0"/>
<pin id="1800" dir="0" index="1" bw="6" slack="0"/>
<pin id="1801" dir="0" index="2" bw="1" slack="0"/>
<pin id="1802" dir="1" index="3" bw="6" slack="0"/>
</pin_list>
<bind>
<opcode="select(49) " fcode="select"/>
<opset="res_9_0/1 "/>
</bind>
</comp>

<comp id="1806" class="1004" name="icmp_ln45_72_fu_1806">
<pin_list>
<pin id="1807" dir="0" index="0" bw="19" slack="0"/>
<pin id="1808" dir="0" index="1" bw="1" slack="0"/>
<pin id="1809" dir="1" index="2" bw="1" slack="0"/>
</pin_list>
<bind>
<opcode="icmp(45) " fcode="icmp"/>
<opset="icmp_ln45_72/1 "/>
</bind>
</comp>

<comp id="1812" class="1004" name="tmp_434_fu_1812">
<pin_list>
<pin id="1813" dir="0" index="0" bw="1" slack="0"/>
<pin id="1814" dir="0" index="1" bw="19" slack="0"/>
<pin id="1815" dir="0" index="2" bw="6" slack="0"/>
<pin id="1816" dir="1" index="3" bw="1" slack="0"/>
</pin_list>
<bind>
<opcode="bitselect(1000) " fcode="bitselect"/>
<opset="tmp_434/1 "/>
</bind>
</comp>

<comp id="1820" class="1004" name="trunc_ln46_70_fu_1820">
<pin_list>
<pin id="1821" dir="0" index="0" bw="6" slack="0"/>
<pin id="1822" dir="0" index="1" bw="19" slack="0"/>
<pin id="1823" dir="0" index="2" bw="4" slack="0"/>
<pin id="1824" dir="0" index="3" bw="5" slack="0"/>
<pin id="1825" dir="1" index="4" bw="6" slack="0"/>
</pin_list>
<bind>
<opcode="partselect(1002) " fcode="partselect"/>
<opset="trunc_ln46_70/1 "/>
</bind>
</comp>

<comp id="1830" class="1004" name="tmp_435_fu_1830">
<pin_list>
<pin id="1831" dir="0" index="0" bw="1" slack="0"/>
<pin id="1832" dir="0" index="1" bw="19" slack="0"/>
<pin id="1833" dir="0" index="2" bw="4" slack="0"/>
<pin id="1834" dir="1" index="3" bw="1" slack="0"/>
</pin_list>
<bind>
<opcode="bitselect(1000) " fcode="bitselect"/>
<opset="tmp_435/1 "/>
</bind>
</comp>

<comp id="1838" class="1004" name="trunc_ln46_134_fu_1838">
<pin_list>
<pin id="1839" dir="0" index="0" bw="19" slack="0"/>
<pin id="1840" dir="1" index="1" bw="4" slack="0"/>
</pin_list>
<bind>
<opcode="trunc(33) " fcode="trunc"/>
<opset="trunc_ln46_134/1 "/>
</bind>
</comp>

<comp id="1842" class="1004" name="icmp_ln46_145_fu_1842">
<pin_list>
<pin id="1843" dir="0" index="0" bw="4" slack="0"/>
<pin id="1844" dir="0" index="1" bw="1" slack="0"/>
<pin id="1845" dir="1" index="2" bw="1" slack="0"/>
</pin_list>
<bind>
<opcode="icmp(45) " fcode="icmp"/>
<opset="icmp_ln46_145/1 "/>
</bind>
</comp>

<comp id="1848" class="1004" name="tmp_436_fu_1848">
<pin_list>
<pin id="1849" dir="0" index="0" bw="1" slack="0"/>
<pin id="1850" dir="0" index="1" bw="19" slack="0"/>
<pin id="1851" dir="0" index="2" bw="5" slack="0"/>
<pin id="1852" dir="1" index="3" bw="1" slack="0"/>
</pin_list>
<bind>
<opcode="bitselect(1000) " fcode="bitselect"/>
<opset="tmp_436/1 "/>
</bind>
</comp>

<comp id="1856" class="1004" name="tmp_437_fu_1856">
<pin_list>
<pin id="1857" dir="0" index="0" bw="1" slack="0"/>
<pin id="1858" dir="0" index="1" bw="19" slack="0"/>
<pin id="1859" dir="0" index="2" bw="4" slack="0"/>
<pin id="1860" dir="1" index="3" bw="1" slack="0"/>
</pin_list>
<bind>
<opcode="bitselect(1000) " fcode="bitselect"/>
<opset="tmp_437/1 "/>
</bind>
</comp>

<comp id="1864" class="1004" name="or_ln46_218_fu_1864">
<pin_list>
<pin id="1865" dir="0" index="0" bw="1" slack="0"/>
<pin id="1866" dir="0" index="1" bw="1" slack="0"/>
<pin id="1867" dir="1" index="2" bw="1" slack="0"/>
</pin_list>
<bind>
<opcode="or(24) " fcode="or"/>
<opset="or_ln46_218/1 "/>
</bind>
</comp>

<comp id="1870" class="1004" name="and_ln46_143_fu_1870">
<pin_list>
<pin id="1871" dir="0" index="0" bw="1" slack="0"/>
<pin id="1872" dir="0" index="1" bw="1" slack="0"/>
<pin id="1873" dir="1" index="2" bw="1" slack="0"/>
</pin_list>
<bind>
<opcode="and(23) " fcode="and"/>
<opset="and_ln46_143/1 "/>
</bind>
</comp>

<comp id="1876" class="1004" name="zext_ln46_72_fu_1876">
<pin_list>
<pin id="1877" dir="0" index="0" bw="1" slack="0"/>
<pin id="1878" dir="1" index="1" bw="6" slack="0"/>
</pin_list>
<bind>
<opcode="zext(34) " fcode="zext"/>
<opset="zext_ln46_72/1 "/>
</bind>
</comp>

<comp id="1880" class="1004" name="add_ln46_72_fu_1880">
<pin_list>
<pin id="1881" dir="0" index="0" bw="6" slack="0"/>
<pin id="1882" dir="0" index="1" bw="1" slack="0"/>
<pin id="1883" dir="1" index="2" bw="6" slack="0"/>
</pin_list>
<bind>
<opcode="add(8) " fcode="add"/>
<opset="add_ln46_72/1 "/>
</bind>
</comp>

<comp id="1886" class="1004" name="tmp_438_fu_1886">
<pin_list>
<pin id="1887" dir="0" index="0" bw="8" slack="0"/>
<pin id="1888" dir="0" index="1" bw="19" slack="0"/>
<pin id="1889" dir="0" index="2" bw="5" slack="0"/>
<pin id="1890" dir="0" index="3" bw="6" slack="0"/>
<pin id="1891" dir="1" index="4" bw="8" slack="0"/>
</pin_list>
<bind>
<opcode="partselect(1002) " fcode="partselect"/>
<opset="tmp_438/1 "/>
</bind>
</comp>

<comp id="1896" class="1004" name="icmp_ln46_146_fu_1896">
<pin_list>
<pin id="1897" dir="0" index="0" bw="8" slack="0"/>
<pin id="1898" dir="0" index="1" bw="1" slack="0"/>
<pin id="1899" dir="1" index="2" bw="1" slack="0"/>
</pin_list>
<bind>
<opcode="icmp(45) " fcode="icmp"/>
<opset="icmp_ln46_146/1 "/>
</bind>
</comp>

<comp id="1902" class="1004" name="tmp_439_fu_1902">
<pin_list>
<pin id="1903" dir="0" index="0" bw="1" slack="0"/>
<pin id="1904" dir="0" index="1" bw="6" slack="0"/>
<pin id="1905" dir="0" index="2" bw="4" slack="0"/>
<pin id="1906" dir="1" index="3" bw="1" slack="0"/>
</pin_list>
<bind>
<opcode="bitselect(1000) " fcode="bitselect"/>
<opset="tmp_439/1 "/>
</bind>
</comp>

<comp id="1910" class="1004" name="not_tmp_512_fu_1910">
<pin_list>
<pin id="1911" dir="0" index="0" bw="1" slack="0"/>
<pin id="1912" dir="0" index="1" bw="1" slack="0"/>
<pin id="1913" dir="1" index="2" bw="1" slack="0"/>
</pin_list>
<bind>
<opcode="xor(25) " fcode="xor"/>
<opset="not_tmp_512/1 "/>
</bind>
</comp>

<comp id="1916" class="1004" name="and_ln46_146_fu_1916">
<pin_list>
<pin id="1917" dir="0" index="0" bw="1" slack="0"/>
<pin id="1918" dir="0" index="1" bw="1" slack="0"/>
<pin id="1919" dir="1" index="2" bw="1" slack="0"/>
</pin_list>
<bind>
<opcode="or(24) " fcode="or"/>
<opset="and_ln46_146/1 "/>
</bind>
</comp>

<comp id="1922" class="1004" name="empty_90_fu_1922">
<pin_list>
<pin id="1923" dir="0" index="0" bw="1" slack="0"/>
<pin id="1924" dir="0" index="1" bw="1" slack="0"/>
<pin id="1925" dir="1" index="2" bw="1" slack="0"/>
</pin_list>
<bind>
<opcode="and(23) " fcode="and"/>
<opset="empty_90/1 "/>
</bind>
</comp>

<comp id="1928" class="1004" name="or_ln46_219_fu_1928">
<pin_list>
<pin id="1929" dir="0" index="0" bw="1" slack="0"/>
<pin id="1930" dir="0" index="1" bw="1" slack="0"/>
<pin id="1931" dir="1" index="2" bw="1" slack="0"/>
</pin_list>
<bind>
<opcode="or(24) " fcode="or"/>
<opset="or_ln46_219/1 "/>
</bind>
</comp>

<comp id="1934" class="1004" name="xor_ln46_72_fu_1934">
<pin_list>
<pin id="1935" dir="0" index="0" bw="1" slack="0"/>
<pin id="1936" dir="0" index="1" bw="1" slack="0"/>
<pin id="1937" dir="1" index="2" bw="1" slack="0"/>
</pin_list>
<bind>
<opcode="xor(25) " fcode="xor"/>
<opset="xor_ln46_72/1 "/>
</bind>
</comp>

<comp id="1940" class="1004" name="or_ln46_220_fu_1940">
<pin_list>
<pin id="1941" dir="0" index="0" bw="1" slack="0"/>
<pin id="1942" dir="0" index="1" bw="1" slack="0"/>
<pin id="1943" dir="1" index="2" bw="1" slack="0"/>
</pin_list>
<bind>
<opcode="or(24) " fcode="or"/>
<opset="or_ln46_220/1 "/>
</bind>
</comp>

<comp id="1946" class="1004" name="select_ln46_218_fu_1946">
<pin_list>
<pin id="1947" dir="0" index="0" bw="1" slack="0"/>
<pin id="1948" dir="0" index="1" bw="1" slack="0"/>
<pin id="1949" dir="0" index="2" bw="6" slack="0"/>
<pin id="1950" dir="1" index="3" bw="6" slack="0"/>
</pin_list>
<bind>
<opcode="select(49) " fcode="select"/>
<opset="select_ln46_218/1 "/>
</bind>
</comp>

<comp id="1954" class="1004" name="select_ln46_219_fu_1954">
<pin_list>
<pin id="1955" dir="0" index="0" bw="1" slack="0"/>
<pin id="1956" dir="0" index="1" bw="6" slack="0"/>
<pin id="1957" dir="0" index="2" bw="1" slack="0"/>
<pin id="1958" dir="1" index="3" bw="6" slack="0"/>
</pin_list>
<bind>
<opcode="select(49) " fcode="select"/>
<opset="select_ln46_219/1 "/>
</bind>
</comp>

<comp id="1962" class="1004" name="select_ln46_220_fu_1962">
<pin_list>
<pin id="1963" dir="0" index="0" bw="1" slack="0"/>
<pin id="1964" dir="0" index="1" bw="6" slack="0"/>
<pin id="1965" dir="0" index="2" bw="6" slack="0"/>
<pin id="1966" dir="1" index="3" bw="6" slack="0"/>
</pin_list>
<bind>
<opcode="select(49) " fcode="select"/>
<opset="select_ln46_220/1 "/>
</bind>
</comp>

<comp id="1970" class="1004" name="res_10_0_fu_1970">
<pin_list>
<pin id="1971" dir="0" index="0" bw="1" slack="0"/>
<pin id="1972" dir="0" index="1" bw="6" slack="0"/>
<pin id="1973" dir="0" index="2" bw="1" slack="0"/>
<pin id="1974" dir="1" index="3" bw="6" slack="0"/>
</pin_list>
<bind>
<opcode="select(49) " fcode="select"/>
<opset="res_10_0/1 "/>
</bind>
</comp>

<comp id="1978" class="1004" name="icmp_ln45_73_fu_1978">
<pin_list>
<pin id="1979" dir="0" index="0" bw="19" slack="0"/>
<pin id="1980" dir="0" index="1" bw="1" slack="0"/>
<pin id="1981" dir="1" index="2" bw="1" slack="0"/>
</pin_list>
<bind>
<opcode="icmp(45) " fcode="icmp"/>
<opset="icmp_ln45_73/1 "/>
</bind>
</comp>

<comp id="1984" class="1004" name="tmp_440_fu_1984">
<pin_list>
<pin id="1985" dir="0" index="0" bw="1" slack="0"/>
<pin id="1986" dir="0" index="1" bw="19" slack="0"/>
<pin id="1987" dir="0" index="2" bw="6" slack="0"/>
<pin id="1988" dir="1" index="3" bw="1" slack="0"/>
</pin_list>
<bind>
<opcode="bitselect(1000) " fcode="bitselect"/>
<opset="tmp_440/1 "/>
</bind>
</comp>

<comp id="1992" class="1004" name="trunc_ln46_71_fu_1992">
<pin_list>
<pin id="1993" dir="0" index="0" bw="6" slack="0"/>
<pin id="1994" dir="0" index="1" bw="19" slack="0"/>
<pin id="1995" dir="0" index="2" bw="4" slack="0"/>
<pin id="1996" dir="0" index="3" bw="5" slack="0"/>
<pin id="1997" dir="1" index="4" bw="6" slack="0"/>
</pin_list>
<bind>
<opcode="partselect(1002) " fcode="partselect"/>
<opset="trunc_ln46_71/1 "/>
</bind>
</comp>

<comp id="2002" class="1004" name="tmp_441_fu_2002">
<pin_list>
<pin id="2003" dir="0" index="0" bw="1" slack="0"/>
<pin id="2004" dir="0" index="1" bw="19" slack="0"/>
<pin id="2005" dir="0" index="2" bw="4" slack="0"/>
<pin id="2006" dir="1" index="3" bw="1" slack="0"/>
</pin_list>
<bind>
<opcode="bitselect(1000) " fcode="bitselect"/>
<opset="tmp_441/1 "/>
</bind>
</comp>

<comp id="2010" class="1004" name="trunc_ln46_135_fu_2010">
<pin_list>
<pin id="2011" dir="0" index="0" bw="19" slack="0"/>
<pin id="2012" dir="1" index="1" bw="4" slack="0"/>
</pin_list>
<bind>
<opcode="trunc(33) " fcode="trunc"/>
<opset="trunc_ln46_135/1 "/>
</bind>
</comp>

<comp id="2014" class="1004" name="icmp_ln46_147_fu_2014">
<pin_list>
<pin id="2015" dir="0" index="0" bw="4" slack="0"/>
<pin id="2016" dir="0" index="1" bw="1" slack="0"/>
<pin id="2017" dir="1" index="2" bw="1" slack="0"/>
</pin_list>
<bind>
<opcode="icmp(45) " fcode="icmp"/>
<opset="icmp_ln46_147/1 "/>
</bind>
</comp>

<comp id="2020" class="1004" name="tmp_442_fu_2020">
<pin_list>
<pin id="2021" dir="0" index="0" bw="1" slack="0"/>
<pin id="2022" dir="0" index="1" bw="19" slack="0"/>
<pin id="2023" dir="0" index="2" bw="5" slack="0"/>
<pin id="2024" dir="1" index="3" bw="1" slack="0"/>
</pin_list>
<bind>
<opcode="bitselect(1000) " fcode="bitselect"/>
<opset="tmp_442/1 "/>
</bind>
</comp>

<comp id="2028" class="1004" name="tmp_443_fu_2028">
<pin_list>
<pin id="2029" dir="0" index="0" bw="1" slack="0"/>
<pin id="2030" dir="0" index="1" bw="19" slack="0"/>
<pin id="2031" dir="0" index="2" bw="4" slack="0"/>
<pin id="2032" dir="1" index="3" bw="1" slack="0"/>
</pin_list>
<bind>
<opcode="bitselect(1000) " fcode="bitselect"/>
<opset="tmp_443/1 "/>
</bind>
</comp>

<comp id="2036" class="1004" name="or_ln46_221_fu_2036">
<pin_list>
<pin id="2037" dir="0" index="0" bw="1" slack="0"/>
<pin id="2038" dir="0" index="1" bw="1" slack="0"/>
<pin id="2039" dir="1" index="2" bw="1" slack="0"/>
</pin_list>
<bind>
<opcode="or(24) " fcode="or"/>
<opset="or_ln46_221/1 "/>
</bind>
</comp>

<comp id="2042" class="1004" name="and_ln46_145_fu_2042">
<pin_list>
<pin id="2043" dir="0" index="0" bw="1" slack="0"/>
<pin id="2044" dir="0" index="1" bw="1" slack="0"/>
<pin id="2045" dir="1" index="2" bw="1" slack="0"/>
</pin_list>
<bind>
<opcode="and(23) " fcode="and"/>
<opset="and_ln46_145/1 "/>
</bind>
</comp>

<comp id="2048" class="1004" name="zext_ln46_73_fu_2048">
<pin_list>
<pin id="2049" dir="0" index="0" bw="1" slack="0"/>
<pin id="2050" dir="1" index="1" bw="6" slack="0"/>
</pin_list>
<bind>
<opcode="zext(34) " fcode="zext"/>
<opset="zext_ln46_73/1 "/>
</bind>
</comp>

<comp id="2052" class="1004" name="add_ln46_73_fu_2052">
<pin_list>
<pin id="2053" dir="0" index="0" bw="6" slack="0"/>
<pin id="2054" dir="0" index="1" bw="1" slack="0"/>
<pin id="2055" dir="1" index="2" bw="6" slack="0"/>
</pin_list>
<bind>
<opcode="add(8) " fcode="add"/>
<opset="add_ln46_73/1 "/>
</bind>
</comp>

<comp id="2058" class="1004" name="tmp_444_fu_2058">
<pin_list>
<pin id="2059" dir="0" index="0" bw="8" slack="0"/>
<pin id="2060" dir="0" index="1" bw="19" slack="0"/>
<pin id="2061" dir="0" index="2" bw="5" slack="0"/>
<pin id="2062" dir="0" index="3" bw="6" slack="0"/>
<pin id="2063" dir="1" index="4" bw="8" slack="0"/>
</pin_list>
<bind>
<opcode="partselect(1002) " fcode="partselect"/>
<opset="tmp_444/1 "/>
</bind>
</comp>

<comp id="2068" class="1004" name="icmp_ln46_148_fu_2068">
<pin_list>
<pin id="2069" dir="0" index="0" bw="8" slack="0"/>
<pin id="2070" dir="0" index="1" bw="1" slack="0"/>
<pin id="2071" dir="1" index="2" bw="1" slack="0"/>
</pin_list>
<bind>
<opcode="icmp(45) " fcode="icmp"/>
<opset="icmp_ln46_148/1 "/>
</bind>
</comp>

<comp id="2074" class="1004" name="tmp_445_fu_2074">
<pin_list>
<pin id="2075" dir="0" index="0" bw="1" slack="0"/>
<pin id="2076" dir="0" index="1" bw="6" slack="0"/>
<pin id="2077" dir="0" index="2" bw="4" slack="0"/>
<pin id="2078" dir="1" index="3" bw="1" slack="0"/>
</pin_list>
<bind>
<opcode="bitselect(1000) " fcode="bitselect"/>
<opset="tmp_445/1 "/>
</bind>
</comp>

<comp id="2082" class="1004" name="not_tmp_519_fu_2082">
<pin_list>
<pin id="2083" dir="0" index="0" bw="1" slack="0"/>
<pin id="2084" dir="0" index="1" bw="1" slack="0"/>
<pin id="2085" dir="1" index="2" bw="1" slack="0"/>
</pin_list>
<bind>
<opcode="xor(25) " fcode="xor"/>
<opset="not_tmp_519/1 "/>
</bind>
</comp>

<comp id="2088" class="1004" name="and_ln46_148_fu_2088">
<pin_list>
<pin id="2089" dir="0" index="0" bw="1" slack="0"/>
<pin id="2090" dir="0" index="1" bw="1" slack="0"/>
<pin id="2091" dir="1" index="2" bw="1" slack="0"/>
</pin_list>
<bind>
<opcode="or(24) " fcode="or"/>
<opset="and_ln46_148/1 "/>
</bind>
</comp>

<comp id="2094" class="1004" name="empty_91_fu_2094">
<pin_list>
<pin id="2095" dir="0" index="0" bw="1" slack="0"/>
<pin id="2096" dir="0" index="1" bw="1" slack="0"/>
<pin id="2097" dir="1" index="2" bw="1" slack="0"/>
</pin_list>
<bind>
<opcode="and(23) " fcode="and"/>
<opset="empty_91/1 "/>
</bind>
</comp>

<comp id="2100" class="1004" name="or_ln46_222_fu_2100">
<pin_list>
<pin id="2101" dir="0" index="0" bw="1" slack="0"/>
<pin id="2102" dir="0" index="1" bw="1" slack="0"/>
<pin id="2103" dir="1" index="2" bw="1" slack="0"/>
</pin_list>
<bind>
<opcode="or(24) " fcode="or"/>
<opset="or_ln46_222/1 "/>
</bind>
</comp>

<comp id="2106" class="1004" name="xor_ln46_73_fu_2106">
<pin_list>
<pin id="2107" dir="0" index="0" bw="1" slack="0"/>
<pin id="2108" dir="0" index="1" bw="1" slack="0"/>
<pin id="2109" dir="1" index="2" bw="1" slack="0"/>
</pin_list>
<bind>
<opcode="xor(25) " fcode="xor"/>
<opset="xor_ln46_73/1 "/>
</bind>
</comp>

<comp id="2112" class="1004" name="or_ln46_223_fu_2112">
<pin_list>
<pin id="2113" dir="0" index="0" bw="1" slack="0"/>
<pin id="2114" dir="0" index="1" bw="1" slack="0"/>
<pin id="2115" dir="1" index="2" bw="1" slack="0"/>
</pin_list>
<bind>
<opcode="or(24) " fcode="or"/>
<opset="or_ln46_223/1 "/>
</bind>
</comp>

<comp id="2118" class="1004" name="select_ln46_221_fu_2118">
<pin_list>
<pin id="2119" dir="0" index="0" bw="1" slack="0"/>
<pin id="2120" dir="0" index="1" bw="1" slack="0"/>
<pin id="2121" dir="0" index="2" bw="6" slack="0"/>
<pin id="2122" dir="1" index="3" bw="6" slack="0"/>
</pin_list>
<bind>
<opcode="select(49) " fcode="select"/>
<opset="select_ln46_221/1 "/>
</bind>
</comp>

<comp id="2126" class="1004" name="select_ln46_222_fu_2126">
<pin_list>
<pin id="2127" dir="0" index="0" bw="1" slack="0"/>
<pin id="2128" dir="0" index="1" bw="6" slack="0"/>
<pin id="2129" dir="0" index="2" bw="1" slack="0"/>
<pin id="2130" dir="1" index="3" bw="6" slack="0"/>
</pin_list>
<bind>
<opcode="select(49) " fcode="select"/>
<opset="select_ln46_222/1 "/>
</bind>
</comp>

<comp id="2134" class="1004" name="select_ln46_223_fu_2134">
<pin_list>
<pin id="2135" dir="0" index="0" bw="1" slack="0"/>
<pin id="2136" dir="0" index="1" bw="6" slack="0"/>
<pin id="2137" dir="0" index="2" bw="6" slack="0"/>
<pin id="2138" dir="1" index="3" bw="6" slack="0"/>
</pin_list>
<bind>
<opcode="select(49) " fcode="select"/>
<opset="select_ln46_223/1 "/>
</bind>
</comp>

<comp id="2142" class="1004" name="res_11_0_fu_2142">
<pin_list>
<pin id="2143" dir="0" index="0" bw="1" slack="0"/>
<pin id="2144" dir="0" index="1" bw="6" slack="0"/>
<pin id="2145" dir="0" index="2" bw="1" slack="0"/>
<pin id="2146" dir="1" index="3" bw="6" slack="0"/>
</pin_list>
<bind>
<opcode="select(49) " fcode="select"/>
<opset="res_11_0/1 "/>
</bind>
</comp>

<comp id="2150" class="1004" name="icmp_ln45_74_fu_2150">
<pin_list>
<pin id="2151" dir="0" index="0" bw="19" slack="0"/>
<pin id="2152" dir="0" index="1" bw="1" slack="0"/>
<pin id="2153" dir="1" index="2" bw="1" slack="0"/>
</pin_list>
<bind>
<opcode="icmp(45) " fcode="icmp"/>
<opset="icmp_ln45_74/1 "/>
</bind>
</comp>

<comp id="2156" class="1004" name="tmp_446_fu_2156">
<pin_list>
<pin id="2157" dir="0" index="0" bw="1" slack="0"/>
<pin id="2158" dir="0" index="1" bw="19" slack="0"/>
<pin id="2159" dir="0" index="2" bw="6" slack="0"/>
<pin id="2160" dir="1" index="3" bw="1" slack="0"/>
</pin_list>
<bind>
<opcode="bitselect(1000) " fcode="bitselect"/>
<opset="tmp_446/1 "/>
</bind>
</comp>

<comp id="2164" class="1004" name="trunc_ln46_72_fu_2164">
<pin_list>
<pin id="2165" dir="0" index="0" bw="6" slack="0"/>
<pin id="2166" dir="0" index="1" bw="19" slack="0"/>
<pin id="2167" dir="0" index="2" bw="4" slack="0"/>
<pin id="2168" dir="0" index="3" bw="5" slack="0"/>
<pin id="2169" dir="1" index="4" bw="6" slack="0"/>
</pin_list>
<bind>
<opcode="partselect(1002) " fcode="partselect"/>
<opset="trunc_ln46_72/1 "/>
</bind>
</comp>

<comp id="2174" class="1004" name="tmp_447_fu_2174">
<pin_list>
<pin id="2175" dir="0" index="0" bw="1" slack="0"/>
<pin id="2176" dir="0" index="1" bw="19" slack="0"/>
<pin id="2177" dir="0" index="2" bw="4" slack="0"/>
<pin id="2178" dir="1" index="3" bw="1" slack="0"/>
</pin_list>
<bind>
<opcode="bitselect(1000) " fcode="bitselect"/>
<opset="tmp_447/1 "/>
</bind>
</comp>

<comp id="2182" class="1004" name="trunc_ln46_136_fu_2182">
<pin_list>
<pin id="2183" dir="0" index="0" bw="19" slack="0"/>
<pin id="2184" dir="1" index="1" bw="4" slack="0"/>
</pin_list>
<bind>
<opcode="trunc(33) " fcode="trunc"/>
<opset="trunc_ln46_136/1 "/>
</bind>
</comp>

<comp id="2186" class="1004" name="icmp_ln46_149_fu_2186">
<pin_list>
<pin id="2187" dir="0" index="0" bw="4" slack="0"/>
<pin id="2188" dir="0" index="1" bw="1" slack="0"/>
<pin id="2189" dir="1" index="2" bw="1" slack="0"/>
</pin_list>
<bind>
<opcode="icmp(45) " fcode="icmp"/>
<opset="icmp_ln46_149/1 "/>
</bind>
</comp>

<comp id="2192" class="1004" name="tmp_448_fu_2192">
<pin_list>
<pin id="2193" dir="0" index="0" bw="1" slack="0"/>
<pin id="2194" dir="0" index="1" bw="19" slack="0"/>
<pin id="2195" dir="0" index="2" bw="5" slack="0"/>
<pin id="2196" dir="1" index="3" bw="1" slack="0"/>
</pin_list>
<bind>
<opcode="bitselect(1000) " fcode="bitselect"/>
<opset="tmp_448/1 "/>
</bind>
</comp>

<comp id="2200" class="1004" name="tmp_449_fu_2200">
<pin_list>
<pin id="2201" dir="0" index="0" bw="1" slack="0"/>
<pin id="2202" dir="0" index="1" bw="19" slack="0"/>
<pin id="2203" dir="0" index="2" bw="4" slack="0"/>
<pin id="2204" dir="1" index="3" bw="1" slack="0"/>
</pin_list>
<bind>
<opcode="bitselect(1000) " fcode="bitselect"/>
<opset="tmp_449/1 "/>
</bind>
</comp>

<comp id="2208" class="1004" name="or_ln46_224_fu_2208">
<pin_list>
<pin id="2209" dir="0" index="0" bw="1" slack="0"/>
<pin id="2210" dir="0" index="1" bw="1" slack="0"/>
<pin id="2211" dir="1" index="2" bw="1" slack="0"/>
</pin_list>
<bind>
<opcode="or(24) " fcode="or"/>
<opset="or_ln46_224/1 "/>
</bind>
</comp>

<comp id="2214" class="1004" name="and_ln46_147_fu_2214">
<pin_list>
<pin id="2215" dir="0" index="0" bw="1" slack="0"/>
<pin id="2216" dir="0" index="1" bw="1" slack="0"/>
<pin id="2217" dir="1" index="2" bw="1" slack="0"/>
</pin_list>
<bind>
<opcode="and(23) " fcode="and"/>
<opset="and_ln46_147/1 "/>
</bind>
</comp>

<comp id="2220" class="1004" name="zext_ln46_74_fu_2220">
<pin_list>
<pin id="2221" dir="0" index="0" bw="1" slack="0"/>
<pin id="2222" dir="1" index="1" bw="6" slack="0"/>
</pin_list>
<bind>
<opcode="zext(34) " fcode="zext"/>
<opset="zext_ln46_74/1 "/>
</bind>
</comp>

<comp id="2224" class="1004" name="add_ln46_74_fu_2224">
<pin_list>
<pin id="2225" dir="0" index="0" bw="6" slack="0"/>
<pin id="2226" dir="0" index="1" bw="1" slack="0"/>
<pin id="2227" dir="1" index="2" bw="6" slack="0"/>
</pin_list>
<bind>
<opcode="add(8) " fcode="add"/>
<opset="add_ln46_74/1 "/>
</bind>
</comp>

<comp id="2230" class="1004" name="tmp_450_fu_2230">
<pin_list>
<pin id="2231" dir="0" index="0" bw="8" slack="0"/>
<pin id="2232" dir="0" index="1" bw="19" slack="0"/>
<pin id="2233" dir="0" index="2" bw="5" slack="0"/>
<pin id="2234" dir="0" index="3" bw="6" slack="0"/>
<pin id="2235" dir="1" index="4" bw="8" slack="0"/>
</pin_list>
<bind>
<opcode="partselect(1002) " fcode="partselect"/>
<opset="tmp_450/1 "/>
</bind>
</comp>

<comp id="2240" class="1004" name="icmp_ln46_150_fu_2240">
<pin_list>
<pin id="2241" dir="0" index="0" bw="8" slack="0"/>
<pin id="2242" dir="0" index="1" bw="1" slack="0"/>
<pin id="2243" dir="1" index="2" bw="1" slack="0"/>
</pin_list>
<bind>
<opcode="icmp(45) " fcode="icmp"/>
<opset="icmp_ln46_150/1 "/>
</bind>
</comp>

<comp id="2246" class="1004" name="tmp_451_fu_2246">
<pin_list>
<pin id="2247" dir="0" index="0" bw="1" slack="0"/>
<pin id="2248" dir="0" index="1" bw="6" slack="0"/>
<pin id="2249" dir="0" index="2" bw="4" slack="0"/>
<pin id="2250" dir="1" index="3" bw="1" slack="0"/>
</pin_list>
<bind>
<opcode="bitselect(1000) " fcode="bitselect"/>
<opset="tmp_451/1 "/>
</bind>
</comp>

<comp id="2254" class="1004" name="not_tmp_526_fu_2254">
<pin_list>
<pin id="2255" dir="0" index="0" bw="1" slack="0"/>
<pin id="2256" dir="0" index="1" bw="1" slack="0"/>
<pin id="2257" dir="1" index="2" bw="1" slack="0"/>
</pin_list>
<bind>
<opcode="xor(25) " fcode="xor"/>
<opset="not_tmp_526/1 "/>
</bind>
</comp>

<comp id="2260" class="1004" name="and_ln46_150_fu_2260">
<pin_list>
<pin id="2261" dir="0" index="0" bw="1" slack="0"/>
<pin id="2262" dir="0" index="1" bw="1" slack="0"/>
<pin id="2263" dir="1" index="2" bw="1" slack="0"/>
</pin_list>
<bind>
<opcode="or(24) " fcode="or"/>
<opset="and_ln46_150/1 "/>
</bind>
</comp>

<comp id="2266" class="1004" name="empty_92_fu_2266">
<pin_list>
<pin id="2267" dir="0" index="0" bw="1" slack="0"/>
<pin id="2268" dir="0" index="1" bw="1" slack="0"/>
<pin id="2269" dir="1" index="2" bw="1" slack="0"/>
</pin_list>
<bind>
<opcode="and(23) " fcode="and"/>
<opset="empty_92/1 "/>
</bind>
</comp>

<comp id="2272" class="1004" name="or_ln46_225_fu_2272">
<pin_list>
<pin id="2273" dir="0" index="0" bw="1" slack="0"/>
<pin id="2274" dir="0" index="1" bw="1" slack="0"/>
<pin id="2275" dir="1" index="2" bw="1" slack="0"/>
</pin_list>
<bind>
<opcode="or(24) " fcode="or"/>
<opset="or_ln46_225/1 "/>
</bind>
</comp>

<comp id="2278" class="1004" name="xor_ln46_74_fu_2278">
<pin_list>
<pin id="2279" dir="0" index="0" bw="1" slack="0"/>
<pin id="2280" dir="0" index="1" bw="1" slack="0"/>
<pin id="2281" dir="1" index="2" bw="1" slack="0"/>
</pin_list>
<bind>
<opcode="xor(25) " fcode="xor"/>
<opset="xor_ln46_74/1 "/>
</bind>
</comp>

<comp id="2284" class="1004" name="or_ln46_226_fu_2284">
<pin_list>
<pin id="2285" dir="0" index="0" bw="1" slack="0"/>
<pin id="2286" dir="0" index="1" bw="1" slack="0"/>
<pin id="2287" dir="1" index="2" bw="1" slack="0"/>
</pin_list>
<bind>
<opcode="or(24) " fcode="or"/>
<opset="or_ln46_226/1 "/>
</bind>
</comp>

<comp id="2290" class="1004" name="select_ln46_224_fu_2290">
<pin_list>
<pin id="2291" dir="0" index="0" bw="1" slack="0"/>
<pin id="2292" dir="0" index="1" bw="1" slack="0"/>
<pin id="2293" dir="0" index="2" bw="6" slack="0"/>
<pin id="2294" dir="1" index="3" bw="6" slack="0"/>
</pin_list>
<bind>
<opcode="select(49) " fcode="select"/>
<opset="select_ln46_224/1 "/>
</bind>
</comp>

<comp id="2298" class="1004" name="select_ln46_225_fu_2298">
<pin_list>
<pin id="2299" dir="0" index="0" bw="1" slack="0"/>
<pin id="2300" dir="0" index="1" bw="6" slack="0"/>
<pin id="2301" dir="0" index="2" bw="1" slack="0"/>
<pin id="2302" dir="1" index="3" bw="6" slack="0"/>
</pin_list>
<bind>
<opcode="select(49) " fcode="select"/>
<opset="select_ln46_225/1 "/>
</bind>
</comp>

<comp id="2306" class="1004" name="select_ln46_226_fu_2306">
<pin_list>
<pin id="2307" dir="0" index="0" bw="1" slack="0"/>
<pin id="2308" dir="0" index="1" bw="6" slack="0"/>
<pin id="2309" dir="0" index="2" bw="6" slack="0"/>
<pin id="2310" dir="1" index="3" bw="6" slack="0"/>
</pin_list>
<bind>
<opcode="select(49) " fcode="select"/>
<opset="select_ln46_226/1 "/>
</bind>
</comp>

<comp id="2314" class="1004" name="res_13_0_fu_2314">
<pin_list>
<pin id="2315" dir="0" index="0" bw="1" slack="0"/>
<pin id="2316" dir="0" index="1" bw="6" slack="0"/>
<pin id="2317" dir="0" index="2" bw="1" slack="0"/>
<pin id="2318" dir="1" index="3" bw="6" slack="0"/>
</pin_list>
<bind>
<opcode="select(49) " fcode="select"/>
<opset="res_13_0/1 "/>
</bind>
</comp>

<comp id="2322" class="1004" name="icmp_ln45_75_fu_2322">
<pin_list>
<pin id="2323" dir="0" index="0" bw="19" slack="0"/>
<pin id="2324" dir="0" index="1" bw="1" slack="0"/>
<pin id="2325" dir="1" index="2" bw="1" slack="0"/>
</pin_list>
<bind>
<opcode="icmp(45) " fcode="icmp"/>
<opset="icmp_ln45_75/1 "/>
</bind>
</comp>

<comp id="2328" class="1004" name="tmp_452_fu_2328">
<pin_list>
<pin id="2329" dir="0" index="0" bw="1" slack="0"/>
<pin id="2330" dir="0" index="1" bw="19" slack="0"/>
<pin id="2331" dir="0" index="2" bw="6" slack="0"/>
<pin id="2332" dir="1" index="3" bw="1" slack="0"/>
</pin_list>
<bind>
<opcode="bitselect(1000) " fcode="bitselect"/>
<opset="tmp_452/1 "/>
</bind>
</comp>

<comp id="2336" class="1004" name="trunc_ln46_73_fu_2336">
<pin_list>
<pin id="2337" dir="0" index="0" bw="6" slack="0"/>
<pin id="2338" dir="0" index="1" bw="19" slack="0"/>
<pin id="2339" dir="0" index="2" bw="4" slack="0"/>
<pin id="2340" dir="0" index="3" bw="5" slack="0"/>
<pin id="2341" dir="1" index="4" bw="6" slack="0"/>
</pin_list>
<bind>
<opcode="partselect(1002) " fcode="partselect"/>
<opset="trunc_ln46_73/1 "/>
</bind>
</comp>

<comp id="2346" class="1004" name="tmp_453_fu_2346">
<pin_list>
<pin id="2347" dir="0" index="0" bw="1" slack="0"/>
<pin id="2348" dir="0" index="1" bw="19" slack="0"/>
<pin id="2349" dir="0" index="2" bw="4" slack="0"/>
<pin id="2350" dir="1" index="3" bw="1" slack="0"/>
</pin_list>
<bind>
<opcode="bitselect(1000) " fcode="bitselect"/>
<opset="tmp_453/1 "/>
</bind>
</comp>

<comp id="2354" class="1004" name="trunc_ln46_137_fu_2354">
<pin_list>
<pin id="2355" dir="0" index="0" bw="19" slack="0"/>
<pin id="2356" dir="1" index="1" bw="4" slack="0"/>
</pin_list>
<bind>
<opcode="trunc(33) " fcode="trunc"/>
<opset="trunc_ln46_137/1 "/>
</bind>
</comp>

<comp id="2358" class="1004" name="icmp_ln46_151_fu_2358">
<pin_list>
<pin id="2359" dir="0" index="0" bw="4" slack="0"/>
<pin id="2360" dir="0" index="1" bw="1" slack="0"/>
<pin id="2361" dir="1" index="2" bw="1" slack="0"/>
</pin_list>
<bind>
<opcode="icmp(45) " fcode="icmp"/>
<opset="icmp_ln46_151/1 "/>
</bind>
</comp>

<comp id="2364" class="1004" name="tmp_454_fu_2364">
<pin_list>
<pin id="2365" dir="0" index="0" bw="1" slack="0"/>
<pin id="2366" dir="0" index="1" bw="19" slack="0"/>
<pin id="2367" dir="0" index="2" bw="5" slack="0"/>
<pin id="2368" dir="1" index="3" bw="1" slack="0"/>
</pin_list>
<bind>
<opcode="bitselect(1000) " fcode="bitselect"/>
<opset="tmp_454/1 "/>
</bind>
</comp>

<comp id="2372" class="1004" name="tmp_455_fu_2372">
<pin_list>
<pin id="2373" dir="0" index="0" bw="1" slack="0"/>
<pin id="2374" dir="0" index="1" bw="19" slack="0"/>
<pin id="2375" dir="0" index="2" bw="4" slack="0"/>
<pin id="2376" dir="1" index="3" bw="1" slack="0"/>
</pin_list>
<bind>
<opcode="bitselect(1000) " fcode="bitselect"/>
<opset="tmp_455/1 "/>
</bind>
</comp>

<comp id="2380" class="1004" name="or_ln46_227_fu_2380">
<pin_list>
<pin id="2381" dir="0" index="0" bw="1" slack="0"/>
<pin id="2382" dir="0" index="1" bw="1" slack="0"/>
<pin id="2383" dir="1" index="2" bw="1" slack="0"/>
</pin_list>
<bind>
<opcode="or(24) " fcode="or"/>
<opset="or_ln46_227/1 "/>
</bind>
</comp>

<comp id="2386" class="1004" name="and_ln46_149_fu_2386">
<pin_list>
<pin id="2387" dir="0" index="0" bw="1" slack="0"/>
<pin id="2388" dir="0" index="1" bw="1" slack="0"/>
<pin id="2389" dir="1" index="2" bw="1" slack="0"/>
</pin_list>
<bind>
<opcode="and(23) " fcode="and"/>
<opset="and_ln46_149/1 "/>
</bind>
</comp>

<comp id="2392" class="1004" name="zext_ln46_75_fu_2392">
<pin_list>
<pin id="2393" dir="0" index="0" bw="1" slack="0"/>
<pin id="2394" dir="1" index="1" bw="6" slack="0"/>
</pin_list>
<bind>
<opcode="zext(34) " fcode="zext"/>
<opset="zext_ln46_75/1 "/>
</bind>
</comp>

<comp id="2396" class="1004" name="add_ln46_75_fu_2396">
<pin_list>
<pin id="2397" dir="0" index="0" bw="6" slack="0"/>
<pin id="2398" dir="0" index="1" bw="1" slack="0"/>
<pin id="2399" dir="1" index="2" bw="6" slack="0"/>
</pin_list>
<bind>
<opcode="add(8) " fcode="add"/>
<opset="add_ln46_75/1 "/>
</bind>
</comp>

<comp id="2402" class="1004" name="tmp_456_fu_2402">
<pin_list>
<pin id="2403" dir="0" index="0" bw="8" slack="0"/>
<pin id="2404" dir="0" index="1" bw="19" slack="0"/>
<pin id="2405" dir="0" index="2" bw="5" slack="0"/>
<pin id="2406" dir="0" index="3" bw="6" slack="0"/>
<pin id="2407" dir="1" index="4" bw="8" slack="0"/>
</pin_list>
<bind>
<opcode="partselect(1002) " fcode="partselect"/>
<opset="tmp_456/1 "/>
</bind>
</comp>

<comp id="2412" class="1004" name="icmp_ln46_152_fu_2412">
<pin_list>
<pin id="2413" dir="0" index="0" bw="8" slack="0"/>
<pin id="2414" dir="0" index="1" bw="1" slack="0"/>
<pin id="2415" dir="1" index="2" bw="1" slack="0"/>
</pin_list>
<bind>
<opcode="icmp(45) " fcode="icmp"/>
<opset="icmp_ln46_152/1 "/>
</bind>
</comp>

<comp id="2418" class="1004" name="tmp_457_fu_2418">
<pin_list>
<pin id="2419" dir="0" index="0" bw="1" slack="0"/>
<pin id="2420" dir="0" index="1" bw="6" slack="0"/>
<pin id="2421" dir="0" index="2" bw="4" slack="0"/>
<pin id="2422" dir="1" index="3" bw="1" slack="0"/>
</pin_list>
<bind>
<opcode="bitselect(1000) " fcode="bitselect"/>
<opset="tmp_457/1 "/>
</bind>
</comp>

<comp id="2426" class="1004" name="not_tmp_533_fu_2426">
<pin_list>
<pin id="2427" dir="0" index="0" bw="1" slack="0"/>
<pin id="2428" dir="0" index="1" bw="1" slack="0"/>
<pin id="2429" dir="1" index="2" bw="1" slack="0"/>
</pin_list>
<bind>
<opcode="xor(25) " fcode="xor"/>
<opset="not_tmp_533/1 "/>
</bind>
</comp>

<comp id="2432" class="1004" name="and_ln46_152_fu_2432">
<pin_list>
<pin id="2433" dir="0" index="0" bw="1" slack="0"/>
<pin id="2434" dir="0" index="1" bw="1" slack="0"/>
<pin id="2435" dir="1" index="2" bw="1" slack="0"/>
</pin_list>
<bind>
<opcode="or(24) " fcode="or"/>
<opset="and_ln46_152/1 "/>
</bind>
</comp>

<comp id="2438" class="1004" name="empty_93_fu_2438">
<pin_list>
<pin id="2439" dir="0" index="0" bw="1" slack="0"/>
<pin id="2440" dir="0" index="1" bw="1" slack="0"/>
<pin id="2441" dir="1" index="2" bw="1" slack="0"/>
</pin_list>
<bind>
<opcode="and(23) " fcode="and"/>
<opset="empty_93/1 "/>
</bind>
</comp>

<comp id="2444" class="1004" name="or_ln46_228_fu_2444">
<pin_list>
<pin id="2445" dir="0" index="0" bw="1" slack="0"/>
<pin id="2446" dir="0" index="1" bw="1" slack="0"/>
<pin id="2447" dir="1" index="2" bw="1" slack="0"/>
</pin_list>
<bind>
<opcode="or(24) " fcode="or"/>
<opset="or_ln46_228/1 "/>
</bind>
</comp>

<comp id="2450" class="1004" name="xor_ln46_75_fu_2450">
<pin_list>
<pin id="2451" dir="0" index="0" bw="1" slack="0"/>
<pin id="2452" dir="0" index="1" bw="1" slack="0"/>
<pin id="2453" dir="1" index="2" bw="1" slack="0"/>
</pin_list>
<bind>
<opcode="xor(25) " fcode="xor"/>
<opset="xor_ln46_75/1 "/>
</bind>
</comp>

<comp id="2456" class="1004" name="or_ln46_229_fu_2456">
<pin_list>
<pin id="2457" dir="0" index="0" bw="1" slack="0"/>
<pin id="2458" dir="0" index="1" bw="1" slack="0"/>
<pin id="2459" dir="1" index="2" bw="1" slack="0"/>
</pin_list>
<bind>
<opcode="or(24) " fcode="or"/>
<opset="or_ln46_229/1 "/>
</bind>
</comp>

<comp id="2462" class="1004" name="select_ln46_227_fu_2462">
<pin_list>
<pin id="2463" dir="0" index="0" bw="1" slack="0"/>
<pin id="2464" dir="0" index="1" bw="1" slack="0"/>
<pin id="2465" dir="0" index="2" bw="6" slack="0"/>
<pin id="2466" dir="1" index="3" bw="6" slack="0"/>
</pin_list>
<bind>
<opcode="select(49) " fcode="select"/>
<opset="select_ln46_227/1 "/>
</bind>
</comp>

<comp id="2470" class="1004" name="select_ln46_228_fu_2470">
<pin_list>
<pin id="2471" dir="0" index="0" bw="1" slack="0"/>
<pin id="2472" dir="0" index="1" bw="6" slack="0"/>
<pin id="2473" dir="0" index="2" bw="1" slack="0"/>
<pin id="2474" dir="1" index="3" bw="6" slack="0"/>
</pin_list>
<bind>
<opcode="select(49) " fcode="select"/>
<opset="select_ln46_228/1 "/>
</bind>
</comp>

<comp id="2478" class="1004" name="select_ln46_229_fu_2478">
<pin_list>
<pin id="2479" dir="0" index="0" bw="1" slack="0"/>
<pin id="2480" dir="0" index="1" bw="6" slack="0"/>
<pin id="2481" dir="0" index="2" bw="6" slack="0"/>
<pin id="2482" dir="1" index="3" bw="6" slack="0"/>
</pin_list>
<bind>
<opcode="select(49) " fcode="select"/>
<opset="select_ln46_229/1 "/>
</bind>
</comp>

<comp id="2486" class="1004" name="res_15_0_fu_2486">
<pin_list>
<pin id="2487" dir="0" index="0" bw="1" slack="0"/>
<pin id="2488" dir="0" index="1" bw="6" slack="0"/>
<pin id="2489" dir="0" index="2" bw="1" slack="0"/>
<pin id="2490" dir="1" index="3" bw="6" slack="0"/>
</pin_list>
<bind>
<opcode="select(49) " fcode="select"/>
<opset="res_15_0/1 "/>
</bind>
</comp>

<comp id="2494" class="1004" name="icmp_ln45_76_fu_2494">
<pin_list>
<pin id="2495" dir="0" index="0" bw="19" slack="0"/>
<pin id="2496" dir="0" index="1" bw="1" slack="0"/>
<pin id="2497" dir="1" index="2" bw="1" slack="0"/>
</pin_list>
<bind>
<opcode="icmp(45) " fcode="icmp"/>
<opset="icmp_ln45_76/1 "/>
</bind>
</comp>

<comp id="2500" class="1004" name="tmp_458_fu_2500">
<pin_list>
<pin id="2501" dir="0" index="0" bw="1" slack="0"/>
<pin id="2502" dir="0" index="1" bw="19" slack="0"/>
<pin id="2503" dir="0" index="2" bw="6" slack="0"/>
<pin id="2504" dir="1" index="3" bw="1" slack="0"/>
</pin_list>
<bind>
<opcode="bitselect(1000) " fcode="bitselect"/>
<opset="tmp_458/1 "/>
</bind>
</comp>

<comp id="2508" class="1004" name="trunc_ln46_74_fu_2508">
<pin_list>
<pin id="2509" dir="0" index="0" bw="6" slack="0"/>
<pin id="2510" dir="0" index="1" bw="19" slack="0"/>
<pin id="2511" dir="0" index="2" bw="4" slack="0"/>
<pin id="2512" dir="0" index="3" bw="5" slack="0"/>
<pin id="2513" dir="1" index="4" bw="6" slack="0"/>
</pin_list>
<bind>
<opcode="partselect(1002) " fcode="partselect"/>
<opset="trunc_ln46_74/1 "/>
</bind>
</comp>

<comp id="2518" class="1004" name="tmp_459_fu_2518">
<pin_list>
<pin id="2519" dir="0" index="0" bw="1" slack="0"/>
<pin id="2520" dir="0" index="1" bw="19" slack="0"/>
<pin id="2521" dir="0" index="2" bw="4" slack="0"/>
<pin id="2522" dir="1" index="3" bw="1" slack="0"/>
</pin_list>
<bind>
<opcode="bitselect(1000) " fcode="bitselect"/>
<opset="tmp_459/1 "/>
</bind>
</comp>

<comp id="2526" class="1004" name="trunc_ln46_138_fu_2526">
<pin_list>
<pin id="2527" dir="0" index="0" bw="19" slack="0"/>
<pin id="2528" dir="1" index="1" bw="4" slack="0"/>
</pin_list>
<bind>
<opcode="trunc(33) " fcode="trunc"/>
<opset="trunc_ln46_138/1 "/>
</bind>
</comp>

<comp id="2530" class="1004" name="icmp_ln46_153_fu_2530">
<pin_list>
<pin id="2531" dir="0" index="0" bw="4" slack="0"/>
<pin id="2532" dir="0" index="1" bw="1" slack="0"/>
<pin id="2533" dir="1" index="2" bw="1" slack="0"/>
</pin_list>
<bind>
<opcode="icmp(45) " fcode="icmp"/>
<opset="icmp_ln46_153/1 "/>
</bind>
</comp>

<comp id="2536" class="1004" name="tmp_460_fu_2536">
<pin_list>
<pin id="2537" dir="0" index="0" bw="1" slack="0"/>
<pin id="2538" dir="0" index="1" bw="19" slack="0"/>
<pin id="2539" dir="0" index="2" bw="5" slack="0"/>
<pin id="2540" dir="1" index="3" bw="1" slack="0"/>
</pin_list>
<bind>
<opcode="bitselect(1000) " fcode="bitselect"/>
<opset="tmp_460/1 "/>
</bind>
</comp>

<comp id="2544" class="1004" name="tmp_461_fu_2544">
<pin_list>
<pin id="2545" dir="0" index="0" bw="1" slack="0"/>
<pin id="2546" dir="0" index="1" bw="19" slack="0"/>
<pin id="2547" dir="0" index="2" bw="4" slack="0"/>
<pin id="2548" dir="1" index="3" bw="1" slack="0"/>
</pin_list>
<bind>
<opcode="bitselect(1000) " fcode="bitselect"/>
<opset="tmp_461/1 "/>
</bind>
</comp>

<comp id="2552" class="1004" name="or_ln46_230_fu_2552">
<pin_list>
<pin id="2553" dir="0" index="0" bw="1" slack="0"/>
<pin id="2554" dir="0" index="1" bw="1" slack="0"/>
<pin id="2555" dir="1" index="2" bw="1" slack="0"/>
</pin_list>
<bind>
<opcode="or(24) " fcode="or"/>
<opset="or_ln46_230/1 "/>
</bind>
</comp>

<comp id="2558" class="1004" name="and_ln46_151_fu_2558">
<pin_list>
<pin id="2559" dir="0" index="0" bw="1" slack="0"/>
<pin id="2560" dir="0" index="1" bw="1" slack="0"/>
<pin id="2561" dir="1" index="2" bw="1" slack="0"/>
</pin_list>
<bind>
<opcode="and(23) " fcode="and"/>
<opset="and_ln46_151/1 "/>
</bind>
</comp>

<comp id="2564" class="1004" name="zext_ln46_76_fu_2564">
<pin_list>
<pin id="2565" dir="0" index="0" bw="1" slack="0"/>
<pin id="2566" dir="1" index="1" bw="6" slack="0"/>
</pin_list>
<bind>
<opcode="zext(34) " fcode="zext"/>
<opset="zext_ln46_76/1 "/>
</bind>
</comp>

<comp id="2568" class="1004" name="add_ln46_76_fu_2568">
<pin_list>
<pin id="2569" dir="0" index="0" bw="6" slack="0"/>
<pin id="2570" dir="0" index="1" bw="1" slack="0"/>
<pin id="2571" dir="1" index="2" bw="6" slack="0"/>
</pin_list>
<bind>
<opcode="add(8) " fcode="add"/>
<opset="add_ln46_76/1 "/>
</bind>
</comp>

<comp id="2574" class="1004" name="tmp_462_fu_2574">
<pin_list>
<pin id="2575" dir="0" index="0" bw="8" slack="0"/>
<pin id="2576" dir="0" index="1" bw="19" slack="0"/>
<pin id="2577" dir="0" index="2" bw="5" slack="0"/>
<pin id="2578" dir="0" index="3" bw="6" slack="0"/>
<pin id="2579" dir="1" index="4" bw="8" slack="0"/>
</pin_list>
<bind>
<opcode="partselect(1002) " fcode="partselect"/>
<opset="tmp_462/1 "/>
</bind>
</comp>

<comp id="2584" class="1004" name="icmp_ln46_154_fu_2584">
<pin_list>
<pin id="2585" dir="0" index="0" bw="8" slack="0"/>
<pin id="2586" dir="0" index="1" bw="1" slack="0"/>
<pin id="2587" dir="1" index="2" bw="1" slack="0"/>
</pin_list>
<bind>
<opcode="icmp(45) " fcode="icmp"/>
<opset="icmp_ln46_154/1 "/>
</bind>
</comp>

<comp id="2590" class="1004" name="tmp_463_fu_2590">
<pin_list>
<pin id="2591" dir="0" index="0" bw="1" slack="0"/>
<pin id="2592" dir="0" index="1" bw="6" slack="0"/>
<pin id="2593" dir="0" index="2" bw="4" slack="0"/>
<pin id="2594" dir="1" index="3" bw="1" slack="0"/>
</pin_list>
<bind>
<opcode="bitselect(1000) " fcode="bitselect"/>
<opset="tmp_463/1 "/>
</bind>
</comp>

<comp id="2598" class="1004" name="not_tmp_540_fu_2598">
<pin_list>
<pin id="2599" dir="0" index="0" bw="1" slack="0"/>
<pin id="2600" dir="0" index="1" bw="1" slack="0"/>
<pin id="2601" dir="1" index="2" bw="1" slack="0"/>
</pin_list>
<bind>
<opcode="xor(25) " fcode="xor"/>
<opset="not_tmp_540/1 "/>
</bind>
</comp>

<comp id="2604" class="1004" name="and_ln46_154_fu_2604">
<pin_list>
<pin id="2605" dir="0" index="0" bw="1" slack="0"/>
<pin id="2606" dir="0" index="1" bw="1" slack="0"/>
<pin id="2607" dir="1" index="2" bw="1" slack="0"/>
</pin_list>
<bind>
<opcode="or(24) " fcode="or"/>
<opset="and_ln46_154/1 "/>
</bind>
</comp>

<comp id="2610" class="1004" name="empty_94_fu_2610">
<pin_list>
<pin id="2611" dir="0" index="0" bw="1" slack="0"/>
<pin id="2612" dir="0" index="1" bw="1" slack="0"/>
<pin id="2613" dir="1" index="2" bw="1" slack="0"/>
</pin_list>
<bind>
<opcode="and(23) " fcode="and"/>
<opset="empty_94/1 "/>
</bind>
</comp>

<comp id="2616" class="1004" name="or_ln46_231_fu_2616">
<pin_list>
<pin id="2617" dir="0" index="0" bw="1" slack="0"/>
<pin id="2618" dir="0" index="1" bw="1" slack="0"/>
<pin id="2619" dir="1" index="2" bw="1" slack="0"/>
</pin_list>
<bind>
<opcode="or(24) " fcode="or"/>
<opset="or_ln46_231/1 "/>
</bind>
</comp>

<comp id="2622" class="1004" name="xor_ln46_76_fu_2622">
<pin_list>
<pin id="2623" dir="0" index="0" bw="1" slack="0"/>
<pin id="2624" dir="0" index="1" bw="1" slack="0"/>
<pin id="2625" dir="1" index="2" bw="1" slack="0"/>
</pin_list>
<bind>
<opcode="xor(25) " fcode="xor"/>
<opset="xor_ln46_76/1 "/>
</bind>
</comp>

<comp id="2628" class="1004" name="or_ln46_232_fu_2628">
<pin_list>
<pin id="2629" dir="0" index="0" bw="1" slack="0"/>
<pin id="2630" dir="0" index="1" bw="1" slack="0"/>
<pin id="2631" dir="1" index="2" bw="1" slack="0"/>
</pin_list>
<bind>
<opcode="or(24) " fcode="or"/>
<opset="or_ln46_232/1 "/>
</bind>
</comp>

<comp id="2634" class="1004" name="select_ln46_230_fu_2634">
<pin_list>
<pin id="2635" dir="0" index="0" bw="1" slack="0"/>
<pin id="2636" dir="0" index="1" bw="1" slack="0"/>
<pin id="2637" dir="0" index="2" bw="6" slack="0"/>
<pin id="2638" dir="1" index="3" bw="6" slack="0"/>
</pin_list>
<bind>
<opcode="select(49) " fcode="select"/>
<opset="select_ln46_230/1 "/>
</bind>
</comp>

<comp id="2642" class="1004" name="select_ln46_231_fu_2642">
<pin_list>
<pin id="2643" dir="0" index="0" bw="1" slack="0"/>
<pin id="2644" dir="0" index="1" bw="6" slack="0"/>
<pin id="2645" dir="0" index="2" bw="1" slack="0"/>
<pin id="2646" dir="1" index="3" bw="6" slack="0"/>
</pin_list>
<bind>
<opcode="select(49) " fcode="select"/>
<opset="select_ln46_231/1 "/>
</bind>
</comp>

<comp id="2650" class="1004" name="select_ln46_232_fu_2650">
<pin_list>
<pin id="2651" dir="0" index="0" bw="1" slack="0"/>
<pin id="2652" dir="0" index="1" bw="6" slack="0"/>
<pin id="2653" dir="0" index="2" bw="6" slack="0"/>
<pin id="2654" dir="1" index="3" bw="6" slack="0"/>
</pin_list>
<bind>
<opcode="select(49) " fcode="select"/>
<opset="select_ln46_232/1 "/>
</bind>
</comp>

<comp id="2658" class="1004" name="res_16_0_fu_2658">
<pin_list>
<pin id="2659" dir="0" index="0" bw="1" slack="0"/>
<pin id="2660" dir="0" index="1" bw="6" slack="0"/>
<pin id="2661" dir="0" index="2" bw="1" slack="0"/>
<pin id="2662" dir="1" index="3" bw="6" slack="0"/>
</pin_list>
<bind>
<opcode="select(49) " fcode="select"/>
<opset="res_16_0/1 "/>
</bind>
</comp>

<comp id="2666" class="1004" name="icmp_ln45_77_fu_2666">
<pin_list>
<pin id="2667" dir="0" index="0" bw="19" slack="0"/>
<pin id="2668" dir="0" index="1" bw="1" slack="0"/>
<pin id="2669" dir="1" index="2" bw="1" slack="0"/>
</pin_list>
<bind>
<opcode="icmp(45) " fcode="icmp"/>
<opset="icmp_ln45_77/1 "/>
</bind>
</comp>

<comp id="2672" class="1004" name="tmp_464_fu_2672">
<pin_list>
<pin id="2673" dir="0" index="0" bw="1" slack="0"/>
<pin id="2674" dir="0" index="1" bw="19" slack="0"/>
<pin id="2675" dir="0" index="2" bw="6" slack="0"/>
<pin id="2676" dir="1" index="3" bw="1" slack="0"/>
</pin_list>
<bind>
<opcode="bitselect(1000) " fcode="bitselect"/>
<opset="tmp_464/1 "/>
</bind>
</comp>

<comp id="2680" class="1004" name="trunc_ln46_75_fu_2680">
<pin_list>
<pin id="2681" dir="0" index="0" bw="6" slack="0"/>
<pin id="2682" dir="0" index="1" bw="19" slack="0"/>
<pin id="2683" dir="0" index="2" bw="4" slack="0"/>
<pin id="2684" dir="0" index="3" bw="5" slack="0"/>
<pin id="2685" dir="1" index="4" bw="6" slack="0"/>
</pin_list>
<bind>
<opcode="partselect(1002) " fcode="partselect"/>
<opset="trunc_ln46_75/1 "/>
</bind>
</comp>

<comp id="2690" class="1004" name="tmp_465_fu_2690">
<pin_list>
<pin id="2691" dir="0" index="0" bw="1" slack="0"/>
<pin id="2692" dir="0" index="1" bw="19" slack="0"/>
<pin id="2693" dir="0" index="2" bw="4" slack="0"/>
<pin id="2694" dir="1" index="3" bw="1" slack="0"/>
</pin_list>
<bind>
<opcode="bitselect(1000) " fcode="bitselect"/>
<opset="tmp_465/1 "/>
</bind>
</comp>

<comp id="2698" class="1004" name="trunc_ln46_139_fu_2698">
<pin_list>
<pin id="2699" dir="0" index="0" bw="19" slack="0"/>
<pin id="2700" dir="1" index="1" bw="4" slack="0"/>
</pin_list>
<bind>
<opcode="trunc(33) " fcode="trunc"/>
<opset="trunc_ln46_139/1 "/>
</bind>
</comp>

<comp id="2702" class="1004" name="icmp_ln46_155_fu_2702">
<pin_list>
<pin id="2703" dir="0" index="0" bw="4" slack="0"/>
<pin id="2704" dir="0" index="1" bw="1" slack="0"/>
<pin id="2705" dir="1" index="2" bw="1" slack="0"/>
</pin_list>
<bind>
<opcode="icmp(45) " fcode="icmp"/>
<opset="icmp_ln46_155/1 "/>
</bind>
</comp>

<comp id="2708" class="1004" name="tmp_466_fu_2708">
<pin_list>
<pin id="2709" dir="0" index="0" bw="1" slack="0"/>
<pin id="2710" dir="0" index="1" bw="19" slack="0"/>
<pin id="2711" dir="0" index="2" bw="5" slack="0"/>
<pin id="2712" dir="1" index="3" bw="1" slack="0"/>
</pin_list>
<bind>
<opcode="bitselect(1000) " fcode="bitselect"/>
<opset="tmp_466/1 "/>
</bind>
</comp>

<comp id="2716" class="1004" name="tmp_467_fu_2716">
<pin_list>
<pin id="2717" dir="0" index="0" bw="1" slack="0"/>
<pin id="2718" dir="0" index="1" bw="19" slack="0"/>
<pin id="2719" dir="0" index="2" bw="4" slack="0"/>
<pin id="2720" dir="1" index="3" bw="1" slack="0"/>
</pin_list>
<bind>
<opcode="bitselect(1000) " fcode="bitselect"/>
<opset="tmp_467/1 "/>
</bind>
</comp>

<comp id="2724" class="1004" name="or_ln46_233_fu_2724">
<pin_list>
<pin id="2725" dir="0" index="0" bw="1" slack="0"/>
<pin id="2726" dir="0" index="1" bw="1" slack="0"/>
<pin id="2727" dir="1" index="2" bw="1" slack="0"/>
</pin_list>
<bind>
<opcode="or(24) " fcode="or"/>
<opset="or_ln46_233/1 "/>
</bind>
</comp>

<comp id="2730" class="1004" name="and_ln46_153_fu_2730">
<pin_list>
<pin id="2731" dir="0" index="0" bw="1" slack="0"/>
<pin id="2732" dir="0" index="1" bw="1" slack="0"/>
<pin id="2733" dir="1" index="2" bw="1" slack="0"/>
</pin_list>
<bind>
<opcode="and(23) " fcode="and"/>
<opset="and_ln46_153/1 "/>
</bind>
</comp>

<comp id="2736" class="1004" name="zext_ln46_77_fu_2736">
<pin_list>
<pin id="2737" dir="0" index="0" bw="1" slack="0"/>
<pin id="2738" dir="1" index="1" bw="6" slack="0"/>
</pin_list>
<bind>
<opcode="zext(34) " fcode="zext"/>
<opset="zext_ln46_77/1 "/>
</bind>
</comp>

<comp id="2740" class="1004" name="add_ln46_77_fu_2740">
<pin_list>
<pin id="2741" dir="0" index="0" bw="6" slack="0"/>
<pin id="2742" dir="0" index="1" bw="1" slack="0"/>
<pin id="2743" dir="1" index="2" bw="6" slack="0"/>
</pin_list>
<bind>
<opcode="add(8) " fcode="add"/>
<opset="add_ln46_77/1 "/>
</bind>
</comp>

<comp id="2746" class="1004" name="tmp_468_fu_2746">
<pin_list>
<pin id="2747" dir="0" index="0" bw="8" slack="0"/>
<pin id="2748" dir="0" index="1" bw="19" slack="0"/>
<pin id="2749" dir="0" index="2" bw="5" slack="0"/>
<pin id="2750" dir="0" index="3" bw="6" slack="0"/>
<pin id="2751" dir="1" index="4" bw="8" slack="0"/>
</pin_list>
<bind>
<opcode="partselect(1002) " fcode="partselect"/>
<opset="tmp_468/1 "/>
</bind>
</comp>

<comp id="2756" class="1004" name="icmp_ln46_156_fu_2756">
<pin_list>
<pin id="2757" dir="0" index="0" bw="8" slack="0"/>
<pin id="2758" dir="0" index="1" bw="1" slack="0"/>
<pin id="2759" dir="1" index="2" bw="1" slack="0"/>
</pin_list>
<bind>
<opcode="icmp(45) " fcode="icmp"/>
<opset="icmp_ln46_156/1 "/>
</bind>
</comp>

<comp id="2762" class="1004" name="tmp_469_fu_2762">
<pin_list>
<pin id="2763" dir="0" index="0" bw="1" slack="0"/>
<pin id="2764" dir="0" index="1" bw="6" slack="0"/>
<pin id="2765" dir="0" index="2" bw="4" slack="0"/>
<pin id="2766" dir="1" index="3" bw="1" slack="0"/>
</pin_list>
<bind>
<opcode="bitselect(1000) " fcode="bitselect"/>
<opset="tmp_469/1 "/>
</bind>
</comp>

<comp id="2770" class="1004" name="not_tmp_547_fu_2770">
<pin_list>
<pin id="2771" dir="0" index="0" bw="1" slack="0"/>
<pin id="2772" dir="0" index="1" bw="1" slack="0"/>
<pin id="2773" dir="1" index="2" bw="1" slack="0"/>
</pin_list>
<bind>
<opcode="xor(25) " fcode="xor"/>
<opset="not_tmp_547/1 "/>
</bind>
</comp>

<comp id="2776" class="1004" name="and_ln46_156_fu_2776">
<pin_list>
<pin id="2777" dir="0" index="0" bw="1" slack="0"/>
<pin id="2778" dir="0" index="1" bw="1" slack="0"/>
<pin id="2779" dir="1" index="2" bw="1" slack="0"/>
</pin_list>
<bind>
<opcode="or(24) " fcode="or"/>
<opset="and_ln46_156/1 "/>
</bind>
</comp>

<comp id="2782" class="1004" name="empty_95_fu_2782">
<pin_list>
<pin id="2783" dir="0" index="0" bw="1" slack="0"/>
<pin id="2784" dir="0" index="1" bw="1" slack="0"/>
<pin id="2785" dir="1" index="2" bw="1" slack="0"/>
</pin_list>
<bind>
<opcode="and(23) " fcode="and"/>
<opset="empty_95/1 "/>
</bind>
</comp>

<comp id="2788" class="1004" name="or_ln46_234_fu_2788">
<pin_list>
<pin id="2789" dir="0" index="0" bw="1" slack="0"/>
<pin id="2790" dir="0" index="1" bw="1" slack="0"/>
<pin id="2791" dir="1" index="2" bw="1" slack="0"/>
</pin_list>
<bind>
<opcode="or(24) " fcode="or"/>
<opset="or_ln46_234/1 "/>
</bind>
</comp>

<comp id="2794" class="1004" name="xor_ln46_77_fu_2794">
<pin_list>
<pin id="2795" dir="0" index="0" bw="1" slack="0"/>
<pin id="2796" dir="0" index="1" bw="1" slack="0"/>
<pin id="2797" dir="1" index="2" bw="1" slack="0"/>
</pin_list>
<bind>
<opcode="xor(25) " fcode="xor"/>
<opset="xor_ln46_77/1 "/>
</bind>
</comp>

<comp id="2800" class="1004" name="or_ln46_235_fu_2800">
<pin_list>
<pin id="2801" dir="0" index="0" bw="1" slack="0"/>
<pin id="2802" dir="0" index="1" bw="1" slack="0"/>
<pin id="2803" dir="1" index="2" bw="1" slack="0"/>
</pin_list>
<bind>
<opcode="or(24) " fcode="or"/>
<opset="or_ln46_235/1 "/>
</bind>
</comp>

<comp id="2806" class="1004" name="select_ln46_233_fu_2806">
<pin_list>
<pin id="2807" dir="0" index="0" bw="1" slack="0"/>
<pin id="2808" dir="0" index="1" bw="1" slack="0"/>
<pin id="2809" dir="0" index="2" bw="6" slack="0"/>
<pin id="2810" dir="1" index="3" bw="6" slack="0"/>
</pin_list>
<bind>
<opcode="select(49) " fcode="select"/>
<opset="select_ln46_233/1 "/>
</bind>
</comp>

<comp id="2814" class="1004" name="select_ln46_234_fu_2814">
<pin_list>
<pin id="2815" dir="0" index="0" bw="1" slack="0"/>
<pin id="2816" dir="0" index="1" bw="6" slack="0"/>
<pin id="2817" dir="0" index="2" bw="1" slack="0"/>
<pin id="2818" dir="1" index="3" bw="6" slack="0"/>
</pin_list>
<bind>
<opcode="select(49) " fcode="select"/>
<opset="select_ln46_234/1 "/>
</bind>
</comp>

<comp id="2822" class="1004" name="select_ln46_235_fu_2822">
<pin_list>
<pin id="2823" dir="0" index="0" bw="1" slack="0"/>
<pin id="2824" dir="0" index="1" bw="6" slack="0"/>
<pin id="2825" dir="0" index="2" bw="6" slack="0"/>
<pin id="2826" dir="1" index="3" bw="6" slack="0"/>
</pin_list>
<bind>
<opcode="select(49) " fcode="select"/>
<opset="select_ln46_235/1 "/>
</bind>
</comp>

<comp id="2830" class="1004" name="res_17_0_fu_2830">
<pin_list>
<pin id="2831" dir="0" index="0" bw="1" slack="0"/>
<pin id="2832" dir="0" index="1" bw="6" slack="0"/>
<pin id="2833" dir="0" index="2" bw="1" slack="0"/>
<pin id="2834" dir="1" index="3" bw="6" slack="0"/>
</pin_list>
<bind>
<opcode="select(49) " fcode="select"/>
<opset="res_17_0/1 "/>
</bind>
</comp>

<comp id="2838" class="1004" name="icmp_ln45_78_fu_2838">
<pin_list>
<pin id="2839" dir="0" index="0" bw="19" slack="0"/>
<pin id="2840" dir="0" index="1" bw="1" slack="0"/>
<pin id="2841" dir="1" index="2" bw="1" slack="0"/>
</pin_list>
<bind>
<opcode="icmp(45) " fcode="icmp"/>
<opset="icmp_ln45_78/1 "/>
</bind>
</comp>

<comp id="2844" class="1004" name="tmp_470_fu_2844">
<pin_list>
<pin id="2845" dir="0" index="0" bw="1" slack="0"/>
<pin id="2846" dir="0" index="1" bw="19" slack="0"/>
<pin id="2847" dir="0" index="2" bw="6" slack="0"/>
<pin id="2848" dir="1" index="3" bw="1" slack="0"/>
</pin_list>
<bind>
<opcode="bitselect(1000) " fcode="bitselect"/>
<opset="tmp_470/1 "/>
</bind>
</comp>

<comp id="2852" class="1004" name="trunc_ln46_76_fu_2852">
<pin_list>
<pin id="2853" dir="0" index="0" bw="6" slack="0"/>
<pin id="2854" dir="0" index="1" bw="19" slack="0"/>
<pin id="2855" dir="0" index="2" bw="4" slack="0"/>
<pin id="2856" dir="0" index="3" bw="5" slack="0"/>
<pin id="2857" dir="1" index="4" bw="6" slack="0"/>
</pin_list>
<bind>
<opcode="partselect(1002) " fcode="partselect"/>
<opset="trunc_ln46_76/1 "/>
</bind>
</comp>

<comp id="2862" class="1004" name="tmp_471_fu_2862">
<pin_list>
<pin id="2863" dir="0" index="0" bw="1" slack="0"/>
<pin id="2864" dir="0" index="1" bw="19" slack="0"/>
<pin id="2865" dir="0" index="2" bw="4" slack="0"/>
<pin id="2866" dir="1" index="3" bw="1" slack="0"/>
</pin_list>
<bind>
<opcode="bitselect(1000) " fcode="bitselect"/>
<opset="tmp_471/1 "/>
</bind>
</comp>

<comp id="2870" class="1004" name="trunc_ln46_140_fu_2870">
<pin_list>
<pin id="2871" dir="0" index="0" bw="19" slack="0"/>
<pin id="2872" dir="1" index="1" bw="4" slack="0"/>
</pin_list>
<bind>
<opcode="trunc(33) " fcode="trunc"/>
<opset="trunc_ln46_140/1 "/>
</bind>
</comp>

<comp id="2874" class="1004" name="icmp_ln46_157_fu_2874">
<pin_list>
<pin id="2875" dir="0" index="0" bw="4" slack="0"/>
<pin id="2876" dir="0" index="1" bw="1" slack="0"/>
<pin id="2877" dir="1" index="2" bw="1" slack="0"/>
</pin_list>
<bind>
<opcode="icmp(45) " fcode="icmp"/>
<opset="icmp_ln46_157/1 "/>
</bind>
</comp>

<comp id="2880" class="1004" name="tmp_472_fu_2880">
<pin_list>
<pin id="2881" dir="0" index="0" bw="1" slack="0"/>
<pin id="2882" dir="0" index="1" bw="19" slack="0"/>
<pin id="2883" dir="0" index="2" bw="5" slack="0"/>
<pin id="2884" dir="1" index="3" bw="1" slack="0"/>
</pin_list>
<bind>
<opcode="bitselect(1000) " fcode="bitselect"/>
<opset="tmp_472/1 "/>
</bind>
</comp>

<comp id="2888" class="1004" name="tmp_473_fu_2888">
<pin_list>
<pin id="2889" dir="0" index="0" bw="1" slack="0"/>
<pin id="2890" dir="0" index="1" bw="19" slack="0"/>
<pin id="2891" dir="0" index="2" bw="4" slack="0"/>
<pin id="2892" dir="1" index="3" bw="1" slack="0"/>
</pin_list>
<bind>
<opcode="bitselect(1000) " fcode="bitselect"/>
<opset="tmp_473/1 "/>
</bind>
</comp>

<comp id="2896" class="1004" name="or_ln46_236_fu_2896">
<pin_list>
<pin id="2897" dir="0" index="0" bw="1" slack="0"/>
<pin id="2898" dir="0" index="1" bw="1" slack="0"/>
<pin id="2899" dir="1" index="2" bw="1" slack="0"/>
</pin_list>
<bind>
<opcode="or(24) " fcode="or"/>
<opset="or_ln46_236/1 "/>
</bind>
</comp>

<comp id="2902" class="1004" name="and_ln46_155_fu_2902">
<pin_list>
<pin id="2903" dir="0" index="0" bw="1" slack="0"/>
<pin id="2904" dir="0" index="1" bw="1" slack="0"/>
<pin id="2905" dir="1" index="2" bw="1" slack="0"/>
</pin_list>
<bind>
<opcode="and(23) " fcode="and"/>
<opset="and_ln46_155/1 "/>
</bind>
</comp>

<comp id="2908" class="1004" name="zext_ln46_78_fu_2908">
<pin_list>
<pin id="2909" dir="0" index="0" bw="1" slack="0"/>
<pin id="2910" dir="1" index="1" bw="6" slack="0"/>
</pin_list>
<bind>
<opcode="zext(34) " fcode="zext"/>
<opset="zext_ln46_78/1 "/>
</bind>
</comp>

<comp id="2912" class="1004" name="add_ln46_78_fu_2912">
<pin_list>
<pin id="2913" dir="0" index="0" bw="6" slack="0"/>
<pin id="2914" dir="0" index="1" bw="1" slack="0"/>
<pin id="2915" dir="1" index="2" bw="6" slack="0"/>
</pin_list>
<bind>
<opcode="add(8) " fcode="add"/>
<opset="add_ln46_78/1 "/>
</bind>
</comp>

<comp id="2918" class="1004" name="tmp_474_fu_2918">
<pin_list>
<pin id="2919" dir="0" index="0" bw="8" slack="0"/>
<pin id="2920" dir="0" index="1" bw="19" slack="0"/>
<pin id="2921" dir="0" index="2" bw="5" slack="0"/>
<pin id="2922" dir="0" index="3" bw="6" slack="0"/>
<pin id="2923" dir="1" index="4" bw="8" slack="0"/>
</pin_list>
<bind>
<opcode="partselect(1002) " fcode="partselect"/>
<opset="tmp_474/1 "/>
</bind>
</comp>

<comp id="2928" class="1004" name="icmp_ln46_158_fu_2928">
<pin_list>
<pin id="2929" dir="0" index="0" bw="8" slack="0"/>
<pin id="2930" dir="0" index="1" bw="1" slack="0"/>
<pin id="2931" dir="1" index="2" bw="1" slack="0"/>
</pin_list>
<bind>
<opcode="icmp(45) " fcode="icmp"/>
<opset="icmp_ln46_158/1 "/>
</bind>
</comp>

<comp id="2934" class="1004" name="tmp_475_fu_2934">
<pin_list>
<pin id="2935" dir="0" index="0" bw="1" slack="0"/>
<pin id="2936" dir="0" index="1" bw="6" slack="0"/>
<pin id="2937" dir="0" index="2" bw="4" slack="0"/>
<pin id="2938" dir="1" index="3" bw="1" slack="0"/>
</pin_list>
<bind>
<opcode="bitselect(1000) " fcode="bitselect"/>
<opset="tmp_475/1 "/>
</bind>
</comp>

<comp id="2942" class="1004" name="not_tmp_554_fu_2942">
<pin_list>
<pin id="2943" dir="0" index="0" bw="1" slack="0"/>
<pin id="2944" dir="0" index="1" bw="1" slack="0"/>
<pin id="2945" dir="1" index="2" bw="1" slack="0"/>
</pin_list>
<bind>
<opcode="xor(25) " fcode="xor"/>
<opset="not_tmp_554/1 "/>
</bind>
</comp>

<comp id="2948" class="1004" name="and_ln46_158_fu_2948">
<pin_list>
<pin id="2949" dir="0" index="0" bw="1" slack="0"/>
<pin id="2950" dir="0" index="1" bw="1" slack="0"/>
<pin id="2951" dir="1" index="2" bw="1" slack="0"/>
</pin_list>
<bind>
<opcode="or(24) " fcode="or"/>
<opset="and_ln46_158/1 "/>
</bind>
</comp>

<comp id="2954" class="1004" name="empty_96_fu_2954">
<pin_list>
<pin id="2955" dir="0" index="0" bw="1" slack="0"/>
<pin id="2956" dir="0" index="1" bw="1" slack="0"/>
<pin id="2957" dir="1" index="2" bw="1" slack="0"/>
</pin_list>
<bind>
<opcode="and(23) " fcode="and"/>
<opset="empty_96/1 "/>
</bind>
</comp>

<comp id="2960" class="1004" name="or_ln46_237_fu_2960">
<pin_list>
<pin id="2961" dir="0" index="0" bw="1" slack="0"/>
<pin id="2962" dir="0" index="1" bw="1" slack="0"/>
<pin id="2963" dir="1" index="2" bw="1" slack="0"/>
</pin_list>
<bind>
<opcode="or(24) " fcode="or"/>
<opset="or_ln46_237/1 "/>
</bind>
</comp>

<comp id="2966" class="1004" name="xor_ln46_78_fu_2966">
<pin_list>
<pin id="2967" dir="0" index="0" bw="1" slack="0"/>
<pin id="2968" dir="0" index="1" bw="1" slack="0"/>
<pin id="2969" dir="1" index="2" bw="1" slack="0"/>
</pin_list>
<bind>
<opcode="xor(25) " fcode="xor"/>
<opset="xor_ln46_78/1 "/>
</bind>
</comp>

<comp id="2972" class="1004" name="or_ln46_238_fu_2972">
<pin_list>
<pin id="2973" dir="0" index="0" bw="1" slack="0"/>
<pin id="2974" dir="0" index="1" bw="1" slack="0"/>
<pin id="2975" dir="1" index="2" bw="1" slack="0"/>
</pin_list>
<bind>
<opcode="or(24) " fcode="or"/>
<opset="or_ln46_238/1 "/>
</bind>
</comp>

<comp id="2978" class="1004" name="select_ln46_236_fu_2978">
<pin_list>
<pin id="2979" dir="0" index="0" bw="1" slack="0"/>
<pin id="2980" dir="0" index="1" bw="1" slack="0"/>
<pin id="2981" dir="0" index="2" bw="6" slack="0"/>
<pin id="2982" dir="1" index="3" bw="6" slack="0"/>
</pin_list>
<bind>
<opcode="select(49) " fcode="select"/>
<opset="select_ln46_236/1 "/>
</bind>
</comp>

<comp id="2986" class="1004" name="select_ln46_237_fu_2986">
<pin_list>
<pin id="2987" dir="0" index="0" bw="1" slack="0"/>
<pin id="2988" dir="0" index="1" bw="6" slack="0"/>
<pin id="2989" dir="0" index="2" bw="1" slack="0"/>
<pin id="2990" dir="1" index="3" bw="6" slack="0"/>
</pin_list>
<bind>
<opcode="select(49) " fcode="select"/>
<opset="select_ln46_237/1 "/>
</bind>
</comp>

<comp id="2994" class="1004" name="select_ln46_238_fu_2994">
<pin_list>
<pin id="2995" dir="0" index="0" bw="1" slack="0"/>
<pin id="2996" dir="0" index="1" bw="6" slack="0"/>
<pin id="2997" dir="0" index="2" bw="6" slack="0"/>
<pin id="2998" dir="1" index="3" bw="6" slack="0"/>
</pin_list>
<bind>
<opcode="select(49) " fcode="select"/>
<opset="select_ln46_238/1 "/>
</bind>
</comp>

<comp id="3002" class="1004" name="res_18_0_fu_3002">
<pin_list>
<pin id="3003" dir="0" index="0" bw="1" slack="0"/>
<pin id="3004" dir="0" index="1" bw="6" slack="0"/>
<pin id="3005" dir="0" index="2" bw="1" slack="0"/>
<pin id="3006" dir="1" index="3" bw="6" slack="0"/>
</pin_list>
<bind>
<opcode="select(49) " fcode="select"/>
<opset="res_18_0/1 "/>
</bind>
</comp>

<comp id="3010" class="1004" name="icmp_ln45_79_fu_3010">
<pin_list>
<pin id="3011" dir="0" index="0" bw="19" slack="0"/>
<pin id="3012" dir="0" index="1" bw="1" slack="0"/>
<pin id="3013" dir="1" index="2" bw="1" slack="0"/>
</pin_list>
<bind>
<opcode="icmp(45) " fcode="icmp"/>
<opset="icmp_ln45_79/1 "/>
</bind>
</comp>

<comp id="3016" class="1004" name="tmp_476_fu_3016">
<pin_list>
<pin id="3017" dir="0" index="0" bw="1" slack="0"/>
<pin id="3018" dir="0" index="1" bw="19" slack="0"/>
<pin id="3019" dir="0" index="2" bw="6" slack="0"/>
<pin id="3020" dir="1" index="3" bw="1" slack="0"/>
</pin_list>
<bind>
<opcode="bitselect(1000) " fcode="bitselect"/>
<opset="tmp_476/1 "/>
</bind>
</comp>

<comp id="3024" class="1004" name="trunc_ln46_77_fu_3024">
<pin_list>
<pin id="3025" dir="0" index="0" bw="6" slack="0"/>
<pin id="3026" dir="0" index="1" bw="19" slack="0"/>
<pin id="3027" dir="0" index="2" bw="4" slack="0"/>
<pin id="3028" dir="0" index="3" bw="5" slack="0"/>
<pin id="3029" dir="1" index="4" bw="6" slack="0"/>
</pin_list>
<bind>
<opcode="partselect(1002) " fcode="partselect"/>
<opset="trunc_ln46_77/1 "/>
</bind>
</comp>

<comp id="3034" class="1004" name="tmp_477_fu_3034">
<pin_list>
<pin id="3035" dir="0" index="0" bw="1" slack="0"/>
<pin id="3036" dir="0" index="1" bw="19" slack="0"/>
<pin id="3037" dir="0" index="2" bw="4" slack="0"/>
<pin id="3038" dir="1" index="3" bw="1" slack="0"/>
</pin_list>
<bind>
<opcode="bitselect(1000) " fcode="bitselect"/>
<opset="tmp_477/1 "/>
</bind>
</comp>

<comp id="3042" class="1004" name="trunc_ln46_141_fu_3042">
<pin_list>
<pin id="3043" dir="0" index="0" bw="19" slack="0"/>
<pin id="3044" dir="1" index="1" bw="4" slack="0"/>
</pin_list>
<bind>
<opcode="trunc(33) " fcode="trunc"/>
<opset="trunc_ln46_141/1 "/>
</bind>
</comp>

<comp id="3046" class="1004" name="icmp_ln46_159_fu_3046">
<pin_list>
<pin id="3047" dir="0" index="0" bw="4" slack="0"/>
<pin id="3048" dir="0" index="1" bw="1" slack="0"/>
<pin id="3049" dir="1" index="2" bw="1" slack="0"/>
</pin_list>
<bind>
<opcode="icmp(45) " fcode="icmp"/>
<opset="icmp_ln46_159/1 "/>
</bind>
</comp>

<comp id="3052" class="1004" name="tmp_478_fu_3052">
<pin_list>
<pin id="3053" dir="0" index="0" bw="1" slack="0"/>
<pin id="3054" dir="0" index="1" bw="19" slack="0"/>
<pin id="3055" dir="0" index="2" bw="5" slack="0"/>
<pin id="3056" dir="1" index="3" bw="1" slack="0"/>
</pin_list>
<bind>
<opcode="bitselect(1000) " fcode="bitselect"/>
<opset="tmp_478/1 "/>
</bind>
</comp>

<comp id="3060" class="1004" name="tmp_479_fu_3060">
<pin_list>
<pin id="3061" dir="0" index="0" bw="1" slack="0"/>
<pin id="3062" dir="0" index="1" bw="19" slack="0"/>
<pin id="3063" dir="0" index="2" bw="4" slack="0"/>
<pin id="3064" dir="1" index="3" bw="1" slack="0"/>
</pin_list>
<bind>
<opcode="bitselect(1000) " fcode="bitselect"/>
<opset="tmp_479/1 "/>
</bind>
</comp>

<comp id="3068" class="1004" name="or_ln46_239_fu_3068">
<pin_list>
<pin id="3069" dir="0" index="0" bw="1" slack="0"/>
<pin id="3070" dir="0" index="1" bw="1" slack="0"/>
<pin id="3071" dir="1" index="2" bw="1" slack="0"/>
</pin_list>
<bind>
<opcode="or(24) " fcode="or"/>
<opset="or_ln46_239/1 "/>
</bind>
</comp>

<comp id="3074" class="1004" name="and_ln46_157_fu_3074">
<pin_list>
<pin id="3075" dir="0" index="0" bw="1" slack="0"/>
<pin id="3076" dir="0" index="1" bw="1" slack="0"/>
<pin id="3077" dir="1" index="2" bw="1" slack="0"/>
</pin_list>
<bind>
<opcode="and(23) " fcode="and"/>
<opset="and_ln46_157/1 "/>
</bind>
</comp>

<comp id="3080" class="1004" name="zext_ln46_79_fu_3080">
<pin_list>
<pin id="3081" dir="0" index="0" bw="1" slack="0"/>
<pin id="3082" dir="1" index="1" bw="6" slack="0"/>
</pin_list>
<bind>
<opcode="zext(34) " fcode="zext"/>
<opset="zext_ln46_79/1 "/>
</bind>
</comp>

<comp id="3084" class="1004" name="add_ln46_79_fu_3084">
<pin_list>
<pin id="3085" dir="0" index="0" bw="6" slack="0"/>
<pin id="3086" dir="0" index="1" bw="1" slack="0"/>
<pin id="3087" dir="1" index="2" bw="6" slack="0"/>
</pin_list>
<bind>
<opcode="add(8) " fcode="add"/>
<opset="add_ln46_79/1 "/>
</bind>
</comp>

<comp id="3090" class="1004" name="tmp_480_fu_3090">
<pin_list>
<pin id="3091" dir="0" index="0" bw="8" slack="0"/>
<pin id="3092" dir="0" index="1" bw="19" slack="0"/>
<pin id="3093" dir="0" index="2" bw="5" slack="0"/>
<pin id="3094" dir="0" index="3" bw="6" slack="0"/>
<pin id="3095" dir="1" index="4" bw="8" slack="0"/>
</pin_list>
<bind>
<opcode="partselect(1002) " fcode="partselect"/>
<opset="tmp_480/1 "/>
</bind>
</comp>

<comp id="3100" class="1004" name="icmp_ln46_160_fu_3100">
<pin_list>
<pin id="3101" dir="0" index="0" bw="8" slack="0"/>
<pin id="3102" dir="0" index="1" bw="1" slack="0"/>
<pin id="3103" dir="1" index="2" bw="1" slack="0"/>
</pin_list>
<bind>
<opcode="icmp(45) " fcode="icmp"/>
<opset="icmp_ln46_160/1 "/>
</bind>
</comp>

<comp id="3106" class="1004" name="tmp_481_fu_3106">
<pin_list>
<pin id="3107" dir="0" index="0" bw="1" slack="0"/>
<pin id="3108" dir="0" index="1" bw="6" slack="0"/>
<pin id="3109" dir="0" index="2" bw="4" slack="0"/>
<pin id="3110" dir="1" index="3" bw="1" slack="0"/>
</pin_list>
<bind>
<opcode="bitselect(1000) " fcode="bitselect"/>
<opset="tmp_481/1 "/>
</bind>
</comp>

<comp id="3114" class="1004" name="not_tmp_561_fu_3114">
<pin_list>
<pin id="3115" dir="0" index="0" bw="1" slack="0"/>
<pin id="3116" dir="0" index="1" bw="1" slack="0"/>
<pin id="3117" dir="1" index="2" bw="1" slack="0"/>
</pin_list>
<bind>
<opcode="xor(25) " fcode="xor"/>
<opset="not_tmp_561/1 "/>
</bind>
</comp>

<comp id="3120" class="1004" name="and_ln46_160_fu_3120">
<pin_list>
<pin id="3121" dir="0" index="0" bw="1" slack="0"/>
<pin id="3122" dir="0" index="1" bw="1" slack="0"/>
<pin id="3123" dir="1" index="2" bw="1" slack="0"/>
</pin_list>
<bind>
<opcode="or(24) " fcode="or"/>
<opset="and_ln46_160/1 "/>
</bind>
</comp>

<comp id="3126" class="1004" name="empty_97_fu_3126">
<pin_list>
<pin id="3127" dir="0" index="0" bw="1" slack="0"/>
<pin id="3128" dir="0" index="1" bw="1" slack="0"/>
<pin id="3129" dir="1" index="2" bw="1" slack="0"/>
</pin_list>
<bind>
<opcode="and(23) " fcode="and"/>
<opset="empty_97/1 "/>
</bind>
</comp>

<comp id="3132" class="1004" name="or_ln46_240_fu_3132">
<pin_list>
<pin id="3133" dir="0" index="0" bw="1" slack="0"/>
<pin id="3134" dir="0" index="1" bw="1" slack="0"/>
<pin id="3135" dir="1" index="2" bw="1" slack="0"/>
</pin_list>
<bind>
<opcode="or(24) " fcode="or"/>
<opset="or_ln46_240/1 "/>
</bind>
</comp>

<comp id="3138" class="1004" name="xor_ln46_79_fu_3138">
<pin_list>
<pin id="3139" dir="0" index="0" bw="1" slack="0"/>
<pin id="3140" dir="0" index="1" bw="1" slack="0"/>
<pin id="3141" dir="1" index="2" bw="1" slack="0"/>
</pin_list>
<bind>
<opcode="xor(25) " fcode="xor"/>
<opset="xor_ln46_79/1 "/>
</bind>
</comp>

<comp id="3144" class="1004" name="or_ln46_241_fu_3144">
<pin_list>
<pin id="3145" dir="0" index="0" bw="1" slack="0"/>
<pin id="3146" dir="0" index="1" bw="1" slack="0"/>
<pin id="3147" dir="1" index="2" bw="1" slack="0"/>
</pin_list>
<bind>
<opcode="or(24) " fcode="or"/>
<opset="or_ln46_241/1 "/>
</bind>
</comp>

<comp id="3150" class="1004" name="select_ln46_239_fu_3150">
<pin_list>
<pin id="3151" dir="0" index="0" bw="1" slack="0"/>
<pin id="3152" dir="0" index="1" bw="1" slack="0"/>
<pin id="3153" dir="0" index="2" bw="6" slack="0"/>
<pin id="3154" dir="1" index="3" bw="6" slack="0"/>
</pin_list>
<bind>
<opcode="select(49) " fcode="select"/>
<opset="select_ln46_239/1 "/>
</bind>
</comp>

<comp id="3158" class="1004" name="select_ln46_240_fu_3158">
<pin_list>
<pin id="3159" dir="0" index="0" bw="1" slack="0"/>
<pin id="3160" dir="0" index="1" bw="6" slack="0"/>
<pin id="3161" dir="0" index="2" bw="1" slack="0"/>
<pin id="3162" dir="1" index="3" bw="6" slack="0"/>
</pin_list>
<bind>
<opcode="select(49) " fcode="select"/>
<opset="select_ln46_240/1 "/>
</bind>
</comp>

<comp id="3166" class="1004" name="select_ln46_241_fu_3166">
<pin_list>
<pin id="3167" dir="0" index="0" bw="1" slack="0"/>
<pin id="3168" dir="0" index="1" bw="6" slack="0"/>
<pin id="3169" dir="0" index="2" bw="6" slack="0"/>
<pin id="3170" dir="1" index="3" bw="6" slack="0"/>
</pin_list>
<bind>
<opcode="select(49) " fcode="select"/>
<opset="select_ln46_241/1 "/>
</bind>
</comp>

<comp id="3174" class="1004" name="res_19_0_fu_3174">
<pin_list>
<pin id="3175" dir="0" index="0" bw="1" slack="0"/>
<pin id="3176" dir="0" index="1" bw="6" slack="0"/>
<pin id="3177" dir="0" index="2" bw="1" slack="0"/>
<pin id="3178" dir="1" index="3" bw="6" slack="0"/>
</pin_list>
<bind>
<opcode="select(49) " fcode="select"/>
<opset="res_19_0/1 "/>
</bind>
</comp>

<comp id="3182" class="1004" name="icmp_ln45_80_fu_3182">
<pin_list>
<pin id="3183" dir="0" index="0" bw="19" slack="0"/>
<pin id="3184" dir="0" index="1" bw="1" slack="0"/>
<pin id="3185" dir="1" index="2" bw="1" slack="0"/>
</pin_list>
<bind>
<opcode="icmp(45) " fcode="icmp"/>
<opset="icmp_ln45_80/1 "/>
</bind>
</comp>

<comp id="3188" class="1004" name="tmp_482_fu_3188">
<pin_list>
<pin id="3189" dir="0" index="0" bw="1" slack="0"/>
<pin id="3190" dir="0" index="1" bw="19" slack="0"/>
<pin id="3191" dir="0" index="2" bw="6" slack="0"/>
<pin id="3192" dir="1" index="3" bw="1" slack="0"/>
</pin_list>
<bind>
<opcode="bitselect(1000) " fcode="bitselect"/>
<opset="tmp_482/1 "/>
</bind>
</comp>

<comp id="3196" class="1004" name="trunc_ln46_78_fu_3196">
<pin_list>
<pin id="3197" dir="0" index="0" bw="6" slack="0"/>
<pin id="3198" dir="0" index="1" bw="19" slack="0"/>
<pin id="3199" dir="0" index="2" bw="4" slack="0"/>
<pin id="3200" dir="0" index="3" bw="5" slack="0"/>
<pin id="3201" dir="1" index="4" bw="6" slack="0"/>
</pin_list>
<bind>
<opcode="partselect(1002) " fcode="partselect"/>
<opset="trunc_ln46_78/1 "/>
</bind>
</comp>

<comp id="3206" class="1004" name="tmp_483_fu_3206">
<pin_list>
<pin id="3207" dir="0" index="0" bw="1" slack="0"/>
<pin id="3208" dir="0" index="1" bw="19" slack="0"/>
<pin id="3209" dir="0" index="2" bw="4" slack="0"/>
<pin id="3210" dir="1" index="3" bw="1" slack="0"/>
</pin_list>
<bind>
<opcode="bitselect(1000) " fcode="bitselect"/>
<opset="tmp_483/1 "/>
</bind>
</comp>

<comp id="3214" class="1004" name="trunc_ln46_142_fu_3214">
<pin_list>
<pin id="3215" dir="0" index="0" bw="19" slack="0"/>
<pin id="3216" dir="1" index="1" bw="4" slack="0"/>
</pin_list>
<bind>
<opcode="trunc(33) " fcode="trunc"/>
<opset="trunc_ln46_142/1 "/>
</bind>
</comp>

<comp id="3218" class="1004" name="icmp_ln46_161_fu_3218">
<pin_list>
<pin id="3219" dir="0" index="0" bw="4" slack="0"/>
<pin id="3220" dir="0" index="1" bw="1" slack="0"/>
<pin id="3221" dir="1" index="2" bw="1" slack="0"/>
</pin_list>
<bind>
<opcode="icmp(45) " fcode="icmp"/>
<opset="icmp_ln46_161/1 "/>
</bind>
</comp>

<comp id="3224" class="1004" name="tmp_484_fu_3224">
<pin_list>
<pin id="3225" dir="0" index="0" bw="1" slack="0"/>
<pin id="3226" dir="0" index="1" bw="19" slack="0"/>
<pin id="3227" dir="0" index="2" bw="5" slack="0"/>
<pin id="3228" dir="1" index="3" bw="1" slack="0"/>
</pin_list>
<bind>
<opcode="bitselect(1000) " fcode="bitselect"/>
<opset="tmp_484/1 "/>
</bind>
</comp>

<comp id="3232" class="1004" name="tmp_485_fu_3232">
<pin_list>
<pin id="3233" dir="0" index="0" bw="1" slack="0"/>
<pin id="3234" dir="0" index="1" bw="19" slack="0"/>
<pin id="3235" dir="0" index="2" bw="4" slack="0"/>
<pin id="3236" dir="1" index="3" bw="1" slack="0"/>
</pin_list>
<bind>
<opcode="bitselect(1000) " fcode="bitselect"/>
<opset="tmp_485/1 "/>
</bind>
</comp>

<comp id="3240" class="1004" name="or_ln46_242_fu_3240">
<pin_list>
<pin id="3241" dir="0" index="0" bw="1" slack="0"/>
<pin id="3242" dir="0" index="1" bw="1" slack="0"/>
<pin id="3243" dir="1" index="2" bw="1" slack="0"/>
</pin_list>
<bind>
<opcode="or(24) " fcode="or"/>
<opset="or_ln46_242/1 "/>
</bind>
</comp>

<comp id="3246" class="1004" name="and_ln46_159_fu_3246">
<pin_list>
<pin id="3247" dir="0" index="0" bw="1" slack="0"/>
<pin id="3248" dir="0" index="1" bw="1" slack="0"/>
<pin id="3249" dir="1" index="2" bw="1" slack="0"/>
</pin_list>
<bind>
<opcode="and(23) " fcode="and"/>
<opset="and_ln46_159/1 "/>
</bind>
</comp>

<comp id="3252" class="1004" name="zext_ln46_80_fu_3252">
<pin_list>
<pin id="3253" dir="0" index="0" bw="1" slack="0"/>
<pin id="3254" dir="1" index="1" bw="6" slack="0"/>
</pin_list>
<bind>
<opcode="zext(34) " fcode="zext"/>
<opset="zext_ln46_80/1 "/>
</bind>
</comp>

<comp id="3256" class="1004" name="add_ln46_80_fu_3256">
<pin_list>
<pin id="3257" dir="0" index="0" bw="6" slack="0"/>
<pin id="3258" dir="0" index="1" bw="1" slack="0"/>
<pin id="3259" dir="1" index="2" bw="6" slack="0"/>
</pin_list>
<bind>
<opcode="add(8) " fcode="add"/>
<opset="add_ln46_80/1 "/>
</bind>
</comp>

<comp id="3262" class="1004" name="tmp_486_fu_3262">
<pin_list>
<pin id="3263" dir="0" index="0" bw="8" slack="0"/>
<pin id="3264" dir="0" index="1" bw="19" slack="0"/>
<pin id="3265" dir="0" index="2" bw="5" slack="0"/>
<pin id="3266" dir="0" index="3" bw="6" slack="0"/>
<pin id="3267" dir="1" index="4" bw="8" slack="0"/>
</pin_list>
<bind>
<opcode="partselect(1002) " fcode="partselect"/>
<opset="tmp_486/1 "/>
</bind>
</comp>

<comp id="3272" class="1004" name="icmp_ln46_162_fu_3272">
<pin_list>
<pin id="3273" dir="0" index="0" bw="8" slack="0"/>
<pin id="3274" dir="0" index="1" bw="1" slack="0"/>
<pin id="3275" dir="1" index="2" bw="1" slack="0"/>
</pin_list>
<bind>
<opcode="icmp(45) " fcode="icmp"/>
<opset="icmp_ln46_162/1 "/>
</bind>
</comp>

<comp id="3278" class="1004" name="tmp_487_fu_3278">
<pin_list>
<pin id="3279" dir="0" index="0" bw="1" slack="0"/>
<pin id="3280" dir="0" index="1" bw="6" slack="0"/>
<pin id="3281" dir="0" index="2" bw="4" slack="0"/>
<pin id="3282" dir="1" index="3" bw="1" slack="0"/>
</pin_list>
<bind>
<opcode="bitselect(1000) " fcode="bitselect"/>
<opset="tmp_487/1 "/>
</bind>
</comp>

<comp id="3286" class="1004" name="not_tmp_568_fu_3286">
<pin_list>
<pin id="3287" dir="0" index="0" bw="1" slack="0"/>
<pin id="3288" dir="0" index="1" bw="1" slack="0"/>
<pin id="3289" dir="1" index="2" bw="1" slack="0"/>
</pin_list>
<bind>
<opcode="xor(25) " fcode="xor"/>
<opset="not_tmp_568/1 "/>
</bind>
</comp>

<comp id="3292" class="1004" name="and_ln46_162_fu_3292">
<pin_list>
<pin id="3293" dir="0" index="0" bw="1" slack="0"/>
<pin id="3294" dir="0" index="1" bw="1" slack="0"/>
<pin id="3295" dir="1" index="2" bw="1" slack="0"/>
</pin_list>
<bind>
<opcode="or(24) " fcode="or"/>
<opset="and_ln46_162/1 "/>
</bind>
</comp>

<comp id="3298" class="1004" name="empty_98_fu_3298">
<pin_list>
<pin id="3299" dir="0" index="0" bw="1" slack="0"/>
<pin id="3300" dir="0" index="1" bw="1" slack="0"/>
<pin id="3301" dir="1" index="2" bw="1" slack="0"/>
</pin_list>
<bind>
<opcode="and(23) " fcode="and"/>
<opset="empty_98/1 "/>
</bind>
</comp>

<comp id="3304" class="1004" name="or_ln46_243_fu_3304">
<pin_list>
<pin id="3305" dir="0" index="0" bw="1" slack="0"/>
<pin id="3306" dir="0" index="1" bw="1" slack="0"/>
<pin id="3307" dir="1" index="2" bw="1" slack="0"/>
</pin_list>
<bind>
<opcode="or(24) " fcode="or"/>
<opset="or_ln46_243/1 "/>
</bind>
</comp>

<comp id="3310" class="1004" name="xor_ln46_80_fu_3310">
<pin_list>
<pin id="3311" dir="0" index="0" bw="1" slack="0"/>
<pin id="3312" dir="0" index="1" bw="1" slack="0"/>
<pin id="3313" dir="1" index="2" bw="1" slack="0"/>
</pin_list>
<bind>
<opcode="xor(25) " fcode="xor"/>
<opset="xor_ln46_80/1 "/>
</bind>
</comp>

<comp id="3316" class="1004" name="or_ln46_244_fu_3316">
<pin_list>
<pin id="3317" dir="0" index="0" bw="1" slack="0"/>
<pin id="3318" dir="0" index="1" bw="1" slack="0"/>
<pin id="3319" dir="1" index="2" bw="1" slack="0"/>
</pin_list>
<bind>
<opcode="or(24) " fcode="or"/>
<opset="or_ln46_244/1 "/>
</bind>
</comp>

<comp id="3322" class="1004" name="select_ln46_242_fu_3322">
<pin_list>
<pin id="3323" dir="0" index="0" bw="1" slack="0"/>
<pin id="3324" dir="0" index="1" bw="1" slack="0"/>
<pin id="3325" dir="0" index="2" bw="6" slack="0"/>
<pin id="3326" dir="1" index="3" bw="6" slack="0"/>
</pin_list>
<bind>
<opcode="select(49) " fcode="select"/>
<opset="select_ln46_242/1 "/>
</bind>
</comp>

<comp id="3330" class="1004" name="select_ln46_243_fu_3330">
<pin_list>
<pin id="3331" dir="0" index="0" bw="1" slack="0"/>
<pin id="3332" dir="0" index="1" bw="6" slack="0"/>
<pin id="3333" dir="0" index="2" bw="1" slack="0"/>
<pin id="3334" dir="1" index="3" bw="6" slack="0"/>
</pin_list>
<bind>
<opcode="select(49) " fcode="select"/>
<opset="select_ln46_243/1 "/>
</bind>
</comp>

<comp id="3338" class="1004" name="select_ln46_244_fu_3338">
<pin_list>
<pin id="3339" dir="0" index="0" bw="1" slack="0"/>
<pin id="3340" dir="0" index="1" bw="6" slack="0"/>
<pin id="3341" dir="0" index="2" bw="6" slack="0"/>
<pin id="3342" dir="1" index="3" bw="6" slack="0"/>
</pin_list>
<bind>
<opcode="select(49) " fcode="select"/>
<opset="select_ln46_244/1 "/>
</bind>
</comp>

<comp id="3346" class="1004" name="res_21_0_fu_3346">
<pin_list>
<pin id="3347" dir="0" index="0" bw="1" slack="0"/>
<pin id="3348" dir="0" index="1" bw="6" slack="0"/>
<pin id="3349" dir="0" index="2" bw="1" slack="0"/>
<pin id="3350" dir="1" index="3" bw="6" slack="0"/>
</pin_list>
<bind>
<opcode="select(49) " fcode="select"/>
<opset="res_21_0/1 "/>
</bind>
</comp>

<comp id="3354" class="1004" name="icmp_ln45_81_fu_3354">
<pin_list>
<pin id="3355" dir="0" index="0" bw="19" slack="0"/>
<pin id="3356" dir="0" index="1" bw="1" slack="0"/>
<pin id="3357" dir="1" index="2" bw="1" slack="0"/>
</pin_list>
<bind>
<opcode="icmp(45) " fcode="icmp"/>
<opset="icmp_ln45_81/1 "/>
</bind>
</comp>

<comp id="3360" class="1004" name="tmp_488_fu_3360">
<pin_list>
<pin id="3361" dir="0" index="0" bw="1" slack="0"/>
<pin id="3362" dir="0" index="1" bw="19" slack="0"/>
<pin id="3363" dir="0" index="2" bw="6" slack="0"/>
<pin id="3364" dir="1" index="3" bw="1" slack="0"/>
</pin_list>
<bind>
<opcode="bitselect(1000) " fcode="bitselect"/>
<opset="tmp_488/1 "/>
</bind>
</comp>

<comp id="3368" class="1004" name="trunc_ln46_79_fu_3368">
<pin_list>
<pin id="3369" dir="0" index="0" bw="6" slack="0"/>
<pin id="3370" dir="0" index="1" bw="19" slack="0"/>
<pin id="3371" dir="0" index="2" bw="4" slack="0"/>
<pin id="3372" dir="0" index="3" bw="5" slack="0"/>
<pin id="3373" dir="1" index="4" bw="6" slack="0"/>
</pin_list>
<bind>
<opcode="partselect(1002) " fcode="partselect"/>
<opset="trunc_ln46_79/1 "/>
</bind>
</comp>

<comp id="3378" class="1004" name="tmp_489_fu_3378">
<pin_list>
<pin id="3379" dir="0" index="0" bw="1" slack="0"/>
<pin id="3380" dir="0" index="1" bw="19" slack="0"/>
<pin id="3381" dir="0" index="2" bw="4" slack="0"/>
<pin id="3382" dir="1" index="3" bw="1" slack="0"/>
</pin_list>
<bind>
<opcode="bitselect(1000) " fcode="bitselect"/>
<opset="tmp_489/1 "/>
</bind>
</comp>

<comp id="3386" class="1004" name="trunc_ln46_143_fu_3386">
<pin_list>
<pin id="3387" dir="0" index="0" bw="19" slack="0"/>
<pin id="3388" dir="1" index="1" bw="4" slack="0"/>
</pin_list>
<bind>
<opcode="trunc(33) " fcode="trunc"/>
<opset="trunc_ln46_143/1 "/>
</bind>
</comp>

<comp id="3390" class="1004" name="icmp_ln46_163_fu_3390">
<pin_list>
<pin id="3391" dir="0" index="0" bw="4" slack="0"/>
<pin id="3392" dir="0" index="1" bw="1" slack="0"/>
<pin id="3393" dir="1" index="2" bw="1" slack="0"/>
</pin_list>
<bind>
<opcode="icmp(45) " fcode="icmp"/>
<opset="icmp_ln46_163/1 "/>
</bind>
</comp>

<comp id="3396" class="1004" name="tmp_490_fu_3396">
<pin_list>
<pin id="3397" dir="0" index="0" bw="1" slack="0"/>
<pin id="3398" dir="0" index="1" bw="19" slack="0"/>
<pin id="3399" dir="0" index="2" bw="5" slack="0"/>
<pin id="3400" dir="1" index="3" bw="1" slack="0"/>
</pin_list>
<bind>
<opcode="bitselect(1000) " fcode="bitselect"/>
<opset="tmp_490/1 "/>
</bind>
</comp>

<comp id="3404" class="1004" name="tmp_491_fu_3404">
<pin_list>
<pin id="3405" dir="0" index="0" bw="1" slack="0"/>
<pin id="3406" dir="0" index="1" bw="19" slack="0"/>
<pin id="3407" dir="0" index="2" bw="4" slack="0"/>
<pin id="3408" dir="1" index="3" bw="1" slack="0"/>
</pin_list>
<bind>
<opcode="bitselect(1000) " fcode="bitselect"/>
<opset="tmp_491/1 "/>
</bind>
</comp>

<comp id="3412" class="1004" name="or_ln46_245_fu_3412">
<pin_list>
<pin id="3413" dir="0" index="0" bw="1" slack="0"/>
<pin id="3414" dir="0" index="1" bw="1" slack="0"/>
<pin id="3415" dir="1" index="2" bw="1" slack="0"/>
</pin_list>
<bind>
<opcode="or(24) " fcode="or"/>
<opset="or_ln46_245/1 "/>
</bind>
</comp>

<comp id="3418" class="1004" name="and_ln46_161_fu_3418">
<pin_list>
<pin id="3419" dir="0" index="0" bw="1" slack="0"/>
<pin id="3420" dir="0" index="1" bw="1" slack="0"/>
<pin id="3421" dir="1" index="2" bw="1" slack="0"/>
</pin_list>
<bind>
<opcode="and(23) " fcode="and"/>
<opset="and_ln46_161/1 "/>
</bind>
</comp>

<comp id="3424" class="1004" name="zext_ln46_81_fu_3424">
<pin_list>
<pin id="3425" dir="0" index="0" bw="1" slack="0"/>
<pin id="3426" dir="1" index="1" bw="6" slack="0"/>
</pin_list>
<bind>
<opcode="zext(34) " fcode="zext"/>
<opset="zext_ln46_81/1 "/>
</bind>
</comp>

<comp id="3428" class="1004" name="add_ln46_81_fu_3428">
<pin_list>
<pin id="3429" dir="0" index="0" bw="6" slack="0"/>
<pin id="3430" dir="0" index="1" bw="1" slack="0"/>
<pin id="3431" dir="1" index="2" bw="6" slack="0"/>
</pin_list>
<bind>
<opcode="add(8) " fcode="add"/>
<opset="add_ln46_81/1 "/>
</bind>
</comp>

<comp id="3434" class="1004" name="tmp_492_fu_3434">
<pin_list>
<pin id="3435" dir="0" index="0" bw="8" slack="0"/>
<pin id="3436" dir="0" index="1" bw="19" slack="0"/>
<pin id="3437" dir="0" index="2" bw="5" slack="0"/>
<pin id="3438" dir="0" index="3" bw="6" slack="0"/>
<pin id="3439" dir="1" index="4" bw="8" slack="0"/>
</pin_list>
<bind>
<opcode="partselect(1002) " fcode="partselect"/>
<opset="tmp_492/1 "/>
</bind>
</comp>

<comp id="3444" class="1004" name="icmp_ln46_164_fu_3444">
<pin_list>
<pin id="3445" dir="0" index="0" bw="8" slack="0"/>
<pin id="3446" dir="0" index="1" bw="1" slack="0"/>
<pin id="3447" dir="1" index="2" bw="1" slack="0"/>
</pin_list>
<bind>
<opcode="icmp(45) " fcode="icmp"/>
<opset="icmp_ln46_164/1 "/>
</bind>
</comp>

<comp id="3450" class="1004" name="tmp_493_fu_3450">
<pin_list>
<pin id="3451" dir="0" index="0" bw="1" slack="0"/>
<pin id="3452" dir="0" index="1" bw="6" slack="0"/>
<pin id="3453" dir="0" index="2" bw="4" slack="0"/>
<pin id="3454" dir="1" index="3" bw="1" slack="0"/>
</pin_list>
<bind>
<opcode="bitselect(1000) " fcode="bitselect"/>
<opset="tmp_493/1 "/>
</bind>
</comp>

<comp id="3458" class="1004" name="not_tmp_575_fu_3458">
<pin_list>
<pin id="3459" dir="0" index="0" bw="1" slack="0"/>
<pin id="3460" dir="0" index="1" bw="1" slack="0"/>
<pin id="3461" dir="1" index="2" bw="1" slack="0"/>
</pin_list>
<bind>
<opcode="xor(25) " fcode="xor"/>
<opset="not_tmp_575/1 "/>
</bind>
</comp>

<comp id="3464" class="1004" name="and_ln46_164_fu_3464">
<pin_list>
<pin id="3465" dir="0" index="0" bw="1" slack="0"/>
<pin id="3466" dir="0" index="1" bw="1" slack="0"/>
<pin id="3467" dir="1" index="2" bw="1" slack="0"/>
</pin_list>
<bind>
<opcode="or(24) " fcode="or"/>
<opset="and_ln46_164/1 "/>
</bind>
</comp>

<comp id="3470" class="1004" name="empty_99_fu_3470">
<pin_list>
<pin id="3471" dir="0" index="0" bw="1" slack="0"/>
<pin id="3472" dir="0" index="1" bw="1" slack="0"/>
<pin id="3473" dir="1" index="2" bw="1" slack="0"/>
</pin_list>
<bind>
<opcode="and(23) " fcode="and"/>
<opset="empty_99/1 "/>
</bind>
</comp>

<comp id="3476" class="1004" name="or_ln46_246_fu_3476">
<pin_list>
<pin id="3477" dir="0" index="0" bw="1" slack="0"/>
<pin id="3478" dir="0" index="1" bw="1" slack="0"/>
<pin id="3479" dir="1" index="2" bw="1" slack="0"/>
</pin_list>
<bind>
<opcode="or(24) " fcode="or"/>
<opset="or_ln46_246/1 "/>
</bind>
</comp>

<comp id="3482" class="1004" name="xor_ln46_81_fu_3482">
<pin_list>
<pin id="3483" dir="0" index="0" bw="1" slack="0"/>
<pin id="3484" dir="0" index="1" bw="1" slack="0"/>
<pin id="3485" dir="1" index="2" bw="1" slack="0"/>
</pin_list>
<bind>
<opcode="xor(25) " fcode="xor"/>
<opset="xor_ln46_81/1 "/>
</bind>
</comp>

<comp id="3488" class="1004" name="or_ln46_247_fu_3488">
<pin_list>
<pin id="3489" dir="0" index="0" bw="1" slack="0"/>
<pin id="3490" dir="0" index="1" bw="1" slack="0"/>
<pin id="3491" dir="1" index="2" bw="1" slack="0"/>
</pin_list>
<bind>
<opcode="or(24) " fcode="or"/>
<opset="or_ln46_247/1 "/>
</bind>
</comp>

<comp id="3494" class="1004" name="select_ln46_245_fu_3494">
<pin_list>
<pin id="3495" dir="0" index="0" bw="1" slack="0"/>
<pin id="3496" dir="0" index="1" bw="1" slack="0"/>
<pin id="3497" dir="0" index="2" bw="6" slack="0"/>
<pin id="3498" dir="1" index="3" bw="6" slack="0"/>
</pin_list>
<bind>
<opcode="select(49) " fcode="select"/>
<opset="select_ln46_245/1 "/>
</bind>
</comp>

<comp id="3502" class="1004" name="select_ln46_246_fu_3502">
<pin_list>
<pin id="3503" dir="0" index="0" bw="1" slack="0"/>
<pin id="3504" dir="0" index="1" bw="6" slack="0"/>
<pin id="3505" dir="0" index="2" bw="1" slack="0"/>
<pin id="3506" dir="1" index="3" bw="6" slack="0"/>
</pin_list>
<bind>
<opcode="select(49) " fcode="select"/>
<opset="select_ln46_246/1 "/>
</bind>
</comp>

<comp id="3510" class="1004" name="select_ln46_247_fu_3510">
<pin_list>
<pin id="3511" dir="0" index="0" bw="1" slack="0"/>
<pin id="3512" dir="0" index="1" bw="6" slack="0"/>
<pin id="3513" dir="0" index="2" bw="6" slack="0"/>
<pin id="3514" dir="1" index="3" bw="6" slack="0"/>
</pin_list>
<bind>
<opcode="select(49) " fcode="select"/>
<opset="select_ln46_247/1 "/>
</bind>
</comp>

<comp id="3518" class="1004" name="res_22_0_fu_3518">
<pin_list>
<pin id="3519" dir="0" index="0" bw="1" slack="0"/>
<pin id="3520" dir="0" index="1" bw="6" slack="0"/>
<pin id="3521" dir="0" index="2" bw="1" slack="0"/>
<pin id="3522" dir="1" index="3" bw="6" slack="0"/>
</pin_list>
<bind>
<opcode="select(49) " fcode="select"/>
<opset="res_22_0/1 "/>
</bind>
</comp>

<comp id="3526" class="1004" name="icmp_ln45_82_fu_3526">
<pin_list>
<pin id="3527" dir="0" index="0" bw="19" slack="0"/>
<pin id="3528" dir="0" index="1" bw="1" slack="0"/>
<pin id="3529" dir="1" index="2" bw="1" slack="0"/>
</pin_list>
<bind>
<opcode="icmp(45) " fcode="icmp"/>
<opset="icmp_ln45_82/1 "/>
</bind>
</comp>

<comp id="3532" class="1004" name="tmp_494_fu_3532">
<pin_list>
<pin id="3533" dir="0" index="0" bw="1" slack="0"/>
<pin id="3534" dir="0" index="1" bw="19" slack="0"/>
<pin id="3535" dir="0" index="2" bw="6" slack="0"/>
<pin id="3536" dir="1" index="3" bw="1" slack="0"/>
</pin_list>
<bind>
<opcode="bitselect(1000) " fcode="bitselect"/>
<opset="tmp_494/1 "/>
</bind>
</comp>

<comp id="3540" class="1004" name="trunc_ln46_80_fu_3540">
<pin_list>
<pin id="3541" dir="0" index="0" bw="6" slack="0"/>
<pin id="3542" dir="0" index="1" bw="19" slack="0"/>
<pin id="3543" dir="0" index="2" bw="4" slack="0"/>
<pin id="3544" dir="0" index="3" bw="5" slack="0"/>
<pin id="3545" dir="1" index="4" bw="6" slack="0"/>
</pin_list>
<bind>
<opcode="partselect(1002) " fcode="partselect"/>
<opset="trunc_ln46_80/1 "/>
</bind>
</comp>

<comp id="3550" class="1004" name="tmp_495_fu_3550">
<pin_list>
<pin id="3551" dir="0" index="0" bw="1" slack="0"/>
<pin id="3552" dir="0" index="1" bw="19" slack="0"/>
<pin id="3553" dir="0" index="2" bw="4" slack="0"/>
<pin id="3554" dir="1" index="3" bw="1" slack="0"/>
</pin_list>
<bind>
<opcode="bitselect(1000) " fcode="bitselect"/>
<opset="tmp_495/1 "/>
</bind>
</comp>

<comp id="3558" class="1004" name="trunc_ln46_144_fu_3558">
<pin_list>
<pin id="3559" dir="0" index="0" bw="19" slack="0"/>
<pin id="3560" dir="1" index="1" bw="4" slack="0"/>
</pin_list>
<bind>
<opcode="trunc(33) " fcode="trunc"/>
<opset="trunc_ln46_144/1 "/>
</bind>
</comp>

<comp id="3562" class="1004" name="icmp_ln46_165_fu_3562">
<pin_list>
<pin id="3563" dir="0" index="0" bw="4" slack="0"/>
<pin id="3564" dir="0" index="1" bw="1" slack="0"/>
<pin id="3565" dir="1" index="2" bw="1" slack="0"/>
</pin_list>
<bind>
<opcode="icmp(45) " fcode="icmp"/>
<opset="icmp_ln46_165/1 "/>
</bind>
</comp>

<comp id="3568" class="1004" name="tmp_496_fu_3568">
<pin_list>
<pin id="3569" dir="0" index="0" bw="1" slack="0"/>
<pin id="3570" dir="0" index="1" bw="19" slack="0"/>
<pin id="3571" dir="0" index="2" bw="5" slack="0"/>
<pin id="3572" dir="1" index="3" bw="1" slack="0"/>
</pin_list>
<bind>
<opcode="bitselect(1000) " fcode="bitselect"/>
<opset="tmp_496/1 "/>
</bind>
</comp>

<comp id="3576" class="1004" name="tmp_497_fu_3576">
<pin_list>
<pin id="3577" dir="0" index="0" bw="1" slack="0"/>
<pin id="3578" dir="0" index="1" bw="19" slack="0"/>
<pin id="3579" dir="0" index="2" bw="4" slack="0"/>
<pin id="3580" dir="1" index="3" bw="1" slack="0"/>
</pin_list>
<bind>
<opcode="bitselect(1000) " fcode="bitselect"/>
<opset="tmp_497/1 "/>
</bind>
</comp>

<comp id="3584" class="1004" name="or_ln46_248_fu_3584">
<pin_list>
<pin id="3585" dir="0" index="0" bw="1" slack="0"/>
<pin id="3586" dir="0" index="1" bw="1" slack="0"/>
<pin id="3587" dir="1" index="2" bw="1" slack="0"/>
</pin_list>
<bind>
<opcode="or(24) " fcode="or"/>
<opset="or_ln46_248/1 "/>
</bind>
</comp>

<comp id="3590" class="1004" name="and_ln46_163_fu_3590">
<pin_list>
<pin id="3591" dir="0" index="0" bw="1" slack="0"/>
<pin id="3592" dir="0" index="1" bw="1" slack="0"/>
<pin id="3593" dir="1" index="2" bw="1" slack="0"/>
</pin_list>
<bind>
<opcode="and(23) " fcode="and"/>
<opset="and_ln46_163/1 "/>
</bind>
</comp>

<comp id="3596" class="1004" name="zext_ln46_82_fu_3596">
<pin_list>
<pin id="3597" dir="0" index="0" bw="1" slack="0"/>
<pin id="3598" dir="1" index="1" bw="6" slack="0"/>
</pin_list>
<bind>
<opcode="zext(34) " fcode="zext"/>
<opset="zext_ln46_82/1 "/>
</bind>
</comp>

<comp id="3600" class="1004" name="add_ln46_82_fu_3600">
<pin_list>
<pin id="3601" dir="0" index="0" bw="6" slack="0"/>
<pin id="3602" dir="0" index="1" bw="1" slack="0"/>
<pin id="3603" dir="1" index="2" bw="6" slack="0"/>
</pin_list>
<bind>
<opcode="add(8) " fcode="add"/>
<opset="add_ln46_82/1 "/>
</bind>
</comp>

<comp id="3606" class="1004" name="tmp_498_fu_3606">
<pin_list>
<pin id="3607" dir="0" index="0" bw="8" slack="0"/>
<pin id="3608" dir="0" index="1" bw="19" slack="0"/>
<pin id="3609" dir="0" index="2" bw="5" slack="0"/>
<pin id="3610" dir="0" index="3" bw="6" slack="0"/>
<pin id="3611" dir="1" index="4" bw="8" slack="0"/>
</pin_list>
<bind>
<opcode="partselect(1002) " fcode="partselect"/>
<opset="tmp_498/1 "/>
</bind>
</comp>

<comp id="3616" class="1004" name="icmp_ln46_166_fu_3616">
<pin_list>
<pin id="3617" dir="0" index="0" bw="8" slack="0"/>
<pin id="3618" dir="0" index="1" bw="1" slack="0"/>
<pin id="3619" dir="1" index="2" bw="1" slack="0"/>
</pin_list>
<bind>
<opcode="icmp(45) " fcode="icmp"/>
<opset="icmp_ln46_166/1 "/>
</bind>
</comp>

<comp id="3622" class="1004" name="tmp_499_fu_3622">
<pin_list>
<pin id="3623" dir="0" index="0" bw="1" slack="0"/>
<pin id="3624" dir="0" index="1" bw="6" slack="0"/>
<pin id="3625" dir="0" index="2" bw="4" slack="0"/>
<pin id="3626" dir="1" index="3" bw="1" slack="0"/>
</pin_list>
<bind>
<opcode="bitselect(1000) " fcode="bitselect"/>
<opset="tmp_499/1 "/>
</bind>
</comp>

<comp id="3630" class="1004" name="not_tmp_582_fu_3630">
<pin_list>
<pin id="3631" dir="0" index="0" bw="1" slack="0"/>
<pin id="3632" dir="0" index="1" bw="1" slack="0"/>
<pin id="3633" dir="1" index="2" bw="1" slack="0"/>
</pin_list>
<bind>
<opcode="xor(25) " fcode="xor"/>
<opset="not_tmp_582/1 "/>
</bind>
</comp>

<comp id="3636" class="1004" name="and_ln46_166_fu_3636">
<pin_list>
<pin id="3637" dir="0" index="0" bw="1" slack="0"/>
<pin id="3638" dir="0" index="1" bw="1" slack="0"/>
<pin id="3639" dir="1" index="2" bw="1" slack="0"/>
</pin_list>
<bind>
<opcode="or(24) " fcode="or"/>
<opset="and_ln46_166/1 "/>
</bind>
</comp>

<comp id="3642" class="1004" name="empty_100_fu_3642">
<pin_list>
<pin id="3643" dir="0" index="0" bw="1" slack="0"/>
<pin id="3644" dir="0" index="1" bw="1" slack="0"/>
<pin id="3645" dir="1" index="2" bw="1" slack="0"/>
</pin_list>
<bind>
<opcode="and(23) " fcode="and"/>
<opset="empty_100/1 "/>
</bind>
</comp>

<comp id="3648" class="1004" name="or_ln46_249_fu_3648">
<pin_list>
<pin id="3649" dir="0" index="0" bw="1" slack="0"/>
<pin id="3650" dir="0" index="1" bw="1" slack="0"/>
<pin id="3651" dir="1" index="2" bw="1" slack="0"/>
</pin_list>
<bind>
<opcode="or(24) " fcode="or"/>
<opset="or_ln46_249/1 "/>
</bind>
</comp>

<comp id="3654" class="1004" name="xor_ln46_82_fu_3654">
<pin_list>
<pin id="3655" dir="0" index="0" bw="1" slack="0"/>
<pin id="3656" dir="0" index="1" bw="1" slack="0"/>
<pin id="3657" dir="1" index="2" bw="1" slack="0"/>
</pin_list>
<bind>
<opcode="xor(25) " fcode="xor"/>
<opset="xor_ln46_82/1 "/>
</bind>
</comp>

<comp id="3660" class="1004" name="or_ln46_250_fu_3660">
<pin_list>
<pin id="3661" dir="0" index="0" bw="1" slack="0"/>
<pin id="3662" dir="0" index="1" bw="1" slack="0"/>
<pin id="3663" dir="1" index="2" bw="1" slack="0"/>
</pin_list>
<bind>
<opcode="or(24) " fcode="or"/>
<opset="or_ln46_250/1 "/>
</bind>
</comp>

<comp id="3666" class="1004" name="select_ln46_248_fu_3666">
<pin_list>
<pin id="3667" dir="0" index="0" bw="1" slack="0"/>
<pin id="3668" dir="0" index="1" bw="1" slack="0"/>
<pin id="3669" dir="0" index="2" bw="6" slack="0"/>
<pin id="3670" dir="1" index="3" bw="6" slack="0"/>
</pin_list>
<bind>
<opcode="select(49) " fcode="select"/>
<opset="select_ln46_248/1 "/>
</bind>
</comp>

<comp id="3674" class="1004" name="select_ln46_249_fu_3674">
<pin_list>
<pin id="3675" dir="0" index="0" bw="1" slack="0"/>
<pin id="3676" dir="0" index="1" bw="6" slack="0"/>
<pin id="3677" dir="0" index="2" bw="1" slack="0"/>
<pin id="3678" dir="1" index="3" bw="6" slack="0"/>
</pin_list>
<bind>
<opcode="select(49) " fcode="select"/>
<opset="select_ln46_249/1 "/>
</bind>
</comp>

<comp id="3682" class="1004" name="select_ln46_250_fu_3682">
<pin_list>
<pin id="3683" dir="0" index="0" bw="1" slack="0"/>
<pin id="3684" dir="0" index="1" bw="6" slack="0"/>
<pin id="3685" dir="0" index="2" bw="6" slack="0"/>
<pin id="3686" dir="1" index="3" bw="6" slack="0"/>
</pin_list>
<bind>
<opcode="select(49) " fcode="select"/>
<opset="select_ln46_250/1 "/>
</bind>
</comp>

<comp id="3690" class="1004" name="res_23_0_fu_3690">
<pin_list>
<pin id="3691" dir="0" index="0" bw="1" slack="0"/>
<pin id="3692" dir="0" index="1" bw="6" slack="0"/>
<pin id="3693" dir="0" index="2" bw="1" slack="0"/>
<pin id="3694" dir="1" index="3" bw="6" slack="0"/>
</pin_list>
<bind>
<opcode="select(49) " fcode="select"/>
<opset="res_23_0/1 "/>
</bind>
</comp>

<comp id="3698" class="1004" name="icmp_ln45_83_fu_3698">
<pin_list>
<pin id="3699" dir="0" index="0" bw="19" slack="0"/>
<pin id="3700" dir="0" index="1" bw="1" slack="0"/>
<pin id="3701" dir="1" index="2" bw="1" slack="0"/>
</pin_list>
<bind>
<opcode="icmp(45) " fcode="icmp"/>
<opset="icmp_ln45_83/1 "/>
</bind>
</comp>

<comp id="3704" class="1004" name="tmp_500_fu_3704">
<pin_list>
<pin id="3705" dir="0" index="0" bw="1" slack="0"/>
<pin id="3706" dir="0" index="1" bw="19" slack="0"/>
<pin id="3707" dir="0" index="2" bw="6" slack="0"/>
<pin id="3708" dir="1" index="3" bw="1" slack="0"/>
</pin_list>
<bind>
<opcode="bitselect(1000) " fcode="bitselect"/>
<opset="tmp_500/1 "/>
</bind>
</comp>

<comp id="3712" class="1004" name="trunc_ln46_81_fu_3712">
<pin_list>
<pin id="3713" dir="0" index="0" bw="6" slack="0"/>
<pin id="3714" dir="0" index="1" bw="19" slack="0"/>
<pin id="3715" dir="0" index="2" bw="4" slack="0"/>
<pin id="3716" dir="0" index="3" bw="5" slack="0"/>
<pin id="3717" dir="1" index="4" bw="6" slack="0"/>
</pin_list>
<bind>
<opcode="partselect(1002) " fcode="partselect"/>
<opset="trunc_ln46_81/1 "/>
</bind>
</comp>

<comp id="3722" class="1004" name="tmp_501_fu_3722">
<pin_list>
<pin id="3723" dir="0" index="0" bw="1" slack="0"/>
<pin id="3724" dir="0" index="1" bw="19" slack="0"/>
<pin id="3725" dir="0" index="2" bw="4" slack="0"/>
<pin id="3726" dir="1" index="3" bw="1" slack="0"/>
</pin_list>
<bind>
<opcode="bitselect(1000) " fcode="bitselect"/>
<opset="tmp_501/1 "/>
</bind>
</comp>

<comp id="3730" class="1004" name="trunc_ln46_145_fu_3730">
<pin_list>
<pin id="3731" dir="0" index="0" bw="19" slack="0"/>
<pin id="3732" dir="1" index="1" bw="4" slack="0"/>
</pin_list>
<bind>
<opcode="trunc(33) " fcode="trunc"/>
<opset="trunc_ln46_145/1 "/>
</bind>
</comp>

<comp id="3734" class="1004" name="icmp_ln46_167_fu_3734">
<pin_list>
<pin id="3735" dir="0" index="0" bw="4" slack="0"/>
<pin id="3736" dir="0" index="1" bw="1" slack="0"/>
<pin id="3737" dir="1" index="2" bw="1" slack="0"/>
</pin_list>
<bind>
<opcode="icmp(45) " fcode="icmp"/>
<opset="icmp_ln46_167/1 "/>
</bind>
</comp>

<comp id="3740" class="1004" name="tmp_502_fu_3740">
<pin_list>
<pin id="3741" dir="0" index="0" bw="1" slack="0"/>
<pin id="3742" dir="0" index="1" bw="19" slack="0"/>
<pin id="3743" dir="0" index="2" bw="5" slack="0"/>
<pin id="3744" dir="1" index="3" bw="1" slack="0"/>
</pin_list>
<bind>
<opcode="bitselect(1000) " fcode="bitselect"/>
<opset="tmp_502/1 "/>
</bind>
</comp>

<comp id="3748" class="1004" name="tmp_503_fu_3748">
<pin_list>
<pin id="3749" dir="0" index="0" bw="1" slack="0"/>
<pin id="3750" dir="0" index="1" bw="19" slack="0"/>
<pin id="3751" dir="0" index="2" bw="4" slack="0"/>
<pin id="3752" dir="1" index="3" bw="1" slack="0"/>
</pin_list>
<bind>
<opcode="bitselect(1000) " fcode="bitselect"/>
<opset="tmp_503/1 "/>
</bind>
</comp>

<comp id="3756" class="1004" name="or_ln46_251_fu_3756">
<pin_list>
<pin id="3757" dir="0" index="0" bw="1" slack="0"/>
<pin id="3758" dir="0" index="1" bw="1" slack="0"/>
<pin id="3759" dir="1" index="2" bw="1" slack="0"/>
</pin_list>
<bind>
<opcode="or(24) " fcode="or"/>
<opset="or_ln46_251/1 "/>
</bind>
</comp>

<comp id="3762" class="1004" name="and_ln46_165_fu_3762">
<pin_list>
<pin id="3763" dir="0" index="0" bw="1" slack="0"/>
<pin id="3764" dir="0" index="1" bw="1" slack="0"/>
<pin id="3765" dir="1" index="2" bw="1" slack="0"/>
</pin_list>
<bind>
<opcode="and(23) " fcode="and"/>
<opset="and_ln46_165/1 "/>
</bind>
</comp>

<comp id="3768" class="1004" name="zext_ln46_83_fu_3768">
<pin_list>
<pin id="3769" dir="0" index="0" bw="1" slack="0"/>
<pin id="3770" dir="1" index="1" bw="6" slack="0"/>
</pin_list>
<bind>
<opcode="zext(34) " fcode="zext"/>
<opset="zext_ln46_83/1 "/>
</bind>
</comp>

<comp id="3772" class="1004" name="add_ln46_83_fu_3772">
<pin_list>
<pin id="3773" dir="0" index="0" bw="6" slack="0"/>
<pin id="3774" dir="0" index="1" bw="1" slack="0"/>
<pin id="3775" dir="1" index="2" bw="6" slack="0"/>
</pin_list>
<bind>
<opcode="add(8) " fcode="add"/>
<opset="add_ln46_83/1 "/>
</bind>
</comp>

<comp id="3778" class="1004" name="tmp_504_fu_3778">
<pin_list>
<pin id="3779" dir="0" index="0" bw="8" slack="0"/>
<pin id="3780" dir="0" index="1" bw="19" slack="0"/>
<pin id="3781" dir="0" index="2" bw="5" slack="0"/>
<pin id="3782" dir="0" index="3" bw="6" slack="0"/>
<pin id="3783" dir="1" index="4" bw="8" slack="0"/>
</pin_list>
<bind>
<opcode="partselect(1002) " fcode="partselect"/>
<opset="tmp_504/1 "/>
</bind>
</comp>

<comp id="3788" class="1004" name="icmp_ln46_168_fu_3788">
<pin_list>
<pin id="3789" dir="0" index="0" bw="8" slack="0"/>
<pin id="3790" dir="0" index="1" bw="1" slack="0"/>
<pin id="3791" dir="1" index="2" bw="1" slack="0"/>
</pin_list>
<bind>
<opcode="icmp(45) " fcode="icmp"/>
<opset="icmp_ln46_168/1 "/>
</bind>
</comp>

<comp id="3794" class="1004" name="tmp_505_fu_3794">
<pin_list>
<pin id="3795" dir="0" index="0" bw="1" slack="0"/>
<pin id="3796" dir="0" index="1" bw="6" slack="0"/>
<pin id="3797" dir="0" index="2" bw="4" slack="0"/>
<pin id="3798" dir="1" index="3" bw="1" slack="0"/>
</pin_list>
<bind>
<opcode="bitselect(1000) " fcode="bitselect"/>
<opset="tmp_505/1 "/>
</bind>
</comp>

<comp id="3802" class="1004" name="not_tmp_589_fu_3802">
<pin_list>
<pin id="3803" dir="0" index="0" bw="1" slack="0"/>
<pin id="3804" dir="0" index="1" bw="1" slack="0"/>
<pin id="3805" dir="1" index="2" bw="1" slack="0"/>
</pin_list>
<bind>
<opcode="xor(25) " fcode="xor"/>
<opset="not_tmp_589/1 "/>
</bind>
</comp>

<comp id="3808" class="1004" name="and_ln46_168_fu_3808">
<pin_list>
<pin id="3809" dir="0" index="0" bw="1" slack="0"/>
<pin id="3810" dir="0" index="1" bw="1" slack="0"/>
<pin id="3811" dir="1" index="2" bw="1" slack="0"/>
</pin_list>
<bind>
<opcode="or(24) " fcode="or"/>
<opset="and_ln46_168/1 "/>
</bind>
</comp>

<comp id="3814" class="1004" name="empty_101_fu_3814">
<pin_list>
<pin id="3815" dir="0" index="0" bw="1" slack="0"/>
<pin id="3816" dir="0" index="1" bw="1" slack="0"/>
<pin id="3817" dir="1" index="2" bw="1" slack="0"/>
</pin_list>
<bind>
<opcode="and(23) " fcode="and"/>
<opset="empty_101/1 "/>
</bind>
</comp>

<comp id="3820" class="1004" name="or_ln46_252_fu_3820">
<pin_list>
<pin id="3821" dir="0" index="0" bw="1" slack="0"/>
<pin id="3822" dir="0" index="1" bw="1" slack="0"/>
<pin id="3823" dir="1" index="2" bw="1" slack="0"/>
</pin_list>
<bind>
<opcode="or(24) " fcode="or"/>
<opset="or_ln46_252/1 "/>
</bind>
</comp>

<comp id="3826" class="1004" name="xor_ln46_83_fu_3826">
<pin_list>
<pin id="3827" dir="0" index="0" bw="1" slack="0"/>
<pin id="3828" dir="0" index="1" bw="1" slack="0"/>
<pin id="3829" dir="1" index="2" bw="1" slack="0"/>
</pin_list>
<bind>
<opcode="xor(25) " fcode="xor"/>
<opset="xor_ln46_83/1 "/>
</bind>
</comp>

<comp id="3832" class="1004" name="or_ln46_253_fu_3832">
<pin_list>
<pin id="3833" dir="0" index="0" bw="1" slack="0"/>
<pin id="3834" dir="0" index="1" bw="1" slack="0"/>
<pin id="3835" dir="1" index="2" bw="1" slack="0"/>
</pin_list>
<bind>
<opcode="or(24) " fcode="or"/>
<opset="or_ln46_253/1 "/>
</bind>
</comp>

<comp id="3838" class="1004" name="select_ln46_251_fu_3838">
<pin_list>
<pin id="3839" dir="0" index="0" bw="1" slack="0"/>
<pin id="3840" dir="0" index="1" bw="1" slack="0"/>
<pin id="3841" dir="0" index="2" bw="6" slack="0"/>
<pin id="3842" dir="1" index="3" bw="6" slack="0"/>
</pin_list>
<bind>
<opcode="select(49) " fcode="select"/>
<opset="select_ln46_251/1 "/>
</bind>
</comp>

<comp id="3846" class="1004" name="select_ln46_252_fu_3846">
<pin_list>
<pin id="3847" dir="0" index="0" bw="1" slack="0"/>
<pin id="3848" dir="0" index="1" bw="6" slack="0"/>
<pin id="3849" dir="0" index="2" bw="1" slack="0"/>
<pin id="3850" dir="1" index="3" bw="6" slack="0"/>
</pin_list>
<bind>
<opcode="select(49) " fcode="select"/>
<opset="select_ln46_252/1 "/>
</bind>
</comp>

<comp id="3854" class="1004" name="select_ln46_253_fu_3854">
<pin_list>
<pin id="3855" dir="0" index="0" bw="1" slack="0"/>
<pin id="3856" dir="0" index="1" bw="6" slack="0"/>
<pin id="3857" dir="0" index="2" bw="6" slack="0"/>
<pin id="3858" dir="1" index="3" bw="6" slack="0"/>
</pin_list>
<bind>
<opcode="select(49) " fcode="select"/>
<opset="select_ln46_253/1 "/>
</bind>
</comp>

<comp id="3862" class="1004" name="res_24_0_fu_3862">
<pin_list>
<pin id="3863" dir="0" index="0" bw="1" slack="0"/>
<pin id="3864" dir="0" index="1" bw="6" slack="0"/>
<pin id="3865" dir="0" index="2" bw="1" slack="0"/>
<pin id="3866" dir="1" index="3" bw="6" slack="0"/>
</pin_list>
<bind>
<opcode="select(49) " fcode="select"/>
<opset="res_24_0/1 "/>
</bind>
</comp>

<comp id="3870" class="1004" name="icmp_ln45_84_fu_3870">
<pin_list>
<pin id="3871" dir="0" index="0" bw="19" slack="0"/>
<pin id="3872" dir="0" index="1" bw="1" slack="0"/>
<pin id="3873" dir="1" index="2" bw="1" slack="0"/>
</pin_list>
<bind>
<opcode="icmp(45) " fcode="icmp"/>
<opset="icmp_ln45_84/1 "/>
</bind>
</comp>

<comp id="3876" class="1004" name="tmp_506_fu_3876">
<pin_list>
<pin id="3877" dir="0" index="0" bw="1" slack="0"/>
<pin id="3878" dir="0" index="1" bw="19" slack="0"/>
<pin id="3879" dir="0" index="2" bw="6" slack="0"/>
<pin id="3880" dir="1" index="3" bw="1" slack="0"/>
</pin_list>
<bind>
<opcode="bitselect(1000) " fcode="bitselect"/>
<opset="tmp_506/1 "/>
</bind>
</comp>

<comp id="3884" class="1004" name="trunc_ln46_82_fu_3884">
<pin_list>
<pin id="3885" dir="0" index="0" bw="6" slack="0"/>
<pin id="3886" dir="0" index="1" bw="19" slack="0"/>
<pin id="3887" dir="0" index="2" bw="4" slack="0"/>
<pin id="3888" dir="0" index="3" bw="5" slack="0"/>
<pin id="3889" dir="1" index="4" bw="6" slack="0"/>
</pin_list>
<bind>
<opcode="partselect(1002) " fcode="partselect"/>
<opset="trunc_ln46_82/1 "/>
</bind>
</comp>

<comp id="3894" class="1004" name="tmp_507_fu_3894">
<pin_list>
<pin id="3895" dir="0" index="0" bw="1" slack="0"/>
<pin id="3896" dir="0" index="1" bw="19" slack="0"/>
<pin id="3897" dir="0" index="2" bw="4" slack="0"/>
<pin id="3898" dir="1" index="3" bw="1" slack="0"/>
</pin_list>
<bind>
<opcode="bitselect(1000) " fcode="bitselect"/>
<opset="tmp_507/1 "/>
</bind>
</comp>

<comp id="3902" class="1004" name="trunc_ln46_146_fu_3902">
<pin_list>
<pin id="3903" dir="0" index="0" bw="19" slack="0"/>
<pin id="3904" dir="1" index="1" bw="4" slack="0"/>
</pin_list>
<bind>
<opcode="trunc(33) " fcode="trunc"/>
<opset="trunc_ln46_146/1 "/>
</bind>
</comp>

<comp id="3906" class="1004" name="icmp_ln46_169_fu_3906">
<pin_list>
<pin id="3907" dir="0" index="0" bw="4" slack="0"/>
<pin id="3908" dir="0" index="1" bw="1" slack="0"/>
<pin id="3909" dir="1" index="2" bw="1" slack="0"/>
</pin_list>
<bind>
<opcode="icmp(45) " fcode="icmp"/>
<opset="icmp_ln46_169/1 "/>
</bind>
</comp>

<comp id="3912" class="1004" name="tmp_508_fu_3912">
<pin_list>
<pin id="3913" dir="0" index="0" bw="1" slack="0"/>
<pin id="3914" dir="0" index="1" bw="19" slack="0"/>
<pin id="3915" dir="0" index="2" bw="5" slack="0"/>
<pin id="3916" dir="1" index="3" bw="1" slack="0"/>
</pin_list>
<bind>
<opcode="bitselect(1000) " fcode="bitselect"/>
<opset="tmp_508/1 "/>
</bind>
</comp>

<comp id="3920" class="1004" name="tmp_509_fu_3920">
<pin_list>
<pin id="3921" dir="0" index="0" bw="1" slack="0"/>
<pin id="3922" dir="0" index="1" bw="19" slack="0"/>
<pin id="3923" dir="0" index="2" bw="4" slack="0"/>
<pin id="3924" dir="1" index="3" bw="1" slack="0"/>
</pin_list>
<bind>
<opcode="bitselect(1000) " fcode="bitselect"/>
<opset="tmp_509/1 "/>
</bind>
</comp>

<comp id="3928" class="1004" name="or_ln46_254_fu_3928">
<pin_list>
<pin id="3929" dir="0" index="0" bw="1" slack="0"/>
<pin id="3930" dir="0" index="1" bw="1" slack="0"/>
<pin id="3931" dir="1" index="2" bw="1" slack="0"/>
</pin_list>
<bind>
<opcode="or(24) " fcode="or"/>
<opset="or_ln46_254/1 "/>
</bind>
</comp>

<comp id="3934" class="1004" name="and_ln46_167_fu_3934">
<pin_list>
<pin id="3935" dir="0" index="0" bw="1" slack="0"/>
<pin id="3936" dir="0" index="1" bw="1" slack="0"/>
<pin id="3937" dir="1" index="2" bw="1" slack="0"/>
</pin_list>
<bind>
<opcode="and(23) " fcode="and"/>
<opset="and_ln46_167/1 "/>
</bind>
</comp>

<comp id="3940" class="1004" name="zext_ln46_84_fu_3940">
<pin_list>
<pin id="3941" dir="0" index="0" bw="1" slack="0"/>
<pin id="3942" dir="1" index="1" bw="6" slack="0"/>
</pin_list>
<bind>
<opcode="zext(34) " fcode="zext"/>
<opset="zext_ln46_84/1 "/>
</bind>
</comp>

<comp id="3944" class="1004" name="add_ln46_84_fu_3944">
<pin_list>
<pin id="3945" dir="0" index="0" bw="6" slack="0"/>
<pin id="3946" dir="0" index="1" bw="1" slack="0"/>
<pin id="3947" dir="1" index="2" bw="6" slack="0"/>
</pin_list>
<bind>
<opcode="add(8) " fcode="add"/>
<opset="add_ln46_84/1 "/>
</bind>
</comp>

<comp id="3950" class="1004" name="tmp_510_fu_3950">
<pin_list>
<pin id="3951" dir="0" index="0" bw="8" slack="0"/>
<pin id="3952" dir="0" index="1" bw="19" slack="0"/>
<pin id="3953" dir="0" index="2" bw="5" slack="0"/>
<pin id="3954" dir="0" index="3" bw="6" slack="0"/>
<pin id="3955" dir="1" index="4" bw="8" slack="0"/>
</pin_list>
<bind>
<opcode="partselect(1002) " fcode="partselect"/>
<opset="tmp_510/1 "/>
</bind>
</comp>

<comp id="3960" class="1004" name="icmp_ln46_170_fu_3960">
<pin_list>
<pin id="3961" dir="0" index="0" bw="8" slack="0"/>
<pin id="3962" dir="0" index="1" bw="1" slack="0"/>
<pin id="3963" dir="1" index="2" bw="1" slack="0"/>
</pin_list>
<bind>
<opcode="icmp(45) " fcode="icmp"/>
<opset="icmp_ln46_170/1 "/>
</bind>
</comp>

<comp id="3966" class="1004" name="tmp_511_fu_3966">
<pin_list>
<pin id="3967" dir="0" index="0" bw="1" slack="0"/>
<pin id="3968" dir="0" index="1" bw="6" slack="0"/>
<pin id="3969" dir="0" index="2" bw="4" slack="0"/>
<pin id="3970" dir="1" index="3" bw="1" slack="0"/>
</pin_list>
<bind>
<opcode="bitselect(1000) " fcode="bitselect"/>
<opset="tmp_511/1 "/>
</bind>
</comp>

<comp id="3974" class="1004" name="not_tmp_596_fu_3974">
<pin_list>
<pin id="3975" dir="0" index="0" bw="1" slack="0"/>
<pin id="3976" dir="0" index="1" bw="1" slack="0"/>
<pin id="3977" dir="1" index="2" bw="1" slack="0"/>
</pin_list>
<bind>
<opcode="xor(25) " fcode="xor"/>
<opset="not_tmp_596/1 "/>
</bind>
</comp>

<comp id="3980" class="1004" name="and_ln46_170_fu_3980">
<pin_list>
<pin id="3981" dir="0" index="0" bw="1" slack="0"/>
<pin id="3982" dir="0" index="1" bw="1" slack="0"/>
<pin id="3983" dir="1" index="2" bw="1" slack="0"/>
</pin_list>
<bind>
<opcode="or(24) " fcode="or"/>
<opset="and_ln46_170/1 "/>
</bind>
</comp>

<comp id="3986" class="1004" name="empty_102_fu_3986">
<pin_list>
<pin id="3987" dir="0" index="0" bw="1" slack="0"/>
<pin id="3988" dir="0" index="1" bw="1" slack="0"/>
<pin id="3989" dir="1" index="2" bw="1" slack="0"/>
</pin_list>
<bind>
<opcode="and(23) " fcode="and"/>
<opset="empty_102/1 "/>
</bind>
</comp>

<comp id="3992" class="1004" name="or_ln46_255_fu_3992">
<pin_list>
<pin id="3993" dir="0" index="0" bw="1" slack="0"/>
<pin id="3994" dir="0" index="1" bw="1" slack="0"/>
<pin id="3995" dir="1" index="2" bw="1" slack="0"/>
</pin_list>
<bind>
<opcode="or(24) " fcode="or"/>
<opset="or_ln46_255/1 "/>
</bind>
</comp>

<comp id="3998" class="1004" name="xor_ln46_84_fu_3998">
<pin_list>
<pin id="3999" dir="0" index="0" bw="1" slack="0"/>
<pin id="4000" dir="0" index="1" bw="1" slack="0"/>
<pin id="4001" dir="1" index="2" bw="1" slack="0"/>
</pin_list>
<bind>
<opcode="xor(25) " fcode="xor"/>
<opset="xor_ln46_84/1 "/>
</bind>
</comp>

<comp id="4004" class="1004" name="or_ln46_256_fu_4004">
<pin_list>
<pin id="4005" dir="0" index="0" bw="1" slack="0"/>
<pin id="4006" dir="0" index="1" bw="1" slack="0"/>
<pin id="4007" dir="1" index="2" bw="1" slack="0"/>
</pin_list>
<bind>
<opcode="or(24) " fcode="or"/>
<opset="or_ln46_256/1 "/>
</bind>
</comp>

<comp id="4010" class="1004" name="select_ln46_254_fu_4010">
<pin_list>
<pin id="4011" dir="0" index="0" bw="1" slack="0"/>
<pin id="4012" dir="0" index="1" bw="1" slack="0"/>
<pin id="4013" dir="0" index="2" bw="6" slack="0"/>
<pin id="4014" dir="1" index="3" bw="6" slack="0"/>
</pin_list>
<bind>
<opcode="select(49) " fcode="select"/>
<opset="select_ln46_254/1 "/>
</bind>
</comp>

<comp id="4018" class="1004" name="select_ln46_255_fu_4018">
<pin_list>
<pin id="4019" dir="0" index="0" bw="1" slack="0"/>
<pin id="4020" dir="0" index="1" bw="6" slack="0"/>
<pin id="4021" dir="0" index="2" bw="1" slack="0"/>
<pin id="4022" dir="1" index="3" bw="6" slack="0"/>
</pin_list>
<bind>
<opcode="select(49) " fcode="select"/>
<opset="select_ln46_255/1 "/>
</bind>
</comp>

<comp id="4026" class="1004" name="select_ln46_256_fu_4026">
<pin_list>
<pin id="4027" dir="0" index="0" bw="1" slack="0"/>
<pin id="4028" dir="0" index="1" bw="6" slack="0"/>
<pin id="4029" dir="0" index="2" bw="6" slack="0"/>
<pin id="4030" dir="1" index="3" bw="6" slack="0"/>
</pin_list>
<bind>
<opcode="select(49) " fcode="select"/>
<opset="select_ln46_256/1 "/>
</bind>
</comp>

<comp id="4034" class="1004" name="res_25_0_fu_4034">
<pin_list>
<pin id="4035" dir="0" index="0" bw="1" slack="0"/>
<pin id="4036" dir="0" index="1" bw="6" slack="0"/>
<pin id="4037" dir="0" index="2" bw="1" slack="0"/>
<pin id="4038" dir="1" index="3" bw="6" slack="0"/>
</pin_list>
<bind>
<opcode="select(49) " fcode="select"/>
<opset="res_25_0/1 "/>
</bind>
</comp>

<comp id="4042" class="1004" name="icmp_ln45_85_fu_4042">
<pin_list>
<pin id="4043" dir="0" index="0" bw="19" slack="0"/>
<pin id="4044" dir="0" index="1" bw="1" slack="0"/>
<pin id="4045" dir="1" index="2" bw="1" slack="0"/>
</pin_list>
<bind>
<opcode="icmp(45) " fcode="icmp"/>
<opset="icmp_ln45_85/1 "/>
</bind>
</comp>

<comp id="4048" class="1004" name="tmp_512_fu_4048">
<pin_list>
<pin id="4049" dir="0" index="0" bw="1" slack="0"/>
<pin id="4050" dir="0" index="1" bw="19" slack="0"/>
<pin id="4051" dir="0" index="2" bw="6" slack="0"/>
<pin id="4052" dir="1" index="3" bw="1" slack="0"/>
</pin_list>
<bind>
<opcode="bitselect(1000) " fcode="bitselect"/>
<opset="tmp_512/1 "/>
</bind>
</comp>

<comp id="4056" class="1004" name="trunc_ln46_83_fu_4056">
<pin_list>
<pin id="4057" dir="0" index="0" bw="6" slack="0"/>
<pin id="4058" dir="0" index="1" bw="19" slack="0"/>
<pin id="4059" dir="0" index="2" bw="4" slack="0"/>
<pin id="4060" dir="0" index="3" bw="5" slack="0"/>
<pin id="4061" dir="1" index="4" bw="6" slack="0"/>
</pin_list>
<bind>
<opcode="partselect(1002) " fcode="partselect"/>
<opset="trunc_ln46_83/1 "/>
</bind>
</comp>

<comp id="4066" class="1004" name="tmp_513_fu_4066">
<pin_list>
<pin id="4067" dir="0" index="0" bw="1" slack="0"/>
<pin id="4068" dir="0" index="1" bw="19" slack="0"/>
<pin id="4069" dir="0" index="2" bw="4" slack="0"/>
<pin id="4070" dir="1" index="3" bw="1" slack="0"/>
</pin_list>
<bind>
<opcode="bitselect(1000) " fcode="bitselect"/>
<opset="tmp_513/1 "/>
</bind>
</comp>

<comp id="4074" class="1004" name="trunc_ln46_147_fu_4074">
<pin_list>
<pin id="4075" dir="0" index="0" bw="19" slack="0"/>
<pin id="4076" dir="1" index="1" bw="4" slack="0"/>
</pin_list>
<bind>
<opcode="trunc(33) " fcode="trunc"/>
<opset="trunc_ln46_147/1 "/>
</bind>
</comp>

<comp id="4078" class="1004" name="icmp_ln46_171_fu_4078">
<pin_list>
<pin id="4079" dir="0" index="0" bw="4" slack="0"/>
<pin id="4080" dir="0" index="1" bw="1" slack="0"/>
<pin id="4081" dir="1" index="2" bw="1" slack="0"/>
</pin_list>
<bind>
<opcode="icmp(45) " fcode="icmp"/>
<opset="icmp_ln46_171/1 "/>
</bind>
</comp>

<comp id="4084" class="1004" name="tmp_514_fu_4084">
<pin_list>
<pin id="4085" dir="0" index="0" bw="1" slack="0"/>
<pin id="4086" dir="0" index="1" bw="19" slack="0"/>
<pin id="4087" dir="0" index="2" bw="5" slack="0"/>
<pin id="4088" dir="1" index="3" bw="1" slack="0"/>
</pin_list>
<bind>
<opcode="bitselect(1000) " fcode="bitselect"/>
<opset="tmp_514/1 "/>
</bind>
</comp>

<comp id="4092" class="1004" name="tmp_515_fu_4092">
<pin_list>
<pin id="4093" dir="0" index="0" bw="1" slack="0"/>
<pin id="4094" dir="0" index="1" bw="19" slack="0"/>
<pin id="4095" dir="0" index="2" bw="4" slack="0"/>
<pin id="4096" dir="1" index="3" bw="1" slack="0"/>
</pin_list>
<bind>
<opcode="bitselect(1000) " fcode="bitselect"/>
<opset="tmp_515/1 "/>
</bind>
</comp>

<comp id="4100" class="1004" name="or_ln46_257_fu_4100">
<pin_list>
<pin id="4101" dir="0" index="0" bw="1" slack="0"/>
<pin id="4102" dir="0" index="1" bw="1" slack="0"/>
<pin id="4103" dir="1" index="2" bw="1" slack="0"/>
</pin_list>
<bind>
<opcode="or(24) " fcode="or"/>
<opset="or_ln46_257/1 "/>
</bind>
</comp>

<comp id="4106" class="1004" name="and_ln46_169_fu_4106">
<pin_list>
<pin id="4107" dir="0" index="0" bw="1" slack="0"/>
<pin id="4108" dir="0" index="1" bw="1" slack="0"/>
<pin id="4109" dir="1" index="2" bw="1" slack="0"/>
</pin_list>
<bind>
<opcode="and(23) " fcode="and"/>
<opset="and_ln46_169/1 "/>
</bind>
</comp>

<comp id="4112" class="1004" name="zext_ln46_85_fu_4112">
<pin_list>
<pin id="4113" dir="0" index="0" bw="1" slack="0"/>
<pin id="4114" dir="1" index="1" bw="6" slack="0"/>
</pin_list>
<bind>
<opcode="zext(34) " fcode="zext"/>
<opset="zext_ln46_85/1 "/>
</bind>
</comp>

<comp id="4116" class="1004" name="add_ln46_85_fu_4116">
<pin_list>
<pin id="4117" dir="0" index="0" bw="6" slack="0"/>
<pin id="4118" dir="0" index="1" bw="1" slack="0"/>
<pin id="4119" dir="1" index="2" bw="6" slack="0"/>
</pin_list>
<bind>
<opcode="add(8) " fcode="add"/>
<opset="add_ln46_85/1 "/>
</bind>
</comp>

<comp id="4122" class="1004" name="tmp_516_fu_4122">
<pin_list>
<pin id="4123" dir="0" index="0" bw="8" slack="0"/>
<pin id="4124" dir="0" index="1" bw="19" slack="0"/>
<pin id="4125" dir="0" index="2" bw="5" slack="0"/>
<pin id="4126" dir="0" index="3" bw="6" slack="0"/>
<pin id="4127" dir="1" index="4" bw="8" slack="0"/>
</pin_list>
<bind>
<opcode="partselect(1002) " fcode="partselect"/>
<opset="tmp_516/1 "/>
</bind>
</comp>

<comp id="4132" class="1004" name="icmp_ln46_172_fu_4132">
<pin_list>
<pin id="4133" dir="0" index="0" bw="8" slack="0"/>
<pin id="4134" dir="0" index="1" bw="1" slack="0"/>
<pin id="4135" dir="1" index="2" bw="1" slack="0"/>
</pin_list>
<bind>
<opcode="icmp(45) " fcode="icmp"/>
<opset="icmp_ln46_172/1 "/>
</bind>
</comp>

<comp id="4138" class="1004" name="tmp_517_fu_4138">
<pin_list>
<pin id="4139" dir="0" index="0" bw="1" slack="0"/>
<pin id="4140" dir="0" index="1" bw="6" slack="0"/>
<pin id="4141" dir="0" index="2" bw="4" slack="0"/>
<pin id="4142" dir="1" index="3" bw="1" slack="0"/>
</pin_list>
<bind>
<opcode="bitselect(1000) " fcode="bitselect"/>
<opset="tmp_517/1 "/>
</bind>
</comp>

<comp id="4146" class="1004" name="not_tmp_603_fu_4146">
<pin_list>
<pin id="4147" dir="0" index="0" bw="1" slack="0"/>
<pin id="4148" dir="0" index="1" bw="1" slack="0"/>
<pin id="4149" dir="1" index="2" bw="1" slack="0"/>
</pin_list>
<bind>
<opcode="xor(25) " fcode="xor"/>
<opset="not_tmp_603/1 "/>
</bind>
</comp>

<comp id="4152" class="1004" name="and_ln46_172_fu_4152">
<pin_list>
<pin id="4153" dir="0" index="0" bw="1" slack="0"/>
<pin id="4154" dir="0" index="1" bw="1" slack="0"/>
<pin id="4155" dir="1" index="2" bw="1" slack="0"/>
</pin_list>
<bind>
<opcode="or(24) " fcode="or"/>
<opset="and_ln46_172/1 "/>
</bind>
</comp>

<comp id="4158" class="1004" name="empty_103_fu_4158">
<pin_list>
<pin id="4159" dir="0" index="0" bw="1" slack="0"/>
<pin id="4160" dir="0" index="1" bw="1" slack="0"/>
<pin id="4161" dir="1" index="2" bw="1" slack="0"/>
</pin_list>
<bind>
<opcode="and(23) " fcode="and"/>
<opset="empty_103/1 "/>
</bind>
</comp>

<comp id="4164" class="1004" name="or_ln46_258_fu_4164">
<pin_list>
<pin id="4165" dir="0" index="0" bw="1" slack="0"/>
<pin id="4166" dir="0" index="1" bw="1" slack="0"/>
<pin id="4167" dir="1" index="2" bw="1" slack="0"/>
</pin_list>
<bind>
<opcode="or(24) " fcode="or"/>
<opset="or_ln46_258/1 "/>
</bind>
</comp>

<comp id="4170" class="1004" name="xor_ln46_85_fu_4170">
<pin_list>
<pin id="4171" dir="0" index="0" bw="1" slack="0"/>
<pin id="4172" dir="0" index="1" bw="1" slack="0"/>
<pin id="4173" dir="1" index="2" bw="1" slack="0"/>
</pin_list>
<bind>
<opcode="xor(25) " fcode="xor"/>
<opset="xor_ln46_85/1 "/>
</bind>
</comp>

<comp id="4176" class="1004" name="or_ln46_259_fu_4176">
<pin_list>
<pin id="4177" dir="0" index="0" bw="1" slack="0"/>
<pin id="4178" dir="0" index="1" bw="1" slack="0"/>
<pin id="4179" dir="1" index="2" bw="1" slack="0"/>
</pin_list>
<bind>
<opcode="or(24) " fcode="or"/>
<opset="or_ln46_259/1 "/>
</bind>
</comp>

<comp id="4182" class="1004" name="select_ln46_257_fu_4182">
<pin_list>
<pin id="4183" dir="0" index="0" bw="1" slack="0"/>
<pin id="4184" dir="0" index="1" bw="1" slack="0"/>
<pin id="4185" dir="0" index="2" bw="6" slack="0"/>
<pin id="4186" dir="1" index="3" bw="6" slack="0"/>
</pin_list>
<bind>
<opcode="select(49) " fcode="select"/>
<opset="select_ln46_257/1 "/>
</bind>
</comp>

<comp id="4190" class="1004" name="select_ln46_258_fu_4190">
<pin_list>
<pin id="4191" dir="0" index="0" bw="1" slack="0"/>
<pin id="4192" dir="0" index="1" bw="6" slack="0"/>
<pin id="4193" dir="0" index="2" bw="1" slack="0"/>
<pin id="4194" dir="1" index="3" bw="6" slack="0"/>
</pin_list>
<bind>
<opcode="select(49) " fcode="select"/>
<opset="select_ln46_258/1 "/>
</bind>
</comp>

<comp id="4198" class="1004" name="select_ln46_259_fu_4198">
<pin_list>
<pin id="4199" dir="0" index="0" bw="1" slack="0"/>
<pin id="4200" dir="0" index="1" bw="6" slack="0"/>
<pin id="4201" dir="0" index="2" bw="6" slack="0"/>
<pin id="4202" dir="1" index="3" bw="6" slack="0"/>
</pin_list>
<bind>
<opcode="select(49) " fcode="select"/>
<opset="select_ln46_259/1 "/>
</bind>
</comp>

<comp id="4206" class="1004" name="res_2786_0_fu_4206">
<pin_list>
<pin id="4207" dir="0" index="0" bw="1" slack="0"/>
<pin id="4208" dir="0" index="1" bw="6" slack="0"/>
<pin id="4209" dir="0" index="2" bw="1" slack="0"/>
<pin id="4210" dir="1" index="3" bw="6" slack="0"/>
</pin_list>
<bind>
<opcode="select(49) " fcode="select"/>
<opset="res_2786_0/1 "/>
</bind>
</comp>

<comp id="4214" class="1004" name="icmp_ln45_86_fu_4214">
<pin_list>
<pin id="4215" dir="0" index="0" bw="19" slack="0"/>
<pin id="4216" dir="0" index="1" bw="1" slack="0"/>
<pin id="4217" dir="1" index="2" bw="1" slack="0"/>
</pin_list>
<bind>
<opcode="icmp(45) " fcode="icmp"/>
<opset="icmp_ln45_86/1 "/>
</bind>
</comp>

<comp id="4220" class="1004" name="tmp_518_fu_4220">
<pin_list>
<pin id="4221" dir="0" index="0" bw="1" slack="0"/>
<pin id="4222" dir="0" index="1" bw="19" slack="0"/>
<pin id="4223" dir="0" index="2" bw="6" slack="0"/>
<pin id="4224" dir="1" index="3" bw="1" slack="0"/>
</pin_list>
<bind>
<opcode="bitselect(1000) " fcode="bitselect"/>
<opset="tmp_518/1 "/>
</bind>
</comp>

<comp id="4228" class="1004" name="trunc_ln46_84_fu_4228">
<pin_list>
<pin id="4229" dir="0" index="0" bw="6" slack="0"/>
<pin id="4230" dir="0" index="1" bw="19" slack="0"/>
<pin id="4231" dir="0" index="2" bw="4" slack="0"/>
<pin id="4232" dir="0" index="3" bw="5" slack="0"/>
<pin id="4233" dir="1" index="4" bw="6" slack="0"/>
</pin_list>
<bind>
<opcode="partselect(1002) " fcode="partselect"/>
<opset="trunc_ln46_84/1 "/>
</bind>
</comp>

<comp id="4238" class="1004" name="tmp_519_fu_4238">
<pin_list>
<pin id="4239" dir="0" index="0" bw="1" slack="0"/>
<pin id="4240" dir="0" index="1" bw="19" slack="0"/>
<pin id="4241" dir="0" index="2" bw="4" slack="0"/>
<pin id="4242" dir="1" index="3" bw="1" slack="0"/>
</pin_list>
<bind>
<opcode="bitselect(1000) " fcode="bitselect"/>
<opset="tmp_519/1 "/>
</bind>
</comp>

<comp id="4246" class="1004" name="trunc_ln46_148_fu_4246">
<pin_list>
<pin id="4247" dir="0" index="0" bw="19" slack="0"/>
<pin id="4248" dir="1" index="1" bw="4" slack="0"/>
</pin_list>
<bind>
<opcode="trunc(33) " fcode="trunc"/>
<opset="trunc_ln46_148/1 "/>
</bind>
</comp>

<comp id="4250" class="1004" name="icmp_ln46_173_fu_4250">
<pin_list>
<pin id="4251" dir="0" index="0" bw="4" slack="0"/>
<pin id="4252" dir="0" index="1" bw="1" slack="0"/>
<pin id="4253" dir="1" index="2" bw="1" slack="0"/>
</pin_list>
<bind>
<opcode="icmp(45) " fcode="icmp"/>
<opset="icmp_ln46_173/1 "/>
</bind>
</comp>

<comp id="4256" class="1004" name="tmp_520_fu_4256">
<pin_list>
<pin id="4257" dir="0" index="0" bw="1" slack="0"/>
<pin id="4258" dir="0" index="1" bw="19" slack="0"/>
<pin id="4259" dir="0" index="2" bw="5" slack="0"/>
<pin id="4260" dir="1" index="3" bw="1" slack="0"/>
</pin_list>
<bind>
<opcode="bitselect(1000) " fcode="bitselect"/>
<opset="tmp_520/1 "/>
</bind>
</comp>

<comp id="4264" class="1004" name="tmp_521_fu_4264">
<pin_list>
<pin id="4265" dir="0" index="0" bw="1" slack="0"/>
<pin id="4266" dir="0" index="1" bw="19" slack="0"/>
<pin id="4267" dir="0" index="2" bw="4" slack="0"/>
<pin id="4268" dir="1" index="3" bw="1" slack="0"/>
</pin_list>
<bind>
<opcode="bitselect(1000) " fcode="bitselect"/>
<opset="tmp_521/1 "/>
</bind>
</comp>

<comp id="4272" class="1004" name="or_ln46_260_fu_4272">
<pin_list>
<pin id="4273" dir="0" index="0" bw="1" slack="0"/>
<pin id="4274" dir="0" index="1" bw="1" slack="0"/>
<pin id="4275" dir="1" index="2" bw="1" slack="0"/>
</pin_list>
<bind>
<opcode="or(24) " fcode="or"/>
<opset="or_ln46_260/1 "/>
</bind>
</comp>

<comp id="4278" class="1004" name="and_ln46_171_fu_4278">
<pin_list>
<pin id="4279" dir="0" index="0" bw="1" slack="0"/>
<pin id="4280" dir="0" index="1" bw="1" slack="0"/>
<pin id="4281" dir="1" index="2" bw="1" slack="0"/>
</pin_list>
<bind>
<opcode="and(23) " fcode="and"/>
<opset="and_ln46_171/1 "/>
</bind>
</comp>

<comp id="4284" class="1004" name="zext_ln46_86_fu_4284">
<pin_list>
<pin id="4285" dir="0" index="0" bw="1" slack="0"/>
<pin id="4286" dir="1" index="1" bw="6" slack="0"/>
</pin_list>
<bind>
<opcode="zext(34) " fcode="zext"/>
<opset="zext_ln46_86/1 "/>
</bind>
</comp>

<comp id="4288" class="1004" name="add_ln46_86_fu_4288">
<pin_list>
<pin id="4289" dir="0" index="0" bw="6" slack="0"/>
<pin id="4290" dir="0" index="1" bw="1" slack="0"/>
<pin id="4291" dir="1" index="2" bw="6" slack="0"/>
</pin_list>
<bind>
<opcode="add(8) " fcode="add"/>
<opset="add_ln46_86/1 "/>
</bind>
</comp>

<comp id="4294" class="1004" name="tmp_522_fu_4294">
<pin_list>
<pin id="4295" dir="0" index="0" bw="8" slack="0"/>
<pin id="4296" dir="0" index="1" bw="19" slack="0"/>
<pin id="4297" dir="0" index="2" bw="5" slack="0"/>
<pin id="4298" dir="0" index="3" bw="6" slack="0"/>
<pin id="4299" dir="1" index="4" bw="8" slack="0"/>
</pin_list>
<bind>
<opcode="partselect(1002) " fcode="partselect"/>
<opset="tmp_522/1 "/>
</bind>
</comp>

<comp id="4304" class="1004" name="icmp_ln46_174_fu_4304">
<pin_list>
<pin id="4305" dir="0" index="0" bw="8" slack="0"/>
<pin id="4306" dir="0" index="1" bw="1" slack="0"/>
<pin id="4307" dir="1" index="2" bw="1" slack="0"/>
</pin_list>
<bind>
<opcode="icmp(45) " fcode="icmp"/>
<opset="icmp_ln46_174/1 "/>
</bind>
</comp>

<comp id="4310" class="1004" name="tmp_523_fu_4310">
<pin_list>
<pin id="4311" dir="0" index="0" bw="1" slack="0"/>
<pin id="4312" dir="0" index="1" bw="6" slack="0"/>
<pin id="4313" dir="0" index="2" bw="4" slack="0"/>
<pin id="4314" dir="1" index="3" bw="1" slack="0"/>
</pin_list>
<bind>
<opcode="bitselect(1000) " fcode="bitselect"/>
<opset="tmp_523/1 "/>
</bind>
</comp>

<comp id="4318" class="1004" name="not_tmp_610_fu_4318">
<pin_list>
<pin id="4319" dir="0" index="0" bw="1" slack="0"/>
<pin id="4320" dir="0" index="1" bw="1" slack="0"/>
<pin id="4321" dir="1" index="2" bw="1" slack="0"/>
</pin_list>
<bind>
<opcode="xor(25) " fcode="xor"/>
<opset="not_tmp_610/1 "/>
</bind>
</comp>

<comp id="4324" class="1004" name="and_ln46_174_fu_4324">
<pin_list>
<pin id="4325" dir="0" index="0" bw="1" slack="0"/>
<pin id="4326" dir="0" index="1" bw="1" slack="0"/>
<pin id="4327" dir="1" index="2" bw="1" slack="0"/>
</pin_list>
<bind>
<opcode="or(24) " fcode="or"/>
<opset="and_ln46_174/1 "/>
</bind>
</comp>

<comp id="4330" class="1004" name="empty_104_fu_4330">
<pin_list>
<pin id="4331" dir="0" index="0" bw="1" slack="0"/>
<pin id="4332" dir="0" index="1" bw="1" slack="0"/>
<pin id="4333" dir="1" index="2" bw="1" slack="0"/>
</pin_list>
<bind>
<opcode="and(23) " fcode="and"/>
<opset="empty_104/1 "/>
</bind>
</comp>

<comp id="4336" class="1004" name="or_ln46_261_fu_4336">
<pin_list>
<pin id="4337" dir="0" index="0" bw="1" slack="0"/>
<pin id="4338" dir="0" index="1" bw="1" slack="0"/>
<pin id="4339" dir="1" index="2" bw="1" slack="0"/>
</pin_list>
<bind>
<opcode="or(24) " fcode="or"/>
<opset="or_ln46_261/1 "/>
</bind>
</comp>

<comp id="4342" class="1004" name="xor_ln46_86_fu_4342">
<pin_list>
<pin id="4343" dir="0" index="0" bw="1" slack="0"/>
<pin id="4344" dir="0" index="1" bw="1" slack="0"/>
<pin id="4345" dir="1" index="2" bw="1" slack="0"/>
</pin_list>
<bind>
<opcode="xor(25) " fcode="xor"/>
<opset="xor_ln46_86/1 "/>
</bind>
</comp>

<comp id="4348" class="1004" name="or_ln46_262_fu_4348">
<pin_list>
<pin id="4349" dir="0" index="0" bw="1" slack="0"/>
<pin id="4350" dir="0" index="1" bw="1" slack="0"/>
<pin id="4351" dir="1" index="2" bw="1" slack="0"/>
</pin_list>
<bind>
<opcode="or(24) " fcode="or"/>
<opset="or_ln46_262/1 "/>
</bind>
</comp>

<comp id="4354" class="1004" name="select_ln46_260_fu_4354">
<pin_list>
<pin id="4355" dir="0" index="0" bw="1" slack="0"/>
<pin id="4356" dir="0" index="1" bw="1" slack="0"/>
<pin id="4357" dir="0" index="2" bw="6" slack="0"/>
<pin id="4358" dir="1" index="3" bw="6" slack="0"/>
</pin_list>
<bind>
<opcode="select(49) " fcode="select"/>
<opset="select_ln46_260/1 "/>
</bind>
</comp>

<comp id="4362" class="1004" name="select_ln46_261_fu_4362">
<pin_list>
<pin id="4363" dir="0" index="0" bw="1" slack="0"/>
<pin id="4364" dir="0" index="1" bw="6" slack="0"/>
<pin id="4365" dir="0" index="2" bw="1" slack="0"/>
<pin id="4366" dir="1" index="3" bw="6" slack="0"/>
</pin_list>
<bind>
<opcode="select(49) " fcode="select"/>
<opset="select_ln46_261/1 "/>
</bind>
</comp>

<comp id="4370" class="1004" name="select_ln46_262_fu_4370">
<pin_list>
<pin id="4371" dir="0" index="0" bw="1" slack="0"/>
<pin id="4372" dir="0" index="1" bw="6" slack="0"/>
<pin id="4373" dir="0" index="2" bw="6" slack="0"/>
<pin id="4374" dir="1" index="3" bw="6" slack="0"/>
</pin_list>
<bind>
<opcode="select(49) " fcode="select"/>
<opset="select_ln46_262/1 "/>
</bind>
</comp>

<comp id="4378" class="1004" name="res_28_0_fu_4378">
<pin_list>
<pin id="4379" dir="0" index="0" bw="1" slack="0"/>
<pin id="4380" dir="0" index="1" bw="6" slack="0"/>
<pin id="4381" dir="0" index="2" bw="1" slack="0"/>
<pin id="4382" dir="1" index="3" bw="6" slack="0"/>
</pin_list>
<bind>
<opcode="select(49) " fcode="select"/>
<opset="res_28_0/1 "/>
</bind>
</comp>

<comp id="4386" class="1004" name="icmp_ln45_87_fu_4386">
<pin_list>
<pin id="4387" dir="0" index="0" bw="19" slack="0"/>
<pin id="4388" dir="0" index="1" bw="1" slack="0"/>
<pin id="4389" dir="1" index="2" bw="1" slack="0"/>
</pin_list>
<bind>
<opcode="icmp(45) " fcode="icmp"/>
<opset="icmp_ln45_87/1 "/>
</bind>
</comp>

<comp id="4392" class="1004" name="tmp_524_fu_4392">
<pin_list>
<pin id="4393" dir="0" index="0" bw="1" slack="0"/>
<pin id="4394" dir="0" index="1" bw="19" slack="0"/>
<pin id="4395" dir="0" index="2" bw="6" slack="0"/>
<pin id="4396" dir="1" index="3" bw="1" slack="0"/>
</pin_list>
<bind>
<opcode="bitselect(1000) " fcode="bitselect"/>
<opset="tmp_524/1 "/>
</bind>
</comp>

<comp id="4400" class="1004" name="trunc_ln46_85_fu_4400">
<pin_list>
<pin id="4401" dir="0" index="0" bw="6" slack="0"/>
<pin id="4402" dir="0" index="1" bw="19" slack="0"/>
<pin id="4403" dir="0" index="2" bw="4" slack="0"/>
<pin id="4404" dir="0" index="3" bw="5" slack="0"/>
<pin id="4405" dir="1" index="4" bw="6" slack="0"/>
</pin_list>
<bind>
<opcode="partselect(1002) " fcode="partselect"/>
<opset="trunc_ln46_85/1 "/>
</bind>
</comp>

<comp id="4410" class="1004" name="tmp_525_fu_4410">
<pin_list>
<pin id="4411" dir="0" index="0" bw="1" slack="0"/>
<pin id="4412" dir="0" index="1" bw="19" slack="0"/>
<pin id="4413" dir="0" index="2" bw="4" slack="0"/>
<pin id="4414" dir="1" index="3" bw="1" slack="0"/>
</pin_list>
<bind>
<opcode="bitselect(1000) " fcode="bitselect"/>
<opset="tmp_525/1 "/>
</bind>
</comp>

<comp id="4418" class="1004" name="trunc_ln46_149_fu_4418">
<pin_list>
<pin id="4419" dir="0" index="0" bw="19" slack="0"/>
<pin id="4420" dir="1" index="1" bw="4" slack="0"/>
</pin_list>
<bind>
<opcode="trunc(33) " fcode="trunc"/>
<opset="trunc_ln46_149/1 "/>
</bind>
</comp>

<comp id="4422" class="1004" name="icmp_ln46_175_fu_4422">
<pin_list>
<pin id="4423" dir="0" index="0" bw="4" slack="0"/>
<pin id="4424" dir="0" index="1" bw="1" slack="0"/>
<pin id="4425" dir="1" index="2" bw="1" slack="0"/>
</pin_list>
<bind>
<opcode="icmp(45) " fcode="icmp"/>
<opset="icmp_ln46_175/1 "/>
</bind>
</comp>

<comp id="4428" class="1004" name="tmp_526_fu_4428">
<pin_list>
<pin id="4429" dir="0" index="0" bw="1" slack="0"/>
<pin id="4430" dir="0" index="1" bw="19" slack="0"/>
<pin id="4431" dir="0" index="2" bw="5" slack="0"/>
<pin id="4432" dir="1" index="3" bw="1" slack="0"/>
</pin_list>
<bind>
<opcode="bitselect(1000) " fcode="bitselect"/>
<opset="tmp_526/1 "/>
</bind>
</comp>

<comp id="4436" class="1004" name="tmp_527_fu_4436">
<pin_list>
<pin id="4437" dir="0" index="0" bw="1" slack="0"/>
<pin id="4438" dir="0" index="1" bw="19" slack="0"/>
<pin id="4439" dir="0" index="2" bw="4" slack="0"/>
<pin id="4440" dir="1" index="3" bw="1" slack="0"/>
</pin_list>
<bind>
<opcode="bitselect(1000) " fcode="bitselect"/>
<opset="tmp_527/1 "/>
</bind>
</comp>

<comp id="4444" class="1004" name="or_ln46_263_fu_4444">
<pin_list>
<pin id="4445" dir="0" index="0" bw="1" slack="0"/>
<pin id="4446" dir="0" index="1" bw="1" slack="0"/>
<pin id="4447" dir="1" index="2" bw="1" slack="0"/>
</pin_list>
<bind>
<opcode="or(24) " fcode="or"/>
<opset="or_ln46_263/1 "/>
</bind>
</comp>

<comp id="4450" class="1004" name="and_ln46_173_fu_4450">
<pin_list>
<pin id="4451" dir="0" index="0" bw="1" slack="0"/>
<pin id="4452" dir="0" index="1" bw="1" slack="0"/>
<pin id="4453" dir="1" index="2" bw="1" slack="0"/>
</pin_list>
<bind>
<opcode="and(23) " fcode="and"/>
<opset="and_ln46_173/1 "/>
</bind>
</comp>

<comp id="4456" class="1004" name="zext_ln46_87_fu_4456">
<pin_list>
<pin id="4457" dir="0" index="0" bw="1" slack="0"/>
<pin id="4458" dir="1" index="1" bw="6" slack="0"/>
</pin_list>
<bind>
<opcode="zext(34) " fcode="zext"/>
<opset="zext_ln46_87/1 "/>
</bind>
</comp>

<comp id="4460" class="1004" name="add_ln46_87_fu_4460">
<pin_list>
<pin id="4461" dir="0" index="0" bw="6" slack="0"/>
<pin id="4462" dir="0" index="1" bw="1" slack="0"/>
<pin id="4463" dir="1" index="2" bw="6" slack="0"/>
</pin_list>
<bind>
<opcode="add(8) " fcode="add"/>
<opset="add_ln46_87/1 "/>
</bind>
</comp>

<comp id="4466" class="1004" name="tmp_528_fu_4466">
<pin_list>
<pin id="4467" dir="0" index="0" bw="8" slack="0"/>
<pin id="4468" dir="0" index="1" bw="19" slack="0"/>
<pin id="4469" dir="0" index="2" bw="5" slack="0"/>
<pin id="4470" dir="0" index="3" bw="6" slack="0"/>
<pin id="4471" dir="1" index="4" bw="8" slack="0"/>
</pin_list>
<bind>
<opcode="partselect(1002) " fcode="partselect"/>
<opset="tmp_528/1 "/>
</bind>
</comp>

<comp id="4476" class="1004" name="icmp_ln46_176_fu_4476">
<pin_list>
<pin id="4477" dir="0" index="0" bw="8" slack="0"/>
<pin id="4478" dir="0" index="1" bw="1" slack="0"/>
<pin id="4479" dir="1" index="2" bw="1" slack="0"/>
</pin_list>
<bind>
<opcode="icmp(45) " fcode="icmp"/>
<opset="icmp_ln46_176/1 "/>
</bind>
</comp>

<comp id="4482" class="1004" name="tmp_529_fu_4482">
<pin_list>
<pin id="4483" dir="0" index="0" bw="1" slack="0"/>
<pin id="4484" dir="0" index="1" bw="6" slack="0"/>
<pin id="4485" dir="0" index="2" bw="4" slack="0"/>
<pin id="4486" dir="1" index="3" bw="1" slack="0"/>
</pin_list>
<bind>
<opcode="bitselect(1000) " fcode="bitselect"/>
<opset="tmp_529/1 "/>
</bind>
</comp>

<comp id="4490" class="1004" name="not_tmp_617_fu_4490">
<pin_list>
<pin id="4491" dir="0" index="0" bw="1" slack="0"/>
<pin id="4492" dir="0" index="1" bw="1" slack="0"/>
<pin id="4493" dir="1" index="2" bw="1" slack="0"/>
</pin_list>
<bind>
<opcode="xor(25) " fcode="xor"/>
<opset="not_tmp_617/1 "/>
</bind>
</comp>

<comp id="4496" class="1004" name="and_ln46_176_fu_4496">
<pin_list>
<pin id="4497" dir="0" index="0" bw="1" slack="0"/>
<pin id="4498" dir="0" index="1" bw="1" slack="0"/>
<pin id="4499" dir="1" index="2" bw="1" slack="0"/>
</pin_list>
<bind>
<opcode="or(24) " fcode="or"/>
<opset="and_ln46_176/1 "/>
</bind>
</comp>

<comp id="4502" class="1004" name="empty_105_fu_4502">
<pin_list>
<pin id="4503" dir="0" index="0" bw="1" slack="0"/>
<pin id="4504" dir="0" index="1" bw="1" slack="0"/>
<pin id="4505" dir="1" index="2" bw="1" slack="0"/>
</pin_list>
<bind>
<opcode="and(23) " fcode="and"/>
<opset="empty_105/1 "/>
</bind>
</comp>

<comp id="4508" class="1004" name="or_ln46_264_fu_4508">
<pin_list>
<pin id="4509" dir="0" index="0" bw="1" slack="0"/>
<pin id="4510" dir="0" index="1" bw="1" slack="0"/>
<pin id="4511" dir="1" index="2" bw="1" slack="0"/>
</pin_list>
<bind>
<opcode="or(24) " fcode="or"/>
<opset="or_ln46_264/1 "/>
</bind>
</comp>

<comp id="4514" class="1004" name="xor_ln46_87_fu_4514">
<pin_list>
<pin id="4515" dir="0" index="0" bw="1" slack="0"/>
<pin id="4516" dir="0" index="1" bw="1" slack="0"/>
<pin id="4517" dir="1" index="2" bw="1" slack="0"/>
</pin_list>
<bind>
<opcode="xor(25) " fcode="xor"/>
<opset="xor_ln46_87/1 "/>
</bind>
</comp>

<comp id="4520" class="1004" name="or_ln46_265_fu_4520">
<pin_list>
<pin id="4521" dir="0" index="0" bw="1" slack="0"/>
<pin id="4522" dir="0" index="1" bw="1" slack="0"/>
<pin id="4523" dir="1" index="2" bw="1" slack="0"/>
</pin_list>
<bind>
<opcode="or(24) " fcode="or"/>
<opset="or_ln46_265/1 "/>
</bind>
</comp>

<comp id="4526" class="1004" name="select_ln46_263_fu_4526">
<pin_list>
<pin id="4527" dir="0" index="0" bw="1" slack="0"/>
<pin id="4528" dir="0" index="1" bw="1" slack="0"/>
<pin id="4529" dir="0" index="2" bw="6" slack="0"/>
<pin id="4530" dir="1" index="3" bw="6" slack="0"/>
</pin_list>
<bind>
<opcode="select(49) " fcode="select"/>
<opset="select_ln46_263/1 "/>
</bind>
</comp>

<comp id="4534" class="1004" name="select_ln46_264_fu_4534">
<pin_list>
<pin id="4535" dir="0" index="0" bw="1" slack="0"/>
<pin id="4536" dir="0" index="1" bw="6" slack="0"/>
<pin id="4537" dir="0" index="2" bw="1" slack="0"/>
<pin id="4538" dir="1" index="3" bw="6" slack="0"/>
</pin_list>
<bind>
<opcode="select(49) " fcode="select"/>
<opset="select_ln46_264/1 "/>
</bind>
</comp>

<comp id="4542" class="1004" name="select_ln46_265_fu_4542">
<pin_list>
<pin id="4543" dir="0" index="0" bw="1" slack="0"/>
<pin id="4544" dir="0" index="1" bw="6" slack="0"/>
<pin id="4545" dir="0" index="2" bw="6" slack="0"/>
<pin id="4546" dir="1" index="3" bw="6" slack="0"/>
</pin_list>
<bind>
<opcode="select(49) " fcode="select"/>
<opset="select_ln46_265/1 "/>
</bind>
</comp>

<comp id="4550" class="1004" name="res_29_0_fu_4550">
<pin_list>
<pin id="4551" dir="0" index="0" bw="1" slack="0"/>
<pin id="4552" dir="0" index="1" bw="6" slack="0"/>
<pin id="4553" dir="0" index="2" bw="1" slack="0"/>
<pin id="4554" dir="1" index="3" bw="6" slack="0"/>
</pin_list>
<bind>
<opcode="select(49) " fcode="select"/>
<opset="res_29_0/1 "/>
</bind>
</comp>

<comp id="4558" class="1004" name="icmp_ln45_88_fu_4558">
<pin_list>
<pin id="4559" dir="0" index="0" bw="19" slack="0"/>
<pin id="4560" dir="0" index="1" bw="1" slack="0"/>
<pin id="4561" dir="1" index="2" bw="1" slack="0"/>
</pin_list>
<bind>
<opcode="icmp(45) " fcode="icmp"/>
<opset="icmp_ln45_88/1 "/>
</bind>
</comp>

<comp id="4564" class="1004" name="tmp_530_fu_4564">
<pin_list>
<pin id="4565" dir="0" index="0" bw="1" slack="0"/>
<pin id="4566" dir="0" index="1" bw="19" slack="0"/>
<pin id="4567" dir="0" index="2" bw="6" slack="0"/>
<pin id="4568" dir="1" index="3" bw="1" slack="0"/>
</pin_list>
<bind>
<opcode="bitselect(1000) " fcode="bitselect"/>
<opset="tmp_530/1 "/>
</bind>
</comp>

<comp id="4572" class="1004" name="trunc_ln46_86_fu_4572">
<pin_list>
<pin id="4573" dir="0" index="0" bw="6" slack="0"/>
<pin id="4574" dir="0" index="1" bw="19" slack="0"/>
<pin id="4575" dir="0" index="2" bw="4" slack="0"/>
<pin id="4576" dir="0" index="3" bw="5" slack="0"/>
<pin id="4577" dir="1" index="4" bw="6" slack="0"/>
</pin_list>
<bind>
<opcode="partselect(1002) " fcode="partselect"/>
<opset="trunc_ln46_86/1 "/>
</bind>
</comp>

<comp id="4582" class="1004" name="tmp_531_fu_4582">
<pin_list>
<pin id="4583" dir="0" index="0" bw="1" slack="0"/>
<pin id="4584" dir="0" index="1" bw="19" slack="0"/>
<pin id="4585" dir="0" index="2" bw="4" slack="0"/>
<pin id="4586" dir="1" index="3" bw="1" slack="0"/>
</pin_list>
<bind>
<opcode="bitselect(1000) " fcode="bitselect"/>
<opset="tmp_531/1 "/>
</bind>
</comp>

<comp id="4590" class="1004" name="trunc_ln46_150_fu_4590">
<pin_list>
<pin id="4591" dir="0" index="0" bw="19" slack="0"/>
<pin id="4592" dir="1" index="1" bw="4" slack="0"/>
</pin_list>
<bind>
<opcode="trunc(33) " fcode="trunc"/>
<opset="trunc_ln46_150/1 "/>
</bind>
</comp>

<comp id="4594" class="1004" name="icmp_ln46_177_fu_4594">
<pin_list>
<pin id="4595" dir="0" index="0" bw="4" slack="0"/>
<pin id="4596" dir="0" index="1" bw="1" slack="0"/>
<pin id="4597" dir="1" index="2" bw="1" slack="0"/>
</pin_list>
<bind>
<opcode="icmp(45) " fcode="icmp"/>
<opset="icmp_ln46_177/1 "/>
</bind>
</comp>

<comp id="4600" class="1004" name="tmp_532_fu_4600">
<pin_list>
<pin id="4601" dir="0" index="0" bw="1" slack="0"/>
<pin id="4602" dir="0" index="1" bw="19" slack="0"/>
<pin id="4603" dir="0" index="2" bw="5" slack="0"/>
<pin id="4604" dir="1" index="3" bw="1" slack="0"/>
</pin_list>
<bind>
<opcode="bitselect(1000) " fcode="bitselect"/>
<opset="tmp_532/1 "/>
</bind>
</comp>

<comp id="4608" class="1004" name="tmp_533_fu_4608">
<pin_list>
<pin id="4609" dir="0" index="0" bw="1" slack="0"/>
<pin id="4610" dir="0" index="1" bw="19" slack="0"/>
<pin id="4611" dir="0" index="2" bw="4" slack="0"/>
<pin id="4612" dir="1" index="3" bw="1" slack="0"/>
</pin_list>
<bind>
<opcode="bitselect(1000) " fcode="bitselect"/>
<opset="tmp_533/1 "/>
</bind>
</comp>

<comp id="4616" class="1004" name="or_ln46_266_fu_4616">
<pin_list>
<pin id="4617" dir="0" index="0" bw="1" slack="0"/>
<pin id="4618" dir="0" index="1" bw="1" slack="0"/>
<pin id="4619" dir="1" index="2" bw="1" slack="0"/>
</pin_list>
<bind>
<opcode="or(24) " fcode="or"/>
<opset="or_ln46_266/1 "/>
</bind>
</comp>

<comp id="4622" class="1004" name="and_ln46_175_fu_4622">
<pin_list>
<pin id="4623" dir="0" index="0" bw="1" slack="0"/>
<pin id="4624" dir="0" index="1" bw="1" slack="0"/>
<pin id="4625" dir="1" index="2" bw="1" slack="0"/>
</pin_list>
<bind>
<opcode="and(23) " fcode="and"/>
<opset="and_ln46_175/1 "/>
</bind>
</comp>

<comp id="4628" class="1004" name="zext_ln46_88_fu_4628">
<pin_list>
<pin id="4629" dir="0" index="0" bw="1" slack="0"/>
<pin id="4630" dir="1" index="1" bw="6" slack="0"/>
</pin_list>
<bind>
<opcode="zext(34) " fcode="zext"/>
<opset="zext_ln46_88/1 "/>
</bind>
</comp>

<comp id="4632" class="1004" name="add_ln46_88_fu_4632">
<pin_list>
<pin id="4633" dir="0" index="0" bw="6" slack="0"/>
<pin id="4634" dir="0" index="1" bw="1" slack="0"/>
<pin id="4635" dir="1" index="2" bw="6" slack="0"/>
</pin_list>
<bind>
<opcode="add(8) " fcode="add"/>
<opset="add_ln46_88/1 "/>
</bind>
</comp>

<comp id="4638" class="1004" name="tmp_534_fu_4638">
<pin_list>
<pin id="4639" dir="0" index="0" bw="8" slack="0"/>
<pin id="4640" dir="0" index="1" bw="19" slack="0"/>
<pin id="4641" dir="0" index="2" bw="5" slack="0"/>
<pin id="4642" dir="0" index="3" bw="6" slack="0"/>
<pin id="4643" dir="1" index="4" bw="8" slack="0"/>
</pin_list>
<bind>
<opcode="partselect(1002) " fcode="partselect"/>
<opset="tmp_534/1 "/>
</bind>
</comp>

<comp id="4648" class="1004" name="icmp_ln46_178_fu_4648">
<pin_list>
<pin id="4649" dir="0" index="0" bw="8" slack="0"/>
<pin id="4650" dir="0" index="1" bw="1" slack="0"/>
<pin id="4651" dir="1" index="2" bw="1" slack="0"/>
</pin_list>
<bind>
<opcode="icmp(45) " fcode="icmp"/>
<opset="icmp_ln46_178/1 "/>
</bind>
</comp>

<comp id="4654" class="1004" name="tmp_535_fu_4654">
<pin_list>
<pin id="4655" dir="0" index="0" bw="1" slack="0"/>
<pin id="4656" dir="0" index="1" bw="6" slack="0"/>
<pin id="4657" dir="0" index="2" bw="4" slack="0"/>
<pin id="4658" dir="1" index="3" bw="1" slack="0"/>
</pin_list>
<bind>
<opcode="bitselect(1000) " fcode="bitselect"/>
<opset="tmp_535/1 "/>
</bind>
</comp>

<comp id="4662" class="1004" name="not_tmp_624_fu_4662">
<pin_list>
<pin id="4663" dir="0" index="0" bw="1" slack="0"/>
<pin id="4664" dir="0" index="1" bw="1" slack="0"/>
<pin id="4665" dir="1" index="2" bw="1" slack="0"/>
</pin_list>
<bind>
<opcode="xor(25) " fcode="xor"/>
<opset="not_tmp_624/1 "/>
</bind>
</comp>

<comp id="4668" class="1004" name="and_ln46_178_fu_4668">
<pin_list>
<pin id="4669" dir="0" index="0" bw="1" slack="0"/>
<pin id="4670" dir="0" index="1" bw="1" slack="0"/>
<pin id="4671" dir="1" index="2" bw="1" slack="0"/>
</pin_list>
<bind>
<opcode="or(24) " fcode="or"/>
<opset="and_ln46_178/1 "/>
</bind>
</comp>

<comp id="4674" class="1004" name="empty_106_fu_4674">
<pin_list>
<pin id="4675" dir="0" index="0" bw="1" slack="0"/>
<pin id="4676" dir="0" index="1" bw="1" slack="0"/>
<pin id="4677" dir="1" index="2" bw="1" slack="0"/>
</pin_list>
<bind>
<opcode="and(23) " fcode="and"/>
<opset="empty_106/1 "/>
</bind>
</comp>

<comp id="4680" class="1004" name="or_ln46_267_fu_4680">
<pin_list>
<pin id="4681" dir="0" index="0" bw="1" slack="0"/>
<pin id="4682" dir="0" index="1" bw="1" slack="0"/>
<pin id="4683" dir="1" index="2" bw="1" slack="0"/>
</pin_list>
<bind>
<opcode="or(24) " fcode="or"/>
<opset="or_ln46_267/1 "/>
</bind>
</comp>

<comp id="4686" class="1004" name="xor_ln46_88_fu_4686">
<pin_list>
<pin id="4687" dir="0" index="0" bw="1" slack="0"/>
<pin id="4688" dir="0" index="1" bw="1" slack="0"/>
<pin id="4689" dir="1" index="2" bw="1" slack="0"/>
</pin_list>
<bind>
<opcode="xor(25) " fcode="xor"/>
<opset="xor_ln46_88/1 "/>
</bind>
</comp>

<comp id="4692" class="1004" name="or_ln46_268_fu_4692">
<pin_list>
<pin id="4693" dir="0" index="0" bw="1" slack="0"/>
<pin id="4694" dir="0" index="1" bw="1" slack="0"/>
<pin id="4695" dir="1" index="2" bw="1" slack="0"/>
</pin_list>
<bind>
<opcode="or(24) " fcode="or"/>
<opset="or_ln46_268/1 "/>
</bind>
</comp>

<comp id="4698" class="1004" name="select_ln46_266_fu_4698">
<pin_list>
<pin id="4699" dir="0" index="0" bw="1" slack="0"/>
<pin id="4700" dir="0" index="1" bw="1" slack="0"/>
<pin id="4701" dir="0" index="2" bw="6" slack="0"/>
<pin id="4702" dir="1" index="3" bw="6" slack="0"/>
</pin_list>
<bind>
<opcode="select(49) " fcode="select"/>
<opset="select_ln46_266/1 "/>
</bind>
</comp>

<comp id="4706" class="1004" name="select_ln46_267_fu_4706">
<pin_list>
<pin id="4707" dir="0" index="0" bw="1" slack="0"/>
<pin id="4708" dir="0" index="1" bw="6" slack="0"/>
<pin id="4709" dir="0" index="2" bw="1" slack="0"/>
<pin id="4710" dir="1" index="3" bw="6" slack="0"/>
</pin_list>
<bind>
<opcode="select(49) " fcode="select"/>
<opset="select_ln46_267/1 "/>
</bind>
</comp>

<comp id="4714" class="1004" name="select_ln46_268_fu_4714">
<pin_list>
<pin id="4715" dir="0" index="0" bw="1" slack="0"/>
<pin id="4716" dir="0" index="1" bw="6" slack="0"/>
<pin id="4717" dir="0" index="2" bw="6" slack="0"/>
<pin id="4718" dir="1" index="3" bw="6" slack="0"/>
</pin_list>
<bind>
<opcode="select(49) " fcode="select"/>
<opset="select_ln46_268/1 "/>
</bind>
</comp>

<comp id="4722" class="1004" name="res_30_0_fu_4722">
<pin_list>
<pin id="4723" dir="0" index="0" bw="1" slack="0"/>
<pin id="4724" dir="0" index="1" bw="6" slack="0"/>
<pin id="4725" dir="0" index="2" bw="1" slack="0"/>
<pin id="4726" dir="1" index="3" bw="6" slack="0"/>
</pin_list>
<bind>
<opcode="select(49) " fcode="select"/>
<opset="res_30_0/1 "/>
</bind>
</comp>

<comp id="4730" class="1004" name="icmp_ln45_89_fu_4730">
<pin_list>
<pin id="4731" dir="0" index="0" bw="19" slack="0"/>
<pin id="4732" dir="0" index="1" bw="1" slack="0"/>
<pin id="4733" dir="1" index="2" bw="1" slack="0"/>
</pin_list>
<bind>
<opcode="icmp(45) " fcode="icmp"/>
<opset="icmp_ln45_89/1 "/>
</bind>
</comp>

<comp id="4736" class="1004" name="tmp_536_fu_4736">
<pin_list>
<pin id="4737" dir="0" index="0" bw="1" slack="0"/>
<pin id="4738" dir="0" index="1" bw="19" slack="0"/>
<pin id="4739" dir="0" index="2" bw="6" slack="0"/>
<pin id="4740" dir="1" index="3" bw="1" slack="0"/>
</pin_list>
<bind>
<opcode="bitselect(1000) " fcode="bitselect"/>
<opset="tmp_536/1 "/>
</bind>
</comp>

<comp id="4744" class="1004" name="trunc_ln46_87_fu_4744">
<pin_list>
<pin id="4745" dir="0" index="0" bw="6" slack="0"/>
<pin id="4746" dir="0" index="1" bw="19" slack="0"/>
<pin id="4747" dir="0" index="2" bw="4" slack="0"/>
<pin id="4748" dir="0" index="3" bw="5" slack="0"/>
<pin id="4749" dir="1" index="4" bw="6" slack="0"/>
</pin_list>
<bind>
<opcode="partselect(1002) " fcode="partselect"/>
<opset="trunc_ln46_87/1 "/>
</bind>
</comp>

<comp id="4754" class="1004" name="tmp_537_fu_4754">
<pin_list>
<pin id="4755" dir="0" index="0" bw="1" slack="0"/>
<pin id="4756" dir="0" index="1" bw="19" slack="0"/>
<pin id="4757" dir="0" index="2" bw="4" slack="0"/>
<pin id="4758" dir="1" index="3" bw="1" slack="0"/>
</pin_list>
<bind>
<opcode="bitselect(1000) " fcode="bitselect"/>
<opset="tmp_537/1 "/>
</bind>
</comp>

<comp id="4762" class="1004" name="trunc_ln46_151_fu_4762">
<pin_list>
<pin id="4763" dir="0" index="0" bw="19" slack="0"/>
<pin id="4764" dir="1" index="1" bw="4" slack="0"/>
</pin_list>
<bind>
<opcode="trunc(33) " fcode="trunc"/>
<opset="trunc_ln46_151/1 "/>
</bind>
</comp>

<comp id="4766" class="1004" name="icmp_ln46_179_fu_4766">
<pin_list>
<pin id="4767" dir="0" index="0" bw="4" slack="0"/>
<pin id="4768" dir="0" index="1" bw="1" slack="0"/>
<pin id="4769" dir="1" index="2" bw="1" slack="0"/>
</pin_list>
<bind>
<opcode="icmp(45) " fcode="icmp"/>
<opset="icmp_ln46_179/1 "/>
</bind>
</comp>

<comp id="4772" class="1004" name="tmp_538_fu_4772">
<pin_list>
<pin id="4773" dir="0" index="0" bw="1" slack="0"/>
<pin id="4774" dir="0" index="1" bw="19" slack="0"/>
<pin id="4775" dir="0" index="2" bw="5" slack="0"/>
<pin id="4776" dir="1" index="3" bw="1" slack="0"/>
</pin_list>
<bind>
<opcode="bitselect(1000) " fcode="bitselect"/>
<opset="tmp_538/1 "/>
</bind>
</comp>

<comp id="4780" class="1004" name="tmp_539_fu_4780">
<pin_list>
<pin id="4781" dir="0" index="0" bw="1" slack="0"/>
<pin id="4782" dir="0" index="1" bw="19" slack="0"/>
<pin id="4783" dir="0" index="2" bw="4" slack="0"/>
<pin id="4784" dir="1" index="3" bw="1" slack="0"/>
</pin_list>
<bind>
<opcode="bitselect(1000) " fcode="bitselect"/>
<opset="tmp_539/1 "/>
</bind>
</comp>

<comp id="4788" class="1004" name="or_ln46_269_fu_4788">
<pin_list>
<pin id="4789" dir="0" index="0" bw="1" slack="0"/>
<pin id="4790" dir="0" index="1" bw="1" slack="0"/>
<pin id="4791" dir="1" index="2" bw="1" slack="0"/>
</pin_list>
<bind>
<opcode="or(24) " fcode="or"/>
<opset="or_ln46_269/1 "/>
</bind>
</comp>

<comp id="4794" class="1004" name="and_ln46_177_fu_4794">
<pin_list>
<pin id="4795" dir="0" index="0" bw="1" slack="0"/>
<pin id="4796" dir="0" index="1" bw="1" slack="0"/>
<pin id="4797" dir="1" index="2" bw="1" slack="0"/>
</pin_list>
<bind>
<opcode="and(23) " fcode="and"/>
<opset="and_ln46_177/1 "/>
</bind>
</comp>

<comp id="4800" class="1004" name="zext_ln46_89_fu_4800">
<pin_list>
<pin id="4801" dir="0" index="0" bw="1" slack="0"/>
<pin id="4802" dir="1" index="1" bw="6" slack="0"/>
</pin_list>
<bind>
<opcode="zext(34) " fcode="zext"/>
<opset="zext_ln46_89/1 "/>
</bind>
</comp>

<comp id="4804" class="1004" name="add_ln46_89_fu_4804">
<pin_list>
<pin id="4805" dir="0" index="0" bw="6" slack="0"/>
<pin id="4806" dir="0" index="1" bw="1" slack="0"/>
<pin id="4807" dir="1" index="2" bw="6" slack="0"/>
</pin_list>
<bind>
<opcode="add(8) " fcode="add"/>
<opset="add_ln46_89/1 "/>
</bind>
</comp>

<comp id="4810" class="1004" name="tmp_540_fu_4810">
<pin_list>
<pin id="4811" dir="0" index="0" bw="8" slack="0"/>
<pin id="4812" dir="0" index="1" bw="19" slack="0"/>
<pin id="4813" dir="0" index="2" bw="5" slack="0"/>
<pin id="4814" dir="0" index="3" bw="6" slack="0"/>
<pin id="4815" dir="1" index="4" bw="8" slack="0"/>
</pin_list>
<bind>
<opcode="partselect(1002) " fcode="partselect"/>
<opset="tmp_540/1 "/>
</bind>
</comp>

<comp id="4820" class="1004" name="icmp_ln46_180_fu_4820">
<pin_list>
<pin id="4821" dir="0" index="0" bw="8" slack="0"/>
<pin id="4822" dir="0" index="1" bw="1" slack="0"/>
<pin id="4823" dir="1" index="2" bw="1" slack="0"/>
</pin_list>
<bind>
<opcode="icmp(45) " fcode="icmp"/>
<opset="icmp_ln46_180/1 "/>
</bind>
</comp>

<comp id="4826" class="1004" name="tmp_541_fu_4826">
<pin_list>
<pin id="4827" dir="0" index="0" bw="1" slack="0"/>
<pin id="4828" dir="0" index="1" bw="6" slack="0"/>
<pin id="4829" dir="0" index="2" bw="4" slack="0"/>
<pin id="4830" dir="1" index="3" bw="1" slack="0"/>
</pin_list>
<bind>
<opcode="bitselect(1000) " fcode="bitselect"/>
<opset="tmp_541/1 "/>
</bind>
</comp>

<comp id="4834" class="1004" name="not_tmp_631_fu_4834">
<pin_list>
<pin id="4835" dir="0" index="0" bw="1" slack="0"/>
<pin id="4836" dir="0" index="1" bw="1" slack="0"/>
<pin id="4837" dir="1" index="2" bw="1" slack="0"/>
</pin_list>
<bind>
<opcode="xor(25) " fcode="xor"/>
<opset="not_tmp_631/1 "/>
</bind>
</comp>

<comp id="4840" class="1004" name="and_ln46_180_fu_4840">
<pin_list>
<pin id="4841" dir="0" index="0" bw="1" slack="0"/>
<pin id="4842" dir="0" index="1" bw="1" slack="0"/>
<pin id="4843" dir="1" index="2" bw="1" slack="0"/>
</pin_list>
<bind>
<opcode="or(24) " fcode="or"/>
<opset="and_ln46_180/1 "/>
</bind>
</comp>

<comp id="4846" class="1004" name="empty_107_fu_4846">
<pin_list>
<pin id="4847" dir="0" index="0" bw="1" slack="0"/>
<pin id="4848" dir="0" index="1" bw="1" slack="0"/>
<pin id="4849" dir="1" index="2" bw="1" slack="0"/>
</pin_list>
<bind>
<opcode="and(23) " fcode="and"/>
<opset="empty_107/1 "/>
</bind>
</comp>

<comp id="4852" class="1004" name="or_ln46_270_fu_4852">
<pin_list>
<pin id="4853" dir="0" index="0" bw="1" slack="0"/>
<pin id="4854" dir="0" index="1" bw="1" slack="0"/>
<pin id="4855" dir="1" index="2" bw="1" slack="0"/>
</pin_list>
<bind>
<opcode="or(24) " fcode="or"/>
<opset="or_ln46_270/1 "/>
</bind>
</comp>

<comp id="4858" class="1004" name="xor_ln46_89_fu_4858">
<pin_list>
<pin id="4859" dir="0" index="0" bw="1" slack="0"/>
<pin id="4860" dir="0" index="1" bw="1" slack="0"/>
<pin id="4861" dir="1" index="2" bw="1" slack="0"/>
</pin_list>
<bind>
<opcode="xor(25) " fcode="xor"/>
<opset="xor_ln46_89/1 "/>
</bind>
</comp>

<comp id="4864" class="1004" name="or_ln46_271_fu_4864">
<pin_list>
<pin id="4865" dir="0" index="0" bw="1" slack="0"/>
<pin id="4866" dir="0" index="1" bw="1" slack="0"/>
<pin id="4867" dir="1" index="2" bw="1" slack="0"/>
</pin_list>
<bind>
<opcode="or(24) " fcode="or"/>
<opset="or_ln46_271/1 "/>
</bind>
</comp>

<comp id="4870" class="1004" name="select_ln46_269_fu_4870">
<pin_list>
<pin id="4871" dir="0" index="0" bw="1" slack="0"/>
<pin id="4872" dir="0" index="1" bw="1" slack="0"/>
<pin id="4873" dir="0" index="2" bw="6" slack="0"/>
<pin id="4874" dir="1" index="3" bw="6" slack="0"/>
</pin_list>
<bind>
<opcode="select(49) " fcode="select"/>
<opset="select_ln46_269/1 "/>
</bind>
</comp>

<comp id="4878" class="1004" name="select_ln46_270_fu_4878">
<pin_list>
<pin id="4879" dir="0" index="0" bw="1" slack="0"/>
<pin id="4880" dir="0" index="1" bw="6" slack="0"/>
<pin id="4881" dir="0" index="2" bw="1" slack="0"/>
<pin id="4882" dir="1" index="3" bw="6" slack="0"/>
</pin_list>
<bind>
<opcode="select(49) " fcode="select"/>
<opset="select_ln46_270/1 "/>
</bind>
</comp>

<comp id="4886" class="1004" name="select_ln46_271_fu_4886">
<pin_list>
<pin id="4887" dir="0" index="0" bw="1" slack="0"/>
<pin id="4888" dir="0" index="1" bw="6" slack="0"/>
<pin id="4889" dir="0" index="2" bw="6" slack="0"/>
<pin id="4890" dir="1" index="3" bw="6" slack="0"/>
</pin_list>
<bind>
<opcode="select(49) " fcode="select"/>
<opset="select_ln46_271/1 "/>
</bind>
</comp>

<comp id="4894" class="1004" name="res_31_0_fu_4894">
<pin_list>
<pin id="4895" dir="0" index="0" bw="1" slack="0"/>
<pin id="4896" dir="0" index="1" bw="6" slack="0"/>
<pin id="4897" dir="0" index="2" bw="1" slack="0"/>
<pin id="4898" dir="1" index="3" bw="6" slack="0"/>
</pin_list>
<bind>
<opcode="select(49) " fcode="select"/>
<opset="res_31_0/1 "/>
</bind>
</comp>

<comp id="4902" class="1004" name="newret_fu_4902">
<pin_list>
<pin id="4903" dir="0" index="0" bw="162" slack="0"/>
<pin id="4904" dir="0" index="1" bw="6" slack="0"/>
<pin id="4905" dir="1" index="2" bw="162" slack="0"/>
</pin_list>
<bind>
<opcode="insertvalue(57) " fcode="insertvalue"/>
<opset="newret/1 "/>
</bind>
</comp>

<comp id="4908" class="1004" name="newret2_fu_4908">
<pin_list>
<pin id="4909" dir="0" index="0" bw="162" slack="0"/>
<pin id="4910" dir="0" index="1" bw="6" slack="0"/>
<pin id="4911" dir="1" index="2" bw="162" slack="0"/>
</pin_list>
<bind>
<opcode="insertvalue(57) " fcode="insertvalue"/>
<opset="newret2/1 "/>
</bind>
</comp>

<comp id="4914" class="1004" name="newret4_fu_4914">
<pin_list>
<pin id="4915" dir="0" index="0" bw="162" slack="0"/>
<pin id="4916" dir="0" index="1" bw="6" slack="0"/>
<pin id="4917" dir="1" index="2" bw="162" slack="0"/>
</pin_list>
<bind>
<opcode="insertvalue(57) " fcode="insertvalue"/>
<opset="newret4/1 "/>
</bind>
</comp>

<comp id="4920" class="1004" name="newret6_fu_4920">
<pin_list>
<pin id="4921" dir="0" index="0" bw="162" slack="0"/>
<pin id="4922" dir="0" index="1" bw="6" slack="0"/>
<pin id="4923" dir="1" index="2" bw="162" slack="0"/>
</pin_list>
<bind>
<opcode="insertvalue(57) " fcode="insertvalue"/>
<opset="newret6/1 "/>
</bind>
</comp>

<comp id="4926" class="1004" name="newret8_fu_4926">
<pin_list>
<pin id="4927" dir="0" index="0" bw="162" slack="0"/>
<pin id="4928" dir="0" index="1" bw="6" slack="0"/>
<pin id="4929" dir="1" index="2" bw="162" slack="0"/>
</pin_list>
<bind>
<opcode="insertvalue(57) " fcode="insertvalue"/>
<opset="newret8/1 "/>
</bind>
</comp>

<comp id="4932" class="1004" name="newret1_fu_4932">
<pin_list>
<pin id="4933" dir="0" index="0" bw="162" slack="0"/>
<pin id="4934" dir="0" index="1" bw="6" slack="0"/>
<pin id="4935" dir="1" index="2" bw="162" slack="0"/>
</pin_list>
<bind>
<opcode="insertvalue(57) " fcode="insertvalue"/>
<opset="newret1/1 "/>
</bind>
</comp>

<comp id="4938" class="1004" name="newret3_fu_4938">
<pin_list>
<pin id="4939" dir="0" index="0" bw="162" slack="0"/>
<pin id="4940" dir="0" index="1" bw="6" slack="0"/>
<pin id="4941" dir="1" index="2" bw="162" slack="0"/>
</pin_list>
<bind>
<opcode="insertvalue(57) " fcode="insertvalue"/>
<opset="newret3/1 "/>
</bind>
</comp>

<comp id="4944" class="1004" name="newret5_fu_4944">
<pin_list>
<pin id="4945" dir="0" index="0" bw="162" slack="0"/>
<pin id="4946" dir="0" index="1" bw="6" slack="0"/>
<pin id="4947" dir="1" index="2" bw="162" slack="0"/>
</pin_list>
<bind>
<opcode="insertvalue(57) " fcode="insertvalue"/>
<opset="newret5/1 "/>
</bind>
</comp>

<comp id="4950" class="1004" name="newret7_fu_4950">
<pin_list>
<pin id="4951" dir="0" index="0" bw="162" slack="0"/>
<pin id="4952" dir="0" index="1" bw="6" slack="0"/>
<pin id="4953" dir="1" index="2" bw="162" slack="0"/>
</pin_list>
<bind>
<opcode="insertvalue(57) " fcode="insertvalue"/>
<opset="newret7/1 "/>
</bind>
</comp>

<comp id="4956" class="1004" name="newret9_fu_4956">
<pin_list>
<pin id="4957" dir="0" index="0" bw="162" slack="0"/>
<pin id="4958" dir="0" index="1" bw="6" slack="0"/>
<pin id="4959" dir="1" index="2" bw="162" slack="0"/>
</pin_list>
<bind>
<opcode="insertvalue(57) " fcode="insertvalue"/>
<opset="newret9/1 "/>
</bind>
</comp>

<comp id="4962" class="1004" name="newret10_fu_4962">
<pin_list>
<pin id="4963" dir="0" index="0" bw="162" slack="0"/>
<pin id="4964" dir="0" index="1" bw="6" slack="0"/>
<pin id="4965" dir="1" index="2" bw="162" slack="0"/>
</pin_list>
<bind>
<opcode="insertvalue(57) " fcode="insertvalue"/>
<opset="newret10/1 "/>
</bind>
</comp>

<comp id="4968" class="1004" name="newret11_fu_4968">
<pin_list>
<pin id="4969" dir="0" index="0" bw="162" slack="0"/>
<pin id="4970" dir="0" index="1" bw="6" slack="0"/>
<pin id="4971" dir="1" index="2" bw="162" slack="0"/>
</pin_list>
<bind>
<opcode="insertvalue(57) " fcode="insertvalue"/>
<opset="newret11/1 "/>
</bind>
</comp>

<comp id="4974" class="1004" name="newret12_fu_4974">
<pin_list>
<pin id="4975" dir="0" index="0" bw="162" slack="0"/>
<pin id="4976" dir="0" index="1" bw="6" slack="0"/>
<pin id="4977" dir="1" index="2" bw="162" slack="0"/>
</pin_list>
<bind>
<opcode="insertvalue(57) " fcode="insertvalue"/>
<opset="newret12/1 "/>
</bind>
</comp>

<comp id="4980" class="1004" name="newret13_fu_4980">
<pin_list>
<pin id="4981" dir="0" index="0" bw="162" slack="0"/>
<pin id="4982" dir="0" index="1" bw="6" slack="0"/>
<pin id="4983" dir="1" index="2" bw="162" slack="0"/>
</pin_list>
<bind>
<opcode="insertvalue(57) " fcode="insertvalue"/>
<opset="newret13/1 "/>
</bind>
</comp>

<comp id="4986" class="1004" name="newret14_fu_4986">
<pin_list>
<pin id="4987" dir="0" index="0" bw="162" slack="0"/>
<pin id="4988" dir="0" index="1" bw="6" slack="0"/>
<pin id="4989" dir="1" index="2" bw="162" slack="0"/>
</pin_list>
<bind>
<opcode="insertvalue(57) " fcode="insertvalue"/>
<opset="newret14/1 "/>
</bind>
</comp>

<comp id="4992" class="1004" name="newret15_fu_4992">
<pin_list>
<pin id="4993" dir="0" index="0" bw="162" slack="0"/>
<pin id="4994" dir="0" index="1" bw="6" slack="0"/>
<pin id="4995" dir="1" index="2" bw="162" slack="0"/>
</pin_list>
<bind>
<opcode="insertvalue(57) " fcode="insertvalue"/>
<opset="newret15/1 "/>
</bind>
</comp>

<comp id="4998" class="1004" name="newret16_fu_4998">
<pin_list>
<pin id="4999" dir="0" index="0" bw="162" slack="0"/>
<pin id="5000" dir="0" index="1" bw="6" slack="0"/>
<pin id="5001" dir="1" index="2" bw="162" slack="0"/>
</pin_list>
<bind>
<opcode="insertvalue(57) " fcode="insertvalue"/>
<opset="newret16/1 "/>
</bind>
</comp>

<comp id="5004" class="1004" name="newret17_fu_5004">
<pin_list>
<pin id="5005" dir="0" index="0" bw="162" slack="0"/>
<pin id="5006" dir="0" index="1" bw="6" slack="0"/>
<pin id="5007" dir="1" index="2" bw="162" slack="0"/>
</pin_list>
<bind>
<opcode="insertvalue(57) " fcode="insertvalue"/>
<opset="newret17/1 "/>
</bind>
</comp>

<comp id="5010" class="1004" name="newret18_fu_5010">
<pin_list>
<pin id="5011" dir="0" index="0" bw="162" slack="0"/>
<pin id="5012" dir="0" index="1" bw="6" slack="0"/>
<pin id="5013" dir="1" index="2" bw="162" slack="0"/>
</pin_list>
<bind>
<opcode="insertvalue(57) " fcode="insertvalue"/>
<opset="newret18/1 "/>
</bind>
</comp>

<comp id="5016" class="1004" name="newret19_fu_5016">
<pin_list>
<pin id="5017" dir="0" index="0" bw="162" slack="0"/>
<pin id="5018" dir="0" index="1" bw="6" slack="0"/>
<pin id="5019" dir="1" index="2" bw="162" slack="0"/>
</pin_list>
<bind>
<opcode="insertvalue(57) " fcode="insertvalue"/>
<opset="newret19/1 "/>
</bind>
</comp>

<comp id="5022" class="1004" name="newret20_fu_5022">
<pin_list>
<pin id="5023" dir="0" index="0" bw="162" slack="0"/>
<pin id="5024" dir="0" index="1" bw="6" slack="0"/>
<pin id="5025" dir="1" index="2" bw="162" slack="0"/>
</pin_list>
<bind>
<opcode="insertvalue(57) " fcode="insertvalue"/>
<opset="newret20/1 "/>
</bind>
</comp>

<comp id="5028" class="1004" name="newret21_fu_5028">
<pin_list>
<pin id="5029" dir="0" index="0" bw="162" slack="0"/>
<pin id="5030" dir="0" index="1" bw="6" slack="0"/>
<pin id="5031" dir="1" index="2" bw="162" slack="0"/>
</pin_list>
<bind>
<opcode="insertvalue(57) " fcode="insertvalue"/>
<opset="newret21/1 "/>
</bind>
</comp>

<comp id="5034" class="1004" name="newret22_fu_5034">
<pin_list>
<pin id="5035" dir="0" index="0" bw="162" slack="0"/>
<pin id="5036" dir="0" index="1" bw="6" slack="0"/>
<pin id="5037" dir="1" index="2" bw="162" slack="0"/>
</pin_list>
<bind>
<opcode="insertvalue(57) " fcode="insertvalue"/>
<opset="newret22/1 "/>
</bind>
</comp>

<comp id="5040" class="1004" name="newret23_fu_5040">
<pin_list>
<pin id="5041" dir="0" index="0" bw="162" slack="0"/>
<pin id="5042" dir="0" index="1" bw="6" slack="0"/>
<pin id="5043" dir="1" index="2" bw="162" slack="0"/>
</pin_list>
<bind>
<opcode="insertvalue(57) " fcode="insertvalue"/>
<opset="newret23/1 "/>
</bind>
</comp>

<comp id="5046" class="1004" name="newret24_fu_5046">
<pin_list>
<pin id="5047" dir="0" index="0" bw="162" slack="0"/>
<pin id="5048" dir="0" index="1" bw="6" slack="0"/>
<pin id="5049" dir="1" index="2" bw="162" slack="0"/>
</pin_list>
<bind>
<opcode="insertvalue(57) " fcode="insertvalue"/>
<opset="newret24/1 "/>
</bind>
</comp>

<comp id="5052" class="1004" name="newret25_fu_5052">
<pin_list>
<pin id="5053" dir="0" index="0" bw="162" slack="0"/>
<pin id="5054" dir="0" index="1" bw="6" slack="0"/>
<pin id="5055" dir="1" index="2" bw="162" slack="0"/>
</pin_list>
<bind>
<opcode="insertvalue(57) " fcode="insertvalue"/>
<opset="newret25/1 "/>
</bind>
</comp>

<comp id="5058" class="1004" name="newret26_fu_5058">
<pin_list>
<pin id="5059" dir="0" index="0" bw="162" slack="0"/>
<pin id="5060" dir="0" index="1" bw="6" slack="0"/>
<pin id="5061" dir="1" index="2" bw="162" slack="2147483647"/>
</pin_list>
<bind>
<opcode="insertvalue(57) " fcode="insertvalue"/>
<opset="newret26/1 "/>
</bind>
</comp>

</comp_list>

<net_list>
<net id="100"><net_src comp="62" pin="0"/><net_sink comp="96" pin=0"/></net>

<net id="101"><net_src comp="52" pin="0"/><net_sink comp="96" pin=1"/></net>

<net id="106"><net_src comp="62" pin="0"/><net_sink comp="102" pin=0"/></net>

<net id="107"><net_src comp="50" pin="0"/><net_sink comp="102" pin=1"/></net>

<net id="112"><net_src comp="62" pin="0"/><net_sink comp="108" pin=0"/></net>

<net id="113"><net_src comp="48" pin="0"/><net_sink comp="108" pin=1"/></net>

<net id="118"><net_src comp="62" pin="0"/><net_sink comp="114" pin=0"/></net>

<net id="119"><net_src comp="46" pin="0"/><net_sink comp="114" pin=1"/></net>

<net id="124"><net_src comp="62" pin="0"/><net_sink comp="120" pin=0"/></net>

<net id="125"><net_src comp="44" pin="0"/><net_sink comp="120" pin=1"/></net>

<net id="130"><net_src comp="62" pin="0"/><net_sink comp="126" pin=0"/></net>

<net id="131"><net_src comp="42" pin="0"/><net_sink comp="126" pin=1"/></net>

<net id="136"><net_src comp="62" pin="0"/><net_sink comp="132" pin=0"/></net>

<net id="137"><net_src comp="40" pin="0"/><net_sink comp="132" pin=1"/></net>

<net id="142"><net_src comp="62" pin="0"/><net_sink comp="138" pin=0"/></net>

<net id="143"><net_src comp="38" pin="0"/><net_sink comp="138" pin=1"/></net>

<net id="148"><net_src comp="62" pin="0"/><net_sink comp="144" pin=0"/></net>

<net id="149"><net_src comp="36" pin="0"/><net_sink comp="144" pin=1"/></net>

<net id="154"><net_src comp="62" pin="0"/><net_sink comp="150" pin=0"/></net>

<net id="155"><net_src comp="34" pin="0"/><net_sink comp="150" pin=1"/></net>

<net id="160"><net_src comp="62" pin="0"/><net_sink comp="156" pin=0"/></net>

<net id="161"><net_src comp="32" pin="0"/><net_sink comp="156" pin=1"/></net>

<net id="166"><net_src comp="62" pin="0"/><net_sink comp="162" pin=0"/></net>

<net id="167"><net_src comp="30" pin="0"/><net_sink comp="162" pin=1"/></net>

<net id="172"><net_src comp="62" pin="0"/><net_sink comp="168" pin=0"/></net>

<net id="173"><net_src comp="28" pin="0"/><net_sink comp="168" pin=1"/></net>

<net id="178"><net_src comp="62" pin="0"/><net_sink comp="174" pin=0"/></net>

<net id="179"><net_src comp="26" pin="0"/><net_sink comp="174" pin=1"/></net>

<net id="184"><net_src comp="62" pin="0"/><net_sink comp="180" pin=0"/></net>

<net id="185"><net_src comp="24" pin="0"/><net_sink comp="180" pin=1"/></net>

<net id="190"><net_src comp="62" pin="0"/><net_sink comp="186" pin=0"/></net>

<net id="191"><net_src comp="22" pin="0"/><net_sink comp="186" pin=1"/></net>

<net id="196"><net_src comp="62" pin="0"/><net_sink comp="192" pin=0"/></net>

<net id="197"><net_src comp="20" pin="0"/><net_sink comp="192" pin=1"/></net>

<net id="202"><net_src comp="62" pin="0"/><net_sink comp="198" pin=0"/></net>

<net id="203"><net_src comp="18" pin="0"/><net_sink comp="198" pin=1"/></net>

<net id="208"><net_src comp="62" pin="0"/><net_sink comp="204" pin=0"/></net>

<net id="209"><net_src comp="16" pin="0"/><net_sink comp="204" pin=1"/></net>

<net id="214"><net_src comp="62" pin="0"/><net_sink comp="210" pin=0"/></net>

<net id="215"><net_src comp="14" pin="0"/><net_sink comp="210" pin=1"/></net>

<net id="220"><net_src comp="62" pin="0"/><net_sink comp="216" pin=0"/></net>

<net id="221"><net_src comp="12" pin="0"/><net_sink comp="216" pin=1"/></net>

<net id="226"><net_src comp="62" pin="0"/><net_sink comp="222" pin=0"/></net>

<net id="227"><net_src comp="10" pin="0"/><net_sink comp="222" pin=1"/></net>

<net id="232"><net_src comp="62" pin="0"/><net_sink comp="228" pin=0"/></net>

<net id="233"><net_src comp="8" pin="0"/><net_sink comp="228" pin=1"/></net>

<net id="238"><net_src comp="62" pin="0"/><net_sink comp="234" pin=0"/></net>

<net id="239"><net_src comp="6" pin="0"/><net_sink comp="234" pin=1"/></net>

<net id="244"><net_src comp="62" pin="0"/><net_sink comp="240" pin=0"/></net>

<net id="245"><net_src comp="4" pin="0"/><net_sink comp="240" pin=1"/></net>

<net id="250"><net_src comp="62" pin="0"/><net_sink comp="246" pin=0"/></net>

<net id="251"><net_src comp="2" pin="0"/><net_sink comp="246" pin=1"/></net>

<net id="256"><net_src comp="62" pin="0"/><net_sink comp="252" pin=0"/></net>

<net id="257"><net_src comp="0" pin="0"/><net_sink comp="252" pin=1"/></net>

<net id="262"><net_src comp="252" pin="2"/><net_sink comp="258" pin=0"/></net>

<net id="263"><net_src comp="64" pin="0"/><net_sink comp="258" pin=1"/></net>

<net id="269"><net_src comp="66" pin="0"/><net_sink comp="264" pin=0"/></net>

<net id="270"><net_src comp="252" pin="2"/><net_sink comp="264" pin=1"/></net>

<net id="271"><net_src comp="68" pin="0"/><net_sink comp="264" pin=2"/></net>

<net id="278"><net_src comp="70" pin="0"/><net_sink comp="272" pin=0"/></net>

<net id="279"><net_src comp="252" pin="2"/><net_sink comp="272" pin=1"/></net>

<net id="280"><net_src comp="72" pin="0"/><net_sink comp="272" pin=2"/></net>

<net id="281"><net_src comp="74" pin="0"/><net_sink comp="272" pin=3"/></net>

<net id="287"><net_src comp="66" pin="0"/><net_sink comp="282" pin=0"/></net>

<net id="288"><net_src comp="252" pin="2"/><net_sink comp="282" pin=1"/></net>

<net id="289"><net_src comp="76" pin="0"/><net_sink comp="282" pin=2"/></net>

<net id="293"><net_src comp="252" pin="2"/><net_sink comp="290" pin=0"/></net>

<net id="298"><net_src comp="290" pin="1"/><net_sink comp="294" pin=0"/></net>

<net id="299"><net_src comp="78" pin="0"/><net_sink comp="294" pin=1"/></net>

<net id="305"><net_src comp="66" pin="0"/><net_sink comp="300" pin=0"/></net>

<net id="306"><net_src comp="252" pin="2"/><net_sink comp="300" pin=1"/></net>

<net id="307"><net_src comp="74" pin="0"/><net_sink comp="300" pin=2"/></net>

<net id="313"><net_src comp="66" pin="0"/><net_sink comp="308" pin=0"/></net>

<net id="314"><net_src comp="252" pin="2"/><net_sink comp="308" pin=1"/></net>

<net id="315"><net_src comp="72" pin="0"/><net_sink comp="308" pin=2"/></net>

<net id="320"><net_src comp="308" pin="3"/><net_sink comp="316" pin=0"/></net>

<net id="321"><net_src comp="294" pin="2"/><net_sink comp="316" pin=1"/></net>

<net id="326"><net_src comp="316" pin="2"/><net_sink comp="322" pin=0"/></net>

<net id="327"><net_src comp="282" pin="3"/><net_sink comp="322" pin=1"/></net>

<net id="331"><net_src comp="322" pin="2"/><net_sink comp="328" pin=0"/></net>

<net id="336"><net_src comp="272" pin="4"/><net_sink comp="332" pin=0"/></net>

<net id="337"><net_src comp="328" pin="1"/><net_sink comp="332" pin=1"/></net>

<net id="344"><net_src comp="80" pin="0"/><net_sink comp="338" pin=0"/></net>

<net id="345"><net_src comp="252" pin="2"/><net_sink comp="338" pin=1"/></net>

<net id="346"><net_src comp="82" pin="0"/><net_sink comp="338" pin=2"/></net>

<net id="347"><net_src comp="68" pin="0"/><net_sink comp="338" pin=3"/></net>

<net id="352"><net_src comp="338" pin="4"/><net_sink comp="348" pin=0"/></net>

<net id="353"><net_src comp="84" pin="0"/><net_sink comp="348" pin=1"/></net>

<net id="359"><net_src comp="86" pin="0"/><net_sink comp="354" pin=0"/></net>

<net id="360"><net_src comp="332" pin="2"/><net_sink comp="354" pin=1"/></net>

<net id="361"><net_src comp="72" pin="0"/><net_sink comp="354" pin=2"/></net>

<net id="366"><net_src comp="300" pin="3"/><net_sink comp="362" pin=0"/></net>

<net id="367"><net_src comp="88" pin="0"/><net_sink comp="362" pin=1"/></net>

<net id="372"><net_src comp="354" pin="3"/><net_sink comp="368" pin=0"/></net>

<net id="373"><net_src comp="362" pin="2"/><net_sink comp="368" pin=1"/></net>

<net id="378"><net_src comp="348" pin="2"/><net_sink comp="374" pin=0"/></net>

<net id="379"><net_src comp="368" pin="2"/><net_sink comp="374" pin=1"/></net>

<net id="384"><net_src comp="374" pin="2"/><net_sink comp="380" pin=0"/></net>

<net id="385"><net_src comp="264" pin="3"/><net_sink comp="380" pin=1"/></net>

<net id="390"><net_src comp="374" pin="2"/><net_sink comp="386" pin=0"/></net>

<net id="391"><net_src comp="88" pin="0"/><net_sink comp="386" pin=1"/></net>

<net id="396"><net_src comp="264" pin="3"/><net_sink comp="392" pin=0"/></net>

<net id="397"><net_src comp="386" pin="2"/><net_sink comp="392" pin=1"/></net>

<net id="403"><net_src comp="264" pin="3"/><net_sink comp="398" pin=0"/></net>

<net id="404"><net_src comp="90" pin="0"/><net_sink comp="398" pin=1"/></net>

<net id="405"><net_src comp="332" pin="2"/><net_sink comp="398" pin=2"/></net>

<net id="411"><net_src comp="380" pin="2"/><net_sink comp="406" pin=0"/></net>

<net id="412"><net_src comp="398" pin="3"/><net_sink comp="406" pin=1"/></net>

<net id="413"><net_src comp="92" pin="0"/><net_sink comp="406" pin=2"/></net>

<net id="419"><net_src comp="392" pin="2"/><net_sink comp="414" pin=0"/></net>

<net id="420"><net_src comp="406" pin="3"/><net_sink comp="414" pin=1"/></net>

<net id="421"><net_src comp="332" pin="2"/><net_sink comp="414" pin=2"/></net>

<net id="427"><net_src comp="258" pin="2"/><net_sink comp="422" pin=0"/></net>

<net id="428"><net_src comp="414" pin="3"/><net_sink comp="422" pin=1"/></net>

<net id="429"><net_src comp="90" pin="0"/><net_sink comp="422" pin=2"/></net>

<net id="434"><net_src comp="246" pin="2"/><net_sink comp="430" pin=0"/></net>

<net id="435"><net_src comp="64" pin="0"/><net_sink comp="430" pin=1"/></net>

<net id="441"><net_src comp="66" pin="0"/><net_sink comp="436" pin=0"/></net>

<net id="442"><net_src comp="246" pin="2"/><net_sink comp="436" pin=1"/></net>

<net id="443"><net_src comp="68" pin="0"/><net_sink comp="436" pin=2"/></net>

<net id="450"><net_src comp="70" pin="0"/><net_sink comp="444" pin=0"/></net>

<net id="451"><net_src comp="246" pin="2"/><net_sink comp="444" pin=1"/></net>

<net id="452"><net_src comp="72" pin="0"/><net_sink comp="444" pin=2"/></net>

<net id="453"><net_src comp="74" pin="0"/><net_sink comp="444" pin=3"/></net>

<net id="459"><net_src comp="66" pin="0"/><net_sink comp="454" pin=0"/></net>

<net id="460"><net_src comp="246" pin="2"/><net_sink comp="454" pin=1"/></net>

<net id="461"><net_src comp="76" pin="0"/><net_sink comp="454" pin=2"/></net>

<net id="465"><net_src comp="246" pin="2"/><net_sink comp="462" pin=0"/></net>

<net id="470"><net_src comp="462" pin="1"/><net_sink comp="466" pin=0"/></net>

<net id="471"><net_src comp="78" pin="0"/><net_sink comp="466" pin=1"/></net>

<net id="477"><net_src comp="66" pin="0"/><net_sink comp="472" pin=0"/></net>

<net id="478"><net_src comp="246" pin="2"/><net_sink comp="472" pin=1"/></net>

<net id="479"><net_src comp="74" pin="0"/><net_sink comp="472" pin=2"/></net>

<net id="485"><net_src comp="66" pin="0"/><net_sink comp="480" pin=0"/></net>

<net id="486"><net_src comp="246" pin="2"/><net_sink comp="480" pin=1"/></net>

<net id="487"><net_src comp="72" pin="0"/><net_sink comp="480" pin=2"/></net>

<net id="492"><net_src comp="480" pin="3"/><net_sink comp="488" pin=0"/></net>

<net id="493"><net_src comp="466" pin="2"/><net_sink comp="488" pin=1"/></net>

<net id="498"><net_src comp="488" pin="2"/><net_sink comp="494" pin=0"/></net>

<net id="499"><net_src comp="454" pin="3"/><net_sink comp="494" pin=1"/></net>

<net id="503"><net_src comp="494" pin="2"/><net_sink comp="500" pin=0"/></net>

<net id="508"><net_src comp="444" pin="4"/><net_sink comp="504" pin=0"/></net>

<net id="509"><net_src comp="500" pin="1"/><net_sink comp="504" pin=1"/></net>

<net id="516"><net_src comp="80" pin="0"/><net_sink comp="510" pin=0"/></net>

<net id="517"><net_src comp="246" pin="2"/><net_sink comp="510" pin=1"/></net>

<net id="518"><net_src comp="82" pin="0"/><net_sink comp="510" pin=2"/></net>

<net id="519"><net_src comp="68" pin="0"/><net_sink comp="510" pin=3"/></net>

<net id="524"><net_src comp="510" pin="4"/><net_sink comp="520" pin=0"/></net>

<net id="525"><net_src comp="84" pin="0"/><net_sink comp="520" pin=1"/></net>

<net id="531"><net_src comp="86" pin="0"/><net_sink comp="526" pin=0"/></net>

<net id="532"><net_src comp="504" pin="2"/><net_sink comp="526" pin=1"/></net>

<net id="533"><net_src comp="72" pin="0"/><net_sink comp="526" pin=2"/></net>

<net id="538"><net_src comp="472" pin="3"/><net_sink comp="534" pin=0"/></net>

<net id="539"><net_src comp="88" pin="0"/><net_sink comp="534" pin=1"/></net>

<net id="544"><net_src comp="526" pin="3"/><net_sink comp="540" pin=0"/></net>

<net id="545"><net_src comp="534" pin="2"/><net_sink comp="540" pin=1"/></net>

<net id="550"><net_src comp="520" pin="2"/><net_sink comp="546" pin=0"/></net>

<net id="551"><net_src comp="540" pin="2"/><net_sink comp="546" pin=1"/></net>

<net id="556"><net_src comp="546" pin="2"/><net_sink comp="552" pin=0"/></net>

<net id="557"><net_src comp="436" pin="3"/><net_sink comp="552" pin=1"/></net>

<net id="562"><net_src comp="546" pin="2"/><net_sink comp="558" pin=0"/></net>

<net id="563"><net_src comp="88" pin="0"/><net_sink comp="558" pin=1"/></net>

<net id="568"><net_src comp="436" pin="3"/><net_sink comp="564" pin=0"/></net>

<net id="569"><net_src comp="558" pin="2"/><net_sink comp="564" pin=1"/></net>

<net id="575"><net_src comp="436" pin="3"/><net_sink comp="570" pin=0"/></net>

<net id="576"><net_src comp="90" pin="0"/><net_sink comp="570" pin=1"/></net>

<net id="577"><net_src comp="504" pin="2"/><net_sink comp="570" pin=2"/></net>

<net id="583"><net_src comp="552" pin="2"/><net_sink comp="578" pin=0"/></net>

<net id="584"><net_src comp="570" pin="3"/><net_sink comp="578" pin=1"/></net>

<net id="585"><net_src comp="92" pin="0"/><net_sink comp="578" pin=2"/></net>

<net id="591"><net_src comp="564" pin="2"/><net_sink comp="586" pin=0"/></net>

<net id="592"><net_src comp="578" pin="3"/><net_sink comp="586" pin=1"/></net>

<net id="593"><net_src comp="504" pin="2"/><net_sink comp="586" pin=2"/></net>

<net id="599"><net_src comp="430" pin="2"/><net_sink comp="594" pin=0"/></net>

<net id="600"><net_src comp="586" pin="3"/><net_sink comp="594" pin=1"/></net>

<net id="601"><net_src comp="90" pin="0"/><net_sink comp="594" pin=2"/></net>

<net id="606"><net_src comp="240" pin="2"/><net_sink comp="602" pin=0"/></net>

<net id="607"><net_src comp="64" pin="0"/><net_sink comp="602" pin=1"/></net>

<net id="613"><net_src comp="66" pin="0"/><net_sink comp="608" pin=0"/></net>

<net id="614"><net_src comp="240" pin="2"/><net_sink comp="608" pin=1"/></net>

<net id="615"><net_src comp="68" pin="0"/><net_sink comp="608" pin=2"/></net>

<net id="622"><net_src comp="70" pin="0"/><net_sink comp="616" pin=0"/></net>

<net id="623"><net_src comp="240" pin="2"/><net_sink comp="616" pin=1"/></net>

<net id="624"><net_src comp="72" pin="0"/><net_sink comp="616" pin=2"/></net>

<net id="625"><net_src comp="74" pin="0"/><net_sink comp="616" pin=3"/></net>

<net id="631"><net_src comp="66" pin="0"/><net_sink comp="626" pin=0"/></net>

<net id="632"><net_src comp="240" pin="2"/><net_sink comp="626" pin=1"/></net>

<net id="633"><net_src comp="76" pin="0"/><net_sink comp="626" pin=2"/></net>

<net id="637"><net_src comp="240" pin="2"/><net_sink comp="634" pin=0"/></net>

<net id="642"><net_src comp="634" pin="1"/><net_sink comp="638" pin=0"/></net>

<net id="643"><net_src comp="78" pin="0"/><net_sink comp="638" pin=1"/></net>

<net id="649"><net_src comp="66" pin="0"/><net_sink comp="644" pin=0"/></net>

<net id="650"><net_src comp="240" pin="2"/><net_sink comp="644" pin=1"/></net>

<net id="651"><net_src comp="74" pin="0"/><net_sink comp="644" pin=2"/></net>

<net id="657"><net_src comp="66" pin="0"/><net_sink comp="652" pin=0"/></net>

<net id="658"><net_src comp="240" pin="2"/><net_sink comp="652" pin=1"/></net>

<net id="659"><net_src comp="72" pin="0"/><net_sink comp="652" pin=2"/></net>

<net id="664"><net_src comp="652" pin="3"/><net_sink comp="660" pin=0"/></net>

<net id="665"><net_src comp="638" pin="2"/><net_sink comp="660" pin=1"/></net>

<net id="670"><net_src comp="660" pin="2"/><net_sink comp="666" pin=0"/></net>

<net id="671"><net_src comp="626" pin="3"/><net_sink comp="666" pin=1"/></net>

<net id="675"><net_src comp="666" pin="2"/><net_sink comp="672" pin=0"/></net>

<net id="680"><net_src comp="616" pin="4"/><net_sink comp="676" pin=0"/></net>

<net id="681"><net_src comp="672" pin="1"/><net_sink comp="676" pin=1"/></net>

<net id="688"><net_src comp="80" pin="0"/><net_sink comp="682" pin=0"/></net>

<net id="689"><net_src comp="240" pin="2"/><net_sink comp="682" pin=1"/></net>

<net id="690"><net_src comp="82" pin="0"/><net_sink comp="682" pin=2"/></net>

<net id="691"><net_src comp="68" pin="0"/><net_sink comp="682" pin=3"/></net>

<net id="696"><net_src comp="682" pin="4"/><net_sink comp="692" pin=0"/></net>

<net id="697"><net_src comp="84" pin="0"/><net_sink comp="692" pin=1"/></net>

<net id="703"><net_src comp="86" pin="0"/><net_sink comp="698" pin=0"/></net>

<net id="704"><net_src comp="676" pin="2"/><net_sink comp="698" pin=1"/></net>

<net id="705"><net_src comp="72" pin="0"/><net_sink comp="698" pin=2"/></net>

<net id="710"><net_src comp="644" pin="3"/><net_sink comp="706" pin=0"/></net>

<net id="711"><net_src comp="88" pin="0"/><net_sink comp="706" pin=1"/></net>

<net id="716"><net_src comp="698" pin="3"/><net_sink comp="712" pin=0"/></net>

<net id="717"><net_src comp="706" pin="2"/><net_sink comp="712" pin=1"/></net>

<net id="722"><net_src comp="692" pin="2"/><net_sink comp="718" pin=0"/></net>

<net id="723"><net_src comp="712" pin="2"/><net_sink comp="718" pin=1"/></net>

<net id="728"><net_src comp="718" pin="2"/><net_sink comp="724" pin=0"/></net>

<net id="729"><net_src comp="608" pin="3"/><net_sink comp="724" pin=1"/></net>

<net id="734"><net_src comp="718" pin="2"/><net_sink comp="730" pin=0"/></net>

<net id="735"><net_src comp="88" pin="0"/><net_sink comp="730" pin=1"/></net>

<net id="740"><net_src comp="608" pin="3"/><net_sink comp="736" pin=0"/></net>

<net id="741"><net_src comp="730" pin="2"/><net_sink comp="736" pin=1"/></net>

<net id="747"><net_src comp="608" pin="3"/><net_sink comp="742" pin=0"/></net>

<net id="748"><net_src comp="90" pin="0"/><net_sink comp="742" pin=1"/></net>

<net id="749"><net_src comp="676" pin="2"/><net_sink comp="742" pin=2"/></net>

<net id="755"><net_src comp="724" pin="2"/><net_sink comp="750" pin=0"/></net>

<net id="756"><net_src comp="742" pin="3"/><net_sink comp="750" pin=1"/></net>

<net id="757"><net_src comp="92" pin="0"/><net_sink comp="750" pin=2"/></net>

<net id="763"><net_src comp="736" pin="2"/><net_sink comp="758" pin=0"/></net>

<net id="764"><net_src comp="750" pin="3"/><net_sink comp="758" pin=1"/></net>

<net id="765"><net_src comp="676" pin="2"/><net_sink comp="758" pin=2"/></net>

<net id="771"><net_src comp="602" pin="2"/><net_sink comp="766" pin=0"/></net>

<net id="772"><net_src comp="758" pin="3"/><net_sink comp="766" pin=1"/></net>

<net id="773"><net_src comp="90" pin="0"/><net_sink comp="766" pin=2"/></net>

<net id="778"><net_src comp="234" pin="2"/><net_sink comp="774" pin=0"/></net>

<net id="779"><net_src comp="64" pin="0"/><net_sink comp="774" pin=1"/></net>

<net id="785"><net_src comp="66" pin="0"/><net_sink comp="780" pin=0"/></net>

<net id="786"><net_src comp="234" pin="2"/><net_sink comp="780" pin=1"/></net>

<net id="787"><net_src comp="68" pin="0"/><net_sink comp="780" pin=2"/></net>

<net id="794"><net_src comp="70" pin="0"/><net_sink comp="788" pin=0"/></net>

<net id="795"><net_src comp="234" pin="2"/><net_sink comp="788" pin=1"/></net>

<net id="796"><net_src comp="72" pin="0"/><net_sink comp="788" pin=2"/></net>

<net id="797"><net_src comp="74" pin="0"/><net_sink comp="788" pin=3"/></net>

<net id="803"><net_src comp="66" pin="0"/><net_sink comp="798" pin=0"/></net>

<net id="804"><net_src comp="234" pin="2"/><net_sink comp="798" pin=1"/></net>

<net id="805"><net_src comp="76" pin="0"/><net_sink comp="798" pin=2"/></net>

<net id="809"><net_src comp="234" pin="2"/><net_sink comp="806" pin=0"/></net>

<net id="814"><net_src comp="806" pin="1"/><net_sink comp="810" pin=0"/></net>

<net id="815"><net_src comp="78" pin="0"/><net_sink comp="810" pin=1"/></net>

<net id="821"><net_src comp="66" pin="0"/><net_sink comp="816" pin=0"/></net>

<net id="822"><net_src comp="234" pin="2"/><net_sink comp="816" pin=1"/></net>

<net id="823"><net_src comp="74" pin="0"/><net_sink comp="816" pin=2"/></net>

<net id="829"><net_src comp="66" pin="0"/><net_sink comp="824" pin=0"/></net>

<net id="830"><net_src comp="234" pin="2"/><net_sink comp="824" pin=1"/></net>

<net id="831"><net_src comp="72" pin="0"/><net_sink comp="824" pin=2"/></net>

<net id="836"><net_src comp="824" pin="3"/><net_sink comp="832" pin=0"/></net>

<net id="837"><net_src comp="810" pin="2"/><net_sink comp="832" pin=1"/></net>

<net id="842"><net_src comp="832" pin="2"/><net_sink comp="838" pin=0"/></net>

<net id="843"><net_src comp="798" pin="3"/><net_sink comp="838" pin=1"/></net>

<net id="847"><net_src comp="838" pin="2"/><net_sink comp="844" pin=0"/></net>

<net id="852"><net_src comp="788" pin="4"/><net_sink comp="848" pin=0"/></net>

<net id="853"><net_src comp="844" pin="1"/><net_sink comp="848" pin=1"/></net>

<net id="860"><net_src comp="80" pin="0"/><net_sink comp="854" pin=0"/></net>

<net id="861"><net_src comp="234" pin="2"/><net_sink comp="854" pin=1"/></net>

<net id="862"><net_src comp="82" pin="0"/><net_sink comp="854" pin=2"/></net>

<net id="863"><net_src comp="68" pin="0"/><net_sink comp="854" pin=3"/></net>

<net id="868"><net_src comp="854" pin="4"/><net_sink comp="864" pin=0"/></net>

<net id="869"><net_src comp="84" pin="0"/><net_sink comp="864" pin=1"/></net>

<net id="875"><net_src comp="86" pin="0"/><net_sink comp="870" pin=0"/></net>

<net id="876"><net_src comp="848" pin="2"/><net_sink comp="870" pin=1"/></net>

<net id="877"><net_src comp="72" pin="0"/><net_sink comp="870" pin=2"/></net>

<net id="882"><net_src comp="816" pin="3"/><net_sink comp="878" pin=0"/></net>

<net id="883"><net_src comp="88" pin="0"/><net_sink comp="878" pin=1"/></net>

<net id="888"><net_src comp="870" pin="3"/><net_sink comp="884" pin=0"/></net>

<net id="889"><net_src comp="878" pin="2"/><net_sink comp="884" pin=1"/></net>

<net id="894"><net_src comp="864" pin="2"/><net_sink comp="890" pin=0"/></net>

<net id="895"><net_src comp="884" pin="2"/><net_sink comp="890" pin=1"/></net>

<net id="900"><net_src comp="890" pin="2"/><net_sink comp="896" pin=0"/></net>

<net id="901"><net_src comp="780" pin="3"/><net_sink comp="896" pin=1"/></net>

<net id="906"><net_src comp="890" pin="2"/><net_sink comp="902" pin=0"/></net>

<net id="907"><net_src comp="88" pin="0"/><net_sink comp="902" pin=1"/></net>

<net id="912"><net_src comp="780" pin="3"/><net_sink comp="908" pin=0"/></net>

<net id="913"><net_src comp="902" pin="2"/><net_sink comp="908" pin=1"/></net>

<net id="919"><net_src comp="780" pin="3"/><net_sink comp="914" pin=0"/></net>

<net id="920"><net_src comp="90" pin="0"/><net_sink comp="914" pin=1"/></net>

<net id="921"><net_src comp="848" pin="2"/><net_sink comp="914" pin=2"/></net>

<net id="927"><net_src comp="896" pin="2"/><net_sink comp="922" pin=0"/></net>

<net id="928"><net_src comp="914" pin="3"/><net_sink comp="922" pin=1"/></net>

<net id="929"><net_src comp="92" pin="0"/><net_sink comp="922" pin=2"/></net>

<net id="935"><net_src comp="908" pin="2"/><net_sink comp="930" pin=0"/></net>

<net id="936"><net_src comp="922" pin="3"/><net_sink comp="930" pin=1"/></net>

<net id="937"><net_src comp="848" pin="2"/><net_sink comp="930" pin=2"/></net>

<net id="943"><net_src comp="774" pin="2"/><net_sink comp="938" pin=0"/></net>

<net id="944"><net_src comp="930" pin="3"/><net_sink comp="938" pin=1"/></net>

<net id="945"><net_src comp="90" pin="0"/><net_sink comp="938" pin=2"/></net>

<net id="950"><net_src comp="228" pin="2"/><net_sink comp="946" pin=0"/></net>

<net id="951"><net_src comp="64" pin="0"/><net_sink comp="946" pin=1"/></net>

<net id="957"><net_src comp="66" pin="0"/><net_sink comp="952" pin=0"/></net>

<net id="958"><net_src comp="228" pin="2"/><net_sink comp="952" pin=1"/></net>

<net id="959"><net_src comp="68" pin="0"/><net_sink comp="952" pin=2"/></net>

<net id="966"><net_src comp="70" pin="0"/><net_sink comp="960" pin=0"/></net>

<net id="967"><net_src comp="228" pin="2"/><net_sink comp="960" pin=1"/></net>

<net id="968"><net_src comp="72" pin="0"/><net_sink comp="960" pin=2"/></net>

<net id="969"><net_src comp="74" pin="0"/><net_sink comp="960" pin=3"/></net>

<net id="975"><net_src comp="66" pin="0"/><net_sink comp="970" pin=0"/></net>

<net id="976"><net_src comp="228" pin="2"/><net_sink comp="970" pin=1"/></net>

<net id="977"><net_src comp="76" pin="0"/><net_sink comp="970" pin=2"/></net>

<net id="981"><net_src comp="228" pin="2"/><net_sink comp="978" pin=0"/></net>

<net id="986"><net_src comp="978" pin="1"/><net_sink comp="982" pin=0"/></net>

<net id="987"><net_src comp="78" pin="0"/><net_sink comp="982" pin=1"/></net>

<net id="993"><net_src comp="66" pin="0"/><net_sink comp="988" pin=0"/></net>

<net id="994"><net_src comp="228" pin="2"/><net_sink comp="988" pin=1"/></net>

<net id="995"><net_src comp="74" pin="0"/><net_sink comp="988" pin=2"/></net>

<net id="1001"><net_src comp="66" pin="0"/><net_sink comp="996" pin=0"/></net>

<net id="1002"><net_src comp="228" pin="2"/><net_sink comp="996" pin=1"/></net>

<net id="1003"><net_src comp="72" pin="0"/><net_sink comp="996" pin=2"/></net>

<net id="1008"><net_src comp="996" pin="3"/><net_sink comp="1004" pin=0"/></net>

<net id="1009"><net_src comp="982" pin="2"/><net_sink comp="1004" pin=1"/></net>

<net id="1014"><net_src comp="1004" pin="2"/><net_sink comp="1010" pin=0"/></net>

<net id="1015"><net_src comp="970" pin="3"/><net_sink comp="1010" pin=1"/></net>

<net id="1019"><net_src comp="1010" pin="2"/><net_sink comp="1016" pin=0"/></net>

<net id="1024"><net_src comp="960" pin="4"/><net_sink comp="1020" pin=0"/></net>

<net id="1025"><net_src comp="1016" pin="1"/><net_sink comp="1020" pin=1"/></net>

<net id="1032"><net_src comp="80" pin="0"/><net_sink comp="1026" pin=0"/></net>

<net id="1033"><net_src comp="228" pin="2"/><net_sink comp="1026" pin=1"/></net>

<net id="1034"><net_src comp="82" pin="0"/><net_sink comp="1026" pin=2"/></net>

<net id="1035"><net_src comp="68" pin="0"/><net_sink comp="1026" pin=3"/></net>

<net id="1040"><net_src comp="1026" pin="4"/><net_sink comp="1036" pin=0"/></net>

<net id="1041"><net_src comp="84" pin="0"/><net_sink comp="1036" pin=1"/></net>

<net id="1047"><net_src comp="86" pin="0"/><net_sink comp="1042" pin=0"/></net>

<net id="1048"><net_src comp="1020" pin="2"/><net_sink comp="1042" pin=1"/></net>

<net id="1049"><net_src comp="72" pin="0"/><net_sink comp="1042" pin=2"/></net>

<net id="1054"><net_src comp="988" pin="3"/><net_sink comp="1050" pin=0"/></net>

<net id="1055"><net_src comp="88" pin="0"/><net_sink comp="1050" pin=1"/></net>

<net id="1060"><net_src comp="1042" pin="3"/><net_sink comp="1056" pin=0"/></net>

<net id="1061"><net_src comp="1050" pin="2"/><net_sink comp="1056" pin=1"/></net>

<net id="1066"><net_src comp="1036" pin="2"/><net_sink comp="1062" pin=0"/></net>

<net id="1067"><net_src comp="1056" pin="2"/><net_sink comp="1062" pin=1"/></net>

<net id="1072"><net_src comp="1062" pin="2"/><net_sink comp="1068" pin=0"/></net>

<net id="1073"><net_src comp="952" pin="3"/><net_sink comp="1068" pin=1"/></net>

<net id="1078"><net_src comp="1062" pin="2"/><net_sink comp="1074" pin=0"/></net>

<net id="1079"><net_src comp="88" pin="0"/><net_sink comp="1074" pin=1"/></net>

<net id="1084"><net_src comp="952" pin="3"/><net_sink comp="1080" pin=0"/></net>

<net id="1085"><net_src comp="1074" pin="2"/><net_sink comp="1080" pin=1"/></net>

<net id="1091"><net_src comp="952" pin="3"/><net_sink comp="1086" pin=0"/></net>

<net id="1092"><net_src comp="90" pin="0"/><net_sink comp="1086" pin=1"/></net>

<net id="1093"><net_src comp="1020" pin="2"/><net_sink comp="1086" pin=2"/></net>

<net id="1099"><net_src comp="1068" pin="2"/><net_sink comp="1094" pin=0"/></net>

<net id="1100"><net_src comp="1086" pin="3"/><net_sink comp="1094" pin=1"/></net>

<net id="1101"><net_src comp="92" pin="0"/><net_sink comp="1094" pin=2"/></net>

<net id="1107"><net_src comp="1080" pin="2"/><net_sink comp="1102" pin=0"/></net>

<net id="1108"><net_src comp="1094" pin="3"/><net_sink comp="1102" pin=1"/></net>

<net id="1109"><net_src comp="1020" pin="2"/><net_sink comp="1102" pin=2"/></net>

<net id="1115"><net_src comp="946" pin="2"/><net_sink comp="1110" pin=0"/></net>

<net id="1116"><net_src comp="1102" pin="3"/><net_sink comp="1110" pin=1"/></net>

<net id="1117"><net_src comp="90" pin="0"/><net_sink comp="1110" pin=2"/></net>

<net id="1122"><net_src comp="222" pin="2"/><net_sink comp="1118" pin=0"/></net>

<net id="1123"><net_src comp="64" pin="0"/><net_sink comp="1118" pin=1"/></net>

<net id="1129"><net_src comp="66" pin="0"/><net_sink comp="1124" pin=0"/></net>

<net id="1130"><net_src comp="222" pin="2"/><net_sink comp="1124" pin=1"/></net>

<net id="1131"><net_src comp="68" pin="0"/><net_sink comp="1124" pin=2"/></net>

<net id="1138"><net_src comp="70" pin="0"/><net_sink comp="1132" pin=0"/></net>

<net id="1139"><net_src comp="222" pin="2"/><net_sink comp="1132" pin=1"/></net>

<net id="1140"><net_src comp="72" pin="0"/><net_sink comp="1132" pin=2"/></net>

<net id="1141"><net_src comp="74" pin="0"/><net_sink comp="1132" pin=3"/></net>

<net id="1147"><net_src comp="66" pin="0"/><net_sink comp="1142" pin=0"/></net>

<net id="1148"><net_src comp="222" pin="2"/><net_sink comp="1142" pin=1"/></net>

<net id="1149"><net_src comp="76" pin="0"/><net_sink comp="1142" pin=2"/></net>

<net id="1153"><net_src comp="222" pin="2"/><net_sink comp="1150" pin=0"/></net>

<net id="1158"><net_src comp="1150" pin="1"/><net_sink comp="1154" pin=0"/></net>

<net id="1159"><net_src comp="78" pin="0"/><net_sink comp="1154" pin=1"/></net>

<net id="1165"><net_src comp="66" pin="0"/><net_sink comp="1160" pin=0"/></net>

<net id="1166"><net_src comp="222" pin="2"/><net_sink comp="1160" pin=1"/></net>

<net id="1167"><net_src comp="74" pin="0"/><net_sink comp="1160" pin=2"/></net>

<net id="1173"><net_src comp="66" pin="0"/><net_sink comp="1168" pin=0"/></net>

<net id="1174"><net_src comp="222" pin="2"/><net_sink comp="1168" pin=1"/></net>

<net id="1175"><net_src comp="72" pin="0"/><net_sink comp="1168" pin=2"/></net>

<net id="1180"><net_src comp="1168" pin="3"/><net_sink comp="1176" pin=0"/></net>

<net id="1181"><net_src comp="1154" pin="2"/><net_sink comp="1176" pin=1"/></net>

<net id="1186"><net_src comp="1176" pin="2"/><net_sink comp="1182" pin=0"/></net>

<net id="1187"><net_src comp="1142" pin="3"/><net_sink comp="1182" pin=1"/></net>

<net id="1191"><net_src comp="1182" pin="2"/><net_sink comp="1188" pin=0"/></net>

<net id="1196"><net_src comp="1132" pin="4"/><net_sink comp="1192" pin=0"/></net>

<net id="1197"><net_src comp="1188" pin="1"/><net_sink comp="1192" pin=1"/></net>

<net id="1204"><net_src comp="80" pin="0"/><net_sink comp="1198" pin=0"/></net>

<net id="1205"><net_src comp="222" pin="2"/><net_sink comp="1198" pin=1"/></net>

<net id="1206"><net_src comp="82" pin="0"/><net_sink comp="1198" pin=2"/></net>

<net id="1207"><net_src comp="68" pin="0"/><net_sink comp="1198" pin=3"/></net>

<net id="1212"><net_src comp="1198" pin="4"/><net_sink comp="1208" pin=0"/></net>

<net id="1213"><net_src comp="84" pin="0"/><net_sink comp="1208" pin=1"/></net>

<net id="1219"><net_src comp="86" pin="0"/><net_sink comp="1214" pin=0"/></net>

<net id="1220"><net_src comp="1192" pin="2"/><net_sink comp="1214" pin=1"/></net>

<net id="1221"><net_src comp="72" pin="0"/><net_sink comp="1214" pin=2"/></net>

<net id="1226"><net_src comp="1160" pin="3"/><net_sink comp="1222" pin=0"/></net>

<net id="1227"><net_src comp="88" pin="0"/><net_sink comp="1222" pin=1"/></net>

<net id="1232"><net_src comp="1214" pin="3"/><net_sink comp="1228" pin=0"/></net>

<net id="1233"><net_src comp="1222" pin="2"/><net_sink comp="1228" pin=1"/></net>

<net id="1238"><net_src comp="1208" pin="2"/><net_sink comp="1234" pin=0"/></net>

<net id="1239"><net_src comp="1228" pin="2"/><net_sink comp="1234" pin=1"/></net>

<net id="1244"><net_src comp="1234" pin="2"/><net_sink comp="1240" pin=0"/></net>

<net id="1245"><net_src comp="1124" pin="3"/><net_sink comp="1240" pin=1"/></net>

<net id="1250"><net_src comp="1234" pin="2"/><net_sink comp="1246" pin=0"/></net>

<net id="1251"><net_src comp="88" pin="0"/><net_sink comp="1246" pin=1"/></net>

<net id="1256"><net_src comp="1124" pin="3"/><net_sink comp="1252" pin=0"/></net>

<net id="1257"><net_src comp="1246" pin="2"/><net_sink comp="1252" pin=1"/></net>

<net id="1263"><net_src comp="1124" pin="3"/><net_sink comp="1258" pin=0"/></net>

<net id="1264"><net_src comp="90" pin="0"/><net_sink comp="1258" pin=1"/></net>

<net id="1265"><net_src comp="1192" pin="2"/><net_sink comp="1258" pin=2"/></net>

<net id="1271"><net_src comp="1240" pin="2"/><net_sink comp="1266" pin=0"/></net>

<net id="1272"><net_src comp="1258" pin="3"/><net_sink comp="1266" pin=1"/></net>

<net id="1273"><net_src comp="92" pin="0"/><net_sink comp="1266" pin=2"/></net>

<net id="1279"><net_src comp="1252" pin="2"/><net_sink comp="1274" pin=0"/></net>

<net id="1280"><net_src comp="1266" pin="3"/><net_sink comp="1274" pin=1"/></net>

<net id="1281"><net_src comp="1192" pin="2"/><net_sink comp="1274" pin=2"/></net>

<net id="1287"><net_src comp="1118" pin="2"/><net_sink comp="1282" pin=0"/></net>

<net id="1288"><net_src comp="1274" pin="3"/><net_sink comp="1282" pin=1"/></net>

<net id="1289"><net_src comp="90" pin="0"/><net_sink comp="1282" pin=2"/></net>

<net id="1294"><net_src comp="216" pin="2"/><net_sink comp="1290" pin=0"/></net>

<net id="1295"><net_src comp="64" pin="0"/><net_sink comp="1290" pin=1"/></net>

<net id="1301"><net_src comp="66" pin="0"/><net_sink comp="1296" pin=0"/></net>

<net id="1302"><net_src comp="216" pin="2"/><net_sink comp="1296" pin=1"/></net>

<net id="1303"><net_src comp="68" pin="0"/><net_sink comp="1296" pin=2"/></net>

<net id="1310"><net_src comp="70" pin="0"/><net_sink comp="1304" pin=0"/></net>

<net id="1311"><net_src comp="216" pin="2"/><net_sink comp="1304" pin=1"/></net>

<net id="1312"><net_src comp="72" pin="0"/><net_sink comp="1304" pin=2"/></net>

<net id="1313"><net_src comp="74" pin="0"/><net_sink comp="1304" pin=3"/></net>

<net id="1319"><net_src comp="66" pin="0"/><net_sink comp="1314" pin=0"/></net>

<net id="1320"><net_src comp="216" pin="2"/><net_sink comp="1314" pin=1"/></net>

<net id="1321"><net_src comp="76" pin="0"/><net_sink comp="1314" pin=2"/></net>

<net id="1325"><net_src comp="216" pin="2"/><net_sink comp="1322" pin=0"/></net>

<net id="1330"><net_src comp="1322" pin="1"/><net_sink comp="1326" pin=0"/></net>

<net id="1331"><net_src comp="78" pin="0"/><net_sink comp="1326" pin=1"/></net>

<net id="1337"><net_src comp="66" pin="0"/><net_sink comp="1332" pin=0"/></net>

<net id="1338"><net_src comp="216" pin="2"/><net_sink comp="1332" pin=1"/></net>

<net id="1339"><net_src comp="74" pin="0"/><net_sink comp="1332" pin=2"/></net>

<net id="1345"><net_src comp="66" pin="0"/><net_sink comp="1340" pin=0"/></net>

<net id="1346"><net_src comp="216" pin="2"/><net_sink comp="1340" pin=1"/></net>

<net id="1347"><net_src comp="72" pin="0"/><net_sink comp="1340" pin=2"/></net>

<net id="1352"><net_src comp="1340" pin="3"/><net_sink comp="1348" pin=0"/></net>

<net id="1353"><net_src comp="1326" pin="2"/><net_sink comp="1348" pin=1"/></net>

<net id="1358"><net_src comp="1348" pin="2"/><net_sink comp="1354" pin=0"/></net>

<net id="1359"><net_src comp="1314" pin="3"/><net_sink comp="1354" pin=1"/></net>

<net id="1363"><net_src comp="1354" pin="2"/><net_sink comp="1360" pin=0"/></net>

<net id="1368"><net_src comp="1304" pin="4"/><net_sink comp="1364" pin=0"/></net>

<net id="1369"><net_src comp="1360" pin="1"/><net_sink comp="1364" pin=1"/></net>

<net id="1376"><net_src comp="80" pin="0"/><net_sink comp="1370" pin=0"/></net>

<net id="1377"><net_src comp="216" pin="2"/><net_sink comp="1370" pin=1"/></net>

<net id="1378"><net_src comp="82" pin="0"/><net_sink comp="1370" pin=2"/></net>

<net id="1379"><net_src comp="68" pin="0"/><net_sink comp="1370" pin=3"/></net>

<net id="1384"><net_src comp="1370" pin="4"/><net_sink comp="1380" pin=0"/></net>

<net id="1385"><net_src comp="84" pin="0"/><net_sink comp="1380" pin=1"/></net>

<net id="1391"><net_src comp="86" pin="0"/><net_sink comp="1386" pin=0"/></net>

<net id="1392"><net_src comp="1364" pin="2"/><net_sink comp="1386" pin=1"/></net>

<net id="1393"><net_src comp="72" pin="0"/><net_sink comp="1386" pin=2"/></net>

<net id="1398"><net_src comp="1332" pin="3"/><net_sink comp="1394" pin=0"/></net>

<net id="1399"><net_src comp="88" pin="0"/><net_sink comp="1394" pin=1"/></net>

<net id="1404"><net_src comp="1386" pin="3"/><net_sink comp="1400" pin=0"/></net>

<net id="1405"><net_src comp="1394" pin="2"/><net_sink comp="1400" pin=1"/></net>

<net id="1410"><net_src comp="1380" pin="2"/><net_sink comp="1406" pin=0"/></net>

<net id="1411"><net_src comp="1400" pin="2"/><net_sink comp="1406" pin=1"/></net>

<net id="1416"><net_src comp="1406" pin="2"/><net_sink comp="1412" pin=0"/></net>

<net id="1417"><net_src comp="1296" pin="3"/><net_sink comp="1412" pin=1"/></net>

<net id="1422"><net_src comp="1406" pin="2"/><net_sink comp="1418" pin=0"/></net>

<net id="1423"><net_src comp="88" pin="0"/><net_sink comp="1418" pin=1"/></net>

<net id="1428"><net_src comp="1296" pin="3"/><net_sink comp="1424" pin=0"/></net>

<net id="1429"><net_src comp="1418" pin="2"/><net_sink comp="1424" pin=1"/></net>

<net id="1435"><net_src comp="1296" pin="3"/><net_sink comp="1430" pin=0"/></net>

<net id="1436"><net_src comp="90" pin="0"/><net_sink comp="1430" pin=1"/></net>

<net id="1437"><net_src comp="1364" pin="2"/><net_sink comp="1430" pin=2"/></net>

<net id="1443"><net_src comp="1412" pin="2"/><net_sink comp="1438" pin=0"/></net>

<net id="1444"><net_src comp="1430" pin="3"/><net_sink comp="1438" pin=1"/></net>

<net id="1445"><net_src comp="92" pin="0"/><net_sink comp="1438" pin=2"/></net>

<net id="1451"><net_src comp="1424" pin="2"/><net_sink comp="1446" pin=0"/></net>

<net id="1452"><net_src comp="1438" pin="3"/><net_sink comp="1446" pin=1"/></net>

<net id="1453"><net_src comp="1364" pin="2"/><net_sink comp="1446" pin=2"/></net>

<net id="1459"><net_src comp="1290" pin="2"/><net_sink comp="1454" pin=0"/></net>

<net id="1460"><net_src comp="1446" pin="3"/><net_sink comp="1454" pin=1"/></net>

<net id="1461"><net_src comp="90" pin="0"/><net_sink comp="1454" pin=2"/></net>

<net id="1466"><net_src comp="210" pin="2"/><net_sink comp="1462" pin=0"/></net>

<net id="1467"><net_src comp="64" pin="0"/><net_sink comp="1462" pin=1"/></net>

<net id="1473"><net_src comp="66" pin="0"/><net_sink comp="1468" pin=0"/></net>

<net id="1474"><net_src comp="210" pin="2"/><net_sink comp="1468" pin=1"/></net>

<net id="1475"><net_src comp="68" pin="0"/><net_sink comp="1468" pin=2"/></net>

<net id="1482"><net_src comp="70" pin="0"/><net_sink comp="1476" pin=0"/></net>

<net id="1483"><net_src comp="210" pin="2"/><net_sink comp="1476" pin=1"/></net>

<net id="1484"><net_src comp="72" pin="0"/><net_sink comp="1476" pin=2"/></net>

<net id="1485"><net_src comp="74" pin="0"/><net_sink comp="1476" pin=3"/></net>

<net id="1491"><net_src comp="66" pin="0"/><net_sink comp="1486" pin=0"/></net>

<net id="1492"><net_src comp="210" pin="2"/><net_sink comp="1486" pin=1"/></net>

<net id="1493"><net_src comp="76" pin="0"/><net_sink comp="1486" pin=2"/></net>

<net id="1497"><net_src comp="210" pin="2"/><net_sink comp="1494" pin=0"/></net>

<net id="1502"><net_src comp="1494" pin="1"/><net_sink comp="1498" pin=0"/></net>

<net id="1503"><net_src comp="78" pin="0"/><net_sink comp="1498" pin=1"/></net>

<net id="1509"><net_src comp="66" pin="0"/><net_sink comp="1504" pin=0"/></net>

<net id="1510"><net_src comp="210" pin="2"/><net_sink comp="1504" pin=1"/></net>

<net id="1511"><net_src comp="74" pin="0"/><net_sink comp="1504" pin=2"/></net>

<net id="1517"><net_src comp="66" pin="0"/><net_sink comp="1512" pin=0"/></net>

<net id="1518"><net_src comp="210" pin="2"/><net_sink comp="1512" pin=1"/></net>

<net id="1519"><net_src comp="72" pin="0"/><net_sink comp="1512" pin=2"/></net>

<net id="1524"><net_src comp="1512" pin="3"/><net_sink comp="1520" pin=0"/></net>

<net id="1525"><net_src comp="1498" pin="2"/><net_sink comp="1520" pin=1"/></net>

<net id="1530"><net_src comp="1520" pin="2"/><net_sink comp="1526" pin=0"/></net>

<net id="1531"><net_src comp="1486" pin="3"/><net_sink comp="1526" pin=1"/></net>

<net id="1535"><net_src comp="1526" pin="2"/><net_sink comp="1532" pin=0"/></net>

<net id="1540"><net_src comp="1476" pin="4"/><net_sink comp="1536" pin=0"/></net>

<net id="1541"><net_src comp="1532" pin="1"/><net_sink comp="1536" pin=1"/></net>

<net id="1548"><net_src comp="80" pin="0"/><net_sink comp="1542" pin=0"/></net>

<net id="1549"><net_src comp="210" pin="2"/><net_sink comp="1542" pin=1"/></net>

<net id="1550"><net_src comp="82" pin="0"/><net_sink comp="1542" pin=2"/></net>

<net id="1551"><net_src comp="68" pin="0"/><net_sink comp="1542" pin=3"/></net>

<net id="1556"><net_src comp="1542" pin="4"/><net_sink comp="1552" pin=0"/></net>

<net id="1557"><net_src comp="84" pin="0"/><net_sink comp="1552" pin=1"/></net>

<net id="1563"><net_src comp="86" pin="0"/><net_sink comp="1558" pin=0"/></net>

<net id="1564"><net_src comp="1536" pin="2"/><net_sink comp="1558" pin=1"/></net>

<net id="1565"><net_src comp="72" pin="0"/><net_sink comp="1558" pin=2"/></net>

<net id="1570"><net_src comp="1504" pin="3"/><net_sink comp="1566" pin=0"/></net>

<net id="1571"><net_src comp="88" pin="0"/><net_sink comp="1566" pin=1"/></net>

<net id="1576"><net_src comp="1558" pin="3"/><net_sink comp="1572" pin=0"/></net>

<net id="1577"><net_src comp="1566" pin="2"/><net_sink comp="1572" pin=1"/></net>

<net id="1582"><net_src comp="1552" pin="2"/><net_sink comp="1578" pin=0"/></net>

<net id="1583"><net_src comp="1572" pin="2"/><net_sink comp="1578" pin=1"/></net>

<net id="1588"><net_src comp="1578" pin="2"/><net_sink comp="1584" pin=0"/></net>

<net id="1589"><net_src comp="1468" pin="3"/><net_sink comp="1584" pin=1"/></net>

<net id="1594"><net_src comp="1578" pin="2"/><net_sink comp="1590" pin=0"/></net>

<net id="1595"><net_src comp="88" pin="0"/><net_sink comp="1590" pin=1"/></net>

<net id="1600"><net_src comp="1468" pin="3"/><net_sink comp="1596" pin=0"/></net>

<net id="1601"><net_src comp="1590" pin="2"/><net_sink comp="1596" pin=1"/></net>

<net id="1607"><net_src comp="1468" pin="3"/><net_sink comp="1602" pin=0"/></net>

<net id="1608"><net_src comp="90" pin="0"/><net_sink comp="1602" pin=1"/></net>

<net id="1609"><net_src comp="1536" pin="2"/><net_sink comp="1602" pin=2"/></net>

<net id="1615"><net_src comp="1584" pin="2"/><net_sink comp="1610" pin=0"/></net>

<net id="1616"><net_src comp="1602" pin="3"/><net_sink comp="1610" pin=1"/></net>

<net id="1617"><net_src comp="92" pin="0"/><net_sink comp="1610" pin=2"/></net>

<net id="1623"><net_src comp="1596" pin="2"/><net_sink comp="1618" pin=0"/></net>

<net id="1624"><net_src comp="1610" pin="3"/><net_sink comp="1618" pin=1"/></net>

<net id="1625"><net_src comp="1536" pin="2"/><net_sink comp="1618" pin=2"/></net>

<net id="1631"><net_src comp="1462" pin="2"/><net_sink comp="1626" pin=0"/></net>

<net id="1632"><net_src comp="1618" pin="3"/><net_sink comp="1626" pin=1"/></net>

<net id="1633"><net_src comp="90" pin="0"/><net_sink comp="1626" pin=2"/></net>

<net id="1638"><net_src comp="204" pin="2"/><net_sink comp="1634" pin=0"/></net>

<net id="1639"><net_src comp="64" pin="0"/><net_sink comp="1634" pin=1"/></net>

<net id="1645"><net_src comp="66" pin="0"/><net_sink comp="1640" pin=0"/></net>

<net id="1646"><net_src comp="204" pin="2"/><net_sink comp="1640" pin=1"/></net>

<net id="1647"><net_src comp="68" pin="0"/><net_sink comp="1640" pin=2"/></net>

<net id="1654"><net_src comp="70" pin="0"/><net_sink comp="1648" pin=0"/></net>

<net id="1655"><net_src comp="204" pin="2"/><net_sink comp="1648" pin=1"/></net>

<net id="1656"><net_src comp="72" pin="0"/><net_sink comp="1648" pin=2"/></net>

<net id="1657"><net_src comp="74" pin="0"/><net_sink comp="1648" pin=3"/></net>

<net id="1663"><net_src comp="66" pin="0"/><net_sink comp="1658" pin=0"/></net>

<net id="1664"><net_src comp="204" pin="2"/><net_sink comp="1658" pin=1"/></net>

<net id="1665"><net_src comp="76" pin="0"/><net_sink comp="1658" pin=2"/></net>

<net id="1669"><net_src comp="204" pin="2"/><net_sink comp="1666" pin=0"/></net>

<net id="1674"><net_src comp="1666" pin="1"/><net_sink comp="1670" pin=0"/></net>

<net id="1675"><net_src comp="78" pin="0"/><net_sink comp="1670" pin=1"/></net>

<net id="1681"><net_src comp="66" pin="0"/><net_sink comp="1676" pin=0"/></net>

<net id="1682"><net_src comp="204" pin="2"/><net_sink comp="1676" pin=1"/></net>

<net id="1683"><net_src comp="74" pin="0"/><net_sink comp="1676" pin=2"/></net>

<net id="1689"><net_src comp="66" pin="0"/><net_sink comp="1684" pin=0"/></net>

<net id="1690"><net_src comp="204" pin="2"/><net_sink comp="1684" pin=1"/></net>

<net id="1691"><net_src comp="72" pin="0"/><net_sink comp="1684" pin=2"/></net>

<net id="1696"><net_src comp="1684" pin="3"/><net_sink comp="1692" pin=0"/></net>

<net id="1697"><net_src comp="1670" pin="2"/><net_sink comp="1692" pin=1"/></net>

<net id="1702"><net_src comp="1692" pin="2"/><net_sink comp="1698" pin=0"/></net>

<net id="1703"><net_src comp="1658" pin="3"/><net_sink comp="1698" pin=1"/></net>

<net id="1707"><net_src comp="1698" pin="2"/><net_sink comp="1704" pin=0"/></net>

<net id="1712"><net_src comp="1648" pin="4"/><net_sink comp="1708" pin=0"/></net>

<net id="1713"><net_src comp="1704" pin="1"/><net_sink comp="1708" pin=1"/></net>

<net id="1720"><net_src comp="80" pin="0"/><net_sink comp="1714" pin=0"/></net>

<net id="1721"><net_src comp="204" pin="2"/><net_sink comp="1714" pin=1"/></net>

<net id="1722"><net_src comp="82" pin="0"/><net_sink comp="1714" pin=2"/></net>

<net id="1723"><net_src comp="68" pin="0"/><net_sink comp="1714" pin=3"/></net>

<net id="1728"><net_src comp="1714" pin="4"/><net_sink comp="1724" pin=0"/></net>

<net id="1729"><net_src comp="84" pin="0"/><net_sink comp="1724" pin=1"/></net>

<net id="1735"><net_src comp="86" pin="0"/><net_sink comp="1730" pin=0"/></net>

<net id="1736"><net_src comp="1708" pin="2"/><net_sink comp="1730" pin=1"/></net>

<net id="1737"><net_src comp="72" pin="0"/><net_sink comp="1730" pin=2"/></net>

<net id="1742"><net_src comp="1676" pin="3"/><net_sink comp="1738" pin=0"/></net>

<net id="1743"><net_src comp="88" pin="0"/><net_sink comp="1738" pin=1"/></net>

<net id="1748"><net_src comp="1730" pin="3"/><net_sink comp="1744" pin=0"/></net>

<net id="1749"><net_src comp="1738" pin="2"/><net_sink comp="1744" pin=1"/></net>

<net id="1754"><net_src comp="1724" pin="2"/><net_sink comp="1750" pin=0"/></net>

<net id="1755"><net_src comp="1744" pin="2"/><net_sink comp="1750" pin=1"/></net>

<net id="1760"><net_src comp="1750" pin="2"/><net_sink comp="1756" pin=0"/></net>

<net id="1761"><net_src comp="1640" pin="3"/><net_sink comp="1756" pin=1"/></net>

<net id="1766"><net_src comp="1750" pin="2"/><net_sink comp="1762" pin=0"/></net>

<net id="1767"><net_src comp="88" pin="0"/><net_sink comp="1762" pin=1"/></net>

<net id="1772"><net_src comp="1640" pin="3"/><net_sink comp="1768" pin=0"/></net>

<net id="1773"><net_src comp="1762" pin="2"/><net_sink comp="1768" pin=1"/></net>

<net id="1779"><net_src comp="1640" pin="3"/><net_sink comp="1774" pin=0"/></net>

<net id="1780"><net_src comp="90" pin="0"/><net_sink comp="1774" pin=1"/></net>

<net id="1781"><net_src comp="1708" pin="2"/><net_sink comp="1774" pin=2"/></net>

<net id="1787"><net_src comp="1756" pin="2"/><net_sink comp="1782" pin=0"/></net>

<net id="1788"><net_src comp="1774" pin="3"/><net_sink comp="1782" pin=1"/></net>

<net id="1789"><net_src comp="92" pin="0"/><net_sink comp="1782" pin=2"/></net>

<net id="1795"><net_src comp="1768" pin="2"/><net_sink comp="1790" pin=0"/></net>

<net id="1796"><net_src comp="1782" pin="3"/><net_sink comp="1790" pin=1"/></net>

<net id="1797"><net_src comp="1708" pin="2"/><net_sink comp="1790" pin=2"/></net>

<net id="1803"><net_src comp="1634" pin="2"/><net_sink comp="1798" pin=0"/></net>

<net id="1804"><net_src comp="1790" pin="3"/><net_sink comp="1798" pin=1"/></net>

<net id="1805"><net_src comp="90" pin="0"/><net_sink comp="1798" pin=2"/></net>

<net id="1810"><net_src comp="198" pin="2"/><net_sink comp="1806" pin=0"/></net>

<net id="1811"><net_src comp="64" pin="0"/><net_sink comp="1806" pin=1"/></net>

<net id="1817"><net_src comp="66" pin="0"/><net_sink comp="1812" pin=0"/></net>

<net id="1818"><net_src comp="198" pin="2"/><net_sink comp="1812" pin=1"/></net>

<net id="1819"><net_src comp="68" pin="0"/><net_sink comp="1812" pin=2"/></net>

<net id="1826"><net_src comp="70" pin="0"/><net_sink comp="1820" pin=0"/></net>

<net id="1827"><net_src comp="198" pin="2"/><net_sink comp="1820" pin=1"/></net>

<net id="1828"><net_src comp="72" pin="0"/><net_sink comp="1820" pin=2"/></net>

<net id="1829"><net_src comp="74" pin="0"/><net_sink comp="1820" pin=3"/></net>

<net id="1835"><net_src comp="66" pin="0"/><net_sink comp="1830" pin=0"/></net>

<net id="1836"><net_src comp="198" pin="2"/><net_sink comp="1830" pin=1"/></net>

<net id="1837"><net_src comp="76" pin="0"/><net_sink comp="1830" pin=2"/></net>

<net id="1841"><net_src comp="198" pin="2"/><net_sink comp="1838" pin=0"/></net>

<net id="1846"><net_src comp="1838" pin="1"/><net_sink comp="1842" pin=0"/></net>

<net id="1847"><net_src comp="78" pin="0"/><net_sink comp="1842" pin=1"/></net>

<net id="1853"><net_src comp="66" pin="0"/><net_sink comp="1848" pin=0"/></net>

<net id="1854"><net_src comp="198" pin="2"/><net_sink comp="1848" pin=1"/></net>

<net id="1855"><net_src comp="74" pin="0"/><net_sink comp="1848" pin=2"/></net>

<net id="1861"><net_src comp="66" pin="0"/><net_sink comp="1856" pin=0"/></net>

<net id="1862"><net_src comp="198" pin="2"/><net_sink comp="1856" pin=1"/></net>

<net id="1863"><net_src comp="72" pin="0"/><net_sink comp="1856" pin=2"/></net>

<net id="1868"><net_src comp="1856" pin="3"/><net_sink comp="1864" pin=0"/></net>

<net id="1869"><net_src comp="1842" pin="2"/><net_sink comp="1864" pin=1"/></net>

<net id="1874"><net_src comp="1864" pin="2"/><net_sink comp="1870" pin=0"/></net>

<net id="1875"><net_src comp="1830" pin="3"/><net_sink comp="1870" pin=1"/></net>

<net id="1879"><net_src comp="1870" pin="2"/><net_sink comp="1876" pin=0"/></net>

<net id="1884"><net_src comp="1820" pin="4"/><net_sink comp="1880" pin=0"/></net>

<net id="1885"><net_src comp="1876" pin="1"/><net_sink comp="1880" pin=1"/></net>

<net id="1892"><net_src comp="80" pin="0"/><net_sink comp="1886" pin=0"/></net>

<net id="1893"><net_src comp="198" pin="2"/><net_sink comp="1886" pin=1"/></net>

<net id="1894"><net_src comp="82" pin="0"/><net_sink comp="1886" pin=2"/></net>

<net id="1895"><net_src comp="68" pin="0"/><net_sink comp="1886" pin=3"/></net>

<net id="1900"><net_src comp="1886" pin="4"/><net_sink comp="1896" pin=0"/></net>

<net id="1901"><net_src comp="84" pin="0"/><net_sink comp="1896" pin=1"/></net>

<net id="1907"><net_src comp="86" pin="0"/><net_sink comp="1902" pin=0"/></net>

<net id="1908"><net_src comp="1880" pin="2"/><net_sink comp="1902" pin=1"/></net>

<net id="1909"><net_src comp="72" pin="0"/><net_sink comp="1902" pin=2"/></net>

<net id="1914"><net_src comp="1848" pin="3"/><net_sink comp="1910" pin=0"/></net>

<net id="1915"><net_src comp="88" pin="0"/><net_sink comp="1910" pin=1"/></net>

<net id="1920"><net_src comp="1902" pin="3"/><net_sink comp="1916" pin=0"/></net>

<net id="1921"><net_src comp="1910" pin="2"/><net_sink comp="1916" pin=1"/></net>

<net id="1926"><net_src comp="1896" pin="2"/><net_sink comp="1922" pin=0"/></net>

<net id="1927"><net_src comp="1916" pin="2"/><net_sink comp="1922" pin=1"/></net>

<net id="1932"><net_src comp="1922" pin="2"/><net_sink comp="1928" pin=0"/></net>

<net id="1933"><net_src comp="1812" pin="3"/><net_sink comp="1928" pin=1"/></net>

<net id="1938"><net_src comp="1922" pin="2"/><net_sink comp="1934" pin=0"/></net>

<net id="1939"><net_src comp="88" pin="0"/><net_sink comp="1934" pin=1"/></net>

<net id="1944"><net_src comp="1812" pin="3"/><net_sink comp="1940" pin=0"/></net>

<net id="1945"><net_src comp="1934" pin="2"/><net_sink comp="1940" pin=1"/></net>

<net id="1951"><net_src comp="1812" pin="3"/><net_sink comp="1946" pin=0"/></net>

<net id="1952"><net_src comp="90" pin="0"/><net_sink comp="1946" pin=1"/></net>

<net id="1953"><net_src comp="1880" pin="2"/><net_sink comp="1946" pin=2"/></net>

<net id="1959"><net_src comp="1928" pin="2"/><net_sink comp="1954" pin=0"/></net>

<net id="1960"><net_src comp="1946" pin="3"/><net_sink comp="1954" pin=1"/></net>

<net id="1961"><net_src comp="92" pin="0"/><net_sink comp="1954" pin=2"/></net>

<net id="1967"><net_src comp="1940" pin="2"/><net_sink comp="1962" pin=0"/></net>

<net id="1968"><net_src comp="1954" pin="3"/><net_sink comp="1962" pin=1"/></net>

<net id="1969"><net_src comp="1880" pin="2"/><net_sink comp="1962" pin=2"/></net>

<net id="1975"><net_src comp="1806" pin="2"/><net_sink comp="1970" pin=0"/></net>

<net id="1976"><net_src comp="1962" pin="3"/><net_sink comp="1970" pin=1"/></net>

<net id="1977"><net_src comp="90" pin="0"/><net_sink comp="1970" pin=2"/></net>

<net id="1982"><net_src comp="192" pin="2"/><net_sink comp="1978" pin=0"/></net>

<net id="1983"><net_src comp="64" pin="0"/><net_sink comp="1978" pin=1"/></net>

<net id="1989"><net_src comp="66" pin="0"/><net_sink comp="1984" pin=0"/></net>

<net id="1990"><net_src comp="192" pin="2"/><net_sink comp="1984" pin=1"/></net>

<net id="1991"><net_src comp="68" pin="0"/><net_sink comp="1984" pin=2"/></net>

<net id="1998"><net_src comp="70" pin="0"/><net_sink comp="1992" pin=0"/></net>

<net id="1999"><net_src comp="192" pin="2"/><net_sink comp="1992" pin=1"/></net>

<net id="2000"><net_src comp="72" pin="0"/><net_sink comp="1992" pin=2"/></net>

<net id="2001"><net_src comp="74" pin="0"/><net_sink comp="1992" pin=3"/></net>

<net id="2007"><net_src comp="66" pin="0"/><net_sink comp="2002" pin=0"/></net>

<net id="2008"><net_src comp="192" pin="2"/><net_sink comp="2002" pin=1"/></net>

<net id="2009"><net_src comp="76" pin="0"/><net_sink comp="2002" pin=2"/></net>

<net id="2013"><net_src comp="192" pin="2"/><net_sink comp="2010" pin=0"/></net>

<net id="2018"><net_src comp="2010" pin="1"/><net_sink comp="2014" pin=0"/></net>

<net id="2019"><net_src comp="78" pin="0"/><net_sink comp="2014" pin=1"/></net>

<net id="2025"><net_src comp="66" pin="0"/><net_sink comp="2020" pin=0"/></net>

<net id="2026"><net_src comp="192" pin="2"/><net_sink comp="2020" pin=1"/></net>

<net id="2027"><net_src comp="74" pin="0"/><net_sink comp="2020" pin=2"/></net>

<net id="2033"><net_src comp="66" pin="0"/><net_sink comp="2028" pin=0"/></net>

<net id="2034"><net_src comp="192" pin="2"/><net_sink comp="2028" pin=1"/></net>

<net id="2035"><net_src comp="72" pin="0"/><net_sink comp="2028" pin=2"/></net>

<net id="2040"><net_src comp="2028" pin="3"/><net_sink comp="2036" pin=0"/></net>

<net id="2041"><net_src comp="2014" pin="2"/><net_sink comp="2036" pin=1"/></net>

<net id="2046"><net_src comp="2036" pin="2"/><net_sink comp="2042" pin=0"/></net>

<net id="2047"><net_src comp="2002" pin="3"/><net_sink comp="2042" pin=1"/></net>

<net id="2051"><net_src comp="2042" pin="2"/><net_sink comp="2048" pin=0"/></net>

<net id="2056"><net_src comp="1992" pin="4"/><net_sink comp="2052" pin=0"/></net>

<net id="2057"><net_src comp="2048" pin="1"/><net_sink comp="2052" pin=1"/></net>

<net id="2064"><net_src comp="80" pin="0"/><net_sink comp="2058" pin=0"/></net>

<net id="2065"><net_src comp="192" pin="2"/><net_sink comp="2058" pin=1"/></net>

<net id="2066"><net_src comp="82" pin="0"/><net_sink comp="2058" pin=2"/></net>

<net id="2067"><net_src comp="68" pin="0"/><net_sink comp="2058" pin=3"/></net>

<net id="2072"><net_src comp="2058" pin="4"/><net_sink comp="2068" pin=0"/></net>

<net id="2073"><net_src comp="84" pin="0"/><net_sink comp="2068" pin=1"/></net>

<net id="2079"><net_src comp="86" pin="0"/><net_sink comp="2074" pin=0"/></net>

<net id="2080"><net_src comp="2052" pin="2"/><net_sink comp="2074" pin=1"/></net>

<net id="2081"><net_src comp="72" pin="0"/><net_sink comp="2074" pin=2"/></net>

<net id="2086"><net_src comp="2020" pin="3"/><net_sink comp="2082" pin=0"/></net>

<net id="2087"><net_src comp="88" pin="0"/><net_sink comp="2082" pin=1"/></net>

<net id="2092"><net_src comp="2074" pin="3"/><net_sink comp="2088" pin=0"/></net>

<net id="2093"><net_src comp="2082" pin="2"/><net_sink comp="2088" pin=1"/></net>

<net id="2098"><net_src comp="2068" pin="2"/><net_sink comp="2094" pin=0"/></net>

<net id="2099"><net_src comp="2088" pin="2"/><net_sink comp="2094" pin=1"/></net>

<net id="2104"><net_src comp="2094" pin="2"/><net_sink comp="2100" pin=0"/></net>

<net id="2105"><net_src comp="1984" pin="3"/><net_sink comp="2100" pin=1"/></net>

<net id="2110"><net_src comp="2094" pin="2"/><net_sink comp="2106" pin=0"/></net>

<net id="2111"><net_src comp="88" pin="0"/><net_sink comp="2106" pin=1"/></net>

<net id="2116"><net_src comp="1984" pin="3"/><net_sink comp="2112" pin=0"/></net>

<net id="2117"><net_src comp="2106" pin="2"/><net_sink comp="2112" pin=1"/></net>

<net id="2123"><net_src comp="1984" pin="3"/><net_sink comp="2118" pin=0"/></net>

<net id="2124"><net_src comp="90" pin="0"/><net_sink comp="2118" pin=1"/></net>

<net id="2125"><net_src comp="2052" pin="2"/><net_sink comp="2118" pin=2"/></net>

<net id="2131"><net_src comp="2100" pin="2"/><net_sink comp="2126" pin=0"/></net>

<net id="2132"><net_src comp="2118" pin="3"/><net_sink comp="2126" pin=1"/></net>

<net id="2133"><net_src comp="92" pin="0"/><net_sink comp="2126" pin=2"/></net>

<net id="2139"><net_src comp="2112" pin="2"/><net_sink comp="2134" pin=0"/></net>

<net id="2140"><net_src comp="2126" pin="3"/><net_sink comp="2134" pin=1"/></net>

<net id="2141"><net_src comp="2052" pin="2"/><net_sink comp="2134" pin=2"/></net>

<net id="2147"><net_src comp="1978" pin="2"/><net_sink comp="2142" pin=0"/></net>

<net id="2148"><net_src comp="2134" pin="3"/><net_sink comp="2142" pin=1"/></net>

<net id="2149"><net_src comp="90" pin="0"/><net_sink comp="2142" pin=2"/></net>

<net id="2154"><net_src comp="186" pin="2"/><net_sink comp="2150" pin=0"/></net>

<net id="2155"><net_src comp="64" pin="0"/><net_sink comp="2150" pin=1"/></net>

<net id="2161"><net_src comp="66" pin="0"/><net_sink comp="2156" pin=0"/></net>

<net id="2162"><net_src comp="186" pin="2"/><net_sink comp="2156" pin=1"/></net>

<net id="2163"><net_src comp="68" pin="0"/><net_sink comp="2156" pin=2"/></net>

<net id="2170"><net_src comp="70" pin="0"/><net_sink comp="2164" pin=0"/></net>

<net id="2171"><net_src comp="186" pin="2"/><net_sink comp="2164" pin=1"/></net>

<net id="2172"><net_src comp="72" pin="0"/><net_sink comp="2164" pin=2"/></net>

<net id="2173"><net_src comp="74" pin="0"/><net_sink comp="2164" pin=3"/></net>

<net id="2179"><net_src comp="66" pin="0"/><net_sink comp="2174" pin=0"/></net>

<net id="2180"><net_src comp="186" pin="2"/><net_sink comp="2174" pin=1"/></net>

<net id="2181"><net_src comp="76" pin="0"/><net_sink comp="2174" pin=2"/></net>

<net id="2185"><net_src comp="186" pin="2"/><net_sink comp="2182" pin=0"/></net>

<net id="2190"><net_src comp="2182" pin="1"/><net_sink comp="2186" pin=0"/></net>

<net id="2191"><net_src comp="78" pin="0"/><net_sink comp="2186" pin=1"/></net>

<net id="2197"><net_src comp="66" pin="0"/><net_sink comp="2192" pin=0"/></net>

<net id="2198"><net_src comp="186" pin="2"/><net_sink comp="2192" pin=1"/></net>

<net id="2199"><net_src comp="74" pin="0"/><net_sink comp="2192" pin=2"/></net>

<net id="2205"><net_src comp="66" pin="0"/><net_sink comp="2200" pin=0"/></net>

<net id="2206"><net_src comp="186" pin="2"/><net_sink comp="2200" pin=1"/></net>

<net id="2207"><net_src comp="72" pin="0"/><net_sink comp="2200" pin=2"/></net>

<net id="2212"><net_src comp="2200" pin="3"/><net_sink comp="2208" pin=0"/></net>

<net id="2213"><net_src comp="2186" pin="2"/><net_sink comp="2208" pin=1"/></net>

<net id="2218"><net_src comp="2208" pin="2"/><net_sink comp="2214" pin=0"/></net>

<net id="2219"><net_src comp="2174" pin="3"/><net_sink comp="2214" pin=1"/></net>

<net id="2223"><net_src comp="2214" pin="2"/><net_sink comp="2220" pin=0"/></net>

<net id="2228"><net_src comp="2164" pin="4"/><net_sink comp="2224" pin=0"/></net>

<net id="2229"><net_src comp="2220" pin="1"/><net_sink comp="2224" pin=1"/></net>

<net id="2236"><net_src comp="80" pin="0"/><net_sink comp="2230" pin=0"/></net>

<net id="2237"><net_src comp="186" pin="2"/><net_sink comp="2230" pin=1"/></net>

<net id="2238"><net_src comp="82" pin="0"/><net_sink comp="2230" pin=2"/></net>

<net id="2239"><net_src comp="68" pin="0"/><net_sink comp="2230" pin=3"/></net>

<net id="2244"><net_src comp="2230" pin="4"/><net_sink comp="2240" pin=0"/></net>

<net id="2245"><net_src comp="84" pin="0"/><net_sink comp="2240" pin=1"/></net>

<net id="2251"><net_src comp="86" pin="0"/><net_sink comp="2246" pin=0"/></net>

<net id="2252"><net_src comp="2224" pin="2"/><net_sink comp="2246" pin=1"/></net>

<net id="2253"><net_src comp="72" pin="0"/><net_sink comp="2246" pin=2"/></net>

<net id="2258"><net_src comp="2192" pin="3"/><net_sink comp="2254" pin=0"/></net>

<net id="2259"><net_src comp="88" pin="0"/><net_sink comp="2254" pin=1"/></net>

<net id="2264"><net_src comp="2246" pin="3"/><net_sink comp="2260" pin=0"/></net>

<net id="2265"><net_src comp="2254" pin="2"/><net_sink comp="2260" pin=1"/></net>

<net id="2270"><net_src comp="2240" pin="2"/><net_sink comp="2266" pin=0"/></net>

<net id="2271"><net_src comp="2260" pin="2"/><net_sink comp="2266" pin=1"/></net>

<net id="2276"><net_src comp="2266" pin="2"/><net_sink comp="2272" pin=0"/></net>

<net id="2277"><net_src comp="2156" pin="3"/><net_sink comp="2272" pin=1"/></net>

<net id="2282"><net_src comp="2266" pin="2"/><net_sink comp="2278" pin=0"/></net>

<net id="2283"><net_src comp="88" pin="0"/><net_sink comp="2278" pin=1"/></net>

<net id="2288"><net_src comp="2156" pin="3"/><net_sink comp="2284" pin=0"/></net>

<net id="2289"><net_src comp="2278" pin="2"/><net_sink comp="2284" pin=1"/></net>

<net id="2295"><net_src comp="2156" pin="3"/><net_sink comp="2290" pin=0"/></net>

<net id="2296"><net_src comp="90" pin="0"/><net_sink comp="2290" pin=1"/></net>

<net id="2297"><net_src comp="2224" pin="2"/><net_sink comp="2290" pin=2"/></net>

<net id="2303"><net_src comp="2272" pin="2"/><net_sink comp="2298" pin=0"/></net>

<net id="2304"><net_src comp="2290" pin="3"/><net_sink comp="2298" pin=1"/></net>

<net id="2305"><net_src comp="92" pin="0"/><net_sink comp="2298" pin=2"/></net>

<net id="2311"><net_src comp="2284" pin="2"/><net_sink comp="2306" pin=0"/></net>

<net id="2312"><net_src comp="2298" pin="3"/><net_sink comp="2306" pin=1"/></net>

<net id="2313"><net_src comp="2224" pin="2"/><net_sink comp="2306" pin=2"/></net>

<net id="2319"><net_src comp="2150" pin="2"/><net_sink comp="2314" pin=0"/></net>

<net id="2320"><net_src comp="2306" pin="3"/><net_sink comp="2314" pin=1"/></net>

<net id="2321"><net_src comp="90" pin="0"/><net_sink comp="2314" pin=2"/></net>

<net id="2326"><net_src comp="180" pin="2"/><net_sink comp="2322" pin=0"/></net>

<net id="2327"><net_src comp="64" pin="0"/><net_sink comp="2322" pin=1"/></net>

<net id="2333"><net_src comp="66" pin="0"/><net_sink comp="2328" pin=0"/></net>

<net id="2334"><net_src comp="180" pin="2"/><net_sink comp="2328" pin=1"/></net>

<net id="2335"><net_src comp="68" pin="0"/><net_sink comp="2328" pin=2"/></net>

<net id="2342"><net_src comp="70" pin="0"/><net_sink comp="2336" pin=0"/></net>

<net id="2343"><net_src comp="180" pin="2"/><net_sink comp="2336" pin=1"/></net>

<net id="2344"><net_src comp="72" pin="0"/><net_sink comp="2336" pin=2"/></net>

<net id="2345"><net_src comp="74" pin="0"/><net_sink comp="2336" pin=3"/></net>

<net id="2351"><net_src comp="66" pin="0"/><net_sink comp="2346" pin=0"/></net>

<net id="2352"><net_src comp="180" pin="2"/><net_sink comp="2346" pin=1"/></net>

<net id="2353"><net_src comp="76" pin="0"/><net_sink comp="2346" pin=2"/></net>

<net id="2357"><net_src comp="180" pin="2"/><net_sink comp="2354" pin=0"/></net>

<net id="2362"><net_src comp="2354" pin="1"/><net_sink comp="2358" pin=0"/></net>

<net id="2363"><net_src comp="78" pin="0"/><net_sink comp="2358" pin=1"/></net>

<net id="2369"><net_src comp="66" pin="0"/><net_sink comp="2364" pin=0"/></net>

<net id="2370"><net_src comp="180" pin="2"/><net_sink comp="2364" pin=1"/></net>

<net id="2371"><net_src comp="74" pin="0"/><net_sink comp="2364" pin=2"/></net>

<net id="2377"><net_src comp="66" pin="0"/><net_sink comp="2372" pin=0"/></net>

<net id="2378"><net_src comp="180" pin="2"/><net_sink comp="2372" pin=1"/></net>

<net id="2379"><net_src comp="72" pin="0"/><net_sink comp="2372" pin=2"/></net>

<net id="2384"><net_src comp="2372" pin="3"/><net_sink comp="2380" pin=0"/></net>

<net id="2385"><net_src comp="2358" pin="2"/><net_sink comp="2380" pin=1"/></net>

<net id="2390"><net_src comp="2380" pin="2"/><net_sink comp="2386" pin=0"/></net>

<net id="2391"><net_src comp="2346" pin="3"/><net_sink comp="2386" pin=1"/></net>

<net id="2395"><net_src comp="2386" pin="2"/><net_sink comp="2392" pin=0"/></net>

<net id="2400"><net_src comp="2336" pin="4"/><net_sink comp="2396" pin=0"/></net>

<net id="2401"><net_src comp="2392" pin="1"/><net_sink comp="2396" pin=1"/></net>

<net id="2408"><net_src comp="80" pin="0"/><net_sink comp="2402" pin=0"/></net>

<net id="2409"><net_src comp="180" pin="2"/><net_sink comp="2402" pin=1"/></net>

<net id="2410"><net_src comp="82" pin="0"/><net_sink comp="2402" pin=2"/></net>

<net id="2411"><net_src comp="68" pin="0"/><net_sink comp="2402" pin=3"/></net>

<net id="2416"><net_src comp="2402" pin="4"/><net_sink comp="2412" pin=0"/></net>

<net id="2417"><net_src comp="84" pin="0"/><net_sink comp="2412" pin=1"/></net>

<net id="2423"><net_src comp="86" pin="0"/><net_sink comp="2418" pin=0"/></net>

<net id="2424"><net_src comp="2396" pin="2"/><net_sink comp="2418" pin=1"/></net>

<net id="2425"><net_src comp="72" pin="0"/><net_sink comp="2418" pin=2"/></net>

<net id="2430"><net_src comp="2364" pin="3"/><net_sink comp="2426" pin=0"/></net>

<net id="2431"><net_src comp="88" pin="0"/><net_sink comp="2426" pin=1"/></net>

<net id="2436"><net_src comp="2418" pin="3"/><net_sink comp="2432" pin=0"/></net>

<net id="2437"><net_src comp="2426" pin="2"/><net_sink comp="2432" pin=1"/></net>

<net id="2442"><net_src comp="2412" pin="2"/><net_sink comp="2438" pin=0"/></net>

<net id="2443"><net_src comp="2432" pin="2"/><net_sink comp="2438" pin=1"/></net>

<net id="2448"><net_src comp="2438" pin="2"/><net_sink comp="2444" pin=0"/></net>

<net id="2449"><net_src comp="2328" pin="3"/><net_sink comp="2444" pin=1"/></net>

<net id="2454"><net_src comp="2438" pin="2"/><net_sink comp="2450" pin=0"/></net>

<net id="2455"><net_src comp="88" pin="0"/><net_sink comp="2450" pin=1"/></net>

<net id="2460"><net_src comp="2328" pin="3"/><net_sink comp="2456" pin=0"/></net>

<net id="2461"><net_src comp="2450" pin="2"/><net_sink comp="2456" pin=1"/></net>

<net id="2467"><net_src comp="2328" pin="3"/><net_sink comp="2462" pin=0"/></net>

<net id="2468"><net_src comp="90" pin="0"/><net_sink comp="2462" pin=1"/></net>

<net id="2469"><net_src comp="2396" pin="2"/><net_sink comp="2462" pin=2"/></net>

<net id="2475"><net_src comp="2444" pin="2"/><net_sink comp="2470" pin=0"/></net>

<net id="2476"><net_src comp="2462" pin="3"/><net_sink comp="2470" pin=1"/></net>

<net id="2477"><net_src comp="92" pin="0"/><net_sink comp="2470" pin=2"/></net>

<net id="2483"><net_src comp="2456" pin="2"/><net_sink comp="2478" pin=0"/></net>

<net id="2484"><net_src comp="2470" pin="3"/><net_sink comp="2478" pin=1"/></net>

<net id="2485"><net_src comp="2396" pin="2"/><net_sink comp="2478" pin=2"/></net>

<net id="2491"><net_src comp="2322" pin="2"/><net_sink comp="2486" pin=0"/></net>

<net id="2492"><net_src comp="2478" pin="3"/><net_sink comp="2486" pin=1"/></net>

<net id="2493"><net_src comp="90" pin="0"/><net_sink comp="2486" pin=2"/></net>

<net id="2498"><net_src comp="174" pin="2"/><net_sink comp="2494" pin=0"/></net>

<net id="2499"><net_src comp="64" pin="0"/><net_sink comp="2494" pin=1"/></net>

<net id="2505"><net_src comp="66" pin="0"/><net_sink comp="2500" pin=0"/></net>

<net id="2506"><net_src comp="174" pin="2"/><net_sink comp="2500" pin=1"/></net>

<net id="2507"><net_src comp="68" pin="0"/><net_sink comp="2500" pin=2"/></net>

<net id="2514"><net_src comp="70" pin="0"/><net_sink comp="2508" pin=0"/></net>

<net id="2515"><net_src comp="174" pin="2"/><net_sink comp="2508" pin=1"/></net>

<net id="2516"><net_src comp="72" pin="0"/><net_sink comp="2508" pin=2"/></net>

<net id="2517"><net_src comp="74" pin="0"/><net_sink comp="2508" pin=3"/></net>

<net id="2523"><net_src comp="66" pin="0"/><net_sink comp="2518" pin=0"/></net>

<net id="2524"><net_src comp="174" pin="2"/><net_sink comp="2518" pin=1"/></net>

<net id="2525"><net_src comp="76" pin="0"/><net_sink comp="2518" pin=2"/></net>

<net id="2529"><net_src comp="174" pin="2"/><net_sink comp="2526" pin=0"/></net>

<net id="2534"><net_src comp="2526" pin="1"/><net_sink comp="2530" pin=0"/></net>

<net id="2535"><net_src comp="78" pin="0"/><net_sink comp="2530" pin=1"/></net>

<net id="2541"><net_src comp="66" pin="0"/><net_sink comp="2536" pin=0"/></net>

<net id="2542"><net_src comp="174" pin="2"/><net_sink comp="2536" pin=1"/></net>

<net id="2543"><net_src comp="74" pin="0"/><net_sink comp="2536" pin=2"/></net>

<net id="2549"><net_src comp="66" pin="0"/><net_sink comp="2544" pin=0"/></net>

<net id="2550"><net_src comp="174" pin="2"/><net_sink comp="2544" pin=1"/></net>

<net id="2551"><net_src comp="72" pin="0"/><net_sink comp="2544" pin=2"/></net>

<net id="2556"><net_src comp="2544" pin="3"/><net_sink comp="2552" pin=0"/></net>

<net id="2557"><net_src comp="2530" pin="2"/><net_sink comp="2552" pin=1"/></net>

<net id="2562"><net_src comp="2552" pin="2"/><net_sink comp="2558" pin=0"/></net>

<net id="2563"><net_src comp="2518" pin="3"/><net_sink comp="2558" pin=1"/></net>

<net id="2567"><net_src comp="2558" pin="2"/><net_sink comp="2564" pin=0"/></net>

<net id="2572"><net_src comp="2508" pin="4"/><net_sink comp="2568" pin=0"/></net>

<net id="2573"><net_src comp="2564" pin="1"/><net_sink comp="2568" pin=1"/></net>

<net id="2580"><net_src comp="80" pin="0"/><net_sink comp="2574" pin=0"/></net>

<net id="2581"><net_src comp="174" pin="2"/><net_sink comp="2574" pin=1"/></net>

<net id="2582"><net_src comp="82" pin="0"/><net_sink comp="2574" pin=2"/></net>

<net id="2583"><net_src comp="68" pin="0"/><net_sink comp="2574" pin=3"/></net>

<net id="2588"><net_src comp="2574" pin="4"/><net_sink comp="2584" pin=0"/></net>

<net id="2589"><net_src comp="84" pin="0"/><net_sink comp="2584" pin=1"/></net>

<net id="2595"><net_src comp="86" pin="0"/><net_sink comp="2590" pin=0"/></net>

<net id="2596"><net_src comp="2568" pin="2"/><net_sink comp="2590" pin=1"/></net>

<net id="2597"><net_src comp="72" pin="0"/><net_sink comp="2590" pin=2"/></net>

<net id="2602"><net_src comp="2536" pin="3"/><net_sink comp="2598" pin=0"/></net>

<net id="2603"><net_src comp="88" pin="0"/><net_sink comp="2598" pin=1"/></net>

<net id="2608"><net_src comp="2590" pin="3"/><net_sink comp="2604" pin=0"/></net>

<net id="2609"><net_src comp="2598" pin="2"/><net_sink comp="2604" pin=1"/></net>

<net id="2614"><net_src comp="2584" pin="2"/><net_sink comp="2610" pin=0"/></net>

<net id="2615"><net_src comp="2604" pin="2"/><net_sink comp="2610" pin=1"/></net>

<net id="2620"><net_src comp="2610" pin="2"/><net_sink comp="2616" pin=0"/></net>

<net id="2621"><net_src comp="2500" pin="3"/><net_sink comp="2616" pin=1"/></net>

<net id="2626"><net_src comp="2610" pin="2"/><net_sink comp="2622" pin=0"/></net>

<net id="2627"><net_src comp="88" pin="0"/><net_sink comp="2622" pin=1"/></net>

<net id="2632"><net_src comp="2500" pin="3"/><net_sink comp="2628" pin=0"/></net>

<net id="2633"><net_src comp="2622" pin="2"/><net_sink comp="2628" pin=1"/></net>

<net id="2639"><net_src comp="2500" pin="3"/><net_sink comp="2634" pin=0"/></net>

<net id="2640"><net_src comp="90" pin="0"/><net_sink comp="2634" pin=1"/></net>

<net id="2641"><net_src comp="2568" pin="2"/><net_sink comp="2634" pin=2"/></net>

<net id="2647"><net_src comp="2616" pin="2"/><net_sink comp="2642" pin=0"/></net>

<net id="2648"><net_src comp="2634" pin="3"/><net_sink comp="2642" pin=1"/></net>

<net id="2649"><net_src comp="92" pin="0"/><net_sink comp="2642" pin=2"/></net>

<net id="2655"><net_src comp="2628" pin="2"/><net_sink comp="2650" pin=0"/></net>

<net id="2656"><net_src comp="2642" pin="3"/><net_sink comp="2650" pin=1"/></net>

<net id="2657"><net_src comp="2568" pin="2"/><net_sink comp="2650" pin=2"/></net>

<net id="2663"><net_src comp="2494" pin="2"/><net_sink comp="2658" pin=0"/></net>

<net id="2664"><net_src comp="2650" pin="3"/><net_sink comp="2658" pin=1"/></net>

<net id="2665"><net_src comp="90" pin="0"/><net_sink comp="2658" pin=2"/></net>

<net id="2670"><net_src comp="168" pin="2"/><net_sink comp="2666" pin=0"/></net>

<net id="2671"><net_src comp="64" pin="0"/><net_sink comp="2666" pin=1"/></net>

<net id="2677"><net_src comp="66" pin="0"/><net_sink comp="2672" pin=0"/></net>

<net id="2678"><net_src comp="168" pin="2"/><net_sink comp="2672" pin=1"/></net>

<net id="2679"><net_src comp="68" pin="0"/><net_sink comp="2672" pin=2"/></net>

<net id="2686"><net_src comp="70" pin="0"/><net_sink comp="2680" pin=0"/></net>

<net id="2687"><net_src comp="168" pin="2"/><net_sink comp="2680" pin=1"/></net>

<net id="2688"><net_src comp="72" pin="0"/><net_sink comp="2680" pin=2"/></net>

<net id="2689"><net_src comp="74" pin="0"/><net_sink comp="2680" pin=3"/></net>

<net id="2695"><net_src comp="66" pin="0"/><net_sink comp="2690" pin=0"/></net>

<net id="2696"><net_src comp="168" pin="2"/><net_sink comp="2690" pin=1"/></net>

<net id="2697"><net_src comp="76" pin="0"/><net_sink comp="2690" pin=2"/></net>

<net id="2701"><net_src comp="168" pin="2"/><net_sink comp="2698" pin=0"/></net>

<net id="2706"><net_src comp="2698" pin="1"/><net_sink comp="2702" pin=0"/></net>

<net id="2707"><net_src comp="78" pin="0"/><net_sink comp="2702" pin=1"/></net>

<net id="2713"><net_src comp="66" pin="0"/><net_sink comp="2708" pin=0"/></net>

<net id="2714"><net_src comp="168" pin="2"/><net_sink comp="2708" pin=1"/></net>

<net id="2715"><net_src comp="74" pin="0"/><net_sink comp="2708" pin=2"/></net>

<net id="2721"><net_src comp="66" pin="0"/><net_sink comp="2716" pin=0"/></net>

<net id="2722"><net_src comp="168" pin="2"/><net_sink comp="2716" pin=1"/></net>

<net id="2723"><net_src comp="72" pin="0"/><net_sink comp="2716" pin=2"/></net>

<net id="2728"><net_src comp="2716" pin="3"/><net_sink comp="2724" pin=0"/></net>

<net id="2729"><net_src comp="2702" pin="2"/><net_sink comp="2724" pin=1"/></net>

<net id="2734"><net_src comp="2724" pin="2"/><net_sink comp="2730" pin=0"/></net>

<net id="2735"><net_src comp="2690" pin="3"/><net_sink comp="2730" pin=1"/></net>

<net id="2739"><net_src comp="2730" pin="2"/><net_sink comp="2736" pin=0"/></net>

<net id="2744"><net_src comp="2680" pin="4"/><net_sink comp="2740" pin=0"/></net>

<net id="2745"><net_src comp="2736" pin="1"/><net_sink comp="2740" pin=1"/></net>

<net id="2752"><net_src comp="80" pin="0"/><net_sink comp="2746" pin=0"/></net>

<net id="2753"><net_src comp="168" pin="2"/><net_sink comp="2746" pin=1"/></net>

<net id="2754"><net_src comp="82" pin="0"/><net_sink comp="2746" pin=2"/></net>

<net id="2755"><net_src comp="68" pin="0"/><net_sink comp="2746" pin=3"/></net>

<net id="2760"><net_src comp="2746" pin="4"/><net_sink comp="2756" pin=0"/></net>

<net id="2761"><net_src comp="84" pin="0"/><net_sink comp="2756" pin=1"/></net>

<net id="2767"><net_src comp="86" pin="0"/><net_sink comp="2762" pin=0"/></net>

<net id="2768"><net_src comp="2740" pin="2"/><net_sink comp="2762" pin=1"/></net>

<net id="2769"><net_src comp="72" pin="0"/><net_sink comp="2762" pin=2"/></net>

<net id="2774"><net_src comp="2708" pin="3"/><net_sink comp="2770" pin=0"/></net>

<net id="2775"><net_src comp="88" pin="0"/><net_sink comp="2770" pin=1"/></net>

<net id="2780"><net_src comp="2762" pin="3"/><net_sink comp="2776" pin=0"/></net>

<net id="2781"><net_src comp="2770" pin="2"/><net_sink comp="2776" pin=1"/></net>

<net id="2786"><net_src comp="2756" pin="2"/><net_sink comp="2782" pin=0"/></net>

<net id="2787"><net_src comp="2776" pin="2"/><net_sink comp="2782" pin=1"/></net>

<net id="2792"><net_src comp="2782" pin="2"/><net_sink comp="2788" pin=0"/></net>

<net id="2793"><net_src comp="2672" pin="3"/><net_sink comp="2788" pin=1"/></net>

<net id="2798"><net_src comp="2782" pin="2"/><net_sink comp="2794" pin=0"/></net>

<net id="2799"><net_src comp="88" pin="0"/><net_sink comp="2794" pin=1"/></net>

<net id="2804"><net_src comp="2672" pin="3"/><net_sink comp="2800" pin=0"/></net>

<net id="2805"><net_src comp="2794" pin="2"/><net_sink comp="2800" pin=1"/></net>

<net id="2811"><net_src comp="2672" pin="3"/><net_sink comp="2806" pin=0"/></net>

<net id="2812"><net_src comp="90" pin="0"/><net_sink comp="2806" pin=1"/></net>

<net id="2813"><net_src comp="2740" pin="2"/><net_sink comp="2806" pin=2"/></net>

<net id="2819"><net_src comp="2788" pin="2"/><net_sink comp="2814" pin=0"/></net>

<net id="2820"><net_src comp="2806" pin="3"/><net_sink comp="2814" pin=1"/></net>

<net id="2821"><net_src comp="92" pin="0"/><net_sink comp="2814" pin=2"/></net>

<net id="2827"><net_src comp="2800" pin="2"/><net_sink comp="2822" pin=0"/></net>

<net id="2828"><net_src comp="2814" pin="3"/><net_sink comp="2822" pin=1"/></net>

<net id="2829"><net_src comp="2740" pin="2"/><net_sink comp="2822" pin=2"/></net>

<net id="2835"><net_src comp="2666" pin="2"/><net_sink comp="2830" pin=0"/></net>

<net id="2836"><net_src comp="2822" pin="3"/><net_sink comp="2830" pin=1"/></net>

<net id="2837"><net_src comp="90" pin="0"/><net_sink comp="2830" pin=2"/></net>

<net id="2842"><net_src comp="162" pin="2"/><net_sink comp="2838" pin=0"/></net>

<net id="2843"><net_src comp="64" pin="0"/><net_sink comp="2838" pin=1"/></net>

<net id="2849"><net_src comp="66" pin="0"/><net_sink comp="2844" pin=0"/></net>

<net id="2850"><net_src comp="162" pin="2"/><net_sink comp="2844" pin=1"/></net>

<net id="2851"><net_src comp="68" pin="0"/><net_sink comp="2844" pin=2"/></net>

<net id="2858"><net_src comp="70" pin="0"/><net_sink comp="2852" pin=0"/></net>

<net id="2859"><net_src comp="162" pin="2"/><net_sink comp="2852" pin=1"/></net>

<net id="2860"><net_src comp="72" pin="0"/><net_sink comp="2852" pin=2"/></net>

<net id="2861"><net_src comp="74" pin="0"/><net_sink comp="2852" pin=3"/></net>

<net id="2867"><net_src comp="66" pin="0"/><net_sink comp="2862" pin=0"/></net>

<net id="2868"><net_src comp="162" pin="2"/><net_sink comp="2862" pin=1"/></net>

<net id="2869"><net_src comp="76" pin="0"/><net_sink comp="2862" pin=2"/></net>

<net id="2873"><net_src comp="162" pin="2"/><net_sink comp="2870" pin=0"/></net>

<net id="2878"><net_src comp="2870" pin="1"/><net_sink comp="2874" pin=0"/></net>

<net id="2879"><net_src comp="78" pin="0"/><net_sink comp="2874" pin=1"/></net>

<net id="2885"><net_src comp="66" pin="0"/><net_sink comp="2880" pin=0"/></net>

<net id="2886"><net_src comp="162" pin="2"/><net_sink comp="2880" pin=1"/></net>

<net id="2887"><net_src comp="74" pin="0"/><net_sink comp="2880" pin=2"/></net>

<net id="2893"><net_src comp="66" pin="0"/><net_sink comp="2888" pin=0"/></net>

<net id="2894"><net_src comp="162" pin="2"/><net_sink comp="2888" pin=1"/></net>

<net id="2895"><net_src comp="72" pin="0"/><net_sink comp="2888" pin=2"/></net>

<net id="2900"><net_src comp="2888" pin="3"/><net_sink comp="2896" pin=0"/></net>

<net id="2901"><net_src comp="2874" pin="2"/><net_sink comp="2896" pin=1"/></net>

<net id="2906"><net_src comp="2896" pin="2"/><net_sink comp="2902" pin=0"/></net>

<net id="2907"><net_src comp="2862" pin="3"/><net_sink comp="2902" pin=1"/></net>

<net id="2911"><net_src comp="2902" pin="2"/><net_sink comp="2908" pin=0"/></net>

<net id="2916"><net_src comp="2852" pin="4"/><net_sink comp="2912" pin=0"/></net>

<net id="2917"><net_src comp="2908" pin="1"/><net_sink comp="2912" pin=1"/></net>

<net id="2924"><net_src comp="80" pin="0"/><net_sink comp="2918" pin=0"/></net>

<net id="2925"><net_src comp="162" pin="2"/><net_sink comp="2918" pin=1"/></net>

<net id="2926"><net_src comp="82" pin="0"/><net_sink comp="2918" pin=2"/></net>

<net id="2927"><net_src comp="68" pin="0"/><net_sink comp="2918" pin=3"/></net>

<net id="2932"><net_src comp="2918" pin="4"/><net_sink comp="2928" pin=0"/></net>

<net id="2933"><net_src comp="84" pin="0"/><net_sink comp="2928" pin=1"/></net>

<net id="2939"><net_src comp="86" pin="0"/><net_sink comp="2934" pin=0"/></net>

<net id="2940"><net_src comp="2912" pin="2"/><net_sink comp="2934" pin=1"/></net>

<net id="2941"><net_src comp="72" pin="0"/><net_sink comp="2934" pin=2"/></net>

<net id="2946"><net_src comp="2880" pin="3"/><net_sink comp="2942" pin=0"/></net>

<net id="2947"><net_src comp="88" pin="0"/><net_sink comp="2942" pin=1"/></net>

<net id="2952"><net_src comp="2934" pin="3"/><net_sink comp="2948" pin=0"/></net>

<net id="2953"><net_src comp="2942" pin="2"/><net_sink comp="2948" pin=1"/></net>

<net id="2958"><net_src comp="2928" pin="2"/><net_sink comp="2954" pin=0"/></net>

<net id="2959"><net_src comp="2948" pin="2"/><net_sink comp="2954" pin=1"/></net>

<net id="2964"><net_src comp="2954" pin="2"/><net_sink comp="2960" pin=0"/></net>

<net id="2965"><net_src comp="2844" pin="3"/><net_sink comp="2960" pin=1"/></net>

<net id="2970"><net_src comp="2954" pin="2"/><net_sink comp="2966" pin=0"/></net>

<net id="2971"><net_src comp="88" pin="0"/><net_sink comp="2966" pin=1"/></net>

<net id="2976"><net_src comp="2844" pin="3"/><net_sink comp="2972" pin=0"/></net>

<net id="2977"><net_src comp="2966" pin="2"/><net_sink comp="2972" pin=1"/></net>

<net id="2983"><net_src comp="2844" pin="3"/><net_sink comp="2978" pin=0"/></net>

<net id="2984"><net_src comp="90" pin="0"/><net_sink comp="2978" pin=1"/></net>

<net id="2985"><net_src comp="2912" pin="2"/><net_sink comp="2978" pin=2"/></net>

<net id="2991"><net_src comp="2960" pin="2"/><net_sink comp="2986" pin=0"/></net>

<net id="2992"><net_src comp="2978" pin="3"/><net_sink comp="2986" pin=1"/></net>

<net id="2993"><net_src comp="92" pin="0"/><net_sink comp="2986" pin=2"/></net>

<net id="2999"><net_src comp="2972" pin="2"/><net_sink comp="2994" pin=0"/></net>

<net id="3000"><net_src comp="2986" pin="3"/><net_sink comp="2994" pin=1"/></net>

<net id="3001"><net_src comp="2912" pin="2"/><net_sink comp="2994" pin=2"/></net>

<net id="3007"><net_src comp="2838" pin="2"/><net_sink comp="3002" pin=0"/></net>

<net id="3008"><net_src comp="2994" pin="3"/><net_sink comp="3002" pin=1"/></net>

<net id="3009"><net_src comp="90" pin="0"/><net_sink comp="3002" pin=2"/></net>

<net id="3014"><net_src comp="156" pin="2"/><net_sink comp="3010" pin=0"/></net>

<net id="3015"><net_src comp="64" pin="0"/><net_sink comp="3010" pin=1"/></net>

<net id="3021"><net_src comp="66" pin="0"/><net_sink comp="3016" pin=0"/></net>

<net id="3022"><net_src comp="156" pin="2"/><net_sink comp="3016" pin=1"/></net>

<net id="3023"><net_src comp="68" pin="0"/><net_sink comp="3016" pin=2"/></net>

<net id="3030"><net_src comp="70" pin="0"/><net_sink comp="3024" pin=0"/></net>

<net id="3031"><net_src comp="156" pin="2"/><net_sink comp="3024" pin=1"/></net>

<net id="3032"><net_src comp="72" pin="0"/><net_sink comp="3024" pin=2"/></net>

<net id="3033"><net_src comp="74" pin="0"/><net_sink comp="3024" pin=3"/></net>

<net id="3039"><net_src comp="66" pin="0"/><net_sink comp="3034" pin=0"/></net>

<net id="3040"><net_src comp="156" pin="2"/><net_sink comp="3034" pin=1"/></net>

<net id="3041"><net_src comp="76" pin="0"/><net_sink comp="3034" pin=2"/></net>

<net id="3045"><net_src comp="156" pin="2"/><net_sink comp="3042" pin=0"/></net>

<net id="3050"><net_src comp="3042" pin="1"/><net_sink comp="3046" pin=0"/></net>

<net id="3051"><net_src comp="78" pin="0"/><net_sink comp="3046" pin=1"/></net>

<net id="3057"><net_src comp="66" pin="0"/><net_sink comp="3052" pin=0"/></net>

<net id="3058"><net_src comp="156" pin="2"/><net_sink comp="3052" pin=1"/></net>

<net id="3059"><net_src comp="74" pin="0"/><net_sink comp="3052" pin=2"/></net>

<net id="3065"><net_src comp="66" pin="0"/><net_sink comp="3060" pin=0"/></net>

<net id="3066"><net_src comp="156" pin="2"/><net_sink comp="3060" pin=1"/></net>

<net id="3067"><net_src comp="72" pin="0"/><net_sink comp="3060" pin=2"/></net>

<net id="3072"><net_src comp="3060" pin="3"/><net_sink comp="3068" pin=0"/></net>

<net id="3073"><net_src comp="3046" pin="2"/><net_sink comp="3068" pin=1"/></net>

<net id="3078"><net_src comp="3068" pin="2"/><net_sink comp="3074" pin=0"/></net>

<net id="3079"><net_src comp="3034" pin="3"/><net_sink comp="3074" pin=1"/></net>

<net id="3083"><net_src comp="3074" pin="2"/><net_sink comp="3080" pin=0"/></net>

<net id="3088"><net_src comp="3024" pin="4"/><net_sink comp="3084" pin=0"/></net>

<net id="3089"><net_src comp="3080" pin="1"/><net_sink comp="3084" pin=1"/></net>

<net id="3096"><net_src comp="80" pin="0"/><net_sink comp="3090" pin=0"/></net>

<net id="3097"><net_src comp="156" pin="2"/><net_sink comp="3090" pin=1"/></net>

<net id="3098"><net_src comp="82" pin="0"/><net_sink comp="3090" pin=2"/></net>

<net id="3099"><net_src comp="68" pin="0"/><net_sink comp="3090" pin=3"/></net>

<net id="3104"><net_src comp="3090" pin="4"/><net_sink comp="3100" pin=0"/></net>

<net id="3105"><net_src comp="84" pin="0"/><net_sink comp="3100" pin=1"/></net>

<net id="3111"><net_src comp="86" pin="0"/><net_sink comp="3106" pin=0"/></net>

<net id="3112"><net_src comp="3084" pin="2"/><net_sink comp="3106" pin=1"/></net>

<net id="3113"><net_src comp="72" pin="0"/><net_sink comp="3106" pin=2"/></net>

<net id="3118"><net_src comp="3052" pin="3"/><net_sink comp="3114" pin=0"/></net>

<net id="3119"><net_src comp="88" pin="0"/><net_sink comp="3114" pin=1"/></net>

<net id="3124"><net_src comp="3106" pin="3"/><net_sink comp="3120" pin=0"/></net>

<net id="3125"><net_src comp="3114" pin="2"/><net_sink comp="3120" pin=1"/></net>

<net id="3130"><net_src comp="3100" pin="2"/><net_sink comp="3126" pin=0"/></net>

<net id="3131"><net_src comp="3120" pin="2"/><net_sink comp="3126" pin=1"/></net>

<net id="3136"><net_src comp="3126" pin="2"/><net_sink comp="3132" pin=0"/></net>

<net id="3137"><net_src comp="3016" pin="3"/><net_sink comp="3132" pin=1"/></net>

<net id="3142"><net_src comp="3126" pin="2"/><net_sink comp="3138" pin=0"/></net>

<net id="3143"><net_src comp="88" pin="0"/><net_sink comp="3138" pin=1"/></net>

<net id="3148"><net_src comp="3016" pin="3"/><net_sink comp="3144" pin=0"/></net>

<net id="3149"><net_src comp="3138" pin="2"/><net_sink comp="3144" pin=1"/></net>

<net id="3155"><net_src comp="3016" pin="3"/><net_sink comp="3150" pin=0"/></net>

<net id="3156"><net_src comp="90" pin="0"/><net_sink comp="3150" pin=1"/></net>

<net id="3157"><net_src comp="3084" pin="2"/><net_sink comp="3150" pin=2"/></net>

<net id="3163"><net_src comp="3132" pin="2"/><net_sink comp="3158" pin=0"/></net>

<net id="3164"><net_src comp="3150" pin="3"/><net_sink comp="3158" pin=1"/></net>

<net id="3165"><net_src comp="92" pin="0"/><net_sink comp="3158" pin=2"/></net>

<net id="3171"><net_src comp="3144" pin="2"/><net_sink comp="3166" pin=0"/></net>

<net id="3172"><net_src comp="3158" pin="3"/><net_sink comp="3166" pin=1"/></net>

<net id="3173"><net_src comp="3084" pin="2"/><net_sink comp="3166" pin=2"/></net>

<net id="3179"><net_src comp="3010" pin="2"/><net_sink comp="3174" pin=0"/></net>

<net id="3180"><net_src comp="3166" pin="3"/><net_sink comp="3174" pin=1"/></net>

<net id="3181"><net_src comp="90" pin="0"/><net_sink comp="3174" pin=2"/></net>

<net id="3186"><net_src comp="150" pin="2"/><net_sink comp="3182" pin=0"/></net>

<net id="3187"><net_src comp="64" pin="0"/><net_sink comp="3182" pin=1"/></net>

<net id="3193"><net_src comp="66" pin="0"/><net_sink comp="3188" pin=0"/></net>

<net id="3194"><net_src comp="150" pin="2"/><net_sink comp="3188" pin=1"/></net>

<net id="3195"><net_src comp="68" pin="0"/><net_sink comp="3188" pin=2"/></net>

<net id="3202"><net_src comp="70" pin="0"/><net_sink comp="3196" pin=0"/></net>

<net id="3203"><net_src comp="150" pin="2"/><net_sink comp="3196" pin=1"/></net>

<net id="3204"><net_src comp="72" pin="0"/><net_sink comp="3196" pin=2"/></net>

<net id="3205"><net_src comp="74" pin="0"/><net_sink comp="3196" pin=3"/></net>

<net id="3211"><net_src comp="66" pin="0"/><net_sink comp="3206" pin=0"/></net>

<net id="3212"><net_src comp="150" pin="2"/><net_sink comp="3206" pin=1"/></net>

<net id="3213"><net_src comp="76" pin="0"/><net_sink comp="3206" pin=2"/></net>

<net id="3217"><net_src comp="150" pin="2"/><net_sink comp="3214" pin=0"/></net>

<net id="3222"><net_src comp="3214" pin="1"/><net_sink comp="3218" pin=0"/></net>

<net id="3223"><net_src comp="78" pin="0"/><net_sink comp="3218" pin=1"/></net>

<net id="3229"><net_src comp="66" pin="0"/><net_sink comp="3224" pin=0"/></net>

<net id="3230"><net_src comp="150" pin="2"/><net_sink comp="3224" pin=1"/></net>

<net id="3231"><net_src comp="74" pin="0"/><net_sink comp="3224" pin=2"/></net>

<net id="3237"><net_src comp="66" pin="0"/><net_sink comp="3232" pin=0"/></net>

<net id="3238"><net_src comp="150" pin="2"/><net_sink comp="3232" pin=1"/></net>

<net id="3239"><net_src comp="72" pin="0"/><net_sink comp="3232" pin=2"/></net>

<net id="3244"><net_src comp="3232" pin="3"/><net_sink comp="3240" pin=0"/></net>

<net id="3245"><net_src comp="3218" pin="2"/><net_sink comp="3240" pin=1"/></net>

<net id="3250"><net_src comp="3240" pin="2"/><net_sink comp="3246" pin=0"/></net>

<net id="3251"><net_src comp="3206" pin="3"/><net_sink comp="3246" pin=1"/></net>

<net id="3255"><net_src comp="3246" pin="2"/><net_sink comp="3252" pin=0"/></net>

<net id="3260"><net_src comp="3196" pin="4"/><net_sink comp="3256" pin=0"/></net>

<net id="3261"><net_src comp="3252" pin="1"/><net_sink comp="3256" pin=1"/></net>

<net id="3268"><net_src comp="80" pin="0"/><net_sink comp="3262" pin=0"/></net>

<net id="3269"><net_src comp="150" pin="2"/><net_sink comp="3262" pin=1"/></net>

<net id="3270"><net_src comp="82" pin="0"/><net_sink comp="3262" pin=2"/></net>

<net id="3271"><net_src comp="68" pin="0"/><net_sink comp="3262" pin=3"/></net>

<net id="3276"><net_src comp="3262" pin="4"/><net_sink comp="3272" pin=0"/></net>

<net id="3277"><net_src comp="84" pin="0"/><net_sink comp="3272" pin=1"/></net>

<net id="3283"><net_src comp="86" pin="0"/><net_sink comp="3278" pin=0"/></net>

<net id="3284"><net_src comp="3256" pin="2"/><net_sink comp="3278" pin=1"/></net>

<net id="3285"><net_src comp="72" pin="0"/><net_sink comp="3278" pin=2"/></net>

<net id="3290"><net_src comp="3224" pin="3"/><net_sink comp="3286" pin=0"/></net>

<net id="3291"><net_src comp="88" pin="0"/><net_sink comp="3286" pin=1"/></net>

<net id="3296"><net_src comp="3278" pin="3"/><net_sink comp="3292" pin=0"/></net>

<net id="3297"><net_src comp="3286" pin="2"/><net_sink comp="3292" pin=1"/></net>

<net id="3302"><net_src comp="3272" pin="2"/><net_sink comp="3298" pin=0"/></net>

<net id="3303"><net_src comp="3292" pin="2"/><net_sink comp="3298" pin=1"/></net>

<net id="3308"><net_src comp="3298" pin="2"/><net_sink comp="3304" pin=0"/></net>

<net id="3309"><net_src comp="3188" pin="3"/><net_sink comp="3304" pin=1"/></net>

<net id="3314"><net_src comp="3298" pin="2"/><net_sink comp="3310" pin=0"/></net>

<net id="3315"><net_src comp="88" pin="0"/><net_sink comp="3310" pin=1"/></net>

<net id="3320"><net_src comp="3188" pin="3"/><net_sink comp="3316" pin=0"/></net>

<net id="3321"><net_src comp="3310" pin="2"/><net_sink comp="3316" pin=1"/></net>

<net id="3327"><net_src comp="3188" pin="3"/><net_sink comp="3322" pin=0"/></net>

<net id="3328"><net_src comp="90" pin="0"/><net_sink comp="3322" pin=1"/></net>

<net id="3329"><net_src comp="3256" pin="2"/><net_sink comp="3322" pin=2"/></net>

<net id="3335"><net_src comp="3304" pin="2"/><net_sink comp="3330" pin=0"/></net>

<net id="3336"><net_src comp="3322" pin="3"/><net_sink comp="3330" pin=1"/></net>

<net id="3337"><net_src comp="92" pin="0"/><net_sink comp="3330" pin=2"/></net>

<net id="3343"><net_src comp="3316" pin="2"/><net_sink comp="3338" pin=0"/></net>

<net id="3344"><net_src comp="3330" pin="3"/><net_sink comp="3338" pin=1"/></net>

<net id="3345"><net_src comp="3256" pin="2"/><net_sink comp="3338" pin=2"/></net>

<net id="3351"><net_src comp="3182" pin="2"/><net_sink comp="3346" pin=0"/></net>

<net id="3352"><net_src comp="3338" pin="3"/><net_sink comp="3346" pin=1"/></net>

<net id="3353"><net_src comp="90" pin="0"/><net_sink comp="3346" pin=2"/></net>

<net id="3358"><net_src comp="144" pin="2"/><net_sink comp="3354" pin=0"/></net>

<net id="3359"><net_src comp="64" pin="0"/><net_sink comp="3354" pin=1"/></net>

<net id="3365"><net_src comp="66" pin="0"/><net_sink comp="3360" pin=0"/></net>

<net id="3366"><net_src comp="144" pin="2"/><net_sink comp="3360" pin=1"/></net>

<net id="3367"><net_src comp="68" pin="0"/><net_sink comp="3360" pin=2"/></net>

<net id="3374"><net_src comp="70" pin="0"/><net_sink comp="3368" pin=0"/></net>

<net id="3375"><net_src comp="144" pin="2"/><net_sink comp="3368" pin=1"/></net>

<net id="3376"><net_src comp="72" pin="0"/><net_sink comp="3368" pin=2"/></net>

<net id="3377"><net_src comp="74" pin="0"/><net_sink comp="3368" pin=3"/></net>

<net id="3383"><net_src comp="66" pin="0"/><net_sink comp="3378" pin=0"/></net>

<net id="3384"><net_src comp="144" pin="2"/><net_sink comp="3378" pin=1"/></net>

<net id="3385"><net_src comp="76" pin="0"/><net_sink comp="3378" pin=2"/></net>

<net id="3389"><net_src comp="144" pin="2"/><net_sink comp="3386" pin=0"/></net>

<net id="3394"><net_src comp="3386" pin="1"/><net_sink comp="3390" pin=0"/></net>

<net id="3395"><net_src comp="78" pin="0"/><net_sink comp="3390" pin=1"/></net>

<net id="3401"><net_src comp="66" pin="0"/><net_sink comp="3396" pin=0"/></net>

<net id="3402"><net_src comp="144" pin="2"/><net_sink comp="3396" pin=1"/></net>

<net id="3403"><net_src comp="74" pin="0"/><net_sink comp="3396" pin=2"/></net>

<net id="3409"><net_src comp="66" pin="0"/><net_sink comp="3404" pin=0"/></net>

<net id="3410"><net_src comp="144" pin="2"/><net_sink comp="3404" pin=1"/></net>

<net id="3411"><net_src comp="72" pin="0"/><net_sink comp="3404" pin=2"/></net>

<net id="3416"><net_src comp="3404" pin="3"/><net_sink comp="3412" pin=0"/></net>

<net id="3417"><net_src comp="3390" pin="2"/><net_sink comp="3412" pin=1"/></net>

<net id="3422"><net_src comp="3412" pin="2"/><net_sink comp="3418" pin=0"/></net>

<net id="3423"><net_src comp="3378" pin="3"/><net_sink comp="3418" pin=1"/></net>

<net id="3427"><net_src comp="3418" pin="2"/><net_sink comp="3424" pin=0"/></net>

<net id="3432"><net_src comp="3368" pin="4"/><net_sink comp="3428" pin=0"/></net>

<net id="3433"><net_src comp="3424" pin="1"/><net_sink comp="3428" pin=1"/></net>

<net id="3440"><net_src comp="80" pin="0"/><net_sink comp="3434" pin=0"/></net>

<net id="3441"><net_src comp="144" pin="2"/><net_sink comp="3434" pin=1"/></net>

<net id="3442"><net_src comp="82" pin="0"/><net_sink comp="3434" pin=2"/></net>

<net id="3443"><net_src comp="68" pin="0"/><net_sink comp="3434" pin=3"/></net>

<net id="3448"><net_src comp="3434" pin="4"/><net_sink comp="3444" pin=0"/></net>

<net id="3449"><net_src comp="84" pin="0"/><net_sink comp="3444" pin=1"/></net>

<net id="3455"><net_src comp="86" pin="0"/><net_sink comp="3450" pin=0"/></net>

<net id="3456"><net_src comp="3428" pin="2"/><net_sink comp="3450" pin=1"/></net>

<net id="3457"><net_src comp="72" pin="0"/><net_sink comp="3450" pin=2"/></net>

<net id="3462"><net_src comp="3396" pin="3"/><net_sink comp="3458" pin=0"/></net>

<net id="3463"><net_src comp="88" pin="0"/><net_sink comp="3458" pin=1"/></net>

<net id="3468"><net_src comp="3450" pin="3"/><net_sink comp="3464" pin=0"/></net>

<net id="3469"><net_src comp="3458" pin="2"/><net_sink comp="3464" pin=1"/></net>

<net id="3474"><net_src comp="3444" pin="2"/><net_sink comp="3470" pin=0"/></net>

<net id="3475"><net_src comp="3464" pin="2"/><net_sink comp="3470" pin=1"/></net>

<net id="3480"><net_src comp="3470" pin="2"/><net_sink comp="3476" pin=0"/></net>

<net id="3481"><net_src comp="3360" pin="3"/><net_sink comp="3476" pin=1"/></net>

<net id="3486"><net_src comp="3470" pin="2"/><net_sink comp="3482" pin=0"/></net>

<net id="3487"><net_src comp="88" pin="0"/><net_sink comp="3482" pin=1"/></net>

<net id="3492"><net_src comp="3360" pin="3"/><net_sink comp="3488" pin=0"/></net>

<net id="3493"><net_src comp="3482" pin="2"/><net_sink comp="3488" pin=1"/></net>

<net id="3499"><net_src comp="3360" pin="3"/><net_sink comp="3494" pin=0"/></net>

<net id="3500"><net_src comp="90" pin="0"/><net_sink comp="3494" pin=1"/></net>

<net id="3501"><net_src comp="3428" pin="2"/><net_sink comp="3494" pin=2"/></net>

<net id="3507"><net_src comp="3476" pin="2"/><net_sink comp="3502" pin=0"/></net>

<net id="3508"><net_src comp="3494" pin="3"/><net_sink comp="3502" pin=1"/></net>

<net id="3509"><net_src comp="92" pin="0"/><net_sink comp="3502" pin=2"/></net>

<net id="3515"><net_src comp="3488" pin="2"/><net_sink comp="3510" pin=0"/></net>

<net id="3516"><net_src comp="3502" pin="3"/><net_sink comp="3510" pin=1"/></net>

<net id="3517"><net_src comp="3428" pin="2"/><net_sink comp="3510" pin=2"/></net>

<net id="3523"><net_src comp="3354" pin="2"/><net_sink comp="3518" pin=0"/></net>

<net id="3524"><net_src comp="3510" pin="3"/><net_sink comp="3518" pin=1"/></net>

<net id="3525"><net_src comp="90" pin="0"/><net_sink comp="3518" pin=2"/></net>

<net id="3530"><net_src comp="138" pin="2"/><net_sink comp="3526" pin=0"/></net>

<net id="3531"><net_src comp="64" pin="0"/><net_sink comp="3526" pin=1"/></net>

<net id="3537"><net_src comp="66" pin="0"/><net_sink comp="3532" pin=0"/></net>

<net id="3538"><net_src comp="138" pin="2"/><net_sink comp="3532" pin=1"/></net>

<net id="3539"><net_src comp="68" pin="0"/><net_sink comp="3532" pin=2"/></net>

<net id="3546"><net_src comp="70" pin="0"/><net_sink comp="3540" pin=0"/></net>

<net id="3547"><net_src comp="138" pin="2"/><net_sink comp="3540" pin=1"/></net>

<net id="3548"><net_src comp="72" pin="0"/><net_sink comp="3540" pin=2"/></net>

<net id="3549"><net_src comp="74" pin="0"/><net_sink comp="3540" pin=3"/></net>

<net id="3555"><net_src comp="66" pin="0"/><net_sink comp="3550" pin=0"/></net>

<net id="3556"><net_src comp="138" pin="2"/><net_sink comp="3550" pin=1"/></net>

<net id="3557"><net_src comp="76" pin="0"/><net_sink comp="3550" pin=2"/></net>

<net id="3561"><net_src comp="138" pin="2"/><net_sink comp="3558" pin=0"/></net>

<net id="3566"><net_src comp="3558" pin="1"/><net_sink comp="3562" pin=0"/></net>

<net id="3567"><net_src comp="78" pin="0"/><net_sink comp="3562" pin=1"/></net>

<net id="3573"><net_src comp="66" pin="0"/><net_sink comp="3568" pin=0"/></net>

<net id="3574"><net_src comp="138" pin="2"/><net_sink comp="3568" pin=1"/></net>

<net id="3575"><net_src comp="74" pin="0"/><net_sink comp="3568" pin=2"/></net>

<net id="3581"><net_src comp="66" pin="0"/><net_sink comp="3576" pin=0"/></net>

<net id="3582"><net_src comp="138" pin="2"/><net_sink comp="3576" pin=1"/></net>

<net id="3583"><net_src comp="72" pin="0"/><net_sink comp="3576" pin=2"/></net>

<net id="3588"><net_src comp="3576" pin="3"/><net_sink comp="3584" pin=0"/></net>

<net id="3589"><net_src comp="3562" pin="2"/><net_sink comp="3584" pin=1"/></net>

<net id="3594"><net_src comp="3584" pin="2"/><net_sink comp="3590" pin=0"/></net>

<net id="3595"><net_src comp="3550" pin="3"/><net_sink comp="3590" pin=1"/></net>

<net id="3599"><net_src comp="3590" pin="2"/><net_sink comp="3596" pin=0"/></net>

<net id="3604"><net_src comp="3540" pin="4"/><net_sink comp="3600" pin=0"/></net>

<net id="3605"><net_src comp="3596" pin="1"/><net_sink comp="3600" pin=1"/></net>

<net id="3612"><net_src comp="80" pin="0"/><net_sink comp="3606" pin=0"/></net>

<net id="3613"><net_src comp="138" pin="2"/><net_sink comp="3606" pin=1"/></net>

<net id="3614"><net_src comp="82" pin="0"/><net_sink comp="3606" pin=2"/></net>

<net id="3615"><net_src comp="68" pin="0"/><net_sink comp="3606" pin=3"/></net>

<net id="3620"><net_src comp="3606" pin="4"/><net_sink comp="3616" pin=0"/></net>

<net id="3621"><net_src comp="84" pin="0"/><net_sink comp="3616" pin=1"/></net>

<net id="3627"><net_src comp="86" pin="0"/><net_sink comp="3622" pin=0"/></net>

<net id="3628"><net_src comp="3600" pin="2"/><net_sink comp="3622" pin=1"/></net>

<net id="3629"><net_src comp="72" pin="0"/><net_sink comp="3622" pin=2"/></net>

<net id="3634"><net_src comp="3568" pin="3"/><net_sink comp="3630" pin=0"/></net>

<net id="3635"><net_src comp="88" pin="0"/><net_sink comp="3630" pin=1"/></net>

<net id="3640"><net_src comp="3622" pin="3"/><net_sink comp="3636" pin=0"/></net>

<net id="3641"><net_src comp="3630" pin="2"/><net_sink comp="3636" pin=1"/></net>

<net id="3646"><net_src comp="3616" pin="2"/><net_sink comp="3642" pin=0"/></net>

<net id="3647"><net_src comp="3636" pin="2"/><net_sink comp="3642" pin=1"/></net>

<net id="3652"><net_src comp="3642" pin="2"/><net_sink comp="3648" pin=0"/></net>

<net id="3653"><net_src comp="3532" pin="3"/><net_sink comp="3648" pin=1"/></net>

<net id="3658"><net_src comp="3642" pin="2"/><net_sink comp="3654" pin=0"/></net>

<net id="3659"><net_src comp="88" pin="0"/><net_sink comp="3654" pin=1"/></net>

<net id="3664"><net_src comp="3532" pin="3"/><net_sink comp="3660" pin=0"/></net>

<net id="3665"><net_src comp="3654" pin="2"/><net_sink comp="3660" pin=1"/></net>

<net id="3671"><net_src comp="3532" pin="3"/><net_sink comp="3666" pin=0"/></net>

<net id="3672"><net_src comp="90" pin="0"/><net_sink comp="3666" pin=1"/></net>

<net id="3673"><net_src comp="3600" pin="2"/><net_sink comp="3666" pin=2"/></net>

<net id="3679"><net_src comp="3648" pin="2"/><net_sink comp="3674" pin=0"/></net>

<net id="3680"><net_src comp="3666" pin="3"/><net_sink comp="3674" pin=1"/></net>

<net id="3681"><net_src comp="92" pin="0"/><net_sink comp="3674" pin=2"/></net>

<net id="3687"><net_src comp="3660" pin="2"/><net_sink comp="3682" pin=0"/></net>

<net id="3688"><net_src comp="3674" pin="3"/><net_sink comp="3682" pin=1"/></net>

<net id="3689"><net_src comp="3600" pin="2"/><net_sink comp="3682" pin=2"/></net>

<net id="3695"><net_src comp="3526" pin="2"/><net_sink comp="3690" pin=0"/></net>

<net id="3696"><net_src comp="3682" pin="3"/><net_sink comp="3690" pin=1"/></net>

<net id="3697"><net_src comp="90" pin="0"/><net_sink comp="3690" pin=2"/></net>

<net id="3702"><net_src comp="132" pin="2"/><net_sink comp="3698" pin=0"/></net>

<net id="3703"><net_src comp="64" pin="0"/><net_sink comp="3698" pin=1"/></net>

<net id="3709"><net_src comp="66" pin="0"/><net_sink comp="3704" pin=0"/></net>

<net id="3710"><net_src comp="132" pin="2"/><net_sink comp="3704" pin=1"/></net>

<net id="3711"><net_src comp="68" pin="0"/><net_sink comp="3704" pin=2"/></net>

<net id="3718"><net_src comp="70" pin="0"/><net_sink comp="3712" pin=0"/></net>

<net id="3719"><net_src comp="132" pin="2"/><net_sink comp="3712" pin=1"/></net>

<net id="3720"><net_src comp="72" pin="0"/><net_sink comp="3712" pin=2"/></net>

<net id="3721"><net_src comp="74" pin="0"/><net_sink comp="3712" pin=3"/></net>

<net id="3727"><net_src comp="66" pin="0"/><net_sink comp="3722" pin=0"/></net>

<net id="3728"><net_src comp="132" pin="2"/><net_sink comp="3722" pin=1"/></net>

<net id="3729"><net_src comp="76" pin="0"/><net_sink comp="3722" pin=2"/></net>

<net id="3733"><net_src comp="132" pin="2"/><net_sink comp="3730" pin=0"/></net>

<net id="3738"><net_src comp="3730" pin="1"/><net_sink comp="3734" pin=0"/></net>

<net id="3739"><net_src comp="78" pin="0"/><net_sink comp="3734" pin=1"/></net>

<net id="3745"><net_src comp="66" pin="0"/><net_sink comp="3740" pin=0"/></net>

<net id="3746"><net_src comp="132" pin="2"/><net_sink comp="3740" pin=1"/></net>

<net id="3747"><net_src comp="74" pin="0"/><net_sink comp="3740" pin=2"/></net>

<net id="3753"><net_src comp="66" pin="0"/><net_sink comp="3748" pin=0"/></net>

<net id="3754"><net_src comp="132" pin="2"/><net_sink comp="3748" pin=1"/></net>

<net id="3755"><net_src comp="72" pin="0"/><net_sink comp="3748" pin=2"/></net>

<net id="3760"><net_src comp="3748" pin="3"/><net_sink comp="3756" pin=0"/></net>

<net id="3761"><net_src comp="3734" pin="2"/><net_sink comp="3756" pin=1"/></net>

<net id="3766"><net_src comp="3756" pin="2"/><net_sink comp="3762" pin=0"/></net>

<net id="3767"><net_src comp="3722" pin="3"/><net_sink comp="3762" pin=1"/></net>

<net id="3771"><net_src comp="3762" pin="2"/><net_sink comp="3768" pin=0"/></net>

<net id="3776"><net_src comp="3712" pin="4"/><net_sink comp="3772" pin=0"/></net>

<net id="3777"><net_src comp="3768" pin="1"/><net_sink comp="3772" pin=1"/></net>

<net id="3784"><net_src comp="80" pin="0"/><net_sink comp="3778" pin=0"/></net>

<net id="3785"><net_src comp="132" pin="2"/><net_sink comp="3778" pin=1"/></net>

<net id="3786"><net_src comp="82" pin="0"/><net_sink comp="3778" pin=2"/></net>

<net id="3787"><net_src comp="68" pin="0"/><net_sink comp="3778" pin=3"/></net>

<net id="3792"><net_src comp="3778" pin="4"/><net_sink comp="3788" pin=0"/></net>

<net id="3793"><net_src comp="84" pin="0"/><net_sink comp="3788" pin=1"/></net>

<net id="3799"><net_src comp="86" pin="0"/><net_sink comp="3794" pin=0"/></net>

<net id="3800"><net_src comp="3772" pin="2"/><net_sink comp="3794" pin=1"/></net>

<net id="3801"><net_src comp="72" pin="0"/><net_sink comp="3794" pin=2"/></net>

<net id="3806"><net_src comp="3740" pin="3"/><net_sink comp="3802" pin=0"/></net>

<net id="3807"><net_src comp="88" pin="0"/><net_sink comp="3802" pin=1"/></net>

<net id="3812"><net_src comp="3794" pin="3"/><net_sink comp="3808" pin=0"/></net>

<net id="3813"><net_src comp="3802" pin="2"/><net_sink comp="3808" pin=1"/></net>

<net id="3818"><net_src comp="3788" pin="2"/><net_sink comp="3814" pin=0"/></net>

<net id="3819"><net_src comp="3808" pin="2"/><net_sink comp="3814" pin=1"/></net>

<net id="3824"><net_src comp="3814" pin="2"/><net_sink comp="3820" pin=0"/></net>

<net id="3825"><net_src comp="3704" pin="3"/><net_sink comp="3820" pin=1"/></net>

<net id="3830"><net_src comp="3814" pin="2"/><net_sink comp="3826" pin=0"/></net>

<net id="3831"><net_src comp="88" pin="0"/><net_sink comp="3826" pin=1"/></net>

<net id="3836"><net_src comp="3704" pin="3"/><net_sink comp="3832" pin=0"/></net>

<net id="3837"><net_src comp="3826" pin="2"/><net_sink comp="3832" pin=1"/></net>

<net id="3843"><net_src comp="3704" pin="3"/><net_sink comp="3838" pin=0"/></net>

<net id="3844"><net_src comp="90" pin="0"/><net_sink comp="3838" pin=1"/></net>

<net id="3845"><net_src comp="3772" pin="2"/><net_sink comp="3838" pin=2"/></net>

<net id="3851"><net_src comp="3820" pin="2"/><net_sink comp="3846" pin=0"/></net>

<net id="3852"><net_src comp="3838" pin="3"/><net_sink comp="3846" pin=1"/></net>

<net id="3853"><net_src comp="92" pin="0"/><net_sink comp="3846" pin=2"/></net>

<net id="3859"><net_src comp="3832" pin="2"/><net_sink comp="3854" pin=0"/></net>

<net id="3860"><net_src comp="3846" pin="3"/><net_sink comp="3854" pin=1"/></net>

<net id="3861"><net_src comp="3772" pin="2"/><net_sink comp="3854" pin=2"/></net>

<net id="3867"><net_src comp="3698" pin="2"/><net_sink comp="3862" pin=0"/></net>

<net id="3868"><net_src comp="3854" pin="3"/><net_sink comp="3862" pin=1"/></net>

<net id="3869"><net_src comp="90" pin="0"/><net_sink comp="3862" pin=2"/></net>

<net id="3874"><net_src comp="126" pin="2"/><net_sink comp="3870" pin=0"/></net>

<net id="3875"><net_src comp="64" pin="0"/><net_sink comp="3870" pin=1"/></net>

<net id="3881"><net_src comp="66" pin="0"/><net_sink comp="3876" pin=0"/></net>

<net id="3882"><net_src comp="126" pin="2"/><net_sink comp="3876" pin=1"/></net>

<net id="3883"><net_src comp="68" pin="0"/><net_sink comp="3876" pin=2"/></net>

<net id="3890"><net_src comp="70" pin="0"/><net_sink comp="3884" pin=0"/></net>

<net id="3891"><net_src comp="126" pin="2"/><net_sink comp="3884" pin=1"/></net>

<net id="3892"><net_src comp="72" pin="0"/><net_sink comp="3884" pin=2"/></net>

<net id="3893"><net_src comp="74" pin="0"/><net_sink comp="3884" pin=3"/></net>

<net id="3899"><net_src comp="66" pin="0"/><net_sink comp="3894" pin=0"/></net>

<net id="3900"><net_src comp="126" pin="2"/><net_sink comp="3894" pin=1"/></net>

<net id="3901"><net_src comp="76" pin="0"/><net_sink comp="3894" pin=2"/></net>

<net id="3905"><net_src comp="126" pin="2"/><net_sink comp="3902" pin=0"/></net>

<net id="3910"><net_src comp="3902" pin="1"/><net_sink comp="3906" pin=0"/></net>

<net id="3911"><net_src comp="78" pin="0"/><net_sink comp="3906" pin=1"/></net>

<net id="3917"><net_src comp="66" pin="0"/><net_sink comp="3912" pin=0"/></net>

<net id="3918"><net_src comp="126" pin="2"/><net_sink comp="3912" pin=1"/></net>

<net id="3919"><net_src comp="74" pin="0"/><net_sink comp="3912" pin=2"/></net>

<net id="3925"><net_src comp="66" pin="0"/><net_sink comp="3920" pin=0"/></net>

<net id="3926"><net_src comp="126" pin="2"/><net_sink comp="3920" pin=1"/></net>

<net id="3927"><net_src comp="72" pin="0"/><net_sink comp="3920" pin=2"/></net>

<net id="3932"><net_src comp="3920" pin="3"/><net_sink comp="3928" pin=0"/></net>

<net id="3933"><net_src comp="3906" pin="2"/><net_sink comp="3928" pin=1"/></net>

<net id="3938"><net_src comp="3928" pin="2"/><net_sink comp="3934" pin=0"/></net>

<net id="3939"><net_src comp="3894" pin="3"/><net_sink comp="3934" pin=1"/></net>

<net id="3943"><net_src comp="3934" pin="2"/><net_sink comp="3940" pin=0"/></net>

<net id="3948"><net_src comp="3884" pin="4"/><net_sink comp="3944" pin=0"/></net>

<net id="3949"><net_src comp="3940" pin="1"/><net_sink comp="3944" pin=1"/></net>

<net id="3956"><net_src comp="80" pin="0"/><net_sink comp="3950" pin=0"/></net>

<net id="3957"><net_src comp="126" pin="2"/><net_sink comp="3950" pin=1"/></net>

<net id="3958"><net_src comp="82" pin="0"/><net_sink comp="3950" pin=2"/></net>

<net id="3959"><net_src comp="68" pin="0"/><net_sink comp="3950" pin=3"/></net>

<net id="3964"><net_src comp="3950" pin="4"/><net_sink comp="3960" pin=0"/></net>

<net id="3965"><net_src comp="84" pin="0"/><net_sink comp="3960" pin=1"/></net>

<net id="3971"><net_src comp="86" pin="0"/><net_sink comp="3966" pin=0"/></net>

<net id="3972"><net_src comp="3944" pin="2"/><net_sink comp="3966" pin=1"/></net>

<net id="3973"><net_src comp="72" pin="0"/><net_sink comp="3966" pin=2"/></net>

<net id="3978"><net_src comp="3912" pin="3"/><net_sink comp="3974" pin=0"/></net>

<net id="3979"><net_src comp="88" pin="0"/><net_sink comp="3974" pin=1"/></net>

<net id="3984"><net_src comp="3966" pin="3"/><net_sink comp="3980" pin=0"/></net>

<net id="3985"><net_src comp="3974" pin="2"/><net_sink comp="3980" pin=1"/></net>

<net id="3990"><net_src comp="3960" pin="2"/><net_sink comp="3986" pin=0"/></net>

<net id="3991"><net_src comp="3980" pin="2"/><net_sink comp="3986" pin=1"/></net>

<net id="3996"><net_src comp="3986" pin="2"/><net_sink comp="3992" pin=0"/></net>

<net id="3997"><net_src comp="3876" pin="3"/><net_sink comp="3992" pin=1"/></net>

<net id="4002"><net_src comp="3986" pin="2"/><net_sink comp="3998" pin=0"/></net>

<net id="4003"><net_src comp="88" pin="0"/><net_sink comp="3998" pin=1"/></net>

<net id="4008"><net_src comp="3876" pin="3"/><net_sink comp="4004" pin=0"/></net>

<net id="4009"><net_src comp="3998" pin="2"/><net_sink comp="4004" pin=1"/></net>

<net id="4015"><net_src comp="3876" pin="3"/><net_sink comp="4010" pin=0"/></net>

<net id="4016"><net_src comp="90" pin="0"/><net_sink comp="4010" pin=1"/></net>

<net id="4017"><net_src comp="3944" pin="2"/><net_sink comp="4010" pin=2"/></net>

<net id="4023"><net_src comp="3992" pin="2"/><net_sink comp="4018" pin=0"/></net>

<net id="4024"><net_src comp="4010" pin="3"/><net_sink comp="4018" pin=1"/></net>

<net id="4025"><net_src comp="92" pin="0"/><net_sink comp="4018" pin=2"/></net>

<net id="4031"><net_src comp="4004" pin="2"/><net_sink comp="4026" pin=0"/></net>

<net id="4032"><net_src comp="4018" pin="3"/><net_sink comp="4026" pin=1"/></net>

<net id="4033"><net_src comp="3944" pin="2"/><net_sink comp="4026" pin=2"/></net>

<net id="4039"><net_src comp="3870" pin="2"/><net_sink comp="4034" pin=0"/></net>

<net id="4040"><net_src comp="4026" pin="3"/><net_sink comp="4034" pin=1"/></net>

<net id="4041"><net_src comp="90" pin="0"/><net_sink comp="4034" pin=2"/></net>

<net id="4046"><net_src comp="120" pin="2"/><net_sink comp="4042" pin=0"/></net>

<net id="4047"><net_src comp="64" pin="0"/><net_sink comp="4042" pin=1"/></net>

<net id="4053"><net_src comp="66" pin="0"/><net_sink comp="4048" pin=0"/></net>

<net id="4054"><net_src comp="120" pin="2"/><net_sink comp="4048" pin=1"/></net>

<net id="4055"><net_src comp="68" pin="0"/><net_sink comp="4048" pin=2"/></net>

<net id="4062"><net_src comp="70" pin="0"/><net_sink comp="4056" pin=0"/></net>

<net id="4063"><net_src comp="120" pin="2"/><net_sink comp="4056" pin=1"/></net>

<net id="4064"><net_src comp="72" pin="0"/><net_sink comp="4056" pin=2"/></net>

<net id="4065"><net_src comp="74" pin="0"/><net_sink comp="4056" pin=3"/></net>

<net id="4071"><net_src comp="66" pin="0"/><net_sink comp="4066" pin=0"/></net>

<net id="4072"><net_src comp="120" pin="2"/><net_sink comp="4066" pin=1"/></net>

<net id="4073"><net_src comp="76" pin="0"/><net_sink comp="4066" pin=2"/></net>

<net id="4077"><net_src comp="120" pin="2"/><net_sink comp="4074" pin=0"/></net>

<net id="4082"><net_src comp="4074" pin="1"/><net_sink comp="4078" pin=0"/></net>

<net id="4083"><net_src comp="78" pin="0"/><net_sink comp="4078" pin=1"/></net>

<net id="4089"><net_src comp="66" pin="0"/><net_sink comp="4084" pin=0"/></net>

<net id="4090"><net_src comp="120" pin="2"/><net_sink comp="4084" pin=1"/></net>

<net id="4091"><net_src comp="74" pin="0"/><net_sink comp="4084" pin=2"/></net>

<net id="4097"><net_src comp="66" pin="0"/><net_sink comp="4092" pin=0"/></net>

<net id="4098"><net_src comp="120" pin="2"/><net_sink comp="4092" pin=1"/></net>

<net id="4099"><net_src comp="72" pin="0"/><net_sink comp="4092" pin=2"/></net>

<net id="4104"><net_src comp="4092" pin="3"/><net_sink comp="4100" pin=0"/></net>

<net id="4105"><net_src comp="4078" pin="2"/><net_sink comp="4100" pin=1"/></net>

<net id="4110"><net_src comp="4100" pin="2"/><net_sink comp="4106" pin=0"/></net>

<net id="4111"><net_src comp="4066" pin="3"/><net_sink comp="4106" pin=1"/></net>

<net id="4115"><net_src comp="4106" pin="2"/><net_sink comp="4112" pin=0"/></net>

<net id="4120"><net_src comp="4056" pin="4"/><net_sink comp="4116" pin=0"/></net>

<net id="4121"><net_src comp="4112" pin="1"/><net_sink comp="4116" pin=1"/></net>

<net id="4128"><net_src comp="80" pin="0"/><net_sink comp="4122" pin=0"/></net>

<net id="4129"><net_src comp="120" pin="2"/><net_sink comp="4122" pin=1"/></net>

<net id="4130"><net_src comp="82" pin="0"/><net_sink comp="4122" pin=2"/></net>

<net id="4131"><net_src comp="68" pin="0"/><net_sink comp="4122" pin=3"/></net>

<net id="4136"><net_src comp="4122" pin="4"/><net_sink comp="4132" pin=0"/></net>

<net id="4137"><net_src comp="84" pin="0"/><net_sink comp="4132" pin=1"/></net>

<net id="4143"><net_src comp="86" pin="0"/><net_sink comp="4138" pin=0"/></net>

<net id="4144"><net_src comp="4116" pin="2"/><net_sink comp="4138" pin=1"/></net>

<net id="4145"><net_src comp="72" pin="0"/><net_sink comp="4138" pin=2"/></net>

<net id="4150"><net_src comp="4084" pin="3"/><net_sink comp="4146" pin=0"/></net>

<net id="4151"><net_src comp="88" pin="0"/><net_sink comp="4146" pin=1"/></net>

<net id="4156"><net_src comp="4138" pin="3"/><net_sink comp="4152" pin=0"/></net>

<net id="4157"><net_src comp="4146" pin="2"/><net_sink comp="4152" pin=1"/></net>

<net id="4162"><net_src comp="4132" pin="2"/><net_sink comp="4158" pin=0"/></net>

<net id="4163"><net_src comp="4152" pin="2"/><net_sink comp="4158" pin=1"/></net>

<net id="4168"><net_src comp="4158" pin="2"/><net_sink comp="4164" pin=0"/></net>

<net id="4169"><net_src comp="4048" pin="3"/><net_sink comp="4164" pin=1"/></net>

<net id="4174"><net_src comp="4158" pin="2"/><net_sink comp="4170" pin=0"/></net>

<net id="4175"><net_src comp="88" pin="0"/><net_sink comp="4170" pin=1"/></net>

<net id="4180"><net_src comp="4048" pin="3"/><net_sink comp="4176" pin=0"/></net>

<net id="4181"><net_src comp="4170" pin="2"/><net_sink comp="4176" pin=1"/></net>

<net id="4187"><net_src comp="4048" pin="3"/><net_sink comp="4182" pin=0"/></net>

<net id="4188"><net_src comp="90" pin="0"/><net_sink comp="4182" pin=1"/></net>

<net id="4189"><net_src comp="4116" pin="2"/><net_sink comp="4182" pin=2"/></net>

<net id="4195"><net_src comp="4164" pin="2"/><net_sink comp="4190" pin=0"/></net>

<net id="4196"><net_src comp="4182" pin="3"/><net_sink comp="4190" pin=1"/></net>

<net id="4197"><net_src comp="92" pin="0"/><net_sink comp="4190" pin=2"/></net>

<net id="4203"><net_src comp="4176" pin="2"/><net_sink comp="4198" pin=0"/></net>

<net id="4204"><net_src comp="4190" pin="3"/><net_sink comp="4198" pin=1"/></net>

<net id="4205"><net_src comp="4116" pin="2"/><net_sink comp="4198" pin=2"/></net>

<net id="4211"><net_src comp="4042" pin="2"/><net_sink comp="4206" pin=0"/></net>

<net id="4212"><net_src comp="4198" pin="3"/><net_sink comp="4206" pin=1"/></net>

<net id="4213"><net_src comp="90" pin="0"/><net_sink comp="4206" pin=2"/></net>

<net id="4218"><net_src comp="114" pin="2"/><net_sink comp="4214" pin=0"/></net>

<net id="4219"><net_src comp="64" pin="0"/><net_sink comp="4214" pin=1"/></net>

<net id="4225"><net_src comp="66" pin="0"/><net_sink comp="4220" pin=0"/></net>

<net id="4226"><net_src comp="114" pin="2"/><net_sink comp="4220" pin=1"/></net>

<net id="4227"><net_src comp="68" pin="0"/><net_sink comp="4220" pin=2"/></net>

<net id="4234"><net_src comp="70" pin="0"/><net_sink comp="4228" pin=0"/></net>

<net id="4235"><net_src comp="114" pin="2"/><net_sink comp="4228" pin=1"/></net>

<net id="4236"><net_src comp="72" pin="0"/><net_sink comp="4228" pin=2"/></net>

<net id="4237"><net_src comp="74" pin="0"/><net_sink comp="4228" pin=3"/></net>

<net id="4243"><net_src comp="66" pin="0"/><net_sink comp="4238" pin=0"/></net>

<net id="4244"><net_src comp="114" pin="2"/><net_sink comp="4238" pin=1"/></net>

<net id="4245"><net_src comp="76" pin="0"/><net_sink comp="4238" pin=2"/></net>

<net id="4249"><net_src comp="114" pin="2"/><net_sink comp="4246" pin=0"/></net>

<net id="4254"><net_src comp="4246" pin="1"/><net_sink comp="4250" pin=0"/></net>

<net id="4255"><net_src comp="78" pin="0"/><net_sink comp="4250" pin=1"/></net>

<net id="4261"><net_src comp="66" pin="0"/><net_sink comp="4256" pin=0"/></net>

<net id="4262"><net_src comp="114" pin="2"/><net_sink comp="4256" pin=1"/></net>

<net id="4263"><net_src comp="74" pin="0"/><net_sink comp="4256" pin=2"/></net>

<net id="4269"><net_src comp="66" pin="0"/><net_sink comp="4264" pin=0"/></net>

<net id="4270"><net_src comp="114" pin="2"/><net_sink comp="4264" pin=1"/></net>

<net id="4271"><net_src comp="72" pin="0"/><net_sink comp="4264" pin=2"/></net>

<net id="4276"><net_src comp="4264" pin="3"/><net_sink comp="4272" pin=0"/></net>

<net id="4277"><net_src comp="4250" pin="2"/><net_sink comp="4272" pin=1"/></net>

<net id="4282"><net_src comp="4272" pin="2"/><net_sink comp="4278" pin=0"/></net>

<net id="4283"><net_src comp="4238" pin="3"/><net_sink comp="4278" pin=1"/></net>

<net id="4287"><net_src comp="4278" pin="2"/><net_sink comp="4284" pin=0"/></net>

<net id="4292"><net_src comp="4228" pin="4"/><net_sink comp="4288" pin=0"/></net>

<net id="4293"><net_src comp="4284" pin="1"/><net_sink comp="4288" pin=1"/></net>

<net id="4300"><net_src comp="80" pin="0"/><net_sink comp="4294" pin=0"/></net>

<net id="4301"><net_src comp="114" pin="2"/><net_sink comp="4294" pin=1"/></net>

<net id="4302"><net_src comp="82" pin="0"/><net_sink comp="4294" pin=2"/></net>

<net id="4303"><net_src comp="68" pin="0"/><net_sink comp="4294" pin=3"/></net>

<net id="4308"><net_src comp="4294" pin="4"/><net_sink comp="4304" pin=0"/></net>

<net id="4309"><net_src comp="84" pin="0"/><net_sink comp="4304" pin=1"/></net>

<net id="4315"><net_src comp="86" pin="0"/><net_sink comp="4310" pin=0"/></net>

<net id="4316"><net_src comp="4288" pin="2"/><net_sink comp="4310" pin=1"/></net>

<net id="4317"><net_src comp="72" pin="0"/><net_sink comp="4310" pin=2"/></net>

<net id="4322"><net_src comp="4256" pin="3"/><net_sink comp="4318" pin=0"/></net>

<net id="4323"><net_src comp="88" pin="0"/><net_sink comp="4318" pin=1"/></net>

<net id="4328"><net_src comp="4310" pin="3"/><net_sink comp="4324" pin=0"/></net>

<net id="4329"><net_src comp="4318" pin="2"/><net_sink comp="4324" pin=1"/></net>

<net id="4334"><net_src comp="4304" pin="2"/><net_sink comp="4330" pin=0"/></net>

<net id="4335"><net_src comp="4324" pin="2"/><net_sink comp="4330" pin=1"/></net>

<net id="4340"><net_src comp="4330" pin="2"/><net_sink comp="4336" pin=0"/></net>

<net id="4341"><net_src comp="4220" pin="3"/><net_sink comp="4336" pin=1"/></net>

<net id="4346"><net_src comp="4330" pin="2"/><net_sink comp="4342" pin=0"/></net>

<net id="4347"><net_src comp="88" pin="0"/><net_sink comp="4342" pin=1"/></net>

<net id="4352"><net_src comp="4220" pin="3"/><net_sink comp="4348" pin=0"/></net>

<net id="4353"><net_src comp="4342" pin="2"/><net_sink comp="4348" pin=1"/></net>

<net id="4359"><net_src comp="4220" pin="3"/><net_sink comp="4354" pin=0"/></net>

<net id="4360"><net_src comp="90" pin="0"/><net_sink comp="4354" pin=1"/></net>

<net id="4361"><net_src comp="4288" pin="2"/><net_sink comp="4354" pin=2"/></net>

<net id="4367"><net_src comp="4336" pin="2"/><net_sink comp="4362" pin=0"/></net>

<net id="4368"><net_src comp="4354" pin="3"/><net_sink comp="4362" pin=1"/></net>

<net id="4369"><net_src comp="92" pin="0"/><net_sink comp="4362" pin=2"/></net>

<net id="4375"><net_src comp="4348" pin="2"/><net_sink comp="4370" pin=0"/></net>

<net id="4376"><net_src comp="4362" pin="3"/><net_sink comp="4370" pin=1"/></net>

<net id="4377"><net_src comp="4288" pin="2"/><net_sink comp="4370" pin=2"/></net>

<net id="4383"><net_src comp="4214" pin="2"/><net_sink comp="4378" pin=0"/></net>

<net id="4384"><net_src comp="4370" pin="3"/><net_sink comp="4378" pin=1"/></net>

<net id="4385"><net_src comp="90" pin="0"/><net_sink comp="4378" pin=2"/></net>

<net id="4390"><net_src comp="108" pin="2"/><net_sink comp="4386" pin=0"/></net>

<net id="4391"><net_src comp="64" pin="0"/><net_sink comp="4386" pin=1"/></net>

<net id="4397"><net_src comp="66" pin="0"/><net_sink comp="4392" pin=0"/></net>

<net id="4398"><net_src comp="108" pin="2"/><net_sink comp="4392" pin=1"/></net>

<net id="4399"><net_src comp="68" pin="0"/><net_sink comp="4392" pin=2"/></net>

<net id="4406"><net_src comp="70" pin="0"/><net_sink comp="4400" pin=0"/></net>

<net id="4407"><net_src comp="108" pin="2"/><net_sink comp="4400" pin=1"/></net>

<net id="4408"><net_src comp="72" pin="0"/><net_sink comp="4400" pin=2"/></net>

<net id="4409"><net_src comp="74" pin="0"/><net_sink comp="4400" pin=3"/></net>

<net id="4415"><net_src comp="66" pin="0"/><net_sink comp="4410" pin=0"/></net>

<net id="4416"><net_src comp="108" pin="2"/><net_sink comp="4410" pin=1"/></net>

<net id="4417"><net_src comp="76" pin="0"/><net_sink comp="4410" pin=2"/></net>

<net id="4421"><net_src comp="108" pin="2"/><net_sink comp="4418" pin=0"/></net>

<net id="4426"><net_src comp="4418" pin="1"/><net_sink comp="4422" pin=0"/></net>

<net id="4427"><net_src comp="78" pin="0"/><net_sink comp="4422" pin=1"/></net>

<net id="4433"><net_src comp="66" pin="0"/><net_sink comp="4428" pin=0"/></net>

<net id="4434"><net_src comp="108" pin="2"/><net_sink comp="4428" pin=1"/></net>

<net id="4435"><net_src comp="74" pin="0"/><net_sink comp="4428" pin=2"/></net>

<net id="4441"><net_src comp="66" pin="0"/><net_sink comp="4436" pin=0"/></net>

<net id="4442"><net_src comp="108" pin="2"/><net_sink comp="4436" pin=1"/></net>

<net id="4443"><net_src comp="72" pin="0"/><net_sink comp="4436" pin=2"/></net>

<net id="4448"><net_src comp="4436" pin="3"/><net_sink comp="4444" pin=0"/></net>

<net id="4449"><net_src comp="4422" pin="2"/><net_sink comp="4444" pin=1"/></net>

<net id="4454"><net_src comp="4444" pin="2"/><net_sink comp="4450" pin=0"/></net>

<net id="4455"><net_src comp="4410" pin="3"/><net_sink comp="4450" pin=1"/></net>

<net id="4459"><net_src comp="4450" pin="2"/><net_sink comp="4456" pin=0"/></net>

<net id="4464"><net_src comp="4400" pin="4"/><net_sink comp="4460" pin=0"/></net>

<net id="4465"><net_src comp="4456" pin="1"/><net_sink comp="4460" pin=1"/></net>

<net id="4472"><net_src comp="80" pin="0"/><net_sink comp="4466" pin=0"/></net>

<net id="4473"><net_src comp="108" pin="2"/><net_sink comp="4466" pin=1"/></net>

<net id="4474"><net_src comp="82" pin="0"/><net_sink comp="4466" pin=2"/></net>

<net id="4475"><net_src comp="68" pin="0"/><net_sink comp="4466" pin=3"/></net>

<net id="4480"><net_src comp="4466" pin="4"/><net_sink comp="4476" pin=0"/></net>

<net id="4481"><net_src comp="84" pin="0"/><net_sink comp="4476" pin=1"/></net>

<net id="4487"><net_src comp="86" pin="0"/><net_sink comp="4482" pin=0"/></net>

<net id="4488"><net_src comp="4460" pin="2"/><net_sink comp="4482" pin=1"/></net>

<net id="4489"><net_src comp="72" pin="0"/><net_sink comp="4482" pin=2"/></net>

<net id="4494"><net_src comp="4428" pin="3"/><net_sink comp="4490" pin=0"/></net>

<net id="4495"><net_src comp="88" pin="0"/><net_sink comp="4490" pin=1"/></net>

<net id="4500"><net_src comp="4482" pin="3"/><net_sink comp="4496" pin=0"/></net>

<net id="4501"><net_src comp="4490" pin="2"/><net_sink comp="4496" pin=1"/></net>

<net id="4506"><net_src comp="4476" pin="2"/><net_sink comp="4502" pin=0"/></net>

<net id="4507"><net_src comp="4496" pin="2"/><net_sink comp="4502" pin=1"/></net>

<net id="4512"><net_src comp="4502" pin="2"/><net_sink comp="4508" pin=0"/></net>

<net id="4513"><net_src comp="4392" pin="3"/><net_sink comp="4508" pin=1"/></net>

<net id="4518"><net_src comp="4502" pin="2"/><net_sink comp="4514" pin=0"/></net>

<net id="4519"><net_src comp="88" pin="0"/><net_sink comp="4514" pin=1"/></net>

<net id="4524"><net_src comp="4392" pin="3"/><net_sink comp="4520" pin=0"/></net>

<net id="4525"><net_src comp="4514" pin="2"/><net_sink comp="4520" pin=1"/></net>

<net id="4531"><net_src comp="4392" pin="3"/><net_sink comp="4526" pin=0"/></net>

<net id="4532"><net_src comp="90" pin="0"/><net_sink comp="4526" pin=1"/></net>

<net id="4533"><net_src comp="4460" pin="2"/><net_sink comp="4526" pin=2"/></net>

<net id="4539"><net_src comp="4508" pin="2"/><net_sink comp="4534" pin=0"/></net>

<net id="4540"><net_src comp="4526" pin="3"/><net_sink comp="4534" pin=1"/></net>

<net id="4541"><net_src comp="92" pin="0"/><net_sink comp="4534" pin=2"/></net>

<net id="4547"><net_src comp="4520" pin="2"/><net_sink comp="4542" pin=0"/></net>

<net id="4548"><net_src comp="4534" pin="3"/><net_sink comp="4542" pin=1"/></net>

<net id="4549"><net_src comp="4460" pin="2"/><net_sink comp="4542" pin=2"/></net>

<net id="4555"><net_src comp="4386" pin="2"/><net_sink comp="4550" pin=0"/></net>

<net id="4556"><net_src comp="4542" pin="3"/><net_sink comp="4550" pin=1"/></net>

<net id="4557"><net_src comp="90" pin="0"/><net_sink comp="4550" pin=2"/></net>

<net id="4562"><net_src comp="102" pin="2"/><net_sink comp="4558" pin=0"/></net>

<net id="4563"><net_src comp="64" pin="0"/><net_sink comp="4558" pin=1"/></net>

<net id="4569"><net_src comp="66" pin="0"/><net_sink comp="4564" pin=0"/></net>

<net id="4570"><net_src comp="102" pin="2"/><net_sink comp="4564" pin=1"/></net>

<net id="4571"><net_src comp="68" pin="0"/><net_sink comp="4564" pin=2"/></net>

<net id="4578"><net_src comp="70" pin="0"/><net_sink comp="4572" pin=0"/></net>

<net id="4579"><net_src comp="102" pin="2"/><net_sink comp="4572" pin=1"/></net>

<net id="4580"><net_src comp="72" pin="0"/><net_sink comp="4572" pin=2"/></net>

<net id="4581"><net_src comp="74" pin="0"/><net_sink comp="4572" pin=3"/></net>

<net id="4587"><net_src comp="66" pin="0"/><net_sink comp="4582" pin=0"/></net>

<net id="4588"><net_src comp="102" pin="2"/><net_sink comp="4582" pin=1"/></net>

<net id="4589"><net_src comp="76" pin="0"/><net_sink comp="4582" pin=2"/></net>

<net id="4593"><net_src comp="102" pin="2"/><net_sink comp="4590" pin=0"/></net>

<net id="4598"><net_src comp="4590" pin="1"/><net_sink comp="4594" pin=0"/></net>

<net id="4599"><net_src comp="78" pin="0"/><net_sink comp="4594" pin=1"/></net>

<net id="4605"><net_src comp="66" pin="0"/><net_sink comp="4600" pin=0"/></net>

<net id="4606"><net_src comp="102" pin="2"/><net_sink comp="4600" pin=1"/></net>

<net id="4607"><net_src comp="74" pin="0"/><net_sink comp="4600" pin=2"/></net>

<net id="4613"><net_src comp="66" pin="0"/><net_sink comp="4608" pin=0"/></net>

<net id="4614"><net_src comp="102" pin="2"/><net_sink comp="4608" pin=1"/></net>

<net id="4615"><net_src comp="72" pin="0"/><net_sink comp="4608" pin=2"/></net>

<net id="4620"><net_src comp="4608" pin="3"/><net_sink comp="4616" pin=0"/></net>

<net id="4621"><net_src comp="4594" pin="2"/><net_sink comp="4616" pin=1"/></net>

<net id="4626"><net_src comp="4616" pin="2"/><net_sink comp="4622" pin=0"/></net>

<net id="4627"><net_src comp="4582" pin="3"/><net_sink comp="4622" pin=1"/></net>

<net id="4631"><net_src comp="4622" pin="2"/><net_sink comp="4628" pin=0"/></net>

<net id="4636"><net_src comp="4572" pin="4"/><net_sink comp="4632" pin=0"/></net>

<net id="4637"><net_src comp="4628" pin="1"/><net_sink comp="4632" pin=1"/></net>

<net id="4644"><net_src comp="80" pin="0"/><net_sink comp="4638" pin=0"/></net>

<net id="4645"><net_src comp="102" pin="2"/><net_sink comp="4638" pin=1"/></net>

<net id="4646"><net_src comp="82" pin="0"/><net_sink comp="4638" pin=2"/></net>

<net id="4647"><net_src comp="68" pin="0"/><net_sink comp="4638" pin=3"/></net>

<net id="4652"><net_src comp="4638" pin="4"/><net_sink comp="4648" pin=0"/></net>

<net id="4653"><net_src comp="84" pin="0"/><net_sink comp="4648" pin=1"/></net>

<net id="4659"><net_src comp="86" pin="0"/><net_sink comp="4654" pin=0"/></net>

<net id="4660"><net_src comp="4632" pin="2"/><net_sink comp="4654" pin=1"/></net>

<net id="4661"><net_src comp="72" pin="0"/><net_sink comp="4654" pin=2"/></net>

<net id="4666"><net_src comp="4600" pin="3"/><net_sink comp="4662" pin=0"/></net>

<net id="4667"><net_src comp="88" pin="0"/><net_sink comp="4662" pin=1"/></net>

<net id="4672"><net_src comp="4654" pin="3"/><net_sink comp="4668" pin=0"/></net>

<net id="4673"><net_src comp="4662" pin="2"/><net_sink comp="4668" pin=1"/></net>

<net id="4678"><net_src comp="4648" pin="2"/><net_sink comp="4674" pin=0"/></net>

<net id="4679"><net_src comp="4668" pin="2"/><net_sink comp="4674" pin=1"/></net>

<net id="4684"><net_src comp="4674" pin="2"/><net_sink comp="4680" pin=0"/></net>

<net id="4685"><net_src comp="4564" pin="3"/><net_sink comp="4680" pin=1"/></net>

<net id="4690"><net_src comp="4674" pin="2"/><net_sink comp="4686" pin=0"/></net>

<net id="4691"><net_src comp="88" pin="0"/><net_sink comp="4686" pin=1"/></net>

<net id="4696"><net_src comp="4564" pin="3"/><net_sink comp="4692" pin=0"/></net>

<net id="4697"><net_src comp="4686" pin="2"/><net_sink comp="4692" pin=1"/></net>

<net id="4703"><net_src comp="4564" pin="3"/><net_sink comp="4698" pin=0"/></net>

<net id="4704"><net_src comp="90" pin="0"/><net_sink comp="4698" pin=1"/></net>

<net id="4705"><net_src comp="4632" pin="2"/><net_sink comp="4698" pin=2"/></net>

<net id="4711"><net_src comp="4680" pin="2"/><net_sink comp="4706" pin=0"/></net>

<net id="4712"><net_src comp="4698" pin="3"/><net_sink comp="4706" pin=1"/></net>

<net id="4713"><net_src comp="92" pin="0"/><net_sink comp="4706" pin=2"/></net>

<net id="4719"><net_src comp="4692" pin="2"/><net_sink comp="4714" pin=0"/></net>

<net id="4720"><net_src comp="4706" pin="3"/><net_sink comp="4714" pin=1"/></net>

<net id="4721"><net_src comp="4632" pin="2"/><net_sink comp="4714" pin=2"/></net>

<net id="4727"><net_src comp="4558" pin="2"/><net_sink comp="4722" pin=0"/></net>

<net id="4728"><net_src comp="4714" pin="3"/><net_sink comp="4722" pin=1"/></net>

<net id="4729"><net_src comp="90" pin="0"/><net_sink comp="4722" pin=2"/></net>

<net id="4734"><net_src comp="96" pin="2"/><net_sink comp="4730" pin=0"/></net>

<net id="4735"><net_src comp="64" pin="0"/><net_sink comp="4730" pin=1"/></net>

<net id="4741"><net_src comp="66" pin="0"/><net_sink comp="4736" pin=0"/></net>

<net id="4742"><net_src comp="96" pin="2"/><net_sink comp="4736" pin=1"/></net>

<net id="4743"><net_src comp="68" pin="0"/><net_sink comp="4736" pin=2"/></net>

<net id="4750"><net_src comp="70" pin="0"/><net_sink comp="4744" pin=0"/></net>

<net id="4751"><net_src comp="96" pin="2"/><net_sink comp="4744" pin=1"/></net>

<net id="4752"><net_src comp="72" pin="0"/><net_sink comp="4744" pin=2"/></net>

<net id="4753"><net_src comp="74" pin="0"/><net_sink comp="4744" pin=3"/></net>

<net id="4759"><net_src comp="66" pin="0"/><net_sink comp="4754" pin=0"/></net>

<net id="4760"><net_src comp="96" pin="2"/><net_sink comp="4754" pin=1"/></net>

<net id="4761"><net_src comp="76" pin="0"/><net_sink comp="4754" pin=2"/></net>

<net id="4765"><net_src comp="96" pin="2"/><net_sink comp="4762" pin=0"/></net>

<net id="4770"><net_src comp="4762" pin="1"/><net_sink comp="4766" pin=0"/></net>

<net id="4771"><net_src comp="78" pin="0"/><net_sink comp="4766" pin=1"/></net>

<net id="4777"><net_src comp="66" pin="0"/><net_sink comp="4772" pin=0"/></net>

<net id="4778"><net_src comp="96" pin="2"/><net_sink comp="4772" pin=1"/></net>

<net id="4779"><net_src comp="74" pin="0"/><net_sink comp="4772" pin=2"/></net>

<net id="4785"><net_src comp="66" pin="0"/><net_sink comp="4780" pin=0"/></net>

<net id="4786"><net_src comp="96" pin="2"/><net_sink comp="4780" pin=1"/></net>

<net id="4787"><net_src comp="72" pin="0"/><net_sink comp="4780" pin=2"/></net>

<net id="4792"><net_src comp="4780" pin="3"/><net_sink comp="4788" pin=0"/></net>

<net id="4793"><net_src comp="4766" pin="2"/><net_sink comp="4788" pin=1"/></net>

<net id="4798"><net_src comp="4788" pin="2"/><net_sink comp="4794" pin=0"/></net>

<net id="4799"><net_src comp="4754" pin="3"/><net_sink comp="4794" pin=1"/></net>

<net id="4803"><net_src comp="4794" pin="2"/><net_sink comp="4800" pin=0"/></net>

<net id="4808"><net_src comp="4744" pin="4"/><net_sink comp="4804" pin=0"/></net>

<net id="4809"><net_src comp="4800" pin="1"/><net_sink comp="4804" pin=1"/></net>

<net id="4816"><net_src comp="80" pin="0"/><net_sink comp="4810" pin=0"/></net>

<net id="4817"><net_src comp="96" pin="2"/><net_sink comp="4810" pin=1"/></net>

<net id="4818"><net_src comp="82" pin="0"/><net_sink comp="4810" pin=2"/></net>

<net id="4819"><net_src comp="68" pin="0"/><net_sink comp="4810" pin=3"/></net>

<net id="4824"><net_src comp="4810" pin="4"/><net_sink comp="4820" pin=0"/></net>

<net id="4825"><net_src comp="84" pin="0"/><net_sink comp="4820" pin=1"/></net>

<net id="4831"><net_src comp="86" pin="0"/><net_sink comp="4826" pin=0"/></net>

<net id="4832"><net_src comp="4804" pin="2"/><net_sink comp="4826" pin=1"/></net>

<net id="4833"><net_src comp="72" pin="0"/><net_sink comp="4826" pin=2"/></net>

<net id="4838"><net_src comp="4772" pin="3"/><net_sink comp="4834" pin=0"/></net>

<net id="4839"><net_src comp="88" pin="0"/><net_sink comp="4834" pin=1"/></net>

<net id="4844"><net_src comp="4826" pin="3"/><net_sink comp="4840" pin=0"/></net>

<net id="4845"><net_src comp="4834" pin="2"/><net_sink comp="4840" pin=1"/></net>

<net id="4850"><net_src comp="4820" pin="2"/><net_sink comp="4846" pin=0"/></net>

<net id="4851"><net_src comp="4840" pin="2"/><net_sink comp="4846" pin=1"/></net>

<net id="4856"><net_src comp="4846" pin="2"/><net_sink comp="4852" pin=0"/></net>

<net id="4857"><net_src comp="4736" pin="3"/><net_sink comp="4852" pin=1"/></net>

<net id="4862"><net_src comp="4846" pin="2"/><net_sink comp="4858" pin=0"/></net>

<net id="4863"><net_src comp="88" pin="0"/><net_sink comp="4858" pin=1"/></net>

<net id="4868"><net_src comp="4736" pin="3"/><net_sink comp="4864" pin=0"/></net>

<net id="4869"><net_src comp="4858" pin="2"/><net_sink comp="4864" pin=1"/></net>

<net id="4875"><net_src comp="4736" pin="3"/><net_sink comp="4870" pin=0"/></net>

<net id="4876"><net_src comp="90" pin="0"/><net_sink comp="4870" pin=1"/></net>

<net id="4877"><net_src comp="4804" pin="2"/><net_sink comp="4870" pin=2"/></net>

<net id="4883"><net_src comp="4852" pin="2"/><net_sink comp="4878" pin=0"/></net>

<net id="4884"><net_src comp="4870" pin="3"/><net_sink comp="4878" pin=1"/></net>

<net id="4885"><net_src comp="92" pin="0"/><net_sink comp="4878" pin=2"/></net>

<net id="4891"><net_src comp="4864" pin="2"/><net_sink comp="4886" pin=0"/></net>

<net id="4892"><net_src comp="4878" pin="3"/><net_sink comp="4886" pin=1"/></net>

<net id="4893"><net_src comp="4804" pin="2"/><net_sink comp="4886" pin=2"/></net>

<net id="4899"><net_src comp="4730" pin="2"/><net_sink comp="4894" pin=0"/></net>

<net id="4900"><net_src comp="4886" pin="3"/><net_sink comp="4894" pin=1"/></net>

<net id="4901"><net_src comp="90" pin="0"/><net_sink comp="4894" pin=2"/></net>

<net id="4906"><net_src comp="94" pin="0"/><net_sink comp="4902" pin=0"/></net>

<net id="4907"><net_src comp="422" pin="3"/><net_sink comp="4902" pin=1"/></net>

<net id="4912"><net_src comp="4902" pin="2"/><net_sink comp="4908" pin=0"/></net>

<net id="4913"><net_src comp="594" pin="3"/><net_sink comp="4908" pin=1"/></net>

<net id="4918"><net_src comp="4908" pin="2"/><net_sink comp="4914" pin=0"/></net>

<net id="4919"><net_src comp="766" pin="3"/><net_sink comp="4914" pin=1"/></net>

<net id="4924"><net_src comp="4914" pin="2"/><net_sink comp="4920" pin=0"/></net>

<net id="4925"><net_src comp="938" pin="3"/><net_sink comp="4920" pin=1"/></net>

<net id="4930"><net_src comp="4920" pin="2"/><net_sink comp="4926" pin=0"/></net>

<net id="4931"><net_src comp="1110" pin="3"/><net_sink comp="4926" pin=1"/></net>

<net id="4936"><net_src comp="4926" pin="2"/><net_sink comp="4932" pin=0"/></net>

<net id="4937"><net_src comp="1282" pin="3"/><net_sink comp="4932" pin=1"/></net>

<net id="4942"><net_src comp="4932" pin="2"/><net_sink comp="4938" pin=0"/></net>

<net id="4943"><net_src comp="1454" pin="3"/><net_sink comp="4938" pin=1"/></net>

<net id="4948"><net_src comp="4938" pin="2"/><net_sink comp="4944" pin=0"/></net>

<net id="4949"><net_src comp="1626" pin="3"/><net_sink comp="4944" pin=1"/></net>

<net id="4954"><net_src comp="4944" pin="2"/><net_sink comp="4950" pin=0"/></net>

<net id="4955"><net_src comp="1798" pin="3"/><net_sink comp="4950" pin=1"/></net>

<net id="4960"><net_src comp="4950" pin="2"/><net_sink comp="4956" pin=0"/></net>

<net id="4961"><net_src comp="1970" pin="3"/><net_sink comp="4956" pin=1"/></net>

<net id="4966"><net_src comp="4956" pin="2"/><net_sink comp="4962" pin=0"/></net>

<net id="4967"><net_src comp="2142" pin="3"/><net_sink comp="4962" pin=1"/></net>

<net id="4972"><net_src comp="4962" pin="2"/><net_sink comp="4968" pin=0"/></net>

<net id="4973"><net_src comp="2314" pin="3"/><net_sink comp="4968" pin=1"/></net>

<net id="4978"><net_src comp="4968" pin="2"/><net_sink comp="4974" pin=0"/></net>

<net id="4979"><net_src comp="2486" pin="3"/><net_sink comp="4974" pin=1"/></net>

<net id="4984"><net_src comp="4974" pin="2"/><net_sink comp="4980" pin=0"/></net>

<net id="4985"><net_src comp="2658" pin="3"/><net_sink comp="4980" pin=1"/></net>

<net id="4990"><net_src comp="4980" pin="2"/><net_sink comp="4986" pin=0"/></net>

<net id="4991"><net_src comp="2830" pin="3"/><net_sink comp="4986" pin=1"/></net>

<net id="4996"><net_src comp="4986" pin="2"/><net_sink comp="4992" pin=0"/></net>

<net id="4997"><net_src comp="3002" pin="3"/><net_sink comp="4992" pin=1"/></net>

<net id="5002"><net_src comp="4992" pin="2"/><net_sink comp="4998" pin=0"/></net>

<net id="5003"><net_src comp="3174" pin="3"/><net_sink comp="4998" pin=1"/></net>

<net id="5008"><net_src comp="4998" pin="2"/><net_sink comp="5004" pin=0"/></net>

<net id="5009"><net_src comp="3346" pin="3"/><net_sink comp="5004" pin=1"/></net>

<net id="5014"><net_src comp="5004" pin="2"/><net_sink comp="5010" pin=0"/></net>

<net id="5015"><net_src comp="3518" pin="3"/><net_sink comp="5010" pin=1"/></net>

<net id="5020"><net_src comp="5010" pin="2"/><net_sink comp="5016" pin=0"/></net>

<net id="5021"><net_src comp="3690" pin="3"/><net_sink comp="5016" pin=1"/></net>

<net id="5026"><net_src comp="5016" pin="2"/><net_sink comp="5022" pin=0"/></net>

<net id="5027"><net_src comp="3862" pin="3"/><net_sink comp="5022" pin=1"/></net>

<net id="5032"><net_src comp="5022" pin="2"/><net_sink comp="5028" pin=0"/></net>

<net id="5033"><net_src comp="4034" pin="3"/><net_sink comp="5028" pin=1"/></net>

<net id="5038"><net_src comp="5028" pin="2"/><net_sink comp="5034" pin=0"/></net>

<net id="5039"><net_src comp="4206" pin="3"/><net_sink comp="5034" pin=1"/></net>

<net id="5044"><net_src comp="5034" pin="2"/><net_sink comp="5040" pin=0"/></net>

<net id="5045"><net_src comp="4378" pin="3"/><net_sink comp="5040" pin=1"/></net>

<net id="5050"><net_src comp="5040" pin="2"/><net_sink comp="5046" pin=0"/></net>

<net id="5051"><net_src comp="4550" pin="3"/><net_sink comp="5046" pin=1"/></net>

<net id="5056"><net_src comp="5046" pin="2"/><net_sink comp="5052" pin=0"/></net>

<net id="5057"><net_src comp="4722" pin="3"/><net_sink comp="5052" pin=1"/></net>

<net id="5062"><net_src comp="5052" pin="2"/><net_sink comp="5058" pin=0"/></net>

<net id="5063"><net_src comp="4894" pin="3"/><net_sink comp="5058" pin=1"/></net>

</net_list>

</model> 
---------------- Datapath Model END ------------------

* FSMD analyzer results:
  - Output states:
 - Input state : 
	Port: relu<ap_fixed<19, 8, 5, 3, 0>, ap_ufixed<6, 0, 4, 0, 0>, relu_config7> : data_1_val | {1 }
	Port: relu<ap_fixed<19, 8, 5, 3, 0>, ap_ufixed<6, 0, 4, 0, 0>, relu_config7> : data_2_val | {1 }
	Port: relu<ap_fixed<19, 8, 5, 3, 0>, ap_ufixed<6, 0, 4, 0, 0>, relu_config7> : data_3_val | {1 }
	Port: relu<ap_fixed<19, 8, 5, 3, 0>, ap_ufixed<6, 0, 4, 0, 0>, relu_config7> : data_4_val | {1 }
	Port: relu<ap_fixed<19, 8, 5, 3, 0>, ap_ufixed<6, 0, 4, 0, 0>, relu_config7> : data_5_val | {1 }
	Port: relu<ap_fixed<19, 8, 5, 3, 0>, ap_ufixed<6, 0, 4, 0, 0>, relu_config7> : data_6_val | {1 }
	Port: relu<ap_fixed<19, 8, 5, 3, 0>, ap_ufixed<6, 0, 4, 0, 0>, relu_config7> : data_7_val | {1 }
	Port: relu<ap_fixed<19, 8, 5, 3, 0>, ap_ufixed<6, 0, 4, 0, 0>, relu_config7> : data_8_val | {1 }
	Port: relu<ap_fixed<19, 8, 5, 3, 0>, ap_ufixed<6, 0, 4, 0, 0>, relu_config7> : data_9_val | {1 }
	Port: relu<ap_fixed<19, 8, 5, 3, 0>, ap_ufixed<6, 0, 4, 0, 0>, relu_config7> : data_10_val | {1 }
	Port: relu<ap_fixed<19, 8, 5, 3, 0>, ap_ufixed<6, 0, 4, 0, 0>, relu_config7> : data_11_val | {1 }
	Port: relu<ap_fixed<19, 8, 5, 3, 0>, ap_ufixed<6, 0, 4, 0, 0>, relu_config7> : data_13_val | {1 }
	Port: relu<ap_fixed<19, 8, 5, 3, 0>, ap_ufixed<6, 0, 4, 0, 0>, relu_config7> : data_15_val | {1 }
	Port: relu<ap_fixed<19, 8, 5, 3, 0>, ap_ufixed<6, 0, 4, 0, 0>, relu_config7> : data_16_val | {1 }
	Port: relu<ap_fixed<19, 8, 5, 3, 0>, ap_ufixed<6, 0, 4, 0, 0>, relu_config7> : data_17_val | {1 }
	Port: relu<ap_fixed<19, 8, 5, 3, 0>, ap_ufixed<6, 0, 4, 0, 0>, relu_config7> : data_18_val | {1 }
	Port: relu<ap_fixed<19, 8, 5, 3, 0>, ap_ufixed<6, 0, 4, 0, 0>, relu_config7> : data_19_val | {1 }
	Port: relu<ap_fixed<19, 8, 5, 3, 0>, ap_ufixed<6, 0, 4, 0, 0>, relu_config7> : data_21_val | {1 }
	Port: relu<ap_fixed<19, 8, 5, 3, 0>, ap_ufixed<6, 0, 4, 0, 0>, relu_config7> : data_22_val | {1 }
	Port: relu<ap_fixed<19, 8, 5, 3, 0>, ap_ufixed<6, 0, 4, 0, 0>, relu_config7> : data_23_val | {1 }
	Port: relu<ap_fixed<19, 8, 5, 3, 0>, ap_ufixed<6, 0, 4, 0, 0>, relu_config7> : data_24_val | {1 }
	Port: relu<ap_fixed<19, 8, 5, 3, 0>, ap_ufixed<6, 0, 4, 0, 0>, relu_config7> : data_25_val | {1 }
	Port: relu<ap_fixed<19, 8, 5, 3, 0>, ap_ufixed<6, 0, 4, 0, 0>, relu_config7> : data_27_val | {1 }
	Port: relu<ap_fixed<19, 8, 5, 3, 0>, ap_ufixed<6, 0, 4, 0, 0>, relu_config7> : data_28_val | {1 }
	Port: relu<ap_fixed<19, 8, 5, 3, 0>, ap_ufixed<6, 0, 4, 0, 0>, relu_config7> : data_29_val | {1 }
	Port: relu<ap_fixed<19, 8, 5, 3, 0>, ap_ufixed<6, 0, 4, 0, 0>, relu_config7> : data_30_val | {1 }
	Port: relu<ap_fixed<19, 8, 5, 3, 0>, ap_ufixed<6, 0, 4, 0, 0>, relu_config7> : data_31_val | {1 }
  - Chain level:
	State 1
		icmp_ln46 : 1
		or_ln46 : 2
		and_ln46 : 2
		zext_ln46 : 2
		add_ln46 : 3
		icmp_ln46_128 : 1
		tmp_386 : 4
		not_tmp_449 : 1
		and_ln46_128 : 5
		empty : 5
		or_ln46_192 : 5
		xor_ln46 : 5
		or_ln46_193 : 5
		select_ln46 : 4
		select_ln46_192 : 5
		select_ln46_193 : 5
		res_1_0 : 6
		icmp_ln46_129 : 1
		or_ln46_194 : 2
		and_ln46_127 : 2
		zext_ln46_64 : 2
		add_ln46_64 : 3
		icmp_ln46_130 : 1
		tmp_391 : 4
		not_tmp_456 : 1
		and_ln46_130 : 5
		empty_82 : 5
		or_ln46_195 : 5
		xor_ln46_64 : 5
		or_ln46_196 : 5
		select_ln46_194 : 4
		select_ln46_195 : 5
		select_ln46_196 : 5
		res_2_0 : 6
		icmp_ln46_131 : 1
		or_ln46_197 : 2
		and_ln46_129 : 2
		zext_ln46_65 : 2
		add_ln46_65 : 3
		icmp_ln46_132 : 1
		tmp_397 : 4
		not_tmp_463 : 1
		and_ln46_132 : 5
		empty_83 : 5
		or_ln46_198 : 5
		xor_ln46_65 : 5
		or_ln46_199 : 5
		select_ln46_197 : 4
		select_ln46_198 : 5
		select_ln46_199 : 5
		res_3_0 : 6
		icmp_ln46_133 : 1
		or_ln46_200 : 2
		and_ln46_131 : 2
		zext_ln46_66 : 2
		add_ln46_66 : 3
		icmp_ln46_134 : 1
		tmp_403 : 4
		not_tmp_470 : 1
		and_ln46_134 : 5
		empty_84 : 5
		or_ln46_201 : 5
		xor_ln46_66 : 5
		or_ln46_202 : 5
		select_ln46_200 : 4
		select_ln46_201 : 5
		select_ln46_202 : 5
		res_4_0 : 6
		icmp_ln46_135 : 1
		or_ln46_203 : 2
		and_ln46_133 : 2
		zext_ln46_67 : 2
		add_ln46_67 : 3
		icmp_ln46_136 : 1
		tmp_409 : 4
		not_tmp_477 : 1
		and_ln46_136 : 5
		empty_85 : 5
		or_ln46_204 : 5
		xor_ln46_67 : 5
		or_ln46_205 : 5
		select_ln46_203 : 4
		select_ln46_204 : 5
		select_ln46_205 : 5
		res_5_0 : 6
		icmp_ln46_137 : 1
		or_ln46_206 : 2
		and_ln46_135 : 2
		zext_ln46_68 : 2
		add_ln46_68 : 3
		icmp_ln46_138 : 1
		tmp_415 : 4
		not_tmp_484 : 1
		and_ln46_138 : 5
		empty_86 : 5
		or_ln46_207 : 5
		xor_ln46_68 : 5
		or_ln46_208 : 5
		select_ln46_206 : 4
		select_ln46_207 : 5
		select_ln46_208 : 5
		res_6_0 : 6
		icmp_ln46_139 : 1
		or_ln46_209 : 2
		and_ln46_137 : 2
		zext_ln46_69 : 2
		add_ln46_69 : 3
		icmp_ln46_140 : 1
		tmp_421 : 4
		not_tmp_491 : 1
		and_ln46_140 : 5
		empty_87 : 5
		or_ln46_210 : 5
		xor_ln46_69 : 5
		or_ln46_211 : 5
		select_ln46_209 : 4
		select_ln46_210 : 5
		select_ln46_211 : 5
		res_7_0 : 6
		icmp_ln46_141 : 1
		or_ln46_212 : 2
		and_ln46_139 : 2
		zext_ln46_70 : 2
		add_ln46_70 : 3
		icmp_ln46_142 : 1
		tmp_427 : 4
		not_tmp_498 : 1
		and_ln46_142 : 5
		empty_88 : 5
		or_ln46_213 : 5
		xor_ln46_70 : 5
		or_ln46_214 : 5
		select_ln46_212 : 4
		select_ln46_213 : 5
		select_ln46_214 : 5
		res_8_0 : 6
		icmp_ln46_143 : 1
		or_ln46_215 : 2
		and_ln46_141 : 2
		zext_ln46_71 : 2
		add_ln46_71 : 3
		icmp_ln46_144 : 1
		tmp_433 : 4
		not_tmp_505 : 1
		and_ln46_144 : 5
		empty_89 : 5
		or_ln46_216 : 5
		xor_ln46_71 : 5
		or_ln46_217 : 5
		select_ln46_215 : 4
		select_ln46_216 : 5
		select_ln46_217 : 5
		res_9_0 : 6
		icmp_ln46_145 : 1
		or_ln46_218 : 2
		and_ln46_143 : 2
		zext_ln46_72 : 2
		add_ln46_72 : 3
		icmp_ln46_146 : 1
		tmp_439 : 4
		not_tmp_512 : 1
		and_ln46_146 : 5
		empty_90 : 5
		or_ln46_219 : 5
		xor_ln46_72 : 5
		or_ln46_220 : 5
		select_ln46_218 : 4
		select_ln46_219 : 5
		select_ln46_220 : 5
		res_10_0 : 6
		icmp_ln46_147 : 1
		or_ln46_221 : 2
		and_ln46_145 : 2
		zext_ln46_73 : 2
		add_ln46_73 : 3
		icmp_ln46_148 : 1
		tmp_445 : 4
		not_tmp_519 : 1
		and_ln46_148 : 5
		empty_91 : 5
		or_ln46_222 : 5
		xor_ln46_73 : 5
		or_ln46_223 : 5
		select_ln46_221 : 4
		select_ln46_222 : 5
		select_ln46_223 : 5
		res_11_0 : 6
		icmp_ln46_149 : 1
		or_ln46_224 : 2
		and_ln46_147 : 2
		zext_ln46_74 : 2
		add_ln46_74 : 3
		icmp_ln46_150 : 1
		tmp_451 : 4
		not_tmp_526 : 1
		and_ln46_150 : 5
		empty_92 : 5
		or_ln46_225 : 5
		xor_ln46_74 : 5
		or_ln46_226 : 5
		select_ln46_224 : 4
		select_ln46_225 : 5
		select_ln46_226 : 5
		res_13_0 : 6
		icmp_ln46_151 : 1
		or_ln46_227 : 2
		and_ln46_149 : 2
		zext_ln46_75 : 2
		add_ln46_75 : 3
		icmp_ln46_152 : 1
		tmp_457 : 4
		not_tmp_533 : 1
		and_ln46_152 : 5
		empty_93 : 5
		or_ln46_228 : 5
		xor_ln46_75 : 5
		or_ln46_229 : 5
		select_ln46_227 : 4
		select_ln46_228 : 5
		select_ln46_229 : 5
		res_15_0 : 6
		icmp_ln46_153 : 1
		or_ln46_230 : 2
		and_ln46_151 : 2
		zext_ln46_76 : 2
		add_ln46_76 : 3
		icmp_ln46_154 : 1
		tmp_463 : 4
		not_tmp_540 : 1
		and_ln46_154 : 5
		empty_94 : 5
		or_ln46_231 : 5
		xor_ln46_76 : 5
		or_ln46_232 : 5
		select_ln46_230 : 4
		select_ln46_231 : 5
		select_ln46_232 : 5
		res_16_0 : 6
		icmp_ln46_155 : 1
		or_ln46_233 : 2
		and_ln46_153 : 2
		zext_ln46_77 : 2
		add_ln46_77 : 3
		icmp_ln46_156 : 1
		tmp_469 : 4
		not_tmp_547 : 1
		and_ln46_156 : 5
		empty_95 : 5
		or_ln46_234 : 5
		xor_ln46_77 : 5
		or_ln46_235 : 5
		select_ln46_233 : 4
		select_ln46_234 : 5
		select_ln46_235 : 5
		res_17_0 : 6
		icmp_ln46_157 : 1
		or_ln46_236 : 2
		and_ln46_155 : 2
		zext_ln46_78 : 2
		add_ln46_78 : 3
		icmp_ln46_158 : 1
		tmp_475 : 4
		not_tmp_554 : 1
		and_ln46_158 : 5
		empty_96 : 5
		or_ln46_237 : 5
		xor_ln46_78 : 5
		or_ln46_238 : 5
		select_ln46_236 : 4
		select_ln46_237 : 5
		select_ln46_238 : 5
		res_18_0 : 6
		icmp_ln46_159 : 1
		or_ln46_239 : 2
		and_ln46_157 : 2
		zext_ln46_79 : 2
		add_ln46_79 : 3
		icmp_ln46_160 : 1
		tmp_481 : 4
		not_tmp_561 : 1
		and_ln46_160 : 5
		empty_97 : 5
		or_ln46_240 : 5
		xor_ln46_79 : 5
		or_ln46_241 : 5
		select_ln46_239 : 4
		select_ln46_240 : 5
		select_ln46_241 : 5
		res_19_0 : 6
		icmp_ln46_161 : 1
		or_ln46_242 : 2
		and_ln46_159 : 2
		zext_ln46_80 : 2
		add_ln46_80 : 3
		icmp_ln46_162 : 1
		tmp_487 : 4
		not_tmp_568 : 1
		and_ln46_162 : 5
		empty_98 : 5
		or_ln46_243 : 5
		xor_ln46_80 : 5
		or_ln46_244 : 5
		select_ln46_242 : 4
		select_ln46_243 : 5
		select_ln46_244 : 5
		res_21_0 : 6
		icmp_ln46_163 : 1
		or_ln46_245 : 2
		and_ln46_161 : 2
		zext_ln46_81 : 2
		add_ln46_81 : 3
		icmp_ln46_164 : 1
		tmp_493 : 4
		not_tmp_575 : 1
		and_ln46_164 : 5
		empty_99 : 5
		or_ln46_246 : 5
		xor_ln46_81 : 5
		or_ln46_247 : 5
		select_ln46_245 : 4
		select_ln46_246 : 5
		select_ln46_247 : 5
		res_22_0 : 6
		icmp_ln46_165 : 1
		or_ln46_248 : 2
		and_ln46_163 : 2
		zext_ln46_82 : 2
		add_ln46_82 : 3
		icmp_ln46_166 : 1
		tmp_499 : 4
		not_tmp_582 : 1
		and_ln46_166 : 5
		empty_100 : 5
		or_ln46_249 : 5
		xor_ln46_82 : 5
		or_ln46_250 : 5
		select_ln46_248 : 4
		select_ln46_249 : 5
		select_ln46_250 : 5
		res_23_0 : 6
		icmp_ln46_167 : 1
		or_ln46_251 : 2
		and_ln46_165 : 2
		zext_ln46_83 : 2
		add_ln46_83 : 3
		icmp_ln46_168 : 1
		tmp_505 : 4
		not_tmp_589 : 1
		and_ln46_168 : 5
		empty_101 : 5
		or_ln46_252 : 5
		xor_ln46_83 : 5
		or_ln46_253 : 5
		select_ln46_251 : 4
		select_ln46_252 : 5
		select_ln46_253 : 5
		res_24_0 : 6
		icmp_ln46_169 : 1
		or_ln46_254 : 2
		and_ln46_167 : 2
		zext_ln46_84 : 2
		add_ln46_84 : 3
		icmp_ln46_170 : 1
		tmp_511 : 4
		not_tmp_596 : 1
		and_ln46_170 : 5
		empty_102 : 5
		or_ln46_255 : 5
		xor_ln46_84 : 5
		or_ln46_256 : 5
		select_ln46_254 : 4
		select_ln46_255 : 5
		select_ln46_256 : 5
		res_25_0 : 6
		icmp_ln46_171 : 1
		or_ln46_257 : 2
		and_ln46_169 : 2
		zext_ln46_85 : 2
		add_ln46_85 : 3
		icmp_ln46_172 : 1
		tmp_517 : 4
		not_tmp_603 : 1
		and_ln46_172 : 5
		empty_103 : 5
		or_ln46_258 : 5
		xor_ln46_85 : 5
		or_ln46_259 : 5
		select_ln46_257 : 4
		select_ln46_258 : 5
		select_ln46_259 : 5
		res_2786_0 : 6
		icmp_ln46_173 : 1
		or_ln46_260 : 2
		and_ln46_171 : 2
		zext_ln46_86 : 2
		add_ln46_86 : 3
		icmp_ln46_174 : 1
		tmp_523 : 4
		not_tmp_610 : 1
		and_ln46_174 : 5
		empty_104 : 5
		or_ln46_261 : 5
		xor_ln46_86 : 5
		or_ln46_262 : 5
		select_ln46_260 : 4
		select_ln46_261 : 5
		select_ln46_262 : 5
		res_28_0 : 6
		icmp_ln46_175 : 1
		or_ln46_263 : 2
		and_ln46_173 : 2
		zext_ln46_87 : 2
		add_ln46_87 : 3
		icmp_ln46_176 : 1
		tmp_529 : 4
		not_tmp_617 : 1
		and_ln46_176 : 5
		empty_105 : 5
		or_ln46_264 : 5
		xor_ln46_87 : 5
		or_ln46_265 : 5
		select_ln46_263 : 4
		select_ln46_264 : 5
		select_ln46_265 : 5
		res_29_0 : 6
		icmp_ln46_177 : 1
		or_ln46_266 : 2
		and_ln46_175 : 2
		zext_ln46_88 : 2
		add_ln46_88 : 3
		icmp_ln46_178 : 1
		tmp_535 : 4
		not_tmp_624 : 1
		and_ln46_178 : 5
		empty_106 : 5
		or_ln46_267 : 5
		xor_ln46_88 : 5
		or_ln46_268 : 5
		select_ln46_266 : 4
		select_ln46_267 : 5
		select_ln46_268 : 5
		res_30_0 : 6
		icmp_ln46_179 : 1
		or_ln46_269 : 2
		and_ln46_177 : 2
		zext_ln46_89 : 2
		add_ln46_89 : 3
		icmp_ln46_180 : 1
		tmp_541 : 4
		not_tmp_631 : 1
		and_ln46_180 : 5
		empty_107 : 5
		or_ln46_270 : 5
		xor_ln46_89 : 5
		or_ln46_271 : 5
		select_ln46_269 : 4
		select_ln46_270 : 5
		select_ln46_271 : 5
		res_31_0 : 6
		newret : 7
		newret2 : 8
		newret4 : 9
		newret6 : 10
		newret8 : 11
		newret1 : 12
		newret3 : 13
		newret5 : 14
		newret7 : 15
		newret9 : 16
		newret10 : 17
		newret11 : 18
		newret12 : 19
		newret13 : 20
		newret14 : 21
		newret15 : 22
		newret16 : 23
		newret17 : 24
		newret18 : 25
		newret19 : 26
		newret20 : 27
		newret21 : 28
		newret22 : 29
		newret23 : 30
		newret24 : 31
		newret25 : 32
		newret26 : 33
		ret_ln45 : 34


============================================================
+ Verbose Summary: Datapath Resource usage 
============================================================

* Functional unit list:
|----------|------------------------------|---------|---------|
| Operation|        Functional Unit       |    FF   |   LUT   |
|----------|------------------------------|---------|---------|
|          |       icmp_ln45_fu_258       |    0    |    26   |
|          |       icmp_ln46_fu_294       |    0    |    12   |
|          |     icmp_ln46_128_fu_348     |    0    |    15   |
|          |      icmp_ln45_64_fu_430     |    0    |    26   |
|          |     icmp_ln46_129_fu_466     |    0    |    12   |
|          |     icmp_ln46_130_fu_520     |    0    |    15   |
|          |      icmp_ln45_65_fu_602     |    0    |    26   |
|          |     icmp_ln46_131_fu_638     |    0    |    12   |
|          |     icmp_ln46_132_fu_692     |    0    |    15   |
|          |      icmp_ln45_66_fu_774     |    0    |    26   |
|          |     icmp_ln46_133_fu_810     |    0    |    12   |
|          |     icmp_ln46_134_fu_864     |    0    |    15   |
|          |      icmp_ln45_67_fu_946     |    0    |    26   |
|          |     icmp_ln46_135_fu_982     |    0    |    12   |
|          |     icmp_ln46_136_fu_1036    |    0    |    15   |
|          |     icmp_ln45_68_fu_1118     |    0    |    26   |
|          |     icmp_ln46_137_fu_1154    |    0    |    12   |
|          |     icmp_ln46_138_fu_1208    |    0    |    15   |
|          |     icmp_ln45_69_fu_1290     |    0    |    26   |
|          |     icmp_ln46_139_fu_1326    |    0    |    12   |
|          |     icmp_ln46_140_fu_1380    |    0    |    15   |
|          |     icmp_ln45_70_fu_1462     |    0    |    26   |
|          |     icmp_ln46_141_fu_1498    |    0    |    12   |
|          |     icmp_ln46_142_fu_1552    |    0    |    15   |
|          |     icmp_ln45_71_fu_1634     |    0    |    26   |
|          |     icmp_ln46_143_fu_1670    |    0    |    12   |
|          |     icmp_ln46_144_fu_1724    |    0    |    15   |
|          |     icmp_ln45_72_fu_1806     |    0    |    26   |
|          |     icmp_ln46_145_fu_1842    |    0    |    12   |
|          |     icmp_ln46_146_fu_1896    |    0    |    15   |
|          |     icmp_ln45_73_fu_1978     |    0    |    26   |
|          |     icmp_ln46_147_fu_2014    |    0    |    12   |
|          |     icmp_ln46_148_fu_2068    |    0    |    15   |
|          |     icmp_ln45_74_fu_2150     |    0    |    26   |
|          |     icmp_ln46_149_fu_2186    |    0    |    12   |
|          |     icmp_ln46_150_fu_2240    |    0    |    15   |
|          |     icmp_ln45_75_fu_2322     |    0    |    26   |
|          |     icmp_ln46_151_fu_2358    |    0    |    12   |
|          |     icmp_ln46_152_fu_2412    |    0    |    15   |
|          |     icmp_ln45_76_fu_2494     |    0    |    26   |
|   icmp   |     icmp_ln46_153_fu_2530    |    0    |    12   |
|          |     icmp_ln46_154_fu_2584    |    0    |    15   |
|          |     icmp_ln45_77_fu_2666     |    0    |    26   |
|          |     icmp_ln46_155_fu_2702    |    0    |    12   |
|          |     icmp_ln46_156_fu_2756    |    0    |    15   |
|          |     icmp_ln45_78_fu_2838     |    0    |    26   |
|          |     icmp_ln46_157_fu_2874    |    0    |    12   |
|          |     icmp_ln46_158_fu_2928    |    0    |    15   |
|          |     icmp_ln45_79_fu_3010     |    0    |    26   |
|          |     icmp_ln46_159_fu_3046    |    0    |    12   |
|          |     icmp_ln46_160_fu_3100    |    0    |    15   |
|          |     icmp_ln45_80_fu_3182     |    0    |    26   |
|          |     icmp_ln46_161_fu_3218    |    0    |    12   |
|          |     icmp_ln46_162_fu_3272    |    0    |    15   |
|          |     icmp_ln45_81_fu_3354     |    0    |    26   |
|          |     icmp_ln46_163_fu_3390    |    0    |    12   |
|          |     icmp_ln46_164_fu_3444    |    0    |    15   |
|          |     icmp_ln45_82_fu_3526     |    0    |    26   |
|          |     icmp_ln46_165_fu_3562    |    0    |    12   |
|          |     icmp_ln46_166_fu_3616    |    0    |    15   |
|          |     icmp_ln45_83_fu_3698     |    0    |    26   |
|          |     icmp_ln46_167_fu_3734    |    0    |    12   |
|          |     icmp_ln46_168_fu_3788    |    0    |    15   |
|          |     icmp_ln45_84_fu_3870     |    0    |    26   |
|          |     icmp_ln46_169_fu_3906    |    0    |    12   |
|          |     icmp_ln46_170_fu_3960    |    0    |    15   |
|          |     icmp_ln45_85_fu_4042     |    0    |    26   |
|          |     icmp_ln46_171_fu_4078    |    0    |    12   |
|          |     icmp_ln46_172_fu_4132    |    0    |    15   |
|          |     icmp_ln45_86_fu_4214     |    0    |    26   |
|          |     icmp_ln46_173_fu_4250    |    0    |    12   |
|          |     icmp_ln46_174_fu_4304    |    0    |    15   |
|          |     icmp_ln45_87_fu_4386     |    0    |    26   |
|          |     icmp_ln46_175_fu_4422    |    0    |    12   |
|          |     icmp_ln46_176_fu_4476    |    0    |    15   |
|          |     icmp_ln45_88_fu_4558     |    0    |    26   |
|          |     icmp_ln46_177_fu_4594    |    0    |    12   |
|          |     icmp_ln46_178_fu_4648    |    0    |    15   |
|          |     icmp_ln45_89_fu_4730     |    0    |    26   |
|          |     icmp_ln46_179_fu_4766    |    0    |    12   |
|          |     icmp_ln46_180_fu_4820    |    0    |    15   |
|----------|------------------------------|---------|---------|
|          |      select_ln46_fu_398      |    0    |    6    |
|          |    select_ln46_192_fu_406    |    0    |    6    |
|          |    select_ln46_193_fu_414    |    0    |    6    |
|          |        res_1_0_fu_422        |    0    |    6    |
|          |    select_ln46_194_fu_570    |    0    |    6    |
|          |    select_ln46_195_fu_578    |    0    |    6    |
|          |    select_ln46_196_fu_586    |    0    |    6    |
|          |        res_2_0_fu_594        |    0    |    6    |
|          |    select_ln46_197_fu_742    |    0    |    6    |
|          |    select_ln46_198_fu_750    |    0    |    6    |
|          |    select_ln46_199_fu_758    |    0    |    6    |
|          |        res_3_0_fu_766        |    0    |    6    |
|          |    select_ln46_200_fu_914    |    0    |    6    |
|          |    select_ln46_201_fu_922    |    0    |    6    |
|          |    select_ln46_202_fu_930    |    0    |    6    |
|          |        res_4_0_fu_938        |    0    |    6    |
|          |    select_ln46_203_fu_1086   |    0    |    6    |
|          |    select_ln46_204_fu_1094   |    0    |    6    |
|          |    select_ln46_205_fu_1102   |    0    |    6    |
|          |        res_5_0_fu_1110       |    0    |    6    |
|          |    select_ln46_206_fu_1258   |    0    |    6    |
|          |    select_ln46_207_fu_1266   |    0    |    6    |
|          |    select_ln46_208_fu_1274   |    0    |    6    |
|          |        res_6_0_fu_1282       |    0    |    6    |
|          |    select_ln46_209_fu_1430   |    0    |    6    |
|          |    select_ln46_210_fu_1438   |    0    |    6    |
|          |    select_ln46_211_fu_1446   |    0    |    6    |
|          |        res_7_0_fu_1454       |    0    |    6    |
|          |    select_ln46_212_fu_1602   |    0    |    6    |
|          |    select_ln46_213_fu_1610   |    0    |    6    |
|          |    select_ln46_214_fu_1618   |    0    |    6    |
|          |        res_8_0_fu_1626       |    0    |    6    |
|          |    select_ln46_215_fu_1774   |    0    |    6    |
|          |    select_ln46_216_fu_1782   |    0    |    6    |
|          |    select_ln46_217_fu_1790   |    0    |    6    |
|          |        res_9_0_fu_1798       |    0    |    6    |
|          |    select_ln46_218_fu_1946   |    0    |    6    |
|          |    select_ln46_219_fu_1954   |    0    |    6    |
|          |    select_ln46_220_fu_1962   |    0    |    6    |
|          |       res_10_0_fu_1970       |    0    |    6    |
|          |    select_ln46_221_fu_2118   |    0    |    6    |
|          |    select_ln46_222_fu_2126   |    0    |    6    |
|          |    select_ln46_223_fu_2134   |    0    |    6    |
|          |       res_11_0_fu_2142       |    0    |    6    |
|          |    select_ln46_224_fu_2290   |    0    |    6    |
|          |    select_ln46_225_fu_2298   |    0    |    6    |
|          |    select_ln46_226_fu_2306   |    0    |    6    |
|          |       res_13_0_fu_2314       |    0    |    6    |
|          |    select_ln46_227_fu_2462   |    0    |    6    |
|          |    select_ln46_228_fu_2470   |    0    |    6    |
|          |    select_ln46_229_fu_2478   |    0    |    6    |
|          |       res_15_0_fu_2486       |    0    |    6    |
|          |    select_ln46_230_fu_2634   |    0    |    6    |
|  select  |    select_ln46_231_fu_2642   |    0    |    6    |
|          |    select_ln46_232_fu_2650   |    0    |    6    |
|          |       res_16_0_fu_2658       |    0    |    6    |
|          |    select_ln46_233_fu_2806   |    0    |    6    |
|          |    select_ln46_234_fu_2814   |    0    |    6    |
|          |    select_ln46_235_fu_2822   |    0    |    6    |
|          |       res_17_0_fu_2830       |    0    |    6    |
|          |    select_ln46_236_fu_2978   |    0    |    6    |
|          |    select_ln46_237_fu_2986   |    0    |    6    |
|          |    select_ln46_238_fu_2994   |    0    |    6    |
|          |       res_18_0_fu_3002       |    0    |    6    |
|          |    select_ln46_239_fu_3150   |    0    |    6    |
|          |    select_ln46_240_fu_3158   |    0    |    6    |
|          |    select_ln46_241_fu_3166   |    0    |    6    |
|          |       res_19_0_fu_3174       |    0    |    6    |
|          |    select_ln46_242_fu_3322   |    0    |    6    |
|          |    select_ln46_243_fu_3330   |    0    |    6    |
|          |    select_ln46_244_fu_3338   |    0    |    6    |
|          |       res_21_0_fu_3346       |    0    |    6    |
|          |    select_ln46_245_fu_3494   |    0    |    6    |
|          |    select_ln46_246_fu_3502   |    0    |    6    |
|          |    select_ln46_247_fu_3510   |    0    |    6    |
|          |       res_22_0_fu_3518       |    0    |    6    |
|          |    select_ln46_248_fu_3666   |    0    |    6    |
|          |    select_ln46_249_fu_3674   |    0    |    6    |
|          |    select_ln46_250_fu_3682   |    0    |    6    |
|          |       res_23_0_fu_3690       |    0    |    6    |
|          |    select_ln46_251_fu_3838   |    0    |    6    |
|          |    select_ln46_252_fu_3846   |    0    |    6    |
|          |    select_ln46_253_fu_3854   |    0    |    6    |
|          |       res_24_0_fu_3862       |    0    |    6    |
|          |    select_ln46_254_fu_4010   |    0    |    6    |
|          |    select_ln46_255_fu_4018   |    0    |    6    |
|          |    select_ln46_256_fu_4026   |    0    |    6    |
|          |       res_25_0_fu_4034       |    0    |    6    |
|          |    select_ln46_257_fu_4182   |    0    |    6    |
|          |    select_ln46_258_fu_4190   |    0    |    6    |
|          |    select_ln46_259_fu_4198   |    0    |    6    |
|          |      res_2786_0_fu_4206      |    0    |    6    |
|          |    select_ln46_260_fu_4354   |    0    |    6    |
|          |    select_ln46_261_fu_4362   |    0    |    6    |
|          |    select_ln46_262_fu_4370   |    0    |    6    |
|          |       res_28_0_fu_4378       |    0    |    6    |
|          |    select_ln46_263_fu_4526   |    0    |    6    |
|          |    select_ln46_264_fu_4534   |    0    |    6    |
|          |    select_ln46_265_fu_4542   |    0    |    6    |
|          |       res_29_0_fu_4550       |    0    |    6    |
|          |    select_ln46_266_fu_4698   |    0    |    6    |
|          |    select_ln46_267_fu_4706   |    0    |    6    |
|          |    select_ln46_268_fu_4714   |    0    |    6    |
|          |       res_30_0_fu_4722       |    0    |    6    |
|          |    select_ln46_269_fu_4870   |    0    |    6    |
|          |    select_ln46_270_fu_4878   |    0    |    6    |
|          |    select_ln46_271_fu_4886   |    0    |    6    |
|          |       res_31_0_fu_4894       |    0    |    6    |
|----------|------------------------------|---------|---------|
|          |        add_ln46_fu_332       |    0    |    13   |
|          |      add_ln46_64_fu_504      |    0    |    13   |
|          |      add_ln46_65_fu_676      |    0    |    13   |
|          |      add_ln46_66_fu_848      |    0    |    13   |
|          |      add_ln46_67_fu_1020     |    0    |    13   |
|          |      add_ln46_68_fu_1192     |    0    |    13   |
|          |      add_ln46_69_fu_1364     |    0    |    13   |
|          |      add_ln46_70_fu_1536     |    0    |    13   |
|          |      add_ln46_71_fu_1708     |    0    |    13   |
|          |      add_ln46_72_fu_1880     |    0    |    13   |
|          |      add_ln46_73_fu_2052     |    0    |    13   |
|          |      add_ln46_74_fu_2224     |    0    |    13   |
|          |      add_ln46_75_fu_2396     |    0    |    13   |
|    add   |      add_ln46_76_fu_2568     |    0    |    13   |
|          |      add_ln46_77_fu_2740     |    0    |    13   |
|          |      add_ln46_78_fu_2912     |    0    |    13   |
|          |      add_ln46_79_fu_3084     |    0    |    13   |
|          |      add_ln46_80_fu_3256     |    0    |    13   |
|          |      add_ln46_81_fu_3428     |    0    |    13   |
|          |      add_ln46_82_fu_3600     |    0    |    13   |
|          |      add_ln46_83_fu_3772     |    0    |    13   |
|          |      add_ln46_84_fu_3944     |    0    |    13   |
|          |      add_ln46_85_fu_4116     |    0    |    13   |
|          |      add_ln46_86_fu_4288     |    0    |    13   |
|          |      add_ln46_87_fu_4460     |    0    |    13   |
|          |      add_ln46_88_fu_4632     |    0    |    13   |
|          |      add_ln46_89_fu_4804     |    0    |    13   |
|----------|------------------------------|---------|---------|
|          |        or_ln46_fu_316        |    0    |    2    |
|          |      and_ln46_128_fu_368     |    0    |    2    |
|          |      or_ln46_192_fu_380      |    0    |    2    |
|          |      or_ln46_193_fu_392      |    0    |    2    |
|          |      or_ln46_194_fu_488      |    0    |    2    |
|          |      and_ln46_130_fu_540     |    0    |    2    |
|          |      or_ln46_195_fu_552      |    0    |    2    |
|          |      or_ln46_196_fu_564      |    0    |    2    |
|          |      or_ln46_197_fu_660      |    0    |    2    |
|          |      and_ln46_132_fu_712     |    0    |    2    |
|          |      or_ln46_198_fu_724      |    0    |    2    |
|          |      or_ln46_199_fu_736      |    0    |    2    |
|          |      or_ln46_200_fu_832      |    0    |    2    |
|          |      and_ln46_134_fu_884     |    0    |    2    |
|          |      or_ln46_201_fu_896      |    0    |    2    |
|          |      or_ln46_202_fu_908      |    0    |    2    |
|          |      or_ln46_203_fu_1004     |    0    |    2    |
|          |     and_ln46_136_fu_1056     |    0    |    2    |
|          |      or_ln46_204_fu_1068     |    0    |    2    |
|          |      or_ln46_205_fu_1080     |    0    |    2    |
|          |      or_ln46_206_fu_1176     |    0    |    2    |
|          |     and_ln46_138_fu_1228     |    0    |    2    |
|          |      or_ln46_207_fu_1240     |    0    |    2    |
|          |      or_ln46_208_fu_1252     |    0    |    2    |
|          |      or_ln46_209_fu_1348     |    0    |    2    |
|          |     and_ln46_140_fu_1400     |    0    |    2    |
|          |      or_ln46_210_fu_1412     |    0    |    2    |
|          |      or_ln46_211_fu_1424     |    0    |    2    |
|          |      or_ln46_212_fu_1520     |    0    |    2    |
|          |     and_ln46_142_fu_1572     |    0    |    2    |
|          |      or_ln46_213_fu_1584     |    0    |    2    |
|          |      or_ln46_214_fu_1596     |    0    |    2    |
|          |      or_ln46_215_fu_1692     |    0    |    2    |
|          |     and_ln46_144_fu_1744     |    0    |    2    |
|          |      or_ln46_216_fu_1756     |    0    |    2    |
|          |      or_ln46_217_fu_1768     |    0    |    2    |
|          |      or_ln46_218_fu_1864     |    0    |    2    |
|          |     and_ln46_146_fu_1916     |    0    |    2    |
|          |      or_ln46_219_fu_1928     |    0    |    2    |
|          |      or_ln46_220_fu_1940     |    0    |    2    |
|          |      or_ln46_221_fu_2036     |    0    |    2    |
|          |     and_ln46_148_fu_2088     |    0    |    2    |
|          |      or_ln46_222_fu_2100     |    0    |    2    |
|          |      or_ln46_223_fu_2112     |    0    |    2    |
|          |      or_ln46_224_fu_2208     |    0    |    2    |
|          |     and_ln46_150_fu_2260     |    0    |    2    |
|          |      or_ln46_225_fu_2272     |    0    |    2    |
|          |      or_ln46_226_fu_2284     |    0    |    2    |
|          |      or_ln46_227_fu_2380     |    0    |    2    |
|          |     and_ln46_152_fu_2432     |    0    |    2    |
|          |      or_ln46_228_fu_2444     |    0    |    2    |
|          |      or_ln46_229_fu_2456     |    0    |    2    |
|          |      or_ln46_230_fu_2552     |    0    |    2    |
|    or    |     and_ln46_154_fu_2604     |    0    |    2    |
|          |      or_ln46_231_fu_2616     |    0    |    2    |
|          |      or_ln46_232_fu_2628     |    0    |    2    |
|          |      or_ln46_233_fu_2724     |    0    |    2    |
|          |     and_ln46_156_fu_2776     |    0    |    2    |
|          |      or_ln46_234_fu_2788     |    0    |    2    |
|          |      or_ln46_235_fu_2800     |    0    |    2    |
|          |      or_ln46_236_fu_2896     |    0    |    2    |
|          |     and_ln46_158_fu_2948     |    0    |    2    |
|          |      or_ln46_237_fu_2960     |    0    |    2    |
|          |      or_ln46_238_fu_2972     |    0    |    2    |
|          |      or_ln46_239_fu_3068     |    0    |    2    |
|          |     and_ln46_160_fu_3120     |    0    |    2    |
|          |      or_ln46_240_fu_3132     |    0    |    2    |
|          |      or_ln46_241_fu_3144     |    0    |    2    |
|          |      or_ln46_242_fu_3240     |    0    |    2    |
|          |     and_ln46_162_fu_3292     |    0    |    2    |
|          |      or_ln46_243_fu_3304     |    0    |    2    |
|          |      or_ln46_244_fu_3316     |    0    |    2    |
|          |      or_ln46_245_fu_3412     |    0    |    2    |
|          |     and_ln46_164_fu_3464     |    0    |    2    |
|          |      or_ln46_246_fu_3476     |    0    |    2    |
|          |      or_ln46_247_fu_3488     |    0    |    2    |
|          |      or_ln46_248_fu_3584     |    0    |    2    |
|          |     and_ln46_166_fu_3636     |    0    |    2    |
|          |      or_ln46_249_fu_3648     |    0    |    2    |
|          |      or_ln46_250_fu_3660     |    0    |    2    |
|          |      or_ln46_251_fu_3756     |    0    |    2    |
|          |     and_ln46_168_fu_3808     |    0    |    2    |
|          |      or_ln46_252_fu_3820     |    0    |    2    |
|          |      or_ln46_253_fu_3832     |    0    |    2    |
|          |      or_ln46_254_fu_3928     |    0    |    2    |
|          |     and_ln46_170_fu_3980     |    0    |    2    |
|          |      or_ln46_255_fu_3992     |    0    |    2    |
|          |      or_ln46_256_fu_4004     |    0    |    2    |
|          |      or_ln46_257_fu_4100     |    0    |    2    |
|          |     and_ln46_172_fu_4152     |    0    |    2    |
|          |      or_ln46_258_fu_4164     |    0    |    2    |
|          |      or_ln46_259_fu_4176     |    0    |    2    |
|          |      or_ln46_260_fu_4272     |    0    |    2    |
|          |     and_ln46_174_fu_4324     |    0    |    2    |
|          |      or_ln46_261_fu_4336     |    0    |    2    |
|          |      or_ln46_262_fu_4348     |    0    |    2    |
|          |      or_ln46_263_fu_4444     |    0    |    2    |
|          |     and_ln46_176_fu_4496     |    0    |    2    |
|          |      or_ln46_264_fu_4508     |    0    |    2    |
|          |      or_ln46_265_fu_4520     |    0    |    2    |
|          |      or_ln46_266_fu_4616     |    0    |    2    |
|          |     and_ln46_178_fu_4668     |    0    |    2    |
|          |      or_ln46_267_fu_4680     |    0    |    2    |
|          |      or_ln46_268_fu_4692     |    0    |    2    |
|          |      or_ln46_269_fu_4788     |    0    |    2    |
|          |     and_ln46_180_fu_4840     |    0    |    2    |
|          |      or_ln46_270_fu_4852     |    0    |    2    |
|          |      or_ln46_271_fu_4864     |    0    |    2    |
|----------|------------------------------|---------|---------|
|          |        and_ln46_fu_322       |    0    |    2    |
|          |         empty_fu_374         |    0    |    2    |
|          |      and_ln46_127_fu_494     |    0    |    2    |
|          |        empty_82_fu_546       |    0    |    2    |
|          |      and_ln46_129_fu_666     |    0    |    2    |
|          |        empty_83_fu_718       |    0    |    2    |
|          |      and_ln46_131_fu_838     |    0    |    2    |
|          |        empty_84_fu_890       |    0    |    2    |
|          |     and_ln46_133_fu_1010     |    0    |    2    |
|          |       empty_85_fu_1062       |    0    |    2    |
|          |     and_ln46_135_fu_1182     |    0    |    2    |
|          |       empty_86_fu_1234       |    0    |    2    |
|          |     and_ln46_137_fu_1354     |    0    |    2    |
|          |       empty_87_fu_1406       |    0    |    2    |
|          |     and_ln46_139_fu_1526     |    0    |    2    |
|          |       empty_88_fu_1578       |    0    |    2    |
|          |     and_ln46_141_fu_1698     |    0    |    2    |
|          |       empty_89_fu_1750       |    0    |    2    |
|          |     and_ln46_143_fu_1870     |    0    |    2    |
|          |       empty_90_fu_1922       |    0    |    2    |
|          |     and_ln46_145_fu_2042     |    0    |    2    |
|          |       empty_91_fu_2094       |    0    |    2    |
|          |     and_ln46_147_fu_2214     |    0    |    2    |
|          |       empty_92_fu_2266       |    0    |    2    |
|          |     and_ln46_149_fu_2386     |    0    |    2    |
|          |       empty_93_fu_2438       |    0    |    2    |
|    and   |     and_ln46_151_fu_2558     |    0    |    2    |
|          |       empty_94_fu_2610       |    0    |    2    |
|          |     and_ln46_153_fu_2730     |    0    |    2    |
|          |       empty_95_fu_2782       |    0    |    2    |
|          |     and_ln46_155_fu_2902     |    0    |    2    |
|          |       empty_96_fu_2954       |    0    |    2    |
|          |     and_ln46_157_fu_3074     |    0    |    2    |
|          |       empty_97_fu_3126       |    0    |    2    |
|          |     and_ln46_159_fu_3246     |    0    |    2    |
|          |       empty_98_fu_3298       |    0    |    2    |
|          |     and_ln46_161_fu_3418     |    0    |    2    |
|          |       empty_99_fu_3470       |    0    |    2    |
|          |     and_ln46_163_fu_3590     |    0    |    2    |
|          |       empty_100_fu_3642      |    0    |    2    |
|          |     and_ln46_165_fu_3762     |    0    |    2    |
|          |       empty_101_fu_3814      |    0    |    2    |
|          |     and_ln46_167_fu_3934     |    0    |    2    |
|          |       empty_102_fu_3986      |    0    |    2    |
|          |     and_ln46_169_fu_4106     |    0    |    2    |
|          |       empty_103_fu_4158      |    0    |    2    |
|          |     and_ln46_171_fu_4278     |    0    |    2    |
|          |       empty_104_fu_4330      |    0    |    2    |
|          |     and_ln46_173_fu_4450     |    0    |    2    |
|          |       empty_105_fu_4502      |    0    |    2    |
|          |     and_ln46_175_fu_4622     |    0    |    2    |
|          |       empty_106_fu_4674      |    0    |    2    |
|          |     and_ln46_177_fu_4794     |    0    |    2    |
|          |       empty_107_fu_4846      |    0    |    2    |
|----------|------------------------------|---------|---------|
|          |      not_tmp_449_fu_362      |    0    |    2    |
|          |        xor_ln46_fu_386       |    0    |    2    |
|          |      not_tmp_456_fu_534      |    0    |    2    |
|          |      xor_ln46_64_fu_558      |    0    |    2    |
|          |      not_tmp_463_fu_706      |    0    |    2    |
|          |      xor_ln46_65_fu_730      |    0    |    2    |
|          |      not_tmp_470_fu_878      |    0    |    2    |
|          |      xor_ln46_66_fu_902      |    0    |    2    |
|          |      not_tmp_477_fu_1050     |    0    |    2    |
|          |      xor_ln46_67_fu_1074     |    0    |    2    |
|          |      not_tmp_484_fu_1222     |    0    |    2    |
|          |      xor_ln46_68_fu_1246     |    0    |    2    |
|          |      not_tmp_491_fu_1394     |    0    |    2    |
|          |      xor_ln46_69_fu_1418     |    0    |    2    |
|          |      not_tmp_498_fu_1566     |    0    |    2    |
|          |      xor_ln46_70_fu_1590     |    0    |    2    |
|          |      not_tmp_505_fu_1738     |    0    |    2    |
|          |      xor_ln46_71_fu_1762     |    0    |    2    |
|          |      not_tmp_512_fu_1910     |    0    |    2    |
|          |      xor_ln46_72_fu_1934     |    0    |    2    |
|          |      not_tmp_519_fu_2082     |    0    |    2    |
|          |      xor_ln46_73_fu_2106     |    0    |    2    |
|          |      not_tmp_526_fu_2254     |    0    |    2    |
|          |      xor_ln46_74_fu_2278     |    0    |    2    |
|          |      not_tmp_533_fu_2426     |    0    |    2    |
|          |      xor_ln46_75_fu_2450     |    0    |    2    |
|    xor   |      not_tmp_540_fu_2598     |    0    |    2    |
|          |      xor_ln46_76_fu_2622     |    0    |    2    |
|          |      not_tmp_547_fu_2770     |    0    |    2    |
|          |      xor_ln46_77_fu_2794     |    0    |    2    |
|          |      not_tmp_554_fu_2942     |    0    |    2    |
|          |      xor_ln46_78_fu_2966     |    0    |    2    |
|          |      not_tmp_561_fu_3114     |    0    |    2    |
|          |      xor_ln46_79_fu_3138     |    0    |    2    |
|          |      not_tmp_568_fu_3286     |    0    |    2    |
|          |      xor_ln46_80_fu_3310     |    0    |    2    |
|          |      not_tmp_575_fu_3458     |    0    |    2    |
|          |      xor_ln46_81_fu_3482     |    0    |    2    |
|          |      not_tmp_582_fu_3630     |    0    |    2    |
|          |      xor_ln46_82_fu_3654     |    0    |    2    |
|          |      not_tmp_589_fu_3802     |    0    |    2    |
|          |      xor_ln46_83_fu_3826     |    0    |    2    |
|          |      not_tmp_596_fu_3974     |    0    |    2    |
|          |      xor_ln46_84_fu_3998     |    0    |    2    |
|          |      not_tmp_603_fu_4146     |    0    |    2    |
|          |      xor_ln46_85_fu_4170     |    0    |    2    |
|          |      not_tmp_610_fu_4318     |    0    |    2    |
|          |      xor_ln46_86_fu_4342     |    0    |    2    |
|          |      not_tmp_617_fu_4490     |    0    |    2    |
|          |      xor_ln46_87_fu_4514     |    0    |    2    |
|          |      not_tmp_624_fu_4662     |    0    |    2    |
|          |      xor_ln46_88_fu_4686     |    0    |    2    |
|          |      not_tmp_631_fu_4834     |    0    |    2    |
|          |      xor_ln46_89_fu_4858     |    0    |    2    |
|----------|------------------------------|---------|---------|
|          |  data_31_val_read_read_fu_96 |    0    |    0    |
|          | data_30_val_read_read_fu_102 |    0    |    0    |
|          | data_29_val_read_read_fu_108 |    0    |    0    |
|          | data_28_val_read_read_fu_114 |    0    |    0    |
|          | data_27_val_read_read_fu_120 |    0    |    0    |
|          | data_25_val_read_read_fu_126 |    0    |    0    |
|          | data_24_val_read_read_fu_132 |    0    |    0    |
|          | data_23_val_read_read_fu_138 |    0    |    0    |
|          | data_22_val_read_read_fu_144 |    0    |    0    |
|          | data_21_val_read_read_fu_150 |    0    |    0    |
|          | data_19_val_read_read_fu_156 |    0    |    0    |
|          | data_18_val_read_read_fu_162 |    0    |    0    |
|          | data_17_val_read_read_fu_168 |    0    |    0    |
|   read   | data_16_val_read_read_fu_174 |    0    |    0    |
|          | data_15_val_read_read_fu_180 |    0    |    0    |
|          | data_13_val_read_read_fu_186 |    0    |    0    |
|          | data_11_val_read_read_fu_192 |    0    |    0    |
|          | data_10_val_read_read_fu_198 |    0    |    0    |
|          |  data_9_val_read_read_fu_204 |    0    |    0    |
|          |  data_8_val_read_read_fu_210 |    0    |    0    |
|          |  data_7_val_read_read_fu_216 |    0    |    0    |
|          |  data_6_val_read_read_fu_222 |    0    |    0    |
|          |  data_5_val_read_read_fu_228 |    0    |    0    |
|          |  data_4_val_read_read_fu_234 |    0    |    0    |
|          |  data_3_val_read_read_fu_240 |    0    |    0    |
|          |  data_2_val_read_read_fu_246 |    0    |    0    |
|          |  data_1_val_read_read_fu_252 |    0    |    0    |
|----------|------------------------------|---------|---------|
|          |          tmp_fu_264          |    0    |    0    |
|          |        tmp_383_fu_282        |    0    |    0    |
|          |        tmp_384_fu_300        |    0    |    0    |
|          |        tmp_385_fu_308        |    0    |    0    |
|          |        tmp_386_fu_354        |    0    |    0    |
|          |        tmp_387_fu_436        |    0    |    0    |
|          |        tmp_388_fu_454        |    0    |    0    |
|          |        tmp_389_fu_472        |    0    |    0    |
|          |        tmp_390_fu_480        |    0    |    0    |
|          |        tmp_391_fu_526        |    0    |    0    |
|          |        tmp_392_fu_608        |    0    |    0    |
|          |        tmp_393_fu_626        |    0    |    0    |
|          |        tmp_394_fu_644        |    0    |    0    |
|          |        tmp_395_fu_652        |    0    |    0    |
|          |        tmp_397_fu_698        |    0    |    0    |
|          |        tmp_398_fu_780        |    0    |    0    |
|          |        tmp_399_fu_798        |    0    |    0    |
|          |        tmp_400_fu_816        |    0    |    0    |
|          |        tmp_401_fu_824        |    0    |    0    |
|          |        tmp_403_fu_870        |    0    |    0    |
|          |        tmp_404_fu_952        |    0    |    0    |
|          |        tmp_405_fu_970        |    0    |    0    |
|          |        tmp_406_fu_988        |    0    |    0    |
|          |        tmp_407_fu_996        |    0    |    0    |
|          |        tmp_409_fu_1042       |    0    |    0    |
|          |        tmp_410_fu_1124       |    0    |    0    |
|          |        tmp_411_fu_1142       |    0    |    0    |
|          |        tmp_412_fu_1160       |    0    |    0    |
|          |        tmp_413_fu_1168       |    0    |    0    |
|          |        tmp_415_fu_1214       |    0    |    0    |
|          |        tmp_416_fu_1296       |    0    |    0    |
|          |        tmp_417_fu_1314       |    0    |    0    |
|          |        tmp_418_fu_1332       |    0    |    0    |
|          |        tmp_419_fu_1340       |    0    |    0    |
|          |        tmp_421_fu_1386       |    0    |    0    |
|          |        tmp_422_fu_1468       |    0    |    0    |
|          |        tmp_423_fu_1486       |    0    |    0    |
|          |        tmp_424_fu_1504       |    0    |    0    |
|          |        tmp_425_fu_1512       |    0    |    0    |
|          |        tmp_427_fu_1558       |    0    |    0    |
|          |        tmp_428_fu_1640       |    0    |    0    |
|          |        tmp_429_fu_1658       |    0    |    0    |
|          |        tmp_430_fu_1676       |    0    |    0    |
|          |        tmp_431_fu_1684       |    0    |    0    |
|          |        tmp_433_fu_1730       |    0    |    0    |
|          |        tmp_434_fu_1812       |    0    |    0    |
|          |        tmp_435_fu_1830       |    0    |    0    |
|          |        tmp_436_fu_1848       |    0    |    0    |
|          |        tmp_437_fu_1856       |    0    |    0    |
|          |        tmp_439_fu_1902       |    0    |    0    |
|          |        tmp_440_fu_1984       |    0    |    0    |
|          |        tmp_441_fu_2002       |    0    |    0    |
|          |        tmp_442_fu_2020       |    0    |    0    |
|          |        tmp_443_fu_2028       |    0    |    0    |
|          |        tmp_445_fu_2074       |    0    |    0    |
|          |        tmp_446_fu_2156       |    0    |    0    |
|          |        tmp_447_fu_2174       |    0    |    0    |
|          |        tmp_448_fu_2192       |    0    |    0    |
|          |        tmp_449_fu_2200       |    0    |    0    |
|          |        tmp_451_fu_2246       |    0    |    0    |
|          |        tmp_452_fu_2328       |    0    |    0    |
|          |        tmp_453_fu_2346       |    0    |    0    |
|          |        tmp_454_fu_2364       |    0    |    0    |
|          |        tmp_455_fu_2372       |    0    |    0    |
|          |        tmp_457_fu_2418       |    0    |    0    |
|          |        tmp_458_fu_2500       |    0    |    0    |
|          |        tmp_459_fu_2518       |    0    |    0    |
| bitselect|        tmp_460_fu_2536       |    0    |    0    |
|          |        tmp_461_fu_2544       |    0    |    0    |
|          |        tmp_463_fu_2590       |    0    |    0    |
|          |        tmp_464_fu_2672       |    0    |    0    |
|          |        tmp_465_fu_2690       |    0    |    0    |
|          |        tmp_466_fu_2708       |    0    |    0    |
|          |        tmp_467_fu_2716       |    0    |    0    |
|          |        tmp_469_fu_2762       |    0    |    0    |
|          |        tmp_470_fu_2844       |    0    |    0    |
|          |        tmp_471_fu_2862       |    0    |    0    |
|          |        tmp_472_fu_2880       |    0    |    0    |
|          |        tmp_473_fu_2888       |    0    |    0    |
|          |        tmp_475_fu_2934       |    0    |    0    |
|          |        tmp_476_fu_3016       |    0    |    0    |
|          |        tmp_477_fu_3034       |    0    |    0    |
|          |        tmp_478_fu_3052       |    0    |    0    |
|          |        tmp_479_fu_3060       |    0    |    0    |
|          |        tmp_481_fu_3106       |    0    |    0    |
|          |        tmp_482_fu_3188       |    0    |    0    |
|          |        tmp_483_fu_3206       |    0    |    0    |
|          |        tmp_484_fu_3224       |    0    |    0    |
|          |        tmp_485_fu_3232       |    0    |    0    |
|          |        tmp_487_fu_3278       |    0    |    0    |
|          |        tmp_488_fu_3360       |    0    |    0    |
|          |        tmp_489_fu_3378       |    0    |    0    |
|          |        tmp_490_fu_3396       |    0    |    0    |
|          |        tmp_491_fu_3404       |    0    |    0    |
|          |        tmp_493_fu_3450       |    0    |    0    |
|          |        tmp_494_fu_3532       |    0    |    0    |
|          |        tmp_495_fu_3550       |    0    |    0    |
|          |        tmp_496_fu_3568       |    0    |    0    |
|          |        tmp_497_fu_3576       |    0    |    0    |
|          |        tmp_499_fu_3622       |    0    |    0    |
|          |        tmp_500_fu_3704       |    0    |    0    |
|          |        tmp_501_fu_3722       |    0    |    0    |
|          |        tmp_502_fu_3740       |    0    |    0    |
|          |        tmp_503_fu_3748       |    0    |    0    |
|          |        tmp_505_fu_3794       |    0    |    0    |
|          |        tmp_506_fu_3876       |    0    |    0    |
|          |        tmp_507_fu_3894       |    0    |    0    |
|          |        tmp_508_fu_3912       |    0    |    0    |
|          |        tmp_509_fu_3920       |    0    |    0    |
|          |        tmp_511_fu_3966       |    0    |    0    |
|          |        tmp_512_fu_4048       |    0    |    0    |
|          |        tmp_513_fu_4066       |    0    |    0    |
|          |        tmp_514_fu_4084       |    0    |    0    |
|          |        tmp_515_fu_4092       |    0    |    0    |
|          |        tmp_517_fu_4138       |    0    |    0    |
|          |        tmp_518_fu_4220       |    0    |    0    |
|          |        tmp_519_fu_4238       |    0    |    0    |
|          |        tmp_520_fu_4256       |    0    |    0    |
|          |        tmp_521_fu_4264       |    0    |    0    |
|          |        tmp_523_fu_4310       |    0    |    0    |
|          |        tmp_524_fu_4392       |    0    |    0    |
|          |        tmp_525_fu_4410       |    0    |    0    |
|          |        tmp_526_fu_4428       |    0    |    0    |
|          |        tmp_527_fu_4436       |    0    |    0    |
|          |        tmp_529_fu_4482       |    0    |    0    |
|          |        tmp_530_fu_4564       |    0    |    0    |
|          |        tmp_531_fu_4582       |    0    |    0    |
|          |        tmp_532_fu_4600       |    0    |    0    |
|          |        tmp_533_fu_4608       |    0    |    0    |
|          |        tmp_535_fu_4654       |    0    |    0    |
|          |        tmp_536_fu_4736       |    0    |    0    |
|          |        tmp_537_fu_4754       |    0    |    0    |
|          |        tmp_538_fu_4772       |    0    |    0    |
|          |        tmp_539_fu_4780       |    0    |    0    |
|          |        tmp_541_fu_4826       |    0    |    0    |
|----------|------------------------------|---------|---------|
|          |        trunc_ln_fu_272       |    0    |    0    |
|          |         tmp_s_fu_338         |    0    |    0    |
|          |      trunc_ln46_s_fu_444     |    0    |    0    |
|          |        tmp_382_fu_510        |    0    |    0    |
|          |     trunc_ln46_63_fu_616     |    0    |    0    |
|          |        tmp_396_fu_682        |    0    |    0    |
|          |     trunc_ln46_64_fu_788     |    0    |    0    |
|          |        tmp_402_fu_854        |    0    |    0    |
|          |     trunc_ln46_65_fu_960     |    0    |    0    |
|          |        tmp_408_fu_1026       |    0    |    0    |
|          |     trunc_ln46_66_fu_1132    |    0    |    0    |
|          |        tmp_414_fu_1198       |    0    |    0    |
|          |     trunc_ln46_67_fu_1304    |    0    |    0    |
|          |        tmp_420_fu_1370       |    0    |    0    |
|          |     trunc_ln46_68_fu_1476    |    0    |    0    |
|          |        tmp_426_fu_1542       |    0    |    0    |
|          |     trunc_ln46_69_fu_1648    |    0    |    0    |
|          |        tmp_432_fu_1714       |    0    |    0    |
|          |     trunc_ln46_70_fu_1820    |    0    |    0    |
|          |        tmp_438_fu_1886       |    0    |    0    |
|          |     trunc_ln46_71_fu_1992    |    0    |    0    |
|          |        tmp_444_fu_2058       |    0    |    0    |
|          |     trunc_ln46_72_fu_2164    |    0    |    0    |
|          |        tmp_450_fu_2230       |    0    |    0    |
|          |     trunc_ln46_73_fu_2336    |    0    |    0    |
|          |        tmp_456_fu_2402       |    0    |    0    |
|partselect|     trunc_ln46_74_fu_2508    |    0    |    0    |
|          |        tmp_462_fu_2574       |    0    |    0    |
|          |     trunc_ln46_75_fu_2680    |    0    |    0    |
|          |        tmp_468_fu_2746       |    0    |    0    |
|          |     trunc_ln46_76_fu_2852    |    0    |    0    |
|          |        tmp_474_fu_2918       |    0    |    0    |
|          |     trunc_ln46_77_fu_3024    |    0    |    0    |
|          |        tmp_480_fu_3090       |    0    |    0    |
|          |     trunc_ln46_78_fu_3196    |    0    |    0    |
|          |        tmp_486_fu_3262       |    0    |    0    |
|          |     trunc_ln46_79_fu_3368    |    0    |    0    |
|          |        tmp_492_fu_3434       |    0    |    0    |
|          |     trunc_ln46_80_fu_3540    |    0    |    0    |
|          |        tmp_498_fu_3606       |    0    |    0    |
|          |     trunc_ln46_81_fu_3712    |    0    |    0    |
|          |        tmp_504_fu_3778       |    0    |    0    |
|          |     trunc_ln46_82_fu_3884    |    0    |    0    |
|          |        tmp_510_fu_3950       |    0    |    0    |
|          |     trunc_ln46_83_fu_4056    |    0    |    0    |
|          |        tmp_516_fu_4122       |    0    |    0    |
|          |     trunc_ln46_84_fu_4228    |    0    |    0    |
|          |        tmp_522_fu_4294       |    0    |    0    |
|          |     trunc_ln46_85_fu_4400    |    0    |    0    |
|          |        tmp_528_fu_4466       |    0    |    0    |
|          |     trunc_ln46_86_fu_4572    |    0    |    0    |
|          |        tmp_534_fu_4638       |    0    |    0    |
|          |     trunc_ln46_87_fu_4744    |    0    |    0    |
|          |        tmp_540_fu_4810       |    0    |    0    |
|----------|------------------------------|---------|---------|
|          |       trunc_ln46_fu_290      |    0    |    0    |
|          |     trunc_ln46_126_fu_462    |    0    |    0    |
|          |     trunc_ln46_127_fu_634    |    0    |    0    |
|          |     trunc_ln46_128_fu_806    |    0    |    0    |
|          |     trunc_ln46_129_fu_978    |    0    |    0    |
|          |    trunc_ln46_130_fu_1150    |    0    |    0    |
|          |    trunc_ln46_131_fu_1322    |    0    |    0    |
|          |    trunc_ln46_132_fu_1494    |    0    |    0    |
|          |    trunc_ln46_133_fu_1666    |    0    |    0    |
|          |    trunc_ln46_134_fu_1838    |    0    |    0    |
|          |    trunc_ln46_135_fu_2010    |    0    |    0    |
|          |    trunc_ln46_136_fu_2182    |    0    |    0    |
|          |    trunc_ln46_137_fu_2354    |    0    |    0    |
|   trunc  |    trunc_ln46_138_fu_2526    |    0    |    0    |
|          |    trunc_ln46_139_fu_2698    |    0    |    0    |
|          |    trunc_ln46_140_fu_2870    |    0    |    0    |
|          |    trunc_ln46_141_fu_3042    |    0    |    0    |
|          |    trunc_ln46_142_fu_3214    |    0    |    0    |
|          |    trunc_ln46_143_fu_3386    |    0    |    0    |
|          |    trunc_ln46_144_fu_3558    |    0    |    0    |
|          |    trunc_ln46_145_fu_3730    |    0    |    0    |
|          |    trunc_ln46_146_fu_3902    |    0    |    0    |
|          |    trunc_ln46_147_fu_4074    |    0    |    0    |
|          |    trunc_ln46_148_fu_4246    |    0    |    0    |
|          |    trunc_ln46_149_fu_4418    |    0    |    0    |
|          |    trunc_ln46_150_fu_4590    |    0    |    0    |
|          |    trunc_ln46_151_fu_4762    |    0    |    0    |
|----------|------------------------------|---------|---------|
|          |       zext_ln46_fu_328       |    0    |    0    |
|          |      zext_ln46_64_fu_500     |    0    |    0    |
|          |      zext_ln46_65_fu_672     |    0    |    0    |
|          |      zext_ln46_66_fu_844     |    0    |    0    |
|          |     zext_ln46_67_fu_1016     |    0    |    0    |
|          |     zext_ln46_68_fu_1188     |    0    |    0    |
|          |     zext_ln46_69_fu_1360     |    0    |    0    |
|          |     zext_ln46_70_fu_1532     |    0    |    0    |
|          |     zext_ln46_71_fu_1704     |    0    |    0    |
|          |     zext_ln46_72_fu_1876     |    0    |    0    |
|          |     zext_ln46_73_fu_2048     |    0    |    0    |
|          |     zext_ln46_74_fu_2220     |    0    |    0    |
|          |     zext_ln46_75_fu_2392     |    0    |    0    |
|   zext   |     zext_ln46_76_fu_2564     |    0    |    0    |
|          |     zext_ln46_77_fu_2736     |    0    |    0    |
|          |     zext_ln46_78_fu_2908     |    0    |    0    |
|          |     zext_ln46_79_fu_3080     |    0    |    0    |
|          |     zext_ln46_80_fu_3252     |    0    |    0    |
|          |     zext_ln46_81_fu_3424     |    0    |    0    |
|          |     zext_ln46_82_fu_3596     |    0    |    0    |
|          |     zext_ln46_83_fu_3768     |    0    |    0    |
|          |     zext_ln46_84_fu_3940     |    0    |    0    |
|          |     zext_ln46_85_fu_4112     |    0    |    0    |
|          |     zext_ln46_86_fu_4284     |    0    |    0    |
|          |     zext_ln46_87_fu_4456     |    0    |    0    |
|          |     zext_ln46_88_fu_4628     |    0    |    0    |
|          |     zext_ln46_89_fu_4800     |    0    |    0    |
|----------|------------------------------|---------|---------|
|          |        newret_fu_4902        |    0    |    0    |
|          |        newret2_fu_4908       |    0    |    0    |
|          |        newret4_fu_4914       |    0    |    0    |
|          |        newret6_fu_4920       |    0    |    0    |
|          |        newret8_fu_4926       |    0    |    0    |
|          |        newret1_fu_4932       |    0    |    0    |
|          |        newret3_fu_4938       |    0    |    0    |
|          |        newret5_fu_4944       |    0    |    0    |
|          |        newret7_fu_4950       |    0    |    0    |
|          |        newret9_fu_4956       |    0    |    0    |
|          |       newret10_fu_4962       |    0    |    0    |
|          |       newret11_fu_4968       |    0    |    0    |
|          |       newret12_fu_4974       |    0    |    0    |
|insertvalue|       newret13_fu_4980       |    0    |    0    |
|          |       newret14_fu_4986       |    0    |    0    |
|          |       newret15_fu_4992       |    0    |    0    |
|          |       newret16_fu_4998       |    0    |    0    |
|          |       newret17_fu_5004       |    0    |    0    |
|          |       newret18_fu_5010       |    0    |    0    |
|          |       newret19_fu_5016       |    0    |    0    |
|          |       newret20_fu_5022       |    0    |    0    |
|          |       newret21_fu_5028       |    0    |    0    |
|          |       newret22_fu_5034       |    0    |    0    |
|          |       newret23_fu_5040       |    0    |    0    |
|          |       newret24_fu_5046       |    0    |    0    |
|          |       newret25_fu_5052       |    0    |    0    |
|          |       newret26_fu_5058       |    0    |    0    |
|----------|------------------------------|---------|---------|
|   Total  |                              |    0    |   2862  |
|----------|------------------------------|---------|---------|

Memories:
N/A

* Register list:
N/A

* Multiplexer (MUX) list: 
|--------|------|------|------|--------|
|  Comp  |  Pin | Size |  BW  | S x BW |
|--------|------|------|------|--------|
|  Total |      |      |      |    0   |
|--------|------|------|------|--------|



* Summary:
+-----------+--------+--------+
|           |   FF   |   LUT  |
+-----------+--------+--------+
|  Function |    0   |  2862  |
|   Memory  |    -   |    -   |
|Multiplexer|    -   |    -   |
|  Register |    -   |    -   |
+-----------+--------+--------+
|   Total   |    0   |  2862  |
+-----------+--------+--------+
