remark: firmware/nnet_utils/nnet_dense_latency.h:42:27: Inlining function 'nnet::product::mult<ap_fixed<16, 6, (ap_q_mode)5, (ap_o_mode)3, 0>, ap_fixed<16, 6, (ap_q_mode)5, (ap_o_mode)3, 0> >::product(ap_fixed<16, 6, (ap_q_mode)5, (ap_o_mode)3, 0>, ap_fixed<16, 6, (ap_q_mode)5, (ap_o_mode)3, 0>)' into 'void nnet::dense_latency<ap_fixed<16, 6, (ap_q_mode)5, (ap_o_mode)3, 0>, ap_fixed<16, 6, (ap_q_mode)5, (ap_o_mode)3, 0>, config2>(ap_fixed<16, 6, (ap_q_mode)5, (ap_o_mode)3, 0>*, ap_fixed<16, 6, (ap_q_mode)5, (ap_o_mode)3, 0>*, config2::weight_t*, config2::bias_t*)'
remark: firmware/nnet_utils/nnet_dense.h:45:2: Inlining function 'nnet::DenseLatency<ap_fixed<16, 6, (ap_q_mode)5, (ap_o_mode)3, 0>, ap_fixed<16, 6, (ap_q_mode)5, (ap_o_mode)3, 0>, config2>::dense(ap_fixed<16, 6, (ap_q_mode)5, (ap_o_mode)3, 0>*, ap_fixed<16, 6, (ap_q_mode)5, (ap_o_mode)3, 0>*, ap_fixed<16, 6, (ap_q_mode)5, (ap_o_mode)3, 0>*, ap_fixed<16, 6, (ap_q_mode)5, (ap_o_mode)3, 0>*)' into 'void nnet::dense<ap_fixed<16, 6, (ap_q_mode)5, (ap_o_mode)3, 0>, ap_fixed<16, 6, (ap_q_mode)5, (ap_o_mode)3, 0>, config2>(ap_fixed<16, 6, (ap_q_mode)5, (ap_o_mode)3, 0>*, ap_fixed<16, 6, (ap_q_mode)5, (ap_o_mode)3, 0>*, config2::weight_t*, config2::bias_t*)'
remark: firmware/nnet_utils/nnet_dense_latency.h:42:27: Inlining function 'nnet::product::mult<ap_fixed<16, 6, (ap_q_mode)5, (ap_o_mode)3, 0>, ap_fixed<16, 6, (ap_q_mode)5, (ap_o_mode)3, 0> >::product(ap_fixed<16, 6, (ap_q_mode)5, (ap_o_mode)3, 0>, ap_fixed<16, 6, (ap_q_mode)5, (ap_o_mode)3, 0>)' into 'void nnet::dense_latency<ap_fixed<16, 6, (ap_q_mode)5, (ap_o_mode)3, 0>, ap_fixed<16, 6, (ap_q_mode)5, (ap_o_mode)3, 0>, config5>(ap_fixed<16, 6, (ap_q_mode)5, (ap_o_mode)3, 0>*, ap_fixed<16, 6, (ap_q_mode)5, (ap_o_mode)3, 0>*, config5::weight_t*, config5::bias_t*)'
remark: firmware/nnet_utils/nnet_dense.h:45:2: Inlining function 'nnet::DenseLatency<ap_fixed<16, 6, (ap_q_mode)5, (ap_o_mode)3, 0>, ap_fixed<16, 6, (ap_q_mode)5, (ap_o_mode)3, 0>, config5>::dense(ap_fixed<16, 6, (ap_q_mode)5, (ap_o_mode)3, 0>*, ap_fixed<16, 6, (ap_q_mode)5, (ap_o_mode)3, 0>*, ap_fixed<16, 6, (ap_q_mode)5, (ap_o_mode)3, 0>*, ap_fixed<16, 6, (ap_q_mode)5, (ap_o_mode)3, 0>*)' into 'void nnet::dense<ap_fixed<16, 6, (ap_q_mode)5, (ap_o_mode)3, 0>, ap_fixed<16, 6, (ap_q_mode)5, (ap_o_mode)3, 0>, config5>(ap_fixed<16, 6, (ap_q_mode)5, (ap_o_mode)3, 0>*, ap_fixed<16, 6, (ap_q_mode)5, (ap_o_mode)3, 0>*, config5::weight_t*, config5::bias_t*)'
remark: firmware/nnet_utils/nnet_dense_latency.h:42:27: Inlining function 'nnet::product::mult<ap_fixed<16, 6, (ap_q_mode)5, (ap_o_mode)3, 0>, ap_fixed<16, 6, (ap_q_mode)5, (ap_o_mode)3, 0> >::product(ap_fixed<16, 6, (ap_q_mode)5, (ap_o_mode)3, 0>, ap_fixed<16, 6, (ap_q_mode)5, (ap_o_mode)3, 0>)' into 'void nnet::dense_latency<ap_fixed<16, 6, (ap_q_mode)5, (ap_o_mode)3, 0>, ap_fixed<16, 6, (ap_q_mode)5, (ap_o_mode)3, 0>, config8>(ap_fixed<16, 6, (ap_q_mode)5, (ap_o_mode)3, 0>*, ap_fixed<16, 6, (ap_q_mode)5, (ap_o_mode)3, 0>*, config8::weight_t*, config8::bias_t*)'
remark: firmware/nnet_utils/nnet_dense.h:45:2: Inlining function 'nnet::DenseLatency<ap_fixed<16, 6, (ap_q_mode)5, (ap_o_mode)3, 0>, ap_fixed<16, 6, (ap_q_mode)5, (ap_o_mode)3, 0>, config8>::dense(ap_fixed<16, 6, (ap_q_mode)5, (ap_o_mode)3, 0>*, ap_fixed<16, 6, (ap_q_mode)5, (ap_o_mode)3, 0>*, ap_fixed<16, 6, (ap_q_mode)5, (ap_o_mode)3, 0>*, ap_fixed<16, 6, (ap_q_mode)5, (ap_o_mode)3, 0>*)' into 'void nnet::dense<ap_fixed<16, 6, (ap_q_mode)5, (ap_o_mode)3, 0>, ap_fixed<16, 6, (ap_q_mode)5, (ap_o_mode)3, 0>, config8>(ap_fixed<16, 6, (ap_q_mode)5, (ap_o_mode)3, 0>*, ap_fixed<16, 6, (ap_q_mode)5, (ap_o_mode)3, 0>*, config8::weight_t*, config8::bias_t*)'
remark: firmware/nnet_utils/nnet_dense_latency.h:42:27: Inlining function 'nnet::product::mult<ap_fixed<16, 6, (ap_q_mode)5, (ap_o_mode)3, 0>, ap_fixed<16, 6, (ap_q_mode)5, (ap_o_mode)3, 0> >::product(ap_fixed<16, 6, (ap_q_mode)5, (ap_o_mode)3, 0>, ap_fixed<16, 6, (ap_q_mode)5, (ap_o_mode)3, 0>)' into 'void nnet::dense_latency<ap_fixed<16, 6, (ap_q_mode)5, (ap_o_mode)3, 0>, ap_fixed<16, 6, (ap_q_mode)5, (ap_o_mode)3, 0>, config11>(ap_fixed<16, 6, (ap_q_mode)5, (ap_o_mode)3, 0>*, ap_fixed<16, 6, (ap_q_mode)5, (ap_o_mode)3, 0>*, config11::weight_t*, config11::bias_t*)'
remark: firmware/nnet_utils/nnet_dense.h:45:2: Inlining function 'nnet::DenseLatency<ap_fixed<16, 6, (ap_q_mode)5, (ap_o_mode)3, 0>, ap_fixed<16, 6, (ap_q_mode)5, (ap_o_mode)3, 0>, config11>::dense(ap_fixed<16, 6, (ap_q_mode)5, (ap_o_mode)3, 0>*, ap_fixed<16, 6, (ap_q_mode)5, (ap_o_mode)3, 0>*, ap_fixed<16, 6, (ap_q_mode)5, (ap_o_mode)3, 0>*, ap_fixed<16, 6, (ap_q_mode)5, (ap_o_mode)3, 0>*)' into 'void nnet::dense<ap_fixed<16, 6, (ap_q_mode)5, (ap_o_mode)3, 0>, ap_fixed<16, 6, (ap_q_mode)5, (ap_o_mode)3, 0>, config11>(ap_fixed<16, 6, (ap_q_mode)5, (ap_o_mode)3, 0>*, ap_fixed<16, 6, (ap_q_mode)5, (ap_o_mode)3, 0>*, config11::weight_t*, config11::bias_t*)'
remark: firmware/myproject.cpp:59:2: Inlining function 'void nnet::dense<ap_fixed<16, 6, (ap_q_mode)5, (ap_o_mode)3, 0>, ap_fixed<16, 6, (ap_q_mode)5, (ap_o_mode)3, 0>, config2>(ap_fixed<16, 6, (ap_q_mode)5, (ap_o_mode)3, 0>*, ap_fixed<16, 6, (ap_q_mode)5, (ap_o_mode)3, 0>*, config2::weight_t*, config2::bias_t*)' into 'myproject(ap_fixed<16, 6, (ap_q_mode)5, (ap_o_mode)3, 0>*, ap_fixed<16, 6, (ap_q_mode)5, (ap_o_mode)3, 0>*)'
remark: firmware/myproject.cpp:63:5: Inlining function 'void nnet::dense<ap_fixed<16, 6, (ap_q_mode)5, (ap_o_mode)3, 0>, ap_fixed<16, 6, (ap_q_mode)5, (ap_o_mode)3, 0>, config5>(ap_fixed<16, 6, (ap_q_mode)5, (ap_o_mode)3, 0>*, ap_fixed<16, 6, (ap_q_mode)5, (ap_o_mode)3, 0>*, config5::weight_t*, config5::bias_t*)' into 'myproject(ap_fixed<16, 6, (ap_q_mode)5, (ap_o_mode)3, 0>*, ap_fixed<16, 6, (ap_q_mode)5, (ap_o_mode)3, 0>*)'
remark: firmware/myproject.cpp:67:5: Inlining function 'void nnet::dense<ap_fixed<16, 6, (ap_q_mode)5, (ap_o_mode)3, 0>, ap_fixed<16, 6, (ap_q_mode)5, (ap_o_mode)3, 0>, config8>(ap_fixed<16, 6, (ap_q_mode)5, (ap_o_mode)3, 0>*, ap_fixed<16, 6, (ap_q_mode)5, (ap_o_mode)3, 0>*, config8::weight_t*, config8::bias_t*)' into 'myproject(ap_fixed<16, 6, (ap_q_mode)5, (ap_o_mode)3, 0>*, ap_fixed<16, 6, (ap_q_mode)5, (ap_o_mode)3, 0>*)'
remark: firmware/myproject.cpp:71:5: Inlining function 'void nnet::dense<ap_fixed<16, 6, (ap_q_mode)5, (ap_o_mode)3, 0>, ap_fixed<16, 6, (ap_q_mode)5, (ap_o_mode)3, 0>, config11>(ap_fixed<16, 6, (ap_q_mode)5, (ap_o_mode)3, 0>*, ap_fixed<16, 6, (ap_q_mode)5, (ap_o_mode)3, 0>*, config11::weight_t*, config11::bias_t*)' into 'myproject(ap_fixed<16, 6, (ap_q_mode)5, (ap_o_mode)3, 0>*, ap_fixed<16, 6, (ap_q_mode)5, (ap_o_mode)3, 0>*)'
remark: firmware/myproject.cpp:73:5: Inlining function 'void nnet::softmax<ap_fixed<16, 6, (ap_q_mode)5, (ap_o_mode)3, 0>, ap_fixed<16, 6, (ap_q_mode)5, (ap_o_mode)3, 0>, softmax_config13>(ap_fixed<16, 6, (ap_q_mode)5, (ap_o_mode)3, 0>*, ap_fixed<16, 6, (ap_q_mode)5, (ap_o_mode)3, 0>*)' into 'myproject(ap_fixed<16, 6, (ap_q_mode)5, (ap_o_mode)3, 0>*, ap_fixed<16, 6, (ap_q_mode)5, (ap_o_mode)3, 0>*)'
remark: firmware/nnet_utils/nnet_activation.h:268:23: Loop 'VITIS_LOOP_268_3' is marked as complete unroll implied by the pipeline pragma
remark: firmware/nnet_utils/nnet_activation.h:255:23: Loop 'VITIS_LOOP_255_2' is marked as complete unroll implied by the pipeline pragma
remark: firmware/nnet_utils/nnet_activation.h:246:23: Loop 'VITIS_LOOP_246_1' is marked as complete unroll implied by the pipeline pragma
remark: firmware/nnet_utils/nnet_dense_latency.h:64:5: Loop 'Result' is marked as complete unroll implied by the pipeline pragma
remark: firmware/nnet_utils/nnet_dense_latency.h:54:5: Loop 'Accum1' is marked as complete unroll implied by the pipeline pragma
remark: firmware/nnet_utils/nnet_dense_latency.h:56:9: Loop 'Accum2' is marked as complete unroll implied by the pipeline pragma
remark: firmware/nnet_utils/nnet_dense_latency.h:48:5: Loop 'ResetAccum' is marked as complete unroll implied by the pipeline pragma
remark: firmware/nnet_utils/nnet_dense_latency.h:37:5: Loop 'Product1' is marked as complete unroll implied by the pipeline pragma
remark: firmware/nnet_utils/nnet_dense_latency.h:40:9: Loop 'Product2' is marked as complete unroll implied by the pipeline pragma
remark: firmware/nnet_utils/nnet_activation.h:43:22: Loop 'VITIS_LOOP_43_1' is marked as complete unroll implied by the pipeline pragma
remark: firmware/nnet_utils/nnet_dense_latency.h:64:5: Loop 'Result' is marked as complete unroll implied by the pipeline pragma
remark: firmware/nnet_utils/nnet_dense_latency.h:54:5: Loop 'Accum1' is marked as complete unroll implied by the pipeline pragma
remark: firmware/nnet_utils/nnet_dense_latency.h:56:9: Loop 'Accum2' is marked as complete unroll implied by the pipeline pragma
remark: firmware/nnet_utils/nnet_dense_latency.h:48:5: Loop 'ResetAccum' is marked as complete unroll implied by the pipeline pragma
remark: firmware/nnet_utils/nnet_dense_latency.h:37:5: Loop 'Product1' is marked as complete unroll implied by the pipeline pragma
remark: firmware/nnet_utils/nnet_dense_latency.h:40:9: Loop 'Product2' is marked as complete unroll implied by the pipeline pragma
remark: firmware/nnet_utils/nnet_activation.h:43:22: Loop 'VITIS_LOOP_43_1' is marked as complete unroll implied by the pipeline pragma
remark: firmware/nnet_utils/nnet_dense_latency.h:64:5: Loop 'Result' is marked as complete unroll implied by the pipeline pragma
remark: firmware/nnet_utils/nnet_dense_latency.h:54:5: Loop 'Accum1' is marked as complete unroll implied by the pipeline pragma
remark: firmware/nnet_utils/nnet_dense_latency.h:56:9: Loop 'Accum2' is marked as complete unroll implied by the pipeline pragma
remark: firmware/nnet_utils/nnet_dense_latency.h:48:5: Loop 'ResetAccum' is marked as complete unroll implied by the pipeline pragma
remark: firmware/nnet_utils/nnet_dense_latency.h:37:5: Loop 'Product1' is marked as complete unroll implied by the pipeline pragma
remark: firmware/nnet_utils/nnet_dense_latency.h:40:9: Loop 'Product2' is marked as complete unroll implied by the pipeline pragma
remark: firmware/nnet_utils/nnet_activation.h:43:22: Loop 'VITIS_LOOP_43_1' is marked as complete unroll implied by the pipeline pragma
remark: firmware/nnet_utils/nnet_dense_latency.h:64:5: Loop 'Result' is marked as complete unroll implied by the pipeline pragma
remark: firmware/nnet_utils/nnet_dense_latency.h:54:5: Loop 'Accum1' is marked as complete unroll implied by the pipeline pragma
remark: firmware/nnet_utils/nnet_dense_latency.h:56:9: Loop 'Accum2' is marked as complete unroll implied by the pipeline pragma
remark: firmware/nnet_utils/nnet_dense_latency.h:48:5: Loop 'ResetAccum' is marked as complete unroll implied by the pipeline pragma
remark: firmware/nnet_utils/nnet_dense_latency.h:37:5: Loop 'Product1' is marked as complete unroll implied by the pipeline pragma
remark: firmware/nnet_utils/nnet_dense_latency.h:40:9: Loop 'Product2' is marked as complete unroll implied by the pipeline pragma
remark: firmware/nnet_utils/nnet_activation.h:220:0: Unrolling loop 'VITIS_LOOP_268_3' (firmware/nnet_utils/nnet_activation.h:268:23) in function 'nnet::softmax_stable<ap_fixed<16, 6, (ap_q_mode)5, (ap_o_mode)3, 0>, ap_fixed<16, 6, (ap_q_mode)5, (ap_o_mode)3, 0>, softmax_config13>' completely with a factor of 5
remark: firmware/nnet_utils/nnet_activation.h:220:0: Unrolling loop 'VITIS_LOOP_255_2' (firmware/nnet_utils/nnet_activation.h:255:23) in function 'nnet::softmax_stable<ap_fixed<16, 6, (ap_q_mode)5, (ap_o_mode)3, 0>, ap_fixed<16, 6, (ap_q_mode)5, (ap_o_mode)3, 0>, softmax_config13>' completely with a factor of 5
remark: firmware/nnet_utils/nnet_activation.h:220:0: Unrolling loop 'VITIS_LOOP_246_1' (firmware/nnet_utils/nnet_activation.h:246:23) in function 'nnet::softmax_stable<ap_fixed<16, 6, (ap_q_mode)5, (ap_o_mode)3, 0>, ap_fixed<16, 6, (ap_q_mode)5, (ap_o_mode)3, 0>, softmax_config13>' completely with a factor of 5
remark: firmware/nnet_utils/nnet_dense_latency.h:15:0: Unrolling loop 'Result' (firmware/nnet_utils/nnet_dense_latency.h:64:5) in function 'nnet::dense_latency<ap_fixed<16, 6, (ap_q_mode)5, (ap_o_mode)3, 0>, ap_fixed<16, 6, (ap_q_mode)5, (ap_o_mode)3, 0>, config11>' completely with a factor of 5
remark: firmware/nnet_utils/nnet_dense_latency.h:15:0: Unrolling loop 'Accum1' (firmware/nnet_utils/nnet_dense_latency.h:54:5) in function 'nnet::dense_latency<ap_fixed<16, 6, (ap_q_mode)5, (ap_o_mode)3, 0>, ap_fixed<16, 6, (ap_q_mode)5, (ap_o_mode)3, 0>, config11>' completely with a factor of 32
remark: firmware/nnet_utils/nnet_dense_latency.h:15:0: Unrolling loop 'Accum2' (firmware/nnet_utils/nnet_dense_latency.h:56:9) in function 'nnet::dense_latency<ap_fixed<16, 6, (ap_q_mode)5, (ap_o_mode)3, 0>, ap_fixed<16, 6, (ap_q_mode)5, (ap_o_mode)3, 0>, config11>' completely with a factor of 5
remark: firmware/nnet_utils/nnet_dense_latency.h:15:0: Unrolling loop 'Accum2' (firmware/nnet_utils/nnet_dense_latency.h:56:9) in function 'nnet::dense_latency<ap_fixed<16, 6, (ap_q_mode)5, (ap_o_mode)3, 0>, ap_fixed<16, 6, (ap_q_mode)5, (ap_o_mode)3, 0>, config11>' completely with a factor of 5
remark: firmware/nnet_utils/nnet_dense_latency.h:15:0: Unrolling loop 'Accum2' (firmware/nnet_utils/nnet_dense_latency.h:56:9) in function 'nnet::dense_latency<ap_fixed<16, 6, (ap_q_mode)5, (ap_o_mode)3, 0>, ap_fixed<16, 6, (ap_q_mode)5, (ap_o_mode)3, 0>, config11>' completely with a factor of 5
remark: firmware/nnet_utils/nnet_dense_latency.h:15:0: Unrolling loop 'Accum2' (firmware/nnet_utils/nnet_dense_latency.h:56:9) in function 'nnet::dense_latency<ap_fixed<16, 6, (ap_q_mode)5, (ap_o_mode)3, 0>, ap_fixed<16, 6, (ap_q_mode)5, (ap_o_mode)3, 0>, config11>' completely with a factor of 5
remark: firmware/nnet_utils/nnet_dense_latency.h:15:0: Unrolling loop 'Accum2' (firmware/nnet_utils/nnet_dense_latency.h:56:9) in function 'nnet::dense_latency<ap_fixed<16, 6, (ap_q_mode)5, (ap_o_mode)3, 0>, ap_fixed<16, 6, (ap_q_mode)5, (ap_o_mode)3, 0>, config11>' completely with a factor of 5
remark: firmware/nnet_utils/nnet_dense_latency.h:15:0: Unrolling loop 'Accum2' (firmware/nnet_utils/nnet_dense_latency.h:56:9) in function 'nnet::dense_latency<ap_fixed<16, 6, (ap_q_mode)5, (ap_o_mode)3, 0>, ap_fixed<16, 6, (ap_q_mode)5, (ap_o_mode)3, 0>, config11>' completely with a factor of 5
remark: firmware/nnet_utils/nnet_dense_latency.h:15:0: Unrolling loop 'Accum2' (firmware/nnet_utils/nnet_dense_latency.h:56:9) in function 'nnet::dense_latency<ap_fixed<16, 6, (ap_q_mode)5, (ap_o_mode)3, 0>, ap_fixed<16, 6, (ap_q_mode)5, (ap_o_mode)3, 0>, config11>' completely with a factor of 5
remark: firmware/nnet_utils/nnet_dense_latency.h:15:0: Unrolling loop 'Accum2' (firmware/nnet_utils/nnet_dense_latency.h:56:9) in function 'nnet::dense_latency<ap_fixed<16, 6, (ap_q_mode)5, (ap_o_mode)3, 0>, ap_fixed<16, 6, (ap_q_mode)5, (ap_o_mode)3, 0>, config11>' completely with a factor of 5
remark: firmware/nnet_utils/nnet_dense_latency.h:15:0: Unrolling loop 'Accum2' (firmware/nnet_utils/nnet_dense_latency.h:56:9) in function 'nnet::dense_latency<ap_fixed<16, 6, (ap_q_mode)5, (ap_o_mode)3, 0>, ap_fixed<16, 6, (ap_q_mode)5, (ap_o_mode)3, 0>, config11>' completely with a factor of 5
remark: firmware/nnet_utils/nnet_dense_latency.h:15:0: Unrolling loop 'Accum2' (firmware/nnet_utils/nnet_dense_latency.h:56:9) in function 'nnet::dense_latency<ap_fixed<16, 6, (ap_q_mode)5, (ap_o_mode)3, 0>, ap_fixed<16, 6, (ap_q_mode)5, (ap_o_mode)3, 0>, config11>' completely with a factor of 5
remark: firmware/nnet_utils/nnet_dense_latency.h:15:0: Unrolling loop 'Accum2' (firmware/nnet_utils/nnet_dense_latency.h:56:9) in function 'nnet::dense_latency<ap_fixed<16, 6, (ap_q_mode)5, (ap_o_mode)3, 0>, ap_fixed<16, 6, (ap_q_mode)5, (ap_o_mode)3, 0>, config11>' completely with a factor of 5
remark: firmware/nnet_utils/nnet_dense_latency.h:15:0: Unrolling loop 'Accum2' (firmware/nnet_utils/nnet_dense_latency.h:56:9) in function 'nnet::dense_latency<ap_fixed<16, 6, (ap_q_mode)5, (ap_o_mode)3, 0>, ap_fixed<16, 6, (ap_q_mode)5, (ap_o_mode)3, 0>, config11>' completely with a factor of 5
remark: firmware/nnet_utils/nnet_dense_latency.h:15:0: Unrolling loop 'Accum2' (firmware/nnet_utils/nnet_dense_latency.h:56:9) in function 'nnet::dense_latency<ap_fixed<16, 6, (ap_q_mode)5, (ap_o_mode)3, 0>, ap_fixed<16, 6, (ap_q_mode)5, (ap_o_mode)3, 0>, config11>' completely with a factor of 5
remark: firmware/nnet_utils/nnet_dense_latency.h:15:0: Unrolling loop 'Accum2' (firmware/nnet_utils/nnet_dense_latency.h:56:9) in function 'nnet::dense_latency<ap_fixed<16, 6, (ap_q_mode)5, (ap_o_mode)3, 0>, ap_fixed<16, 6, (ap_q_mode)5, (ap_o_mode)3, 0>, config11>' completely with a factor of 5
remark: firmware/nnet_utils/nnet_dense_latency.h:15:0: Unrolling loop 'Accum2' (firmware/nnet_utils/nnet_dense_latency.h:56:9) in function 'nnet::dense_latency<ap_fixed<16, 6, (ap_q_mode)5, (ap_o_mode)3, 0>, ap_fixed<16, 6, (ap_q_mode)5, (ap_o_mode)3, 0>, config11>' completely with a factor of 5
remark: firmware/nnet_utils/nnet_dense_latency.h:15:0: Unrolling loop 'Accum2' (firmware/nnet_utils/nnet_dense_latency.h:56:9) in function 'nnet::dense_latency<ap_fixed<16, 6, (ap_q_mode)5, (ap_o_mode)3, 0>, ap_fixed<16, 6, (ap_q_mode)5, (ap_o_mode)3, 0>, config11>' completely with a factor of 5
remark: firmware/nnet_utils/nnet_dense_latency.h:15:0: Unrolling loop 'Accum2' (firmware/nnet_utils/nnet_dense_latency.h:56:9) in function 'nnet::dense_latency<ap_fixed<16, 6, (ap_q_mode)5, (ap_o_mode)3, 0>, ap_fixed<16, 6, (ap_q_mode)5, (ap_o_mode)3, 0>, config11>' completely with a factor of 5
remark: firmware/nnet_utils/nnet_dense_latency.h:15:0: Unrolling loop 'Accum2' (firmware/nnet_utils/nnet_dense_latency.h:56:9) in function 'nnet::dense_latency<ap_fixed<16, 6, (ap_q_mode)5, (ap_o_mode)3, 0>, ap_fixed<16, 6, (ap_q_mode)5, (ap_o_mode)3, 0>, config11>' completely with a factor of 5
remark: firmware/nnet_utils/nnet_dense_latency.h:15:0: Unrolling loop 'Accum2' (firmware/nnet_utils/nnet_dense_latency.h:56:9) in function 'nnet::dense_latency<ap_fixed<16, 6, (ap_q_mode)5, (ap_o_mode)3, 0>, ap_fixed<16, 6, (ap_q_mode)5, (ap_o_mode)3, 0>, config11>' completely with a factor of 5
remark: firmware/nnet_utils/nnet_dense_latency.h:15:0: Unrolling loop 'Accum2' (firmware/nnet_utils/nnet_dense_latency.h:56:9) in function 'nnet::dense_latency<ap_fixed<16, 6, (ap_q_mode)5, (ap_o_mode)3, 0>, ap_fixed<16, 6, (ap_q_mode)5, (ap_o_mode)3, 0>, config11>' completely with a factor of 5
remark: firmware/nnet_utils/nnet_dense_latency.h:15:0: Unrolling loop 'Accum2' (firmware/nnet_utils/nnet_dense_latency.h:56:9) in function 'nnet::dense_latency<ap_fixed<16, 6, (ap_q_mode)5, (ap_o_mode)3, 0>, ap_fixed<16, 6, (ap_q_mode)5, (ap_o_mode)3, 0>, config11>' completely with a factor of 5
remark: firmware/nnet_utils/nnet_dense_latency.h:15:0: Unrolling loop 'Accum2' (firmware/nnet_utils/nnet_dense_latency.h:56:9) in function 'nnet::dense_latency<ap_fixed<16, 6, (ap_q_mode)5, (ap_o_mode)3, 0>, ap_fixed<16, 6, (ap_q_mode)5, (ap_o_mode)3, 0>, config11>' completely with a factor of 5
remark: firmware/nnet_utils/nnet_dense_latency.h:15:0: Unrolling loop 'Accum2' (firmware/nnet_utils/nnet_dense_latency.h:56:9) in function 'nnet::dense_latency<ap_fixed<16, 6, (ap_q_mode)5, (ap_o_mode)3, 0>, ap_fixed<16, 6, (ap_q_mode)5, (ap_o_mode)3, 0>, config11>' completely with a factor of 5
remark: firmware/nnet_utils/nnet_dense_latency.h:15:0: Unrolling loop 'Accum2' (firmware/nnet_utils/nnet_dense_latency.h:56:9) in function 'nnet::dense_latency<ap_fixed<16, 6, (ap_q_mode)5, (ap_o_mode)3, 0>, ap_fixed<16, 6, (ap_q_mode)5, (ap_o_mode)3, 0>, config11>' completely with a factor of 5
remark: firmware/nnet_utils/nnet_dense_latency.h:15:0: Unrolling loop 'Accum2' (firmware/nnet_utils/nnet_dense_latency.h:56:9) in function 'nnet::dense_latency<ap_fixed<16, 6, (ap_q_mode)5, (ap_o_mode)3, 0>, ap_fixed<16, 6, (ap_q_mode)5, (ap_o_mode)3, 0>, config11>' completely with a factor of 5
remark: firmware/nnet_utils/nnet_dense_latency.h:15:0: Unrolling loop 'Accum2' (firmware/nnet_utils/nnet_dense_latency.h:56:9) in function 'nnet::dense_latency<ap_fixed<16, 6, (ap_q_mode)5, (ap_o_mode)3, 0>, ap_fixed<16, 6, (ap_q_mode)5, (ap_o_mode)3, 0>, config11>' completely with a factor of 5
remark: firmware/nnet_utils/nnet_dense_latency.h:15:0: Unrolling loop 'Accum2' (firmware/nnet_utils/nnet_dense_latency.h:56:9) in function 'nnet::dense_latency<ap_fixed<16, 6, (ap_q_mode)5, (ap_o_mode)3, 0>, ap_fixed<16, 6, (ap_q_mode)5, (ap_o_mode)3, 0>, config11>' completely with a factor of 5
remark: firmware/nnet_utils/nnet_dense_latency.h:15:0: Unrolling loop 'Accum2' (firmware/nnet_utils/nnet_dense_latency.h:56:9) in function 'nnet::dense_latency<ap_fixed<16, 6, (ap_q_mode)5, (ap_o_mode)3, 0>, ap_fixed<16, 6, (ap_q_mode)5, (ap_o_mode)3, 0>, config11>' completely with a factor of 5
remark: firmware/nnet_utils/nnet_dense_latency.h:15:0: Unrolling loop 'Accum2' (firmware/nnet_utils/nnet_dense_latency.h:56:9) in function 'nnet::dense_latency<ap_fixed<16, 6, (ap_q_mode)5, (ap_o_mode)3, 0>, ap_fixed<16, 6, (ap_q_mode)5, (ap_o_mode)3, 0>, config11>' completely with a factor of 5
remark: firmware/nnet_utils/nnet_dense_latency.h:15:0: Unrolling loop 'Accum2' (firmware/nnet_utils/nnet_dense_latency.h:56:9) in function 'nnet::dense_latency<ap_fixed<16, 6, (ap_q_mode)5, (ap_o_mode)3, 0>, ap_fixed<16, 6, (ap_q_mode)5, (ap_o_mode)3, 0>, config11>' completely with a factor of 5
remark: firmware/nnet_utils/nnet_dense_latency.h:15:0: Unrolling loop 'Accum2' (firmware/nnet_utils/nnet_dense_latency.h:56:9) in function 'nnet::dense_latency<ap_fixed<16, 6, (ap_q_mode)5, (ap_o_mode)3, 0>, ap_fixed<16, 6, (ap_q_mode)5, (ap_o_mode)3, 0>, config11>' completely with a factor of 5
remark: firmware/nnet_utils/nnet_dense_latency.h:15:0: Unrolling loop 'Accum2' (firmware/nnet_utils/nnet_dense_latency.h:56:9) in function 'nnet::dense_latency<ap_fixed<16, 6, (ap_q_mode)5, (ap_o_mode)3, 0>, ap_fixed<16, 6, (ap_q_mode)5, (ap_o_mode)3, 0>, config11>' completely with a factor of 5
remark: firmware/nnet_utils/nnet_dense_latency.h:15:0: Unrolling loop 'ResetAccum' (firmware/nnet_utils/nnet_dense_latency.h:48:5) in function 'nnet::dense_latency<ap_fixed<16, 6, (ap_q_mode)5, (ap_o_mode)3, 0>, ap_fixed<16, 6, (ap_q_mode)5, (ap_o_mode)3, 0>, config11>' completely with a factor of 5
remark: firmware/nnet_utils/nnet_dense_latency.h:15:0: Unrolling loop 'Product1' (firmware/nnet_utils/nnet_dense_latency.h:37:5) in function 'nnet::dense_latency<ap_fixed<16, 6, (ap_q_mode)5, (ap_o_mode)3, 0>, ap_fixed<16, 6, (ap_q_mode)5, (ap_o_mode)3, 0>, config11>' completely with a factor of 32
remark: firmware/nnet_utils/nnet_dense_latency.h:15:0: Unrolling loop 'Product2' (firmware/nnet_utils/nnet_dense_latency.h:40:9) in function 'nnet::dense_latency<ap_fixed<16, 6, (ap_q_mode)5, (ap_o_mode)3, 0>, ap_fixed<16, 6, (ap_q_mode)5, (ap_o_mode)3, 0>, config11>' completely with a factor of 5
remark: firmware/nnet_utils/nnet_dense_latency.h:15:0: Unrolling loop 'Product2' (firmware/nnet_utils/nnet_dense_latency.h:40:9) in function 'nnet::dense_latency<ap_fixed<16, 6, (ap_q_mode)5, (ap_o_mode)3, 0>, ap_fixed<16, 6, (ap_q_mode)5, (ap_o_mode)3, 0>, config11>' completely with a factor of 5
remark: firmware/nnet_utils/nnet_dense_latency.h:15:0: Unrolling loop 'Product2' (firmware/nnet_utils/nnet_dense_latency.h:40:9) in function 'nnet::dense_latency<ap_fixed<16, 6, (ap_q_mode)5, (ap_o_mode)3, 0>, ap_fixed<16, 6, (ap_q_mode)5, (ap_o_mode)3, 0>, config11>' completely with a factor of 5
remark: firmware/nnet_utils/nnet_dense_latency.h:15:0: Unrolling loop 'Product2' (firmware/nnet_utils/nnet_dense_latency.h:40:9) in function 'nnet::dense_latency<ap_fixed<16, 6, (ap_q_mode)5, (ap_o_mode)3, 0>, ap_fixed<16, 6, (ap_q_mode)5, (ap_o_mode)3, 0>, config11>' completely with a factor of 5
remark: firmware/nnet_utils/nnet_dense_latency.h:15:0: Unrolling loop 'Product2' (firmware/nnet_utils/nnet_dense_latency.h:40:9) in function 'nnet::dense_latency<ap_fixed<16, 6, (ap_q_mode)5, (ap_o_mode)3, 0>, ap_fixed<16, 6, (ap_q_mode)5, (ap_o_mode)3, 0>, config11>' completely with a factor of 5
remark: firmware/nnet_utils/nnet_dense_latency.h:15:0: Unrolling loop 'Product2' (firmware/nnet_utils/nnet_dense_latency.h:40:9) in function 'nnet::dense_latency<ap_fixed<16, 6, (ap_q_mode)5, (ap_o_mode)3, 0>, ap_fixed<16, 6, (ap_q_mode)5, (ap_o_mode)3, 0>, config11>' completely with a factor of 5
remark: firmware/nnet_utils/nnet_dense_latency.h:15:0: Unrolling loop 'Product2' (firmware/nnet_utils/nnet_dense_latency.h:40:9) in function 'nnet::dense_latency<ap_fixed<16, 6, (ap_q_mode)5, (ap_o_mode)3, 0>, ap_fixed<16, 6, (ap_q_mode)5, (ap_o_mode)3, 0>, config11>' completely with a factor of 5
remark: firmware/nnet_utils/nnet_dense_latency.h:15:0: Unrolling loop 'Product2' (firmware/nnet_utils/nnet_dense_latency.h:40:9) in function 'nnet::dense_latency<ap_fixed<16, 6, (ap_q_mode)5, (ap_o_mode)3, 0>, ap_fixed<16, 6, (ap_q_mode)5, (ap_o_mode)3, 0>, config11>' completely with a factor of 5
remark: firmware/nnet_utils/nnet_dense_latency.h:15:0: Unrolling loop 'Product2' (firmware/nnet_utils/nnet_dense_latency.h:40:9) in function 'nnet::dense_latency<ap_fixed<16, 6, (ap_q_mode)5, (ap_o_mode)3, 0>, ap_fixed<16, 6, (ap_q_mode)5, (ap_o_mode)3, 0>, config11>' completely with a factor of 5
remark: firmware/nnet_utils/nnet_dense_latency.h:15:0: Unrolling loop 'Product2' (firmware/nnet_utils/nnet_dense_latency.h:40:9) in function 'nnet::dense_latency<ap_fixed<16, 6, (ap_q_mode)5, (ap_o_mode)3, 0>, ap_fixed<16, 6, (ap_q_mode)5, (ap_o_mode)3, 0>, config11>' completely with a factor of 5
remark: firmware/nnet_utils/nnet_dense_latency.h:15:0: Unrolling loop 'Product2' (firmware/nnet_utils/nnet_dense_latency.h:40:9) in function 'nnet::dense_latency<ap_fixed<16, 6, (ap_q_mode)5, (ap_o_mode)3, 0>, ap_fixed<16, 6, (ap_q_mode)5, (ap_o_mode)3, 0>, config11>' completely with a factor of 5
remark: firmware/nnet_utils/nnet_dense_latency.h:15:0: Unrolling loop 'Product2' (firmware/nnet_utils/nnet_dense_latency.h:40:9) in function 'nnet::dense_latency<ap_fixed<16, 6, (ap_q_mode)5, (ap_o_mode)3, 0>, ap_fixed<16, 6, (ap_q_mode)5, (ap_o_mode)3, 0>, config11>' completely with a factor of 5
remark: firmware/nnet_utils/nnet_dense_latency.h:15:0: Unrolling loop 'Product2' (firmware/nnet_utils/nnet_dense_latency.h:40:9) in function 'nnet::dense_latency<ap_fixed<16, 6, (ap_q_mode)5, (ap_o_mode)3, 0>, ap_fixed<16, 6, (ap_q_mode)5, (ap_o_mode)3, 0>, config11>' completely with a factor of 5
remark: firmware/nnet_utils/nnet_dense_latency.h:15:0: Unrolling loop 'Product2' (firmware/nnet_utils/nnet_dense_latency.h:40:9) in function 'nnet::dense_latency<ap_fixed<16, 6, (ap_q_mode)5, (ap_o_mode)3, 0>, ap_fixed<16, 6, (ap_q_mode)5, (ap_o_mode)3, 0>, config11>' completely with a factor of 5
remark: firmware/nnet_utils/nnet_dense_latency.h:15:0: Unrolling loop 'Product2' (firmware/nnet_utils/nnet_dense_latency.h:40:9) in function 'nnet::dense_latency<ap_fixed<16, 6, (ap_q_mode)5, (ap_o_mode)3, 0>, ap_fixed<16, 6, (ap_q_mode)5, (ap_o_mode)3, 0>, config11>' completely with a factor of 5
remark: firmware/nnet_utils/nnet_dense_latency.h:15:0: Unrolling loop 'Product2' (firmware/nnet_utils/nnet_dense_latency.h:40:9) in function 'nnet::dense_latency<ap_fixed<16, 6, (ap_q_mode)5, (ap_o_mode)3, 0>, ap_fixed<16, 6, (ap_q_mode)5, (ap_o_mode)3, 0>, config11>' completely with a factor of 5
remark: firmware/nnet_utils/nnet_dense_latency.h:15:0: Unrolling loop 'Product2' (firmware/nnet_utils/nnet_dense_latency.h:40:9) in function 'nnet::dense_latency<ap_fixed<16, 6, (ap_q_mode)5, (ap_o_mode)3, 0>, ap_fixed<16, 6, (ap_q_mode)5, (ap_o_mode)3, 0>, config11>' completely with a factor of 5
remark: firmware/nnet_utils/nnet_dense_latency.h:15:0: Unrolling loop 'Product2' (firmware/nnet_utils/nnet_dense_latency.h:40:9) in function 'nnet::dense_latency<ap_fixed<16, 6, (ap_q_mode)5, (ap_o_mode)3, 0>, ap_fixed<16, 6, (ap_q_mode)5, (ap_o_mode)3, 0>, config11>' completely with a factor of 5
remark: firmware/nnet_utils/nnet_dense_latency.h:15:0: Unrolling loop 'Product2' (firmware/nnet_utils/nnet_dense_latency.h:40:9) in function 'nnet::dense_latency<ap_fixed<16, 6, (ap_q_mode)5, (ap_o_mode)3, 0>, ap_fixed<16, 6, (ap_q_mode)5, (ap_o_mode)3, 0>, config11>' completely with a factor of 5
remark: firmware/nnet_utils/nnet_dense_latency.h:15:0: Unrolling loop 'Product2' (firmware/nnet_utils/nnet_dense_latency.h:40:9) in function 'nnet::dense_latency<ap_fixed<16, 6, (ap_q_mode)5, (ap_o_mode)3, 0>, ap_fixed<16, 6, (ap_q_mode)5, (ap_o_mode)3, 0>, config11>' completely with a factor of 5
remark: firmware/nnet_utils/nnet_dense_latency.h:15:0: Unrolling loop 'Product2' (firmware/nnet_utils/nnet_dense_latency.h:40:9) in function 'nnet::dense_latency<ap_fixed<16, 6, (ap_q_mode)5, (ap_o_mode)3, 0>, ap_fixed<16, 6, (ap_q_mode)5, (ap_o_mode)3, 0>, config11>' completely with a factor of 5
remark: firmware/nnet_utils/nnet_dense_latency.h:15:0: Unrolling loop 'Product2' (firmware/nnet_utils/nnet_dense_latency.h:40:9) in function 'nnet::dense_latency<ap_fixed<16, 6, (ap_q_mode)5, (ap_o_mode)3, 0>, ap_fixed<16, 6, (ap_q_mode)5, (ap_o_mode)3, 0>, config11>' completely with a factor of 5
remark: firmware/nnet_utils/nnet_dense_latency.h:15:0: Unrolling loop 'Product2' (firmware/nnet_utils/nnet_dense_latency.h:40:9) in function 'nnet::dense_latency<ap_fixed<16, 6, (ap_q_mode)5, (ap_o_mode)3, 0>, ap_fixed<16, 6, (ap_q_mode)5, (ap_o_mode)3, 0>, config11>' completely with a factor of 5
remark: firmware/nnet_utils/nnet_dense_latency.h:15:0: Unrolling loop 'Product2' (firmware/nnet_utils/nnet_dense_latency.h:40:9) in function 'nnet::dense_latency<ap_fixed<16, 6, (ap_q_mode)5, (ap_o_mode)3, 0>, ap_fixed<16, 6, (ap_q_mode)5, (ap_o_mode)3, 0>, config11>' completely with a factor of 5
remark: firmware/nnet_utils/nnet_dense_latency.h:15:0: Unrolling loop 'Product2' (firmware/nnet_utils/nnet_dense_latency.h:40:9) in function 'nnet::dense_latency<ap_fixed<16, 6, (ap_q_mode)5, (ap_o_mode)3, 0>, ap_fixed<16, 6, (ap_q_mode)5, (ap_o_mode)3, 0>, config11>' completely with a factor of 5
remark: firmware/nnet_utils/nnet_dense_latency.h:15:0: Unrolling loop 'Product2' (firmware/nnet_utils/nnet_dense_latency.h:40:9) in function 'nnet::dense_latency<ap_fixed<16, 6, (ap_q_mode)5, (ap_o_mode)3, 0>, ap_fixed<16, 6, (ap_q_mode)5, (ap_o_mode)3, 0>, config11>' completely with a factor of 5
remark: firmware/nnet_utils/nnet_dense_latency.h:15:0: Unrolling loop 'Product2' (firmware/nnet_utils/nnet_dense_latency.h:40:9) in function 'nnet::dense_latency<ap_fixed<16, 6, (ap_q_mode)5, (ap_o_mode)3, 0>, ap_fixed<16, 6, (ap_q_mode)5, (ap_o_mode)3, 0>, config11>' completely with a factor of 5
remark: firmware/nnet_utils/nnet_dense_latency.h:15:0: Unrolling loop 'Product2' (firmware/nnet_utils/nnet_dense_latency.h:40:9) in function 'nnet::dense_latency<ap_fixed<16, 6, (ap_q_mode)5, (ap_o_mode)3, 0>, ap_fixed<16, 6, (ap_q_mode)5, (ap_o_mode)3, 0>, config11>' completely with a factor of 5
remark: firmware/nnet_utils/nnet_dense_latency.h:15:0: Unrolling loop 'Product2' (firmware/nnet_utils/nnet_dense_latency.h:40:9) in function 'nnet::dense_latency<ap_fixed<16, 6, (ap_q_mode)5, (ap_o_mode)3, 0>, ap_fixed<16, 6, (ap_q_mode)5, (ap_o_mode)3, 0>, config11>' completely with a factor of 5
remark: firmware/nnet_utils/nnet_dense_latency.h:15:0: Unrolling loop 'Product2' (firmware/nnet_utils/nnet_dense_latency.h:40:9) in function 'nnet::dense_latency<ap_fixed<16, 6, (ap_q_mode)5, (ap_o_mode)3, 0>, ap_fixed<16, 6, (ap_q_mode)5, (ap_o_mode)3, 0>, config11>' completely with a factor of 5
remark: firmware/nnet_utils/nnet_dense_latency.h:15:0: Unrolling loop 'Product2' (firmware/nnet_utils/nnet_dense_latency.h:40:9) in function 'nnet::dense_latency<ap_fixed<16, 6, (ap_q_mode)5, (ap_o_mode)3, 0>, ap_fixed<16, 6, (ap_q_mode)5, (ap_o_mode)3, 0>, config11>' completely with a factor of 5
remark: firmware/nnet_utils/nnet_dense_latency.h:15:0: Unrolling loop 'Product2' (firmware/nnet_utils/nnet_dense_latency.h:40:9) in function 'nnet::dense_latency<ap_fixed<16, 6, (ap_q_mode)5, (ap_o_mode)3, 0>, ap_fixed<16, 6, (ap_q_mode)5, (ap_o_mode)3, 0>, config11>' completely with a factor of 5
remark: firmware/nnet_utils/nnet_activation.h:39:0: Unrolling loop 'VITIS_LOOP_43_1' (firmware/nnet_utils/nnet_activation.h:43:22) in function 'nnet::relu<ap_fixed<16, 6, (ap_q_mode)5, (ap_o_mode)3, 0>, ap_fixed<16, 6, (ap_q_mode)5, (ap_o_mode)3, 0>, relu_config10>' completely with a factor of 32
remark: firmware/nnet_utils/nnet_dense_latency.h:15:0: Unrolling loop 'Result' (firmware/nnet_utils/nnet_dense_latency.h:64:5) in function 'nnet::dense_latency<ap_fixed<16, 6, (ap_q_mode)5, (ap_o_mode)3, 0>, ap_fixed<16, 6, (ap_q_mode)5, (ap_o_mode)3, 0>, config8>' completely with a factor of 32
remark: firmware/nnet_utils/nnet_dense_latency.h:15:0: Unrolling loop 'Accum1' (firmware/nnet_utils/nnet_dense_latency.h:54:5) in function 'nnet::dense_latency<ap_fixed<16, 6, (ap_q_mode)5, (ap_o_mode)3, 0>, ap_fixed<16, 6, (ap_q_mode)5, (ap_o_mode)3, 0>, config8>' completely with a factor of 32
remark: firmware/nnet_utils/nnet_dense_latency.h:15:0: Unrolling loop 'Accum2' (firmware/nnet_utils/nnet_dense_latency.h:56:9) in function 'nnet::dense_latency<ap_fixed<16, 6, (ap_q_mode)5, (ap_o_mode)3, 0>, ap_fixed<16, 6, (ap_q_mode)5, (ap_o_mode)3, 0>, config8>' completely with a factor of 32
remark: firmware/nnet_utils/nnet_dense_latency.h:15:0: Unrolling loop 'Accum2' (firmware/nnet_utils/nnet_dense_latency.h:56:9) in function 'nnet::dense_latency<ap_fixed<16, 6, (ap_q_mode)5, (ap_o_mode)3, 0>, ap_fixed<16, 6, (ap_q_mode)5, (ap_o_mode)3, 0>, config8>' completely with a factor of 32
remark: firmware/nnet_utils/nnet_dense_latency.h:15:0: Unrolling loop 'Accum2' (firmware/nnet_utils/nnet_dense_latency.h:56:9) in function 'nnet::dense_latency<ap_fixed<16, 6, (ap_q_mode)5, (ap_o_mode)3, 0>, ap_fixed<16, 6, (ap_q_mode)5, (ap_o_mode)3, 0>, config8>' completely with a factor of 32
remark: firmware/nnet_utils/nnet_dense_latency.h:15:0: Unrolling loop 'Accum2' (firmware/nnet_utils/nnet_dense_latency.h:56:9) in function 'nnet::dense_latency<ap_fixed<16, 6, (ap_q_mode)5, (ap_o_mode)3, 0>, ap_fixed<16, 6, (ap_q_mode)5, (ap_o_mode)3, 0>, config8>' completely with a factor of 32
remark: firmware/nnet_utils/nnet_dense_latency.h:15:0: Unrolling loop 'Accum2' (firmware/nnet_utils/nnet_dense_latency.h:56:9) in function 'nnet::dense_latency<ap_fixed<16, 6, (ap_q_mode)5, (ap_o_mode)3, 0>, ap_fixed<16, 6, (ap_q_mode)5, (ap_o_mode)3, 0>, config8>' completely with a factor of 32
remark: firmware/nnet_utils/nnet_dense_latency.h:15:0: Unrolling loop 'Accum2' (firmware/nnet_utils/nnet_dense_latency.h:56:9) in function 'nnet::dense_latency<ap_fixed<16, 6, (ap_q_mode)5, (ap_o_mode)3, 0>, ap_fixed<16, 6, (ap_q_mode)5, (ap_o_mode)3, 0>, config8>' completely with a factor of 32
remark: firmware/nnet_utils/nnet_dense_latency.h:15:0: Unrolling loop 'Accum2' (firmware/nnet_utils/nnet_dense_latency.h:56:9) in function 'nnet::dense_latency<ap_fixed<16, 6, (ap_q_mode)5, (ap_o_mode)3, 0>, ap_fixed<16, 6, (ap_q_mode)5, (ap_o_mode)3, 0>, config8>' completely with a factor of 32
remark: firmware/nnet_utils/nnet_dense_latency.h:15:0: Unrolling loop 'Accum2' (firmware/nnet_utils/nnet_dense_latency.h:56:9) in function 'nnet::dense_latency<ap_fixed<16, 6, (ap_q_mode)5, (ap_o_mode)3, 0>, ap_fixed<16, 6, (ap_q_mode)5, (ap_o_mode)3, 0>, config8>' completely with a factor of 32
remark: firmware/nnet_utils/nnet_dense_latency.h:15:0: Unrolling loop 'Accum2' (firmware/nnet_utils/nnet_dense_latency.h:56:9) in function 'nnet::dense_latency<ap_fixed<16, 6, (ap_q_mode)5, (ap_o_mode)3, 0>, ap_fixed<16, 6, (ap_q_mode)5, (ap_o_mode)3, 0>, config8>' completely with a factor of 32
remark: firmware/nnet_utils/nnet_dense_latency.h:15:0: Unrolling loop 'Accum2' (firmware/nnet_utils/nnet_dense_latency.h:56:9) in function 'nnet::dense_latency<ap_fixed<16, 6, (ap_q_mode)5, (ap_o_mode)3, 0>, ap_fixed<16, 6, (ap_q_mode)5, (ap_o_mode)3, 0>, config8>' completely with a factor of 32
remark: firmware/nnet_utils/nnet_dense_latency.h:15:0: Unrolling loop 'Accum2' (firmware/nnet_utils/nnet_dense_latency.h:56:9) in function 'nnet::dense_latency<ap_fixed<16, 6, (ap_q_mode)5, (ap_o_mode)3, 0>, ap_fixed<16, 6, (ap_q_mode)5, (ap_o_mode)3, 0>, config8>' completely with a factor of 32
remark: firmware/nnet_utils/nnet_dense_latency.h:15:0: Unrolling loop 'Accum2' (firmware/nnet_utils/nnet_dense_latency.h:56:9) in function 'nnet::dense_latency<ap_fixed<16, 6, (ap_q_mode)5, (ap_o_mode)3, 0>, ap_fixed<16, 6, (ap_q_mode)5, (ap_o_mode)3, 0>, config8>' completely with a factor of 32
remark: firmware/nnet_utils/nnet_dense_latency.h:15:0: Unrolling loop 'Accum2' (firmware/nnet_utils/nnet_dense_latency.h:56:9) in function 'nnet::dense_latency<ap_fixed<16, 6, (ap_q_mode)5, (ap_o_mode)3, 0>, ap_fixed<16, 6, (ap_q_mode)5, (ap_o_mode)3, 0>, config8>' completely with a factor of 32
remark: firmware/nnet_utils/nnet_dense_latency.h:15:0: Unrolling loop 'Accum2' (firmware/nnet_utils/nnet_dense_latency.h:56:9) in function 'nnet::dense_latency<ap_fixed<16, 6, (ap_q_mode)5, (ap_o_mode)3, 0>, ap_fixed<16, 6, (ap_q_mode)5, (ap_o_mode)3, 0>, config8>' completely with a factor of 32
remark: firmware/nnet_utils/nnet_dense_latency.h:15:0: Unrolling loop 'Accum2' (firmware/nnet_utils/nnet_dense_latency.h:56:9) in function 'nnet::dense_latency<ap_fixed<16, 6, (ap_q_mode)5, (ap_o_mode)3, 0>, ap_fixed<16, 6, (ap_q_mode)5, (ap_o_mode)3, 0>, config8>' completely with a factor of 32
remark: firmware/nnet_utils/nnet_dense_latency.h:15:0: Unrolling loop 'Accum2' (firmware/nnet_utils/nnet_dense_latency.h:56:9) in function 'nnet::dense_latency<ap_fixed<16, 6, (ap_q_mode)5, (ap_o_mode)3, 0>, ap_fixed<16, 6, (ap_q_mode)5, (ap_o_mode)3, 0>, config8>' completely with a factor of 32
remark: firmware/nnet_utils/nnet_dense_latency.h:15:0: Unrolling loop 'Accum2' (firmware/nnet_utils/nnet_dense_latency.h:56:9) in function 'nnet::dense_latency<ap_fixed<16, 6, (ap_q_mode)5, (ap_o_mode)3, 0>, ap_fixed<16, 6, (ap_q_mode)5, (ap_o_mode)3, 0>, config8>' completely with a factor of 32
remark: firmware/nnet_utils/nnet_dense_latency.h:15:0: Unrolling loop 'Accum2' (firmware/nnet_utils/nnet_dense_latency.h:56:9) in function 'nnet::dense_latency<ap_fixed<16, 6, (ap_q_mode)5, (ap_o_mode)3, 0>, ap_fixed<16, 6, (ap_q_mode)5, (ap_o_mode)3, 0>, config8>' completely with a factor of 32
remark: firmware/nnet_utils/nnet_dense_latency.h:15:0: Unrolling loop 'Accum2' (firmware/nnet_utils/nnet_dense_latency.h:56:9) in function 'nnet::dense_latency<ap_fixed<16, 6, (ap_q_mode)5, (ap_o_mode)3, 0>, ap_fixed<16, 6, (ap_q_mode)5, (ap_o_mode)3, 0>, config8>' completely with a factor of 32
remark: firmware/nnet_utils/nnet_dense_latency.h:15:0: Unrolling loop 'Accum2' (firmware/nnet_utils/nnet_dense_latency.h:56:9) in function 'nnet::dense_latency<ap_fixed<16, 6, (ap_q_mode)5, (ap_o_mode)3, 0>, ap_fixed<16, 6, (ap_q_mode)5, (ap_o_mode)3, 0>, config8>' completely with a factor of 32
remark: firmware/nnet_utils/nnet_dense_latency.h:15:0: Unrolling loop 'Accum2' (firmware/nnet_utils/nnet_dense_latency.h:56:9) in function 'nnet::dense_latency<ap_fixed<16, 6, (ap_q_mode)5, (ap_o_mode)3, 0>, ap_fixed<16, 6, (ap_q_mode)5, (ap_o_mode)3, 0>, config8>' completely with a factor of 32
remark: firmware/nnet_utils/nnet_dense_latency.h:15:0: Unrolling loop 'Accum2' (firmware/nnet_utils/nnet_dense_latency.h:56:9) in function 'nnet::dense_latency<ap_fixed<16, 6, (ap_q_mode)5, (ap_o_mode)3, 0>, ap_fixed<16, 6, (ap_q_mode)5, (ap_o_mode)3, 0>, config8>' completely with a factor of 32
remark: firmware/nnet_utils/nnet_dense_latency.h:15:0: Unrolling loop 'Accum2' (firmware/nnet_utils/nnet_dense_latency.h:56:9) in function 'nnet::dense_latency<ap_fixed<16, 6, (ap_q_mode)5, (ap_o_mode)3, 0>, ap_fixed<16, 6, (ap_q_mode)5, (ap_o_mode)3, 0>, config8>' completely with a factor of 32
remark: firmware/nnet_utils/nnet_dense_latency.h:15:0: Unrolling loop 'Accum2' (firmware/nnet_utils/nnet_dense_latency.h:56:9) in function 'nnet::dense_latency<ap_fixed<16, 6, (ap_q_mode)5, (ap_o_mode)3, 0>, ap_fixed<16, 6, (ap_q_mode)5, (ap_o_mode)3, 0>, config8>' completely with a factor of 32
remark: firmware/nnet_utils/nnet_dense_latency.h:15:0: Unrolling loop 'Accum2' (firmware/nnet_utils/nnet_dense_latency.h:56:9) in function 'nnet::dense_latency<ap_fixed<16, 6, (ap_q_mode)5, (ap_o_mode)3, 0>, ap_fixed<16, 6, (ap_q_mode)5, (ap_o_mode)3, 0>, config8>' completely with a factor of 32
remark: firmware/nnet_utils/nnet_dense_latency.h:15:0: Unrolling loop 'Accum2' (firmware/nnet_utils/nnet_dense_latency.h:56:9) in function 'nnet::dense_latency<ap_fixed<16, 6, (ap_q_mode)5, (ap_o_mode)3, 0>, ap_fixed<16, 6, (ap_q_mode)5, (ap_o_mode)3, 0>, config8>' completely with a factor of 32
remark: firmware/nnet_utils/nnet_dense_latency.h:15:0: Unrolling loop 'Accum2' (firmware/nnet_utils/nnet_dense_latency.h:56:9) in function 'nnet::dense_latency<ap_fixed<16, 6, (ap_q_mode)5, (ap_o_mode)3, 0>, ap_fixed<16, 6, (ap_q_mode)5, (ap_o_mode)3, 0>, config8>' completely with a factor of 32
remark: firmware/nnet_utils/nnet_dense_latency.h:15:0: Unrolling loop 'Accum2' (firmware/nnet_utils/nnet_dense_latency.h:56:9) in function 'nnet::dense_latency<ap_fixed<16, 6, (ap_q_mode)5, (ap_o_mode)3, 0>, ap_fixed<16, 6, (ap_q_mode)5, (ap_o_mode)3, 0>, config8>' completely with a factor of 32
remark: firmware/nnet_utils/nnet_dense_latency.h:15:0: Unrolling loop 'Accum2' (firmware/nnet_utils/nnet_dense_latency.h:56:9) in function 'nnet::dense_latency<ap_fixed<16, 6, (ap_q_mode)5, (ap_o_mode)3, 0>, ap_fixed<16, 6, (ap_q_mode)5, (ap_o_mode)3, 0>, config8>' completely with a factor of 32
remark: firmware/nnet_utils/nnet_dense_latency.h:15:0: Unrolling loop 'Accum2' (firmware/nnet_utils/nnet_dense_latency.h:56:9) in function 'nnet::dense_latency<ap_fixed<16, 6, (ap_q_mode)5, (ap_o_mode)3, 0>, ap_fixed<16, 6, (ap_q_mode)5, (ap_o_mode)3, 0>, config8>' completely with a factor of 32
remark: firmware/nnet_utils/nnet_dense_latency.h:15:0: Unrolling loop 'Accum2' (firmware/nnet_utils/nnet_dense_latency.h:56:9) in function 'nnet::dense_latency<ap_fixed<16, 6, (ap_q_mode)5, (ap_o_mode)3, 0>, ap_fixed<16, 6, (ap_q_mode)5, (ap_o_mode)3, 0>, config8>' completely with a factor of 32
remark: firmware/nnet_utils/nnet_dense_latency.h:15:0: Unrolling loop 'Accum2' (firmware/nnet_utils/nnet_dense_latency.h:56:9) in function 'nnet::dense_latency<ap_fixed<16, 6, (ap_q_mode)5, (ap_o_mode)3, 0>, ap_fixed<16, 6, (ap_q_mode)5, (ap_o_mode)3, 0>, config8>' completely with a factor of 32
remark: firmware/nnet_utils/nnet_dense_latency.h:15:0: Unrolling loop 'ResetAccum' (firmware/nnet_utils/nnet_dense_latency.h:48:5) in function 'nnet::dense_latency<ap_fixed<16, 6, (ap_q_mode)5, (ap_o_mode)3, 0>, ap_fixed<16, 6, (ap_q_mode)5, (ap_o_mode)3, 0>, config8>' completely with a factor of 32
remark: firmware/nnet_utils/nnet_dense_latency.h:15:0: Unrolling loop 'Product1' (firmware/nnet_utils/nnet_dense_latency.h:37:5) in function 'nnet::dense_latency<ap_fixed<16, 6, (ap_q_mode)5, (ap_o_mode)3, 0>, ap_fixed<16, 6, (ap_q_mode)5, (ap_o_mode)3, 0>, config8>' completely with a factor of 32
remark: firmware/nnet_utils/nnet_dense_latency.h:15:0: Unrolling loop 'Product2' (firmware/nnet_utils/nnet_dense_latency.h:40:9) in function 'nnet::dense_latency<ap_fixed<16, 6, (ap_q_mode)5, (ap_o_mode)3, 0>, ap_fixed<16, 6, (ap_q_mode)5, (ap_o_mode)3, 0>, config8>' completely with a factor of 32
remark: firmware/nnet_utils/nnet_dense_latency.h:15:0: Unrolling loop 'Product2' (firmware/nnet_utils/nnet_dense_latency.h:40:9) in function 'nnet::dense_latency<ap_fixed<16, 6, (ap_q_mode)5, (ap_o_mode)3, 0>, ap_fixed<16, 6, (ap_q_mode)5, (ap_o_mode)3, 0>, config8>' completely with a factor of 32
remark: firmware/nnet_utils/nnet_dense_latency.h:15:0: Unrolling loop 'Product2' (firmware/nnet_utils/nnet_dense_latency.h:40:9) in function 'nnet::dense_latency<ap_fixed<16, 6, (ap_q_mode)5, (ap_o_mode)3, 0>, ap_fixed<16, 6, (ap_q_mode)5, (ap_o_mode)3, 0>, config8>' completely with a factor of 32
remark: firmware/nnet_utils/nnet_dense_latency.h:15:0: Unrolling loop 'Product2' (firmware/nnet_utils/nnet_dense_latency.h:40:9) in function 'nnet::dense_latency<ap_fixed<16, 6, (ap_q_mode)5, (ap_o_mode)3, 0>, ap_fixed<16, 6, (ap_q_mode)5, (ap_o_mode)3, 0>, config8>' completely with a factor of 32
remark: firmware/nnet_utils/nnet_dense_latency.h:15:0: Unrolling loop 'Product2' (firmware/nnet_utils/nnet_dense_latency.h:40:9) in function 'nnet::dense_latency<ap_fixed<16, 6, (ap_q_mode)5, (ap_o_mode)3, 0>, ap_fixed<16, 6, (ap_q_mode)5, (ap_o_mode)3, 0>, config8>' completely with a factor of 32
remark: firmware/nnet_utils/nnet_dense_latency.h:15:0: Unrolling loop 'Product2' (firmware/nnet_utils/nnet_dense_latency.h:40:9) in function 'nnet::dense_latency<ap_fixed<16, 6, (ap_q_mode)5, (ap_o_mode)3, 0>, ap_fixed<16, 6, (ap_q_mode)5, (ap_o_mode)3, 0>, config8>' completely with a factor of 32
remark: firmware/nnet_utils/nnet_dense_latency.h:15:0: Unrolling loop 'Product2' (firmware/nnet_utils/nnet_dense_latency.h:40:9) in function 'nnet::dense_latency<ap_fixed<16, 6, (ap_q_mode)5, (ap_o_mode)3, 0>, ap_fixed<16, 6, (ap_q_mode)5, (ap_o_mode)3, 0>, config8>' completely with a factor of 32
remark: firmware/nnet_utils/nnet_dense_latency.h:15:0: Unrolling loop 'Product2' (firmware/nnet_utils/nnet_dense_latency.h:40:9) in function 'nnet::dense_latency<ap_fixed<16, 6, (ap_q_mode)5, (ap_o_mode)3, 0>, ap_fixed<16, 6, (ap_q_mode)5, (ap_o_mode)3, 0>, config8>' completely with a factor of 32
remark: firmware/nnet_utils/nnet_dense_latency.h:15:0: Unrolling loop 'Product2' (firmware/nnet_utils/nnet_dense_latency.h:40:9) in function 'nnet::dense_latency<ap_fixed<16, 6, (ap_q_mode)5, (ap_o_mode)3, 0>, ap_fixed<16, 6, (ap_q_mode)5, (ap_o_mode)3, 0>, config8>' completely with a factor of 32
remark: firmware/nnet_utils/nnet_dense_latency.h:15:0: Unrolling loop 'Product2' (firmware/nnet_utils/nnet_dense_latency.h:40:9) in function 'nnet::dense_latency<ap_fixed<16, 6, (ap_q_mode)5, (ap_o_mode)3, 0>, ap_fixed<16, 6, (ap_q_mode)5, (ap_o_mode)3, 0>, config8>' completely with a factor of 32
remark: firmware/nnet_utils/nnet_dense_latency.h:15:0: Unrolling loop 'Product2' (firmware/nnet_utils/nnet_dense_latency.h:40:9) in function 'nnet::dense_latency<ap_fixed<16, 6, (ap_q_mode)5, (ap_o_mode)3, 0>, ap_fixed<16, 6, (ap_q_mode)5, (ap_o_mode)3, 0>, config8>' completely with a factor of 32
remark: firmware/nnet_utils/nnet_dense_latency.h:15:0: Unrolling loop 'Product2' (firmware/nnet_utils/nnet_dense_latency.h:40:9) in function 'nnet::dense_latency<ap_fixed<16, 6, (ap_q_mode)5, (ap_o_mode)3, 0>, ap_fixed<16, 6, (ap_q_mode)5, (ap_o_mode)3, 0>, config8>' completely with a factor of 32
remark: firmware/nnet_utils/nnet_dense_latency.h:15:0: Unrolling loop 'Product2' (firmware/nnet_utils/nnet_dense_latency.h:40:9) in function 'nnet::dense_latency<ap_fixed<16, 6, (ap_q_mode)5, (ap_o_mode)3, 0>, ap_fixed<16, 6, (ap_q_mode)5, (ap_o_mode)3, 0>, config8>' completely with a factor of 32
remark: firmware/nnet_utils/nnet_dense_latency.h:15:0: Unrolling loop 'Product2' (firmware/nnet_utils/nnet_dense_latency.h:40:9) in function 'nnet::dense_latency<ap_fixed<16, 6, (ap_q_mode)5, (ap_o_mode)3, 0>, ap_fixed<16, 6, (ap_q_mode)5, (ap_o_mode)3, 0>, config8>' completely with a factor of 32
remark: firmware/nnet_utils/nnet_dense_latency.h:15:0: Unrolling loop 'Product2' (firmware/nnet_utils/nnet_dense_latency.h:40:9) in function 'nnet::dense_latency<ap_fixed<16, 6, (ap_q_mode)5, (ap_o_mode)3, 0>, ap_fixed<16, 6, (ap_q_mode)5, (ap_o_mode)3, 0>, config8>' completely with a factor of 32
remark: firmware/nnet_utils/nnet_dense_latency.h:15:0: Unrolling loop 'Product2' (firmware/nnet_utils/nnet_dense_latency.h:40:9) in function 'nnet::dense_latency<ap_fixed<16, 6, (ap_q_mode)5, (ap_o_mode)3, 0>, ap_fixed<16, 6, (ap_q_mode)5, (ap_o_mode)3, 0>, config8>' completely with a factor of 32
remark: firmware/nnet_utils/nnet_dense_latency.h:15:0: Unrolling loop 'Product2' (firmware/nnet_utils/nnet_dense_latency.h:40:9) in function 'nnet::dense_latency<ap_fixed<16, 6, (ap_q_mode)5, (ap_o_mode)3, 0>, ap_fixed<16, 6, (ap_q_mode)5, (ap_o_mode)3, 0>, config8>' completely with a factor of 32
remark: firmware/nnet_utils/nnet_dense_latency.h:15:0: Unrolling loop 'Product2' (firmware/nnet_utils/nnet_dense_latency.h:40:9) in function 'nnet::dense_latency<ap_fixed<16, 6, (ap_q_mode)5, (ap_o_mode)3, 0>, ap_fixed<16, 6, (ap_q_mode)5, (ap_o_mode)3, 0>, config8>' completely with a factor of 32
remark: firmware/nnet_utils/nnet_dense_latency.h:15:0: Unrolling loop 'Product2' (firmware/nnet_utils/nnet_dense_latency.h:40:9) in function 'nnet::dense_latency<ap_fixed<16, 6, (ap_q_mode)5, (ap_o_mode)3, 0>, ap_fixed<16, 6, (ap_q_mode)5, (ap_o_mode)3, 0>, config8>' completely with a factor of 32
remark: firmware/nnet_utils/nnet_dense_latency.h:15:0: Unrolling loop 'Product2' (firmware/nnet_utils/nnet_dense_latency.h:40:9) in function 'nnet::dense_latency<ap_fixed<16, 6, (ap_q_mode)5, (ap_o_mode)3, 0>, ap_fixed<16, 6, (ap_q_mode)5, (ap_o_mode)3, 0>, config8>' completely with a factor of 32
remark: firmware/nnet_utils/nnet_dense_latency.h:15:0: Unrolling loop 'Product2' (firmware/nnet_utils/nnet_dense_latency.h:40:9) in function 'nnet::dense_latency<ap_fixed<16, 6, (ap_q_mode)5, (ap_o_mode)3, 0>, ap_fixed<16, 6, (ap_q_mode)5, (ap_o_mode)3, 0>, config8>' completely with a factor of 32
remark: firmware/nnet_utils/nnet_dense_latency.h:15:0: Unrolling loop 'Product2' (firmware/nnet_utils/nnet_dense_latency.h:40:9) in function 'nnet::dense_latency<ap_fixed<16, 6, (ap_q_mode)5, (ap_o_mode)3, 0>, ap_fixed<16, 6, (ap_q_mode)5, (ap_o_mode)3, 0>, config8>' completely with a factor of 32
remark: firmware/nnet_utils/nnet_dense_latency.h:15:0: Unrolling loop 'Product2' (firmware/nnet_utils/nnet_dense_latency.h:40:9) in function 'nnet::dense_latency<ap_fixed<16, 6, (ap_q_mode)5, (ap_o_mode)3, 0>, ap_fixed<16, 6, (ap_q_mode)5, (ap_o_mode)3, 0>, config8>' completely with a factor of 32
remark: firmware/nnet_utils/nnet_dense_latency.h:15:0: Unrolling loop 'Product2' (firmware/nnet_utils/nnet_dense_latency.h:40:9) in function 'nnet::dense_latency<ap_fixed<16, 6, (ap_q_mode)5, (ap_o_mode)3, 0>, ap_fixed<16, 6, (ap_q_mode)5, (ap_o_mode)3, 0>, config8>' completely with a factor of 32
remark: firmware/nnet_utils/nnet_dense_latency.h:15:0: Unrolling loop 'Product2' (firmware/nnet_utils/nnet_dense_latency.h:40:9) in function 'nnet::dense_latency<ap_fixed<16, 6, (ap_q_mode)5, (ap_o_mode)3, 0>, ap_fixed<16, 6, (ap_q_mode)5, (ap_o_mode)3, 0>, config8>' completely with a factor of 32
remark: firmware/nnet_utils/nnet_dense_latency.h:15:0: Unrolling loop 'Product2' (firmware/nnet_utils/nnet_dense_latency.h:40:9) in function 'nnet::dense_latency<ap_fixed<16, 6, (ap_q_mode)5, (ap_o_mode)3, 0>, ap_fixed<16, 6, (ap_q_mode)5, (ap_o_mode)3, 0>, config8>' completely with a factor of 32
remark: firmware/nnet_utils/nnet_dense_latency.h:15:0: Unrolling loop 'Product2' (firmware/nnet_utils/nnet_dense_latency.h:40:9) in function 'nnet::dense_latency<ap_fixed<16, 6, (ap_q_mode)5, (ap_o_mode)3, 0>, ap_fixed<16, 6, (ap_q_mode)5, (ap_o_mode)3, 0>, config8>' completely with a factor of 32
remark: firmware/nnet_utils/nnet_dense_latency.h:15:0: Unrolling loop 'Product2' (firmware/nnet_utils/nnet_dense_latency.h:40:9) in function 'nnet::dense_latency<ap_fixed<16, 6, (ap_q_mode)5, (ap_o_mode)3, 0>, ap_fixed<16, 6, (ap_q_mode)5, (ap_o_mode)3, 0>, config8>' completely with a factor of 32
remark: firmware/nnet_utils/nnet_dense_latency.h:15:0: Unrolling loop 'Product2' (firmware/nnet_utils/nnet_dense_latency.h:40:9) in function 'nnet::dense_latency<ap_fixed<16, 6, (ap_q_mode)5, (ap_o_mode)3, 0>, ap_fixed<16, 6, (ap_q_mode)5, (ap_o_mode)3, 0>, config8>' completely with a factor of 32
remark: firmware/nnet_utils/nnet_dense_latency.h:15:0: Unrolling loop 'Product2' (firmware/nnet_utils/nnet_dense_latency.h:40:9) in function 'nnet::dense_latency<ap_fixed<16, 6, (ap_q_mode)5, (ap_o_mode)3, 0>, ap_fixed<16, 6, (ap_q_mode)5, (ap_o_mode)3, 0>, config8>' completely with a factor of 32
remark: firmware/nnet_utils/nnet_dense_latency.h:15:0: Unrolling loop 'Product2' (firmware/nnet_utils/nnet_dense_latency.h:40:9) in function 'nnet::dense_latency<ap_fixed<16, 6, (ap_q_mode)5, (ap_o_mode)3, 0>, ap_fixed<16, 6, (ap_q_mode)5, (ap_o_mode)3, 0>, config8>' completely with a factor of 32
remark: firmware/nnet_utils/nnet_dense_latency.h:15:0: Unrolling loop 'Product2' (firmware/nnet_utils/nnet_dense_latency.h:40:9) in function 'nnet::dense_latency<ap_fixed<16, 6, (ap_q_mode)5, (ap_o_mode)3, 0>, ap_fixed<16, 6, (ap_q_mode)5, (ap_o_mode)3, 0>, config8>' completely with a factor of 32
remark: firmware/nnet_utils/nnet_activation.h:39:0: Unrolling loop 'VITIS_LOOP_43_1' (firmware/nnet_utils/nnet_activation.h:43:22) in function 'nnet::relu<ap_fixed<16, 6, (ap_q_mode)5, (ap_o_mode)3, 0>, ap_fixed<16, 6, (ap_q_mode)5, (ap_o_mode)3, 0>, relu_config7>' completely with a factor of 32
remark: firmware/nnet_utils/nnet_dense_latency.h:15:0: Unrolling loop 'Result' (firmware/nnet_utils/nnet_dense_latency.h:64:5) in function 'nnet::dense_latency<ap_fixed<16, 6, (ap_q_mode)5, (ap_o_mode)3, 0>, ap_fixed<16, 6, (ap_q_mode)5, (ap_o_mode)3, 0>, config5>' completely with a factor of 32
remark: firmware/nnet_utils/nnet_dense_latency.h:15:0: Unrolling loop 'Accum1' (firmware/nnet_utils/nnet_dense_latency.h:54:5) in function 'nnet::dense_latency<ap_fixed<16, 6, (ap_q_mode)5, (ap_o_mode)3, 0>, ap_fixed<16, 6, (ap_q_mode)5, (ap_o_mode)3, 0>, config5>' completely with a factor of 64
remark: firmware/nnet_utils/nnet_dense_latency.h:15:0: Unrolling loop 'Accum2' (firmware/nnet_utils/nnet_dense_latency.h:56:9) in function 'nnet::dense_latency<ap_fixed<16, 6, (ap_q_mode)5, (ap_o_mode)3, 0>, ap_fixed<16, 6, (ap_q_mode)5, (ap_o_mode)3, 0>, config5>' completely with a factor of 32
remark: firmware/nnet_utils/nnet_dense_latency.h:15:0: Unrolling loop 'Accum2' (firmware/nnet_utils/nnet_dense_latency.h:56:9) in function 'nnet::dense_latency<ap_fixed<16, 6, (ap_q_mode)5, (ap_o_mode)3, 0>, ap_fixed<16, 6, (ap_q_mode)5, (ap_o_mode)3, 0>, config5>' completely with a factor of 32
remark: firmware/nnet_utils/nnet_dense_latency.h:15:0: Unrolling loop 'Accum2' (firmware/nnet_utils/nnet_dense_latency.h:56:9) in function 'nnet::dense_latency<ap_fixed<16, 6, (ap_q_mode)5, (ap_o_mode)3, 0>, ap_fixed<16, 6, (ap_q_mode)5, (ap_o_mode)3, 0>, config5>' completely with a factor of 32
remark: firmware/nnet_utils/nnet_dense_latency.h:15:0: Unrolling loop 'Accum2' (firmware/nnet_utils/nnet_dense_latency.h:56:9) in function 'nnet::dense_latency<ap_fixed<16, 6, (ap_q_mode)5, (ap_o_mode)3, 0>, ap_fixed<16, 6, (ap_q_mode)5, (ap_o_mode)3, 0>, config5>' completely with a factor of 32
remark: firmware/nnet_utils/nnet_dense_latency.h:15:0: Unrolling loop 'Accum2' (firmware/nnet_utils/nnet_dense_latency.h:56:9) in function 'nnet::dense_latency<ap_fixed<16, 6, (ap_q_mode)5, (ap_o_mode)3, 0>, ap_fixed<16, 6, (ap_q_mode)5, (ap_o_mode)3, 0>, config5>' completely with a factor of 32
remark: firmware/nnet_utils/nnet_dense_latency.h:15:0: Unrolling loop 'Accum2' (firmware/nnet_utils/nnet_dense_latency.h:56:9) in function 'nnet::dense_latency<ap_fixed<16, 6, (ap_q_mode)5, (ap_o_mode)3, 0>, ap_fixed<16, 6, (ap_q_mode)5, (ap_o_mode)3, 0>, config5>' completely with a factor of 32
remark: firmware/nnet_utils/nnet_dense_latency.h:15:0: Unrolling loop 'Accum2' (firmware/nnet_utils/nnet_dense_latency.h:56:9) in function 'nnet::dense_latency<ap_fixed<16, 6, (ap_q_mode)5, (ap_o_mode)3, 0>, ap_fixed<16, 6, (ap_q_mode)5, (ap_o_mode)3, 0>, config5>' completely with a factor of 32
remark: firmware/nnet_utils/nnet_dense_latency.h:15:0: Unrolling loop 'Accum2' (firmware/nnet_utils/nnet_dense_latency.h:56:9) in function 'nnet::dense_latency<ap_fixed<16, 6, (ap_q_mode)5, (ap_o_mode)3, 0>, ap_fixed<16, 6, (ap_q_mode)5, (ap_o_mode)3, 0>, config5>' completely with a factor of 32
remark: firmware/nnet_utils/nnet_dense_latency.h:15:0: Unrolling loop 'Accum2' (firmware/nnet_utils/nnet_dense_latency.h:56:9) in function 'nnet::dense_latency<ap_fixed<16, 6, (ap_q_mode)5, (ap_o_mode)3, 0>, ap_fixed<16, 6, (ap_q_mode)5, (ap_o_mode)3, 0>, config5>' completely with a factor of 32
remark: firmware/nnet_utils/nnet_dense_latency.h:15:0: Unrolling loop 'Accum2' (firmware/nnet_utils/nnet_dense_latency.h:56:9) in function 'nnet::dense_latency<ap_fixed<16, 6, (ap_q_mode)5, (ap_o_mode)3, 0>, ap_fixed<16, 6, (ap_q_mode)5, (ap_o_mode)3, 0>, config5>' completely with a factor of 32
remark: firmware/nnet_utils/nnet_dense_latency.h:15:0: Unrolling loop 'Accum2' (firmware/nnet_utils/nnet_dense_latency.h:56:9) in function 'nnet::dense_latency<ap_fixed<16, 6, (ap_q_mode)5, (ap_o_mode)3, 0>, ap_fixed<16, 6, (ap_q_mode)5, (ap_o_mode)3, 0>, config5>' completely with a factor of 32
remark: firmware/nnet_utils/nnet_dense_latency.h:15:0: Unrolling loop 'Accum2' (firmware/nnet_utils/nnet_dense_latency.h:56:9) in function 'nnet::dense_latency<ap_fixed<16, 6, (ap_q_mode)5, (ap_o_mode)3, 0>, ap_fixed<16, 6, (ap_q_mode)5, (ap_o_mode)3, 0>, config5>' completely with a factor of 32
remark: firmware/nnet_utils/nnet_dense_latency.h:15:0: Unrolling loop 'Accum2' (firmware/nnet_utils/nnet_dense_latency.h:56:9) in function 'nnet::dense_latency<ap_fixed<16, 6, (ap_q_mode)5, (ap_o_mode)3, 0>, ap_fixed<16, 6, (ap_q_mode)5, (ap_o_mode)3, 0>, config5>' completely with a factor of 32
remark: firmware/nnet_utils/nnet_dense_latency.h:15:0: Unrolling loop 'Accum2' (firmware/nnet_utils/nnet_dense_latency.h:56:9) in function 'nnet::dense_latency<ap_fixed<16, 6, (ap_q_mode)5, (ap_o_mode)3, 0>, ap_fixed<16, 6, (ap_q_mode)5, (ap_o_mode)3, 0>, config5>' completely with a factor of 32
remark: firmware/nnet_utils/nnet_dense_latency.h:15:0: Unrolling loop 'Accum2' (firmware/nnet_utils/nnet_dense_latency.h:56:9) in function 'nnet::dense_latency<ap_fixed<16, 6, (ap_q_mode)5, (ap_o_mode)3, 0>, ap_fixed<16, 6, (ap_q_mode)5, (ap_o_mode)3, 0>, config5>' completely with a factor of 32
remark: firmware/nnet_utils/nnet_dense_latency.h:15:0: Unrolling loop 'Accum2' (firmware/nnet_utils/nnet_dense_latency.h:56:9) in function 'nnet::dense_latency<ap_fixed<16, 6, (ap_q_mode)5, (ap_o_mode)3, 0>, ap_fixed<16, 6, (ap_q_mode)5, (ap_o_mode)3, 0>, config5>' completely with a factor of 32
remark: firmware/nnet_utils/nnet_dense_latency.h:15:0: Unrolling loop 'Accum2' (firmware/nnet_utils/nnet_dense_latency.h:56:9) in function 'nnet::dense_latency<ap_fixed<16, 6, (ap_q_mode)5, (ap_o_mode)3, 0>, ap_fixed<16, 6, (ap_q_mode)5, (ap_o_mode)3, 0>, config5>' completely with a factor of 32
remark: firmware/nnet_utils/nnet_dense_latency.h:15:0: Unrolling loop 'Accum2' (firmware/nnet_utils/nnet_dense_latency.h:56:9) in function 'nnet::dense_latency<ap_fixed<16, 6, (ap_q_mode)5, (ap_o_mode)3, 0>, ap_fixed<16, 6, (ap_q_mode)5, (ap_o_mode)3, 0>, config5>' completely with a factor of 32
remark: firmware/nnet_utils/nnet_dense_latency.h:15:0: Unrolling loop 'Accum2' (firmware/nnet_utils/nnet_dense_latency.h:56:9) in function 'nnet::dense_latency<ap_fixed<16, 6, (ap_q_mode)5, (ap_o_mode)3, 0>, ap_fixed<16, 6, (ap_q_mode)5, (ap_o_mode)3, 0>, config5>' completely with a factor of 32
remark: firmware/nnet_utils/nnet_dense_latency.h:15:0: Unrolling loop 'Accum2' (firmware/nnet_utils/nnet_dense_latency.h:56:9) in function 'nnet::dense_latency<ap_fixed<16, 6, (ap_q_mode)5, (ap_o_mode)3, 0>, ap_fixed<16, 6, (ap_q_mode)5, (ap_o_mode)3, 0>, config5>' completely with a factor of 32
remark: firmware/nnet_utils/nnet_dense_latency.h:15:0: Unrolling loop 'Accum2' (firmware/nnet_utils/nnet_dense_latency.h:56:9) in function 'nnet::dense_latency<ap_fixed<16, 6, (ap_q_mode)5, (ap_o_mode)3, 0>, ap_fixed<16, 6, (ap_q_mode)5, (ap_o_mode)3, 0>, config5>' completely with a factor of 32
remark: firmware/nnet_utils/nnet_dense_latency.h:15:0: Unrolling loop 'Accum2' (firmware/nnet_utils/nnet_dense_latency.h:56:9) in function 'nnet::dense_latency<ap_fixed<16, 6, (ap_q_mode)5, (ap_o_mode)3, 0>, ap_fixed<16, 6, (ap_q_mode)5, (ap_o_mode)3, 0>, config5>' completely with a factor of 32
remark: firmware/nnet_utils/nnet_dense_latency.h:15:0: Unrolling loop 'Accum2' (firmware/nnet_utils/nnet_dense_latency.h:56:9) in function 'nnet::dense_latency<ap_fixed<16, 6, (ap_q_mode)5, (ap_o_mode)3, 0>, ap_fixed<16, 6, (ap_q_mode)5, (ap_o_mode)3, 0>, config5>' completely with a factor of 32
remark: firmware/nnet_utils/nnet_dense_latency.h:15:0: Unrolling loop 'Accum2' (firmware/nnet_utils/nnet_dense_latency.h:56:9) in function 'nnet::dense_latency<ap_fixed<16, 6, (ap_q_mode)5, (ap_o_mode)3, 0>, ap_fixed<16, 6, (ap_q_mode)5, (ap_o_mode)3, 0>, config5>' completely with a factor of 32
remark: firmware/nnet_utils/nnet_dense_latency.h:15:0: Unrolling loop 'Accum2' (firmware/nnet_utils/nnet_dense_latency.h:56:9) in function 'nnet::dense_latency<ap_fixed<16, 6, (ap_q_mode)5, (ap_o_mode)3, 0>, ap_fixed<16, 6, (ap_q_mode)5, (ap_o_mode)3, 0>, config5>' completely with a factor of 32
remark: firmware/nnet_utils/nnet_dense_latency.h:15:0: Unrolling loop 'Accum2' (firmware/nnet_utils/nnet_dense_latency.h:56:9) in function 'nnet::dense_latency<ap_fixed<16, 6, (ap_q_mode)5, (ap_o_mode)3, 0>, ap_fixed<16, 6, (ap_q_mode)5, (ap_o_mode)3, 0>, config5>' completely with a factor of 32
remark: firmware/nnet_utils/nnet_dense_latency.h:15:0: Unrolling loop 'Accum2' (firmware/nnet_utils/nnet_dense_latency.h:56:9) in function 'nnet::dense_latency<ap_fixed<16, 6, (ap_q_mode)5, (ap_o_mode)3, 0>, ap_fixed<16, 6, (ap_q_mode)5, (ap_o_mode)3, 0>, config5>' completely with a factor of 32
remark: firmware/nnet_utils/nnet_dense_latency.h:15:0: Unrolling loop 'Accum2' (firmware/nnet_utils/nnet_dense_latency.h:56:9) in function 'nnet::dense_latency<ap_fixed<16, 6, (ap_q_mode)5, (ap_o_mode)3, 0>, ap_fixed<16, 6, (ap_q_mode)5, (ap_o_mode)3, 0>, config5>' completely with a factor of 32
remark: firmware/nnet_utils/nnet_dense_latency.h:15:0: Unrolling loop 'Accum2' (firmware/nnet_utils/nnet_dense_latency.h:56:9) in function 'nnet::dense_latency<ap_fixed<16, 6, (ap_q_mode)5, (ap_o_mode)3, 0>, ap_fixed<16, 6, (ap_q_mode)5, (ap_o_mode)3, 0>, config5>' completely with a factor of 32
remark: firmware/nnet_utils/nnet_dense_latency.h:15:0: Unrolling loop 'Accum2' (firmware/nnet_utils/nnet_dense_latency.h:56:9) in function 'nnet::dense_latency<ap_fixed<16, 6, (ap_q_mode)5, (ap_o_mode)3, 0>, ap_fixed<16, 6, (ap_q_mode)5, (ap_o_mode)3, 0>, config5>' completely with a factor of 32
remark: firmware/nnet_utils/nnet_dense_latency.h:15:0: Unrolling loop 'Accum2' (firmware/nnet_utils/nnet_dense_latency.h:56:9) in function 'nnet::dense_latency<ap_fixed<16, 6, (ap_q_mode)5, (ap_o_mode)3, 0>, ap_fixed<16, 6, (ap_q_mode)5, (ap_o_mode)3, 0>, config5>' completely with a factor of 32
remark: firmware/nnet_utils/nnet_dense_latency.h:15:0: Unrolling loop 'Accum2' (firmware/nnet_utils/nnet_dense_latency.h:56:9) in function 'nnet::dense_latency<ap_fixed<16, 6, (ap_q_mode)5, (ap_o_mode)3, 0>, ap_fixed<16, 6, (ap_q_mode)5, (ap_o_mode)3, 0>, config5>' completely with a factor of 32
remark: firmware/nnet_utils/nnet_dense_latency.h:15:0: Unrolling loop 'Accum2' (firmware/nnet_utils/nnet_dense_latency.h:56:9) in function 'nnet::dense_latency<ap_fixed<16, 6, (ap_q_mode)5, (ap_o_mode)3, 0>, ap_fixed<16, 6, (ap_q_mode)5, (ap_o_mode)3, 0>, config5>' completely with a factor of 32
remark: firmware/nnet_utils/nnet_dense_latency.h:15:0: Unrolling loop 'Accum2' (firmware/nnet_utils/nnet_dense_latency.h:56:9) in function 'nnet::dense_latency<ap_fixed<16, 6, (ap_q_mode)5, (ap_o_mode)3, 0>, ap_fixed<16, 6, (ap_q_mode)5, (ap_o_mode)3, 0>, config5>' completely with a factor of 32
remark: firmware/nnet_utils/nnet_dense_latency.h:15:0: Unrolling loop 'Accum2' (firmware/nnet_utils/nnet_dense_latency.h:56:9) in function 'nnet::dense_latency<ap_fixed<16, 6, (ap_q_mode)5, (ap_o_mode)3, 0>, ap_fixed<16, 6, (ap_q_mode)5, (ap_o_mode)3, 0>, config5>' completely with a factor of 32
remark: firmware/nnet_utils/nnet_dense_latency.h:15:0: Unrolling loop 'Accum2' (firmware/nnet_utils/nnet_dense_latency.h:56:9) in function 'nnet::dense_latency<ap_fixed<16, 6, (ap_q_mode)5, (ap_o_mode)3, 0>, ap_fixed<16, 6, (ap_q_mode)5, (ap_o_mode)3, 0>, config5>' completely with a factor of 32
remark: firmware/nnet_utils/nnet_dense_latency.h:15:0: Unrolling loop 'Accum2' (firmware/nnet_utils/nnet_dense_latency.h:56:9) in function 'nnet::dense_latency<ap_fixed<16, 6, (ap_q_mode)5, (ap_o_mode)3, 0>, ap_fixed<16, 6, (ap_q_mode)5, (ap_o_mode)3, 0>, config5>' completely with a factor of 32
remark: firmware/nnet_utils/nnet_dense_latency.h:15:0: Unrolling loop 'Accum2' (firmware/nnet_utils/nnet_dense_latency.h:56:9) in function 'nnet::dense_latency<ap_fixed<16, 6, (ap_q_mode)5, (ap_o_mode)3, 0>, ap_fixed<16, 6, (ap_q_mode)5, (ap_o_mode)3, 0>, config5>' completely with a factor of 32
remark: firmware/nnet_utils/nnet_dense_latency.h:15:0: Unrolling loop 'Accum2' (firmware/nnet_utils/nnet_dense_latency.h:56:9) in function 'nnet::dense_latency<ap_fixed<16, 6, (ap_q_mode)5, (ap_o_mode)3, 0>, ap_fixed<16, 6, (ap_q_mode)5, (ap_o_mode)3, 0>, config5>' completely with a factor of 32
remark: firmware/nnet_utils/nnet_dense_latency.h:15:0: Unrolling loop 'Accum2' (firmware/nnet_utils/nnet_dense_latency.h:56:9) in function 'nnet::dense_latency<ap_fixed<16, 6, (ap_q_mode)5, (ap_o_mode)3, 0>, ap_fixed<16, 6, (ap_q_mode)5, (ap_o_mode)3, 0>, config5>' completely with a factor of 32
remark: firmware/nnet_utils/nnet_dense_latency.h:15:0: Unrolling loop 'Accum2' (firmware/nnet_utils/nnet_dense_latency.h:56:9) in function 'nnet::dense_latency<ap_fixed<16, 6, (ap_q_mode)5, (ap_o_mode)3, 0>, ap_fixed<16, 6, (ap_q_mode)5, (ap_o_mode)3, 0>, config5>' completely with a factor of 32
remark: firmware/nnet_utils/nnet_dense_latency.h:15:0: Unrolling loop 'Accum2' (firmware/nnet_utils/nnet_dense_latency.h:56:9) in function 'nnet::dense_latency<ap_fixed<16, 6, (ap_q_mode)5, (ap_o_mode)3, 0>, ap_fixed<16, 6, (ap_q_mode)5, (ap_o_mode)3, 0>, config5>' completely with a factor of 32
remark: firmware/nnet_utils/nnet_dense_latency.h:15:0: Unrolling loop 'Accum2' (firmware/nnet_utils/nnet_dense_latency.h:56:9) in function 'nnet::dense_latency<ap_fixed<16, 6, (ap_q_mode)5, (ap_o_mode)3, 0>, ap_fixed<16, 6, (ap_q_mode)5, (ap_o_mode)3, 0>, config5>' completely with a factor of 32
remark: firmware/nnet_utils/nnet_dense_latency.h:15:0: Unrolling loop 'Accum2' (firmware/nnet_utils/nnet_dense_latency.h:56:9) in function 'nnet::dense_latency<ap_fixed<16, 6, (ap_q_mode)5, (ap_o_mode)3, 0>, ap_fixed<16, 6, (ap_q_mode)5, (ap_o_mode)3, 0>, config5>' completely with a factor of 32
remark: firmware/nnet_utils/nnet_dense_latency.h:15:0: Unrolling loop 'Accum2' (firmware/nnet_utils/nnet_dense_latency.h:56:9) in function 'nnet::dense_latency<ap_fixed<16, 6, (ap_q_mode)5, (ap_o_mode)3, 0>, ap_fixed<16, 6, (ap_q_mode)5, (ap_o_mode)3, 0>, config5>' completely with a factor of 32
remark: firmware/nnet_utils/nnet_dense_latency.h:15:0: Unrolling loop 'Accum2' (firmware/nnet_utils/nnet_dense_latency.h:56:9) in function 'nnet::dense_latency<ap_fixed<16, 6, (ap_q_mode)5, (ap_o_mode)3, 0>, ap_fixed<16, 6, (ap_q_mode)5, (ap_o_mode)3, 0>, config5>' completely with a factor of 32
remark: firmware/nnet_utils/nnet_dense_latency.h:15:0: Unrolling loop 'Accum2' (firmware/nnet_utils/nnet_dense_latency.h:56:9) in function 'nnet::dense_latency<ap_fixed<16, 6, (ap_q_mode)5, (ap_o_mode)3, 0>, ap_fixed<16, 6, (ap_q_mode)5, (ap_o_mode)3, 0>, config5>' completely with a factor of 32
remark: firmware/nnet_utils/nnet_dense_latency.h:15:0: Unrolling loop 'Accum2' (firmware/nnet_utils/nnet_dense_latency.h:56:9) in function 'nnet::dense_latency<ap_fixed<16, 6, (ap_q_mode)5, (ap_o_mode)3, 0>, ap_fixed<16, 6, (ap_q_mode)5, (ap_o_mode)3, 0>, config5>' completely with a factor of 32
remark: firmware/nnet_utils/nnet_dense_latency.h:15:0: Unrolling loop 'Accum2' (firmware/nnet_utils/nnet_dense_latency.h:56:9) in function 'nnet::dense_latency<ap_fixed<16, 6, (ap_q_mode)5, (ap_o_mode)3, 0>, ap_fixed<16, 6, (ap_q_mode)5, (ap_o_mode)3, 0>, config5>' completely with a factor of 32
remark: firmware/nnet_utils/nnet_dense_latency.h:15:0: Unrolling loop 'Accum2' (firmware/nnet_utils/nnet_dense_latency.h:56:9) in function 'nnet::dense_latency<ap_fixed<16, 6, (ap_q_mode)5, (ap_o_mode)3, 0>, ap_fixed<16, 6, (ap_q_mode)5, (ap_o_mode)3, 0>, config5>' completely with a factor of 32
remark: firmware/nnet_utils/nnet_dense_latency.h:15:0: Unrolling loop 'Accum2' (firmware/nnet_utils/nnet_dense_latency.h:56:9) in function 'nnet::dense_latency<ap_fixed<16, 6, (ap_q_mode)5, (ap_o_mode)3, 0>, ap_fixed<16, 6, (ap_q_mode)5, (ap_o_mode)3, 0>, config5>' completely with a factor of 32
remark: firmware/nnet_utils/nnet_dense_latency.h:15:0: Unrolling loop 'Accum2' (firmware/nnet_utils/nnet_dense_latency.h:56:9) in function 'nnet::dense_latency<ap_fixed<16, 6, (ap_q_mode)5, (ap_o_mode)3, 0>, ap_fixed<16, 6, (ap_q_mode)5, (ap_o_mode)3, 0>, config5>' completely with a factor of 32
remark: firmware/nnet_utils/nnet_dense_latency.h:15:0: Unrolling loop 'Accum2' (firmware/nnet_utils/nnet_dense_latency.h:56:9) in function 'nnet::dense_latency<ap_fixed<16, 6, (ap_q_mode)5, (ap_o_mode)3, 0>, ap_fixed<16, 6, (ap_q_mode)5, (ap_o_mode)3, 0>, config5>' completely with a factor of 32
remark: firmware/nnet_utils/nnet_dense_latency.h:15:0: Unrolling loop 'Accum2' (firmware/nnet_utils/nnet_dense_latency.h:56:9) in function 'nnet::dense_latency<ap_fixed<16, 6, (ap_q_mode)5, (ap_o_mode)3, 0>, ap_fixed<16, 6, (ap_q_mode)5, (ap_o_mode)3, 0>, config5>' completely with a factor of 32
remark: firmware/nnet_utils/nnet_dense_latency.h:15:0: Unrolling loop 'Accum2' (firmware/nnet_utils/nnet_dense_latency.h:56:9) in function 'nnet::dense_latency<ap_fixed<16, 6, (ap_q_mode)5, (ap_o_mode)3, 0>, ap_fixed<16, 6, (ap_q_mode)5, (ap_o_mode)3, 0>, config5>' completely with a factor of 32
remark: firmware/nnet_utils/nnet_dense_latency.h:15:0: Unrolling loop 'Accum2' (firmware/nnet_utils/nnet_dense_latency.h:56:9) in function 'nnet::dense_latency<ap_fixed<16, 6, (ap_q_mode)5, (ap_o_mode)3, 0>, ap_fixed<16, 6, (ap_q_mode)5, (ap_o_mode)3, 0>, config5>' completely with a factor of 32
remark: firmware/nnet_utils/nnet_dense_latency.h:15:0: Unrolling loop 'Accum2' (firmware/nnet_utils/nnet_dense_latency.h:56:9) in function 'nnet::dense_latency<ap_fixed<16, 6, (ap_q_mode)5, (ap_o_mode)3, 0>, ap_fixed<16, 6, (ap_q_mode)5, (ap_o_mode)3, 0>, config5>' completely with a factor of 32
remark: firmware/nnet_utils/nnet_dense_latency.h:15:0: Unrolling loop 'Accum2' (firmware/nnet_utils/nnet_dense_latency.h:56:9) in function 'nnet::dense_latency<ap_fixed<16, 6, (ap_q_mode)5, (ap_o_mode)3, 0>, ap_fixed<16, 6, (ap_q_mode)5, (ap_o_mode)3, 0>, config5>' completely with a factor of 32
remark: firmware/nnet_utils/nnet_dense_latency.h:15:0: Unrolling loop 'Accum2' (firmware/nnet_utils/nnet_dense_latency.h:56:9) in function 'nnet::dense_latency<ap_fixed<16, 6, (ap_q_mode)5, (ap_o_mode)3, 0>, ap_fixed<16, 6, (ap_q_mode)5, (ap_o_mode)3, 0>, config5>' completely with a factor of 32
remark: firmware/nnet_utils/nnet_dense_latency.h:15:0: Unrolling loop 'Accum2' (firmware/nnet_utils/nnet_dense_latency.h:56:9) in function 'nnet::dense_latency<ap_fixed<16, 6, (ap_q_mode)5, (ap_o_mode)3, 0>, ap_fixed<16, 6, (ap_q_mode)5, (ap_o_mode)3, 0>, config5>' completely with a factor of 32
remark: firmware/nnet_utils/nnet_dense_latency.h:15:0: Unrolling loop 'Accum2' (firmware/nnet_utils/nnet_dense_latency.h:56:9) in function 'nnet::dense_latency<ap_fixed<16, 6, (ap_q_mode)5, (ap_o_mode)3, 0>, ap_fixed<16, 6, (ap_q_mode)5, (ap_o_mode)3, 0>, config5>' completely with a factor of 32
remark: firmware/nnet_utils/nnet_dense_latency.h:15:0: Unrolling loop 'Accum2' (firmware/nnet_utils/nnet_dense_latency.h:56:9) in function 'nnet::dense_latency<ap_fixed<16, 6, (ap_q_mode)5, (ap_o_mode)3, 0>, ap_fixed<16, 6, (ap_q_mode)5, (ap_o_mode)3, 0>, config5>' completely with a factor of 32
remark: firmware/nnet_utils/nnet_dense_latency.h:15:0: Unrolling loop 'Accum2' (firmware/nnet_utils/nnet_dense_latency.h:56:9) in function 'nnet::dense_latency<ap_fixed<16, 6, (ap_q_mode)5, (ap_o_mode)3, 0>, ap_fixed<16, 6, (ap_q_mode)5, (ap_o_mode)3, 0>, config5>' completely with a factor of 32
remark: firmware/nnet_utils/nnet_dense_latency.h:15:0: Unrolling loop 'Accum2' (firmware/nnet_utils/nnet_dense_latency.h:56:9) in function 'nnet::dense_latency<ap_fixed<16, 6, (ap_q_mode)5, (ap_o_mode)3, 0>, ap_fixed<16, 6, (ap_q_mode)5, (ap_o_mode)3, 0>, config5>' completely with a factor of 32
remark: firmware/nnet_utils/nnet_dense_latency.h:15:0: Unrolling loop 'ResetAccum' (firmware/nnet_utils/nnet_dense_latency.h:48:5) in function 'nnet::dense_latency<ap_fixed<16, 6, (ap_q_mode)5, (ap_o_mode)3, 0>, ap_fixed<16, 6, (ap_q_mode)5, (ap_o_mode)3, 0>, config5>' completely with a factor of 32
remark: firmware/nnet_utils/nnet_dense_latency.h:15:0: Unrolling loop 'Product1' (firmware/nnet_utils/nnet_dense_latency.h:37:5) in function 'nnet::dense_latency<ap_fixed<16, 6, (ap_q_mode)5, (ap_o_mode)3, 0>, ap_fixed<16, 6, (ap_q_mode)5, (ap_o_mode)3, 0>, config5>' completely with a factor of 64
remark: firmware/nnet_utils/nnet_dense_latency.h:15:0: Unrolling loop 'Product2' (firmware/nnet_utils/nnet_dense_latency.h:40:9) in function 'nnet::dense_latency<ap_fixed<16, 6, (ap_q_mode)5, (ap_o_mode)3, 0>, ap_fixed<16, 6, (ap_q_mode)5, (ap_o_mode)3, 0>, config5>' completely with a factor of 32
remark: firmware/nnet_utils/nnet_dense_latency.h:15:0: Unrolling loop 'Product2' (firmware/nnet_utils/nnet_dense_latency.h:40:9) in function 'nnet::dense_latency<ap_fixed<16, 6, (ap_q_mode)5, (ap_o_mode)3, 0>, ap_fixed<16, 6, (ap_q_mode)5, (ap_o_mode)3, 0>, config5>' completely with a factor of 32
remark: firmware/nnet_utils/nnet_dense_latency.h:15:0: Unrolling loop 'Product2' (firmware/nnet_utils/nnet_dense_latency.h:40:9) in function 'nnet::dense_latency<ap_fixed<16, 6, (ap_q_mode)5, (ap_o_mode)3, 0>, ap_fixed<16, 6, (ap_q_mode)5, (ap_o_mode)3, 0>, config5>' completely with a factor of 32
remark: firmware/nnet_utils/nnet_dense_latency.h:15:0: Unrolling loop 'Product2' (firmware/nnet_utils/nnet_dense_latency.h:40:9) in function 'nnet::dense_latency<ap_fixed<16, 6, (ap_q_mode)5, (ap_o_mode)3, 0>, ap_fixed<16, 6, (ap_q_mode)5, (ap_o_mode)3, 0>, config5>' completely with a factor of 32
remark: firmware/nnet_utils/nnet_dense_latency.h:15:0: Unrolling loop 'Product2' (firmware/nnet_utils/nnet_dense_latency.h:40:9) in function 'nnet::dense_latency<ap_fixed<16, 6, (ap_q_mode)5, (ap_o_mode)3, 0>, ap_fixed<16, 6, (ap_q_mode)5, (ap_o_mode)3, 0>, config5>' completely with a factor of 32
remark: firmware/nnet_utils/nnet_dense_latency.h:15:0: Unrolling loop 'Product2' (firmware/nnet_utils/nnet_dense_latency.h:40:9) in function 'nnet::dense_latency<ap_fixed<16, 6, (ap_q_mode)5, (ap_o_mode)3, 0>, ap_fixed<16, 6, (ap_q_mode)5, (ap_o_mode)3, 0>, config5>' completely with a factor of 32
remark: firmware/nnet_utils/nnet_dense_latency.h:15:0: Unrolling loop 'Product2' (firmware/nnet_utils/nnet_dense_latency.h:40:9) in function 'nnet::dense_latency<ap_fixed<16, 6, (ap_q_mode)5, (ap_o_mode)3, 0>, ap_fixed<16, 6, (ap_q_mode)5, (ap_o_mode)3, 0>, config5>' completely with a factor of 32
remark: firmware/nnet_utils/nnet_dense_latency.h:15:0: Unrolling loop 'Product2' (firmware/nnet_utils/nnet_dense_latency.h:40:9) in function 'nnet::dense_latency<ap_fixed<16, 6, (ap_q_mode)5, (ap_o_mode)3, 0>, ap_fixed<16, 6, (ap_q_mode)5, (ap_o_mode)3, 0>, config5>' completely with a factor of 32
remark: firmware/nnet_utils/nnet_dense_latency.h:15:0: Unrolling loop 'Product2' (firmware/nnet_utils/nnet_dense_latency.h:40:9) in function 'nnet::dense_latency<ap_fixed<16, 6, (ap_q_mode)5, (ap_o_mode)3, 0>, ap_fixed<16, 6, (ap_q_mode)5, (ap_o_mode)3, 0>, config5>' completely with a factor of 32
remark: firmware/nnet_utils/nnet_dense_latency.h:15:0: Unrolling loop 'Product2' (firmware/nnet_utils/nnet_dense_latency.h:40:9) in function 'nnet::dense_latency<ap_fixed<16, 6, (ap_q_mode)5, (ap_o_mode)3, 0>, ap_fixed<16, 6, (ap_q_mode)5, (ap_o_mode)3, 0>, config5>' completely with a factor of 32
remark: firmware/nnet_utils/nnet_dense_latency.h:15:0: Unrolling loop 'Product2' (firmware/nnet_utils/nnet_dense_latency.h:40:9) in function 'nnet::dense_latency<ap_fixed<16, 6, (ap_q_mode)5, (ap_o_mode)3, 0>, ap_fixed<16, 6, (ap_q_mode)5, (ap_o_mode)3, 0>, config5>' completely with a factor of 32
remark: firmware/nnet_utils/nnet_dense_latency.h:15:0: Unrolling loop 'Product2' (firmware/nnet_utils/nnet_dense_latency.h:40:9) in function 'nnet::dense_latency<ap_fixed<16, 6, (ap_q_mode)5, (ap_o_mode)3, 0>, ap_fixed<16, 6, (ap_q_mode)5, (ap_o_mode)3, 0>, config5>' completely with a factor of 32
remark: firmware/nnet_utils/nnet_dense_latency.h:15:0: Unrolling loop 'Product2' (firmware/nnet_utils/nnet_dense_latency.h:40:9) in function 'nnet::dense_latency<ap_fixed<16, 6, (ap_q_mode)5, (ap_o_mode)3, 0>, ap_fixed<16, 6, (ap_q_mode)5, (ap_o_mode)3, 0>, config5>' completely with a factor of 32
remark: firmware/nnet_utils/nnet_dense_latency.h:15:0: Unrolling loop 'Product2' (firmware/nnet_utils/nnet_dense_latency.h:40:9) in function 'nnet::dense_latency<ap_fixed<16, 6, (ap_q_mode)5, (ap_o_mode)3, 0>, ap_fixed<16, 6, (ap_q_mode)5, (ap_o_mode)3, 0>, config5>' completely with a factor of 32
remark: firmware/nnet_utils/nnet_dense_latency.h:15:0: Unrolling loop 'Product2' (firmware/nnet_utils/nnet_dense_latency.h:40:9) in function 'nnet::dense_latency<ap_fixed<16, 6, (ap_q_mode)5, (ap_o_mode)3, 0>, ap_fixed<16, 6, (ap_q_mode)5, (ap_o_mode)3, 0>, config5>' completely with a factor of 32
remark: firmware/nnet_utils/nnet_dense_latency.h:15:0: Unrolling loop 'Product2' (firmware/nnet_utils/nnet_dense_latency.h:40:9) in function 'nnet::dense_latency<ap_fixed<16, 6, (ap_q_mode)5, (ap_o_mode)3, 0>, ap_fixed<16, 6, (ap_q_mode)5, (ap_o_mode)3, 0>, config5>' completely with a factor of 32
remark: firmware/nnet_utils/nnet_dense_latency.h:15:0: Unrolling loop 'Product2' (firmware/nnet_utils/nnet_dense_latency.h:40:9) in function 'nnet::dense_latency<ap_fixed<16, 6, (ap_q_mode)5, (ap_o_mode)3, 0>, ap_fixed<16, 6, (ap_q_mode)5, (ap_o_mode)3, 0>, config5>' completely with a factor of 32
remark: firmware/nnet_utils/nnet_dense_latency.h:15:0: Unrolling loop 'Product2' (firmware/nnet_utils/nnet_dense_latency.h:40:9) in function 'nnet::dense_latency<ap_fixed<16, 6, (ap_q_mode)5, (ap_o_mode)3, 0>, ap_fixed<16, 6, (ap_q_mode)5, (ap_o_mode)3, 0>, config5>' completely with a factor of 32
remark: firmware/nnet_utils/nnet_dense_latency.h:15:0: Unrolling loop 'Product2' (firmware/nnet_utils/nnet_dense_latency.h:40:9) in function 'nnet::dense_latency<ap_fixed<16, 6, (ap_q_mode)5, (ap_o_mode)3, 0>, ap_fixed<16, 6, (ap_q_mode)5, (ap_o_mode)3, 0>, config5>' completely with a factor of 32
remark: firmware/nnet_utils/nnet_dense_latency.h:15:0: Unrolling loop 'Product2' (firmware/nnet_utils/nnet_dense_latency.h:40:9) in function 'nnet::dense_latency<ap_fixed<16, 6, (ap_q_mode)5, (ap_o_mode)3, 0>, ap_fixed<16, 6, (ap_q_mode)5, (ap_o_mode)3, 0>, config5>' completely with a factor of 32
remark: firmware/nnet_utils/nnet_dense_latency.h:15:0: Unrolling loop 'Product2' (firmware/nnet_utils/nnet_dense_latency.h:40:9) in function 'nnet::dense_latency<ap_fixed<16, 6, (ap_q_mode)5, (ap_o_mode)3, 0>, ap_fixed<16, 6, (ap_q_mode)5, (ap_o_mode)3, 0>, config5>' completely with a factor of 32
remark: firmware/nnet_utils/nnet_dense_latency.h:15:0: Unrolling loop 'Product2' (firmware/nnet_utils/nnet_dense_latency.h:40:9) in function 'nnet::dense_latency<ap_fixed<16, 6, (ap_q_mode)5, (ap_o_mode)3, 0>, ap_fixed<16, 6, (ap_q_mode)5, (ap_o_mode)3, 0>, config5>' completely with a factor of 32
remark: firmware/nnet_utils/nnet_dense_latency.h:15:0: Unrolling loop 'Product2' (firmware/nnet_utils/nnet_dense_latency.h:40:9) in function 'nnet::dense_latency<ap_fixed<16, 6, (ap_q_mode)5, (ap_o_mode)3, 0>, ap_fixed<16, 6, (ap_q_mode)5, (ap_o_mode)3, 0>, config5>' completely with a factor of 32
remark: firmware/nnet_utils/nnet_dense_latency.h:15:0: Unrolling loop 'Product2' (firmware/nnet_utils/nnet_dense_latency.h:40:9) in function 'nnet::dense_latency<ap_fixed<16, 6, (ap_q_mode)5, (ap_o_mode)3, 0>, ap_fixed<16, 6, (ap_q_mode)5, (ap_o_mode)3, 0>, config5>' completely with a factor of 32
remark: firmware/nnet_utils/nnet_dense_latency.h:15:0: Unrolling loop 'Product2' (firmware/nnet_utils/nnet_dense_latency.h:40:9) in function 'nnet::dense_latency<ap_fixed<16, 6, (ap_q_mode)5, (ap_o_mode)3, 0>, ap_fixed<16, 6, (ap_q_mode)5, (ap_o_mode)3, 0>, config5>' completely with a factor of 32
remark: firmware/nnet_utils/nnet_dense_latency.h:15:0: Unrolling loop 'Product2' (firmware/nnet_utils/nnet_dense_latency.h:40:9) in function 'nnet::dense_latency<ap_fixed<16, 6, (ap_q_mode)5, (ap_o_mode)3, 0>, ap_fixed<16, 6, (ap_q_mode)5, (ap_o_mode)3, 0>, config5>' completely with a factor of 32
remark: firmware/nnet_utils/nnet_dense_latency.h:15:0: Unrolling loop 'Product2' (firmware/nnet_utils/nnet_dense_latency.h:40:9) in function 'nnet::dense_latency<ap_fixed<16, 6, (ap_q_mode)5, (ap_o_mode)3, 0>, ap_fixed<16, 6, (ap_q_mode)5, (ap_o_mode)3, 0>, config5>' completely with a factor of 32
remark: firmware/nnet_utils/nnet_dense_latency.h:15:0: Unrolling loop 'Product2' (firmware/nnet_utils/nnet_dense_latency.h:40:9) in function 'nnet::dense_latency<ap_fixed<16, 6, (ap_q_mode)5, (ap_o_mode)3, 0>, ap_fixed<16, 6, (ap_q_mode)5, (ap_o_mode)3, 0>, config5>' completely with a factor of 32
remark: firmware/nnet_utils/nnet_dense_latency.h:15:0: Unrolling loop 'Product2' (firmware/nnet_utils/nnet_dense_latency.h:40:9) in function 'nnet::dense_latency<ap_fixed<16, 6, (ap_q_mode)5, (ap_o_mode)3, 0>, ap_fixed<16, 6, (ap_q_mode)5, (ap_o_mode)3, 0>, config5>' completely with a factor of 32
remark: firmware/nnet_utils/nnet_dense_latency.h:15:0: Unrolling loop 'Product2' (firmware/nnet_utils/nnet_dense_latency.h:40:9) in function 'nnet::dense_latency<ap_fixed<16, 6, (ap_q_mode)5, (ap_o_mode)3, 0>, ap_fixed<16, 6, (ap_q_mode)5, (ap_o_mode)3, 0>, config5>' completely with a factor of 32
remark: firmware/nnet_utils/nnet_dense_latency.h:15:0: Unrolling loop 'Product2' (firmware/nnet_utils/nnet_dense_latency.h:40:9) in function 'nnet::dense_latency<ap_fixed<16, 6, (ap_q_mode)5, (ap_o_mode)3, 0>, ap_fixed<16, 6, (ap_q_mode)5, (ap_o_mode)3, 0>, config5>' completely with a factor of 32
remark: firmware/nnet_utils/nnet_dense_latency.h:15:0: Unrolling loop 'Product2' (firmware/nnet_utils/nnet_dense_latency.h:40:9) in function 'nnet::dense_latency<ap_fixed<16, 6, (ap_q_mode)5, (ap_o_mode)3, 0>, ap_fixed<16, 6, (ap_q_mode)5, (ap_o_mode)3, 0>, config5>' completely with a factor of 32
remark: firmware/nnet_utils/nnet_dense_latency.h:15:0: Unrolling loop 'Product2' (firmware/nnet_utils/nnet_dense_latency.h:40:9) in function 'nnet::dense_latency<ap_fixed<16, 6, (ap_q_mode)5, (ap_o_mode)3, 0>, ap_fixed<16, 6, (ap_q_mode)5, (ap_o_mode)3, 0>, config5>' completely with a factor of 32
remark: firmware/nnet_utils/nnet_dense_latency.h:15:0: Unrolling loop 'Product2' (firmware/nnet_utils/nnet_dense_latency.h:40:9) in function 'nnet::dense_latency<ap_fixed<16, 6, (ap_q_mode)5, (ap_o_mode)3, 0>, ap_fixed<16, 6, (ap_q_mode)5, (ap_o_mode)3, 0>, config5>' completely with a factor of 32
remark: firmware/nnet_utils/nnet_dense_latency.h:15:0: Unrolling loop 'Product2' (firmware/nnet_utils/nnet_dense_latency.h:40:9) in function 'nnet::dense_latency<ap_fixed<16, 6, (ap_q_mode)5, (ap_o_mode)3, 0>, ap_fixed<16, 6, (ap_q_mode)5, (ap_o_mode)3, 0>, config5>' completely with a factor of 32
remark: firmware/nnet_utils/nnet_dense_latency.h:15:0: Unrolling loop 'Product2' (firmware/nnet_utils/nnet_dense_latency.h:40:9) in function 'nnet::dense_latency<ap_fixed<16, 6, (ap_q_mode)5, (ap_o_mode)3, 0>, ap_fixed<16, 6, (ap_q_mode)5, (ap_o_mode)3, 0>, config5>' completely with a factor of 32
remark: firmware/nnet_utils/nnet_dense_latency.h:15:0: Unrolling loop 'Product2' (firmware/nnet_utils/nnet_dense_latency.h:40:9) in function 'nnet::dense_latency<ap_fixed<16, 6, (ap_q_mode)5, (ap_o_mode)3, 0>, ap_fixed<16, 6, (ap_q_mode)5, (ap_o_mode)3, 0>, config5>' completely with a factor of 32
remark: firmware/nnet_utils/nnet_dense_latency.h:15:0: Unrolling loop 'Product2' (firmware/nnet_utils/nnet_dense_latency.h:40:9) in function 'nnet::dense_latency<ap_fixed<16, 6, (ap_q_mode)5, (ap_o_mode)3, 0>, ap_fixed<16, 6, (ap_q_mode)5, (ap_o_mode)3, 0>, config5>' completely with a factor of 32
remark: firmware/nnet_utils/nnet_dense_latency.h:15:0: Unrolling loop 'Product2' (firmware/nnet_utils/nnet_dense_latency.h:40:9) in function 'nnet::dense_latency<ap_fixed<16, 6, (ap_q_mode)5, (ap_o_mode)3, 0>, ap_fixed<16, 6, (ap_q_mode)5, (ap_o_mode)3, 0>, config5>' completely with a factor of 32
remark: firmware/nnet_utils/nnet_dense_latency.h:15:0: Unrolling loop 'Product2' (firmware/nnet_utils/nnet_dense_latency.h:40:9) in function 'nnet::dense_latency<ap_fixed<16, 6, (ap_q_mode)5, (ap_o_mode)3, 0>, ap_fixed<16, 6, (ap_q_mode)5, (ap_o_mode)3, 0>, config5>' completely with a factor of 32
remark: firmware/nnet_utils/nnet_dense_latency.h:15:0: Unrolling loop 'Product2' (firmware/nnet_utils/nnet_dense_latency.h:40:9) in function 'nnet::dense_latency<ap_fixed<16, 6, (ap_q_mode)5, (ap_o_mode)3, 0>, ap_fixed<16, 6, (ap_q_mode)5, (ap_o_mode)3, 0>, config5>' completely with a factor of 32
remark: firmware/nnet_utils/nnet_dense_latency.h:15:0: Unrolling loop 'Product2' (firmware/nnet_utils/nnet_dense_latency.h:40:9) in function 'nnet::dense_latency<ap_fixed<16, 6, (ap_q_mode)5, (ap_o_mode)3, 0>, ap_fixed<16, 6, (ap_q_mode)5, (ap_o_mode)3, 0>, config5>' completely with a factor of 32
remark: firmware/nnet_utils/nnet_dense_latency.h:15:0: Unrolling loop 'Product2' (firmware/nnet_utils/nnet_dense_latency.h:40:9) in function 'nnet::dense_latency<ap_fixed<16, 6, (ap_q_mode)5, (ap_o_mode)3, 0>, ap_fixed<16, 6, (ap_q_mode)5, (ap_o_mode)3, 0>, config5>' completely with a factor of 32
remark: firmware/nnet_utils/nnet_dense_latency.h:15:0: Unrolling loop 'Product2' (firmware/nnet_utils/nnet_dense_latency.h:40:9) in function 'nnet::dense_latency<ap_fixed<16, 6, (ap_q_mode)5, (ap_o_mode)3, 0>, ap_fixed<16, 6, (ap_q_mode)5, (ap_o_mode)3, 0>, config5>' completely with a factor of 32
remark: firmware/nnet_utils/nnet_dense_latency.h:15:0: Unrolling loop 'Product2' (firmware/nnet_utils/nnet_dense_latency.h:40:9) in function 'nnet::dense_latency<ap_fixed<16, 6, (ap_q_mode)5, (ap_o_mode)3, 0>, ap_fixed<16, 6, (ap_q_mode)5, (ap_o_mode)3, 0>, config5>' completely with a factor of 32
remark: firmware/nnet_utils/nnet_dense_latency.h:15:0: Unrolling loop 'Product2' (firmware/nnet_utils/nnet_dense_latency.h:40:9) in function 'nnet::dense_latency<ap_fixed<16, 6, (ap_q_mode)5, (ap_o_mode)3, 0>, ap_fixed<16, 6, (ap_q_mode)5, (ap_o_mode)3, 0>, config5>' completely with a factor of 32
remark: firmware/nnet_utils/nnet_dense_latency.h:15:0: Unrolling loop 'Product2' (firmware/nnet_utils/nnet_dense_latency.h:40:9) in function 'nnet::dense_latency<ap_fixed<16, 6, (ap_q_mode)5, (ap_o_mode)3, 0>, ap_fixed<16, 6, (ap_q_mode)5, (ap_o_mode)3, 0>, config5>' completely with a factor of 32
remark: firmware/nnet_utils/nnet_dense_latency.h:15:0: Unrolling loop 'Product2' (firmware/nnet_utils/nnet_dense_latency.h:40:9) in function 'nnet::dense_latency<ap_fixed<16, 6, (ap_q_mode)5, (ap_o_mode)3, 0>, ap_fixed<16, 6, (ap_q_mode)5, (ap_o_mode)3, 0>, config5>' completely with a factor of 32
remark: firmware/nnet_utils/nnet_dense_latency.h:15:0: Unrolling loop 'Product2' (firmware/nnet_utils/nnet_dense_latency.h:40:9) in function 'nnet::dense_latency<ap_fixed<16, 6, (ap_q_mode)5, (ap_o_mode)3, 0>, ap_fixed<16, 6, (ap_q_mode)5, (ap_o_mode)3, 0>, config5>' completely with a factor of 32
remark: firmware/nnet_utils/nnet_dense_latency.h:15:0: Unrolling loop 'Product2' (firmware/nnet_utils/nnet_dense_latency.h:40:9) in function 'nnet::dense_latency<ap_fixed<16, 6, (ap_q_mode)5, (ap_o_mode)3, 0>, ap_fixed<16, 6, (ap_q_mode)5, (ap_o_mode)3, 0>, config5>' completely with a factor of 32
remark: firmware/nnet_utils/nnet_dense_latency.h:15:0: Unrolling loop 'Product2' (firmware/nnet_utils/nnet_dense_latency.h:40:9) in function 'nnet::dense_latency<ap_fixed<16, 6, (ap_q_mode)5, (ap_o_mode)3, 0>, ap_fixed<16, 6, (ap_q_mode)5, (ap_o_mode)3, 0>, config5>' completely with a factor of 32
remark: firmware/nnet_utils/nnet_dense_latency.h:15:0: Unrolling loop 'Product2' (firmware/nnet_utils/nnet_dense_latency.h:40:9) in function 'nnet::dense_latency<ap_fixed<16, 6, (ap_q_mode)5, (ap_o_mode)3, 0>, ap_fixed<16, 6, (ap_q_mode)5, (ap_o_mode)3, 0>, config5>' completely with a factor of 32
remark: firmware/nnet_utils/nnet_dense_latency.h:15:0: Unrolling loop 'Product2' (firmware/nnet_utils/nnet_dense_latency.h:40:9) in function 'nnet::dense_latency<ap_fixed<16, 6, (ap_q_mode)5, (ap_o_mode)3, 0>, ap_fixed<16, 6, (ap_q_mode)5, (ap_o_mode)3, 0>, config5>' completely with a factor of 32
remark: firmware/nnet_utils/nnet_dense_latency.h:15:0: Unrolling loop 'Product2' (firmware/nnet_utils/nnet_dense_latency.h:40:9) in function 'nnet::dense_latency<ap_fixed<16, 6, (ap_q_mode)5, (ap_o_mode)3, 0>, ap_fixed<16, 6, (ap_q_mode)5, (ap_o_mode)3, 0>, config5>' completely with a factor of 32
remark: firmware/nnet_utils/nnet_dense_latency.h:15:0: Unrolling loop 'Product2' (firmware/nnet_utils/nnet_dense_latency.h:40:9) in function 'nnet::dense_latency<ap_fixed<16, 6, (ap_q_mode)5, (ap_o_mode)3, 0>, ap_fixed<16, 6, (ap_q_mode)5, (ap_o_mode)3, 0>, config5>' completely with a factor of 32
remark: firmware/nnet_utils/nnet_dense_latency.h:15:0: Unrolling loop 'Product2' (firmware/nnet_utils/nnet_dense_latency.h:40:9) in function 'nnet::dense_latency<ap_fixed<16, 6, (ap_q_mode)5, (ap_o_mode)3, 0>, ap_fixed<16, 6, (ap_q_mode)5, (ap_o_mode)3, 0>, config5>' completely with a factor of 32
remark: firmware/nnet_utils/nnet_dense_latency.h:15:0: Unrolling loop 'Product2' (firmware/nnet_utils/nnet_dense_latency.h:40:9) in function 'nnet::dense_latency<ap_fixed<16, 6, (ap_q_mode)5, (ap_o_mode)3, 0>, ap_fixed<16, 6, (ap_q_mode)5, (ap_o_mode)3, 0>, config5>' completely with a factor of 32
remark: firmware/nnet_utils/nnet_dense_latency.h:15:0: Unrolling loop 'Product2' (firmware/nnet_utils/nnet_dense_latency.h:40:9) in function 'nnet::dense_latency<ap_fixed<16, 6, (ap_q_mode)5, (ap_o_mode)3, 0>, ap_fixed<16, 6, (ap_q_mode)5, (ap_o_mode)3, 0>, config5>' completely with a factor of 32
remark: firmware/nnet_utils/nnet_dense_latency.h:15:0: Unrolling loop 'Product2' (firmware/nnet_utils/nnet_dense_latency.h:40:9) in function 'nnet::dense_latency<ap_fixed<16, 6, (ap_q_mode)5, (ap_o_mode)3, 0>, ap_fixed<16, 6, (ap_q_mode)5, (ap_o_mode)3, 0>, config5>' completely with a factor of 32
remark: firmware/nnet_utils/nnet_dense_latency.h:15:0: Unrolling loop 'Product2' (firmware/nnet_utils/nnet_dense_latency.h:40:9) in function 'nnet::dense_latency<ap_fixed<16, 6, (ap_q_mode)5, (ap_o_mode)3, 0>, ap_fixed<16, 6, (ap_q_mode)5, (ap_o_mode)3, 0>, config5>' completely with a factor of 32
remark: firmware/nnet_utils/nnet_dense_latency.h:15:0: Unrolling loop 'Product2' (firmware/nnet_utils/nnet_dense_latency.h:40:9) in function 'nnet::dense_latency<ap_fixed<16, 6, (ap_q_mode)5, (ap_o_mode)3, 0>, ap_fixed<16, 6, (ap_q_mode)5, (ap_o_mode)3, 0>, config5>' completely with a factor of 32
remark: firmware/nnet_utils/nnet_dense_latency.h:15:0: Unrolling loop 'Product2' (firmware/nnet_utils/nnet_dense_latency.h:40:9) in function 'nnet::dense_latency<ap_fixed<16, 6, (ap_q_mode)5, (ap_o_mode)3, 0>, ap_fixed<16, 6, (ap_q_mode)5, (ap_o_mode)3, 0>, config5>' completely with a factor of 32
remark: firmware/nnet_utils/nnet_dense_latency.h:15:0: Unrolling loop 'Product2' (firmware/nnet_utils/nnet_dense_latency.h:40:9) in function 'nnet::dense_latency<ap_fixed<16, 6, (ap_q_mode)5, (ap_o_mode)3, 0>, ap_fixed<16, 6, (ap_q_mode)5, (ap_o_mode)3, 0>, config5>' completely with a factor of 32
remark: firmware/nnet_utils/nnet_dense_latency.h:15:0: Unrolling loop 'Product2' (firmware/nnet_utils/nnet_dense_latency.h:40:9) in function 'nnet::dense_latency<ap_fixed<16, 6, (ap_q_mode)5, (ap_o_mode)3, 0>, ap_fixed<16, 6, (ap_q_mode)5, (ap_o_mode)3, 0>, config5>' completely with a factor of 32
remark: firmware/nnet_utils/nnet_activation.h:39:0: Unrolling loop 'VITIS_LOOP_43_1' (firmware/nnet_utils/nnet_activation.h:43:22) in function 'nnet::relu<ap_fixed<16, 6, (ap_q_mode)5, (ap_o_mode)3, 0>, ap_fixed<16, 6, (ap_q_mode)5, (ap_o_mode)3, 0>, relu_config4>' completely with a factor of 64
remark: firmware/nnet_utils/nnet_dense_latency.h:15:0: Unrolling loop 'Result' (firmware/nnet_utils/nnet_dense_latency.h:64:5) in function 'nnet::dense_latency<ap_fixed<16, 6, (ap_q_mode)5, (ap_o_mode)3, 0>, ap_fixed<16, 6, (ap_q_mode)5, (ap_o_mode)3, 0>, config2>' completely with a factor of 64
remark: firmware/nnet_utils/nnet_dense_latency.h:15:0: Unrolling loop 'Accum1' (firmware/nnet_utils/nnet_dense_latency.h:54:5) in function 'nnet::dense_latency<ap_fixed<16, 6, (ap_q_mode)5, (ap_o_mode)3, 0>, ap_fixed<16, 6, (ap_q_mode)5, (ap_o_mode)3, 0>, config2>' completely with a factor of 16
remark: firmware/nnet_utils/nnet_dense_latency.h:15:0: Unrolling loop 'Accum2' (firmware/nnet_utils/nnet_dense_latency.h:56:9) in function 'nnet::dense_latency<ap_fixed<16, 6, (ap_q_mode)5, (ap_o_mode)3, 0>, ap_fixed<16, 6, (ap_q_mode)5, (ap_o_mode)3, 0>, config2>' completely with a factor of 64
remark: firmware/nnet_utils/nnet_dense_latency.h:15:0: Unrolling loop 'Accum2' (firmware/nnet_utils/nnet_dense_latency.h:56:9) in function 'nnet::dense_latency<ap_fixed<16, 6, (ap_q_mode)5, (ap_o_mode)3, 0>, ap_fixed<16, 6, (ap_q_mode)5, (ap_o_mode)3, 0>, config2>' completely with a factor of 64
remark: firmware/nnet_utils/nnet_dense_latency.h:15:0: Unrolling loop 'Accum2' (firmware/nnet_utils/nnet_dense_latency.h:56:9) in function 'nnet::dense_latency<ap_fixed<16, 6, (ap_q_mode)5, (ap_o_mode)3, 0>, ap_fixed<16, 6, (ap_q_mode)5, (ap_o_mode)3, 0>, config2>' completely with a factor of 64
remark: firmware/nnet_utils/nnet_dense_latency.h:15:0: Unrolling loop 'Accum2' (firmware/nnet_utils/nnet_dense_latency.h:56:9) in function 'nnet::dense_latency<ap_fixed<16, 6, (ap_q_mode)5, (ap_o_mode)3, 0>, ap_fixed<16, 6, (ap_q_mode)5, (ap_o_mode)3, 0>, config2>' completely with a factor of 64
remark: firmware/nnet_utils/nnet_dense_latency.h:15:0: Unrolling loop 'Accum2' (firmware/nnet_utils/nnet_dense_latency.h:56:9) in function 'nnet::dense_latency<ap_fixed<16, 6, (ap_q_mode)5, (ap_o_mode)3, 0>, ap_fixed<16, 6, (ap_q_mode)5, (ap_o_mode)3, 0>, config2>' completely with a factor of 64
remark: firmware/nnet_utils/nnet_dense_latency.h:15:0: Unrolling loop 'Accum2' (firmware/nnet_utils/nnet_dense_latency.h:56:9) in function 'nnet::dense_latency<ap_fixed<16, 6, (ap_q_mode)5, (ap_o_mode)3, 0>, ap_fixed<16, 6, (ap_q_mode)5, (ap_o_mode)3, 0>, config2>' completely with a factor of 64
remark: firmware/nnet_utils/nnet_dense_latency.h:15:0: Unrolling loop 'Accum2' (firmware/nnet_utils/nnet_dense_latency.h:56:9) in function 'nnet::dense_latency<ap_fixed<16, 6, (ap_q_mode)5, (ap_o_mode)3, 0>, ap_fixed<16, 6, (ap_q_mode)5, (ap_o_mode)3, 0>, config2>' completely with a factor of 64
remark: firmware/nnet_utils/nnet_dense_latency.h:15:0: Unrolling loop 'Accum2' (firmware/nnet_utils/nnet_dense_latency.h:56:9) in function 'nnet::dense_latency<ap_fixed<16, 6, (ap_q_mode)5, (ap_o_mode)3, 0>, ap_fixed<16, 6, (ap_q_mode)5, (ap_o_mode)3, 0>, config2>' completely with a factor of 64
remark: firmware/nnet_utils/nnet_dense_latency.h:15:0: Unrolling loop 'Accum2' (firmware/nnet_utils/nnet_dense_latency.h:56:9) in function 'nnet::dense_latency<ap_fixed<16, 6, (ap_q_mode)5, (ap_o_mode)3, 0>, ap_fixed<16, 6, (ap_q_mode)5, (ap_o_mode)3, 0>, config2>' completely with a factor of 64
remark: firmware/nnet_utils/nnet_dense_latency.h:15:0: Unrolling loop 'Accum2' (firmware/nnet_utils/nnet_dense_latency.h:56:9) in function 'nnet::dense_latency<ap_fixed<16, 6, (ap_q_mode)5, (ap_o_mode)3, 0>, ap_fixed<16, 6, (ap_q_mode)5, (ap_o_mode)3, 0>, config2>' completely with a factor of 64
remark: firmware/nnet_utils/nnet_dense_latency.h:15:0: Unrolling loop 'Accum2' (firmware/nnet_utils/nnet_dense_latency.h:56:9) in function 'nnet::dense_latency<ap_fixed<16, 6, (ap_q_mode)5, (ap_o_mode)3, 0>, ap_fixed<16, 6, (ap_q_mode)5, (ap_o_mode)3, 0>, config2>' completely with a factor of 64
remark: firmware/nnet_utils/nnet_dense_latency.h:15:0: Unrolling loop 'Accum2' (firmware/nnet_utils/nnet_dense_latency.h:56:9) in function 'nnet::dense_latency<ap_fixed<16, 6, (ap_q_mode)5, (ap_o_mode)3, 0>, ap_fixed<16, 6, (ap_q_mode)5, (ap_o_mode)3, 0>, config2>' completely with a factor of 64
remark: firmware/nnet_utils/nnet_dense_latency.h:15:0: Unrolling loop 'Accum2' (firmware/nnet_utils/nnet_dense_latency.h:56:9) in function 'nnet::dense_latency<ap_fixed<16, 6, (ap_q_mode)5, (ap_o_mode)3, 0>, ap_fixed<16, 6, (ap_q_mode)5, (ap_o_mode)3, 0>, config2>' completely with a factor of 64
remark: firmware/nnet_utils/nnet_dense_latency.h:15:0: Unrolling loop 'Accum2' (firmware/nnet_utils/nnet_dense_latency.h:56:9) in function 'nnet::dense_latency<ap_fixed<16, 6, (ap_q_mode)5, (ap_o_mode)3, 0>, ap_fixed<16, 6, (ap_q_mode)5, (ap_o_mode)3, 0>, config2>' completely with a factor of 64
remark: firmware/nnet_utils/nnet_dense_latency.h:15:0: Unrolling loop 'Accum2' (firmware/nnet_utils/nnet_dense_latency.h:56:9) in function 'nnet::dense_latency<ap_fixed<16, 6, (ap_q_mode)5, (ap_o_mode)3, 0>, ap_fixed<16, 6, (ap_q_mode)5, (ap_o_mode)3, 0>, config2>' completely with a factor of 64
remark: firmware/nnet_utils/nnet_dense_latency.h:15:0: Unrolling loop 'Accum2' (firmware/nnet_utils/nnet_dense_latency.h:56:9) in function 'nnet::dense_latency<ap_fixed<16, 6, (ap_q_mode)5, (ap_o_mode)3, 0>, ap_fixed<16, 6, (ap_q_mode)5, (ap_o_mode)3, 0>, config2>' completely with a factor of 64
remark: firmware/nnet_utils/nnet_dense_latency.h:15:0: Unrolling loop 'ResetAccum' (firmware/nnet_utils/nnet_dense_latency.h:48:5) in function 'nnet::dense_latency<ap_fixed<16, 6, (ap_q_mode)5, (ap_o_mode)3, 0>, ap_fixed<16, 6, (ap_q_mode)5, (ap_o_mode)3, 0>, config2>' completely with a factor of 64
remark: firmware/nnet_utils/nnet_dense_latency.h:15:0: Unrolling loop 'Product1' (firmware/nnet_utils/nnet_dense_latency.h:37:5) in function 'nnet::dense_latency<ap_fixed<16, 6, (ap_q_mode)5, (ap_o_mode)3, 0>, ap_fixed<16, 6, (ap_q_mode)5, (ap_o_mode)3, 0>, config2>' completely with a factor of 16
remark: firmware/nnet_utils/nnet_dense_latency.h:15:0: Unrolling loop 'Product2' (firmware/nnet_utils/nnet_dense_latency.h:40:9) in function 'nnet::dense_latency<ap_fixed<16, 6, (ap_q_mode)5, (ap_o_mode)3, 0>, ap_fixed<16, 6, (ap_q_mode)5, (ap_o_mode)3, 0>, config2>' completely with a factor of 64
remark: firmware/nnet_utils/nnet_dense_latency.h:15:0: Unrolling loop 'Product2' (firmware/nnet_utils/nnet_dense_latency.h:40:9) in function 'nnet::dense_latency<ap_fixed<16, 6, (ap_q_mode)5, (ap_o_mode)3, 0>, ap_fixed<16, 6, (ap_q_mode)5, (ap_o_mode)3, 0>, config2>' completely with a factor of 64
remark: firmware/nnet_utils/nnet_dense_latency.h:15:0: Unrolling loop 'Product2' (firmware/nnet_utils/nnet_dense_latency.h:40:9) in function 'nnet::dense_latency<ap_fixed<16, 6, (ap_q_mode)5, (ap_o_mode)3, 0>, ap_fixed<16, 6, (ap_q_mode)5, (ap_o_mode)3, 0>, config2>' completely with a factor of 64
remark: firmware/nnet_utils/nnet_dense_latency.h:15:0: Unrolling loop 'Product2' (firmware/nnet_utils/nnet_dense_latency.h:40:9) in function 'nnet::dense_latency<ap_fixed<16, 6, (ap_q_mode)5, (ap_o_mode)3, 0>, ap_fixed<16, 6, (ap_q_mode)5, (ap_o_mode)3, 0>, config2>' completely with a factor of 64
remark: firmware/nnet_utils/nnet_dense_latency.h:15:0: Unrolling loop 'Product2' (firmware/nnet_utils/nnet_dense_latency.h:40:9) in function 'nnet::dense_latency<ap_fixed<16, 6, (ap_q_mode)5, (ap_o_mode)3, 0>, ap_fixed<16, 6, (ap_q_mode)5, (ap_o_mode)3, 0>, config2>' completely with a factor of 64
remark: firmware/nnet_utils/nnet_dense_latency.h:15:0: Unrolling loop 'Product2' (firmware/nnet_utils/nnet_dense_latency.h:40:9) in function 'nnet::dense_latency<ap_fixed<16, 6, (ap_q_mode)5, (ap_o_mode)3, 0>, ap_fixed<16, 6, (ap_q_mode)5, (ap_o_mode)3, 0>, config2>' completely with a factor of 64
remark: firmware/nnet_utils/nnet_dense_latency.h:15:0: Unrolling loop 'Product2' (firmware/nnet_utils/nnet_dense_latency.h:40:9) in function 'nnet::dense_latency<ap_fixed<16, 6, (ap_q_mode)5, (ap_o_mode)3, 0>, ap_fixed<16, 6, (ap_q_mode)5, (ap_o_mode)3, 0>, config2>' completely with a factor of 64
remark: firmware/nnet_utils/nnet_dense_latency.h:15:0: Unrolling loop 'Product2' (firmware/nnet_utils/nnet_dense_latency.h:40:9) in function 'nnet::dense_latency<ap_fixed<16, 6, (ap_q_mode)5, (ap_o_mode)3, 0>, ap_fixed<16, 6, (ap_q_mode)5, (ap_o_mode)3, 0>, config2>' completely with a factor of 64
remark: firmware/nnet_utils/nnet_dense_latency.h:15:0: Unrolling loop 'Product2' (firmware/nnet_utils/nnet_dense_latency.h:40:9) in function 'nnet::dense_latency<ap_fixed<16, 6, (ap_q_mode)5, (ap_o_mode)3, 0>, ap_fixed<16, 6, (ap_q_mode)5, (ap_o_mode)3, 0>, config2>' completely with a factor of 64
remark: firmware/nnet_utils/nnet_dense_latency.h:15:0: Unrolling loop 'Product2' (firmware/nnet_utils/nnet_dense_latency.h:40:9) in function 'nnet::dense_latency<ap_fixed<16, 6, (ap_q_mode)5, (ap_o_mode)3, 0>, ap_fixed<16, 6, (ap_q_mode)5, (ap_o_mode)3, 0>, config2>' completely with a factor of 64
remark: firmware/nnet_utils/nnet_dense_latency.h:15:0: Unrolling loop 'Product2' (firmware/nnet_utils/nnet_dense_latency.h:40:9) in function 'nnet::dense_latency<ap_fixed<16, 6, (ap_q_mode)5, (ap_o_mode)3, 0>, ap_fixed<16, 6, (ap_q_mode)5, (ap_o_mode)3, 0>, config2>' completely with a factor of 64
remark: firmware/nnet_utils/nnet_dense_latency.h:15:0: Unrolling loop 'Product2' (firmware/nnet_utils/nnet_dense_latency.h:40:9) in function 'nnet::dense_latency<ap_fixed<16, 6, (ap_q_mode)5, (ap_o_mode)3, 0>, ap_fixed<16, 6, (ap_q_mode)5, (ap_o_mode)3, 0>, config2>' completely with a factor of 64
remark: firmware/nnet_utils/nnet_dense_latency.h:15:0: Unrolling loop 'Product2' (firmware/nnet_utils/nnet_dense_latency.h:40:9) in function 'nnet::dense_latency<ap_fixed<16, 6, (ap_q_mode)5, (ap_o_mode)3, 0>, ap_fixed<16, 6, (ap_q_mode)5, (ap_o_mode)3, 0>, config2>' completely with a factor of 64
remark: firmware/nnet_utils/nnet_dense_latency.h:15:0: Unrolling loop 'Product2' (firmware/nnet_utils/nnet_dense_latency.h:40:9) in function 'nnet::dense_latency<ap_fixed<16, 6, (ap_q_mode)5, (ap_o_mode)3, 0>, ap_fixed<16, 6, (ap_q_mode)5, (ap_o_mode)3, 0>, config2>' completely with a factor of 64
remark: firmware/nnet_utils/nnet_dense_latency.h:15:0: Unrolling loop 'Product2' (firmware/nnet_utils/nnet_dense_latency.h:40:9) in function 'nnet::dense_latency<ap_fixed<16, 6, (ap_q_mode)5, (ap_o_mode)3, 0>, ap_fixed<16, 6, (ap_q_mode)5, (ap_o_mode)3, 0>, config2>' completely with a factor of 64
remark: firmware/nnet_utils/nnet_dense_latency.h:15:0: Unrolling loop 'Product2' (firmware/nnet_utils/nnet_dense_latency.h:40:9) in function 'nnet::dense_latency<ap_fixed<16, 6, (ap_q_mode)5, (ap_o_mode)3, 0>, ap_fixed<16, 6, (ap_q_mode)5, (ap_o_mode)3, 0>, config2>' completely with a factor of 64
remark: firmware/nnet_utils/nnet_dense_latency.h:15:0: Inlining function 'std::enable_if<!(std::is_same<ap_fixed<16, 6, (ap_q_mode)5, (ap_o_mode)3, 0>, ap_uint<1> >::value), ap_fixed<16, 6, (ap_q_mode)5, (ap_o_mode)3, 0> >::type nnet::cast<ap_fixed<16, 6, (ap_q_mode)5, (ap_o_mode)3, 0>, ap_fixed<16, 6, (ap_q_mode)5, (ap_o_mode)3, 0>, config5>(config5::accum_t)' into 'void nnet::dense_latency<ap_fixed<16, 6, (ap_q_mode)5, (ap_o_mode)3, 0>, ap_fixed<16, 6, (ap_q_mode)5, (ap_o_mode)3, 0>, config5>(ap_fixed<16, 6, (ap_q_mode)5, (ap_o_mode)3, 0>*, ap_fixed<16, 6, (ap_q_mode)5, (ap_o_mode)3, 0>*, config5::weight_t*, config5::bias_t*)'
remark: firmware/nnet_utils/nnet_dense_latency.h:15:0: Inlining function 'std::enable_if<!(std::is_same<ap_fixed<16, 6, (ap_q_mode)5, (ap_o_mode)3, 0>, ap_uint<1> >::value), ap_fixed<16, 6, (ap_q_mode)5, (ap_o_mode)3, 0> >::type nnet::cast<ap_fixed<16, 6, (ap_q_mode)5, (ap_o_mode)3, 0>, ap_fixed<16, 6, (ap_q_mode)5, (ap_o_mode)3, 0>, config8>(config8::accum_t)' into 'void nnet::dense_latency<ap_fixed<16, 6, (ap_q_mode)5, (ap_o_mode)3, 0>, ap_fixed<16, 6, (ap_q_mode)5, (ap_o_mode)3, 0>, config8>(ap_fixed<16, 6, (ap_q_mode)5, (ap_o_mode)3, 0>*, ap_fixed<16, 6, (ap_q_mode)5, (ap_o_mode)3, 0>*, config8::weight_t*, config8::bias_t*)'
remark: firmware/nnet_utils/nnet_dense_latency.h:15:0: Inlining function 'std::enable_if<!(std::is_same<ap_fixed<16, 6, (ap_q_mode)5, (ap_o_mode)3, 0>, ap_uint<1> >::value), ap_fixed<16, 6, (ap_q_mode)5, (ap_o_mode)3, 0> >::type nnet::cast<ap_fixed<16, 6, (ap_q_mode)5, (ap_o_mode)3, 0>, ap_fixed<16, 6, (ap_q_mode)5, (ap_o_mode)3, 0>, config11>(config11::accum_t)' into 'void nnet::dense_latency<ap_fixed<16, 6, (ap_q_mode)5, (ap_o_mode)3, 0>, ap_fixed<16, 6, (ap_q_mode)5, (ap_o_mode)3, 0>, config11>(ap_fixed<16, 6, (ap_q_mode)5, (ap_o_mode)3, 0>*, ap_fixed<16, 6, (ap_q_mode)5, (ap_o_mode)3, 0>*, config11::weight_t*, config11::bias_t*)'
remark: firmware/nnet_utils/nnet_common.h:37:0: Inlining function 'nnet::Op_max<ap_fixed<16, 6, (ap_q_mode)5, (ap_o_mode)3, 0> >::operator()(ap_fixed<16, 6, (ap_q_mode)5, (ap_o_mode)3, 0>, ap_fixed<16, 6, (ap_q_mode)5, (ap_o_mode)3, 0>)' into 'ap_fixed<16, 6, (ap_q_mode)5, (ap_o_mode)3, 0> nnet::reduce<ap_fixed<16, 6, (ap_q_mode)5, (ap_o_mode)3, 0>, 2, nnet::Op_max<ap_fixed<16, 6, (ap_q_mode)5, (ap_o_mode)3, 0> > >(ap_fixed<16, 6, (ap_q_mode)5, (ap_o_mode)3, 0> const*, nnet::Op_max<ap_fixed<16, 6, (ap_q_mode)5, (ap_o_mode)3, 0> >)'
remark: firmware/nnet_utils/nnet_common.h:37:0: Inlining function 'ap_fixed<16, 6, (ap_q_mode)5, (ap_o_mode)3, 0> nnet::reduce<ap_fixed<16, 6, (ap_q_mode)5, (ap_o_mode)3, 0>, 2, nnet::Op_max<ap_fixed<16, 6, (ap_q_mode)5, (ap_o_mode)3, 0> > >(ap_fixed<16, 6, (ap_q_mode)5, (ap_o_mode)3, 0> const*, nnet::Op_max<ap_fixed<16, 6, (ap_q_mode)5, (ap_o_mode)3, 0> >)' into 'ap_fixed<16, 6, (ap_q_mode)5, (ap_o_mode)3, 0> nnet::reduce<ap_fixed<16, 6, (ap_q_mode)5, (ap_o_mode)3, 0>, 4, nnet::Op_max<ap_fixed<16, 6, (ap_q_mode)5, (ap_o_mode)3, 0> > >(ap_fixed<16, 6, (ap_q_mode)5, (ap_o_mode)3, 0> const*, nnet::Op_max<ap_fixed<16, 6, (ap_q_mode)5, (ap_o_mode)3, 0> >)'
remark: firmware/nnet_utils/nnet_common.h:37:0: Inlining function 'nnet::Op_max<ap_fixed<16, 6, (ap_q_mode)5, (ap_o_mode)3, 0> >::operator()(ap_fixed<16, 6, (ap_q_mode)5, (ap_o_mode)3, 0>, ap_fixed<16, 6, (ap_q_mode)5, (ap_o_mode)3, 0>)' into 'ap_fixed<16, 6, (ap_q_mode)5, (ap_o_mode)3, 0> nnet::reduce<ap_fixed<16, 6, (ap_q_mode)5, (ap_o_mode)3, 0>, 4, nnet::Op_max<ap_fixed<16, 6, (ap_q_mode)5, (ap_o_mode)3, 0> > >(ap_fixed<16, 6, (ap_q_mode)5, (ap_o_mode)3, 0> const*, nnet::Op_max<ap_fixed<16, 6, (ap_q_mode)5, (ap_o_mode)3, 0> >)'
remark: firmware/nnet_utils/nnet_common.h:37:0: Inlining function 'ap_fixed<16, 6, (ap_q_mode)5, (ap_o_mode)3, 0> nnet::reduce<ap_fixed<16, 6, (ap_q_mode)5, (ap_o_mode)3, 0>, 4, nnet::Op_max<ap_fixed<16, 6, (ap_q_mode)5, (ap_o_mode)3, 0> > >(ap_fixed<16, 6, (ap_q_mode)5, (ap_o_mode)3, 0> const*, nnet::Op_max<ap_fixed<16, 6, (ap_q_mode)5, (ap_o_mode)3, 0> >)' into 'ap_fixed<16, 6, (ap_q_mode)5, (ap_o_mode)3, 0> nnet::reduce<ap_fixed<16, 6, (ap_q_mode)5, (ap_o_mode)3, 0>, 5, nnet::Op_max<ap_fixed<16, 6, (ap_q_mode)5, (ap_o_mode)3, 0> > >(ap_fixed<16, 6, (ap_q_mode)5, (ap_o_mode)3, 0> const*, nnet::Op_max<ap_fixed<16, 6, (ap_q_mode)5, (ap_o_mode)3, 0> >)'
remark: firmware/nnet_utils/nnet_common.h:37:0: Inlining function 'ap_fixed<16, 6, (ap_q_mode)5, (ap_o_mode)3, 0> nnet::reduce<ap_fixed<16, 6, (ap_q_mode)5, (ap_o_mode)3, 0>, 1, nnet::Op_max<ap_fixed<16, 6, (ap_q_mode)5, (ap_o_mode)3, 0> > >(ap_fixed<16, 6, (ap_q_mode)5, (ap_o_mode)3, 0> const*, nnet::Op_max<ap_fixed<16, 6, (ap_q_mode)5, (ap_o_mode)3, 0> >)' into 'ap_fixed<16, 6, (ap_q_mode)5, (ap_o_mode)3, 0> nnet::reduce<ap_fixed<16, 6, (ap_q_mode)5, (ap_o_mode)3, 0>, 5, nnet::Op_max<ap_fixed<16, 6, (ap_q_mode)5, (ap_o_mode)3, 0> > >(ap_fixed<16, 6, (ap_q_mode)5, (ap_o_mode)3, 0> const*, nnet::Op_max<ap_fixed<16, 6, (ap_q_mode)5, (ap_o_mode)3, 0> >)'
remark: firmware/nnet_utils/nnet_common.h:37:0: Inlining function 'nnet::Op_max<ap_fixed<16, 6, (ap_q_mode)5, (ap_o_mode)3, 0> >::operator()(ap_fixed<16, 6, (ap_q_mode)5, (ap_o_mode)3, 0>, ap_fixed<16, 6, (ap_q_mode)5, (ap_o_mode)3, 0>) (.61)' into 'ap_fixed<16, 6, (ap_q_mode)5, (ap_o_mode)3, 0> nnet::reduce<ap_fixed<16, 6, (ap_q_mode)5, (ap_o_mode)3, 0>, 5, nnet::Op_max<ap_fixed<16, 6, (ap_q_mode)5, (ap_o_mode)3, 0> > >(ap_fixed<16, 6, (ap_q_mode)5, (ap_o_mode)3, 0> const*, nnet::Op_max<ap_fixed<16, 6, (ap_q_mode)5, (ap_o_mode)3, 0> >)'
remark: firmware/nnet_utils/nnet_common.h:37:0: Inlining function 'nnet::Op_add<ap_fixed<16, 6, (ap_q_mode)5, (ap_o_mode)3, 0> >::operator()(ap_fixed<16, 6, (ap_q_mode)5, (ap_o_mode)3, 0>, ap_fixed<16, 6, (ap_q_mode)5, (ap_o_mode)3, 0>) (.32.41)' into 'ap_fixed<16, 6, (ap_q_mode)5, (ap_o_mode)3, 0> nnet::reduce<ap_fixed<16, 6, (ap_q_mode)5, (ap_o_mode)3, 0>, 2, nnet::Op_add<ap_fixed<16, 6, (ap_q_mode)5, (ap_o_mode)3, 0> > >(ap_fixed<16, 6, (ap_q_mode)5, (ap_o_mode)3, 0> const*, nnet::Op_add<ap_fixed<16, 6, (ap_q_mode)5, (ap_o_mode)3, 0> >)'
remark: firmware/nnet_utils/nnet_common.h:37:0: Inlining function 'ap_fixed<16, 6, (ap_q_mode)5, (ap_o_mode)3, 0> nnet::reduce<ap_fixed<16, 6, (ap_q_mode)5, (ap_o_mode)3, 0>, 2, nnet::Op_add<ap_fixed<16, 6, (ap_q_mode)5, (ap_o_mode)3, 0> > >(ap_fixed<16, 6, (ap_q_mode)5, (ap_o_mode)3, 0> const*, nnet::Op_add<ap_fixed<16, 6, (ap_q_mode)5, (ap_o_mode)3, 0> >)' into 'ap_fixed<16, 6, (ap_q_mode)5, (ap_o_mode)3, 0> nnet::reduce<ap_fixed<16, 6, (ap_q_mode)5, (ap_o_mode)3, 0>, 4, nnet::Op_add<ap_fixed<16, 6, (ap_q_mode)5, (ap_o_mode)3, 0> > >(ap_fixed<16, 6, (ap_q_mode)5, (ap_o_mode)3, 0> const*, nnet::Op_add<ap_fixed<16, 6, (ap_q_mode)5, (ap_o_mode)3, 0> >)'
remark: firmware/nnet_utils/nnet_common.h:37:0: Inlining function 'nnet::Op_add<ap_fixed<16, 6, (ap_q_mode)5, (ap_o_mode)3, 0> >::operator()(ap_fixed<16, 6, (ap_q_mode)5, (ap_o_mode)3, 0>, ap_fixed<16, 6, (ap_q_mode)5, (ap_o_mode)3, 0>) (.32.41)' into 'ap_fixed<16, 6, (ap_q_mode)5, (ap_o_mode)3, 0> nnet::reduce<ap_fixed<16, 6, (ap_q_mode)5, (ap_o_mode)3, 0>, 4, nnet::Op_add<ap_fixed<16, 6, (ap_q_mode)5, (ap_o_mode)3, 0> > >(ap_fixed<16, 6, (ap_q_mode)5, (ap_o_mode)3, 0> const*, nnet::Op_add<ap_fixed<16, 6, (ap_q_mode)5, (ap_o_mode)3, 0> >)'
remark: firmware/nnet_utils/nnet_common.h:37:0: Inlining function 'ap_fixed<16, 6, (ap_q_mode)5, (ap_o_mode)3, 0> nnet::reduce<ap_fixed<16, 6, (ap_q_mode)5, (ap_o_mode)3, 0>, 4, nnet::Op_add<ap_fixed<16, 6, (ap_q_mode)5, (ap_o_mode)3, 0> > >(ap_fixed<16, 6, (ap_q_mode)5, (ap_o_mode)3, 0> const*, nnet::Op_add<ap_fixed<16, 6, (ap_q_mode)5, (ap_o_mode)3, 0> >)' into 'ap_fixed<16, 6, (ap_q_mode)5, (ap_o_mode)3, 0> nnet::reduce<ap_fixed<16, 6, (ap_q_mode)5, (ap_o_mode)3, 0>, 5, nnet::Op_add<ap_fixed<16, 6, (ap_q_mode)5, (ap_o_mode)3, 0> > >(ap_fixed<16, 6, (ap_q_mode)5, (ap_o_mode)3, 0> const*, nnet::Op_add<ap_fixed<16, 6, (ap_q_mode)5, (ap_o_mode)3, 0> >)'
remark: firmware/nnet_utils/nnet_common.h:37:0: Inlining function 'ap_fixed<16, 6, (ap_q_mode)5, (ap_o_mode)3, 0> nnet::reduce<ap_fixed<16, 6, (ap_q_mode)5, (ap_o_mode)3, 0>, 1, nnet::Op_add<ap_fixed<16, 6, (ap_q_mode)5, (ap_o_mode)3, 0> > >(ap_fixed<16, 6, (ap_q_mode)5, (ap_o_mode)3, 0> const*, nnet::Op_add<ap_fixed<16, 6, (ap_q_mode)5, (ap_o_mode)3, 0> >)' into 'ap_fixed<16, 6, (ap_q_mode)5, (ap_o_mode)3, 0> nnet::reduce<ap_fixed<16, 6, (ap_q_mode)5, (ap_o_mode)3, 0>, 5, nnet::Op_add<ap_fixed<16, 6, (ap_q_mode)5, (ap_o_mode)3, 0> > >(ap_fixed<16, 6, (ap_q_mode)5, (ap_o_mode)3, 0> const*, nnet::Op_add<ap_fixed<16, 6, (ap_q_mode)5, (ap_o_mode)3, 0> >)'
remark: firmware/nnet_utils/nnet_common.h:37:0: Inlining function 'nnet::Op_add<ap_fixed<16, 6, (ap_q_mode)5, (ap_o_mode)3, 0> >::operator()(ap_fixed<16, 6, (ap_q_mode)5, (ap_o_mode)3, 0>, ap_fixed<16, 6, (ap_q_mode)5, (ap_o_mode)3, 0>) (.32.41)' into 'ap_fixed<16, 6, (ap_q_mode)5, (ap_o_mode)3, 0> nnet::reduce<ap_fixed<16, 6, (ap_q_mode)5, (ap_o_mode)3, 0>, 5, nnet::Op_add<ap_fixed<16, 6, (ap_q_mode)5, (ap_o_mode)3, 0> > >(ap_fixed<16, 6, (ap_q_mode)5, (ap_o_mode)3, 0> const*, nnet::Op_add<ap_fixed<16, 6, (ap_q_mode)5, (ap_o_mode)3, 0> >)'
remark: firmware/nnet_utils/nnet_activation.h:220:0: Inlining function 'ap_fixed<16, 6, (ap_q_mode)5, (ap_o_mode)3, 0> nnet::reduce<ap_fixed<16, 6, (ap_q_mode)5, (ap_o_mode)3, 0>, 5, nnet::Op_max<ap_fixed<16, 6, (ap_q_mode)5, (ap_o_mode)3, 0> > >(ap_fixed<16, 6, (ap_q_mode)5, (ap_o_mode)3, 0> const*, nnet::Op_max<ap_fixed<16, 6, (ap_q_mode)5, (ap_o_mode)3, 0> >)' into 'void nnet::softmax_stable<ap_fixed<16, 6, (ap_q_mode)5, (ap_o_mode)3, 0>, ap_fixed<16, 6, (ap_q_mode)5, (ap_o_mode)3, 0>, softmax_config13>(ap_fixed<16, 6, (ap_q_mode)5, (ap_o_mode)3, 0>*, ap_fixed<16, 6, (ap_q_mode)5, (ap_o_mode)3, 0>*)'
remark: firmware/nnet_utils/nnet_activation.h:220:0: Inlining function 'unsigned int nnet::softmax_idx_from_real_val<ap_ufixed<15, 5, (ap_q_mode)5, (ap_o_mode)3, 0>, 1024u>(ap_ufixed<15, 5, (ap_q_mode)5, (ap_o_mode)3, 0>)' into 'void nnet::softmax_stable<ap_fixed<16, 6, (ap_q_mode)5, (ap_o_mode)3, 0>, ap_fixed<16, 6, (ap_q_mode)5, (ap_o_mode)3, 0>, softmax_config13>(ap_fixed<16, 6, (ap_q_mode)5, (ap_o_mode)3, 0>*, ap_fixed<16, 6, (ap_q_mode)5, (ap_o_mode)3, 0>*)'
remark: firmware/nnet_utils/nnet_activation.h:220:0: Inlining function 'ap_fixed<16, 6, (ap_q_mode)5, (ap_o_mode)3, 0> nnet::reduce<ap_fixed<16, 6, (ap_q_mode)5, (ap_o_mode)3, 0>, 5, nnet::Op_add<ap_fixed<16, 6, (ap_q_mode)5, (ap_o_mode)3, 0> > >(ap_fixed<16, 6, (ap_q_mode)5, (ap_o_mode)3, 0> const*, nnet::Op_add<ap_fixed<16, 6, (ap_q_mode)5, (ap_o_mode)3, 0> >)' into 'void nnet::softmax_stable<ap_fixed<16, 6, (ap_q_mode)5, (ap_o_mode)3, 0>, ap_fixed<16, 6, (ap_q_mode)5, (ap_o_mode)3, 0>, softmax_config13>(ap_fixed<16, 6, (ap_q_mode)5, (ap_o_mode)3, 0>*, ap_fixed<16, 6, (ap_q_mode)5, (ap_o_mode)3, 0>*)'
remark: firmware/nnet_utils/nnet_activation.h:220:0: Inlining function 'unsigned int nnet::softmax_idx_from_real_val<ap_fixed<18, 8, (ap_q_mode)0, (ap_o_mode)0, 0>, 1024u>(ap_fixed<18, 8, (ap_q_mode)0, (ap_o_mode)0, 0>)' into 'void nnet::softmax_stable<ap_fixed<16, 6, (ap_q_mode)5, (ap_o_mode)3, 0>, ap_fixed<16, 6, (ap_q_mode)5, (ap_o_mode)3, 0>, softmax_config13>(ap_fixed<16, 6, (ap_q_mode)5, (ap_o_mode)3, 0>*, ap_fixed<16, 6, (ap_q_mode)5, (ap_o_mode)3, 0>*)'
remark: firmware/weights/b11.h:12:0: Applying array_partition to 'b11': Complete partitioning on dimension 1.
remark: firmware/weights/b8.h:12:0: Applying array_partition to 'b8': Complete partitioning on dimension 1.
remark: firmware/weights/b5.h:12:0: Applying array_partition to 'b5': Complete partitioning on dimension 1.
remark: firmware/weights/b2.h:12:0: Applying array_partition to 'b2': Complete partitioning on dimension 1.
remark: firmware/nnet_utils/nnet_dense_latency.h:17:32: Applying array_partition to 'mult': Complete partitioning on dimension 1.
remark: firmware/nnet_utils/nnet_dense_latency.h:17:32: Applying array_partition to 'mult': Complete partitioning on dimension 1.
remark: firmware/nnet_utils/nnet_dense_latency.h:17:32: Applying array_partition to 'mult': Complete partitioning on dimension 1.
remark: firmware/myproject.cpp:38:11: Applying array_partition to 'layer2_out': Complete partitioning on dimension 1.
remark: firmware/myproject.cpp:41:11: Applying array_partition to 'layer4_out': Complete partitioning on dimension 1.
remark: firmware/myproject.cpp:44:11: Applying array_partition to 'layer5_out': Complete partitioning on dimension 1.
remark: firmware/myproject.cpp:47:11: Applying array_partition to 'layer7_out': Complete partitioning on dimension 1.
remark: firmware/myproject.cpp:50:11: Applying array_partition to 'layer8_out': Complete partitioning on dimension 1.
remark: firmware/myproject.cpp:53:12: Applying array_partition to 'layer10_out': Complete partitioning on dimension 1.
remark: firmware/myproject.cpp:56:12: Applying array_partition to 'layer11_out': Complete partitioning on dimension 1.
remark: firmware/myproject.cpp:10:0: Applying array_partition to 'layer13_out': Complete partitioning on dimension 1.
remark: firmware/myproject.cpp:10:0: Applying array_reshape to 'fc1_input': Complete reshaping on dimension 1.
remark: firmware/nnet_utils/nnet_dense_latency.h:66:21: Automatically inlining function 'std::enable_if<!(std::is_same<ap_fixed<16, 6, (ap_q_mode)5, (ap_o_mode)3, 0>, ap_uint<1> >::value), ap_fixed<16, 6, (ap_q_mode)5, (ap_o_mode)3, 0> >::type nnet::cast<ap_fixed<16, 6, (ap_q_mode)5, (ap_o_mode)3, 0>, ap_fixed<16, 6, (ap_q_mode)5, (ap_o_mode)3, 0>, config2>(config2::accum_t)' to improve effectiveness of pipeline pragma in function 'void nnet::dense_latency<ap_fixed<16, 6, (ap_q_mode)5, (ap_o_mode)3, 0>, ap_fixed<16, 6, (ap_q_mode)5, (ap_o_mode)3, 0>, config2>(ap_fixed<16, 6, (ap_q_mode)5, (ap_o_mode)3, 0>*, ap_fixed<16, 6, (ap_q_mode)5, (ap_o_mode)3, 0>*, config2::weight_t*, config2::bias_t*)'
remark: firmware/nnet_utils/nnet_dense_latency.h:66:21: Automatically inlining function 'std::enable_if<!(std::is_same<ap_fixed<16, 6, (ap_q_mode)5, (ap_o_mode)3, 0>, ap_uint<1> >::value), ap_fixed<16, 6, (ap_q_mode)5, (ap_o_mode)3, 0> >::type nnet::cast<ap_fixed<16, 6, (ap_q_mode)5, (ap_o_mode)3, 0>, ap_fixed<16, 6, (ap_q_mode)5, (ap_o_mode)3, 0>, config2>(config2::accum_t)' to improve effectiveness of pipeline pragma in function 'void nnet::dense_latency<ap_fixed<16, 6, (ap_q_mode)5, (ap_o_mode)3, 0>, ap_fixed<16, 6, (ap_q_mode)5, (ap_o_mode)3, 0>, config2>(ap_fixed<16, 6, (ap_q_mode)5, (ap_o_mode)3, 0>*, ap_fixed<16, 6, (ap_q_mode)5, (ap_o_mode)3, 0>*, config2::weight_t*, config2::bias_t*)'
remark: firmware/nnet_utils/nnet_dense_latency.h:66:21: Automatically inlining function 'std::enable_if<!(std::is_same<ap_fixed<16, 6, (ap_q_mode)5, (ap_o_mode)3, 0>, ap_uint<1> >::value), ap_fixed<16, 6, (ap_q_mode)5, (ap_o_mode)3, 0> >::type nnet::cast<ap_fixed<16, 6, (ap_q_mode)5, (ap_o_mode)3, 0>, ap_fixed<16, 6, (ap_q_mode)5, (ap_o_mode)3, 0>, config2>(config2::accum_t)' to improve effectiveness of pipeline pragma in function 'void nnet::dense_latency<ap_fixed<16, 6, (ap_q_mode)5, (ap_o_mode)3, 0>, ap_fixed<16, 6, (ap_q_mode)5, (ap_o_mode)3, 0>, config2>(ap_fixed<16, 6, (ap_q_mode)5, (ap_o_mode)3, 0>*, ap_fixed<16, 6, (ap_q_mode)5, (ap_o_mode)3, 0>*, config2::weight_t*, config2::bias_t*)'
remark: firmware/nnet_utils/nnet_dense_latency.h:66:21: Automatically inlining function 'std::enable_if<!(std::is_same<ap_fixed<16, 6, (ap_q_mode)5, (ap_o_mode)3, 0>, ap_uint<1> >::value), ap_fixed<16, 6, (ap_q_mode)5, (ap_o_mode)3, 0> >::type nnet::cast<ap_fixed<16, 6, (ap_q_mode)5, (ap_o_mode)3, 0>, ap_fixed<16, 6, (ap_q_mode)5, (ap_o_mode)3, 0>, config2>(config2::accum_t)' to improve effectiveness of pipeline pragma in function 'void nnet::dense_latency<ap_fixed<16, 6, (ap_q_mode)5, (ap_o_mode)3, 0>, ap_fixed<16, 6, (ap_q_mode)5, (ap_o_mode)3, 0>, config2>(ap_fixed<16, 6, (ap_q_mode)5, (ap_o_mode)3, 0>*, ap_fixed<16, 6, (ap_q_mode)5, (ap_o_mode)3, 0>*, config2::weight_t*, config2::bias_t*)'
remark: firmware/nnet_utils/nnet_dense_latency.h:66:21: Automatically inlining function 'std::enable_if<!(std::is_same<ap_fixed<16, 6, (ap_q_mode)5, (ap_o_mode)3, 0>, ap_uint<1> >::value), ap_fixed<16, 6, (ap_q_mode)5, (ap_o_mode)3, 0> >::type nnet::cast<ap_fixed<16, 6, (ap_q_mode)5, (ap_o_mode)3, 0>, ap_fixed<16, 6, (ap_q_mode)5, (ap_o_mode)3, 0>, config2>(config2::accum_t)' to improve effectiveness of pipeline pragma in function 'void nnet::dense_latency<ap_fixed<16, 6, (ap_q_mode)5, (ap_o_mode)3, 0>, ap_fixed<16, 6, (ap_q_mode)5, (ap_o_mode)3, 0>, config2>(ap_fixed<16, 6, (ap_q_mode)5, (ap_o_mode)3, 0>*, ap_fixed<16, 6, (ap_q_mode)5, (ap_o_mode)3, 0>*, config2::weight_t*, config2::bias_t*)'
remark: firmware/nnet_utils/nnet_dense_latency.h:66:21: Automatically inlining function 'std::enable_if<!(std::is_same<ap_fixed<16, 6, (ap_q_mode)5, (ap_o_mode)3, 0>, ap_uint<1> >::value), ap_fixed<16, 6, (ap_q_mode)5, (ap_o_mode)3, 0> >::type nnet::cast<ap_fixed<16, 6, (ap_q_mode)5, (ap_o_mode)3, 0>, ap_fixed<16, 6, (ap_q_mode)5, (ap_o_mode)3, 0>, config2>(config2::accum_t)' to improve effectiveness of pipeline pragma in function 'void nnet::dense_latency<ap_fixed<16, 6, (ap_q_mode)5, (ap_o_mode)3, 0>, ap_fixed<16, 6, (ap_q_mode)5, (ap_o_mode)3, 0>, config2>(ap_fixed<16, 6, (ap_q_mode)5, (ap_o_mode)3, 0>*, ap_fixed<16, 6, (ap_q_mode)5, (ap_o_mode)3, 0>*, config2::weight_t*, config2::bias_t*)'
remark: firmware/nnet_utils/nnet_dense_latency.h:66:21: Automatically inlining function 'std::enable_if<!(std::is_same<ap_fixed<16, 6, (ap_q_mode)5, (ap_o_mode)3, 0>, ap_uint<1> >::value), ap_fixed<16, 6, (ap_q_mode)5, (ap_o_mode)3, 0> >::type nnet::cast<ap_fixed<16, 6, (ap_q_mode)5, (ap_o_mode)3, 0>, ap_fixed<16, 6, (ap_q_mode)5, (ap_o_mode)3, 0>, config2>(config2::accum_t)' to improve effectiveness of pipeline pragma in function 'void nnet::dense_latency<ap_fixed<16, 6, (ap_q_mode)5, (ap_o_mode)3, 0>, ap_fixed<16, 6, (ap_q_mode)5, (ap_o_mode)3, 0>, config2>(ap_fixed<16, 6, (ap_q_mode)5, (ap_o_mode)3, 0>*, ap_fixed<16, 6, (ap_q_mode)5, (ap_o_mode)3, 0>*, config2::weight_t*, config2::bias_t*)'
remark: firmware/nnet_utils/nnet_dense_latency.h:66:21: Automatically inlining function 'std::enable_if<!(std::is_same<ap_fixed<16, 6, (ap_q_mode)5, (ap_o_mode)3, 0>, ap_uint<1> >::value), ap_fixed<16, 6, (ap_q_mode)5, (ap_o_mode)3, 0> >::type nnet::cast<ap_fixed<16, 6, (ap_q_mode)5, (ap_o_mode)3, 0>, ap_fixed<16, 6, (ap_q_mode)5, (ap_o_mode)3, 0>, config2>(config2::accum_t)' to improve effectiveness of pipeline pragma in function 'void nnet::dense_latency<ap_fixed<16, 6, (ap_q_mode)5, (ap_o_mode)3, 0>, ap_fixed<16, 6, (ap_q_mode)5, (ap_o_mode)3, 0>, config2>(ap_fixed<16, 6, (ap_q_mode)5, (ap_o_mode)3, 0>*, ap_fixed<16, 6, (ap_q_mode)5, (ap_o_mode)3, 0>*, config2::weight_t*, config2::bias_t*)'
remark: firmware/nnet_utils/nnet_dense_latency.h:66:21: Automatically inlining function 'std::enable_if<!(std::is_same<ap_fixed<16, 6, (ap_q_mode)5, (ap_o_mode)3, 0>, ap_uint<1> >::value), ap_fixed<16, 6, (ap_q_mode)5, (ap_o_mode)3, 0> >::type nnet::cast<ap_fixed<16, 6, (ap_q_mode)5, (ap_o_mode)3, 0>, ap_fixed<16, 6, (ap_q_mode)5, (ap_o_mode)3, 0>, config2>(config2::accum_t)' to improve effectiveness of pipeline pragma in function 'void nnet::dense_latency<ap_fixed<16, 6, (ap_q_mode)5, (ap_o_mode)3, 0>, ap_fixed<16, 6, (ap_q_mode)5, (ap_o_mode)3, 0>, config2>(ap_fixed<16, 6, (ap_q_mode)5, (ap_o_mode)3, 0>*, ap_fixed<16, 6, (ap_q_mode)5, (ap_o_mode)3, 0>*, config2::weight_t*, config2::bias_t*)'
remark: firmware/nnet_utils/nnet_dense_latency.h:66:21: Automatically inlining function 'std::enable_if<!(std::is_same<ap_fixed<16, 6, (ap_q_mode)5, (ap_o_mode)3, 0>, ap_uint<1> >::value), ap_fixed<16, 6, (ap_q_mode)5, (ap_o_mode)3, 0> >::type nnet::cast<ap_fixed<16, 6, (ap_q_mode)5, (ap_o_mode)3, 0>, ap_fixed<16, 6, (ap_q_mode)5, (ap_o_mode)3, 0>, config2>(config2::accum_t)' to improve effectiveness of pipeline pragma in function 'void nnet::dense_latency<ap_fixed<16, 6, (ap_q_mode)5, (ap_o_mode)3, 0>, ap_fixed<16, 6, (ap_q_mode)5, (ap_o_mode)3, 0>, config2>(ap_fixed<16, 6, (ap_q_mode)5, (ap_o_mode)3, 0>*, ap_fixed<16, 6, (ap_q_mode)5, (ap_o_mode)3, 0>*, config2::weight_t*, config2::bias_t*)'
remark: firmware/nnet_utils/nnet_dense_latency.h:66:21: Automatically inlining function 'std::enable_if<!(std::is_same<ap_fixed<16, 6, (ap_q_mode)5, (ap_o_mode)3, 0>, ap_uint<1> >::value), ap_fixed<16, 6, (ap_q_mode)5, (ap_o_mode)3, 0> >::type nnet::cast<ap_fixed<16, 6, (ap_q_mode)5, (ap_o_mode)3, 0>, ap_fixed<16, 6, (ap_q_mode)5, (ap_o_mode)3, 0>, config2>(config2::accum_t)' to improve effectiveness of pipeline pragma in function 'void nnet::dense_latency<ap_fixed<16, 6, (ap_q_mode)5, (ap_o_mode)3, 0>, ap_fixed<16, 6, (ap_q_mode)5, (ap_o_mode)3, 0>, config2>(ap_fixed<16, 6, (ap_q_mode)5, (ap_o_mode)3, 0>*, ap_fixed<16, 6, (ap_q_mode)5, (ap_o_mode)3, 0>*, config2::weight_t*, config2::bias_t*)'
remark: firmware/nnet_utils/nnet_dense_latency.h:66:21: Automatically inlining function 'std::enable_if<!(std::is_same<ap_fixed<16, 6, (ap_q_mode)5, (ap_o_mode)3, 0>, ap_uint<1> >::value), ap_fixed<16, 6, (ap_q_mode)5, (ap_o_mode)3, 0> >::type nnet::cast<ap_fixed<16, 6, (ap_q_mode)5, (ap_o_mode)3, 0>, ap_fixed<16, 6, (ap_q_mode)5, (ap_o_mode)3, 0>, config2>(config2::accum_t)' to improve effectiveness of pipeline pragma in function 'void nnet::dense_latency<ap_fixed<16, 6, (ap_q_mode)5, (ap_o_mode)3, 0>, ap_fixed<16, 6, (ap_q_mode)5, (ap_o_mode)3, 0>, config2>(ap_fixed<16, 6, (ap_q_mode)5, (ap_o_mode)3, 0>*, ap_fixed<16, 6, (ap_q_mode)5, (ap_o_mode)3, 0>*, config2::weight_t*, config2::bias_t*)'
remark: firmware/nnet_utils/nnet_dense_latency.h:66:21: Automatically inlining function 'std::enable_if<!(std::is_same<ap_fixed<16, 6, (ap_q_mode)5, (ap_o_mode)3, 0>, ap_uint<1> >::value), ap_fixed<16, 6, (ap_q_mode)5, (ap_o_mode)3, 0> >::type nnet::cast<ap_fixed<16, 6, (ap_q_mode)5, (ap_o_mode)3, 0>, ap_fixed<16, 6, (ap_q_mode)5, (ap_o_mode)3, 0>, config2>(config2::accum_t)' to improve effectiveness of pipeline pragma in function 'void nnet::dense_latency<ap_fixed<16, 6, (ap_q_mode)5, (ap_o_mode)3, 0>, ap_fixed<16, 6, (ap_q_mode)5, (ap_o_mode)3, 0>, config2>(ap_fixed<16, 6, (ap_q_mode)5, (ap_o_mode)3, 0>*, ap_fixed<16, 6, (ap_q_mode)5, (ap_o_mode)3, 0>*, config2::weight_t*, config2::bias_t*)'
remark: firmware/nnet_utils/nnet_dense_latency.h:66:21: Automatically inlining function 'std::enable_if<!(std::is_same<ap_fixed<16, 6, (ap_q_mode)5, (ap_o_mode)3, 0>, ap_uint<1> >::value), ap_fixed<16, 6, (ap_q_mode)5, (ap_o_mode)3, 0> >::type nnet::cast<ap_fixed<16, 6, (ap_q_mode)5, (ap_o_mode)3, 0>, ap_fixed<16, 6, (ap_q_mode)5, (ap_o_mode)3, 0>, config2>(config2::accum_t)' to improve effectiveness of pipeline pragma in function 'void nnet::dense_latency<ap_fixed<16, 6, (ap_q_mode)5, (ap_o_mode)3, 0>, ap_fixed<16, 6, (ap_q_mode)5, (ap_o_mode)3, 0>, config2>(ap_fixed<16, 6, (ap_q_mode)5, (ap_o_mode)3, 0>*, ap_fixed<16, 6, (ap_q_mode)5, (ap_o_mode)3, 0>*, config2::weight_t*, config2::bias_t*)'
remark: firmware/nnet_utils/nnet_dense_latency.h:66:21: Automatically inlining function 'std::enable_if<!(std::is_same<ap_fixed<16, 6, (ap_q_mode)5, (ap_o_mode)3, 0>, ap_uint<1> >::value), ap_fixed<16, 6, (ap_q_mode)5, (ap_o_mode)3, 0> >::type nnet::cast<ap_fixed<16, 6, (ap_q_mode)5, (ap_o_mode)3, 0>, ap_fixed<16, 6, (ap_q_mode)5, (ap_o_mode)3, 0>, config2>(config2::accum_t)' to improve effectiveness of pipeline pragma in function 'void nnet::dense_latency<ap_fixed<16, 6, (ap_q_mode)5, (ap_o_mode)3, 0>, ap_fixed<16, 6, (ap_q_mode)5, (ap_o_mode)3, 0>, config2>(ap_fixed<16, 6, (ap_q_mode)5, (ap_o_mode)3, 0>*, ap_fixed<16, 6, (ap_q_mode)5, (ap_o_mode)3, 0>*, config2::weight_t*, config2::bias_t*)'
remark: firmware/nnet_utils/nnet_dense_latency.h:66:21: Automatically inlining function 'std::enable_if<!(std::is_same<ap_fixed<16, 6, (ap_q_mode)5, (ap_o_mode)3, 0>, ap_uint<1> >::value), ap_fixed<16, 6, (ap_q_mode)5, (ap_o_mode)3, 0> >::type nnet::cast<ap_fixed<16, 6, (ap_q_mode)5, (ap_o_mode)3, 0>, ap_fixed<16, 6, (ap_q_mode)5, (ap_o_mode)3, 0>, config2>(config2::accum_t)' to improve effectiveness of pipeline pragma in function 'void nnet::dense_latency<ap_fixed<16, 6, (ap_q_mode)5, (ap_o_mode)3, 0>, ap_fixed<16, 6, (ap_q_mode)5, (ap_o_mode)3, 0>, config2>(ap_fixed<16, 6, (ap_q_mode)5, (ap_o_mode)3, 0>*, ap_fixed<16, 6, (ap_q_mode)5, (ap_o_mode)3, 0>*, config2::weight_t*, config2::bias_t*)'
remark: firmware/nnet_utils/nnet_dense_latency.h:66:21: Automatically inlining function 'std::enable_if<!(std::is_same<ap_fixed<16, 6, (ap_q_mode)5, (ap_o_mode)3, 0>, ap_uint<1> >::value), ap_fixed<16, 6, (ap_q_mode)5, (ap_o_mode)3, 0> >::type nnet::cast<ap_fixed<16, 6, (ap_q_mode)5, (ap_o_mode)3, 0>, ap_fixed<16, 6, (ap_q_mode)5, (ap_o_mode)3, 0>, config2>(config2::accum_t)' to improve effectiveness of pipeline pragma in function 'void nnet::dense_latency<ap_fixed<16, 6, (ap_q_mode)5, (ap_o_mode)3, 0>, ap_fixed<16, 6, (ap_q_mode)5, (ap_o_mode)3, 0>, config2>(ap_fixed<16, 6, (ap_q_mode)5, (ap_o_mode)3, 0>*, ap_fixed<16, 6, (ap_q_mode)5, (ap_o_mode)3, 0>*, config2::weight_t*, config2::bias_t*)'
remark: firmware/nnet_utils/nnet_dense_latency.h:66:21: Automatically inlining function 'std::enable_if<!(std::is_same<ap_fixed<16, 6, (ap_q_mode)5, (ap_o_mode)3, 0>, ap_uint<1> >::value), ap_fixed<16, 6, (ap_q_mode)5, (ap_o_mode)3, 0> >::type nnet::cast<ap_fixed<16, 6, (ap_q_mode)5, (ap_o_mode)3, 0>, ap_fixed<16, 6, (ap_q_mode)5, (ap_o_mode)3, 0>, config2>(config2::accum_t)' to improve effectiveness of pipeline pragma in function 'void nnet::dense_latency<ap_fixed<16, 6, (ap_q_mode)5, (ap_o_mode)3, 0>, ap_fixed<16, 6, (ap_q_mode)5, (ap_o_mode)3, 0>, config2>(ap_fixed<16, 6, (ap_q_mode)5, (ap_o_mode)3, 0>*, ap_fixed<16, 6, (ap_q_mode)5, (ap_o_mode)3, 0>*, config2::weight_t*, config2::bias_t*)'
remark: firmware/nnet_utils/nnet_dense_latency.h:66:21: Automatically inlining function 'std::enable_if<!(std::is_same<ap_fixed<16, 6, (ap_q_mode)5, (ap_o_mode)3, 0>, ap_uint<1> >::value), ap_fixed<16, 6, (ap_q_mode)5, (ap_o_mode)3, 0> >::type nnet::cast<ap_fixed<16, 6, (ap_q_mode)5, (ap_o_mode)3, 0>, ap_fixed<16, 6, (ap_q_mode)5, (ap_o_mode)3, 0>, config2>(config2::accum_t)' to improve effectiveness of pipeline pragma in function 'void nnet::dense_latency<ap_fixed<16, 6, (ap_q_mode)5, (ap_o_mode)3, 0>, ap_fixed<16, 6, (ap_q_mode)5, (ap_o_mode)3, 0>, config2>(ap_fixed<16, 6, (ap_q_mode)5, (ap_o_mode)3, 0>*, ap_fixed<16, 6, (ap_q_mode)5, (ap_o_mode)3, 0>*, config2::weight_t*, config2::bias_t*)'
remark: firmware/nnet_utils/nnet_dense_latency.h:66:21: Automatically inlining function 'std::enable_if<!(std::is_same<ap_fixed<16, 6, (ap_q_mode)5, (ap_o_mode)3, 0>, ap_uint<1> >::value), ap_fixed<16, 6, (ap_q_mode)5, (ap_o_mode)3, 0> >::type nnet::cast<ap_fixed<16, 6, (ap_q_mode)5, (ap_o_mode)3, 0>, ap_fixed<16, 6, (ap_q_mode)5, (ap_o_mode)3, 0>, config2>(config2::accum_t)' to improve effectiveness of pipeline pragma in function 'void nnet::dense_latency<ap_fixed<16, 6, (ap_q_mode)5, (ap_o_mode)3, 0>, ap_fixed<16, 6, (ap_q_mode)5, (ap_o_mode)3, 0>, config2>(ap_fixed<16, 6, (ap_q_mode)5, (ap_o_mode)3, 0>*, ap_fixed<16, 6, (ap_q_mode)5, (ap_o_mode)3, 0>*, config2::weight_t*, config2::bias_t*)'
remark: firmware/nnet_utils/nnet_dense_latency.h:66:21: Automatically inlining function 'std::enable_if<!(std::is_same<ap_fixed<16, 6, (ap_q_mode)5, (ap_o_mode)3, 0>, ap_uint<1> >::value), ap_fixed<16, 6, (ap_q_mode)5, (ap_o_mode)3, 0> >::type nnet::cast<ap_fixed<16, 6, (ap_q_mode)5, (ap_o_mode)3, 0>, ap_fixed<16, 6, (ap_q_mode)5, (ap_o_mode)3, 0>, config2>(config2::accum_t)' to improve effectiveness of pipeline pragma in function 'void nnet::dense_latency<ap_fixed<16, 6, (ap_q_mode)5, (ap_o_mode)3, 0>, ap_fixed<16, 6, (ap_q_mode)5, (ap_o_mode)3, 0>, config2>(ap_fixed<16, 6, (ap_q_mode)5, (ap_o_mode)3, 0>*, ap_fixed<16, 6, (ap_q_mode)5, (ap_o_mode)3, 0>*, config2::weight_t*, config2::bias_t*)'
remark: firmware/nnet_utils/nnet_dense_latency.h:66:21: Automatically inlining function 'std::enable_if<!(std::is_same<ap_fixed<16, 6, (ap_q_mode)5, (ap_o_mode)3, 0>, ap_uint<1> >::value), ap_fixed<16, 6, (ap_q_mode)5, (ap_o_mode)3, 0> >::type nnet::cast<ap_fixed<16, 6, (ap_q_mode)5, (ap_o_mode)3, 0>, ap_fixed<16, 6, (ap_q_mode)5, (ap_o_mode)3, 0>, config2>(config2::accum_t)' to improve effectiveness of pipeline pragma in function 'void nnet::dense_latency<ap_fixed<16, 6, (ap_q_mode)5, (ap_o_mode)3, 0>, ap_fixed<16, 6, (ap_q_mode)5, (ap_o_mode)3, 0>, config2>(ap_fixed<16, 6, (ap_q_mode)5, (ap_o_mode)3, 0>*, ap_fixed<16, 6, (ap_q_mode)5, (ap_o_mode)3, 0>*, config2::weight_t*, config2::bias_t*)'
remark: firmware/nnet_utils/nnet_dense_latency.h:66:21: Automatically inlining function 'std::enable_if<!(std::is_same<ap_fixed<16, 6, (ap_q_mode)5, (ap_o_mode)3, 0>, ap_uint<1> >::value), ap_fixed<16, 6, (ap_q_mode)5, (ap_o_mode)3, 0> >::type nnet::cast<ap_fixed<16, 6, (ap_q_mode)5, (ap_o_mode)3, 0>, ap_fixed<16, 6, (ap_q_mode)5, (ap_o_mode)3, 0>, config2>(config2::accum_t)' to improve effectiveness of pipeline pragma in function 'void nnet::dense_latency<ap_fixed<16, 6, (ap_q_mode)5, (ap_o_mode)3, 0>, ap_fixed<16, 6, (ap_q_mode)5, (ap_o_mode)3, 0>, config2>(ap_fixed<16, 6, (ap_q_mode)5, (ap_o_mode)3, 0>*, ap_fixed<16, 6, (ap_q_mode)5, (ap_o_mode)3, 0>*, config2::weight_t*, config2::bias_t*)'
remark: firmware/nnet_utils/nnet_dense_latency.h:66:21: Automatically inlining function 'std::enable_if<!(std::is_same<ap_fixed<16, 6, (ap_q_mode)5, (ap_o_mode)3, 0>, ap_uint<1> >::value), ap_fixed<16, 6, (ap_q_mode)5, (ap_o_mode)3, 0> >::type nnet::cast<ap_fixed<16, 6, (ap_q_mode)5, (ap_o_mode)3, 0>, ap_fixed<16, 6, (ap_q_mode)5, (ap_o_mode)3, 0>, config2>(config2::accum_t)' to improve effectiveness of pipeline pragma in function 'void nnet::dense_latency<ap_fixed<16, 6, (ap_q_mode)5, (ap_o_mode)3, 0>, ap_fixed<16, 6, (ap_q_mode)5, (ap_o_mode)3, 0>, config2>(ap_fixed<16, 6, (ap_q_mode)5, (ap_o_mode)3, 0>*, ap_fixed<16, 6, (ap_q_mode)5, (ap_o_mode)3, 0>*, config2::weight_t*, config2::bias_t*)'
remark: firmware/nnet_utils/nnet_dense_latency.h:66:21: Automatically inlining function 'std::enable_if<!(std::is_same<ap_fixed<16, 6, (ap_q_mode)5, (ap_o_mode)3, 0>, ap_uint<1> >::value), ap_fixed<16, 6, (ap_q_mode)5, (ap_o_mode)3, 0> >::type nnet::cast<ap_fixed<16, 6, (ap_q_mode)5, (ap_o_mode)3, 0>, ap_fixed<16, 6, (ap_q_mode)5, (ap_o_mode)3, 0>, config2>(config2::accum_t)' to improve effectiveness of pipeline pragma in function 'void nnet::dense_latency<ap_fixed<16, 6, (ap_q_mode)5, (ap_o_mode)3, 0>, ap_fixed<16, 6, (ap_q_mode)5, (ap_o_mode)3, 0>, config2>(ap_fixed<16, 6, (ap_q_mode)5, (ap_o_mode)3, 0>*, ap_fixed<16, 6, (ap_q_mode)5, (ap_o_mode)3, 0>*, config2::weight_t*, config2::bias_t*)'
remark: firmware/nnet_utils/nnet_dense_latency.h:66:21: Automatically inlining function 'std::enable_if<!(std::is_same<ap_fixed<16, 6, (ap_q_mode)5, (ap_o_mode)3, 0>, ap_uint<1> >::value), ap_fixed<16, 6, (ap_q_mode)5, (ap_o_mode)3, 0> >::type nnet::cast<ap_fixed<16, 6, (ap_q_mode)5, (ap_o_mode)3, 0>, ap_fixed<16, 6, (ap_q_mode)5, (ap_o_mode)3, 0>, config2>(config2::accum_t)' to improve effectiveness of pipeline pragma in function 'void nnet::dense_latency<ap_fixed<16, 6, (ap_q_mode)5, (ap_o_mode)3, 0>, ap_fixed<16, 6, (ap_q_mode)5, (ap_o_mode)3, 0>, config2>(ap_fixed<16, 6, (ap_q_mode)5, (ap_o_mode)3, 0>*, ap_fixed<16, 6, (ap_q_mode)5, (ap_o_mode)3, 0>*, config2::weight_t*, config2::bias_t*)'
remark: firmware/nnet_utils/nnet_dense_latency.h:66:21: Automatically inlining function 'std::enable_if<!(std::is_same<ap_fixed<16, 6, (ap_q_mode)5, (ap_o_mode)3, 0>, ap_uint<1> >::value), ap_fixed<16, 6, (ap_q_mode)5, (ap_o_mode)3, 0> >::type nnet::cast<ap_fixed<16, 6, (ap_q_mode)5, (ap_o_mode)3, 0>, ap_fixed<16, 6, (ap_q_mode)5, (ap_o_mode)3, 0>, config2>(config2::accum_t)' to improve effectiveness of pipeline pragma in function 'void nnet::dense_latency<ap_fixed<16, 6, (ap_q_mode)5, (ap_o_mode)3, 0>, ap_fixed<16, 6, (ap_q_mode)5, (ap_o_mode)3, 0>, config2>(ap_fixed<16, 6, (ap_q_mode)5, (ap_o_mode)3, 0>*, ap_fixed<16, 6, (ap_q_mode)5, (ap_o_mode)3, 0>*, config2::weight_t*, config2::bias_t*)'
remark: firmware/nnet_utils/nnet_dense_latency.h:66:21: Automatically inlining function 'std::enable_if<!(std::is_same<ap_fixed<16, 6, (ap_q_mode)5, (ap_o_mode)3, 0>, ap_uint<1> >::value), ap_fixed<16, 6, (ap_q_mode)5, (ap_o_mode)3, 0> >::type nnet::cast<ap_fixed<16, 6, (ap_q_mode)5, (ap_o_mode)3, 0>, ap_fixed<16, 6, (ap_q_mode)5, (ap_o_mode)3, 0>, config2>(config2::accum_t)' to improve effectiveness of pipeline pragma in function 'void nnet::dense_latency<ap_fixed<16, 6, (ap_q_mode)5, (ap_o_mode)3, 0>, ap_fixed<16, 6, (ap_q_mode)5, (ap_o_mode)3, 0>, config2>(ap_fixed<16, 6, (ap_q_mode)5, (ap_o_mode)3, 0>*, ap_fixed<16, 6, (ap_q_mode)5, (ap_o_mode)3, 0>*, config2::weight_t*, config2::bias_t*)'
remark: firmware/nnet_utils/nnet_dense_latency.h:66:21: Automatically inlining function 'std::enable_if<!(std::is_same<ap_fixed<16, 6, (ap_q_mode)5, (ap_o_mode)3, 0>, ap_uint<1> >::value), ap_fixed<16, 6, (ap_q_mode)5, (ap_o_mode)3, 0> >::type nnet::cast<ap_fixed<16, 6, (ap_q_mode)5, (ap_o_mode)3, 0>, ap_fixed<16, 6, (ap_q_mode)5, (ap_o_mode)3, 0>, config2>(config2::accum_t)' to improve effectiveness of pipeline pragma in function 'void nnet::dense_latency<ap_fixed<16, 6, (ap_q_mode)5, (ap_o_mode)3, 0>, ap_fixed<16, 6, (ap_q_mode)5, (ap_o_mode)3, 0>, config2>(ap_fixed<16, 6, (ap_q_mode)5, (ap_o_mode)3, 0>*, ap_fixed<16, 6, (ap_q_mode)5, (ap_o_mode)3, 0>*, config2::weight_t*, config2::bias_t*)'
remark: firmware/nnet_utils/nnet_dense_latency.h:66:21: Automatically inlining function 'std::enable_if<!(std::is_same<ap_fixed<16, 6, (ap_q_mode)5, (ap_o_mode)3, 0>, ap_uint<1> >::value), ap_fixed<16, 6, (ap_q_mode)5, (ap_o_mode)3, 0> >::type nnet::cast<ap_fixed<16, 6, (ap_q_mode)5, (ap_o_mode)3, 0>, ap_fixed<16, 6, (ap_q_mode)5, (ap_o_mode)3, 0>, config2>(config2::accum_t)' to improve effectiveness of pipeline pragma in function 'void nnet::dense_latency<ap_fixed<16, 6, (ap_q_mode)5, (ap_o_mode)3, 0>, ap_fixed<16, 6, (ap_q_mode)5, (ap_o_mode)3, 0>, config2>(ap_fixed<16, 6, (ap_q_mode)5, (ap_o_mode)3, 0>*, ap_fixed<16, 6, (ap_q_mode)5, (ap_o_mode)3, 0>*, config2::weight_t*, config2::bias_t*)'
remark: firmware/nnet_utils/nnet_dense_latency.h:66:21: Automatically inlining function 'std::enable_if<!(std::is_same<ap_fixed<16, 6, (ap_q_mode)5, (ap_o_mode)3, 0>, ap_uint<1> >::value), ap_fixed<16, 6, (ap_q_mode)5, (ap_o_mode)3, 0> >::type nnet::cast<ap_fixed<16, 6, (ap_q_mode)5, (ap_o_mode)3, 0>, ap_fixed<16, 6, (ap_q_mode)5, (ap_o_mode)3, 0>, config2>(config2::accum_t)' to improve effectiveness of pipeline pragma in function 'void nnet::dense_latency<ap_fixed<16, 6, (ap_q_mode)5, (ap_o_mode)3, 0>, ap_fixed<16, 6, (ap_q_mode)5, (ap_o_mode)3, 0>, config2>(ap_fixed<16, 6, (ap_q_mode)5, (ap_o_mode)3, 0>*, ap_fixed<16, 6, (ap_q_mode)5, (ap_o_mode)3, 0>*, config2::weight_t*, config2::bias_t*)'
remark: firmware/nnet_utils/nnet_dense_latency.h:66:21: Automatically inlining function 'std::enable_if<!(std::is_same<ap_fixed<16, 6, (ap_q_mode)5, (ap_o_mode)3, 0>, ap_uint<1> >::value), ap_fixed<16, 6, (ap_q_mode)5, (ap_o_mode)3, 0> >::type nnet::cast<ap_fixed<16, 6, (ap_q_mode)5, (ap_o_mode)3, 0>, ap_fixed<16, 6, (ap_q_mode)5, (ap_o_mode)3, 0>, config2>(config2::accum_t)' to improve effectiveness of pipeline pragma in function 'void nnet::dense_latency<ap_fixed<16, 6, (ap_q_mode)5, (ap_o_mode)3, 0>, ap_fixed<16, 6, (ap_q_mode)5, (ap_o_mode)3, 0>, config2>(ap_fixed<16, 6, (ap_q_mode)5, (ap_o_mode)3, 0>*, ap_fixed<16, 6, (ap_q_mode)5, (ap_o_mode)3, 0>*, config2::weight_t*, config2::bias_t*)'
remark: firmware/nnet_utils/nnet_dense_latency.h:66:21: Automatically inlining function 'std::enable_if<!(std::is_same<ap_fixed<16, 6, (ap_q_mode)5, (ap_o_mode)3, 0>, ap_uint<1> >::value), ap_fixed<16, 6, (ap_q_mode)5, (ap_o_mode)3, 0> >::type nnet::cast<ap_fixed<16, 6, (ap_q_mode)5, (ap_o_mode)3, 0>, ap_fixed<16, 6, (ap_q_mode)5, (ap_o_mode)3, 0>, config2>(config2::accum_t)' to improve effectiveness of pipeline pragma in function 'void nnet::dense_latency<ap_fixed<16, 6, (ap_q_mode)5, (ap_o_mode)3, 0>, ap_fixed<16, 6, (ap_q_mode)5, (ap_o_mode)3, 0>, config2>(ap_fixed<16, 6, (ap_q_mode)5, (ap_o_mode)3, 0>*, ap_fixed<16, 6, (ap_q_mode)5, (ap_o_mode)3, 0>*, config2::weight_t*, config2::bias_t*)'
remark: firmware/nnet_utils/nnet_dense_latency.h:66:21: Automatically inlining function 'std::enable_if<!(std::is_same<ap_fixed<16, 6, (ap_q_mode)5, (ap_o_mode)3, 0>, ap_uint<1> >::value), ap_fixed<16, 6, (ap_q_mode)5, (ap_o_mode)3, 0> >::type nnet::cast<ap_fixed<16, 6, (ap_q_mode)5, (ap_o_mode)3, 0>, ap_fixed<16, 6, (ap_q_mode)5, (ap_o_mode)3, 0>, config2>(config2::accum_t)' to improve effectiveness of pipeline pragma in function 'void nnet::dense_latency<ap_fixed<16, 6, (ap_q_mode)5, (ap_o_mode)3, 0>, ap_fixed<16, 6, (ap_q_mode)5, (ap_o_mode)3, 0>, config2>(ap_fixed<16, 6, (ap_q_mode)5, (ap_o_mode)3, 0>*, ap_fixed<16, 6, (ap_q_mode)5, (ap_o_mode)3, 0>*, config2::weight_t*, config2::bias_t*)'
remark: firmware/nnet_utils/nnet_dense_latency.h:66:21: Automatically inlining function 'std::enable_if<!(std::is_same<ap_fixed<16, 6, (ap_q_mode)5, (ap_o_mode)3, 0>, ap_uint<1> >::value), ap_fixed<16, 6, (ap_q_mode)5, (ap_o_mode)3, 0> >::type nnet::cast<ap_fixed<16, 6, (ap_q_mode)5, (ap_o_mode)3, 0>, ap_fixed<16, 6, (ap_q_mode)5, (ap_o_mode)3, 0>, config2>(config2::accum_t)' to improve effectiveness of pipeline pragma in function 'void nnet::dense_latency<ap_fixed<16, 6, (ap_q_mode)5, (ap_o_mode)3, 0>, ap_fixed<16, 6, (ap_q_mode)5, (ap_o_mode)3, 0>, config2>(ap_fixed<16, 6, (ap_q_mode)5, (ap_o_mode)3, 0>*, ap_fixed<16, 6, (ap_q_mode)5, (ap_o_mode)3, 0>*, config2::weight_t*, config2::bias_t*)'
remark: firmware/nnet_utils/nnet_dense_latency.h:66:21: Automatically inlining function 'std::enable_if<!(std::is_same<ap_fixed<16, 6, (ap_q_mode)5, (ap_o_mode)3, 0>, ap_uint<1> >::value), ap_fixed<16, 6, (ap_q_mode)5, (ap_o_mode)3, 0> >::type nnet::cast<ap_fixed<16, 6, (ap_q_mode)5, (ap_o_mode)3, 0>, ap_fixed<16, 6, (ap_q_mode)5, (ap_o_mode)3, 0>, config2>(config2::accum_t)' to improve effectiveness of pipeline pragma in function 'void nnet::dense_latency<ap_fixed<16, 6, (ap_q_mode)5, (ap_o_mode)3, 0>, ap_fixed<16, 6, (ap_q_mode)5, (ap_o_mode)3, 0>, config2>(ap_fixed<16, 6, (ap_q_mode)5, (ap_o_mode)3, 0>*, ap_fixed<16, 6, (ap_q_mode)5, (ap_o_mode)3, 0>*, config2::weight_t*, config2::bias_t*)'
remark: firmware/nnet_utils/nnet_dense_latency.h:66:21: Automatically inlining function 'std::enable_if<!(std::is_same<ap_fixed<16, 6, (ap_q_mode)5, (ap_o_mode)3, 0>, ap_uint<1> >::value), ap_fixed<16, 6, (ap_q_mode)5, (ap_o_mode)3, 0> >::type nnet::cast<ap_fixed<16, 6, (ap_q_mode)5, (ap_o_mode)3, 0>, ap_fixed<16, 6, (ap_q_mode)5, (ap_o_mode)3, 0>, config2>(config2::accum_t)' to improve effectiveness of pipeline pragma in function 'void nnet::dense_latency<ap_fixed<16, 6, (ap_q_mode)5, (ap_o_mode)3, 0>, ap_fixed<16, 6, (ap_q_mode)5, (ap_o_mode)3, 0>, config2>(ap_fixed<16, 6, (ap_q_mode)5, (ap_o_mode)3, 0>*, ap_fixed<16, 6, (ap_q_mode)5, (ap_o_mode)3, 0>*, config2::weight_t*, config2::bias_t*)'
remark: firmware/nnet_utils/nnet_dense_latency.h:66:21: Automatically inlining function 'std::enable_if<!(std::is_same<ap_fixed<16, 6, (ap_q_mode)5, (ap_o_mode)3, 0>, ap_uint<1> >::value), ap_fixed<16, 6, (ap_q_mode)5, (ap_o_mode)3, 0> >::type nnet::cast<ap_fixed<16, 6, (ap_q_mode)5, (ap_o_mode)3, 0>, ap_fixed<16, 6, (ap_q_mode)5, (ap_o_mode)3, 0>, config2>(config2::accum_t)' to improve effectiveness of pipeline pragma in function 'void nnet::dense_latency<ap_fixed<16, 6, (ap_q_mode)5, (ap_o_mode)3, 0>, ap_fixed<16, 6, (ap_q_mode)5, (ap_o_mode)3, 0>, config2>(ap_fixed<16, 6, (ap_q_mode)5, (ap_o_mode)3, 0>*, ap_fixed<16, 6, (ap_q_mode)5, (ap_o_mode)3, 0>*, config2::weight_t*, config2::bias_t*)'
remark: firmware/nnet_utils/nnet_dense_latency.h:66:21: Automatically inlining function 'std::enable_if<!(std::is_same<ap_fixed<16, 6, (ap_q_mode)5, (ap_o_mode)3, 0>, ap_uint<1> >::value), ap_fixed<16, 6, (ap_q_mode)5, (ap_o_mode)3, 0> >::type nnet::cast<ap_fixed<16, 6, (ap_q_mode)5, (ap_o_mode)3, 0>, ap_fixed<16, 6, (ap_q_mode)5, (ap_o_mode)3, 0>, config2>(config2::accum_t)' to improve effectiveness of pipeline pragma in function 'void nnet::dense_latency<ap_fixed<16, 6, (ap_q_mode)5, (ap_o_mode)3, 0>, ap_fixed<16, 6, (ap_q_mode)5, (ap_o_mode)3, 0>, config2>(ap_fixed<16, 6, (ap_q_mode)5, (ap_o_mode)3, 0>*, ap_fixed<16, 6, (ap_q_mode)5, (ap_o_mode)3, 0>*, config2::weight_t*, config2::bias_t*)'
remark: firmware/nnet_utils/nnet_dense_latency.h:66:21: Automatically inlining function 'std::enable_if<!(std::is_same<ap_fixed<16, 6, (ap_q_mode)5, (ap_o_mode)3, 0>, ap_uint<1> >::value), ap_fixed<16, 6, (ap_q_mode)5, (ap_o_mode)3, 0> >::type nnet::cast<ap_fixed<16, 6, (ap_q_mode)5, (ap_o_mode)3, 0>, ap_fixed<16, 6, (ap_q_mode)5, (ap_o_mode)3, 0>, config2>(config2::accum_t)' to improve effectiveness of pipeline pragma in function 'void nnet::dense_latency<ap_fixed<16, 6, (ap_q_mode)5, (ap_o_mode)3, 0>, ap_fixed<16, 6, (ap_q_mode)5, (ap_o_mode)3, 0>, config2>(ap_fixed<16, 6, (ap_q_mode)5, (ap_o_mode)3, 0>*, ap_fixed<16, 6, (ap_q_mode)5, (ap_o_mode)3, 0>*, config2::weight_t*, config2::bias_t*)'
remark: firmware/nnet_utils/nnet_dense_latency.h:66:21: Automatically inlining function 'std::enable_if<!(std::is_same<ap_fixed<16, 6, (ap_q_mode)5, (ap_o_mode)3, 0>, ap_uint<1> >::value), ap_fixed<16, 6, (ap_q_mode)5, (ap_o_mode)3, 0> >::type nnet::cast<ap_fixed<16, 6, (ap_q_mode)5, (ap_o_mode)3, 0>, ap_fixed<16, 6, (ap_q_mode)5, (ap_o_mode)3, 0>, config2>(config2::accum_t)' to improve effectiveness of pipeline pragma in function 'void nnet::dense_latency<ap_fixed<16, 6, (ap_q_mode)5, (ap_o_mode)3, 0>, ap_fixed<16, 6, (ap_q_mode)5, (ap_o_mode)3, 0>, config2>(ap_fixed<16, 6, (ap_q_mode)5, (ap_o_mode)3, 0>*, ap_fixed<16, 6, (ap_q_mode)5, (ap_o_mode)3, 0>*, config2::weight_t*, config2::bias_t*)'
remark: firmware/nnet_utils/nnet_dense_latency.h:66:21: Automatically inlining function 'std::enable_if<!(std::is_same<ap_fixed<16, 6, (ap_q_mode)5, (ap_o_mode)3, 0>, ap_uint<1> >::value), ap_fixed<16, 6, (ap_q_mode)5, (ap_o_mode)3, 0> >::type nnet::cast<ap_fixed<16, 6, (ap_q_mode)5, (ap_o_mode)3, 0>, ap_fixed<16, 6, (ap_q_mode)5, (ap_o_mode)3, 0>, config2>(config2::accum_t)' to improve effectiveness of pipeline pragma in function 'void nnet::dense_latency<ap_fixed<16, 6, (ap_q_mode)5, (ap_o_mode)3, 0>, ap_fixed<16, 6, (ap_q_mode)5, (ap_o_mode)3, 0>, config2>(ap_fixed<16, 6, (ap_q_mode)5, (ap_o_mode)3, 0>*, ap_fixed<16, 6, (ap_q_mode)5, (ap_o_mode)3, 0>*, config2::weight_t*, config2::bias_t*)'
remark: firmware/nnet_utils/nnet_dense_latency.h:66:21: Automatically inlining function 'std::enable_if<!(std::is_same<ap_fixed<16, 6, (ap_q_mode)5, (ap_o_mode)3, 0>, ap_uint<1> >::value), ap_fixed<16, 6, (ap_q_mode)5, (ap_o_mode)3, 0> >::type nnet::cast<ap_fixed<16, 6, (ap_q_mode)5, (ap_o_mode)3, 0>, ap_fixed<16, 6, (ap_q_mode)5, (ap_o_mode)3, 0>, config2>(config2::accum_t)' to improve effectiveness of pipeline pragma in function 'void nnet::dense_latency<ap_fixed<16, 6, (ap_q_mode)5, (ap_o_mode)3, 0>, ap_fixed<16, 6, (ap_q_mode)5, (ap_o_mode)3, 0>, config2>(ap_fixed<16, 6, (ap_q_mode)5, (ap_o_mode)3, 0>*, ap_fixed<16, 6, (ap_q_mode)5, (ap_o_mode)3, 0>*, config2::weight_t*, config2::bias_t*)'
remark: firmware/nnet_utils/nnet_dense_latency.h:66:21: Automatically inlining function 'std::enable_if<!(std::is_same<ap_fixed<16, 6, (ap_q_mode)5, (ap_o_mode)3, 0>, ap_uint<1> >::value), ap_fixed<16, 6, (ap_q_mode)5, (ap_o_mode)3, 0> >::type nnet::cast<ap_fixed<16, 6, (ap_q_mode)5, (ap_o_mode)3, 0>, ap_fixed<16, 6, (ap_q_mode)5, (ap_o_mode)3, 0>, config2>(config2::accum_t)' to improve effectiveness of pipeline pragma in function 'void nnet::dense_latency<ap_fixed<16, 6, (ap_q_mode)5, (ap_o_mode)3, 0>, ap_fixed<16, 6, (ap_q_mode)5, (ap_o_mode)3, 0>, config2>(ap_fixed<16, 6, (ap_q_mode)5, (ap_o_mode)3, 0>*, ap_fixed<16, 6, (ap_q_mode)5, (ap_o_mode)3, 0>*, config2::weight_t*, config2::bias_t*)'
remark: firmware/nnet_utils/nnet_dense_latency.h:66:21: Automatically inlining function 'std::enable_if<!(std::is_same<ap_fixed<16, 6, (ap_q_mode)5, (ap_o_mode)3, 0>, ap_uint<1> >::value), ap_fixed<16, 6, (ap_q_mode)5, (ap_o_mode)3, 0> >::type nnet::cast<ap_fixed<16, 6, (ap_q_mode)5, (ap_o_mode)3, 0>, ap_fixed<16, 6, (ap_q_mode)5, (ap_o_mode)3, 0>, config2>(config2::accum_t)' to improve effectiveness of pipeline pragma in function 'void nnet::dense_latency<ap_fixed<16, 6, (ap_q_mode)5, (ap_o_mode)3, 0>, ap_fixed<16, 6, (ap_q_mode)5, (ap_o_mode)3, 0>, config2>(ap_fixed<16, 6, (ap_q_mode)5, (ap_o_mode)3, 0>*, ap_fixed<16, 6, (ap_q_mode)5, (ap_o_mode)3, 0>*, config2::weight_t*, config2::bias_t*)'
remark: firmware/nnet_utils/nnet_dense_latency.h:66:21: Automatically inlining function 'std::enable_if<!(std::is_same<ap_fixed<16, 6, (ap_q_mode)5, (ap_o_mode)3, 0>, ap_uint<1> >::value), ap_fixed<16, 6, (ap_q_mode)5, (ap_o_mode)3, 0> >::type nnet::cast<ap_fixed<16, 6, (ap_q_mode)5, (ap_o_mode)3, 0>, ap_fixed<16, 6, (ap_q_mode)5, (ap_o_mode)3, 0>, config2>(config2::accum_t)' to improve effectiveness of pipeline pragma in function 'void nnet::dense_latency<ap_fixed<16, 6, (ap_q_mode)5, (ap_o_mode)3, 0>, ap_fixed<16, 6, (ap_q_mode)5, (ap_o_mode)3, 0>, config2>(ap_fixed<16, 6, (ap_q_mode)5, (ap_o_mode)3, 0>*, ap_fixed<16, 6, (ap_q_mode)5, (ap_o_mode)3, 0>*, config2::weight_t*, config2::bias_t*)'
remark: firmware/nnet_utils/nnet_dense_latency.h:66:21: Automatically inlining function 'std::enable_if<!(std::is_same<ap_fixed<16, 6, (ap_q_mode)5, (ap_o_mode)3, 0>, ap_uint<1> >::value), ap_fixed<16, 6, (ap_q_mode)5, (ap_o_mode)3, 0> >::type nnet::cast<ap_fixed<16, 6, (ap_q_mode)5, (ap_o_mode)3, 0>, ap_fixed<16, 6, (ap_q_mode)5, (ap_o_mode)3, 0>, config2>(config2::accum_t)' to improve effectiveness of pipeline pragma in function 'void nnet::dense_latency<ap_fixed<16, 6, (ap_q_mode)5, (ap_o_mode)3, 0>, ap_fixed<16, 6, (ap_q_mode)5, (ap_o_mode)3, 0>, config2>(ap_fixed<16, 6, (ap_q_mode)5, (ap_o_mode)3, 0>*, ap_fixed<16, 6, (ap_q_mode)5, (ap_o_mode)3, 0>*, config2::weight_t*, config2::bias_t*)'
remark: firmware/nnet_utils/nnet_dense_latency.h:66:21: Automatically inlining function 'std::enable_if<!(std::is_same<ap_fixed<16, 6, (ap_q_mode)5, (ap_o_mode)3, 0>, ap_uint<1> >::value), ap_fixed<16, 6, (ap_q_mode)5, (ap_o_mode)3, 0> >::type nnet::cast<ap_fixed<16, 6, (ap_q_mode)5, (ap_o_mode)3, 0>, ap_fixed<16, 6, (ap_q_mode)5, (ap_o_mode)3, 0>, config2>(config2::accum_t)' to improve effectiveness of pipeline pragma in function 'void nnet::dense_latency<ap_fixed<16, 6, (ap_q_mode)5, (ap_o_mode)3, 0>, ap_fixed<16, 6, (ap_q_mode)5, (ap_o_mode)3, 0>, config2>(ap_fixed<16, 6, (ap_q_mode)5, (ap_o_mode)3, 0>*, ap_fixed<16, 6, (ap_q_mode)5, (ap_o_mode)3, 0>*, config2::weight_t*, config2::bias_t*)'
remark: firmware/nnet_utils/nnet_dense_latency.h:66:21: Automatically inlining function 'std::enable_if<!(std::is_same<ap_fixed<16, 6, (ap_q_mode)5, (ap_o_mode)3, 0>, ap_uint<1> >::value), ap_fixed<16, 6, (ap_q_mode)5, (ap_o_mode)3, 0> >::type nnet::cast<ap_fixed<16, 6, (ap_q_mode)5, (ap_o_mode)3, 0>, ap_fixed<16, 6, (ap_q_mode)5, (ap_o_mode)3, 0>, config2>(config2::accum_t)' to improve effectiveness of pipeline pragma in function 'void nnet::dense_latency<ap_fixed<16, 6, (ap_q_mode)5, (ap_o_mode)3, 0>, ap_fixed<16, 6, (ap_q_mode)5, (ap_o_mode)3, 0>, config2>(ap_fixed<16, 6, (ap_q_mode)5, (ap_o_mode)3, 0>*, ap_fixed<16, 6, (ap_q_mode)5, (ap_o_mode)3, 0>*, config2::weight_t*, config2::bias_t*)'
remark: firmware/nnet_utils/nnet_dense_latency.h:66:21: Automatically inlining function 'std::enable_if<!(std::is_same<ap_fixed<16, 6, (ap_q_mode)5, (ap_o_mode)3, 0>, ap_uint<1> >::value), ap_fixed<16, 6, (ap_q_mode)5, (ap_o_mode)3, 0> >::type nnet::cast<ap_fixed<16, 6, (ap_q_mode)5, (ap_o_mode)3, 0>, ap_fixed<16, 6, (ap_q_mode)5, (ap_o_mode)3, 0>, config2>(config2::accum_t)' to improve effectiveness of pipeline pragma in function 'void nnet::dense_latency<ap_fixed<16, 6, (ap_q_mode)5, (ap_o_mode)3, 0>, ap_fixed<16, 6, (ap_q_mode)5, (ap_o_mode)3, 0>, config2>(ap_fixed<16, 6, (ap_q_mode)5, (ap_o_mode)3, 0>*, ap_fixed<16, 6, (ap_q_mode)5, (ap_o_mode)3, 0>*, config2::weight_t*, config2::bias_t*)'
remark: firmware/nnet_utils/nnet_dense_latency.h:66:21: Automatically inlining function 'std::enable_if<!(std::is_same<ap_fixed<16, 6, (ap_q_mode)5, (ap_o_mode)3, 0>, ap_uint<1> >::value), ap_fixed<16, 6, (ap_q_mode)5, (ap_o_mode)3, 0> >::type nnet::cast<ap_fixed<16, 6, (ap_q_mode)5, (ap_o_mode)3, 0>, ap_fixed<16, 6, (ap_q_mode)5, (ap_o_mode)3, 0>, config2>(config2::accum_t)' to improve effectiveness of pipeline pragma in function 'void nnet::dense_latency<ap_fixed<16, 6, (ap_q_mode)5, (ap_o_mode)3, 0>, ap_fixed<16, 6, (ap_q_mode)5, (ap_o_mode)3, 0>, config2>(ap_fixed<16, 6, (ap_q_mode)5, (ap_o_mode)3, 0>*, ap_fixed<16, 6, (ap_q_mode)5, (ap_o_mode)3, 0>*, config2::weight_t*, config2::bias_t*)'
remark: firmware/nnet_utils/nnet_dense_latency.h:66:21: Automatically inlining function 'std::enable_if<!(std::is_same<ap_fixed<16, 6, (ap_q_mode)5, (ap_o_mode)3, 0>, ap_uint<1> >::value), ap_fixed<16, 6, (ap_q_mode)5, (ap_o_mode)3, 0> >::type nnet::cast<ap_fixed<16, 6, (ap_q_mode)5, (ap_o_mode)3, 0>, ap_fixed<16, 6, (ap_q_mode)5, (ap_o_mode)3, 0>, config2>(config2::accum_t)' to improve effectiveness of pipeline pragma in function 'void nnet::dense_latency<ap_fixed<16, 6, (ap_q_mode)5, (ap_o_mode)3, 0>, ap_fixed<16, 6, (ap_q_mode)5, (ap_o_mode)3, 0>, config2>(ap_fixed<16, 6, (ap_q_mode)5, (ap_o_mode)3, 0>*, ap_fixed<16, 6, (ap_q_mode)5, (ap_o_mode)3, 0>*, config2::weight_t*, config2::bias_t*)'
remark: firmware/nnet_utils/nnet_dense_latency.h:66:21: Automatically inlining function 'std::enable_if<!(std::is_same<ap_fixed<16, 6, (ap_q_mode)5, (ap_o_mode)3, 0>, ap_uint<1> >::value), ap_fixed<16, 6, (ap_q_mode)5, (ap_o_mode)3, 0> >::type nnet::cast<ap_fixed<16, 6, (ap_q_mode)5, (ap_o_mode)3, 0>, ap_fixed<16, 6, (ap_q_mode)5, (ap_o_mode)3, 0>, config2>(config2::accum_t)' to improve effectiveness of pipeline pragma in function 'void nnet::dense_latency<ap_fixed<16, 6, (ap_q_mode)5, (ap_o_mode)3, 0>, ap_fixed<16, 6, (ap_q_mode)5, (ap_o_mode)3, 0>, config2>(ap_fixed<16, 6, (ap_q_mode)5, (ap_o_mode)3, 0>*, ap_fixed<16, 6, (ap_q_mode)5, (ap_o_mode)3, 0>*, config2::weight_t*, config2::bias_t*)'
remark: firmware/nnet_utils/nnet_dense_latency.h:66:21: Automatically inlining function 'std::enable_if<!(std::is_same<ap_fixed<16, 6, (ap_q_mode)5, (ap_o_mode)3, 0>, ap_uint<1> >::value), ap_fixed<16, 6, (ap_q_mode)5, (ap_o_mode)3, 0> >::type nnet::cast<ap_fixed<16, 6, (ap_q_mode)5, (ap_o_mode)3, 0>, ap_fixed<16, 6, (ap_q_mode)5, (ap_o_mode)3, 0>, config2>(config2::accum_t)' to improve effectiveness of pipeline pragma in function 'void nnet::dense_latency<ap_fixed<16, 6, (ap_q_mode)5, (ap_o_mode)3, 0>, ap_fixed<16, 6, (ap_q_mode)5, (ap_o_mode)3, 0>, config2>(ap_fixed<16, 6, (ap_q_mode)5, (ap_o_mode)3, 0>*, ap_fixed<16, 6, (ap_q_mode)5, (ap_o_mode)3, 0>*, config2::weight_t*, config2::bias_t*)'
remark: firmware/nnet_utils/nnet_dense_latency.h:66:21: Automatically inlining function 'std::enable_if<!(std::is_same<ap_fixed<16, 6, (ap_q_mode)5, (ap_o_mode)3, 0>, ap_uint<1> >::value), ap_fixed<16, 6, (ap_q_mode)5, (ap_o_mode)3, 0> >::type nnet::cast<ap_fixed<16, 6, (ap_q_mode)5, (ap_o_mode)3, 0>, ap_fixed<16, 6, (ap_q_mode)5, (ap_o_mode)3, 0>, config2>(config2::accum_t)' to improve effectiveness of pipeline pragma in function 'void nnet::dense_latency<ap_fixed<16, 6, (ap_q_mode)5, (ap_o_mode)3, 0>, ap_fixed<16, 6, (ap_q_mode)5, (ap_o_mode)3, 0>, config2>(ap_fixed<16, 6, (ap_q_mode)5, (ap_o_mode)3, 0>*, ap_fixed<16, 6, (ap_q_mode)5, (ap_o_mode)3, 0>*, config2::weight_t*, config2::bias_t*)'
remark: firmware/nnet_utils/nnet_dense_latency.h:66:21: Automatically inlining function 'std::enable_if<!(std::is_same<ap_fixed<16, 6, (ap_q_mode)5, (ap_o_mode)3, 0>, ap_uint<1> >::value), ap_fixed<16, 6, (ap_q_mode)5, (ap_o_mode)3, 0> >::type nnet::cast<ap_fixed<16, 6, (ap_q_mode)5, (ap_o_mode)3, 0>, ap_fixed<16, 6, (ap_q_mode)5, (ap_o_mode)3, 0>, config2>(config2::accum_t)' to improve effectiveness of pipeline pragma in function 'void nnet::dense_latency<ap_fixed<16, 6, (ap_q_mode)5, (ap_o_mode)3, 0>, ap_fixed<16, 6, (ap_q_mode)5, (ap_o_mode)3, 0>, config2>(ap_fixed<16, 6, (ap_q_mode)5, (ap_o_mode)3, 0>*, ap_fixed<16, 6, (ap_q_mode)5, (ap_o_mode)3, 0>*, config2::weight_t*, config2::bias_t*)'
remark: firmware/nnet_utils/nnet_dense_latency.h:66:21: Automatically inlining function 'std::enable_if<!(std::is_same<ap_fixed<16, 6, (ap_q_mode)5, (ap_o_mode)3, 0>, ap_uint<1> >::value), ap_fixed<16, 6, (ap_q_mode)5, (ap_o_mode)3, 0> >::type nnet::cast<ap_fixed<16, 6, (ap_q_mode)5, (ap_o_mode)3, 0>, ap_fixed<16, 6, (ap_q_mode)5, (ap_o_mode)3, 0>, config2>(config2::accum_t)' to improve effectiveness of pipeline pragma in function 'void nnet::dense_latency<ap_fixed<16, 6, (ap_q_mode)5, (ap_o_mode)3, 0>, ap_fixed<16, 6, (ap_q_mode)5, (ap_o_mode)3, 0>, config2>(ap_fixed<16, 6, (ap_q_mode)5, (ap_o_mode)3, 0>*, ap_fixed<16, 6, (ap_q_mode)5, (ap_o_mode)3, 0>*, config2::weight_t*, config2::bias_t*)'
remark: firmware/nnet_utils/nnet_dense_latency.h:66:21: Automatically inlining function 'std::enable_if<!(std::is_same<ap_fixed<16, 6, (ap_q_mode)5, (ap_o_mode)3, 0>, ap_uint<1> >::value), ap_fixed<16, 6, (ap_q_mode)5, (ap_o_mode)3, 0> >::type nnet::cast<ap_fixed<16, 6, (ap_q_mode)5, (ap_o_mode)3, 0>, ap_fixed<16, 6, (ap_q_mode)5, (ap_o_mode)3, 0>, config2>(config2::accum_t)' to improve effectiveness of pipeline pragma in function 'void nnet::dense_latency<ap_fixed<16, 6, (ap_q_mode)5, (ap_o_mode)3, 0>, ap_fixed<16, 6, (ap_q_mode)5, (ap_o_mode)3, 0>, config2>(ap_fixed<16, 6, (ap_q_mode)5, (ap_o_mode)3, 0>*, ap_fixed<16, 6, (ap_q_mode)5, (ap_o_mode)3, 0>*, config2::weight_t*, config2::bias_t*)'
remark: firmware/nnet_utils/nnet_dense_latency.h:66:21: Automatically inlining function 'std::enable_if<!(std::is_same<ap_fixed<16, 6, (ap_q_mode)5, (ap_o_mode)3, 0>, ap_uint<1> >::value), ap_fixed<16, 6, (ap_q_mode)5, (ap_o_mode)3, 0> >::type nnet::cast<ap_fixed<16, 6, (ap_q_mode)5, (ap_o_mode)3, 0>, ap_fixed<16, 6, (ap_q_mode)5, (ap_o_mode)3, 0>, config2>(config2::accum_t)' to improve effectiveness of pipeline pragma in function 'void nnet::dense_latency<ap_fixed<16, 6, (ap_q_mode)5, (ap_o_mode)3, 0>, ap_fixed<16, 6, (ap_q_mode)5, (ap_o_mode)3, 0>, config2>(ap_fixed<16, 6, (ap_q_mode)5, (ap_o_mode)3, 0>*, ap_fixed<16, 6, (ap_q_mode)5, (ap_o_mode)3, 0>*, config2::weight_t*, config2::bias_t*)'
remark: firmware/nnet_utils/nnet_dense_latency.h:66:21: Automatically inlining function 'std::enable_if<!(std::is_same<ap_fixed<16, 6, (ap_q_mode)5, (ap_o_mode)3, 0>, ap_uint<1> >::value), ap_fixed<16, 6, (ap_q_mode)5, (ap_o_mode)3, 0> >::type nnet::cast<ap_fixed<16, 6, (ap_q_mode)5, (ap_o_mode)3, 0>, ap_fixed<16, 6, (ap_q_mode)5, (ap_o_mode)3, 0>, config2>(config2::accum_t)' to improve effectiveness of pipeline pragma in function 'void nnet::dense_latency<ap_fixed<16, 6, (ap_q_mode)5, (ap_o_mode)3, 0>, ap_fixed<16, 6, (ap_q_mode)5, (ap_o_mode)3, 0>, config2>(ap_fixed<16, 6, (ap_q_mode)5, (ap_o_mode)3, 0>*, ap_fixed<16, 6, (ap_q_mode)5, (ap_o_mode)3, 0>*, config2::weight_t*, config2::bias_t*)'
remark: firmware/nnet_utils/nnet_dense_latency.h:66:21: Automatically inlining function 'std::enable_if<!(std::is_same<ap_fixed<16, 6, (ap_q_mode)5, (ap_o_mode)3, 0>, ap_uint<1> >::value), ap_fixed<16, 6, (ap_q_mode)5, (ap_o_mode)3, 0> >::type nnet::cast<ap_fixed<16, 6, (ap_q_mode)5, (ap_o_mode)3, 0>, ap_fixed<16, 6, (ap_q_mode)5, (ap_o_mode)3, 0>, config2>(config2::accum_t)' to improve effectiveness of pipeline pragma in function 'void nnet::dense_latency<ap_fixed<16, 6, (ap_q_mode)5, (ap_o_mode)3, 0>, ap_fixed<16, 6, (ap_q_mode)5, (ap_o_mode)3, 0>, config2>(ap_fixed<16, 6, (ap_q_mode)5, (ap_o_mode)3, 0>*, ap_fixed<16, 6, (ap_q_mode)5, (ap_o_mode)3, 0>*, config2::weight_t*, config2::bias_t*)'
remark: firmware/nnet_utils/nnet_dense_latency.h:66:21: Automatically inlining function 'std::enable_if<!(std::is_same<ap_fixed<16, 6, (ap_q_mode)5, (ap_o_mode)3, 0>, ap_uint<1> >::value), ap_fixed<16, 6, (ap_q_mode)5, (ap_o_mode)3, 0> >::type nnet::cast<ap_fixed<16, 6, (ap_q_mode)5, (ap_o_mode)3, 0>, ap_fixed<16, 6, (ap_q_mode)5, (ap_o_mode)3, 0>, config2>(config2::accum_t)' to improve effectiveness of pipeline pragma in function 'void nnet::dense_latency<ap_fixed<16, 6, (ap_q_mode)5, (ap_o_mode)3, 0>, ap_fixed<16, 6, (ap_q_mode)5, (ap_o_mode)3, 0>, config2>(ap_fixed<16, 6, (ap_q_mode)5, (ap_o_mode)3, 0>*, ap_fixed<16, 6, (ap_q_mode)5, (ap_o_mode)3, 0>*, config2::weight_t*, config2::bias_t*)'
remark: firmware/nnet_utils/nnet_dense_latency.h:66:21: Automatically inlining function 'std::enable_if<!(std::is_same<ap_fixed<16, 6, (ap_q_mode)5, (ap_o_mode)3, 0>, ap_uint<1> >::value), ap_fixed<16, 6, (ap_q_mode)5, (ap_o_mode)3, 0> >::type nnet::cast<ap_fixed<16, 6, (ap_q_mode)5, (ap_o_mode)3, 0>, ap_fixed<16, 6, (ap_q_mode)5, (ap_o_mode)3, 0>, config2>(config2::accum_t)' to improve effectiveness of pipeline pragma in function 'void nnet::dense_latency<ap_fixed<16, 6, (ap_q_mode)5, (ap_o_mode)3, 0>, ap_fixed<16, 6, (ap_q_mode)5, (ap_o_mode)3, 0>, config2>(ap_fixed<16, 6, (ap_q_mode)5, (ap_o_mode)3, 0>*, ap_fixed<16, 6, (ap_q_mode)5, (ap_o_mode)3, 0>*, config2::weight_t*, config2::bias_t*)'
remark: firmware/nnet_utils/nnet_dense_latency.h:66:21: Automatically inlining function 'std::enable_if<!(std::is_same<ap_fixed<16, 6, (ap_q_mode)5, (ap_o_mode)3, 0>, ap_uint<1> >::value), ap_fixed<16, 6, (ap_q_mode)5, (ap_o_mode)3, 0> >::type nnet::cast<ap_fixed<16, 6, (ap_q_mode)5, (ap_o_mode)3, 0>, ap_fixed<16, 6, (ap_q_mode)5, (ap_o_mode)3, 0>, config2>(config2::accum_t)' to improve effectiveness of pipeline pragma in function 'void nnet::dense_latency<ap_fixed<16, 6, (ap_q_mode)5, (ap_o_mode)3, 0>, ap_fixed<16, 6, (ap_q_mode)5, (ap_o_mode)3, 0>, config2>(ap_fixed<16, 6, (ap_q_mode)5, (ap_o_mode)3, 0>*, ap_fixed<16, 6, (ap_q_mode)5, (ap_o_mode)3, 0>*, config2::weight_t*, config2::bias_t*)'
===-------------------------------------------------------------------------===
                         Miscellaneous Ungrouped Timers
===-------------------------------------------------------------------------===

   ---User Time---   --System Time--   --User+System--   ---Wall Time---  --- Name ---
  47.2127 (100.0%)   0.1880 (100.0%)  47.4007 (100.0%)  47.4055 (100.0%)  Code Generation Time
  47.2127 (100.0%)   0.1880 (100.0%)  47.4007 (100.0%)  47.4055 (100.0%)  Total

===-------------------------------------------------------------------------===
                      ... Pass execution timing report ...
===-------------------------------------------------------------------------===
  Total Execution Time: 47.5397 seconds (47.5434 wall clock)

   ---User Time---   --System Time--   --User+System--   ---Wall Time---  --- Name ---
   4.2483 (  9.0%)   0.0130 (  7.3%)   4.2613 (  9.0%)   4.2613 (  9.0%)  Reflow pragma unroll loops
   2.9667 (  6.3%)   0.0090 (  5.1%)   2.9757 (  6.3%)   2.9757 (  6.3%)  Global Value Numbering
   2.4995 (  5.3%)   0.0000 (  0.0%)   2.4995 (  5.3%)   2.4995 (  5.3%)  Aggressive Dead Code Elimination
   2.0435 (  4.3%)   0.0010 (  0.6%)   2.0445 (  4.3%)   2.0444 (  4.3%)  Global Value Numbering
   2.0017 (  4.2%)   0.0022 (  1.3%)   2.0040 (  4.2%)   2.0091 (  4.2%)  Global Value Numbering
   2.0008 (  4.2%)   0.0000 (  0.0%)   2.0008 (  4.2%)   2.0008 (  4.2%)  Global Value Numbering
   1.9980 (  4.2%)   0.0013 (  0.7%)   1.9993 (  4.2%)   1.9992 (  4.2%)  Global Value Numbering
   1.9961 (  4.2%)   0.0001 (  0.0%)   1.9962 (  4.2%)   1.9962 (  4.2%)  Global Value Numbering
   1.9942 (  4.2%)   0.0001 (  0.1%)   1.9943 (  4.2%)   1.9943 (  4.2%)  Global Value Numbering
   1.9931 (  4.2%)   0.0010 (  0.6%)   1.9940 (  4.2%)   1.9940 (  4.2%)  Global Value Numbering
   1.9865 (  4.2%)   0.0010 (  0.6%)   1.9875 (  4.2%)   1.9874 (  4.2%)  Global Value Numbering
   1.9692 (  4.2%)   0.0023 (  1.3%)   1.9715 (  4.1%)   1.9715 (  4.1%)  Global Value Numbering
   1.5162 (  3.2%)   0.0000 (  0.0%)   1.5162 (  3.2%)   1.5162 (  3.2%)  Global Value Numbering
   1.1183 (  2.4%)   0.0250 ( 14.1%)   1.1433 (  2.4%)   1.1433 (  2.4%)  ArrayPartition - Partition Arrays into Banks
   0.8531 (  1.8%)   0.0000 (  0.0%)   0.8531 (  1.8%)   0.8531 (  1.8%)  Global Value Numbering
   0.5322 (  1.1%)   0.0000 (  0.0%)   0.5323 (  1.1%)   0.5323 (  1.1%)  Value Propagation
   0.5269 (  1.1%)   0.0000 (  0.0%)   0.5269 (  1.1%)   0.5269 (  1.1%)  Value Propagation
   0.5254 (  1.1%)   0.0000 (  0.0%)   0.5254 (  1.1%)   0.5255 (  1.1%)  Value Propagation
   0.5240 (  1.1%)   0.0000 (  0.0%)   0.5240 (  1.1%)   0.5240 (  1.1%)  Value Propagation
   0.5231 (  1.1%)   0.0000 (  0.0%)   0.5231 (  1.1%)   0.5231 (  1.1%)  Value Propagation
   0.4418 (  0.9%)   0.0099 (  5.6%)   0.4517 (  1.0%)   0.4517 (  1.0%)  Global Variable Optimizer
   0.4221 (  0.9%)   0.0000 (  0.0%)   0.4221 (  0.9%)   0.4221 (  0.9%)  Dead Store Elimination
   0.4046 (  0.9%)   0.0000 (  0.0%)   0.4046 (  0.9%)   0.4046 (  0.9%)  ROM inference pass
   0.4019 (  0.8%)   0.0000 (  0.0%)   0.4019 (  0.8%)   0.4019 (  0.8%)  Dead Store Elimination
   0.3974 (  0.8%)   0.0000 (  0.0%)   0.3974 (  0.8%)   0.3974 (  0.8%)  Dead Store Elimination
   0.3927 (  0.8%)   0.0000 (  0.0%)   0.3927 (  0.8%)   0.3927 (  0.8%)  Dead Store Elimination
   0.3908 (  0.8%)   0.0001 (  0.0%)   0.3909 (  0.8%)   0.3909 (  0.8%)  Dead Store Elimination
   0.3901 (  0.8%)   0.0000 (  0.0%)   0.3901 (  0.8%)   0.3901 (  0.8%)  Dead Store Elimination
   0.3870 (  0.8%)   0.0000 (  0.0%)   0.3871 (  0.8%)   0.3870 (  0.8%)  Dead Store Elimination
   0.3863 (  0.8%)   0.0000 (  0.0%)   0.3863 (  0.8%)   0.3863 (  0.8%)  Dead Store Elimination
   0.3847 (  0.8%)   0.0000 (  0.0%)   0.3847 (  0.8%)   0.3847 (  0.8%)  Dead Store Elimination
   0.3755 (  0.8%)   0.0000 (  0.0%)   0.3755 (  0.8%)   0.3755 (  0.8%)  Dead Store Elimination
   0.3749 (  0.8%)   0.0000 (  0.0%)   0.3749 (  0.8%)   0.3748 (  0.8%)  Dead Store Elimination
   0.3730 (  0.8%)   0.0000 (  0.0%)   0.3730 (  0.8%)   0.3730 (  0.8%)  Dead Store Elimination
   0.3708 (  0.8%)   0.0001 (  0.0%)   0.3709 (  0.8%)   0.3709 (  0.8%)  Dead Store Elimination
   0.3254 (  0.7%)   0.0000 (  0.0%)   0.3254 (  0.7%)   0.3254 (  0.7%)  Global Value Numbering
   0.3232 (  0.7%)   0.0008 (  0.4%)   0.3240 (  0.7%)   0.3240 (  0.7%)  Global Value Numbering
   0.3204 (  0.7%)   0.0000 (  0.0%)   0.3204 (  0.7%)   0.3204 (  0.7%)  Global Value Numbering
   0.3195 (  0.7%)   0.0000 (  0.0%)   0.3195 (  0.7%)   0.3195 (  0.7%)  Global Value Numbering
   0.2723 (  0.6%)   0.0010 (  0.6%)   0.2733 (  0.6%)   0.2733 (  0.6%)  Automatic inliner in reflow
   0.1804 (  0.4%)   0.0450 ( 25.4%)   0.2254 (  0.5%)   0.2254 (  0.5%)  Auto automatic array partition analysis
   0.1717 (  0.4%)   0.0000 (  0.0%)   0.1717 (  0.4%)   0.1717 (  0.4%)  Value Propagation
   0.1583 (  0.3%)   0.0000 (  0.0%)   0.1583 (  0.3%)   0.1583 (  0.3%)  Undecay arrays
   0.1430 (  0.3%)   0.0000 (  0.0%)   0.1430 (  0.3%)   0.1430 (  0.3%)  Global Value Numbering
   0.1429 (  0.3%)   0.0000 (  0.0%)   0.1429 (  0.3%)   0.1429 (  0.3%)  Global Value Numbering
   0.1424 (  0.3%)   0.0000 (  0.0%)   0.1425 (  0.3%)   0.1425 (  0.3%)  Global Value Numbering
   0.1261 (  0.3%)   0.0000 (  0.0%)   0.1261 (  0.3%)   0.1261 (  0.3%)  Simplify the CFG
   0.1250 (  0.3%)   0.0000 (  0.0%)   0.1250 (  0.3%)   0.1250 (  0.3%)  Inliner for always_inline functions
   0.1216 (  0.3%)   0.0020 (  1.1%)   0.1236 (  0.3%)   0.1236 (  0.3%)  Collect complexity metrics for FE reflow
   0.0927 (  0.2%)   0.0000 (  0.0%)   0.0927 (  0.2%)   0.0928 (  0.2%)  Early GVN Hoisting of Expressions
   0.0864 (  0.2%)   0.0000 (  0.0%)   0.0864 (  0.2%)   0.0864 (  0.2%)  Straight line strength reduction
   0.0762 (  0.2%)   0.0000 (  0.0%)   0.0762 (  0.2%)   0.0762 (  0.2%)  Combine redundant instructions
   0.0749 (  0.2%)   0.0000 (  0.0%)   0.0749 (  0.2%)   0.0749 (  0.2%)  Generate HLS compatible IR
   0.0688 (  0.1%)   0.0000 (  0.0%)   0.0688 (  0.1%)   0.0688 (  0.1%)  Lower intermediate type generated by HLSGen
   0.0597 (  0.1%)   0.0010 (  0.6%)   0.0607 (  0.1%)   0.0607 (  0.1%)  Dominator Tree Construction
   0.0568 (  0.1%)   0.0000 (  0.0%)   0.0568 (  0.1%)   0.0568 (  0.1%)  Value Propagation
   0.0566 (  0.1%)   0.0000 (  0.0%)   0.0566 (  0.1%)   0.0566 (  0.1%)  Aggressive Dead Code Elimination
   0.0523 (  0.1%)   0.0001 (  0.1%)   0.0524 (  0.1%)   0.0524 (  0.1%)  Combine redundant instructions
   0.0491 (  0.1%)   0.0009 (  0.5%)   0.0500 (  0.1%)   0.0500 (  0.1%)  Promote 'by reference' arguments to scalars
   0.0475 (  0.1%)   0.0000 (  0.0%)   0.0475 (  0.1%)   0.0475 (  0.1%)  Merge accesses
   0.0469 (  0.1%)   0.0000 (  0.0%)   0.0469 (  0.1%)   0.0469 (  0.1%)  Merge accesses
   0.0446 (  0.1%)   0.0017 (  0.9%)   0.0462 (  0.1%)   0.0462 (  0.1%)  Merge accesses
   0.0441 (  0.1%)   0.0000 (  0.0%)   0.0441 (  0.1%)   0.0441 (  0.1%)  Natural Loop Information
   0.0338 (  0.1%)   0.0090 (  5.1%)   0.0428 (  0.1%)   0.0428 (  0.1%)  Build loop flatten cost model
   0.0335 (  0.1%)   0.0000 (  0.0%)   0.0335 (  0.1%)   0.0335 (  0.1%)  Detach IR Wrapper
   0.0323 (  0.1%)   0.0000 (  0.0%)   0.0323 (  0.1%)   0.0323 (  0.1%)  Value Propagation
   0.0322 (  0.1%)   0.0000 (  0.0%)   0.0322 (  0.1%)   0.0322 (  0.1%)  Value Propagation
   0.0321 (  0.1%)   0.0000 (  0.0%)   0.0321 (  0.1%)   0.0321 (  0.1%)  AlignMemory - Align memory accesses
   0.0320 (  0.1%)   0.0000 (  0.0%)   0.0320 (  0.1%)   0.0320 (  0.1%)  Value Propagation
   0.0318 (  0.1%)   0.0000 (  0.0%)   0.0318 (  0.1%)   0.0318 (  0.1%)  AlignMemory - Align memory accesses
   0.0317 (  0.1%)   0.0000 (  0.0%)   0.0317 (  0.1%)   0.0317 (  0.1%)  AlignMemory - Align memory accesses
   0.0316 (  0.1%)   0.0000 (  0.0%)   0.0316 (  0.1%)   0.0315 (  0.1%)  Aggressive Dead Code Elimination
   0.0298 (  0.1%)   0.0010 (  0.6%)   0.0308 (  0.1%)   0.0308 (  0.1%)   automatic function inline driven by performance to break up circuit dependence
   0.0303 (  0.1%)   0.0002 (  0.1%)   0.0305 (  0.1%)   0.0305 (  0.1%)  AlignMemory - Align memory accesses
   0.0304 (  0.1%)   0.0000 (  0.0%)   0.0304 (  0.1%)   0.0304 (  0.1%)  AlignMemory - Align memory accesses
   0.0292 (  0.1%)   0.0001 (  0.0%)   0.0293 (  0.1%)   0.0293 (  0.1%)  Combine redundant instructions
   0.0289 (  0.1%)   0.0000 (  0.0%)   0.0289 (  0.1%)   0.0289 (  0.1%)  AlignMemory - Align memory accesses
   0.0286 (  0.1%)   0.0000 (  0.0%)   0.0286 (  0.1%)   0.0286 (  0.1%)  AlignMemory - Align memory accesses
   0.0280 (  0.1%)   0.0001 (  0.0%)   0.0280 (  0.1%)   0.0280 (  0.1%)  Memory SSA
   0.0275 (  0.1%)   0.0000 (  0.0%)   0.0275 (  0.1%)   0.0275 (  0.1%)  Aggressive Dead Code Elimination
   0.0270 (  0.1%)   0.0000 (  0.0%)   0.0270 (  0.1%)   0.0270 (  0.1%)  Synthesis checker
   0.0267 (  0.1%)   0.0000 (  0.0%)   0.0267 (  0.1%)   0.0267 (  0.1%)  Memory SSA
   0.0252 (  0.1%)   0.0002 (  0.1%)   0.0254 (  0.1%)   0.0254 (  0.1%)  AccessGroup - Group the memory access for the same object
   0.0222 (  0.0%)   0.0000 (  0.0%)   0.0222 (  0.0%)   0.0222 (  0.0%)  Aggressive Dead Code Elimination
   0.0222 (  0.0%)   0.0000 (  0.0%)   0.0222 (  0.0%)   0.0222 (  0.0%)  Memory Summary
   0.0210 (  0.0%)   0.0009 (  0.5%)   0.0218 (  0.0%)   0.0218 (  0.0%)  Memory Summary
   0.0215 (  0.0%)   0.0000 (  0.0%)   0.0215 (  0.0%)   0.0215 (  0.0%)  Aggressive Dead Code Elimination
   0.0209 (  0.0%)   0.0000 (  0.0%)   0.0209 (  0.0%)   0.0209 (  0.0%)  Array out of bound check
   0.0198 (  0.0%)   0.0010 (  0.6%)   0.0208 (  0.0%)   0.0208 (  0.0%)  Automatic data reuse optimization
   0.0200 (  0.0%)   0.0005 (  0.3%)   0.0205 (  0.0%)   0.0205 (  0.0%)  Global Value Numbering
   0.0196 (  0.0%)   0.0000 (  0.0%)   0.0196 (  0.0%)   0.0196 (  0.0%)  Remove redundant instructions
   0.0195 (  0.0%)   0.0000 (  0.0%)   0.0195 (  0.0%)   0.0195 (  0.0%)  Aggressive Dead Code Elimination
   0.0193 (  0.0%)   0.0000 (  0.0%)   0.0193 (  0.0%)   0.0192 (  0.0%)  Remove redundant instructions
   0.0191 (  0.0%)   0.0000 (  0.0%)   0.0191 (  0.0%)   0.0191 (  0.0%)  Remove redundant instructions
   0.0191 (  0.0%)   0.0000 (  0.0%)   0.0191 (  0.0%)   0.0191 (  0.0%)  Global Value Numbering
   0.0169 (  0.0%)   0.0020 (  1.1%)   0.0189 (  0.0%)   0.0189 (  0.0%)  PredicateAnalyzer - Predidate Analysis
   0.0187 (  0.0%)   0.0000 (  0.0%)   0.0187 (  0.0%)   0.0187 (  0.0%)  Remove redundant instructions
   0.0187 (  0.0%)   0.0000 (  0.0%)   0.0187 (  0.0%)   0.0187 (  0.0%)  Aggressive Dead Code Elimination
   0.0183 (  0.0%)   0.0000 (  0.0%)   0.0183 (  0.0%)   0.0183 (  0.0%)  Remove redundant instructions
   0.0183 (  0.0%)   0.0000 (  0.0%)   0.0183 (  0.0%)   0.0183 (  0.0%)  Aggressive Dead Code Elimination
   0.0182 (  0.0%)   0.0000 (  0.0%)   0.0182 (  0.0%)   0.0182 (  0.0%)  Aggressive Dead Code Elimination
   0.0182 (  0.0%)   0.0000 (  0.0%)   0.0182 (  0.0%)   0.0182 (  0.0%)  AlignMemory - Align memory accesses
   0.0182 (  0.0%)   0.0000 (  0.0%)   0.0182 (  0.0%)   0.0182 (  0.0%)  Aggressive Dead Code Elimination
   0.0180 (  0.0%)   0.0000 (  0.0%)   0.0180 (  0.0%)   0.0180 (  0.0%)  Remove redundant instructions
   0.0179 (  0.0%)   0.0000 (  0.0%)   0.0179 (  0.0%)   0.0179 (  0.0%)  Aggressive Dead Code Elimination
   0.0178 (  0.0%)   0.0000 (  0.0%)   0.0178 (  0.0%)   0.0178 (  0.0%)  Object Decomposition
   0.0176 (  0.0%)   0.0000 (  0.0%)   0.0176 (  0.0%)   0.0176 (  0.0%)  Remove redundant instructions
   0.0173 (  0.0%)   0.0000 (  0.0%)   0.0173 (  0.0%)   0.0173 (  0.0%)  Remove redundant instructions
   0.0173 (  0.0%)   0.0000 (  0.0%)   0.0173 (  0.0%)   0.0173 (  0.0%)  Remove redundant instructions
   0.0165 (  0.0%)   0.0000 (  0.0%)   0.0165 (  0.0%)   0.0165 (  0.0%)  Value Propagation
   0.0165 (  0.0%)   0.0000 (  0.0%)   0.0165 (  0.0%)   0.0165 (  0.0%)  Aggressive Dead Code Elimination
   0.0158 (  0.0%)   0.0006 (  0.3%)   0.0164 (  0.0%)   0.0164 (  0.0%)  Global Value Numbering
   0.0161 (  0.0%)   0.0000 (  0.0%)   0.0161 (  0.0%)   0.0161 (  0.0%)  Global Value Numbering
   0.0160 (  0.0%)   0.0000 (  0.0%)   0.0161 (  0.0%)   0.0161 (  0.0%)  Aggressive Dead Code Elimination
   0.0159 (  0.0%)   0.0000 (  0.0%)   0.0159 (  0.0%)   0.0159 (  0.0%)  Aggressive Dead Code Elimination
   0.0159 (  0.0%)   0.0000 (  0.0%)   0.0159 (  0.0%)   0.0158 (  0.0%)  Bitcode for HLS
   0.0151 (  0.0%)   0.0007 (  0.4%)   0.0158 (  0.0%)   0.0158 (  0.0%)  Global Value Numbering
   0.0157 (  0.0%)   0.0000 (  0.0%)   0.0157 (  0.0%)   0.0157 (  0.0%)  Global Value Numbering
   0.0156 (  0.0%)   0.0000 (  0.0%)   0.0156 (  0.0%)   0.0156 (  0.0%)  Value Propagation
   0.0156 (  0.0%)   0.0000 (  0.0%)   0.0156 (  0.0%)   0.0156 (  0.0%)  Aggressive Dead Code Elimination
   0.0156 (  0.0%)   0.0000 (  0.0%)   0.0156 (  0.0%)   0.0156 (  0.0%)  Simple constant propagation
   0.0155 (  0.0%)   0.0000 (  0.0%)   0.0155 (  0.0%)   0.0155 (  0.0%)  Global Value Numbering
   0.0153 (  0.0%)   0.0000 (  0.0%)   0.0153 (  0.0%)   0.0153 (  0.0%)  Value Propagation
   0.0142 (  0.0%)   0.0010 (  0.6%)   0.0152 (  0.0%)   0.0152 (  0.0%)  Value Propagation
   0.0152 (  0.0%)   0.0000 (  0.0%)   0.0152 (  0.0%)   0.0152 (  0.0%)  Value Propagation
   0.0149 (  0.0%)   0.0000 (  0.0%)   0.0149 (  0.0%)   0.0149 (  0.0%)  Global Value Numbering
   0.0148 (  0.0%)   0.0000 (  0.0%)   0.0148 (  0.0%)   0.0148 (  0.0%)  ReflowCheckPragmaConflicts - check pragma conflicts in reflow
   0.0148 (  0.0%)   0.0000 (  0.0%)   0.0148 (  0.0%)   0.0148 (  0.0%)  Global Value Numbering
   0.0142 (  0.0%)   0.0000 (  0.0%)   0.0142 (  0.0%)   0.0142 (  0.0%)  Simplify types in the LLVM IR, redundant type hierarchy
   0.0141 (  0.0%)   0.0000 (  0.0%)   0.0141 (  0.0%)   0.0141 (  0.0%)  Aggressive Dead Code Elimination
   0.0136 (  0.0%)   0.0002 (  0.1%)   0.0138 (  0.0%)   0.0138 (  0.0%)  Global Value Numbering
   0.0138 (  0.0%)   0.0000 (  0.0%)   0.0138 (  0.0%)   0.0137 (  0.0%)  Global Value Numbering
   0.0137 (  0.0%)   0.0000 (  0.0%)   0.0137 (  0.0%)   0.0137 (  0.0%)  Global Value Numbering
   0.0137 (  0.0%)   0.0000 (  0.0%)   0.0137 (  0.0%)   0.0137 (  0.0%)  Global Value Numbering
   0.0137 (  0.0%)   0.0000 (  0.0%)   0.0137 (  0.0%)   0.0137 (  0.0%)  Automatic array partition transformation
   0.0134 (  0.0%)   0.0001 (  0.1%)   0.0135 (  0.0%)   0.0135 (  0.0%)  Global Value Numbering
   0.0133 (  0.0%)   0.0002 (  0.1%)   0.0135 (  0.0%)   0.0135 (  0.0%)  Global Value Numbering
   0.0135 (  0.0%)   0.0000 (  0.0%)   0.0135 (  0.0%)   0.0135 (  0.0%)  Global Value Numbering
   0.0135 (  0.0%)   0.0000 (  0.0%)   0.0135 (  0.0%)   0.0135 (  0.0%)  Simplify the CFG
   0.0134 (  0.0%)   0.0000 (  0.0%)   0.0134 (  0.0%)   0.0134 (  0.0%)  Global Value Numbering
   0.0133 (  0.0%)   0.0000 (  0.0%)   0.0133 (  0.0%)   0.0133 (  0.0%)  Global Value Numbering
   0.0127 (  0.0%)   0.0000 (  0.0%)   0.0127 (  0.0%)   0.0127 (  0.0%)  Global Value Numbering
   0.0126 (  0.0%)   0.0000 (  0.0%)   0.0126 (  0.0%)   0.0126 (  0.0%)  Global Value Numbering
   0.0126 (  0.0%)   0.0000 (  0.0%)   0.0126 (  0.0%)   0.0126 (  0.0%)  Collect complexity metrics for FE reflow
   0.0126 (  0.0%)   0.0000 (  0.0%)   0.0126 (  0.0%)   0.0126 (  0.0%)  AlignMemory - Align memory accesses
   0.0125 (  0.0%)   0.0000 (  0.0%)   0.0125 (  0.0%)   0.0125 (  0.0%)  Optimize multiple instructions
   0.0125 (  0.0%)   0.0000 (  0.0%)   0.0125 (  0.0%)   0.0125 (  0.0%)  Global Value Numbering
   0.0117 (  0.0%)   0.0000 (  0.0%)   0.0117 (  0.0%)   0.0117 (  0.0%)  Combine redundant instructions
   0.0107 (  0.0%)   0.0010 (  0.6%)   0.0117 (  0.0%)   0.0117 (  0.0%)  ArrayReshape - Reshape Arrays into Wider Arrays
   0.0115 (  0.0%)   0.0000 (  0.0%)   0.0116 (  0.0%)   0.0116 (  0.0%)  Optimize multiple instructions
   0.0114 (  0.0%)   0.0000 (  0.0%)   0.0114 (  0.0%)   0.0114 (  0.0%)  Collect complexity metrics for FE reflow
   0.0113 (  0.0%)   0.0000 (  0.0%)   0.0113 (  0.0%)   0.0113 (  0.0%)  Simplify the CFG
   0.0113 (  0.0%)   0.0000 (  0.0%)   0.0113 (  0.0%)   0.0113 (  0.0%)  Remove redundant instructions
   0.0113 (  0.0%)   0.0000 (  0.0%)   0.0113 (  0.0%)   0.0113 (  0.0%)  Aggressive Dead Code Elimination
   0.0110 (  0.0%)   0.0000 (  0.0%)   0.0110 (  0.0%)   0.0110 (  0.0%)  Collect complexity metrics for FE reflow
   0.0108 (  0.0%)   0.0000 (  0.0%)   0.0108 (  0.0%)   0.0108 (  0.0%)  Dead Store Elimination
   0.0108 (  0.0%)   0.0000 (  0.0%)   0.0108 (  0.0%)   0.0108 (  0.0%)  Dominator Tree Construction
   0.0107 (  0.0%)   0.0000 (  0.0%)   0.0107 (  0.0%)   0.0107 (  0.0%)  Dead Store Elimination
   0.0107 (  0.0%)   0.0000 (  0.0%)   0.0107 (  0.0%)   0.0107 (  0.0%)  Dominator Tree Construction
   0.0106 (  0.0%)   0.0001 (  0.0%)   0.0107 (  0.0%)   0.0107 (  0.0%)  Dead Store Elimination
   0.0106 (  0.0%)   0.0000 (  0.0%)   0.0106 (  0.0%)   0.0106 (  0.0%)  Simplify the CFG
   0.0105 (  0.0%)   0.0000 (  0.0%)   0.0105 (  0.0%)   0.0105 (  0.0%)  Dead Store Elimination
   0.0104 (  0.0%)   0.0000 (  0.0%)   0.0104 (  0.0%)   0.0104 (  0.0%)  Dead Store Elimination
   0.0094 (  0.0%)   0.0010 (  0.6%)   0.0104 (  0.0%)   0.0104 (  0.0%)  Aggressive Dead Code Elimination
   0.0104 (  0.0%)   0.0000 (  0.0%)   0.0104 (  0.0%)   0.0104 (  0.0%)  Dead Store Elimination
   0.0104 (  0.0%)   0.0000 (  0.0%)   0.0104 (  0.0%)   0.0104 (  0.0%)  Remove redundant instructions
   0.0104 (  0.0%)   0.0000 (  0.0%)   0.0104 (  0.0%)   0.0104 (  0.0%)  Dead Argument Elimination
   0.0103 (  0.0%)   0.0000 (  0.0%)   0.0103 (  0.0%)   0.0103 (  0.0%)  Remove redundant instructions
   0.0103 (  0.0%)   0.0000 (  0.0%)   0.0103 (  0.0%)   0.0103 (  0.0%)  Dead Store Elimination
   0.0102 (  0.0%)   0.0000 (  0.0%)   0.0102 (  0.0%)   0.0102 (  0.0%)  Remove redundant instructions
   0.0101 (  0.0%)   0.0000 (  0.0%)   0.0101 (  0.0%)   0.0101 (  0.0%)  Combine redundant instructions
   0.0099 (  0.0%)   0.0000 (  0.0%)   0.0100 (  0.0%)   0.0099 (  0.0%)  Combine redundant instructions
   0.0099 (  0.0%)   0.0000 (  0.0%)   0.0099 (  0.0%)   0.0099 (  0.0%)  SROA
   0.0098 (  0.0%)   0.0000 (  0.0%)   0.0099 (  0.0%)   0.0099 (  0.0%)  Simplify the CFG
   0.0098 (  0.0%)   0.0000 (  0.0%)   0.0098 (  0.0%)   0.0098 (  0.0%)  Combine redundant instructions
   0.0098 (  0.0%)   0.0000 (  0.0%)   0.0098 (  0.0%)   0.0098 (  0.0%)  Divergence Analysis
   0.0098 (  0.0%)   0.0000 (  0.0%)   0.0098 (  0.0%)   0.0098 (  0.0%)  Combine redundant instructions
   0.0097 (  0.0%)   0.0000 (  0.0%)   0.0097 (  0.0%)   0.0097 (  0.0%)  Simplify the CFG
   0.0096 (  0.0%)   0.0000 (  0.0%)   0.0096 (  0.0%)   0.0096 (  0.0%)  Simplify the CFG
   0.0096 (  0.0%)   0.0000 (  0.0%)   0.0096 (  0.0%)   0.0096 (  0.0%)  Simplify the CFG
   0.0096 (  0.0%)   0.0000 (  0.0%)   0.0096 (  0.0%)   0.0096 (  0.0%)  Dominator Tree Construction
   0.0095 (  0.0%)   0.0000 (  0.0%)   0.0095 (  0.0%)   0.0095 (  0.0%)  Combine redundant instructions
   0.0095 (  0.0%)   0.0000 (  0.0%)   0.0095 (  0.0%)   0.0095 (  0.0%)  Combine redundant instructions
   0.0095 (  0.0%)   0.0000 (  0.0%)   0.0095 (  0.0%)   0.0095 (  0.0%)  Infer nuw/nsw flags for instructions
   0.0094 (  0.0%)   0.0000 (  0.0%)   0.0095 (  0.0%)   0.0095 (  0.0%)  Combine redundant instructions
   0.0095 (  0.0%)   0.0000 (  0.0%)   0.0095 (  0.0%)   0.0095 (  0.0%)  Infer nuw/nsw flags for instructions
   0.0095 (  0.0%)   0.0000 (  0.0%)   0.0095 (  0.0%)   0.0095 (  0.0%)  Eliminate dead debug information intrinsic
   0.0094 (  0.0%)   0.0000 (  0.0%)   0.0094 (  0.0%)   0.0094 (  0.0%)  Combine redundant instructions
   0.0094 (  0.0%)   0.0000 (  0.0%)   0.0094 (  0.0%)   0.0094 (  0.0%)  Combine redundant instructions
   0.0092 (  0.0%)   0.0000 (  0.0%)   0.0092 (  0.0%)   0.0093 (  0.0%)  Combine redundant instructions
   0.0089 (  0.0%)   0.0004 (  0.2%)   0.0093 (  0.0%)   0.0093 (  0.0%)  Divergence Analysis
   0.0092 (  0.0%)   0.0000 (  0.0%)   0.0092 (  0.0%)   0.0092 (  0.0%)  Combine redundant instructions
   0.0092 (  0.0%)   0.0000 (  0.0%)   0.0092 (  0.0%)   0.0092 (  0.0%)  Combine redundant instructions
   0.0092 (  0.0%)   0.0000 (  0.0%)   0.0092 (  0.0%)   0.0092 (  0.0%)  Combine redundant instructions
   0.0092 (  0.0%)   0.0000 (  0.0%)   0.0092 (  0.0%)   0.0092 (  0.0%)  Combine redundant instructions
   0.0091 (  0.0%)   0.0000 (  0.0%)   0.0091 (  0.0%)   0.0091 (  0.0%)  Combine redundant instructions
   0.0091 (  0.0%)   0.0000 (  0.0%)   0.0091 (  0.0%)   0.0091 (  0.0%)  Combine redundant instructions
   0.0089 (  0.0%)   0.0001 (  0.1%)   0.0091 (  0.0%)   0.0091 (  0.0%)  Recursively inline barriers caller to kernel
   0.0091 (  0.0%)   0.0000 (  0.0%)   0.0091 (  0.0%)   0.0090 (  0.0%)  Combine redundant instructions
   0.0090 (  0.0%)   0.0000 (  0.0%)   0.0090 (  0.0%)   0.0090 (  0.0%)  Combine redundant instructions
   0.0089 (  0.0%)   0.0001 (  0.0%)   0.0089 (  0.0%)   0.0089 (  0.0%)  Deduce function attributes
   0.0088 (  0.0%)   0.0000 (  0.0%)   0.0088 (  0.0%)   0.0088 (  0.0%)  Combine redundant instructions
   0.0088 (  0.0%)   0.0000 (  0.0%)   0.0088 (  0.0%)   0.0088 (  0.0%)  Infer nuw/nsw flags for instructions
   0.0088 (  0.0%)   0.0000 (  0.0%)   0.0088 (  0.0%)   0.0088 (  0.0%)  Combine redundant instructions
   0.0087 (  0.0%)   0.0000 (  0.0%)   0.0088 (  0.0%)   0.0088 (  0.0%)  Infer nuw/nsw flags for instructions
   0.0077 (  0.0%)   0.0010 (  0.6%)   0.0087 (  0.0%)   0.0087 (  0.0%)  Auto automatic array partition analysis
   0.0087 (  0.0%)   0.0000 (  0.0%)   0.0087 (  0.0%)   0.0087 (  0.0%)  Infer nuw/nsw flags for instructions
   0.0087 (  0.0%)   0.0000 (  0.0%)   0.0087 (  0.0%)   0.0087 (  0.0%)  Combine redundant instructions
   0.0087 (  0.0%)   0.0000 (  0.0%)   0.0087 (  0.0%)   0.0087 (  0.0%)  Auto automatic array partition analysis
   0.0087 (  0.0%)   0.0000 (  0.0%)   0.0087 (  0.0%)   0.0087 (  0.0%)  Auto automatic array partition analysis
   0.0086 (  0.0%)   0.0000 (  0.0%)   0.0086 (  0.0%)   0.0086 (  0.0%)  Infer nuw/nsw flags for instructions
   0.0079 (  0.0%)   0.0005 (  0.3%)   0.0085 (  0.0%)   0.0085 (  0.0%)  Infer nuw/nsw flags for instructions
   0.0085 (  0.0%)   0.0000 (  0.0%)   0.0085 (  0.0%)   0.0085 (  0.0%)  Infer nuw/nsw flags for instructions
   0.0084 (  0.0%)   0.0000 (  0.0%)   0.0084 (  0.0%)   0.0084 (  0.0%)  Global Variable Optimizer
   0.0084 (  0.0%)   0.0000 (  0.0%)   0.0084 (  0.0%)   0.0084 (  0.0%)  Memory SSA
   0.0082 (  0.0%)   0.0002 (  0.1%)   0.0084 (  0.0%)   0.0084 (  0.0%)  Memory SSA
   0.0083 (  0.0%)   0.0000 (  0.0%)   0.0083 (  0.0%)   0.0083 (  0.0%)  Dominator Tree Construction
   0.0083 (  0.0%)   0.0000 (  0.0%)   0.0083 (  0.0%)   0.0083 (  0.0%)  Infer nuw/nsw flags for instructions
   0.0064 (  0.0%)   0.0019 (  1.1%)   0.0083 (  0.0%)   0.0083 (  0.0%)  Collect complexity metrics for FE reflow
   0.0082 (  0.0%)   0.0000 (  0.0%)   0.0082 (  0.0%)   0.0082 (  0.0%)  Interprocedural Sparse Conditional Constant Propagation
   0.0081 (  0.0%)   0.0000 (  0.0%)   0.0081 (  0.0%)   0.0081 (  0.0%)  Infer nuw/nsw flags for instructions
   0.0081 (  0.0%)   0.0000 (  0.0%)   0.0081 (  0.0%)   0.0081 (  0.0%)  Dominator Tree Construction
   0.0079 (  0.0%)   0.0003 (  0.2%)   0.0081 (  0.0%)   0.0081 (  0.0%)  Infer nuw/nsw flags for instructions
   0.0081 (  0.0%)   0.0000 (  0.0%)   0.0081 (  0.0%)   0.0081 (  0.0%)  Dominator Tree Construction
   0.0081 (  0.0%)   0.0000 (  0.0%)   0.0081 (  0.0%)   0.0081 (  0.0%)  Infer nuw/nsw flags for instructions
   0.0080 (  0.0%)   0.0000 (  0.0%)   0.0080 (  0.0%)   0.0080 (  0.0%)  Infer nuw/nsw flags for instructions
   0.0080 (  0.0%)   0.0000 (  0.0%)   0.0080 (  0.0%)   0.0080 (  0.0%)  Infer nuw/nsw flags for instructions
   0.0080 (  0.0%)   0.0000 (  0.0%)   0.0080 (  0.0%)   0.0080 (  0.0%)  Infer nuw/nsw flags for instructions
   0.0079 (  0.0%)   0.0000 (  0.0%)   0.0079 (  0.0%)   0.0079 (  0.0%)  Infer nuw/nsw flags for instructions
   0.0079 (  0.0%)   0.0000 (  0.0%)   0.0079 (  0.0%)   0.0079 (  0.0%)  Infer nuw/nsw flags for instructions
   0.0079 (  0.0%)   0.0000 (  0.0%)   0.0079 (  0.0%)   0.0079 (  0.0%)  Infer nuw/nsw flags for instructions
   0.0079 (  0.0%)   0.0000 (  0.0%)   0.0079 (  0.0%)   0.0079 (  0.0%)  Dominator Tree Construction
   0.0077 (  0.0%)   0.0000 (  0.0%)   0.0077 (  0.0%)   0.0077 (  0.0%)  Lazy Value Information Analysis
   0.0076 (  0.0%)   0.0000 (  0.0%)   0.0076 (  0.0%)   0.0076 (  0.0%)  Dominator Tree Construction
   0.0076 (  0.0%)   0.0000 (  0.0%)   0.0076 (  0.0%)   0.0076 (  0.0%)  Aggressive Dead Code Elimination
   0.0075 (  0.0%)   0.0000 (  0.0%)   0.0076 (  0.0%)   0.0076 (  0.0%)  Auto automatic array partition filter analysis
   0.0075 (  0.0%)   0.0000 (  0.0%)   0.0075 (  0.0%)   0.0075 (  0.0%)  Aggressive Dead Code Elimination
   0.0070 (  0.0%)   0.0000 (  0.0%)   0.0071 (  0.0%)   0.0071 (  0.0%)  Divergence Analysis
   0.0069 (  0.0%)   0.0000 (  0.0%)   0.0069 (  0.0%)   0.0069 (  0.0%)  Array abnormal access check
   0.0066 (  0.0%)   0.0000 (  0.0%)   0.0066 (  0.0%)   0.0066 (  0.0%)  Dominator Tree Construction
   0.0065 (  0.0%)   0.0000 (  0.0%)   0.0065 (  0.0%)   0.0065 (  0.0%)  Memory SSA
   0.0065 (  0.0%)   0.0000 (  0.0%)   0.0065 (  0.0%)   0.0065 (  0.0%)  Dominator Tree Construction
   0.0065 (  0.0%)   0.0000 (  0.0%)   0.0065 (  0.0%)   0.0065 (  0.0%)  Post-Dominator Tree Construction
   0.0064 (  0.0%)   0.0000 (  0.0%)   0.0064 (  0.0%)   0.0064 (  0.0%)  Divergence Analysis
   0.0064 (  0.0%)   0.0000 (  0.0%)   0.0064 (  0.0%)   0.0064 (  0.0%)  Remove redundant instructions
   0.0063 (  0.0%)   0.0000 (  0.0%)   0.0063 (  0.0%)   0.0063 (  0.0%)  Divergence Analysis
   0.0062 (  0.0%)   0.0000 (  0.0%)   0.0063 (  0.0%)   0.0063 (  0.0%)  Post-Dominator Tree Construction
   0.0062 (  0.0%)   0.0000 (  0.0%)   0.0063 (  0.0%)   0.0063 (  0.0%)  Dominator Tree Construction
   0.0062 (  0.0%)   0.0000 (  0.0%)   0.0062 (  0.0%)   0.0062 (  0.0%)  Post-Dominator Tree Construction
   0.0061 (  0.0%)   0.0000 (  0.0%)   0.0061 (  0.0%)   0.0061 (  0.0%)  Dominator Tree Construction
   0.0058 (  0.0%)   0.0002 (  0.1%)   0.0061 (  0.0%)   0.0061 (  0.0%)  Memory SSA
   0.0061 (  0.0%)   0.0000 (  0.0%)   0.0061 (  0.0%)   0.0061 (  0.0%)  Dead Store Elimination
   0.0060 (  0.0%)   0.0000 (  0.0%)   0.0060 (  0.0%)   0.0060 (  0.0%)  Remove redundant instructions
   0.0060 (  0.0%)   0.0000 (  0.0%)   0.0060 (  0.0%)   0.0060 (  0.0%)  Post-Dominator Tree Construction
   0.0060 (  0.0%)   0.0000 (  0.0%)   0.0060 (  0.0%)   0.0060 (  0.0%)  Dead Store Elimination
   0.0060 (  0.0%)   0.0000 (  0.0%)   0.0060 (  0.0%)   0.0060 (  0.0%)  Post-Dominator Tree Construction
   0.0060 (  0.0%)   0.0000 (  0.0%)   0.0060 (  0.0%)   0.0060 (  0.0%)  Post-Dominator Tree Construction
   0.0055 (  0.0%)   0.0004 (  0.2%)   0.0060 (  0.0%)   0.0060 (  0.0%)  Memory SSA
   0.0059 (  0.0%)   0.0000 (  0.0%)   0.0059 (  0.0%)   0.0059 (  0.0%)  Post-Dominator Tree Construction
   0.0059 (  0.0%)   0.0000 (  0.0%)   0.0059 (  0.0%)   0.0059 (  0.0%)  Remove redundant instructions
   0.0059 (  0.0%)   0.0000 (  0.0%)   0.0059 (  0.0%)   0.0059 (  0.0%)  Post-Dominator Tree Construction
   0.0059 (  0.0%)   0.0000 (  0.0%)   0.0059 (  0.0%)   0.0059 (  0.0%)  Remove redundant instructions
   0.0059 (  0.0%)   0.0000 (  0.0%)   0.0059 (  0.0%)   0.0059 (  0.0%)  Post-Dominator Tree Construction
   0.0058 (  0.0%)   0.0000 (  0.0%)   0.0059 (  0.0%)   0.0059 (  0.0%)  Divergence Analysis
   0.0058 (  0.0%)   0.0000 (  0.0%)   0.0058 (  0.0%)   0.0058 (  0.0%)  Remove redundant instructions
   0.0058 (  0.0%)   0.0000 (  0.0%)   0.0058 (  0.0%)   0.0058 (  0.0%)  Post-Dominator Tree Construction
   0.0058 (  0.0%)   0.0000 (  0.0%)   0.0058 (  0.0%)   0.0058 (  0.0%)  Remove redundant instructions
   0.0058 (  0.0%)   0.0000 (  0.0%)   0.0058 (  0.0%)   0.0058 (  0.0%)  Post-Dominator Tree Construction
   0.0058 (  0.0%)   0.0000 (  0.0%)   0.0058 (  0.0%)   0.0058 (  0.0%)  Natural Loop Information
   0.0058 (  0.0%)   0.0000 (  0.0%)   0.0058 (  0.0%)   0.0058 (  0.0%)  Aggressive Dead Code Elimination
   0.0057 (  0.0%)   0.0000 (  0.0%)   0.0058 (  0.0%)   0.0058 (  0.0%)  Post-Dominator Tree Construction
   0.0057 (  0.0%)   0.0000 (  0.0%)   0.0057 (  0.0%)   0.0058 (  0.0%)  Natural Loop Information
   0.0057 (  0.0%)   0.0000 (  0.0%)   0.0057 (  0.0%)   0.0057 (  0.0%)  Normalize condition on switch-cases and muxes
   0.0057 (  0.0%)   0.0000 (  0.0%)   0.0057 (  0.0%)   0.0057 (  0.0%)  Remove redundant instructions
   0.0057 (  0.0%)   0.0000 (  0.0%)   0.0057 (  0.0%)   0.0057 (  0.0%)  Remove redundant instructions
   0.0057 (  0.0%)   0.0000 (  0.0%)   0.0057 (  0.0%)   0.0057 (  0.0%)  Dead Store Elimination
   0.0057 (  0.0%)   0.0000 (  0.0%)   0.0057 (  0.0%)   0.0057 (  0.0%)  Remove redundant instructions
   0.0055 (  0.0%)   0.0002 (  0.1%)   0.0057 (  0.0%)   0.0057 (  0.0%)  Dominator Tree Construction
   0.0057 (  0.0%)   0.0000 (  0.0%)   0.0057 (  0.0%)   0.0057 (  0.0%)  Dead Store Elimination
   0.0057 (  0.0%)   0.0000 (  0.0%)   0.0057 (  0.0%)   0.0057 (  0.0%)  Dead Store Elimination
   0.0054 (  0.0%)   0.0003 (  0.2%)   0.0057 (  0.0%)   0.0056 (  0.0%)  Memory SSA
   0.0056 (  0.0%)   0.0000 (  0.0%)   0.0056 (  0.0%)   0.0056 (  0.0%)  Dead Store Elimination
   0.0056 (  0.0%)   0.0000 (  0.0%)   0.0056 (  0.0%)   0.0056 (  0.0%)  Dominator Tree Construction
   0.0056 (  0.0%)   0.0000 (  0.0%)   0.0056 (  0.0%)   0.0056 (  0.0%)  Remove redundant instructions
   0.0056 (  0.0%)   0.0000 (  0.0%)   0.0056 (  0.0%)   0.0056 (  0.0%)  Promote Memory to Register
   0.0056 (  0.0%)   0.0000 (  0.0%)   0.0056 (  0.0%)   0.0056 (  0.0%)  Dominator Tree Construction
   0.0056 (  0.0%)   0.0000 (  0.0%)   0.0056 (  0.0%)   0.0056 (  0.0%)  Remove redundant instructions
   0.0056 (  0.0%)   0.0000 (  0.0%)   0.0056 (  0.0%)   0.0056 (  0.0%)  Dead Store Elimination
   0.0055 (  0.0%)   0.0000 (  0.0%)   0.0055 (  0.0%)   0.0055 (  0.0%)  Remove redundant instructions
   0.0055 (  0.0%)   0.0000 (  0.0%)   0.0055 (  0.0%)   0.0055 (  0.0%)  Remove redundant instructions
   0.0055 (  0.0%)   0.0000 (  0.0%)   0.0055 (  0.0%)   0.0055 (  0.0%)  Aggressive Dead Code Elimination
   0.0055 (  0.0%)   0.0000 (  0.0%)   0.0055 (  0.0%)   0.0055 (  0.0%)  Remove redundant instructions
   0.0055 (  0.0%)   0.0000 (  0.0%)   0.0055 (  0.0%)   0.0055 (  0.0%)  Interprocedural Sparse Conditional Constant Propagation
   0.0055 (  0.0%)   0.0000 (  0.0%)   0.0055 (  0.0%)   0.0055 (  0.0%)  Dominator Tree Construction
   0.0055 (  0.0%)   0.0000 (  0.0%)   0.0055 (  0.0%)   0.0055 (  0.0%)  Remove redundant instructions
   0.0053 (  0.0%)   0.0002 (  0.1%)   0.0055 (  0.0%)   0.0055 (  0.0%)  Post-Dominator Tree Construction
   0.0046 (  0.0%)   0.0009 (  0.5%)   0.0055 (  0.0%)   0.0055 (  0.0%)  Lower tasks into dataflow form
   0.0055 (  0.0%)   0.0000 (  0.0%)   0.0055 (  0.0%)   0.0055 (  0.0%)  Remove redundant instructions
   0.0055 (  0.0%)   0.0000 (  0.0%)   0.0055 (  0.0%)   0.0055 (  0.0%)  Post-Dominator Tree Construction
   0.0049 (  0.0%)   0.0006 (  0.3%)   0.0054 (  0.0%)   0.0054 (  0.0%)  Combine redundant instructions
   0.0054 (  0.0%)   0.0000 (  0.0%)   0.0054 (  0.0%)   0.0054 (  0.0%)  Dead Store Elimination
   0.0054 (  0.0%)   0.0000 (  0.0%)   0.0054 (  0.0%)   0.0054 (  0.0%)  Post-Dominator Tree Construction
   0.0054 (  0.0%)   0.0000 (  0.0%)   0.0054 (  0.0%)   0.0054 (  0.0%)  Aggressive Dead Code Elimination
   0.0054 (  0.0%)   0.0000 (  0.0%)   0.0054 (  0.0%)   0.0054 (  0.0%)  Post-Dominator Tree Construction
   0.0053 (  0.0%)   0.0000 (  0.0%)   0.0054 (  0.0%)   0.0054 (  0.0%)  Post-Dominator Tree Construction
   0.0051 (  0.0%)   0.0002 (  0.1%)   0.0053 (  0.0%)   0.0053 (  0.0%)  Dead Store Elimination
   0.0053 (  0.0%)   0.0000 (  0.0%)   0.0053 (  0.0%)   0.0053 (  0.0%)  Infer nuw/nsw flags for instructions
   0.0053 (  0.0%)   0.0000 (  0.0%)   0.0053 (  0.0%)   0.0053 (  0.0%)  Remove unreachable basic blocks under switch
   0.0053 (  0.0%)   0.0000 (  0.0%)   0.0053 (  0.0%)   0.0053 (  0.0%)  Scalar Evolution Analysis
   0.0053 (  0.0%)   0.0000 (  0.0%)   0.0053 (  0.0%)   0.0053 (  0.0%)  Dominator Tree Construction
   0.0053 (  0.0%)   0.0000 (  0.0%)   0.0053 (  0.0%)   0.0053 (  0.0%)  Dominator Tree Construction
   0.0053 (  0.0%)   0.0000 (  0.0%)   0.0053 (  0.0%)   0.0053 (  0.0%)  Post-Dominator Tree Construction
   0.0052 (  0.0%)   0.0000 (  0.0%)   0.0052 (  0.0%)   0.0052 (  0.0%)  Post-Dominator Tree Construction
   0.0052 (  0.0%)   0.0000 (  0.0%)   0.0052 (  0.0%)   0.0052 (  0.0%)  Post-Dominator Tree Construction
   0.0052 (  0.0%)   0.0000 (  0.0%)   0.0052 (  0.0%)   0.0052 (  0.0%)  Post-Dominator Tree Construction
   0.0052 (  0.0%)   0.0000 (  0.0%)   0.0052 (  0.0%)   0.0052 (  0.0%)  Dominator Tree Construction
   0.0052 (  0.0%)   0.0000 (  0.0%)   0.0052 (  0.0%)   0.0052 (  0.0%)  Dominator Tree Construction
   0.0051 (  0.0%)   0.0000 (  0.0%)   0.0051 (  0.0%)   0.0051 (  0.0%)  Dominator Tree Construction
   0.0051 (  0.0%)   0.0000 (  0.0%)   0.0051 (  0.0%)   0.0051 (  0.0%)  Post-Dominator Tree Construction
   0.0051 (  0.0%)   0.0000 (  0.0%)   0.0051 (  0.0%)   0.0051 (  0.0%)  Memory Summary
   0.0051 (  0.0%)   0.0000 (  0.0%)   0.0051 (  0.0%)   0.0051 (  0.0%)  Post-Dominator Tree Construction
   0.0051 (  0.0%)   0.0000 (  0.0%)   0.0051 (  0.0%)   0.0051 (  0.0%)  Early GVN Hoisting of Expressions
   0.0047 (  0.0%)   0.0004 (  0.2%)   0.0051 (  0.0%)   0.0051 (  0.0%)  Early GVN Hoisting of Expressions
   0.0050 (  0.0%)   0.0000 (  0.0%)   0.0050 (  0.0%)   0.0050 (  0.0%)  Dominator Tree Construction
   0.0050 (  0.0%)   0.0000 (  0.0%)   0.0050 (  0.0%)   0.0050 (  0.0%)  Assign names to anonymous instructions (structure based)
   0.0050 (  0.0%)   0.0000 (  0.0%)   0.0050 (  0.0%)   0.0050 (  0.0%)  Optimize multiple instructions
   0.0048 (  0.0%)   0.0000 (  0.0%)   0.0048 (  0.0%)   0.0048 (  0.0%)  Dominator Tree Construction
   0.0048 (  0.0%)   0.0000 (  0.0%)   0.0048 (  0.0%)   0.0048 (  0.0%)  Optimize multiple instructions
   0.0048 (  0.0%)   0.0000 (  0.0%)   0.0048 (  0.0%)   0.0048 (  0.0%)  Memory SSA
   0.0047 (  0.0%)   0.0000 (  0.0%)   0.0047 (  0.0%)   0.0047 (  0.0%)  Detect single entry single exit regions
   0.0047 (  0.0%)   0.0000 (  0.0%)   0.0047 (  0.0%)   0.0047 (  0.0%)  Dominator Tree Construction
   0.0047 (  0.0%)   0.0000 (  0.0%)   0.0047 (  0.0%)   0.0047 (  0.0%)  Dominator Tree Construction
   0.0046 (  0.0%)   0.0000 (  0.0%)   0.0047 (  0.0%)   0.0047 (  0.0%)  Memory SSA
   0.0046 (  0.0%)   0.0000 (  0.0%)   0.0046 (  0.0%)   0.0046 (  0.0%)  Dominator Tree Construction
   0.0046 (  0.0%)   0.0000 (  0.0%)   0.0046 (  0.0%)   0.0046 (  0.0%)  Dominator Tree Construction
   0.0046 (  0.0%)   0.0000 (  0.0%)   0.0046 (  0.0%)   0.0046 (  0.0%)  Dominator Tree Construction
   0.0046 (  0.0%)   0.0000 (  0.0%)   0.0046 (  0.0%)   0.0046 (  0.0%)  Dominator Tree Construction
   0.0046 (  0.0%)   0.0000 (  0.0%)   0.0046 (  0.0%)   0.0046 (  0.0%)  Infer nuw/nsw flags for instructions
   0.0045 (  0.0%)   0.0000 (  0.0%)   0.0045 (  0.0%)   0.0045 (  0.0%)  CallGraph Construction
   0.0045 (  0.0%)   0.0000 (  0.0%)   0.0045 (  0.0%)   0.0045 (  0.0%)  Dominator Tree Construction
   0.0044 (  0.0%)   0.0000 (  0.0%)   0.0044 (  0.0%)   0.0044 (  0.0%)  Aggressive Dead Code Elimination
   0.0044 (  0.0%)   0.0000 (  0.0%)   0.0044 (  0.0%)   0.0044 (  0.0%)  Dominator Tree Construction
   0.0043 (  0.0%)   0.0000 (  0.0%)   0.0043 (  0.0%)   0.0043 (  0.0%)  Dominator Tree Construction
   0.0043 (  0.0%)   0.0000 (  0.0%)   0.0043 (  0.0%)   0.0043 (  0.0%)  Assign names to anonymous instructions (structure based)
   0.0043 (  0.0%)   0.0000 (  0.0%)   0.0043 (  0.0%)   0.0043 (  0.0%)  Dominator Tree Construction
   0.0043 (  0.0%)   0.0000 (  0.0%)   0.0043 (  0.0%)   0.0043 (  0.0%)  Optimize multiple instructions
   0.0043 (  0.0%)   0.0000 (  0.0%)   0.0043 (  0.0%)   0.0043 (  0.0%)  Remove redundant instructions
   0.0043 (  0.0%)   0.0000 (  0.0%)   0.0043 (  0.0%)   0.0043 (  0.0%)  Dominator Tree Construction
   0.0043 (  0.0%)   0.0000 (  0.0%)   0.0043 (  0.0%)   0.0043 (  0.0%)  Eliminate dead stores globally
   0.0043 (  0.0%)   0.0000 (  0.0%)   0.0043 (  0.0%)   0.0043 (  0.0%)  Dominator Tree Construction
   0.0042 (  0.0%)   0.0000 (  0.0%)   0.0042 (  0.0%)   0.0042 (  0.0%)  Collect complexity metrics for FE reflow
   0.0042 (  0.0%)   0.0000 (  0.0%)   0.0042 (  0.0%)   0.0042 (  0.0%)  Dominator Tree Construction
   0.0042 (  0.0%)   0.0000 (  0.0%)   0.0042 (  0.0%)   0.0042 (  0.0%)  Dominator Tree Construction
   0.0042 (  0.0%)   0.0000 (  0.0%)   0.0042 (  0.0%)   0.0042 (  0.0%)  Aggressive Dead Code Elimination
   0.0042 (  0.0%)   0.0000 (  0.0%)   0.0042 (  0.0%)   0.0042 (  0.0%)  Natural Loop Information
   0.0042 (  0.0%)   0.0000 (  0.0%)   0.0042 (  0.0%)   0.0042 (  0.0%)  Dominator Tree Construction
   0.0042 (  0.0%)   0.0000 (  0.0%)   0.0042 (  0.0%)   0.0042 (  0.0%)  Natural Loop Information
   0.0041 (  0.0%)   0.0000 (  0.0%)   0.0041 (  0.0%)   0.0041 (  0.0%)  Dominator Tree Construction
   0.0041 (  0.0%)   0.0000 (  0.0%)   0.0041 (  0.0%)   0.0041 (  0.0%)  Natural Loop Information
   0.0041 (  0.0%)   0.0000 (  0.0%)   0.0041 (  0.0%)   0.0041 (  0.0%)  Optimize multiple instructions
   0.0041 (  0.0%)   0.0000 (  0.0%)   0.0041 (  0.0%)   0.0041 (  0.0%)  Remove unreachable basic blocks under switch
   0.0041 (  0.0%)   0.0000 (  0.0%)   0.0041 (  0.0%)   0.0041 (  0.0%)  Simple constant propagation
   0.0041 (  0.0%)   0.0000 (  0.0%)   0.0041 (  0.0%)   0.0041 (  0.0%)  Aggressive Dead Code Elimination
   0.0041 (  0.0%)   0.0000 (  0.0%)   0.0041 (  0.0%)   0.0041 (  0.0%)  Aggressive Dead Code Elimination
   0.0040 (  0.0%)   0.0000 (  0.0%)   0.0040 (  0.0%)   0.0040 (  0.0%)  Natural Loop Information
   0.0040 (  0.0%)   0.0000 (  0.0%)   0.0040 (  0.0%)   0.0040 (  0.0%)  Memory Summary
   0.0040 (  0.0%)   0.0000 (  0.0%)   0.0040 (  0.0%)   0.0040 (  0.0%)  Dominator Tree Construction
   0.0040 (  0.0%)   0.0000 (  0.0%)   0.0040 (  0.0%)   0.0040 (  0.0%)  Natural Loop Information
   0.0040 (  0.0%)   0.0000 (  0.0%)   0.0040 (  0.0%)   0.0040 (  0.0%)  Lazy Value Information Analysis
   0.0039 (  0.0%)   0.0000 (  0.0%)   0.0039 (  0.0%)   0.0039 (  0.0%)  Lazy Value Information Analysis
   0.0039 (  0.0%)   0.0000 (  0.0%)   0.0039 (  0.0%)   0.0039 (  0.0%)  Dominance Frontier Construction
   0.0039 (  0.0%)   0.0000 (  0.0%)   0.0039 (  0.0%)   0.0039 (  0.0%)  Lazy Value Information Analysis
   0.0039 (  0.0%)   0.0000 (  0.0%)   0.0039 (  0.0%)   0.0039 (  0.0%)  Lazy Value Information Analysis
   0.0039 (  0.0%)   0.0000 (  0.0%)   0.0039 (  0.0%)   0.0039 (  0.0%)  Infer nuw/nsw flags for instructions
   0.0037 (  0.0%)   0.0000 (  0.0%)   0.0037 (  0.0%)   0.0037 (  0.0%)  Aggressive Dead Code Elimination
   0.0037 (  0.0%)   0.0000 (  0.0%)   0.0037 (  0.0%)   0.0037 (  0.0%)  Aggressive Dead Code Elimination
   0.0037 (  0.0%)   0.0000 (  0.0%)   0.0037 (  0.0%)   0.0037 (  0.0%)  Aggressive Dead Code Elimination
   0.0037 (  0.0%)   0.0000 (  0.0%)   0.0037 (  0.0%)   0.0037 (  0.0%)  Generate IR Wrapper
   0.0036 (  0.0%)   0.0000 (  0.0%)   0.0036 (  0.0%)   0.0036 (  0.0%)  Aggressive Dead Code Elimination
   0.0036 (  0.0%)   0.0000 (  0.0%)   0.0036 (  0.0%)   0.0036 (  0.0%)  Value Propagation
   0.0036 (  0.0%)   0.0000 (  0.0%)   0.0036 (  0.0%)   0.0036 (  0.0%)  Remove unreachable basic blocks under switch
   0.0035 (  0.0%)   0.0000 (  0.0%)   0.0035 (  0.0%)   0.0036 (  0.0%)  Lazy Value Information Analysis
   0.0035 (  0.0%)   0.0000 (  0.0%)   0.0035 (  0.0%)   0.0035 (  0.0%)  Memory SSA
   0.0035 (  0.0%)   0.0000 (  0.0%)   0.0035 (  0.0%)   0.0035 (  0.0%)  Aggressive Dead Code Elimination
   0.0035 (  0.0%)   0.0000 (  0.0%)   0.0035 (  0.0%)   0.0035 (  0.0%)  Infer nuw/nsw flags for instructions
   0.0035 (  0.0%)   0.0000 (  0.0%)   0.0035 (  0.0%)   0.0035 (  0.0%)  Memory SSA
   0.0035 (  0.0%)   0.0000 (  0.0%)   0.0035 (  0.0%)   0.0035 (  0.0%)  Infer nuw/nsw flags for instructions
   0.0035 (  0.0%)   0.0000 (  0.0%)   0.0035 (  0.0%)   0.0035 (  0.0%)  Pragma preprocessing after clang
   0.0035 (  0.0%)   0.0000 (  0.0%)   0.0035 (  0.0%)   0.0035 (  0.0%)  Value Propagation
   0.0034 (  0.0%)   0.0001 (  0.0%)   0.0034 (  0.0%)   0.0034 (  0.0%)  Early GVN Hoisting of Expressions
   0.0034 (  0.0%)   0.0000 (  0.0%)   0.0034 (  0.0%)   0.0034 (  0.0%)  Memory SSA
   0.0033 (  0.0%)   0.0000 (  0.0%)   0.0033 (  0.0%)   0.0033 (  0.0%)  Early GVN Hoisting of Expressions
   0.0033 (  0.0%)   0.0000 (  0.0%)   0.0033 (  0.0%)   0.0033 (  0.0%)  Eliminate dead debug information intrinsic
   0.0033 (  0.0%)   0.0000 (  0.0%)   0.0033 (  0.0%)   0.0033 (  0.0%)  Natural Loop Information
   0.0033 (  0.0%)   0.0000 (  0.0%)   0.0033 (  0.0%)   0.0033 (  0.0%)  Memory SSA
   0.0033 (  0.0%)   0.0000 (  0.0%)   0.0033 (  0.0%)   0.0033 (  0.0%)  Eliminate dead debug information intrinsic
   0.0033 (  0.0%)   0.0000 (  0.0%)   0.0033 (  0.0%)   0.0032 (  0.0%)  Aggressive Dead Code Elimination
   0.0032 (  0.0%)   0.0000 (  0.0%)   0.0032 (  0.0%)   0.0032 (  0.0%)  Eliminate dead debug information intrinsic
   0.0032 (  0.0%)   0.0000 (  0.0%)   0.0032 (  0.0%)   0.0032 (  0.0%)  Natural Loop Information
   0.0031 (  0.0%)   0.0000 (  0.0%)   0.0031 (  0.0%)   0.0031 (  0.0%)  Natural Loop Information
   0.0031 (  0.0%)   0.0000 (  0.0%)   0.0031 (  0.0%)   0.0031 (  0.0%)  Natural Loop Information
   0.0031 (  0.0%)   0.0000 (  0.0%)   0.0031 (  0.0%)   0.0031 (  0.0%)  AnnotateNoAlias - Annotate NoAlias Attribute on Arguments
   0.0031 (  0.0%)   0.0000 (  0.0%)   0.0031 (  0.0%)   0.0031 (  0.0%)  Eliminate dead debug information intrinsic
   0.0031 (  0.0%)   0.0000 (  0.0%)   0.0031 (  0.0%)   0.0031 (  0.0%)  Memory SSA
   0.0030 (  0.0%)   0.0000 (  0.0%)   0.0030 (  0.0%)   0.0030 (  0.0%)  CallGraph Construction
   0.0030 (  0.0%)   0.0000 (  0.0%)   0.0030 (  0.0%)   0.0030 (  0.0%)  Eliminate dead debug information intrinsic
   0.0030 (  0.0%)   0.0000 (  0.0%)   0.0030 (  0.0%)   0.0030 (  0.0%)  Eliminate dead debug information intrinsic
   0.0030 (  0.0%)   0.0000 (  0.0%)   0.0030 (  0.0%)   0.0030 (  0.0%)  Eliminate dead debug information intrinsic
   0.0030 (  0.0%)   0.0000 (  0.0%)   0.0030 (  0.0%)   0.0030 (  0.0%)  Eliminate dead debug information intrinsic
   0.0030 (  0.0%)   0.0000 (  0.0%)   0.0030 (  0.0%)   0.0030 (  0.0%)  Produce message if basic block has too many instructions
   0.0029 (  0.0%)   0.0000 (  0.0%)   0.0029 (  0.0%)   0.0029 (  0.0%)  Natural Loop Information
   0.0027 (  0.0%)   0.0003 (  0.1%)   0.0029 (  0.0%)   0.0029 (  0.0%)  Early GVN Hoisting of Expressions
   0.0029 (  0.0%)   0.0000 (  0.0%)   0.0029 (  0.0%)   0.0029 (  0.0%)  Natural Loop Information
   0.0029 (  0.0%)   0.0000 (  0.0%)   0.0029 (  0.0%)   0.0029 (  0.0%)  Synthesis checker
   0.0029 (  0.0%)   0.0000 (  0.0%)   0.0029 (  0.0%)   0.0029 (  0.0%)  Early GVN Hoisting of Expressions
   0.0028 (  0.0%)   0.0001 (  0.0%)   0.0029 (  0.0%)   0.0029 (  0.0%)  Early GVN Hoisting of Expressions
   0.0029 (  0.0%)   0.0000 (  0.0%)   0.0029 (  0.0%)   0.0029 (  0.0%)  Natural Loop Information
   0.0029 (  0.0%)   0.0000 (  0.0%)   0.0029 (  0.0%)   0.0029 (  0.0%)  Natural Loop Information
   0.0027 (  0.0%)   0.0001 (  0.1%)   0.0029 (  0.0%)   0.0029 (  0.0%)  Aggressive Dead Code Elimination
   0.0028 (  0.0%)   0.0000 (  0.0%)   0.0029 (  0.0%)   0.0029 (  0.0%)  Natural Loop Information
   0.0028 (  0.0%)   0.0000 (  0.0%)   0.0029 (  0.0%)   0.0029 (  0.0%)  Natural Loop Information
   0.0028 (  0.0%)   0.0000 (  0.0%)   0.0028 (  0.0%)   0.0028 (  0.0%)  CallGraph Construction
   0.0028 (  0.0%)   0.0000 (  0.0%)   0.0028 (  0.0%)   0.0028 (  0.0%)  Natural Loop Information
   0.0018 (  0.0%)   0.0010 (  0.6%)   0.0028 (  0.0%)   0.0028 (  0.0%)  CallGraph Construction
   0.0024 (  0.0%)   0.0005 (  0.3%)   0.0028 (  0.0%)   0.0028 (  0.0%)  Function Alias Analysis Results
   0.0028 (  0.0%)   0.0000 (  0.0%)   0.0028 (  0.0%)   0.0028 (  0.0%)  Value Propagation
   0.0028 (  0.0%)   0.0000 (  0.0%)   0.0028 (  0.0%)   0.0028 (  0.0%)  CallGraph Construction
   0.0022 (  0.0%)   0.0006 (  0.3%)   0.0028 (  0.0%)   0.0028 (  0.0%)  Function Alias Analysis Results
   0.0028 (  0.0%)   0.0000 (  0.0%)   0.0028 (  0.0%)   0.0028 (  0.0%)  Array abnormal access check
   0.0028 (  0.0%)   0.0000 (  0.0%)   0.0028 (  0.0%)   0.0028 (  0.0%)  CallGraph Construction
   0.0012 (  0.0%)   0.0016 (  0.9%)   0.0028 (  0.0%)   0.0028 (  0.0%)  AnnotateNoAlias - Annotate NoAlias Attribute on Arguments
   0.0028 (  0.0%)   0.0000 (  0.0%)   0.0028 (  0.0%)   0.0028 (  0.0%)  Eliminate pointer selection
   0.0028 (  0.0%)   0.0000 (  0.0%)   0.0028 (  0.0%)   0.0028 (  0.0%)  MemSSAOpt - Memory SSA based optimizations
   0.0028 (  0.0%)   0.0000 (  0.0%)   0.0028 (  0.0%)   0.0028 (  0.0%)  Natural Loop Information
   0.0024 (  0.0%)   0.0004 (  0.2%)   0.0027 (  0.0%)   0.0027 (  0.0%)  Memory SSA
   0.0027 (  0.0%)   0.0000 (  0.0%)   0.0027 (  0.0%)   0.0027 (  0.0%)  Aggressive Dead Code Elimination
   0.0027 (  0.0%)   0.0000 (  0.0%)   0.0027 (  0.0%)   0.0027 (  0.0%)  Early GVN Hoisting of Expressions
   0.0027 (  0.0%)   0.0000 (  0.0%)   0.0027 (  0.0%)   0.0027 (  0.0%)  Deduce function attributes
   0.0027 (  0.0%)   0.0000 (  0.0%)   0.0027 (  0.0%)   0.0027 (  0.0%)  CallGraph Construction
   0.0027 (  0.0%)   0.0000 (  0.0%)   0.0027 (  0.0%)   0.0027 (  0.0%)  Aggressive Dead Code Elimination
   0.0027 (  0.0%)   0.0000 (  0.0%)   0.0027 (  0.0%)   0.0027 (  0.0%)  Memory SSA
   0.0027 (  0.0%)   0.0000 (  0.0%)   0.0027 (  0.0%)   0.0027 (  0.0%)  Aggressive Dead Code Elimination
   0.0027 (  0.0%)   0.0000 (  0.0%)   0.0027 (  0.0%)   0.0027 (  0.0%)  CallGraph Construction
   0.0027 (  0.0%)   0.0000 (  0.0%)   0.0027 (  0.0%)   0.0027 (  0.0%)  Early GVN Hoisting of Expressions
   0.0025 (  0.0%)   0.0001 (  0.1%)   0.0026 (  0.0%)   0.0026 (  0.0%)  Optimize multiple instructions
   0.0026 (  0.0%)   0.0000 (  0.0%)   0.0026 (  0.0%)   0.0026 (  0.0%)  Memory SSA
   0.0026 (  0.0%)   0.0000 (  0.0%)   0.0026 (  0.0%)   0.0026 (  0.0%)  Memory SSA
   0.0026 (  0.0%)   0.0000 (  0.0%)   0.0026 (  0.0%)   0.0026 (  0.0%)  CallGraph Construction
   0.0026 (  0.0%)   0.0000 (  0.0%)   0.0026 (  0.0%)   0.0026 (  0.0%)  Aggressive Dead Code Elimination
   0.0026 (  0.0%)   0.0000 (  0.0%)   0.0026 (  0.0%)   0.0026 (  0.0%)  Aggressive Dead Code Elimination
   0.0026 (  0.0%)   0.0000 (  0.0%)   0.0026 (  0.0%)   0.0026 (  0.0%)  Eliminate dead debug information intrinsic
   0.0026 (  0.0%)   0.0000 (  0.0%)   0.0026 (  0.0%)   0.0026 (  0.0%)  CallGraph Construction
   0.0026 (  0.0%)   0.0000 (  0.0%)   0.0026 (  0.0%)   0.0026 (  0.0%)  Infer PPPO for array-to-streams
   0.0026 (  0.0%)   0.0000 (  0.0%)   0.0026 (  0.0%)   0.0026 (  0.0%)  CallGraph Construction
   0.0019 (  0.0%)   0.0007 (  0.4%)   0.0026 (  0.0%)   0.0026 (  0.0%)  Aggressive Dead Code Elimination
   0.0026 (  0.0%)   0.0000 (  0.0%)   0.0026 (  0.0%)   0.0026 (  0.0%)  Aggressive Dead Code Elimination
   0.0025 (  0.0%)   0.0000 (  0.0%)   0.0025 (  0.0%)   0.0026 (  0.0%)  Natural Loop Information
   0.0025 (  0.0%)   0.0000 (  0.0%)   0.0025 (  0.0%)   0.0025 (  0.0%)  CallGraph Construction
   0.0019 (  0.0%)   0.0007 (  0.4%)   0.0025 (  0.0%)   0.0025 (  0.0%)  Aggressive Dead Code Elimination
   0.0025 (  0.0%)   0.0000 (  0.0%)   0.0025 (  0.0%)   0.0025 (  0.0%)  Aggressive Dead Code Elimination
   0.0025 (  0.0%)   0.0000 (  0.0%)   0.0025 (  0.0%)   0.0025 (  0.0%)  Aggressive Dead Code Elimination
   0.0025 (  0.0%)   0.0000 (  0.0%)   0.0025 (  0.0%)   0.0025 (  0.0%)  Jump Threading
   0.0025 (  0.0%)   0.0000 (  0.0%)   0.0025 (  0.0%)   0.0025 (  0.0%)  Aggressive Dead Code Elimination
   0.0025 (  0.0%)   0.0000 (  0.0%)   0.0025 (  0.0%)   0.0025 (  0.0%)  Aggressive Dead Code Elimination
   0.0025 (  0.0%)   0.0000 (  0.0%)   0.0025 (  0.0%)   0.0025 (  0.0%)  Analyze sequential accesses
   0.0025 (  0.0%)   0.0000 (  0.0%)   0.0025 (  0.0%)   0.0025 (  0.0%)  Aggressive Dead Code Elimination
   0.0025 (  0.0%)   0.0000 (  0.0%)   0.0025 (  0.0%)   0.0025 (  0.0%)  Optimize multiple instructions
   0.0025 (  0.0%)   0.0000 (  0.0%)   0.0025 (  0.0%)   0.0025 (  0.0%)  Function duplication
   0.0024 (  0.0%)   0.0000 (  0.0%)   0.0024 (  0.0%)   0.0025 (  0.0%)  Aggressive Dead Code Elimination
   0.0024 (  0.0%)   0.0000 (  0.0%)   0.0024 (  0.0%)   0.0024 (  0.0%)  Aggressive Dead Code Elimination
   0.0024 (  0.0%)   0.0000 (  0.0%)   0.0024 (  0.0%)   0.0024 (  0.0%)  Promote Memory to Register
   0.0024 (  0.0%)   0.0000 (  0.0%)   0.0024 (  0.0%)   0.0024 (  0.0%)  CallGraph Construction
   0.0024 (  0.0%)   0.0000 (  0.0%)   0.0024 (  0.0%)   0.0024 (  0.0%)  Aggressive Dead Code Elimination
   0.0024 (  0.0%)   0.0000 (  0.0%)   0.0024 (  0.0%)   0.0024 (  0.0%)  Infer nuw/nsw flags for instructions
   0.0024 (  0.0%)   0.0000 (  0.0%)   0.0024 (  0.0%)   0.0024 (  0.0%)  Natural Loop Information
   0.0024 (  0.0%)   0.0000 (  0.0%)   0.0024 (  0.0%)   0.0024 (  0.0%)  Natural Loop Information
   0.0024 (  0.0%)   0.0000 (  0.0%)   0.0024 (  0.0%)   0.0024 (  0.0%)  Natural Loop Information
   0.0024 (  0.0%)   0.0000 (  0.0%)   0.0024 (  0.0%)   0.0024 (  0.0%)  CallGraph Construction
   0.0023 (  0.0%)   0.0000 (  0.0%)   0.0023 (  0.0%)   0.0023 (  0.0%)  Optimize multiple instructions
   0.0023 (  0.0%)   0.0000 (  0.0%)   0.0023 (  0.0%)   0.0023 (  0.0%)  Optimize multiple instructions
   0.0023 (  0.0%)   0.0000 (  0.0%)   0.0023 (  0.0%)   0.0023 (  0.0%)  Optimize multiple instructions
   0.0023 (  0.0%)   0.0000 (  0.0%)   0.0023 (  0.0%)   0.0023 (  0.0%)  Infer complete unroll based on pipeline pragma
   0.0023 (  0.0%)   0.0000 (  0.0%)   0.0023 (  0.0%)   0.0023 (  0.0%)  Optimize multiple instructions
   0.0023 (  0.0%)   0.0000 (  0.0%)   0.0023 (  0.0%)   0.0023 (  0.0%)  Array out of bound check
   0.0023 (  0.0%)   0.0000 (  0.0%)   0.0023 (  0.0%)   0.0023 (  0.0%)  Optimize multiple instructions
   0.0023 (  0.0%)   0.0000 (  0.0%)   0.0023 (  0.0%)   0.0023 (  0.0%)  Optimize multiple instructions
   0.0023 (  0.0%)   0.0000 (  0.0%)   0.0023 (  0.0%)   0.0023 (  0.0%)  Remove unreachable basic blocks under switch
   0.0023 (  0.0%)   0.0000 (  0.0%)   0.0023 (  0.0%)   0.0023 (  0.0%)  CallGraph Construction
   0.0022 (  0.0%)   0.0000 (  0.0%)   0.0022 (  0.0%)   0.0023 (  0.0%)  Optimize multiple instructions
   0.0022 (  0.0%)   0.0000 (  0.0%)   0.0023 (  0.0%)   0.0022 (  0.0%)  Natural Loop Information
   0.0022 (  0.0%)   0.0000 (  0.0%)   0.0022 (  0.0%)   0.0022 (  0.0%)  Optimize multiple instructions
   0.0022 (  0.0%)   0.0000 (  0.0%)   0.0022 (  0.0%)   0.0022 (  0.0%)  Optimize multiple instructions
   0.0022 (  0.0%)   0.0000 (  0.0%)   0.0022 (  0.0%)   0.0022 (  0.0%)  Optimize multiple instructions
   0.0022 (  0.0%)   0.0000 (  0.0%)   0.0022 (  0.0%)   0.0022 (  0.0%)  SROA
   0.0022 (  0.0%)   0.0000 (  0.0%)   0.0022 (  0.0%)   0.0022 (  0.0%)  Optimize multiple instructions
   0.0022 (  0.0%)   0.0000 (  0.0%)   0.0022 (  0.0%)   0.0022 (  0.0%)  Optimize multiple instructions
   0.0022 (  0.0%)   0.0000 (  0.0%)   0.0022 (  0.0%)   0.0022 (  0.0%)  Collect complexity metrics for FE reflow
   0.0022 (  0.0%)   0.0000 (  0.0%)   0.0022 (  0.0%)   0.0022 (  0.0%)  Optimize multiple instructions
   0.0022 (  0.0%)   0.0000 (  0.0%)   0.0022 (  0.0%)   0.0022 (  0.0%)  Optimize multiple instructions
   0.0022 (  0.0%)   0.0000 (  0.0%)   0.0022 (  0.0%)   0.0022 (  0.0%)  Assign names to anonymous instructions (structure based)
   0.0022 (  0.0%)   0.0000 (  0.0%)   0.0022 (  0.0%)   0.0022 (  0.0%)  Optimize multiple instructions
   0.0022 (  0.0%)   0.0000 (  0.0%)   0.0022 (  0.0%)   0.0022 (  0.0%)  Optimize multiple instructions
   0.0021 (  0.0%)   0.0000 (  0.0%)   0.0021 (  0.0%)   0.0021 (  0.0%)  Natural Loop Information
   0.0021 (  0.0%)   0.0000 (  0.0%)   0.0021 (  0.0%)   0.0021 (  0.0%)  Memory SSA
   0.0021 (  0.0%)   0.0000 (  0.0%)   0.0021 (  0.0%)   0.0021 (  0.0%)  Natural Loop Information
   0.0021 (  0.0%)   0.0000 (  0.0%)   0.0021 (  0.0%)   0.0021 (  0.0%)  SROA
   0.0021 (  0.0%)   0.0000 (  0.0%)   0.0021 (  0.0%)   0.0021 (  0.0%)  CallGraph Construction
   0.0021 (  0.0%)   0.0000 (  0.0%)   0.0021 (  0.0%)   0.0021 (  0.0%)  Structure stription
   0.0020 (  0.0%)   0.0000 (  0.0%)   0.0020 (  0.0%)   0.0020 (  0.0%)  Natural Loop Information
   0.0020 (  0.0%)   0.0000 (  0.0%)   0.0020 (  0.0%)   0.0020 (  0.0%)  Scalar Evolution Analysis
   0.0020 (  0.0%)   0.0000 (  0.0%)   0.0020 (  0.0%)   0.0020 (  0.0%)  Natural Loop Information
   0.0020 (  0.0%)   0.0000 (  0.0%)   0.0020 (  0.0%)   0.0020 (  0.0%)  Natural Loop Information
   0.0020 (  0.0%)   0.0000 (  0.0%)   0.0020 (  0.0%)   0.0020 (  0.0%)  CallGraph Construction
   0.0020 (  0.0%)   0.0000 (  0.0%)   0.0020 (  0.0%)   0.0020 (  0.0%)  Remove unreachable basic blocks under switch
   0.0020 (  0.0%)   0.0000 (  0.0%)   0.0020 (  0.0%)   0.0020 (  0.0%)  Collect complexity metrics for FE reflow
   0.0019 (  0.0%)   0.0000 (  0.0%)   0.0019 (  0.0%)   0.0019 (  0.0%)  Eliminate dead debug information intrinsic
   0.0019 (  0.0%)   0.0000 (  0.0%)   0.0019 (  0.0%)   0.0019 (  0.0%)  Remove unreachable basic blocks under switch
   0.0019 (  0.0%)   0.0000 (  0.0%)   0.0019 (  0.0%)   0.0019 (  0.0%)  Remove unreachable basic blocks under switch
   0.0019 (  0.0%)   0.0000 (  0.0%)   0.0019 (  0.0%)   0.0019 (  0.0%)  Lazy Value Information Analysis
   0.0019 (  0.0%)   0.0000 (  0.0%)   0.0019 (  0.0%)   0.0019 (  0.0%)  Natural Loop Information
   0.0019 (  0.0%)   0.0000 (  0.0%)   0.0019 (  0.0%)   0.0019 (  0.0%)  Remove unreachable basic blocks under switch
   0.0009 (  0.0%)   0.0010 (  0.6%)   0.0019 (  0.0%)   0.0019 (  0.0%)  Collect complexity metrics for FE reflow
   0.0018 (  0.0%)   0.0000 (  0.0%)   0.0018 (  0.0%)   0.0018 (  0.0%)  Deduce function attributes
   0.0018 (  0.0%)   0.0000 (  0.0%)   0.0018 (  0.0%)   0.0018 (  0.0%)  CallGraph Construction
   0.0014 (  0.0%)   0.0004 (  0.2%)   0.0018 (  0.0%)   0.0018 (  0.0%)  Merge accesses
   0.0018 (  0.0%)   0.0000 (  0.0%)   0.0018 (  0.0%)   0.0018 (  0.0%)  Scalar Evolution Analysis
   0.0017 (  0.0%)   0.0000 (  0.0%)   0.0018 (  0.0%)   0.0018 (  0.0%)  CallGraph Construction
   0.0017 (  0.0%)   0.0000 (  0.0%)   0.0017 (  0.0%)   0.0018 (  0.0%)  AutoDepPragmaInfer - Auto Dependence Pragma Infer
   0.0017 (  0.0%)   0.0000 (  0.0%)   0.0017 (  0.0%)   0.0017 (  0.0%)  Dead Global Elimination
   0.0017 (  0.0%)   0.0000 (  0.0%)   0.0017 (  0.0%)   0.0017 (  0.0%)  Jump Threading
   0.0016 (  0.0%)   0.0000 (  0.0%)   0.0016 (  0.0%)   0.0016 (  0.0%)  Array out of bound check
   0.0007 (  0.0%)   0.0009 (  0.5%)   0.0016 (  0.0%)   0.0016 (  0.0%)  Lower HLS related attributes
   0.0016 (  0.0%)   0.0000 (  0.0%)   0.0016 (  0.0%)   0.0016 (  0.0%)  Interleave memory accesses
   0.0016 (  0.0%)   0.0000 (  0.0%)   0.0016 (  0.0%)   0.0016 (  0.0%)  CallGraph Construction
   0.0015 (  0.0%)   0.0000 (  0.0%)   0.0015 (  0.0%)   0.0015 (  0.0%)  Collect complexity metrics for FE reflow
   0.0015 (  0.0%)   0.0000 (  0.0%)   0.0015 (  0.0%)   0.0015 (  0.0%)  Dominator Tree Construction
   0.0015 (  0.0%)   0.0000 (  0.0%)   0.0015 (  0.0%)   0.0015 (  0.0%)  Remove unreachable basic blocks under switch
   0.0015 (  0.0%)   0.0000 (  0.0%)   0.0015 (  0.0%)   0.0015 (  0.0%)  Eliminate dead debug information intrinsic
   0.0014 (  0.0%)   0.0000 (  0.0%)   0.0014 (  0.0%)   0.0014 (  0.0%)  Dominator Tree Construction
   0.0014 (  0.0%)   0.0000 (  0.0%)   0.0014 (  0.0%)   0.0014 (  0.0%)  CallGraph Construction
   0.0014 (  0.0%)   0.0000 (  0.0%)   0.0014 (  0.0%)   0.0014 (  0.0%)  Array out of bound check
   0.0014 (  0.0%)   0.0000 (  0.0%)   0.0014 (  0.0%)   0.0014 (  0.0%)  Array out of bound check
   0.0005 (  0.0%)   0.0009 (  0.5%)   0.0014 (  0.0%)   0.0014 (  0.0%)  CallGraph Construction
   0.0013 (  0.0%)   0.0000 (  0.0%)   0.0013 (  0.0%)   0.0013 (  0.0%)  Eliminate pointer selection
   0.0010 (  0.0%)   0.0003 (  0.2%)   0.0013 (  0.0%)   0.0013 (  0.0%)  Combine redundant instructions
   0.0005 (  0.0%)   0.0008 (  0.4%)   0.0013 (  0.0%)   0.0013 (  0.0%)  Memory Summary
   0.0010 (  0.0%)   0.0003 (  0.2%)   0.0013 (  0.0%)   0.0013 (  0.0%)  Produce message if basic block has too many instructions
   0.0013 (  0.0%)   0.0000 (  0.0%)   0.0013 (  0.0%)   0.0013 (  0.0%)  Inliner for always_inline functions
   0.0013 (  0.0%)   0.0000 (  0.0%)   0.0013 (  0.0%)   0.0013 (  0.0%)  Infer PPPO for array-to-streams
   0.0013 (  0.0%)   0.0000 (  0.0%)   0.0013 (  0.0%)   0.0013 (  0.0%)  Generate Loops to iterate over workitems
   0.0012 (  0.0%)   0.0000 (  0.0%)   0.0012 (  0.0%)   0.0012 (  0.0%)  CallGraph Construction
   0.0012 (  0.0%)   0.0000 (  0.0%)   0.0012 (  0.0%)   0.0012 (  0.0%)  Memory SSA
   0.0012 (  0.0%)   0.0000 (  0.0%)   0.0012 (  0.0%)   0.0012 (  0.0%)  Eliminate dead debug information intrinsic
   0.0010 (  0.0%)   0.0001 (  0.1%)   0.0012 (  0.0%)   0.0012 (  0.0%)  Dead Store Elimination
   0.0012 (  0.0%)   0.0000 (  0.0%)   0.0012 (  0.0%)   0.0012 (  0.0%)  Assign names to anonymous instructions (structure based)
   0.0012 (  0.0%)   0.0000 (  0.0%)   0.0012 (  0.0%)   0.0012 (  0.0%)  Dominator Tree Construction
   0.0011 (  0.0%)   0.0000 (  0.0%)   0.0011 (  0.0%)   0.0011 (  0.0%)  Dead Argument Elimination
   0.0011 (  0.0%)   0.0000 (  0.0%)   0.0011 (  0.0%)   0.0011 (  0.0%)  Collect complexity metrics for FE reflow
   0.0011 (  0.0%)   0.0000 (  0.0%)   0.0011 (  0.0%)   0.0011 (  0.0%)  Collect complexity metrics for FE reflow
   0.0011 (  0.0%)   0.0000 (  0.0%)   0.0011 (  0.0%)   0.0011 (  0.0%)  Array out of bound check
   0.0011 (  0.0%)   0.0000 (  0.0%)   0.0011 (  0.0%)   0.0011 (  0.0%)  Collect complexity metrics for FE reflow
   0.0011 (  0.0%)   0.0000 (  0.0%)   0.0011 (  0.0%)   0.0011 (  0.0%)  Array out of bound check
   0.0011 (  0.0%)   0.0000 (  0.0%)   0.0011 (  0.0%)   0.0011 (  0.0%)  Reflow pragma unroll loops
   0.0011 (  0.0%)   0.0000 (  0.0%)   0.0011 (  0.0%)   0.0011 (  0.0%)  Collect complexity metrics for FE reflow
   0.0011 (  0.0%)   0.0000 (  0.0%)   0.0011 (  0.0%)   0.0011 (  0.0%)  CallGraph Construction
   0.0011 (  0.0%)   0.0000 (  0.0%)   0.0011 (  0.0%)   0.0011 (  0.0%)  Special handling of axis with side-channels
   0.0010 (  0.0%)   0.0000 (  0.0%)   0.0010 (  0.0%)   0.0010 (  0.0%)  Object Decomposition
   0.0010 (  0.0%)   0.0000 (  0.0%)   0.0010 (  0.0%)   0.0010 (  0.0%)  Collect complexity metrics for FE reflow
   0.0009 (  0.0%)   0.0002 (  0.1%)   0.0010 (  0.0%)   0.0010 (  0.0%)  Rotate Loops
   0.0010 (  0.0%)   0.0000 (  0.0%)   0.0010 (  0.0%)   0.0010 (  0.0%)  SROA
   0.0010 (  0.0%)   0.0000 (  0.0%)   0.0010 (  0.0%)   0.0010 (  0.0%)  Resolve full load/store
   0.0005 (  0.0%)   0.0005 (  0.3%)   0.0010 (  0.0%)   0.0010 (  0.0%)  CallGraph Construction
   0.0010 (  0.0%)   0.0000 (  0.0%)   0.0010 (  0.0%)   0.0010 (  0.0%)  Interprocedural Sparse Conditional Constant Propagation
   0.0010 (  0.0%)   0.0000 (  0.0%)   0.0010 (  0.0%)   0.0010 (  0.0%)  Merge accesses
   0.0008 (  0.0%)   0.0002 (  0.1%)   0.0010 (  0.0%)   0.0010 (  0.0%)  Optimize multiple instructions
   0.0009 (  0.0%)   0.0001 (  0.1%)   0.0010 (  0.0%)   0.0010 (  0.0%)  Collect complexity metrics for FE reflow
   0.0008 (  0.0%)   0.0002 (  0.1%)   0.0010 (  0.0%)   0.0010 (  0.0%)  Collect complexity metrics for FE reflow
   0.0010 (  0.0%)   0.0000 (  0.0%)   0.0010 (  0.0%)   0.0010 (  0.0%)  Memory Dependence Analysis
   0.0010 (  0.0%)   0.0000 (  0.0%)   0.0010 (  0.0%)   0.0010 (  0.0%)  CallGraph Construction
   0.0010 (  0.0%)   0.0000 (  0.0%)   0.0010 (  0.0%)   0.0010 (  0.0%)  CallGraph Construction
   0.0010 (  0.0%)   0.0000 (  0.0%)   0.0010 (  0.0%)   0.0010 (  0.0%)  dump pragma info via xml format
   0.0010 (  0.0%)   0.0000 (  0.0%)   0.0010 (  0.0%)   0.0010 (  0.0%)  Reflow pragma unroll loops
   0.0009 (  0.0%)   0.0000 (  0.0%)   0.0009 (  0.0%)   0.0009 (  0.0%)  Infer PPPO for array-to-streams
   0.0009 (  0.0%)   0.0000 (  0.0%)   0.0009 (  0.0%)   0.0009 (  0.0%)  Post-Dominator Tree Construction
   0.0003 (  0.0%)   0.0006 (  0.4%)   0.0009 (  0.0%)   0.0009 (  0.0%)  Dead Global Elimination
   0.0009 (  0.0%)   0.0000 (  0.0%)   0.0009 (  0.0%)   0.0009 (  0.0%)  Reflow pragma unroll loops
   0.0009 (  0.0%)   0.0000 (  0.0%)   0.0009 (  0.0%)   0.0009 (  0.0%)  Infer PPPO for array-to-streams
   0.0009 (  0.0%)   0.0000 (  0.0%)   0.0009 (  0.0%)   0.0009 (  0.0%)  Lazy Value Information Analysis
   0.0009 (  0.0%)   0.0000 (  0.0%)   0.0009 (  0.0%)   0.0009 (  0.0%)  Lazy Value Information Analysis
   0.0009 (  0.0%)   0.0000 (  0.0%)   0.0009 (  0.0%)   0.0009 (  0.0%)  Disaggregation preprocessing
   0.0009 (  0.0%)   0.0000 (  0.0%)   0.0009 (  0.0%)   0.0009 (  0.0%)  CallGraph Construction
   0.0009 (  0.0%)   0.0000 (  0.0%)   0.0009 (  0.0%)   0.0009 (  0.0%)  Simplify the CFG
   0.0007 (  0.0%)   0.0002 (  0.1%)   0.0009 (  0.0%)   0.0009 (  0.0%)  Deduce function attributes
   0.0009 (  0.0%)   0.0000 (  0.0%)   0.0009 (  0.0%)   0.0009 (  0.0%)  Simplify the CFG
   0.0009 (  0.0%)   0.0000 (  0.0%)   0.0009 (  0.0%)   0.0009 (  0.0%)  Promote Memory to Register
   0.0009 (  0.0%)   0.0000 (  0.0%)   0.0009 (  0.0%)   0.0009 (  0.0%)  Eliminate pointer selection
   0.0009 (  0.0%)   0.0000 (  0.0%)   0.0009 (  0.0%)   0.0009 (  0.0%)  Dead Global Elimination
   0.0009 (  0.0%)   0.0000 (  0.0%)   0.0009 (  0.0%)   0.0009 (  0.0%)  Reflow pragma unroll loops
   0.0008 (  0.0%)   0.0000 (  0.0%)   0.0008 (  0.0%)   0.0008 (  0.0%)  Dead Code Elimination
   0.0008 (  0.0%)   0.0000 (  0.0%)   0.0008 (  0.0%)   0.0008 (  0.0%)  Simplify the CFG
   0.0008 (  0.0%)   0.0000 (  0.0%)   0.0008 (  0.0%)   0.0008 (  0.0%)  Jump Threading
   0.0008 (  0.0%)   0.0000 (  0.0%)   0.0008 (  0.0%)   0.0008 (  0.0%)  Simple constant propagation
   0.0008 (  0.0%)   0.0000 (  0.0%)   0.0008 (  0.0%)   0.0008 (  0.0%)  Simplify the CFG
   0.0008 (  0.0%)   0.0000 (  0.0%)   0.0008 (  0.0%)   0.0008 (  0.0%)  Dominator Tree Construction
   0.0007 (  0.0%)   0.0001 (  0.1%)   0.0008 (  0.0%)   0.0008 (  0.0%)  RemoveConflictingBurst - Remove port conflicting bursts
   0.0007 (  0.0%)   0.0000 (  0.0%)   0.0008 (  0.0%)   0.0008 (  0.0%)  Dead Code Elimination
   0.0008 (  0.0%)   0.0000 (  0.0%)   0.0008 (  0.0%)   0.0008 (  0.0%)  Lazy Value Information Analysis
   0.0007 (  0.0%)   0.0000 (  0.0%)   0.0007 (  0.0%)   0.0008 (  0.0%)  Eliminate dead debug information intrinsic
   0.0008 (  0.0%)   0.0000 (  0.0%)   0.0008 (  0.0%)   0.0008 (  0.0%)  Lower directive scopes
   0.0008 (  0.0%)   0.0000 (  0.0%)   0.0008 (  0.0%)   0.0008 (  0.0%)  Lazy Value Information Analysis
   0.0000 (  0.0%)   0.0008 (  0.4%)   0.0008 (  0.0%)   0.0008 (  0.0%)  Dead Global Elimination
   0.0008 (  0.0%)   0.0000 (  0.0%)   0.0008 (  0.0%)   0.0008 (  0.0%)  Simplify the CFG
   0.0007 (  0.0%)   0.0000 (  0.0%)   0.0007 (  0.0%)   0.0007 (  0.0%)  Lazy Value Information Analysis
   0.0007 (  0.0%)   0.0000 (  0.0%)   0.0007 (  0.0%)   0.0007 (  0.0%)  Post-Dominator Tree Construction
   0.0007 (  0.0%)   0.0000 (  0.0%)   0.0007 (  0.0%)   0.0007 (  0.0%)  CallGraph Construction
   0.0007 (  0.0%)   0.0000 (  0.0%)   0.0007 (  0.0%)   0.0007 (  0.0%)  Lazy Value Information Analysis
   0.0007 (  0.0%)   0.0000 (  0.0%)   0.0007 (  0.0%)   0.0007 (  0.0%)  AutoDepPragmaInfer - Auto Dependence Pragma Infer
   0.0007 (  0.0%)   0.0000 (  0.0%)   0.0007 (  0.0%)   0.0007 (  0.0%)  Eliminate dead stores globally
   0.0007 (  0.0%)   0.0000 (  0.0%)   0.0007 (  0.0%)   0.0007 (  0.0%)  Eliminate pointer selection
   0.0007 (  0.0%)   0.0000 (  0.0%)   0.0007 (  0.0%)   0.0007 (  0.0%)  Lazy Value Information Analysis
   0.0007 (  0.0%)   0.0000 (  0.0%)   0.0007 (  0.0%)   0.0007 (  0.0%)  Function Alias Analysis Results
   0.0007 (  0.0%)   0.0000 (  0.0%)   0.0007 (  0.0%)   0.0007 (  0.0%)  CallGraph Construction
   0.0007 (  0.0%)   0.0000 (  0.0%)   0.0007 (  0.0%)   0.0007 (  0.0%)  Lazy Value Information Analysis
   0.0007 (  0.0%)   0.0000 (  0.0%)   0.0007 (  0.0%)   0.0007 (  0.0%)  Eliminate dead debug information intrinsic
   0.0007 (  0.0%)   0.0000 (  0.0%)   0.0007 (  0.0%)   0.0007 (  0.0%)  Lazy Value Information Analysis
   0.0007 (  0.0%)   0.0000 (  0.0%)   0.0007 (  0.0%)   0.0007 (  0.0%)  Function Alias Analysis Results
   0.0007 (  0.0%)   0.0000 (  0.0%)   0.0007 (  0.0%)   0.0007 (  0.0%)  Scalar Evolution Analysis
   0.0007 (  0.0%)   0.0000 (  0.0%)   0.0007 (  0.0%)   0.0007 (  0.0%)  Lazy Value Information Analysis
   0.0007 (  0.0%)   0.0000 (  0.0%)   0.0007 (  0.0%)   0.0007 (  0.0%)  Lazy Value Information Analysis
   0.0007 (  0.0%)   0.0000 (  0.0%)   0.0007 (  0.0%)   0.0007 (  0.0%)  Lazy Value Information Analysis
   0.0007 (  0.0%)   0.0000 (  0.0%)   0.0007 (  0.0%)   0.0007 (  0.0%)  Lazy Value Information Analysis
   0.0007 (  0.0%)   0.0000 (  0.0%)   0.0007 (  0.0%)   0.0007 (  0.0%)  Eliminate pointer selection for FIFO
   0.0007 (  0.0%)   0.0000 (  0.0%)   0.0007 (  0.0%)   0.0007 (  0.0%)  Function Alias Analysis Results
   0.0007 (  0.0%)   0.0000 (  0.0%)   0.0007 (  0.0%)   0.0007 (  0.0%)  Post-Dominator Tree Construction
   0.0003 (  0.0%)   0.0004 (  0.2%)   0.0007 (  0.0%)   0.0007 (  0.0%)  Dead Global Elimination
   0.0005 (  0.0%)   0.0002 (  0.1%)   0.0007 (  0.0%)   0.0007 (  0.0%)  Function Alias Analysis Results
   0.0007 (  0.0%)   0.0000 (  0.0%)   0.0007 (  0.0%)   0.0007 (  0.0%)  Lazy Value Information Analysis
   0.0007 (  0.0%)   0.0000 (  0.0%)   0.0007 (  0.0%)   0.0007 (  0.0%)  AnnotateNoAlias - Annotate NoAlias Attribute on Arguments
   0.0007 (  0.0%)   0.0000 (  0.0%)   0.0007 (  0.0%)   0.0007 (  0.0%)  Lazy Value Information Analysis
   0.0007 (  0.0%)   0.0000 (  0.0%)   0.0007 (  0.0%)   0.0007 (  0.0%)  Lazy Value Information Analysis
   0.0007 (  0.0%)   0.0000 (  0.0%)   0.0007 (  0.0%)   0.0007 (  0.0%)  CallGraph Construction
   0.0006 (  0.0%)   0.0000 (  0.0%)   0.0007 (  0.0%)   0.0007 (  0.0%)  Simplify the CFG
   0.0007 (  0.0%)   0.0000 (  0.0%)   0.0007 (  0.0%)   0.0007 (  0.0%)  Infer complete unroll based on pipeline pragma
   0.0007 (  0.0%)   0.0000 (  0.0%)   0.0007 (  0.0%)   0.0006 (  0.0%)  Scalar Evolution Analysis
   0.0007 (  0.0%)   0.0000 (  0.0%)   0.0007 (  0.0%)   0.0006 (  0.0%)  Simplify the CFG
   0.0006 (  0.0%)   0.0000 (  0.0%)   0.0006 (  0.0%)   0.0006 (  0.0%)  Lazy Value Information Analysis
   0.0006 (  0.0%)   0.0000 (  0.0%)   0.0006 (  0.0%)   0.0006 (  0.0%)  Function Alias Analysis Results
   0.0006 (  0.0%)   0.0000 (  0.0%)   0.0006 (  0.0%)   0.0006 (  0.0%)  Extract dataflow loop
   0.0006 (  0.0%)   0.0000 (  0.0%)   0.0006 (  0.0%)   0.0006 (  0.0%)  Dead Global Elimination
   0.0006 (  0.0%)   0.0001 (  0.0%)   0.0006 (  0.0%)   0.0006 (  0.0%)  Function Alias Analysis Results
   0.0006 (  0.0%)   0.0000 (  0.0%)   0.0006 (  0.0%)   0.0006 (  0.0%)  Remove unreachable basic blocks under switch
   0.0006 (  0.0%)   0.0000 (  0.0%)   0.0006 (  0.0%)   0.0006 (  0.0%)  Remove unreachable basic blocks under switch
   0.0006 (  0.0%)   0.0000 (  0.0%)   0.0006 (  0.0%)   0.0006 (  0.0%)  Simplify the CFG
   0.0005 (  0.0%)   0.0001 (  0.1%)   0.0006 (  0.0%)   0.0006 (  0.0%)  Function Alias Analysis Results
   0.0006 (  0.0%)   0.0000 (  0.0%)   0.0006 (  0.0%)   0.0006 (  0.0%)  Simplify the CFG
   0.0006 (  0.0%)   0.0000 (  0.0%)   0.0006 (  0.0%)   0.0006 (  0.0%)  Simplify the CFG
   0.0006 (  0.0%)   0.0000 (  0.0%)   0.0006 (  0.0%)   0.0006 (  0.0%)  AccessGroup - Group the memory access for the same object
   0.0005 (  0.0%)   0.0001 (  0.0%)   0.0006 (  0.0%)   0.0006 (  0.0%)  Function Alias Analysis Results
   0.0006 (  0.0%)   0.0000 (  0.0%)   0.0006 (  0.0%)   0.0006 (  0.0%)  Print module to file
   0.0006 (  0.0%)   0.0000 (  0.0%)   0.0006 (  0.0%)   0.0006 (  0.0%)  Dominator Tree Construction
   0.0006 (  0.0%)   0.0000 (  0.0%)   0.0006 (  0.0%)   0.0006 (  0.0%)  Function Alias Analysis Results
   0.0005 (  0.0%)   0.0001 (  0.1%)   0.0006 (  0.0%)   0.0006 (  0.0%)  Function Alias Analysis Results
   0.0005 (  0.0%)   0.0001 (  0.0%)   0.0006 (  0.0%)   0.0006 (  0.0%)  Function Alias Analysis Results
   0.0006 (  0.0%)   0.0000 (  0.0%)   0.0006 (  0.0%)   0.0006 (  0.0%)  Simplify the CFG
   0.0006 (  0.0%)   0.0000 (  0.0%)   0.0006 (  0.0%)   0.0006 (  0.0%)  Eliminate dead debug information intrinsic
   0.0006 (  0.0%)   0.0000 (  0.0%)   0.0006 (  0.0%)   0.0006 (  0.0%)  Simplify the CFG
   0.0005 (  0.0%)   0.0001 (  0.0%)   0.0006 (  0.0%)   0.0006 (  0.0%)  LegacyShiftRegisterRecognize - Recognize shift registers and memory
   0.0006 (  0.0%)   0.0000 (  0.0%)   0.0006 (  0.0%)   0.0006 (  0.0%)  Infer complete unroll based on pipeline pragma
   0.0006 (  0.0%)   0.0000 (  0.0%)   0.0006 (  0.0%)   0.0006 (  0.0%)  Array abnormal access check
   0.0005 (  0.0%)   0.0000 (  0.0%)   0.0006 (  0.0%)   0.0006 (  0.0%)  Function Alias Analysis Results
   0.0005 (  0.0%)   0.0001 (  0.1%)   0.0006 (  0.0%)   0.0006 (  0.0%)  Function Alias Analysis Results
   0.0006 (  0.0%)   0.0000 (  0.0%)   0.0006 (  0.0%)   0.0006 (  0.0%)  Simplify the CFG
   0.0006 (  0.0%)   0.0000 (  0.0%)   0.0006 (  0.0%)   0.0006 (  0.0%)  Infer complete unroll based on pipeline pragma
   0.0006 (  0.0%)   0.0000 (  0.0%)   0.0006 (  0.0%)   0.0006 (  0.0%)  CallGraph Construction
   0.0006 (  0.0%)   0.0000 (  0.0%)   0.0006 (  0.0%)   0.0006 (  0.0%)  Function Alias Analysis Results
   0.0006 (  0.0%)   0.0000 (  0.0%)   0.0006 (  0.0%)   0.0006 (  0.0%)  Function Alias Analysis Results
   0.0004 (  0.0%)   0.0002 (  0.1%)   0.0006 (  0.0%)   0.0006 (  0.0%)  Simplify the CFG
   0.0006 (  0.0%)   0.0000 (  0.0%)   0.0006 (  0.0%)   0.0006 (  0.0%)  SROA
   0.0006 (  0.0%)   0.0000 (  0.0%)   0.0006 (  0.0%)   0.0006 (  0.0%)  Function Alias Analysis Results
   0.0006 (  0.0%)   0.0000 (  0.0%)   0.0006 (  0.0%)   0.0006 (  0.0%)  Eliminate dead debug information intrinsic
   0.0005 (  0.0%)   0.0000 (  0.0%)   0.0006 (  0.0%)   0.0006 (  0.0%)  Function Alias Analysis Results
   0.0004 (  0.0%)   0.0001 (  0.1%)   0.0006 (  0.0%)   0.0006 (  0.0%)  Function Alias Analysis Results
   0.0006 (  0.0%)   0.0000 (  0.0%)   0.0006 (  0.0%)   0.0006 (  0.0%)  Function Alias Analysis Results
   0.0006 (  0.0%)   0.0000 (  0.0%)   0.0006 (  0.0%)   0.0006 (  0.0%)  Function Alias Analysis Results
   0.0006 (  0.0%)   0.0000 (  0.0%)   0.0006 (  0.0%)   0.0006 (  0.0%)  Eliminate dead debug information intrinsic
   0.0005 (  0.0%)   0.0000 (  0.0%)   0.0005 (  0.0%)   0.0006 (  0.0%)  demangle Name to normal Name
   0.0006 (  0.0%)   0.0000 (  0.0%)   0.0006 (  0.0%)   0.0006 (  0.0%)  Eliminate dead debug information intrinsic
   0.0004 (  0.0%)   0.0002 (  0.1%)   0.0006 (  0.0%)   0.0006 (  0.0%)  Function Alias Analysis Results
   0.0006 (  0.0%)   0.0000 (  0.0%)   0.0006 (  0.0%)   0.0006 (  0.0%)  Function Alias Analysis Results
   0.0006 (  0.0%)   0.0000 (  0.0%)   0.0006 (  0.0%)   0.0006 (  0.0%)  Eliminate dead debug information intrinsic
   0.0006 (  0.0%)   0.0000 (  0.0%)   0.0006 (  0.0%)   0.0006 (  0.0%)  Remove unreachable basic blocks under switch
   0.0004 (  0.0%)   0.0001 (  0.1%)   0.0006 (  0.0%)   0.0006 (  0.0%)  Basic Alias Analysis (stateless AA impl)
   0.0005 (  0.0%)   0.0001 (  0.0%)   0.0006 (  0.0%)   0.0006 (  0.0%)  Function Alias Analysis Results
   0.0006 (  0.0%)   0.0000 (  0.0%)   0.0006 (  0.0%)   0.0006 (  0.0%)  Simplify the CFG
   0.0006 (  0.0%)   0.0000 (  0.0%)   0.0006 (  0.0%)   0.0006 (  0.0%)  Post-Dominator Tree Construction
   0.0006 (  0.0%)   0.0000 (  0.0%)   0.0006 (  0.0%)   0.0006 (  0.0%)  AttrPropagation - Propagate Pointer Parameter Attribute
   0.0006 (  0.0%)   0.0000 (  0.0%)   0.0006 (  0.0%)   0.0006 (  0.0%)  Array abnormal access check
   0.0006 (  0.0%)   0.0000 (  0.0%)   0.0006 (  0.0%)   0.0005 (  0.0%)  Simplify the CFG
   0.0005 (  0.0%)   0.0000 (  0.0%)   0.0005 (  0.0%)   0.0005 (  0.0%)  Lazy Value Information Analysis
   0.0005 (  0.0%)   0.0000 (  0.0%)   0.0005 (  0.0%)   0.0005 (  0.0%)  Eliminate dead debug information intrinsic
   0.0005 (  0.0%)   0.0000 (  0.0%)   0.0005 (  0.0%)   0.0005 (  0.0%)  Dump HBM driver helper code
   0.0005 (  0.0%)   0.0000 (  0.0%)   0.0005 (  0.0%)   0.0005 (  0.0%)  Eliminate dead debug information intrinsic
   0.0005 (  0.0%)   0.0000 (  0.0%)   0.0005 (  0.0%)   0.0005 (  0.0%)  Array abnormal access check
   0.0005 (  0.0%)   0.0000 (  0.0%)   0.0005 (  0.0%)   0.0005 (  0.0%)  Eliminate dead debug information intrinsic
   0.0005 (  0.0%)   0.0000 (  0.0%)   0.0005 (  0.0%)   0.0005 (  0.0%)  Eliminate dead debug information intrinsic
   0.0005 (  0.0%)   0.0000 (  0.0%)   0.0005 (  0.0%)   0.0005 (  0.0%)  Eliminate dead debug information intrinsic
   0.0005 (  0.0%)   0.0000 (  0.0%)   0.0005 (  0.0%)   0.0005 (  0.0%)  Eliminate dead debug information intrinsic
   0.0005 (  0.0%)   0.0000 (  0.0%)   0.0005 (  0.0%)   0.0005 (  0.0%)  Dominator Tree Construction
   0.0005 (  0.0%)   0.0000 (  0.0%)   0.0005 (  0.0%)   0.0005 (  0.0%)  Scalar Evolution Analysis
   0.0005 (  0.0%)   0.0000 (  0.0%)   0.0005 (  0.0%)   0.0005 (  0.0%)  CallGraph Construction
   0.0005 (  0.0%)   0.0000 (  0.0%)   0.0005 (  0.0%)   0.0005 (  0.0%)  Eliminate dead debug information intrinsic
   0.0005 (  0.0%)   0.0000 (  0.0%)   0.0005 (  0.0%)   0.0005 (  0.0%)  Array abnormal access check
   0.0005 (  0.0%)   0.0000 (  0.0%)   0.0005 (  0.0%)   0.0005 (  0.0%)  Memory Dependence Analysis
   0.0005 (  0.0%)   0.0000 (  0.0%)   0.0005 (  0.0%)   0.0005 (  0.0%)  Dead Code Elimination
   0.0005 (  0.0%)   0.0000 (  0.0%)   0.0005 (  0.0%)   0.0005 (  0.0%)  Memory Dependence Analysis
   0.0005 (  0.0%)   0.0000 (  0.0%)   0.0005 (  0.0%)   0.0005 (  0.0%)  Dataflow Process Duplication
   0.0005 (  0.0%)   0.0000 (  0.0%)   0.0005 (  0.0%)   0.0005 (  0.0%)  AnnotateNoAlias - Annotate NoAlias Attribute on Arguments
   0.0005 (  0.0%)   0.0000 (  0.0%)   0.0005 (  0.0%)   0.0005 (  0.0%)  Dead Code Elimination
   0.0005 (  0.0%)   0.0000 (  0.0%)   0.0005 (  0.0%)   0.0005 (  0.0%)  Combine redundant instructions
   0.0005 (  0.0%)   0.0000 (  0.0%)   0.0005 (  0.0%)   0.0005 (  0.0%)  Array abnormal access check
   0.0005 (  0.0%)   0.0000 (  0.0%)   0.0005 (  0.0%)   0.0005 (  0.0%)  Dominator Tree Construction
   0.0005 (  0.0%)   0.0000 (  0.0%)   0.0005 (  0.0%)   0.0005 (  0.0%)  Memory Dependence Analysis
   0.0005 (  0.0%)   0.0000 (  0.0%)   0.0005 (  0.0%)   0.0005 (  0.0%)  Dominator Tree Construction
   0.0003 (  0.0%)   0.0001 (  0.1%)   0.0005 (  0.0%)   0.0005 (  0.0%)  Infer nuw/nsw flags for instructions
   0.0005 (  0.0%)   0.0000 (  0.0%)   0.0005 (  0.0%)   0.0005 (  0.0%)  Pragma preprocessing after clang
   0.0005 (  0.0%)   0.0000 (  0.0%)   0.0005 (  0.0%)   0.0005 (  0.0%)  CallGraph Construction
   0.0005 (  0.0%)   0.0000 (  0.0%)   0.0005 (  0.0%)   0.0005 (  0.0%)  Dominator Tree Construction
   0.0005 (  0.0%)   0.0000 (  0.0%)   0.0005 (  0.0%)   0.0005 (  0.0%)  Dominator Tree Construction
   0.0005 (  0.0%)   0.0000 (  0.0%)   0.0005 (  0.0%)   0.0005 (  0.0%)  Post-Dominator Tree Construction
   0.0005 (  0.0%)   0.0000 (  0.0%)   0.0005 (  0.0%)   0.0005 (  0.0%)  Dominator Tree Construction
   0.0005 (  0.0%)   0.0000 (  0.0%)   0.0005 (  0.0%)   0.0005 (  0.0%)  CallGraph Construction
   0.0004 (  0.0%)   0.0001 (  0.0%)   0.0005 (  0.0%)   0.0005 (  0.0%)  Loop Invariant Code Motion
   0.0005 (  0.0%)   0.0000 (  0.0%)   0.0005 (  0.0%)   0.0005 (  0.0%)  Dominator Tree Construction
   0.0005 (  0.0%)   0.0000 (  0.0%)   0.0005 (  0.0%)   0.0005 (  0.0%)  Function Alias Analysis Results
   0.0005 (  0.0%)   0.0000 (  0.0%)   0.0005 (  0.0%)   0.0005 (  0.0%)  Dominator Tree Construction
   0.0005 (  0.0%)   0.0000 (  0.0%)   0.0005 (  0.0%)   0.0005 (  0.0%)  Dominator Tree Construction
   0.0005 (  0.0%)   0.0000 (  0.0%)   0.0005 (  0.0%)   0.0005 (  0.0%)  Dead Global Elimination
   0.0005 (  0.0%)   0.0000 (  0.0%)   0.0005 (  0.0%)   0.0005 (  0.0%)   automatic parallel and pipeline insertion based performance constraint
   0.0005 (  0.0%)   0.0000 (  0.0%)   0.0005 (  0.0%)   0.0005 (  0.0%)  Dominator Tree Construction
   0.0004 (  0.0%)   0.0000 (  0.0%)   0.0005 (  0.0%)   0.0005 (  0.0%)  Dominator Tree Construction
   0.0005 (  0.0%)   0.0000 (  0.0%)   0.0005 (  0.0%)   0.0005 (  0.0%)  Memory Dependence Analysis
   0.0004 (  0.0%)   0.0000 (  0.0%)   0.0005 (  0.0%)   0.0005 (  0.0%)  Function Alias Analysis Results
   0.0004 (  0.0%)   0.0000 (  0.0%)   0.0005 (  0.0%)   0.0005 (  0.0%)  LowerPredicate - Lower predicates to control-flow
   0.0005 (  0.0%)   0.0000 (  0.0%)   0.0005 (  0.0%)   0.0005 (  0.0%)  Dominator Tree Construction
   0.0005 (  0.0%)   0.0000 (  0.0%)   0.0005 (  0.0%)   0.0005 (  0.0%)  Memory Dependence Analysis
   0.0004 (  0.0%)   0.0000 (  0.0%)   0.0004 (  0.0%)   0.0005 (  0.0%)  Memory Dependence Analysis
   0.0005 (  0.0%)   0.0000 (  0.0%)   0.0005 (  0.0%)   0.0005 (  0.0%)  Dominator Tree Construction
   0.0004 (  0.0%)   0.0000 (  0.0%)   0.0004 (  0.0%)   0.0004 (  0.0%)  CallGraph Construction
   0.0004 (  0.0%)   0.0000 (  0.0%)   0.0004 (  0.0%)   0.0004 (  0.0%)  Eliminate pointer selection
   0.0004 (  0.0%)   0.0000 (  0.0%)   0.0004 (  0.0%)   0.0004 (  0.0%)  Eliminate pointer selection
   0.0004 (  0.0%)   0.0000 (  0.0%)   0.0004 (  0.0%)   0.0004 (  0.0%)  Function Alias Analysis Results
   0.0003 (  0.0%)   0.0001 (  0.1%)   0.0004 (  0.0%)   0.0004 (  0.0%)  WidenBurst - Widen bursts
   0.0004 (  0.0%)   0.0000 (  0.0%)   0.0004 (  0.0%)   0.0004 (  0.0%)  Dominator Tree Construction
   0.0004 (  0.0%)   0.0000 (  0.0%)   0.0004 (  0.0%)   0.0004 (  0.0%)  Eliminate dead stores globally
   0.0003 (  0.0%)   0.0002 (  0.1%)   0.0004 (  0.0%)   0.0004 (  0.0%)  Dominator Tree Construction
   0.0004 (  0.0%)   0.0000 (  0.0%)   0.0005 (  0.0%)   0.0004 (  0.0%)  Memory Dependence Analysis
   0.0004 (  0.0%)   0.0000 (  0.0%)   0.0004 (  0.0%)   0.0004 (  0.0%)  Memory Dependence Analysis
   0.0004 (  0.0%)   0.0001 (  0.0%)   0.0004 (  0.0%)   0.0004 (  0.0%)  Function Alias Analysis Results
   0.0004 (  0.0%)   0.0000 (  0.0%)   0.0004 (  0.0%)   0.0004 (  0.0%)  Memory Dependence Analysis
   0.0004 (  0.0%)   0.0001 (  0.0%)   0.0004 (  0.0%)   0.0004 (  0.0%)  Function Alias Analysis Results
   0.0004 (  0.0%)   0.0001 (  0.0%)   0.0004 (  0.0%)   0.0004 (  0.0%)  Function Alias Analysis Results
   0.0004 (  0.0%)   0.0000 (  0.0%)   0.0004 (  0.0%)   0.0004 (  0.0%)  CallGraph Construction
   0.0004 (  0.0%)   0.0000 (  0.0%)   0.0004 (  0.0%)   0.0004 (  0.0%)  Dominator Tree Construction
   0.0004 (  0.0%)   0.0000 (  0.0%)   0.0004 (  0.0%)   0.0004 (  0.0%)  Dominator Tree Construction
   0.0004 (  0.0%)   0.0000 (  0.0%)   0.0004 (  0.0%)   0.0004 (  0.0%)  Dominator Tree Construction
   0.0004 (  0.0%)   0.0000 (  0.0%)   0.0004 (  0.0%)   0.0004 (  0.0%)  Dominator Tree Construction
   0.0004 (  0.0%)   0.0000 (  0.0%)   0.0004 (  0.0%)   0.0004 (  0.0%)  Function Alias Analysis Results
   0.0004 (  0.0%)   0.0000 (  0.0%)   0.0004 (  0.0%)   0.0004 (  0.0%)  Function Alias Analysis Results
   0.0004 (  0.0%)   0.0000 (  0.0%)   0.0004 (  0.0%)   0.0004 (  0.0%)  Function Alias Analysis Results
   0.0004 (  0.0%)   0.0000 (  0.0%)   0.0004 (  0.0%)   0.0004 (  0.0%)  Dead Global Elimination
   0.0003 (  0.0%)   0.0001 (  0.1%)   0.0004 (  0.0%)   0.0004 (  0.0%)  Induction Variable Simplification
   0.0004 (  0.0%)   0.0000 (  0.0%)   0.0004 (  0.0%)   0.0004 (  0.0%)  Function Alias Analysis Results
   0.0004 (  0.0%)   0.0000 (  0.0%)   0.0004 (  0.0%)   0.0004 (  0.0%)  Memory Dependence Analysis
   0.0004 (  0.0%)   0.0000 (  0.0%)   0.0004 (  0.0%)   0.0004 (  0.0%)  Dominator Tree Construction
   0.0004 (  0.0%)   0.0000 (  0.0%)   0.0004 (  0.0%)   0.0004 (  0.0%)  Dominator Tree Construction
   0.0004 (  0.0%)   0.0000 (  0.0%)   0.0004 (  0.0%)   0.0004 (  0.0%)  Dominator Tree Construction
   0.0004 (  0.0%)   0.0000 (  0.0%)   0.0004 (  0.0%)   0.0004 (  0.0%)  Dominator Tree Construction
   0.0004 (  0.0%)   0.0000 (  0.0%)   0.0004 (  0.0%)   0.0004 (  0.0%)  CallGraph Construction
   0.0004 (  0.0%)   0.0000 (  0.0%)   0.0004 (  0.0%)   0.0004 (  0.0%)  ROM inference pass
   0.0004 (  0.0%)   0.0000 (  0.0%)   0.0004 (  0.0%)   0.0004 (  0.0%)  Reflow pipeline loop automatically
   0.0004 (  0.0%)   0.0000 (  0.0%)   0.0004 (  0.0%)   0.0004 (  0.0%)  Dominator Tree Construction
   0.0003 (  0.0%)   0.0001 (  0.1%)   0.0004 (  0.0%)   0.0004 (  0.0%)  Function Alias Analysis Results
   0.0004 (  0.0%)   0.0000 (  0.0%)   0.0004 (  0.0%)   0.0004 (  0.0%)  Function Alias Analysis Results
   0.0004 (  0.0%)   0.0000 (  0.0%)   0.0004 (  0.0%)   0.0004 (  0.0%)  Function Alias Analysis Results
   0.0004 (  0.0%)   0.0000 (  0.0%)   0.0004 (  0.0%)   0.0004 (  0.0%)  Induction Variable Simplification
   0.0004 (  0.0%)   0.0000 (  0.0%)   0.0004 (  0.0%)   0.0004 (  0.0%)  Dominator Tree Construction
   0.0004 (  0.0%)   0.0000 (  0.0%)   0.0004 (  0.0%)   0.0004 (  0.0%)  Dominator Tree Construction
   0.0004 (  0.0%)   0.0000 (  0.0%)   0.0004 (  0.0%)   0.0004 (  0.0%)  Post-Dominator Tree Construction
   0.0004 (  0.0%)   0.0000 (  0.0%)   0.0004 (  0.0%)   0.0004 (  0.0%)  CallGraph Construction
   0.0004 (  0.0%)   0.0000 (  0.0%)   0.0004 (  0.0%)   0.0004 (  0.0%)  CallGraph Construction
   0.0004 (  0.0%)   0.0000 (  0.0%)   0.0004 (  0.0%)   0.0004 (  0.0%)  Dominator Tree Construction
   0.0004 (  0.0%)   0.0000 (  0.0%)   0.0004 (  0.0%)   0.0004 (  0.0%)  Dominator Tree Construction
   0.0004 (  0.0%)   0.0000 (  0.0%)   0.0004 (  0.0%)   0.0004 (  0.0%)  Induction Variable Simplification
   0.0003 (  0.0%)   0.0001 (  0.0%)   0.0004 (  0.0%)   0.0004 (  0.0%)  Loop Invariant Code Motion
   0.0004 (  0.0%)   0.0000 (  0.0%)   0.0004 (  0.0%)   0.0004 (  0.0%)  Dominator Tree Construction
   0.0004 (  0.0%)   0.0000 (  0.0%)   0.0004 (  0.0%)   0.0004 (  0.0%)  LowerPredicate - Lower predicates to control-flow
   0.0004 (  0.0%)   0.0000 (  0.0%)   0.0004 (  0.0%)   0.0004 (  0.0%)  Dominator Tree Construction
   0.0004 (  0.0%)   0.0000 (  0.0%)   0.0004 (  0.0%)   0.0004 (  0.0%)  Dominator Tree Construction
   0.0004 (  0.0%)   0.0000 (  0.0%)   0.0004 (  0.0%)   0.0004 (  0.0%)  Function Alias Analysis Results
   0.0003 (  0.0%)   0.0001 (  0.0%)   0.0004 (  0.0%)   0.0004 (  0.0%)  Function Alias Analysis Results
   0.0004 (  0.0%)   0.0000 (  0.0%)   0.0004 (  0.0%)   0.0004 (  0.0%)  Dominator Tree Construction
   0.0004 (  0.0%)   0.0000 (  0.0%)   0.0004 (  0.0%)   0.0004 (  0.0%)  Achieval II estimation - estimate acheival II lower bound according to constraint
   0.0004 (  0.0%)   0.0000 (  0.0%)   0.0004 (  0.0%)   0.0004 (  0.0%)  Function Alias Analysis Results
   0.0004 (  0.0%)   0.0000 (  0.0%)   0.0004 (  0.0%)   0.0004 (  0.0%)  Dominator Tree Construction
   0.0003 (  0.0%)   0.0001 (  0.0%)   0.0004 (  0.0%)   0.0004 (  0.0%)  Infer loop trip count
   0.0004 (  0.0%)   0.0000 (  0.0%)   0.0004 (  0.0%)   0.0004 (  0.0%)  Function Alias Analysis Results
   0.0004 (  0.0%)   0.0000 (  0.0%)   0.0004 (  0.0%)   0.0004 (  0.0%)  Function Alias Analysis Results
   0.0004 (  0.0%)   0.0000 (  0.0%)   0.0004 (  0.0%)   0.0004 (  0.0%)  ReflowCheckVarPragmaConflicts - check variable pragma conflicts in reflow
   0.0004 (  0.0%)   0.0000 (  0.0%)   0.0004 (  0.0%)   0.0004 (  0.0%)  CallGraph Construction
   0.0004 (  0.0%)   0.0000 (  0.0%)   0.0004 (  0.0%)   0.0004 (  0.0%)  CallGraph Construction
   0.0004 (  0.0%)   0.0000 (  0.0%)   0.0004 (  0.0%)   0.0004 (  0.0%)  Function Alias Analysis Results
   0.0004 (  0.0%)   0.0000 (  0.0%)   0.0004 (  0.0%)   0.0004 (  0.0%)  Resolve full load/store
   0.0003 (  0.0%)   0.0001 (  0.0%)   0.0004 (  0.0%)   0.0004 (  0.0%)  Function Alias Analysis Results
   0.0000 (  0.0%)   0.0004 (  0.2%)   0.0004 (  0.0%)   0.0004 (  0.0%)  CallGraph Construction
   0.0002 (  0.0%)   0.0002 (  0.1%)   0.0004 (  0.0%)   0.0004 (  0.0%)  Function Alias Analysis Results
   0.0004 (  0.0%)   0.0000 (  0.0%)   0.0004 (  0.0%)   0.0004 (  0.0%)  Dominator Tree Construction
   0.0004 (  0.0%)   0.0000 (  0.0%)   0.0004 (  0.0%)   0.0004 (  0.0%)  Function Alias Analysis Results
   0.0004 (  0.0%)   0.0000 (  0.0%)   0.0004 (  0.0%)   0.0004 (  0.0%)  Function Alias Analysis Results
   0.0004 (  0.0%)   0.0000 (  0.0%)   0.0004 (  0.0%)   0.0004 (  0.0%)  Dead Global Elimination
   0.0004 (  0.0%)   0.0000 (  0.0%)   0.0004 (  0.0%)   0.0004 (  0.0%)  Function Alias Analysis Results
   0.0004 (  0.0%)   0.0000 (  0.0%)   0.0004 (  0.0%)   0.0004 (  0.0%)  Function Alias Analysis Results
   0.0003 (  0.0%)   0.0001 (  0.1%)   0.0004 (  0.0%)   0.0004 (  0.0%)  Function Alias Analysis Results
   0.0004 (  0.0%)   0.0000 (  0.0%)   0.0004 (  0.0%)   0.0004 (  0.0%)  Dominator Tree Construction
   0.0004 (  0.0%)   0.0000 (  0.0%)   0.0004 (  0.0%)   0.0004 (  0.0%)  Function Alias Analysis Results
   0.0004 (  0.0%)   0.0000 (  0.0%)   0.0004 (  0.0%)   0.0004 (  0.0%)  Function Alias Analysis Results
   0.0003 (  0.0%)   0.0000 (  0.0%)   0.0004 (  0.0%)   0.0004 (  0.0%)  Simplify types in the LLVM IR, redundant type hierarchy
   0.0004 (  0.0%)   0.0000 (  0.0%)   0.0004 (  0.0%)   0.0004 (  0.0%)  Function Alias Analysis Results
   0.0004 (  0.0%)   0.0000 (  0.0%)   0.0004 (  0.0%)   0.0004 (  0.0%)  Function Alias Analysis Results
   0.0003 (  0.0%)   0.0001 (  0.1%)   0.0004 (  0.0%)   0.0004 (  0.0%)  Function Alias Analysis Results
   0.0003 (  0.0%)   0.0001 (  0.1%)   0.0004 (  0.0%)   0.0004 (  0.0%)  Dominator Tree Construction
   0.0003 (  0.0%)   0.0001 (  0.0%)   0.0004 (  0.0%)   0.0004 (  0.0%)  Function Alias Analysis Results
   0.0004 (  0.0%)   0.0000 (  0.0%)   0.0004 (  0.0%)   0.0004 (  0.0%)  Function Alias Analysis Results
   0.0004 (  0.0%)   0.0000 (  0.0%)   0.0004 (  0.0%)   0.0004 (  0.0%)  Function Alias Analysis Results
   0.0004 (  0.0%)   0.0000 (  0.0%)   0.0004 (  0.0%)   0.0004 (  0.0%)  Function Alias Analysis Results
   0.0004 (  0.0%)   0.0000 (  0.0%)   0.0004 (  0.0%)   0.0004 (  0.0%)  Function Alias Analysis Results
   0.0003 (  0.0%)   0.0000 (  0.0%)   0.0004 (  0.0%)   0.0004 (  0.0%)  Dominator Tree Construction
   0.0003 (  0.0%)   0.0001 (  0.0%)   0.0004 (  0.0%)   0.0004 (  0.0%)  Function Alias Analysis Results
   0.0004 (  0.0%)   0.0000 (  0.0%)   0.0004 (  0.0%)   0.0004 (  0.0%)  Function Alias Analysis Results
   0.0004 (  0.0%)   0.0000 (  0.0%)   0.0004 (  0.0%)   0.0004 (  0.0%)  Dominator Tree Construction
   0.0004 (  0.0%)   0.0000 (  0.0%)   0.0004 (  0.0%)   0.0004 (  0.0%)  Eliminate pointer selection
   0.0004 (  0.0%)   0.0000 (  0.0%)   0.0004 (  0.0%)   0.0004 (  0.0%)  CallGraph Construction
   0.0004 (  0.0%)   0.0000 (  0.0%)   0.0004 (  0.0%)   0.0004 (  0.0%)  Function Alias Analysis Results
   0.0004 (  0.0%)   0.0000 (  0.0%)   0.0004 (  0.0%)   0.0004 (  0.0%)  Dominator Tree Construction
   0.0003 (  0.0%)   0.0001 (  0.0%)   0.0004 (  0.0%)   0.0004 (  0.0%)  Function Alias Analysis Results
   0.0004 (  0.0%)   0.0000 (  0.0%)   0.0004 (  0.0%)   0.0004 (  0.0%)  Function Alias Analysis Results
   0.0004 (  0.0%)   0.0000 (  0.0%)   0.0004 (  0.0%)   0.0004 (  0.0%)  Dominator Tree Construction
   0.0003 (  0.0%)   0.0001 (  0.0%)   0.0004 (  0.0%)   0.0004 (  0.0%)  Function Alias Analysis Results
   0.0004 (  0.0%)   0.0000 (  0.0%)   0.0004 (  0.0%)   0.0004 (  0.0%)  CallGraph Construction
   0.0004 (  0.0%)   0.0000 (  0.0%)   0.0004 (  0.0%)   0.0004 (  0.0%)  Function Alias Analysis Results
   0.0004 (  0.0%)   0.0000 (  0.0%)   0.0004 (  0.0%)   0.0004 (  0.0%)  CallGraph Construction
   0.0004 (  0.0%)   0.0000 (  0.0%)   0.0004 (  0.0%)   0.0004 (  0.0%)  Function Alias Analysis Results
   0.0004 (  0.0%)   0.0000 (  0.0%)   0.0004 (  0.0%)   0.0004 (  0.0%)  Function Alias Analysis Results
   0.0003 (  0.0%)   0.0000 (  0.0%)   0.0004 (  0.0%)   0.0004 (  0.0%)  Dead Argument Elimination
   0.0003 (  0.0%)   0.0001 (  0.0%)   0.0004 (  0.0%)   0.0004 (  0.0%)  Function Alias Analysis Results
   0.0003 (  0.0%)   0.0000 (  0.0%)   0.0004 (  0.0%)   0.0004 (  0.0%)  Function Alias Analysis Results
   0.0003 (  0.0%)   0.0001 (  0.0%)   0.0004 (  0.0%)   0.0004 (  0.0%)  Function Alias Analysis Results
   0.0004 (  0.0%)   0.0000 (  0.0%)   0.0004 (  0.0%)   0.0004 (  0.0%)  Unify function exit nodes
   0.0003 (  0.0%)   0.0001 (  0.0%)   0.0004 (  0.0%)   0.0004 (  0.0%)  Function Alias Analysis Results
   0.0003 (  0.0%)   0.0001 (  0.1%)   0.0004 (  0.0%)   0.0004 (  0.0%)  Function Alias Analysis Results
   0.0004 (  0.0%)   0.0000 (  0.0%)   0.0004 (  0.0%)   0.0004 (  0.0%)  Function Alias Analysis Results
   0.0004 (  0.0%)   0.0000 (  0.0%)   0.0004 (  0.0%)   0.0004 (  0.0%)  Dominator Tree Construction
   0.0004 (  0.0%)   0.0000 (  0.0%)   0.0004 (  0.0%)   0.0004 (  0.0%)  CallGraph Construction
   0.0004 (  0.0%)   0.0000 (  0.0%)   0.0004 (  0.0%)   0.0004 (  0.0%)  Function Alias Analysis Results
   0.0003 (  0.0%)   0.0000 (  0.0%)   0.0004 (  0.0%)   0.0004 (  0.0%)  Function Alias Analysis Results
   0.0003 (  0.0%)   0.0001 (  0.0%)   0.0004 (  0.0%)   0.0004 (  0.0%)  Function Alias Analysis Results
   0.0004 (  0.0%)   0.0000 (  0.0%)   0.0004 (  0.0%)   0.0004 (  0.0%)  Function Alias Analysis Results
   0.0004 (  0.0%)   0.0000 (  0.0%)   0.0004 (  0.0%)   0.0004 (  0.0%)  CallGraph Construction
   0.0003 (  0.0%)   0.0000 (  0.0%)   0.0004 (  0.0%)   0.0004 (  0.0%)  Function Alias Analysis Results
   0.0003 (  0.0%)   0.0001 (  0.0%)   0.0004 (  0.0%)   0.0004 (  0.0%)  Function Alias Analysis Results
   0.0003 (  0.0%)   0.0001 (  0.0%)   0.0004 (  0.0%)   0.0004 (  0.0%)  Function Alias Analysis Results
   0.0004 (  0.0%)   0.0000 (  0.0%)   0.0004 (  0.0%)   0.0004 (  0.0%)  Function Alias Analysis Results
   0.0004 (  0.0%)   0.0000 (  0.0%)   0.0004 (  0.0%)   0.0004 (  0.0%)  CallGraph Construction
   0.0004 (  0.0%)   0.0000 (  0.0%)   0.0004 (  0.0%)   0.0004 (  0.0%)  Dominator Tree Construction
   0.0003 (  0.0%)   0.0000 (  0.0%)   0.0004 (  0.0%)   0.0004 (  0.0%)  Function Alias Analysis Results
   0.0004 (  0.0%)   0.0000 (  0.0%)   0.0004 (  0.0%)   0.0004 (  0.0%)  Function Alias Analysis Results
   0.0003 (  0.0%)   0.0001 (  0.0%)   0.0004 (  0.0%)   0.0004 (  0.0%)  CallGraph Construction
   0.0004 (  0.0%)   0.0000 (  0.0%)   0.0004 (  0.0%)   0.0004 (  0.0%)  Function Alias Analysis Results
   0.0004 (  0.0%)   0.0000 (  0.0%)   0.0004 (  0.0%)   0.0004 (  0.0%)  Function Alias Analysis Results
   0.0000 (  0.0%)   0.0003 (  0.2%)   0.0003 (  0.0%)   0.0004 (  0.0%)  Dominator Tree Construction
   0.0004 (  0.0%)   0.0000 (  0.0%)   0.0004 (  0.0%)   0.0004 (  0.0%)  Function Alias Analysis Results
   0.0004 (  0.0%)   0.0000 (  0.0%)   0.0004 (  0.0%)   0.0004 (  0.0%)  Function Alias Analysis Results
   0.0003 (  0.0%)   0.0000 (  0.0%)   0.0004 (  0.0%)   0.0004 (  0.0%)  Function Alias Analysis Results
   0.0004 (  0.0%)   0.0000 (  0.0%)   0.0004 (  0.0%)   0.0004 (  0.0%)  Function Alias Analysis Results
   0.0003 (  0.0%)   0.0001 (  0.0%)   0.0004 (  0.0%)   0.0004 (  0.0%)  Function Alias Analysis Results
   0.0004 (  0.0%)   0.0000 (  0.0%)   0.0004 (  0.0%)   0.0004 (  0.0%)  Dominator Tree Construction
   0.0004 (  0.0%)   0.0000 (  0.0%)   0.0004 (  0.0%)   0.0004 (  0.0%)  Function Alias Analysis Results
   0.0004 (  0.0%)   0.0000 (  0.0%)   0.0004 (  0.0%)   0.0004 (  0.0%)  CallGraph Construction
   0.0004 (  0.0%)   0.0000 (  0.0%)   0.0004 (  0.0%)   0.0004 (  0.0%)  Function Alias Analysis Results
   0.0004 (  0.0%)   0.0000 (  0.0%)   0.0004 (  0.0%)   0.0004 (  0.0%)  Function Alias Analysis Results
   0.0003 (  0.0%)   0.0000 (  0.0%)   0.0004 (  0.0%)   0.0004 (  0.0%)  Function Alias Analysis Results
   0.0004 (  0.0%)   0.0000 (  0.0%)   0.0004 (  0.0%)   0.0004 (  0.0%)  Function Alias Analysis Results
   0.0003 (  0.0%)   0.0000 (  0.0%)   0.0004 (  0.0%)   0.0004 (  0.0%)  Dominator Tree Construction
   0.0004 (  0.0%)   0.0000 (  0.0%)   0.0004 (  0.0%)   0.0004 (  0.0%)  Simplify types in the LLVM IR, redundant type hierarchy
   0.0003 (  0.0%)   0.0000 (  0.0%)   0.0004 (  0.0%)   0.0004 (  0.0%)  Function Alias Analysis Results
   0.0003 (  0.0%)   0.0000 (  0.0%)   0.0004 (  0.0%)   0.0004 (  0.0%)  Function Alias Analysis Results
   0.0004 (  0.0%)   0.0000 (  0.0%)   0.0004 (  0.0%)   0.0004 (  0.0%)  CallGraph Construction
   0.0004 (  0.0%)   0.0000 (  0.0%)   0.0004 (  0.0%)   0.0004 (  0.0%)  Function Alias Analysis Results
   0.0003 (  0.0%)   0.0001 (  0.0%)   0.0004 (  0.0%)   0.0004 (  0.0%)  Function Alias Analysis Results
   0.0003 (  0.0%)   0.0000 (  0.0%)   0.0004 (  0.0%)   0.0004 (  0.0%)  Dominator Tree Construction
   0.0004 (  0.0%)   0.0000 (  0.0%)   0.0004 (  0.0%)   0.0004 (  0.0%)  Function Alias Analysis Results
   0.0004 (  0.0%)   0.0000 (  0.0%)   0.0004 (  0.0%)   0.0004 (  0.0%)  Eliminate pointer selection
   0.0004 (  0.0%)   0.0000 (  0.0%)   0.0004 (  0.0%)   0.0003 (  0.0%)  CallGraph Construction
   0.0003 (  0.0%)   0.0000 (  0.0%)   0.0003 (  0.0%)   0.0003 (  0.0%)  Function Alias Analysis Results
   0.0003 (  0.0%)   0.0001 (  0.0%)   0.0003 (  0.0%)   0.0003 (  0.0%)  Function Alias Analysis Results
   0.0003 (  0.0%)   0.0000 (  0.0%)   0.0003 (  0.0%)   0.0003 (  0.0%)  Dominator Tree Construction
   0.0003 (  0.0%)   0.0000 (  0.0%)   0.0003 (  0.0%)   0.0003 (  0.0%)  Function Alias Analysis Results
   0.0003 (  0.0%)   0.0000 (  0.0%)   0.0003 (  0.0%)   0.0003 (  0.0%)  Function Alias Analysis Results
   0.0004 (  0.0%)   0.0000 (  0.0%)   0.0004 (  0.0%)   0.0003 (  0.0%)  Function Alias Analysis Results
   0.0003 (  0.0%)   0.0000 (  0.0%)   0.0003 (  0.0%)   0.0003 (  0.0%)  CallGraph Construction
   0.0003 (  0.0%)   0.0000 (  0.0%)   0.0003 (  0.0%)   0.0003 (  0.0%)  Function Alias Analysis Results
   0.0003 (  0.0%)   0.0000 (  0.0%)   0.0003 (  0.0%)   0.0003 (  0.0%)  Function Alias Analysis Results
   0.0003 (  0.0%)   0.0000 (  0.0%)   0.0003 (  0.0%)   0.0003 (  0.0%)  SimplifyPredicate - Simplify predicate
   0.0003 (  0.0%)   0.0000 (  0.0%)   0.0003 (  0.0%)   0.0003 (  0.0%)  Function Alias Analysis Results
   0.0003 (  0.0%)   0.0000 (  0.0%)   0.0003 (  0.0%)   0.0003 (  0.0%)  InterfaceEncodingChange - Change Interface Encoding format
   0.0003 (  0.0%)   0.0001 (  0.0%)   0.0003 (  0.0%)   0.0003 (  0.0%)  Dominator Tree Construction
   0.0003 (  0.0%)   0.0000 (  0.0%)   0.0003 (  0.0%)   0.0003 (  0.0%)  Function Alias Analysis Results
   0.0003 (  0.0%)   0.0001 (  0.0%)   0.0003 (  0.0%)   0.0003 (  0.0%)  CallGraph Construction
   0.0003 (  0.0%)   0.0001 (  0.0%)   0.0003 (  0.0%)   0.0003 (  0.0%)  Function Alias Analysis Results
   0.0003 (  0.0%)   0.0000 (  0.0%)   0.0003 (  0.0%)   0.0003 (  0.0%)  Function Alias Analysis Results
   0.0003 (  0.0%)   0.0000 (  0.0%)   0.0003 (  0.0%)   0.0003 (  0.0%)  Function Alias Analysis Results
   0.0003 (  0.0%)   0.0000 (  0.0%)   0.0003 (  0.0%)   0.0003 (  0.0%)  CallGraph Construction
   0.0003 (  0.0%)   0.0000 (  0.0%)   0.0003 (  0.0%)   0.0003 (  0.0%)  Normalize condition on switch-cases and muxes
   0.0003 (  0.0%)   0.0000 (  0.0%)   0.0003 (  0.0%)   0.0003 (  0.0%)  Induction Variable Simplification
   0.0003 (  0.0%)   0.0000 (  0.0%)   0.0003 (  0.0%)   0.0003 (  0.0%)  Eliminate pointer selection
   0.0003 (  0.0%)   0.0000 (  0.0%)   0.0003 (  0.0%)   0.0003 (  0.0%)  Function Alias Analysis Results
   0.0003 (  0.0%)   0.0000 (  0.0%)   0.0003 (  0.0%)   0.0003 (  0.0%)  Function Alias Analysis Results
   0.0003 (  0.0%)   0.0000 (  0.0%)   0.0003 (  0.0%)   0.0003 (  0.0%)  Function Alias Analysis Results
   0.0003 (  0.0%)   0.0000 (  0.0%)   0.0003 (  0.0%)   0.0003 (  0.0%)  Eliminate pointer selection
   0.0003 (  0.0%)   0.0000 (  0.0%)   0.0003 (  0.0%)   0.0003 (  0.0%)  Dominator Tree Construction
   0.0002 (  0.0%)   0.0001 (  0.1%)   0.0003 (  0.0%)   0.0003 (  0.0%)  Post-Dominator Tree Construction
   0.0000 (  0.0%)   0.0003 (  0.2%)   0.0003 (  0.0%)   0.0003 (  0.0%)  CallGraph Construction
   0.0003 (  0.0%)   0.0001 (  0.0%)   0.0003 (  0.0%)   0.0003 (  0.0%)  Function Alias Analysis Results
   0.0003 (  0.0%)   0.0000 (  0.0%)   0.0003 (  0.0%)   0.0003 (  0.0%)  Dominator Tree Construction
   0.0003 (  0.0%)   0.0000 (  0.0%)   0.0003 (  0.0%)   0.0003 (  0.0%)  Remove unreachable basic blocks under switch
   0.0002 (  0.0%)   0.0001 (  0.0%)   0.0003 (  0.0%)   0.0003 (  0.0%)  ProduceBurstMessages - Produce Burst Messages
   0.0003 (  0.0%)   0.0001 (  0.0%)   0.0003 (  0.0%)   0.0003 (  0.0%)  Scalar Evolution Analysis
   0.0003 (  0.0%)   0.0000 (  0.0%)   0.0003 (  0.0%)   0.0003 (  0.0%)  SimplifyPredicate - Simplify predicate
   0.0002 (  0.0%)   0.0001 (  0.1%)   0.0003 (  0.0%)   0.0003 (  0.0%)  Function Alias Analysis Results
   0.0003 (  0.0%)   0.0000 (  0.0%)   0.0003 (  0.0%)   0.0003 (  0.0%)  Function Alias Analysis Results
   0.0003 (  0.0%)   0.0000 (  0.0%)   0.0003 (  0.0%)   0.0003 (  0.0%)  Remove unreachable basic blocks under switch
   0.0003 (  0.0%)   0.0000 (  0.0%)   0.0003 (  0.0%)   0.0003 (  0.0%)  Post-Dominator Tree Construction
   0.0003 (  0.0%)   0.0000 (  0.0%)   0.0003 (  0.0%)   0.0003 (  0.0%)  Scalar Evolution Analysis
   0.0003 (  0.0%)   0.0001 (  0.0%)   0.0003 (  0.0%)   0.0003 (  0.0%)  Function Alias Analysis Results
   0.0003 (  0.0%)   0.0000 (  0.0%)   0.0003 (  0.0%)   0.0003 (  0.0%)  Post-Dominator Tree Construction
   0.0003 (  0.0%)   0.0000 (  0.0%)   0.0003 (  0.0%)   0.0003 (  0.0%)  Promote Memory to Register
   0.0000 (  0.0%)   0.0003 (  0.2%)   0.0003 (  0.0%)   0.0003 (  0.0%)  CallGraph Construction
   0.0002 (  0.0%)   0.0001 (  0.1%)   0.0003 (  0.0%)   0.0003 (  0.0%)  Dominator Tree Construction
   0.0003 (  0.0%)   0.0000 (  0.0%)   0.0003 (  0.0%)   0.0003 (  0.0%)  Function Alias Analysis Results
   0.0003 (  0.0%)   0.0000 (  0.0%)   0.0003 (  0.0%)   0.0003 (  0.0%)  Post-Dominator Tree Construction
   0.0003 (  0.0%)   0.0000 (  0.0%)   0.0003 (  0.0%)   0.0003 (  0.0%)  Function Alias Analysis Results
   0.0003 (  0.0%)   0.0000 (  0.0%)   0.0003 (  0.0%)   0.0003 (  0.0%)  Function Alias Analysis Results
   0.0003 (  0.0%)   0.0000 (  0.0%)   0.0003 (  0.0%)   0.0003 (  0.0%)  Function Alias Analysis Results
   0.0003 (  0.0%)   0.0000 (  0.0%)   0.0003 (  0.0%)   0.0003 (  0.0%)  Detect single entry single exit regions
   0.0003 (  0.0%)   0.0000 (  0.0%)   0.0003 (  0.0%)   0.0003 (  0.0%)  Dominator Tree Construction
   0.0003 (  0.0%)   0.0000 (  0.0%)   0.0003 (  0.0%)   0.0003 (  0.0%)  Dominator Tree Construction
   0.0002 (  0.0%)   0.0001 (  0.0%)   0.0003 (  0.0%)   0.0003 (  0.0%)  Dominator Tree Construction
   0.0003 (  0.0%)   0.0000 (  0.0%)   0.0003 (  0.0%)   0.0003 (  0.0%)  Function Alias Analysis Results
   0.0003 (  0.0%)   0.0000 (  0.0%)   0.0003 (  0.0%)   0.0003 (  0.0%)  Function Alias Analysis Results
   0.0003 (  0.0%)   0.0000 (  0.0%)   0.0003 (  0.0%)   0.0003 (  0.0%)  Promote Memory to Register
   0.0003 (  0.0%)   0.0000 (  0.0%)   0.0003 (  0.0%)   0.0003 (  0.0%)  CallGraph Construction
   0.0003 (  0.0%)   0.0000 (  0.0%)   0.0003 (  0.0%)   0.0003 (  0.0%)  Lower HLS related loops
   0.0003 (  0.0%)   0.0000 (  0.0%)   0.0003 (  0.0%)   0.0003 (  0.0%)  Function Alias Analysis Results
   0.0003 (  0.0%)   0.0000 (  0.0%)   0.0003 (  0.0%)   0.0003 (  0.0%)  Function Alias Analysis Results
   0.0002 (  0.0%)   0.0001 (  0.1%)   0.0003 (  0.0%)   0.0003 (  0.0%)  Remove unreachable basic blocks under switch
   0.0003 (  0.0%)   0.0000 (  0.0%)   0.0003 (  0.0%)   0.0003 (  0.0%)  Dominator Tree Construction
   0.0002 (  0.0%)   0.0001 (  0.1%)   0.0003 (  0.0%)   0.0003 (  0.0%)  Promote Memory to Register
   0.0002 (  0.0%)   0.0001 (  0.0%)   0.0003 (  0.0%)   0.0003 (  0.0%)  Promote Memory to Register
   0.0003 (  0.0%)   0.0000 (  0.0%)   0.0003 (  0.0%)   0.0003 (  0.0%)  Function Alias Analysis Results
   0.0003 (  0.0%)   0.0000 (  0.0%)   0.0003 (  0.0%)   0.0003 (  0.0%)  Scalarize vector operations
   0.0003 (  0.0%)   0.0000 (  0.0%)   0.0003 (  0.0%)   0.0003 (  0.0%)  Remove unreachable basic blocks under switch
   0.0003 (  0.0%)   0.0000 (  0.0%)   0.0003 (  0.0%)   0.0003 (  0.0%)  Function Alias Analysis Results
   0.0003 (  0.0%)   0.0000 (  0.0%)   0.0003 (  0.0%)   0.0003 (  0.0%)  Auto automatic array partition filter analysis
   0.0003 (  0.0%)   0.0000 (  0.0%)   0.0003 (  0.0%)   0.0003 (  0.0%)  Function Alias Analysis Results
   0.0003 (  0.0%)   0.0000 (  0.0%)   0.0003 (  0.0%)   0.0003 (  0.0%)  Remove unreachable basic blocks under switch
   0.0003 (  0.0%)   0.0000 (  0.0%)   0.0003 (  0.0%)   0.0003 (  0.0%)  Function Alias Analysis Results
   0.0003 (  0.0%)   0.0000 (  0.0%)   0.0003 (  0.0%)   0.0003 (  0.0%)  Post-Dominator Tree Construction
   0.0003 (  0.0%)   0.0000 (  0.0%)   0.0003 (  0.0%)   0.0003 (  0.0%)  Remove unreachable basic blocks under switch
   0.0003 (  0.0%)   0.0000 (  0.0%)   0.0003 (  0.0%)   0.0003 (  0.0%)  Function Alias Analysis Results
   0.0003 (  0.0%)   0.0000 (  0.0%)   0.0003 (  0.0%)   0.0003 (  0.0%)  Function Alias Analysis Results
   0.0003 (  0.0%)   0.0000 (  0.0%)   0.0003 (  0.0%)   0.0003 (  0.0%)  Remove unreachable basic blocks under switch
   0.0003 (  0.0%)   0.0000 (  0.0%)   0.0003 (  0.0%)   0.0003 (  0.0%)  Function Alias Analysis Results
   0.0003 (  0.0%)   0.0000 (  0.0%)   0.0003 (  0.0%)   0.0003 (  0.0%)  Remove unreachable basic blocks under switch
   0.0003 (  0.0%)   0.0000 (  0.0%)   0.0003 (  0.0%)   0.0003 (  0.0%)  Function Alias Analysis Results
   0.0003 (  0.0%)   0.0000 (  0.0%)   0.0003 (  0.0%)   0.0003 (  0.0%)  Remove unreachable basic blocks under switch
   0.0003 (  0.0%)   0.0000 (  0.0%)   0.0003 (  0.0%)   0.0003 (  0.0%)  Auto automatic array partition filter analysis
   0.0003 (  0.0%)   0.0000 (  0.0%)   0.0003 (  0.0%)   0.0003 (  0.0%)  Remove unreachable basic blocks under switch
   0.0003 (  0.0%)   0.0000 (  0.0%)   0.0003 (  0.0%)   0.0003 (  0.0%)  Promote Memory to Register
   0.0003 (  0.0%)   0.0000 (  0.0%)   0.0003 (  0.0%)   0.0003 (  0.0%)  Remove unreachable basic blocks under switch
   0.0003 (  0.0%)   0.0000 (  0.0%)   0.0003 (  0.0%)   0.0003 (  0.0%)  Dominator Tree Construction
   0.0003 (  0.0%)   0.0000 (  0.0%)   0.0003 (  0.0%)   0.0003 (  0.0%)  Dominator Tree Construction
   0.0003 (  0.0%)   0.0000 (  0.0%)   0.0003 (  0.0%)   0.0003 (  0.0%)  Post-Dominator Tree Construction
   0.0003 (  0.0%)   0.0000 (  0.0%)   0.0003 (  0.0%)   0.0003 (  0.0%)  Post-Dominator Tree Construction
   0.0002 (  0.0%)   0.0001 (  0.0%)   0.0003 (  0.0%)   0.0003 (  0.0%)  Function Alias Analysis Results
   0.0003 (  0.0%)   0.0000 (  0.0%)   0.0003 (  0.0%)   0.0003 (  0.0%)  Dominator Tree Construction
   0.0003 (  0.0%)   0.0000 (  0.0%)   0.0003 (  0.0%)   0.0003 (  0.0%)  Dominator Tree Construction
   0.0003 (  0.0%)   0.0000 (  0.0%)   0.0003 (  0.0%)   0.0003 (  0.0%)  Remove unreachable basic blocks under switch
   0.0003 (  0.0%)   0.0000 (  0.0%)   0.0003 (  0.0%)   0.0003 (  0.0%)  Dominator Tree Construction
   0.0003 (  0.0%)   0.0000 (  0.0%)   0.0003 (  0.0%)   0.0003 (  0.0%)  Natural Loop Information
   0.0003 (  0.0%)   0.0000 (  0.0%)   0.0003 (  0.0%)   0.0003 (  0.0%)  Post-Dominator Tree Construction
   0.0003 (  0.0%)   0.0000 (  0.0%)   0.0003 (  0.0%)   0.0003 (  0.0%)  Auto automatic array partition filter analysis
   0.0003 (  0.0%)   0.0000 (  0.0%)   0.0003 (  0.0%)   0.0003 (  0.0%)  Post-Dominator Tree Construction
   0.0003 (  0.0%)   0.0000 (  0.0%)   0.0003 (  0.0%)   0.0003 (  0.0%)  Auto automatic array partition filter analysis
   0.0003 (  0.0%)   0.0000 (  0.0%)   0.0003 (  0.0%)   0.0003 (  0.0%)  Post-Dominator Tree Construction
   0.0003 (  0.0%)   0.0000 (  0.0%)   0.0003 (  0.0%)   0.0003 (  0.0%)  Dead Global Elimination
   0.0002 (  0.0%)   0.0001 (  0.0%)   0.0003 (  0.0%)   0.0003 (  0.0%)  Natural Loop Information
   0.0003 (  0.0%)   0.0000 (  0.0%)   0.0003 (  0.0%)   0.0003 (  0.0%)  Post-Dominator Tree Construction
   0.0003 (  0.0%)   0.0000 (  0.0%)   0.0003 (  0.0%)   0.0003 (  0.0%)  Dead Instruction Elimination
   0.0003 (  0.0%)   0.0000 (  0.0%)   0.0003 (  0.0%)   0.0003 (  0.0%)  Dominator Tree Construction
   0.0003 (  0.0%)   0.0000 (  0.0%)   0.0003 (  0.0%)   0.0003 (  0.0%)  Post-Dominator Tree Construction
   0.0002 (  0.0%)   0.0000 (  0.0%)   0.0003 (  0.0%)   0.0003 (  0.0%)  Scalar Evolution Analysis
   0.0002 (  0.0%)   0.0001 (  0.0%)   0.0003 (  0.0%)   0.0003 (  0.0%)  Dominator Tree Construction
   0.0003 (  0.0%)   0.0000 (  0.0%)   0.0003 (  0.0%)   0.0003 (  0.0%)  Post-Dominator Tree Construction
   0.0003 (  0.0%)   0.0000 (  0.0%)   0.0003 (  0.0%)   0.0003 (  0.0%)  Auto automatic array partition filter analysis
   0.0003 (  0.0%)   0.0000 (  0.0%)   0.0003 (  0.0%)   0.0003 (  0.0%)  Post-Dominator Tree Construction
   0.0003 (  0.0%)   0.0000 (  0.0%)   0.0003 (  0.0%)   0.0003 (  0.0%)  Post-Dominator Tree Construction
   0.0003 (  0.0%)   0.0000 (  0.0%)   0.0003 (  0.0%)   0.0003 (  0.0%)  Post-Dominator Tree Construction
   0.0003 (  0.0%)   0.0000 (  0.0%)   0.0003 (  0.0%)   0.0003 (  0.0%)  Post-Dominator Tree Construction
   0.0003 (  0.0%)   0.0000 (  0.0%)   0.0003 (  0.0%)   0.0003 (  0.0%)  Post-Dominator Tree Construction
   0.0003 (  0.0%)   0.0000 (  0.0%)   0.0003 (  0.0%)   0.0003 (  0.0%)  Post-Dominator Tree Construction
   0.0003 (  0.0%)   0.0000 (  0.0%)   0.0003 (  0.0%)   0.0003 (  0.0%)  Dominator Tree Construction
   0.0003 (  0.0%)   0.0000 (  0.0%)   0.0003 (  0.0%)   0.0003 (  0.0%)  Post-Dominator Tree Construction
   0.0003 (  0.0%)   0.0000 (  0.0%)   0.0003 (  0.0%)   0.0003 (  0.0%)  Post-Dominator Tree Construction
   0.0003 (  0.0%)   0.0000 (  0.0%)   0.0003 (  0.0%)   0.0003 (  0.0%)  Post-Dominator Tree Construction
   0.0002 (  0.0%)   0.0001 (  0.0%)   0.0003 (  0.0%)   0.0003 (  0.0%)  Post-Dominator Tree Construction
   0.0003 (  0.0%)   0.0000 (  0.0%)   0.0003 (  0.0%)   0.0003 (  0.0%)  Post-Dominator Tree Construction
   0.0003 (  0.0%)   0.0000 (  0.0%)   0.0003 (  0.0%)   0.0003 (  0.0%)  Dominator Tree Construction
   0.0002 (  0.0%)   0.0000 (  0.0%)   0.0003 (  0.0%)   0.0003 (  0.0%)  Dominator Tree Construction
   0.0002 (  0.0%)   0.0000 (  0.0%)   0.0003 (  0.0%)   0.0003 (  0.0%)  Canonicalize natural loops
   0.0003 (  0.0%)   0.0000 (  0.0%)   0.0003 (  0.0%)   0.0003 (  0.0%)  Post-Dominator Tree Construction
   0.0003 (  0.0%)   0.0000 (  0.0%)   0.0003 (  0.0%)   0.0003 (  0.0%)  Dominator Tree Construction
   0.0003 (  0.0%)   0.0000 (  0.0%)   0.0003 (  0.0%)   0.0003 (  0.0%)  Dominator Tree Construction
   0.0002 (  0.0%)   0.0001 (  0.0%)   0.0003 (  0.0%)   0.0003 (  0.0%)  Canonicalize natural loops
   0.0003 (  0.0%)   0.0000 (  0.0%)   0.0003 (  0.0%)   0.0003 (  0.0%)  Dominator Tree Construction
   0.0003 (  0.0%)   0.0000 (  0.0%)   0.0003 (  0.0%)   0.0003 (  0.0%)  Auto automatic array partition filter analysis
   0.0003 (  0.0%)   0.0000 (  0.0%)   0.0003 (  0.0%)   0.0003 (  0.0%)  Dominator Tree Construction
   0.0003 (  0.0%)   0.0000 (  0.0%)   0.0003 (  0.0%)   0.0003 (  0.0%)  Dominator Tree Construction
   0.0003 (  0.0%)   0.0000 (  0.0%)   0.0003 (  0.0%)   0.0003 (  0.0%)  Dominance Frontier Construction
   0.0003 (  0.0%)   0.0000 (  0.0%)   0.0003 (  0.0%)   0.0003 (  0.0%)  Dominator Tree Construction
   0.0003 (  0.0%)   0.0000 (  0.0%)   0.0003 (  0.0%)   0.0003 (  0.0%)  Post-Dominator Tree Construction
   0.0003 (  0.0%)   0.0000 (  0.0%)   0.0003 (  0.0%)   0.0003 (  0.0%)  Induction Variable Simplification
   0.0003 (  0.0%)   0.0000 (  0.0%)   0.0003 (  0.0%)   0.0003 (  0.0%)  Dominator Tree Construction
   0.0003 (  0.0%)   0.0000 (  0.0%)   0.0003 (  0.0%)   0.0003 (  0.0%)  Post-Dominator Tree Construction
   0.0003 (  0.0%)   0.0000 (  0.0%)   0.0003 (  0.0%)   0.0003 (  0.0%)  Induction Variable Simplification
   0.0003 (  0.0%)   0.0000 (  0.0%)   0.0003 (  0.0%)   0.0003 (  0.0%)  Dominator Tree Construction
   0.0003 (  0.0%)   0.0000 (  0.0%)   0.0003 (  0.0%)   0.0003 (  0.0%)  Dominator Tree Construction
   0.0003 (  0.0%)   0.0000 (  0.0%)   0.0003 (  0.0%)   0.0003 (  0.0%)  Post-Dominator Tree Construction
   0.0003 (  0.0%)   0.0000 (  0.0%)   0.0003 (  0.0%)   0.0003 (  0.0%)  Post-Dominator Tree Construction
   0.0003 (  0.0%)   0.0000 (  0.0%)   0.0003 (  0.0%)   0.0003 (  0.0%)  Dominator Tree Construction
   0.0003 (  0.0%)   0.0000 (  0.0%)   0.0003 (  0.0%)   0.0003 (  0.0%)  Post-Dominator Tree Construction
   0.0002 (  0.0%)   0.0001 (  0.0%)   0.0003 (  0.0%)   0.0003 (  0.0%)  Remove redundant instructions
   0.0002 (  0.0%)   0.0000 (  0.0%)   0.0002 (  0.0%)   0.0003 (  0.0%)  Post-Dominator Tree Construction
   0.0003 (  0.0%)   0.0000 (  0.0%)   0.0003 (  0.0%)   0.0003 (  0.0%)  Dominator Tree Construction
   0.0003 (  0.0%)   0.0000 (  0.0%)   0.0003 (  0.0%)   0.0003 (  0.0%)  Post-Dominator Tree Construction
   0.0003 (  0.0%)   0.0000 (  0.0%)   0.0003 (  0.0%)   0.0003 (  0.0%)  Loop Load Elimination
   0.0003 (  0.0%)   0.0000 (  0.0%)   0.0003 (  0.0%)   0.0003 (  0.0%)  Post-Dominator Tree Construction
   0.0002 (  0.0%)   0.0000 (  0.0%)   0.0003 (  0.0%)   0.0003 (  0.0%)  Post-Dominator Tree Construction
   0.0003 (  0.0%)   0.0000 (  0.0%)   0.0003 (  0.0%)   0.0003 (  0.0%)  Post-Dominator Tree Construction
   0.0003 (  0.0%)   0.0000 (  0.0%)   0.0003 (  0.0%)   0.0003 (  0.0%)  Dominator Tree Construction
   0.0002 (  0.0%)   0.0000 (  0.0%)   0.0002 (  0.0%)   0.0003 (  0.0%)  Post-Dominator Tree Construction
   0.0002 (  0.0%)   0.0000 (  0.0%)   0.0002 (  0.0%)   0.0003 (  0.0%)  Merge accesses in the same region
   0.0003 (  0.0%)   0.0000 (  0.0%)   0.0003 (  0.0%)   0.0003 (  0.0%)  Post-Dominator Tree Construction
   0.0002 (  0.0%)   0.0000 (  0.0%)   0.0002 (  0.0%)   0.0003 (  0.0%)  Dominator Tree Construction
   0.0002 (  0.0%)   0.0000 (  0.0%)   0.0003 (  0.0%)   0.0003 (  0.0%)  Post-Dominator Tree Construction
   0.0002 (  0.0%)   0.0000 (  0.0%)   0.0002 (  0.0%)   0.0003 (  0.0%)  Post-Dominator Tree Construction
   0.0001 (  0.0%)   0.0002 (  0.1%)   0.0002 (  0.0%)   0.0002 (  0.0%)  Dominator Tree Construction
   0.0003 (  0.0%)   0.0000 (  0.0%)   0.0003 (  0.0%)   0.0002 (  0.0%)  Post-Dominator Tree Construction
   0.0002 (  0.0%)   0.0000 (  0.0%)   0.0002 (  0.0%)   0.0002 (  0.0%)  Achieval II estimation - estimate acheival II lower bound according to constraint
   0.0003 (  0.0%)   0.0000 (  0.0%)   0.0003 (  0.0%)   0.0002 (  0.0%)  Post-Dominator Tree Construction
   0.0002 (  0.0%)   0.0000 (  0.0%)   0.0002 (  0.0%)   0.0002 (  0.0%)  Dominator Tree Construction
   0.0002 (  0.0%)   0.0000 (  0.0%)   0.0002 (  0.0%)   0.0002 (  0.0%)  Post-Dominator Tree Construction
   0.0002 (  0.0%)   0.0000 (  0.0%)   0.0002 (  0.0%)   0.0002 (  0.0%)  Dominator Tree Construction
   0.0002 (  0.0%)   0.0000 (  0.0%)   0.0002 (  0.0%)   0.0002 (  0.0%)  Post-Dominator Tree Construction
   0.0002 (  0.0%)   0.0000 (  0.0%)   0.0002 (  0.0%)   0.0002 (  0.0%)  Dominator Tree Construction
   0.0002 (  0.0%)   0.0000 (  0.0%)   0.0002 (  0.0%)   0.0002 (  0.0%)  Post-Dominator Tree Construction
   0.0002 (  0.0%)   0.0000 (  0.0%)   0.0002 (  0.0%)   0.0002 (  0.0%)  Post-Dominator Tree Construction
   0.0002 (  0.0%)   0.0000 (  0.0%)   0.0002 (  0.0%)   0.0002 (  0.0%)  Post-Dominator Tree Construction
   0.0002 (  0.0%)   0.0001 (  0.0%)   0.0002 (  0.0%)   0.0002 (  0.0%)  Optimize multiple instructions
   0.0002 (  0.0%)   0.0000 (  0.0%)   0.0002 (  0.0%)   0.0002 (  0.0%)  Scalar Evolution Analysis
   0.0002 (  0.0%)   0.0000 (  0.0%)   0.0002 (  0.0%)   0.0002 (  0.0%)  Post-Dominator Tree Construction
   0.0001 (  0.0%)   0.0001 (  0.1%)   0.0002 (  0.0%)   0.0002 (  0.0%)  Dominator Tree Construction
   0.0002 (  0.0%)   0.0000 (  0.0%)   0.0002 (  0.0%)   0.0002 (  0.0%)  Scalar Evolution Analysis
   0.0002 (  0.0%)   0.0000 (  0.0%)   0.0002 (  0.0%)   0.0002 (  0.0%)  Dominator Tree Construction
   0.0002 (  0.0%)   0.0000 (  0.0%)   0.0002 (  0.0%)   0.0002 (  0.0%)  Post-Dominator Tree Construction
   0.0002 (  0.0%)   0.0000 (  0.0%)   0.0002 (  0.0%)   0.0002 (  0.0%)  Merge accesses in the same region
   0.0002 (  0.0%)   0.0001 (  0.0%)   0.0002 (  0.0%)   0.0002 (  0.0%)  Natural Loop Information
   0.0002 (  0.0%)   0.0001 (  0.0%)   0.0002 (  0.0%)   0.0002 (  0.0%)  Infer nuw/nsw flags for instructions
   0.0002 (  0.0%)   0.0000 (  0.0%)   0.0002 (  0.0%)   0.0002 (  0.0%)  Dominator Tree Construction
   0.0002 (  0.0%)   0.0000 (  0.0%)   0.0002 (  0.0%)   0.0002 (  0.0%)  Scalar Evolution Analysis
   0.0002 (  0.0%)   0.0000 (  0.0%)   0.0002 (  0.0%)   0.0002 (  0.0%)  Post-Dominator Tree Construction
   0.0002 (  0.0%)   0.0000 (  0.0%)   0.0002 (  0.0%)   0.0002 (  0.0%)  Post-Dominator Tree Construction
   0.0002 (  0.0%)   0.0000 (  0.0%)   0.0002 (  0.0%)   0.0002 (  0.0%)  Dominator Tree Construction
   0.0002 (  0.0%)   0.0000 (  0.0%)   0.0002 (  0.0%)   0.0002 (  0.0%)  Merge accesses in the same region
   0.0001 (  0.0%)   0.0001 (  0.1%)   0.0002 (  0.0%)   0.0002 (  0.0%)  clean some traps produced by clang
   0.0002 (  0.0%)   0.0000 (  0.0%)   0.0002 (  0.0%)   0.0002 (  0.0%)  Dominator Tree Construction
   0.0002 (  0.0%)   0.0000 (  0.0%)   0.0002 (  0.0%)   0.0002 (  0.0%)  Dominance Frontier Construction
   0.0002 (  0.0%)   0.0000 (  0.0%)   0.0002 (  0.0%)   0.0002 (  0.0%)  Dominator Tree Construction
   0.0002 (  0.0%)   0.0000 (  0.0%)   0.0002 (  0.0%)   0.0002 (  0.0%)  Infer nuw/nsw flags for instructions
   0.0002 (  0.0%)   0.0000 (  0.0%)   0.0002 (  0.0%)   0.0002 (  0.0%)  Dominator Tree Construction
   0.0002 (  0.0%)   0.0000 (  0.0%)   0.0002 (  0.0%)   0.0002 (  0.0%)  Dominator Tree Construction
   0.0001 (  0.0%)   0.0001 (  0.0%)   0.0002 (  0.0%)   0.0002 (  0.0%)  Dominator Tree Construction
   0.0002 (  0.0%)   0.0000 (  0.0%)   0.0002 (  0.0%)   0.0002 (  0.0%)  Natural Loop Information
   0.0002 (  0.0%)   0.0000 (  0.0%)   0.0002 (  0.0%)   0.0002 (  0.0%)  Post-Dominator Tree Construction
   0.0002 (  0.0%)   0.0000 (  0.0%)   0.0002 (  0.0%)   0.0002 (  0.0%)  Dominator Tree Construction
   0.0002 (  0.0%)   0.0000 (  0.0%)   0.0002 (  0.0%)   0.0002 (  0.0%)  Dominator Tree Construction
   0.0002 (  0.0%)   0.0000 (  0.0%)   0.0002 (  0.0%)   0.0002 (  0.0%)  Dominator Tree Construction
   0.0002 (  0.0%)   0.0000 (  0.0%)   0.0002 (  0.0%)   0.0002 (  0.0%)  Canonicalize natural loops
   0.0002 (  0.0%)   0.0000 (  0.0%)   0.0002 (  0.0%)   0.0002 (  0.0%)  Dominator Tree Construction
   0.0002 (  0.0%)   0.0000 (  0.0%)   0.0002 (  0.0%)   0.0002 (  0.0%)  Canonicalize natural loops
   0.0002 (  0.0%)   0.0000 (  0.0%)   0.0002 (  0.0%)   0.0002 (  0.0%)  Dominator Tree Construction
   0.0002 (  0.0%)   0.0000 (  0.0%)   0.0002 (  0.0%)   0.0002 (  0.0%)  Post-Dominator Tree Construction
   0.0001 (  0.0%)   0.0001 (  0.0%)   0.0002 (  0.0%)   0.0002 (  0.0%)  Dominator Tree Construction
   0.0002 (  0.0%)   0.0000 (  0.0%)   0.0002 (  0.0%)   0.0002 (  0.0%)  Dominator Tree Construction
   0.0002 (  0.0%)   0.0001 (  0.0%)   0.0002 (  0.0%)   0.0002 (  0.0%)  Post-Dominator Tree Construction
   0.0002 (  0.0%)   0.0000 (  0.0%)   0.0002 (  0.0%)   0.0002 (  0.0%)  Natural Loop Information
   0.0002 (  0.0%)   0.0000 (  0.0%)   0.0002 (  0.0%)   0.0002 (  0.0%)  Dominator Tree Construction
   0.0000 (  0.0%)   0.0002 (  0.1%)   0.0002 (  0.0%)   0.0002 (  0.0%)  Natural Loop Information
   0.0002 (  0.0%)   0.0001 (  0.0%)   0.0002 (  0.0%)   0.0002 (  0.0%)  Canonicalize natural loops
   0.0002 (  0.0%)   0.0000 (  0.0%)   0.0002 (  0.0%)   0.0002 (  0.0%)  Dominator Tree Construction
   0.0002 (  0.0%)   0.0000 (  0.0%)   0.0002 (  0.0%)   0.0002 (  0.0%)  Dominator Tree Construction
   0.0002 (  0.0%)   0.0000 (  0.0%)   0.0002 (  0.0%)   0.0002 (  0.0%)  Post-Dominator Tree Construction
   0.0002 (  0.0%)   0.0000 (  0.0%)   0.0002 (  0.0%)   0.0002 (  0.0%)  Canonicalize natural loops
   0.0002 (  0.0%)   0.0000 (  0.0%)   0.0002 (  0.0%)   0.0002 (  0.0%)  Post-Dominator Tree Construction
   0.0000 (  0.0%)   0.0002 (  0.1%)   0.0002 (  0.0%)   0.0002 (  0.0%)  InferXCLAttributes - Infer XCL attributes
   0.0002 (  0.0%)   0.0000 (  0.0%)   0.0002 (  0.0%)   0.0002 (  0.0%)  Dominator Tree Construction
   0.0002 (  0.0%)   0.0000 (  0.0%)   0.0002 (  0.0%)   0.0002 (  0.0%)  Dominator Tree Construction
   0.0002 (  0.0%)   0.0000 (  0.0%)   0.0002 (  0.0%)   0.0002 (  0.0%)  Dominator Tree Construction
   0.0002 (  0.0%)   0.0001 (  0.0%)   0.0002 (  0.0%)   0.0002 (  0.0%)  Natural Loop Information
   0.0002 (  0.0%)   0.0000 (  0.0%)   0.0002 (  0.0%)   0.0002 (  0.0%)  Promote Memory to Register
   0.0002 (  0.0%)   0.0000 (  0.0%)   0.0002 (  0.0%)   0.0002 (  0.0%)  Dominator Tree Construction
   0.0002 (  0.0%)   0.0000 (  0.0%)   0.0002 (  0.0%)   0.0002 (  0.0%)  Dominator Tree Construction
   0.0002 (  0.0%)   0.0000 (  0.0%)   0.0002 (  0.0%)   0.0002 (  0.0%)  Function Alias Analysis Results
   0.0002 (  0.0%)   0.0000 (  0.0%)   0.0002 (  0.0%)   0.0002 (  0.0%)  Post-Dominator Tree Construction
   0.0002 (  0.0%)   0.0000 (  0.0%)   0.0002 (  0.0%)   0.0002 (  0.0%)  Dead Argument Elimination
   0.0001 (  0.0%)   0.0001 (  0.0%)   0.0002 (  0.0%)   0.0002 (  0.0%)  Canonicalize natural loops
   0.0002 (  0.0%)   0.0000 (  0.0%)   0.0002 (  0.0%)   0.0002 (  0.0%)  Dominator Tree Construction
   0.0002 (  0.0%)   0.0000 (  0.0%)   0.0002 (  0.0%)   0.0002 (  0.0%)  Function Alias Analysis Results
   0.0002 (  0.0%)   0.0000 (  0.0%)   0.0002 (  0.0%)   0.0002 (  0.0%)  Dominator Tree Construction
   0.0002 (  0.0%)   0.0000 (  0.0%)   0.0002 (  0.0%)   0.0002 (  0.0%)  Dominator Tree Construction
   0.0002 (  0.0%)   0.0000 (  0.0%)   0.0002 (  0.0%)   0.0002 (  0.0%)  Dominator Tree Construction
   0.0002 (  0.0%)   0.0000 (  0.0%)   0.0002 (  0.0%)   0.0002 (  0.0%)  Canonicalize natural loops
   0.0002 (  0.0%)   0.0000 (  0.0%)   0.0002 (  0.0%)   0.0002 (  0.0%)  Dominator Tree Construction
   0.0002 (  0.0%)   0.0000 (  0.0%)   0.0002 (  0.0%)   0.0002 (  0.0%)  Dominator Tree Construction
   0.0002 (  0.0%)   0.0000 (  0.0%)   0.0002 (  0.0%)   0.0002 (  0.0%)  Dominator Tree Construction
   0.0002 (  0.0%)   0.0000 (  0.0%)   0.0002 (  0.0%)   0.0002 (  0.0%)  Dominator Tree Construction
   0.0002 (  0.0%)   0.0000 (  0.0%)   0.0002 (  0.0%)   0.0002 (  0.0%)  Canonicalize natural loops
   0.0002 (  0.0%)   0.0000 (  0.0%)   0.0002 (  0.0%)   0.0002 (  0.0%)  Dominator Tree Construction
   0.0002 (  0.0%)   0.0000 (  0.0%)   0.0002 (  0.0%)   0.0002 (  0.0%)  Dominator Tree Construction
   0.0002 (  0.0%)   0.0000 (  0.0%)   0.0002 (  0.0%)   0.0002 (  0.0%)  Detect single entry single exit regions
   0.0002 (  0.0%)   0.0000 (  0.0%)   0.0002 (  0.0%)   0.0002 (  0.0%)  Dominator Tree Construction
   0.0002 (  0.0%)   0.0000 (  0.0%)   0.0002 (  0.0%)   0.0002 (  0.0%)  Dominator Tree Construction
   0.0002 (  0.0%)   0.0000 (  0.0%)   0.0002 (  0.0%)   0.0002 (  0.0%)  Dominator Tree Construction
   0.0002 (  0.0%)   0.0000 (  0.0%)   0.0002 (  0.0%)   0.0002 (  0.0%)  Dominator Tree Construction
   0.0002 (  0.0%)   0.0000 (  0.0%)   0.0002 (  0.0%)   0.0002 (  0.0%)  Dominator Tree Construction
   0.0002 (  0.0%)   0.0000 (  0.0%)   0.0002 (  0.0%)   0.0002 (  0.0%)  Natural Loop Information
   0.0002 (  0.0%)   0.0000 (  0.0%)   0.0002 (  0.0%)   0.0002 (  0.0%)  Natural Loop Information
   0.0002 (  0.0%)   0.0000 (  0.0%)   0.0002 (  0.0%)   0.0002 (  0.0%)  Dominator Tree Construction
   0.0002 (  0.0%)   0.0000 (  0.0%)   0.0002 (  0.0%)   0.0002 (  0.0%)  Dominator Tree Construction
   0.0002 (  0.0%)   0.0000 (  0.0%)   0.0002 (  0.0%)   0.0002 (  0.0%)  Natural Loop Information
   0.0002 (  0.0%)   0.0000 (  0.0%)   0.0002 (  0.0%)   0.0002 (  0.0%)  Detect single entry single exit regions
   0.0002 (  0.0%)   0.0000 (  0.0%)   0.0002 (  0.0%)   0.0002 (  0.0%)  Dominator Tree Construction
   0.0002 (  0.0%)   0.0000 (  0.0%)   0.0002 (  0.0%)   0.0002 (  0.0%)  Natural Loop Information
   0.0002 (  0.0%)   0.0000 (  0.0%)   0.0002 (  0.0%)   0.0002 (  0.0%)  Natural Loop Information
   0.0001 (  0.0%)   0.0001 (  0.0%)   0.0002 (  0.0%)   0.0002 (  0.0%)  Dominator Tree Construction
   0.0002 (  0.0%)   0.0000 (  0.0%)   0.0002 (  0.0%)   0.0002 (  0.0%)  Dominator Tree Construction
   0.0001 (  0.0%)   0.0001 (  0.0%)   0.0002 (  0.0%)   0.0002 (  0.0%)  Dominator Tree Construction
   0.0002 (  0.0%)   0.0000 (  0.0%)   0.0002 (  0.0%)   0.0002 (  0.0%)  Dominator Tree Construction
   0.0002 (  0.0%)   0.0000 (  0.0%)   0.0002 (  0.0%)   0.0002 (  0.0%)  Dominator Tree Construction
   0.0002 (  0.0%)   0.0000 (  0.0%)   0.0002 (  0.0%)   0.0002 (  0.0%)  Scalar Evolution Analysis
   0.0002 (  0.0%)   0.0000 (  0.0%)   0.0002 (  0.0%)   0.0002 (  0.0%)  Natural Loop Information
   0.0002 (  0.0%)   0.0000 (  0.0%)   0.0002 (  0.0%)   0.0002 (  0.0%)  Dominator Tree Construction
   0.0002 (  0.0%)   0.0000 (  0.0%)   0.0002 (  0.0%)   0.0002 (  0.0%)  Assign names to anonymous instructions (structure based)
   0.0002 (  0.0%)   0.0000 (  0.0%)   0.0002 (  0.0%)   0.0002 (  0.0%)  Detect single entry single exit regions
   0.0002 (  0.0%)   0.0000 (  0.0%)   0.0002 (  0.0%)   0.0002 (  0.0%)  Function Alias Analysis Results
   0.0002 (  0.0%)   0.0000 (  0.0%)   0.0002 (  0.0%)   0.0002 (  0.0%)  Natural Loop Information
   0.0002 (  0.0%)   0.0000 (  0.0%)   0.0002 (  0.0%)   0.0002 (  0.0%)  Natural Loop Information
   0.0002 (  0.0%)   0.0000 (  0.0%)   0.0002 (  0.0%)   0.0002 (  0.0%)  Natural Loop Information
   0.0002 (  0.0%)   0.0000 (  0.0%)   0.0002 (  0.0%)   0.0002 (  0.0%)  Natural Loop Information
   0.0002 (  0.0%)   0.0000 (  0.0%)   0.0002 (  0.0%)   0.0002 (  0.0%)  Dominator Tree Construction
   0.0002 (  0.0%)   0.0000 (  0.0%)   0.0002 (  0.0%)   0.0002 (  0.0%)  Natural Loop Information
   0.0002 (  0.0%)   0.0000 (  0.0%)   0.0002 (  0.0%)   0.0002 (  0.0%)  Dominator Tree Construction
   0.0002 (  0.0%)   0.0000 (  0.0%)   0.0002 (  0.0%)   0.0002 (  0.0%)  Detect single entry single exit regions
   0.0001 (  0.0%)   0.0001 (  0.0%)   0.0002 (  0.0%)   0.0002 (  0.0%)  Dominator Tree Construction
   0.0002 (  0.0%)   0.0000 (  0.0%)   0.0002 (  0.0%)   0.0002 (  0.0%)  Function Alias Analysis Results
   0.0002 (  0.0%)   0.0000 (  0.0%)   0.0002 (  0.0%)   0.0002 (  0.0%)  Lower black box
   0.0001 (  0.0%)   0.0000 (  0.0%)   0.0002 (  0.0%)   0.0002 (  0.0%)  LoopFlattenMark - Mark nested loops flattenable recursively
   0.0002 (  0.0%)   0.0000 (  0.0%)   0.0002 (  0.0%)   0.0002 (  0.0%)  Dominator Tree Construction
   0.0002 (  0.0%)   0.0000 (  0.0%)   0.0002 (  0.0%)   0.0002 (  0.0%)  Natural Loop Information
   0.0002 (  0.0%)   0.0000 (  0.0%)   0.0002 (  0.0%)   0.0002 (  0.0%)  Canonicalize natural loops
   0.0002 (  0.0%)   0.0000 (  0.0%)   0.0002 (  0.0%)   0.0002 (  0.0%)  Natural Loop Information
   0.0002 (  0.0%)   0.0000 (  0.0%)   0.0002 (  0.0%)   0.0002 (  0.0%)  Function Alias Analysis Results
   0.0002 (  0.0%)   0.0000 (  0.0%)   0.0002 (  0.0%)   0.0002 (  0.0%)  Function Alias Analysis Results
   0.0001 (  0.0%)   0.0000 (  0.0%)   0.0002 (  0.0%)   0.0002 (  0.0%)  Unswitch loops
   0.0002 (  0.0%)   0.0000 (  0.0%)   0.0002 (  0.0%)   0.0002 (  0.0%)  Function Alias Analysis Results
   0.0002 (  0.0%)   0.0000 (  0.0%)   0.0002 (  0.0%)   0.0002 (  0.0%)  Dominator Tree Construction
   0.0002 (  0.0%)   0.0000 (  0.0%)   0.0002 (  0.0%)   0.0002 (  0.0%)  Detect single entry single exit regions
   0.0002 (  0.0%)   0.0000 (  0.0%)   0.0002 (  0.0%)   0.0002 (  0.0%)  Dominance Frontier Construction
   0.0002 (  0.0%)   0.0000 (  0.0%)   0.0002 (  0.0%)   0.0002 (  0.0%)  Canonicalize natural loops
   0.0002 (  0.0%)   0.0000 (  0.0%)   0.0002 (  0.0%)   0.0002 (  0.0%)  Dominator Tree Construction
   0.0002 (  0.0%)   0.0000 (  0.0%)   0.0002 (  0.0%)   0.0002 (  0.0%)  Natural Loop Information
   0.0002 (  0.0%)   0.0000 (  0.0%)   0.0002 (  0.0%)   0.0002 (  0.0%)  Dead Argument Elimination
   0.0002 (  0.0%)   0.0000 (  0.0%)   0.0002 (  0.0%)   0.0002 (  0.0%)  Natural Loop Information
   0.0002 (  0.0%)   0.0000 (  0.0%)   0.0002 (  0.0%)   0.0002 (  0.0%)  Natural Loop Information
   0.0002 (  0.0%)   0.0000 (  0.0%)   0.0002 (  0.0%)   0.0002 (  0.0%)  Function Alias Analysis Results
   0.0002 (  0.0%)   0.0000 (  0.0%)   0.0002 (  0.0%)   0.0002 (  0.0%)  Dominance Frontier Construction
   0.0000 (  0.0%)   0.0001 (  0.1%)   0.0002 (  0.0%)   0.0002 (  0.0%)  Dominator Tree Construction
   0.0002 (  0.0%)   0.0000 (  0.0%)   0.0002 (  0.0%)   0.0002 (  0.0%)  Canonicalize natural loops
   0.0002 (  0.0%)   0.0000 (  0.0%)   0.0002 (  0.0%)   0.0002 (  0.0%)  Dominator Tree Construction
   0.0002 (  0.0%)   0.0000 (  0.0%)   0.0002 (  0.0%)   0.0002 (  0.0%)  Dominator Tree Construction
   0.0002 (  0.0%)   0.0000 (  0.0%)   0.0002 (  0.0%)   0.0002 (  0.0%)  Dominator Tree Construction
   0.0002 (  0.0%)   0.0000 (  0.0%)   0.0002 (  0.0%)   0.0002 (  0.0%)  Dead Argument Elimination
   0.0002 (  0.0%)   0.0000 (  0.0%)   0.0002 (  0.0%)   0.0002 (  0.0%)  Dominator Tree Construction
   0.0002 (  0.0%)   0.0000 (  0.0%)   0.0002 (  0.0%)   0.0002 (  0.0%)  Dominator Tree Construction
   0.0002 (  0.0%)   0.0000 (  0.0%)   0.0002 (  0.0%)   0.0002 (  0.0%)  Natural Loop Information
   0.0002 (  0.0%)   0.0000 (  0.0%)   0.0002 (  0.0%)   0.0002 (  0.0%)  Dead Argument Elimination
   0.0002 (  0.0%)   0.0000 (  0.0%)   0.0002 (  0.0%)   0.0002 (  0.0%)  Canonicalize natural loops
   0.0002 (  0.0%)   0.0000 (  0.0%)   0.0002 (  0.0%)   0.0002 (  0.0%)  Dominator Tree Construction
   0.0002 (  0.0%)   0.0000 (  0.0%)   0.0002 (  0.0%)   0.0002 (  0.0%)  Resolve full load/store
   0.0002 (  0.0%)   0.0000 (  0.0%)   0.0002 (  0.0%)   0.0002 (  0.0%)  Dominator Tree Construction
   0.0002 (  0.0%)   0.0000 (  0.0%)   0.0002 (  0.0%)   0.0002 (  0.0%)  Optimize multiple instructions
   0.0002 (  0.0%)   0.0000 (  0.0%)   0.0002 (  0.0%)   0.0002 (  0.0%)  Dominator Tree Construction
   0.0002 (  0.0%)   0.0000 (  0.0%)   0.0002 (  0.0%)   0.0002 (  0.0%)  Function Alias Analysis Results
   0.0002 (  0.0%)   0.0000 (  0.0%)   0.0002 (  0.0%)   0.0002 (  0.0%)  Function Alias Analysis Results
   0.0002 (  0.0%)   0.0000 (  0.0%)   0.0002 (  0.0%)   0.0002 (  0.0%)  Natural Loop Information
   0.0002 (  0.0%)   0.0000 (  0.0%)   0.0002 (  0.0%)   0.0002 (  0.0%)  Function Alias Analysis Results
   0.0002 (  0.0%)   0.0000 (  0.0%)   0.0002 (  0.0%)   0.0002 (  0.0%)  Lazy Value Information Analysis
   0.0002 (  0.0%)   0.0000 (  0.0%)   0.0002 (  0.0%)   0.0002 (  0.0%)  Dominance Frontier Construction
   0.0002 (  0.0%)   0.0000 (  0.0%)   0.0002 (  0.0%)   0.0002 (  0.0%)  Natural Loop Information
   0.0001 (  0.0%)   0.0000 (  0.0%)   0.0002 (  0.0%)   0.0002 (  0.0%)  Natural Loop Information
   0.0001 (  0.0%)   0.0001 (  0.0%)   0.0002 (  0.0%)   0.0002 (  0.0%)  Scalar Evolution Analysis
   0.0002 (  0.0%)   0.0000 (  0.0%)   0.0002 (  0.0%)   0.0002 (  0.0%)  Undecay arrays
   0.0002 (  0.0%)   0.0000 (  0.0%)   0.0002 (  0.0%)   0.0002 (  0.0%)  Dominator Tree Construction
   0.0002 (  0.0%)   0.0000 (  0.0%)   0.0002 (  0.0%)   0.0002 (  0.0%)  Dominance Frontier Construction
   0.0002 (  0.0%)   0.0000 (  0.0%)   0.0002 (  0.0%)   0.0002 (  0.0%)  Dominator Tree Construction
   0.0002 (  0.0%)   0.0000 (  0.0%)   0.0002 (  0.0%)   0.0002 (  0.0%)  Natural Loop Information
   0.0002 (  0.0%)   0.0000 (  0.0%)   0.0002 (  0.0%)   0.0002 (  0.0%)  Dominator Tree Construction
   0.0001 (  0.0%)   0.0000 (  0.0%)   0.0002 (  0.0%)   0.0002 (  0.0%)  Canonicalize natural loops
   0.0002 (  0.0%)   0.0000 (  0.0%)   0.0002 (  0.0%)   0.0002 (  0.0%)  Canonicalize natural loops
   0.0002 (  0.0%)   0.0000 (  0.0%)   0.0002 (  0.0%)   0.0002 (  0.0%)  Function Alias Analysis Results
   0.0002 (  0.0%)   0.0000 (  0.0%)   0.0002 (  0.0%)   0.0002 (  0.0%)  Natural Loop Information
   0.0002 (  0.0%)   0.0000 (  0.0%)   0.0002 (  0.0%)   0.0002 (  0.0%)  Function Alias Analysis Results
   0.0002 (  0.0%)   0.0000 (  0.0%)   0.0002 (  0.0%)   0.0002 (  0.0%)  Lazy Value Information Analysis
   0.0002 (  0.0%)   0.0000 (  0.0%)   0.0002 (  0.0%)   0.0002 (  0.0%)  Change xcl attribute to call sideeffect
   0.0001 (  0.0%)   0.0000 (  0.0%)   0.0002 (  0.0%)   0.0002 (  0.0%)  Canonicalize natural loops
   0.0002 (  0.0%)   0.0000 (  0.0%)   0.0002 (  0.0%)   0.0002 (  0.0%)  Lazy Value Information Analysis
   0.0002 (  0.0%)   0.0000 (  0.0%)   0.0002 (  0.0%)   0.0002 (  0.0%)  Dominator Tree Construction
   0.0002 (  0.0%)   0.0000 (  0.0%)   0.0002 (  0.0%)   0.0002 (  0.0%)  Natural Loop Information
   0.0002 (  0.0%)   0.0000 (  0.0%)   0.0002 (  0.0%)   0.0002 (  0.0%)  Function Alias Analysis Results
   0.0002 (  0.0%)   0.0000 (  0.0%)   0.0002 (  0.0%)   0.0002 (  0.0%)  Canonicalize natural loops
   0.0001 (  0.0%)   0.0000 (  0.0%)   0.0001 (  0.0%)   0.0001 (  0.0%)  Lower printf for the fpga target
   0.0001 (  0.0%)   0.0000 (  0.0%)   0.0001 (  0.0%)   0.0001 (  0.0%)  Detect single entry single exit regions
   0.0001 (  0.0%)   0.0000 (  0.0%)   0.0001 (  0.0%)   0.0001 (  0.0%)  Dominator Tree Construction
   0.0001 (  0.0%)   0.0000 (  0.0%)   0.0001 (  0.0%)   0.0001 (  0.0%)  Canonicalize natural loops
   0.0001 (  0.0%)   0.0000 (  0.0%)   0.0001 (  0.0%)   0.0001 (  0.0%)  Natural Loop Information
   0.0001 (  0.0%)   0.0000 (  0.0%)   0.0001 (  0.0%)   0.0001 (  0.0%)  Dominator Tree Construction
   0.0001 (  0.0%)   0.0000 (  0.0%)   0.0001 (  0.0%)   0.0001 (  0.0%)  Dominator Tree Construction
   0.0002 (  0.0%)   0.0000 (  0.0%)   0.0002 (  0.0%)   0.0001 (  0.0%)  LegacyShiftRegisterRecognize - Recognize shift registers and memory
   0.0001 (  0.0%)   0.0000 (  0.0%)   0.0001 (  0.0%)   0.0001 (  0.0%)  Canonicalize natural loops
   0.0001 (  0.0%)   0.0000 (  0.0%)   0.0001 (  0.0%)   0.0001 (  0.0%)  Canonicalize natural loops
   0.0001 (  0.0%)   0.0000 (  0.0%)   0.0001 (  0.0%)   0.0001 (  0.0%)  Natural Loop Information
   0.0001 (  0.0%)   0.0000 (  0.0%)   0.0001 (  0.0%)   0.0001 (  0.0%)  Dominator Tree Construction
   0.0001 (  0.0%)   0.0000 (  0.0%)   0.0001 (  0.0%)   0.0001 (  0.0%)  Dominator Tree Construction
   0.0001 (  0.0%)   0.0000 (  0.0%)   0.0001 (  0.0%)   0.0001 (  0.0%)  Function Alias Analysis Results
   0.0001 (  0.0%)   0.0000 (  0.0%)   0.0001 (  0.0%)   0.0001 (  0.0%)  Canonicalize natural loops
   0.0001 (  0.0%)   0.0000 (  0.0%)   0.0001 (  0.0%)   0.0001 (  0.0%)  Canonicalize natural loops
   0.0001 (  0.0%)   0.0000 (  0.0%)   0.0001 (  0.0%)   0.0001 (  0.0%)  Function Alias Analysis Results
   0.0001 (  0.0%)   0.0000 (  0.0%)   0.0001 (  0.0%)   0.0001 (  0.0%)  Dominator Tree Construction
   0.0001 (  0.0%)   0.0000 (  0.0%)   0.0001 (  0.0%)   0.0001 (  0.0%)  Function Alias Analysis Results
   0.0001 (  0.0%)   0.0001 (  0.0%)   0.0001 (  0.0%)   0.0001 (  0.0%)  Canonicalize natural loops
   0.0001 (  0.0%)   0.0000 (  0.0%)   0.0001 (  0.0%)   0.0001 (  0.0%)  Canonicalize natural loops
   0.0001 (  0.0%)   0.0000 (  0.0%)   0.0001 (  0.0%)   0.0001 (  0.0%)  Dominance Frontier Construction
   0.0001 (  0.0%)   0.0000 (  0.0%)   0.0001 (  0.0%)   0.0001 (  0.0%)  Canonicalize natural loops
   0.0001 (  0.0%)   0.0000 (  0.0%)   0.0001 (  0.0%)   0.0001 (  0.0%)  Basic Alias Analysis (stateless AA impl)
   0.0001 (  0.0%)   0.0000 (  0.0%)   0.0001 (  0.0%)   0.0001 (  0.0%)  Natural Loop Information
   0.0001 (  0.0%)   0.0000 (  0.0%)   0.0001 (  0.0%)   0.0001 (  0.0%)  Natural Loop Information
   0.0001 (  0.0%)   0.0000 (  0.0%)   0.0001 (  0.0%)   0.0001 (  0.0%)  Loop-Closed SSA Form Pass
   0.0001 (  0.0%)   0.0000 (  0.0%)   0.0001 (  0.0%)   0.0001 (  0.0%)  Canonicalize natural loops
   0.0001 (  0.0%)   0.0000 (  0.0%)   0.0001 (  0.0%)   0.0001 (  0.0%)  Natural Loop Information
   0.0001 (  0.0%)   0.0000 (  0.0%)   0.0001 (  0.0%)   0.0001 (  0.0%)  Loop-Closed SSA Form Pass
   0.0001 (  0.0%)   0.0000 (  0.0%)   0.0001 (  0.0%)   0.0001 (  0.0%)  Canonicalize natural loops
   0.0001 (  0.0%)   0.0000 (  0.0%)   0.0001 (  0.0%)   0.0001 (  0.0%)  Canonicalize natural loops
   0.0001 (  0.0%)   0.0000 (  0.0%)   0.0001 (  0.0%)   0.0001 (  0.0%)  Basic Alias Analysis (stateless AA impl)
   0.0001 (  0.0%)   0.0000 (  0.0%)   0.0001 (  0.0%)   0.0001 (  0.0%)  Natural Loop Information
   0.0001 (  0.0%)   0.0000 (  0.0%)   0.0001 (  0.0%)   0.0001 (  0.0%)  Natural Loop Information
   0.0001 (  0.0%)   0.0000 (  0.0%)   0.0001 (  0.0%)   0.0001 (  0.0%)  Canonicalize natural loops
   0.0001 (  0.0%)   0.0000 (  0.0%)   0.0001 (  0.0%)   0.0001 (  0.0%)  Basic Alias Analysis (stateless AA impl)
   0.0001 (  0.0%)   0.0000 (  0.0%)   0.0001 (  0.0%)   0.0001 (  0.0%)  Basic Alias Analysis (stateless AA impl)
   0.0001 (  0.0%)   0.0000 (  0.0%)   0.0001 (  0.0%)   0.0001 (  0.0%)  Lazy Value Information Analysis
   0.0001 (  0.0%)   0.0000 (  0.0%)   0.0001 (  0.0%)   0.0001 (  0.0%)  Basic Alias Analysis (stateless AA impl)
   0.0001 (  0.0%)   0.0000 (  0.0%)   0.0001 (  0.0%)   0.0001 (  0.0%)  Basic Alias Analysis (stateless AA impl)
   0.0001 (  0.0%)   0.0000 (  0.0%)   0.0001 (  0.0%)   0.0001 (  0.0%)  Natural Loop Information
   0.0001 (  0.0%)   0.0001 (  0.0%)   0.0001 (  0.0%)   0.0001 (  0.0%)  Internalize Global Symbols
   0.0001 (  0.0%)   0.0000 (  0.0%)   0.0001 (  0.0%)   0.0001 (  0.0%)  Natural Loop Information
   0.0001 (  0.0%)   0.0000 (  0.0%)   0.0001 (  0.0%)   0.0001 (  0.0%)  Natural Loop Information
   0.0000 (  0.0%)   0.0001 (  0.1%)   0.0001 (  0.0%)   0.0001 (  0.0%)  Natural Loop Information
   0.0001 (  0.0%)   0.0000 (  0.0%)   0.0001 (  0.0%)   0.0001 (  0.0%)  Memory Dependence Analysis
   0.0001 (  0.0%)   0.0000 (  0.0%)   0.0001 (  0.0%)   0.0001 (  0.0%)  Natural Loop Information
   0.0001 (  0.0%)   0.0000 (  0.0%)   0.0001 (  0.0%)   0.0001 (  0.0%)  Natural Loop Information
   0.0001 (  0.0%)   0.0000 (  0.0%)   0.0001 (  0.0%)   0.0001 (  0.0%)  Natural Loop Information
   0.0001 (  0.0%)   0.0000 (  0.0%)   0.0001 (  0.0%)   0.0001 (  0.0%)  Natural Loop Information
   0.0001 (  0.0%)   0.0000 (  0.0%)   0.0001 (  0.0%)   0.0001 (  0.0%)  Natural Loop Information
   0.0001 (  0.0%)   0.0000 (  0.0%)   0.0001 (  0.0%)   0.0001 (  0.0%)  Natural Loop Information
   0.0001 (  0.0%)   0.0000 (  0.0%)   0.0001 (  0.0%)   0.0001 (  0.0%)  Natural Loop Information
   0.0001 (  0.0%)   0.0000 (  0.0%)   0.0001 (  0.0%)   0.0001 (  0.0%)  Natural Loop Information
   0.0001 (  0.0%)   0.0000 (  0.0%)   0.0001 (  0.0%)   0.0001 (  0.0%)  Scalar Evolution Analysis
   0.0001 (  0.0%)   0.0000 (  0.0%)   0.0001 (  0.0%)   0.0001 (  0.0%)  Natural Loop Information
   0.0001 (  0.0%)   0.0000 (  0.0%)   0.0001 (  0.0%)   0.0001 (  0.0%)  Natural Loop Information
   0.0001 (  0.0%)   0.0000 (  0.0%)   0.0001 (  0.0%)   0.0001 (  0.0%)  Loop-Closed SSA Form Pass
   0.0001 (  0.0%)   0.0000 (  0.0%)   0.0001 (  0.0%)   0.0001 (  0.0%)  Basic Alias Analysis (stateless AA impl)
   0.0001 (  0.0%)   0.0000 (  0.0%)   0.0001 (  0.0%)   0.0001 (  0.0%)  Natural Loop Information
   0.0001 (  0.0%)   0.0000 (  0.0%)   0.0001 (  0.0%)   0.0001 (  0.0%)  Basic Alias Analysis (stateless AA impl)
   0.0001 (  0.0%)   0.0000 (  0.0%)   0.0001 (  0.0%)   0.0001 (  0.0%)  Lazy Branch Probability Analysis
   0.0001 (  0.0%)   0.0000 (  0.0%)   0.0001 (  0.0%)   0.0001 (  0.0%)  Natural Loop Information
   0.0001 (  0.0%)   0.0000 (  0.0%)   0.0001 (  0.0%)   0.0001 (  0.0%)  Loop-Closed SSA Form Pass
   0.0001 (  0.0%)   0.0000 (  0.0%)   0.0001 (  0.0%)   0.0001 (  0.0%)  Natural Loop Information
   0.0001 (  0.0%)   0.0000 (  0.0%)   0.0001 (  0.0%)   0.0001 (  0.0%)  Dead Global Elimination
   0.0001 (  0.0%)   0.0000 (  0.0%)   0.0001 (  0.0%)   0.0001 (  0.0%)  Loop-Closed SSA Form Pass
   0.0001 (  0.0%)   0.0000 (  0.0%)   0.0001 (  0.0%)   0.0001 (  0.0%)  Natural Loop Information
   0.0001 (  0.0%)   0.0000 (  0.0%)   0.0001 (  0.0%)   0.0001 (  0.0%)  Natural Loop Information
   0.0001 (  0.0%)   0.0000 (  0.0%)   0.0001 (  0.0%)   0.0001 (  0.0%)  Natural Loop Information
   0.0001 (  0.0%)   0.0000 (  0.0%)   0.0001 (  0.0%)   0.0001 (  0.0%)  Natural Loop Information
   0.0001 (  0.0%)   0.0000 (  0.0%)   0.0001 (  0.0%)   0.0001 (  0.0%)  Basic Alias Analysis (stateless AA impl)
   0.0001 (  0.0%)   0.0000 (  0.0%)   0.0001 (  0.0%)   0.0001 (  0.0%)  Natural Loop Information
   0.0001 (  0.0%)   0.0000 (  0.0%)   0.0001 (  0.0%)   0.0001 (  0.0%)  Natural Loop Information
   0.0001 (  0.0%)   0.0000 (  0.0%)   0.0001 (  0.0%)   0.0001 (  0.0%)  Scalar Evolution Analysis
   0.0001 (  0.0%)   0.0000 (  0.0%)   0.0001 (  0.0%)   0.0001 (  0.0%)  Loop-Closed SSA Form Pass
   0.0001 (  0.0%)   0.0000 (  0.0%)   0.0001 (  0.0%)   0.0001 (  0.0%)  Basic Alias Analysis (stateless AA impl)
   0.0001 (  0.0%)   0.0000 (  0.0%)   0.0001 (  0.0%)   0.0001 (  0.0%)  Natural Loop Information
   0.0001 (  0.0%)   0.0000 (  0.0%)   0.0001 (  0.0%)   0.0001 (  0.0%)  Basic Alias Analysis (stateless AA impl)
   0.0001 (  0.0%)   0.0000 (  0.0%)   0.0001 (  0.0%)   0.0001 (  0.0%)  Natural Loop Information
   0.0001 (  0.0%)   0.0000 (  0.0%)   0.0001 (  0.0%)   0.0001 (  0.0%)  Natural Loop Information
   0.0001 (  0.0%)   0.0000 (  0.0%)   0.0001 (  0.0%)   0.0001 (  0.0%)  Natural Loop Information
   0.0001 (  0.0%)   0.0000 (  0.0%)   0.0001 (  0.0%)   0.0001 (  0.0%)  Natural Loop Information
   0.0001 (  0.0%)   0.0000 (  0.0%)   0.0001 (  0.0%)   0.0001 (  0.0%)  Basic Alias Analysis (stateless AA impl)
   0.0001 (  0.0%)   0.0000 (  0.0%)   0.0001 (  0.0%)   0.0001 (  0.0%)  Scalar Evolution Analysis
   0.0001 (  0.0%)   0.0000 (  0.0%)   0.0001 (  0.0%)   0.0001 (  0.0%)  Natural Loop Information
   0.0001 (  0.0%)   0.0000 (  0.0%)   0.0001 (  0.0%)   0.0001 (  0.0%)  Natural Loop Information
   0.0001 (  0.0%)   0.0000 (  0.0%)   0.0001 (  0.0%)   0.0001 (  0.0%)  Scalar Evolution Analysis
   0.0001 (  0.0%)   0.0000 (  0.0%)   0.0001 (  0.0%)   0.0001 (  0.0%)  Inline sub function calls recursively
   0.0001 (  0.0%)   0.0000 (  0.0%)   0.0001 (  0.0%)   0.0001 (  0.0%)  Natural Loop Information
   0.0001 (  0.0%)   0.0000 (  0.0%)   0.0001 (  0.0%)   0.0001 (  0.0%)  Natural Loop Information
   0.0001 (  0.0%)   0.0000 (  0.0%)   0.0001 (  0.0%)   0.0001 (  0.0%)  Basic Alias Analysis (stateless AA impl)
   0.0001 (  0.0%)   0.0000 (  0.0%)   0.0001 (  0.0%)   0.0001 (  0.0%)  Natural Loop Information
   0.0001 (  0.0%)   0.0000 (  0.0%)   0.0001 (  0.0%)   0.0001 (  0.0%)  Natural Loop Information
   0.0001 (  0.0%)   0.0000 (  0.0%)   0.0001 (  0.0%)   0.0001 (  0.0%)  Natural Loop Information
   0.0001 (  0.0%)   0.0000 (  0.0%)   0.0001 (  0.0%)   0.0001 (  0.0%)  Natural Loop Information
   0.0001 (  0.0%)   0.0000 (  0.0%)   0.0001 (  0.0%)   0.0001 (  0.0%)  Lazy Block Frequency Analysis
   0.0001 (  0.0%)   0.0000 (  0.0%)   0.0001 (  0.0%)   0.0001 (  0.0%)  Scalar Evolution Analysis
   0.0001 (  0.0%)   0.0000 (  0.0%)   0.0001 (  0.0%)   0.0001 (  0.0%)  Basic Alias Analysis (stateless AA impl)
   0.0001 (  0.0%)   0.0000 (  0.0%)   0.0001 (  0.0%)   0.0001 (  0.0%)  Scalar Evolution Analysis
   0.0001 (  0.0%)   0.0000 (  0.0%)   0.0001 (  0.0%)   0.0001 (  0.0%)  Natural Loop Information
   0.0001 (  0.0%)   0.0000 (  0.0%)   0.0001 (  0.0%)   0.0001 (  0.0%)  Natural Loop Information
   0.0001 (  0.0%)   0.0000 (  0.0%)   0.0001 (  0.0%)   0.0001 (  0.0%)  Optimization Remark Emitter
   0.0001 (  0.0%)   0.0000 (  0.0%)   0.0001 (  0.0%)   0.0001 (  0.0%)  Basic Alias Analysis (stateless AA impl)
   0.0001 (  0.0%)   0.0000 (  0.0%)   0.0001 (  0.0%)   0.0001 (  0.0%)  Lazy Branch Probability Analysis
   0.0001 (  0.0%)   0.0000 (  0.0%)   0.0001 (  0.0%)   0.0001 (  0.0%)  Natural Loop Information
   0.0001 (  0.0%)   0.0000 (  0.0%)   0.0001 (  0.0%)   0.0001 (  0.0%)  Natural Loop Information
   0.0001 (  0.0%)   0.0000 (  0.0%)   0.0001 (  0.0%)   0.0001 (  0.0%)  Natural Loop Information
   0.0001 (  0.0%)   0.0000 (  0.0%)   0.0001 (  0.0%)   0.0001 (  0.0%)  Basic Alias Analysis (stateless AA impl)
   0.0001 (  0.0%)   0.0000 (  0.0%)   0.0001 (  0.0%)   0.0001 (  0.0%)  Natural Loop Information
   0.0001 (  0.0%)   0.0000 (  0.0%)   0.0001 (  0.0%)   0.0001 (  0.0%)  Basic Alias Analysis (stateless AA impl)
   0.0001 (  0.0%)   0.0000 (  0.0%)   0.0001 (  0.0%)   0.0001 (  0.0%)  Natural Loop Information
   0.0001 (  0.0%)   0.0000 (  0.0%)   0.0001 (  0.0%)   0.0001 (  0.0%)  Natural Loop Information
   0.0001 (  0.0%)   0.0000 (  0.0%)   0.0001 (  0.0%)   0.0001 (  0.0%)  Optimization Remark Emitter
   0.0001 (  0.0%)   0.0000 (  0.0%)   0.0001 (  0.0%)   0.0001 (  0.0%)  Scalar Evolution Analysis
   0.0001 (  0.0%)   0.0000 (  0.0%)   0.0001 (  0.0%)   0.0001 (  0.0%)  Natural Loop Information
   0.0001 (  0.0%)   0.0000 (  0.0%)   0.0001 (  0.0%)   0.0001 (  0.0%)  Basic Alias Analysis (stateless AA impl)
   0.0001 (  0.0%)   0.0000 (  0.0%)   0.0001 (  0.0%)   0.0001 (  0.0%)  Basic Alias Analysis (stateless AA impl)
   0.0001 (  0.0%)   0.0000 (  0.0%)   0.0001 (  0.0%)   0.0001 (  0.0%)  Natural Loop Information
   0.0001 (  0.0%)   0.0000 (  0.0%)   0.0001 (  0.0%)   0.0001 (  0.0%)  Natural Loop Information
   0.0001 (  0.0%)   0.0000 (  0.0%)   0.0001 (  0.0%)   0.0001 (  0.0%)  Basic Alias Analysis (stateless AA impl)
   0.0001 (  0.0%)   0.0000 (  0.0%)   0.0001 (  0.0%)   0.0001 (  0.0%)  Scalar Evolution Analysis
   0.0001 (  0.0%)   0.0000 (  0.0%)   0.0001 (  0.0%)   0.0001 (  0.0%)  Natural Loop Information
   0.0001 (  0.0%)   0.0000 (  0.0%)   0.0001 (  0.0%)   0.0001 (  0.0%)  Natural Loop Information
   0.0000 (  0.0%)   0.0001 (  0.1%)   0.0001 (  0.0%)   0.0001 (  0.0%)  InferXCLAttrImplications - Infer XCL attribute implications
   0.0001 (  0.0%)   0.0000 (  0.0%)   0.0001 (  0.0%)   0.0001 (  0.0%)  Basic Alias Analysis (stateless AA impl)
   0.0001 (  0.0%)   0.0000 (  0.0%)   0.0001 (  0.0%)   0.0001 (  0.0%)  Loop-Closed SSA Form Pass
   0.0001 (  0.0%)   0.0000 (  0.0%)   0.0001 (  0.0%)   0.0001 (  0.0%)  Natural Loop Information
   0.0001 (  0.0%)   0.0000 (  0.0%)   0.0001 (  0.0%)   0.0001 (  0.0%)  Basic Alias Analysis (stateless AA impl)
   0.0001 (  0.0%)   0.0000 (  0.0%)   0.0001 (  0.0%)   0.0001 (  0.0%)  Scalar Evolution Analysis
   0.0001 (  0.0%)   0.0000 (  0.0%)   0.0001 (  0.0%)   0.0001 (  0.0%)  Natural Loop Information
   0.0001 (  0.0%)   0.0000 (  0.0%)   0.0001 (  0.0%)   0.0001 (  0.0%)  Basic Alias Analysis (stateless AA impl)
   0.0001 (  0.0%)   0.0000 (  0.0%)   0.0001 (  0.0%)   0.0001 (  0.0%)  Natural Loop Information
   0.0001 (  0.0%)   0.0000 (  0.0%)   0.0001 (  0.0%)   0.0001 (  0.0%)  Natural Loop Information
   0.0001 (  0.0%)   0.0000 (  0.0%)   0.0001 (  0.0%)   0.0001 (  0.0%)  Natural Loop Information
   0.0001 (  0.0%)   0.0000 (  0.0%)   0.0001 (  0.0%)   0.0001 (  0.0%)  Basic Alias Analysis (stateless AA impl)
   0.0000 (  0.0%)   0.0000 (  0.0%)   0.0001 (  0.0%)   0.0001 (  0.0%)  Lazy Block Frequency Analysis
   0.0001 (  0.0%)   0.0000 (  0.0%)   0.0001 (  0.0%)   0.0001 (  0.0%)  Basic Alias Analysis (stateless AA impl)
   0.0001 (  0.0%)   0.0000 (  0.0%)   0.0001 (  0.0%)   0.0001 (  0.0%)  Natural Loop Information
   0.0001 (  0.0%)   0.0000 (  0.0%)   0.0001 (  0.0%)   0.0001 (  0.0%)  Basic Alias Analysis (stateless AA impl)
   0.0001 (  0.0%)   0.0000 (  0.0%)   0.0001 (  0.0%)   0.0001 (  0.0%)  Scalar Evolution Analysis
   0.0001 (  0.0%)   0.0000 (  0.0%)   0.0001 (  0.0%)   0.0001 (  0.0%)  Loop-Closed SSA Form Pass
   0.0001 (  0.0%)   0.0000 (  0.0%)   0.0001 (  0.0%)   0.0001 (  0.0%)  Natural Loop Information
   0.0001 (  0.0%)   0.0000 (  0.0%)   0.0001 (  0.0%)   0.0001 (  0.0%)  Basic Alias Analysis (stateless AA impl)
   0.0001 (  0.0%)   0.0000 (  0.0%)   0.0001 (  0.0%)   0.0001 (  0.0%)  Natural Loop Information
   0.0001 (  0.0%)   0.0000 (  0.0%)   0.0001 (  0.0%)   0.0001 (  0.0%)  Basic Alias Analysis (stateless AA impl)
   0.0001 (  0.0%)   0.0000 (  0.0%)   0.0001 (  0.0%)   0.0001 (  0.0%)  Natural Loop Information
   0.0001 (  0.0%)   0.0000 (  0.0%)   0.0001 (  0.0%)   0.0001 (  0.0%)  Natural Loop Information
   0.0001 (  0.0%)   0.0000 (  0.0%)   0.0001 (  0.0%)   0.0001 (  0.0%)  Scalar Evolution Analysis
   0.0001 (  0.0%)   0.0000 (  0.0%)   0.0001 (  0.0%)   0.0001 (  0.0%)  Natural Loop Information
   0.0001 (  0.0%)   0.0000 (  0.0%)   0.0001 (  0.0%)   0.0001 (  0.0%)  Basic Alias Analysis (stateless AA impl)
   0.0001 (  0.0%)   0.0000 (  0.0%)   0.0001 (  0.0%)   0.0001 (  0.0%)  Natural Loop Information
   0.0001 (  0.0%)   0.0000 (  0.0%)   0.0001 (  0.0%)   0.0001 (  0.0%)  Natural Loop Information
   0.0001 (  0.0%)   0.0000 (  0.0%)   0.0001 (  0.0%)   0.0001 (  0.0%)  Natural Loop Information
   0.0001 (  0.0%)   0.0000 (  0.0%)   0.0001 (  0.0%)   0.0001 (  0.0%)  Natural Loop Information
   0.0001 (  0.0%)   0.0000 (  0.0%)   0.0001 (  0.0%)   0.0001 (  0.0%)  Basic Alias Analysis (stateless AA impl)
   0.0001 (  0.0%)   0.0000 (  0.0%)   0.0001 (  0.0%)   0.0001 (  0.0%)  Scalar Evolution Analysis
   0.0001 (  0.0%)   0.0000 (  0.0%)   0.0001 (  0.0%)   0.0001 (  0.0%)  Natural Loop Information
   0.0001 (  0.0%)   0.0000 (  0.0%)   0.0001 (  0.0%)   0.0001 (  0.0%)  Scalar Evolution Analysis
   0.0001 (  0.0%)   0.0000 (  0.0%)   0.0001 (  0.0%)   0.0001 (  0.0%)  Basic Alias Analysis (stateless AA impl)
   0.0001 (  0.0%)   0.0000 (  0.0%)   0.0001 (  0.0%)   0.0001 (  0.0%)  Natural Loop Information
   0.0001 (  0.0%)   0.0000 (  0.0%)   0.0001 (  0.0%)   0.0001 (  0.0%)  Natural Loop Information
   0.0001 (  0.0%)   0.0000 (  0.0%)   0.0001 (  0.0%)   0.0001 (  0.0%)  Basic Alias Analysis (stateless AA impl)
   0.0001 (  0.0%)   0.0000 (  0.0%)   0.0001 (  0.0%)   0.0001 (  0.0%)  Basic Alias Analysis (stateless AA impl)
   0.0001 (  0.0%)   0.0000 (  0.0%)   0.0001 (  0.0%)   0.0001 (  0.0%)  Lazy Value Information Analysis
   0.0001 (  0.0%)   0.0000 (  0.0%)   0.0001 (  0.0%)   0.0001 (  0.0%)  Lazy Value Information Analysis
   0.0001 (  0.0%)   0.0000 (  0.0%)   0.0001 (  0.0%)   0.0001 (  0.0%)  Scalar Evolution Analysis
   0.0001 (  0.0%)   0.0000 (  0.0%)   0.0001 (  0.0%)   0.0001 (  0.0%)  Basic Alias Analysis (stateless AA impl)
   0.0001 (  0.0%)   0.0000 (  0.0%)   0.0001 (  0.0%)   0.0001 (  0.0%)  Lazy Value Information Analysis
   0.0001 (  0.0%)   0.0000 (  0.0%)   0.0001 (  0.0%)   0.0001 (  0.0%)  Lazy Value Information Analysis
   0.0001 (  0.0%)   0.0000 (  0.0%)   0.0001 (  0.0%)   0.0001 (  0.0%)  Natural Loop Information
   0.0001 (  0.0%)   0.0000 (  0.0%)   0.0001 (  0.0%)   0.0001 (  0.0%)  Natural Loop Information
   0.0001 (  0.0%)   0.0000 (  0.0%)   0.0001 (  0.0%)   0.0001 (  0.0%)  Scalar Evolution Analysis
   0.0001 (  0.0%)   0.0000 (  0.0%)   0.0001 (  0.0%)   0.0001 (  0.0%)  Natural Loop Information
   0.0001 (  0.0%)   0.0000 (  0.0%)   0.0001 (  0.0%)   0.0001 (  0.0%)  Scalar Evolution Analysis
   0.0001 (  0.0%)   0.0000 (  0.0%)   0.0001 (  0.0%)   0.0001 (  0.0%)  Basic Alias Analysis (stateless AA impl)
   0.0000 (  0.0%)   0.0001 (  0.0%)   0.0001 (  0.0%)   0.0001 (  0.0%)  Basic Alias Analysis (stateless AA impl)
   0.0001 (  0.0%)   0.0000 (  0.0%)   0.0001 (  0.0%)   0.0001 (  0.0%)  Scalar Evolution Analysis
   0.0001 (  0.0%)   0.0000 (  0.0%)   0.0001 (  0.0%)   0.0001 (  0.0%)  Basic Alias Analysis (stateless AA impl)
   0.0001 (  0.0%)   0.0000 (  0.0%)   0.0001 (  0.0%)   0.0001 (  0.0%)  Basic Alias Analysis (stateless AA impl)
   0.0001 (  0.0%)   0.0000 (  0.0%)   0.0001 (  0.0%)   0.0001 (  0.0%)  Basic Alias Analysis (stateless AA impl)
   0.0001 (  0.0%)   0.0000 (  0.0%)   0.0001 (  0.0%)   0.0001 (  0.0%)  Natural Loop Information
   0.0001 (  0.0%)   0.0000 (  0.0%)   0.0001 (  0.0%)   0.0001 (  0.0%)  Scalar Evolution Analysis
   0.0001 (  0.0%)   0.0000 (  0.0%)   0.0001 (  0.0%)   0.0001 (  0.0%)  Lower BINDOP scope bundle
   0.0001 (  0.0%)   0.0000 (  0.0%)   0.0001 (  0.0%)   0.0001 (  0.0%)  Basic Alias Analysis (stateless AA impl)
   0.0001 (  0.0%)   0.0000 (  0.0%)   0.0001 (  0.0%)   0.0001 (  0.0%)  Natural Loop Information
   0.0001 (  0.0%)   0.0000 (  0.0%)   0.0001 (  0.0%)   0.0001 (  0.0%)  Scalar Evolution Analysis
   0.0001 (  0.0%)   0.0000 (  0.0%)   0.0001 (  0.0%)   0.0001 (  0.0%)  Canonicalize natural loops
   0.0001 (  0.0%)   0.0000 (  0.0%)   0.0001 (  0.0%)   0.0001 (  0.0%)  Simplify loop CFG
   0.0001 (  0.0%)   0.0000 (  0.0%)   0.0001 (  0.0%)   0.0001 (  0.0%)  Natural Loop Information
   0.0001 (  0.0%)   0.0000 (  0.0%)   0.0001 (  0.0%)   0.0001 (  0.0%)  Scalar Evolution Analysis
   0.0001 (  0.0%)   0.0000 (  0.0%)   0.0001 (  0.0%)   0.0001 (  0.0%)  Natural Loop Information
   0.0001 (  0.0%)   0.0000 (  0.0%)   0.0001 (  0.0%)   0.0001 (  0.0%)  Natural Loop Information
   0.0001 (  0.0%)   0.0000 (  0.0%)   0.0001 (  0.0%)   0.0001 (  0.0%)  Scalar Evolution Analysis
   0.0001 (  0.0%)   0.0000 (  0.0%)   0.0001 (  0.0%)   0.0001 (  0.0%)  Scalar Evolution Analysis
   0.0001 (  0.0%)   0.0000 (  0.0%)   0.0001 (  0.0%)   0.0001 (  0.0%)  Scalar Evolution Analysis
   0.0001 (  0.0%)   0.0000 (  0.0%)   0.0001 (  0.0%)   0.0001 (  0.0%)  Dead Code Elimination
   0.0001 (  0.0%)   0.0000 (  0.0%)   0.0001 (  0.0%)   0.0001 (  0.0%)  Natural Loop Information
   0.0001 (  0.0%)   0.0000 (  0.0%)   0.0001 (  0.0%)   0.0001 (  0.0%)  Basic Alias Analysis (stateless AA impl)
   0.0001 (  0.0%)   0.0000 (  0.0%)   0.0001 (  0.0%)   0.0001 (  0.0%)  Scalar Evolution Analysis
   0.0001 (  0.0%)   0.0000 (  0.0%)   0.0001 (  0.0%)   0.0001 (  0.0%)  Scalar Evolution Analysis
   0.0001 (  0.0%)   0.0000 (  0.0%)   0.0001 (  0.0%)   0.0001 (  0.0%)  Scalar Evolution Analysis
   0.0001 (  0.0%)   0.0000 (  0.0%)   0.0001 (  0.0%)   0.0001 (  0.0%)  Basic Alias Analysis (stateless AA impl)
   0.0001 (  0.0%)   0.0000 (  0.0%)   0.0001 (  0.0%)   0.0001 (  0.0%)  Natural Loop Information
   0.0001 (  0.0%)   0.0000 (  0.0%)   0.0001 (  0.0%)   0.0001 (  0.0%)  Natural Loop Information
   0.0001 (  0.0%)   0.0000 (  0.0%)   0.0001 (  0.0%)   0.0001 (  0.0%)  Scalar Evolution Analysis
   0.0001 (  0.0%)   0.0000 (  0.0%)   0.0001 (  0.0%)   0.0001 (  0.0%)  Scalar Evolution Analysis
   0.0001 (  0.0%)   0.0000 (  0.0%)   0.0001 (  0.0%)   0.0001 (  0.0%)  Natural Loop Information
   0.0001 (  0.0%)   0.0000 (  0.0%)   0.0001 (  0.0%)   0.0001 (  0.0%)  Natural Loop Information
   0.0001 (  0.0%)   0.0000 (  0.0%)   0.0001 (  0.0%)   0.0001 (  0.0%)  Scalar Evolution Analysis
   0.0001 (  0.0%)   0.0000 (  0.0%)   0.0001 (  0.0%)   0.0001 (  0.0%)  Basic Alias Analysis (stateless AA impl)
   0.0001 (  0.0%)   0.0000 (  0.0%)   0.0001 (  0.0%)   0.0001 (  0.0%)  Scalar Evolution Analysis
   0.0001 (  0.0%)   0.0000 (  0.0%)   0.0001 (  0.0%)   0.0001 (  0.0%)  Scalar Evolution Analysis
   0.0001 (  0.0%)   0.0000 (  0.0%)   0.0001 (  0.0%)   0.0001 (  0.0%)  Promote Memory to Register
   0.0001 (  0.0%)   0.0000 (  0.0%)   0.0001 (  0.0%)   0.0001 (  0.0%)  Scalar Evolution Analysis
   0.0001 (  0.0%)   0.0000 (  0.0%)   0.0001 (  0.0%)   0.0001 (  0.0%)  Scalar Evolution Analysis
   0.0001 (  0.0%)   0.0000 (  0.0%)   0.0001 (  0.0%)   0.0001 (  0.0%)  Basic Alias Analysis (stateless AA impl)
   0.0001 (  0.0%)   0.0000 (  0.0%)   0.0001 (  0.0%)   0.0001 (  0.0%)  Natural Loop Information
   0.0001 (  0.0%)   0.0000 (  0.0%)   0.0001 (  0.0%)   0.0001 (  0.0%)  Scalar Evolution Analysis
   0.0001 (  0.0%)   0.0000 (  0.0%)   0.0001 (  0.0%)   0.0001 (  0.0%)  Basic Alias Analysis (stateless AA impl)
   0.0001 (  0.0%)   0.0000 (  0.0%)   0.0001 (  0.0%)   0.0001 (  0.0%)  Basic Alias Analysis (stateless AA impl)
   0.0001 (  0.0%)   0.0000 (  0.0%)   0.0001 (  0.0%)   0.0001 (  0.0%)  Basic Alias Analysis (stateless AA impl)
   0.0001 (  0.0%)   0.0000 (  0.0%)   0.0001 (  0.0%)   0.0001 (  0.0%)  Scalar Evolution Analysis
   0.0001 (  0.0%)   0.0000 (  0.0%)   0.0001 (  0.0%)   0.0001 (  0.0%)  Basic Alias Analysis (stateless AA impl)
   0.0001 (  0.0%)   0.0000 (  0.0%)   0.0001 (  0.0%)   0.0001 (  0.0%)  Scalar Evolution Analysis
   0.0001 (  0.0%)   0.0000 (  0.0%)   0.0001 (  0.0%)   0.0001 (  0.0%)  Natural Loop Information
   0.0001 (  0.0%)   0.0000 (  0.0%)   0.0001 (  0.0%)   0.0001 (  0.0%)  Natural Loop Information
   0.0001 (  0.0%)   0.0000 (  0.0%)   0.0001 (  0.0%)   0.0001 (  0.0%)  Scalar Evolution Analysis
   0.0001 (  0.0%)   0.0000 (  0.0%)   0.0001 (  0.0%)   0.0001 (  0.0%)  Basic Alias Analysis (stateless AA impl)
   0.0001 (  0.0%)   0.0000 (  0.0%)   0.0001 (  0.0%)   0.0001 (  0.0%)  Natural Loop Information
   0.0001 (  0.0%)   0.0000 (  0.0%)   0.0001 (  0.0%)   0.0001 (  0.0%)  LegalizeName - Check interface name in terms of HDL syntax
   0.0001 (  0.0%)   0.0000 (  0.0%)   0.0001 (  0.0%)   0.0001 (  0.0%)  Scalar Evolution Analysis
   0.0001 (  0.0%)   0.0000 (  0.0%)   0.0001 (  0.0%)   0.0001 (  0.0%)  Scalar Evolution Analysis
   0.0001 (  0.0%)   0.0000 (  0.0%)   0.0001 (  0.0%)   0.0001 (  0.0%)  Scalar Evolution Analysis
   0.0001 (  0.0%)   0.0000 (  0.0%)   0.0001 (  0.0%)   0.0001 (  0.0%)  Loop Invariant Code Motion
   0.0001 (  0.0%)   0.0000 (  0.0%)   0.0001 (  0.0%)   0.0001 (  0.0%)  Natural Loop Information
   0.0001 (  0.0%)   0.0000 (  0.0%)   0.0001 (  0.0%)   0.0001 (  0.0%)  Scalar Evolution Analysis
   0.0001 (  0.0%)   0.0000 (  0.0%)   0.0001 (  0.0%)   0.0001 (  0.0%)  Lazy Value Information Analysis
   0.0001 (  0.0%)   0.0000 (  0.0%)   0.0001 (  0.0%)   0.0001 (  0.0%)  Natural Loop Information
   0.0001 (  0.0%)   0.0000 (  0.0%)   0.0001 (  0.0%)   0.0001 (  0.0%)  Loop-Closed SSA Form Pass
   0.0001 (  0.0%)   0.0000 (  0.0%)   0.0001 (  0.0%)   0.0001 (  0.0%)  Scalar Evolution Analysis
   0.0001 (  0.0%)   0.0000 (  0.0%)   0.0001 (  0.0%)   0.0001 (  0.0%)  Loop Invariant Code Motion
   0.0001 (  0.0%)   0.0000 (  0.0%)   0.0001 (  0.0%)   0.0001 (  0.0%)  Scalar Evolution Analysis
   0.0001 (  0.0%)   0.0000 (  0.0%)   0.0001 (  0.0%)   0.0001 (  0.0%)  Scalar Evolution Analysis
   0.0001 (  0.0%)   0.0000 (  0.0%)   0.0001 (  0.0%)   0.0001 (  0.0%)  Scalar Evolution Analysis
   0.0001 (  0.0%)   0.0000 (  0.0%)   0.0001 (  0.0%)   0.0001 (  0.0%)  Scalar Evolution Analysis
   0.0001 (  0.0%)   0.0000 (  0.0%)   0.0001 (  0.0%)   0.0001 (  0.0%)  Scalar Evolution Analysis
   0.0001 (  0.0%)   0.0000 (  0.0%)   0.0001 (  0.0%)   0.0001 (  0.0%)  Scalar Evolution Analysis
   0.0001 (  0.0%)   0.0000 (  0.0%)   0.0001 (  0.0%)   0.0001 (  0.0%)  Scalar Evolution Analysis
   0.0001 (  0.0%)   0.0000 (  0.0%)   0.0001 (  0.0%)   0.0001 (  0.0%)  Scalar Evolution Analysis
   0.0001 (  0.0%)   0.0000 (  0.0%)   0.0001 (  0.0%)   0.0001 (  0.0%)  Scalar Evolution Analysis
   0.0001 (  0.0%)   0.0000 (  0.0%)   0.0001 (  0.0%)   0.0001 (  0.0%)  Loop-Closed SSA Form Pass
   0.0001 (  0.0%)   0.0000 (  0.0%)   0.0001 (  0.0%)   0.0001 (  0.0%)  Loop-Closed SSA Form Pass
   0.0001 (  0.0%)   0.0000 (  0.0%)   0.0001 (  0.0%)   0.0001 (  0.0%)  Scalar Evolution Analysis
   0.0001 (  0.0%)   0.0000 (  0.0%)   0.0001 (  0.0%)   0.0001 (  0.0%)  Canonicalize natural loops
   0.0001 (  0.0%)   0.0000 (  0.0%)   0.0001 (  0.0%)   0.0001 (  0.0%)  Scalar Evolution Analysis
   0.0001 (  0.0%)   0.0000 (  0.0%)   0.0001 (  0.0%)   0.0001 (  0.0%)  Loop-Closed SSA Form Pass
   0.0001 (  0.0%)   0.0000 (  0.0%)   0.0001 (  0.0%)   0.0001 (  0.0%)  Loop-Closed SSA Form Pass
   0.0001 (  0.0%)   0.0000 (  0.0%)   0.0001 (  0.0%)   0.0001 (  0.0%)  Lower fence group
   0.0001 (  0.0%)   0.0000 (  0.0%)   0.0001 (  0.0%)   0.0001 (  0.0%)  Scalar Evolution Analysis
   0.0001 (  0.0%)   0.0000 (  0.0%)   0.0001 (  0.0%)   0.0001 (  0.0%)  Natural Loop Information
   0.0001 (  0.0%)   0.0000 (  0.0%)   0.0001 (  0.0%)   0.0001 (  0.0%)  Loop-Closed SSA Form Pass
   0.0001 (  0.0%)   0.0000 (  0.0%)   0.0001 (  0.0%)   0.0001 (  0.0%)  Scalar Evolution Analysis
   0.0001 (  0.0%)   0.0000 (  0.0%)   0.0001 (  0.0%)   0.0001 (  0.0%)  Natural Loop Information
   0.0001 (  0.0%)   0.0000 (  0.0%)   0.0001 (  0.0%)   0.0001 (  0.0%)  Scalar Evolution Analysis
   0.0001 (  0.0%)   0.0000 (  0.0%)   0.0001 (  0.0%)   0.0001 (  0.0%)  Scalar Evolution Analysis
   0.0001 (  0.0%)   0.0000 (  0.0%)   0.0001 (  0.0%)   0.0001 (  0.0%)  Natural Loop Information
   0.0001 (  0.0%)   0.0000 (  0.0%)   0.0001 (  0.0%)   0.0001 (  0.0%)  Scalar Evolution Analysis
   0.0001 (  0.0%)   0.0000 (  0.0%)   0.0001 (  0.0%)   0.0001 (  0.0%)  Scalar Evolution Analysis
   0.0001 (  0.0%)   0.0000 (  0.0%)   0.0001 (  0.0%)   0.0001 (  0.0%)  Loop-Closed SSA Form Pass
   0.0001 (  0.0%)   0.0000 (  0.0%)   0.0001 (  0.0%)   0.0001 (  0.0%)  Scalar Evolution Analysis
   0.0001 (  0.0%)   0.0000 (  0.0%)   0.0001 (  0.0%)   0.0001 (  0.0%)  Scalar Evolution Analysis
   0.0000 (  0.0%)   0.0000 (  0.0%)   0.0001 (  0.0%)   0.0001 (  0.0%)  Natural Loop Information
   0.0001 (  0.0%)   0.0000 (  0.0%)   0.0001 (  0.0%)   0.0001 (  0.0%)  Scalar Evolution Analysis
   0.0001 (  0.0%)   0.0000 (  0.0%)   0.0001 (  0.0%)   0.0001 (  0.0%)  Scalar Evolution Analysis
   0.0001 (  0.0%)   0.0000 (  0.0%)   0.0001 (  0.0%)   0.0001 (  0.0%)  Scalar Evolution Analysis
   0.0001 (  0.0%)   0.0000 (  0.0%)   0.0001 (  0.0%)   0.0001 (  0.0%)  Natural Loop Information
   0.0001 (  0.0%)   0.0000 (  0.0%)   0.0001 (  0.0%)   0.0001 (  0.0%)  Automatically infer occurrence information
   0.0001 (  0.0%)   0.0000 (  0.0%)   0.0001 (  0.0%)   0.0001 (  0.0%)  Loop-Closed SSA Form Pass
   0.0001 (  0.0%)   0.0000 (  0.0%)   0.0001 (  0.0%)   0.0001 (  0.0%)  Natural Loop Information
   0.0001 (  0.0%)   0.0000 (  0.0%)   0.0001 (  0.0%)   0.0001 (  0.0%)  Infer PPPO for array-to-streams
   0.0001 (  0.0%)   0.0000 (  0.0%)   0.0001 (  0.0%)   0.0001 (  0.0%)  Scalar Evolution Analysis
   0.0001 (  0.0%)   0.0000 (  0.0%)   0.0001 (  0.0%)   0.0001 (  0.0%)  Scalar Evolution Analysis
   0.0000 (  0.0%)   0.0000 (  0.0%)   0.0001 (  0.0%)   0.0001 (  0.0%)  Scalar Evolution Analysis
   0.0001 (  0.0%)   0.0000 (  0.0%)   0.0001 (  0.0%)   0.0001 (  0.0%)  Scalar Evolution Analysis
   0.0001 (  0.0%)   0.0000 (  0.0%)   0.0001 (  0.0%)   0.0001 (  0.0%)  Scalar Evolution Analysis
   0.0001 (  0.0%)   0.0000 (  0.0%)   0.0001 (  0.0%)   0.0001 (  0.0%)  Natural Loop Information
   0.0001 (  0.0%)   0.0000 (  0.0%)   0.0001 (  0.0%)   0.0001 (  0.0%)  Scalar Evolution Analysis
   0.0000 (  0.0%)   0.0000 (  0.0%)   0.0001 (  0.0%)   0.0001 (  0.0%)  Scalar Evolution Analysis
   0.0001 (  0.0%)   0.0000 (  0.0%)   0.0001 (  0.0%)   0.0001 (  0.0%)  Scalar Evolution Analysis
   0.0001 (  0.0%)   0.0000 (  0.0%)   0.0001 (  0.0%)   0.0001 (  0.0%)  Promote Memory to Register
   0.0001 (  0.0%)   0.0000 (  0.0%)   0.0001 (  0.0%)   0.0001 (  0.0%)  Scalar Evolution Analysis
   0.0001 (  0.0%)   0.0000 (  0.0%)   0.0001 (  0.0%)   0.0001 (  0.0%)  Scalar Evolution Analysis
   0.0001 (  0.0%)   0.0000 (  0.0%)   0.0001 (  0.0%)   0.0001 (  0.0%)  DefaultInterfaceBuilderNew - Build Default Top Interface
   0.0001 (  0.0%)   0.0000 (  0.0%)   0.0001 (  0.0%)   0.0001 (  0.0%)  Scalar Evolution Analysis
   0.0001 (  0.0%)   0.0000 (  0.0%)   0.0001 (  0.0%)   0.0001 (  0.0%)  Scalar Evolution Analysis
   0.0001 (  0.0%)   0.0000 (  0.0%)   0.0001 (  0.0%)   0.0001 (  0.0%)  Scalar Evolution Analysis
   0.0000 (  0.0%)   0.0001 (  0.0%)   0.0001 (  0.0%)   0.0001 (  0.0%)  Lower HLS related intrinsics
   0.0000 (  0.0%)   0.0000 (  0.0%)   0.0001 (  0.0%)   0.0001 (  0.0%)  Dead Code Elimination
   0.0001 (  0.0%)   0.0000 (  0.0%)   0.0001 (  0.0%)   0.0001 (  0.0%)  Scalar Evolution Analysis
   0.0001 (  0.0%)   0.0000 (  0.0%)   0.0001 (  0.0%)   0.0001 (  0.0%)  Scalar Evolution Analysis
   0.0001 (  0.0%)   0.0000 (  0.0%)   0.0001 (  0.0%)   0.0001 (  0.0%)  Scalar Evolution Analysis
   0.0001 (  0.0%)   0.0000 (  0.0%)   0.0001 (  0.0%)   0.0001 (  0.0%)  Scalar Evolution Analysis
   0.0001 (  0.0%)   0.0000 (  0.0%)   0.0001 (  0.0%)   0.0001 (  0.0%)  Canonicalize natural loops
   0.0001 (  0.0%)   0.0000 (  0.0%)   0.0001 (  0.0%)   0.0001 (  0.0%)  Infer direct input/output accesses
   0.0001 (  0.0%)   0.0000 (  0.0%)   0.0001 (  0.0%)   0.0001 (  0.0%)  Scalar Evolution Analysis
   0.0001 (  0.0%)   0.0000 (  0.0%)   0.0001 (  0.0%)   0.0001 (  0.0%)  Scalar Evolution Analysis
   0.0001 (  0.0%)   0.0000 (  0.0%)   0.0001 (  0.0%)   0.0001 (  0.0%)  Natural Loop Information
   0.0001 (  0.0%)   0.0000 (  0.0%)   0.0001 (  0.0%)   0.0001 (  0.0%)  Scalar Evolution Analysis
   0.0001 (  0.0%)   0.0000 (  0.0%)   0.0001 (  0.0%)   0.0001 (  0.0%)  Scalar Evolution Analysis
   0.0001 (  0.0%)   0.0000 (  0.0%)   0.0001 (  0.0%)   0.0001 (  0.0%)  Loop-Closed SSA Form Pass
   0.0001 (  0.0%)   0.0000 (  0.0%)   0.0001 (  0.0%)   0.0001 (  0.0%)  Scalar Evolution Analysis
   0.0001 (  0.0%)   0.0000 (  0.0%)   0.0001 (  0.0%)   0.0001 (  0.0%)  Scalar Evolution Analysis
   0.0001 (  0.0%)   0.0000 (  0.0%)   0.0001 (  0.0%)   0.0001 (  0.0%)  Scalar Evolution Analysis
   0.0001 (  0.0%)   0.0000 (  0.0%)   0.0001 (  0.0%)   0.0001 (  0.0%)  Natural Loop Information
   0.0001 (  0.0%)   0.0000 (  0.0%)   0.0001 (  0.0%)   0.0001 (  0.0%)  Loop-Closed SSA Form Pass
   0.0001 (  0.0%)   0.0000 (  0.0%)   0.0001 (  0.0%)   0.0001 (  0.0%)  Scalar Evolution Analysis
   0.0001 (  0.0%)   0.0000 (  0.0%)   0.0001 (  0.0%)   0.0001 (  0.0%)  Scalar Evolution Analysis
   0.0001 (  0.0%)   0.0000 (  0.0%)   0.0001 (  0.0%)   0.0001 (  0.0%)  Scalar Evolution Analysis
   0.0001 (  0.0%)   0.0000 (  0.0%)   0.0001 (  0.0%)   0.0001 (  0.0%)  Natural Loop Information
   0.0001 (  0.0%)   0.0000 (  0.0%)   0.0001 (  0.0%)   0.0001 (  0.0%)  Loop-Closed SSA Form Pass
   0.0001 (  0.0%)   0.0000 (  0.0%)   0.0001 (  0.0%)   0.0001 (  0.0%)  Loop-Closed SSA Form Pass
   0.0001 (  0.0%)   0.0000 (  0.0%)   0.0001 (  0.0%)   0.0001 (  0.0%)  Scalar Evolution Analysis
   0.0001 (  0.0%)   0.0000 (  0.0%)   0.0001 (  0.0%)   0.0001 (  0.0%)  Canonicalize natural loops
   0.0001 (  0.0%)   0.0000 (  0.0%)   0.0001 (  0.0%)   0.0001 (  0.0%)  Dominator Tree Construction
   0.0001 (  0.0%)   0.0000 (  0.0%)   0.0001 (  0.0%)   0.0001 (  0.0%)  Scalar Evolution Analysis
   0.0001 (  0.0%)   0.0000 (  0.0%)   0.0001 (  0.0%)   0.0001 (  0.0%)  Scalar Evolution Analysis
   0.0001 (  0.0%)   0.0000 (  0.0%)   0.0001 (  0.0%)   0.0001 (  0.0%)  Natural Loop Information
   0.0000 (  0.0%)   0.0000 (  0.0%)   0.0001 (  0.0%)   0.0001 (  0.0%)  Scalar Evolution Analysis
   0.0001 (  0.0%)   0.0000 (  0.0%)   0.0001 (  0.0%)   0.0001 (  0.0%)  Natural Loop Information
   0.0000 (  0.0%)   0.0000 (  0.0%)   0.0001 (  0.0%)   0.0001 (  0.0%)  Scalar Evolution Analysis
   0.0001 (  0.0%)   0.0000 (  0.0%)   0.0001 (  0.0%)   0.0001 (  0.0%)  Scalar Evolution Analysis
   0.0001 (  0.0%)   0.0000 (  0.0%)   0.0001 (  0.0%)   0.0001 (  0.0%)  Scalar Evolution Analysis
   0.0001 (  0.0%)   0.0000 (  0.0%)   0.0001 (  0.0%)   0.0001 (  0.0%)  Scalar Evolution Analysis
   0.0001 (  0.0%)   0.0000 (  0.0%)   0.0001 (  0.0%)   0.0001 (  0.0%)  Scalar Evolution Analysis
   0.0001 (  0.0%)   0.0000 (  0.0%)   0.0001 (  0.0%)   0.0001 (  0.0%)  Scalar Evolution Analysis
   0.0001 (  0.0%)   0.0000 (  0.0%)   0.0001 (  0.0%)   0.0001 (  0.0%)  Dead Argument Elimination
   0.0000 (  0.0%)   0.0000 (  0.0%)   0.0001 (  0.0%)   0.0001 (  0.0%)  Scalar Evolution Analysis
   0.0001 (  0.0%)   0.0000 (  0.0%)   0.0001 (  0.0%)   0.0001 (  0.0%)  Canonicalize natural loops
   0.0001 (  0.0%)   0.0000 (  0.0%)   0.0001 (  0.0%)   0.0001 (  0.0%)  Scalar Evolution Analysis
   0.0000 (  0.0%)   0.0000 (  0.0%)   0.0000 (  0.0%)   0.0001 (  0.0%)  Preprocessing before loop rotation
   0.0001 (  0.0%)   0.0000 (  0.0%)   0.0001 (  0.0%)   0.0001 (  0.0%)  Critical Path Aanlysis
   0.0000 (  0.0%)   0.0000 (  0.0%)   0.0000 (  0.0%)   0.0001 (  0.0%)  Scalar Evolution Analysis
   0.0001 (  0.0%)   0.0000 (  0.0%)   0.0001 (  0.0%)   0.0001 (  0.0%)  Scalar Evolution Analysis
   0.0001 (  0.0%)   0.0000 (  0.0%)   0.0001 (  0.0%)   0.0001 (  0.0%)  Basic Alias Analysis (stateless AA impl)
   0.0000 (  0.0%)   0.0000 (  0.0%)   0.0000 (  0.0%)   0.0001 (  0.0%)  Scalar Evolution Analysis
   0.0000 (  0.0%)   0.0000 (  0.0%)   0.0001 (  0.0%)   0.0001 (  0.0%)  Scalar Evolution Analysis
   0.0001 (  0.0%)   0.0000 (  0.0%)   0.0001 (  0.0%)   0.0001 (  0.0%)  Basic Alias Analysis (stateless AA impl)
   0.0001 (  0.0%)   0.0000 (  0.0%)   0.0001 (  0.0%)   0.0001 (  0.0%)  Scalar Evolution Analysis
   0.0001 (  0.0%)   0.0000 (  0.0%)   0.0001 (  0.0%)   0.0001 (  0.0%)  Scalar Evolution Analysis
   0.0001 (  0.0%)   0.0000 (  0.0%)   0.0001 (  0.0%)   0.0001 (  0.0%)  Basic Alias Analysis (stateless AA impl)
   0.0000 (  0.0%)   0.0000 (  0.0%)   0.0000 (  0.0%)   0.0001 (  0.0%)  Optimization Remark Emitter
   0.0000 (  0.0%)   0.0000 (  0.0%)   0.0001 (  0.0%)   0.0001 (  0.0%)  Scalar Evolution Analysis
   0.0000 (  0.0%)   0.0000 (  0.0%)   0.0000 (  0.0%)   0.0001 (  0.0%)  Delete dead loops
   0.0000 (  0.0%)   0.0000 (  0.0%)   0.0001 (  0.0%)   0.0001 (  0.0%)  Scalar Evolution Analysis
   0.0001 (  0.0%)   0.0000 (  0.0%)   0.0001 (  0.0%)   0.0001 (  0.0%)  Basic Alias Analysis (stateless AA impl)
   0.0000 (  0.0%)   0.0000 (  0.0%)   0.0000 (  0.0%)   0.0001 (  0.0%)  Scalar Evolution Analysis
   0.0001 (  0.0%)   0.0000 (  0.0%)   0.0001 (  0.0%)   0.0001 (  0.0%)  Scalar Evolution Analysis
   0.0001 (  0.0%)   0.0000 (  0.0%)   0.0001 (  0.0%)   0.0001 (  0.0%)  Scalar Evolution Analysis
   0.0001 (  0.0%)   0.0000 (  0.0%)   0.0001 (  0.0%)   0.0001 (  0.0%)  CallGraph Construction
   0.0000 (  0.0%)   0.0000 (  0.0%)   0.0000 (  0.0%)   0.0001 (  0.0%)  Scalar Evolution Analysis
   0.0000 (  0.0%)   0.0000 (  0.0%)   0.0000 (  0.0%)   0.0001 (  0.0%)  Infer set function attributes
   0.0000 (  0.0%)   0.0000 (  0.0%)   0.0001 (  0.0%)   0.0001 (  0.0%)  Lazy Branch Probability Analysis
   0.0000 (  0.0%)   0.0000 (  0.0%)   0.0000 (  0.0%)   0.0001 (  0.0%)  Lazy Block Frequency Analysis
   0.0001 (  0.0%)   0.0000 (  0.0%)   0.0001 (  0.0%)   0.0000 (  0.0%)  Scalar Evolution Analysis
   0.0000 (  0.0%)   0.0000 (  0.0%)   0.0000 (  0.0%)   0.0000 (  0.0%)  ShiftRegInference - Automatic Shift Register Inference
   0.0001 (  0.0%)   0.0000 (  0.0%)   0.0001 (  0.0%)   0.0000 (  0.0%)  Scalar Evolution Analysis
   0.0000 (  0.0%)   0.0000 (  0.0%)   0.0000 (  0.0%)   0.0000 (  0.0%)  Scalar Evolution Analysis
   0.0000 (  0.0%)   0.0000 (  0.0%)   0.0000 (  0.0%)   0.0000 (  0.0%)  Scalar Evolution Analysis
   0.0001 (  0.0%)   0.0000 (  0.0%)   0.0001 (  0.0%)   0.0000 (  0.0%)  Function Alias Analysis Results
   0.0000 (  0.0%)   0.0000 (  0.0%)   0.0000 (  0.0%)   0.0000 (  0.0%)  Scalar Evolution Analysis
   0.0000 (  0.0%)   0.0000 (  0.0%)   0.0000 (  0.0%)   0.0000 (  0.0%)  Scalar Evolution Analysis
   0.0001 (  0.0%)   0.0000 (  0.0%)   0.0001 (  0.0%)   0.0000 (  0.0%)  Lazy Value Information Analysis
   0.0000 (  0.0%)   0.0000 (  0.0%)   0.0000 (  0.0%)   0.0000 (  0.0%)  Scalar Evolution Analysis
   0.0000 (  0.0%)   0.0000 (  0.0%)   0.0000 (  0.0%)   0.0000 (  0.0%)  Scalar Evolution Analysis
   0.0000 (  0.0%)   0.0000 (  0.0%)   0.0000 (  0.0%)   0.0000 (  0.0%)  Scalar Evolution Analysis
   0.0000 (  0.0%)   0.0000 (  0.0%)   0.0000 (  0.0%)   0.0000 (  0.0%)  Lazy Value Information Analysis
   0.0000 (  0.0%)   0.0000 (  0.0%)   0.0000 (  0.0%)   0.0000 (  0.0%)  Scalar Evolution Analysis
   0.0000 (  0.0%)   0.0000 (  0.0%)   0.0000 (  0.0%)   0.0000 (  0.0%)  Lazy Value Information Analysis
   0.0000 (  0.0%)   0.0000 (  0.0%)   0.0000 (  0.0%)   0.0000 (  0.0%)  Lazy Value Information Analysis
   0.0000 (  0.0%)   0.0000 (  0.0%)   0.0000 (  0.0%)   0.0000 (  0.0%)  ShiftRegInference - Automatic Shift Register Inference
   0.0000 (  0.0%)   0.0000 (  0.0%)   0.0000 (  0.0%)   0.0000 (  0.0%)  Basic Alias Analysis (stateless AA impl)
   0.0001 (  0.0%)   0.0000 (  0.0%)   0.0001 (  0.0%)   0.0000 (  0.0%)  Scalar Evolution Analysis
   0.0000 (  0.0%)   0.0000 (  0.0%)   0.0000 (  0.0%)   0.0000 (  0.0%)  Basic Alias Analysis (stateless AA impl)
   0.0000 (  0.0%)   0.0000 (  0.0%)   0.0000 (  0.0%)   0.0000 (  0.0%)  Scalar Evolution Analysis
   0.0000 (  0.0%)   0.0000 (  0.0%)   0.0000 (  0.0%)   0.0000 (  0.0%)  Scalar Evolution Analysis
   0.0000 (  0.0%)   0.0000 (  0.0%)   0.0000 (  0.0%)   0.0000 (  0.0%)  Aggressive Dead Code Elimination
   0.0000 (  0.0%)   0.0000 (  0.0%)   0.0000 (  0.0%)   0.0000 (  0.0%)  Scalar Evolution Analysis
   0.0000 (  0.0%)   0.0000 (  0.0%)   0.0000 (  0.0%)   0.0000 (  0.0%)  Scalar Evolution Analysis
   0.0000 (  0.0%)   0.0000 (  0.0%)   0.0000 (  0.0%)   0.0000 (  0.0%)  Scalar Evolution Analysis
   0.0000 (  0.0%)   0.0000 (  0.0%)   0.0000 (  0.0%)   0.0000 (  0.0%)  Scalar Evolution Analysis
   0.0000 (  0.0%)   0.0000 (  0.0%)   0.0000 (  0.0%)   0.0000 (  0.0%)  Scalar Evolution Analysis
   0.0000 (  0.0%)   0.0000 (  0.0%)   0.0000 (  0.0%)   0.0000 (  0.0%)  Loop Invariant Code Motion
   0.0000 (  0.0%)   0.0000 (  0.0%)   0.0000 (  0.0%)   0.0000 (  0.0%)  Scalar Evolution Analysis
   0.0000 (  0.0%)   0.0000 (  0.0%)   0.0000 (  0.0%)   0.0000 (  0.0%)  Scalar Evolution Analysis
   0.0000 (  0.0%)   0.0000 (  0.0%)   0.0000 (  0.0%)   0.0000 (  0.0%)  Canonicalize natural loops
   0.0000 (  0.0%)   0.0000 (  0.0%)   0.0000 (  0.0%)   0.0000 (  0.0%)  CallGraph Construction
   0.0000 (  0.0%)   0.0000 (  0.0%)   0.0000 (  0.0%)   0.0000 (  0.0%)  Scalar Evolution Analysis
   0.0000 (  0.0%)   0.0000 (  0.0%)   0.0000 (  0.0%)   0.0000 (  0.0%)  Scalar Evolution Analysis
   0.0000 (  0.0%)   0.0000 (  0.0%)   0.0000 (  0.0%)   0.0000 (  0.0%)  Loop Invariant Code Motion
   0.0000 (  0.0%)   0.0000 (  0.0%)   0.0000 (  0.0%)   0.0000 (  0.0%)  Scalar Evolution Analysis
   0.0000 (  0.0%)   0.0000 (  0.0%)   0.0000 (  0.0%)   0.0000 (  0.0%)  Scalar Evolution Analysis
   0.0000 (  0.0%)   0.0000 (  0.0%)   0.0000 (  0.0%)   0.0000 (  0.0%)  Loop Invariant Code Motion
   0.0000 (  0.0%)   0.0000 (  0.0%)   0.0000 (  0.0%)   0.0000 (  0.0%)  Basic Alias Analysis (stateless AA impl)
   0.0000 (  0.0%)   0.0000 (  0.0%)   0.0000 (  0.0%)   0.0000 (  0.0%)  SROA
   0.0000 (  0.0%)   0.0000 (  0.0%)   0.0000 (  0.0%)   0.0000 (  0.0%)  Scalar Evolution Analysis
   0.0000 (  0.0%)   0.0000 (  0.0%)   0.0000 (  0.0%)   0.0000 (  0.0%)  Scalar Evolution Analysis
   0.0000 (  0.0%)   0.0000 (  0.0%)   0.0000 (  0.0%)   0.0000 (  0.0%)  Scalar Evolution Analysis
   0.0000 (  0.0%)   0.0000 (  0.0%)   0.0000 (  0.0%)   0.0000 (  0.0%)  Loop Invariant Code Motion
   0.0000 (  0.0%)   0.0000 (  0.0%)   0.0000 (  0.0%)   0.0000 (  0.0%)  Scalar Evolution Analysis
   0.0000 (  0.0%)   0.0000 (  0.0%)   0.0000 (  0.0%)   0.0000 (  0.0%)  Disaggregation preprocessing
   0.0000 (  0.0%)   0.0000 (  0.0%)   0.0000 (  0.0%)   0.0000 (  0.0%)  Scalar Evolution Analysis
   0.0000 (  0.0%)   0.0000 (  0.0%)   0.0000 (  0.0%)   0.0000 (  0.0%)  Scalar Evolution Analysis
   0.0000 (  0.0%)   0.0000 (  0.0%)   0.0000 (  0.0%)   0.0000 (  0.0%)  Scalar Evolution Analysis
   0.0000 (  0.0%)   0.0000 (  0.0%)   0.0000 (  0.0%)   0.0000 (  0.0%)  Scalar Evolution Analysis
   0.0000 (  0.0%)   0.0000 (  0.0%)   0.0000 (  0.0%)   0.0000 (  0.0%)  Lazy Value Information Analysis
   0.0000 (  0.0%)   0.0000 (  0.0%)   0.0000 (  0.0%)   0.0000 (  0.0%)  Scalar Evolution Analysis
   0.0000 (  0.0%)   0.0000 (  0.0%)   0.0000 (  0.0%)   0.0000 (  0.0%)  Scalar Evolution Analysis
   0.0000 (  0.0%)   0.0000 (  0.0%)   0.0000 (  0.0%)   0.0000 (  0.0%)  Simplify loop CFG
   0.0000 (  0.0%)   0.0000 (  0.0%)   0.0000 (  0.0%)   0.0000 (  0.0%)  LoopFlattenMark - Mark nested loops flattenable recursively
   0.0000 (  0.0%)   0.0000 (  0.0%)   0.0000 (  0.0%)   0.0000 (  0.0%)  CallGraph Construction
   0.0000 (  0.0%)   0.0000 (  0.0%)   0.0000 (  0.0%)   0.0000 (  0.0%)  Scalar Evolution Analysis
   0.0000 (  0.0%)   0.0000 (  0.0%)   0.0000 (  0.0%)   0.0000 (  0.0%)  Basic Alias Analysis (stateless AA impl)
   0.0000 (  0.0%)   0.0000 (  0.0%)   0.0000 (  0.0%)   0.0000 (  0.0%)  Scalar Evolution Analysis
   0.0000 (  0.0%)   0.0000 (  0.0%)   0.0000 (  0.0%)   0.0000 (  0.0%)  Loop-Closed SSA Form Pass
   0.0000 (  0.0%)   0.0000 (  0.0%)   0.0000 (  0.0%)   0.0000 (  0.0%)  Lazy Value Information Analysis
   0.0000 (  0.0%)   0.0000 (  0.0%)   0.0000 (  0.0%)   0.0000 (  0.0%)  LoopFlattenMark - Mark nested loops flattenable recursively
   0.0000 (  0.0%)   0.0000 (  0.0%)   0.0000 (  0.0%)   0.0000 (  0.0%)  Critical Path Aanlysis
   0.0000 (  0.0%)   0.0000 (  0.0%)   0.0000 (  0.0%)   0.0000 (  0.0%)  Scalar Evolution Analysis
   0.0000 (  0.0%)   0.0000 (  0.0%)   0.0000 (  0.0%)   0.0000 (  0.0%)  Post-Dominator Tree Construction
   0.0000 (  0.0%)   0.0000 (  0.0%)   0.0000 (  0.0%)   0.0000 (  0.0%)  Memory Dependence Analysis
   0.0000 (  0.0%)   0.0000 (  0.0%)   0.0000 (  0.0%)   0.0000 (  0.0%)  Scalar Evolution Analysis
   0.0000 (  0.0%)   0.0000 (  0.0%)   0.0000 (  0.0%)   0.0000 (  0.0%)  Simplify loop CFG
   0.0000 (  0.0%)   0.0000 (  0.0%)   0.0000 (  0.0%)   0.0000 (  0.0%)  Function Alias Analysis Results
   0.0000 (  0.0%)   0.0000 (  0.0%)   0.0000 (  0.0%)   0.0000 (  0.0%)  Scalar Evolution Analysis
   0.0000 (  0.0%)   0.0000 (  0.0%)   0.0000 (  0.0%)   0.0000 (  0.0%)  Scalar Evolution Analysis
   0.0000 (  0.0%)   0.0000 (  0.0%)   0.0000 (  0.0%)   0.0000 (  0.0%)  Struct object aggregation
   0.0000 (  0.0%)   0.0000 (  0.0%)   0.0000 (  0.0%)   0.0000 (  0.0%)  Memory Dependence Analysis
   0.0000 (  0.0%)   0.0000 (  0.0%)   0.0000 (  0.0%)   0.0000 (  0.0%)  verify cache pragmas
   0.0000 (  0.0%)   0.0000 (  0.0%)   0.0000 (  0.0%)   0.0000 (  0.0%)  CallGraph Construction
   0.0000 (  0.0%)   0.0000 (  0.0%)   0.0000 (  0.0%)   0.0000 (  0.0%)  Scalar Evolution Analysis
   0.0000 (  0.0%)   0.0000 (  0.0%)   0.0000 (  0.0%)   0.0000 (  0.0%)  Scalar Evolution Analysis
   0.0000 (  0.0%)   0.0000 (  0.0%)   0.0000 (  0.0%)   0.0000 (  0.0%)  Scalar Evolution Analysis
   0.0000 (  0.0%)   0.0000 (  0.0%)   0.0000 (  0.0%)   0.0000 (  0.0%)  Basic Alias Analysis (stateless AA impl)
   0.0000 (  0.0%)   0.0000 (  0.0%)   0.0000 (  0.0%)   0.0000 (  0.0%)  Scalar Evolution Analysis
   0.0000 (  0.0%)   0.0000 (  0.0%)   0.0000 (  0.0%)   0.0000 (  0.0%)  Scalar Evolution Analysis
   0.0000 (  0.0%)   0.0000 (  0.0%)   0.0000 (  0.0%)   0.0000 (  0.0%)  LayoutTransform - Layout Transform Pragma Analysis
   0.0000 (  0.0%)   0.0000 (  0.0%)   0.0000 (  0.0%)   0.0000 (  0.0%)  Canonicalize natural loops
   0.0000 (  0.0%)   0.0000 (  0.0%)   0.0000 (  0.0%)   0.0000 (  0.0%)  Memory Dependence Analysis
   0.0000 (  0.0%)   0.0000 (  0.0%)   0.0000 (  0.0%)   0.0000 (  0.0%)  Memory Dependence Analysis
   0.0000 (  0.0%)   0.0000 (  0.0%)   0.0000 (  0.0%)   0.0000 (  0.0%)  Scalar Evolution Analysis
   0.0000 (  0.0%)   0.0000 (  0.0%)   0.0000 (  0.0%)   0.0000 (  0.0%)  Loop-Closed SSA Form Pass
   0.0000 (  0.0%)   0.0000 (  0.0%)   0.0000 (  0.0%)   0.0000 (  0.0%)  Memory Dependence Analysis
   0.0000 (  0.0%)   0.0000 (  0.0%)   0.0000 (  0.0%)   0.0000 (  0.0%)  Loop-Closed SSA Form Pass
   0.0000 (  0.0%)   0.0000 (  0.0%)   0.0000 (  0.0%)   0.0000 (  0.0%)  Lazy Value Information Analysis
   0.0000 (  0.0%)   0.0000 (  0.0%)   0.0000 (  0.0%)   0.0000 (  0.0%)  CallGraph Construction
   0.0000 (  0.0%)   0.0000 (  0.0%)   0.0000 (  0.0%)   0.0000 (  0.0%)  Scalar Evolution Analysis
   0.0000 (  0.0%)   0.0000 (  0.0%)   0.0000 (  0.0%)   0.0000 (  0.0%)  CallGraph Construction
   0.0000 (  0.0%)   0.0000 (  0.0%)   0.0000 (  0.0%)   0.0000 (  0.0%)  Memory Dependence Analysis
   0.0000 (  0.0%)   0.0000 (  0.0%)   0.0000 (  0.0%)   0.0000 (  0.0%)  Scalar Evolution Analysis
   0.0000 (  0.0%)   0.0000 (  0.0%)   0.0000 (  0.0%)   0.0000 (  0.0%)  Lazy Value Information Analysis
   0.0000 (  0.0%)   0.0000 (  0.0%)   0.0000 (  0.0%)   0.0000 (  0.0%)  ScalarEvolution-based Alias Analysis
   0.0000 (  0.0%)   0.0000 (  0.0%)   0.0000 (  0.0%)   0.0000 (  0.0%)  Scalar Evolution Analysis
   0.0000 (  0.0%)   0.0000 (  0.0%)   0.0000 (  0.0%)   0.0000 (  0.0%)  Basic Alias Analysis (stateless AA impl)
   0.0000 (  0.0%)   0.0000 (  0.0%)   0.0000 (  0.0%)   0.0000 (  0.0%)  Basic Alias Analysis (stateless AA impl)
   0.0000 (  0.0%)   0.0000 (  0.0%)   0.0000 (  0.0%)   0.0000 (  0.0%)  Basic Alias Analysis (stateless AA impl)
   0.0000 (  0.0%)   0.0000 (  0.0%)   0.0000 (  0.0%)   0.0000 (  0.0%)  Basic Alias Analysis (stateless AA impl)
   0.0000 (  0.0%)   0.0000 (  0.0%)   0.0000 (  0.0%)   0.0000 (  0.0%)  Basic Alias Analysis (stateless AA impl)
   0.0000 (  0.0%)   0.0000 (  0.0%)   0.0000 (  0.0%)   0.0000 (  0.0%)  Lazy Branch Probability Analysis
   0.0000 (  0.0%)   0.0000 (  0.0%)   0.0000 (  0.0%)   0.0000 (  0.0%)  Scalar Evolution Analysis
   0.0000 (  0.0%)   0.0000 (  0.0%)   0.0000 (  0.0%)   0.0000 (  0.0%)  Rotate Loops
   0.0000 (  0.0%)   0.0000 (  0.0%)   0.0000 (  0.0%)   0.0000 (  0.0%)  Lazy Value Information Analysis
   0.0000 (  0.0%)   0.0000 (  0.0%)   0.0000 (  0.0%)   0.0000 (  0.0%)  Struct object aggregation
   0.0000 (  0.0%)   0.0000 (  0.0%)   0.0000 (  0.0%)   0.0000 (  0.0%)  Basic Alias Analysis (stateless AA impl)
   0.0000 (  0.0%)   0.0000 (  0.0%)   0.0000 (  0.0%)   0.0000 (  0.0%)  Basic Alias Analysis (stateless AA impl)
   0.0000 (  0.0%)   0.0000 (  0.0%)   0.0000 (  0.0%)   0.0000 (  0.0%)  Transform SSA value on top function to variable with pointer type
   0.0000 (  0.0%)   0.0000 (  0.0%)   0.0000 (  0.0%)   0.0000 (  0.0%)  Dominator Tree Construction
   0.0000 (  0.0%)   0.0000 (  0.0%)   0.0000 (  0.0%)   0.0000 (  0.0%)  Scalar Evolution Analysis
   0.0000 (  0.0%)   0.0000 (  0.0%)   0.0000 (  0.0%)   0.0000 (  0.0%)  Predicate SPIR Kernels
   0.0000 (  0.0%)   0.0000 (  0.0%)   0.0000 (  0.0%)   0.0000 (  0.0%)  Lazy Branch Probability Analysis
   0.0000 (  0.0%)   0.0000 (  0.0%)   0.0000 (  0.0%)   0.0000 (  0.0%)  Lazy Branch Probability Analysis
   0.0000 (  0.0%)   0.0000 (  0.0%)   0.0000 (  0.0%)   0.0000 (  0.0%)  Lazy Branch Probability Analysis
   0.0000 (  0.0%)   0.0000 (  0.0%)   0.0000 (  0.0%)   0.0000 (  0.0%)  Basic Alias Analysis (stateless AA impl)
   0.0000 (  0.0%)   0.0000 (  0.0%)   0.0000 (  0.0%)   0.0000 (  0.0%)  Basic Alias Analysis (stateless AA impl)
   0.0000 (  0.0%)   0.0000 (  0.0%)   0.0000 (  0.0%)   0.0000 (  0.0%)  Lazy Branch Probability Analysis
   0.0000 (  0.0%)   0.0000 (  0.0%)   0.0000 (  0.0%)   0.0000 (  0.0%)  Scalar Evolution Analysis
   0.0000 (  0.0%)   0.0000 (  0.0%)   0.0000 (  0.0%)   0.0000 (  0.0%)  Lazy Branch Probability Analysis
   0.0000 (  0.0%)   0.0000 (  0.0%)   0.0000 (  0.0%)   0.0000 (  0.0%)  Lazy Branch Probability Analysis
   0.0000 (  0.0%)   0.0000 (  0.0%)   0.0000 (  0.0%)   0.0000 (  0.0%)  Optimization Remark Emitter
   0.0000 (  0.0%)   0.0000 (  0.0%)   0.0000 (  0.0%)   0.0000 (  0.0%)  Basic Alias Analysis (stateless AA impl)
   0.0000 (  0.0%)   0.0000 (  0.0%)   0.0000 (  0.0%)   0.0000 (  0.0%)  Lazy Value Information Analysis
   0.0000 (  0.0%)   0.0000 (  0.0%)   0.0000 (  0.0%)   0.0000 (  0.0%)  Build Synchronization Regions in SPMD program
   0.0000 (  0.0%)   0.0000 (  0.0%)   0.0000 (  0.0%)   0.0000 (  0.0%)  Basic Alias Analysis (stateless AA impl)
   0.0000 (  0.0%)   0.0000 (  0.0%)   0.0000 (  0.0%)   0.0000 (  0.0%)  Basic Alias Analysis (stateless AA impl)
   0.0000 (  0.0%)   0.0000 (  0.0%)   0.0000 (  0.0%)   0.0000 (  0.0%)  Shrink Synchronization Regions in SPMD program to reduce CFG complexity
   0.0000 (  0.0%)   0.0000 (  0.0%)   0.0000 (  0.0%)   0.0000 (  0.0%)  Lazy Value Information Analysis
   0.0000 (  0.0%)   0.0000 (  0.0%)   0.0000 (  0.0%)   0.0000 (  0.0%)  Critical Path Aanlysis
   0.0000 (  0.0%)   0.0000 (  0.0%)   0.0000 (  0.0%)   0.0000 (  0.0%)  Basic Alias Analysis (stateless AA impl)
   0.0000 (  0.0%)   0.0000 (  0.0%)   0.0000 (  0.0%)   0.0000 (  0.0%)  Stream object marker
   0.0000 (  0.0%)   0.0000 (  0.0%)   0.0000 (  0.0%)   0.0000 (  0.0%)  ScalarEvolution-based Alias Analysis
   0.0000 (  0.0%)   0.0000 (  0.0%)   0.0000 (  0.0%)   0.0000 (  0.0%)  Basic Alias Analysis (stateless AA impl)
   0.0000 (  0.0%)   0.0000 (  0.0%)   0.0000 (  0.0%)   0.0000 (  0.0%)  Basic Alias Analysis (stateless AA impl)
   0.0000 (  0.0%)   0.0000 (  0.0%)   0.0000 (  0.0%)   0.0000 (  0.0%)  Basic Alias Analysis (stateless AA impl)
   0.0000 (  0.0%)   0.0000 (  0.0%)   0.0000 (  0.0%)   0.0000 (  0.0%)  Lazy Branch Probability Analysis
   0.0000 (  0.0%)   0.0000 (  0.0%)   0.0000 (  0.0%)   0.0000 (  0.0%)  Memory Dependence Analysis
   0.0000 (  0.0%)   0.0000 (  0.0%)   0.0000 (  0.0%)   0.0000 (  0.0%)  LayoutTransform - Layout Transform Pragma Analysis
   0.0000 (  0.0%)   0.0000 (  0.0%)   0.0000 (  0.0%)   0.0000 (  0.0%)  Memory Dependence Analysis
   0.0000 (  0.0%)   0.0000 (  0.0%)   0.0000 (  0.0%)   0.0000 (  0.0%)  Memory Dependence Analysis
   0.0000 (  0.0%)   0.0000 (  0.0%)   0.0000 (  0.0%)   0.0000 (  0.0%)  SPIRUpdateIntrRange - Update SPIR Intrinsics Metadata
   0.0000 (  0.0%)   0.0000 (  0.0%)   0.0000 (  0.0%)   0.0000 (  0.0%)  Lazy Branch Probability Analysis
   0.0000 (  0.0%)   0.0000 (  0.0%)   0.0000 (  0.0%)   0.0000 (  0.0%)  ScalarEvolution-based Alias Analysis
   0.0000 (  0.0%)   0.0000 (  0.0%)   0.0000 (  0.0%)   0.0000 (  0.0%)  Optimization Remark Emitter
   0.0000 (  0.0%)   0.0000 (  0.0%)   0.0000 (  0.0%)   0.0000 (  0.0%)  Lazy Block Frequency Analysis
   0.0000 (  0.0%)   0.0000 (  0.0%)   0.0000 (  0.0%)   0.0000 (  0.0%)  Lazy Branch Probability Analysis
   0.0000 (  0.0%)   0.0000 (  0.0%)   0.0000 (  0.0%)   0.0000 (  0.0%)  Loop-Closed SSA Form Pass
   0.0000 (  0.0%)   0.0000 (  0.0%)   0.0000 (  0.0%)   0.0000 (  0.0%)  Lazy Block Frequency Analysis
   0.0000 (  0.0%)   0.0000 (  0.0%)   0.0000 (  0.0%)   0.0000 (  0.0%)  Memory Dependence Analysis
   0.0000 (  0.0%)   0.0000 (  0.0%)   0.0000 (  0.0%)   0.0000 (  0.0%)  ScalarEvolution-based Alias Analysis
   0.0000 (  0.0%)   0.0000 (  0.0%)   0.0000 (  0.0%)   0.0000 (  0.0%)  Lazy Block Frequency Analysis
   0.0000 (  0.0%)   0.0000 (  0.0%)   0.0000 (  0.0%)   0.0000 (  0.0%)  Optimization Remark Emitter
   0.0000 (  0.0%)   0.0000 (  0.0%)   0.0000 (  0.0%)   0.0000 (  0.0%)  Optimization Remark Emitter
   0.0000 (  0.0%)   0.0000 (  0.0%)   0.0000 (  0.0%)   0.0000 (  0.0%)  Lazy Block Frequency Analysis
   0.0000 (  0.0%)   0.0000 (  0.0%)   0.0000 (  0.0%)   0.0000 (  0.0%)  Lazy Branch Probability Analysis
   0.0000 (  0.0%)   0.0000 (  0.0%)   0.0000 (  0.0%)   0.0000 (  0.0%)  Optimization Remark Emitter
   0.0000 (  0.0%)   0.0000 (  0.0%)   0.0000 (  0.0%)   0.0000 (  0.0%)  Basic Alias Analysis (stateless AA impl)
   0.0000 (  0.0%)   0.0000 (  0.0%)   0.0000 (  0.0%)   0.0000 (  0.0%)  Memory Dependence Analysis
   0.0000 (  0.0%)   0.0000 (  0.0%)   0.0000 (  0.0%)   0.0000 (  0.0%)  Lazy Block Frequency Analysis
   0.0000 (  0.0%)   0.0000 (  0.0%)   0.0000 (  0.0%)   0.0000 (  0.0%)  Scalar Evolution Analysis
   0.0000 (  0.0%)   0.0000 (  0.0%)   0.0000 (  0.0%)   0.0000 (  0.0%)  Memory Dependence Analysis
   0.0000 (  0.0%)   0.0000 (  0.0%)   0.0000 (  0.0%)   0.0000 (  0.0%)  Memory Dependence Analysis
   0.0000 (  0.0%)   0.0000 (  0.0%)   0.0000 (  0.0%)   0.0000 (  0.0%)  Memory Dependence Analysis
   0.0000 (  0.0%)   0.0000 (  0.0%)   0.0000 (  0.0%)   0.0000 (  0.0%)  Scalar Evolution Analysis
   0.0000 (  0.0%)   0.0000 (  0.0%)   0.0000 (  0.0%)   0.0000 (  0.0%)  ScalarEvolution-based Alias Analysis
   0.0000 (  0.0%)   0.0000 (  0.0%)   0.0000 (  0.0%)   0.0000 (  0.0%)  Optimization Remark Emitter
   0.0000 (  0.0%)   0.0000 (  0.0%)   0.0000 (  0.0%)   0.0000 (  0.0%)  Loop-Closed SSA Form Pass
   0.0000 (  0.0%)   0.0000 (  0.0%)   0.0000 (  0.0%)   0.0000 (  0.0%)  Reduce the height of tree
   0.0000 (  0.0%)   0.0000 (  0.0%)   0.0000 (  0.0%)   0.0000 (  0.0%)  Lazy Block Frequency Analysis
   0.0000 (  0.0%)   0.0000 (  0.0%)   0.0000 (  0.0%)   0.0000 (  0.0%)  Basic Alias Analysis (stateless AA impl)
   0.0000 (  0.0%)   0.0000 (  0.0%)   0.0000 (  0.0%)   0.0000 (  0.0%)  ScalarEvolution-based Alias Analysis
   0.0000 (  0.0%)   0.0000 (  0.0%)   0.0000 (  0.0%)   0.0000 (  0.0%)  Optimization Remark Emitter
   0.0000 (  0.0%)   0.0000 (  0.0%)   0.0000 (  0.0%)   0.0000 (  0.0%)  Memory Dependence Analysis
   0.0000 (  0.0%)   0.0000 (  0.0%)   0.0000 (  0.0%)   0.0000 (  0.0%)  Lazy Branch Probability Analysis
   0.0000 (  0.0%)   0.0000 (  0.0%)   0.0000 (  0.0%)   0.0000 (  0.0%)  Lazy Block Frequency Analysis
   0.0000 (  0.0%)   0.0000 (  0.0%)   0.0000 (  0.0%)   0.0000 (  0.0%)  Scalar Evolution Analysis
   0.0000 (  0.0%)   0.0000 (  0.0%)   0.0000 (  0.0%)   0.0000 (  0.0%)  Scalar Evolution Canonicalization
   0.0000 (  0.0%)   0.0000 (  0.0%)   0.0000 (  0.0%)   0.0000 (  0.0%)  Basic Alias Analysis (stateless AA impl)
   0.0000 (  0.0%)   0.0000 (  0.0%)   0.0000 (  0.0%)   0.0000 (  0.0%)  Lazy Block Frequency Analysis
   0.0000 (  0.0%)   0.0000 (  0.0%)   0.0000 (  0.0%)   0.0000 (  0.0%)  Optimization Remark Emitter
   0.0000 (  0.0%)   0.0000 (  0.0%)   0.0000 (  0.0%)   0.0000 (  0.0%)  Lazy Block Frequency Analysis
   0.0000 (  0.0%)   0.0000 (  0.0%)   0.0000 (  0.0%)   0.0000 (  0.0%)  Memory Dependence Analysis
   0.0000 (  0.0%)   0.0000 (  0.0%)   0.0000 (  0.0%)   0.0000 (  0.0%)  Memory Dependence Analysis
   0.0000 (  0.0%)   0.0000 (  0.0%)   0.0000 (  0.0%)   0.0000 (  0.0%)  Lazy Branch Probability Analysis
   0.0000 (  0.0%)   0.0000 (  0.0%)   0.0000 (  0.0%)   0.0000 (  0.0%)  Memory Dependence Analysis
   0.0000 (  0.0%)   0.0000 (  0.0%)   0.0000 (  0.0%)   0.0000 (  0.0%)  Lazy Block Frequency Analysis
   0.0000 (  0.0%)   0.0000 (  0.0%)   0.0000 (  0.0%)   0.0000 (  0.0%)  Memory Dependence Analysis
   0.0000 (  0.0%)   0.0000 (  0.0%)   0.0000 (  0.0%)   0.0000 (  0.0%)  Lazy Block Frequency Analysis
   0.0000 (  0.0%)   0.0000 (  0.0%)   0.0000 (  0.0%)   0.0000 (  0.0%)  Basic Alias Analysis (stateless AA impl)
   0.0000 (  0.0%)   0.0000 (  0.0%)   0.0000 (  0.0%)   0.0000 (  0.0%)  Optimization Remark Emitter
   0.0000 (  0.0%)   0.0000 (  0.0%)   0.0000 (  0.0%)   0.0000 (  0.0%)  Optimization Remark Emitter
   0.0000 (  0.0%)   0.0000 (  0.0%)   0.0000 (  0.0%)   0.0000 (  0.0%)  Rotate Loops
   0.0000 (  0.0%)   0.0000 (  0.0%)   0.0000 (  0.0%)   0.0000 (  0.0%)  Optimization Remark Emitter
   0.0000 (  0.0%)   0.0000 (  0.0%)   0.0000 (  0.0%)   0.0000 (  0.0%)  Memory Dependence Analysis
   0.0000 (  0.0%)   0.0000 (  0.0%)   0.0000 (  0.0%)   0.0000 (  0.0%)  Optimization Remark Emitter
   0.0000 (  0.0%)   0.0000 (  0.0%)   0.0000 (  0.0%)   0.0000 (  0.0%)  LoopFlattenMark - Mark nested loops flattenable recursively
   0.0000 (  0.0%)   0.0000 (  0.0%)   0.0000 (  0.0%)   0.0000 (  0.0%)  Predicate analysis under a loop context
   0.0000 (  0.0%)   0.0000 (  0.0%)   0.0000 (  0.0%)   0.0000 (  0.0%)  Optimization Remark Emitter
   0.0000 (  0.0%)   0.0000 (  0.0%)   0.0000 (  0.0%)   0.0000 (  0.0%)  Memory Dependence Analysis
   0.0000 (  0.0%)   0.0000 (  0.0%)   0.0000 (  0.0%)   0.0000 (  0.0%)  Lazy Value Information Analysis
   0.0000 (  0.0%)   0.0000 (  0.0%)   0.0000 (  0.0%)   0.0000 (  0.0%)  Optimization Remark Emitter
   0.0000 (  0.0%)   0.0000 (  0.0%)   0.0000 (  0.0%)   0.0000 (  0.0%)  Optimization Remark Emitter
   0.0000 (  0.0%)   0.0000 (  0.0%)   0.0000 (  0.0%)   0.0000 (  0.0%)  Optimization Remark Emitter
   0.0000 (  0.0%)   0.0000 (  0.0%)   0.0000 (  0.0%)   0.0000 (  0.0%)  LCSSA Verifier
   0.0000 (  0.0%)   0.0000 (  0.0%)   0.0000 (  0.0%)   0.0000 (  0.0%)  LCSSA Verifier
   0.0000 (  0.0%)   0.0000 (  0.0%)   0.0000 (  0.0%)   0.0000 (  0.0%)  Lazy Block Frequency Analysis
   0.0000 (  0.0%)   0.0000 (  0.0%)   0.0000 (  0.0%)   0.0000 (  0.0%)  Memory Dependence Analysis
   0.0000 (  0.0%)   0.0000 (  0.0%)   0.0000 (  0.0%)   0.0000 (  0.0%)  LCSSA Verifier
   0.0000 (  0.0%)   0.0000 (  0.0%)   0.0000 (  0.0%)   0.0000 (  0.0%)  LCSSA Verifier
   0.0000 (  0.0%)   0.0000 (  0.0%)   0.0000 (  0.0%)   0.0000 (  0.0%)  Memory Dependence Analysis
   0.0000 (  0.0%)   0.0000 (  0.0%)   0.0000 (  0.0%)   0.0000 (  0.0%)  Optimization Remark Emitter
   0.0000 (  0.0%)   0.0000 (  0.0%)   0.0000 (  0.0%)   0.0000 (  0.0%)  Optimization Remark Emitter
   0.0000 (  0.0%)   0.0000 (  0.0%)   0.0000 (  0.0%)   0.0000 (  0.0%)  LCSSA Verifier
   0.0000 (  0.0%)   0.0000 (  0.0%)   0.0000 (  0.0%)   0.0000 (  0.0%)  Loop Access Analysis
   0.0000 (  0.0%)   0.0000 (  0.0%)   0.0000 (  0.0%)   0.0000 (  0.0%)  Memory Dependence Analysis
   0.0000 (  0.0%)   0.0000 (  0.0%)   0.0000 (  0.0%)   0.0000 (  0.0%)  Lazy Block Frequency Analysis
   0.0000 (  0.0%)   0.0000 (  0.0%)   0.0000 (  0.0%)   0.0000 (  0.0%)  LCSSA Verifier
   0.0000 (  0.0%)   0.0000 (  0.0%)   0.0000 (  0.0%)   0.0000 (  0.0%)  top function attribute attaching
   0.0000 (  0.0%)   0.0000 (  0.0%)   0.0000 (  0.0%)   0.0000 (  0.0%)  Basic Alias Analysis (stateless AA impl)
   0.0000 (  0.0%)   0.0000 (  0.0%)   0.0000 (  0.0%)   0.0000 (  0.0%)  Optimization Remark Emitter
   0.0000 (  0.0%)   0.0000 (  0.0%)   0.0000 (  0.0%)   0.0000 (  0.0%)  Scalar Evolution Analysis
   0.0000 (  0.0%)   0.0000 (  0.0%)   0.0000 (  0.0%)   0.0000 (  0.0%)  Memory Dependence Analysis
   0.0000 (  0.0%)   0.0000 (  0.0%)   0.0000 (  0.0%)   0.0000 (  0.0%)  Basic Alias Analysis (stateless AA impl)
   0.0000 (  0.0%)   0.0000 (  0.0%)   0.0000 (  0.0%)   0.0000 (  0.0%)  LCSSA Verifier
   0.0000 (  0.0%)   0.0000 (  0.0%)   0.0000 (  0.0%)   0.0000 (  0.0%)  Memory Dependence Analysis
   0.0000 (  0.0%)   0.0000 (  0.0%)   0.0000 (  0.0%)   0.0000 (  0.0%)  Memory Dependence Analysis
   0.0000 (  0.0%)   0.0000 (  0.0%)   0.0000 (  0.0%)   0.0000 (  0.0%)  Reduce the height of tree
   0.0000 (  0.0%)   0.0000 (  0.0%)   0.0000 (  0.0%)   0.0000 (  0.0%)  Basic Alias Analysis (stateless AA impl)
   0.0000 (  0.0%)   0.0000 (  0.0%)   0.0000 (  0.0%)   0.0000 (  0.0%)  LCSSA Verifier
   0.0000 (  0.0%)   0.0000 (  0.0%)   0.0000 (  0.0%)   0.0000 (  0.0%)  Scalar Evolution Analysis
   0.0000 (  0.0%)   0.0000 (  0.0%)   0.0000 (  0.0%)   0.0000 (  0.0%)  LCSSA Verifier
   0.0000 (  0.0%)   0.0000 (  0.0%)   0.0000 (  0.0%)   0.0000 (  0.0%)  Vectorize the SPMD regions
   0.0000 (  0.0%)   0.0000 (  0.0%)   0.0000 (  0.0%)   0.0000 (  0.0%)  Basic Alias Analysis (stateless AA impl)
   0.0000 (  0.0%)   0.0000 (  0.0%)   0.0000 (  0.0%)   0.0000 (  0.0%)  Memory Dependence Analysis
   0.0000 (  0.0%)   0.0000 (  0.0%)   0.0000 (  0.0%)   0.0000 (  0.0%)  InterfaceCheck - Check Interface
   0.0000 (  0.0%)   0.0000 (  0.0%)   0.0000 (  0.0%)   0.0000 (  0.0%)  Memory Dependence Analysis
   0.0000 (  0.0%)   0.0000 (  0.0%)   0.0000 (  0.0%)   0.0000 (  0.0%)  LCSSA Verifier
   0.0000 (  0.0%)   0.0000 (  0.0%)   0.0000 (  0.0%)   0.0000 (  0.0%)  Basic Alias Analysis (stateless AA impl)
   0.0000 (  0.0%)   0.0000 (  0.0%)   0.0000 (  0.0%)   0.0000 (  0.0%)  Memory Dependence Analysis
   0.0000 (  0.0%)   0.0000 (  0.0%)   0.0000 (  0.0%)   0.0000 (  0.0%)  Memory Dependence Analysis
   0.0000 (  0.0%)   0.0000 (  0.0%)   0.0000 (  0.0%)   0.0000 (  0.0%)  Memory Dependence Analysis
   0.0000 (  0.0%)   0.0000 (  0.0%)   0.0000 (  0.0%)   0.0000 (  0.0%)  Infer direct input/output accesses
   0.0000 (  0.0%)   0.0000 (  0.0%)   0.0000 (  0.0%)   0.0000 (  0.0%)  Memory Dependence Analysis
   0.0000 (  0.0%)   0.0000 (  0.0%)   0.0000 (  0.0%)   0.0000 (  0.0%)  Basic Alias Analysis (stateless AA impl)
   0.0000 (  0.0%)   0.0000 (  0.0%)   0.0000 (  0.0%)   0.0000 (  0.0%)  Basic Alias Analysis (stateless AA impl)
   0.0000 (  0.0%)   0.0000 (  0.0%)   0.0000 (  0.0%)   0.0000 (  0.0%)  Lazy Value Information Analysis
   0.0000 (  0.0%)   0.0000 (  0.0%)   0.0000 (  0.0%)   0.0000 (  0.0%)  Function Alias Analysis Results
   0.0000 (  0.0%)   0.0000 (  0.0%)   0.0000 (  0.0%)   0.0000 (  0.0%)  Basic Alias Analysis (stateless AA impl)
   0.0000 (  0.0%)   0.0000 (  0.0%)   0.0000 (  0.0%)   0.0000 (  0.0%)  Basic Alias Analysis (stateless AA impl)
   0.0000 (  0.0%)   0.0000 (  0.0%)   0.0000 (  0.0%)   0.0000 (  0.0%)  Memory Dependence Analysis
   0.0000 (  0.0%)   0.0000 (  0.0%)   0.0000 (  0.0%)   0.0000 (  0.0%)  Basic Alias Analysis (stateless AA impl)
   0.0000 (  0.0%)   0.0000 (  0.0%)   0.0000 (  0.0%)   0.0000 (  0.0%)  Basic Alias Analysis (stateless AA impl)
   0.0000 (  0.0%)   0.0000 (  0.0%)   0.0000 (  0.0%)   0.0000 (  0.0%)  Scalar Evolution Analysis
   0.0000 (  0.0%)   0.0000 (  0.0%)   0.0000 (  0.0%)   0.0000 (  0.0%)  Basic Alias Analysis (stateless AA impl)
   0.0000 (  0.0%)   0.0000 (  0.0%)   0.0000 (  0.0%)   0.0000 (  0.0%)  Function Alias Analysis Results
   0.0000 (  0.0%)   0.0000 (  0.0%)   0.0000 (  0.0%)   0.0000 (  0.0%)  Memory Dependence Analysis
   0.0000 (  0.0%)   0.0000 (  0.0%)   0.0000 (  0.0%)   0.0000 (  0.0%)  Memory Dependence Analysis
   0.0000 (  0.0%)   0.0000 (  0.0%)   0.0000 (  0.0%)   0.0000 (  0.0%)  Loop-Closed SSA Form Pass
   0.0000 (  0.0%)   0.0000 (  0.0%)   0.0000 (  0.0%)   0.0000 (  0.0%)  Infer workgroup size for opencl Kernel
   0.0000 (  0.0%)   0.0000 (  0.0%)   0.0000 (  0.0%)   0.0000 (  0.0%)  Function Alias Analysis Results
   0.0000 (  0.0%)   0.0000 (  0.0%)   0.0000 (  0.0%)   0.0000 (  0.0%)  Lazy Branch Probability Analysis
   0.0000 (  0.0%)   0.0000 (  0.0%)   0.0000 (  0.0%)   0.0000 (  0.0%)  Basic Alias Analysis (stateless AA impl)
   0.0000 (  0.0%)   0.0000 (  0.0%)   0.0000 (  0.0%)   0.0000 (  0.0%)  Memory Dependence Analysis
   0.0000 (  0.0%)   0.0000 (  0.0%)   0.0000 (  0.0%)   0.0000 (  0.0%)  Basic Alias Analysis (stateless AA impl)
   0.0000 (  0.0%)   0.0000 (  0.0%)   0.0000 (  0.0%)   0.0000 (  0.0%)  Lazy Branch Probability Analysis
   0.0000 (  0.0%)   0.0000 (  0.0%)   0.0000 (  0.0%)   0.0000 (  0.0%)  Function Alias Analysis Results
   0.0000 (  0.0%)   0.0000 (  0.0%)   0.0000 (  0.0%)   0.0000 (  0.0%)  Memory Dependence Analysis
   0.0000 (  0.0%)   0.0000 (  0.0%)   0.0000 (  0.0%)   0.0000 (  0.0%)  Scalar Evolution Canonicalization
   0.0000 (  0.0%)   0.0000 (  0.0%)   0.0000 (  0.0%)   0.0000 (  0.0%)  Lazy Branch Probability Analysis
   0.0000 (  0.0%)   0.0000 (  0.0%)   0.0000 (  0.0%)   0.0000 (  0.0%)  Memory Dependence Analysis
   0.0000 (  0.0%)   0.0000 (  0.0%)   0.0000 (  0.0%)   0.0000 (  0.0%)  Scalar Evolution Canonicalization
   0.0000 (  0.0%)   0.0000 (  0.0%)   0.0000 (  0.0%)   0.0000 (  0.0%)  Function duplication
   0.0000 (  0.0%)   0.0000 (  0.0%)   0.0000 (  0.0%)   0.0000 (  0.0%)  Basic Alias Analysis (stateless AA impl)
   0.0000 (  0.0%)   0.0000 (  0.0%)   0.0000 (  0.0%)   0.0000 (  0.0%)  Basic Alias Analysis (stateless AA impl)
   0.0000 (  0.0%)   0.0000 (  0.0%)   0.0000 (  0.0%)   0.0000 (  0.0%)  SeqAccessesInference - Infer Sequential accesses for HLS C/C++
   0.0000 (  0.0%)   0.0000 (  0.0%)   0.0000 (  0.0%)   0.0000 (  0.0%)  Basic Alias Analysis (stateless AA impl)
   0.0000 (  0.0%)   0.0000 (  0.0%)   0.0000 (  0.0%)   0.0000 (  0.0%)  Optimization Remark Emitter
   0.0000 (  0.0%)   0.0000 (  0.0%)   0.0000 (  0.0%)   0.0000 (  0.0%)  Lazy Branch Probability Analysis
   0.0000 (  0.0%)   0.0000 (  0.0%)   0.0000 (  0.0%)   0.0000 (  0.0%)  Memory Dependence Analysis
   0.0000 (  0.0%)   0.0000 (  0.0%)   0.0000 (  0.0%)   0.0000 (  0.0%)  Lazy Branch Probability Analysis
   0.0000 (  0.0%)   0.0000 (  0.0%)   0.0000 (  0.0%)   0.0000 (  0.0%)  Lazy Branch Probability Analysis
   0.0000 (  0.0%)   0.0000 (  0.0%)   0.0000 (  0.0%)   0.0000 (  0.0%)  Function Alias Analysis Results
   0.0000 (  0.0%)   0.0000 (  0.0%)   0.0000 (  0.0%)   0.0000 (  0.0%)  Memory Dependence Analysis
   0.0000 (  0.0%)   0.0000 (  0.0%)   0.0000 (  0.0%)   0.0000 (  0.0%)  Basic Alias Analysis (stateless AA impl)
   0.0000 (  0.0%)   0.0000 (  0.0%)   0.0000 (  0.0%)   0.0000 (  0.0%)  Basic Alias Analysis (stateless AA impl)
   0.0000 (  0.0%)   0.0000 (  0.0%)   0.0000 (  0.0%)   0.0000 (  0.0%)  Optimization Remark Emitter
   0.0000 (  0.0%)   0.0000 (  0.0%)   0.0000 (  0.0%)   0.0000 (  0.0%)  Memory Dependence Analysis
   0.0000 (  0.0%)   0.0000 (  0.0%)   0.0000 (  0.0%)   0.0000 (  0.0%)  Lazy Branch Probability Analysis
   0.0000 (  0.0%)   0.0000 (  0.0%)   0.0000 (  0.0%)   0.0000 (  0.0%)  Basic Alias Analysis (stateless AA impl)
   0.0000 (  0.0%)   0.0000 (  0.0%)   0.0000 (  0.0%)   0.0000 (  0.0%)  Memory Dependence Analysis
   0.0000 (  0.0%)   0.0000 (  0.0%)   0.0000 (  0.0%)   0.0000 (  0.0%)  Canonicalize natural loops
   0.0000 (  0.0%)   0.0000 (  0.0%)   0.0000 (  0.0%)   0.0000 (  0.0%)  Memory Dependence Analysis
   0.0000 (  0.0%)   0.0000 (  0.0%)   0.0000 (  0.0%)   0.0000 (  0.0%)  Lazy Value Information Analysis
   0.0000 (  0.0%)   0.0000 (  0.0%)   0.0000 (  0.0%)   0.0000 (  0.0%)  Memory Dependence Analysis
   0.0000 (  0.0%)   0.0000 (  0.0%)   0.0000 (  0.0%)   0.0000 (  0.0%)  Memory Dependence Analysis
   0.0000 (  0.0%)   0.0000 (  0.0%)   0.0000 (  0.0%)   0.0000 (  0.0%)  Scalar Evolution Canonicalization
   0.0000 (  0.0%)   0.0000 (  0.0%)   0.0000 (  0.0%)   0.0000 (  0.0%)  Basic Alias Analysis (stateless AA impl)
   0.0000 (  0.0%)   0.0000 (  0.0%)   0.0000 (  0.0%)   0.0000 (  0.0%)  Memory Dependence Analysis
   0.0000 (  0.0%)   0.0000 (  0.0%)   0.0000 (  0.0%)   0.0000 (  0.0%)  Basic Alias Analysis (stateless AA impl)
   0.0000 (  0.0%)   0.0000 (  0.0%)   0.0000 (  0.0%)   0.0000 (  0.0%)  do loop unroll according tripcount threshold config
   0.0000 (  0.0%)   0.0000 (  0.0%)   0.0000 (  0.0%)   0.0000 (  0.0%)  Lazy Branch Probability Analysis
   0.0000 (  0.0%)   0.0000 (  0.0%)   0.0000 (  0.0%)   0.0000 (  0.0%)  Memory Dependence Analysis
   0.0000 (  0.0%)   0.0000 (  0.0%)   0.0000 (  0.0%)   0.0000 (  0.0%)  Lazy Branch Probability Analysis
   0.0000 (  0.0%)   0.0000 (  0.0%)   0.0000 (  0.0%)   0.0000 (  0.0%)  Basic Alias Analysis (stateless AA impl)
   0.0000 (  0.0%)   0.0000 (  0.0%)   0.0000 (  0.0%)   0.0000 (  0.0%)  Memory Dependence Analysis
   0.0000 (  0.0%)   0.0000 (  0.0%)   0.0000 (  0.0%)   0.0000 (  0.0%)  Scalar Evolution Canonicalization
   0.0000 (  0.0%)   0.0000 (  0.0%)   0.0000 (  0.0%)   0.0000 (  0.0%)  Basic Alias Analysis (stateless AA impl)
   0.0000 (  0.0%)   0.0000 (  0.0%)   0.0000 (  0.0%)   0.0000 (  0.0%)  Lazy Branch Probability Analysis
   0.0000 (  0.0%)   0.0000 (  0.0%)   0.0000 (  0.0%)   0.0000 (  0.0%)  Lazy Branch Probability Analysis
   0.0000 (  0.0%)   0.0000 (  0.0%)   0.0000 (  0.0%)   0.0000 (  0.0%)  Memory Dependence Analysis
   0.0000 (  0.0%)   0.0000 (  0.0%)   0.0000 (  0.0%)   0.0000 (  0.0%)  Basic Alias Analysis (stateless AA impl)
   0.0000 (  0.0%)   0.0000 (  0.0%)   0.0000 (  0.0%)   0.0000 (  0.0%)  Basic Alias Analysis (stateless AA impl)
   0.0000 (  0.0%)   0.0000 (  0.0%)   0.0000 (  0.0%)   0.0000 (  0.0%)  LoopFlattenMark - Mark nested loops flattenable recursively
   0.0000 (  0.0%)   0.0000 (  0.0%)   0.0000 (  0.0%)   0.0000 (  0.0%)  Memory Dependence Analysis
   0.0000 (  0.0%)   0.0000 (  0.0%)   0.0000 (  0.0%)   0.0000 (  0.0%)  Memory Dependence Analysis
   0.0000 (  0.0%)   0.0000 (  0.0%)   0.0000 (  0.0%)   0.0000 (  0.0%)  Basic Alias Analysis (stateless AA impl)
   0.0000 (  0.0%)   0.0000 (  0.0%)   0.0000 (  0.0%)   0.0000 (  0.0%)  Basic Alias Analysis (stateless AA impl)
   0.0000 (  0.0%)   0.0000 (  0.0%)   0.0000 (  0.0%)   0.0000 (  0.0%)  Interface Analysis
   0.0000 (  0.0%)   0.0000 (  0.0%)   0.0000 (  0.0%)   0.0000 (  0.0%)  Lazy Branch Probability Analysis
   0.0000 (  0.0%)   0.0000 (  0.0%)   0.0000 (  0.0%)   0.0000 (  0.0%)  ScalarEvolution-based Alias Analysis
   0.0000 (  0.0%)   0.0000 (  0.0%)   0.0000 (  0.0%)   0.0000 (  0.0%)  Memory Dependence Analysis
   0.0000 (  0.0%)   0.0000 (  0.0%)   0.0000 (  0.0%)   0.0000 (  0.0%)  Lazy Branch Probability Analysis
   0.0000 (  0.0%)   0.0000 (  0.0%)   0.0000 (  0.0%)   0.0000 (  0.0%)  Basic Alias Analysis (stateless AA impl)
   0.0000 (  0.0%)   0.0000 (  0.0%)   0.0000 (  0.0%)   0.0000 (  0.0%)  Memory Dependence Analysis
   0.0000 (  0.0%)   0.0000 (  0.0%)   0.0000 (  0.0%)   0.0000 (  0.0%)  Predicate analysis under a loop context
   0.0000 (  0.0%)   0.0000 (  0.0%)   0.0000 (  0.0%)   0.0000 (  0.0%)  Reflow auto unroll loops
   0.0000 (  0.0%)   0.0000 (  0.0%)   0.0000 (  0.0%)   0.0000 (  0.0%)  Memory Dependence Analysis
   0.0000 (  0.0%)   0.0000 (  0.0%)   0.0000 (  0.0%)   0.0000 (  0.0%)  Optimization Remark Emitter
   0.0000 (  0.0%)   0.0000 (  0.0%)   0.0000 (  0.0%)   0.0000 (  0.0%)  Predicate analysis under a loop context
   0.0000 (  0.0%)   0.0000 (  0.0%)   0.0000 (  0.0%)   0.0000 (  0.0%)  ScalarEvolution-based Alias Analysis
   0.0000 (  0.0%)   0.0000 (  0.0%)   0.0000 (  0.0%)   0.0000 (  0.0%)  Memory Dependence Analysis
   0.0000 (  0.0%)   0.0000 (  0.0%)   0.0000 (  0.0%)   0.0000 (  0.0%)  Lazy Branch Probability Analysis
   0.0000 (  0.0%)   0.0000 (  0.0%)   0.0000 (  0.0%)   0.0000 (  0.0%)  Basic Alias Analysis (stateless AA impl)
   0.0000 (  0.0%)   0.0000 (  0.0%)   0.0000 (  0.0%)   0.0000 (  0.0%)  Memory Dependence Analysis
   0.0000 (  0.0%)   0.0000 (  0.0%)   0.0000 (  0.0%)   0.0000 (  0.0%)  Basic Alias Analysis (stateless AA impl)
   0.0000 (  0.0%)   0.0000 (  0.0%)   0.0000 (  0.0%)   0.0000 (  0.0%)  Memory Dependence Analysis
   0.0000 (  0.0%)   0.0000 (  0.0%)   0.0000 (  0.0%)   0.0000 (  0.0%)  Memory Dependence Analysis
   0.0000 (  0.0%)   0.0000 (  0.0%)   0.0000 (  0.0%)   0.0000 (  0.0%)  ScalarEvolution-based Alias Analysis
   0.0000 (  0.0%)   0.0000 (  0.0%)   0.0000 (  0.0%)   0.0000 (  0.0%)  Scalar Evolution Canonicalization
   0.0000 (  0.0%)   0.0000 (  0.0%)   0.0000 (  0.0%)   0.0000 (  0.0%)  Basic Alias Analysis (stateless AA impl)
   0.0000 (  0.0%)   0.0000 (  0.0%)   0.0000 (  0.0%)   0.0000 (  0.0%)  Basic Alias Analysis (stateless AA impl)
   0.0000 (  0.0%)   0.0000 (  0.0%)   0.0000 (  0.0%)   0.0000 (  0.0%)  Scalar Evolution Canonicalization
   0.0000 (  0.0%)   0.0000 (  0.0%)   0.0000 (  0.0%)   0.0000 (  0.0%)  Basic Alias Analysis (stateless AA impl)
   0.0000 (  0.0%)   0.0000 (  0.0%)   0.0000 (  0.0%)   0.0000 (  0.0%)  Memory Dependence Analysis
   0.0000 (  0.0%)   0.0000 (  0.0%)   0.0000 (  0.0%)   0.0000 (  0.0%)  Lazy Branch Probability Analysis
   0.0000 (  0.0%)   0.0000 (  0.0%)   0.0000 (  0.0%)   0.0000 (  0.0%)  Memory Dependence Analysis
   0.0000 (  0.0%)   0.0000 (  0.0%)   0.0000 (  0.0%)   0.0000 (  0.0%)  Memory Dependence Analysis
   0.0000 (  0.0%)   0.0000 (  0.0%)   0.0000 (  0.0%)   0.0000 (  0.0%)  Expand private memory for each workitem in SPMD program
   0.0000 (  0.0%)   0.0000 (  0.0%)   0.0000 (  0.0%)   0.0000 (  0.0%)  Basic Alias Analysis (stateless AA impl)
   0.0000 (  0.0%)   0.0000 (  0.0%)   0.0000 (  0.0%)   0.0000 (  0.0%)  Lazy Branch Probability Analysis
   0.0000 (  0.0%)   0.0000 (  0.0%)   0.0000 (  0.0%)   0.0000 (  0.0%)  Basic Alias Analysis (stateless AA impl)
   0.0000 (  0.0%)   0.0000 (  0.0%)   0.0000 (  0.0%)   0.0000 (  0.0%)  Rotate Loops
   0.0000 (  0.0%)   0.0000 (  0.0%)   0.0000 (  0.0%)   0.0000 (  0.0%)  Optimization Remark Emitter
   0.0000 (  0.0%)   0.0000 (  0.0%)   0.0000 (  0.0%)   0.0000 (  0.0%)  Memory Dependence Analysis
   0.0000 (  0.0%)   0.0000 (  0.0%)   0.0000 (  0.0%)   0.0000 (  0.0%)  Basic Alias Analysis (stateless AA impl)
   0.0000 (  0.0%)   0.0000 (  0.0%)   0.0000 (  0.0%)   0.0000 (  0.0%)  Lazy Branch Probability Analysis
   0.0000 (  0.0%)   0.0000 (  0.0%)   0.0000 (  0.0%)   0.0000 (  0.0%)  ScalarEvolution-based Alias Analysis
   0.0000 (  0.0%)   0.0000 (  0.0%)   0.0000 (  0.0%)   0.0000 (  0.0%)  Basic Alias Analysis (stateless AA impl)
   0.0000 (  0.0%)   0.0000 (  0.0%)   0.0000 (  0.0%)   0.0000 (  0.0%)  Lazy Block Frequency Analysis
   0.0000 (  0.0%)   0.0000 (  0.0%)   0.0000 (  0.0%)   0.0000 (  0.0%)  Optimization Remark Emitter
   0.0000 (  0.0%)   0.0000 (  0.0%)   0.0000 (  0.0%)   0.0000 (  0.0%)  Lazy Branch Probability Analysis
   0.0000 (  0.0%)   0.0000 (  0.0%)   0.0000 (  0.0%)   0.0000 (  0.0%)  Basic Alias Analysis (stateless AA impl)
   0.0000 (  0.0%)   0.0000 (  0.0%)   0.0000 (  0.0%)   0.0000 (  0.0%)  Basic Alias Analysis (stateless AA impl)
   0.0000 (  0.0%)   0.0000 (  0.0%)   0.0000 (  0.0%)   0.0000 (  0.0%)  Lazy Branch Probability Analysis
   0.0000 (  0.0%)   0.0000 (  0.0%)   0.0000 (  0.0%)   0.0000 (  0.0%)  Lazy Branch Probability Analysis
   0.0000 (  0.0%)   0.0000 (  0.0%)   0.0000 (  0.0%)   0.0000 (  0.0%)  Optimization Remark Emitter
   0.0000 (  0.0%)   0.0000 (  0.0%)   0.0000 (  0.0%)   0.0000 (  0.0%)  ScalarEvolution-based Alias Analysis
   0.0000 (  0.0%)   0.0000 (  0.0%)   0.0000 (  0.0%)   0.0000 (  0.0%)  Canonicalize natural loops
   0.0000 (  0.0%)   0.0000 (  0.0%)   0.0000 (  0.0%)   0.0000 (  0.0%)  Memory Dependence Analysis
   0.0000 (  0.0%)   0.0000 (  0.0%)   0.0000 (  0.0%)   0.0000 (  0.0%)  Basic Alias Analysis (stateless AA impl)
   0.0000 (  0.0%)   0.0000 (  0.0%)   0.0000 (  0.0%)   0.0000 (  0.0%)  Optimization Remark Emitter
   0.0000 (  0.0%)   0.0000 (  0.0%)   0.0000 (  0.0%)   0.0000 (  0.0%)  Scalar Evolution Canonicalization
   0.0000 (  0.0%)   0.0000 (  0.0%)   0.0000 (  0.0%)   0.0000 (  0.0%)  ScalarEvolution-based Alias Analysis
   0.0000 (  0.0%)   0.0000 (  0.0%)   0.0000 (  0.0%)   0.0000 (  0.0%)  Lazy Branch Probability Analysis
   0.0000 (  0.0%)   0.0000 (  0.0%)   0.0000 (  0.0%)   0.0000 (  0.0%)  Scalar Evolution Canonicalization
   0.0000 (  0.0%)   0.0000 (  0.0%)   0.0000 (  0.0%)   0.0000 (  0.0%)  ScalarEvolution-based Alias Analysis
   0.0000 (  0.0%)   0.0000 (  0.0%)   0.0000 (  0.0%)   0.0000 (  0.0%)  Lazy Branch Probability Analysis
   0.0000 (  0.0%)   0.0000 (  0.0%)   0.0000 (  0.0%)   0.0000 (  0.0%)  Lazy Branch Probability Analysis
   0.0000 (  0.0%)   0.0000 (  0.0%)   0.0000 (  0.0%)   0.0000 (  0.0%)  Basic Alias Analysis (stateless AA impl)
   0.0000 (  0.0%)   0.0000 (  0.0%)   0.0000 (  0.0%)   0.0000 (  0.0%)  ScalarEvolution-based Alias Analysis
   0.0000 (  0.0%)   0.0000 (  0.0%)   0.0000 (  0.0%)   0.0000 (  0.0%)  Lazy Branch Probability Analysis
   0.0000 (  0.0%)   0.0000 (  0.0%)   0.0000 (  0.0%)   0.0000 (  0.0%)  ScalarEvolution-based Alias Analysis
   0.0000 (  0.0%)   0.0000 (  0.0%)   0.0000 (  0.0%)   0.0000 (  0.0%)  Canonicalize natural loops
   0.0000 (  0.0%)   0.0000 (  0.0%)   0.0000 (  0.0%)   0.0000 (  0.0%)  ScalarEvolution-based Alias Analysis
   0.0000 (  0.0%)   0.0000 (  0.0%)   0.0000 (  0.0%)   0.0000 (  0.0%)  Lazy Block Frequency Analysis
   0.0000 (  0.0%)   0.0000 (  0.0%)   0.0000 (  0.0%)   0.0000 (  0.0%)  Optimization Remark Emitter
   0.0000 (  0.0%)   0.0000 (  0.0%)   0.0000 (  0.0%)   0.0000 (  0.0%)  Memory Dependence Analysis
   0.0000 (  0.0%)   0.0000 (  0.0%)   0.0000 (  0.0%)   0.0000 (  0.0%)  Memory Dependence Analysis
   0.0000 (  0.0%)   0.0000 (  0.0%)   0.0000 (  0.0%)   0.0000 (  0.0%)  Lazy Branch Probability Analysis
   0.0000 (  0.0%)   0.0000 (  0.0%)   0.0000 (  0.0%)   0.0000 (  0.0%)  Basic Alias Analysis (stateless AA impl)
   0.0000 (  0.0%)   0.0000 (  0.0%)   0.0000 (  0.0%)   0.0000 (  0.0%)  LoopFlattenMark - Mark nested loops flattenable recursively
   0.0000 (  0.0%)   0.0000 (  0.0%)   0.0000 (  0.0%)   0.0000 (  0.0%)  Memory Dependence Analysis
   0.0000 (  0.0%)   0.0000 (  0.0%)   0.0000 (  0.0%)   0.0000 (  0.0%)  Basic Alias Analysis (stateless AA impl)
   0.0000 (  0.0%)   0.0000 (  0.0%)   0.0000 (  0.0%)   0.0000 (  0.0%)  Lazy Block Frequency Analysis
   0.0000 (  0.0%)   0.0000 (  0.0%)   0.0000 (  0.0%)   0.0000 (  0.0%)  Dependence Analysis
   0.0000 (  0.0%)   0.0000 (  0.0%)   0.0000 (  0.0%)   0.0000 (  0.0%)  Optimization Remark Emitter
   0.0000 (  0.0%)   0.0000 (  0.0%)   0.0000 (  0.0%)   0.0000 (  0.0%)  Optimization Remark Emitter
   0.0000 (  0.0%)   0.0000 (  0.0%)   0.0000 (  0.0%)   0.0000 (  0.0%)  Optimization Remark Emitter
   0.0000 (  0.0%)   0.0000 (  0.0%)   0.0000 (  0.0%)   0.0000 (  0.0%)  Lazy Branch Probability Analysis
   0.0000 (  0.0%)   0.0000 (  0.0%)   0.0000 (  0.0%)   0.0000 (  0.0%)  Optimization Remark Emitter
   0.0000 (  0.0%)   0.0000 (  0.0%)   0.0000 (  0.0%)   0.0000 (  0.0%)  Lazy Block Frequency Analysis
   0.0000 (  0.0%)   0.0000 (  0.0%)   0.0000 (  0.0%)   0.0000 (  0.0%)  Basic Alias Analysis (stateless AA impl)
   0.0000 (  0.0%)   0.0000 (  0.0%)   0.0000 (  0.0%)   0.0000 (  0.0%)  ScalarEvolution-based Alias Analysis
   0.0000 (  0.0%)   0.0000 (  0.0%)   0.0000 (  0.0%)   0.0000 (  0.0%)  Optimization Remark Emitter
   0.0000 (  0.0%)   0.0000 (  0.0%)   0.0000 (  0.0%)   0.0000 (  0.0%)  Basic Alias Analysis (stateless AA impl)
   0.0000 (  0.0%)   0.0000 (  0.0%)   0.0000 (  0.0%)   0.0000 (  0.0%)  ScalarEvolution-based Alias Analysis
   0.0000 (  0.0%)   0.0000 (  0.0%)   0.0000 (  0.0%)   0.0000 (  0.0%)  Optimization Remark Emitter
   0.0000 (  0.0%)   0.0000 (  0.0%)   0.0000 (  0.0%)   0.0000 (  0.0%)  Optimization Remark Emitter
   0.0000 (  0.0%)   0.0000 (  0.0%)   0.0000 (  0.0%)   0.0000 (  0.0%)  ScalarEvolution-based Alias Analysis
   0.0000 (  0.0%)   0.0000 (  0.0%)   0.0000 (  0.0%)   0.0000 (  0.0%)  Basic Alias Analysis (stateless AA impl)
   0.0000 (  0.0%)   0.0000 (  0.0%)   0.0000 (  0.0%)   0.0000 (  0.0%)  Lazy Block Frequency Analysis
   0.0000 (  0.0%)   0.0000 (  0.0%)   0.0000 (  0.0%)   0.0000 (  0.0%)  ScalarEvolution-based Alias Analysis
   0.0000 (  0.0%)   0.0000 (  0.0%)   0.0000 (  0.0%)   0.0000 (  0.0%)  Optimization Remark Emitter
   0.0000 (  0.0%)   0.0000 (  0.0%)   0.0000 (  0.0%)   0.0000 (  0.0%)  Lazy Branch Probability Analysis
   0.0000 (  0.0%)   0.0000 (  0.0%)   0.0000 (  0.0%)   0.0000 (  0.0%)  ScalarEvolution-based Alias Analysis
   0.0000 (  0.0%)   0.0000 (  0.0%)   0.0000 (  0.0%)   0.0000 (  0.0%)  Lazy Block Frequency Analysis
   0.0000 (  0.0%)   0.0000 (  0.0%)   0.0000 (  0.0%)   0.0000 (  0.0%)  Lazy Branch Probability Analysis
   0.0000 (  0.0%)   0.0000 (  0.0%)   0.0000 (  0.0%)   0.0000 (  0.0%)  Optimization Remark Emitter
   0.0000 (  0.0%)   0.0000 (  0.0%)   0.0000 (  0.0%)   0.0000 (  0.0%)  Lazy Branch Probability Analysis
   0.0000 (  0.0%)   0.0000 (  0.0%)   0.0000 (  0.0%)   0.0000 (  0.0%)  Memory Dependence Analysis
   0.0000 (  0.0%)   0.0000 (  0.0%)   0.0000 (  0.0%)   0.0000 (  0.0%)  Lazy Branch Probability Analysis
   0.0000 (  0.0%)   0.0000 (  0.0%)   0.0000 (  0.0%)   0.0000 (  0.0%)  Lazy Block Frequency Analysis
   0.0000 (  0.0%)   0.0000 (  0.0%)   0.0000 (  0.0%)   0.0000 (  0.0%)  Lazy Block Frequency Analysis
   0.0000 (  0.0%)   0.0000 (  0.0%)   0.0000 (  0.0%)   0.0000 (  0.0%)  ScalarEvolution-based Alias Analysis
   0.0000 (  0.0%)   0.0000 (  0.0%)   0.0000 (  0.0%)   0.0000 (  0.0%)  Lazy Branch Probability Analysis
   0.0000 (  0.0%)   0.0000 (  0.0%)   0.0000 (  0.0%)   0.0000 (  0.0%)  Lazy Branch Probability Analysis
   0.0000 (  0.0%)   0.0000 (  0.0%)   0.0000 (  0.0%)   0.0000 (  0.0%)  ScalarEvolution-based Alias Analysis
   0.0000 (  0.0%)   0.0000 (  0.0%)   0.0000 (  0.0%)   0.0000 (  0.0%)  ScalarEvolution-based Alias Analysis
   0.0000 (  0.0%)   0.0000 (  0.0%)   0.0000 (  0.0%)   0.0000 (  0.0%)  Lazy Branch Probability Analysis
   0.0000 (  0.0%)   0.0000 (  0.0%)   0.0000 (  0.0%)   0.0000 (  0.0%)  Lazy Branch Probability Analysis
   0.0000 (  0.0%)   0.0000 (  0.0%)   0.0000 (  0.0%)   0.0000 (  0.0%)  Lazy Block Frequency Analysis
   0.0000 (  0.0%)   0.0000 (  0.0%)   0.0000 (  0.0%)   0.0000 (  0.0%)  ScalarEvolution-based Alias Analysis
   0.0000 (  0.0%)   0.0000 (  0.0%)   0.0000 (  0.0%)   0.0000 (  0.0%)  Lazy Branch Probability Analysis
   0.0000 (  0.0%)   0.0000 (  0.0%)   0.0000 (  0.0%)   0.0000 (  0.0%)  Optimization Remark Emitter
   0.0000 (  0.0%)   0.0000 (  0.0%)   0.0000 (  0.0%)   0.0000 (  0.0%)  Lazy Block Frequency Analysis
   0.0000 (  0.0%)   0.0000 (  0.0%)   0.0000 (  0.0%)   0.0000 (  0.0%)  Lazy Block Frequency Analysis
   0.0000 (  0.0%)   0.0000 (  0.0%)   0.0000 (  0.0%)   0.0000 (  0.0%)  ScalarEvolution-based Alias Analysis
   0.0000 (  0.0%)   0.0000 (  0.0%)   0.0000 (  0.0%)   0.0000 (  0.0%)  Optimization Remark Emitter
   0.0000 (  0.0%)   0.0000 (  0.0%)   0.0000 (  0.0%)   0.0000 (  0.0%)  Optimization Remark Emitter
   0.0000 (  0.0%)   0.0000 (  0.0%)   0.0000 (  0.0%)   0.0000 (  0.0%)  Lazy Branch Probability Analysis
   0.0000 (  0.0%)   0.0000 (  0.0%)   0.0000 (  0.0%)   0.0000 (  0.0%)  Optimization Remark Emitter
   0.0000 (  0.0%)   0.0000 (  0.0%)   0.0000 (  0.0%)   0.0000 (  0.0%)  Basic Alias Analysis (stateless AA impl)
   0.0000 (  0.0%)   0.0000 (  0.0%)   0.0000 (  0.0%)   0.0000 (  0.0%)  Basic Alias Analysis (stateless AA impl)
   0.0000 (  0.0%)   0.0000 (  0.0%)   0.0000 (  0.0%)   0.0000 (  0.0%)  Scalar Evolution Canonicalization
   0.0000 (  0.0%)   0.0000 (  0.0%)   0.0000 (  0.0%)   0.0000 (  0.0%)  Memory Dependence Analysis
   0.0000 (  0.0%)   0.0000 (  0.0%)   0.0000 (  0.0%)   0.0000 (  0.0%)  Lazy Branch Probability Analysis
   0.0000 (  0.0%)   0.0000 (  0.0%)   0.0000 (  0.0%)   0.0000 (  0.0%)  Lazy Branch Probability Analysis
   0.0000 (  0.0%)   0.0000 (  0.0%)   0.0000 (  0.0%)   0.0000 (  0.0%)  Lazy Block Frequency Analysis
   0.0000 (  0.0%)   0.0000 (  0.0%)   0.0000 (  0.0%)   0.0000 (  0.0%)  Lazy Branch Probability Analysis
   0.0000 (  0.0%)   0.0000 (  0.0%)   0.0000 (  0.0%)   0.0000 (  0.0%)  Basic Alias Analysis (stateless AA impl)
   0.0000 (  0.0%)   0.0000 (  0.0%)   0.0000 (  0.0%)   0.0000 (  0.0%)  Memory Dependence Analysis
   0.0000 (  0.0%)   0.0000 (  0.0%)   0.0000 (  0.0%)   0.0000 (  0.0%)  Lazy Block Frequency Analysis
   0.0000 (  0.0%)   0.0000 (  0.0%)   0.0000 (  0.0%)   0.0000 (  0.0%)  Lazy Branch Probability Analysis
   0.0000 (  0.0%)   0.0000 (  0.0%)   0.0000 (  0.0%)   0.0000 (  0.0%)  Canonicalize natural loops
   0.0000 (  0.0%)   0.0000 (  0.0%)   0.0000 (  0.0%)   0.0000 (  0.0%)  Lazy Branch Probability Analysis
   0.0000 (  0.0%)   0.0000 (  0.0%)   0.0000 (  0.0%)   0.0000 (  0.0%)  ScalarEvolution-based Alias Analysis
   0.0000 (  0.0%)   0.0000 (  0.0%)   0.0000 (  0.0%)   0.0000 (  0.0%)  Lazy Block Frequency Analysis
   0.0000 (  0.0%)   0.0000 (  0.0%)   0.0000 (  0.0%)   0.0000 (  0.0%)  Scalar Evolution Canonicalization
   0.0000 (  0.0%)   0.0000 (  0.0%)   0.0000 (  0.0%)   0.0000 (  0.0%)  Lazy Branch Probability Analysis
   0.0000 (  0.0%)   0.0000 (  0.0%)   0.0000 (  0.0%)   0.0000 (  0.0%)  Lazy Branch Probability Analysis
   0.0000 (  0.0%)   0.0000 (  0.0%)   0.0000 (  0.0%)   0.0000 (  0.0%)  Scalar Evolution Canonicalization
   0.0000 (  0.0%)   0.0000 (  0.0%)   0.0000 (  0.0%)   0.0000 (  0.0%)  Lazy Block Frequency Analysis
   0.0000 (  0.0%)   0.0000 (  0.0%)   0.0000 (  0.0%)   0.0000 (  0.0%)  Lazy Block Frequency Analysis
   0.0000 (  0.0%)   0.0000 (  0.0%)   0.0000 (  0.0%)   0.0000 (  0.0%)  Optimization Remark Emitter
   0.0000 (  0.0%)   0.0000 (  0.0%)   0.0000 (  0.0%)   0.0000 (  0.0%)  Optimization Remark Emitter
   0.0000 (  0.0%)   0.0000 (  0.0%)   0.0000 (  0.0%)   0.0000 (  0.0%)  Analyze occurrence information
   0.0000 (  0.0%)   0.0000 (  0.0%)   0.0000 (  0.0%)   0.0000 (  0.0%)  Optimization Remark Emitter
   0.0000 (  0.0%)   0.0000 (  0.0%)   0.0000 (  0.0%)   0.0000 (  0.0%)  Lazy Block Frequency Analysis
   0.0000 (  0.0%)   0.0000 (  0.0%)   0.0000 (  0.0%)   0.0000 (  0.0%)  Memory Dependence Analysis
   0.0000 (  0.0%)   0.0000 (  0.0%)   0.0000 (  0.0%)   0.0000 (  0.0%)  Basic Alias Analysis (stateless AA impl)
   0.0000 (  0.0%)   0.0000 (  0.0%)   0.0000 (  0.0%)   0.0000 (  0.0%)  Optimization Remark Emitter
   0.0000 (  0.0%)   0.0000 (  0.0%)   0.0000 (  0.0%)   0.0000 (  0.0%)  Lazy Block Frequency Analysis
   0.0000 (  0.0%)   0.0000 (  0.0%)   0.0000 (  0.0%)   0.0000 (  0.0%)  Lazy Branch Probability Analysis
   0.0000 (  0.0%)   0.0000 (  0.0%)   0.0000 (  0.0%)   0.0000 (  0.0%)  Optimization Remark Emitter
   0.0000 (  0.0%)   0.0000 (  0.0%)   0.0000 (  0.0%)   0.0000 (  0.0%)  Lazy Branch Probability Analysis
   0.0000 (  0.0%)   0.0000 (  0.0%)   0.0000 (  0.0%)   0.0000 (  0.0%)  Basic Alias Analysis (stateless AA impl)
   0.0000 (  0.0%)   0.0000 (  0.0%)   0.0000 (  0.0%)   0.0000 (  0.0%)  Lazy Branch Probability Analysis
   0.0000 (  0.0%)   0.0000 (  0.0%)   0.0000 (  0.0%)   0.0000 (  0.0%)  Optimization Remark Emitter
   0.0000 (  0.0%)   0.0000 (  0.0%)   0.0000 (  0.0%)   0.0000 (  0.0%)  Lazy Branch Probability Analysis
   0.0000 (  0.0%)   0.0000 (  0.0%)   0.0000 (  0.0%)   0.0000 (  0.0%)  Optimization Remark Emitter
   0.0000 (  0.0%)   0.0000 (  0.0%)   0.0000 (  0.0%)   0.0000 (  0.0%)  Lazy Block Frequency Analysis
   0.0000 (  0.0%)   0.0000 (  0.0%)   0.0000 (  0.0%)   0.0000 (  0.0%)  Optimization Remark Emitter
   0.0000 (  0.0%)   0.0000 (  0.0%)   0.0000 (  0.0%)   0.0000 (  0.0%)  Optimization Remark Emitter
   0.0000 (  0.0%)   0.0000 (  0.0%)   0.0000 (  0.0%)   0.0000 (  0.0%)  ScalarEvolution-based Alias Analysis
   0.0000 (  0.0%)   0.0000 (  0.0%)   0.0000 (  0.0%)   0.0000 (  0.0%)  Optimization Remark Emitter
   0.0000 (  0.0%)   0.0000 (  0.0%)   0.0000 (  0.0%)   0.0000 (  0.0%)  Optimization Remark Emitter
   0.0000 (  0.0%)   0.0000 (  0.0%)   0.0000 (  0.0%)   0.0000 (  0.0%)  Lazy Block Frequency Analysis
   0.0000 (  0.0%)   0.0000 (  0.0%)   0.0000 (  0.0%)   0.0000 (  0.0%)  Lazy Branch Probability Analysis
   0.0000 (  0.0%)   0.0000 (  0.0%)   0.0000 (  0.0%)   0.0000 (  0.0%)  Memory Dependence Analysis
   0.0000 (  0.0%)   0.0000 (  0.0%)   0.0000 (  0.0%)   0.0000 (  0.0%)  Optimization Remark Emitter
   0.0000 (  0.0%)   0.0000 (  0.0%)   0.0000 (  0.0%)   0.0000 (  0.0%)  Optimization Remark Emitter
   0.0000 (  0.0%)   0.0000 (  0.0%)   0.0000 (  0.0%)   0.0000 (  0.0%)  Optimization Remark Emitter
   0.0000 (  0.0%)   0.0000 (  0.0%)   0.0000 (  0.0%)   0.0000 (  0.0%)  ScalarEvolution-based Alias Analysis
   0.0000 (  0.0%)   0.0000 (  0.0%)   0.0000 (  0.0%)   0.0000 (  0.0%)  Optimization Remark Emitter
   0.0000 (  0.0%)   0.0000 (  0.0%)   0.0000 (  0.0%)   0.0000 (  0.0%)  Lazy Block Frequency Analysis
   0.0000 (  0.0%)   0.0000 (  0.0%)   0.0000 (  0.0%)   0.0000 (  0.0%)  Optimization Remark Emitter
   0.0000 (  0.0%)   0.0000 (  0.0%)   0.0000 (  0.0%)   0.0000 (  0.0%)  Lazy Branch Probability Analysis
   0.0000 (  0.0%)   0.0000 (  0.0%)   0.0000 (  0.0%)   0.0000 (  0.0%)  Optimization Remark Emitter
   0.0000 (  0.0%)   0.0000 (  0.0%)   0.0000 (  0.0%)   0.0000 (  0.0%)  Optimization Remark Emitter
   0.0000 (  0.0%)   0.0000 (  0.0%)   0.0000 (  0.0%)   0.0000 (  0.0%)  Optimization Remark Emitter
   0.0000 (  0.0%)   0.0000 (  0.0%)   0.0000 (  0.0%)   0.0000 (  0.0%)  Memory Dependence Analysis
   0.0000 (  0.0%)   0.0000 (  0.0%)   0.0000 (  0.0%)   0.0000 (  0.0%)  Optimization Remark Emitter
   0.0000 (  0.0%)   0.0000 (  0.0%)   0.0000 (  0.0%)   0.0000 (  0.0%)  Optimization Remark Emitter
   0.0000 (  0.0%)   0.0000 (  0.0%)   0.0000 (  0.0%)   0.0000 (  0.0%)  Optimization Remark Emitter
   0.0000 (  0.0%)   0.0000 (  0.0%)   0.0000 (  0.0%)   0.0000 (  0.0%)  Lazy Branch Probability Analysis
   0.0000 (  0.0%)   0.0000 (  0.0%)   0.0000 (  0.0%)   0.0000 (  0.0%)  Basic Alias Analysis (stateless AA impl)
   0.0000 (  0.0%)   0.0000 (  0.0%)   0.0000 (  0.0%)   0.0000 (  0.0%)  Optimization Remark Emitter
   0.0000 (  0.0%)   0.0000 (  0.0%)   0.0000 (  0.0%)   0.0000 (  0.0%)  Lazy Block Frequency Analysis
   0.0000 (  0.0%)   0.0000 (  0.0%)   0.0000 (  0.0%)   0.0000 (  0.0%)  Lazy Branch Probability Analysis
   0.0000 (  0.0%)   0.0000 (  0.0%)   0.0000 (  0.0%)   0.0000 (  0.0%)  Interprocedural constant propagation
   0.0000 (  0.0%)   0.0000 (  0.0%)   0.0000 (  0.0%)   0.0000 (  0.0%)  Lazy Block Frequency Analysis
   0.0000 (  0.0%)   0.0000 (  0.0%)   0.0000 (  0.0%)   0.0000 (  0.0%)  SPIRUpdateIntrRange - Update SPIR Intrinsics Metadata
   0.0000 (  0.0%)   0.0000 (  0.0%)   0.0000 (  0.0%)   0.0000 (  0.0%)  Lazy Block Frequency Analysis
   0.0000 (  0.0%)   0.0000 (  0.0%)   0.0000 (  0.0%)   0.0000 (  0.0%)  ScalarEvolution-based Alias Analysis
   0.0000 (  0.0%)   0.0000 (  0.0%)   0.0000 (  0.0%)   0.0000 (  0.0%)  ScalarEvolution-based Alias Analysis
   0.0000 (  0.0%)   0.0000 (  0.0%)   0.0000 (  0.0%)   0.0000 (  0.0%)  Optimization Remark Emitter
   0.0000 (  0.0%)   0.0000 (  0.0%)   0.0000 (  0.0%)   0.0000 (  0.0%)  Scalar Evolution Canonicalization
   0.0000 (  0.0%)   0.0000 (  0.0%)   0.0000 (  0.0%)   0.0000 (  0.0%)  Lazy Block Frequency Analysis
   0.0000 (  0.0%)   0.0000 (  0.0%)   0.0000 (  0.0%)   0.0000 (  0.0%)  Optimization Remark Emitter
   0.0000 (  0.0%)   0.0000 (  0.0%)   0.0000 (  0.0%)   0.0000 (  0.0%)  Optimization Remark Emitter
   0.0000 (  0.0%)   0.0000 (  0.0%)   0.0000 (  0.0%)   0.0000 (  0.0%)  Lazy Branch Probability Analysis
   0.0000 (  0.0%)   0.0000 (  0.0%)   0.0000 (  0.0%)   0.0000 (  0.0%)  Lazy Branch Probability Analysis
   0.0000 (  0.0%)   0.0000 (  0.0%)   0.0000 (  0.0%)   0.0000 (  0.0%)  Basic Alias Analysis (stateless AA impl)
   0.0000 (  0.0%)   0.0000 (  0.0%)   0.0000 (  0.0%)   0.0000 (  0.0%)  Optimization Remark Emitter
   0.0000 (  0.0%)   0.0000 (  0.0%)   0.0000 (  0.0%)   0.0000 (  0.0%)  Optimization Remark Emitter
   0.0000 (  0.0%)   0.0000 (  0.0%)   0.0000 (  0.0%)   0.0000 (  0.0%)  LCSSA Verifier
   0.0000 (  0.0%)   0.0000 (  0.0%)   0.0000 (  0.0%)   0.0000 (  0.0%)  Lazy Block Frequency Analysis
   0.0000 (  0.0%)   0.0000 (  0.0%)   0.0000 (  0.0%)   0.0000 (  0.0%)  Lazy Branch Probability Analysis
   0.0000 (  0.0%)   0.0000 (  0.0%)   0.0000 (  0.0%)   0.0000 (  0.0%)  Optimization Remark Emitter
   0.0000 (  0.0%)   0.0000 (  0.0%)   0.0000 (  0.0%)   0.0000 (  0.0%)  Lazy Block Frequency Analysis
   0.0000 (  0.0%)   0.0000 (  0.0%)   0.0000 (  0.0%)   0.0000 (  0.0%)  Lazy Block Frequency Analysis
   0.0000 (  0.0%)   0.0000 (  0.0%)   0.0000 (  0.0%)   0.0000 (  0.0%)  Optimization Remark Emitter
   0.0000 (  0.0%)   0.0000 (  0.0%)   0.0000 (  0.0%)   0.0000 (  0.0%)  Optimization Remark Emitter
   0.0000 (  0.0%)   0.0000 (  0.0%)   0.0000 (  0.0%)   0.0000 (  0.0%)  Lazy Block Frequency Analysis
   0.0000 (  0.0%)   0.0000 (  0.0%)   0.0000 (  0.0%)   0.0000 (  0.0%)  Optimization Remark Emitter
   0.0000 (  0.0%)   0.0000 (  0.0%)   0.0000 (  0.0%)   0.0000 (  0.0%)  Lazy Branch Probability Analysis
   0.0000 (  0.0%)   0.0000 (  0.0%)   0.0000 (  0.0%)   0.0000 (  0.0%)  Lazy Block Frequency Analysis
   0.0000 (  0.0%)   0.0000 (  0.0%)   0.0000 (  0.0%)   0.0000 (  0.0%)  Optimization Remark Emitter
   0.0000 (  0.0%)   0.0000 (  0.0%)   0.0000 (  0.0%)   0.0000 (  0.0%)  Basic Alias Analysis (stateless AA impl)
   0.0000 (  0.0%)   0.0000 (  0.0%)   0.0000 (  0.0%)   0.0000 (  0.0%)  Lazy Block Frequency Analysis
   0.0000 (  0.0%)   0.0000 (  0.0%)   0.0000 (  0.0%)   0.0000 (  0.0%)  Optimization Remark Emitter
   0.0000 (  0.0%)   0.0000 (  0.0%)   0.0000 (  0.0%)   0.0000 (  0.0%)  ScalarEvolution-based Alias Analysis
   0.0000 (  0.0%)   0.0000 (  0.0%)   0.0000 (  0.0%)   0.0000 (  0.0%)  Optimization Remark Emitter
   0.0000 (  0.0%)   0.0000 (  0.0%)   0.0000 (  0.0%)   0.0000 (  0.0%)  Optimization Remark Emitter
   0.0000 (  0.0%)   0.0000 (  0.0%)   0.0000 (  0.0%)   0.0000 (  0.0%)  Scalar Evolution Canonicalization
   0.0000 (  0.0%)   0.0000 (  0.0%)   0.0000 (  0.0%)   0.0000 (  0.0%)  Optimization Remark Emitter
   0.0000 (  0.0%)   0.0000 (  0.0%)   0.0000 (  0.0%)   0.0000 (  0.0%)  Lazy Block Frequency Analysis
   0.0000 (  0.0%)   0.0000 (  0.0%)   0.0000 (  0.0%)   0.0000 (  0.0%)  Lazy Branch Probability Analysis
   0.0000 (  0.0%)   0.0000 (  0.0%)   0.0000 (  0.0%)   0.0000 (  0.0%)  Lazy Block Frequency Analysis
   0.0000 (  0.0%)   0.0000 (  0.0%)   0.0000 (  0.0%)   0.0000 (  0.0%)  Basic Alias Analysis (stateless AA impl)
   0.0000 (  0.0%)   0.0000 (  0.0%)   0.0000 (  0.0%)   0.0000 (  0.0%)  Lazy Block Frequency Analysis
   0.0000 (  0.0%)   0.0000 (  0.0%)   0.0000 (  0.0%)   0.0000 (  0.0%)  Lazy Block Frequency Analysis
   0.0000 (  0.0%)   0.0000 (  0.0%)   0.0000 (  0.0%)   0.0000 (  0.0%)  Memory Dependence Analysis
   0.0000 (  0.0%)   0.0000 (  0.0%)   0.0000 (  0.0%)   0.0000 (  0.0%)  Basic Alias Analysis (stateless AA impl)
   0.0000 (  0.0%)   0.0000 (  0.0%)   0.0000 (  0.0%)   0.0000 (  0.0%)  Optimization Remark Emitter
   0.0000 (  0.0%)   0.0000 (  0.0%)   0.0000 (  0.0%)   0.0000 (  0.0%)  LCSSA Verifier
   0.0000 (  0.0%)   0.0000 (  0.0%)   0.0000 (  0.0%)   0.0000 (  0.0%)  ScalarEvolution-based Alias Analysis
   0.0000 (  0.0%)   0.0000 (  0.0%)   0.0000 (  0.0%)   0.0000 (  0.0%)  Optimization Remark Emitter
   0.0000 (  0.0%)   0.0000 (  0.0%)   0.0000 (  0.0%)   0.0000 (  0.0%)  Lazy Block Frequency Analysis
   0.0000 (  0.0%)   0.0000 (  0.0%)   0.0000 (  0.0%)   0.0000 (  0.0%)  Optimization Remark Emitter
   0.0000 (  0.0%)   0.0000 (  0.0%)   0.0000 (  0.0%)   0.0000 (  0.0%)  Lazy Block Frequency Analysis
   0.0000 (  0.0%)   0.0000 (  0.0%)   0.0000 (  0.0%)   0.0000 (  0.0%)  Optimization Remark Emitter
   0.0000 (  0.0%)   0.0000 (  0.0%)   0.0000 (  0.0%)   0.0000 (  0.0%)  Optimization Remark Emitter
   0.0000 (  0.0%)   0.0000 (  0.0%)   0.0000 (  0.0%)   0.0000 (  0.0%)  Optimization Remark Emitter
   0.0000 (  0.0%)   0.0000 (  0.0%)   0.0000 (  0.0%)   0.0000 (  0.0%)  Optimization Remark Emitter
   0.0000 (  0.0%)   0.0000 (  0.0%)   0.0000 (  0.0%)   0.0000 (  0.0%)  Optimization Remark Emitter
   0.0000 (  0.0%)   0.0000 (  0.0%)   0.0000 (  0.0%)   0.0000 (  0.0%)  ScalarEvolution-based Alias Analysis
   0.0000 (  0.0%)   0.0000 (  0.0%)   0.0000 (  0.0%)   0.0000 (  0.0%)  Optimization Remark Emitter
   0.0000 (  0.0%)   0.0000 (  0.0%)   0.0000 (  0.0%)   0.0000 (  0.0%)  LCSSA Verifier
   0.0000 (  0.0%)   0.0000 (  0.0%)   0.0000 (  0.0%)   0.0000 (  0.0%)  Optimization Remark Emitter
   0.0000 (  0.0%)   0.0000 (  0.0%)   0.0000 (  0.0%)   0.0000 (  0.0%)  Lazy Block Frequency Analysis
   0.0000 (  0.0%)   0.0000 (  0.0%)   0.0000 (  0.0%)   0.0000 (  0.0%)  Lazy Block Frequency Analysis
   0.0000 (  0.0%)   0.0000 (  0.0%)   0.0000 (  0.0%)   0.0000 (  0.0%)  Lazy Block Frequency Analysis
   0.0000 (  0.0%)   0.0000 (  0.0%)   0.0000 (  0.0%)   0.0000 (  0.0%)  Optimization Remark Emitter
   0.0000 (  0.0%)   0.0000 (  0.0%)   0.0000 (  0.0%)   0.0000 (  0.0%)  Lazy Block Frequency Analysis
   0.0000 (  0.0%)   0.0000 (  0.0%)   0.0000 (  0.0%)   0.0000 (  0.0%)  ScalarEvolution-based Alias Analysis
   0.0000 (  0.0%)   0.0000 (  0.0%)   0.0000 (  0.0%)   0.0000 (  0.0%)  Optimization Remark Emitter
   0.0000 (  0.0%)   0.0000 (  0.0%)   0.0000 (  0.0%)   0.0000 (  0.0%)  Optimization Remark Emitter
   0.0000 (  0.0%)   0.0000 (  0.0%)   0.0000 (  0.0%)   0.0000 (  0.0%)  Lazy Branch Probability Analysis
   0.0000 (  0.0%)   0.0000 (  0.0%)   0.0000 (  0.0%)   0.0000 (  0.0%)  Lazy Block Frequency Analysis
   0.0000 (  0.0%)   0.0000 (  0.0%)   0.0000 (  0.0%)   0.0000 (  0.0%)  Optimization Remark Emitter
   0.0000 (  0.0%)   0.0000 (  0.0%)   0.0000 (  0.0%)   0.0000 (  0.0%)  LCSSA Verifier
   0.0000 (  0.0%)   0.0000 (  0.0%)   0.0000 (  0.0%)   0.0000 (  0.0%)  ScalarEvolution-based Alias Analysis
   0.0000 (  0.0%)   0.0000 (  0.0%)   0.0000 (  0.0%)   0.0000 (  0.0%)  LCSSA Verifier
   0.0000 (  0.0%)   0.0000 (  0.0%)   0.0000 (  0.0%)   0.0000 (  0.0%)  Lazy Block Frequency Analysis
   0.0000 (  0.0%)   0.0000 (  0.0%)   0.0000 (  0.0%)   0.0000 (  0.0%)  Lazy Block Frequency Analysis
   0.0000 (  0.0%)   0.0000 (  0.0%)   0.0000 (  0.0%)   0.0000 (  0.0%)  ScalarEvolution-based Alias Analysis
   0.0000 (  0.0%)   0.0000 (  0.0%)   0.0000 (  0.0%)   0.0000 (  0.0%)  Lazy Block Frequency Analysis
   0.0000 (  0.0%)   0.0000 (  0.0%)   0.0000 (  0.0%)   0.0000 (  0.0%)  Lazy Block Frequency Analysis
   0.0000 (  0.0%)   0.0000 (  0.0%)   0.0000 (  0.0%)   0.0000 (  0.0%)  Lazy Block Frequency Analysis
   0.0000 (  0.0%)   0.0000 (  0.0%)   0.0000 (  0.0%)   0.0000 (  0.0%)  Optimization Remark Emitter
   0.0000 (  0.0%)   0.0000 (  0.0%)   0.0000 (  0.0%)   0.0000 (  0.0%)  Optimization Remark Emitter
   0.0000 (  0.0%)   0.0000 (  0.0%)   0.0000 (  0.0%)   0.0000 (  0.0%)  LCSSA Verifier
   0.0000 (  0.0%)   0.0000 (  0.0%)   0.0000 (  0.0%)   0.0000 (  0.0%)  Lazy Block Frequency Analysis
   0.0000 (  0.0%)   0.0000 (  0.0%)   0.0000 (  0.0%)   0.0000 (  0.0%)  Lazy Block Frequency Analysis
   0.0000 (  0.0%)   0.0000 (  0.0%)   0.0000 (  0.0%)   0.0000 (  0.0%)  Lazy Block Frequency Analysis
   0.0000 (  0.0%)   0.0000 (  0.0%)   0.0000 (  0.0%)   0.0000 (  0.0%)  Optimization Remark Emitter
   0.0000 (  0.0%)   0.0000 (  0.0%)   0.0000 (  0.0%)   0.0000 (  0.0%)  Lazy Block Frequency Analysis
   0.0000 (  0.0%)   0.0000 (  0.0%)   0.0000 (  0.0%)   0.0000 (  0.0%)  LCSSA Verifier
   0.0000 (  0.0%)   0.0000 (  0.0%)   0.0000 (  0.0%)   0.0000 (  0.0%)  Lazy Block Frequency Analysis
   0.0000 (  0.0%)   0.0000 (  0.0%)   0.0000 (  0.0%)   0.0000 (  0.0%)  Optimization Remark Emitter
   0.0000 (  0.0%)   0.0000 (  0.0%)   0.0000 (  0.0%)   0.0000 (  0.0%)  LCSSA Verifier
   0.0000 (  0.0%)   0.0000 (  0.0%)   0.0000 (  0.0%)   0.0000 (  0.0%)  LCSSA Verifier
   0.0000 (  0.0%)   0.0000 (  0.0%)   0.0000 (  0.0%)   0.0000 (  0.0%)  Lazy Block Frequency Analysis
   0.0000 (  0.0%)   0.0000 (  0.0%)   0.0000 (  0.0%)   0.0000 (  0.0%)  Lazy Block Frequency Analysis
   0.0000 (  0.0%)   0.0000 (  0.0%)   0.0000 (  0.0%)   0.0000 (  0.0%)  LCSSA Verifier
   0.0000 (  0.0%)   0.0000 (  0.0%)   0.0000 (  0.0%)   0.0000 (  0.0%)  Optimization Remark Emitter
   0.0000 (  0.0%)   0.0000 (  0.0%)   0.0000 (  0.0%)   0.0000 (  0.0%)  Optimization Remark Emitter
   0.0000 (  0.0%)   0.0000 (  0.0%)   0.0000 (  0.0%)   0.0000 (  0.0%)  LCSSA Verifier
   0.0000 (  0.0%)   0.0000 (  0.0%)   0.0000 (  0.0%)   0.0000 (  0.0%)  Lazy Block Frequency Analysis
   0.0000 (  0.0%)   0.0000 (  0.0%)   0.0000 (  0.0%)   0.0000 (  0.0%)  Lazy Block Frequency Analysis
   0.0000 (  0.0%)   0.0000 (  0.0%)   0.0000 (  0.0%)   0.0000 (  0.0%)  LCSSA Verifier
   0.0000 (  0.0%)   0.0000 (  0.0%)   0.0000 (  0.0%)   0.0000 (  0.0%)  ScalarEvolution-based Alias Analysis
   0.0000 (  0.0%)   0.0000 (  0.0%)   0.0000 (  0.0%)   0.0000 (  0.0%)  Lazy Block Frequency Analysis
   0.0000 (  0.0%)   0.0000 (  0.0%)   0.0000 (  0.0%)   0.0000 (  0.0%)  Optimization Remark Emitter
   0.0000 (  0.0%)   0.0000 (  0.0%)   0.0000 (  0.0%)   0.0000 (  0.0%)  Basic Alias Analysis (stateless AA impl)
   0.0000 (  0.0%)   0.0000 (  0.0%)   0.0000 (  0.0%)   0.0000 (  0.0%)  Basic Alias Analysis (stateless AA impl)
   0.0000 (  0.0%)   0.0000 (  0.0%)   0.0000 (  0.0%)   0.0000 (  0.0%)  Canonicalize natural loops
   0.0000 (  0.0%)   0.0000 (  0.0%)   0.0000 (  0.0%)   0.0000 (  0.0%)  LCSSA Verifier
   0.0000 (  0.0%)   0.0000 (  0.0%)   0.0000 (  0.0%)   0.0000 (  0.0%)  Canonicalize natural loops
   0.0000 (  0.0%)   0.0000 (  0.0%)   0.0000 (  0.0%)   0.0000 (  0.0%)  Interprocedural constant propagation
   0.0000 (  0.0%)   0.0000 (  0.0%)   0.0000 (  0.0%)   0.0000 (  0.0%)  LCSSA Verifier
   0.0000 (  0.0%)   0.0000 (  0.0%)   0.0000 (  0.0%)   0.0000 (  0.0%)  LayoutTransform - Layout Transform Pragma Analysis
   0.0000 (  0.0%)   0.0000 (  0.0%)   0.0000 (  0.0%)   0.0000 (  0.0%)  Canonicalize natural loops
   0.0000 (  0.0%)   0.0000 (  0.0%)   0.0000 (  0.0%)   0.0000 (  0.0%)  LCSSA Verifier
   0.0000 (  0.0%)   0.0000 (  0.0%)   0.0000 (  0.0%)   0.0000 (  0.0%)  Lazy Branch Probability Analysis
   0.0000 (  0.0%)   0.0000 (  0.0%)   0.0000 (  0.0%)   0.0000 (  0.0%)  Dead Global Elimination
   0.0000 (  0.0%)   0.0000 (  0.0%)   0.0000 (  0.0%)   0.0000 (  0.0%)  Canonicalize natural loops
   0.0000 (  0.0%)   0.0000 (  0.0%)   0.0000 (  0.0%)   0.0000 (  0.0%)  Eliminate dead stores globally
   0.0000 (  0.0%)   0.0000 (  0.0%)   0.0000 (  0.0%)   0.0000 (  0.0%)  Infer direct input/output accesses
   0.0000 (  0.0%)   0.0000 (  0.0%)   0.0000 (  0.0%)   0.0000 (  0.0%)  Infer direct input/output accesses
   0.0000 (  0.0%)   0.0000 (  0.0%)   0.0000 (  0.0%)   0.0000 (  0.0%)  Scalar Evolution Canonicalization
   0.0000 (  0.0%)   0.0000 (  0.0%)   0.0000 (  0.0%)   0.0000 (  0.0%)  Loop-Closed SSA Form Pass
   0.0000 (  0.0%)   0.0000 (  0.0%)   0.0000 (  0.0%)   0.0000 (  0.0%)  Loop-Closed SSA Form Pass
   0.0000 (  0.0%)   0.0000 (  0.0%)   0.0000 (  0.0%)   0.0000 (  0.0%)  Basic Alias Analysis (stateless AA impl)
   0.0000 (  0.0%)   0.0000 (  0.0%)   0.0000 (  0.0%)   0.0000 (  0.0%)  Interprocedural constant propagation
   0.0000 (  0.0%)   0.0000 (  0.0%)   0.0000 (  0.0%)   0.0000 (  0.0%)  LCSSA Verifier
   0.0000 (  0.0%)   0.0000 (  0.0%)   0.0000 (  0.0%)   0.0000 (  0.0%)  Loop-Closed SSA Form Pass
   0.0000 (  0.0%)   0.0000 (  0.0%)   0.0000 (  0.0%)   0.0000 (  0.0%)  Loop-Closed SSA Form Pass
   0.0000 (  0.0%)   0.0000 (  0.0%)   0.0000 (  0.0%)   0.0000 (  0.0%)  LCSSA Verifier
   0.0000 (  0.0%)   0.0000 (  0.0%)   0.0000 (  0.0%)   0.0000 (  0.0%)  Basic Alias Analysis (stateless AA impl)
   0.0000 (  0.0%)   0.0000 (  0.0%)   0.0000 (  0.0%)   0.0000 (  0.0%)  Basic Alias Analysis (stateless AA impl)
   0.0000 (  0.0%)   0.0000 (  0.0%)   0.0000 (  0.0%)   0.0000 (  0.0%)  Lazy Branch Probability Analysis
   0.0000 (  0.0%)   0.0000 (  0.0%)   0.0000 (  0.0%)   0.0000 (  0.0%)  Memory Dependence Analysis
   0.0000 (  0.0%)   0.0000 (  0.0%)   0.0000 (  0.0%)   0.0000 (  0.0%)  Delinearization
   0.0000 (  0.0%)   0.0000 (  0.0%)   0.0000 (  0.0%)   0.0000 (  0.0%)  Basic Alias Analysis (stateless AA impl)
   0.0000 (  0.0%)   0.0000 (  0.0%)   0.0000 (  0.0%)   0.0000 (  0.0%)  LCSSA Verifier
   0.0000 (  0.0%)   0.0000 (  0.0%)   0.0000 (  0.0%)   0.0000 (  0.0%)  Delete dead loops
   0.0000 (  0.0%)   0.0000 (  0.0%)   0.0000 (  0.0%)   0.0000 (  0.0%)  Optimization Remark Emitter
   0.0000 (  0.0%)   0.0000 (  0.0%)   0.0000 (  0.0%)   0.0000 (  0.0%)  Memory Dependence Analysis
   0.0000 (  0.0%)   0.0000 (  0.0%)   0.0000 (  0.0%)   0.0000 (  0.0%)  LCSSA Verifier
   0.0000 (  0.0%)   0.0000 (  0.0%)   0.0000 (  0.0%)   0.0000 (  0.0%)  Lazy Branch Probability Analysis
   0.0000 (  0.0%)   0.0000 (  0.0%)   0.0000 (  0.0%)   0.0000 (  0.0%)  Memory Dependence Analysis
   0.0000 (  0.0%)   0.0000 (  0.0%)   0.0000 (  0.0%)   0.0000 (  0.0%)  Optimization Remark Emitter
   0.0000 (  0.0%)   0.0000 (  0.0%)   0.0000 (  0.0%)   0.0000 (  0.0%)  Lazy Branch Probability Analysis
   0.0000 (  0.0%)   0.0000 (  0.0%)   0.0000 (  0.0%)   0.0000 (  0.0%)  Basic Alias Analysis (stateless AA impl)
   0.0000 (  0.0%)   0.0000 (  0.0%)   0.0000 (  0.0%)   0.0000 (  0.0%)  LCSSA Verifier
   0.0000 (  0.0%)   0.0000 (  0.0%)   0.0000 (  0.0%)   0.0000 (  0.0%)  Memory Dependence Analysis
   0.0000 (  0.0%)   0.0000 (  0.0%)   0.0000 (  0.0%)   0.0000 (  0.0%)  Lazy Branch Probability Analysis
   0.0000 (  0.0%)   0.0000 (  0.0%)   0.0000 (  0.0%)   0.0000 (  0.0%)  Basic Alias Analysis (stateless AA impl)
   0.0000 (  0.0%)   0.0000 (  0.0%)   0.0000 (  0.0%)   0.0000 (  0.0%)  Basic Alias Analysis (stateless AA impl)
   0.0000 (  0.0%)   0.0000 (  0.0%)   0.0000 (  0.0%)   0.0000 (  0.0%)  Memory Dependence Analysis
   0.0000 (  0.0%)   0.0000 (  0.0%)   0.0000 (  0.0%)   0.0000 (  0.0%)  LCSSA Verifier
   0.0000 (  0.0%)   0.0000 (  0.0%)   0.0000 (  0.0%)   0.0000 (  0.0%)  Optimization Remark Emitter
   0.0000 (  0.0%)   0.0000 (  0.0%)   0.0000 (  0.0%)   0.0000 (  0.0%)  Memory Dependence Analysis
   0.0000 (  0.0%)   0.0000 (  0.0%)   0.0000 (  0.0%)   0.0000 (  0.0%)  LCSSA Verifier
   0.0000 (  0.0%)   0.0000 (  0.0%)   0.0000 (  0.0%)   0.0000 (  0.0%)  Memory Dependence Analysis
   0.0000 (  0.0%)   0.0000 (  0.0%)   0.0000 (  0.0%)   0.0000 (  0.0%)  Lazy Branch Probability Analysis
   0.0000 (  0.0%)   0.0000 (  0.0%)   0.0000 (  0.0%)   0.0000 (  0.0%)  Delete dead loops
   0.0000 (  0.0%)   0.0000 (  0.0%)   0.0000 (  0.0%)   0.0000 (  0.0%)  Basic Alias Analysis (stateless AA impl)
   0.0000 (  0.0%)   0.0000 (  0.0%)   0.0000 (  0.0%)   0.0000 (  0.0%)  Lazy Branch Probability Analysis
   0.0000 (  0.0%)   0.0000 (  0.0%)   0.0000 (  0.0%)   0.0000 (  0.0%)  Memory Dependence Analysis
   0.0000 (  0.0%)   0.0000 (  0.0%)   0.0000 (  0.0%)   0.0000 (  0.0%)  Optimization Remark Emitter
   0.0000 (  0.0%)   0.0000 (  0.0%)   0.0000 (  0.0%)   0.0000 (  0.0%)  Lazy Block Frequency Analysis
   0.0000 (  0.0%)   0.0000 (  0.0%)   0.0000 (  0.0%)   0.0000 (  0.0%)  ScalarEvolution-based Alias Analysis
   0.0000 (  0.0%)   0.0000 (  0.0%)   0.0000 (  0.0%)   0.0000 (  0.0%)  Lazy Branch Probability Analysis
   0.0000 (  0.0%)   0.0000 (  0.0%)   0.0000 (  0.0%)   0.0000 (  0.0%)  Optimization Remark Emitter
   0.0000 (  0.0%)   0.0000 (  0.0%)   0.0000 (  0.0%)   0.0000 (  0.0%)  Lazy Branch Probability Analysis
   0.0000 (  0.0%)   0.0000 (  0.0%)   0.0000 (  0.0%)   0.0000 (  0.0%)  Lazy Block Frequency Analysis
   0.0000 (  0.0%)   0.0000 (  0.0%)   0.0000 (  0.0%)   0.0000 (  0.0%)  Delete dead loops
   0.0000 (  0.0%)   0.0000 (  0.0%)   0.0000 (  0.0%)   0.0000 (  0.0%)  Basic Alias Analysis (stateless AA impl)
   0.0000 (  0.0%)   0.0000 (  0.0%)   0.0000 (  0.0%)   0.0000 (  0.0%)  Interprocedural constant propagation
   0.0000 (  0.0%)   0.0000 (  0.0%)   0.0000 (  0.0%)   0.0000 (  0.0%)  Interface Analysis
   0.0000 (  0.0%)   0.0000 (  0.0%)   0.0000 (  0.0%)   0.0000 (  0.0%)  Lazy Block Frequency Analysis
   0.0000 (  0.0%)   0.0000 (  0.0%)   0.0000 (  0.0%)   0.0000 (  0.0%)  Simplify loop CFG
   0.0000 (  0.0%)   0.0000 (  0.0%)   0.0000 (  0.0%)   0.0000 (  0.0%)  Assumption Cache Tracker
   0.0000 (  0.0%)   0.0000 (  0.0%)   0.0000 (  0.0%)   0.0000 (  0.0%)  ScalarEvolution-based Alias Analysis
   0.0000 (  0.0%)   0.0000 (  0.0%)   0.0000 (  0.0%)   0.0000 (  0.0%)  Interface Analysis
   0.0000 (  0.0%)   0.0000 (  0.0%)   0.0000 (  0.0%)   0.0000 (  0.0%)  Entirety access check on array-to-stream
   0.0000 (  0.0%)   0.0000 (  0.0%)   0.0000 (  0.0%)   0.0000 (  0.0%)  Lazy Block Frequency Analysis
   0.0000 (  0.0%)   0.0000 (  0.0%)   0.0000 (  0.0%)   0.0000 (  0.0%)  Interface Analysis
   0.0000 (  0.0%)   0.0000 (  0.0%)   0.0000 (  0.0%)   0.0000 (  0.0%)  Achieval II estimation - estimate acheival II lower bound according to constraint
   0.0000 (  0.0%)   0.0000 (  0.0%)   0.0000 (  0.0%)   0.0000 (  0.0%)  Lazy Branch Probability Analysis
   0.0000 (  0.0%)   0.0000 (  0.0%)   0.0000 (  0.0%)   0.0000 (  0.0%)  Optimization Remark Emitter
   0.0000 (  0.0%)   0.0000 (  0.0%)   0.0000 (  0.0%)   0.0000 (  0.0%)  Memory Dependence Analysis
   0.0000 (  0.0%)   0.0000 (  0.0%)   0.0000 (  0.0%)   0.0000 (  0.0%)  Delete dead loops
   0.0000 (  0.0%)   0.0000 (  0.0%)   0.0000 (  0.0%)   0.0000 (  0.0%)  Optimization Remark Emitter
   0.0000 (  0.0%)   0.0000 (  0.0%)   0.0000 (  0.0%)   0.0000 (  0.0%)  Optimization Remark Emitter
   0.0000 (  0.0%)   0.0000 (  0.0%)   0.0000 (  0.0%)   0.0000 (  0.0%)  Optimization Remark Emitter
   0.0000 (  0.0%)   0.0000 (  0.0%)   0.0000 (  0.0%)   0.0000 (  0.0%)  Delete dead loops
   0.0000 (  0.0%)   0.0000 (  0.0%)   0.0000 (  0.0%)   0.0000 (  0.0%)  ScalarEvolution-based Alias Analysis
   0.0000 (  0.0%)   0.0000 (  0.0%)   0.0000 (  0.0%)   0.0000 (  0.0%)  Lazy Block Frequency Analysis
   0.0000 (  0.0%)   0.0000 (  0.0%)   0.0000 (  0.0%)   0.0000 (  0.0%)  Lazy Block Frequency Analysis
   0.0000 (  0.0%)   0.0000 (  0.0%)   0.0000 (  0.0%)   0.0000 (  0.0%)  ScalarEvolution-based Alias Analysis
   0.0000 (  0.0%)   0.0000 (  0.0%)   0.0000 (  0.0%)   0.0000 (  0.0%)  Interface Analysis
   0.0000 (  0.0%)   0.0000 (  0.0%)   0.0000 (  0.0%)   0.0000 (  0.0%)  Optimization Remark Emitter
   0.0000 (  0.0%)   0.0000 (  0.0%)   0.0000 (  0.0%)   0.0000 (  0.0%)  Optimization Remark Emitter
   0.0000 (  0.0%)   0.0000 (  0.0%)   0.0000 (  0.0%)   0.0000 (  0.0%)  Optimization Remark Emitter
   0.0000 (  0.0%)   0.0000 (  0.0%)   0.0000 (  0.0%)   0.0000 (  0.0%)  Lazy Block Frequency Analysis
   0.0000 (  0.0%)   0.0000 (  0.0%)   0.0000 (  0.0%)   0.0000 (  0.0%)  Simplify loop CFG
   0.0000 (  0.0%)   0.0000 (  0.0%)   0.0000 (  0.0%)   0.0000 (  0.0%)  Loop-Closed SSA Form Pass
   0.0000 (  0.0%)   0.0000 (  0.0%)   0.0000 (  0.0%)   0.0000 (  0.0%)  Optimization Remark Emitter
   0.0000 (  0.0%)   0.0000 (  0.0%)   0.0000 (  0.0%)   0.0000 (  0.0%)  Lazy Block Frequency Analysis
   0.0000 (  0.0%)   0.0000 (  0.0%)   0.0000 (  0.0%)   0.0000 (  0.0%)  Normalize loop index
   0.0000 (  0.0%)   0.0000 (  0.0%)   0.0000 (  0.0%)   0.0000 (  0.0%)  Lazy Block Frequency Analysis
   0.0000 (  0.0%)   0.0000 (  0.0%)   0.0000 (  0.0%)   0.0000 (  0.0%)  Lazy Block Frequency Analysis
   0.0000 (  0.0%)   0.0000 (  0.0%)   0.0000 (  0.0%)   0.0000 (  0.0%)  Achieval II estimation - estimate acheival II lower bound according to constraint
   0.0000 (  0.0%)   0.0000 (  0.0%)   0.0000 (  0.0%)   0.0000 (  0.0%)  Lower llvm.assume to _ssdm_AssertFail
   0.0000 (  0.0%)   0.0000 (  0.0%)   0.0000 (  0.0%)   0.0000 (  0.0%)  Lazy Branch Probability Analysis
   0.0000 (  0.0%)   0.0000 (  0.0%)   0.0000 (  0.0%)   0.0000 (  0.0%)  LCSSA Verifier
   0.0000 (  0.0%)   0.0000 (  0.0%)   0.0000 (  0.0%)   0.0000 (  0.0%)  Simplify loop CFG
   0.0000 (  0.0%)   0.0000 (  0.0%)   0.0000 (  0.0%)   0.0000 (  0.0%)  Optimization Remark Emitter
   0.0000 (  0.0%)   0.0000 (  0.0%)   0.0000 (  0.0%)   0.0000 (  0.0%)  LCSSA Verifier
   0.0000 (  0.0%)   0.0000 (  0.0%)   0.0000 (  0.0%)   0.0000 (  0.0%)  Optimization Remark Emitter
   0.0000 (  0.0%)   0.0000 (  0.0%)   0.0000 (  0.0%)   0.0000 (  0.0%)  normalize array partition result to reduce redundant sub array arguments
   0.0000 (  0.0%)   0.0000 (  0.0%)   0.0000 (  0.0%)   0.0000 (  0.0%)  LCSSA Verifier
   0.0000 (  0.0%)   0.0000 (  0.0%)   0.0000 (  0.0%)   0.0000 (  0.0%)  LCSSA Verifier
   0.0000 (  0.0%)   0.0000 (  0.0%)   0.0000 (  0.0%)   0.0000 (  0.0%)  LCSSA Verifier
   0.0000 (  0.0%)   0.0000 (  0.0%)   0.0000 (  0.0%)   0.0000 (  0.0%)  Performance Evaluation
   0.0000 (  0.0%)   0.0000 (  0.0%)   0.0000 (  0.0%)   0.0000 (  0.0%)  Interface Analysis
   0.0000 (  0.0%)   0.0000 (  0.0%)   0.0000 (  0.0%)   0.0000 (  0.0%)  Lazy Block Frequency Analysis
   0.0000 (  0.0%)   0.0000 (  0.0%)   0.0000 (  0.0%)   0.0000 (  0.0%)  Extract occurrence region
   0.0000 (  0.0%)   0.0000 (  0.0%)   0.0000 (  0.0%)   0.0000 (  0.0%)  Simplify loop CFG
   0.0000 (  0.0%)   0.0000 (  0.0%)   0.0000 (  0.0%)   0.0000 (  0.0%)  LayoutTransform - Layout Transform Pragma Analysis
   0.0000 (  0.0%)   0.0000 (  0.0%)   0.0000 (  0.0%)   0.0000 (  0.0%)  Interface Analysis
   0.0000 (  0.0%)   0.0000 (  0.0%)   0.0000 (  0.0%)   0.0000 (  0.0%)  ArrayPartition - Partition Arrays into Banks
   0.0000 (  0.0%)   0.0000 (  0.0%)   0.0000 (  0.0%)   0.0000 (  0.0%)  Lower HLS related intrinsics
   0.0000 (  0.0%)   0.0000 (  0.0%)   0.0000 (  0.0%)   0.0000 (  0.0%)  Array Access Range Analysis
   0.0000 (  0.0%)   0.0000 (  0.0%)   0.0000 (  0.0%)   0.0000 (  0.0%)  DeSPMD - Insert barriers into uniform loops
   0.0000 (  0.0%)   0.0000 (  0.0%)   0.0000 (  0.0%)   0.0000 (  0.0%)  Lower HLS related intrinsics
   0.0000 (  0.0%)   0.0000 (  0.0%)   0.0000 (  0.0%)   0.0000 (  0.0%)  Lower intrinsics for FPGAs
   0.0000 (  0.0%)   0.0000 (  0.0%)   0.0000 (  0.0%)   0.0000 (  0.0%)  Lower HLS related intrinsics
   0.0000 (  0.0%)   0.0000 (  0.0%)   0.0000 (  0.0%)   0.0000 (  0.0%)  Lower intrinsics for FPGAs
   0.0000 (  0.0%)   0.0000 (  0.0%)   0.0000 (  0.0%)   0.0000 (  0.0%)  LayoutTransform - Layout Transform Pragma Analysis
   0.0000 (  0.0%)   0.0000 (  0.0%)   0.0000 (  0.0%)   0.0000 (  0.0%)  Lower memory intrinsic
   0.0000 (  0.0%)   0.0000 (  0.0%)   0.0000 (  0.0%)   0.0000 (  0.0%)  Eliminate guard varible
   0.0000 (  0.0%)   0.0000 (  0.0%)   0.0000 (  0.0%)   0.0000 (  0.0%)  Revert direct input/output accesses
   0.0000 (  0.0%)   0.0000 (  0.0%)   0.0000 (  0.0%)   0.0000 (  0.0%)  Eliminate guard varible
   0.0000 (  0.0%)   0.0000 (  0.0%)   0.0000 (  0.0%)   0.0000 (  0.0%)  Revert PPPO for array-to-stream
   0.0000 (  0.0%)   0.0000 (  0.0%)   0.0000 (  0.0%)   0.0000 (  0.0%)  Revert direct input/output accesses
   0.0000 (  0.0%)   0.0000 (  0.0%)   0.0000 (  0.0%)   0.0000 (  0.0%)  Lower intrinsics for FPGAs
   0.0000 (  0.0%)   0.0000 (  0.0%)   0.0000 (  0.0%)   0.0000 (  0.0%)  Structure Decomposition
   0.0000 (  0.0%)   0.0000 (  0.0%)   0.0000 (  0.0%)   0.0000 (  0.0%)  Revert PPPO for array-to-stream
   0.0000 (  0.0%)   0.0000 (  0.0%)   0.0000 (  0.0%)   0.0000 (  0.0%)  Interface Analysis
   0.0000 (  0.0%)   0.0000 (  0.0%)   0.0000 (  0.0%)   0.0000 (  0.0%)  Interface Analysis
   0.0000 (  0.0%)   0.0000 (  0.0%)   0.0000 (  0.0%)   0.0000 (  0.0%)  Outline pipeline stages
   0.0000 (  0.0%)   0.0000 (  0.0%)   0.0000 (  0.0%)   0.0000 (  0.0%)  Revert PPPO for array-to-stream
   0.0000 (  0.0%)   0.0000 (  0.0%)   0.0000 (  0.0%)   0.0000 (  0.0%)  Interface Analysis
   0.0000 (  0.0%)   0.0000 (  0.0%)   0.0000 (  0.0%)   0.0000 (  0.0%)  Revert PPPO for array-to-stream
   0.0000 (  0.0%)   0.0000 (  0.0%)   0.0000 (  0.0%)   0.0000 (  0.0%)  Interface Analysis
   0.0000 (  0.0%)   0.0000 (  0.0%)   0.0000 (  0.0%)   0.0000 (  0.0%)  Interface Analysis
   0.0000 (  0.0%)   0.0000 (  0.0%)   0.0000 (  0.0%)   0.0000 (  0.0%)  Revert direct input/output accesses
   0.0000 (  0.0%)   0.0000 (  0.0%)   0.0000 (  0.0%)   0.0000 (  0.0%)  Lower intrinsics for FPGAs
   0.0000 (  0.0%)   0.0000 (  0.0%)   0.0000 (  0.0%)   0.0000 (  0.0%)  Interface Analysis
   0.0000 (  0.0%)   0.0000 (  0.0%)   0.0000 (  0.0%)   0.0000 (  0.0%)  Interface Analysis
   0.0000 (  0.0%)   0.0000 (  0.0%)   0.0000 (  0.0%)   0.0000 (  0.0%)  Interface Analysis
   0.0000 (  0.0%)   0.0000 (  0.0%)   0.0000 (  0.0%)   0.0000 (  0.0%)  Interface Analysis
   0.0000 (  0.0%)   0.0000 (  0.0%)   0.0000 (  0.0%)   0.0000 (  0.0%)  Interface Analysis
   0.0000 (  0.0%)   0.0000 (  0.0%)   0.0000 (  0.0%)   0.0000 (  0.0%)  Interface Analysis
   0.0000 (  0.0%)   0.0000 (  0.0%)   0.0000 (  0.0%)   0.0000 (  0.0%)  Interface Analysis
   0.0000 (  0.0%)   0.0000 (  0.0%)   0.0000 (  0.0%)   0.0000 (  0.0%)  Evaluate _ssdm_string2bits
   0.0000 (  0.0%)   0.0000 (  0.0%)   0.0000 (  0.0%)   0.0000 (  0.0%)  Interface Analysis
   0.0000 (  0.0%)   0.0000 (  0.0%)   0.0000 (  0.0%)   0.0000 (  0.0%)  Interface Analysis
   0.0000 (  0.0%)   0.0000 (  0.0%)   0.0000 (  0.0%)   0.0000 (  0.0%)  Interface Analysis
   0.0000 (  0.0%)   0.0000 (  0.0%)   0.0000 (  0.0%)   0.0000 (  0.0%)  Interface Analysis
   0.0000 (  0.0%)   0.0000 (  0.0%)   0.0000 (  0.0%)   0.0000 (  0.0%)  Interface Analysis
   0.0000 (  0.0%)   0.0000 (  0.0%)   0.0000 (  0.0%)   0.0000 (  0.0%)  Interface Analysis
   0.0000 (  0.0%)   0.0000 (  0.0%)   0.0000 (  0.0%)   0.0000 (  0.0%)  Interface Analysis
   0.0000 (  0.0%)   0.0000 (  0.0%)   0.0000 (  0.0%)   0.0000 (  0.0%)  Interface Analysis
   0.0000 (  0.0%)   0.0000 (  0.0%)   0.0000 (  0.0%)   0.0000 (  0.0%)  Collect basic metrics for FE reflow
   0.0000 (  0.0%)   0.0000 (  0.0%)   0.0000 (  0.0%)   0.0000 (  0.0%)  Interface Analysis
   0.0000 (  0.0%)   0.0000 (  0.0%)   0.0000 (  0.0%)   0.0000 (  0.0%)  A No-Op Barrier Pass
   0.0000 (  0.0%)   0.0000 (  0.0%)   0.0000 (  0.0%)   0.0000 (  0.0%)  Interface Analysis
   0.0000 (  0.0%)   0.0000 (  0.0%)   0.0000 (  0.0%)   0.0000 (  0.0%)  Entirety access check on array-to-stream
   0.0000 (  0.0%)   0.0000 (  0.0%)   0.0000 (  0.0%)   0.0000 (  0.0%)  Interface Analysis
   0.0000 (  0.0%)   0.0000 (  0.0%)   0.0000 (  0.0%)   0.0000 (  0.0%)  Interface Analysis
   0.0000 (  0.0%)   0.0000 (  0.0%)   0.0000 (  0.0%)   0.0000 (  0.0%)  Interface Analysis
   0.0000 (  0.0%)   0.0000 (  0.0%)   0.0000 (  0.0%)   0.0000 (  0.0%)  Interface Analysis
   0.0000 (  0.0%)   0.0000 (  0.0%)   0.0000 (  0.0%)   0.0000 (  0.0%)  Interface Analysis
   0.0000 (  0.0%)   0.0000 (  0.0%)   0.0000 (  0.0%)   0.0000 (  0.0%)  A No-Op Barrier Pass
   0.0000 (  0.0%)   0.0000 (  0.0%)   0.0000 (  0.0%)   0.0000 (  0.0%)  Interface Analysis
   0.0000 (  0.0%)   0.0000 (  0.0%)   0.0000 (  0.0%)   0.0000 (  0.0%)  Target Library Information
   0.0000 (  0.0%)   0.0000 (  0.0%)   0.0000 (  0.0%)   0.0000 (  0.0%)  A No-Op Barrier Pass
   0.0000 (  0.0%)   0.0000 (  0.0%)   0.0000 (  0.0%)   0.0000 (  0.0%)  A No-Op Barrier Pass
   0.0000 (  0.0%)   0.0000 (  0.0%)   0.0000 (  0.0%)   0.0000 (  0.0%)  Interface Analysis
   0.0000 (  0.0%)   0.0000 (  0.0%)   0.0000 (  0.0%)   0.0000 (  0.0%)  Profile summary info
   0.0000 (  0.0%)   0.0000 (  0.0%)   0.0000 (  0.0%)   0.0000 (  0.0%)  Target Transform Information
  47.3628 (100.0%)   0.1769 (100.0%)  47.5397 (100.0%)  47.5434 (100.0%)  Total

===-------------------------------------------------------------------------===
                                LLVM IR Parsing
===-------------------------------------------------------------------------===
  Total Execution Time: 0.0166 seconds (0.0166 wall clock)

   ---User Time---   --System Time--   --User+System--   ---Wall Time---  --- Name ---
   0.0145 (100.0%)   0.0021 (100.0%)   0.0166 (100.0%)   0.0166 (100.0%)  Parse IR
   0.0145 (100.0%)   0.0021 (100.0%)   0.0166 (100.0%)   0.0166 (100.0%)  Total

===-------------------------------------------------------------------------===
                          Clang front-end time report
===-------------------------------------------------------------------------===
  Total Execution Time: 47.4170 seconds (47.4218 wall clock)

   ---User Time---   --System Time--   --User+System--   ---Wall Time---  --- Name ---
  47.2268 (100.0%)   0.1902 (100.0%)  47.4170 (100.0%)  47.4218 (100.0%)  Clang front-end timer
  47.2268 (100.0%)   0.1902 (100.0%)  47.4170 (100.0%)  47.4218 (100.0%)  Total

