

================================================================
== Vitis HLS Report for 'relu_ap_fixed_16_6_5_3_0_ap_fixed_16_6_5_3_0_relu_config7_s'
================================================================
* Date:           Mon Nov 10 16:36:54 2025

* Version:        2024.1 (Build 5069499 on May 21 2024)
* Project:        myproject_prj
* Solution:       solution1 (Vivado IP Flow Target)
* Product family: virtexuplus
* Target device:  xcu250-figd2104-2L-e


================================================================
== Performance Estimates
================================================================
+ Timing: 
    * Summary: 
    +--------+---------+----------+------------+
    |  Clock |  Target | Estimated| Uncertainty|
    +--------+---------+----------+------------+
    |ap_clk  |  5.00 ns|  1.078 ns|     1.35 ns|
    +--------+---------+----------+------------+

+ Latency: 
    * Summary: 
    +---------+---------+----------+----------+-----+-----+---------+
    |  Latency (cycles) |  Latency (absolute) |  Interval | Pipeline|
    |   min   |   max   |    min   |    max   | min | max |   Type  |
    +---------+---------+----------+----------+-----+-----+---------+
    |        0|        0|      0 ns|      0 ns|    1|    1|      yes|
    +---------+---------+----------+----------+-----+-----+---------+

    + Detail: 
        * Instance: 
        N/A

        * Loop: 
        N/A



================================================================
== Utilization Estimates
================================================================
* Summary: 
+---------------------+---------+-------+---------+---------+------+
|         Name        | BRAM_18K|  DSP  |    FF   |   LUT   | URAM |
+---------------------+---------+-------+---------+---------+------+
|DSP                  |        -|      -|        -|        -|     -|
|Expression           |        -|      -|        0|     1216|     -|
|FIFO                 |        -|      -|        -|        -|     -|
|Instance             |        -|      -|        -|        -|     -|
|Memory               |        -|      -|        -|        -|     -|
|Multiplexer          |        -|      -|        -|        -|     -|
|Register             |        -|      -|        -|        -|     -|
+---------------------+---------+-------+---------+---------+------+
|Total                |        0|      0|        0|     1216|     0|
+---------------------+---------+-------+---------+---------+------+
|Available SLR        |     1344|   3072|   864000|   432000|   320|
+---------------------+---------+-------+---------+---------+------+
|Utilization SLR (%)  |        0|      0|        0|       ~0|     0|
+---------------------+---------+-------+---------+---------+------+
|Available            |     5376|  12288|  3456000|  1728000|  1280|
+---------------------+---------+-------+---------+---------+------+
|Utilization (%)      |        0|      0|        0|       ~0|     0|
+---------------------+---------+-------+---------+---------+------+

+ Detail: 
    * Instance: 
    N/A

    * DSP: 
    N/A

    * Memory: 
    N/A

    * FIFO: 
    N/A

    * Expression: 
    +------------------------+----------+----+---+----+------------+------------+
    |      Variable Name     | Operation| DSP| FF| LUT| Bitwidth P0| Bitwidth P1|
    +------------------------+----------+----+---+----+------------+------------+
    |icmp_ln45_10_fu_580_p2  |      icmp|   0|  0|  23|          16|           1|
    |icmp_ln45_11_fu_598_p2  |      icmp|   0|  0|  23|          16|           1|
    |icmp_ln45_12_fu_616_p2  |      icmp|   0|  0|  23|          16|           1|
    |icmp_ln45_13_fu_634_p2  |      icmp|   0|  0|  23|          16|           1|
    |icmp_ln45_14_fu_652_p2  |      icmp|   0|  0|  23|          16|           1|
    |icmp_ln45_15_fu_670_p2  |      icmp|   0|  0|  23|          16|           1|
    |icmp_ln45_16_fu_688_p2  |      icmp|   0|  0|  23|          16|           1|
    |icmp_ln45_17_fu_706_p2  |      icmp|   0|  0|  23|          16|           1|
    |icmp_ln45_18_fu_724_p2  |      icmp|   0|  0|  23|          16|           1|
    |icmp_ln45_19_fu_742_p2  |      icmp|   0|  0|  23|          16|           1|
    |icmp_ln45_1_fu_418_p2   |      icmp|   0|  0|  23|          16|           1|
    |icmp_ln45_20_fu_760_p2  |      icmp|   0|  0|  23|          16|           1|
    |icmp_ln45_21_fu_778_p2  |      icmp|   0|  0|  23|          16|           1|
    |icmp_ln45_22_fu_796_p2  |      icmp|   0|  0|  23|          16|           1|
    |icmp_ln45_23_fu_814_p2  |      icmp|   0|  0|  23|          16|           1|
    |icmp_ln45_24_fu_832_p2  |      icmp|   0|  0|  23|          16|           1|
    |icmp_ln45_25_fu_850_p2  |      icmp|   0|  0|  23|          16|           1|
    |icmp_ln45_26_fu_868_p2  |      icmp|   0|  0|  23|          16|           1|
    |icmp_ln45_27_fu_886_p2  |      icmp|   0|  0|  23|          16|           1|
    |icmp_ln45_28_fu_904_p2  |      icmp|   0|  0|  23|          16|           1|
    |icmp_ln45_29_fu_922_p2  |      icmp|   0|  0|  23|          16|           1|
    |icmp_ln45_2_fu_436_p2   |      icmp|   0|  0|  23|          16|           1|
    |icmp_ln45_30_fu_940_p2  |      icmp|   0|  0|  23|          16|           1|
    |icmp_ln45_31_fu_958_p2  |      icmp|   0|  0|  23|          16|           1|
    |icmp_ln45_3_fu_454_p2   |      icmp|   0|  0|  23|          16|           1|
    |icmp_ln45_4_fu_472_p2   |      icmp|   0|  0|  23|          16|           1|
    |icmp_ln45_5_fu_490_p2   |      icmp|   0|  0|  23|          16|           1|
    |icmp_ln45_6_fu_508_p2   |      icmp|   0|  0|  23|          16|           1|
    |icmp_ln45_7_fu_526_p2   |      icmp|   0|  0|  23|          16|           1|
    |icmp_ln45_8_fu_544_p2   |      icmp|   0|  0|  23|          16|           1|
    |icmp_ln45_9_fu_562_p2   |      icmp|   0|  0|  23|          16|           1|
    |icmp_ln45_fu_400_p2     |      icmp|   0|  0|  23|          16|           1|
    |datareg_10_fu_586_p3    |    select|   0|  0|  15|           1|          15|
    |datareg_11_fu_604_p3    |    select|   0|  0|  15|           1|          15|
    |datareg_12_fu_622_p3    |    select|   0|  0|  15|           1|          15|
    |datareg_13_fu_640_p3    |    select|   0|  0|  15|           1|          15|
    |datareg_14_fu_658_p3    |    select|   0|  0|  15|           1|          15|
    |datareg_15_fu_676_p3    |    select|   0|  0|  15|           1|          15|
    |datareg_16_fu_694_p3    |    select|   0|  0|  15|           1|          15|
    |datareg_17_fu_712_p3    |    select|   0|  0|  15|           1|          15|
    |datareg_18_fu_730_p3    |    select|   0|  0|  15|           1|          15|
    |datareg_19_fu_748_p3    |    select|   0|  0|  15|           1|          15|
    |datareg_1_fu_424_p3     |    select|   0|  0|  15|           1|          15|
    |datareg_20_fu_766_p3    |    select|   0|  0|  15|           1|          15|
    |datareg_21_fu_784_p3    |    select|   0|  0|  15|           1|          15|
    |datareg_22_fu_802_p3    |    select|   0|  0|  15|           1|          15|
    |datareg_23_fu_820_p3    |    select|   0|  0|  15|           1|          15|
    |datareg_24_fu_838_p3    |    select|   0|  0|  15|           1|          15|
    |datareg_25_fu_856_p3    |    select|   0|  0|  15|           1|          15|
    |datareg_26_fu_874_p3    |    select|   0|  0|  15|           1|          15|
    |datareg_27_fu_892_p3    |    select|   0|  0|  15|           1|          15|
    |datareg_28_fu_910_p3    |    select|   0|  0|  15|           1|          15|
    |datareg_29_fu_928_p3    |    select|   0|  0|  15|           1|          15|
    |datareg_2_fu_442_p3     |    select|   0|  0|  15|           1|          15|
    |datareg_30_fu_946_p3    |    select|   0|  0|  15|           1|          15|
    |datareg_31_fu_964_p3    |    select|   0|  0|  15|           1|          15|
    |datareg_3_fu_460_p3     |    select|   0|  0|  15|           1|          15|
    |datareg_4_fu_478_p3     |    select|   0|  0|  15|           1|          15|
    |datareg_5_fu_496_p3     |    select|   0|  0|  15|           1|          15|
    |datareg_6_fu_514_p3     |    select|   0|  0|  15|           1|          15|
    |datareg_7_fu_532_p3     |    select|   0|  0|  15|           1|          15|
    |datareg_8_fu_550_p3     |    select|   0|  0|  15|           1|          15|
    |datareg_9_fu_568_p3     |    select|   0|  0|  15|           1|          15|
    |datareg_fu_406_p3       |    select|   0|  0|  15|           1|          15|
    +------------------------+----------+----+---+----+------------+------------+
    |Total                   |          |   0|  0|1216|         544|         512|
    +------------------------+----------+----+---+----+------------+------------+

    * Multiplexer: 
    N/A

    * Register: 
    N/A



================================================================
== Interface
================================================================
* Summary: 
+--------------+-----+-----+------------+------------------------------------------------------------------------+--------------+
|   RTL Ports  | Dir | Bits|  Protocol  |                              Source Object                             |    C Type    |
+--------------+-----+-----+------------+------------------------------------------------------------------------+--------------+
|ap_ready      |  out|    1|  ap_ctrl_hs|  relu<ap_fixed<16, 6, 5, 3, 0>, ap_fixed<16, 6, 5, 3, 0>, relu_config7>|  return value|
|ap_return_0   |  out|   16|  ap_ctrl_hs|  relu<ap_fixed<16, 6, 5, 3, 0>, ap_fixed<16, 6, 5, 3, 0>, relu_config7>|  return value|
|ap_return_1   |  out|   16|  ap_ctrl_hs|  relu<ap_fixed<16, 6, 5, 3, 0>, ap_fixed<16, 6, 5, 3, 0>, relu_config7>|  return value|
|ap_return_2   |  out|   16|  ap_ctrl_hs|  relu<ap_fixed<16, 6, 5, 3, 0>, ap_fixed<16, 6, 5, 3, 0>, relu_config7>|  return value|
|ap_return_3   |  out|   16|  ap_ctrl_hs|  relu<ap_fixed<16, 6, 5, 3, 0>, ap_fixed<16, 6, 5, 3, 0>, relu_config7>|  return value|
|ap_return_4   |  out|   16|  ap_ctrl_hs|  relu<ap_fixed<16, 6, 5, 3, 0>, ap_fixed<16, 6, 5, 3, 0>, relu_config7>|  return value|
|ap_return_5   |  out|   16|  ap_ctrl_hs|  relu<ap_fixed<16, 6, 5, 3, 0>, ap_fixed<16, 6, 5, 3, 0>, relu_config7>|  return value|
|ap_return_6   |  out|   16|  ap_ctrl_hs|  relu<ap_fixed<16, 6, 5, 3, 0>, ap_fixed<16, 6, 5, 3, 0>, relu_config7>|  return value|
|ap_return_7   |  out|   16|  ap_ctrl_hs|  relu<ap_fixed<16, 6, 5, 3, 0>, ap_fixed<16, 6, 5, 3, 0>, relu_config7>|  return value|
|ap_return_8   |  out|   16|  ap_ctrl_hs|  relu<ap_fixed<16, 6, 5, 3, 0>, ap_fixed<16, 6, 5, 3, 0>, relu_config7>|  return value|
|ap_return_9   |  out|   16|  ap_ctrl_hs|  relu<ap_fixed<16, 6, 5, 3, 0>, ap_fixed<16, 6, 5, 3, 0>, relu_config7>|  return value|
|ap_return_10  |  out|   16|  ap_ctrl_hs|  relu<ap_fixed<16, 6, 5, 3, 0>, ap_fixed<16, 6, 5, 3, 0>, relu_config7>|  return value|
|ap_return_11  |  out|   16|  ap_ctrl_hs|  relu<ap_fixed<16, 6, 5, 3, 0>, ap_fixed<16, 6, 5, 3, 0>, relu_config7>|  return value|
|ap_return_12  |  out|   16|  ap_ctrl_hs|  relu<ap_fixed<16, 6, 5, 3, 0>, ap_fixed<16, 6, 5, 3, 0>, relu_config7>|  return value|
|ap_return_13  |  out|   16|  ap_ctrl_hs|  relu<ap_fixed<16, 6, 5, 3, 0>, ap_fixed<16, 6, 5, 3, 0>, relu_config7>|  return value|
|ap_return_14  |  out|   16|  ap_ctrl_hs|  relu<ap_fixed<16, 6, 5, 3, 0>, ap_fixed<16, 6, 5, 3, 0>, relu_config7>|  return value|
|ap_return_15  |  out|   16|  ap_ctrl_hs|  relu<ap_fixed<16, 6, 5, 3, 0>, ap_fixed<16, 6, 5, 3, 0>, relu_config7>|  return value|
|ap_return_16  |  out|   16|  ap_ctrl_hs|  relu<ap_fixed<16, 6, 5, 3, 0>, ap_fixed<16, 6, 5, 3, 0>, relu_config7>|  return value|
|ap_return_17  |  out|   16|  ap_ctrl_hs|  relu<ap_fixed<16, 6, 5, 3, 0>, ap_fixed<16, 6, 5, 3, 0>, relu_config7>|  return value|
|ap_return_18  |  out|   16|  ap_ctrl_hs|  relu<ap_fixed<16, 6, 5, 3, 0>, ap_fixed<16, 6, 5, 3, 0>, relu_config7>|  return value|
|ap_return_19  |  out|   16|  ap_ctrl_hs|  relu<ap_fixed<16, 6, 5, 3, 0>, ap_fixed<16, 6, 5, 3, 0>, relu_config7>|  return value|
|ap_return_20  |  out|   16|  ap_ctrl_hs|  relu<ap_fixed<16, 6, 5, 3, 0>, ap_fixed<16, 6, 5, 3, 0>, relu_config7>|  return value|
|ap_return_21  |  out|   16|  ap_ctrl_hs|  relu<ap_fixed<16, 6, 5, 3, 0>, ap_fixed<16, 6, 5, 3, 0>, relu_config7>|  return value|
|ap_return_22  |  out|   16|  ap_ctrl_hs|  relu<ap_fixed<16, 6, 5, 3, 0>, ap_fixed<16, 6, 5, 3, 0>, relu_config7>|  return value|
|ap_return_23  |  out|   16|  ap_ctrl_hs|  relu<ap_fixed<16, 6, 5, 3, 0>, ap_fixed<16, 6, 5, 3, 0>, relu_config7>|  return value|
|ap_return_24  |  out|   16|  ap_ctrl_hs|  relu<ap_fixed<16, 6, 5, 3, 0>, ap_fixed<16, 6, 5, 3, 0>, relu_config7>|  return value|
|ap_return_25  |  out|   16|  ap_ctrl_hs|  relu<ap_fixed<16, 6, 5, 3, 0>, ap_fixed<16, 6, 5, 3, 0>, relu_config7>|  return value|
|ap_return_26  |  out|   16|  ap_ctrl_hs|  relu<ap_fixed<16, 6, 5, 3, 0>, ap_fixed<16, 6, 5, 3, 0>, relu_config7>|  return value|
|ap_return_27  |  out|   16|  ap_ctrl_hs|  relu<ap_fixed<16, 6, 5, 3, 0>, ap_fixed<16, 6, 5, 3, 0>, relu_config7>|  return value|
|ap_return_28  |  out|   16|  ap_ctrl_hs|  relu<ap_fixed<16, 6, 5, 3, 0>, ap_fixed<16, 6, 5, 3, 0>, relu_config7>|  return value|
|ap_return_29  |  out|   16|  ap_ctrl_hs|  relu<ap_fixed<16, 6, 5, 3, 0>, ap_fixed<16, 6, 5, 3, 0>, relu_config7>|  return value|
|ap_return_30  |  out|   16|  ap_ctrl_hs|  relu<ap_fixed<16, 6, 5, 3, 0>, ap_fixed<16, 6, 5, 3, 0>, relu_config7>|  return value|
|ap_return_31  |  out|   16|  ap_ctrl_hs|  relu<ap_fixed<16, 6, 5, 3, 0>, ap_fixed<16, 6, 5, 3, 0>, relu_config7>|  return value|
|ap_rst        |   in|    1|  ap_ctrl_hs|  relu<ap_fixed<16, 6, 5, 3, 0>, ap_fixed<16, 6, 5, 3, 0>, relu_config7>|  return value|
|data_0_val    |   in|   16|     ap_none|                                                              data_0_val|        scalar|
|data_1_val    |   in|   16|     ap_none|                                                              data_1_val|        scalar|
|data_2_val    |   in|   16|     ap_none|                                                              data_2_val|        scalar|
|data_3_val    |   in|   16|     ap_none|                                                              data_3_val|        scalar|
|data_4_val    |   in|   16|     ap_none|                                                              data_4_val|        scalar|
|data_5_val    |   in|   16|     ap_none|                                                              data_5_val|        scalar|
|data_6_val    |   in|   16|     ap_none|                                                              data_6_val|        scalar|
|data_7_val    |   in|   16|     ap_none|                                                              data_7_val|        scalar|
|data_8_val    |   in|   16|     ap_none|                                                              data_8_val|        scalar|
|data_9_val    |   in|   16|     ap_none|                                                              data_9_val|        scalar|
|data_10_val   |   in|   16|     ap_none|                                                             data_10_val|        scalar|
|data_11_val   |   in|   16|     ap_none|                                                             data_11_val|        scalar|
|data_12_val   |   in|   16|     ap_none|                                                             data_12_val|        scalar|
|data_13_val   |   in|   16|     ap_none|                                                             data_13_val|        scalar|
|data_14_val   |   in|   16|     ap_none|                                                             data_14_val|        scalar|
|data_15_val   |   in|   16|     ap_none|                                                             data_15_val|        scalar|
|data_16_val   |   in|   16|     ap_none|                                                             data_16_val|        scalar|
|data_17_val   |   in|   16|     ap_none|                                                             data_17_val|        scalar|
|data_18_val   |   in|   16|     ap_none|                                                             data_18_val|        scalar|
|data_19_val   |   in|   16|     ap_none|                                                             data_19_val|        scalar|
|data_20_val   |   in|   16|     ap_none|                                                             data_20_val|        scalar|
|data_21_val   |   in|   16|     ap_none|                                                             data_21_val|        scalar|
|data_22_val   |   in|   16|     ap_none|                                                             data_22_val|        scalar|
|data_23_val   |   in|   16|     ap_none|                                                             data_23_val|        scalar|
|data_24_val   |   in|   16|     ap_none|                                                             data_24_val|        scalar|
|data_25_val   |   in|   16|     ap_none|                                                             data_25_val|        scalar|
|data_26_val   |   in|   16|     ap_none|                                                             data_26_val|        scalar|
|data_27_val   |   in|   16|     ap_none|                                                             data_27_val|        scalar|
|data_28_val   |   in|   16|     ap_none|                                                             data_28_val|        scalar|
|data_29_val   |   in|   16|     ap_none|                                                             data_29_val|        scalar|
|data_30_val   |   in|   16|     ap_none|                                                             data_30_val|        scalar|
|data_31_val   |   in|   16|     ap_none|                                                             data_31_val|        scalar|
+--------------+-----+-----+------------+------------------------------------------------------------------------+--------------+

============================================================
+ Verbose Summary: Synthesis Manager
============================================================
InlineROM: 1
ExposeGlobal: 0
============================================================
+ Verbose Summary: CDFG Model
============================================================
IsTopModel: 0
ResetActiveHigh: 1
IsCombinational: 1
IsDatapathOnly: 2
HasWiredReturn: 1
HasMFsm: 2
HasVarLatency: 0
IsPipeline: 1
IsRtlPipelined: 0
IsInstanceOverlapped: 0
IsDontTouch: 0
HasImplIP: 0
IsGatedGlobalClock: 0

+ Individual pipeline summary: 
  * Pipeline-0: initiation interval (II) = 1, depth = 1


============================================================
+ Verbose Summary: Schedule
============================================================
* Number of FSM states : 1
* Pipeline : 1
  Pipeline-0 : II = 1, D = 1, States = { 1 }
* Dataflow Pipeline: 0

* FSM state transitions: 
1 --> 

* FSM state operations: 

State 1 <SV = 0> <Delay = 1.07>
ST_1 : Operation 2 [1/1] (0.00ns)   --->   "%data_31_val_read = read i16 @_ssdm_op_Read.ap_auto.i16, i16 %data_31_val" [firmware/nnet_utils/nnet_activation.h:42]   --->   Operation 2 'read' 'data_31_val_read' <Predicate = true> <Delay = 0.00>
ST_1 : Operation 3 [1/1] (0.00ns)   --->   "%data_30_val_read = read i16 @_ssdm_op_Read.ap_auto.i16, i16 %data_30_val" [firmware/nnet_utils/nnet_activation.h:42]   --->   Operation 3 'read' 'data_30_val_read' <Predicate = true> <Delay = 0.00>
ST_1 : Operation 4 [1/1] (0.00ns)   --->   "%data_29_val_read = read i16 @_ssdm_op_Read.ap_auto.i16, i16 %data_29_val" [firmware/nnet_utils/nnet_activation.h:42]   --->   Operation 4 'read' 'data_29_val_read' <Predicate = true> <Delay = 0.00>
ST_1 : Operation 5 [1/1] (0.00ns)   --->   "%data_28_val_read = read i16 @_ssdm_op_Read.ap_auto.i16, i16 %data_28_val" [firmware/nnet_utils/nnet_activation.h:42]   --->   Operation 5 'read' 'data_28_val_read' <Predicate = true> <Delay = 0.00>
ST_1 : Operation 6 [1/1] (0.00ns)   --->   "%data_27_val_read = read i16 @_ssdm_op_Read.ap_auto.i16, i16 %data_27_val" [firmware/nnet_utils/nnet_activation.h:42]   --->   Operation 6 'read' 'data_27_val_read' <Predicate = true> <Delay = 0.00>
ST_1 : Operation 7 [1/1] (0.00ns)   --->   "%data_26_val_read = read i16 @_ssdm_op_Read.ap_auto.i16, i16 %data_26_val" [firmware/nnet_utils/nnet_activation.h:42]   --->   Operation 7 'read' 'data_26_val_read' <Predicate = true> <Delay = 0.00>
ST_1 : Operation 8 [1/1] (0.00ns)   --->   "%data_25_val_read = read i16 @_ssdm_op_Read.ap_auto.i16, i16 %data_25_val" [firmware/nnet_utils/nnet_activation.h:42]   --->   Operation 8 'read' 'data_25_val_read' <Predicate = true> <Delay = 0.00>
ST_1 : Operation 9 [1/1] (0.00ns)   --->   "%data_24_val_read = read i16 @_ssdm_op_Read.ap_auto.i16, i16 %data_24_val" [firmware/nnet_utils/nnet_activation.h:42]   --->   Operation 9 'read' 'data_24_val_read' <Predicate = true> <Delay = 0.00>
ST_1 : Operation 10 [1/1] (0.00ns)   --->   "%data_23_val_read = read i16 @_ssdm_op_Read.ap_auto.i16, i16 %data_23_val" [firmware/nnet_utils/nnet_activation.h:42]   --->   Operation 10 'read' 'data_23_val_read' <Predicate = true> <Delay = 0.00>
ST_1 : Operation 11 [1/1] (0.00ns)   --->   "%data_22_val_read = read i16 @_ssdm_op_Read.ap_auto.i16, i16 %data_22_val" [firmware/nnet_utils/nnet_activation.h:42]   --->   Operation 11 'read' 'data_22_val_read' <Predicate = true> <Delay = 0.00>
ST_1 : Operation 12 [1/1] (0.00ns)   --->   "%data_21_val_read = read i16 @_ssdm_op_Read.ap_auto.i16, i16 %data_21_val" [firmware/nnet_utils/nnet_activation.h:42]   --->   Operation 12 'read' 'data_21_val_read' <Predicate = true> <Delay = 0.00>
ST_1 : Operation 13 [1/1] (0.00ns)   --->   "%data_20_val_read = read i16 @_ssdm_op_Read.ap_auto.i16, i16 %data_20_val" [firmware/nnet_utils/nnet_activation.h:42]   --->   Operation 13 'read' 'data_20_val_read' <Predicate = true> <Delay = 0.00>
ST_1 : Operation 14 [1/1] (0.00ns)   --->   "%data_19_val_read = read i16 @_ssdm_op_Read.ap_auto.i16, i16 %data_19_val" [firmware/nnet_utils/nnet_activation.h:42]   --->   Operation 14 'read' 'data_19_val_read' <Predicate = true> <Delay = 0.00>
ST_1 : Operation 15 [1/1] (0.00ns)   --->   "%data_18_val_read = read i16 @_ssdm_op_Read.ap_auto.i16, i16 %data_18_val" [firmware/nnet_utils/nnet_activation.h:42]   --->   Operation 15 'read' 'data_18_val_read' <Predicate = true> <Delay = 0.00>
ST_1 : Operation 16 [1/1] (0.00ns)   --->   "%data_17_val_read = read i16 @_ssdm_op_Read.ap_auto.i16, i16 %data_17_val" [firmware/nnet_utils/nnet_activation.h:42]   --->   Operation 16 'read' 'data_17_val_read' <Predicate = true> <Delay = 0.00>
ST_1 : Operation 17 [1/1] (0.00ns)   --->   "%data_16_val_read = read i16 @_ssdm_op_Read.ap_auto.i16, i16 %data_16_val" [firmware/nnet_utils/nnet_activation.h:42]   --->   Operation 17 'read' 'data_16_val_read' <Predicate = true> <Delay = 0.00>
ST_1 : Operation 18 [1/1] (0.00ns)   --->   "%data_15_val_read = read i16 @_ssdm_op_Read.ap_auto.i16, i16 %data_15_val" [firmware/nnet_utils/nnet_activation.h:42]   --->   Operation 18 'read' 'data_15_val_read' <Predicate = true> <Delay = 0.00>
ST_1 : Operation 19 [1/1] (0.00ns)   --->   "%data_14_val_read = read i16 @_ssdm_op_Read.ap_auto.i16, i16 %data_14_val" [firmware/nnet_utils/nnet_activation.h:42]   --->   Operation 19 'read' 'data_14_val_read' <Predicate = true> <Delay = 0.00>
ST_1 : Operation 20 [1/1] (0.00ns)   --->   "%data_13_val_read = read i16 @_ssdm_op_Read.ap_auto.i16, i16 %data_13_val" [firmware/nnet_utils/nnet_activation.h:42]   --->   Operation 20 'read' 'data_13_val_read' <Predicate = true> <Delay = 0.00>
ST_1 : Operation 21 [1/1] (0.00ns)   --->   "%data_12_val_read = read i16 @_ssdm_op_Read.ap_auto.i16, i16 %data_12_val" [firmware/nnet_utils/nnet_activation.h:42]   --->   Operation 21 'read' 'data_12_val_read' <Predicate = true> <Delay = 0.00>
ST_1 : Operation 22 [1/1] (0.00ns)   --->   "%data_11_val_read = read i16 @_ssdm_op_Read.ap_auto.i16, i16 %data_11_val" [firmware/nnet_utils/nnet_activation.h:42]   --->   Operation 22 'read' 'data_11_val_read' <Predicate = true> <Delay = 0.00>
ST_1 : Operation 23 [1/1] (0.00ns)   --->   "%data_10_val_read = read i16 @_ssdm_op_Read.ap_auto.i16, i16 %data_10_val" [firmware/nnet_utils/nnet_activation.h:42]   --->   Operation 23 'read' 'data_10_val_read' <Predicate = true> <Delay = 0.00>
ST_1 : Operation 24 [1/1] (0.00ns)   --->   "%data_9_val_read = read i16 @_ssdm_op_Read.ap_auto.i16, i16 %data_9_val" [firmware/nnet_utils/nnet_activation.h:42]   --->   Operation 24 'read' 'data_9_val_read' <Predicate = true> <Delay = 0.00>
ST_1 : Operation 25 [1/1] (0.00ns)   --->   "%data_8_val_read = read i16 @_ssdm_op_Read.ap_auto.i16, i16 %data_8_val" [firmware/nnet_utils/nnet_activation.h:42]   --->   Operation 25 'read' 'data_8_val_read' <Predicate = true> <Delay = 0.00>
ST_1 : Operation 26 [1/1] (0.00ns)   --->   "%data_7_val_read = read i16 @_ssdm_op_Read.ap_auto.i16, i16 %data_7_val" [firmware/nnet_utils/nnet_activation.h:42]   --->   Operation 26 'read' 'data_7_val_read' <Predicate = true> <Delay = 0.00>
ST_1 : Operation 27 [1/1] (0.00ns)   --->   "%data_6_val_read = read i16 @_ssdm_op_Read.ap_auto.i16, i16 %data_6_val" [firmware/nnet_utils/nnet_activation.h:42]   --->   Operation 27 'read' 'data_6_val_read' <Predicate = true> <Delay = 0.00>
ST_1 : Operation 28 [1/1] (0.00ns)   --->   "%data_5_val_read = read i16 @_ssdm_op_Read.ap_auto.i16, i16 %data_5_val" [firmware/nnet_utils/nnet_activation.h:42]   --->   Operation 28 'read' 'data_5_val_read' <Predicate = true> <Delay = 0.00>
ST_1 : Operation 29 [1/1] (0.00ns)   --->   "%data_4_val_read = read i16 @_ssdm_op_Read.ap_auto.i16, i16 %data_4_val" [firmware/nnet_utils/nnet_activation.h:42]   --->   Operation 29 'read' 'data_4_val_read' <Predicate = true> <Delay = 0.00>
ST_1 : Operation 30 [1/1] (0.00ns)   --->   "%data_3_val_read = read i16 @_ssdm_op_Read.ap_auto.i16, i16 %data_3_val" [firmware/nnet_utils/nnet_activation.h:42]   --->   Operation 30 'read' 'data_3_val_read' <Predicate = true> <Delay = 0.00>
ST_1 : Operation 31 [1/1] (0.00ns)   --->   "%data_2_val_read = read i16 @_ssdm_op_Read.ap_auto.i16, i16 %data_2_val" [firmware/nnet_utils/nnet_activation.h:42]   --->   Operation 31 'read' 'data_2_val_read' <Predicate = true> <Delay = 0.00>
ST_1 : Operation 32 [1/1] (0.00ns)   --->   "%data_1_val_read = read i16 @_ssdm_op_Read.ap_auto.i16, i16 %data_1_val" [firmware/nnet_utils/nnet_activation.h:42]   --->   Operation 32 'read' 'data_1_val_read' <Predicate = true> <Delay = 0.00>
ST_1 : Operation 33 [1/1] (0.00ns)   --->   "%data_0_val_read = read i16 @_ssdm_op_Read.ap_auto.i16, i16 %data_0_val" [firmware/nnet_utils/nnet_activation.h:42]   --->   Operation 33 'read' 'data_0_val_read' <Predicate = true> <Delay = 0.00>
ST_1 : Operation 34 [1/1] (0.00ns)   --->   "%trunc_ln42 = trunc i16 %data_31_val_read" [firmware/nnet_utils/nnet_activation.h:42]   --->   Operation 34 'trunc' 'trunc_ln42' <Predicate = (icmp_ln45_31)> <Delay = 0.00>
ST_1 : Operation 35 [1/1] (0.00ns)   --->   "%trunc_ln42_1 = trunc i16 %data_30_val_read" [firmware/nnet_utils/nnet_activation.h:42]   --->   Operation 35 'trunc' 'trunc_ln42_1' <Predicate = (icmp_ln45_30)> <Delay = 0.00>
ST_1 : Operation 36 [1/1] (0.00ns)   --->   "%trunc_ln42_2 = trunc i16 %data_29_val_read" [firmware/nnet_utils/nnet_activation.h:42]   --->   Operation 36 'trunc' 'trunc_ln42_2' <Predicate = (icmp_ln45_29)> <Delay = 0.00>
ST_1 : Operation 37 [1/1] (0.00ns)   --->   "%trunc_ln42_3 = trunc i16 %data_28_val_read" [firmware/nnet_utils/nnet_activation.h:42]   --->   Operation 37 'trunc' 'trunc_ln42_3' <Predicate = (icmp_ln45_28)> <Delay = 0.00>
ST_1 : Operation 38 [1/1] (0.00ns)   --->   "%trunc_ln42_4 = trunc i16 %data_27_val_read" [firmware/nnet_utils/nnet_activation.h:42]   --->   Operation 38 'trunc' 'trunc_ln42_4' <Predicate = (icmp_ln45_27)> <Delay = 0.00>
ST_1 : Operation 39 [1/1] (0.00ns)   --->   "%trunc_ln42_5 = trunc i16 %data_26_val_read" [firmware/nnet_utils/nnet_activation.h:42]   --->   Operation 39 'trunc' 'trunc_ln42_5' <Predicate = (icmp_ln45_26)> <Delay = 0.00>
ST_1 : Operation 40 [1/1] (0.00ns)   --->   "%trunc_ln42_6 = trunc i16 %data_25_val_read" [firmware/nnet_utils/nnet_activation.h:42]   --->   Operation 40 'trunc' 'trunc_ln42_6' <Predicate = (icmp_ln45_25)> <Delay = 0.00>
ST_1 : Operation 41 [1/1] (0.00ns)   --->   "%trunc_ln42_7 = trunc i16 %data_24_val_read" [firmware/nnet_utils/nnet_activation.h:42]   --->   Operation 41 'trunc' 'trunc_ln42_7' <Predicate = (icmp_ln45_24)> <Delay = 0.00>
ST_1 : Operation 42 [1/1] (0.00ns)   --->   "%trunc_ln42_8 = trunc i16 %data_23_val_read" [firmware/nnet_utils/nnet_activation.h:42]   --->   Operation 42 'trunc' 'trunc_ln42_8' <Predicate = (icmp_ln45_23)> <Delay = 0.00>
ST_1 : Operation 43 [1/1] (0.00ns)   --->   "%trunc_ln42_9 = trunc i16 %data_22_val_read" [firmware/nnet_utils/nnet_activation.h:42]   --->   Operation 43 'trunc' 'trunc_ln42_9' <Predicate = (icmp_ln45_22)> <Delay = 0.00>
ST_1 : Operation 44 [1/1] (0.00ns)   --->   "%trunc_ln42_10 = trunc i16 %data_21_val_read" [firmware/nnet_utils/nnet_activation.h:42]   --->   Operation 44 'trunc' 'trunc_ln42_10' <Predicate = (icmp_ln45_21)> <Delay = 0.00>
ST_1 : Operation 45 [1/1] (0.00ns)   --->   "%trunc_ln42_11 = trunc i16 %data_20_val_read" [firmware/nnet_utils/nnet_activation.h:42]   --->   Operation 45 'trunc' 'trunc_ln42_11' <Predicate = (icmp_ln45_20)> <Delay = 0.00>
ST_1 : Operation 46 [1/1] (0.00ns)   --->   "%trunc_ln42_12 = trunc i16 %data_19_val_read" [firmware/nnet_utils/nnet_activation.h:42]   --->   Operation 46 'trunc' 'trunc_ln42_12' <Predicate = (icmp_ln45_19)> <Delay = 0.00>
ST_1 : Operation 47 [1/1] (0.00ns)   --->   "%trunc_ln42_13 = trunc i16 %data_18_val_read" [firmware/nnet_utils/nnet_activation.h:42]   --->   Operation 47 'trunc' 'trunc_ln42_13' <Predicate = (icmp_ln45_18)> <Delay = 0.00>
ST_1 : Operation 48 [1/1] (0.00ns)   --->   "%trunc_ln42_14 = trunc i16 %data_17_val_read" [firmware/nnet_utils/nnet_activation.h:42]   --->   Operation 48 'trunc' 'trunc_ln42_14' <Predicate = (icmp_ln45_17)> <Delay = 0.00>
ST_1 : Operation 49 [1/1] (0.00ns)   --->   "%trunc_ln42_15 = trunc i16 %data_16_val_read" [firmware/nnet_utils/nnet_activation.h:42]   --->   Operation 49 'trunc' 'trunc_ln42_15' <Predicate = (icmp_ln45_16)> <Delay = 0.00>
ST_1 : Operation 50 [1/1] (0.00ns)   --->   "%trunc_ln42_16 = trunc i16 %data_15_val_read" [firmware/nnet_utils/nnet_activation.h:42]   --->   Operation 50 'trunc' 'trunc_ln42_16' <Predicate = (icmp_ln45_15)> <Delay = 0.00>
ST_1 : Operation 51 [1/1] (0.00ns)   --->   "%trunc_ln42_17 = trunc i16 %data_14_val_read" [firmware/nnet_utils/nnet_activation.h:42]   --->   Operation 51 'trunc' 'trunc_ln42_17' <Predicate = (icmp_ln45_14)> <Delay = 0.00>
ST_1 : Operation 52 [1/1] (0.00ns)   --->   "%trunc_ln42_18 = trunc i16 %data_13_val_read" [firmware/nnet_utils/nnet_activation.h:42]   --->   Operation 52 'trunc' 'trunc_ln42_18' <Predicate = (icmp_ln45_13)> <Delay = 0.00>
ST_1 : Operation 53 [1/1] (0.00ns)   --->   "%trunc_ln42_19 = trunc i16 %data_12_val_read" [firmware/nnet_utils/nnet_activation.h:42]   --->   Operation 53 'trunc' 'trunc_ln42_19' <Predicate = (icmp_ln45_12)> <Delay = 0.00>
ST_1 : Operation 54 [1/1] (0.00ns)   --->   "%trunc_ln42_20 = trunc i16 %data_11_val_read" [firmware/nnet_utils/nnet_activation.h:42]   --->   Operation 54 'trunc' 'trunc_ln42_20' <Predicate = (icmp_ln45_11)> <Delay = 0.00>
ST_1 : Operation 55 [1/1] (0.00ns)   --->   "%trunc_ln42_21 = trunc i16 %data_10_val_read" [firmware/nnet_utils/nnet_activation.h:42]   --->   Operation 55 'trunc' 'trunc_ln42_21' <Predicate = (icmp_ln45_10)> <Delay = 0.00>
ST_1 : Operation 56 [1/1] (0.00ns)   --->   "%trunc_ln42_22 = trunc i16 %data_9_val_read" [firmware/nnet_utils/nnet_activation.h:42]   --->   Operation 56 'trunc' 'trunc_ln42_22' <Predicate = (icmp_ln45_9)> <Delay = 0.00>
ST_1 : Operation 57 [1/1] (0.00ns)   --->   "%trunc_ln42_23 = trunc i16 %data_8_val_read" [firmware/nnet_utils/nnet_activation.h:42]   --->   Operation 57 'trunc' 'trunc_ln42_23' <Predicate = (icmp_ln45_8)> <Delay = 0.00>
ST_1 : Operation 58 [1/1] (0.00ns)   --->   "%trunc_ln42_24 = trunc i16 %data_7_val_read" [firmware/nnet_utils/nnet_activation.h:42]   --->   Operation 58 'trunc' 'trunc_ln42_24' <Predicate = (icmp_ln45_7)> <Delay = 0.00>
ST_1 : Operation 59 [1/1] (0.00ns)   --->   "%trunc_ln42_25 = trunc i16 %data_6_val_read" [firmware/nnet_utils/nnet_activation.h:42]   --->   Operation 59 'trunc' 'trunc_ln42_25' <Predicate = (icmp_ln45_6)> <Delay = 0.00>
ST_1 : Operation 60 [1/1] (0.00ns)   --->   "%trunc_ln42_26 = trunc i16 %data_5_val_read" [firmware/nnet_utils/nnet_activation.h:42]   --->   Operation 60 'trunc' 'trunc_ln42_26' <Predicate = (icmp_ln45_5)> <Delay = 0.00>
ST_1 : Operation 61 [1/1] (0.00ns)   --->   "%trunc_ln42_27 = trunc i16 %data_4_val_read" [firmware/nnet_utils/nnet_activation.h:42]   --->   Operation 61 'trunc' 'trunc_ln42_27' <Predicate = (icmp_ln45_4)> <Delay = 0.00>
ST_1 : Operation 62 [1/1] (0.00ns)   --->   "%trunc_ln42_28 = trunc i16 %data_3_val_read" [firmware/nnet_utils/nnet_activation.h:42]   --->   Operation 62 'trunc' 'trunc_ln42_28' <Predicate = (icmp_ln45_3)> <Delay = 0.00>
ST_1 : Operation 63 [1/1] (0.00ns)   --->   "%trunc_ln42_29 = trunc i16 %data_2_val_read" [firmware/nnet_utils/nnet_activation.h:42]   --->   Operation 63 'trunc' 'trunc_ln42_29' <Predicate = (icmp_ln45_2)> <Delay = 0.00>
ST_1 : Operation 64 [1/1] (0.00ns)   --->   "%trunc_ln42_30 = trunc i16 %data_1_val_read" [firmware/nnet_utils/nnet_activation.h:42]   --->   Operation 64 'trunc' 'trunc_ln42_30' <Predicate = (icmp_ln45_1)> <Delay = 0.00>
ST_1 : Operation 65 [1/1] (0.00ns)   --->   "%trunc_ln42_31 = trunc i16 %data_0_val_read" [firmware/nnet_utils/nnet_activation.h:42]   --->   Operation 65 'trunc' 'trunc_ln42_31' <Predicate = (icmp_ln45)> <Delay = 0.00>
ST_1 : Operation 66 [1/1] (0.00ns)   --->   "%specpipeline_ln42 = specpipeline void @_ssdm_op_SpecPipeline, i32 4294967295, i32 0, i32 0, i32 0, void @empty_0" [firmware/nnet_utils/nnet_activation.h:42]   --->   Operation 66 'specpipeline' 'specpipeline_ln42' <Predicate = true> <Delay = 0.00>
ST_1 : Operation 67 [1/1] (0.78ns)   --->   "%icmp_ln45 = icmp_sgt  i16 %data_0_val_read, i16 0" [firmware/nnet_utils/nnet_activation.h:45]   --->   Operation 67 'icmp' 'icmp_ln45' <Predicate = true> <Delay = 0.78> <CoreInst = "Cmp">   --->   Core 9 'Cmp' <Latency = 0> <II = 1> <Delay = 0.78> <FuncUnit> <Opcode : 'seteq' 'setne' 'setle' 'setge' 'setlt' 'setgt'> <InPorts = 2> <OutPorts = 1>
ST_1 : Operation 68 [1/1] (0.29ns)   --->   "%datareg = select i1 %icmp_ln45, i15 %trunc_ln42_31, i15 0" [firmware/nnet_utils/nnet_activation.h:45]   --->   Operation 68 'select' 'datareg' <Predicate = true> <Delay = 0.29> <CoreInst = "Sel">   --->   Core 73 'Sel' <Latency = 0> <II = 1> <Delay = 0.29> <FuncUnit> <Opcode : 'select'> <InPorts = 3> <OutPorts = 1>
ST_1 : Operation 69 [1/1] (0.00ns)   --->   "%zext_ln45 = zext i15 %datareg" [firmware/nnet_utils/nnet_activation.h:45]   --->   Operation 69 'zext' 'zext_ln45' <Predicate = true> <Delay = 0.00>
ST_1 : Operation 70 [1/1] (0.78ns)   --->   "%icmp_ln45_1 = icmp_sgt  i16 %data_1_val_read, i16 0" [firmware/nnet_utils/nnet_activation.h:45]   --->   Operation 70 'icmp' 'icmp_ln45_1' <Predicate = true> <Delay = 0.78> <CoreInst = "Cmp">   --->   Core 9 'Cmp' <Latency = 0> <II = 1> <Delay = 0.78> <FuncUnit> <Opcode : 'seteq' 'setne' 'setle' 'setge' 'setlt' 'setgt'> <InPorts = 2> <OutPorts = 1>
ST_1 : Operation 71 [1/1] (0.29ns)   --->   "%datareg_1 = select i1 %icmp_ln45_1, i15 %trunc_ln42_30, i15 0" [firmware/nnet_utils/nnet_activation.h:45]   --->   Operation 71 'select' 'datareg_1' <Predicate = true> <Delay = 0.29> <CoreInst = "Sel">   --->   Core 73 'Sel' <Latency = 0> <II = 1> <Delay = 0.29> <FuncUnit> <Opcode : 'select'> <InPorts = 3> <OutPorts = 1>
ST_1 : Operation 72 [1/1] (0.00ns)   --->   "%zext_ln45_1 = zext i15 %datareg_1" [firmware/nnet_utils/nnet_activation.h:45]   --->   Operation 72 'zext' 'zext_ln45_1' <Predicate = true> <Delay = 0.00>
ST_1 : Operation 73 [1/1] (0.78ns)   --->   "%icmp_ln45_2 = icmp_sgt  i16 %data_2_val_read, i16 0" [firmware/nnet_utils/nnet_activation.h:45]   --->   Operation 73 'icmp' 'icmp_ln45_2' <Predicate = true> <Delay = 0.78> <CoreInst = "Cmp">   --->   Core 9 'Cmp' <Latency = 0> <II = 1> <Delay = 0.78> <FuncUnit> <Opcode : 'seteq' 'setne' 'setle' 'setge' 'setlt' 'setgt'> <InPorts = 2> <OutPorts = 1>
ST_1 : Operation 74 [1/1] (0.29ns)   --->   "%datareg_2 = select i1 %icmp_ln45_2, i15 %trunc_ln42_29, i15 0" [firmware/nnet_utils/nnet_activation.h:45]   --->   Operation 74 'select' 'datareg_2' <Predicate = true> <Delay = 0.29> <CoreInst = "Sel">   --->   Core 73 'Sel' <Latency = 0> <II = 1> <Delay = 0.29> <FuncUnit> <Opcode : 'select'> <InPorts = 3> <OutPorts = 1>
ST_1 : Operation 75 [1/1] (0.00ns)   --->   "%zext_ln45_2 = zext i15 %datareg_2" [firmware/nnet_utils/nnet_activation.h:45]   --->   Operation 75 'zext' 'zext_ln45_2' <Predicate = true> <Delay = 0.00>
ST_1 : Operation 76 [1/1] (0.78ns)   --->   "%icmp_ln45_3 = icmp_sgt  i16 %data_3_val_read, i16 0" [firmware/nnet_utils/nnet_activation.h:45]   --->   Operation 76 'icmp' 'icmp_ln45_3' <Predicate = true> <Delay = 0.78> <CoreInst = "Cmp">   --->   Core 9 'Cmp' <Latency = 0> <II = 1> <Delay = 0.78> <FuncUnit> <Opcode : 'seteq' 'setne' 'setle' 'setge' 'setlt' 'setgt'> <InPorts = 2> <OutPorts = 1>
ST_1 : Operation 77 [1/1] (0.29ns)   --->   "%datareg_3 = select i1 %icmp_ln45_3, i15 %trunc_ln42_28, i15 0" [firmware/nnet_utils/nnet_activation.h:45]   --->   Operation 77 'select' 'datareg_3' <Predicate = true> <Delay = 0.29> <CoreInst = "Sel">   --->   Core 73 'Sel' <Latency = 0> <II = 1> <Delay = 0.29> <FuncUnit> <Opcode : 'select'> <InPorts = 3> <OutPorts = 1>
ST_1 : Operation 78 [1/1] (0.00ns)   --->   "%zext_ln45_3 = zext i15 %datareg_3" [firmware/nnet_utils/nnet_activation.h:45]   --->   Operation 78 'zext' 'zext_ln45_3' <Predicate = true> <Delay = 0.00>
ST_1 : Operation 79 [1/1] (0.78ns)   --->   "%icmp_ln45_4 = icmp_sgt  i16 %data_4_val_read, i16 0" [firmware/nnet_utils/nnet_activation.h:45]   --->   Operation 79 'icmp' 'icmp_ln45_4' <Predicate = true> <Delay = 0.78> <CoreInst = "Cmp">   --->   Core 9 'Cmp' <Latency = 0> <II = 1> <Delay = 0.78> <FuncUnit> <Opcode : 'seteq' 'setne' 'setle' 'setge' 'setlt' 'setgt'> <InPorts = 2> <OutPorts = 1>
ST_1 : Operation 80 [1/1] (0.29ns)   --->   "%datareg_4 = select i1 %icmp_ln45_4, i15 %trunc_ln42_27, i15 0" [firmware/nnet_utils/nnet_activation.h:45]   --->   Operation 80 'select' 'datareg_4' <Predicate = true> <Delay = 0.29> <CoreInst = "Sel">   --->   Core 73 'Sel' <Latency = 0> <II = 1> <Delay = 0.29> <FuncUnit> <Opcode : 'select'> <InPorts = 3> <OutPorts = 1>
ST_1 : Operation 81 [1/1] (0.00ns)   --->   "%zext_ln45_4 = zext i15 %datareg_4" [firmware/nnet_utils/nnet_activation.h:45]   --->   Operation 81 'zext' 'zext_ln45_4' <Predicate = true> <Delay = 0.00>
ST_1 : Operation 82 [1/1] (0.78ns)   --->   "%icmp_ln45_5 = icmp_sgt  i16 %data_5_val_read, i16 0" [firmware/nnet_utils/nnet_activation.h:45]   --->   Operation 82 'icmp' 'icmp_ln45_5' <Predicate = true> <Delay = 0.78> <CoreInst = "Cmp">   --->   Core 9 'Cmp' <Latency = 0> <II = 1> <Delay = 0.78> <FuncUnit> <Opcode : 'seteq' 'setne' 'setle' 'setge' 'setlt' 'setgt'> <InPorts = 2> <OutPorts = 1>
ST_1 : Operation 83 [1/1] (0.29ns)   --->   "%datareg_5 = select i1 %icmp_ln45_5, i15 %trunc_ln42_26, i15 0" [firmware/nnet_utils/nnet_activation.h:45]   --->   Operation 83 'select' 'datareg_5' <Predicate = true> <Delay = 0.29> <CoreInst = "Sel">   --->   Core 73 'Sel' <Latency = 0> <II = 1> <Delay = 0.29> <FuncUnit> <Opcode : 'select'> <InPorts = 3> <OutPorts = 1>
ST_1 : Operation 84 [1/1] (0.00ns)   --->   "%zext_ln45_5 = zext i15 %datareg_5" [firmware/nnet_utils/nnet_activation.h:45]   --->   Operation 84 'zext' 'zext_ln45_5' <Predicate = true> <Delay = 0.00>
ST_1 : Operation 85 [1/1] (0.78ns)   --->   "%icmp_ln45_6 = icmp_sgt  i16 %data_6_val_read, i16 0" [firmware/nnet_utils/nnet_activation.h:45]   --->   Operation 85 'icmp' 'icmp_ln45_6' <Predicate = true> <Delay = 0.78> <CoreInst = "Cmp">   --->   Core 9 'Cmp' <Latency = 0> <II = 1> <Delay = 0.78> <FuncUnit> <Opcode : 'seteq' 'setne' 'setle' 'setge' 'setlt' 'setgt'> <InPorts = 2> <OutPorts = 1>
ST_1 : Operation 86 [1/1] (0.29ns)   --->   "%datareg_6 = select i1 %icmp_ln45_6, i15 %trunc_ln42_25, i15 0" [firmware/nnet_utils/nnet_activation.h:45]   --->   Operation 86 'select' 'datareg_6' <Predicate = true> <Delay = 0.29> <CoreInst = "Sel">   --->   Core 73 'Sel' <Latency = 0> <II = 1> <Delay = 0.29> <FuncUnit> <Opcode : 'select'> <InPorts = 3> <OutPorts = 1>
ST_1 : Operation 87 [1/1] (0.00ns)   --->   "%zext_ln45_6 = zext i15 %datareg_6" [firmware/nnet_utils/nnet_activation.h:45]   --->   Operation 87 'zext' 'zext_ln45_6' <Predicate = true> <Delay = 0.00>
ST_1 : Operation 88 [1/1] (0.78ns)   --->   "%icmp_ln45_7 = icmp_sgt  i16 %data_7_val_read, i16 0" [firmware/nnet_utils/nnet_activation.h:45]   --->   Operation 88 'icmp' 'icmp_ln45_7' <Predicate = true> <Delay = 0.78> <CoreInst = "Cmp">   --->   Core 9 'Cmp' <Latency = 0> <II = 1> <Delay = 0.78> <FuncUnit> <Opcode : 'seteq' 'setne' 'setle' 'setge' 'setlt' 'setgt'> <InPorts = 2> <OutPorts = 1>
ST_1 : Operation 89 [1/1] (0.29ns)   --->   "%datareg_7 = select i1 %icmp_ln45_7, i15 %trunc_ln42_24, i15 0" [firmware/nnet_utils/nnet_activation.h:45]   --->   Operation 89 'select' 'datareg_7' <Predicate = true> <Delay = 0.29> <CoreInst = "Sel">   --->   Core 73 'Sel' <Latency = 0> <II = 1> <Delay = 0.29> <FuncUnit> <Opcode : 'select'> <InPorts = 3> <OutPorts = 1>
ST_1 : Operation 90 [1/1] (0.00ns)   --->   "%zext_ln45_7 = zext i15 %datareg_7" [firmware/nnet_utils/nnet_activation.h:45]   --->   Operation 90 'zext' 'zext_ln45_7' <Predicate = true> <Delay = 0.00>
ST_1 : Operation 91 [1/1] (0.78ns)   --->   "%icmp_ln45_8 = icmp_sgt  i16 %data_8_val_read, i16 0" [firmware/nnet_utils/nnet_activation.h:45]   --->   Operation 91 'icmp' 'icmp_ln45_8' <Predicate = true> <Delay = 0.78> <CoreInst = "Cmp">   --->   Core 9 'Cmp' <Latency = 0> <II = 1> <Delay = 0.78> <FuncUnit> <Opcode : 'seteq' 'setne' 'setle' 'setge' 'setlt' 'setgt'> <InPorts = 2> <OutPorts = 1>
ST_1 : Operation 92 [1/1] (0.29ns)   --->   "%datareg_8 = select i1 %icmp_ln45_8, i15 %trunc_ln42_23, i15 0" [firmware/nnet_utils/nnet_activation.h:45]   --->   Operation 92 'select' 'datareg_8' <Predicate = true> <Delay = 0.29> <CoreInst = "Sel">   --->   Core 73 'Sel' <Latency = 0> <II = 1> <Delay = 0.29> <FuncUnit> <Opcode : 'select'> <InPorts = 3> <OutPorts = 1>
ST_1 : Operation 93 [1/1] (0.00ns)   --->   "%zext_ln45_8 = zext i15 %datareg_8" [firmware/nnet_utils/nnet_activation.h:45]   --->   Operation 93 'zext' 'zext_ln45_8' <Predicate = true> <Delay = 0.00>
ST_1 : Operation 94 [1/1] (0.78ns)   --->   "%icmp_ln45_9 = icmp_sgt  i16 %data_9_val_read, i16 0" [firmware/nnet_utils/nnet_activation.h:45]   --->   Operation 94 'icmp' 'icmp_ln45_9' <Predicate = true> <Delay = 0.78> <CoreInst = "Cmp">   --->   Core 9 'Cmp' <Latency = 0> <II = 1> <Delay = 0.78> <FuncUnit> <Opcode : 'seteq' 'setne' 'setle' 'setge' 'setlt' 'setgt'> <InPorts = 2> <OutPorts = 1>
ST_1 : Operation 95 [1/1] (0.29ns)   --->   "%datareg_9 = select i1 %icmp_ln45_9, i15 %trunc_ln42_22, i15 0" [firmware/nnet_utils/nnet_activation.h:45]   --->   Operation 95 'select' 'datareg_9' <Predicate = true> <Delay = 0.29> <CoreInst = "Sel">   --->   Core 73 'Sel' <Latency = 0> <II = 1> <Delay = 0.29> <FuncUnit> <Opcode : 'select'> <InPorts = 3> <OutPorts = 1>
ST_1 : Operation 96 [1/1] (0.00ns)   --->   "%zext_ln45_9 = zext i15 %datareg_9" [firmware/nnet_utils/nnet_activation.h:45]   --->   Operation 96 'zext' 'zext_ln45_9' <Predicate = true> <Delay = 0.00>
ST_1 : Operation 97 [1/1] (0.78ns)   --->   "%icmp_ln45_10 = icmp_sgt  i16 %data_10_val_read, i16 0" [firmware/nnet_utils/nnet_activation.h:45]   --->   Operation 97 'icmp' 'icmp_ln45_10' <Predicate = true> <Delay = 0.78> <CoreInst = "Cmp">   --->   Core 9 'Cmp' <Latency = 0> <II = 1> <Delay = 0.78> <FuncUnit> <Opcode : 'seteq' 'setne' 'setle' 'setge' 'setlt' 'setgt'> <InPorts = 2> <OutPorts = 1>
ST_1 : Operation 98 [1/1] (0.29ns)   --->   "%datareg_10 = select i1 %icmp_ln45_10, i15 %trunc_ln42_21, i15 0" [firmware/nnet_utils/nnet_activation.h:45]   --->   Operation 98 'select' 'datareg_10' <Predicate = true> <Delay = 0.29> <CoreInst = "Sel">   --->   Core 73 'Sel' <Latency = 0> <II = 1> <Delay = 0.29> <FuncUnit> <Opcode : 'select'> <InPorts = 3> <OutPorts = 1>
ST_1 : Operation 99 [1/1] (0.00ns)   --->   "%zext_ln45_10 = zext i15 %datareg_10" [firmware/nnet_utils/nnet_activation.h:45]   --->   Operation 99 'zext' 'zext_ln45_10' <Predicate = true> <Delay = 0.00>
ST_1 : Operation 100 [1/1] (0.78ns)   --->   "%icmp_ln45_11 = icmp_sgt  i16 %data_11_val_read, i16 0" [firmware/nnet_utils/nnet_activation.h:45]   --->   Operation 100 'icmp' 'icmp_ln45_11' <Predicate = true> <Delay = 0.78> <CoreInst = "Cmp">   --->   Core 9 'Cmp' <Latency = 0> <II = 1> <Delay = 0.78> <FuncUnit> <Opcode : 'seteq' 'setne' 'setle' 'setge' 'setlt' 'setgt'> <InPorts = 2> <OutPorts = 1>
ST_1 : Operation 101 [1/1] (0.29ns)   --->   "%datareg_11 = select i1 %icmp_ln45_11, i15 %trunc_ln42_20, i15 0" [firmware/nnet_utils/nnet_activation.h:45]   --->   Operation 101 'select' 'datareg_11' <Predicate = true> <Delay = 0.29> <CoreInst = "Sel">   --->   Core 73 'Sel' <Latency = 0> <II = 1> <Delay = 0.29> <FuncUnit> <Opcode : 'select'> <InPorts = 3> <OutPorts = 1>
ST_1 : Operation 102 [1/1] (0.00ns)   --->   "%zext_ln45_11 = zext i15 %datareg_11" [firmware/nnet_utils/nnet_activation.h:45]   --->   Operation 102 'zext' 'zext_ln45_11' <Predicate = true> <Delay = 0.00>
ST_1 : Operation 103 [1/1] (0.78ns)   --->   "%icmp_ln45_12 = icmp_sgt  i16 %data_12_val_read, i16 0" [firmware/nnet_utils/nnet_activation.h:45]   --->   Operation 103 'icmp' 'icmp_ln45_12' <Predicate = true> <Delay = 0.78> <CoreInst = "Cmp">   --->   Core 9 'Cmp' <Latency = 0> <II = 1> <Delay = 0.78> <FuncUnit> <Opcode : 'seteq' 'setne' 'setle' 'setge' 'setlt' 'setgt'> <InPorts = 2> <OutPorts = 1>
ST_1 : Operation 104 [1/1] (0.29ns)   --->   "%datareg_12 = select i1 %icmp_ln45_12, i15 %trunc_ln42_19, i15 0" [firmware/nnet_utils/nnet_activation.h:45]   --->   Operation 104 'select' 'datareg_12' <Predicate = true> <Delay = 0.29> <CoreInst = "Sel">   --->   Core 73 'Sel' <Latency = 0> <II = 1> <Delay = 0.29> <FuncUnit> <Opcode : 'select'> <InPorts = 3> <OutPorts = 1>
ST_1 : Operation 105 [1/1] (0.00ns)   --->   "%zext_ln45_12 = zext i15 %datareg_12" [firmware/nnet_utils/nnet_activation.h:45]   --->   Operation 105 'zext' 'zext_ln45_12' <Predicate = true> <Delay = 0.00>
ST_1 : Operation 106 [1/1] (0.78ns)   --->   "%icmp_ln45_13 = icmp_sgt  i16 %data_13_val_read, i16 0" [firmware/nnet_utils/nnet_activation.h:45]   --->   Operation 106 'icmp' 'icmp_ln45_13' <Predicate = true> <Delay = 0.78> <CoreInst = "Cmp">   --->   Core 9 'Cmp' <Latency = 0> <II = 1> <Delay = 0.78> <FuncUnit> <Opcode : 'seteq' 'setne' 'setle' 'setge' 'setlt' 'setgt'> <InPorts = 2> <OutPorts = 1>
ST_1 : Operation 107 [1/1] (0.29ns)   --->   "%datareg_13 = select i1 %icmp_ln45_13, i15 %trunc_ln42_18, i15 0" [firmware/nnet_utils/nnet_activation.h:45]   --->   Operation 107 'select' 'datareg_13' <Predicate = true> <Delay = 0.29> <CoreInst = "Sel">   --->   Core 73 'Sel' <Latency = 0> <II = 1> <Delay = 0.29> <FuncUnit> <Opcode : 'select'> <InPorts = 3> <OutPorts = 1>
ST_1 : Operation 108 [1/1] (0.00ns)   --->   "%zext_ln45_13 = zext i15 %datareg_13" [firmware/nnet_utils/nnet_activation.h:45]   --->   Operation 108 'zext' 'zext_ln45_13' <Predicate = true> <Delay = 0.00>
ST_1 : Operation 109 [1/1] (0.78ns)   --->   "%icmp_ln45_14 = icmp_sgt  i16 %data_14_val_read, i16 0" [firmware/nnet_utils/nnet_activation.h:45]   --->   Operation 109 'icmp' 'icmp_ln45_14' <Predicate = true> <Delay = 0.78> <CoreInst = "Cmp">   --->   Core 9 'Cmp' <Latency = 0> <II = 1> <Delay = 0.78> <FuncUnit> <Opcode : 'seteq' 'setne' 'setle' 'setge' 'setlt' 'setgt'> <InPorts = 2> <OutPorts = 1>
ST_1 : Operation 110 [1/1] (0.29ns)   --->   "%datareg_14 = select i1 %icmp_ln45_14, i15 %trunc_ln42_17, i15 0" [firmware/nnet_utils/nnet_activation.h:45]   --->   Operation 110 'select' 'datareg_14' <Predicate = true> <Delay = 0.29> <CoreInst = "Sel">   --->   Core 73 'Sel' <Latency = 0> <II = 1> <Delay = 0.29> <FuncUnit> <Opcode : 'select'> <InPorts = 3> <OutPorts = 1>
ST_1 : Operation 111 [1/1] (0.00ns)   --->   "%zext_ln45_14 = zext i15 %datareg_14" [firmware/nnet_utils/nnet_activation.h:45]   --->   Operation 111 'zext' 'zext_ln45_14' <Predicate = true> <Delay = 0.00>
ST_1 : Operation 112 [1/1] (0.78ns)   --->   "%icmp_ln45_15 = icmp_sgt  i16 %data_15_val_read, i16 0" [firmware/nnet_utils/nnet_activation.h:45]   --->   Operation 112 'icmp' 'icmp_ln45_15' <Predicate = true> <Delay = 0.78> <CoreInst = "Cmp">   --->   Core 9 'Cmp' <Latency = 0> <II = 1> <Delay = 0.78> <FuncUnit> <Opcode : 'seteq' 'setne' 'setle' 'setge' 'setlt' 'setgt'> <InPorts = 2> <OutPorts = 1>
ST_1 : Operation 113 [1/1] (0.29ns)   --->   "%datareg_15 = select i1 %icmp_ln45_15, i15 %trunc_ln42_16, i15 0" [firmware/nnet_utils/nnet_activation.h:45]   --->   Operation 113 'select' 'datareg_15' <Predicate = true> <Delay = 0.29> <CoreInst = "Sel">   --->   Core 73 'Sel' <Latency = 0> <II = 1> <Delay = 0.29> <FuncUnit> <Opcode : 'select'> <InPorts = 3> <OutPorts = 1>
ST_1 : Operation 114 [1/1] (0.00ns)   --->   "%zext_ln45_15 = zext i15 %datareg_15" [firmware/nnet_utils/nnet_activation.h:45]   --->   Operation 114 'zext' 'zext_ln45_15' <Predicate = true> <Delay = 0.00>
ST_1 : Operation 115 [1/1] (0.78ns)   --->   "%icmp_ln45_16 = icmp_sgt  i16 %data_16_val_read, i16 0" [firmware/nnet_utils/nnet_activation.h:45]   --->   Operation 115 'icmp' 'icmp_ln45_16' <Predicate = true> <Delay = 0.78> <CoreInst = "Cmp">   --->   Core 9 'Cmp' <Latency = 0> <II = 1> <Delay = 0.78> <FuncUnit> <Opcode : 'seteq' 'setne' 'setle' 'setge' 'setlt' 'setgt'> <InPorts = 2> <OutPorts = 1>
ST_1 : Operation 116 [1/1] (0.29ns)   --->   "%datareg_16 = select i1 %icmp_ln45_16, i15 %trunc_ln42_15, i15 0" [firmware/nnet_utils/nnet_activation.h:45]   --->   Operation 116 'select' 'datareg_16' <Predicate = true> <Delay = 0.29> <CoreInst = "Sel">   --->   Core 73 'Sel' <Latency = 0> <II = 1> <Delay = 0.29> <FuncUnit> <Opcode : 'select'> <InPorts = 3> <OutPorts = 1>
ST_1 : Operation 117 [1/1] (0.00ns)   --->   "%zext_ln45_16 = zext i15 %datareg_16" [firmware/nnet_utils/nnet_activation.h:45]   --->   Operation 117 'zext' 'zext_ln45_16' <Predicate = true> <Delay = 0.00>
ST_1 : Operation 118 [1/1] (0.78ns)   --->   "%icmp_ln45_17 = icmp_sgt  i16 %data_17_val_read, i16 0" [firmware/nnet_utils/nnet_activation.h:45]   --->   Operation 118 'icmp' 'icmp_ln45_17' <Predicate = true> <Delay = 0.78> <CoreInst = "Cmp">   --->   Core 9 'Cmp' <Latency = 0> <II = 1> <Delay = 0.78> <FuncUnit> <Opcode : 'seteq' 'setne' 'setle' 'setge' 'setlt' 'setgt'> <InPorts = 2> <OutPorts = 1>
ST_1 : Operation 119 [1/1] (0.29ns)   --->   "%datareg_17 = select i1 %icmp_ln45_17, i15 %trunc_ln42_14, i15 0" [firmware/nnet_utils/nnet_activation.h:45]   --->   Operation 119 'select' 'datareg_17' <Predicate = true> <Delay = 0.29> <CoreInst = "Sel">   --->   Core 73 'Sel' <Latency = 0> <II = 1> <Delay = 0.29> <FuncUnit> <Opcode : 'select'> <InPorts = 3> <OutPorts = 1>
ST_1 : Operation 120 [1/1] (0.00ns)   --->   "%zext_ln45_17 = zext i15 %datareg_17" [firmware/nnet_utils/nnet_activation.h:45]   --->   Operation 120 'zext' 'zext_ln45_17' <Predicate = true> <Delay = 0.00>
ST_1 : Operation 121 [1/1] (0.78ns)   --->   "%icmp_ln45_18 = icmp_sgt  i16 %data_18_val_read, i16 0" [firmware/nnet_utils/nnet_activation.h:45]   --->   Operation 121 'icmp' 'icmp_ln45_18' <Predicate = true> <Delay = 0.78> <CoreInst = "Cmp">   --->   Core 9 'Cmp' <Latency = 0> <II = 1> <Delay = 0.78> <FuncUnit> <Opcode : 'seteq' 'setne' 'setle' 'setge' 'setlt' 'setgt'> <InPorts = 2> <OutPorts = 1>
ST_1 : Operation 122 [1/1] (0.29ns)   --->   "%datareg_18 = select i1 %icmp_ln45_18, i15 %trunc_ln42_13, i15 0" [firmware/nnet_utils/nnet_activation.h:45]   --->   Operation 122 'select' 'datareg_18' <Predicate = true> <Delay = 0.29> <CoreInst = "Sel">   --->   Core 73 'Sel' <Latency = 0> <II = 1> <Delay = 0.29> <FuncUnit> <Opcode : 'select'> <InPorts = 3> <OutPorts = 1>
ST_1 : Operation 123 [1/1] (0.00ns)   --->   "%zext_ln45_18 = zext i15 %datareg_18" [firmware/nnet_utils/nnet_activation.h:45]   --->   Operation 123 'zext' 'zext_ln45_18' <Predicate = true> <Delay = 0.00>
ST_1 : Operation 124 [1/1] (0.78ns)   --->   "%icmp_ln45_19 = icmp_sgt  i16 %data_19_val_read, i16 0" [firmware/nnet_utils/nnet_activation.h:45]   --->   Operation 124 'icmp' 'icmp_ln45_19' <Predicate = true> <Delay = 0.78> <CoreInst = "Cmp">   --->   Core 9 'Cmp' <Latency = 0> <II = 1> <Delay = 0.78> <FuncUnit> <Opcode : 'seteq' 'setne' 'setle' 'setge' 'setlt' 'setgt'> <InPorts = 2> <OutPorts = 1>
ST_1 : Operation 125 [1/1] (0.29ns)   --->   "%datareg_19 = select i1 %icmp_ln45_19, i15 %trunc_ln42_12, i15 0" [firmware/nnet_utils/nnet_activation.h:45]   --->   Operation 125 'select' 'datareg_19' <Predicate = true> <Delay = 0.29> <CoreInst = "Sel">   --->   Core 73 'Sel' <Latency = 0> <II = 1> <Delay = 0.29> <FuncUnit> <Opcode : 'select'> <InPorts = 3> <OutPorts = 1>
ST_1 : Operation 126 [1/1] (0.00ns)   --->   "%zext_ln45_19 = zext i15 %datareg_19" [firmware/nnet_utils/nnet_activation.h:45]   --->   Operation 126 'zext' 'zext_ln45_19' <Predicate = true> <Delay = 0.00>
ST_1 : Operation 127 [1/1] (0.78ns)   --->   "%icmp_ln45_20 = icmp_sgt  i16 %data_20_val_read, i16 0" [firmware/nnet_utils/nnet_activation.h:45]   --->   Operation 127 'icmp' 'icmp_ln45_20' <Predicate = true> <Delay = 0.78> <CoreInst = "Cmp">   --->   Core 9 'Cmp' <Latency = 0> <II = 1> <Delay = 0.78> <FuncUnit> <Opcode : 'seteq' 'setne' 'setle' 'setge' 'setlt' 'setgt'> <InPorts = 2> <OutPorts = 1>
ST_1 : Operation 128 [1/1] (0.29ns)   --->   "%datareg_20 = select i1 %icmp_ln45_20, i15 %trunc_ln42_11, i15 0" [firmware/nnet_utils/nnet_activation.h:45]   --->   Operation 128 'select' 'datareg_20' <Predicate = true> <Delay = 0.29> <CoreInst = "Sel">   --->   Core 73 'Sel' <Latency = 0> <II = 1> <Delay = 0.29> <FuncUnit> <Opcode : 'select'> <InPorts = 3> <OutPorts = 1>
ST_1 : Operation 129 [1/1] (0.00ns)   --->   "%zext_ln45_20 = zext i15 %datareg_20" [firmware/nnet_utils/nnet_activation.h:45]   --->   Operation 129 'zext' 'zext_ln45_20' <Predicate = true> <Delay = 0.00>
ST_1 : Operation 130 [1/1] (0.78ns)   --->   "%icmp_ln45_21 = icmp_sgt  i16 %data_21_val_read, i16 0" [firmware/nnet_utils/nnet_activation.h:45]   --->   Operation 130 'icmp' 'icmp_ln45_21' <Predicate = true> <Delay = 0.78> <CoreInst = "Cmp">   --->   Core 9 'Cmp' <Latency = 0> <II = 1> <Delay = 0.78> <FuncUnit> <Opcode : 'seteq' 'setne' 'setle' 'setge' 'setlt' 'setgt'> <InPorts = 2> <OutPorts = 1>
ST_1 : Operation 131 [1/1] (0.29ns)   --->   "%datareg_21 = select i1 %icmp_ln45_21, i15 %trunc_ln42_10, i15 0" [firmware/nnet_utils/nnet_activation.h:45]   --->   Operation 131 'select' 'datareg_21' <Predicate = true> <Delay = 0.29> <CoreInst = "Sel">   --->   Core 73 'Sel' <Latency = 0> <II = 1> <Delay = 0.29> <FuncUnit> <Opcode : 'select'> <InPorts = 3> <OutPorts = 1>
ST_1 : Operation 132 [1/1] (0.00ns)   --->   "%zext_ln45_21 = zext i15 %datareg_21" [firmware/nnet_utils/nnet_activation.h:45]   --->   Operation 132 'zext' 'zext_ln45_21' <Predicate = true> <Delay = 0.00>
ST_1 : Operation 133 [1/1] (0.78ns)   --->   "%icmp_ln45_22 = icmp_sgt  i16 %data_22_val_read, i16 0" [firmware/nnet_utils/nnet_activation.h:45]   --->   Operation 133 'icmp' 'icmp_ln45_22' <Predicate = true> <Delay = 0.78> <CoreInst = "Cmp">   --->   Core 9 'Cmp' <Latency = 0> <II = 1> <Delay = 0.78> <FuncUnit> <Opcode : 'seteq' 'setne' 'setle' 'setge' 'setlt' 'setgt'> <InPorts = 2> <OutPorts = 1>
ST_1 : Operation 134 [1/1] (0.29ns)   --->   "%datareg_22 = select i1 %icmp_ln45_22, i15 %trunc_ln42_9, i15 0" [firmware/nnet_utils/nnet_activation.h:45]   --->   Operation 134 'select' 'datareg_22' <Predicate = true> <Delay = 0.29> <CoreInst = "Sel">   --->   Core 73 'Sel' <Latency = 0> <II = 1> <Delay = 0.29> <FuncUnit> <Opcode : 'select'> <InPorts = 3> <OutPorts = 1>
ST_1 : Operation 135 [1/1] (0.00ns)   --->   "%zext_ln45_22 = zext i15 %datareg_22" [firmware/nnet_utils/nnet_activation.h:45]   --->   Operation 135 'zext' 'zext_ln45_22' <Predicate = true> <Delay = 0.00>
ST_1 : Operation 136 [1/1] (0.78ns)   --->   "%icmp_ln45_23 = icmp_sgt  i16 %data_23_val_read, i16 0" [firmware/nnet_utils/nnet_activation.h:45]   --->   Operation 136 'icmp' 'icmp_ln45_23' <Predicate = true> <Delay = 0.78> <CoreInst = "Cmp">   --->   Core 9 'Cmp' <Latency = 0> <II = 1> <Delay = 0.78> <FuncUnit> <Opcode : 'seteq' 'setne' 'setle' 'setge' 'setlt' 'setgt'> <InPorts = 2> <OutPorts = 1>
ST_1 : Operation 137 [1/1] (0.29ns)   --->   "%datareg_23 = select i1 %icmp_ln45_23, i15 %trunc_ln42_8, i15 0" [firmware/nnet_utils/nnet_activation.h:45]   --->   Operation 137 'select' 'datareg_23' <Predicate = true> <Delay = 0.29> <CoreInst = "Sel">   --->   Core 73 'Sel' <Latency = 0> <II = 1> <Delay = 0.29> <FuncUnit> <Opcode : 'select'> <InPorts = 3> <OutPorts = 1>
ST_1 : Operation 138 [1/1] (0.00ns)   --->   "%zext_ln45_23 = zext i15 %datareg_23" [firmware/nnet_utils/nnet_activation.h:45]   --->   Operation 138 'zext' 'zext_ln45_23' <Predicate = true> <Delay = 0.00>
ST_1 : Operation 139 [1/1] (0.78ns)   --->   "%icmp_ln45_24 = icmp_sgt  i16 %data_24_val_read, i16 0" [firmware/nnet_utils/nnet_activation.h:45]   --->   Operation 139 'icmp' 'icmp_ln45_24' <Predicate = true> <Delay = 0.78> <CoreInst = "Cmp">   --->   Core 9 'Cmp' <Latency = 0> <II = 1> <Delay = 0.78> <FuncUnit> <Opcode : 'seteq' 'setne' 'setle' 'setge' 'setlt' 'setgt'> <InPorts = 2> <OutPorts = 1>
ST_1 : Operation 140 [1/1] (0.29ns)   --->   "%datareg_24 = select i1 %icmp_ln45_24, i15 %trunc_ln42_7, i15 0" [firmware/nnet_utils/nnet_activation.h:45]   --->   Operation 140 'select' 'datareg_24' <Predicate = true> <Delay = 0.29> <CoreInst = "Sel">   --->   Core 73 'Sel' <Latency = 0> <II = 1> <Delay = 0.29> <FuncUnit> <Opcode : 'select'> <InPorts = 3> <OutPorts = 1>
ST_1 : Operation 141 [1/1] (0.00ns)   --->   "%zext_ln45_24 = zext i15 %datareg_24" [firmware/nnet_utils/nnet_activation.h:45]   --->   Operation 141 'zext' 'zext_ln45_24' <Predicate = true> <Delay = 0.00>
ST_1 : Operation 142 [1/1] (0.78ns)   --->   "%icmp_ln45_25 = icmp_sgt  i16 %data_25_val_read, i16 0" [firmware/nnet_utils/nnet_activation.h:45]   --->   Operation 142 'icmp' 'icmp_ln45_25' <Predicate = true> <Delay = 0.78> <CoreInst = "Cmp">   --->   Core 9 'Cmp' <Latency = 0> <II = 1> <Delay = 0.78> <FuncUnit> <Opcode : 'seteq' 'setne' 'setle' 'setge' 'setlt' 'setgt'> <InPorts = 2> <OutPorts = 1>
ST_1 : Operation 143 [1/1] (0.29ns)   --->   "%datareg_25 = select i1 %icmp_ln45_25, i15 %trunc_ln42_6, i15 0" [firmware/nnet_utils/nnet_activation.h:45]   --->   Operation 143 'select' 'datareg_25' <Predicate = true> <Delay = 0.29> <CoreInst = "Sel">   --->   Core 73 'Sel' <Latency = 0> <II = 1> <Delay = 0.29> <FuncUnit> <Opcode : 'select'> <InPorts = 3> <OutPorts = 1>
ST_1 : Operation 144 [1/1] (0.00ns)   --->   "%zext_ln45_25 = zext i15 %datareg_25" [firmware/nnet_utils/nnet_activation.h:45]   --->   Operation 144 'zext' 'zext_ln45_25' <Predicate = true> <Delay = 0.00>
ST_1 : Operation 145 [1/1] (0.78ns)   --->   "%icmp_ln45_26 = icmp_sgt  i16 %data_26_val_read, i16 0" [firmware/nnet_utils/nnet_activation.h:45]   --->   Operation 145 'icmp' 'icmp_ln45_26' <Predicate = true> <Delay = 0.78> <CoreInst = "Cmp">   --->   Core 9 'Cmp' <Latency = 0> <II = 1> <Delay = 0.78> <FuncUnit> <Opcode : 'seteq' 'setne' 'setle' 'setge' 'setlt' 'setgt'> <InPorts = 2> <OutPorts = 1>
ST_1 : Operation 146 [1/1] (0.29ns)   --->   "%datareg_26 = select i1 %icmp_ln45_26, i15 %trunc_ln42_5, i15 0" [firmware/nnet_utils/nnet_activation.h:45]   --->   Operation 146 'select' 'datareg_26' <Predicate = true> <Delay = 0.29> <CoreInst = "Sel">   --->   Core 73 'Sel' <Latency = 0> <II = 1> <Delay = 0.29> <FuncUnit> <Opcode : 'select'> <InPorts = 3> <OutPorts = 1>
ST_1 : Operation 147 [1/1] (0.00ns)   --->   "%zext_ln45_26 = zext i15 %datareg_26" [firmware/nnet_utils/nnet_activation.h:45]   --->   Operation 147 'zext' 'zext_ln45_26' <Predicate = true> <Delay = 0.00>
ST_1 : Operation 148 [1/1] (0.78ns)   --->   "%icmp_ln45_27 = icmp_sgt  i16 %data_27_val_read, i16 0" [firmware/nnet_utils/nnet_activation.h:45]   --->   Operation 148 'icmp' 'icmp_ln45_27' <Predicate = true> <Delay = 0.78> <CoreInst = "Cmp">   --->   Core 9 'Cmp' <Latency = 0> <II = 1> <Delay = 0.78> <FuncUnit> <Opcode : 'seteq' 'setne' 'setle' 'setge' 'setlt' 'setgt'> <InPorts = 2> <OutPorts = 1>
ST_1 : Operation 149 [1/1] (0.29ns)   --->   "%datareg_27 = select i1 %icmp_ln45_27, i15 %trunc_ln42_4, i15 0" [firmware/nnet_utils/nnet_activation.h:45]   --->   Operation 149 'select' 'datareg_27' <Predicate = true> <Delay = 0.29> <CoreInst = "Sel">   --->   Core 73 'Sel' <Latency = 0> <II = 1> <Delay = 0.29> <FuncUnit> <Opcode : 'select'> <InPorts = 3> <OutPorts = 1>
ST_1 : Operation 150 [1/1] (0.00ns)   --->   "%zext_ln45_27 = zext i15 %datareg_27" [firmware/nnet_utils/nnet_activation.h:45]   --->   Operation 150 'zext' 'zext_ln45_27' <Predicate = true> <Delay = 0.00>
ST_1 : Operation 151 [1/1] (0.78ns)   --->   "%icmp_ln45_28 = icmp_sgt  i16 %data_28_val_read, i16 0" [firmware/nnet_utils/nnet_activation.h:45]   --->   Operation 151 'icmp' 'icmp_ln45_28' <Predicate = true> <Delay = 0.78> <CoreInst = "Cmp">   --->   Core 9 'Cmp' <Latency = 0> <II = 1> <Delay = 0.78> <FuncUnit> <Opcode : 'seteq' 'setne' 'setle' 'setge' 'setlt' 'setgt'> <InPorts = 2> <OutPorts = 1>
ST_1 : Operation 152 [1/1] (0.29ns)   --->   "%datareg_28 = select i1 %icmp_ln45_28, i15 %trunc_ln42_3, i15 0" [firmware/nnet_utils/nnet_activation.h:45]   --->   Operation 152 'select' 'datareg_28' <Predicate = true> <Delay = 0.29> <CoreInst = "Sel">   --->   Core 73 'Sel' <Latency = 0> <II = 1> <Delay = 0.29> <FuncUnit> <Opcode : 'select'> <InPorts = 3> <OutPorts = 1>
ST_1 : Operation 153 [1/1] (0.00ns)   --->   "%zext_ln45_28 = zext i15 %datareg_28" [firmware/nnet_utils/nnet_activation.h:45]   --->   Operation 153 'zext' 'zext_ln45_28' <Predicate = true> <Delay = 0.00>
ST_1 : Operation 154 [1/1] (0.78ns)   --->   "%icmp_ln45_29 = icmp_sgt  i16 %data_29_val_read, i16 0" [firmware/nnet_utils/nnet_activation.h:45]   --->   Operation 154 'icmp' 'icmp_ln45_29' <Predicate = true> <Delay = 0.78> <CoreInst = "Cmp">   --->   Core 9 'Cmp' <Latency = 0> <II = 1> <Delay = 0.78> <FuncUnit> <Opcode : 'seteq' 'setne' 'setle' 'setge' 'setlt' 'setgt'> <InPorts = 2> <OutPorts = 1>
ST_1 : Operation 155 [1/1] (0.29ns)   --->   "%datareg_29 = select i1 %icmp_ln45_29, i15 %trunc_ln42_2, i15 0" [firmware/nnet_utils/nnet_activation.h:45]   --->   Operation 155 'select' 'datareg_29' <Predicate = true> <Delay = 0.29> <CoreInst = "Sel">   --->   Core 73 'Sel' <Latency = 0> <II = 1> <Delay = 0.29> <FuncUnit> <Opcode : 'select'> <InPorts = 3> <OutPorts = 1>
ST_1 : Operation 156 [1/1] (0.00ns)   --->   "%zext_ln45_29 = zext i15 %datareg_29" [firmware/nnet_utils/nnet_activation.h:45]   --->   Operation 156 'zext' 'zext_ln45_29' <Predicate = true> <Delay = 0.00>
ST_1 : Operation 157 [1/1] (0.78ns)   --->   "%icmp_ln45_30 = icmp_sgt  i16 %data_30_val_read, i16 0" [firmware/nnet_utils/nnet_activation.h:45]   --->   Operation 157 'icmp' 'icmp_ln45_30' <Predicate = true> <Delay = 0.78> <CoreInst = "Cmp">   --->   Core 9 'Cmp' <Latency = 0> <II = 1> <Delay = 0.78> <FuncUnit> <Opcode : 'seteq' 'setne' 'setle' 'setge' 'setlt' 'setgt'> <InPorts = 2> <OutPorts = 1>
ST_1 : Operation 158 [1/1] (0.29ns)   --->   "%datareg_30 = select i1 %icmp_ln45_30, i15 %trunc_ln42_1, i15 0" [firmware/nnet_utils/nnet_activation.h:45]   --->   Operation 158 'select' 'datareg_30' <Predicate = true> <Delay = 0.29> <CoreInst = "Sel">   --->   Core 73 'Sel' <Latency = 0> <II = 1> <Delay = 0.29> <FuncUnit> <Opcode : 'select'> <InPorts = 3> <OutPorts = 1>
ST_1 : Operation 159 [1/1] (0.00ns)   --->   "%zext_ln45_30 = zext i15 %datareg_30" [firmware/nnet_utils/nnet_activation.h:45]   --->   Operation 159 'zext' 'zext_ln45_30' <Predicate = true> <Delay = 0.00>
ST_1 : Operation 160 [1/1] (0.78ns)   --->   "%icmp_ln45_31 = icmp_sgt  i16 %data_31_val_read, i16 0" [firmware/nnet_utils/nnet_activation.h:45]   --->   Operation 160 'icmp' 'icmp_ln45_31' <Predicate = true> <Delay = 0.78> <CoreInst = "Cmp">   --->   Core 9 'Cmp' <Latency = 0> <II = 1> <Delay = 0.78> <FuncUnit> <Opcode : 'seteq' 'setne' 'setle' 'setge' 'setlt' 'setgt'> <InPorts = 2> <OutPorts = 1>
ST_1 : Operation 161 [1/1] (0.29ns)   --->   "%datareg_31 = select i1 %icmp_ln45_31, i15 %trunc_ln42, i15 0" [firmware/nnet_utils/nnet_activation.h:45]   --->   Operation 161 'select' 'datareg_31' <Predicate = true> <Delay = 0.29> <CoreInst = "Sel">   --->   Core 73 'Sel' <Latency = 0> <II = 1> <Delay = 0.29> <FuncUnit> <Opcode : 'select'> <InPorts = 3> <OutPorts = 1>
ST_1 : Operation 162 [1/1] (0.00ns)   --->   "%zext_ln45_31 = zext i15 %datareg_31" [firmware/nnet_utils/nnet_activation.h:45]   --->   Operation 162 'zext' 'zext_ln45_31' <Predicate = true> <Delay = 0.00>
ST_1 : Operation 163 [1/1] (0.00ns)   --->   "%mrv = insertvalue i512 <undef>, i16 %zext_ln45" [firmware/nnet_utils/nnet_activation.h:50]   --->   Operation 163 'insertvalue' 'mrv' <Predicate = true> <Delay = 0.00>
ST_1 : Operation 164 [1/1] (0.00ns)   --->   "%mrv_1 = insertvalue i512 %mrv, i16 %zext_ln45_1" [firmware/nnet_utils/nnet_activation.h:50]   --->   Operation 164 'insertvalue' 'mrv_1' <Predicate = true> <Delay = 0.00>
ST_1 : Operation 165 [1/1] (0.00ns)   --->   "%mrv_2 = insertvalue i512 %mrv_1, i16 %zext_ln45_2" [firmware/nnet_utils/nnet_activation.h:50]   --->   Operation 165 'insertvalue' 'mrv_2' <Predicate = true> <Delay = 0.00>
ST_1 : Operation 166 [1/1] (0.00ns)   --->   "%mrv_3 = insertvalue i512 %mrv_2, i16 %zext_ln45_3" [firmware/nnet_utils/nnet_activation.h:50]   --->   Operation 166 'insertvalue' 'mrv_3' <Predicate = true> <Delay = 0.00>
ST_1 : Operation 167 [1/1] (0.00ns)   --->   "%mrv_4 = insertvalue i512 %mrv_3, i16 %zext_ln45_4" [firmware/nnet_utils/nnet_activation.h:50]   --->   Operation 167 'insertvalue' 'mrv_4' <Predicate = true> <Delay = 0.00>
ST_1 : Operation 168 [1/1] (0.00ns)   --->   "%mrv_5 = insertvalue i512 %mrv_4, i16 %zext_ln45_5" [firmware/nnet_utils/nnet_activation.h:50]   --->   Operation 168 'insertvalue' 'mrv_5' <Predicate = true> <Delay = 0.00>
ST_1 : Operation 169 [1/1] (0.00ns)   --->   "%mrv_6 = insertvalue i512 %mrv_5, i16 %zext_ln45_6" [firmware/nnet_utils/nnet_activation.h:50]   --->   Operation 169 'insertvalue' 'mrv_6' <Predicate = true> <Delay = 0.00>
ST_1 : Operation 170 [1/1] (0.00ns)   --->   "%mrv_7 = insertvalue i512 %mrv_6, i16 %zext_ln45_7" [firmware/nnet_utils/nnet_activation.h:50]   --->   Operation 170 'insertvalue' 'mrv_7' <Predicate = true> <Delay = 0.00>
ST_1 : Operation 171 [1/1] (0.00ns)   --->   "%mrv_8 = insertvalue i512 %mrv_7, i16 %zext_ln45_8" [firmware/nnet_utils/nnet_activation.h:50]   --->   Operation 171 'insertvalue' 'mrv_8' <Predicate = true> <Delay = 0.00>
ST_1 : Operation 172 [1/1] (0.00ns)   --->   "%mrv_9 = insertvalue i512 %mrv_8, i16 %zext_ln45_9" [firmware/nnet_utils/nnet_activation.h:50]   --->   Operation 172 'insertvalue' 'mrv_9' <Predicate = true> <Delay = 0.00>
ST_1 : Operation 173 [1/1] (0.00ns)   --->   "%mrv_s = insertvalue i512 %mrv_9, i16 %zext_ln45_10" [firmware/nnet_utils/nnet_activation.h:50]   --->   Operation 173 'insertvalue' 'mrv_s' <Predicate = true> <Delay = 0.00>
ST_1 : Operation 174 [1/1] (0.00ns)   --->   "%mrv_10 = insertvalue i512 %mrv_s, i16 %zext_ln45_11" [firmware/nnet_utils/nnet_activation.h:50]   --->   Operation 174 'insertvalue' 'mrv_10' <Predicate = true> <Delay = 0.00>
ST_1 : Operation 175 [1/1] (0.00ns)   --->   "%mrv_11 = insertvalue i512 %mrv_10, i16 %zext_ln45_12" [firmware/nnet_utils/nnet_activation.h:50]   --->   Operation 175 'insertvalue' 'mrv_11' <Predicate = true> <Delay = 0.00>
ST_1 : Operation 176 [1/1] (0.00ns)   --->   "%mrv_12 = insertvalue i512 %mrv_11, i16 %zext_ln45_13" [firmware/nnet_utils/nnet_activation.h:50]   --->   Operation 176 'insertvalue' 'mrv_12' <Predicate = true> <Delay = 0.00>
ST_1 : Operation 177 [1/1] (0.00ns)   --->   "%mrv_13 = insertvalue i512 %mrv_12, i16 %zext_ln45_14" [firmware/nnet_utils/nnet_activation.h:50]   --->   Operation 177 'insertvalue' 'mrv_13' <Predicate = true> <Delay = 0.00>
ST_1 : Operation 178 [1/1] (0.00ns)   --->   "%mrv_14 = insertvalue i512 %mrv_13, i16 %zext_ln45_15" [firmware/nnet_utils/nnet_activation.h:50]   --->   Operation 178 'insertvalue' 'mrv_14' <Predicate = true> <Delay = 0.00>
ST_1 : Operation 179 [1/1] (0.00ns)   --->   "%mrv_15 = insertvalue i512 %mrv_14, i16 %zext_ln45_16" [firmware/nnet_utils/nnet_activation.h:50]   --->   Operation 179 'insertvalue' 'mrv_15' <Predicate = true> <Delay = 0.00>
ST_1 : Operation 180 [1/1] (0.00ns)   --->   "%mrv_16 = insertvalue i512 %mrv_15, i16 %zext_ln45_17" [firmware/nnet_utils/nnet_activation.h:50]   --->   Operation 180 'insertvalue' 'mrv_16' <Predicate = true> <Delay = 0.00>
ST_1 : Operation 181 [1/1] (0.00ns)   --->   "%mrv_17 = insertvalue i512 %mrv_16, i16 %zext_ln45_18" [firmware/nnet_utils/nnet_activation.h:50]   --->   Operation 181 'insertvalue' 'mrv_17' <Predicate = true> <Delay = 0.00>
ST_1 : Operation 182 [1/1] (0.00ns)   --->   "%mrv_18 = insertvalue i512 %mrv_17, i16 %zext_ln45_19" [firmware/nnet_utils/nnet_activation.h:50]   --->   Operation 182 'insertvalue' 'mrv_18' <Predicate = true> <Delay = 0.00>
ST_1 : Operation 183 [1/1] (0.00ns)   --->   "%mrv_19 = insertvalue i512 %mrv_18, i16 %zext_ln45_20" [firmware/nnet_utils/nnet_activation.h:50]   --->   Operation 183 'insertvalue' 'mrv_19' <Predicate = true> <Delay = 0.00>
ST_1 : Operation 184 [1/1] (0.00ns)   --->   "%mrv_20 = insertvalue i512 %mrv_19, i16 %zext_ln45_21" [firmware/nnet_utils/nnet_activation.h:50]   --->   Operation 184 'insertvalue' 'mrv_20' <Predicate = true> <Delay = 0.00>
ST_1 : Operation 185 [1/1] (0.00ns)   --->   "%mrv_21 = insertvalue i512 %mrv_20, i16 %zext_ln45_22" [firmware/nnet_utils/nnet_activation.h:50]   --->   Operation 185 'insertvalue' 'mrv_21' <Predicate = true> <Delay = 0.00>
ST_1 : Operation 186 [1/1] (0.00ns)   --->   "%mrv_22 = insertvalue i512 %mrv_21, i16 %zext_ln45_23" [firmware/nnet_utils/nnet_activation.h:50]   --->   Operation 186 'insertvalue' 'mrv_22' <Predicate = true> <Delay = 0.00>
ST_1 : Operation 187 [1/1] (0.00ns)   --->   "%mrv_23 = insertvalue i512 %mrv_22, i16 %zext_ln45_24" [firmware/nnet_utils/nnet_activation.h:50]   --->   Operation 187 'insertvalue' 'mrv_23' <Predicate = true> <Delay = 0.00>
ST_1 : Operation 188 [1/1] (0.00ns)   --->   "%mrv_24 = insertvalue i512 %mrv_23, i16 %zext_ln45_25" [firmware/nnet_utils/nnet_activation.h:50]   --->   Operation 188 'insertvalue' 'mrv_24' <Predicate = true> <Delay = 0.00>
ST_1 : Operation 189 [1/1] (0.00ns)   --->   "%mrv_25 = insertvalue i512 %mrv_24, i16 %zext_ln45_26" [firmware/nnet_utils/nnet_activation.h:50]   --->   Operation 189 'insertvalue' 'mrv_25' <Predicate = true> <Delay = 0.00>
ST_1 : Operation 190 [1/1] (0.00ns)   --->   "%mrv_26 = insertvalue i512 %mrv_25, i16 %zext_ln45_27" [firmware/nnet_utils/nnet_activation.h:50]   --->   Operation 190 'insertvalue' 'mrv_26' <Predicate = true> <Delay = 0.00>
ST_1 : Operation 191 [1/1] (0.00ns)   --->   "%mrv_27 = insertvalue i512 %mrv_26, i16 %zext_ln45_28" [firmware/nnet_utils/nnet_activation.h:50]   --->   Operation 191 'insertvalue' 'mrv_27' <Predicate = true> <Delay = 0.00>
ST_1 : Operation 192 [1/1] (0.00ns)   --->   "%mrv_28 = insertvalue i512 %mrv_27, i16 %zext_ln45_29" [firmware/nnet_utils/nnet_activation.h:50]   --->   Operation 192 'insertvalue' 'mrv_28' <Predicate = true> <Delay = 0.00>
ST_1 : Operation 193 [1/1] (0.00ns)   --->   "%mrv_29 = insertvalue i512 %mrv_28, i16 %zext_ln45_30" [firmware/nnet_utils/nnet_activation.h:50]   --->   Operation 193 'insertvalue' 'mrv_29' <Predicate = true> <Delay = 0.00>
ST_1 : Operation 194 [1/1] (0.00ns)   --->   "%mrv_30 = insertvalue i512 %mrv_29, i16 %zext_ln45_31" [firmware/nnet_utils/nnet_activation.h:50]   --->   Operation 194 'insertvalue' 'mrv_30' <Predicate = true> <Delay = 0.00>
ST_1 : Operation 195 [1/1] (0.00ns)   --->   "%ret_ln50 = ret i512 %mrv_30" [firmware/nnet_utils/nnet_activation.h:50]   --->   Operation 195 'ret' 'ret_ln50' <Predicate = true> <Delay = 0.00>


============================================================
+ Verbose Summary: Binding
============================================================
STG Binding: 
---------------- STG Properties BEGIN ----------------
- Is combinational: 1
- Is one-state seq: 0
- Is datapath-only: 0
- Is pipelined: 1
- Is top level: 0
Port [ Return ] is wired: 1; IO mode=ap_ctrl_hs:ce=0
Port [ data_0_val]:  wired=1; compound=0; hidden=0; nouse=0; global=0; static=0; extern=0; dir=0; type=0; pingpong=0; private_global=0; IO mode=ap_none:ce=0
Port [ data_1_val]:  wired=1; compound=0; hidden=0; nouse=0; global=0; static=0; extern=0; dir=0; type=0; pingpong=0; private_global=0; IO mode=ap_none:ce=0
Port [ data_2_val]:  wired=1; compound=0; hidden=0; nouse=0; global=0; static=0; extern=0; dir=0; type=0; pingpong=0; private_global=0; IO mode=ap_none:ce=0
Port [ data_3_val]:  wired=1; compound=0; hidden=0; nouse=0; global=0; static=0; extern=0; dir=0; type=0; pingpong=0; private_global=0; IO mode=ap_none:ce=0
Port [ data_4_val]:  wired=1; compound=0; hidden=0; nouse=0; global=0; static=0; extern=0; dir=0; type=0; pingpong=0; private_global=0; IO mode=ap_none:ce=0
Port [ data_5_val]:  wired=1; compound=0; hidden=0; nouse=0; global=0; static=0; extern=0; dir=0; type=0; pingpong=0; private_global=0; IO mode=ap_none:ce=0
Port [ data_6_val]:  wired=1; compound=0; hidden=0; nouse=0; global=0; static=0; extern=0; dir=0; type=0; pingpong=0; private_global=0; IO mode=ap_none:ce=0
Port [ data_7_val]:  wired=1; compound=0; hidden=0; nouse=0; global=0; static=0; extern=0; dir=0; type=0; pingpong=0; private_global=0; IO mode=ap_none:ce=0
Port [ data_8_val]:  wired=1; compound=0; hidden=0; nouse=0; global=0; static=0; extern=0; dir=0; type=0; pingpong=0; private_global=0; IO mode=ap_none:ce=0
Port [ data_9_val]:  wired=1; compound=0; hidden=0; nouse=0; global=0; static=0; extern=0; dir=0; type=0; pingpong=0; private_global=0; IO mode=ap_none:ce=0
Port [ data_10_val]:  wired=1; compound=0; hidden=0; nouse=0; global=0; static=0; extern=0; dir=0; type=0; pingpong=0; private_global=0; IO mode=ap_none:ce=0
Port [ data_11_val]:  wired=1; compound=0; hidden=0; nouse=0; global=0; static=0; extern=0; dir=0; type=0; pingpong=0; private_global=0; IO mode=ap_none:ce=0
Port [ data_12_val]:  wired=1; compound=0; hidden=0; nouse=0; global=0; static=0; extern=0; dir=0; type=0; pingpong=0; private_global=0; IO mode=ap_none:ce=0
Port [ data_13_val]:  wired=1; compound=0; hidden=0; nouse=0; global=0; static=0; extern=0; dir=0; type=0; pingpong=0; private_global=0; IO mode=ap_none:ce=0
Port [ data_14_val]:  wired=1; compound=0; hidden=0; nouse=0; global=0; static=0; extern=0; dir=0; type=0; pingpong=0; private_global=0; IO mode=ap_none:ce=0
Port [ data_15_val]:  wired=1; compound=0; hidden=0; nouse=0; global=0; static=0; extern=0; dir=0; type=0; pingpong=0; private_global=0; IO mode=ap_none:ce=0
Port [ data_16_val]:  wired=1; compound=0; hidden=0; nouse=0; global=0; static=0; extern=0; dir=0; type=0; pingpong=0; private_global=0; IO mode=ap_none:ce=0
Port [ data_17_val]:  wired=1; compound=0; hidden=0; nouse=0; global=0; static=0; extern=0; dir=0; type=0; pingpong=0; private_global=0; IO mode=ap_none:ce=0
Port [ data_18_val]:  wired=1; compound=0; hidden=0; nouse=0; global=0; static=0; extern=0; dir=0; type=0; pingpong=0; private_global=0; IO mode=ap_none:ce=0
Port [ data_19_val]:  wired=1; compound=0; hidden=0; nouse=0; global=0; static=0; extern=0; dir=0; type=0; pingpong=0; private_global=0; IO mode=ap_none:ce=0
Port [ data_20_val]:  wired=1; compound=0; hidden=0; nouse=0; global=0; static=0; extern=0; dir=0; type=0; pingpong=0; private_global=0; IO mode=ap_none:ce=0
Port [ data_21_val]:  wired=1; compound=0; hidden=0; nouse=0; global=0; static=0; extern=0; dir=0; type=0; pingpong=0; private_global=0; IO mode=ap_none:ce=0
Port [ data_22_val]:  wired=1; compound=0; hidden=0; nouse=0; global=0; static=0; extern=0; dir=0; type=0; pingpong=0; private_global=0; IO mode=ap_none:ce=0
Port [ data_23_val]:  wired=1; compound=0; hidden=0; nouse=0; global=0; static=0; extern=0; dir=0; type=0; pingpong=0; private_global=0; IO mode=ap_none:ce=0
Port [ data_24_val]:  wired=1; compound=0; hidden=0; nouse=0; global=0; static=0; extern=0; dir=0; type=0; pingpong=0; private_global=0; IO mode=ap_none:ce=0
Port [ data_25_val]:  wired=1; compound=0; hidden=0; nouse=0; global=0; static=0; extern=0; dir=0; type=0; pingpong=0; private_global=0; IO mode=ap_none:ce=0
Port [ data_26_val]:  wired=1; compound=0; hidden=0; nouse=0; global=0; static=0; extern=0; dir=0; type=0; pingpong=0; private_global=0; IO mode=ap_none:ce=0
Port [ data_27_val]:  wired=1; compound=0; hidden=0; nouse=0; global=0; static=0; extern=0; dir=0; type=0; pingpong=0; private_global=0; IO mode=ap_none:ce=0
Port [ data_28_val]:  wired=1; compound=0; hidden=0; nouse=0; global=0; static=0; extern=0; dir=0; type=0; pingpong=0; private_global=0; IO mode=ap_none:ce=0
Port [ data_29_val]:  wired=1; compound=0; hidden=0; nouse=0; global=0; static=0; extern=0; dir=0; type=0; pingpong=0; private_global=0; IO mode=ap_none:ce=0
Port [ data_30_val]:  wired=1; compound=0; hidden=0; nouse=0; global=0; static=0; extern=0; dir=0; type=0; pingpong=0; private_global=0; IO mode=ap_none:ce=0
Port [ data_31_val]:  wired=1; compound=0; hidden=0; nouse=0; global=0; static=0; extern=0; dir=0; type=0; pingpong=0; private_global=0; IO mode=ap_none:ce=0
---------------- STG Properties END ------------------

---------------- Datapath Model BEGIN ----------------

<LifeTime>
<method=bitvector/>
data_31_val_read  (read        ) [ 00]
data_30_val_read  (read        ) [ 00]
data_29_val_read  (read        ) [ 00]
data_28_val_read  (read        ) [ 00]
data_27_val_read  (read        ) [ 00]
data_26_val_read  (read        ) [ 00]
data_25_val_read  (read        ) [ 00]
data_24_val_read  (read        ) [ 00]
data_23_val_read  (read        ) [ 00]
data_22_val_read  (read        ) [ 00]
data_21_val_read  (read        ) [ 00]
data_20_val_read  (read        ) [ 00]
data_19_val_read  (read        ) [ 00]
data_18_val_read  (read        ) [ 00]
data_17_val_read  (read        ) [ 00]
data_16_val_read  (read        ) [ 00]
data_15_val_read  (read        ) [ 00]
data_14_val_read  (read        ) [ 00]
data_13_val_read  (read        ) [ 00]
data_12_val_read  (read        ) [ 00]
data_11_val_read  (read        ) [ 00]
data_10_val_read  (read        ) [ 00]
data_9_val_read   (read        ) [ 00]
data_8_val_read   (read        ) [ 00]
data_7_val_read   (read        ) [ 00]
data_6_val_read   (read        ) [ 00]
data_5_val_read   (read        ) [ 00]
data_4_val_read   (read        ) [ 00]
data_3_val_read   (read        ) [ 00]
data_2_val_read   (read        ) [ 00]
data_1_val_read   (read        ) [ 00]
data_0_val_read   (read        ) [ 00]
trunc_ln42        (trunc       ) [ 00]
trunc_ln42_1      (trunc       ) [ 00]
trunc_ln42_2      (trunc       ) [ 00]
trunc_ln42_3      (trunc       ) [ 00]
trunc_ln42_4      (trunc       ) [ 00]
trunc_ln42_5      (trunc       ) [ 00]
trunc_ln42_6      (trunc       ) [ 00]
trunc_ln42_7      (trunc       ) [ 00]
trunc_ln42_8      (trunc       ) [ 00]
trunc_ln42_9      (trunc       ) [ 00]
trunc_ln42_10     (trunc       ) [ 00]
trunc_ln42_11     (trunc       ) [ 00]
trunc_ln42_12     (trunc       ) [ 00]
trunc_ln42_13     (trunc       ) [ 00]
trunc_ln42_14     (trunc       ) [ 00]
trunc_ln42_15     (trunc       ) [ 00]
trunc_ln42_16     (trunc       ) [ 00]
trunc_ln42_17     (trunc       ) [ 00]
trunc_ln42_18     (trunc       ) [ 00]
trunc_ln42_19     (trunc       ) [ 00]
trunc_ln42_20     (trunc       ) [ 00]
trunc_ln42_21     (trunc       ) [ 00]
trunc_ln42_22     (trunc       ) [ 00]
trunc_ln42_23     (trunc       ) [ 00]
trunc_ln42_24     (trunc       ) [ 00]
trunc_ln42_25     (trunc       ) [ 00]
trunc_ln42_26     (trunc       ) [ 00]
trunc_ln42_27     (trunc       ) [ 00]
trunc_ln42_28     (trunc       ) [ 00]
trunc_ln42_29     (trunc       ) [ 00]
trunc_ln42_30     (trunc       ) [ 00]
trunc_ln42_31     (trunc       ) [ 00]
specpipeline_ln42 (specpipeline) [ 00]
icmp_ln45         (icmp        ) [ 01]
datareg           (select      ) [ 00]
zext_ln45         (zext        ) [ 00]
icmp_ln45_1       (icmp        ) [ 01]
datareg_1         (select      ) [ 00]
zext_ln45_1       (zext        ) [ 00]
icmp_ln45_2       (icmp        ) [ 01]
datareg_2         (select      ) [ 00]
zext_ln45_2       (zext        ) [ 00]
icmp_ln45_3       (icmp        ) [ 01]
datareg_3         (select      ) [ 00]
zext_ln45_3       (zext        ) [ 00]
icmp_ln45_4       (icmp        ) [ 01]
datareg_4         (select      ) [ 00]
zext_ln45_4       (zext        ) [ 00]
icmp_ln45_5       (icmp        ) [ 01]
datareg_5         (select      ) [ 00]
zext_ln45_5       (zext        ) [ 00]
icmp_ln45_6       (icmp        ) [ 01]
datareg_6         (select      ) [ 00]
zext_ln45_6       (zext        ) [ 00]
icmp_ln45_7       (icmp        ) [ 01]
datareg_7         (select      ) [ 00]
zext_ln45_7       (zext        ) [ 00]
icmp_ln45_8       (icmp        ) [ 01]
datareg_8         (select      ) [ 00]
zext_ln45_8       (zext        ) [ 00]
icmp_ln45_9       (icmp        ) [ 01]
datareg_9         (select      ) [ 00]
zext_ln45_9       (zext        ) [ 00]
icmp_ln45_10      (icmp        ) [ 01]
datareg_10        (select      ) [ 00]
zext_ln45_10      (zext        ) [ 00]
icmp_ln45_11      (icmp        ) [ 01]
datareg_11        (select      ) [ 00]
zext_ln45_11      (zext        ) [ 00]
icmp_ln45_12      (icmp        ) [ 01]
datareg_12        (select      ) [ 00]
zext_ln45_12      (zext        ) [ 00]
icmp_ln45_13      (icmp        ) [ 01]
datareg_13        (select      ) [ 00]
zext_ln45_13      (zext        ) [ 00]
icmp_ln45_14      (icmp        ) [ 01]
datareg_14        (select      ) [ 00]
zext_ln45_14      (zext        ) [ 00]
icmp_ln45_15      (icmp        ) [ 01]
datareg_15        (select      ) [ 00]
zext_ln45_15      (zext        ) [ 00]
icmp_ln45_16      (icmp        ) [ 01]
datareg_16        (select      ) [ 00]
zext_ln45_16      (zext        ) [ 00]
icmp_ln45_17      (icmp        ) [ 01]
datareg_17        (select      ) [ 00]
zext_ln45_17      (zext        ) [ 00]
icmp_ln45_18      (icmp        ) [ 01]
datareg_18        (select      ) [ 00]
zext_ln45_18      (zext        ) [ 00]
icmp_ln45_19      (icmp        ) [ 01]
datareg_19        (select      ) [ 00]
zext_ln45_19      (zext        ) [ 00]
icmp_ln45_20      (icmp        ) [ 01]
datareg_20        (select      ) [ 00]
zext_ln45_20      (zext        ) [ 00]
icmp_ln45_21      (icmp        ) [ 01]
datareg_21        (select      ) [ 00]
zext_ln45_21      (zext        ) [ 00]
icmp_ln45_22      (icmp        ) [ 01]
datareg_22        (select      ) [ 00]
zext_ln45_22      (zext        ) [ 00]
icmp_ln45_23      (icmp        ) [ 01]
datareg_23        (select      ) [ 00]
zext_ln45_23      (zext        ) [ 00]
icmp_ln45_24      (icmp        ) [ 01]
datareg_24        (select      ) [ 00]
zext_ln45_24      (zext        ) [ 00]
icmp_ln45_25      (icmp        ) [ 01]
datareg_25        (select      ) [ 00]
zext_ln45_25      (zext        ) [ 00]
icmp_ln45_26      (icmp        ) [ 01]
datareg_26        (select      ) [ 00]
zext_ln45_26      (zext        ) [ 00]
icmp_ln45_27      (icmp        ) [ 01]
datareg_27        (select      ) [ 00]
zext_ln45_27      (zext        ) [ 00]
icmp_ln45_28      (icmp        ) [ 01]
datareg_28        (select      ) [ 00]
zext_ln45_28      (zext        ) [ 00]
icmp_ln45_29      (icmp        ) [ 01]
datareg_29        (select      ) [ 00]
zext_ln45_29      (zext        ) [ 00]
icmp_ln45_30      (icmp        ) [ 01]
datareg_30        (select      ) [ 00]
zext_ln45_30      (zext        ) [ 00]
icmp_ln45_31      (icmp        ) [ 01]
datareg_31        (select      ) [ 00]
zext_ln45_31      (zext        ) [ 00]
mrv               (insertvalue ) [ 00]
mrv_1             (insertvalue ) [ 00]
mrv_2             (insertvalue ) [ 00]
mrv_3             (insertvalue ) [ 00]
mrv_4             (insertvalue ) [ 00]
mrv_5             (insertvalue ) [ 00]
mrv_6             (insertvalue ) [ 00]
mrv_7             (insertvalue ) [ 00]
mrv_8             (insertvalue ) [ 00]
mrv_9             (insertvalue ) [ 00]
mrv_s             (insertvalue ) [ 00]
mrv_10            (insertvalue ) [ 00]
mrv_11            (insertvalue ) [ 00]
mrv_12            (insertvalue ) [ 00]
mrv_13            (insertvalue ) [ 00]
mrv_14            (insertvalue ) [ 00]
mrv_15            (insertvalue ) [ 00]
mrv_16            (insertvalue ) [ 00]
mrv_17            (insertvalue ) [ 00]
mrv_18            (insertvalue ) [ 00]
mrv_19            (insertvalue ) [ 00]
mrv_20            (insertvalue ) [ 00]
mrv_21            (insertvalue ) [ 00]
mrv_22            (insertvalue ) [ 00]
mrv_23            (insertvalue ) [ 00]
mrv_24            (insertvalue ) [ 00]
mrv_25            (insertvalue ) [ 00]
mrv_26            (insertvalue ) [ 00]
mrv_27            (insertvalue ) [ 00]
mrv_28            (insertvalue ) [ 00]
mrv_29            (insertvalue ) [ 00]
mrv_30            (insertvalue ) [ 00]
ret_ln50          (ret         ) [ 00]
</LifeTime>

<model>

<comp_list>
<comp id="0" class="1000" name="data_0_val">
<pin_list>
<pin id="1" dir="1" index="0" bw="1" slack="0"/>
</pin_list>
<bind>
<StgValue><ssdm name="data_0_val"/></StgValue>
</bind>
</comp>

<comp id="2" class="1000" name="data_1_val">
<pin_list>
<pin id="3" dir="1" index="0" bw="1" slack="0"/>
</pin_list>
<bind>
<StgValue><ssdm name="data_1_val"/></StgValue>
</bind>
</comp>

<comp id="4" class="1000" name="data_2_val">
<pin_list>
<pin id="5" dir="1" index="0" bw="1" slack="0"/>
</pin_list>
<bind>
<StgValue><ssdm name="data_2_val"/></StgValue>
</bind>
</comp>

<comp id="6" class="1000" name="data_3_val">
<pin_list>
<pin id="7" dir="1" index="0" bw="1" slack="0"/>
</pin_list>
<bind>
<StgValue><ssdm name="data_3_val"/></StgValue>
</bind>
</comp>

<comp id="8" class="1000" name="data_4_val">
<pin_list>
<pin id="9" dir="1" index="0" bw="1" slack="0"/>
</pin_list>
<bind>
<StgValue><ssdm name="data_4_val"/></StgValue>
</bind>
</comp>

<comp id="10" class="1000" name="data_5_val">
<pin_list>
<pin id="11" dir="1" index="0" bw="1" slack="0"/>
</pin_list>
<bind>
<StgValue><ssdm name="data_5_val"/></StgValue>
</bind>
</comp>

<comp id="12" class="1000" name="data_6_val">
<pin_list>
<pin id="13" dir="1" index="0" bw="1" slack="0"/>
</pin_list>
<bind>
<StgValue><ssdm name="data_6_val"/></StgValue>
</bind>
</comp>

<comp id="14" class="1000" name="data_7_val">
<pin_list>
<pin id="15" dir="1" index="0" bw="1" slack="0"/>
</pin_list>
<bind>
<StgValue><ssdm name="data_7_val"/></StgValue>
</bind>
</comp>

<comp id="16" class="1000" name="data_8_val">
<pin_list>
<pin id="17" dir="1" index="0" bw="1" slack="0"/>
</pin_list>
<bind>
<StgValue><ssdm name="data_8_val"/></StgValue>
</bind>
</comp>

<comp id="18" class="1000" name="data_9_val">
<pin_list>
<pin id="19" dir="1" index="0" bw="1" slack="0"/>
</pin_list>
<bind>
<StgValue><ssdm name="data_9_val"/></StgValue>
</bind>
</comp>

<comp id="20" class="1000" name="data_10_val">
<pin_list>
<pin id="21" dir="1" index="0" bw="1" slack="0"/>
</pin_list>
<bind>
<StgValue><ssdm name="data_10_val"/></StgValue>
</bind>
</comp>

<comp id="22" class="1000" name="data_11_val">
<pin_list>
<pin id="23" dir="1" index="0" bw="1" slack="0"/>
</pin_list>
<bind>
<StgValue><ssdm name="data_11_val"/></StgValue>
</bind>
</comp>

<comp id="24" class="1000" name="data_12_val">
<pin_list>
<pin id="25" dir="1" index="0" bw="1" slack="0"/>
</pin_list>
<bind>
<StgValue><ssdm name="data_12_val"/></StgValue>
</bind>
</comp>

<comp id="26" class="1000" name="data_13_val">
<pin_list>
<pin id="27" dir="1" index="0" bw="1" slack="0"/>
</pin_list>
<bind>
<StgValue><ssdm name="data_13_val"/></StgValue>
</bind>
</comp>

<comp id="28" class="1000" name="data_14_val">
<pin_list>
<pin id="29" dir="1" index="0" bw="1" slack="0"/>
</pin_list>
<bind>
<StgValue><ssdm name="data_14_val"/></StgValue>
</bind>
</comp>

<comp id="30" class="1000" name="data_15_val">
<pin_list>
<pin id="31" dir="1" index="0" bw="1" slack="0"/>
</pin_list>
<bind>
<StgValue><ssdm name="data_15_val"/></StgValue>
</bind>
</comp>

<comp id="32" class="1000" name="data_16_val">
<pin_list>
<pin id="33" dir="1" index="0" bw="1" slack="0"/>
</pin_list>
<bind>
<StgValue><ssdm name="data_16_val"/></StgValue>
</bind>
</comp>

<comp id="34" class="1000" name="data_17_val">
<pin_list>
<pin id="35" dir="1" index="0" bw="1" slack="0"/>
</pin_list>
<bind>
<StgValue><ssdm name="data_17_val"/></StgValue>
</bind>
</comp>

<comp id="36" class="1000" name="data_18_val">
<pin_list>
<pin id="37" dir="1" index="0" bw="1" slack="0"/>
</pin_list>
<bind>
<StgValue><ssdm name="data_18_val"/></StgValue>
</bind>
</comp>

<comp id="38" class="1000" name="data_19_val">
<pin_list>
<pin id="39" dir="1" index="0" bw="1" slack="0"/>
</pin_list>
<bind>
<StgValue><ssdm name="data_19_val"/></StgValue>
</bind>
</comp>

<comp id="40" class="1000" name="data_20_val">
<pin_list>
<pin id="41" dir="1" index="0" bw="1" slack="0"/>
</pin_list>
<bind>
<StgValue><ssdm name="data_20_val"/></StgValue>
</bind>
</comp>

<comp id="42" class="1000" name="data_21_val">
<pin_list>
<pin id="43" dir="1" index="0" bw="1" slack="0"/>
</pin_list>
<bind>
<StgValue><ssdm name="data_21_val"/></StgValue>
</bind>
</comp>

<comp id="44" class="1000" name="data_22_val">
<pin_list>
<pin id="45" dir="1" index="0" bw="1" slack="0"/>
</pin_list>
<bind>
<StgValue><ssdm name="data_22_val"/></StgValue>
</bind>
</comp>

<comp id="46" class="1000" name="data_23_val">
<pin_list>
<pin id="47" dir="1" index="0" bw="1" slack="0"/>
</pin_list>
<bind>
<StgValue><ssdm name="data_23_val"/></StgValue>
</bind>
</comp>

<comp id="48" class="1000" name="data_24_val">
<pin_list>
<pin id="49" dir="1" index="0" bw="1" slack="0"/>
</pin_list>
<bind>
<StgValue><ssdm name="data_24_val"/></StgValue>
</bind>
</comp>

<comp id="50" class="1000" name="data_25_val">
<pin_list>
<pin id="51" dir="1" index="0" bw="1" slack="0"/>
</pin_list>
<bind>
<StgValue><ssdm name="data_25_val"/></StgValue>
</bind>
</comp>

<comp id="52" class="1000" name="data_26_val">
<pin_list>
<pin id="53" dir="1" index="0" bw="1" slack="0"/>
</pin_list>
<bind>
<StgValue><ssdm name="data_26_val"/></StgValue>
</bind>
</comp>

<comp id="54" class="1000" name="data_27_val">
<pin_list>
<pin id="55" dir="1" index="0" bw="1" slack="0"/>
</pin_list>
<bind>
<StgValue><ssdm name="data_27_val"/></StgValue>
</bind>
</comp>

<comp id="56" class="1000" name="data_28_val">
<pin_list>
<pin id="57" dir="1" index="0" bw="1" slack="0"/>
</pin_list>
<bind>
<StgValue><ssdm name="data_28_val"/></StgValue>
</bind>
</comp>

<comp id="58" class="1000" name="data_29_val">
<pin_list>
<pin id="59" dir="1" index="0" bw="1" slack="0"/>
</pin_list>
<bind>
<StgValue><ssdm name="data_29_val"/></StgValue>
</bind>
</comp>

<comp id="60" class="1000" name="data_30_val">
<pin_list>
<pin id="61" dir="1" index="0" bw="1" slack="0"/>
</pin_list>
<bind>
<StgValue><ssdm name="data_30_val"/></StgValue>
</bind>
</comp>

<comp id="62" class="1000" name="data_31_val">
<pin_list>
<pin id="63" dir="1" index="0" bw="1" slack="0"/>
</pin_list>
<bind>
<StgValue><ssdm name="data_31_val"/></StgValue>
</bind>
</comp>

<comp id="64" class="1001" name="const_64">
<pin_list>
<pin id="65" dir="1" index="0" bw="1" slack="0"/>
</pin_list>
<bind>
<StgValue><ssdm name="_ssdm_op_Read.ap_auto.i16"/></StgValue>
</bind>
</comp>

<comp id="66" class="1001" name="const_66">
<pin_list>
<pin id="67" dir="1" index="0" bw="1" slack="2147483647"/>
</pin_list>
<bind>
<StgValue><ssdm name="_ssdm_op_SpecPipeline"/></StgValue>
</bind>
</comp>

<comp id="68" class="1001" name="const_68">
<pin_list>
<pin id="69" dir="1" index="0" bw="1" slack="2147483647"/>
</pin_list>
<bind>
<StgValue><ssdm name=""/></StgValue>
</bind>
</comp>

<comp id="70" class="1001" name="const_70">
<pin_list>
<pin id="71" dir="1" index="0" bw="1" slack="2147483647"/>
</pin_list>
<bind>
<StgValue><ssdm name=""/></StgValue>
</bind>
</comp>

<comp id="72" class="1001" name="const_72">
<pin_list>
<pin id="73" dir="1" index="0" bw="1" slack="2147483647"/>
</pin_list>
<bind>
<StgValue><ssdm name="empty_0"/></StgValue>
</bind>
</comp>

<comp id="74" class="1001" name="const_74">
<pin_list>
<pin id="75" dir="1" index="0" bw="1" slack="0"/>
</pin_list>
<bind>
<StgValue><ssdm name=""/></StgValue>
</bind>
</comp>

<comp id="76" class="1001" name="const_76">
<pin_list>
<pin id="77" dir="1" index="0" bw="1" slack="0"/>
</pin_list>
<bind>
<StgValue><ssdm name=""/></StgValue>
</bind>
</comp>

<comp id="78" class="1001" name="const_78">
<pin_list>
<pin id="79" dir="1" index="0" bw="1" slack="0"/>
</pin_list>
<bind>
<StgValue><ssdm name=""/></StgValue>
</bind>
</comp>

<comp id="80" class="1004" name="data_31_val_read_read_fu_80">
<pin_list>
<pin id="81" dir="0" index="0" bw="16" slack="0"/>
<pin id="82" dir="0" index="1" bw="16" slack="0"/>
<pin id="83" dir="1" index="2" bw="16" slack="0"/>
</pin_list>
<bind>
<opcode="read(1150) " fcode="read"/>
<opset="data_31_val_read/1 "/>
</bind>
</comp>

<comp id="86" class="1004" name="data_30_val_read_read_fu_86">
<pin_list>
<pin id="87" dir="0" index="0" bw="16" slack="0"/>
<pin id="88" dir="0" index="1" bw="16" slack="0"/>
<pin id="89" dir="1" index="2" bw="16" slack="0"/>
</pin_list>
<bind>
<opcode="read(1150) " fcode="read"/>
<opset="data_30_val_read/1 "/>
</bind>
</comp>

<comp id="92" class="1004" name="data_29_val_read_read_fu_92">
<pin_list>
<pin id="93" dir="0" index="0" bw="16" slack="0"/>
<pin id="94" dir="0" index="1" bw="16" slack="0"/>
<pin id="95" dir="1" index="2" bw="16" slack="0"/>
</pin_list>
<bind>
<opcode="read(1150) " fcode="read"/>
<opset="data_29_val_read/1 "/>
</bind>
</comp>

<comp id="98" class="1004" name="data_28_val_read_read_fu_98">
<pin_list>
<pin id="99" dir="0" index="0" bw="16" slack="0"/>
<pin id="100" dir="0" index="1" bw="16" slack="0"/>
<pin id="101" dir="1" index="2" bw="16" slack="0"/>
</pin_list>
<bind>
<opcode="read(1150) " fcode="read"/>
<opset="data_28_val_read/1 "/>
</bind>
</comp>

<comp id="104" class="1004" name="data_27_val_read_read_fu_104">
<pin_list>
<pin id="105" dir="0" index="0" bw="16" slack="0"/>
<pin id="106" dir="0" index="1" bw="16" slack="0"/>
<pin id="107" dir="1" index="2" bw="16" slack="0"/>
</pin_list>
<bind>
<opcode="read(1150) " fcode="read"/>
<opset="data_27_val_read/1 "/>
</bind>
</comp>

<comp id="110" class="1004" name="data_26_val_read_read_fu_110">
<pin_list>
<pin id="111" dir="0" index="0" bw="16" slack="0"/>
<pin id="112" dir="0" index="1" bw="16" slack="0"/>
<pin id="113" dir="1" index="2" bw="16" slack="0"/>
</pin_list>
<bind>
<opcode="read(1150) " fcode="read"/>
<opset="data_26_val_read/1 "/>
</bind>
</comp>

<comp id="116" class="1004" name="data_25_val_read_read_fu_116">
<pin_list>
<pin id="117" dir="0" index="0" bw="16" slack="0"/>
<pin id="118" dir="0" index="1" bw="16" slack="0"/>
<pin id="119" dir="1" index="2" bw="16" slack="0"/>
</pin_list>
<bind>
<opcode="read(1150) " fcode="read"/>
<opset="data_25_val_read/1 "/>
</bind>
</comp>

<comp id="122" class="1004" name="data_24_val_read_read_fu_122">
<pin_list>
<pin id="123" dir="0" index="0" bw="16" slack="0"/>
<pin id="124" dir="0" index="1" bw="16" slack="0"/>
<pin id="125" dir="1" index="2" bw="16" slack="0"/>
</pin_list>
<bind>
<opcode="read(1150) " fcode="read"/>
<opset="data_24_val_read/1 "/>
</bind>
</comp>

<comp id="128" class="1004" name="data_23_val_read_read_fu_128">
<pin_list>
<pin id="129" dir="0" index="0" bw="16" slack="0"/>
<pin id="130" dir="0" index="1" bw="16" slack="0"/>
<pin id="131" dir="1" index="2" bw="16" slack="0"/>
</pin_list>
<bind>
<opcode="read(1150) " fcode="read"/>
<opset="data_23_val_read/1 "/>
</bind>
</comp>

<comp id="134" class="1004" name="data_22_val_read_read_fu_134">
<pin_list>
<pin id="135" dir="0" index="0" bw="16" slack="0"/>
<pin id="136" dir="0" index="1" bw="16" slack="0"/>
<pin id="137" dir="1" index="2" bw="16" slack="0"/>
</pin_list>
<bind>
<opcode="read(1150) " fcode="read"/>
<opset="data_22_val_read/1 "/>
</bind>
</comp>

<comp id="140" class="1004" name="data_21_val_read_read_fu_140">
<pin_list>
<pin id="141" dir="0" index="0" bw="16" slack="0"/>
<pin id="142" dir="0" index="1" bw="16" slack="0"/>
<pin id="143" dir="1" index="2" bw="16" slack="0"/>
</pin_list>
<bind>
<opcode="read(1150) " fcode="read"/>
<opset="data_21_val_read/1 "/>
</bind>
</comp>

<comp id="146" class="1004" name="data_20_val_read_read_fu_146">
<pin_list>
<pin id="147" dir="0" index="0" bw="16" slack="0"/>
<pin id="148" dir="0" index="1" bw="16" slack="0"/>
<pin id="149" dir="1" index="2" bw="16" slack="0"/>
</pin_list>
<bind>
<opcode="read(1150) " fcode="read"/>
<opset="data_20_val_read/1 "/>
</bind>
</comp>

<comp id="152" class="1004" name="data_19_val_read_read_fu_152">
<pin_list>
<pin id="153" dir="0" index="0" bw="16" slack="0"/>
<pin id="154" dir="0" index="1" bw="16" slack="0"/>
<pin id="155" dir="1" index="2" bw="16" slack="0"/>
</pin_list>
<bind>
<opcode="read(1150) " fcode="read"/>
<opset="data_19_val_read/1 "/>
</bind>
</comp>

<comp id="158" class="1004" name="data_18_val_read_read_fu_158">
<pin_list>
<pin id="159" dir="0" index="0" bw="16" slack="0"/>
<pin id="160" dir="0" index="1" bw="16" slack="0"/>
<pin id="161" dir="1" index="2" bw="16" slack="0"/>
</pin_list>
<bind>
<opcode="read(1150) " fcode="read"/>
<opset="data_18_val_read/1 "/>
</bind>
</comp>

<comp id="164" class="1004" name="data_17_val_read_read_fu_164">
<pin_list>
<pin id="165" dir="0" index="0" bw="16" slack="0"/>
<pin id="166" dir="0" index="1" bw="16" slack="0"/>
<pin id="167" dir="1" index="2" bw="16" slack="0"/>
</pin_list>
<bind>
<opcode="read(1150) " fcode="read"/>
<opset="data_17_val_read/1 "/>
</bind>
</comp>

<comp id="170" class="1004" name="data_16_val_read_read_fu_170">
<pin_list>
<pin id="171" dir="0" index="0" bw="16" slack="0"/>
<pin id="172" dir="0" index="1" bw="16" slack="0"/>
<pin id="173" dir="1" index="2" bw="16" slack="0"/>
</pin_list>
<bind>
<opcode="read(1150) " fcode="read"/>
<opset="data_16_val_read/1 "/>
</bind>
</comp>

<comp id="176" class="1004" name="data_15_val_read_read_fu_176">
<pin_list>
<pin id="177" dir="0" index="0" bw="16" slack="0"/>
<pin id="178" dir="0" index="1" bw="16" slack="0"/>
<pin id="179" dir="1" index="2" bw="16" slack="0"/>
</pin_list>
<bind>
<opcode="read(1150) " fcode="read"/>
<opset="data_15_val_read/1 "/>
</bind>
</comp>

<comp id="182" class="1004" name="data_14_val_read_read_fu_182">
<pin_list>
<pin id="183" dir="0" index="0" bw="16" slack="0"/>
<pin id="184" dir="0" index="1" bw="16" slack="0"/>
<pin id="185" dir="1" index="2" bw="16" slack="0"/>
</pin_list>
<bind>
<opcode="read(1150) " fcode="read"/>
<opset="data_14_val_read/1 "/>
</bind>
</comp>

<comp id="188" class="1004" name="data_13_val_read_read_fu_188">
<pin_list>
<pin id="189" dir="0" index="0" bw="16" slack="0"/>
<pin id="190" dir="0" index="1" bw="16" slack="0"/>
<pin id="191" dir="1" index="2" bw="16" slack="0"/>
</pin_list>
<bind>
<opcode="read(1150) " fcode="read"/>
<opset="data_13_val_read/1 "/>
</bind>
</comp>

<comp id="194" class="1004" name="data_12_val_read_read_fu_194">
<pin_list>
<pin id="195" dir="0" index="0" bw="16" slack="0"/>
<pin id="196" dir="0" index="1" bw="16" slack="0"/>
<pin id="197" dir="1" index="2" bw="16" slack="0"/>
</pin_list>
<bind>
<opcode="read(1150) " fcode="read"/>
<opset="data_12_val_read/1 "/>
</bind>
</comp>

<comp id="200" class="1004" name="data_11_val_read_read_fu_200">
<pin_list>
<pin id="201" dir="0" index="0" bw="16" slack="0"/>
<pin id="202" dir="0" index="1" bw="16" slack="0"/>
<pin id="203" dir="1" index="2" bw="16" slack="0"/>
</pin_list>
<bind>
<opcode="read(1150) " fcode="read"/>
<opset="data_11_val_read/1 "/>
</bind>
</comp>

<comp id="206" class="1004" name="data_10_val_read_read_fu_206">
<pin_list>
<pin id="207" dir="0" index="0" bw="16" slack="0"/>
<pin id="208" dir="0" index="1" bw="16" slack="0"/>
<pin id="209" dir="1" index="2" bw="16" slack="0"/>
</pin_list>
<bind>
<opcode="read(1150) " fcode="read"/>
<opset="data_10_val_read/1 "/>
</bind>
</comp>

<comp id="212" class="1004" name="data_9_val_read_read_fu_212">
<pin_list>
<pin id="213" dir="0" index="0" bw="16" slack="0"/>
<pin id="214" dir="0" index="1" bw="16" slack="0"/>
<pin id="215" dir="1" index="2" bw="16" slack="0"/>
</pin_list>
<bind>
<opcode="read(1150) " fcode="read"/>
<opset="data_9_val_read/1 "/>
</bind>
</comp>

<comp id="218" class="1004" name="data_8_val_read_read_fu_218">
<pin_list>
<pin id="219" dir="0" index="0" bw="16" slack="0"/>
<pin id="220" dir="0" index="1" bw="16" slack="0"/>
<pin id="221" dir="1" index="2" bw="16" slack="0"/>
</pin_list>
<bind>
<opcode="read(1150) " fcode="read"/>
<opset="data_8_val_read/1 "/>
</bind>
</comp>

<comp id="224" class="1004" name="data_7_val_read_read_fu_224">
<pin_list>
<pin id="225" dir="0" index="0" bw="16" slack="0"/>
<pin id="226" dir="0" index="1" bw="16" slack="0"/>
<pin id="227" dir="1" index="2" bw="16" slack="0"/>
</pin_list>
<bind>
<opcode="read(1150) " fcode="read"/>
<opset="data_7_val_read/1 "/>
</bind>
</comp>

<comp id="230" class="1004" name="data_6_val_read_read_fu_230">
<pin_list>
<pin id="231" dir="0" index="0" bw="16" slack="0"/>
<pin id="232" dir="0" index="1" bw="16" slack="0"/>
<pin id="233" dir="1" index="2" bw="16" slack="0"/>
</pin_list>
<bind>
<opcode="read(1150) " fcode="read"/>
<opset="data_6_val_read/1 "/>
</bind>
</comp>

<comp id="236" class="1004" name="data_5_val_read_read_fu_236">
<pin_list>
<pin id="237" dir="0" index="0" bw="16" slack="0"/>
<pin id="238" dir="0" index="1" bw="16" slack="0"/>
<pin id="239" dir="1" index="2" bw="16" slack="0"/>
</pin_list>
<bind>
<opcode="read(1150) " fcode="read"/>
<opset="data_5_val_read/1 "/>
</bind>
</comp>

<comp id="242" class="1004" name="data_4_val_read_read_fu_242">
<pin_list>
<pin id="243" dir="0" index="0" bw="16" slack="0"/>
<pin id="244" dir="0" index="1" bw="16" slack="0"/>
<pin id="245" dir="1" index="2" bw="16" slack="0"/>
</pin_list>
<bind>
<opcode="read(1150) " fcode="read"/>
<opset="data_4_val_read/1 "/>
</bind>
</comp>

<comp id="248" class="1004" name="data_3_val_read_read_fu_248">
<pin_list>
<pin id="249" dir="0" index="0" bw="16" slack="0"/>
<pin id="250" dir="0" index="1" bw="16" slack="0"/>
<pin id="251" dir="1" index="2" bw="16" slack="0"/>
</pin_list>
<bind>
<opcode="read(1150) " fcode="read"/>
<opset="data_3_val_read/1 "/>
</bind>
</comp>

<comp id="254" class="1004" name="data_2_val_read_read_fu_254">
<pin_list>
<pin id="255" dir="0" index="0" bw="16" slack="0"/>
<pin id="256" dir="0" index="1" bw="16" slack="0"/>
<pin id="257" dir="1" index="2" bw="16" slack="0"/>
</pin_list>
<bind>
<opcode="read(1150) " fcode="read"/>
<opset="data_2_val_read/1 "/>
</bind>
</comp>

<comp id="260" class="1004" name="data_1_val_read_read_fu_260">
<pin_list>
<pin id="261" dir="0" index="0" bw="16" slack="0"/>
<pin id="262" dir="0" index="1" bw="16" slack="0"/>
<pin id="263" dir="1" index="2" bw="16" slack="0"/>
</pin_list>
<bind>
<opcode="read(1150) " fcode="read"/>
<opset="data_1_val_read/1 "/>
</bind>
</comp>

<comp id="266" class="1004" name="data_0_val_read_read_fu_266">
<pin_list>
<pin id="267" dir="0" index="0" bw="16" slack="0"/>
<pin id="268" dir="0" index="1" bw="16" slack="0"/>
<pin id="269" dir="1" index="2" bw="16" slack="0"/>
</pin_list>
<bind>
<opcode="read(1150) " fcode="read"/>
<opset="data_0_val_read/1 "/>
</bind>
</comp>

<comp id="272" class="1004" name="trunc_ln42_fu_272">
<pin_list>
<pin id="273" dir="0" index="0" bw="16" slack="0"/>
<pin id="274" dir="1" index="1" bw="15" slack="0"/>
</pin_list>
<bind>
<opcode="trunc(33) " fcode="trunc"/>
<opset="trunc_ln42/1 "/>
</bind>
</comp>

<comp id="276" class="1004" name="trunc_ln42_1_fu_276">
<pin_list>
<pin id="277" dir="0" index="0" bw="16" slack="0"/>
<pin id="278" dir="1" index="1" bw="15" slack="0"/>
</pin_list>
<bind>
<opcode="trunc(33) " fcode="trunc"/>
<opset="trunc_ln42_1/1 "/>
</bind>
</comp>

<comp id="280" class="1004" name="trunc_ln42_2_fu_280">
<pin_list>
<pin id="281" dir="0" index="0" bw="16" slack="0"/>
<pin id="282" dir="1" index="1" bw="15" slack="0"/>
</pin_list>
<bind>
<opcode="trunc(33) " fcode="trunc"/>
<opset="trunc_ln42_2/1 "/>
</bind>
</comp>

<comp id="284" class="1004" name="trunc_ln42_3_fu_284">
<pin_list>
<pin id="285" dir="0" index="0" bw="16" slack="0"/>
<pin id="286" dir="1" index="1" bw="15" slack="0"/>
</pin_list>
<bind>
<opcode="trunc(33) " fcode="trunc"/>
<opset="trunc_ln42_3/1 "/>
</bind>
</comp>

<comp id="288" class="1004" name="trunc_ln42_4_fu_288">
<pin_list>
<pin id="289" dir="0" index="0" bw="16" slack="0"/>
<pin id="290" dir="1" index="1" bw="15" slack="0"/>
</pin_list>
<bind>
<opcode="trunc(33) " fcode="trunc"/>
<opset="trunc_ln42_4/1 "/>
</bind>
</comp>

<comp id="292" class="1004" name="trunc_ln42_5_fu_292">
<pin_list>
<pin id="293" dir="0" index="0" bw="16" slack="0"/>
<pin id="294" dir="1" index="1" bw="15" slack="0"/>
</pin_list>
<bind>
<opcode="trunc(33) " fcode="trunc"/>
<opset="trunc_ln42_5/1 "/>
</bind>
</comp>

<comp id="296" class="1004" name="trunc_ln42_6_fu_296">
<pin_list>
<pin id="297" dir="0" index="0" bw="16" slack="0"/>
<pin id="298" dir="1" index="1" bw="15" slack="0"/>
</pin_list>
<bind>
<opcode="trunc(33) " fcode="trunc"/>
<opset="trunc_ln42_6/1 "/>
</bind>
</comp>

<comp id="300" class="1004" name="trunc_ln42_7_fu_300">
<pin_list>
<pin id="301" dir="0" index="0" bw="16" slack="0"/>
<pin id="302" dir="1" index="1" bw="15" slack="0"/>
</pin_list>
<bind>
<opcode="trunc(33) " fcode="trunc"/>
<opset="trunc_ln42_7/1 "/>
</bind>
</comp>

<comp id="304" class="1004" name="trunc_ln42_8_fu_304">
<pin_list>
<pin id="305" dir="0" index="0" bw="16" slack="0"/>
<pin id="306" dir="1" index="1" bw="15" slack="0"/>
</pin_list>
<bind>
<opcode="trunc(33) " fcode="trunc"/>
<opset="trunc_ln42_8/1 "/>
</bind>
</comp>

<comp id="308" class="1004" name="trunc_ln42_9_fu_308">
<pin_list>
<pin id="309" dir="0" index="0" bw="16" slack="0"/>
<pin id="310" dir="1" index="1" bw="15" slack="0"/>
</pin_list>
<bind>
<opcode="trunc(33) " fcode="trunc"/>
<opset="trunc_ln42_9/1 "/>
</bind>
</comp>

<comp id="312" class="1004" name="trunc_ln42_10_fu_312">
<pin_list>
<pin id="313" dir="0" index="0" bw="16" slack="0"/>
<pin id="314" dir="1" index="1" bw="15" slack="0"/>
</pin_list>
<bind>
<opcode="trunc(33) " fcode="trunc"/>
<opset="trunc_ln42_10/1 "/>
</bind>
</comp>

<comp id="316" class="1004" name="trunc_ln42_11_fu_316">
<pin_list>
<pin id="317" dir="0" index="0" bw="16" slack="0"/>
<pin id="318" dir="1" index="1" bw="15" slack="0"/>
</pin_list>
<bind>
<opcode="trunc(33) " fcode="trunc"/>
<opset="trunc_ln42_11/1 "/>
</bind>
</comp>

<comp id="320" class="1004" name="trunc_ln42_12_fu_320">
<pin_list>
<pin id="321" dir="0" index="0" bw="16" slack="0"/>
<pin id="322" dir="1" index="1" bw="15" slack="0"/>
</pin_list>
<bind>
<opcode="trunc(33) " fcode="trunc"/>
<opset="trunc_ln42_12/1 "/>
</bind>
</comp>

<comp id="324" class="1004" name="trunc_ln42_13_fu_324">
<pin_list>
<pin id="325" dir="0" index="0" bw="16" slack="0"/>
<pin id="326" dir="1" index="1" bw="15" slack="0"/>
</pin_list>
<bind>
<opcode="trunc(33) " fcode="trunc"/>
<opset="trunc_ln42_13/1 "/>
</bind>
</comp>

<comp id="328" class="1004" name="trunc_ln42_14_fu_328">
<pin_list>
<pin id="329" dir="0" index="0" bw="16" slack="0"/>
<pin id="330" dir="1" index="1" bw="15" slack="0"/>
</pin_list>
<bind>
<opcode="trunc(33) " fcode="trunc"/>
<opset="trunc_ln42_14/1 "/>
</bind>
</comp>

<comp id="332" class="1004" name="trunc_ln42_15_fu_332">
<pin_list>
<pin id="333" dir="0" index="0" bw="16" slack="0"/>
<pin id="334" dir="1" index="1" bw="15" slack="0"/>
</pin_list>
<bind>
<opcode="trunc(33) " fcode="trunc"/>
<opset="trunc_ln42_15/1 "/>
</bind>
</comp>

<comp id="336" class="1004" name="trunc_ln42_16_fu_336">
<pin_list>
<pin id="337" dir="0" index="0" bw="16" slack="0"/>
<pin id="338" dir="1" index="1" bw="15" slack="0"/>
</pin_list>
<bind>
<opcode="trunc(33) " fcode="trunc"/>
<opset="trunc_ln42_16/1 "/>
</bind>
</comp>

<comp id="340" class="1004" name="trunc_ln42_17_fu_340">
<pin_list>
<pin id="341" dir="0" index="0" bw="16" slack="0"/>
<pin id="342" dir="1" index="1" bw="15" slack="0"/>
</pin_list>
<bind>
<opcode="trunc(33) " fcode="trunc"/>
<opset="trunc_ln42_17/1 "/>
</bind>
</comp>

<comp id="344" class="1004" name="trunc_ln42_18_fu_344">
<pin_list>
<pin id="345" dir="0" index="0" bw="16" slack="0"/>
<pin id="346" dir="1" index="1" bw="15" slack="0"/>
</pin_list>
<bind>
<opcode="trunc(33) " fcode="trunc"/>
<opset="trunc_ln42_18/1 "/>
</bind>
</comp>

<comp id="348" class="1004" name="trunc_ln42_19_fu_348">
<pin_list>
<pin id="349" dir="0" index="0" bw="16" slack="0"/>
<pin id="350" dir="1" index="1" bw="15" slack="0"/>
</pin_list>
<bind>
<opcode="trunc(33) " fcode="trunc"/>
<opset="trunc_ln42_19/1 "/>
</bind>
</comp>

<comp id="352" class="1004" name="trunc_ln42_20_fu_352">
<pin_list>
<pin id="353" dir="0" index="0" bw="16" slack="0"/>
<pin id="354" dir="1" index="1" bw="15" slack="0"/>
</pin_list>
<bind>
<opcode="trunc(33) " fcode="trunc"/>
<opset="trunc_ln42_20/1 "/>
</bind>
</comp>

<comp id="356" class="1004" name="trunc_ln42_21_fu_356">
<pin_list>
<pin id="357" dir="0" index="0" bw="16" slack="0"/>
<pin id="358" dir="1" index="1" bw="15" slack="0"/>
</pin_list>
<bind>
<opcode="trunc(33) " fcode="trunc"/>
<opset="trunc_ln42_21/1 "/>
</bind>
</comp>

<comp id="360" class="1004" name="trunc_ln42_22_fu_360">
<pin_list>
<pin id="361" dir="0" index="0" bw="16" slack="0"/>
<pin id="362" dir="1" index="1" bw="15" slack="0"/>
</pin_list>
<bind>
<opcode="trunc(33) " fcode="trunc"/>
<opset="trunc_ln42_22/1 "/>
</bind>
</comp>

<comp id="364" class="1004" name="trunc_ln42_23_fu_364">
<pin_list>
<pin id="365" dir="0" index="0" bw="16" slack="0"/>
<pin id="366" dir="1" index="1" bw="15" slack="0"/>
</pin_list>
<bind>
<opcode="trunc(33) " fcode="trunc"/>
<opset="trunc_ln42_23/1 "/>
</bind>
</comp>

<comp id="368" class="1004" name="trunc_ln42_24_fu_368">
<pin_list>
<pin id="369" dir="0" index="0" bw="16" slack="0"/>
<pin id="370" dir="1" index="1" bw="15" slack="0"/>
</pin_list>
<bind>
<opcode="trunc(33) " fcode="trunc"/>
<opset="trunc_ln42_24/1 "/>
</bind>
</comp>

<comp id="372" class="1004" name="trunc_ln42_25_fu_372">
<pin_list>
<pin id="373" dir="0" index="0" bw="16" slack="0"/>
<pin id="374" dir="1" index="1" bw="15" slack="0"/>
</pin_list>
<bind>
<opcode="trunc(33) " fcode="trunc"/>
<opset="trunc_ln42_25/1 "/>
</bind>
</comp>

<comp id="376" class="1004" name="trunc_ln42_26_fu_376">
<pin_list>
<pin id="377" dir="0" index="0" bw="16" slack="0"/>
<pin id="378" dir="1" index="1" bw="15" slack="0"/>
</pin_list>
<bind>
<opcode="trunc(33) " fcode="trunc"/>
<opset="trunc_ln42_26/1 "/>
</bind>
</comp>

<comp id="380" class="1004" name="trunc_ln42_27_fu_380">
<pin_list>
<pin id="381" dir="0" index="0" bw="16" slack="0"/>
<pin id="382" dir="1" index="1" bw="15" slack="0"/>
</pin_list>
<bind>
<opcode="trunc(33) " fcode="trunc"/>
<opset="trunc_ln42_27/1 "/>
</bind>
</comp>

<comp id="384" class="1004" name="trunc_ln42_28_fu_384">
<pin_list>
<pin id="385" dir="0" index="0" bw="16" slack="0"/>
<pin id="386" dir="1" index="1" bw="15" slack="0"/>
</pin_list>
<bind>
<opcode="trunc(33) " fcode="trunc"/>
<opset="trunc_ln42_28/1 "/>
</bind>
</comp>

<comp id="388" class="1004" name="trunc_ln42_29_fu_388">
<pin_list>
<pin id="389" dir="0" index="0" bw="16" slack="0"/>
<pin id="390" dir="1" index="1" bw="15" slack="0"/>
</pin_list>
<bind>
<opcode="trunc(33) " fcode="trunc"/>
<opset="trunc_ln42_29/1 "/>
</bind>
</comp>

<comp id="392" class="1004" name="trunc_ln42_30_fu_392">
<pin_list>
<pin id="393" dir="0" index="0" bw="16" slack="0"/>
<pin id="394" dir="1" index="1" bw="15" slack="0"/>
</pin_list>
<bind>
<opcode="trunc(33) " fcode="trunc"/>
<opset="trunc_ln42_30/1 "/>
</bind>
</comp>

<comp id="396" class="1004" name="trunc_ln42_31_fu_396">
<pin_list>
<pin id="397" dir="0" index="0" bw="16" slack="0"/>
<pin id="398" dir="1" index="1" bw="15" slack="0"/>
</pin_list>
<bind>
<opcode="trunc(33) " fcode="trunc"/>
<opset="trunc_ln42_31/1 "/>
</bind>
</comp>

<comp id="400" class="1004" name="icmp_ln45_fu_400">
<pin_list>
<pin id="401" dir="0" index="0" bw="16" slack="0"/>
<pin id="402" dir="0" index="1" bw="16" slack="0"/>
<pin id="403" dir="1" index="2" bw="1" slack="0"/>
</pin_list>
<bind>
<opcode="icmp(45) " fcode="icmp"/>
<opset="icmp_ln45/1 "/>
</bind>
</comp>

<comp id="406" class="1004" name="datareg_fu_406">
<pin_list>
<pin id="407" dir="0" index="0" bw="1" slack="0"/>
<pin id="408" dir="0" index="1" bw="15" slack="0"/>
<pin id="409" dir="0" index="2" bw="15" slack="0"/>
<pin id="410" dir="1" index="3" bw="15" slack="0"/>
</pin_list>
<bind>
<opcode="select(49) " fcode="select"/>
<opset="datareg/1 "/>
</bind>
</comp>

<comp id="414" class="1004" name="zext_ln45_fu_414">
<pin_list>
<pin id="415" dir="0" index="0" bw="15" slack="0"/>
<pin id="416" dir="1" index="1" bw="16" slack="0"/>
</pin_list>
<bind>
<opcode="zext(34) " fcode="zext"/>
<opset="zext_ln45/1 "/>
</bind>
</comp>

<comp id="418" class="1004" name="icmp_ln45_1_fu_418">
<pin_list>
<pin id="419" dir="0" index="0" bw="16" slack="0"/>
<pin id="420" dir="0" index="1" bw="16" slack="0"/>
<pin id="421" dir="1" index="2" bw="1" slack="0"/>
</pin_list>
<bind>
<opcode="icmp(45) " fcode="icmp"/>
<opset="icmp_ln45_1/1 "/>
</bind>
</comp>

<comp id="424" class="1004" name="datareg_1_fu_424">
<pin_list>
<pin id="425" dir="0" index="0" bw="1" slack="0"/>
<pin id="426" dir="0" index="1" bw="15" slack="0"/>
<pin id="427" dir="0" index="2" bw="15" slack="0"/>
<pin id="428" dir="1" index="3" bw="15" slack="0"/>
</pin_list>
<bind>
<opcode="select(49) " fcode="select"/>
<opset="datareg_1/1 "/>
</bind>
</comp>

<comp id="432" class="1004" name="zext_ln45_1_fu_432">
<pin_list>
<pin id="433" dir="0" index="0" bw="15" slack="0"/>
<pin id="434" dir="1" index="1" bw="16" slack="0"/>
</pin_list>
<bind>
<opcode="zext(34) " fcode="zext"/>
<opset="zext_ln45_1/1 "/>
</bind>
</comp>

<comp id="436" class="1004" name="icmp_ln45_2_fu_436">
<pin_list>
<pin id="437" dir="0" index="0" bw="16" slack="0"/>
<pin id="438" dir="0" index="1" bw="16" slack="0"/>
<pin id="439" dir="1" index="2" bw="1" slack="0"/>
</pin_list>
<bind>
<opcode="icmp(45) " fcode="icmp"/>
<opset="icmp_ln45_2/1 "/>
</bind>
</comp>

<comp id="442" class="1004" name="datareg_2_fu_442">
<pin_list>
<pin id="443" dir="0" index="0" bw="1" slack="0"/>
<pin id="444" dir="0" index="1" bw="15" slack="0"/>
<pin id="445" dir="0" index="2" bw="15" slack="0"/>
<pin id="446" dir="1" index="3" bw="15" slack="0"/>
</pin_list>
<bind>
<opcode="select(49) " fcode="select"/>
<opset="datareg_2/1 "/>
</bind>
</comp>

<comp id="450" class="1004" name="zext_ln45_2_fu_450">
<pin_list>
<pin id="451" dir="0" index="0" bw="15" slack="0"/>
<pin id="452" dir="1" index="1" bw="16" slack="0"/>
</pin_list>
<bind>
<opcode="zext(34) " fcode="zext"/>
<opset="zext_ln45_2/1 "/>
</bind>
</comp>

<comp id="454" class="1004" name="icmp_ln45_3_fu_454">
<pin_list>
<pin id="455" dir="0" index="0" bw="16" slack="0"/>
<pin id="456" dir="0" index="1" bw="16" slack="0"/>
<pin id="457" dir="1" index="2" bw="1" slack="0"/>
</pin_list>
<bind>
<opcode="icmp(45) " fcode="icmp"/>
<opset="icmp_ln45_3/1 "/>
</bind>
</comp>

<comp id="460" class="1004" name="datareg_3_fu_460">
<pin_list>
<pin id="461" dir="0" index="0" bw="1" slack="0"/>
<pin id="462" dir="0" index="1" bw="15" slack="0"/>
<pin id="463" dir="0" index="2" bw="15" slack="0"/>
<pin id="464" dir="1" index="3" bw="15" slack="0"/>
</pin_list>
<bind>
<opcode="select(49) " fcode="select"/>
<opset="datareg_3/1 "/>
</bind>
</comp>

<comp id="468" class="1004" name="zext_ln45_3_fu_468">
<pin_list>
<pin id="469" dir="0" index="0" bw="15" slack="0"/>
<pin id="470" dir="1" index="1" bw="16" slack="0"/>
</pin_list>
<bind>
<opcode="zext(34) " fcode="zext"/>
<opset="zext_ln45_3/1 "/>
</bind>
</comp>

<comp id="472" class="1004" name="icmp_ln45_4_fu_472">
<pin_list>
<pin id="473" dir="0" index="0" bw="16" slack="0"/>
<pin id="474" dir="0" index="1" bw="16" slack="0"/>
<pin id="475" dir="1" index="2" bw="1" slack="0"/>
</pin_list>
<bind>
<opcode="icmp(45) " fcode="icmp"/>
<opset="icmp_ln45_4/1 "/>
</bind>
</comp>

<comp id="478" class="1004" name="datareg_4_fu_478">
<pin_list>
<pin id="479" dir="0" index="0" bw="1" slack="0"/>
<pin id="480" dir="0" index="1" bw="15" slack="0"/>
<pin id="481" dir="0" index="2" bw="15" slack="0"/>
<pin id="482" dir="1" index="3" bw="15" slack="0"/>
</pin_list>
<bind>
<opcode="select(49) " fcode="select"/>
<opset="datareg_4/1 "/>
</bind>
</comp>

<comp id="486" class="1004" name="zext_ln45_4_fu_486">
<pin_list>
<pin id="487" dir="0" index="0" bw="15" slack="0"/>
<pin id="488" dir="1" index="1" bw="16" slack="0"/>
</pin_list>
<bind>
<opcode="zext(34) " fcode="zext"/>
<opset="zext_ln45_4/1 "/>
</bind>
</comp>

<comp id="490" class="1004" name="icmp_ln45_5_fu_490">
<pin_list>
<pin id="491" dir="0" index="0" bw="16" slack="0"/>
<pin id="492" dir="0" index="1" bw="16" slack="0"/>
<pin id="493" dir="1" index="2" bw="1" slack="0"/>
</pin_list>
<bind>
<opcode="icmp(45) " fcode="icmp"/>
<opset="icmp_ln45_5/1 "/>
</bind>
</comp>

<comp id="496" class="1004" name="datareg_5_fu_496">
<pin_list>
<pin id="497" dir="0" index="0" bw="1" slack="0"/>
<pin id="498" dir="0" index="1" bw="15" slack="0"/>
<pin id="499" dir="0" index="2" bw="15" slack="0"/>
<pin id="500" dir="1" index="3" bw="15" slack="0"/>
</pin_list>
<bind>
<opcode="select(49) " fcode="select"/>
<opset="datareg_5/1 "/>
</bind>
</comp>

<comp id="504" class="1004" name="zext_ln45_5_fu_504">
<pin_list>
<pin id="505" dir="0" index="0" bw="15" slack="0"/>
<pin id="506" dir="1" index="1" bw="16" slack="0"/>
</pin_list>
<bind>
<opcode="zext(34) " fcode="zext"/>
<opset="zext_ln45_5/1 "/>
</bind>
</comp>

<comp id="508" class="1004" name="icmp_ln45_6_fu_508">
<pin_list>
<pin id="509" dir="0" index="0" bw="16" slack="0"/>
<pin id="510" dir="0" index="1" bw="16" slack="0"/>
<pin id="511" dir="1" index="2" bw="1" slack="0"/>
</pin_list>
<bind>
<opcode="icmp(45) " fcode="icmp"/>
<opset="icmp_ln45_6/1 "/>
</bind>
</comp>

<comp id="514" class="1004" name="datareg_6_fu_514">
<pin_list>
<pin id="515" dir="0" index="0" bw="1" slack="0"/>
<pin id="516" dir="0" index="1" bw="15" slack="0"/>
<pin id="517" dir="0" index="2" bw="15" slack="0"/>
<pin id="518" dir="1" index="3" bw="15" slack="0"/>
</pin_list>
<bind>
<opcode="select(49) " fcode="select"/>
<opset="datareg_6/1 "/>
</bind>
</comp>

<comp id="522" class="1004" name="zext_ln45_6_fu_522">
<pin_list>
<pin id="523" dir="0" index="0" bw="15" slack="0"/>
<pin id="524" dir="1" index="1" bw="16" slack="0"/>
</pin_list>
<bind>
<opcode="zext(34) " fcode="zext"/>
<opset="zext_ln45_6/1 "/>
</bind>
</comp>

<comp id="526" class="1004" name="icmp_ln45_7_fu_526">
<pin_list>
<pin id="527" dir="0" index="0" bw="16" slack="0"/>
<pin id="528" dir="0" index="1" bw="16" slack="0"/>
<pin id="529" dir="1" index="2" bw="1" slack="0"/>
</pin_list>
<bind>
<opcode="icmp(45) " fcode="icmp"/>
<opset="icmp_ln45_7/1 "/>
</bind>
</comp>

<comp id="532" class="1004" name="datareg_7_fu_532">
<pin_list>
<pin id="533" dir="0" index="0" bw="1" slack="0"/>
<pin id="534" dir="0" index="1" bw="15" slack="0"/>
<pin id="535" dir="0" index="2" bw="15" slack="0"/>
<pin id="536" dir="1" index="3" bw="15" slack="0"/>
</pin_list>
<bind>
<opcode="select(49) " fcode="select"/>
<opset="datareg_7/1 "/>
</bind>
</comp>

<comp id="540" class="1004" name="zext_ln45_7_fu_540">
<pin_list>
<pin id="541" dir="0" index="0" bw="15" slack="0"/>
<pin id="542" dir="1" index="1" bw="16" slack="0"/>
</pin_list>
<bind>
<opcode="zext(34) " fcode="zext"/>
<opset="zext_ln45_7/1 "/>
</bind>
</comp>

<comp id="544" class="1004" name="icmp_ln45_8_fu_544">
<pin_list>
<pin id="545" dir="0" index="0" bw="16" slack="0"/>
<pin id="546" dir="0" index="1" bw="16" slack="0"/>
<pin id="547" dir="1" index="2" bw="1" slack="0"/>
</pin_list>
<bind>
<opcode="icmp(45) " fcode="icmp"/>
<opset="icmp_ln45_8/1 "/>
</bind>
</comp>

<comp id="550" class="1004" name="datareg_8_fu_550">
<pin_list>
<pin id="551" dir="0" index="0" bw="1" slack="0"/>
<pin id="552" dir="0" index="1" bw="15" slack="0"/>
<pin id="553" dir="0" index="2" bw="15" slack="0"/>
<pin id="554" dir="1" index="3" bw="15" slack="0"/>
</pin_list>
<bind>
<opcode="select(49) " fcode="select"/>
<opset="datareg_8/1 "/>
</bind>
</comp>

<comp id="558" class="1004" name="zext_ln45_8_fu_558">
<pin_list>
<pin id="559" dir="0" index="0" bw="15" slack="0"/>
<pin id="560" dir="1" index="1" bw="16" slack="0"/>
</pin_list>
<bind>
<opcode="zext(34) " fcode="zext"/>
<opset="zext_ln45_8/1 "/>
</bind>
</comp>

<comp id="562" class="1004" name="icmp_ln45_9_fu_562">
<pin_list>
<pin id="563" dir="0" index="0" bw="16" slack="0"/>
<pin id="564" dir="0" index="1" bw="16" slack="0"/>
<pin id="565" dir="1" index="2" bw="1" slack="0"/>
</pin_list>
<bind>
<opcode="icmp(45) " fcode="icmp"/>
<opset="icmp_ln45_9/1 "/>
</bind>
</comp>

<comp id="568" class="1004" name="datareg_9_fu_568">
<pin_list>
<pin id="569" dir="0" index="0" bw="1" slack="0"/>
<pin id="570" dir="0" index="1" bw="15" slack="0"/>
<pin id="571" dir="0" index="2" bw="15" slack="0"/>
<pin id="572" dir="1" index="3" bw="15" slack="0"/>
</pin_list>
<bind>
<opcode="select(49) " fcode="select"/>
<opset="datareg_9/1 "/>
</bind>
</comp>

<comp id="576" class="1004" name="zext_ln45_9_fu_576">
<pin_list>
<pin id="577" dir="0" index="0" bw="15" slack="0"/>
<pin id="578" dir="1" index="1" bw="16" slack="0"/>
</pin_list>
<bind>
<opcode="zext(34) " fcode="zext"/>
<opset="zext_ln45_9/1 "/>
</bind>
</comp>

<comp id="580" class="1004" name="icmp_ln45_10_fu_580">
<pin_list>
<pin id="581" dir="0" index="0" bw="16" slack="0"/>
<pin id="582" dir="0" index="1" bw="16" slack="0"/>
<pin id="583" dir="1" index="2" bw="1" slack="0"/>
</pin_list>
<bind>
<opcode="icmp(45) " fcode="icmp"/>
<opset="icmp_ln45_10/1 "/>
</bind>
</comp>

<comp id="586" class="1004" name="datareg_10_fu_586">
<pin_list>
<pin id="587" dir="0" index="0" bw="1" slack="0"/>
<pin id="588" dir="0" index="1" bw="15" slack="0"/>
<pin id="589" dir="0" index="2" bw="15" slack="0"/>
<pin id="590" dir="1" index="3" bw="15" slack="0"/>
</pin_list>
<bind>
<opcode="select(49) " fcode="select"/>
<opset="datareg_10/1 "/>
</bind>
</comp>

<comp id="594" class="1004" name="zext_ln45_10_fu_594">
<pin_list>
<pin id="595" dir="0" index="0" bw="15" slack="0"/>
<pin id="596" dir="1" index="1" bw="16" slack="0"/>
</pin_list>
<bind>
<opcode="zext(34) " fcode="zext"/>
<opset="zext_ln45_10/1 "/>
</bind>
</comp>

<comp id="598" class="1004" name="icmp_ln45_11_fu_598">
<pin_list>
<pin id="599" dir="0" index="0" bw="16" slack="0"/>
<pin id="600" dir="0" index="1" bw="16" slack="0"/>
<pin id="601" dir="1" index="2" bw="1" slack="0"/>
</pin_list>
<bind>
<opcode="icmp(45) " fcode="icmp"/>
<opset="icmp_ln45_11/1 "/>
</bind>
</comp>

<comp id="604" class="1004" name="datareg_11_fu_604">
<pin_list>
<pin id="605" dir="0" index="0" bw="1" slack="0"/>
<pin id="606" dir="0" index="1" bw="15" slack="0"/>
<pin id="607" dir="0" index="2" bw="15" slack="0"/>
<pin id="608" dir="1" index="3" bw="15" slack="0"/>
</pin_list>
<bind>
<opcode="select(49) " fcode="select"/>
<opset="datareg_11/1 "/>
</bind>
</comp>

<comp id="612" class="1004" name="zext_ln45_11_fu_612">
<pin_list>
<pin id="613" dir="0" index="0" bw="15" slack="0"/>
<pin id="614" dir="1" index="1" bw="16" slack="0"/>
</pin_list>
<bind>
<opcode="zext(34) " fcode="zext"/>
<opset="zext_ln45_11/1 "/>
</bind>
</comp>

<comp id="616" class="1004" name="icmp_ln45_12_fu_616">
<pin_list>
<pin id="617" dir="0" index="0" bw="16" slack="0"/>
<pin id="618" dir="0" index="1" bw="16" slack="0"/>
<pin id="619" dir="1" index="2" bw="1" slack="0"/>
</pin_list>
<bind>
<opcode="icmp(45) " fcode="icmp"/>
<opset="icmp_ln45_12/1 "/>
</bind>
</comp>

<comp id="622" class="1004" name="datareg_12_fu_622">
<pin_list>
<pin id="623" dir="0" index="0" bw="1" slack="0"/>
<pin id="624" dir="0" index="1" bw="15" slack="0"/>
<pin id="625" dir="0" index="2" bw="15" slack="0"/>
<pin id="626" dir="1" index="3" bw="15" slack="0"/>
</pin_list>
<bind>
<opcode="select(49) " fcode="select"/>
<opset="datareg_12/1 "/>
</bind>
</comp>

<comp id="630" class="1004" name="zext_ln45_12_fu_630">
<pin_list>
<pin id="631" dir="0" index="0" bw="15" slack="0"/>
<pin id="632" dir="1" index="1" bw="16" slack="0"/>
</pin_list>
<bind>
<opcode="zext(34) " fcode="zext"/>
<opset="zext_ln45_12/1 "/>
</bind>
</comp>

<comp id="634" class="1004" name="icmp_ln45_13_fu_634">
<pin_list>
<pin id="635" dir="0" index="0" bw="16" slack="0"/>
<pin id="636" dir="0" index="1" bw="16" slack="0"/>
<pin id="637" dir="1" index="2" bw="1" slack="0"/>
</pin_list>
<bind>
<opcode="icmp(45) " fcode="icmp"/>
<opset="icmp_ln45_13/1 "/>
</bind>
</comp>

<comp id="640" class="1004" name="datareg_13_fu_640">
<pin_list>
<pin id="641" dir="0" index="0" bw="1" slack="0"/>
<pin id="642" dir="0" index="1" bw="15" slack="0"/>
<pin id="643" dir="0" index="2" bw="15" slack="0"/>
<pin id="644" dir="1" index="3" bw="15" slack="0"/>
</pin_list>
<bind>
<opcode="select(49) " fcode="select"/>
<opset="datareg_13/1 "/>
</bind>
</comp>

<comp id="648" class="1004" name="zext_ln45_13_fu_648">
<pin_list>
<pin id="649" dir="0" index="0" bw="15" slack="0"/>
<pin id="650" dir="1" index="1" bw="16" slack="0"/>
</pin_list>
<bind>
<opcode="zext(34) " fcode="zext"/>
<opset="zext_ln45_13/1 "/>
</bind>
</comp>

<comp id="652" class="1004" name="icmp_ln45_14_fu_652">
<pin_list>
<pin id="653" dir="0" index="0" bw="16" slack="0"/>
<pin id="654" dir="0" index="1" bw="16" slack="0"/>
<pin id="655" dir="1" index="2" bw="1" slack="0"/>
</pin_list>
<bind>
<opcode="icmp(45) " fcode="icmp"/>
<opset="icmp_ln45_14/1 "/>
</bind>
</comp>

<comp id="658" class="1004" name="datareg_14_fu_658">
<pin_list>
<pin id="659" dir="0" index="0" bw="1" slack="0"/>
<pin id="660" dir="0" index="1" bw="15" slack="0"/>
<pin id="661" dir="0" index="2" bw="15" slack="0"/>
<pin id="662" dir="1" index="3" bw="15" slack="0"/>
</pin_list>
<bind>
<opcode="select(49) " fcode="select"/>
<opset="datareg_14/1 "/>
</bind>
</comp>

<comp id="666" class="1004" name="zext_ln45_14_fu_666">
<pin_list>
<pin id="667" dir="0" index="0" bw="15" slack="0"/>
<pin id="668" dir="1" index="1" bw="16" slack="0"/>
</pin_list>
<bind>
<opcode="zext(34) " fcode="zext"/>
<opset="zext_ln45_14/1 "/>
</bind>
</comp>

<comp id="670" class="1004" name="icmp_ln45_15_fu_670">
<pin_list>
<pin id="671" dir="0" index="0" bw="16" slack="0"/>
<pin id="672" dir="0" index="1" bw="16" slack="0"/>
<pin id="673" dir="1" index="2" bw="1" slack="0"/>
</pin_list>
<bind>
<opcode="icmp(45) " fcode="icmp"/>
<opset="icmp_ln45_15/1 "/>
</bind>
</comp>

<comp id="676" class="1004" name="datareg_15_fu_676">
<pin_list>
<pin id="677" dir="0" index="0" bw="1" slack="0"/>
<pin id="678" dir="0" index="1" bw="15" slack="0"/>
<pin id="679" dir="0" index="2" bw="15" slack="0"/>
<pin id="680" dir="1" index="3" bw="15" slack="0"/>
</pin_list>
<bind>
<opcode="select(49) " fcode="select"/>
<opset="datareg_15/1 "/>
</bind>
</comp>

<comp id="684" class="1004" name="zext_ln45_15_fu_684">
<pin_list>
<pin id="685" dir="0" index="0" bw="15" slack="0"/>
<pin id="686" dir="1" index="1" bw="16" slack="0"/>
</pin_list>
<bind>
<opcode="zext(34) " fcode="zext"/>
<opset="zext_ln45_15/1 "/>
</bind>
</comp>

<comp id="688" class="1004" name="icmp_ln45_16_fu_688">
<pin_list>
<pin id="689" dir="0" index="0" bw="16" slack="0"/>
<pin id="690" dir="0" index="1" bw="16" slack="0"/>
<pin id="691" dir="1" index="2" bw="1" slack="0"/>
</pin_list>
<bind>
<opcode="icmp(45) " fcode="icmp"/>
<opset="icmp_ln45_16/1 "/>
</bind>
</comp>

<comp id="694" class="1004" name="datareg_16_fu_694">
<pin_list>
<pin id="695" dir="0" index="0" bw="1" slack="0"/>
<pin id="696" dir="0" index="1" bw="15" slack="0"/>
<pin id="697" dir="0" index="2" bw="15" slack="0"/>
<pin id="698" dir="1" index="3" bw="15" slack="0"/>
</pin_list>
<bind>
<opcode="select(49) " fcode="select"/>
<opset="datareg_16/1 "/>
</bind>
</comp>

<comp id="702" class="1004" name="zext_ln45_16_fu_702">
<pin_list>
<pin id="703" dir="0" index="0" bw="15" slack="0"/>
<pin id="704" dir="1" index="1" bw="16" slack="0"/>
</pin_list>
<bind>
<opcode="zext(34) " fcode="zext"/>
<opset="zext_ln45_16/1 "/>
</bind>
</comp>

<comp id="706" class="1004" name="icmp_ln45_17_fu_706">
<pin_list>
<pin id="707" dir="0" index="0" bw="16" slack="0"/>
<pin id="708" dir="0" index="1" bw="16" slack="0"/>
<pin id="709" dir="1" index="2" bw="1" slack="0"/>
</pin_list>
<bind>
<opcode="icmp(45) " fcode="icmp"/>
<opset="icmp_ln45_17/1 "/>
</bind>
</comp>

<comp id="712" class="1004" name="datareg_17_fu_712">
<pin_list>
<pin id="713" dir="0" index="0" bw="1" slack="0"/>
<pin id="714" dir="0" index="1" bw="15" slack="0"/>
<pin id="715" dir="0" index="2" bw="15" slack="0"/>
<pin id="716" dir="1" index="3" bw="15" slack="0"/>
</pin_list>
<bind>
<opcode="select(49) " fcode="select"/>
<opset="datareg_17/1 "/>
</bind>
</comp>

<comp id="720" class="1004" name="zext_ln45_17_fu_720">
<pin_list>
<pin id="721" dir="0" index="0" bw="15" slack="0"/>
<pin id="722" dir="1" index="1" bw="16" slack="0"/>
</pin_list>
<bind>
<opcode="zext(34) " fcode="zext"/>
<opset="zext_ln45_17/1 "/>
</bind>
</comp>

<comp id="724" class="1004" name="icmp_ln45_18_fu_724">
<pin_list>
<pin id="725" dir="0" index="0" bw="16" slack="0"/>
<pin id="726" dir="0" index="1" bw="16" slack="0"/>
<pin id="727" dir="1" index="2" bw="1" slack="0"/>
</pin_list>
<bind>
<opcode="icmp(45) " fcode="icmp"/>
<opset="icmp_ln45_18/1 "/>
</bind>
</comp>

<comp id="730" class="1004" name="datareg_18_fu_730">
<pin_list>
<pin id="731" dir="0" index="0" bw="1" slack="0"/>
<pin id="732" dir="0" index="1" bw="15" slack="0"/>
<pin id="733" dir="0" index="2" bw="15" slack="0"/>
<pin id="734" dir="1" index="3" bw="15" slack="0"/>
</pin_list>
<bind>
<opcode="select(49) " fcode="select"/>
<opset="datareg_18/1 "/>
</bind>
</comp>

<comp id="738" class="1004" name="zext_ln45_18_fu_738">
<pin_list>
<pin id="739" dir="0" index="0" bw="15" slack="0"/>
<pin id="740" dir="1" index="1" bw="16" slack="0"/>
</pin_list>
<bind>
<opcode="zext(34) " fcode="zext"/>
<opset="zext_ln45_18/1 "/>
</bind>
</comp>

<comp id="742" class="1004" name="icmp_ln45_19_fu_742">
<pin_list>
<pin id="743" dir="0" index="0" bw="16" slack="0"/>
<pin id="744" dir="0" index="1" bw="16" slack="0"/>
<pin id="745" dir="1" index="2" bw="1" slack="0"/>
</pin_list>
<bind>
<opcode="icmp(45) " fcode="icmp"/>
<opset="icmp_ln45_19/1 "/>
</bind>
</comp>

<comp id="748" class="1004" name="datareg_19_fu_748">
<pin_list>
<pin id="749" dir="0" index="0" bw="1" slack="0"/>
<pin id="750" dir="0" index="1" bw="15" slack="0"/>
<pin id="751" dir="0" index="2" bw="15" slack="0"/>
<pin id="752" dir="1" index="3" bw="15" slack="0"/>
</pin_list>
<bind>
<opcode="select(49) " fcode="select"/>
<opset="datareg_19/1 "/>
</bind>
</comp>

<comp id="756" class="1004" name="zext_ln45_19_fu_756">
<pin_list>
<pin id="757" dir="0" index="0" bw="15" slack="0"/>
<pin id="758" dir="1" index="1" bw="16" slack="0"/>
</pin_list>
<bind>
<opcode="zext(34) " fcode="zext"/>
<opset="zext_ln45_19/1 "/>
</bind>
</comp>

<comp id="760" class="1004" name="icmp_ln45_20_fu_760">
<pin_list>
<pin id="761" dir="0" index="0" bw="16" slack="0"/>
<pin id="762" dir="0" index="1" bw="16" slack="0"/>
<pin id="763" dir="1" index="2" bw="1" slack="0"/>
</pin_list>
<bind>
<opcode="icmp(45) " fcode="icmp"/>
<opset="icmp_ln45_20/1 "/>
</bind>
</comp>

<comp id="766" class="1004" name="datareg_20_fu_766">
<pin_list>
<pin id="767" dir="0" index="0" bw="1" slack="0"/>
<pin id="768" dir="0" index="1" bw="15" slack="0"/>
<pin id="769" dir="0" index="2" bw="15" slack="0"/>
<pin id="770" dir="1" index="3" bw="15" slack="0"/>
</pin_list>
<bind>
<opcode="select(49) " fcode="select"/>
<opset="datareg_20/1 "/>
</bind>
</comp>

<comp id="774" class="1004" name="zext_ln45_20_fu_774">
<pin_list>
<pin id="775" dir="0" index="0" bw="15" slack="0"/>
<pin id="776" dir="1" index="1" bw="16" slack="0"/>
</pin_list>
<bind>
<opcode="zext(34) " fcode="zext"/>
<opset="zext_ln45_20/1 "/>
</bind>
</comp>

<comp id="778" class="1004" name="icmp_ln45_21_fu_778">
<pin_list>
<pin id="779" dir="0" index="0" bw="16" slack="0"/>
<pin id="780" dir="0" index="1" bw="16" slack="0"/>
<pin id="781" dir="1" index="2" bw="1" slack="0"/>
</pin_list>
<bind>
<opcode="icmp(45) " fcode="icmp"/>
<opset="icmp_ln45_21/1 "/>
</bind>
</comp>

<comp id="784" class="1004" name="datareg_21_fu_784">
<pin_list>
<pin id="785" dir="0" index="0" bw="1" slack="0"/>
<pin id="786" dir="0" index="1" bw="15" slack="0"/>
<pin id="787" dir="0" index="2" bw="15" slack="0"/>
<pin id="788" dir="1" index="3" bw="15" slack="0"/>
</pin_list>
<bind>
<opcode="select(49) " fcode="select"/>
<opset="datareg_21/1 "/>
</bind>
</comp>

<comp id="792" class="1004" name="zext_ln45_21_fu_792">
<pin_list>
<pin id="793" dir="0" index="0" bw="15" slack="0"/>
<pin id="794" dir="1" index="1" bw="16" slack="0"/>
</pin_list>
<bind>
<opcode="zext(34) " fcode="zext"/>
<opset="zext_ln45_21/1 "/>
</bind>
</comp>

<comp id="796" class="1004" name="icmp_ln45_22_fu_796">
<pin_list>
<pin id="797" dir="0" index="0" bw="16" slack="0"/>
<pin id="798" dir="0" index="1" bw="16" slack="0"/>
<pin id="799" dir="1" index="2" bw="1" slack="0"/>
</pin_list>
<bind>
<opcode="icmp(45) " fcode="icmp"/>
<opset="icmp_ln45_22/1 "/>
</bind>
</comp>

<comp id="802" class="1004" name="datareg_22_fu_802">
<pin_list>
<pin id="803" dir="0" index="0" bw="1" slack="0"/>
<pin id="804" dir="0" index="1" bw="15" slack="0"/>
<pin id="805" dir="0" index="2" bw="15" slack="0"/>
<pin id="806" dir="1" index="3" bw="15" slack="0"/>
</pin_list>
<bind>
<opcode="select(49) " fcode="select"/>
<opset="datareg_22/1 "/>
</bind>
</comp>

<comp id="810" class="1004" name="zext_ln45_22_fu_810">
<pin_list>
<pin id="811" dir="0" index="0" bw="15" slack="0"/>
<pin id="812" dir="1" index="1" bw="16" slack="0"/>
</pin_list>
<bind>
<opcode="zext(34) " fcode="zext"/>
<opset="zext_ln45_22/1 "/>
</bind>
</comp>

<comp id="814" class="1004" name="icmp_ln45_23_fu_814">
<pin_list>
<pin id="815" dir="0" index="0" bw="16" slack="0"/>
<pin id="816" dir="0" index="1" bw="16" slack="0"/>
<pin id="817" dir="1" index="2" bw="1" slack="0"/>
</pin_list>
<bind>
<opcode="icmp(45) " fcode="icmp"/>
<opset="icmp_ln45_23/1 "/>
</bind>
</comp>

<comp id="820" class="1004" name="datareg_23_fu_820">
<pin_list>
<pin id="821" dir="0" index="0" bw="1" slack="0"/>
<pin id="822" dir="0" index="1" bw="15" slack="0"/>
<pin id="823" dir="0" index="2" bw="15" slack="0"/>
<pin id="824" dir="1" index="3" bw="15" slack="0"/>
</pin_list>
<bind>
<opcode="select(49) " fcode="select"/>
<opset="datareg_23/1 "/>
</bind>
</comp>

<comp id="828" class="1004" name="zext_ln45_23_fu_828">
<pin_list>
<pin id="829" dir="0" index="0" bw="15" slack="0"/>
<pin id="830" dir="1" index="1" bw="16" slack="0"/>
</pin_list>
<bind>
<opcode="zext(34) " fcode="zext"/>
<opset="zext_ln45_23/1 "/>
</bind>
</comp>

<comp id="832" class="1004" name="icmp_ln45_24_fu_832">
<pin_list>
<pin id="833" dir="0" index="0" bw="16" slack="0"/>
<pin id="834" dir="0" index="1" bw="16" slack="0"/>
<pin id="835" dir="1" index="2" bw="1" slack="0"/>
</pin_list>
<bind>
<opcode="icmp(45) " fcode="icmp"/>
<opset="icmp_ln45_24/1 "/>
</bind>
</comp>

<comp id="838" class="1004" name="datareg_24_fu_838">
<pin_list>
<pin id="839" dir="0" index="0" bw="1" slack="0"/>
<pin id="840" dir="0" index="1" bw="15" slack="0"/>
<pin id="841" dir="0" index="2" bw="15" slack="0"/>
<pin id="842" dir="1" index="3" bw="15" slack="0"/>
</pin_list>
<bind>
<opcode="select(49) " fcode="select"/>
<opset="datareg_24/1 "/>
</bind>
</comp>

<comp id="846" class="1004" name="zext_ln45_24_fu_846">
<pin_list>
<pin id="847" dir="0" index="0" bw="15" slack="0"/>
<pin id="848" dir="1" index="1" bw="16" slack="0"/>
</pin_list>
<bind>
<opcode="zext(34) " fcode="zext"/>
<opset="zext_ln45_24/1 "/>
</bind>
</comp>

<comp id="850" class="1004" name="icmp_ln45_25_fu_850">
<pin_list>
<pin id="851" dir="0" index="0" bw="16" slack="0"/>
<pin id="852" dir="0" index="1" bw="16" slack="0"/>
<pin id="853" dir="1" index="2" bw="1" slack="0"/>
</pin_list>
<bind>
<opcode="icmp(45) " fcode="icmp"/>
<opset="icmp_ln45_25/1 "/>
</bind>
</comp>

<comp id="856" class="1004" name="datareg_25_fu_856">
<pin_list>
<pin id="857" dir="0" index="0" bw="1" slack="0"/>
<pin id="858" dir="0" index="1" bw="15" slack="0"/>
<pin id="859" dir="0" index="2" bw="15" slack="0"/>
<pin id="860" dir="1" index="3" bw="15" slack="0"/>
</pin_list>
<bind>
<opcode="select(49) " fcode="select"/>
<opset="datareg_25/1 "/>
</bind>
</comp>

<comp id="864" class="1004" name="zext_ln45_25_fu_864">
<pin_list>
<pin id="865" dir="0" index="0" bw="15" slack="0"/>
<pin id="866" dir="1" index="1" bw="16" slack="0"/>
</pin_list>
<bind>
<opcode="zext(34) " fcode="zext"/>
<opset="zext_ln45_25/1 "/>
</bind>
</comp>

<comp id="868" class="1004" name="icmp_ln45_26_fu_868">
<pin_list>
<pin id="869" dir="0" index="0" bw="16" slack="0"/>
<pin id="870" dir="0" index="1" bw="16" slack="0"/>
<pin id="871" dir="1" index="2" bw="1" slack="0"/>
</pin_list>
<bind>
<opcode="icmp(45) " fcode="icmp"/>
<opset="icmp_ln45_26/1 "/>
</bind>
</comp>

<comp id="874" class="1004" name="datareg_26_fu_874">
<pin_list>
<pin id="875" dir="0" index="0" bw="1" slack="0"/>
<pin id="876" dir="0" index="1" bw="15" slack="0"/>
<pin id="877" dir="0" index="2" bw="15" slack="0"/>
<pin id="878" dir="1" index="3" bw="15" slack="0"/>
</pin_list>
<bind>
<opcode="select(49) " fcode="select"/>
<opset="datareg_26/1 "/>
</bind>
</comp>

<comp id="882" class="1004" name="zext_ln45_26_fu_882">
<pin_list>
<pin id="883" dir="0" index="0" bw="15" slack="0"/>
<pin id="884" dir="1" index="1" bw="16" slack="0"/>
</pin_list>
<bind>
<opcode="zext(34) " fcode="zext"/>
<opset="zext_ln45_26/1 "/>
</bind>
</comp>

<comp id="886" class="1004" name="icmp_ln45_27_fu_886">
<pin_list>
<pin id="887" dir="0" index="0" bw="16" slack="0"/>
<pin id="888" dir="0" index="1" bw="16" slack="0"/>
<pin id="889" dir="1" index="2" bw="1" slack="0"/>
</pin_list>
<bind>
<opcode="icmp(45) " fcode="icmp"/>
<opset="icmp_ln45_27/1 "/>
</bind>
</comp>

<comp id="892" class="1004" name="datareg_27_fu_892">
<pin_list>
<pin id="893" dir="0" index="0" bw="1" slack="0"/>
<pin id="894" dir="0" index="1" bw="15" slack="0"/>
<pin id="895" dir="0" index="2" bw="15" slack="0"/>
<pin id="896" dir="1" index="3" bw="15" slack="0"/>
</pin_list>
<bind>
<opcode="select(49) " fcode="select"/>
<opset="datareg_27/1 "/>
</bind>
</comp>

<comp id="900" class="1004" name="zext_ln45_27_fu_900">
<pin_list>
<pin id="901" dir="0" index="0" bw="15" slack="0"/>
<pin id="902" dir="1" index="1" bw="16" slack="0"/>
</pin_list>
<bind>
<opcode="zext(34) " fcode="zext"/>
<opset="zext_ln45_27/1 "/>
</bind>
</comp>

<comp id="904" class="1004" name="icmp_ln45_28_fu_904">
<pin_list>
<pin id="905" dir="0" index="0" bw="16" slack="0"/>
<pin id="906" dir="0" index="1" bw="16" slack="0"/>
<pin id="907" dir="1" index="2" bw="1" slack="0"/>
</pin_list>
<bind>
<opcode="icmp(45) " fcode="icmp"/>
<opset="icmp_ln45_28/1 "/>
</bind>
</comp>

<comp id="910" class="1004" name="datareg_28_fu_910">
<pin_list>
<pin id="911" dir="0" index="0" bw="1" slack="0"/>
<pin id="912" dir="0" index="1" bw="15" slack="0"/>
<pin id="913" dir="0" index="2" bw="15" slack="0"/>
<pin id="914" dir="1" index="3" bw="15" slack="0"/>
</pin_list>
<bind>
<opcode="select(49) " fcode="select"/>
<opset="datareg_28/1 "/>
</bind>
</comp>

<comp id="918" class="1004" name="zext_ln45_28_fu_918">
<pin_list>
<pin id="919" dir="0" index="0" bw="15" slack="0"/>
<pin id="920" dir="1" index="1" bw="16" slack="0"/>
</pin_list>
<bind>
<opcode="zext(34) " fcode="zext"/>
<opset="zext_ln45_28/1 "/>
</bind>
</comp>

<comp id="922" class="1004" name="icmp_ln45_29_fu_922">
<pin_list>
<pin id="923" dir="0" index="0" bw="16" slack="0"/>
<pin id="924" dir="0" index="1" bw="16" slack="0"/>
<pin id="925" dir="1" index="2" bw="1" slack="0"/>
</pin_list>
<bind>
<opcode="icmp(45) " fcode="icmp"/>
<opset="icmp_ln45_29/1 "/>
</bind>
</comp>

<comp id="928" class="1004" name="datareg_29_fu_928">
<pin_list>
<pin id="929" dir="0" index="0" bw="1" slack="0"/>
<pin id="930" dir="0" index="1" bw="15" slack="0"/>
<pin id="931" dir="0" index="2" bw="15" slack="0"/>
<pin id="932" dir="1" index="3" bw="15" slack="0"/>
</pin_list>
<bind>
<opcode="select(49) " fcode="select"/>
<opset="datareg_29/1 "/>
</bind>
</comp>

<comp id="936" class="1004" name="zext_ln45_29_fu_936">
<pin_list>
<pin id="937" dir="0" index="0" bw="15" slack="0"/>
<pin id="938" dir="1" index="1" bw="16" slack="0"/>
</pin_list>
<bind>
<opcode="zext(34) " fcode="zext"/>
<opset="zext_ln45_29/1 "/>
</bind>
</comp>

<comp id="940" class="1004" name="icmp_ln45_30_fu_940">
<pin_list>
<pin id="941" dir="0" index="0" bw="16" slack="0"/>
<pin id="942" dir="0" index="1" bw="16" slack="0"/>
<pin id="943" dir="1" index="2" bw="1" slack="0"/>
</pin_list>
<bind>
<opcode="icmp(45) " fcode="icmp"/>
<opset="icmp_ln45_30/1 "/>
</bind>
</comp>

<comp id="946" class="1004" name="datareg_30_fu_946">
<pin_list>
<pin id="947" dir="0" index="0" bw="1" slack="0"/>
<pin id="948" dir="0" index="1" bw="15" slack="0"/>
<pin id="949" dir="0" index="2" bw="15" slack="0"/>
<pin id="950" dir="1" index="3" bw="15" slack="0"/>
</pin_list>
<bind>
<opcode="select(49) " fcode="select"/>
<opset="datareg_30/1 "/>
</bind>
</comp>

<comp id="954" class="1004" name="zext_ln45_30_fu_954">
<pin_list>
<pin id="955" dir="0" index="0" bw="15" slack="0"/>
<pin id="956" dir="1" index="1" bw="16" slack="0"/>
</pin_list>
<bind>
<opcode="zext(34) " fcode="zext"/>
<opset="zext_ln45_30/1 "/>
</bind>
</comp>

<comp id="958" class="1004" name="icmp_ln45_31_fu_958">
<pin_list>
<pin id="959" dir="0" index="0" bw="16" slack="0"/>
<pin id="960" dir="0" index="1" bw="16" slack="0"/>
<pin id="961" dir="1" index="2" bw="1" slack="0"/>
</pin_list>
<bind>
<opcode="icmp(45) " fcode="icmp"/>
<opset="icmp_ln45_31/1 "/>
</bind>
</comp>

<comp id="964" class="1004" name="datareg_31_fu_964">
<pin_list>
<pin id="965" dir="0" index="0" bw="1" slack="0"/>
<pin id="966" dir="0" index="1" bw="15" slack="0"/>
<pin id="967" dir="0" index="2" bw="15" slack="0"/>
<pin id="968" dir="1" index="3" bw="15" slack="0"/>
</pin_list>
<bind>
<opcode="select(49) " fcode="select"/>
<opset="datareg_31/1 "/>
</bind>
</comp>

<comp id="972" class="1004" name="zext_ln45_31_fu_972">
<pin_list>
<pin id="973" dir="0" index="0" bw="15" slack="0"/>
<pin id="974" dir="1" index="1" bw="16" slack="0"/>
</pin_list>
<bind>
<opcode="zext(34) " fcode="zext"/>
<opset="zext_ln45_31/1 "/>
</bind>
</comp>

<comp id="976" class="1004" name="mrv_fu_976">
<pin_list>
<pin id="977" dir="0" index="0" bw="512" slack="0"/>
<pin id="978" dir="0" index="1" bw="15" slack="0"/>
<pin id="979" dir="1" index="2" bw="512" slack="0"/>
</pin_list>
<bind>
<opcode="insertvalue(57) " fcode="insertvalue"/>
<opset="mrv/1 "/>
</bind>
</comp>

<comp id="982" class="1004" name="mrv_1_fu_982">
<pin_list>
<pin id="983" dir="0" index="0" bw="512" slack="0"/>
<pin id="984" dir="0" index="1" bw="15" slack="0"/>
<pin id="985" dir="1" index="2" bw="512" slack="0"/>
</pin_list>
<bind>
<opcode="insertvalue(57) " fcode="insertvalue"/>
<opset="mrv_1/1 "/>
</bind>
</comp>

<comp id="988" class="1004" name="mrv_2_fu_988">
<pin_list>
<pin id="989" dir="0" index="0" bw="512" slack="0"/>
<pin id="990" dir="0" index="1" bw="15" slack="0"/>
<pin id="991" dir="1" index="2" bw="512" slack="0"/>
</pin_list>
<bind>
<opcode="insertvalue(57) " fcode="insertvalue"/>
<opset="mrv_2/1 "/>
</bind>
</comp>

<comp id="994" class="1004" name="mrv_3_fu_994">
<pin_list>
<pin id="995" dir="0" index="0" bw="512" slack="0"/>
<pin id="996" dir="0" index="1" bw="15" slack="0"/>
<pin id="997" dir="1" index="2" bw="512" slack="0"/>
</pin_list>
<bind>
<opcode="insertvalue(57) " fcode="insertvalue"/>
<opset="mrv_3/1 "/>
</bind>
</comp>

<comp id="1000" class="1004" name="mrv_4_fu_1000">
<pin_list>
<pin id="1001" dir="0" index="0" bw="512" slack="0"/>
<pin id="1002" dir="0" index="1" bw="15" slack="0"/>
<pin id="1003" dir="1" index="2" bw="512" slack="0"/>
</pin_list>
<bind>
<opcode="insertvalue(57) " fcode="insertvalue"/>
<opset="mrv_4/1 "/>
</bind>
</comp>

<comp id="1006" class="1004" name="mrv_5_fu_1006">
<pin_list>
<pin id="1007" dir="0" index="0" bw="512" slack="0"/>
<pin id="1008" dir="0" index="1" bw="15" slack="0"/>
<pin id="1009" dir="1" index="2" bw="512" slack="0"/>
</pin_list>
<bind>
<opcode="insertvalue(57) " fcode="insertvalue"/>
<opset="mrv_5/1 "/>
</bind>
</comp>

<comp id="1012" class="1004" name="mrv_6_fu_1012">
<pin_list>
<pin id="1013" dir="0" index="0" bw="512" slack="0"/>
<pin id="1014" dir="0" index="1" bw="15" slack="0"/>
<pin id="1015" dir="1" index="2" bw="512" slack="0"/>
</pin_list>
<bind>
<opcode="insertvalue(57) " fcode="insertvalue"/>
<opset="mrv_6/1 "/>
</bind>
</comp>

<comp id="1018" class="1004" name="mrv_7_fu_1018">
<pin_list>
<pin id="1019" dir="0" index="0" bw="512" slack="0"/>
<pin id="1020" dir="0" index="1" bw="15" slack="0"/>
<pin id="1021" dir="1" index="2" bw="512" slack="0"/>
</pin_list>
<bind>
<opcode="insertvalue(57) " fcode="insertvalue"/>
<opset="mrv_7/1 "/>
</bind>
</comp>

<comp id="1024" class="1004" name="mrv_8_fu_1024">
<pin_list>
<pin id="1025" dir="0" index="0" bw="512" slack="0"/>
<pin id="1026" dir="0" index="1" bw="15" slack="0"/>
<pin id="1027" dir="1" index="2" bw="512" slack="0"/>
</pin_list>
<bind>
<opcode="insertvalue(57) " fcode="insertvalue"/>
<opset="mrv_8/1 "/>
</bind>
</comp>

<comp id="1030" class="1004" name="mrv_9_fu_1030">
<pin_list>
<pin id="1031" dir="0" index="0" bw="512" slack="0"/>
<pin id="1032" dir="0" index="1" bw="15" slack="0"/>
<pin id="1033" dir="1" index="2" bw="512" slack="0"/>
</pin_list>
<bind>
<opcode="insertvalue(57) " fcode="insertvalue"/>
<opset="mrv_9/1 "/>
</bind>
</comp>

<comp id="1036" class="1004" name="mrv_s_fu_1036">
<pin_list>
<pin id="1037" dir="0" index="0" bw="512" slack="0"/>
<pin id="1038" dir="0" index="1" bw="15" slack="0"/>
<pin id="1039" dir="1" index="2" bw="512" slack="0"/>
</pin_list>
<bind>
<opcode="insertvalue(57) " fcode="insertvalue"/>
<opset="mrv_s/1 "/>
</bind>
</comp>

<comp id="1042" class="1004" name="mrv_10_fu_1042">
<pin_list>
<pin id="1043" dir="0" index="0" bw="512" slack="0"/>
<pin id="1044" dir="0" index="1" bw="15" slack="0"/>
<pin id="1045" dir="1" index="2" bw="512" slack="0"/>
</pin_list>
<bind>
<opcode="insertvalue(57) " fcode="insertvalue"/>
<opset="mrv_10/1 "/>
</bind>
</comp>

<comp id="1048" class="1004" name="mrv_11_fu_1048">
<pin_list>
<pin id="1049" dir="0" index="0" bw="512" slack="0"/>
<pin id="1050" dir="0" index="1" bw="15" slack="0"/>
<pin id="1051" dir="1" index="2" bw="512" slack="0"/>
</pin_list>
<bind>
<opcode="insertvalue(57) " fcode="insertvalue"/>
<opset="mrv_11/1 "/>
</bind>
</comp>

<comp id="1054" class="1004" name="mrv_12_fu_1054">
<pin_list>
<pin id="1055" dir="0" index="0" bw="512" slack="0"/>
<pin id="1056" dir="0" index="1" bw="15" slack="0"/>
<pin id="1057" dir="1" index="2" bw="512" slack="0"/>
</pin_list>
<bind>
<opcode="insertvalue(57) " fcode="insertvalue"/>
<opset="mrv_12/1 "/>
</bind>
</comp>

<comp id="1060" class="1004" name="mrv_13_fu_1060">
<pin_list>
<pin id="1061" dir="0" index="0" bw="512" slack="0"/>
<pin id="1062" dir="0" index="1" bw="15" slack="0"/>
<pin id="1063" dir="1" index="2" bw="512" slack="0"/>
</pin_list>
<bind>
<opcode="insertvalue(57) " fcode="insertvalue"/>
<opset="mrv_13/1 "/>
</bind>
</comp>

<comp id="1066" class="1004" name="mrv_14_fu_1066">
<pin_list>
<pin id="1067" dir="0" index="0" bw="512" slack="0"/>
<pin id="1068" dir="0" index="1" bw="15" slack="0"/>
<pin id="1069" dir="1" index="2" bw="512" slack="0"/>
</pin_list>
<bind>
<opcode="insertvalue(57) " fcode="insertvalue"/>
<opset="mrv_14/1 "/>
</bind>
</comp>

<comp id="1072" class="1004" name="mrv_15_fu_1072">
<pin_list>
<pin id="1073" dir="0" index="0" bw="512" slack="0"/>
<pin id="1074" dir="0" index="1" bw="15" slack="0"/>
<pin id="1075" dir="1" index="2" bw="512" slack="0"/>
</pin_list>
<bind>
<opcode="insertvalue(57) " fcode="insertvalue"/>
<opset="mrv_15/1 "/>
</bind>
</comp>

<comp id="1078" class="1004" name="mrv_16_fu_1078">
<pin_list>
<pin id="1079" dir="0" index="0" bw="512" slack="0"/>
<pin id="1080" dir="0" index="1" bw="15" slack="0"/>
<pin id="1081" dir="1" index="2" bw="512" slack="0"/>
</pin_list>
<bind>
<opcode="insertvalue(57) " fcode="insertvalue"/>
<opset="mrv_16/1 "/>
</bind>
</comp>

<comp id="1084" class="1004" name="mrv_17_fu_1084">
<pin_list>
<pin id="1085" dir="0" index="0" bw="512" slack="0"/>
<pin id="1086" dir="0" index="1" bw="15" slack="0"/>
<pin id="1087" dir="1" index="2" bw="512" slack="0"/>
</pin_list>
<bind>
<opcode="insertvalue(57) " fcode="insertvalue"/>
<opset="mrv_17/1 "/>
</bind>
</comp>

<comp id="1090" class="1004" name="mrv_18_fu_1090">
<pin_list>
<pin id="1091" dir="0" index="0" bw="512" slack="0"/>
<pin id="1092" dir="0" index="1" bw="15" slack="0"/>
<pin id="1093" dir="1" index="2" bw="512" slack="0"/>
</pin_list>
<bind>
<opcode="insertvalue(57) " fcode="insertvalue"/>
<opset="mrv_18/1 "/>
</bind>
</comp>

<comp id="1096" class="1004" name="mrv_19_fu_1096">
<pin_list>
<pin id="1097" dir="0" index="0" bw="512" slack="0"/>
<pin id="1098" dir="0" index="1" bw="15" slack="0"/>
<pin id="1099" dir="1" index="2" bw="512" slack="0"/>
</pin_list>
<bind>
<opcode="insertvalue(57) " fcode="insertvalue"/>
<opset="mrv_19/1 "/>
</bind>
</comp>

<comp id="1102" class="1004" name="mrv_20_fu_1102">
<pin_list>
<pin id="1103" dir="0" index="0" bw="512" slack="0"/>
<pin id="1104" dir="0" index="1" bw="15" slack="0"/>
<pin id="1105" dir="1" index="2" bw="512" slack="0"/>
</pin_list>
<bind>
<opcode="insertvalue(57) " fcode="insertvalue"/>
<opset="mrv_20/1 "/>
</bind>
</comp>

<comp id="1108" class="1004" name="mrv_21_fu_1108">
<pin_list>
<pin id="1109" dir="0" index="0" bw="512" slack="0"/>
<pin id="1110" dir="0" index="1" bw="15" slack="0"/>
<pin id="1111" dir="1" index="2" bw="512" slack="0"/>
</pin_list>
<bind>
<opcode="insertvalue(57) " fcode="insertvalue"/>
<opset="mrv_21/1 "/>
</bind>
</comp>

<comp id="1114" class="1004" name="mrv_22_fu_1114">
<pin_list>
<pin id="1115" dir="0" index="0" bw="512" slack="0"/>
<pin id="1116" dir="0" index="1" bw="15" slack="0"/>
<pin id="1117" dir="1" index="2" bw="512" slack="0"/>
</pin_list>
<bind>
<opcode="insertvalue(57) " fcode="insertvalue"/>
<opset="mrv_22/1 "/>
</bind>
</comp>

<comp id="1120" class="1004" name="mrv_23_fu_1120">
<pin_list>
<pin id="1121" dir="0" index="0" bw="512" slack="0"/>
<pin id="1122" dir="0" index="1" bw="15" slack="0"/>
<pin id="1123" dir="1" index="2" bw="512" slack="0"/>
</pin_list>
<bind>
<opcode="insertvalue(57) " fcode="insertvalue"/>
<opset="mrv_23/1 "/>
</bind>
</comp>

<comp id="1126" class="1004" name="mrv_24_fu_1126">
<pin_list>
<pin id="1127" dir="0" index="0" bw="512" slack="0"/>
<pin id="1128" dir="0" index="1" bw="15" slack="0"/>
<pin id="1129" dir="1" index="2" bw="512" slack="0"/>
</pin_list>
<bind>
<opcode="insertvalue(57) " fcode="insertvalue"/>
<opset="mrv_24/1 "/>
</bind>
</comp>

<comp id="1132" class="1004" name="mrv_25_fu_1132">
<pin_list>
<pin id="1133" dir="0" index="0" bw="512" slack="0"/>
<pin id="1134" dir="0" index="1" bw="15" slack="0"/>
<pin id="1135" dir="1" index="2" bw="512" slack="0"/>
</pin_list>
<bind>
<opcode="insertvalue(57) " fcode="insertvalue"/>
<opset="mrv_25/1 "/>
</bind>
</comp>

<comp id="1138" class="1004" name="mrv_26_fu_1138">
<pin_list>
<pin id="1139" dir="0" index="0" bw="512" slack="0"/>
<pin id="1140" dir="0" index="1" bw="15" slack="0"/>
<pin id="1141" dir="1" index="2" bw="512" slack="0"/>
</pin_list>
<bind>
<opcode="insertvalue(57) " fcode="insertvalue"/>
<opset="mrv_26/1 "/>
</bind>
</comp>

<comp id="1144" class="1004" name="mrv_27_fu_1144">
<pin_list>
<pin id="1145" dir="0" index="0" bw="512" slack="0"/>
<pin id="1146" dir="0" index="1" bw="15" slack="0"/>
<pin id="1147" dir="1" index="2" bw="512" slack="0"/>
</pin_list>
<bind>
<opcode="insertvalue(57) " fcode="insertvalue"/>
<opset="mrv_27/1 "/>
</bind>
</comp>

<comp id="1150" class="1004" name="mrv_28_fu_1150">
<pin_list>
<pin id="1151" dir="0" index="0" bw="512" slack="0"/>
<pin id="1152" dir="0" index="1" bw="15" slack="0"/>
<pin id="1153" dir="1" index="2" bw="512" slack="0"/>
</pin_list>
<bind>
<opcode="insertvalue(57) " fcode="insertvalue"/>
<opset="mrv_28/1 "/>
</bind>
</comp>

<comp id="1156" class="1004" name="mrv_29_fu_1156">
<pin_list>
<pin id="1157" dir="0" index="0" bw="512" slack="0"/>
<pin id="1158" dir="0" index="1" bw="15" slack="0"/>
<pin id="1159" dir="1" index="2" bw="512" slack="0"/>
</pin_list>
<bind>
<opcode="insertvalue(57) " fcode="insertvalue"/>
<opset="mrv_29/1 "/>
</bind>
</comp>

<comp id="1162" class="1004" name="mrv_30_fu_1162">
<pin_list>
<pin id="1163" dir="0" index="0" bw="512" slack="0"/>
<pin id="1164" dir="0" index="1" bw="15" slack="0"/>
<pin id="1165" dir="1" index="2" bw="512" slack="2147483647"/>
</pin_list>
<bind>
<opcode="insertvalue(57) " fcode="insertvalue"/>
<opset="mrv_30/1 "/>
</bind>
</comp>

</comp_list>

<net_list>
<net id="84"><net_src comp="64" pin="0"/><net_sink comp="80" pin=0"/></net>

<net id="85"><net_src comp="62" pin="0"/><net_sink comp="80" pin=1"/></net>

<net id="90"><net_src comp="64" pin="0"/><net_sink comp="86" pin=0"/></net>

<net id="91"><net_src comp="60" pin="0"/><net_sink comp="86" pin=1"/></net>

<net id="96"><net_src comp="64" pin="0"/><net_sink comp="92" pin=0"/></net>

<net id="97"><net_src comp="58" pin="0"/><net_sink comp="92" pin=1"/></net>

<net id="102"><net_src comp="64" pin="0"/><net_sink comp="98" pin=0"/></net>

<net id="103"><net_src comp="56" pin="0"/><net_sink comp="98" pin=1"/></net>

<net id="108"><net_src comp="64" pin="0"/><net_sink comp="104" pin=0"/></net>

<net id="109"><net_src comp="54" pin="0"/><net_sink comp="104" pin=1"/></net>

<net id="114"><net_src comp="64" pin="0"/><net_sink comp="110" pin=0"/></net>

<net id="115"><net_src comp="52" pin="0"/><net_sink comp="110" pin=1"/></net>

<net id="120"><net_src comp="64" pin="0"/><net_sink comp="116" pin=0"/></net>

<net id="121"><net_src comp="50" pin="0"/><net_sink comp="116" pin=1"/></net>

<net id="126"><net_src comp="64" pin="0"/><net_sink comp="122" pin=0"/></net>

<net id="127"><net_src comp="48" pin="0"/><net_sink comp="122" pin=1"/></net>

<net id="132"><net_src comp="64" pin="0"/><net_sink comp="128" pin=0"/></net>

<net id="133"><net_src comp="46" pin="0"/><net_sink comp="128" pin=1"/></net>

<net id="138"><net_src comp="64" pin="0"/><net_sink comp="134" pin=0"/></net>

<net id="139"><net_src comp="44" pin="0"/><net_sink comp="134" pin=1"/></net>

<net id="144"><net_src comp="64" pin="0"/><net_sink comp="140" pin=0"/></net>

<net id="145"><net_src comp="42" pin="0"/><net_sink comp="140" pin=1"/></net>

<net id="150"><net_src comp="64" pin="0"/><net_sink comp="146" pin=0"/></net>

<net id="151"><net_src comp="40" pin="0"/><net_sink comp="146" pin=1"/></net>

<net id="156"><net_src comp="64" pin="0"/><net_sink comp="152" pin=0"/></net>

<net id="157"><net_src comp="38" pin="0"/><net_sink comp="152" pin=1"/></net>

<net id="162"><net_src comp="64" pin="0"/><net_sink comp="158" pin=0"/></net>

<net id="163"><net_src comp="36" pin="0"/><net_sink comp="158" pin=1"/></net>

<net id="168"><net_src comp="64" pin="0"/><net_sink comp="164" pin=0"/></net>

<net id="169"><net_src comp="34" pin="0"/><net_sink comp="164" pin=1"/></net>

<net id="174"><net_src comp="64" pin="0"/><net_sink comp="170" pin=0"/></net>

<net id="175"><net_src comp="32" pin="0"/><net_sink comp="170" pin=1"/></net>

<net id="180"><net_src comp="64" pin="0"/><net_sink comp="176" pin=0"/></net>

<net id="181"><net_src comp="30" pin="0"/><net_sink comp="176" pin=1"/></net>

<net id="186"><net_src comp="64" pin="0"/><net_sink comp="182" pin=0"/></net>

<net id="187"><net_src comp="28" pin="0"/><net_sink comp="182" pin=1"/></net>

<net id="192"><net_src comp="64" pin="0"/><net_sink comp="188" pin=0"/></net>

<net id="193"><net_src comp="26" pin="0"/><net_sink comp="188" pin=1"/></net>

<net id="198"><net_src comp="64" pin="0"/><net_sink comp="194" pin=0"/></net>

<net id="199"><net_src comp="24" pin="0"/><net_sink comp="194" pin=1"/></net>

<net id="204"><net_src comp="64" pin="0"/><net_sink comp="200" pin=0"/></net>

<net id="205"><net_src comp="22" pin="0"/><net_sink comp="200" pin=1"/></net>

<net id="210"><net_src comp="64" pin="0"/><net_sink comp="206" pin=0"/></net>

<net id="211"><net_src comp="20" pin="0"/><net_sink comp="206" pin=1"/></net>

<net id="216"><net_src comp="64" pin="0"/><net_sink comp="212" pin=0"/></net>

<net id="217"><net_src comp="18" pin="0"/><net_sink comp="212" pin=1"/></net>

<net id="222"><net_src comp="64" pin="0"/><net_sink comp="218" pin=0"/></net>

<net id="223"><net_src comp="16" pin="0"/><net_sink comp="218" pin=1"/></net>

<net id="228"><net_src comp="64" pin="0"/><net_sink comp="224" pin=0"/></net>

<net id="229"><net_src comp="14" pin="0"/><net_sink comp="224" pin=1"/></net>

<net id="234"><net_src comp="64" pin="0"/><net_sink comp="230" pin=0"/></net>

<net id="235"><net_src comp="12" pin="0"/><net_sink comp="230" pin=1"/></net>

<net id="240"><net_src comp="64" pin="0"/><net_sink comp="236" pin=0"/></net>

<net id="241"><net_src comp="10" pin="0"/><net_sink comp="236" pin=1"/></net>

<net id="246"><net_src comp="64" pin="0"/><net_sink comp="242" pin=0"/></net>

<net id="247"><net_src comp="8" pin="0"/><net_sink comp="242" pin=1"/></net>

<net id="252"><net_src comp="64" pin="0"/><net_sink comp="248" pin=0"/></net>

<net id="253"><net_src comp="6" pin="0"/><net_sink comp="248" pin=1"/></net>

<net id="258"><net_src comp="64" pin="0"/><net_sink comp="254" pin=0"/></net>

<net id="259"><net_src comp="4" pin="0"/><net_sink comp="254" pin=1"/></net>

<net id="264"><net_src comp="64" pin="0"/><net_sink comp="260" pin=0"/></net>

<net id="265"><net_src comp="2" pin="0"/><net_sink comp="260" pin=1"/></net>

<net id="270"><net_src comp="64" pin="0"/><net_sink comp="266" pin=0"/></net>

<net id="271"><net_src comp="0" pin="0"/><net_sink comp="266" pin=1"/></net>

<net id="275"><net_src comp="80" pin="2"/><net_sink comp="272" pin=0"/></net>

<net id="279"><net_src comp="86" pin="2"/><net_sink comp="276" pin=0"/></net>

<net id="283"><net_src comp="92" pin="2"/><net_sink comp="280" pin=0"/></net>

<net id="287"><net_src comp="98" pin="2"/><net_sink comp="284" pin=0"/></net>

<net id="291"><net_src comp="104" pin="2"/><net_sink comp="288" pin=0"/></net>

<net id="295"><net_src comp="110" pin="2"/><net_sink comp="292" pin=0"/></net>

<net id="299"><net_src comp="116" pin="2"/><net_sink comp="296" pin=0"/></net>

<net id="303"><net_src comp="122" pin="2"/><net_sink comp="300" pin=0"/></net>

<net id="307"><net_src comp="128" pin="2"/><net_sink comp="304" pin=0"/></net>

<net id="311"><net_src comp="134" pin="2"/><net_sink comp="308" pin=0"/></net>

<net id="315"><net_src comp="140" pin="2"/><net_sink comp="312" pin=0"/></net>

<net id="319"><net_src comp="146" pin="2"/><net_sink comp="316" pin=0"/></net>

<net id="323"><net_src comp="152" pin="2"/><net_sink comp="320" pin=0"/></net>

<net id="327"><net_src comp="158" pin="2"/><net_sink comp="324" pin=0"/></net>

<net id="331"><net_src comp="164" pin="2"/><net_sink comp="328" pin=0"/></net>

<net id="335"><net_src comp="170" pin="2"/><net_sink comp="332" pin=0"/></net>

<net id="339"><net_src comp="176" pin="2"/><net_sink comp="336" pin=0"/></net>

<net id="343"><net_src comp="182" pin="2"/><net_sink comp="340" pin=0"/></net>

<net id="347"><net_src comp="188" pin="2"/><net_sink comp="344" pin=0"/></net>

<net id="351"><net_src comp="194" pin="2"/><net_sink comp="348" pin=0"/></net>

<net id="355"><net_src comp="200" pin="2"/><net_sink comp="352" pin=0"/></net>

<net id="359"><net_src comp="206" pin="2"/><net_sink comp="356" pin=0"/></net>

<net id="363"><net_src comp="212" pin="2"/><net_sink comp="360" pin=0"/></net>

<net id="367"><net_src comp="218" pin="2"/><net_sink comp="364" pin=0"/></net>

<net id="371"><net_src comp="224" pin="2"/><net_sink comp="368" pin=0"/></net>

<net id="375"><net_src comp="230" pin="2"/><net_sink comp="372" pin=0"/></net>

<net id="379"><net_src comp="236" pin="2"/><net_sink comp="376" pin=0"/></net>

<net id="383"><net_src comp="242" pin="2"/><net_sink comp="380" pin=0"/></net>

<net id="387"><net_src comp="248" pin="2"/><net_sink comp="384" pin=0"/></net>

<net id="391"><net_src comp="254" pin="2"/><net_sink comp="388" pin=0"/></net>

<net id="395"><net_src comp="260" pin="2"/><net_sink comp="392" pin=0"/></net>

<net id="399"><net_src comp="266" pin="2"/><net_sink comp="396" pin=0"/></net>

<net id="404"><net_src comp="266" pin="2"/><net_sink comp="400" pin=0"/></net>

<net id="405"><net_src comp="74" pin="0"/><net_sink comp="400" pin=1"/></net>

<net id="411"><net_src comp="400" pin="2"/><net_sink comp="406" pin=0"/></net>

<net id="412"><net_src comp="396" pin="1"/><net_sink comp="406" pin=1"/></net>

<net id="413"><net_src comp="76" pin="0"/><net_sink comp="406" pin=2"/></net>

<net id="417"><net_src comp="406" pin="3"/><net_sink comp="414" pin=0"/></net>

<net id="422"><net_src comp="260" pin="2"/><net_sink comp="418" pin=0"/></net>

<net id="423"><net_src comp="74" pin="0"/><net_sink comp="418" pin=1"/></net>

<net id="429"><net_src comp="418" pin="2"/><net_sink comp="424" pin=0"/></net>

<net id="430"><net_src comp="392" pin="1"/><net_sink comp="424" pin=1"/></net>

<net id="431"><net_src comp="76" pin="0"/><net_sink comp="424" pin=2"/></net>

<net id="435"><net_src comp="424" pin="3"/><net_sink comp="432" pin=0"/></net>

<net id="440"><net_src comp="254" pin="2"/><net_sink comp="436" pin=0"/></net>

<net id="441"><net_src comp="74" pin="0"/><net_sink comp="436" pin=1"/></net>

<net id="447"><net_src comp="436" pin="2"/><net_sink comp="442" pin=0"/></net>

<net id="448"><net_src comp="388" pin="1"/><net_sink comp="442" pin=1"/></net>

<net id="449"><net_src comp="76" pin="0"/><net_sink comp="442" pin=2"/></net>

<net id="453"><net_src comp="442" pin="3"/><net_sink comp="450" pin=0"/></net>

<net id="458"><net_src comp="248" pin="2"/><net_sink comp="454" pin=0"/></net>

<net id="459"><net_src comp="74" pin="0"/><net_sink comp="454" pin=1"/></net>

<net id="465"><net_src comp="454" pin="2"/><net_sink comp="460" pin=0"/></net>

<net id="466"><net_src comp="384" pin="1"/><net_sink comp="460" pin=1"/></net>

<net id="467"><net_src comp="76" pin="0"/><net_sink comp="460" pin=2"/></net>

<net id="471"><net_src comp="460" pin="3"/><net_sink comp="468" pin=0"/></net>

<net id="476"><net_src comp="242" pin="2"/><net_sink comp="472" pin=0"/></net>

<net id="477"><net_src comp="74" pin="0"/><net_sink comp="472" pin=1"/></net>

<net id="483"><net_src comp="472" pin="2"/><net_sink comp="478" pin=0"/></net>

<net id="484"><net_src comp="380" pin="1"/><net_sink comp="478" pin=1"/></net>

<net id="485"><net_src comp="76" pin="0"/><net_sink comp="478" pin=2"/></net>

<net id="489"><net_src comp="478" pin="3"/><net_sink comp="486" pin=0"/></net>

<net id="494"><net_src comp="236" pin="2"/><net_sink comp="490" pin=0"/></net>

<net id="495"><net_src comp="74" pin="0"/><net_sink comp="490" pin=1"/></net>

<net id="501"><net_src comp="490" pin="2"/><net_sink comp="496" pin=0"/></net>

<net id="502"><net_src comp="376" pin="1"/><net_sink comp="496" pin=1"/></net>

<net id="503"><net_src comp="76" pin="0"/><net_sink comp="496" pin=2"/></net>

<net id="507"><net_src comp="496" pin="3"/><net_sink comp="504" pin=0"/></net>

<net id="512"><net_src comp="230" pin="2"/><net_sink comp="508" pin=0"/></net>

<net id="513"><net_src comp="74" pin="0"/><net_sink comp="508" pin=1"/></net>

<net id="519"><net_src comp="508" pin="2"/><net_sink comp="514" pin=0"/></net>

<net id="520"><net_src comp="372" pin="1"/><net_sink comp="514" pin=1"/></net>

<net id="521"><net_src comp="76" pin="0"/><net_sink comp="514" pin=2"/></net>

<net id="525"><net_src comp="514" pin="3"/><net_sink comp="522" pin=0"/></net>

<net id="530"><net_src comp="224" pin="2"/><net_sink comp="526" pin=0"/></net>

<net id="531"><net_src comp="74" pin="0"/><net_sink comp="526" pin=1"/></net>

<net id="537"><net_src comp="526" pin="2"/><net_sink comp="532" pin=0"/></net>

<net id="538"><net_src comp="368" pin="1"/><net_sink comp="532" pin=1"/></net>

<net id="539"><net_src comp="76" pin="0"/><net_sink comp="532" pin=2"/></net>

<net id="543"><net_src comp="532" pin="3"/><net_sink comp="540" pin=0"/></net>

<net id="548"><net_src comp="218" pin="2"/><net_sink comp="544" pin=0"/></net>

<net id="549"><net_src comp="74" pin="0"/><net_sink comp="544" pin=1"/></net>

<net id="555"><net_src comp="544" pin="2"/><net_sink comp="550" pin=0"/></net>

<net id="556"><net_src comp="364" pin="1"/><net_sink comp="550" pin=1"/></net>

<net id="557"><net_src comp="76" pin="0"/><net_sink comp="550" pin=2"/></net>

<net id="561"><net_src comp="550" pin="3"/><net_sink comp="558" pin=0"/></net>

<net id="566"><net_src comp="212" pin="2"/><net_sink comp="562" pin=0"/></net>

<net id="567"><net_src comp="74" pin="0"/><net_sink comp="562" pin=1"/></net>

<net id="573"><net_src comp="562" pin="2"/><net_sink comp="568" pin=0"/></net>

<net id="574"><net_src comp="360" pin="1"/><net_sink comp="568" pin=1"/></net>

<net id="575"><net_src comp="76" pin="0"/><net_sink comp="568" pin=2"/></net>

<net id="579"><net_src comp="568" pin="3"/><net_sink comp="576" pin=0"/></net>

<net id="584"><net_src comp="206" pin="2"/><net_sink comp="580" pin=0"/></net>

<net id="585"><net_src comp="74" pin="0"/><net_sink comp="580" pin=1"/></net>

<net id="591"><net_src comp="580" pin="2"/><net_sink comp="586" pin=0"/></net>

<net id="592"><net_src comp="356" pin="1"/><net_sink comp="586" pin=1"/></net>

<net id="593"><net_src comp="76" pin="0"/><net_sink comp="586" pin=2"/></net>

<net id="597"><net_src comp="586" pin="3"/><net_sink comp="594" pin=0"/></net>

<net id="602"><net_src comp="200" pin="2"/><net_sink comp="598" pin=0"/></net>

<net id="603"><net_src comp="74" pin="0"/><net_sink comp="598" pin=1"/></net>

<net id="609"><net_src comp="598" pin="2"/><net_sink comp="604" pin=0"/></net>

<net id="610"><net_src comp="352" pin="1"/><net_sink comp="604" pin=1"/></net>

<net id="611"><net_src comp="76" pin="0"/><net_sink comp="604" pin=2"/></net>

<net id="615"><net_src comp="604" pin="3"/><net_sink comp="612" pin=0"/></net>

<net id="620"><net_src comp="194" pin="2"/><net_sink comp="616" pin=0"/></net>

<net id="621"><net_src comp="74" pin="0"/><net_sink comp="616" pin=1"/></net>

<net id="627"><net_src comp="616" pin="2"/><net_sink comp="622" pin=0"/></net>

<net id="628"><net_src comp="348" pin="1"/><net_sink comp="622" pin=1"/></net>

<net id="629"><net_src comp="76" pin="0"/><net_sink comp="622" pin=2"/></net>

<net id="633"><net_src comp="622" pin="3"/><net_sink comp="630" pin=0"/></net>

<net id="638"><net_src comp="188" pin="2"/><net_sink comp="634" pin=0"/></net>

<net id="639"><net_src comp="74" pin="0"/><net_sink comp="634" pin=1"/></net>

<net id="645"><net_src comp="634" pin="2"/><net_sink comp="640" pin=0"/></net>

<net id="646"><net_src comp="344" pin="1"/><net_sink comp="640" pin=1"/></net>

<net id="647"><net_src comp="76" pin="0"/><net_sink comp="640" pin=2"/></net>

<net id="651"><net_src comp="640" pin="3"/><net_sink comp="648" pin=0"/></net>

<net id="656"><net_src comp="182" pin="2"/><net_sink comp="652" pin=0"/></net>

<net id="657"><net_src comp="74" pin="0"/><net_sink comp="652" pin=1"/></net>

<net id="663"><net_src comp="652" pin="2"/><net_sink comp="658" pin=0"/></net>

<net id="664"><net_src comp="340" pin="1"/><net_sink comp="658" pin=1"/></net>

<net id="665"><net_src comp="76" pin="0"/><net_sink comp="658" pin=2"/></net>

<net id="669"><net_src comp="658" pin="3"/><net_sink comp="666" pin=0"/></net>

<net id="674"><net_src comp="176" pin="2"/><net_sink comp="670" pin=0"/></net>

<net id="675"><net_src comp="74" pin="0"/><net_sink comp="670" pin=1"/></net>

<net id="681"><net_src comp="670" pin="2"/><net_sink comp="676" pin=0"/></net>

<net id="682"><net_src comp="336" pin="1"/><net_sink comp="676" pin=1"/></net>

<net id="683"><net_src comp="76" pin="0"/><net_sink comp="676" pin=2"/></net>

<net id="687"><net_src comp="676" pin="3"/><net_sink comp="684" pin=0"/></net>

<net id="692"><net_src comp="170" pin="2"/><net_sink comp="688" pin=0"/></net>

<net id="693"><net_src comp="74" pin="0"/><net_sink comp="688" pin=1"/></net>

<net id="699"><net_src comp="688" pin="2"/><net_sink comp="694" pin=0"/></net>

<net id="700"><net_src comp="332" pin="1"/><net_sink comp="694" pin=1"/></net>

<net id="701"><net_src comp="76" pin="0"/><net_sink comp="694" pin=2"/></net>

<net id="705"><net_src comp="694" pin="3"/><net_sink comp="702" pin=0"/></net>

<net id="710"><net_src comp="164" pin="2"/><net_sink comp="706" pin=0"/></net>

<net id="711"><net_src comp="74" pin="0"/><net_sink comp="706" pin=1"/></net>

<net id="717"><net_src comp="706" pin="2"/><net_sink comp="712" pin=0"/></net>

<net id="718"><net_src comp="328" pin="1"/><net_sink comp="712" pin=1"/></net>

<net id="719"><net_src comp="76" pin="0"/><net_sink comp="712" pin=2"/></net>

<net id="723"><net_src comp="712" pin="3"/><net_sink comp="720" pin=0"/></net>

<net id="728"><net_src comp="158" pin="2"/><net_sink comp="724" pin=0"/></net>

<net id="729"><net_src comp="74" pin="0"/><net_sink comp="724" pin=1"/></net>

<net id="735"><net_src comp="724" pin="2"/><net_sink comp="730" pin=0"/></net>

<net id="736"><net_src comp="324" pin="1"/><net_sink comp="730" pin=1"/></net>

<net id="737"><net_src comp="76" pin="0"/><net_sink comp="730" pin=2"/></net>

<net id="741"><net_src comp="730" pin="3"/><net_sink comp="738" pin=0"/></net>

<net id="746"><net_src comp="152" pin="2"/><net_sink comp="742" pin=0"/></net>

<net id="747"><net_src comp="74" pin="0"/><net_sink comp="742" pin=1"/></net>

<net id="753"><net_src comp="742" pin="2"/><net_sink comp="748" pin=0"/></net>

<net id="754"><net_src comp="320" pin="1"/><net_sink comp="748" pin=1"/></net>

<net id="755"><net_src comp="76" pin="0"/><net_sink comp="748" pin=2"/></net>

<net id="759"><net_src comp="748" pin="3"/><net_sink comp="756" pin=0"/></net>

<net id="764"><net_src comp="146" pin="2"/><net_sink comp="760" pin=0"/></net>

<net id="765"><net_src comp="74" pin="0"/><net_sink comp="760" pin=1"/></net>

<net id="771"><net_src comp="760" pin="2"/><net_sink comp="766" pin=0"/></net>

<net id="772"><net_src comp="316" pin="1"/><net_sink comp="766" pin=1"/></net>

<net id="773"><net_src comp="76" pin="0"/><net_sink comp="766" pin=2"/></net>

<net id="777"><net_src comp="766" pin="3"/><net_sink comp="774" pin=0"/></net>

<net id="782"><net_src comp="140" pin="2"/><net_sink comp="778" pin=0"/></net>

<net id="783"><net_src comp="74" pin="0"/><net_sink comp="778" pin=1"/></net>

<net id="789"><net_src comp="778" pin="2"/><net_sink comp="784" pin=0"/></net>

<net id="790"><net_src comp="312" pin="1"/><net_sink comp="784" pin=1"/></net>

<net id="791"><net_src comp="76" pin="0"/><net_sink comp="784" pin=2"/></net>

<net id="795"><net_src comp="784" pin="3"/><net_sink comp="792" pin=0"/></net>

<net id="800"><net_src comp="134" pin="2"/><net_sink comp="796" pin=0"/></net>

<net id="801"><net_src comp="74" pin="0"/><net_sink comp="796" pin=1"/></net>

<net id="807"><net_src comp="796" pin="2"/><net_sink comp="802" pin=0"/></net>

<net id="808"><net_src comp="308" pin="1"/><net_sink comp="802" pin=1"/></net>

<net id="809"><net_src comp="76" pin="0"/><net_sink comp="802" pin=2"/></net>

<net id="813"><net_src comp="802" pin="3"/><net_sink comp="810" pin=0"/></net>

<net id="818"><net_src comp="128" pin="2"/><net_sink comp="814" pin=0"/></net>

<net id="819"><net_src comp="74" pin="0"/><net_sink comp="814" pin=1"/></net>

<net id="825"><net_src comp="814" pin="2"/><net_sink comp="820" pin=0"/></net>

<net id="826"><net_src comp="304" pin="1"/><net_sink comp="820" pin=1"/></net>

<net id="827"><net_src comp="76" pin="0"/><net_sink comp="820" pin=2"/></net>

<net id="831"><net_src comp="820" pin="3"/><net_sink comp="828" pin=0"/></net>

<net id="836"><net_src comp="122" pin="2"/><net_sink comp="832" pin=0"/></net>

<net id="837"><net_src comp="74" pin="0"/><net_sink comp="832" pin=1"/></net>

<net id="843"><net_src comp="832" pin="2"/><net_sink comp="838" pin=0"/></net>

<net id="844"><net_src comp="300" pin="1"/><net_sink comp="838" pin=1"/></net>

<net id="845"><net_src comp="76" pin="0"/><net_sink comp="838" pin=2"/></net>

<net id="849"><net_src comp="838" pin="3"/><net_sink comp="846" pin=0"/></net>

<net id="854"><net_src comp="116" pin="2"/><net_sink comp="850" pin=0"/></net>

<net id="855"><net_src comp="74" pin="0"/><net_sink comp="850" pin=1"/></net>

<net id="861"><net_src comp="850" pin="2"/><net_sink comp="856" pin=0"/></net>

<net id="862"><net_src comp="296" pin="1"/><net_sink comp="856" pin=1"/></net>

<net id="863"><net_src comp="76" pin="0"/><net_sink comp="856" pin=2"/></net>

<net id="867"><net_src comp="856" pin="3"/><net_sink comp="864" pin=0"/></net>

<net id="872"><net_src comp="110" pin="2"/><net_sink comp="868" pin=0"/></net>

<net id="873"><net_src comp="74" pin="0"/><net_sink comp="868" pin=1"/></net>

<net id="879"><net_src comp="868" pin="2"/><net_sink comp="874" pin=0"/></net>

<net id="880"><net_src comp="292" pin="1"/><net_sink comp="874" pin=1"/></net>

<net id="881"><net_src comp="76" pin="0"/><net_sink comp="874" pin=2"/></net>

<net id="885"><net_src comp="874" pin="3"/><net_sink comp="882" pin=0"/></net>

<net id="890"><net_src comp="104" pin="2"/><net_sink comp="886" pin=0"/></net>

<net id="891"><net_src comp="74" pin="0"/><net_sink comp="886" pin=1"/></net>

<net id="897"><net_src comp="886" pin="2"/><net_sink comp="892" pin=0"/></net>

<net id="898"><net_src comp="288" pin="1"/><net_sink comp="892" pin=1"/></net>

<net id="899"><net_src comp="76" pin="0"/><net_sink comp="892" pin=2"/></net>

<net id="903"><net_src comp="892" pin="3"/><net_sink comp="900" pin=0"/></net>

<net id="908"><net_src comp="98" pin="2"/><net_sink comp="904" pin=0"/></net>

<net id="909"><net_src comp="74" pin="0"/><net_sink comp="904" pin=1"/></net>

<net id="915"><net_src comp="904" pin="2"/><net_sink comp="910" pin=0"/></net>

<net id="916"><net_src comp="284" pin="1"/><net_sink comp="910" pin=1"/></net>

<net id="917"><net_src comp="76" pin="0"/><net_sink comp="910" pin=2"/></net>

<net id="921"><net_src comp="910" pin="3"/><net_sink comp="918" pin=0"/></net>

<net id="926"><net_src comp="92" pin="2"/><net_sink comp="922" pin=0"/></net>

<net id="927"><net_src comp="74" pin="0"/><net_sink comp="922" pin=1"/></net>

<net id="933"><net_src comp="922" pin="2"/><net_sink comp="928" pin=0"/></net>

<net id="934"><net_src comp="280" pin="1"/><net_sink comp="928" pin=1"/></net>

<net id="935"><net_src comp="76" pin="0"/><net_sink comp="928" pin=2"/></net>

<net id="939"><net_src comp="928" pin="3"/><net_sink comp="936" pin=0"/></net>

<net id="944"><net_src comp="86" pin="2"/><net_sink comp="940" pin=0"/></net>

<net id="945"><net_src comp="74" pin="0"/><net_sink comp="940" pin=1"/></net>

<net id="951"><net_src comp="940" pin="2"/><net_sink comp="946" pin=0"/></net>

<net id="952"><net_src comp="276" pin="1"/><net_sink comp="946" pin=1"/></net>

<net id="953"><net_src comp="76" pin="0"/><net_sink comp="946" pin=2"/></net>

<net id="957"><net_src comp="946" pin="3"/><net_sink comp="954" pin=0"/></net>

<net id="962"><net_src comp="80" pin="2"/><net_sink comp="958" pin=0"/></net>

<net id="963"><net_src comp="74" pin="0"/><net_sink comp="958" pin=1"/></net>

<net id="969"><net_src comp="958" pin="2"/><net_sink comp="964" pin=0"/></net>

<net id="970"><net_src comp="272" pin="1"/><net_sink comp="964" pin=1"/></net>

<net id="971"><net_src comp="76" pin="0"/><net_sink comp="964" pin=2"/></net>

<net id="975"><net_src comp="964" pin="3"/><net_sink comp="972" pin=0"/></net>

<net id="980"><net_src comp="78" pin="0"/><net_sink comp="976" pin=0"/></net>

<net id="981"><net_src comp="414" pin="1"/><net_sink comp="976" pin=1"/></net>

<net id="986"><net_src comp="976" pin="2"/><net_sink comp="982" pin=0"/></net>

<net id="987"><net_src comp="432" pin="1"/><net_sink comp="982" pin=1"/></net>

<net id="992"><net_src comp="982" pin="2"/><net_sink comp="988" pin=0"/></net>

<net id="993"><net_src comp="450" pin="1"/><net_sink comp="988" pin=1"/></net>

<net id="998"><net_src comp="988" pin="2"/><net_sink comp="994" pin=0"/></net>

<net id="999"><net_src comp="468" pin="1"/><net_sink comp="994" pin=1"/></net>

<net id="1004"><net_src comp="994" pin="2"/><net_sink comp="1000" pin=0"/></net>

<net id="1005"><net_src comp="486" pin="1"/><net_sink comp="1000" pin=1"/></net>

<net id="1010"><net_src comp="1000" pin="2"/><net_sink comp="1006" pin=0"/></net>

<net id="1011"><net_src comp="504" pin="1"/><net_sink comp="1006" pin=1"/></net>

<net id="1016"><net_src comp="1006" pin="2"/><net_sink comp="1012" pin=0"/></net>

<net id="1017"><net_src comp="522" pin="1"/><net_sink comp="1012" pin=1"/></net>

<net id="1022"><net_src comp="1012" pin="2"/><net_sink comp="1018" pin=0"/></net>

<net id="1023"><net_src comp="540" pin="1"/><net_sink comp="1018" pin=1"/></net>

<net id="1028"><net_src comp="1018" pin="2"/><net_sink comp="1024" pin=0"/></net>

<net id="1029"><net_src comp="558" pin="1"/><net_sink comp="1024" pin=1"/></net>

<net id="1034"><net_src comp="1024" pin="2"/><net_sink comp="1030" pin=0"/></net>

<net id="1035"><net_src comp="576" pin="1"/><net_sink comp="1030" pin=1"/></net>

<net id="1040"><net_src comp="1030" pin="2"/><net_sink comp="1036" pin=0"/></net>

<net id="1041"><net_src comp="594" pin="1"/><net_sink comp="1036" pin=1"/></net>

<net id="1046"><net_src comp="1036" pin="2"/><net_sink comp="1042" pin=0"/></net>

<net id="1047"><net_src comp="612" pin="1"/><net_sink comp="1042" pin=1"/></net>

<net id="1052"><net_src comp="1042" pin="2"/><net_sink comp="1048" pin=0"/></net>

<net id="1053"><net_src comp="630" pin="1"/><net_sink comp="1048" pin=1"/></net>

<net id="1058"><net_src comp="1048" pin="2"/><net_sink comp="1054" pin=0"/></net>

<net id="1059"><net_src comp="648" pin="1"/><net_sink comp="1054" pin=1"/></net>

<net id="1064"><net_src comp="1054" pin="2"/><net_sink comp="1060" pin=0"/></net>

<net id="1065"><net_src comp="666" pin="1"/><net_sink comp="1060" pin=1"/></net>

<net id="1070"><net_src comp="1060" pin="2"/><net_sink comp="1066" pin=0"/></net>

<net id="1071"><net_src comp="684" pin="1"/><net_sink comp="1066" pin=1"/></net>

<net id="1076"><net_src comp="1066" pin="2"/><net_sink comp="1072" pin=0"/></net>

<net id="1077"><net_src comp="702" pin="1"/><net_sink comp="1072" pin=1"/></net>

<net id="1082"><net_src comp="1072" pin="2"/><net_sink comp="1078" pin=0"/></net>

<net id="1083"><net_src comp="720" pin="1"/><net_sink comp="1078" pin=1"/></net>

<net id="1088"><net_src comp="1078" pin="2"/><net_sink comp="1084" pin=0"/></net>

<net id="1089"><net_src comp="738" pin="1"/><net_sink comp="1084" pin=1"/></net>

<net id="1094"><net_src comp="1084" pin="2"/><net_sink comp="1090" pin=0"/></net>

<net id="1095"><net_src comp="756" pin="1"/><net_sink comp="1090" pin=1"/></net>

<net id="1100"><net_src comp="1090" pin="2"/><net_sink comp="1096" pin=0"/></net>

<net id="1101"><net_src comp="774" pin="1"/><net_sink comp="1096" pin=1"/></net>

<net id="1106"><net_src comp="1096" pin="2"/><net_sink comp="1102" pin=0"/></net>

<net id="1107"><net_src comp="792" pin="1"/><net_sink comp="1102" pin=1"/></net>

<net id="1112"><net_src comp="1102" pin="2"/><net_sink comp="1108" pin=0"/></net>

<net id="1113"><net_src comp="810" pin="1"/><net_sink comp="1108" pin=1"/></net>

<net id="1118"><net_src comp="1108" pin="2"/><net_sink comp="1114" pin=0"/></net>

<net id="1119"><net_src comp="828" pin="1"/><net_sink comp="1114" pin=1"/></net>

<net id="1124"><net_src comp="1114" pin="2"/><net_sink comp="1120" pin=0"/></net>

<net id="1125"><net_src comp="846" pin="1"/><net_sink comp="1120" pin=1"/></net>

<net id="1130"><net_src comp="1120" pin="2"/><net_sink comp="1126" pin=0"/></net>

<net id="1131"><net_src comp="864" pin="1"/><net_sink comp="1126" pin=1"/></net>

<net id="1136"><net_src comp="1126" pin="2"/><net_sink comp="1132" pin=0"/></net>

<net id="1137"><net_src comp="882" pin="1"/><net_sink comp="1132" pin=1"/></net>

<net id="1142"><net_src comp="1132" pin="2"/><net_sink comp="1138" pin=0"/></net>

<net id="1143"><net_src comp="900" pin="1"/><net_sink comp="1138" pin=1"/></net>

<net id="1148"><net_src comp="1138" pin="2"/><net_sink comp="1144" pin=0"/></net>

<net id="1149"><net_src comp="918" pin="1"/><net_sink comp="1144" pin=1"/></net>

<net id="1154"><net_src comp="1144" pin="2"/><net_sink comp="1150" pin=0"/></net>

<net id="1155"><net_src comp="936" pin="1"/><net_sink comp="1150" pin=1"/></net>

<net id="1160"><net_src comp="1150" pin="2"/><net_sink comp="1156" pin=0"/></net>

<net id="1161"><net_src comp="954" pin="1"/><net_sink comp="1156" pin=1"/></net>

<net id="1166"><net_src comp="1156" pin="2"/><net_sink comp="1162" pin=0"/></net>

<net id="1167"><net_src comp="972" pin="1"/><net_sink comp="1162" pin=1"/></net>

</net_list>

</model> 
---------------- Datapath Model END ------------------

* FSMD analyzer results:
  - Output states:
 - Input state : 
	Port: relu<ap_fixed<16, 6, 5, 3, 0>, ap_fixed<16, 6, 5, 3, 0>, relu_config7> : data_0_val | {1 }
	Port: relu<ap_fixed<16, 6, 5, 3, 0>, ap_fixed<16, 6, 5, 3, 0>, relu_config7> : data_1_val | {1 }
	Port: relu<ap_fixed<16, 6, 5, 3, 0>, ap_fixed<16, 6, 5, 3, 0>, relu_config7> : data_2_val | {1 }
	Port: relu<ap_fixed<16, 6, 5, 3, 0>, ap_fixed<16, 6, 5, 3, 0>, relu_config7> : data_3_val | {1 }
	Port: relu<ap_fixed<16, 6, 5, 3, 0>, ap_fixed<16, 6, 5, 3, 0>, relu_config7> : data_4_val | {1 }
	Port: relu<ap_fixed<16, 6, 5, 3, 0>, ap_fixed<16, 6, 5, 3, 0>, relu_config7> : data_5_val | {1 }
	Port: relu<ap_fixed<16, 6, 5, 3, 0>, ap_fixed<16, 6, 5, 3, 0>, relu_config7> : data_6_val | {1 }
	Port: relu<ap_fixed<16, 6, 5, 3, 0>, ap_fixed<16, 6, 5, 3, 0>, relu_config7> : data_7_val | {1 }
	Port: relu<ap_fixed<16, 6, 5, 3, 0>, ap_fixed<16, 6, 5, 3, 0>, relu_config7> : data_8_val | {1 }
	Port: relu<ap_fixed<16, 6, 5, 3, 0>, ap_fixed<16, 6, 5, 3, 0>, relu_config7> : data_9_val | {1 }
	Port: relu<ap_fixed<16, 6, 5, 3, 0>, ap_fixed<16, 6, 5, 3, 0>, relu_config7> : data_10_val | {1 }
	Port: relu<ap_fixed<16, 6, 5, 3, 0>, ap_fixed<16, 6, 5, 3, 0>, relu_config7> : data_11_val | {1 }
	Port: relu<ap_fixed<16, 6, 5, 3, 0>, ap_fixed<16, 6, 5, 3, 0>, relu_config7> : data_12_val | {1 }
	Port: relu<ap_fixed<16, 6, 5, 3, 0>, ap_fixed<16, 6, 5, 3, 0>, relu_config7> : data_13_val | {1 }
	Port: relu<ap_fixed<16, 6, 5, 3, 0>, ap_fixed<16, 6, 5, 3, 0>, relu_config7> : data_14_val | {1 }
	Port: relu<ap_fixed<16, 6, 5, 3, 0>, ap_fixed<16, 6, 5, 3, 0>, relu_config7> : data_15_val | {1 }
	Port: relu<ap_fixed<16, 6, 5, 3, 0>, ap_fixed<16, 6, 5, 3, 0>, relu_config7> : data_16_val | {1 }
	Port: relu<ap_fixed<16, 6, 5, 3, 0>, ap_fixed<16, 6, 5, 3, 0>, relu_config7> : data_17_val | {1 }
	Port: relu<ap_fixed<16, 6, 5, 3, 0>, ap_fixed<16, 6, 5, 3, 0>, relu_config7> : data_18_val | {1 }
	Port: relu<ap_fixed<16, 6, 5, 3, 0>, ap_fixed<16, 6, 5, 3, 0>, relu_config7> : data_19_val | {1 }
	Port: relu<ap_fixed<16, 6, 5, 3, 0>, ap_fixed<16, 6, 5, 3, 0>, relu_config7> : data_20_val | {1 }
	Port: relu<ap_fixed<16, 6, 5, 3, 0>, ap_fixed<16, 6, 5, 3, 0>, relu_config7> : data_21_val | {1 }
	Port: relu<ap_fixed<16, 6, 5, 3, 0>, ap_fixed<16, 6, 5, 3, 0>, relu_config7> : data_22_val | {1 }
	Port: relu<ap_fixed<16, 6, 5, 3, 0>, ap_fixed<16, 6, 5, 3, 0>, relu_config7> : data_23_val | {1 }
	Port: relu<ap_fixed<16, 6, 5, 3, 0>, ap_fixed<16, 6, 5, 3, 0>, relu_config7> : data_24_val | {1 }
	Port: relu<ap_fixed<16, 6, 5, 3, 0>, ap_fixed<16, 6, 5, 3, 0>, relu_config7> : data_25_val | {1 }
	Port: relu<ap_fixed<16, 6, 5, 3, 0>, ap_fixed<16, 6, 5, 3, 0>, relu_config7> : data_26_val | {1 }
	Port: relu<ap_fixed<16, 6, 5, 3, 0>, ap_fixed<16, 6, 5, 3, 0>, relu_config7> : data_27_val | {1 }
	Port: relu<ap_fixed<16, 6, 5, 3, 0>, ap_fixed<16, 6, 5, 3, 0>, relu_config7> : data_28_val | {1 }
	Port: relu<ap_fixed<16, 6, 5, 3, 0>, ap_fixed<16, 6, 5, 3, 0>, relu_config7> : data_29_val | {1 }
	Port: relu<ap_fixed<16, 6, 5, 3, 0>, ap_fixed<16, 6, 5, 3, 0>, relu_config7> : data_30_val | {1 }
	Port: relu<ap_fixed<16, 6, 5, 3, 0>, ap_fixed<16, 6, 5, 3, 0>, relu_config7> : data_31_val | {1 }
  - Chain level:
	State 1
		datareg : 1
		zext_ln45 : 2
		datareg_1 : 1
		zext_ln45_1 : 2
		datareg_2 : 1
		zext_ln45_2 : 2
		datareg_3 : 1
		zext_ln45_3 : 2
		datareg_4 : 1
		zext_ln45_4 : 2
		datareg_5 : 1
		zext_ln45_5 : 2
		datareg_6 : 1
		zext_ln45_6 : 2
		datareg_7 : 1
		zext_ln45_7 : 2
		datareg_8 : 1
		zext_ln45_8 : 2
		datareg_9 : 1
		zext_ln45_9 : 2
		datareg_10 : 1
		zext_ln45_10 : 2
		datareg_11 : 1
		zext_ln45_11 : 2
		datareg_12 : 1
		zext_ln45_12 : 2
		datareg_13 : 1
		zext_ln45_13 : 2
		datareg_14 : 1
		zext_ln45_14 : 2
		datareg_15 : 1
		zext_ln45_15 : 2
		datareg_16 : 1
		zext_ln45_16 : 2
		datareg_17 : 1
		zext_ln45_17 : 2
		datareg_18 : 1
		zext_ln45_18 : 2
		datareg_19 : 1
		zext_ln45_19 : 2
		datareg_20 : 1
		zext_ln45_20 : 2
		datareg_21 : 1
		zext_ln45_21 : 2
		datareg_22 : 1
		zext_ln45_22 : 2
		datareg_23 : 1
		zext_ln45_23 : 2
		datareg_24 : 1
		zext_ln45_24 : 2
		datareg_25 : 1
		zext_ln45_25 : 2
		datareg_26 : 1
		zext_ln45_26 : 2
		datareg_27 : 1
		zext_ln45_27 : 2
		datareg_28 : 1
		zext_ln45_28 : 2
		datareg_29 : 1
		zext_ln45_29 : 2
		datareg_30 : 1
		zext_ln45_30 : 2
		datareg_31 : 1
		zext_ln45_31 : 2
		mrv : 3
		mrv_1 : 4
		mrv_2 : 5
		mrv_3 : 6
		mrv_4 : 7
		mrv_5 : 8
		mrv_6 : 9
		mrv_7 : 10
		mrv_8 : 11
		mrv_9 : 12
		mrv_s : 13
		mrv_10 : 14
		mrv_11 : 15
		mrv_12 : 16
		mrv_13 : 17
		mrv_14 : 18
		mrv_15 : 19
		mrv_16 : 20
		mrv_17 : 21
		mrv_18 : 22
		mrv_19 : 23
		mrv_20 : 24
		mrv_21 : 25
		mrv_22 : 26
		mrv_23 : 27
		mrv_24 : 28
		mrv_25 : 29
		mrv_26 : 30
		mrv_27 : 31
		mrv_28 : 32
		mrv_29 : 33
		mrv_30 : 34
		ret_ln50 : 35


============================================================
+ Verbose Summary: Datapath Resource usage 
============================================================

* Functional unit list:
|----------|------------------------------|---------|---------|
| Operation|        Functional Unit       |    FF   |   LUT   |
|----------|------------------------------|---------|---------|
|          |       icmp_ln45_fu_400       |    0    |    23   |
|          |      icmp_ln45_1_fu_418      |    0    |    23   |
|          |      icmp_ln45_2_fu_436      |    0    |    23   |
|          |      icmp_ln45_3_fu_454      |    0    |    23   |
|          |      icmp_ln45_4_fu_472      |    0    |    23   |
|          |      icmp_ln45_5_fu_490      |    0    |    23   |
|          |      icmp_ln45_6_fu_508      |    0    |    23   |
|          |      icmp_ln45_7_fu_526      |    0    |    23   |
|          |      icmp_ln45_8_fu_544      |    0    |    23   |
|          |      icmp_ln45_9_fu_562      |    0    |    23   |
|          |      icmp_ln45_10_fu_580     |    0    |    23   |
|          |      icmp_ln45_11_fu_598     |    0    |    23   |
|          |      icmp_ln45_12_fu_616     |    0    |    23   |
|          |      icmp_ln45_13_fu_634     |    0    |    23   |
|          |      icmp_ln45_14_fu_652     |    0    |    23   |
|   icmp   |      icmp_ln45_15_fu_670     |    0    |    23   |
|          |      icmp_ln45_16_fu_688     |    0    |    23   |
|          |      icmp_ln45_17_fu_706     |    0    |    23   |
|          |      icmp_ln45_18_fu_724     |    0    |    23   |
|          |      icmp_ln45_19_fu_742     |    0    |    23   |
|          |      icmp_ln45_20_fu_760     |    0    |    23   |
|          |      icmp_ln45_21_fu_778     |    0    |    23   |
|          |      icmp_ln45_22_fu_796     |    0    |    23   |
|          |      icmp_ln45_23_fu_814     |    0    |    23   |
|          |      icmp_ln45_24_fu_832     |    0    |    23   |
|          |      icmp_ln45_25_fu_850     |    0    |    23   |
|          |      icmp_ln45_26_fu_868     |    0    |    23   |
|          |      icmp_ln45_27_fu_886     |    0    |    23   |
|          |      icmp_ln45_28_fu_904     |    0    |    23   |
|          |      icmp_ln45_29_fu_922     |    0    |    23   |
|          |      icmp_ln45_30_fu_940     |    0    |    23   |
|          |      icmp_ln45_31_fu_958     |    0    |    23   |
|----------|------------------------------|---------|---------|
|          |        datareg_fu_406        |    0    |    15   |
|          |       datareg_1_fu_424       |    0    |    15   |
|          |       datareg_2_fu_442       |    0    |    15   |
|          |       datareg_3_fu_460       |    0    |    15   |
|          |       datareg_4_fu_478       |    0    |    15   |
|          |       datareg_5_fu_496       |    0    |    15   |
|          |       datareg_6_fu_514       |    0    |    15   |
|          |       datareg_7_fu_532       |    0    |    15   |
|          |       datareg_8_fu_550       |    0    |    15   |
|          |       datareg_9_fu_568       |    0    |    15   |
|          |       datareg_10_fu_586      |    0    |    15   |
|          |       datareg_11_fu_604      |    0    |    15   |
|          |       datareg_12_fu_622      |    0    |    15   |
|          |       datareg_13_fu_640      |    0    |    15   |
|          |       datareg_14_fu_658      |    0    |    15   |
|  select  |       datareg_15_fu_676      |    0    |    15   |
|          |       datareg_16_fu_694      |    0    |    15   |
|          |       datareg_17_fu_712      |    0    |    15   |
|          |       datareg_18_fu_730      |    0    |    15   |
|          |       datareg_19_fu_748      |    0    |    15   |
|          |       datareg_20_fu_766      |    0    |    15   |
|          |       datareg_21_fu_784      |    0    |    15   |
|          |       datareg_22_fu_802      |    0    |    15   |
|          |       datareg_23_fu_820      |    0    |    15   |
|          |       datareg_24_fu_838      |    0    |    15   |
|          |       datareg_25_fu_856      |    0    |    15   |
|          |       datareg_26_fu_874      |    0    |    15   |
|          |       datareg_27_fu_892      |    0    |    15   |
|          |       datareg_28_fu_910      |    0    |    15   |
|          |       datareg_29_fu_928      |    0    |    15   |
|          |       datareg_30_fu_946      |    0    |    15   |
|          |       datareg_31_fu_964      |    0    |    15   |
|----------|------------------------------|---------|---------|
|          |  data_31_val_read_read_fu_80 |    0    |    0    |
|          |  data_30_val_read_read_fu_86 |    0    |    0    |
|          |  data_29_val_read_read_fu_92 |    0    |    0    |
|          |  data_28_val_read_read_fu_98 |    0    |    0    |
|          | data_27_val_read_read_fu_104 |    0    |    0    |
|          | data_26_val_read_read_fu_110 |    0    |    0    |
|          | data_25_val_read_read_fu_116 |    0    |    0    |
|          | data_24_val_read_read_fu_122 |    0    |    0    |
|          | data_23_val_read_read_fu_128 |    0    |    0    |
|          | data_22_val_read_read_fu_134 |    0    |    0    |
|          | data_21_val_read_read_fu_140 |    0    |    0    |
|          | data_20_val_read_read_fu_146 |    0    |    0    |
|          | data_19_val_read_read_fu_152 |    0    |    0    |
|          | data_18_val_read_read_fu_158 |    0    |    0    |
|          | data_17_val_read_read_fu_164 |    0    |    0    |
|   read   | data_16_val_read_read_fu_170 |    0    |    0    |
|          | data_15_val_read_read_fu_176 |    0    |    0    |
|          | data_14_val_read_read_fu_182 |    0    |    0    |
|          | data_13_val_read_read_fu_188 |    0    |    0    |
|          | data_12_val_read_read_fu_194 |    0    |    0    |
|          | data_11_val_read_read_fu_200 |    0    |    0    |
|          | data_10_val_read_read_fu_206 |    0    |    0    |
|          |  data_9_val_read_read_fu_212 |    0    |    0    |
|          |  data_8_val_read_read_fu_218 |    0    |    0    |
|          |  data_7_val_read_read_fu_224 |    0    |    0    |
|          |  data_6_val_read_read_fu_230 |    0    |    0    |
|          |  data_5_val_read_read_fu_236 |    0    |    0    |
|          |  data_4_val_read_read_fu_242 |    0    |    0    |
|          |  data_3_val_read_read_fu_248 |    0    |    0    |
|          |  data_2_val_read_read_fu_254 |    0    |    0    |
|          |  data_1_val_read_read_fu_260 |    0    |    0    |
|          |  data_0_val_read_read_fu_266 |    0    |    0    |
|----------|------------------------------|---------|---------|
|          |       trunc_ln42_fu_272      |    0    |    0    |
|          |      trunc_ln42_1_fu_276     |    0    |    0    |
|          |      trunc_ln42_2_fu_280     |    0    |    0    |
|          |      trunc_ln42_3_fu_284     |    0    |    0    |
|          |      trunc_ln42_4_fu_288     |    0    |    0    |
|          |      trunc_ln42_5_fu_292     |    0    |    0    |
|          |      trunc_ln42_6_fu_296     |    0    |    0    |
|          |      trunc_ln42_7_fu_300     |    0    |    0    |
|          |      trunc_ln42_8_fu_304     |    0    |    0    |
|          |      trunc_ln42_9_fu_308     |    0    |    0    |
|          |     trunc_ln42_10_fu_312     |    0    |    0    |
|          |     trunc_ln42_11_fu_316     |    0    |    0    |
|          |     trunc_ln42_12_fu_320     |    0    |    0    |
|          |     trunc_ln42_13_fu_324     |    0    |    0    |
|          |     trunc_ln42_14_fu_328     |    0    |    0    |
|   trunc  |     trunc_ln42_15_fu_332     |    0    |    0    |
|          |     trunc_ln42_16_fu_336     |    0    |    0    |
|          |     trunc_ln42_17_fu_340     |    0    |    0    |
|          |     trunc_ln42_18_fu_344     |    0    |    0    |
|          |     trunc_ln42_19_fu_348     |    0    |    0    |
|          |     trunc_ln42_20_fu_352     |    0    |    0    |
|          |     trunc_ln42_21_fu_356     |    0    |    0    |
|          |     trunc_ln42_22_fu_360     |    0    |    0    |
|          |     trunc_ln42_23_fu_364     |    0    |    0    |
|          |     trunc_ln42_24_fu_368     |    0    |    0    |
|          |     trunc_ln42_25_fu_372     |    0    |    0    |
|          |     trunc_ln42_26_fu_376     |    0    |    0    |
|          |     trunc_ln42_27_fu_380     |    0    |    0    |
|          |     trunc_ln42_28_fu_384     |    0    |    0    |
|          |     trunc_ln42_29_fu_388     |    0    |    0    |
|          |     trunc_ln42_30_fu_392     |    0    |    0    |
|          |     trunc_ln42_31_fu_396     |    0    |    0    |
|----------|------------------------------|---------|---------|
|          |       zext_ln45_fu_414       |    0    |    0    |
|          |      zext_ln45_1_fu_432      |    0    |    0    |
|          |      zext_ln45_2_fu_450      |    0    |    0    |
|          |      zext_ln45_3_fu_468      |    0    |    0    |
|          |      zext_ln45_4_fu_486      |    0    |    0    |
|          |      zext_ln45_5_fu_504      |    0    |    0    |
|          |      zext_ln45_6_fu_522      |    0    |    0    |
|          |      zext_ln45_7_fu_540      |    0    |    0    |
|          |      zext_ln45_8_fu_558      |    0    |    0    |
|          |      zext_ln45_9_fu_576      |    0    |    0    |
|          |      zext_ln45_10_fu_594     |    0    |    0    |
|          |      zext_ln45_11_fu_612     |    0    |    0    |
|          |      zext_ln45_12_fu_630     |    0    |    0    |
|          |      zext_ln45_13_fu_648     |    0    |    0    |
|          |      zext_ln45_14_fu_666     |    0    |    0    |
|   zext   |      zext_ln45_15_fu_684     |    0    |    0    |
|          |      zext_ln45_16_fu_702     |    0    |    0    |
|          |      zext_ln45_17_fu_720     |    0    |    0    |
|          |      zext_ln45_18_fu_738     |    0    |    0    |
|          |      zext_ln45_19_fu_756     |    0    |    0    |
|          |      zext_ln45_20_fu_774     |    0    |    0    |
|          |      zext_ln45_21_fu_792     |    0    |    0    |
|          |      zext_ln45_22_fu_810     |    0    |    0    |
|          |      zext_ln45_23_fu_828     |    0    |    0    |
|          |      zext_ln45_24_fu_846     |    0    |    0    |
|          |      zext_ln45_25_fu_864     |    0    |    0    |
|          |      zext_ln45_26_fu_882     |    0    |    0    |
|          |      zext_ln45_27_fu_900     |    0    |    0    |
|          |      zext_ln45_28_fu_918     |    0    |    0    |
|          |      zext_ln45_29_fu_936     |    0    |    0    |
|          |      zext_ln45_30_fu_954     |    0    |    0    |
|          |      zext_ln45_31_fu_972     |    0    |    0    |
|----------|------------------------------|---------|---------|
|          |          mrv_fu_976          |    0    |    0    |
|          |         mrv_1_fu_982         |    0    |    0    |
|          |         mrv_2_fu_988         |    0    |    0    |
|          |         mrv_3_fu_994         |    0    |    0    |
|          |         mrv_4_fu_1000        |    0    |    0    |
|          |         mrv_5_fu_1006        |    0    |    0    |
|          |         mrv_6_fu_1012        |    0    |    0    |
|          |         mrv_7_fu_1018        |    0    |    0    |
|          |         mrv_8_fu_1024        |    0    |    0    |
|          |         mrv_9_fu_1030        |    0    |    0    |
|          |         mrv_s_fu_1036        |    0    |    0    |
|          |        mrv_10_fu_1042        |    0    |    0    |
|          |        mrv_11_fu_1048        |    0    |    0    |
|          |        mrv_12_fu_1054        |    0    |    0    |
|          |        mrv_13_fu_1060        |    0    |    0    |
|insertvalue|        mrv_14_fu_1066        |    0    |    0    |
|          |        mrv_15_fu_1072        |    0    |    0    |
|          |        mrv_16_fu_1078        |    0    |    0    |
|          |        mrv_17_fu_1084        |    0    |    0    |
|          |        mrv_18_fu_1090        |    0    |    0    |
|          |        mrv_19_fu_1096        |    0    |    0    |
|          |        mrv_20_fu_1102        |    0    |    0    |
|          |        mrv_21_fu_1108        |    0    |    0    |
|          |        mrv_22_fu_1114        |    0    |    0    |
|          |        mrv_23_fu_1120        |    0    |    0    |
|          |        mrv_24_fu_1126        |    0    |    0    |
|          |        mrv_25_fu_1132        |    0    |    0    |
|          |        mrv_26_fu_1138        |    0    |    0    |
|          |        mrv_27_fu_1144        |    0    |    0    |
|          |        mrv_28_fu_1150        |    0    |    0    |
|          |        mrv_29_fu_1156        |    0    |    0    |
|          |        mrv_30_fu_1162        |    0    |    0    |
|----------|------------------------------|---------|---------|
|   Total  |                              |    0    |   1216  |
|----------|------------------------------|---------|---------|

Memories:
N/A

* Register list:
N/A

* Multiplexer (MUX) list: 
|--------|------|------|------|--------|
|  Comp  |  Pin | Size |  BW  | S x BW |
|--------|------|------|------|--------|
|  Total |      |      |      |    0   |
|--------|------|------|------|--------|



* Summary:
+-----------+--------+--------+
|           |   FF   |   LUT  |
+-----------+--------+--------+
|  Function |    0   |  1216  |
|   Memory  |    -   |    -   |
|Multiplexer|    -   |    -   |
|  Register |    -   |    -   |
+-----------+--------+--------+
|   Total   |    0   |  1216  |
+-----------+--------+--------+
